mtllib 146137752.mtl
o Mesh

v -0.11893600225448608 -0.6106810569763184 0.3937329947948456
v -0.0829089879989624 -0.4126390218734741 0.33299800753593445
v -0.14938801527023315 -0.40886199474334717 0.28723400831222534
v -0.24856001138687134 -0.6317089796066284 0.3387700021266937
v 0.1511780023574829 -0.5260800123214722 0.30803900957107544
v 0.15659400820732117 -0.4287570118904114 0.28499799966812134
v 0.09104698896408081 -0.4244779944419861 0.33123600482940674
v 0.10286000370979309 -0.5561109781265259 0.3782219886779785
v 0.1828640103340149 -0.5140670537948608 0.2085539996623993
v 0.18859899044036865 -0.4308450222015381 0.20213499665260315
v 0.2138800024986267 -0.5023030042648315 0.11126399785280228
v 0.18610799312591553 -0.49857598543167114 -0.00266100000590086
v 0.19210898876190186 -0.4310709834098816 0.05022900179028511
v 0.21994999051094055 -0.43286097049713135 0.1209620013833046
v 0.15685001015663147 -0.5117379426956177 -0.1477939933538437
v 0.09867000579833984 -0.5267460346221924 -0.20811599493026733
v 0.09792900085449219 -0.420956015586853 -0.08350200206041336
v 0.15656399726867676 -0.4287710189819336 -0.039820000529289246
v -0.13890498876571655 -0.6090860366821289 -0.18009300529956818
v -0.2535439729690552 -0.6317089796066284 -0.1131260022521019
v -0.14938801527023315 -0.40886199474334717 -0.03697099909186363
v -0.08517897129058838 -0.41143798828125 -0.08468099683523178
v -0.31341302394866943 -0.6367789506912231 0.11582300066947937
v -0.21277999877929688 -0.4047579765319824 0.12513099610805511
v -0.194707989692688 -0.40477997064590454 0.03879899904131889
v -0.2989339828491211 -0.6315109729766846 -0.0038189999759197235
v -0.19615501165390015 -0.40491098165512085 0.2107830047607422
v -0.29921698570251465 -0.6344289779663086 0.23299600183963776
v 0.07781198620796204 -0.8256100416183472 0.2903900146484375
v 0.1763319969177246 -0.7425299882888794 0.21437400579452515
v 0.18244200944900513 -0.6319500207901001 0.3499169945716858
v 0.1496720016002655 -0.7027900218963623 0.4524199962615967
v 0.21525201201438904 -0.7324800491333008 -0.0484439991414547
v 0.23245200514793396 -0.6927800178527832 0.04867900162935257
v 0.0965920090675354 -0.8445999622344971 0.03361399844288826
v 0.0981220006942749 -0.842769980430603 -0.0615370012819767
v -0.07683002948760986 -1.3861900568008423 -0.11456400156021118
v -0.08531999588012695 -1.4265700578689575 0.029965000227093697
v -0.12195998430252075 -1.4334900379180908 0.029301000759005547
v -0.11939001083374023 -1.3895000219345093 -0.12580500543117523
v -0.054889976978302 -1.3967299461364746 0.16563500463962555
v -0.02376002073287964 -1.3662199974060059 0.30435800552368164
v -0.038969993591308594 -1.3747899532318115 0.2687990069389343
v -0.10373002290725708 -1.4150199890136719 0.156809002161026
v 0.4142320156097412 0.1895340085029602 -0.20557600259780884
v 0.5304369926452637 0.3064489960670471 -0.1987379938364029
v 0.5504779815673828 0.2334820032119751 -0.14409799873828888
v 0.46802499890327454 0.1285949945449829 -0.1476300060749054
v 0.5017759799957275 0.09409698843955994 -0.014051999896764755
v 0.5639380216598511 0.1909480094909668 -0.022686999291181564
v 0.574446976184845 0.15764299035072327 0.07255300134420395
v 0.5277600288391113 0.066895991563797 0.0932530015707016
v 0.49796199798583984 0.0973530113697052 0.2208479940891266
v 0.5625309944152832 0.19511398673057556 0.1833679974079132
v 0.5503180027008057 0.23341399431228638 0.2968820035457611
v 0.46731600165367126 0.12836700677871704 0.3530629873275757
v 0.41406700015068054 0.1915990114212036 0.41774699091911316
v 0.5322740077972412 0.30907100439071655 0.3508560061454773
v 0.1781420111656189 0.42611801624298096 0.3945379853248596
v 0.23852300643920898 0.35874301195144653 0.45492100715637207
v 0.4619619846343994 0.5209800004959106 0.37195199728012085
v 0.4345029890537262 0.5995439887046814 0.31355801224708557
v 0.12671801447868347 0.4733229875564575 0.2853589951992035
v 0.4101310074329376 0.659695029258728 0.2159709930419922
v 0.13019001483917236 0.4645560085773468 0.024344999343156815
v 0.11793801188468933 0.4876269996166229 0.15828099846839905
v 0.4100860059261322 0.6751440167427063 0.10014799982309341
v 0.4148309826850891 0.6497620344161987 -0.01597999967634678
v 0.1780790090560913 0.4261559844017029 -0.10271400213241577
v 0.4343329966068268 0.5994870066642761 -0.1257230043411255
v 0.45934000611305237 0.5226600170135498 -0.19312499463558197
v 0.2358500063419342 0.3607580065727234 -0.18500499427318573
v 0.5304369926452637 0.3064489960670471 -0.1987379938364029
v 0.8310680389404297 0.4097619950771332 -0.349386990070343
v 0.8307180404663086 0.31403201818466187 -0.2908880114555359
v 0.5504779815673828 0.2334820032119751 -0.14409799873828888
v 0.8305450081825256 0.2584120035171509 -0.15557099878787994
v 0.8304109573364258 0.21487200260162354 -0.049598000943660736
v 0.8305699825286865 0.2639020085334778 0.07063400000333786
v 0.8307360410690308 0.31403201818466187 0.1936269998550415
v 0.8311159610748291 0.41224199533462524 0.2480500042438507
v 0.8318009972572327 0.6837520003318787 0.26832500100135803
v 0.8322750329971313 0.7928420305252075 0.1985899955034256
v 0.832040011882782 0.8674620389938354 0.08593399822711945
v 0.8325849771499634 0.8920019865036011 -0.0426269993185997
v 0.832190990447998 0.8531520366668701 -0.17420999705791473
v 0.8322559595108032 0.7928320169448853 -0.2859410047531128
v 0.8317270278930664 0.6859019994735718 -0.36067700386047363
v -0.3535900115966797 -0.8865499496459961 0.41499200463294983
v -0.3425599932670593 -1.0834100246429443 0.39474600553512573
v -0.2513899803161621 -1.0490000247955322 0.4568139910697937
v -0.14306002855300903 -0.8360699415206909 0.4845550060272217
v 0.0158270001411438 -0.939520001411438 0.1761550009250641
v 0.019167006015777588 -0.9167799949645996 0.31710800528526306
v -0.07483100891113281 -1.0327399969100952 0.3353480100631714
v -0.09007000923156738 -1.0497989654541016 0.18974199891090393
v -0.36454999446868896 -0.8865499496459961 -0.21531400084495544
v -0.18443000316619873 -0.8339099884033203 -0.30909401178359985
v -0.27438002824783325 -0.9977999925613403 -0.30705198645591736
v -0.36388999223709106 -1.0338000059127808 -0.23689599335193634
v -0.42514002323150635 -0.9023000001907349 0.10644099861383438
v -0.4135599732398987 -0.8906899690628052 -0.05987900123000145
v -0.4023200273513794 -1.0679600238800049 -0.08204899728298187
v -0.40561002492904663 -1.1030700206756592 0.08381099998950958
v -0.41255998611450195 -0.8969600200653076 0.26809200644493103
v -0.3972399830818176 -1.0989500284194946 0.24664099514484406
v 0.012567013502120972 -0.9617500305175781 0.03830299898982048
v -0.10496997833251953 -1.0664889812469482 0.04733999818563461
v -0.10256099700927734 -1.0388799905776978 -0.08981800079345703
v 0.00950700044631958 -0.9419900178909302 -0.06495200097560883
v 0.12957799434661865 -0.2726709842681885 -0.0792120024561882
v 0.1781890094280243 -0.307578980922699 -0.03907100111246109
v 0.2079620063304901 -0.32659298181533813 0.04999899864196777
v 0.23117798566818237 -0.3415449857711792 0.12089499831199646
v 0.20489099621772766 -0.3247720003128052 0.201431006193161
v 0.17803499102592468 -0.307636022567749 0.2843089997768402
v 0.12878099083900452 -0.27141302824020386 0.32340899109840393
v -0.022543013095855713 -0.17991399765014648 0.33279600739479065
v -0.07764297723770142 -0.1433119773864746 0.2880930006504059
v -0.11812198162078857 -0.11858397722244263 0.2127929925918579
v -0.1305980086326599 -0.1092749834060669 0.1278569996356964
v -0.1163790225982666 -0.12081700563430786 0.042107999324798584
v -0.07765001058578491 -0.1433119773864746 -0.03369399905204773
v -0.024567008018493652 -0.17835897207260132 -0.08201199769973755
v 0.04241698980331421 -0.782789945602417 0.512919008731842
v -0.1309800148010254 -1.01419997215271 0.4765529930591583
v -0.24264001846313477 -1.277519941329956 0.3747360110282898
v -0.10598999261856079 -1.3427820205688477 0.33004599809646606
v -0.08222401142120361 -1.3184900283813477 0.4119569957256317
v -0.20143002271652222 -1.2211699485778809 0.4274420142173767
v 0.0055870115756988525 -0.9167599678039551 -0.19685199856758118
v -0.09948098659515381 -1.0036100149154663 -0.2650260031223297
v -0.16610902547836304 -0.9658199548721313 -0.3291819989681244
v -0.02677297592163086 -0.782789945602417 -0.3584040105342865
v 0.08730199933052063 -0.8352099657058716 0.16057400405406952
v 0.2047019898891449 -0.7173800468444824 0.13066500425338745
v 0.21944200992584229 -0.568869948387146 -0.07014700025320053
v 0.2493019998073578 -0.5750600099563599 0.10108800232410431
v 0.2162419855594635 -0.6031899452209473 0.22403700649738312
v 0.20693698525428772 -0.7984210252761841 -0.2804790139198303
v 0.18238899111747742 -0.8738199472427368 -0.2641969919204712
v 0.21847999095916748 -0.8453799486160278 -0.42668500542640686
v 0.25163698196411133 -0.7629510164260864 -0.38587599992752075
v -0.30712002515792847 -1.297629952430725 0.22574500739574432
v -0.1706569790840149 -1.3763920068740845 0.21227599680423737
v -0.31488001346588135 -1.2663400173187256 -0.103473000228405
v -0.1837180256843567 -1.348973035812378 -0.1474979966878891
v -0.18880200386047363 -1.3895800113677979 0.0439319983124733
v -0.3250899910926819 -1.3000500202178955 0.062049999833106995
v -0.11734402179718018 -1.1611299514770508 0.4364109933376312
v -0.048889994621276855 -1.2210099697113037 0.30378198623657227
v 0.19495001435279846 -0.6003919839859009 -0.28835898637771606
v 0.1932620108127594 -0.7831900119781494 -0.1727599948644638
v 0.25163698196411133 -0.7629510164260864 -0.38587599992752075
v 0.1000719964504242 -0.840440034866333 -0.18308499455451965
v 0.15011200308799744 -0.884719967842102 -0.40087801218032837
v 0.11636200547218323 -0.9037799835205078 -0.28001898527145386
v 0.1327419877052307 -0.6421600580215454 -0.3720420002937317
v 0.19495001435279846 -0.6003919839859009 -0.28835898637771606
v 0.25163698196411133 -0.7629510164260864 -0.38587599992752075
v 0.21847999095916748 -0.8453799486160278 -0.42668500542640686
v 0.49214601516723633 0.4163770079612732 0.3977780044078827
v 0.8315080404281616 0.5534420013427734 0.296438992023468
v 0.32250699400901794 0.2772040069103241 0.47742000222206116
v 0.0036509931087493896 -0.41878700256347656 0.354095995426178
v 0.050182998180389404 -0.22549402713775635 0.35302600264549255
v 0.009534001350402832 -0.5895880460739136 0.417385995388031
v 0.15011200308799744 -0.884719967842102 -0.40087801218032837
v 0.15011200308799744 -0.884719967842102 -0.40087801218032837
v -0.02677297592163086 -0.782789945602417 -0.3584040105342865
v -0.021937012672424316 -0.5895919799804688 -0.21273499727249146
v 0.0036329925060272217 -0.41879498958587646 -0.10472600162029266
v 0.050148993730545044 -0.22551000118255615 -0.10257600247859955
v 0.3233940005302429 0.27749598026275635 -0.23072700202465057
v 0.4925999939441681 0.4165470004081726 -0.2269980013370514
v 0.4925999939441681 0.4165470004081726 -0.2269980013370514
v 0.8314809799194336 0.5534319877624512 -0.38880398869514465
v -0.2676200270652771 -1.2339600324630737 -0.25788798928260803
v -0.20155000686645508 -1.2045700550079346 -0.3072899878025055
v -0.06783097982406616 -1.231760025024414 0.17103900015354156
v -0.13109999895095825 -1.2422699928283691 0.04121600091457367
v -0.07965099811553955 -1.2117700576782227 -0.08718600124120712
v 0.01184999942779541 -1.2830990552902222 0.3391540050506592
v -0.004647970199584961 -1.3074760437011719 0.18715299665927887
v -0.03550398349761963 -1.3313109874725342 0.03849500045180321
v -0.015044987201690674 -1.2958049774169922 -0.109095998108387
v -0.14301300048828125 -1.3077830076217651 -0.32317399978637695
v -0.11059099435806274 -1.2918119430541992 -0.3689509928226471
v -0.14757901430130005 -1.1801899671554565 -0.3055419921875
v -0.07107102870941162 -1.172819972038269 -0.2512100040912628
v -0.06532299518585205 -1.282876968383789 -0.35087499022483826
v -0.007713019847869873 -1.2504539489746094 -0.2976300120353699
v -0.035179972648620605 -1.3811299800872803 -0.10471499711275101
v 0.016640007495880127 -1.3370200395584106 -0.08639200031757355
v 0.011379987001419067 -1.3749799728393555 0.03280799835920334
v -0.04316997528076172 -1.418619990348816 0.03072899952530861
v 0.009249985218048096 -1.3611500263214111 0.2935979962348938
v -0.017250001430511475 -1.3902000188827515 0.16070200502872467
v 0.026340007781982422 -1.3446099758148193 0.15262900292873383
v 0.041640013456344604 -1.3135499954223633 0.2751449942588806
v -0.03240698575973511 -1.2953310012817383 0.4068030118942261
v 0.4142320156097412 0.1895340085029602 -0.20557600259780884
v 0.39537400007247925 0.1977669894695282 -0.15220700204372406
v 0.3189709782600403 0.2713389992713928 -0.17336800694465637
v 0.3189709782600403 0.2713389992713928 -0.17336800694465637
v 0.3233940005302429 0.27749598026275635 -0.23072700202465057
v 0.4142320156097412 0.1895340085029602 -0.20557600259780884
v 0.39537400007247925 0.1977669894695282 -0.15220700204372406
v 0.4142320156097412 0.1895340085029602 -0.20557600259780884
v 0.46802499890327454 0.1285949945449829 -0.1476300060749054
v 0.46802499890327454 0.1285949945449829 -0.1476300060749054
v 0.44064098596572876 0.14677399396896362 -0.10361699759960175
v 0.39537400007247925 0.1977669894695282 -0.15220700204372406
v 0.4908849895000458 0.09515699744224548 0.09850200265645981
v 0.4690290093421936 0.11791300773620605 0.008457999676465988
v 0.5017759799957275 0.09409698843955994 -0.014051999896764755
v 0.5017759799957275 0.09409698843955994 -0.014051999896764755
v 0.5277600288391113 0.066895991563797 0.0932530015707016
v 0.4908849895000458 0.09515699744224548 0.09850200265645981
v 0.4400370121002197 0.14657899737358093 0.316428005695343
v 0.46581798791885376 0.1206350028514862 0.20552200078964233
v 0.49796199798583984 0.0973530113697052 0.2208479940891266
v 0.49796199798583984 0.0973530113697052 0.2208479940891266
v 0.46731600165367126 0.12836700677871704 0.3530629873275757
v 0.4400370121002197 0.14657899737358093 0.316428005695343
v 0.3952159881591797 0.19949299097061157 0.3706730008125305
v 0.4400370121002197 0.14657899737358093 0.316428005695343
v 0.46731600165367126 0.12836700677871704 0.3530629873275757
v 0.46731600165367126 0.12836700677871704 0.3530629873275757
v 0.41406700015068054 0.1915990114212036 0.41774699091911316
v 0.3952159881591797 0.19949299097061157 0.3706730008125305
v 0.31823301315307617 0.27109599113464355 0.4206109941005707
v 0.3952159881591797 0.19949299097061157 0.3706730008125305
v 0.41406700015068054 0.1915990114212036 0.41774699091911316
v 0.41406700015068054 0.1915990114212036 0.41774699091911316
v 0.32250699400901794 0.2772040069103241 0.47742000222206116
v 0.31823301315307617 0.27109599113464355 0.4206109941005707
v 0.24759098887443542 0.33931899070739746 0.4018070101737976
v 0.23852300643920898 0.35874301195144653 0.45492100715637207
v 0.1781420111656189 0.42611801624298096 0.3945379853248596
v 0.1781420111656189 0.42611801624298096 0.3945379853248596
v 0.1967960000038147 0.39567601680755615 0.35100600123405457
v 0.24759098887443542 0.33931899070739746 0.4018070101737976
v 0.1967960000038147 0.39567601680755615 0.35100600123405457
v 0.1781420111656189 0.42611801624298096 0.3945379853248596
v 0.12671801447868347 0.4733229875564575 0.2853589951992035
v 0.12671801447868347 0.4733229875564575 0.2853589951992035
v 0.15356698632240295 0.4351769983768463 0.25930699706077576
v 0.1967960000038147 0.39567601680755615 0.35100600123405457
v 0.13019001483917236 0.4645560085773468 0.024344999343156815
v 0.15649598836898804 0.42786699533462524 0.04026800021529198
v 0.14618301391601562 0.44714799523353577 0.15261699259281158
v 0.14618301391601562 0.44714799523353577 0.15261699259281158
v 0.11793801188468933 0.4876269996166229 0.15828099846839905
v 0.13019001483917236 0.4645560085773468 0.024344999343156815
v 0.1780790090560913 0.4261559844017029 -0.10271400213241577
v 0.2358500063419342 0.3607580065727234 -0.18500499427318573
v 0.2453399896621704 0.3410159945487976 -0.13513599336147308
v 0.2453399896621704 0.3410159945487976 -0.13513599336147308
v 0.19674599170684814 0.39570799469947815 -0.06608399748802185
v 0.1780790090560913 0.4261559844017029 -0.10271400213241577
v 0.31167900562286377 0.07660999894142151 -0.11190000176429749
v 0.1788170039653778 -0.12484002113342285 -0.06765799969434738
v 0.10591000318527222 -0.07325500249862671 -0.08610899746417999
v 0.24367201328277588 0.14296600222587585 -0.13080400228500366
v 0.35220301151275635 0.030315011739730835 -0.07019799947738647
v 0.22312700748443604 -0.16225498914718628 -0.03040900081396103
v 0.3969480097293854 -0.016386985778808594 0.10460600256919861
v 0.27140000462532043 -0.19920402765274048 0.12553399801254272
v 0.2503349781036377 -0.18290501832962036 0.0559610016644001
v 0.3774769902229309 0.004206985235214233 0.026666000485420227
v 0.22254899144172668 -0.16248399019241333 0.2895900011062622
v 0.24727800488471985 -0.18100601434707642 0.20608100295066833
v 0.3745790123939514 0.006644994020462036 0.196726992726326
v 0.3515869975090027 0.030093014240264893 0.29230499267578125
v 0.17783701419830322 -0.12364500761032104 0.3303290009498596
v 0.3113340139389038 0.07815200090408325 0.33891698718070984
v 0.10562500357627869 -0.07336002588272095 0.3635610044002533
v 0.2430950105190277 0.14276498556137085 0.3807080090045929
v -0.01073002815246582 0.016115009784698486 0.30292800068855286
v 0.038632988929748535 -0.023823022842407227 0.34730198979377747
v 0.18017300963401794 0.20459899306297302 0.3652310073375702
v 0.13486400246620178 0.25547999143600464 0.3198719918727875
v -0.04974597692489624 0.04491400718688965 0.23007600009441376
v 0.09663701057434082 0.2913439869880676 0.2396160066127777
v -0.058799028396606445 0.05327498912811279 0.14671899378299713
v 0.09006801247596741 0.3022419810295105 0.14669199287891388
v 0.09934398531913757 0.2850490212440491 0.04987100139260292
v -0.04737001657485962 0.040616005659103394 0.06063200160861015
v -0.01073002815246582 0.016115009784698486 -0.013647999614477158
v 0.1348550021648407 0.2555130124092102 -0.03937400132417679
v 0.17814400792121887 0.20628198981285095 -0.09912899881601334
v 0.036534011363983154 -0.022135019302368164 -0.06386400014162064
v 0.49214601516723633 0.4163770079612732 0.3977780044078827
v 0.8315080404281616 0.5534420013427734 0.296438992023468
v 0.32250699400901794 0.2772040069103241 0.47742000222206116
v 0.31823301315307617 0.27109599113464355 0.4206109941005707
v 0.32250699400901794 0.2772040069103241 0.47742000222206116
v 0.23852300643920898 0.35874301195144653 0.45492100715637207
v 0.23852300643920898 0.35874301195144653 0.45492100715637207
v 0.24759098887443542 0.33931899070739746 0.4018070101737976
v 0.31823301315307617 0.27109599113464355 0.4206109941005707
v -0.1309800148010254 -1.01419997215271 0.4765529930591583
v 0.04241698980331421 -0.782789945602417 0.512919008731842
v -0.11734402179718018 -1.1611299514770508 0.4364109933376312
v -0.03240698575973511 -1.2953310012817383 0.4068030118942261
v -0.017250001430511475 -1.3902000188827515 0.16070200502872467
v 0.009249985218048096 -1.3611500263214111 0.2935979962348938
v -0.035179972648620605 -1.3811299800872803 -0.10471499711275101
v -0.04316997528076172 -1.418619990348816 0.03072899952530861
v -0.14757901430130005 -1.1801899671554565 -0.3055419921875
v -0.06532299518585205 -1.282876968383789 -0.35087499022483826
v -0.16610902547836304 -0.9658199548721313 -0.3291819989681244
v 0.2358500063419342 0.3607580065727234 -0.18500499427318573
v 0.3233940005302429 0.27749598026275635 -0.23072700202465057
v 0.3189709782600403 0.2713389992713928 -0.17336800694465637
v 0.3189709782600403 0.2713389992713928 -0.17336800694465637
v 0.2453399896621704 0.3410159945487976 -0.13513599336147308
v 0.2358500063419342 0.3607580065727234 -0.18500499427318573
v 0.574446976184845 0.15764299035072327 0.07255300134420395
v 0.8304109573364258 0.21487200260162354 -0.049598000943660736
v 0.5277600288391113 0.066895991563797 0.0932530015707016
v 0.4908849895000458 0.09515699744224548 0.09850200265645981
v 0.5277600288391113 0.066895991563797 0.0932530015707016
v 0.49796199798583984 0.0973530113697052 0.2208479940891266
v 0.49796199798583984 0.0973530113697052 0.2208479940891266
v 0.46581798791885376 0.1206350028514862 0.20552200078964233
v 0.4908849895000458 0.09515699744224548 0.09850200265645981
v 0.27140000462532043 -0.19920402765274048 0.12553399801254272
v 0.3969480097293854 -0.016386985778808594 0.10460600256919861
v 0.23117798566818237 -0.3415449857711792 0.12089499831199646
v 0.21994999051094055 -0.43286097049713135 0.1209620013833046
v 0.2138800024986267 -0.5023030042648315 0.11126399785280228
v 0.15356698632240295 0.4351769983768463 0.25930699706077576
v 0.12671801447868347 0.4733229875564575 0.2853589951992035
v 0.11793801188468933 0.4876269996166229 0.15828099846839905
v 0.11793801188468933 0.4876269996166229 0.15828099846839905
v 0.14618301391601562 0.44714799523353577 0.15261699259281158
v 0.15356698632240295 0.4351769983768463 0.25930699706077576
v 0.8307180404663086 0.31403201818466187 -0.2908880114555359
v 0.44064098596572876 0.14677399396896362 -0.10361699759960175
v 0.46802499890327454 0.1285949945449829 -0.1476300060749054
v 0.5017759799957275 0.09409698843955994 -0.014051999896764755
v 0.5017759799957275 0.09409698843955994 -0.014051999896764755
v 0.4690290093421936 0.11791300773620605 0.008457999676465988
v 0.44064098596572876 0.14677399396896362 -0.10361699759960175
v -0.024980008602142334 -1.333240032196045 -0.27773401141166687
v 0.023360013961791992 -1.2885299921035767 -0.23865999281406403
v -0.024980008602142334 -1.333240032196045 -0.27773401141166687
v -0.06598001718521118 -1.3345999717712402 -0.2991879880428314
v -0.08190000057220459 -1.3439899682998657 -0.2669140100479126
v 0.19674599170684814 0.39570799469947815 -0.06608399748802185
v 0.15649598836898804 0.42786699533462524 0.04026800021529198
v 0.13019001483917236 0.4645560085773468 0.024344999343156815
v 0.13019001483917236 0.4645560085773468 0.024344999343156815
v 0.1780790090560913 0.4261559844017029 -0.10271400213241577
v 0.19674599170684814 0.39570799469947815 -0.06608399748802185
v 0.8307180404663086 0.31403201818466187 -0.2908880114555359
v 0.8310680389404297 0.4097619950771332 -0.349386990070343
v 0.8314989805221558 0.5534319877624512 -0.0461839996278286
v 0.8304109573364258 0.21487200260162354 -0.049598000943660736
v 0.8305450081825256 0.2584120035171509 -0.15557099878787994
v 0.8307360410690308 0.31403201818466187 0.1936269998550415
v 0.8305699825286865 0.2639020085334778 0.07063400000333786
v 0.8311159610748291 0.41224199533462524 0.2480500042438507
v 0.8322750329971313 0.7928420305252075 0.1985899955034256
v 0.8318009972572327 0.6837520003318787 0.26832500100135803
v 0.8325849771499634 0.8920019865036011 -0.0426269993185997
v 0.832040011882782 0.8674620389938354 0.08593399822711945
v 0.8322559595108032 0.7928320169448853 -0.2859410047531128
v 0.832190990447998 0.8531520366668701 -0.17420999705791473
v 0.8314809799194336 0.5534319877624512 -0.38880398869514465
v 0.8317270278930664 0.6859019994735718 -0.36067700386047363
v 0.8315080404281616 0.5534420013427734 0.296438992023468
v 0.19674599170684814 0.39570799469947815 -0.06608399748802185
v 0.2453399896621704 0.3410159945487976 -0.13513599336147308
v 0.15649598836898804 0.42786699533462524 0.04026800021529198
v 0.14618301391601562 0.44714799523353577 0.15261699259281158
v 0.15356698632240295 0.4351769983768463 0.25930699706077576
v 0.1967960000038147 0.39567601680755615 0.35100600123405457
v 0.24759098887443542 0.33931899070739746 0.4018070101737976
v 0.31823301315307617 0.27109599113464355 0.4206109941005707
v 0.3952159881591797 0.19949299097061157 0.3706730008125305
v 0.4400370121002197 0.14657899737358093 0.316428005695343
v 0.46581798791885376 0.1206350028514862 0.20552200078964233
v 0.4908849895000458 0.09515699744224548 0.09850200265645981
v 0.4690290093421936 0.11791300773620605 0.008457999676465988
v 0.4908849895000458 0.09515699744224548 0.09850200265645981
v 0.44064098596572876 0.14677399396896362 -0.10361699759960175
v 0.39537400007247925 0.1977669894695282 -0.15220700204372406
v 0.3189709782600403 0.2713389992713928 -0.17336800694465637
v 0.1496720016002655 -0.7027900218963623 0.4524199962615967
v 0.18244200944900513 -0.6319500207901001 0.3499169945716858
v 0.2162419855594635 -0.6031899452209473 0.22403700649738312
v 0.2493019998073578 -0.5750600099563599 0.10108800232410431
v 0.2493019998073578 -0.5750600099563599 0.10108800232410431
v 0.21944200992584229 -0.568869948387146 -0.07014700025320053
v 0.009249985218048096 -1.3611500263214111 0.2935979962348938
v -0.024980008602142334 -1.333240032196045 -0.27773401141166687
v -0.024980008602142334 -1.333240032196045 -0.27773401141166687
v -0.06598001718521118 -1.3345999717712402 -0.2991879880428314
v -0.02376002073287964 -1.3662199974060059 0.30435800552368164
v 0.009249985218048096 -1.3611500263214111 0.2935979962348938
v -0.05445599555969238 -1.373358964920044 0.19757500290870667
v -0.03752899169921875 -1.4207119941711426 0.19442600011825562
v -0.028851985931396484 -1.4178580045700073 0.22013099491596222
v -0.04577898979187012 -1.3705049753189087 0.22327999770641327
v -0.05445599555969238 -1.373358964920044 0.19757500290870667
v -0.044566988945007324 -1.366729974746704 0.17303000390529633
v -0.027640998363494873 -1.4140830039978027 0.1698800027370453
v -0.03752899169921875 -1.4207119941711426 0.19442600011825562
v -0.044566988945007324 -1.366729974746704 0.17303000390529633
v -0.021906018257141113 -1.3545010089874268 0.1640229970216751
v -0.004980027675628662 -1.4018540382385254 0.16087299585342407
v -0.027640998363494873 -1.4140830039978027 0.1698800027370453
v -0.021906018257141113 -1.3545010089874268 0.1640229970216751
v 0.0002529919147491455 -1.3438359498977661 0.17583000659942627
v 0.017179012298583984 -1.3911889791488647 0.17268100380897522
v -0.004980027675628662 -1.4018540382385254 0.16087299585342407
v 0.0002529919147491455 -1.3438359498977661 0.17583000659942627
v 0.008929997682571411 -1.3409819602966309 0.20153500139713287
v 0.025855988264083862 -1.3883349895477295 0.19838599860668182
v 0.017179012298583984 -1.3911889791488647 0.17268100380897522
v -0.0009589791297912598 -1.3476109504699707 0.2260809987783432
v 0.015967994928359985 -1.3949639797210693 0.22293099761009216
v 0.025855988264083862 -1.3883349895477295 0.19838599860668182
v 0.008929997682571411 -1.3409819602966309 0.20153500139713287
v -0.023618996143341064 -1.3598400354385376 0.23508800566196442
v -0.006693005561828613 -1.4071929454803467 0.23193800449371338
v 0.015967994928359985 -1.3949639797210693 0.22293099761009216
v -0.0009589791297912598 -1.3476109504699707 0.2260809987783432
v -0.04577898979187012 -1.3705049753189087 0.22327999770641327
v -0.028851985931396484 -1.4178580045700073 0.22013099491596222
v -0.006693005561828613 -1.4071929454803467 0.23193800449371338
v -0.023618996143341064 -1.3598400354385376 0.23508800566196442
v 0.020709991455078125 -1.4239710569381714 0.20663300156593323
v 0.0186769962310791 -1.428164005279541 0.19444400072097778
v 0.04952099919319153 -1.4157600402832031 0.19094699621200562
v 0.0186769962310791 -1.428164005279541 0.19444400072097778
v 0.02082499861717224 -1.4232909679412842 0.18253199756145477
v 0.04952099919319153 -1.4157600402832031 0.19094699621200562
v 0.02082499861717224 -1.4232909679412842 0.18253199756145477
v 0.025896012783050537 -1.4122079610824585 0.17787300050258636
v 0.04952099919319153 -1.4157600402832031 0.19094699621200562
v 0.030918985605239868 -1.4014060497283936 0.1831970065832138
v 0.030918985605239868 -1.4014060497283936 0.1831970065832138
v 0.03295201063156128 -1.3972129821777344 0.19538499414920807
v 0.04952099919319153 -1.4157600402832031 0.19094699621200562
v 0.03295201063156128 -1.3972129821777344 0.19538499414920807
v 0.03080400824546814 -1.4020849466323853 0.20729799568653107
v 0.04952099919319153 -1.4157600402832031 0.19094699621200562
v 0.03080400824546814 -1.4020849466323853 0.20729799568653107
v 0.025734007358551025 -1.413169026374817 0.21195699274539948
v 0.04952099919319153 -1.4157600402832031 0.19094699621200562
v -0.027640998363494873 -1.4140830039978027 0.1698800027370453
v -0.03752899169921875 -1.4207119941711426 0.19442600011825562
v -0.028851985931396484 -1.4178580045700073 0.22013099491596222
v -0.09503000974655151 -1.401218056678772 0.012783000245690346
v -0.07584899663925171 -1.4548790454864502 0.009213999845087528
v -0.06601601839065552 -1.451645016670227 0.038343001157045364
v -0.08519697189331055 -1.3979849815368652 0.04191200062632561
v -0.09503000974655151 -1.401218056678772 0.012783000245690346
v -0.0838249921798706 -1.39370596408844 -0.015031999908387661
v -0.0646439790725708 -1.4473669528961182 -0.01860100030899048
v -0.07584899663925171 -1.4548790454864502 0.009213999845087528
v -0.0838249921798706 -1.39370596408844 -0.015031999908387661
v -0.058144986629486084 -1.3798489570617676 -0.025239000096917152
v -0.03896397352218628 -1.4335089921951294 -0.02880699932575226
v -0.0646439790725708 -1.4473669528961182 -0.01860100030899048
v -0.058144986629486084 -1.3798489570617676 -0.025239000096917152
v -0.03303402662277222 -1.3677630424499512 -0.011858000420033932
v -0.013854026794433594 -1.4214229583740234 -0.015426999889314175
v -0.03896397352218628 -1.4335089921951294 -0.02880699932575226
v -0.03303402662277222 -1.3677630424499512 -0.011858000420033932
v -0.02320098876953125 -1.364529013633728 0.017271000891923904
v -0.004020988941192627 -1.4181890487670898 0.013701999559998512
v -0.013854026794433594 -1.4214229583740234 -0.015426999889314175
v -0.03440701961517334 -1.3720409870147705 0.04508600011467934
v -0.015226006507873535 -1.4257010221481323 0.041517000645399094
v -0.004020988941192627 -1.4181890487670898 0.013701999559998512
v -0.02320098876953125 -1.364529013633728 0.017271000891923904
v -0.06008601188659668 -1.3858989477157593 0.055291999131441116
v -0.04090601205825806 -1.439558982849121 0.05172299966216087
v -0.015226006507873535 -1.4257010221481323 0.041517000645399094
v -0.03440701961517334 -1.3720409870147705 0.04508600011467934
v -0.08519697189331055 -1.3979849815368652 0.04191200062632561
v -0.06601601839065552 -1.451645016670227 0.038343001157045364
v -0.04090601205825806 -1.439558982849121 0.05172299966216087
v -0.06008601188659668 -1.3858989477157593 0.055291999131441116
v -0.009851992130279541 -1.4585720300674438 0.02304700016975403
v -0.012156009674072266 -1.4633229970932007 0.009235000237822533
v 0.02279600501060486 -1.449267029762268 0.0052720000967383385
v -0.012156009674072266 -1.4633229970932007 0.009235000237822533
v -0.009721994400024414 -1.4578020572662354 -0.004263999871909618
v 0.02279600501060486 -1.449267029762268 0.0052720000967383385
v -0.009721994400024414 -1.4578020572662354 -0.004263999871909618
v -0.003975987434387207 -1.4452420473098755 -0.009544000029563904
v 0.02279600501060486 -1.449267029762268 0.0052720000967383385
v 0.0017159879207611084 -1.4330010414123535 -0.0035099999513477087
v 0.0017159879207611084 -1.4330010414123535 -0.0035099999513477087
v 0.004020005464553833 -1.4282490015029907 0.010301000438630581
v 0.02279600501060486 -1.449267029762268 0.0052720000967383385
v 0.004020005464553833 -1.4282490015029907 0.010301000438630581
v 0.0015859901905059814 -1.433771014213562 0.02380100078880787
v 0.02279600501060486 -1.449267029762268 0.0052720000967383385
v 0.0015859901905059814 -1.433771014213562 0.02380100078880787
v -0.004158973693847656 -1.4463310241699219 0.029079999774694443
v 0.02279600501060486 -1.449267029762268 0.0052720000967383385
v -0.0646439790725708 -1.4473669528961182 -0.01860100030899048
v -0.07584899663925171 -1.4548790454864502 0.009213999845087528
v -0.06601601839065552 -1.451645016670227 0.038343001157045364
v -0.08257001638412476 -1.3393700122833252 -0.15989899635314941
v -0.06272000074386597 -1.3948999643325806 -0.16359199583530426
v -0.05254000425338745 -1.3915599584579468 -0.13344499468803406
v -0.07239997386932373 -1.3360199928283691 -0.12975099682807922
v -0.08257001638412476 -1.3393700122833252 -0.15989899635314941
v -0.07096999883651733 -1.3315900564193726 -0.18868599832057953
v -0.051119983196258545 -1.3871300220489502 -0.19237999618053436
v -0.06272000074386597 -1.3948999643325806 -0.16359199583530426
v -0.07096999883651733 -1.3315900564193726 -0.18868599832057953
v -0.04439997673034668 -1.3172500133514404 -0.1992499977350235
v -0.024550020694732666 -1.372789978981018 -0.20294299721717834
v -0.051119983196258545 -1.3871300220489502 -0.19237999618053436
v -0.04439997673034668 -1.3172500133514404 -0.1992499977350235
v -0.018410027027130127 -1.3047399520874023 -0.1854020059108734
v 0.0014399886131286621 -1.3602800369262695 -0.18909500539302826
v -0.024550020694732666 -1.372789978981018 -0.20294299721717834
v -0.018410027027130127 -1.3047399520874023 -0.1854020059108734
v -0.008229970932006836 -1.3013900518417358 -0.15525400638580322
v 0.011619985103607178 -1.3569300174713135 -0.15894700586795807
v 0.0014399886131286621 -1.3602800369262695 -0.18909500539302826
v -0.019829988479614258 -1.3091700077056885 -0.12646600604057312
v 1.9997358322143555e-05 -1.3647099733352661 -0.13016000390052795
v 0.011619985103607178 -1.3569300174713135 -0.15894700586795807
v -0.008229970932006836 -1.3013900518417358 -0.15525400638580322
v -0.04641002416610718 -1.3235100507736206 -0.11590299755334854
v -0.02656000852584839 -1.3790500164031982 -0.11959599703550339
v 1.9997358322143555e-05 -1.3647099733352661 -0.13016000390052795
v -0.019829988479614258 -1.3091700077056885 -0.12646600604057312
v -0.07239997386932373 -1.3360199928283691 -0.12975099682807922
v -0.05254000425338745 -1.3915599584579468 -0.13344499468803406
v -0.02656000852584839 -1.3790500164031982 -0.11959599703550339
v -0.04641002416610718 -1.3235100507736206 -0.11590299755334854
v 0.005580008029937744 -1.3987300395965576 -0.149276003241539
v 0.0031999945640563965 -1.4036400318145752 -0.16357000172138214
v 0.03937000036239624 -1.3890999555587769 -0.1676730066537857
v 0.0031999945640563965 -1.4036400318145752 -0.16357000172138214
v 0.005719989538192749 -1.3979300260543823 -0.17754200100898743
v 0.03937000036239624 -1.3890999555587769 -0.1676730066537857
v 0.005719989538192749 -1.3979300260543823 -0.17754200100898743
v 0.01166999340057373 -1.3849300146102905 -0.18300600349903107
v 0.03937000036239624 -1.3890999555587769 -0.1676730066537857
v 0.01756000518798828 -1.3722599744796753 -0.17676199972629547
v 0.01756000518798828 -1.3722599744796753 -0.17676199972629547
v 0.01993998885154724 -1.3673399686813354 -0.16246700286865234
v 0.03937000036239624 -1.3890999555587769 -0.1676730066537857
v 0.01993998885154724 -1.3673399686813354 -0.16246700286865234
v 0.01741999387741089 -1.3730599880218506 -0.14849600195884705
v 0.03937000036239624 -1.3890999555587769 -0.1676730066537857
v 0.01741999387741089 -1.3730599880218506 -0.14849600195884705
v 0.011480003595352173 -1.3860599994659424 -0.1430319994688034
v 0.03937000036239624 -1.3890999555587769 -0.1676730066537857
v -0.051119983196258545 -1.3871300220489502 -0.19237999618053436
v -0.06272000074386597 -1.3948999643325806 -0.16359199583530426
v -0.05254000425338745 -1.3915599584579468 -0.13344499468803406

vn -0.3327769935131073 0.3701240122318268 0.8673329949378967
vn -0.39761999249458313 0.22724300622940063 0.8889650106430054
vn -0.6755120158195496 0.3043999969959259 0.6715840101242065
vn -0.6406450271606445 0.4288249909877777 0.6369320154190063
vn 0.8093649744987488 0.2874760031700134 0.5121380090713501
vn 0.8011159896850586 -0.027831999585032463 0.5978609919548035
vn 0.4394330084323883 0.12193799763917923 0.889959990978241
vn 0.46213001012802124 0.42141199111938477 0.7802870273590088
vn 0.927344024181366 0.182559996843338 0.3266569972038269
vn 0.9327250123023987 -0.09538400173187256 0.3477430045604706
vn 0.9771850109100342 0.20847199857234955 0.0406000018119812
vn 0.9047279953956604 0.36139100790023804 -0.2255299985408783
vn 0.941923975944519 -0.019394999369978905 -0.33526599407196045
vn 0.9942119717597961 -0.10669899731874466 0.012587999925017357
vn 0.6228790283203125 0.6776700019836426 -0.39087599515914917
vn 0.01921200007200241 0.7680619955062866 -0.6400880217552185
vn 0.4091799855232239 0.38071098923683167 -0.8292350172996521
vn 0.8440520167350769 0.16477200388908386 -0.5103189945220947
vn -0.4240710139274597 0.5101159811019897 -0.7482950091362
vn -0.6892600059509277 0.49680599570274353 -0.5273560285568237
vn -0.6978099942207336 0.3503659963607788 -0.6247429847717285
vn -0.40244200825691223 0.328235000371933 -0.8545770049095154
vn -0.9152820110321045 0.40279701352119446 -0.0037380000576376915
vn -0.9393349885940552 0.3428409993648529 -0.010432000271975994
vn -0.8763200044631958 0.3437969982624054 -0.33744099736213684
vn -0.8700360059738159 0.44124600291252136 -0.21986199915409088
vn -0.87676602602005 0.3437039852142334 0.33637601137161255
vn -0.8766189813613892 0.4164719879627228 0.24101999402046204
vn 0.8019999861717224 -0.572924017906189 0.16898100078105927
vn 0.8204330205917358 -0.5348190069198608 0.20213599503040314
vn 0.9171590209007263 0.06338199973106384 0.39344900846481323
vn 0.7640399932861328 -0.0693809986114502 0.6414279937744141
vn 0.9144139885902405 -0.404556006193161 -0.013504000380635262
vn 0.9358900189399719 -0.3507629930973053 0.03278699889779091
vn 0.7581639885902405 -0.6508690118789673 0.03946100175380707
vn 0.6973350048065186 -0.716376006603241 0.023022999987006187
vn 0.1597210019826889 -0.9520949721336365 -0.26077601313591003
vn 0.19487600028514862 -0.9791539907455444 -0.05727300047874451
vn -0.20781199634075165 -0.9762849807739258 -0.060679998248815536
vn -0.18650299310684204 -0.9399610161781311 -0.2858160138130188
vn 0.25508400797843933 -0.9538779854774475 0.15827099978923798
vn 0.10954400151968002 -0.9200270175933838 0.37623101472854614
vn -0.010909000411629677 -0.9638739824295044 0.26613500714302063
vn -0.05586899816989899 -0.976078987121582 0.21011599898338318
vn 0.33220601081848145 -0.25123700499534607 -0.9091309905052185
vn 0.29553499817848206 -0.27047500014305115 -0.9162439703941345
vn 0.4424459934234619 -0.7125409841537476 -0.5445430278778076
vn 0.6615399718284607 -0.4823800027370453 -0.5741729736328125
vn 0.7934560179710388 -0.5209789872169495 -0.3146570026874542
vn 0.45984500646591187 -0.8159350156784058 -0.35041800141334534
vn 0.6446809768676758 -0.764398992061615 0.009011000394821167
vn 0.8809019923210144 -0.473114013671875 0.013237999752163887
vn 0.8385120034217834 -0.46184900403022766 0.2891240119934082
vn 0.6475120186805725 -0.6936759948730469 0.31550198793411255
vn 0.6381570100784302 -0.5173640251159668 0.5701670050621033
vn 0.7688990235328674 -0.3078329861164093 0.5603870153427124
vn 0.5990579724311829 -0.11713699996471405 0.7920910120010376
vn 0.5088549852371216 -0.27823901176452637 0.8146470189094543
vn -0.2500300109386444 0.6940690279006958 0.6750950217247009
vn -0.004023000132292509 0.4813700020313263 0.8765079975128174
vn 0.029965000227093697 0.44447898864746094 0.8952879905700684
vn -0.19575899839401245 0.6941969990730286 0.6926530003547668
vn -0.447035014629364 0.8237940073013306 0.34860000014305115
vn -0.39139899611473083 0.8522769808769226 0.34703201055526733
vn -0.5511789917945862 0.7799599766731262 -0.2964189946651459
vn -0.5446209907531738 0.8385339975357056 -0.015783999115228653
vn -0.4984210133552551 0.8662970066070557 -0.033257000148296356
vn -0.5303829908370972 0.7886769771575928 -0.3109390139579773
vn -0.4922739863395691 0.6563670039176941 -0.571707010269165
vn -0.5121210217475891 0.6370609998703003 -0.5760949850082397
vn -0.4276149868965149 0.3640649914741516 -0.8274070024490356
vn -0.3323180079460144 0.42836400866508484 -0.8402789831161499
vn -0.26974499225616455 -0.4927870035171509 -0.8272839784622192
vn -0.3031190037727356 -0.3517659902572632 -0.8856520056724548
vn -0.23802199959754944 -0.5226730108261108 -0.8186320066452026
vn -0.21518200635910034 -0.6225399971008301 -0.7524240016937256
vn 0.05963800102472305 -0.9257010221481323 -0.3735249936580658
vn 0.17857599258422852 -0.9781529903411865 -0.10642900317907333
vn 0.3643780052661896 -0.8634459972381592 0.34883999824523926
vn 0.41310998797416687 -0.6942970156669617 0.5893149971961975
vn 0.4019100069999695 -0.36060601472854614 0.8416839838027954
vn 0.050953999161720276 0.43406999111175537 0.8994370102882385
vn -0.1636040061712265 0.7344909906387329 0.6586019992828369
vn -0.34963399171829224 0.8855819702148438 0.30577901005744934
vn -0.47012901306152344 0.8795790076255798 -0.07293800264596939
vn -0.5153449773788452 0.7887369990348816 -0.3351309895515442
vn -0.5334650278091431 0.6336280107498169 -0.5602949857711792
vn -0.5058010220527649 0.3603839874267578 -0.783765971660614
vn -0.7074049711227417 0.17760099470615387 0.6841319799423218
vn -0.7486670017242432 -0.2595660090446472 0.6100199818611145
vn -0.312516987323761 -0.15185900032520294 0.9376950263977051
vn -0.26368701457977295 0.18142899870872498 0.947393000125885
vn 0.7857549786567688 -0.6137099862098694 0.07713499665260315
vn 0.8041809797286987 -0.5632370114326477 0.18988700211048126
vn 0.92638099193573 -0.30264198780059814 0.22411300241947174
vn 0.9469760060310364 -0.31674399971961975 -0.05393600091338158
vn -0.7879379987716675 0.2865299880504608 -0.5450260043144226
vn -0.41963300108909607 0.3308260142803192 -0.8452579975128174
vn -0.42798298597335815 0.01748500019311905 -0.9036179780960083
vn -0.8270350098609924 -0.11521799862384796 -0.550216019153595
vn -0.9883679747581482 0.15191799402236938 0.007075000088661909
vn -0.9620180130004883 0.2070930004119873 -0.17785799503326416
vn -0.9606999754905701 -0.20855499804019928 -0.1831970065832138
vn -0.9659640192985535 -0.2585960030555725 -0.006380999926477671
vn -0.9624300003051758 0.15481799840927124 0.22306999564170837
vn -0.9380630254745483 -0.2717539966106415 0.2149139940738678
vn 0.7450860142707825 -0.6657739877700806 -0.03990200161933899
vn 0.9311230182647705 -0.36073800921440125 -0.05364000052213669
vn 0.9408980011940002 -0.33490198850631714 -0.0505249984562397
vn 0.7059590220451355 -0.6976460218429565 -0.12211299687623978
vn 0.4197539985179901 -0.0740789994597435 -0.9046099781990051
vn 0.7743719816207886 -0.16732700169086456 -0.6102049946784973
vn 0.9163100123405457 -0.19887900352478027 -0.3475950062274933
vn 0.9797620177268982 -0.2001280039548874 -0.003963999915868044
vn 0.9154530167579651 -0.21029800176620483 0.3431040048599243
vn 0.7670360207557678 -0.18897899985313416 0.6131420135498047
vn 0.42201799154281616 -0.1252560019493103 0.8978930115699768
vn -0.4159800112247467 0.09589099884033203 0.904304027557373
vn -0.7099249958992004 0.2083359956741333 0.6727570295333862
vn -0.8919789791107178 0.29317599534988403 0.3441230058670044
vn -0.9411630034446716 0.33755600452423096 -0.016405999660491943
vn -0.8738210201263428 0.329010009765625 -0.35803601145744324
vn -0.698166012763977 0.28241801261901855 -0.6578789949417114
vn -0.3929719924926758 0.18168799579143524 -0.9014220237731934
vn 0.3839299976825714 -0.13907399773597717 0.9128289818763733
vn 0.3381040096282959 -0.2706249952316284 0.9013590216636658
vn -0.5375400185585022 -0.626675009727478 0.5642070174217224
vn -0.22067800164222717 -0.9095690250396729 0.3521159887313843
vn 0.01205699983984232 -0.646107017993927 0.763152003288269
vn -0.2611030042171478 -0.3159720003604889 0.912132978439331
vn 0.5427610278129578 -0.7942969799041748 -0.2729499936103821
vn 0.8148090243339539 -0.17693500220775604 -0.5520690083503723
vn 0.14465700089931488 -0.09844399988651276 -0.9845730066299438
vn -0.2942720055580139 0.004395000170916319 -0.9557120203971863
vn 0.7702010273933411 -0.6305019855499268 0.09621100127696991
vn 0.8603129982948303 -0.4885750114917755 0.14545199275016785
vn 0.941881000995636 0.28936299681663513 -0.17067299783229828
vn 0.9861119985580444 0.15064899623394012 0.06991399824619293
vn 0.9594069719314575 0.057440001517534256 0.27611398696899414
vn 0.9657210111618042 -0.1512870043516159 0.2109369933605194
vn 0.6460989713668823 -0.7020519971847534 0.29946500062942505
vn 0.5060449838638306 -0.39817601442337036 -0.7650970220565796
vn 0.9214360117912292 0.11486600339412689 -0.371163010597229
vn -0.718189001083374 -0.6585469841957092 0.2247679978609085
vn -0.35926198959350586 -0.8947290182113647 0.2653129994869232
vn -0.7696329951286316 -0.590461015701294 -0.2429410070180893
vn -0.5041429996490479 -0.8177980184555054 -0.27757200598716736
vn -0.5373719930648804 -0.8429210186004639 -0.02673500031232834
vn -0.7661330103874207 -0.6418740153312683 -0.032221000641584396
vn 0.5081419944763184 -0.037415001541376114 0.8604599833488464
vn 0.8993350267410278 0.4322429895401001 0.06605099886655807
vn 0.733253002166748 0.5745440125465393 -0.3636470139026642
vn 0.8858320116996765 -0.4374459981918335 0.15473300218582153
vn 0.9214360117912292 0.11486600339412689 -0.371163010597229
vn 0.5325739979743958 -0.798878014087677 0.27956900000572205
vn -0.06756199896335602 -0.7405999898910522 -0.6685410141944885
vn 0.05306899920105934 -0.9982720017433167 0.02524399943649769
vn -0.026923000812530518 0.560920000076294 -0.8274319767951965
vn 0.733253002166748 0.5745440125465393 -0.3636470139026642
vn 0.9214360117912292 0.11486600339412689 -0.371163010597229
vn 0.5060449838638306 -0.39817601442337036 -0.7650970220565796
vn 0.457724004983902 -0.21457700431346893 0.8628119826316833
vn 0.3823060095310211 -0.3005119860172272 0.8738049864768982
vn 0.524433970451355 -0.08900299668312073 0.8467860221862793
vn 0.005874999798834324 0.19206200540065765 0.9813650250434875
vn 0.021115999668836594 -0.033939000219106674 0.9992009997367859
vn -0.018184000626206398 0.4039140045642853 0.9146159887313843
vn -0.06756199896335602 -0.7405999898910522 -0.6685410141944885
vn -0.06756199896335602 -0.7405999898910522 -0.6685410141944885
vn -0.2942720055580139 0.004395000170916319 -0.9557120203971863
vn -0.33160701394081116 0.5742650032043457 -0.7485030293464661
vn -0.04628000035881996 0.3637160062789917 -0.9303590059280396
vn 0.024311000481247902 0.04515499994158745 -0.9986839890480042
vn -0.037687998265028 0.09284599870443344 -0.994966983795166
vn -0.20847800374031067 0.10283199697732925 -0.9726060032844543
vn -0.3279480040073395 -0.31883299350738525 -0.8892670273780823
vn -0.4282729923725128 0.01550699956715107 -0.9035159945487976
vn -0.6850550174713135 -0.45528799295425415 -0.5686929821968079
vn -0.37590301036834717 -0.029510999098420143 -0.9261890053749084
vn 0.8944910168647766 0.3696120083332062 -0.25154098868370056
vn 0.9432849884033203 0.3318530023097992 -0.009317000396549702
vn 0.9138110280036926 0.34122300148010254 0.2202650010585785
vn 0.8649749755859375 0.35461801290512085 0.35505399107933044
vn 0.6831629872322083 0.692671000957489 -0.2312909960746765
vn 0.7090619802474976 0.705141007900238 -0.002687999978661537
vn 0.7455080151557922 0.6262509822845459 0.22809499502182007
vn -0.4958379864692688 -0.7007520198822021 -0.5129240155220032
vn -0.09223300218582153 -0.2584730088710785 -0.9616050124168396
vn 0.21871599555015564 0.27289700508117676 -0.936851978302002
vn 0.8378279805183411 0.42968499660491943 -0.33677101135253906
vn 0.49786698818206787 -0.015915000811219215 -0.8671069741249084
vn 0.7863640189170837 0.37239399552345276 -0.49290400743484497
vn 0.4429819881916046 -0.8668040037155151 -0.22894899547100067
vn 0.9988340139389038 -0.025317000225186348 0.04109400138258934
vn 0.9859679937362671 -0.15916399657726288 -0.05034700036048889
vn 0.3892369866371155 -0.9198099970817566 -0.049435000866651535
vn 0.6005929708480835 -0.7288249731063843 0.32878899574279785
vn 0.4717229902744293 -0.8746010065078735 0.11202800273895264
vn 0.9867900013923645 0.05457499995827675 -0.152537003159523
vn 0.9739720225334167 0.2153259962797165 0.0708099976181984
vn 0.6475600004196167 -0.11136999726295471 0.7538319826126099
vn -0.6702579855918884 -0.7317020297050476 -0.12396000325679779
vn -0.6702579855918884 -0.7317020297050476 -0.12396000325679779
vn -0.6702579855918884 -0.7317020297050476 -0.12396000325679779
vn -0.6709060072898865 -0.7300400137901306 -0.13009899854660034
vn -0.6709060072898865 -0.7300400137901306 -0.13009899854660034
vn -0.6709060072898865 -0.7300400137901306 -0.13009899854660034
vn -0.6795529723167419 -0.7222480177879333 -0.12870299816131592
vn -0.6795529723167419 -0.7222480177879333 -0.12870299816131592
vn -0.6795529723167419 -0.7222480177879333 -0.12870299816131592
vn -0.6800400018692017 -0.7224940061569214 -0.12469000369310379
vn -0.6800400018692017 -0.7224940061569214 -0.12469000369310379
vn -0.6800400018692017 -0.7224940061569214 -0.12469000369310379
vn -0.6103489995002747 -0.7904490232467651 -0.05161599814891815
vn -0.6103489995002747 -0.7904490232467651 -0.05161599814891815
vn -0.6103489995002747 -0.7904490232467651 -0.05161599814891815
vn -0.6121159791946411 -0.7890700101852417 -0.05180000141263008
vn -0.6121159791946411 -0.7890700101852417 -0.05180000141263008
vn -0.6121159791946411 -0.7890700101852417 -0.05180000141263008
vn -0.6005820035934448 -0.7981740236282349 0.04710499942302704
vn -0.6005820035934448 -0.7981740236282349 0.04710499942302704
vn -0.6005820035934448 -0.7981740236282349 0.04710499942302704
vn -0.5989699959754944 -0.7992920279502869 0.048657000064849854
vn -0.5989699959754944 -0.7992920279502869 0.048657000064849854
vn -0.5989699959754944 -0.7992920279502869 0.048657000064849854
vn -0.6766809821128845 -0.7218530178070068 0.14501899480819702
vn -0.6766809821128845 -0.7218530178070068 0.14501899480819702
vn -0.6766809821128845 -0.7218530178070068 0.14501899480819702
vn -0.6756420135498047 -0.7219110131263733 0.14950799942016602
vn -0.6756420135498047 -0.7219110131263733 0.14950799942016602
vn -0.6756420135498047 -0.7219110131263733 0.14950799942016602
vn -0.6312860250473022 -0.7655019760131836 0.12443500012159348
vn -0.6312860250473022 -0.7655019760131836 0.12443500012159348
vn -0.6312860250473022 -0.7655019760131836 0.12443500012159348
vn -0.6307610273361206 -0.7650589942932129 0.1297129988670349
vn -0.6307610273361206 -0.7650589942932129 0.1297129988670349
vn -0.6307610273361206 -0.7650589942932129 0.1297129988670349
vn -0.7812470197677612 -0.6173480153083801 0.09238599985837936
vn -0.7812470197677612 -0.6173480153083801 0.09238599985837936
vn -0.7812470197677612 -0.6173480153083801 0.09238599985837936
vn -0.7811030149459839 -0.6168739795684814 0.09666900336742401
vn -0.7811030149459839 -0.6168739795684814 0.09666900336742401
vn -0.7811030149459839 -0.6168739795684814 0.09666900336742401
vn -0.7789660096168518 -0.6191710233688354 0.09919100254774094
vn -0.7789660096168518 -0.6191710233688354 0.09919100254774094
vn -0.7789660096168518 -0.6191710233688354 0.09919100254774094
vn -0.7796469926834106 -0.6179640293121338 0.10134399682283401
vn -0.7796469926834106 -0.6179640293121338 0.10134399682283401
vn -0.7796469926834106 -0.6179640293121338 0.10134399682283401
vn -0.817317008972168 -0.5756980180740356 0.023775000125169754
vn -0.817317008972168 -0.5756980180740356 0.023775000125169754
vn -0.817317008972168 -0.5756980180740356 0.023775000125169754
vn -0.8182680010795593 -0.5743319988250732 0.02407900057733059
vn -0.8182680010795593 -0.5743319988250732 0.02407900057733059
vn -0.8182680010795593 -0.5743319988250732 0.02407900057733059
vn -0.7973129749298096 -0.59757399559021 -0.08483800292015076
vn -0.7973129749298096 -0.59757399559021 -0.08483800292015076
vn -0.7973129749298096 -0.59757399559021 -0.08483800292015076
vn -0.7977859973907471 -0.5963180065155029 -0.08911799639463425
vn -0.7977859973907471 -0.5963180065155029 -0.08911799639463425
vn -0.7977859973907471 -0.5963180065155029 -0.08911799639463425
vn 0.1796569973230362 -0.36753201484680176 -0.9124929904937744
vn 0.314191997051239 -0.20517100393772125 -0.9269239902496338
vn -0.05828399956226349 -0.010898999869823456 -0.9982410073280334
vn -0.2044299989938736 -0.12873399257659912 -0.9703789949417114
vn 0.5603320002555847 -0.5506010055541992 -0.6187630295753479
vn 0.6911799907684326 -0.35803499817848206 -0.6277580261230469
vn 0.7945799827575684 -0.6069899797439575 -0.014321999624371529
vn 0.9062730073928833 -0.42258399724960327 0.00962899997830391
vn 0.8379679918289185 -0.4133889973163605 -0.35625600814819336
vn 0.727226972579956 -0.5936980247497559 -0.34447601437568665
vn 0.7002140283584595 -0.3490760028362274 0.6227729916572571
vn 0.8489500284194946 -0.4008919894695282 0.3443390130996704
vn 0.7600539922714233 -0.5625789761543274 0.3253050148487091
vn 0.6326559782028198 -0.5119040012359619 0.5811200141906738
vn 0.39136600494384766 -0.23619799315929413 0.8894060254096985
vn 0.3477349877357483 -0.36952099204063416 0.8617050051689148
vn 0.019680000841617584 -0.08632700145244598 0.996071994304657
vn -0.00032699998700991273 -0.1884790062904358 0.9820770025253296
vn -0.6718170046806335 0.2865929901599884 0.6830270290374756
vn -0.40035900473594666 0.1247050017118454 0.907833993434906
vn -0.43407100439071655 0.08137399703264236 0.8971959948539734
vn -0.6982139945030212 0.2611289918422699 0.6665650010108948
vn -0.8464310169219971 0.4004470109939575 0.35099300742149353
vn -0.8611189723014832 0.3921099901199341 0.32361099123954773
vn -0.889909029006958 0.45593300461769104 -0.013686000369489193
vn -0.90065997838974 0.4337970018386841 -0.025140000507235527
vn -0.8589460253715515 0.40564200282096863 -0.3125160038471222
vn -0.8304790258407593 0.4386979937553406 -0.3432919979095459
vn -0.6893569827079773 0.3591350018978119 -0.6291329860687256
vn -0.760299026966095 0.30672699213027954 -0.5725939869880676
vn -0.5557720065116882 0.13798299431800842 -0.8198040127754211
vn -0.4370099902153015 0.20385800302028656 -0.8760499954223633
vn 0.15399299561977386 0.2930920124053955 0.9436010122299194
vn 0.17693200707435608 0.2182909995317459 0.9597100019454956
vn 0.12094900012016296 0.37786000967025757 0.9179289937019348
vn -0.7082920074462891 -0.6942309737205505 0.12793099880218506
vn -0.7082920074462891 -0.6942309737205505 0.12793099880218506
vn -0.7082920074462891 -0.6942309737205505 0.12793099880218506
vn -0.7066230177879333 -0.6948860287666321 0.13348199427127838
vn -0.7066230177879333 -0.6948860287666321 0.13348199427127838
vn -0.7066230177879333 -0.6948860287666321 0.13348199427127838
vn 0.3381040096282959 -0.2706249952316284 0.9013590216636658
vn 0.3839299976825714 -0.13907399773597717 0.9128289818763733
vn 0.5081419944763184 -0.037415001541376114 0.8604599833488464
vn 0.6475600004196167 -0.11136999726295471 0.7538319826126099
vn 0.4717229902744293 -0.8746010065078735 0.11202800273895264
vn 0.6005929708480835 -0.7288249731063843 0.32878899574279785
vn 0.4429819881916046 -0.8668040037155151 -0.22894899547100067
vn 0.3892369866371155 -0.9198099970817566 -0.049435000866651535
vn 0.21871599555015564 0.27289700508117676 -0.936851978302002
vn 0.49786698818206787 -0.015915000811219215 -0.8671069741249084
vn 0.14465700089931488 -0.09844399988651276 -0.9845730066299438
vn -0.7179160118103027 -0.684112012386322 -0.12879300117492676
vn -0.7179160118103027 -0.684112012386322 -0.12879300117492676
vn -0.7179160118103027 -0.684112012386322 -0.12879300117492676
vn -0.7170130014419556 -0.6839929819107056 -0.13433100283145905
vn -0.7170130014419556 -0.6839929819107056 -0.13433100283145905
vn -0.7170130014419556 -0.6839929819107056 -0.13433100283145905
vn 0.6446809768676758 -0.764398992061615 0.009011000394821167
vn 0.17857599258422852 -0.9781529903411865 -0.10642900317907333
vn 0.8809019923210144 -0.473114013671875 0.013237999752163887
vn -0.6031420230865479 -0.7961159944534302 0.049178000539541245
vn -0.6031420230865479 -0.7961159944534302 0.049178000539541245
vn -0.6031420230865479 -0.7961159944534302 0.049178000539541245
vn -0.6011379957199097 -0.7976359724998474 0.04909000173211098
vn -0.6011379957199097 -0.7976359724998474 0.04909000173211098
vn -0.6011379957199097 -0.7976359724998474 0.04909000173211098
vn 0.9062730073928833 -0.42258399724960327 0.00962899997830391
vn 0.7945799827575684 -0.6069899797439575 -0.014321999624371529
vn 0.9797620177268982 -0.2001280039548874 -0.003963999915868044
vn 0.9942119717597961 -0.10669899731874466 0.012587999925017357
vn 0.9771850109100342 0.20847199857234955 0.0406000018119812
vn -0.8202009797096252 -0.5720239877700806 -0.007718000095337629
vn -0.8202009797096252 -0.5720239877700806 -0.007718000095337629
vn -0.8202009797096252 -0.5720239877700806 -0.007718000095337629
vn -0.8205500245094299 -0.5715280175209045 -0.0073379999957978725
vn -0.8205500245094299 -0.5715280175209045 -0.0073379999957978725
vn -0.8205500245094299 -0.5715280175209045 -0.0073379999957978725
vn 0.06661400198936462 -0.9228910207748413 -0.379256010055542
vn -0.6079710125923157 -0.7923189997673035 -0.051010001450777054
vn -0.6079710125923157 -0.7923189997673035 -0.051010001450777054
vn -0.6079710125923157 -0.7923189997673035 -0.051010001450777054
vn -0.60944002866745 -0.7912909984588623 -0.04940199851989746
vn -0.60944002866745 -0.7912909984588623 -0.04940199851989746
vn -0.60944002866745 -0.7912909984588623 -0.04940199851989746
vn 0.5519989728927612 -0.7095969915390015 -0.43791601061820984
vn 0.9876229763031006 0.11082399636507034 -0.11099299788475037
vn 0.5519989728927612 -0.7095969915390015 -0.43791601061820984
vn 0.11746200174093246 -0.8661260008811951 -0.4858269989490509
vn -0.12956400215625763 -0.9440910220146179 -0.30316001176834106
vn -0.7839130163192749 -0.6106820106506348 -0.11202099919319153
vn -0.7839130163192749 -0.6106820106506348 -0.11202099919319153
vn -0.7839130163192749 -0.6106820106506348 -0.11202099919319153
vn -0.7829040288925171 -0.6123369932174683 -0.11001800000667572
vn -0.7829040288925171 -0.6123369932174683 -0.11001800000667572
vn -0.7829040288925171 -0.6123369932174683 -0.11001800000667572
vn 0.9999939799308777 -0.0033740000799298286 0.00010900000052060932
vn 0.9999949932098389 -0.0032059999648481607 9.7999996796716e-05
vn 0.9999960064888 -0.002899999963119626 -3.600000127335079e-05
vn 0.9999949932098389 -0.0032130000181496143 -3.400000059627928e-05
vn 0.9999949932098389 -0.003215000033378601 -4.999999873689376e-05
vn 0.9999939799308777 -0.003435000078752637 -0.0002469999890308827
vn 0.9999949932098389 -0.003218000056222081 -2.4000000848900527e-05
vn 0.9999949932098389 -0.0032049999572336674 -0.00023700000019744039
vn 0.9999970197677612 -0.002294000005349517 -0.0009260000078938901
vn 0.9999949932098389 -0.003089000005275011 0.00031999999191612005
vn 0.9999939799308777 -0.003217000048607588 0.000910000002477318
vn 0.9999979734420776 -0.001943000010214746 0.000522000016644597
vn 0.9999949932098389 -0.0029990000184625387 0.0001630000042496249
vn 0.9999970197677612 -0.0024240000639110804 -0.0002690000110305846
vn 0.9999970197677612 -0.0023560000117868185 -5.2999999752501026e-05
vn 0.9999949932098389 -0.003020999953150749 -0.0005469999741762877
vn 0.9999970197677612 -0.002498999936506152 -2.5999999706982635e-05
vn -0.8034759759902954 0.25193798542022705 -0.5394020080566406
vn -0.6174920201301575 0.10308799892663956 -0.7797920107841492
vn -0.8979139924049377 0.3367629945278168 -0.28344500064849854
vn -0.932424008846283 0.36102598905563354 -0.015683000907301903
vn -0.8985750079154968 0.31364598870277405 0.30690398812294006
vn -0.7504969835281372 0.19282099604606628 0.6321189999580383
vn -0.5165200233459473 0.02621999941766262 0.8558740019798279
vn -0.11096099764108658 -0.23199300467967987 0.9663680195808411
vn 0.2825799882411957 -0.4282189905643463 0.8583570122718811
vn 0.5573229789733887 -0.5575940012931824 0.6152070164680481
vn 0.7268959879875183 -0.6097350120544434 0.31598299741744995
vn 0.7298780083656311 -0.6041370034217834 0.3198379874229431
vn 0.7042329907417297 -0.6247509717941284 -0.3372560143470764
vn 0.7092540264129639 -0.6212850213050842 -0.3331120014190674
vn 0.49942100048065186 -0.5726510286331177 -0.6501150131225586
vn 0.11708900332450867 -0.3859489858150482 -0.915058970451355
vn -0.2816540002822876 -0.14324499666690826 -0.9487630128860474
vn 0.7640399932861328 -0.0693809986114502 0.6414279937744141
vn 0.9171590209007263 0.06338199973106384 0.39344900846481323
vn 0.9594069719314575 0.057440001517534256 0.27611398696899414
vn 0.9861119985580444 0.15064899623394012 0.06991399824619293
vn 0.9861119985580444 0.15064899623394012 0.06991399824619293
vn 0.941881000995636 0.28936299681663513 -0.17067299783229828
vn 0.6005929708480835 -0.7288249731063843 0.32878899574279785
vn 0.5519989728927612 -0.7095969915390015 -0.43791601061820984
vn 0.5519989728927612 -0.7095969915390015 -0.43791601061820984
vn 0.11746200174093246 -0.8661260008811951 -0.4858269989490509
vn 0.10954400151968002 -0.9200270175933838 0.37623101472854614
vn 0.6005929708480835 -0.7288249731063843 0.32878899574279785
vn -0.8801339864730835 -0.3368600010871887 0.3345000147819519
vn -0.8801329731941223 -0.3368600010871887 0.3345000147819519
vn -0.8801339864730835 -0.3368600010871887 0.3345000147819519
vn -0.8801329731941223 -0.3368600010871887 0.3345000147819519
vn -0.8618800044059753 -0.2799519896507263 -0.4228360056877136
vn -0.8618770241737366 -0.27994200587272644 -0.42284899950027466
vn -0.8618829846382141 -0.27996501326560974 -0.42282000184059143
vn -0.8618860244750977 -0.2799760103225708 -0.4228070080280304
vn -0.3408519923686981 -0.059422001242637634 -0.9382370114326477
vn -0.3408519923686981 -0.059422001242637634 -0.9382370114326477
vn -0.3408510088920593 -0.05942099913954735 -0.9382370114326477
vn -0.3408510088920593 -0.05942099913954735 -0.9382380247116089
vn 0.3851970136165619 0.19763700664043427 -0.9014229774475098
vn 0.3851909935474396 0.19762900471687317 -0.9014269709587097
vn 0.46694299578666687 0.09048900008201599 -0.8796449899673462
vn 0.2925400137901306 -0.27101799845695496 -0.9170439839363098
vn 0.8801389932632446 0.3368450105190277 -0.3345000147819519
vn 0.8801389932632446 0.3368450105190277 -0.3345000147819519
vn 0.8058350086212158 0.48898500204086304 -0.33395299315452576
vn 0.8298360109329224 0.44991400837898254 -0.3300740122795105
vn 0.8618800044059753 0.27995699644088745 0.42283201217651367
vn 0.8257989883422852 0.36380499601364136 0.4309310019016266
vn 0.8107709884643555 0.4153049886226654 0.4125179946422577
vn 0.8618789911270142 0.2799539864063263 0.4228360056877136
vn 0.34085699915885925 0.059429001063108444 0.9382349848747253
vn 0.2783200144767761 -0.43412700295448303 0.8567799925804138
vn 0.46209999918937683 -0.0920030027627945 0.8820419907569885
vn 0.34085899591445923 0.059431999921798706 0.9382339715957642
vn -0.3851960003376007 -0.19764700531959534 0.9014210104942322
vn -0.3851870000362396 -0.19763599336147308 0.9014269709587097
vn -0.3851909935474396 -0.19764100015163422 0.901423990726471
vn -0.38519999384880066 -0.19765199720859528 0.9014179706573486
vn 0.279231995344162 -0.8087949752807617 0.5175719857215881
vn 0.1478790044784546 -0.9517130255699158 0.2690260112285614
vn 0.4674240052700043 -0.751891016960144 0.464946985244751
vn 0.0831340029835701 -0.9335650205612183 -0.3486329913139343
vn 0.11337900161743164 -0.9003180265426636 -0.4202049970626831
vn 0.3248569965362549 -0.8944389820098877 -0.30732300877571106
vn 0.3265480101108551 -0.48934200406074524 -0.8086469769477844
vn 0.4538770020008087 -0.22295400500297546 -0.8627210259437561
vn 0.4629890024662018 -0.14131799340248108 -0.8750259876251221
vn 0.5724070072174072 0.13264499604701996 -0.8091700077056885
vn 0.6838229894638062 0.6523619890213013 -0.3268190026283264
vn 0.6695430278778076 0.6608780026435852 -0.33904600143432617
vn 0.6592069864273071 0.6704019904136658 -0.3405979871749878
vn 0.7610960006713867 0.5406709909439087 0.35833999514579773
vn 0.7406650185585022 0.5442569851875305 0.39395400881767273
vn 0.7358610033988953 0.5698680281639099 0.3657299876213074
vn 0.6877899765968323 -0.009513000026345253 0.7258470058441162
vn 0.5614219903945923 -0.3263309895992279 0.7604690194129944
vn 0.662667989730835 0.011636000126600266 0.7488229870796204
vn -0.05477299913764 -0.8742799758911133 -0.48232200741767883
vn -0.13103100657463074 -0.9884660243988037 -0.07593899965286255
vn -0.052163999527692795 -0.9393249750137329 0.33904001116752625
vn -0.880137026309967 -0.3368540108203888 0.33449700474739075
vn -0.8801349997520447 -0.33684900403022766 0.33450600504875183
vn -0.8801360130310059 -0.33685100078582764 0.3345020115375519
vn -0.8801379799842834 -0.33685600757598877 0.3344930112361908
vn -0.8618890047073364 -0.27995800971984863 -0.4228129982948303
vn -0.8618890047073364 -0.2799589931964874 -0.42281201481819153
vn -0.8618890047073364 -0.27995800971984863 -0.4228140115737915
vn -0.8618890047073364 -0.27995699644088745 -0.4228149950504303
vn -0.3408359885215759 -0.05944100022315979 -0.9382420182228088
vn -0.34084200859069824 -0.05944899842143059 -0.9382389783859253
vn -0.340828001499176 -0.05943100154399872 -0.9382449984550476
vn -0.3408220112323761 -0.05942299962043762 -0.9382479786872864
vn 0.3852100074291229 0.19763900339603424 -0.901416003704071
vn 0.3852129876613617 0.1976429969072342 -0.9014139771461487
vn 0.4669399857521057 0.09049499779939651 -0.8796460032463074
vn 0.29252898693084717 -0.27101001143455505 -0.9170500040054321
vn 0.8801400065422058 0.33684098720550537 -0.3345029950141907
vn 0.8801400065422058 0.3368400037288666 -0.3345029950141907
vn 0.8058300018310547 0.48898500204086304 -0.333963006734848
vn 0.8298389911651611 0.44990798830986023 -0.3300749957561493
vn 0.8618839979171753 0.27994900941848755 0.4228290021419525
vn 0.8258090019226074 0.36379700899124146 0.43091800808906555
vn 0.8107759952545166 0.4152959883213043 0.4125179946422577
vn 0.8618819713592529 0.27994298934936523 0.4228369891643524
vn 0.340828001499176 0.059425000101327896 0.9382460117340088
vn 0.2783089876174927 -0.43413200974464417 0.856781005859375
vn 0.46208399534225464 -0.09203000366687775 0.8820480108261108
vn 0.340829998254776 0.05942700058221817 0.9382449984550476
vn -0.3851909935474396 -0.19763800501823425 0.9014250040054321
vn -0.3851960003376007 -0.19764499366283417 0.9014210104942322
vn -0.38519400358200073 -0.1976419985294342 0.9014229774475098
vn -0.3851889967918396 -0.19763599336147308 0.9014269709587097
vn 0.2792379856109619 -0.8087970018386841 0.5175660252571106
vn 0.1478780061006546 -0.9517179727554321 0.26900801062583923
vn 0.4674310088157654 -0.7518870234489441 0.464944988489151
vn 0.08313000202178955 -0.9335880279541016 -0.3485719859600067
vn 0.11336699873209 -0.9003459811210632 -0.42014798521995544
vn 0.3248699903488159 -0.8944600224494934 -0.30724701285362244
vn 0.3265489935874939 -0.48933398723602295 -0.8086519837379456
vn 0.45388200879096985 -0.2229350060224533 -0.8627229928970337
vn 0.46300598978996277 -0.14129400253295898 -0.8750209808349609
vn 0.5724239945411682 0.13268400728702545 -0.8091520071029663
vn 0.6838170289993286 0.6523569822311401 -0.32684001326560974
vn 0.6695160269737244 0.6608859896659851 -0.3390839993953705
vn 0.659201979637146 0.6703889966011047 -0.34063300490379333
vn 0.7610909938812256 0.5406579971313477 0.3583720028400421
vn 0.7406709790229797 0.5442389845848083 0.39396700263023376
vn 0.7358589768409729 0.5698490142822266 0.36576399207115173
vn 0.6877959966659546 -0.009525000117719173 0.7258409857749939
vn 0.5614259839057922 -0.32633399963378906 0.7604650259017944
vn 0.6626660227775574 0.011629999615252018 0.7488250136375427
vn -0.05477000027894974 -0.8742780089378357 -0.4823260009288788
vn -0.1310189962387085 -0.9884669780731201 -0.07594600319862366
vn -0.052156001329422 -0.9393259882926941 0.3390359878540039
vn -0.8801429867744446 -0.3369309902191162 0.33440300822257996
vn -0.8801249861717224 -0.3368610143661499 0.33452099561691284
vn -0.8801339864730835 -0.3368929922580719 0.33446699380874634
vn -0.8801509737968445 -0.3369629979133606 0.33434900641441345
vn -0.8618559837341309 -0.27991798520088196 -0.4229060113430023
vn -0.8618509769439697 -0.27989599108695984 -0.4229319989681244
vn -0.8618630170822144 -0.2799449861049652 -0.42287400364875793
vn -0.8618689775466919 -0.2799670100212097 -0.4228470027446747
vn -0.340923011302948 -0.059457000344991684 -0.9382089972496033
vn -0.34092798829078674 -0.059464000165462494 -0.9382069706916809
vn -0.3409149944782257 -0.05944700166583061 -0.9382129907608032
vn -0.3409099876880646 -0.0594400018453598 -0.9382150173187256
vn 0.3851870000362396 0.1976040005683899 -0.9014340043067932
vn 0.3851870000362396 0.1976040005683899 -0.9014340043067932
vn 0.46688398718833923 0.09052500128746033 -0.8796730041503906
vn 0.29249799251556396 -0.2710399925708771 -0.9170510172843933
vn 0.8801140189170837 0.33680200576782227 -0.3346099853515625
vn 0.8801140189170837 0.33680200576782227 -0.3346099853515625
vn 0.8057960271835327 0.4890030026435852 -0.3340179920196533
vn 0.8297719955444336 0.44995200634002686 -0.3301849961280823
vn 0.8618509769439697 0.27990201115608215 0.42292800545692444
vn 0.8257820010185242 0.3637019991874695 0.43105098605155945
vn 0.8107659816741943 0.4151740074157715 0.41266199946403503
vn 0.8618519902229309 0.2799049913883209 0.4229240119457245
vn 0.3408220112323761 0.059411998838186264 0.9382489919662476
vn 0.2783069908618927 -0.4340910017490387 0.8568019866943359
vn 0.46207699179649353 -0.09197700023651123 0.8820570111274719
vn 0.3408159911632538 0.059404000639915466 0.9382510185241699
vn -0.38521599769592285 -0.19764000177383423 0.9014139771461487
vn -0.3852809965610504 -0.197720006108284 0.9013689756393433
vn -0.3852519989013672 -0.19768400490283966 0.9013890027999878
vn -0.3851880133152008 -0.19760499894618988 0.9014340043067932
vn 0.27911800146102905 -0.8089510202407837 0.5173889994621277
vn 0.14782199263572693 -0.9518150091171265 0.26869499683380127
vn 0.46737998723983765 -0.7520120143890381 0.46479499340057373
vn 0.08305300027132034 -0.9336779713630676 -0.34834998846054077
vn 0.11329299956560135 -0.9004560112953186 -0.4199340045452118
vn 0.3247860074043274 -0.8945720195770264 -0.3070110082626343
vn 0.3265349864959717 -0.4893360137939453 -0.8086559772491455
vn 0.4538800120353699 -0.2228969931602478 -0.8627340197563171
vn 0.4630550146102905 -0.14137199521064758 -0.874983012676239
vn 0.5724110007286072 0.13266800343990326 -0.809162974357605
vn 0.6838279962539673 0.6523709893226624 -0.3267900049686432
vn 0.669651985168457 0.6608260273933411 -0.33893299102783203
vn 0.6594139933586121 0.670261025428772 -0.34047600626945496
vn 0.7611460089683533 0.5404539704322815 0.35856199264526367
vn 0.740710973739624 0.5440559983253479 0.39414501190185547
vn 0.735958993434906 0.5695989727973938 0.3659519851207733
vn 0.6879010200500488 -0.009286000393331051 0.7257450222969055
vn 0.5614789724349976 -0.3263149857521057 0.7604339718818665
vn 0.6627860069274902 0.011843999847769737 0.7487149834632874
vn -0.054792001843452454 -0.874330997467041 -0.48222699761390686
vn -0.13103100657463074 -0.988461971282959 -0.07598499953746796
vn -0.052170999348163605 -0.9393680095672607 0.3389190137386322

vt 0.6809229850769043 0.17173302173614502
vt 0.6729300022125244 0.2035120129585266
vt 0.6524119973182678 0.20030701160430908
vt 0.6557790040969849 0.16785597801208496
vt 0.7361080050468445 0.20229601860046387
vt 0.7259619832038879 0.21546798944473267
vt 0.710407018661499 0.2105879783630371
vt 0.722478985786438 0.19087201356887817
vt 0.7516559958457947 0.21288001537322998
vt 0.7428879737854004 0.22340399026870728
vt 0.4464080035686493 0.2328609824180603
vt 0.46373000741004944 0.2193869948387146
vt 0.46876901388168335 0.23025798797607422
vt 0.45334500074386597 0.24057400226593018
vt 0.4802510142326355 0.20278900861740112
vt 0.4936070144176483 0.19145798683166504
vt 0.5019130110740662 0.21241497993469238
vt 0.4857029914855957 0.21766501665115356
vt 0.5366320013999939 0.16487497091293335
vt 0.5600540041923523 0.1622920036315918
vt 0.558122992515564 0.19621002674102783
vt 0.5395140051841736 0.19832998514175415
vt 0.6071180105209351 0.1645069718360901
vt 0.6049469709396362 0.19648998975753784
vt 0.5814849734306335 0.19665199518203735
vt 0.583050012588501 0.16402000188827515
vt 0.6278020143508911 0.19763100147247314
vt 0.6314089894294739 0.16619199514389038
vt 0.7567139863967896 0.12126302719116211
vt 0.7378680109977722 0.11306899785995483
vt 0.7212079763412476 0.13622599840164185
vt 0.7366650104522705 0.14763998985290527
vt 0.7268530130386353 0.0791119933128357
vt 0.7236329913139343 0.09285902976989746
vt 0.751354992389679 0.08529102802276611
vt 0.7483530044555664 0.07176297903060913
vt 0.5897560119628906 0.030573010444641113
vt 0.6137639880180359 0.03099602460861206
vt 0.6138619780540466 0.03564101457595825
vt 0.5869359970092773 0.03723001480102539
vt 0.638280987739563 0.03398597240447998
vt 0.666933000087738 0.0429379940032959
vt 0.6593549847602844 0.04146599769592285
vt 0.6342679858207703 0.038653016090393066
vt 0.5308740139007568 0.32117700576782227
vt 0.5319719910621643 0.34821999073028564
vt 0.5208680033683777 0.34299302101135254
vt 0.5189419984817505 0.31859397888183594
vt 0.5029360055923462 0.31688398122787476
vt 0.5059710144996643 0.33681899309158325
vt 0.49498000741004944 0.33187299966812134
vt 0.4917050004005432 0.3158230185508728
vt 0.7190750241279602 0.3125569820404053
vt 0.7205830216407776 0.3301900029182434
vt 0.7046859860420227 0.33235597610473633
vt 0.703827977180481 0.31140702962875366
vt 0.6916059851646423 0.3122050166130066
vt 0.6918789744377136 0.33747899532318115
vt 0.645691990852356 0.31749802827835083
vt 0.659017026424408 0.3147379755973816
vt 0.6616860032081604 0.3516809940338135
vt 0.6460430026054382 0.3560910224914551
vt 0.6270040273666382 0.3189929723739624
vt 0.6280580163002014 0.36030101776123047
vt 0.5904979705810547 0.3217740058898926
vt 0.6086620092391968 0.320904016494751
vt 0.6118659973144531 0.364238977432251
vt 0.5945029854774475 0.36510199308395386
vt 0.5721020102500916 0.3238210082054138
vt 0.5762590169906616 0.36476701498031616
vt 0.5622569918632507 0.36121201515197754
vt 0.5577999949455261 0.32322901487350464
vt 0.5319719910621643 0.34821999073028564
vt 0.5216569900512695 0.40872400999069214
vt 0.5101420283317566 0.39906102418899536
vt 0.5208680033683777 0.34299302101135254
vt 0.4952070116996765 0.38500797748565674
vt 0.4801790118217468 0.37481802701950073
vt 0.741919994354248 0.3673499822616577
vt 0.7221599817276001 0.3718799948692322
vt 0.7071760296821594 0.3799560070037842
vt 0.6714400053024292 0.40671002864837646
vt 0.6543670296669006 0.4182819724082947
vt 0.6358960270881653 0.4287340044975281
vt 0.6163759827613831 0.4352570176124573
vt 0.5947449803352356 0.43677300214767456
vt 0.5754510164260864 0.4361330270767212
vt 0.5559560060501099 0.4302369952201843
vt 0.6595529913902283 0.13147401809692383
vt 0.6604130268096924 0.10414302349090576
vt 0.6753990054130554 0.10486000776290894
vt 0.6898840069770813 0.13610398769378662
vt 0.7739769816398621 0.10333198308944702
vt 0.7737619876861572 0.12300598621368408
vt 0.8017799854278564 0.12376099824905396
vt 0.800590991973877 0.10309600830078125
vt 0.5622180104255676 0.12426400184631348
vt 0.5334010124206543 0.1273670196533203
vt 0.5464820265769958 0.10249102115631104
vt 0.5639749765396118 0.10248702764511108
vt 0.6095529794692993 0.12864899635314941
vt 0.5848050117492676 0.12743502855300903
vt 0.5849720239639282 0.10155302286148071
vt 0.612371027469635 0.0997849702835083
vt 0.635453999042511 0.13094300031661987
vt 0.6390460133552551 0.10310500860214233
vt 0.773231029510498 0.08245301246643066
vt 0.8005759716033936 0.08222800493240356
vt 0.7961509823799133 0.06357800960540771
vt 0.7700279951095581 0.06708598136901855
vt 0.5090280175209045 0.23579198122024536
vt 0.49443501234054565 0.23597097396850586
vt 0.477198988199234 0.24302202463150024
vt 0.46286800503730774 0.24894601106643677
vt 0.737824022769928 0.23814398050308228
vt 0.7196329832077026 0.2333880066871643
vt 0.7044249773025513 0.23494499921798706
vt 0.666126012802124 0.23910099267959595
vt 0.6459850072860718 0.2400670051574707
vt 0.6241099834442139 0.24071800708770752
vt 0.6022279858589172 0.24148797988891602
vt 0.5800589919090271 0.24113202095031738
vt 0.5602260231971741 0.23996198177337646
vt 0.5428190231323242 0.23801499605178833
vt 0.7573189735412598 0.1551799774169922
vt 0.8013240098953247 0.15300297737121582
vt 0.6587719917297363 0.07128798961639404
vt 0.6591629981994629 0.05127900838851929
vt 0.668034017086029 0.054895997047424316
vt 0.6705660223960876 0.0768669843673706
vt 0.766381025314331 0.05010700225830078
vt 0.792402982711792 0.038861989974975586
vt 0.7890290021896362 0.017970025539398193
vt 0.7568320035934448 0.018432974815368652
vt 0.754131019115448 0.1032329797744751
vt 0.7310450077056885 0.10277599096298218
vt 0.7012720108032227 0.0831720232963562
vt 0.7055910229682922 0.10564202070236206
vt 0.7140420079231262 0.12018698453903198
vt 0.7221490144729614 0.04428499937057495
vt 0.731669008731842 0.04485601186752319
vt 0.7195029854774475 0.024299025535583496
vt 0.7098580002784729 0.03082197904586792
vt 0.6383050084114075 0.06971502304077148
vt 0.635595977306366 0.04887402057647705
vt 0.5838710069656372 0.06764000654220581
vt 0.5859270095825195 0.04723697900772095
vt 0.6134009957313538 0.04611098766326904
vt 0.6124609708786011 0.06745898723602295
vt 0.8185189962387085 0.14439797401428223
vt 0.8207550048828125 0.11676698923110962
vt 0.6897180080413818 0.057394981384277344
vt 0.7298139929771423 0.06120997667312622
vt 0.7080389857292175 0.03179901838302612
vt 0.7459509968757629 0.057008981704711914
vt 0.7294459939002991 0.029421985149383545
vt 0.74344402551651 0.04181700944900513
vt 0.4842950105667114 0.16796201467514038
vt 0.4741379916667938 0.1861100196838379
vt 0.455936998128891 0.14613401889801025
vt 0.4628469944000244 0.13387101888656616
vt 0.6753150224685669 0.3440459966659546
vt 0.6880329847335815 0.3942829966545105
vt 0.6731839776039124 0.3123760223388672
vt 0.6912109851837158 0.20643198490142822
vt 0.6857069730758667 0.23685401678085327
vt 0.7052580118179321 0.17943602800369263
vt 0.734387993812561 0.02720499038696289
vt 0.47617900371551514 0.12440299987792969
vt 0.5028560161590576 0.13767898082733154
vt 0.5118200182914734 0.17264199256896973
vt 0.519815981388092 0.20382702350616455
vt 0.5259969830513 0.23595798015594482
vt 0.5447360277175903 0.3228200078010559
vt 0.5473989844322205 0.3554859757423401
vt 0.5473989844322205 0.3554859757423401
vt 0.5378180146217346 0.4212390184402466
vt 0.5612850189208984 0.06747299432754517
vt 0.5502660274505615 0.06680899858474731
vt 0.8187310099601746 0.09964698553085327
vt 0.817986011505127 0.08089202642440796
vt 0.812969982624054 0.0639910101890564
vt 0.8295400142669678 0.11310702562332153
vt 0.8298630118370056 0.09663498401641846
vt 0.831430971622467 0.07955998182296753
vt 0.8260089755058289 0.06366902589797974
vt 0.5619310140609741 0.04823100566864014
vt 0.5548509955406189 0.048412024974823
vt 0.8137310147285461 0.029447972774505615
vt 0.8096470236778259 0.04207402467727661
vt 0.8268529772758484 0.033537983894348145
vt 0.82123202085495 0.04373598098754883
vt 0.8421689867973328 0.060604989528656006
vt 0.8324040174484253 0.06351202726364136
vt 0.8380249738693237 0.07890701293945312
vt 0.8483579754829407 0.07768100500106812
vt 0.8427590131759644 0.1124420166015625
vt 0.8449339866638184 0.09496700763702393
vt 0.8353220224380493 0.09515798091888428
vt 0.8338490128517151 0.11131197214126587
vt 0.8336859941482544 0.1254199743270874
vt 0.5308740139007568 0.32117700576782227
vt 0.5305830240249634 0.3192179799079895
vt 0.5444200038909912 0.3208690285682678
vt 0.5444200038909912 0.3208690285682678
vt 0.5447360277175903 0.3228200078010559
vt 0.5308740139007568 0.32117700576782227
vt 0.5305830240249634 0.3192179799079895
vt 0.5308740139007568 0.32117700576782227
vt 0.5189419984817505 0.31859397888183594
vt 0.5189419984817505 0.31859397888183594
vt 0.5186880230903625 0.31666100025177
vt 0.5305830240249634 0.3192179799079895
vt 0.4912460148334503 0.31409502029418945
vt 0.5025879740715027 0.3150699734687805
vt 0.5029360055923462 0.31688398122787476
vt 0.5029360055923462 0.31688398122787476
vt 0.4917050004005432 0.3158230185508728
vt 0.4912460148334503 0.31409502029418945
vt 0.7041199803352356 0.3095409870147705
vt 0.7194169759750366 0.31067001819610596
vt 0.7190750241279602 0.3125569820404053
vt 0.7190750241279602 0.3125569820404053
vt 0.703827977180481 0.31140702962875366
vt 0.7041199803352356 0.3095409870147705
vt 0.6918820142745972 0.3104429841041565
vt 0.7041199803352356 0.3095409870147705
vt 0.703827977180481 0.31140702962875366
vt 0.703827977180481 0.31140702962875366
vt 0.6916059851646423 0.3122050166130066
vt 0.6918820142745972 0.3104429841041565
vt 0.6734709739685059 0.3106970191001892
vt 0.6918820142745972 0.3104429841041565
vt 0.6916059851646423 0.3122050166130066
vt 0.6916059851646423 0.3122050166130066
vt 0.6731839776039124 0.3123760223388672
vt 0.6734709739685059 0.3106970191001892
vt 0.6591269969940186 0.3130180239677429
vt 0.659017026424408 0.3147379755973816
vt 0.645691990852356 0.31749802827835083
vt 0.645691990852356 0.31749802827835083
vt 0.6457059979438782 0.31575798988342285
vt 0.6591269969940186 0.3130180239677429
vt 0.6457059979438782 0.31575798988342285
vt 0.645691990852356 0.31749802827835083
vt 0.6270040273666382 0.3189929723739624
vt 0.6270040273666382 0.3189929723739624
vt 0.6269569993019104 0.31727898120880127
vt 0.6457059979438782 0.31575798988342285
vt 0.5904979705810547 0.3217740058898926
vt 0.5902510285377502 0.3199959993362427
vt 0.6084949970245361 0.3191859722137451
vt 0.6084949970245361 0.3191859722137451
vt 0.6086620092391968 0.320904016494751
vt 0.5904979705810547 0.3217740058898926
vt 0.5721020102500916 0.3238210082054138
vt 0.5577999949455261 0.32322901487350464
vt 0.5575019717216492 0.32133400440216064
vt 0.5575019717216492 0.32133400440216064
vt 0.5718809962272644 0.3219580054283142
vt 0.5721020102500916 0.3238210082054138
vt 0.5256779789924622 0.28622299432754517
vt 0.518215000629425 0.26456499099731445
vt 0.5337049961090088 0.26433801651000977
vt 0.5391010046005249 0.2879989743232727
vt 0.5144019722938538 0.2841070294380188
vt 0.5054810047149658 0.26415902376174927
vt 0.48350900411605835 0.2849910259246826
vt 0.4751420021057129 0.27014100551605225
vt 0.48827600479125977 0.2672169804573059
vt 0.49671998620033264 0.2845100164413452
vt 0.7124860286712646 0.2589550018310547
vt 0.7290599942207336 0.26157498359680176
vt 0.7251790165901184 0.278889000415802
vt 0.7090349793434143 0.27811700105667114
vt 0.6993970274925232 0.2605389952659607
vt 0.6965299844741821 0.280754029750824
vt 0.6831240057945251 0.262054979801178
vt 0.678309977054596 0.2824220061302185
vt 0.6463729739189148 0.2637929916381836
vt 0.6637960076332092 0.2627500295639038
vt 0.6609780192375183 0.28404098749160767
vt 0.6459479928016663 0.28645002841949463
vt 0.62642902135849 0.26490598917007446
vt 0.6261690258979797 0.28839802742004395
vt 0.6058400273323059 0.26626402139663696
vt 0.6056889891624451 0.2902500033378601
vt 0.5860959887504578 0.2900469899177551
vt 0.584659993648529 0.26620399951934814
vt 0.566224992275238 0.2661060094833374
vt 0.5681650042533875 0.2905830144882202
vt 0.5524899959564209 0.2894099950790405
vt 0.5492309927940369 0.2651379704475403
vt 0.6753150224685669 0.3440459966659546
vt 0.6880329847335815 0.3942829966545105
vt 0.6731839776039124 0.3123760223388672
vt 0.6734709739685059 0.3106970191001892
vt 0.6731839776039124 0.3123760223388672
vt 0.659017026424408 0.3147379755973816
vt 0.659017026424408 0.3147379755973816
vt 0.6591269969940186 0.3130180239677429
vt 0.6734709739685059 0.3106970191001892
vt 0.69343501329422 0.10621798038482666
vt 0.7210069894790649 0.14916998147964478
vt 0.6841650009155273 0.08154600858688354
vt 0.6746780276298523 0.05473899841308594
vt 0.6389449834823608 0.02923297882080078
vt 0.6661670207977295 0.03820699453353882
vt 0.5902720093727112 0.024393975734710693
vt 0.6135749816894531 0.025241971015930176
vt 0.5379239916801453 0.06345200538635254
vt 0.5477160215377808 0.04456597566604614
vt 0.5293110013008118 0.10373502969741821
vt 0.5577999949455261 0.32322901487350464
vt 0.5447360277175903 0.3228200078010559
vt 0.5444200038909912 0.3208690285682678
vt 0.5444200038909912 0.3208690285682678
vt 0.5575019717216492 0.32133400440216064
vt 0.5577999949455261 0.32322901487350464
vt 0.7352849841117859 0.32824498414993286
vt 0.7616080045700073 0.3626300096511841
vt 0.7333909869194031 0.31275802850723267
vt 0.7338579893112183 0.3109769821166992
vt 0.7333909869194031 0.31275802850723267
vt 0.7190750241279602 0.3125569820404053
vt 0.7190750241279602 0.3125569820404053
vt 0.7194169759750366 0.31067001819610596
vt 0.7338579893112183 0.3109769821166992
vt 0.7455400228500366 0.2652140259742737
vt 0.7417309880256653 0.2809780240058899
vt 0.7551069855690002 0.2424589991569519
vt 0.7613480091094971 0.23151999711990356
vt 0.7678430080413818 0.22328799962997437
vt 0.6269569993019104 0.31727898120880127
vt 0.6270040273666382 0.3189929723739624
vt 0.6086620092391968 0.320904016494751
vt 0.6086620092391968 0.320904016494751
vt 0.6084949970245361 0.3191859722137451
vt 0.6269569993019104 0.31727898120880127
vt 0.5101420283317566 0.39906102418899536
vt 0.5186880230903625 0.31666100025177
vt 0.5189419984817505 0.31859397888183594
vt 0.5029360055923462 0.31688398122787476
vt 0.5029360055923462 0.31688398122787476
vt 0.5025879740715027 0.3150699734687805
vt 0.5186880230903625 0.31666100025177
vt 0.8369560241699219 0.038568973541259766
vt 0.8269129991531372 0.04455000162124634
vt 0.5600110292434692 0.030619025230407715
vt 0.5574340224266052 0.038133978843688965
vt 0.5622479915618896 0.038793981075286865
vt 0.5718809962272644 0.3219580054283142
vt 0.5902510285377502 0.3199959993362427
vt 0.5904979705810547 0.3217740058898926
vt 0.5904979705810547 0.3217740058898926
vt 0.5721020102500916 0.3238210082054138
vt 0.5718809962272644 0.3219580054283142
vt 0.843986988067627 0.28404897451400757
vt 0.8474699854850769 0.3003309965133667
vt 0.7979469895362854 0.30553901195526123
vt 0.8150740265846252 0.25829797983169556
vt 0.8277729749679565 0.26960599422454834
vt 0.7761399745941162 0.26022398471832275
vt 0.7958269715309143 0.25925201177597046
vt 0.7636889815330505 0.27129900455474854
vt 0.751899003982544 0.32702702283859253
vt 0.7474979758262634 0.308322012424469
vt 0.7807999849319458 0.352774977684021
vt 0.7640039920806885 0.34301602840423584
vt 0.8197479844093323 0.35085201263427734
vt 0.8011350035667419 0.3538050055503845
vt 0.8459240198135376 0.3223879933357239
vt 0.8354719877243042 0.3395559787750244
vt 0.7499690055847168 0.28869199752807617
vt 0.5718809962272644 0.3219580054283142
vt 0.5575019717216492 0.32133400440216064
vt 0.5902510285377502 0.3199959993362427
vt 0.6084949970245361 0.3191859722137451
vt 0.6269569993019104 0.31727898120880127
vt 0.6457059979438782 0.31575798988342285
vt 0.6591269969940186 0.3130180239677429
vt 0.6734709739685059 0.3106970191001892
vt 0.6918820142745972 0.3104429841041565
vt 0.7041199803352356 0.3095409870147705
vt 0.7194169759750366 0.31067001819610596
vt 0.7338579893112183 0.3109769821166992
vt 0.5025879740715027 0.3150699734687805
vt 0.4912460148334503 0.31409502029418945
vt 0.5186880230903625 0.31666100025177
vt 0.5305830240249634 0.3192179799079895
vt 0.5444200038909912 0.3208690285682678
vt 0.7360140085220337 0.16876697540283203
vt 0.7474830150604248 0.18752801418304443
vt 0.7614859938621521 0.20108002424240112
vt 0.7751250267028809 0.21405798196792603
vt 0.43863001465797424 0.22421401739120483
vt 0.458079993724823 0.20719802379608154
vt 0.8411239981651306 0.11611300706863403
vt 0.8332880139350891 0.03554302453994751
vt 0.5525190234184265 0.03530400991439819
vt 0.5570989847183228 0.03938901424407959
vt 0.6667919754981995 0.04412001371383667
vt 0.6700249910354614 0.04159200191497803
vt 0.029590999707579613 0.8650130033493042
vt 0.0500200018286705 0.8355150073766708
vt 0.06864000111818314 0.8465400040149689
vt 0.05769599974155426 0.8772969990968704
vt 0.029590999707579613 0.8650130033493042
vt 0.010197999887168407 0.8366869986057281
vt 0.03711500018835068 0.8179749995470047
vt 0.0500200018286705 0.8355150073766708
vt 0.010197999887168407 0.8366869986057281
vt 0.0022700000554323196 0.8061150014400482
vt 0.03432700037956238 0.7975780069828033
vt 0.03711500018835068 0.8179749995470047
vt 0.0022700000554323196 0.8061150014400482
vt 0.007036999799311161 0.7808530032634735
vt 0.04464099928736687 0.7792630046606064
vt 0.03432700037956238 0.7975780069828033
vt 0.007036999799311161 0.7808530032634735
vt 0.015977999195456505 0.7617280036211014
vt 0.05954800173640251 0.7652920037508011
vt 0.04464099928736687 0.7792630046606064
vt 0.11788500100374222 0.8704870045185089
vt 0.11083000153303146 0.8315609991550446
vt 0.11971399933099747 0.8131349980831146
vt 0.13631799817085266 0.8562269955873489
vt 0.09043899923563004 0.878711000084877
vt 0.09285599738359451 0.8458479940891266
vt 0.11083000153303146 0.8315609991550446
vt 0.11788500100374222 0.8704870045185089
vt 0.05769599974155426 0.8772969990968704
vt 0.06864000111818314 0.8465400040149689
vt 0.09285599738359451 0.8458479940891266
vt 0.09043899923563004 0.878711000084877
vt 0.08955000340938568 0.8060639947652817
vt 0.08196300268173218 0.7997570037841797
vt 0.09474900364875793 0.7838239967823029
vt 0.08196300268173218 0.7997570037841797
vt 0.07342600077390671 0.7930800020694733
vt 0.09474900364875793 0.7838239967823029
vt 0.07342600077390671 0.7930800020694733
vt 0.06684699654579163 0.7850109934806824
vt 0.09474900364875793 0.7838239967823029
vt 0.06635499745607376 0.7770529985427856
vt 0.06635499745607376 0.7770529985427856
vt 0.06908299773931503 0.7697689980268478
vt 0.09474900364875793 0.7838239967823029
vt 0.11350499838590622 0.801939994096756
vt 0.10824699699878693 0.8088829964399338
vt 0.09474900364875793 0.7838239967823029
vt 0.10824699699878693 0.8088829964399338
vt 0.09986799955368042 0.8101190030574799
vt 0.09474900364875793 0.7838239967823029
vt 0.03711500018835068 0.8179749995470047
vt 0.0500200018286705 0.8355150073766708
vt 0.06864000111818314 0.8465400040149689
vt 0.029590999707579613 0.8650130033493042
vt 0.0500200018286705 0.8355150073766708
vt 0.06864000111818314 0.8465400040149689
vt 0.05769599974155426 0.8772969990968704
vt 0.029590999707579613 0.8650130033493042
vt 0.010197999887168407 0.8366869986057281
vt 0.03711500018835068 0.8179749995470047
vt 0.0500200018286705 0.8355150073766708
vt 0.010197999887168407 0.8366869986057281
vt 0.0022700000554323196 0.8061150014400482
vt 0.03432700037956238 0.7975780069828033
vt 0.03711500018835068 0.8179749995470047
vt 0.0022700000554323196 0.8061150014400482
vt 0.007036999799311161 0.7808530032634735
vt 0.04464099928736687 0.7792630046606064
vt 0.03432700037956238 0.7975780069828033
vt 0.007036999799311161 0.7808530032634735
vt 0.015977999195456505 0.7617280036211014
vt 0.05954800173640251 0.7652920037508011
vt 0.04464099928736687 0.7792630046606064
vt 0.11788500100374222 0.8704870045185089
vt 0.11083000153303146 0.8315609991550446
vt 0.11971399933099747 0.8131349980831146
vt 0.13631799817085266 0.8562269955873489
vt 0.09043899923563004 0.878711000084877
vt 0.09285599738359451 0.8458479940891266
vt 0.11083000153303146 0.8315609991550446
vt 0.11788500100374222 0.8704870045185089
vt 0.05769599974155426 0.8772969990968704
vt 0.06864000111818314 0.8465400040149689
vt 0.09285599738359451 0.8458479940891266
vt 0.09043899923563004 0.878711000084877
vt 0.08955000340938568 0.8060639947652817
vt 0.08196300268173218 0.7997570037841797
vt 0.09474900364875793 0.7838239967823029
vt 0.08196300268173218 0.7997570037841797
vt 0.07342600077390671 0.7930800020694733
vt 0.09474900364875793 0.7838239967823029
vt 0.07342600077390671 0.7930800020694733
vt 0.06684699654579163 0.7850109934806824
vt 0.09474900364875793 0.7838239967823029
vt 0.06635499745607376 0.7770529985427856
vt 0.06635499745607376 0.7770529985427856
vt 0.06908299773931503 0.7697689980268478
vt 0.09474900364875793 0.7838239967823029
vt 0.11350499838590622 0.801939994096756
vt 0.10824699699878693 0.8088829964399338
vt 0.09474900364875793 0.7838239967823029
vt 0.10824699699878693 0.8088829964399338
vt 0.09986799955368042 0.8101190030574799
vt 0.09474900364875793 0.7838239967823029
vt 0.03711500018835068 0.8179749995470047
vt 0.0500200018286705 0.8355150073766708
vt 0.06864000111818314 0.8465400040149689
vt 0.029590999707579613 0.8650130033493042
vt 0.0500200018286705 0.8355150073766708
vt 0.06864000111818314 0.8465400040149689
vt 0.05769599974155426 0.8772969990968704
vt 0.029590999707579613 0.8650130033493042
vt 0.010197999887168407 0.8366869986057281
vt 0.03711500018835068 0.8179749995470047
vt 0.0500200018286705 0.8355150073766708
vt 0.010197999887168407 0.8366869986057281
vt 0.0022700000554323196 0.8061150014400482
vt 0.03432700037956238 0.7975780069828033
vt 0.03711500018835068 0.8179749995470047
vt 0.0022700000554323196 0.8061150014400482
vt 0.007036999799311161 0.7808530032634735
vt 0.04464099928736687 0.7792630046606064
vt 0.03432700037956238 0.7975780069828033
vt 0.007036999799311161 0.7808530032634735
vt 0.015977999195456505 0.7617280036211014
vt 0.05954800173640251 0.7652920037508011
vt 0.04464099928736687 0.7792630046606064
vt 0.11788500100374222 0.8704870045185089
vt 0.11083000153303146 0.8315609991550446
vt 0.11971399933099747 0.8131349980831146
vt 0.13631799817085266 0.8562269955873489
vt 0.09043899923563004 0.878711000084877
vt 0.09285599738359451 0.8458479940891266
vt 0.11083000153303146 0.8315609991550446
vt 0.11788500100374222 0.8704870045185089
vt 0.05769599974155426 0.8772969990968704
vt 0.06864000111818314 0.8465400040149689
vt 0.09285599738359451 0.8458479940891266
vt 0.09043899923563004 0.878711000084877
vt 0.08955000340938568 0.8060639947652817
vt 0.08196300268173218 0.7997570037841797
vt 0.09474900364875793 0.7838239967823029
vt 0.08196300268173218 0.7997570037841797
vt 0.07342600077390671 0.7930800020694733
vt 0.09474900364875793 0.7838239967823029
vt 0.07342600077390671 0.7930800020694733
vt 0.06684699654579163 0.7850109934806824
vt 0.09474900364875793 0.7838239967823029
vt 0.06635499745607376 0.7770529985427856
vt 0.06635499745607376 0.7770529985427856
vt 0.06908299773931503 0.7697689980268478
vt 0.09474900364875793 0.7838239967823029
vt 0.11350499838590622 0.801939994096756
vt 0.10824699699878693 0.8088829964399338
vt 0.09474900364875793 0.7838239967823029
vt 0.10824699699878693 0.8088829964399338
vt 0.09986799955368042 0.8101190030574799
vt 0.09474900364875793 0.7838239967823029
vt 0.03711500018835068 0.8179749995470047
vt 0.0500200018286705 0.8355150073766708
vt 0.06864000111818314 0.8465400040149689

usemtl Material

f 1/1/1 2/2/2 3/3/3
f 3/3/3 4/4/4 1/1/1
f 5/5/5 6/6/6 7/7/7
f 7/7/7 8/8/8 5/5/5
f 9/9/9 10/10/10 6/6/6
f 6/6/6 5/5/5 9/9/9
f 11/11/11 12/12/12 13/13/13
f 13/13/13 14/14/14 11/11/11
f 15/15/15 16/16/16 17/17/17
f 17/17/17 18/18/18 15/15/15
f 19/19/19 20/20/20 21/21/21
f 21/21/21 22/22/22 19/19/19
f 23/23/23 24/24/24 25/25/25
f 25/25/25 26/26/26 23/23/23
f 4/4/4 3/3/3 27/27/27
f 27/27/27 28/28/28 4/4/4
f 29/29/29 30/30/30 31/31/31
f 31/31/31 32/32/32 29/29/29
f 33/33/33 34/34/34 35/35/35
f 35/35/35 36/36/36 33/33/33
f 37/37/37 38/38/38 39/39/39
f 39/39/39 40/40/40 37/37/37
f 41/41/41 42/42/42 43/43/43
f 43/43/43 44/44/44 41/41/41
f 45/45/45 46/46/46 47/47/47
f 47/47/47 48/48/48 45/45/45
f 49/49/49 50/50/50 51/51/51
f 51/51/51 52/52/52 49/49/49
f 53/53/53 54/54/54 55/55/55
f 55/55/55 56/56/56 53/53/53
f 57/57/57 56/56/56 55/55/55
f 55/55/55 58/58/58 57/57/57
f 59/59/59 60/60/60 61/61/61
f 61/61/61 62/62/62 59/59/59
f 63/63/63 59/59/59 62/62/62
f 62/62/62 64/64/64 63/63/63
f 65/65/65 66/66/66 67/67/67
f 67/67/67 68/68/68 65/65/65
f 69/69/69 70/70/70 71/71/71
f 71/71/71 72/72/72 69/69/69
f 73/73/73 74/74/74 75/75/75
f 75/75/75 76/76/76 73/73/73
f 50/50/50 77/77/77 78/78/78
f 78/78/78 51/51/51 50/50/50
f 54/54/54 79/79/79 80/80/80
f 80/80/80 55/55/55 54/54/54
f 55/55/55 80/80/80 81/81/81
f 81/81/81 58/58/58 55/55/55
f 62/62/62 61/61/61 82/82/82
f 82/82/82 83/83/83 62/62/62
f 64/64/64 62/62/62 83/83/83
f 83/83/83 84/84/84 64/64/64
f 68/68/68 67/67/67 85/85/85
f 85/85/85 86/86/86 68/68/68
f 70/70/70 87/87/87 88/88/88
f 88/88/88 71/71/71 70/70/70
f 89/89/89 90/90/90 91/91/91
f 91/91/91 92/92/92 89/89/89
f 93/93/93 94/94/94 95/95/95
f 95/95/95 96/96/96 93/93/93
f 97/97/97 98/98/98 99/99/99
f 99/99/99 100/100/100 97/97/97
f 101/101/101 102/102/102 103/103/103
f 103/103/103 104/104/104 101/101/101
f 105/105/105 106/106/106 90/90/90
f 90/90/90 89/89/89 105/105/105
f 107/107/107 108/108/108 109/109/109
f 109/109/109 110/110/110 107/107/107
f 17/17/17 111/111/111 112/112/112
f 112/112/112 18/18/18 17/17/17
f 13/13/13 113/113/113 114/114/114
f 114/114/114 14/14/14 13/13/13
f 6/6/6 10/10/10 115/115/115
f 115/115/115 116/116/116 6/6/6
f 7/7/7 6/6/6 116/116/116
f 116/116/116 117/117/117 7/7/7
f 3/3/3 2/2/2 118/118/118
f 118/118/118 119/119/119 3/3/3
f 27/27/27 3/3/3 119/119/119
f 119/119/119 120/120/120 27/27/27
f 24/24/24 121/121/121 122/122/122
f 122/122/122 25/25/25 24/24/24
f 21/21/21 123/123/123 124/124/124
f 124/124/124 22/22/22 21/21/21
f 94/94/94 125/125/125 126/126/126
f 126/126/126 95/95/95 94/94/94
f 127/127/127 128/128/128 129/129/129
f 129/129/129 130/130/130 127/127/127
f 131/131/131 132/132/132 133/133/133
f 133/133/133 134/134/134 131/131/131
f 135/135/135 136/136/136 30/30/30
f 30/30/30 29/29/29 135/135/135
f 34/34/34 33/33/33 137/137/137
f 137/137/137 138/138/138 34/34/34
f 139/139/139 31/31/31 30/30/30
f 30/30/30 136/136/136 139/139/139
f 140/140/140 141/141/141 142/142/142
f 142/142/142 143/143/143 140/140/140
f 127/127/127 144/144/144 145/145/145
f 145/145/145 128/128/128 127/127/127
f 146/146/146 147/147/147 148/148/148
f 148/148/148 149/149/149 146/146/146
f 150/150/150 151/151/151 95/95/95
f 95/95/95 126/126/126 150/150/150
f 152/152/152 153/153/153 140/140/140
f 140/140/140 154/154/154 152/152/152
f 153/153/153 155/155/155 141/141/141
f 141/141/141 140/140/140 153/153/153
f 134/134/134 156/156/156 157/157/157
f 157/157/157 131/131/131 134/134/134
f 158/158/158 159/159/159 160/160/160
f 160/160/160 161/161/161 158/158/158
f 162/162/162 58/58/58 81/81/81
f 81/81/81 163/163/163 162/162/162
f 164/164/164 57/57/57 58/58/58
f 58/58/58 162/162/162 164/164/164
f 165/165/165 7/7/7 117/117/117
f 117/117/117 166/166/166 165/165/165
f 8/8/8 7/7/7 165/165/165
f 165/165/165 167/167/167 8/8/8
f 29/29/29 32/32/32 125/125/125
f 125/125/125 94/94/94 29/29/29
f 93/93/93 135/135/135 29/29/29
f 29/29/29 94/94/94 93/93/93
f 110/110/110 36/36/36 35/35/35
f 35/35/35 107/107/107 110/110/110
f 155/155/155 131/131/131 157/157/157
f 157/157/157 141/141/141 155/155/155
f 141/141/141 157/157/157 168/168/168
f 168/168/168 142/142/142 141/141/141
f 158/158/158 161/161/161 169/169/169
f 169/169/169 170/170/170 158/158/158
f 16/16/16 171/171/171 172/172/172
f 172/172/172 17/17/17 16/16/16
f 111/111/111 17/17/17 172/172/172
f 172/172/172 173/173/173 111/111/111
f 46/46/46 45/45/45 174/174/174
f 174/174/174 175/175/175 46/46/46
f 74/74/74 73/73/73 176/176/176
f 176/176/176 177/177/177 74/74/74
f 178/178/178 100/100/100 99/99/99
f 99/99/99 179/179/179 178/178/178
f 104/104/104 103/103/103 146/146/146
f 146/146/146 149/149/149 104/104/104
f 106/106/106 144/144/144 127/127/127
f 127/127/127 90/90/90 106/106/106
f 90/90/90 127/127/127 130/130/130
f 130/130/130 91/91/91 90/90/90
f 96/96/96 95/95/95 151/151/151
f 151/151/151 180/180/180 96/96/96
f 108/108/108 181/181/181 182/182/182
f 182/182/182 109/109/109 108/108/108
f 151/151/151 183/183/183 184/184/184
f 184/184/184 180/180/180 151/151/151
f 182/182/182 181/181/181 185/185/185
f 185/185/185 186/186/186 182/182/182
f 187/187/187 178/178/178 179/179/179
f 179/179/179 188/188/188 187/187/187
f 189/189/189 133/133/133 132/132/132
f 132/132/132 190/190/190 189/189/189
f 191/191/191 189/189/189 190/190/190
f 190/190/190 192/192/192 191/191/191
f 193/193/193 194/194/194 195/195/195
f 195/195/195 196/196/196 193/193/193
f 197/197/197 198/198/198 199/199/199
f 199/199/199 200/200/200 197/197/197
f 201/201/201 183/183/183 151/151/151
f 151/151/151 150/150/150 201/201/201
f 202/202/202 203/203/203 204/204/204
f 205/205/205 206/206/206 207/207/207
f 208/208/208 209/209/209 210/210/210
f 211/211/211 212/212/212 213/213/213
f 214/214/214 215/215/215 216/216/216
f 217/217/217 218/218/218 219/219/219
f 220/220/220 221/221/221 222/222/222
f 223/223/223 224/224/224 225/225/225
f 226/226/226 227/227/227 228/228/228
f 229/229/229 230/230/230 231/231/231
f 232/232/232 233/233/233 234/234/234
f 235/235/235 236/236/236 237/237/237
f 238/238/238 239/239/239 240/240/240
f 241/241/241 242/242/242 243/243/243
f 244/244/244 245/245/245 246/246/246
f 247/247/247 248/248/248 249/249/249
f 250/250/250 251/251/251 252/252/252
f 253/253/253 254/254/254 255/255/255
f 256/256/256 257/257/257 258/258/258
f 259/259/259 260/260/260 261/261/261
f 262/262/262 263/263/263 264/264/264
f 264/264/264 265/265/265 262/262/262
f 263/263/263 262/262/262 266/266/266
f 266/266/266 267/267/267 263/263/263
f 268/268/268 269/269/269 270/270/270
f 270/270/270 271/271/271 268/268/268
f 272/272/272 273/273/273 274/274/274
f 274/274/274 275/275/275 272/272/272
f 276/276/276 272/272/272 275/275/275
f 275/275/275 277/277/277 276/276/276
f 278/278/278 276/276/276 277/277/277
f 277/277/277 279/279/279 278/278/278
f 280/280/280 281/281/281 282/282/282
f 282/282/282 283/283/283 280/280/280
f 284/284/284 280/280/280 283/283/283
f 283/283/283 285/285/285 284/284/284
f 286/286/286 287/287/287 288/288/288
f 288/288/288 289/289/289 286/286/286
f 290/290/290 291/291/291 292/292/292
f 292/292/292 293/293/293 290/290/290
f 123/123/123 290/290/290 293/293/293
f 293/293/293 124/124/124 123/123/123
f 263/263/263 111/111/111 173/173/173
f 173/173/173 264/264/264 263/263/263
f 111/111/111 263/263/263 267/267/267
f 267/267/267 112/112/112 111/111/111
f 113/113/113 270/270/270 269/269/269
f 269/269/269 114/114/114 113/113/113
f 116/116/116 115/115/115 273/273/273
f 273/273/273 272/272/272 116/116/116
f 117/117/117 116/116/116 272/272/272
f 272/272/272 276/276/276 117/117/117
f 166/166/166 117/117/117 276/276/276
f 276/276/276 278/278/278 166/166/166
f 119/119/119 118/118/118 281/281/281
f 281/281/281 280/280/280 119/119/119
f 120/120/120 119/119/119 280/280/280
f 280/280/280 284/284/284 120/120/120
f 289/289/289 122/122/122 121/121/121
f 121/121/121 286/286/286 289/289/289
f 61/61/61 294/294/294 295/295/295
f 295/295/295 82/82/82 61/61/61
f 60/60/60 296/296/296 294/294/294
f 294/294/294 61/61/61 60/60/60
f 297/297/297 298/298/298 299/299/299
f 300/300/300 301/301/301 302/302/302
f 281/281/281 278/278/278 279/279/279
f 279/279/279 282/282/282 281/281/281
f 118/118/118 166/166/166 278/278/278
f 278/278/278 281/281/281 118/118/118
f 2/2/2 165/165/165 166/166/166
f 166/166/166 118/118/118 2/2/2
f 167/167/167 165/165/165 2/2/2
f 2/2/2 1/1/1 167/167/167
f 92/92/92 91/91/91 303/303/303
f 303/303/303 304/304/304 92/92/92
f 91/91/91 130/130/130 305/305/305
f 305/305/305 303/303/303 91/91/91
f 305/305/305 130/130/130 129/129/129
f 129/129/129 306/306/306 305/305/305
f 307/307/307 308/308/308 42/42/42
f 42/42/42 41/41/41 307/307/307
f 309/309/309 310/310/310 38/38/38
f 38/38/38 37/37/37 309/309/309
f 311/311/311 312/312/312 188/188/188
f 188/188/188 179/179/179 311/311/311
f 99/99/99 313/313/313 311/311/311
f 311/311/311 179/179/179 99/99/99
f 98/98/98 170/170/170 313/313/313
f 313/313/313 99/99/99 98/98/98
f 171/171/171 19/19/19 22/22/22
f 22/22/22 172/172/172 171/171/171
f 22/22/22 124/124/124 173/173/173
f 173/173/173 172/172/172 22/22/22
f 124/124/124 293/293/293 264/264/264
f 264/264/264 173/173/173 124/124/124
f 265/265/265 264/264/264 293/293/293
f 293/293/293 292/292/292 265/265/265
f 314/314/314 315/315/315 316/316/316
f 317/317/317 318/318/318 319/319/319
f 175/175/175 174/174/174 72/72/72
f 72/72/72 71/71/71 175/175/175
f 71/71/71 88/88/88 177/177/177
f 177/177/177 175/175/175 71/71/71
f 320/320/320 321/321/321 79/79/79
f 79/79/79 54/54/54 320/320/320
f 322/322/322 320/320/320 54/54/54
f 54/54/54 53/53/53 322/322/322
f 323/323/323 324/324/324 325/325/325
f 326/326/326 327/327/327 328/328/328
f 274/274/274 273/273/273 329/329/329
f 329/329/329 330/330/330 274/274/274
f 115/115/115 331/331/331 329/329/329
f 329/329/329 273/273/273 115/115/115
f 10/10/10 332/332/332 331/331/331
f 331/331/331 115/115/115 10/10/10
f 333/333/333 332/332/332 10/10/10
f 10/10/10 9/9/9 333/333/333
f 138/138/138 139/139/139 136/136/136
f 136/136/136 34/34/34 138/138/138
f 35/35/35 34/34/34 136/136/136
f 136/136/136 135/135/135 35/35/35
f 93/93/93 107/107/107 35/35/35
f 35/35/35 135/135/135 93/93/93
f 107/107/107 93/93/93 96/96/96
f 96/96/96 108/108/108 107/107/107
f 108/108/108 96/96/96 180/180/180
f 180/180/180 181/181/181 108/108/108
f 180/180/180 184/184/184 185/185/185
f 185/185/185 181/181/181 180/180/180
f 198/198/198 196/196/196 195/195/195
f 195/195/195 199/199/199 198/198/198
f 310/310/310 307/307/307 41/41/41
f 41/41/41 38/38/38 310/310/310
f 44/44/44 39/39/39 38/38/38
f 38/38/38 41/41/41 44/44/44
f 149/149/149 148/148/148 145/145/145
f 145/145/145 144/144/144 149/149/149
f 104/104/104 149/149/149 144/144/144
f 144/144/144 106/106/106 104/104/104
f 101/101/101 104/104/104 106/106/106
f 106/106/106 105/105/105 101/101/101
f 28/28/28 27/27/27 24/24/24
f 24/24/24 23/23/23 28/28/28
f 27/27/27 120/120/120 121/121/121
f 121/121/121 24/24/24 27/27/27
f 120/120/120 284/284/284 286/286/286
f 286/286/286 121/121/121 120/120/120
f 286/286/286 284/284/284 285/285/285
f 285/285/285 287/287/287 286/286/286
f 334/334/334 335/335/335 336/336/336
f 337/337/337 338/338/338 339/339/339
f 66/66/66 63/63/63 64/64/64
f 64/64/64 67/67/67 66/66/66
f 67/67/67 64/64/64 84/84/84
f 84/84/84 85/85/85 67/67/67
f 47/47/47 340/340/340 77/77/77
f 77/77/77 50/50/50 47/47/47
f 48/48/48 47/47/47 50/50/50
f 50/50/50 49/49/49 48/48/48
f 341/341/341 342/342/342 343/343/343
f 344/344/344 345/345/345 346/346/346
f 271/271/271 270/270/270 267/267/267
f 267/267/267 266/266/266 271/271/271
f 112/112/112 267/267/267 270/270/270
f 270/270/270 113/113/113 112/112/112
f 18/18/18 112/112/112 113/113/113
f 113/113/113 13/13/13 18/18/18
f 12/12/12 15/15/15 18/18/18
f 18/18/18 13/13/13 12/12/12
f 153/153/153 152/152/152 137/137/137
f 137/137/137 33/33/33 153/153/153
f 153/153/153 33/33/33 36/36/36
f 36/36/36 155/155/155 153/153/153
f 155/155/155 36/36/36 110/110/110
f 110/110/110 131/131/131 155/155/155
f 109/109/109 132/132/132 131/131/131
f 131/131/131 110/110/110 109/109/109
f 109/109/109 182/182/182 190/190/190
f 190/190/190 132/132/132 109/109/109
f 190/190/190 182/182/182 186/186/186
f 186/186/186 192/192/192 190/190/190
f 193/193/193 347/347/347 348/348/348
f 348/348/348 194/194/194 193/193/193
f 349/349/349 309/309/309 37/37/37
f 37/37/37 350/350/350 349/349/349
f 351/351/351 350/350/350 37/37/37
f 37/37/37 40/40/40 351/351/351
f 178/178/178 187/187/187 147/147/147
f 147/147/147 146/146/146 178/178/178
f 100/100/100 178/178/178 146/146/146
f 146/146/146 103/103/103 100/100/100
f 97/97/97 100/100/100 103/103/103
f 103/103/103 102/102/102 97/97/97
f 26/26/26 25/25/25 21/21/21
f 21/21/21 20/20/20 26/26/26
f 25/25/25 122/122/122 123/123/123
f 123/123/123 21/21/21 25/25/25
f 290/290/290 123/123/123 122/122/122
f 122/122/122 289/289/289 290/290/290
f 290/290/290 289/289/289 288/288/288
f 288/288/288 291/291/291 290/290/290
f 352/352/352 353/353/353 354/354/354
f 355/355/355 356/356/356 357/357/357
f 69/69/69 65/65/65 68/68/68
f 68/68/68 70/70/70 69/69/69
f 70/70/70 68/68/68 86/86/86
f 86/86/86 87/87/87 70/70/70
f 358/358/358 359/359/359 360/360/360
f 361/361/361 362/362/362 360/360/360
f 363/363/363 364/364/364 360/360/360
f 365/365/365 363/363/363 360/360/360
f 366/366/366 367/367/367 360/360/360
f 368/368/368 369/369/369 360/360/360
f 370/370/370 371/371/371 360/360/360
f 372/372/372 373/373/373 360/360/360
f 374/374/374 365/365/365 360/360/360
f 359/359/359 372/372/372 360/360/360
f 367/367/367 374/374/374 360/360/360
f 373/373/373 370/370/370 360/360/360
f 364/364/364 361/361/361 360/360/360
f 369/369/369 366/366/366 360/360/360
f 362/362/362 358/358/358 360/360/360
f 371/371/371 368/368/368 360/360/360
f 291/291/291 375/375/375 376/376/376
f 376/376/376 292/292/292 291/291/291
f 377/377/377 375/375/375 291/291/291
f 291/291/291 288/288/288 377/377/377
f 377/377/377 288/288/288 287/287/287
f 287/287/287 378/378/378 377/377/377
f 285/285/285 379/379/379 378/378/378
f 378/378/378 287/287/287 285/285/285
f 285/285/285 283/283/283 380/380/380
f 380/380/380 379/379/379 285/285/285
f 283/283/283 282/282/282 381/381/381
f 381/381/381 380/380/380 283/283/283
f 282/282/282 279/279/279 382/382/382
f 382/382/382 381/381/381 282/282/282
f 279/279/279 277/277/277 383/383/383
f 383/383/383 382/382/382 279/279/279
f 277/277/277 275/275/275 384/384/384
f 384/384/384 383/383/383 277/277/277
f 275/275/275 274/274/274 385/385/385
f 385/385/385 384/384/384 275/275/275
f 274/274/274 330/330/330 386/386/386
f 386/386/386 385/385/385 274/274/274
f 271/271/271 387/387/387 388/388/388
f 388/388/388 268/268/268 271/271/271
f 266/266/266 389/389/389 387/387/387
f 387/387/387 271/271/271 266/266/266
f 262/262/262 390/390/390 389/389/389
f 389/389/389 266/266/266 262/262/262
f 390/390/390 262/262/262 265/265/265
f 265/265/265 391/391/391 390/390/390
f 391/391/391 265/265/265 292/292/292
f 292/292/292 376/376/376 391/391/391
f 170/170/170 98/98/98 19/19/19
f 19/19/19 171/171/171 170/170/170
f 98/98/98 97/97/97 20/20/20
f 20/20/20 19/19/19 98/98/98
f 102/102/102 26/26/26 20/20/20
f 20/20/20 97/97/97 102/102/102
f 101/101/101 23/23/23 26/26/26
f 26/26/26 102/102/102 101/101/101
f 105/105/105 28/28/28 23/23/23
f 23/23/23 101/101/101 105/105/105
f 89/89/89 4/4/4 28/28/28
f 28/28/28 105/105/105 89/89/89
f 92/92/92 1/1/1 4/4/4
f 4/4/4 89/89/89 92/92/92
f 304/304/304 167/167/167 1/1/1
f 1/1/1 92/92/92 304/304/304
f 392/392/392 8/8/8 167/167/167
f 167/167/167 304/304/304 392/392/392
f 393/393/393 5/5/5 8/8/8
f 8/8/8 392/392/392 393/393/393
f 394/394/394 9/9/9 5/5/5
f 5/5/5 393/393/393 394/394/394
f 395/395/395 333/333/333 9/9/9
f 9/9/9 394/394/394 395/395/395
f 396/396/396 397/397/397 12/12/12
f 12/12/12 11/11/11 396/396/396
f 397/397/397 159/159/159 15/15/15
f 15/15/15 12/12/12 397/397/397
f 159/159/159 158/158/158 16/16/16
f 16/16/16 15/15/15 159/159/159
f 158/158/158 170/170/170 171/171/171
f 171/171/171 16/16/16 158/158/158
f 398/398/398 200/200/200 183/183/183
f 183/183/183 201/201/201 398/398/398
f 184/184/184 183/183/183 200/200/200
f 200/200/200 199/199/199 184/184/184
f 185/185/185 184/184/184 199/199/199
f 199/199/199 195/195/195 185/185/185
f 185/185/185 195/195/195 194/194/194
f 194/194/194 186/186/186 185/185/185
f 186/186/186 194/194/194 348/348/348
f 348/348/348 192/192/192 186/186/186
f 399/399/399 191/191/191 192/192/192
f 192/192/192 348/348/348 399/399/399
f 312/312/312 400/400/400 401/401/401
f 401/401/401 188/188/188 312/312/312
f 187/187/187 188/188/188 401/401/401
f 401/401/401 351/351/351 187/187/187
f 147/147/147 187/187/187 351/351/351
f 351/351/351 40/40/40 147/147/147
f 148/148/148 147/147/147 40/40/40
f 40/40/40 39/39/39 148/148/148
f 148/148/148 39/39/39 44/44/44
f 44/44/44 145/145/145 148/148/148
f 145/145/145 44/44/44 43/43/43
f 43/43/43 128/128/128 145/145/145
f 128/128/128 43/43/43 402/402/402
f 402/402/402 129/129/129 128/128/128
f 306/306/306 129/129/129 402/402/402
f 402/402/402 403/403/403 306/306/306
f 404/404/404 405/405/405 406/406/406
f 406/406/406 407/407/407 404/404/404
f 408/408/408 409/409/409 410/410/410
f 410/410/410 411/411/411 408/408/408
f 412/412/412 413/413/413 414/414/414
f 414/414/414 415/415/415 412/412/412
f 416/416/416 417/417/417 418/418/418
f 418/418/418 419/419/419 416/416/416
f 420/420/420 421/421/421 422/422/422
f 422/422/422 423/423/423 420/420/420
f 424/424/424 425/425/425 426/426/426
f 426/426/426 427/427/427 424/424/424
f 428/428/428 429/429/429 430/430/430
f 430/430/430 431/431/431 428/428/428
f 432/432/432 433/433/433 434/434/434
f 434/434/434 435/435/435 432/432/432
f 436/436/436 437/437/437 438/438/438
f 439/439/439 440/440/440 441/441/441
f 442/442/442 443/443/443 444/444/444
f 443/443/443 445/445/445 444/444/444
f 446/446/446 447/447/447 448/448/448
f 449/449/449 450/450/450 451/451/451
f 452/452/452 453/453/453 454/454/454
f 453/453/453 436/436/436 438/438/438
f 430/430/430 429/429/429 453/453/453
f 453/453/453 452/452/452 430/430/430
f 426/426/426 425/425/425 450/450/450
f 450/450/450 449/449/449 426/426/426
f 422/422/422 447/447/447 446/446/446
f 446/446/446 423/423/423 422/422/422
f 418/418/418 445/445/445 443/443/443
f 443/443/443 419/419/419 418/418/418
f 419/419/419 443/443/443 442/442/442
f 440/440/440 455/455/455 419/419/419
f 455/455/455 440/440/440 439/439/439
f 439/439/439 456/456/456 455/455/455
f 457/457/457 456/456/456 437/437/437
f 437/437/437 436/436/436 457/457/457
f 429/429/429 457/457/457 436/436/436
f 436/436/436 453/453/453 429/429/429
f 458/458/458 459/459/459 460/460/460
f 460/460/460 461/461/461 458/458/458
f 462/462/462 463/463/463 464/464/464
f 464/464/464 465/465/465 462/462/462
f 466/466/466 467/467/467 468/468/468
f 468/468/468 469/469/469 466/466/466
f 470/470/470 471/471/471 472/472/472
f 472/472/472 473/473/473 470/470/470
f 474/474/474 475/475/475 476/476/476
f 476/476/476 477/477/477 474/474/474
f 478/478/478 479/479/479 480/480/480
f 480/480/480 481/481/481 478/478/478
f 482/482/482 483/483/483 484/484/484
f 484/484/484 485/485/485 482/482/482
f 486/486/486 487/487/487 488/488/488
f 488/488/488 489/489/489 486/486/486
f 490/490/490 491/491/491 492/492/492
f 493/493/493 494/494/494 495/495/495
f 496/496/496 497/497/497 498/498/498
f 497/497/497 499/499/499 498/498/498
f 500/500/500 501/501/501 502/502/502
f 503/503/503 504/504/504 505/505/505
f 506/506/506 507/507/507 508/508/508
f 507/507/507 490/490/490 492/492/492
f 484/484/484 483/483/483 507/507/507
f 507/507/507 506/506/506 484/484/484
f 480/480/480 479/479/479 504/504/504
f 504/504/504 503/503/503 480/480/480
f 476/476/476 501/501/501 500/500/500
f 500/500/500 477/477/477 476/476/476
f 472/472/472 499/499/499 497/497/497
f 497/497/497 473/473/473 472/472/472
f 473/473/473 497/497/497 496/496/496
f 494/494/494 509/509/509 473/473/473
f 509/509/509 494/494/494 493/493/493
f 493/493/493 510/510/510 509/509/509
f 511/511/511 510/510/510 491/491/491
f 491/491/491 490/490/490 511/511/511
f 483/483/483 511/511/511 490/490/490
f 490/490/490 507/507/507 483/483/483
f 512/512/512 513/513/513 514/514/514
f 514/514/514 515/515/515 512/512/512
f 516/516/516 517/517/517 518/518/518
f 518/518/518 519/519/519 516/516/516
f 520/520/520 521/521/521 522/522/522
f 522/522/522 523/523/523 520/520/520
f 524/524/524 525/525/525 526/526/526
f 526/526/526 527/527/527 524/524/524
f 528/528/528 529/529/529 530/530/530
f 530/530/530 531/531/531 528/528/528
f 532/532/532 533/533/533 534/534/534
f 534/534/534 535/535/535 532/532/532
f 536/536/536 537/537/537 538/538/538
f 538/538/538 539/539/539 536/536/536
f 540/540/540 541/541/541 542/542/542
f 542/542/542 543/543/543 540/540/540
f 544/544/544 545/545/545 546/546/546
f 547/547/547 548/548/548 549/549/549
f 550/550/550 551/551/551 552/552/552
f 551/551/551 553/553/553 552/552/552
f 554/554/554 555/555/555 556/556/556
f 557/557/557 558/558/558 559/559/559
f 560/560/560 561/561/561 562/562/562
f 561/561/561 544/544/544 546/546/546
f 538/538/538 537/537/537 561/561/561
f 561/561/561 560/560/560 538/538/538
f 534/534/534 533/533/533 558/558/558
f 558/558/558 557/557/557 534/534/534
f 530/530/530 555/555/555 554/554/554
f 554/554/554 531/531/531 530/530/530
f 526/526/526 553/553/553 551/551/551
f 551/551/551 527/527/527 526/526/526
f 527/527/527 551/551/551 550/550/550
f 548/548/548 563/563/563 527/527/527
f 563/563/563 548/548/548 547/547/547
f 547/547/547 564/564/564 563/563/563
f 565/565/565 564/564/564 545/545/545
f 545/545/545 544/544/544 565/565/565
f 537/537/537 565/565/565 544/544/544
f 544/544/544 561/561/561 537/537/537