# This file is brought to you by Roblox Corporation
# Generated by Roblox Studio

mtllib bundle_107.mtl

g Handle1

v -0.5 5.35 1.01973 
v -0.5 5.35 -0.980272 
v -0.5 4.35 1.01973 
v -0.5 4.35 -0.980272 
v 0.5 5.35 -0.980272 
v -0.5 5.35 -0.980272 
v 0.5 5.35 1.01973 
v -0.5 5.35 1.01973 
v -0.5 5.35 -0.980272 
v 0.5 5.35 -0.980272 
v -0.5 4.35 -0.980272 
v 0.5 4.35 -0.980272 
v 0.5 5.35 -0.980272 
v 0.5 5.35 1.01973 
v 0.5 4.35 -0.980272 
v 0.5 4.35 1.01973 
v 0.5 4.35 1.01973 
v -0.5 4.35 1.01973 
v 0.5 4.35 -0.980272 
v -0.5 4.35 -0.980272 
v 0.5 5.35 1.01973 
v -0.5 5.35 1.01973 
v 0.5 4.35 1.01973 
v -0.5 4.35 1.01973 

vn -1 0 0 
vn -1 0 0 
vn -1 0 0 
vn -1 0 0 
vn 0 1 0 
vn 0 1 0 
vn 0 1 0 
vn 0 1 0 
vn 0 0 -1 
vn 0 0 -1 
vn 0 0 -1 
vn 0 0 -1 
vn 1 0 0 
vn 1 0 0 
vn 1 0 0 
vn 1 0 0 
vn 0 -1 0 
vn 0 -1 0 
vn 0 -1 0 
vn 0 -1 0 
vn 0 0 1 
vn 0 0 1 
vn 0 0 1 
vn 0 0 1 

vt 5 -2.25 
vt 4.75 -2.25 
vt 5 -2.375 
vt 4.75 -2.375 
vt 4.875 -2.25 
vt 4.75 -2.25 
vt 4.875 -2.5 
vt 4.75 -2.5 
vt 4.875 -2.25 
vt 4.75 -2.25 
vt 4.875 -2.375 
vt 4.75 -2.375 
vt 5 -2.25 
vt 4.75 -2.25 
vt 5 -2.375 
vt 4.75 -2.375 
vt 4.875 -2.25 
vt 4.75 -2.25 
vt 4.875 -2.5 
vt 4.75 -2.5 
vt 4.875 -2.25 
vt 4.75 -2.25 
vt 4.875 -2.375 
vt 4.75 -2.375 

usemtl Handle1Mtl

f 1/1/1 2/2/2 3/3/3 
f 3/3/3 2/2/2 4/4/4 
f 5/5/5 6/6/6 7/7/7 
f 7/7/7 6/6/6 8/8/8 
f 9/9/9 10/10/10 11/11/11 
f 11/11/11 10/10/10 12/12/12 
f 13/13/13 14/14/14 15/15/15 
f 15/15/15 14/14/14 16/16/16 
f 17/17/17 18/18/18 19/19/19 
f 19/19/19 18/18/18 20/20/20 
f 21/21/21 22/22/22 23/23/23 
f 23/23/23 22/22/22 24/24/24 

g RedRetroRobot1

v -0.49934 1.3808 0.115263 
v -0.49934 1.37516 0.216176 
v -0.193938 1.3808 0.115263 
v -0.193938 1.37516 0.216176 
v -0.49934 1.05954 0.00962596 
v -0.49934 1.14975 -0.0359421 
v -0.193936 1.05954 0.00962598 
v -0.193938 1.14975 -0.035942 
v -0.49934 1.00419 0.0941959 
v -0.49934 1.05954 0.00962596 
v -0.193938 1.00419 0.094196 
v -0.193936 1.05954 0.00962598 
v -0.193938 1.00419 0.094196 
v -0.49934 1.05954 0.00962596 
v -0.49934 0.998549 0.195109 
v -0.49934 1.00419 0.0941959 
v -0.193939 0.998549 0.195109 
v -0.193938 1.00419 0.094196 
v -0.49934 1.04411 0.285324 
v -0.193939 1.04411 0.285324 
v -0.49934 1.12868 0.34067 
v -0.193938 1.12868 0.340669 
v -0.49934 1.2296 0.346314 
v -0.193938 1.2296 0.346314 
v -0.49934 1.31981 0.300746 
v -0.193938 1.31981 0.300746 
v -0.243559 1.18968 0.155186 
v -0.243558 1.27558 0.137243 
v -0.243558 1.27304 0.182598 
v -0.243559 1.18968 0.155186 
v -0.243558 1.13119 0.089765 
v -0.243558 1.17173 0.069285 
v -0.243559 1.18968 0.155186 
v -0.243558 1.10631 0.127775 
v -0.243558 1.13119 0.089765 
v -0.243559 1.10377 0.173129 
v -0.243558 1.10631 0.127775 
v -0.243559 1.12425 0.213676 
v -0.243558 1.16226 0.23855 
v -0.243558 1.20762 0.241087 
v -0.243558 1.24817 0.220607 
v -0.193938 1.34548 0.206417 
v -0.193938 1.35022 0.12165 
v -0.193938 1.37516 0.216176 
v -0.193938 1.3808 0.115263 
v -0.193938 1.15614 -0.00536201 
v -0.193936 1.08036 0.032915 
v -0.193938 1.14975 -0.035942 
v -0.193936 1.05954 0.00962598 
v -0.193938 1.14975 -0.035942 
v -0.193936 1.08036 0.032915 
v -0.193936 1.08036 0.032915 
v -0.193938 1.03387 0.103955 
v -0.193936 1.05954 0.00962598 
v -0.193938 1.00419 0.094196 
v -0.193936 1.05954 0.00962598 
v -0.193938 1.03387 0.103955 
v -0.193938 1.03387 0.103955 
v -0.193939 1.02913 0.188721 
v -0.193938 1.00419 0.094196 
v -0.193939 0.998549 0.195109 
v -0.193939 1.0674 0.264502 
v -0.193939 1.04411 0.285324 
v -0.193938 1.13844 0.310992 
v -0.193938 1.12868 0.340669 
v -0.193938 1.22321 0.315734 
v -0.193938 1.2296 0.346314 
v -0.193938 1.29899 0.277457 
v -0.193938 1.31981 0.300746 
v -0.30522 1.34548 0.206417 
v -0.305219 1.35022 0.12165 
v -0.30522 1.15614 -0.00536202 
v -0.305218 1.08036 0.0329149 
v -0.193938 1.15614 -0.00536201 
v -0.193936 1.08036 0.032915 
v -0.305218 1.08036 0.0329149 
v -0.30522 1.03387 0.103955 
v -0.193936 1.08036 0.032915 
v -0.193938 1.03387 0.103955 
v -0.30522 1.03387 0.103955 
v -0.305221 1.02913 0.188721 
v -0.305221 1.0674 0.264502 
v -0.305219 1.13844 0.310992 
v -0.30522 1.22321 0.315734 
v -0.30522 1.29899 0.277457 
v -0.30522 1.28056 0.185071 
v -0.305219 1.28333 0.135624 
v -0.30522 1.34548 0.206417 
v -0.305219 1.35022 0.12165 
v -0.30522 1.17011 0.061533 
v -0.305219 1.12591 0.083862 
v -0.30522 1.15614 -0.00536202 
v -0.305218 1.08036 0.0329149 
v -0.30522 1.15614 -0.00536202 
v -0.305219 1.12591 0.083862 
v -0.305219 1.12591 0.083862 
v -0.30522 1.09879 0.125301 
v -0.305218 1.08036 0.0329149 
v -0.30522 1.03387 0.103955 
v -0.305218 1.08036 0.0329149 
v -0.30522 1.09879 0.125301 
v -0.30522 1.09879 0.125301 
v -0.30522 1.09602 0.174748 
v -0.30522 1.03387 0.103955 
v -0.305221 1.02913 0.188721 
v -0.30522 1.11835 0.218954 
v -0.305221 1.0674 0.264502 
v -0.305219 1.15979 0.246073 
v -0.305219 1.13844 0.310992 
v -0.30522 1.20924 0.248839 
v -0.30522 1.22321 0.315734 
v -0.30522 1.25344 0.226511 
v -0.30522 1.29899 0.277457 
v -0.30522 1.28056 0.185071 
v -0.305219 1.28333 0.135624 
v -0.243558 1.17173 0.069285 
v -0.243558 1.13119 0.089765 
v -0.30522 1.17011 0.061533 
v -0.305219 1.12591 0.083862 
v -0.30522 1.17011 0.061533 
v -0.243558 1.13119 0.089765 
v -0.243558 1.13119 0.089765 
v -0.243558 1.10631 0.127775 
v -0.305219 1.12591 0.083862 
v -0.30522 1.09879 0.125301 
v -0.305219 1.12591 0.083862 
v -0.243558 1.10631 0.127775 
v -0.30522 1.09879 0.125301 
v -0.30522 1.09602 0.174748 
v -0.30522 1.11835 0.218954 
v -0.305219 1.15979 0.246073 
v -0.30522 1.20924 0.248839 
v -0.30522 1.25344 0.226511 
v -0.804742 1.3808 0.115263 
v -0.804742 1.37516 0.216176 
v -0.804744 1.05954 0.00962594 
v -0.804742 1.14975 -0.035942 
v -0.804742 1.00419 0.094196 
v -0.804744 1.05954 0.00962594 
v -0.804742 1.00419 0.094196 
v -0.804741 0.998549 0.195109 
v -0.804742 1.00419 0.094196 
v -0.804741 1.04411 0.285324 
v -0.804742 1.12868 0.340669 
v -0.804742 1.2296 0.346314 
v -0.804742 1.31981 0.300746 
v -0.755121 1.27304 0.182598 
v -0.755121 1.27558 0.137243 
v -0.755121 1.18968 0.155186 
v -0.755121 1.17173 0.069285 
v -0.755122 1.13119 0.089765 
v -0.755121 1.18968 0.155186 
v -0.755122 1.13119 0.089765 
v -0.755121 1.10631 0.127775 
v -0.755121 1.18968 0.155186 
v -0.755121 1.10631 0.127775 
v -0.755121 1.10377 0.173129 
v -0.755121 1.12425 0.213676 
v -0.755121 1.16226 0.23855 
v -0.755121 1.20762 0.241087 
v -0.755121 1.24817 0.220607 
v -0.804742 1.34548 0.206417 
v -0.804742 1.37516 0.216176 
v -0.804742 1.35022 0.12165 
v -0.804742 1.3808 0.115263 
v -0.804742 1.15614 -0.00536206 
v -0.804742 1.14975 -0.035942 
v -0.804744 1.08036 0.032915 
v -0.804744 1.05954 0.00962594 
v -0.804744 1.08036 0.032915 
v -0.804742 1.14975 -0.035942 
v -0.804744 1.08036 0.032915 
v -0.804744 1.05954 0.00962594 
v -0.804742 1.03387 0.103955 
v -0.804742 1.00419 0.094196 
v -0.804742 1.03387 0.103955 
v -0.804744 1.05954 0.00962594 
v -0.804742 1.03387 0.103955 
v -0.804742 1.00419 0.094196 
v -0.804741 1.02913 0.188721 
v -0.804741 0.998549 0.195109 
v -0.804741 1.0674 0.264502 
v -0.804741 1.04411 0.285324 
v -0.804742 1.13844 0.310992 
v -0.804742 1.12868 0.340669 
v -0.804742 1.22321 0.315734 
v -0.804742 1.2296 0.346314 
v -0.804742 1.29899 0.277457 
v -0.804742 1.31981 0.300746 
v -0.69346 1.34548 0.206417 
v -0.69346 1.35022 0.12165 
v -0.69346 1.15614 -0.00536205 
v -0.804742 1.15614 -0.00536206 
v -0.693462 1.08036 0.032915 
v -0.804744 1.08036 0.032915 
v -0.693462 1.08036 0.032915 
v -0.804744 1.08036 0.032915 
v -0.69346 1.03387 0.103955 
v -0.804742 1.03387 0.103955 
v -0.69346 1.03387 0.103955 
v -0.693459 1.02913 0.188721 
v -0.693459 1.0674 0.264502 
v -0.69346 1.13844 0.310992 
v -0.69346 1.22321 0.315734 
v -0.69346 1.29899 0.277457 
v -0.69346 1.28056 0.185071 
v -0.69346 1.34548 0.206417 
v -0.69346 1.28333 0.135624 
v -0.69346 1.35022 0.12165 
v -0.69346 1.17011 0.061533 
v -0.69346 1.15614 -0.00536205 
v -0.693461 1.12591 0.083862 
v -0.693462 1.08036 0.032915 
v -0.693461 1.12591 0.083862 
v -0.69346 1.15614 -0.00536205 
v -0.693461 1.12591 0.083862 
v -0.693462 1.08036 0.032915 
v -0.69346 1.09879 0.125301 
v -0.69346 1.03387 0.103955 
v -0.69346 1.09879 0.125301 
v -0.693462 1.08036 0.032915 
v -0.69346 1.09879 0.125301 
v -0.69346 1.03387 0.103955 
v -0.69346 1.09602 0.174748 
v -0.693459 1.02913 0.188721 
v -0.69346 1.11835 0.218954 
v -0.693459 1.0674 0.264502 
v -0.69346 1.15979 0.246073 
v -0.69346 1.13844 0.310992 
v -0.69346 1.20924 0.248839 
v -0.69346 1.22321 0.315734 
v -0.69346 1.25344 0.226511 
v -0.69346 1.29899 0.277457 
v -0.69346 1.28056 0.185071 
v -0.69346 1.28333 0.135624 
v -0.755121 1.17173 0.069285 
v -0.69346 1.17011 0.061533 
v -0.755122 1.13119 0.089765 
v -0.693461 1.12591 0.083862 
v -0.755122 1.13119 0.089765 
v -0.69346 1.17011 0.061533 
v -0.755122 1.13119 0.089765 
v -0.693461 1.12591 0.083862 
v -0.755121 1.10631 0.127775 
v -0.69346 1.09879 0.125301 
v -0.755121 1.10631 0.127775 
v -0.693461 1.12591 0.083862 
v -0.69346 1.09879 0.125301 
v -0.69346 1.09602 0.174748 
v -0.69346 1.11835 0.218954 
v -0.69346 1.15979 0.246073 
v -0.69346 1.20924 0.248839 
v -0.69346 1.25344 0.226511 
v -0.767442 2.04227 0.22325 
v -0.216037 2.04227 0.22325 
v -0.75213 2.04227 -0.38837 
v -0.23135 2.04227 -0.38837 
v -0.216037 2.04227 0.22325 
v -0.163579 1.01545 0.155036 
v -0.23135 2.04227 -0.38837 
v -0.182131 1.01513 -0.320156 
v -0.23135 2.04227 -0.38837 
v -0.163579 1.01545 0.155036 
v -0.767442 2.04227 0.22325 
v -0.83162 1.01545 0.155036 
v -0.216037 2.04227 0.22325 
v -0.163579 1.01545 0.155036 
v -0.75213 2.04227 -0.38837 
v -0.813068 1.01513 -0.320156 
v -0.767442 2.04227 0.22325 
v -0.83162 1.01545 0.155036 
v -0.767442 2.04227 0.22325 
v -0.813068 1.01513 -0.320156 
v -0.23135 2.04227 -0.38837 
v -0.182131 1.01513 -0.320156 
v -0.75213 2.04227 -0.38837 
v -0.813068 1.01513 -0.320156 
v -0.123368 -0.00395 0.364246 
v -0.871833 -0.00395 0.364246 
v -0.102269 -0.00393999 0.172767 
v -0.892933 -0.00393999 0.172767 
v -0.102269 -0.00393999 0.172767 
v -0.892933 -0.00393999 0.172767 
v -0.123368 -0.00391996 -0.531519 
v -0.871833 -0.00391996 -0.531519 
v -0.151838 0.775313 0.157772 
v -0.170943 0.774982 -0.32458 
v -0.163579 1.01545 0.155036 
v -0.182131 1.01513 -0.320156 
v -0.171936 0.775337 0.328226 
v -0.171936 0.775337 0.328226 
v -0.163579 1.01545 0.155036 
v -0.82409 0.775328 0.32849 
v -0.83162 1.01545 0.155036 
v -0.82409 0.775328 0.32849 
v -0.163579 1.01545 0.155036 
v -0.824257 0.774982 -0.32458 
v -0.843361 0.775313 0.157772 
v -0.813068 1.01513 -0.320156 
v -0.83162 1.01545 0.155036 
v -0.871833 -0.00391996 -0.531519 
v -0.85628 0.248055 -0.468967 
v -0.123368 -0.00391996 -0.531519 
v -0.13892 0.248055 -0.468967 
v -0.123368 -0.00391996 -0.531519 
v -0.13892 0.248055 -0.468967 
v -0.102269 -0.00393999 0.172767 
v -0.118473 0.248416 0.172267 
v -0.13892 0.248539 0.352846 
v -0.123368 -0.00395 0.364246 
v -0.619615 -0.00392997 0.589949 
v -0.375584 -0.00392997 0.589949 
v -0.614545 0.114171 0.57855 
v -0.380655 0.114171 0.57855 
v -0.871833 -0.00395 0.364246 
v -0.85628 0.248539 0.352846 
v -0.892933 -0.00393999 0.172767 
v -0.876723 0.248416 0.172267 
v -0.85628 0.248055 -0.468967 
v -0.871833 -0.00391996 -0.531519 
v -0.13892 0.248055 -0.468967 
v -0.85628 0.248055 -0.468967 
v -0.182131 1.01513 -0.320156 
v -0.813068 1.01513 -0.320156 
v -0.824257 0.774982 -0.32458 
v -0.813068 1.01513 -0.320156 
v -0.85628 0.248055 -0.468967 
v -0.170943 0.774982 -0.32458 
v -0.13892 0.248055 -0.468967 
v -0.182131 1.01513 -0.320156 
v -0.82409 0.775328 0.32849 
v -0.200834 0.775313 0.157772 
v -0.218084 0.775337 0.292453 
v -0.172196 0.248416 0.172767 
v -0.189746 0.248539 0.311215 
v -0.172196 0.248416 0.172767 
v -0.218084 0.775337 0.292453 
v -0.189746 0.248539 0.311215 
v -0.218084 0.775337 0.292453 
v -0.805453 0.248539 0.311215 
v -0.777825 0.775328 0.292654 
v -0.805453 0.248539 0.311215 
v -0.218084 0.775337 0.292453 
v -0.794365 0.775313 0.157772 
v -0.823003 0.248416 0.172767 
v -0.777825 0.775328 0.292654 
v -0.805453 0.248539 0.311215 
v -0.777825 0.775328 0.292654 
v -0.823003 0.248416 0.172767 
v -0.200834 0.775313 0.157772 
v -0.151838 0.775313 0.157772 
v -0.218084 0.775337 0.292453 
v -0.171936 0.775337 0.328226 
v -0.218084 0.775337 0.292453 
v -0.151838 0.775313 0.157772 
v -0.118473 0.248416 0.172267 
v -0.151838 0.775313 0.157772 
v -0.172196 0.248416 0.172767 
v -0.200834 0.775313 0.157772 
v -0.172196 0.248416 0.172767 
v -0.151838 0.775313 0.157772 
v -0.13892 0.248539 0.352846 
v -0.118473 0.248416 0.172267 
v -0.189746 0.248539 0.311215 
v -0.172196 0.248416 0.172767 
v -0.189746 0.248539 0.311215 
v -0.118473 0.248416 0.172267 
v -0.218084 0.775337 0.292453 
v -0.171936 0.775337 0.328226 
v -0.777825 0.775328 0.292654 
v -0.82409 0.775328 0.32849 
v -0.777825 0.775328 0.292654 
v -0.171936 0.775337 0.328226 
v -0.805453 0.248539 0.311215 
v -0.85628 0.248539 0.352846 
v -0.189746 0.248539 0.311215 
v -0.13892 0.248539 0.352846 
v -0.794365 0.775313 0.157772 
v -0.843361 0.775313 0.157772 
v -0.823003 0.248416 0.172767 
v -0.876723 0.248416 0.172267 
v -0.823003 0.248416 0.172767 
v -0.843361 0.775313 0.157772 
v -0.82409 0.775328 0.32849 
v -0.843361 0.775313 0.157772 
v -0.777825 0.775328 0.292654 
v -0.794365 0.775313 0.157772 
v -0.777825 0.775328 0.292654 
v -0.843361 0.775313 0.157772 
v -0.823003 0.248416 0.172767 
v -0.876723 0.248416 0.172267 
v -0.805453 0.248539 0.311215 
v -0.85628 0.248539 0.352846 
v -0.805453 0.248539 0.311215 
v -0.876723 0.248416 0.172267 
v -0.123368 -0.00395 0.364246 
v -0.13892 0.248539 0.352846 
v -0.278406 -0.00395 0.3729 
v -0.287515 0.248539 0.3615 
v -0.278406 -0.00395 0.3729 
v -0.13892 0.248539 0.352846 
v -0.716793 -0.00395 0.3729 
v -0.871833 -0.00395 0.364246 
v -0.278406 -0.00395 0.3729 
v -0.123368 -0.00395 0.364246 
v -0.707684 0.248539 0.3615 
v -0.85628 0.248539 0.352846 
v -0.716793 -0.00395 0.3729 
v -0.871833 -0.00395 0.364246 
v -0.716793 -0.00395 0.3729 
v -0.85628 0.248539 0.352846 
v -0.287515 0.248539 0.3615 
v -0.707684 0.248539 0.3615 
v -0.375584 -0.00392997 0.589949 
v -0.278406 -0.00395 0.3729 
v -0.380655 0.114171 0.57855 
v -0.287515 0.248539 0.3615 
v -0.380655 0.114171 0.57855 
v -0.278406 -0.00395 0.3729 
v -0.619615 -0.00392997 0.589949 
v -0.716793 -0.00395 0.3729 
v -0.375584 -0.00392997 0.589949 
v -0.278406 -0.00395 0.3729 
v -0.707684 0.248539 0.3615 
v -0.716793 -0.00395 0.3729 
v -0.614545 0.114171 0.57855 
v -0.619615 -0.00392997 0.589949 
v -0.614545 0.114171 0.57855 
v -0.716793 -0.00395 0.3729 
v -0.380655 0.114171 0.57855 
v -0.287515 0.248539 0.3615 
v -0.614545 0.114171 0.57855 
v -0.707684 0.248539 0.3615 

vn 0 1 0.0551181 
vn 0 0.952756 0.314961 
vn 0.637795 0.76378 0.0393701 
vn 0.653543 0.716535 0.23622 
vn 0 -0.448819 -0.889764 
vn 0 -0.448819 -0.889764 
vn 0 -0.448819 -0.889764 
vn 0 -0.448819 -0.889764 
vn 0 -0.834646 -0.551181 
vn 0 -0.834646 -0.551181 
vn 0 -0.834646 -0.551181 
vn 0 -0.834646 -0.551181 
vn 0 -0.834646 -0.551181 
vn 0 -0.834646 -0.551181 
vn 0 -0.976378 0.204724 
vn 0 -1 -0.0551181 
vn 0.653543 -0.740157 0.15748 
vn 0.637795 -0.76378 -0.0393701 
vn 0 -0.748031 0.669291 
vn 0.653543 -0.566929 0.503937 
vn 0 -0.314961 0.952756 
vn 0.653543 -0.23622 0.716535 
vn 0 0.204724 0.976378 
vn 0.653543 0.15748 0.740157 
vn 0 0.669291 0.748031 
vn 0.653543 0.503937 0.566929 
vn 1 0 0 
vn 0.685039 0.724409 0.0393701 
vn 0.700787 0.677165 0.220472 
vn 1 0 0 
vn 1 0 0 
vn 1 0 0 
vn 1 0 0 
vn 1 0 0 
vn 1 0 0 
vn 0.700787 -0.700787 0.141732 
vn 0.685039 -0.724409 -0.0393701 
vn 0.700787 -0.535433 0.472441 
vn 0.700787 -0.220472 0.677165 
vn 0.700787 0.149606 0.700787 
vn 0.700787 0.472441 0.535433 
vn 0.771654 -0.606299 -0.19685 
vn 0.755906 -0.653543 -0.0393701 
vn 0.653543 0.716535 0.23622 
vn 0.637795 0.76378 0.0393701 
vn 1 0 0 
vn 1 0 0 
vn 1 0 0 
vn 1 0 0 
vn 1 0 0 
vn 1 0 0 
vn 1 0 0 
vn 1 0 0 
vn 1 0 0 
vn 1 0 0 
vn 1 0 0 
vn 1 0 0 
vn 0.755906 0.653543 0.0393701 
vn 0.771654 0.622047 -0.133858 
vn 0.637795 -0.76378 -0.0393701 
vn 0.653543 -0.740157 0.15748 
vn 0.771654 0.472441 -0.425197 
vn 0.653543 -0.566929 0.503937 
vn 0.771654 0.19685 -0.606299 
vn 0.653543 -0.23622 0.716535 
vn 0.771654 -0.133858 -0.622047 
vn 0.653543 0.15748 0.740157 
vn 0.771654 -0.425197 -0.472441 
vn 0.653543 0.503937 0.566929 
vn 0.653543 -0.716535 -0.23622 
vn 0.637795 -0.76378 -0.0393701 
vn 0 0.448819 0.889764 
vn 0 0.448819 0.889764 
vn 0 0.448819 0.889764 
vn 0 0.448819 0.889764 
vn 0 0.834646 0.551181 
vn 0 0.834646 0.551181 
vn 0 0.834646 0.551181 
vn 0 0.834646 0.551181 
vn 0.637795 0.76378 0.0393701 
vn 0.653543 0.740157 -0.15748 
vn 0.653543 0.566929 -0.503937 
vn 0.653543 0.23622 -0.716535 
vn 0.653543 -0.15748 -0.740157 
vn 0.653543 -0.503937 -0.566929 
vn 0.811024 0.559055 0.181102 
vn 0.795276 0.598425 0.0314961 
vn 0.653543 -0.716535 -0.23622 
vn 0.637795 -0.76378 -0.0393701 
vn 1 0 0 
vn 1 0 0 
vn 1 0 0 
vn 1 0 0 
vn 1 0 0 
vn 1 0 0 
vn 1 0 0 
vn 1 0 0 
vn 1 0 0 
vn 1 0 0 
vn 1 0 0 
vn 1 0 0 
vn 0.795276 -0.598425 -0.0314961 
vn 0.811024 -0.574803 0.11811 
vn 0.637795 0.76378 0.0393701 
vn 0.653543 0.740157 -0.15748 
vn 0.811024 -0.440945 0.393701 
vn 0.653543 0.566929 -0.503937 
vn 0.811024 -0.181102 0.559055 
vn 0.653543 0.23622 -0.716535 
vn 0.811024 0.11811 0.574803 
vn 0.653543 -0.15748 -0.740157 
vn 0.811024 0.393701 0.440945 
vn 0.653543 -0.503937 -0.566929 
vn 0.811024 0.559055 0.181102 
vn 0.795276 0.598425 0.0314961 
vn 0.125984 -0.448819 -0.889764 
vn 0.125984 -0.448819 -0.889764 
vn 0.125984 -0.448819 -0.889764 
vn 0.125984 -0.448819 -0.889764 
vn 0.125984 -0.448819 -0.889764 
vn 0.125984 -0.448819 -0.889764 
vn 0.125984 -0.826772 -0.543307 
vn 0.125984 -0.826772 -0.543307 
vn 0.125984 -0.826772 -0.543307 
vn 0.125984 -0.826772 -0.543307 
vn 0.125984 -0.826772 -0.543307 
vn 0.125984 -0.826772 -0.543307 
vn 0.795276 -0.598425 -0.0314961 
vn 0.811024 -0.574803 0.11811 
vn 0.811024 -0.440945 0.393701 
vn 0.811024 -0.181102 0.559055 
vn 0.811024 0.11811 0.574803 
vn 0.811024 0.393701 0.440945 
vn -0.637795 0.76378 0.0393701 
vn -0.653543 0.716535 0.23622 
vn 0 -0.448819 -0.889764 
vn 0 -0.448819 -0.889764 
vn 0 -0.834646 -0.551181 
vn 0 -0.834646 -0.551181 
vn 0 -0.834646 -0.551181 
vn -0.653543 -0.740157 0.15748 
vn -0.637795 -0.76378 -0.0393701 
vn -0.653543 -0.566929 0.503937 
vn -0.653543 -0.23622 0.716535 
vn -0.653543 0.15748 0.740157 
vn -0.653543 0.503937 0.566929 
vn -0.700787 0.677165 0.220472 
vn -0.685039 0.724409 0.0393701 
vn -1 0 0 
vn -1 0 0 
vn -1 0 0 
vn -1 0 0 
vn -1 0 0 
vn -1 0 0 
vn -1 0 0 
vn -0.685039 -0.724409 -0.0393701 
vn -0.700787 -0.700787 0.141732 
vn -0.700787 -0.535433 0.472441 
vn -0.700787 -0.220472 0.677165 
vn -0.700787 0.149606 0.700787 
vn -0.700787 0.472441 0.535433 
vn -0.771654 -0.606299 -0.19685 
vn -0.653543 0.716535 0.23622 
vn -0.755906 -0.653543 -0.0393701 
vn -0.637795 0.76378 0.0393701 
vn -1 0 0 
vn -1 0 0 
vn -1 0 0 
vn -1 0 0 
vn -1 0 0 
vn -1 0 0 
vn -1 0 0 
vn -1 0 0 
vn -1 0 0 
vn -1 0 0 
vn -1 0 0 
vn -1 0 0 
vn -0.755906 0.653543 0.0393701 
vn -0.637795 -0.76378 -0.0393701 
vn -0.771654 0.622047 -0.133858 
vn -0.653543 -0.740157 0.15748 
vn -0.771654 0.472441 -0.425197 
vn -0.653543 -0.566929 0.503937 
vn -0.771654 0.19685 -0.606299 
vn -0.653543 -0.23622 0.716535 
vn -0.771654 -0.133858 -0.622047 
vn -0.653543 0.15748 0.740157 
vn -0.771654 -0.425197 -0.472441 
vn -0.653543 0.503937 0.566929 
vn -0.653543 -0.716535 -0.23622 
vn -0.637795 -0.76378 -0.0393701 
vn 0 0.448819 0.889764 
vn 0 0.448819 0.889764 
vn 0 0.448819 0.889764 
vn 0 0.448819 0.889764 
vn 0 0.834646 0.551181 
vn 0 0.834646 0.551181 
vn 0 0.834646 0.551181 
vn 0 0.834646 0.551181 
vn -0.637795 0.76378 0.0393701 
vn -0.653543 0.740157 -0.15748 
vn -0.653543 0.566929 -0.503937 
vn -0.653543 0.23622 -0.716535 
vn -0.653543 -0.15748 -0.740157 
vn -0.653543 -0.503937 -0.566929 
vn -0.811024 0.559055 0.181102 
vn -0.653543 -0.716535 -0.23622 
vn -0.795276 0.598425 0.0314961 
vn -0.637795 -0.76378 -0.0393701 
vn -1 0 0 
vn -1 0 0 
vn -1 0 0 
vn -1 0 0 
vn -1 0 0 
vn -1 0 0 
vn -1 0 0 
vn -1 0 0 
vn -1 0 0 
vn -1 0 0 
vn -1 0 0 
vn -1 0 0 
vn -0.795276 -0.598425 -0.0314961 
vn -0.637795 0.76378 0.0393701 
vn -0.811024 -0.574803 0.11811 
vn -0.653543 0.740157 -0.15748 
vn -0.811024 -0.440945 0.393701 
vn -0.653543 0.566929 -0.503937 
vn -0.811024 -0.181102 0.559055 
vn -0.653543 0.23622 -0.716535 
vn -0.811024 0.11811 0.574803 
vn -0.653543 -0.15748 -0.740157 
vn -0.811024 0.393701 0.440945 
vn -0.653543 -0.503937 -0.566929 
vn -0.811024 0.559055 0.181102 
vn -0.795276 0.598425 0.0314961 
vn -0.125984 -0.448819 -0.889764 
vn -0.125984 -0.448819 -0.889764 
vn -0.125984 -0.448819 -0.889764 
vn -0.125984 -0.448819 -0.889764 
vn -0.125984 -0.448819 -0.889764 
vn -0.125984 -0.448819 -0.889764 
vn -0.125984 -0.826772 -0.543307 
vn -0.125984 -0.826772 -0.543307 
vn -0.125984 -0.826772 -0.543307 
vn -0.125984 -0.826772 -0.543307 
vn -0.125984 -0.826772 -0.543307 
vn -0.125984 -0.826772 -0.543307 
vn -0.795276 -0.598425 -0.0314961 
vn -0.811024 -0.574803 0.11811 
vn -0.811024 -0.440945 0.393701 
vn -0.811024 -0.181102 0.559055 
vn -0.811024 0.11811 0.574803 
vn -0.811024 0.393701 0.440945 
vn 0 1 0 
vn 0 1 0 
vn 0 1 0 
vn 0 1 0 
vn 1 0.0551181 -0.023622 
vn 1 0.0551181 -0.023622 
vn 1 0.0551181 -0.023622 
vn 1 0.0472441 -0.0393701 
vn 1 0.0472441 -0.0393701 
vn 1 0.0472441 -0.0393701 
vn 0 -0.0629921 1 
vn 0 -0.0629921 1 
vn 0 -0.0629921 1 
vn 0 -0.0629921 1 
vn -1 0.0551181 -0.023622 
vn -1 0.0551181 -0.023622 
vn -1 0.0551181 -0.023622 
vn -1 0.0629921 -0.0393701 
vn -1 0.0629921 -0.0393701 
vn -1 0.0629921 -0.0393701 
vn 0 -0.0629921 -1 
vn 0 -0.0629921 -1 
vn 0 -0.0629921 -1 
vn 0 -0.0629921 -1 
vn 0 -1 0 
vn 0 -1 0 
vn 0 -1 0 
vn 0 -1 0 
vn 0 -1 0 
vn 0 -1 0 
vn 0 -1 0 
vn 0 -1 0 
vn 1 0.0551181 0.015748 
vn 1 0.0551181 0.00787402 
vn 1 0.0472441 0.00787402 
vn 1 0.0472441 -0.0314961 
vn 0.992126 0.0472441 0.11811 
vn 0 0.582677 0.811024 
vn 0 0.582677 0.811024 
vn 0 0.582677 0.811024 
vn 0 0.582677 0.811024 
vn 0 0.582677 0.811024 
vn 0 0.582677 0.811024 
vn -1 0.0551181 0.00787402 
vn -1 0.0551181 0.00787402 
vn -1 0.0472441 -0.0314961 
vn -1 0.0472441 0 
vn 0 0.244094 -0.968504 
vn 0 0.244094 -0.968504 
vn 0 0.244094 -0.968504 
vn 0 0.244094 -0.968504 
vn 1 0.0708661 -0.0314961 
vn 1 0.0708661 -0.0314961 
vn 1 0.0629921 0.0393701 
vn 1 0.0629921 0.015748 
vn 0.992126 0.0629921 0.110236 
vn 0.992126 0.0629921 0.110236 
vn 0 0.0944882 0.992126 
vn 0 0.0944882 0.992126 
vn 0 0.0944882 0.992126 
vn 0 0.0944882 0.992126 
vn -0.992126 0.0629921 0.110236 
vn -0.992126 0.0629921 0.110236 
vn -1 0.0629921 0.0393701 
vn -1 0.0629921 0.015748 
vn -1 0.0708661 -0.0314961 
vn -1 0.0708661 -0.0314961 
vn 0 0.188976 -0.984252 
vn 0 0.188976 -0.984252 
vn 0 0.188976 -0.984252 
vn 0 0.188976 -0.984252 
vn -1 0.0551181 0.00787402 
vn -1 0.0472441 -0.0314961 
vn -1 0.0708661 -0.0314961 
vn 1 0.0551181 0.00787402 
vn 1 0.0708661 -0.0314961 
vn 1 0.0472441 -0.0314961 
vn -0.992126 0.0472441 0.110236 
vn 0.992126 0.0551181 0.125984 
vn 0.992126 0.0551181 0.125984 
vn 0.992126 0.0551181 0.125984 
vn 0.992126 0.0551181 0.125984 
vn 0.992126 0.0551181 0.125984 
vn 0.992126 0.0551181 0.125984 
vn 0 0.0393701 1 
vn 0 0.0393701 1 
vn 0 0.0393701 1 
vn 0 0.0393701 1 
vn 0 0.0393701 1 
vn 0 0.0393701 1 
vn -0.992126 0.0551181 0.11811 
vn -0.992126 0.0551181 0.11811 
vn -0.992126 0.0551181 0.11811 
vn -0.992126 0.0551181 0.125984 
vn -0.992126 0.0551181 0.125984 
vn -0.992126 0.0551181 0.125984 
vn 0 -1 0 
vn 0 -1 0 
vn 0 -1 0 
vn 0 -1 0 
vn 0 -1 0 
vn 0 -1 0 
vn 0.00787402 0.0314961 1 
vn 0.00787402 0.0314961 1 
vn 0.00787402 0.0314961 1 
vn 0 0.0314961 1 
vn 0 0.0314961 1 
vn 0 0.0314961 1 
vn 0 1 0 
vn 0 1 0 
vn 0 1 0 
vn 0 1 0 
vn 0 1 0 
vn 0 1 0 
vn 0 -1 0 
vn 0 -1 0 
vn 0 -1 0 
vn 0 -1 0 
vn 0 -1 0 
vn 0 -1 0 
vn 0 1 0 
vn 0 1 0 
vn 0 1 0 
vn 0 1 0 
vn 0 0.0314961 1 
vn 0 0.0314961 1 
vn 0 0.0314961 1 
vn -0.00787402 0.0314961 1 
vn -0.00787402 0.0314961 1 
vn -0.00787402 0.0314961 1 
vn 0 -1 0 
vn 0 -1 0 
vn 0 -1 0 
vn 0 -1 0 
vn 0 -1 0 
vn 0 -1 0 
vn 0 1 0 
vn 0 1 0 
vn 0 1 0 
vn 0 1 0 
vn 0 1 0 
vn 0 1 0 
vn 0.0551181 0.0472441 1 
vn 0.0551181 0.0472441 1 
vn 0.0551181 0.0472441 1 
vn 0.0551181 0.0472441 1 
vn 0.0551181 0.0472441 1 
vn 0.0551181 0.0472441 1 
vn 0 -1 0 
vn 0 -1 0 
vn 0 -1 0 
vn 0 -1 0 
vn -0.0551181 0.0472441 1 
vn -0.0551181 0.0472441 1 
vn -0.0551181 0.0472441 1 
vn -0.0551181 0.0472441 1 
vn -0.0551181 0.0472441 1 
vn -0.0551181 0.0472441 1 
vn 0 1 0 
vn 0 1 0 
vn 0.913386 0.0787402 0.409449 
vn 0.913386 0.0787402 0.409449 
vn 0.913386 0.0787402 0.409449 
vn 0.905512 0.0551181 0.417323 
vn 0.905512 0.0551181 0.417323 
vn 0.905512 0.0551181 0.417323 
vn 0 -1 0 
vn 0 -1 0 
vn 0 -1 0 
vn 0 -1 0 
vn -0.905512 0.0551181 0.417323 
vn -0.905512 0.0551181 0.417323 
vn -0.905512 0.0551181 0.417323 
vn -0.913386 0.0787402 0.409449 
vn -0.913386 0.0787402 0.409449 
vn -0.913386 0.0787402 0.409449 
vn 0 0.850394 0.527559 
vn 0 0.850394 0.527559 
vn 0 0.850394 0.527559 
vn 0 0.850394 0.527559 

vt 0.348082 0.388157 
vt 0.334784 0.388157 
vt 0.348081 0.441731 
vt 0.334784 0.44173 
vt 0.241704 0.388157 
vt 0.228407 0.388157 
vt 0.241704 0.441731 
vt 0.228407 0.44173 
vt 0.255001 0.388157 
vt 0.241704 0.388157 
vt 0.255001 0.44173 
vt 0.241704 0.441731 
vt 0.255001 0.44173 
vt 0.241704 0.388157 
vt 0.268298 0.388157 
vt 0.255001 0.388157 
vt 0.268298 0.44173 
vt 0.255001 0.44173 
vt 0.281596 0.388157 
vt 0.281596 0.44173 
vt 0.294892 0.388157 
vt 0.294892 0.44173 
vt 0.30819 0.388157 
vt 0.30819 0.44173 
vt 0.321487 0.388157 
vt 0.321487 0.44173 
vt 0.286987 0.535882 
vt 0.27641 0.546784 
vt 0.281922 0.55047 
vt 0.286987 0.535882 
vt 0.293677 0.522112 
vt 0.288172 0.51716 
vt 0.286987 0.535882 
vt 0.297038 0.527617 
vt 0.293677 0.522112 
vt 0.298531 0.53388 
vt 0.297038 0.527617 
vt 0.297875 0.540176 
vt 0.295462 0.545502 
vt 0.291835 0.549453 
vt 0.287174 0.551195 
vt 0.396248 0.499633 
vt 0.404422 0.508774 
vt 0.398569 0.495507 
vt 0.40737 0.506148 
vt 0.304844 0.50688 
vt 0.314058 0.498086 
vt 0.30184 0.503781 
vt 0.311795 0.493327 
vt 0.30184 0.503781 
vt 0.314058 0.498086 
vt 0.314058 0.498086 
vt 0.32516 0.490569 
vt 0.311795 0.493327 
vt 0.323684 0.485333 
vt 0.311795 0.493327 
vt 0.32516 0.490569 
vt 0.32516 0.490569 
vt 0.337112 0.485427 
vt 0.323684 0.485333 
vt 0.336254 0.480182 
vt 0.349742 0.483777 
vt 0.349517 0.477948 
vt 0.362314 0.48411 
vt 0.362817 0.478603 
vt 0.374437 0.48649 
vt 0.375391 0.481455 
vt 0.385843 0.492251 
vt 0.387541 0.487158 
vt 0.389346 0.515663 
vt 0.397334 0.52249 
vt 0.312024 0.52249 
vt 0.320956 0.515187 
vt 0.304844 0.50688 
vt 0.314058 0.498086 
vt 0.320956 0.515187 
vt 0.330356 0.509529 
vt 0.314058 0.498086 
vt 0.32516 0.490569 
vt 0.330356 0.509529 
vt 0.340386 0.505768 
vt 0.350726 0.503635 
vt 0.360927 0.503475 
vt 0.370767 0.505934 
vt 0.380393 0.509997 
vt 0.218544 0.466844 
vt 0.221802 0.45932 
vt 0.20986 0.463741 
vt 0.215444 0.450843 
vt 0.239602 0.45932 
vt 0.24286 0.466844 
vt 0.24596 0.450843 
vt 0.251545 0.463741 
vt 0.24596 0.450843 
vt 0.24286 0.466844 
vt 0.24286 0.466844 
vt 0.24286 0.475531 
vt 0.251545 0.463741 
vt 0.251545 0.478634 
vt 0.251545 0.463741 
vt 0.24286 0.475531 
vt 0.24286 0.475531 
vt 0.239602 0.483054 
vt 0.251545 0.478634 
vt 0.24596 0.491531 
vt 0.23396 0.487398 
vt 0.236288 0.498978 
vt 0.227444 0.487398 
vt 0.225118 0.498978 
vt 0.221802 0.483054 
vt 0.215444 0.491531 
vt 0.218544 0.475531 
vt 0.20986 0.478634 
vt 0.280519 0.561298 
vt 0.273146 0.558562 
vt 0.288172 0.51716 
vt 0.293677 0.522112 
vt 0.294566 0.507123 
vt 0.300391 0.514175 
vt 0.294566 0.507123 
vt 0.293677 0.522112 
vt 0.293677 0.522112 
vt 0.297038 0.527617 
vt 0.300391 0.514175 
vt 0.304687 0.523284 
vt 0.300391 0.514175 
vt 0.297038 0.527617 
vt 0.304687 0.523284 
vt 0.306318 0.533322 
vt 0.30556 0.543424 
vt 0.301858 0.552908 
vt 0.295331 0.55924 
vt 0.287893 0.561824 
vt 0.348082 0.334584 
vt 0.334784 0.334584 
vt 0.241704 0.334584 
vt 0.228407 0.334584 
vt 0.255001 0.334584 
vt 0.241704 0.334584 
vt 0.255001 0.334584 
vt 0.268298 0.334584 
vt 0.255001 0.334584 
vt 0.281596 0.334584 
vt 0.294893 0.334584 
vt 0.30819 0.334584 
vt 0.321487 0.334584 
vt 0.214465 0.55647 
vt 0.214056 0.564851 
vt 0.226551 0.557617 
vt 0.239503 0.564851 
vt 0.238841 0.556151 
vt 0.226551 0.557617 
vt 0.238841 0.556151 
vt 0.236865 0.549623 
vt 0.226551 0.557617 
vt 0.236865 0.549623 
vt 0.233299 0.545075 
vt 0.228884 0.542744 
vt 0.224202 0.542984 
vt 0.219828 0.545348 
vt 0.216448 0.550009 
vt 0.184323 0.525999 
vt 0.182047 0.522133 
vt 0.176629 0.534937 
vt 0.173817 0.53255 
vt 0.2761 0.531714 
vt 0.279154 0.528468 
vt 0.266532 0.522858 
vt 0.268799 0.517918 
vt 0.266532 0.522858 
vt 0.279154 0.528468 
vt 0.266532 0.522858 
vt 0.268799 0.517918 
vt 0.255033 0.51538 
vt 0.256456 0.510007 
vt 0.255033 0.51538 
vt 0.268799 0.517918 
vt 0.255033 0.51538 
vt 0.256456 0.510007 
vt 0.242739 0.510442 
vt 0.243523 0.505105 
vt 0.229869 0.509096 
vt 0.230007 0.503178 
vt 0.217153 0.509722 
vt 0.216528 0.50428 
vt 0.205222 0.51277 
vt 0.204172 0.507903 
vt 0.194243 0.518649 
vt 0.192527 0.513782 
vt 0.191149 0.541193 
vt 0.183592 0.547908 
vt 0.268881 0.547908 
vt 0.2761 0.531714 
vt 0.259615 0.540564 
vt 0.266532 0.522858 
vt 0.259615 0.540564 
vt 0.266532 0.522858 
vt 0.249941 0.534946 
vt 0.255033 0.51538 
vt 0.249941 0.534946 
vt 0.239683 0.531318 
vt 0.229108 0.529385 
vt 0.218675 0.529447 
vt 0.208852 0.531504 
vt 0.199668 0.535562 
vt 0.262046 0.4909 
vt 0.253361 0.494003 
vt 0.265303 0.498424 
vt 0.258946 0.506901 
vt 0.283104 0.498424 
vt 0.289462 0.506901 
vt 0.286362 0.4909 
vt 0.295046 0.494003 
vt 0.286362 0.4909 
vt 0.289462 0.506901 
vt 0.286362 0.4909 
vt 0.295046 0.494003 
vt 0.286362 0.482213 
vt 0.295046 0.47911 
vt 0.286362 0.482213 
vt 0.295046 0.494003 
vt 0.286362 0.482213 
vt 0.295046 0.47911 
vt 0.283104 0.474689 
vt 0.289462 0.466212 
vt 0.277462 0.470345 
vt 0.279789 0.458766 
vt 0.270946 0.470345 
vt 0.268619 0.458766 
vt 0.265303 0.474689 
vt 0.258946 0.466212 
vt 0.262046 0.482213 
vt 0.253361 0.47911 
vt 0.206636 0.553264 
vt 0.205116 0.562699 
vt 0.239503 0.564851 
vt 0.248914 0.562111 
vt 0.238841 0.556151 
vt 0.24703 0.552191 
vt 0.238841 0.556151 
vt 0.248914 0.562111 
vt 0.238841 0.556151 
vt 0.24703 0.552191 
vt 0.236865 0.549623 
vt 0.243184 0.543134 
vt 0.236865 0.549623 
vt 0.24703 0.552191 
vt 0.243184 0.543134 
vt 0.237748 0.536126 
vt 0.230573 0.531941 
vt 0.22238 0.531691 
vt 0.21494 0.536467 
vt 0.20967 0.544169 
vt 0.262747 0.140184 
vt 0.261326 0.215895 
vt 0.325692 0.144389 
vt 0.324349 0.215895 
vt 0.307861 0.33062 
vt 0.302203 0.226387 
vt 0.261325 0.331075 
vt 0.26603 0.226743 
vt 0.261325 0.331075 
vt 0.302203 0.226387 
vt 0.349793 0.329428 
vt 0.353005 0.224943 
vt 0.307861 0.33062 
vt 0.302203 0.226387 
vt 0.221714 0.330426 
vt 0.218042 0.225956 
vt 0.175187 0.329134 
vt 0.181877 0.224943 
vt 0.175187 0.329134 
vt 0.218042 0.225956 
vt 0.261325 0.331075 
vt 0.26603 0.226743 
vt 0.221714 0.330426 
vt 0.218042 0.225956 
vt 0.28529 0.087741 
vt 0.285367 0.126169 
vt 0.277915 0.086684 
vt 0.277996 0.127278 
vt 0.277915 0.086684 
vt 0.277996 0.127278 
vt 0.250798 0.087864 
vt 0.250874 0.126292 
vt 0.117515 0.178384 
vt 0.0393157 0.178287 
vt 0.130719 0.230458 
vt 0.039951 0.230214 
vt 0.145318 0.178684 
vt 0.242347 0.131401 
vt 0.240284 0.07326 
vt 0.123939 0.131401 
vt 0.125977 0.07326 
vt 0.123939 0.131401 
vt 0.240284 0.07326 
vt 0.0393375 0.178427 
vt 0.117536 0.178524 
vt 0.039972 0.230354 
vt 0.130756 0.230591 
vt 0.27109 0.065198 
vt 0.268676 0.011479 
vt 0.15494 0.065198 
vt 0.157353 0.011479 
vt 0.0061515 0.00961298 
vt 0.0161677 0.064178 
vt 0.120292 0.00974202 
vt 0.120096 0.06436 
vt 0.149533 0.06478 
vt 0.151496 0.010149 
vt 0.00471225 0.341226 
vt 0.00471225 0.287411 
vt 0.0243367 0.340108 
vt 0.0243367 0.288529 
vt 0.151517 0.010289 
vt 0.149555 0.064919 
vt 0.120313 0.00988197 
vt 0.120118 0.0645 
vt 0.0161895 0.064318 
vt 0.0061725 0.00975299 
vt 0.0739987 0.244299 
vt 0.165119 0.244299 
vt 0.085113 0.358844 
vt 0.154006 0.358844 
vt 0.165961 0.327677 
vt 0.154006 0.358844 
vt 0.165119 0.244299 
vt 0.0731573 0.327677 
vt 0.0739987 0.244299 
vt 0.085113 0.358844 
vt 0.145366 0.178814 
vt 0.158024 0.220086 
vt 0.173095 0.218439 
vt 0.15446 0.141849 
vt 0.169951 0.14017 
vt 0.15446 0.141849 
vt 0.173095 0.218439 
vt 0.169951 0.14017 
vt 0.173095 0.218439 
vt 0.238516 0.140188 
vt 0.235427 0.218454 
vt 0.238516 0.140188 
vt 0.173095 0.218439 
vt 0.250511 0.220086 
vt 0.254008 0.141844 
vt 0.235427 0.218454 
vt 0.238516 0.140188 
vt 0.235427 0.218454 
vt 0.254008 0.141844 
vt 0.329377 0.526888 
vt 0.323787 0.526888 
vt 0.331345 0.547376 
vt 0.32608 0.552818 
vt 0.331345 0.547376 
vt 0.323787 0.526888 
vt 0.387135 0.538584 
vt 0.339053 0.538584 
vt 0.386827 0.545092 
vt 0.338771 0.544519 
vt 0.386827 0.545092 
vt 0.339053 0.538584 
vt 0.407546 0.561373 
vt 0.410065 0.531714 
vt 0.401285 0.554535 
vt 0.403448 0.531796 
vt 0.401285 0.554535 
vt 0.410065 0.531714 
vt 0.331345 0.547376 
vt 0.32608 0.552818 
vt 0.395208 0.547407 
vt 0.400486 0.552858 
vt 0.395208 0.547407 
vt 0.32608 0.552818 
vt 0.32544 0.554535 
vt 0.319179 0.561373 
vt 0.401285 0.554535 
vt 0.407546 0.561373 
vt 0.387259 0.534448 
vt 0.386978 0.528512 
vt 0.339205 0.535021 
vt 0.338897 0.528512 
vt 0.339205 0.535021 
vt 0.386978 0.528512 
vt 0.400486 0.552858 
vt 0.402685 0.526888 
vt 0.395208 0.547407 
vt 0.397095 0.526888 
vt 0.395208 0.547407 
vt 0.402685 0.526888 
vt 0.323278 0.531796 
vt 0.31666 0.531714 
vt 0.32544 0.554535 
vt 0.319179 0.561373 
vt 0.32544 0.554535 
vt 0.31666 0.531714 
vt 0.275506 0.00747102 
vt 0.275506 0.078252 
vt 0.308003 0.010024 
vt 0.306658 0.080695 
vt 0.308003 0.010024 
vt 0.275506 0.078252 
vt 0.285685 0.118208 
vt 0.285367 0.126169 
vt 0.28564 0.0957 
vt 0.28529 0.087741 
vt 0.310044 0.081725 
vt 0.341195 0.079283 
vt 0.308699 0.011053 
vt 0.341195 0.00850201 
vt 0.308699 0.011053 
vt 0.341195 0.079283 
vt 0.389242 0.562794 
vt 0.337483 0.562794 
vt 0.00471225 0.287411 
vt 0.0091425 0.2353 
vt 0.0243367 0.288529 
vt 0.0508162 0.240108 
vt 0.0243367 0.288529 
vt 0.0091425 0.2353 
vt 0.294032 0.113189 
vt 0.285685 0.118208 
vt 0.294007 0.10066 
vt 0.28564 0.0957 
vt 0.0508162 0.388529 
vt 0.0091425 0.393337 
vt 0.0243367 0.340108 
vt 0.00471225 0.341226 
vt 0.0243367 0.340108 
vt 0.0091425 0.393337 
vt 0.0243367 0.288529 
vt 0.0665587 0.267988 
vt 0.0243367 0.340108 
vt 0.0665587 0.360648 

usemtl RedRetroRobot1Mtl

f 25/25/25 26/26/26 27/27/27 
f 28/28/28 27/27/27 26/26/26 
f 29/29/29 30/30/30 31/31/31 
f 32/32/32 31/31/31 30/30/30 
f 33/33/33 34/34/34 35/35/35 
f 36/36/36 37/37/37 38/38/38 
f 39/39/39 40/40/40 41/41/41 
f 42/42/42 41/41/41 40/40/40 
f 43/43/43 39/39/39 44/44/44 
f 41/41/41 44/44/44 39/39/39 
f 45/45/45 43/43/43 46/46/46 
f 44/44/44 46/46/46 43/43/43 
f 47/47/47 45/45/45 48/48/48 
f 46/46/46 48/48/48 45/45/45 
f 49/49/49 47/47/47 50/50/50 
f 48/48/48 50/50/50 47/47/47 
f 26/26/26 49/49/49 28/28/28 
f 50/50/50 28/28/28 49/49/49 
f 51/51/51 52/52/52 53/53/53 
f 54/54/54 55/55/55 56/56/56 
f 57/57/57 58/58/58 59/59/59 
f 51/51/51 60/60/60 61/61/61 
f 51/51/51 62/62/62 60/60/60 
f 51/51/51 63/63/63 62/62/62 
f 51/51/51 64/64/64 63/63/63 
f 51/51/51 65/65/65 64/64/64 
f 51/51/51 53/53/53 65/65/65 
f 66/66/66 67/67/67 68/68/68 
f 69/69/69 68/68/68 67/67/67 
f 70/70/70 71/71/71 72/72/72 
f 73/73/73 74/74/74 75/75/75 
f 76/76/76 77/77/77 78/78/78 
f 79/79/79 80/80/80 81/81/81 
f 82/82/82 83/83/83 84/84/84 
f 85/85/85 84/84/84 83/83/83 
f 83/83/83 86/86/86 85/85/85 
f 87/87/87 85/85/85 86/86/86 
f 86/86/86 88/88/88 87/87/87 
f 89/89/89 87/87/87 88/88/88 
f 88/88/88 90/90/90 89/89/89 
f 91/91/91 89/89/89 90/90/90 
f 90/90/90 92/92/92 91/91/91 
f 93/93/93 91/91/91 92/92/92 
f 92/92/92 66/66/66 93/93/93 
f 68/68/68 93/93/93 66/66/66 
f 94/94/94 95/95/95 66/66/66 
f 67/67/67 66/66/66 95/95/95 
f 96/96/96 97/97/97 98/98/98 
f 99/99/99 98/98/98 97/97/97 
f 100/100/100 101/101/101 102/102/102 
f 103/103/103 102/102/102 101/101/101 
f 104/104/104 105/105/105 82/82/82 
f 83/83/83 82/82/82 105/105/105 
f 105/105/105 106/106/106 83/83/83 
f 86/86/86 83/83/83 106/106/106 
f 106/106/106 107/107/107 86/86/86 
f 88/88/88 86/86/86 107/107/107 
f 107/107/107 108/108/108 88/88/88 
f 90/90/90 88/88/88 108/108/108 
f 108/108/108 109/109/109 90/90/90 
f 92/92/92 90/90/90 109/109/109 
f 109/109/109 94/94/94 92/92/92 
f 66/66/66 92/92/92 94/94/94 
f 110/110/110 111/111/111 112/112/112 
f 113/113/113 112/112/112 111/111/111 
f 114/114/114 115/115/115 116/116/116 
f 117/117/117 118/118/118 119/119/119 
f 120/120/120 121/121/121 122/122/122 
f 123/123/123 124/124/124 125/125/125 
f 126/126/126 127/127/127 128/128/128 
f 129/129/129 128/128/128 127/127/127 
f 127/127/127 130/130/130 129/129/129 
f 131/131/131 129/129/129 130/130/130 
f 130/130/130 132/132/132 131/131/131 
f 133/133/133 131/131/131 132/132/132 
f 132/132/132 134/134/134 133/133/133 
f 135/135/135 133/133/133 134/134/134 
f 134/134/134 136/136/136 135/135/135 
f 137/137/137 135/135/135 136/136/136 
f 136/136/136 110/110/110 137/137/137 
f 112/112/112 137/137/137 110/110/110 
f 53/53/53 52/52/52 138/138/138 
f 139/139/139 138/138/138 52/52/52 
f 140/140/140 141/141/141 142/142/142 
f 143/143/143 144/144/144 145/145/145 
f 146/146/146 147/147/147 148/148/148 
f 149/149/149 150/150/150 151/151/151 
f 61/61/61 60/60/60 152/152/152 
f 153/153/153 152/152/152 60/60/60 
f 60/60/60 62/62/62 153/153/153 
f 154/154/154 153/153/153 62/62/62 
f 62/62/62 63/63/63 154/154/154 
f 155/155/155 154/154/154 63/63/63 
f 63/63/63 64/64/64 155/155/155 
f 156/156/156 155/155/155 64/64/64 
f 64/64/64 65/65/65 156/156/156 
f 157/157/157 156/156/156 65/65/65 
f 65/65/65 53/53/53 157/157/157 
f 138/138/138 157/157/157 53/53/53 
f 25/25/25 158/158/158 26/26/26 
f 159/159/159 26/26/26 158/158/158 
f 29/29/29 160/160/160 30/30/30 
f 161/161/161 30/30/30 160/160/160 
f 33/33/33 162/162/162 34/34/34 
f 163/163/163 38/38/38 164/164/164 
f 39/39/39 165/165/165 40/40/40 
f 166/166/166 40/40/40 165/165/165 
f 43/43/43 167/167/167 39/39/39 
f 165/165/165 39/39/39 167/167/167 
f 45/45/45 168/168/168 43/43/43 
f 167/167/167 43/43/43 168/168/168 
f 47/47/47 169/169/169 45/45/45 
f 168/168/168 45/45/45 169/169/169 
f 49/49/49 170/170/170 47/47/47 
f 169/169/169 47/47/47 170/170/170 
f 26/26/26 159/159/159 49/49/49 
f 170/170/170 49/49/49 159/159/159 
f 171/171/171 172/172/172 173/173/173 
f 174/174/174 175/175/175 176/176/176 
f 177/177/177 178/178/178 179/179/179 
f 180/180/180 181/181/181 173/173/173 
f 181/181/181 182/182/182 173/173/173 
f 182/182/182 183/183/183 173/173/173 
f 183/183/183 184/184/184 173/173/173 
f 184/184/184 185/185/185 173/173/173 
f 185/185/185 171/171/171 173/173/173 
f 186/186/186 187/187/187 188/188/188 
f 189/189/189 188/188/188 187/187/187 
f 190/190/190 191/191/191 192/192/192 
f 193/193/193 194/194/194 195/195/195 
f 196/196/196 197/197/197 198/198/198 
f 199/199/199 200/200/200 201/201/201 
f 202/202/202 203/203/203 204/204/204 
f 205/205/205 204/204/204 203/203/203 
f 204/204/204 205/205/205 206/206/206 
f 207/207/207 206/206/206 205/205/205 
f 206/206/206 207/207/207 208/208/208 
f 209/209/209 208/208/208 207/207/207 
f 208/208/208 209/209/209 210/210/210 
f 211/211/211 210/210/210 209/209/209 
f 210/210/210 211/211/211 212/212/212 
f 213/213/213 212/212/212 211/211/211 
f 212/212/212 213/213/213 186/186/186 
f 187/187/187 186/186/186 213/213/213 
f 214/214/214 186/186/186 215/215/215 
f 188/188/188 215/215/215 186/186/186 
f 216/216/216 217/217/217 218/218/218 
f 219/219/219 218/218/218 217/217/217 
f 220/220/220 221/221/221 222/222/222 
f 223/223/223 222/222/222 221/221/221 
f 224/224/224 202/202/202 225/225/225 
f 204/204/204 225/225/225 202/202/202 
f 225/225/225 204/204/204 226/226/226 
f 206/206/206 226/226/226 204/204/204 
f 226/226/226 206/206/206 227/227/227 
f 208/208/208 227/227/227 206/206/206 
f 227/227/227 208/208/208 228/228/228 
f 210/210/210 228/228/228 208/208/208 
f 228/228/228 210/210/210 229/229/229 
f 212/212/212 229/229/229 210/210/210 
f 229/229/229 212/212/212 214/214/214 
f 186/186/186 214/214/214 212/212/212 
f 230/230/230 231/231/231 232/232/232 
f 233/233/233 232/232/232 231/231/231 
f 234/234/234 235/235/235 236/236/236 
f 237/237/237 238/238/238 239/239/239 
f 240/240/240 241/241/241 242/242/242 
f 243/243/243 244/244/244 245/245/245 
f 246/246/246 247/247/247 248/248/248 
f 249/249/249 248/248/248 247/247/247 
f 248/248/248 249/249/249 250/250/250 
f 251/251/251 250/250/250 249/249/249 
f 250/250/250 251/251/251 252/252/252 
f 253/253/253 252/252/252 251/251/251 
f 252/252/252 253/253/253 254/254/254 
f 255/255/255 254/254/254 253/253/253 
f 254/254/254 255/255/255 256/256/256 
f 257/257/257 256/256/256 255/255/255 
f 256/256/256 257/257/257 230/230/230 
f 231/231/231 230/230/230 257/257/257 
f 171/171/171 258/258/258 172/172/172 
f 259/259/259 172/172/172 258/258/258 
f 260/260/260 261/261/261 262/262/262 
f 263/263/263 264/264/264 265/265/265 
f 266/266/266 267/267/267 268/268/268 
f 269/269/269 270/270/270 271/271/271 
f 180/180/180 272/272/272 181/181/181 
f 273/273/273 181/181/181 272/272/272 
f 181/181/181 273/273/273 182/182/182 
f 274/274/274 182/182/182 273/273/273 
f 182/182/182 274/274/274 183/183/183 
f 275/275/275 183/183/183 274/274/274 
f 183/183/183 275/275/275 184/184/184 
f 276/276/276 184/184/184 275/275/275 
f 184/184/184 276/276/276 185/185/185 
f 277/277/277 185/185/185 276/276/276 
f 185/185/185 277/277/277 171/171/171 
f 258/258/258 171/171/171 277/277/277 
f 278/278/278 279/279/279 280/280/280 
f 281/281/281 280/280/280 279/279/279 
f 282/282/282 283/283/283 284/284/284 
f 285/285/285 286/286/286 287/287/287 
f 288/288/288 289/289/289 290/290/290 
f 291/291/291 290/290/290 289/289/289 
f 292/292/292 293/293/293 294/294/294 
f 295/295/295 296/296/296 297/297/297 
f 298/298/298 299/299/299 300/300/300 
f 301/301/301 300/300/300 299/299/299 
f 302/302/302 303/303/303 304/304/304 
f 305/305/305 304/304/304 303/303/303 
f 306/306/306 307/307/307 308/308/308 
f 309/309/309 308/308/308 307/307/307 
f 310/310/310 311/311/311 312/312/312 
f 313/313/313 312/312/312 311/311/311 
f 312/312/312 314/314/314 310/310/310 
f 315/315/315 316/316/316 317/317/317 
f 318/318/318 319/319/319 320/320/320 
f 321/321/321 322/322/322 323/323/323 
f 324/324/324 323/323/323 322/322/322 
f 325/325/325 326/326/326 327/327/327 
f 328/328/328 327/327/327 326/326/326 
f 329/329/329 330/330/330 331/331/331 
f 332/332/332 331/331/331 330/330/330 
f 332/332/332 333/333/333 331/331/331 
f 334/334/334 331/331/331 333/333/333 
f 335/335/335 336/336/336 337/337/337 
f 338/338/338 337/337/337 336/336/336 
f 339/339/339 340/340/340 341/341/341 
f 342/342/342 341/341/341 340/340/340 
f 342/342/342 343/343/343 341/341/341 
f 344/344/344 341/341/341 343/343/343 
f 345/345/345 346/346/346 347/347/347 
f 348/348/348 347/347/347 346/346/346 
f 349/349/349 350/350/350 351/351/351 
f 352/352/352 353/353/353 354/354/354 
f 324/324/324 322/322/322 355/355/355 
f 330/330/330 311/311/311 332/332/332 
f 310/310/310 332/332/332 311/311/311 
f 356/356/356 357/357/357 358/358/358 
f 359/359/359 360/360/360 361/361/361 
f 362/362/362 363/363/363 364/364/364 
f 365/365/365 366/366/366 367/367/367 
f 368/368/368 369/369/369 370/370/370 
f 371/371/371 372/372/372 373/373/373 
f 322/322/322 321/321/321 342/342/342 
f 343/343/343 342/342/342 321/321/321 
f 374/374/374 375/375/375 376/376/376 
f 377/377/377 378/378/378 379/379/379 
f 380/380/380 381/381/381 382/382/382 
f 383/383/383 384/384/384 385/385/385 
f 386/386/386 387/387/387 388/388/388 
f 389/389/389 390/390/390 391/391/391 
f 392/392/392 393/393/393 394/394/394 
f 395/395/395 396/396/396 397/397/397 
f 398/398/398 399/399/399 400/400/400 
f 401/401/401 400/400/400 399/399/399 
f 402/402/402 403/403/403 404/404/404 
f 405/405/405 406/406/406 407/407/407 
f 408/408/408 409/409/409 410/410/410 
f 411/411/411 412/412/412 413/413/413 
f 414/414/414 415/415/415 416/416/416 
f 417/417/417 418/418/418 419/419/419 
f 420/420/420 421/421/421 422/422/422 
f 423/423/423 424/424/424 425/425/425 
f 426/426/426 427/427/427 428/428/428 
f 429/429/429 428/428/428 427/427/427 
f 430/430/430 431/431/431 432/432/432 
f 433/433/433 434/434/434 435/435/435 
f 436/436/436 401/401/401 437/437/437 
f 399/399/399 437/437/437 401/401/401 
f 438/438/438 439/439/439 440/440/440 
f 441/441/441 442/442/442 443/443/443 
f 444/444/444 445/445/445 446/446/446 
f 447/447/447 446/446/446 445/445/445 
f 448/448/448 449/449/449 450/450/450 
f 451/451/451 452/452/452 453/453/453 
f 454/454/454 455/455/455 456/456/456 
f 457/457/457 456/456/456 455/455/455 

g RedRetroRobot2

v 0.49934 1.37516 0.216176 
v 0.49934 1.3808 0.115263 
v 0.193938 1.3808 0.115263 
v 0.193938 1.37516 0.216176 
v 0.49934 1.14975 -0.0359419 
v 0.49934 1.05954 0.00962602 
v 0.193936 1.05954 0.009626 
v 0.193938 1.14975 -0.035942 
v 0.49934 1.05954 0.00962602 
v 0.49934 1.00419 0.0941961 
v 0.193938 1.00419 0.094196 
v 0.193936 1.05954 0.009626 
v 0.49934 1.00419 0.0941961 
v 0.49934 0.998549 0.195109 
v 0.193939 0.998549 0.195109 
v 0.193938 1.00419 0.094196 
v 0.49934 1.04411 0.285324 
v 0.193939 1.04411 0.285324 
v 0.49934 1.12868 0.34067 
v 0.193938 1.12868 0.340669 
v 0.49934 1.2296 0.346314 
v 0.193938 1.2296 0.346314 
v 0.49934 1.31981 0.300746 
v 0.193938 1.31981 0.300746 
v 0.243558 1.27558 0.137243 
v 0.243559 1.18968 0.155186 
v 0.243558 1.27304 0.182598 
v 0.243558 1.13119 0.089765 
v 0.243559 1.18968 0.155186 
v 0.243558 1.17173 0.069285 
v 0.243558 1.10631 0.127775 
v 0.243559 1.18968 0.155186 
v 0.243558 1.13119 0.089765 
v 0.243559 1.10377 0.173129 
v 0.243558 1.10631 0.127775 
v 0.243559 1.12425 0.213676 
v 0.243558 1.16226 0.23855 
v 0.243558 1.20762 0.241087 
v 0.243558 1.24817 0.220607 
v 0.193938 1.35022 0.12165 
v 0.193938 1.34548 0.206417 
v 0.193938 1.37516 0.216176 
v 0.193938 1.3808 0.115263 
v 0.193936 1.08036 0.032915 
v 0.193938 1.15614 -0.00536199 
v 0.193938 1.14975 -0.035942 
v 0.193936 1.05954 0.009626 
v 0.193938 1.03387 0.103955 
v 0.193936 1.08036 0.032915 
v 0.193936 1.05954 0.009626 
v 0.193938 1.00419 0.094196 
v 0.193939 1.02913 0.188721 
v 0.193938 1.03387 0.103955 
v 0.193938 1.00419 0.094196 
v 0.193939 0.998549 0.195109 
v 0.193939 1.0674 0.264502 
v 0.193939 1.04411 0.285324 
v 0.193938 1.13844 0.310992 
v 0.193938 1.12868 0.340669 
v 0.193938 1.22321 0.315734 
v 0.193938 1.2296 0.346314 
v 0.193938 1.29899 0.277457 
v 0.193938 1.31981 0.300746 
v 0.305219 1.35022 0.12165 
v 0.30522 1.34548 0.206417 
v 0.193938 1.34548 0.206417 
v 0.193938 1.35022 0.12165 
v 0.305218 1.08036 0.032915 
v 0.30522 1.15614 -0.00536199 
v 0.193938 1.15614 -0.00536199 
v 0.193936 1.08036 0.032915 
v 0.30522 1.03387 0.103955 
v 0.305218 1.08036 0.032915 
v 0.193936 1.08036 0.032915 
v 0.193938 1.03387 0.103955 
v 0.305221 1.02913 0.188721 
v 0.30522 1.03387 0.103955 
v 0.193938 1.03387 0.103955 
v 0.193939 1.02913 0.188721 
v 0.305221 1.0674 0.264502 
v 0.193939 1.0674 0.264502 
v 0.305219 1.13844 0.310992 
v 0.193938 1.13844 0.310992 
v 0.30522 1.22321 0.315734 
v 0.193938 1.22321 0.315734 
v 0.30522 1.29899 0.277457 
v 0.193938 1.29899 0.277457 
v 0.305219 1.28333 0.135624 
v 0.30522 1.28056 0.185071 
v 0.30522 1.34548 0.206417 
v 0.305219 1.35022 0.12165 
v 0.305219 1.12591 0.083862 
v 0.30522 1.17011 0.061533 
v 0.30522 1.15614 -0.00536199 
v 0.305218 1.08036 0.032915 
v 0.30522 1.09879 0.125301 
v 0.305219 1.12591 0.083862 
v 0.305218 1.08036 0.032915 
v 0.30522 1.03387 0.103955 
v 0.30522 1.09602 0.174748 
v 0.30522 1.09879 0.125301 
v 0.30522 1.03387 0.103955 
v 0.305221 1.02913 0.188721 
v 0.30522 1.11835 0.218954 
v 0.305221 1.0674 0.264502 
v 0.305219 1.15979 0.246073 
v 0.305219 1.13844 0.310992 
v 0.30522 1.20924 0.248839 
v 0.30522 1.22321 0.315734 
v 0.30522 1.25344 0.226511 
v 0.30522 1.29899 0.277457 
v 0.243558 1.27558 0.137243 
v 0.243558 1.27304 0.182598 
v 0.30522 1.28056 0.185071 
v 0.305219 1.28333 0.135624 
v 0.243558 1.13119 0.089765 
v 0.243558 1.17173 0.069285 
v 0.30522 1.17011 0.061533 
v 0.305219 1.12591 0.083862 
v 0.243558 1.10631 0.127775 
v 0.243558 1.13119 0.089765 
v 0.305219 1.12591 0.083862 
v 0.30522 1.09879 0.125301 
v 0.243559 1.10377 0.173129 
v 0.243558 1.10631 0.127775 
v 0.30522 1.09879 0.125301 
v 0.30522 1.09602 0.174748 
v 0.243559 1.12425 0.213676 
v 0.30522 1.11835 0.218954 
v 0.243558 1.16226 0.23855 
v 0.305219 1.15979 0.246073 
v 0.243558 1.20762 0.241087 
v 0.30522 1.20924 0.248839 
v 0.243558 1.24817 0.220607 
v 0.30522 1.25344 0.226511 
v 0.804742 1.3808 0.115263 
v 0.804742 1.37516 0.216176 
v 0.804744 1.05954 0.00962604 
v 0.49934 1.05954 0.00962602 
v 0.49934 1.14975 -0.0359419 
v 0.804742 1.14975 -0.035942 
v 0.804742 1.00419 0.094196 
v 0.804744 1.05954 0.00962604 
v 0.804741 0.998549 0.195109 
v 0.49934 0.998549 0.195109 
v 0.804742 1.00419 0.094196 
v 0.804741 1.04411 0.285324 
v 0.49934 1.04411 0.285324 
v 0.804742 1.12868 0.340669 
v 0.49934 1.12868 0.34067 
v 0.804742 1.2296 0.346314 
v 0.49934 1.2296 0.346314 
v 0.804742 1.31981 0.300746 
v 0.755121 1.27558 0.137243 
v 0.755121 1.27304 0.182598 
v 0.755121 1.18968 0.155186 
v 0.755122 1.13119 0.089765 
v 0.755121 1.17173 0.069285 
v 0.755121 1.18968 0.155186 
v 0.755121 1.10631 0.127775 
v 0.755122 1.13119 0.089765 
v 0.755121 1.18968 0.155186 
v 0.755121 1.10377 0.173129 
v 0.755121 1.10631 0.127775 
v 0.755121 1.12425 0.213676 
v 0.755121 1.16226 0.23855 
v 0.755121 1.20762 0.241087 
v 0.755121 1.24817 0.220607 
v 0.804742 1.37516 0.216176 
v 0.804742 1.34548 0.206417 
v 0.804742 1.35022 0.12165 
v 0.804742 1.3808 0.115263 
v 0.804742 1.14975 -0.035942 
v 0.804742 1.15614 -0.00536195 
v 0.804744 1.08036 0.032915 
v 0.804744 1.05954 0.00962604 
v 0.804744 1.05954 0.00962604 
v 0.804744 1.08036 0.032915 
v 0.804742 1.03387 0.103955 
v 0.804742 1.00419 0.094196 
v 0.804742 1.00419 0.094196 
v 0.804742 1.03387 0.103955 
v 0.804741 1.02913 0.188721 
v 0.804741 0.998549 0.195109 
v 0.804741 1.0674 0.264502 
v 0.804741 1.04411 0.285324 
v 0.804742 1.13844 0.310992 
v 0.804742 1.12868 0.340669 
v 0.804742 1.22321 0.315734 
v 0.804742 1.2296 0.346314 
v 0.804742 1.29899 0.277457 
v 0.804742 1.31981 0.300746 
v 0.804742 1.34548 0.206417 
v 0.69346 1.34548 0.206417 
v 0.69346 1.35022 0.12165 
v 0.804742 1.35022 0.12165 
v 0.804742 1.15614 -0.00536195 
v 0.69346 1.15614 -0.00536196 
v 0.693462 1.08036 0.032915 
v 0.804744 1.08036 0.032915 
v 0.804744 1.08036 0.032915 
v 0.693462 1.08036 0.032915 
v 0.69346 1.03387 0.103955 
v 0.804742 1.03387 0.103955 
v 0.804742 1.03387 0.103955 
v 0.69346 1.03387 0.103955 
v 0.693459 1.02913 0.188721 
v 0.804741 1.02913 0.188721 
v 0.693459 1.0674 0.264502 
v 0.804741 1.0674 0.264502 
v 0.69346 1.13844 0.310992 
v 0.804742 1.13844 0.310992 
v 0.69346 1.22321 0.315734 
v 0.804742 1.22321 0.315734 
v 0.69346 1.29899 0.277457 
v 0.804742 1.29899 0.277457 
v 0.69346 1.34548 0.206417 
v 0.69346 1.28056 0.185071 
v 0.69346 1.28333 0.135624 
v 0.69346 1.35022 0.12165 
v 0.69346 1.15614 -0.00536196 
v 0.69346 1.17011 0.061533 
v 0.693461 1.12591 0.083862 
v 0.693462 1.08036 0.032915 
v 0.693462 1.08036 0.032915 
v 0.693461 1.12591 0.083862 
v 0.69346 1.09879 0.125301 
v 0.69346 1.03387 0.103955 
v 0.69346 1.03387 0.103955 
v 0.69346 1.09879 0.125301 
v 0.69346 1.09602 0.174748 
v 0.693459 1.02913 0.188721 
v 0.69346 1.11835 0.218954 
v 0.693459 1.0674 0.264502 
v 0.69346 1.15979 0.246073 
v 0.69346 1.13844 0.310992 
v 0.69346 1.20924 0.248839 
v 0.69346 1.22321 0.315734 
v 0.69346 1.25344 0.226511 
v 0.69346 1.29899 0.277457 
v 0.69346 1.28056 0.185071 
v 0.755121 1.27304 0.182598 
v 0.755121 1.27558 0.137243 
v 0.69346 1.28333 0.135624 
v 0.69346 1.17011 0.061533 
v 0.755121 1.17173 0.069285 
v 0.755122 1.13119 0.089765 
v 0.693461 1.12591 0.083862 
v 0.693461 1.12591 0.083862 
v 0.755122 1.13119 0.089765 
v 0.755121 1.10631 0.127775 
v 0.69346 1.09879 0.125301 
v 0.69346 1.09879 0.125301 
v 0.755121 1.10631 0.127775 
v 0.755121 1.10377 0.173129 
v 0.69346 1.09602 0.174748 
v 0.755121 1.12425 0.213676 
v 0.69346 1.11835 0.218954 
v 0.755121 1.16226 0.23855 
v 0.69346 1.15979 0.246073 
v 0.755121 1.20762 0.241087 
v 0.69346 1.20924 0.248839 
v 0.755121 1.24817 0.220607 
v 0.69346 1.25344 0.226511 
v 0.216037 2.04227 0.22325 
v 0.767442 2.04227 0.22325 
v 0.75213 2.04227 -0.38837 
v 0.23135 2.04227 -0.38837 
v 0.163579 1.01545 0.155036 
v 0.216037 2.04227 0.22325 
v 0.23135 2.04227 -0.38837 
v 0.182131 1.01513 -0.320156 
v 0.83162 1.01545 0.155036 
v 0.767442 2.04227 0.22325 
v 0.216037 2.04227 0.22325 
v 0.163579 1.01545 0.155036 
v 0.813068 1.01513 -0.320156 
v 0.75213 2.04227 -0.38837 
v 0.767442 2.04227 0.22325 
v 0.83162 1.01545 0.155036 
v 0.182131 1.01513 -0.320156 
v 0.23135 2.04227 -0.38837 
v 0.75213 2.04227 -0.38837 
v 0.813068 1.01513 -0.320156 
v 0.871833 -0.00395 0.364246 
v 0.123368 -0.00395 0.364246 
v 0.102269 -0.00393999 0.172767 
v 0.892933 -0.00393999 0.172767 
v 0.892933 -0.00393999 0.172767 
v 0.102269 -0.00393999 0.172767 
v 0.123368 -0.00391996 -0.531519 
v 0.871833 -0.00391996 -0.531519 
v 0.170943 0.774982 -0.32458 
v 0.151838 0.775313 0.157772 
v 0.163579 1.01545 0.155036 
v 0.182131 1.01513 -0.320156 
v 0.171936 0.775337 0.328226 
v 0.163579 1.01545 0.155036 
v 0.171936 0.775337 0.328226 
v 0.82409 0.775328 0.32849 
v 0.83162 1.01545 0.155036 
v 0.843361 0.775313 0.157772 
v 0.824257 0.774982 -0.32458 
v 0.813068 1.01513 -0.320156 
v 0.83162 1.01545 0.155036 
v 0.85628 0.248055 -0.468967 
v 0.871833 -0.00391996 -0.531519 
v 0.123368 -0.00391996 -0.531519 
v 0.13892 0.248055 -0.468967 
v 0.13892 0.248055 -0.468967 
v 0.123368 -0.00391996 -0.531519 
v 0.102269 -0.00393999 0.172767 
v 0.118473 0.248416 0.172267 
v 0.13892 0.248539 0.352846 
v 0.123368 -0.00395 0.364246 
v 0.375584 -0.00392997 0.589949 
v 0.619615 -0.00392997 0.589949 
v 0.614545 0.114171 0.57855 
v 0.380655 0.114171 0.57855 
v 0.85628 0.248539 0.352846 
v 0.871833 -0.00395 0.364246 
v 0.892933 -0.00393999 0.172767 
v 0.876723 0.248416 0.172267 
v 0.85628 0.248055 -0.468967 
v 0.871833 -0.00391996 -0.531519 
v 0.85628 0.248055 -0.468967 
v 0.13892 0.248055 -0.468967 
v 0.182131 1.01513 -0.320156 
v 0.813068 1.01513 -0.320156 
v 0.813068 1.01513 -0.320156 
v 0.824257 0.774982 -0.32458 
v 0.85628 0.248055 -0.468967 
v 0.13892 0.248055 -0.468967 
v 0.170943 0.774982 -0.32458 
v 0.182131 1.01513 -0.320156 
v 0.82409 0.775328 0.32849 
v 0.218084 0.775337 0.292453 
v 0.200834 0.775313 0.157772 
v 0.172196 0.248416 0.172767 
v 0.189746 0.248539 0.311215 
v 0.218084 0.775337 0.292453 
v 0.189746 0.248539 0.311215 
v 0.805453 0.248539 0.311215 
v 0.777825 0.775328 0.292654 
v 0.823003 0.248416 0.172767 
v 0.794365 0.775313 0.157772 
v 0.777825 0.775328 0.292654 
v 0.805453 0.248539 0.311215 
v 0.151838 0.775313 0.157772 
v 0.200834 0.775313 0.157772 
v 0.218084 0.775337 0.292453 
v 0.171936 0.775337 0.328226 
v 0.151838 0.775313 0.157772 
v 0.118473 0.248416 0.172267 
v 0.172196 0.248416 0.172767 
v 0.200834 0.775313 0.157772 
v 0.118473 0.248416 0.172267 
v 0.13892 0.248539 0.352846 
v 0.189746 0.248539 0.311215 
v 0.172196 0.248416 0.172767 
v 0.171936 0.775337 0.328226 
v 0.218084 0.775337 0.292453 
v 0.777825 0.775328 0.292654 
v 0.82409 0.775328 0.32849 
v 0.85628 0.248539 0.352846 
v 0.805453 0.248539 0.311215 
v 0.189746 0.248539 0.311215 
v 0.13892 0.248539 0.352846 
v 0.843361 0.775313 0.157772 
v 0.794365 0.775313 0.157772 
v 0.823003 0.248416 0.172767 
v 0.876723 0.248416 0.172267 
v 0.843361 0.775313 0.157772 
v 0.82409 0.775328 0.32849 
v 0.777825 0.775328 0.292654 
v 0.794365 0.775313 0.157772 
v 0.876723 0.248416 0.172267 
v 0.823003 0.248416 0.172767 
v 0.805453 0.248539 0.311215 
v 0.85628 0.248539 0.352846 
v 0.13892 0.248539 0.352846 
v 0.123368 -0.00395 0.364246 
v 0.278406 -0.00395 0.3729 
v 0.287515 0.248539 0.3615 
v 0.871833 -0.00395 0.364246 
v 0.716793 -0.00395 0.3729 
v 0.278406 -0.00395 0.3729 
v 0.123368 -0.00395 0.364246 
v 0.85628 0.248539 0.352846 
v 0.707684 0.248539 0.3615 
v 0.716793 -0.00395 0.3729 
v 0.871833 -0.00395 0.364246 
v 0.13892 0.248539 0.352846 
v 0.287515 0.248539 0.3615 
v 0.707684 0.248539 0.3615 
v 0.85628 0.248539 0.352846 
v 0.278406 -0.00395 0.3729 
v 0.375584 -0.00392997 0.589949 
v 0.380655 0.114171 0.57855 
v 0.287515 0.248539 0.3615 
v 0.716793 -0.00395 0.3729 
v 0.619615 -0.00392997 0.589949 
v 0.375584 -0.00392997 0.589949 
v 0.278406 -0.00395 0.3729 
v 0.716793 -0.00395 0.3729 
v 0.707684 0.248539 0.3615 
v 0.614545 0.114171 0.57855 
v 0.619615 -0.00392997 0.589949 
v 0.287515 0.248539 0.3615 
v 0.380655 0.114171 0.57855 
v 0.614545 0.114171 0.57855 
v 0.707684 0.248539 0.3615 

vn 0 0.952756 0.314961 
vn 0 1 0.0551181 
vn 0 1 0.0551181 
vn 0 0.952756 0.314961 
vn 0 -0.448819 -0.889764 
vn 0 -0.448819 -0.889764 
vn 0 -0.448819 -0.889764 
vn 0 -0.448819 -0.889764 
vn 0 -0.834646 -0.551181 
vn 0 -0.834646 -0.551181 
vn 0 -0.834646 -0.551181 
vn 0 -0.834646 -0.551181 
vn 0 -1 -0.0551181 
vn 0 -0.976378 0.204724 
vn 0 -0.976378 0.204724 
vn 0 -1 -0.0551181 
vn 0 -0.748031 0.669291 
vn 0 -0.748031 0.669291 
vn 0 -0.314961 0.952756 
vn 0 -0.314961 0.952756 
vn 0 0.204724 0.976378 
vn 0 0.204724 0.976378 
vn 0 0.669291 0.748031 
vn 0 0.669291 0.748031 
vn -1 0 0 
vn -1 0 0 
vn -1 0 0 
vn -1 0 0 
vn -1 0 0 
vn -1 0 0 
vn -1 0 0 
vn -1 0 0 
vn -1 0 0 
vn -1 0 0 
vn -1 0 0 
vn -1 0 0 
vn -1 0 0 
vn -1 0 0 
vn -1 0 0 
vn -1 0 0 
vn -1 0 0 
vn -1 0 0 
vn -1 0 0 
vn -1 0 0 
vn -1 0 0 
vn -1 0 0 
vn -1 0 0 
vn -1 0 0 
vn -1 0 0 
vn -1 0 0 
vn -1 0 0 
vn -1 0 0 
vn -1 0 0 
vn -1 0 0 
vn -1 0 0 
vn -1 0 0 
vn -1 0 0 
vn -1 0 0 
vn -1 0 0 
vn -1 0 0 
vn -1 0 0 
vn -1 0 0 
vn -1 0 0 
vn 0 -1 -0.0551181 
vn 0 -0.952756 -0.314961 
vn 0 -0.952756 -0.314961 
vn 0 -1 -0.0551181 
vn 0 0.448819 0.889764 
vn 0 0.448819 0.889764 
vn 0 0.448819 0.889764 
vn 0 0.448819 0.889764 
vn 0 0.834646 0.551181 
vn 0 0.834646 0.551181 
vn 0 0.834646 0.551181 
vn 0 0.834646 0.551181 
vn 0 0.976378 -0.204724 
vn 0 1 0.0551181 
vn 0 1 0.0551181 
vn 0 0.976378 -0.204724 
vn 0 0.748031 -0.669291 
vn 0 0.748031 -0.669291 
vn 0 0.314961 -0.952756 
vn 0 0.314961 -0.952756 
vn 0 -0.204724 -0.976378 
vn 0 -0.204724 -0.976378 
vn 0 -0.669291 -0.748031 
vn 0 -0.669291 -0.748031 
vn -1 0 0 
vn -1 0 0 
vn -1 0 0 
vn -1 0 0 
vn -1 0 0 
vn -1 0 0 
vn -1 0 0 
vn -1 0 0 
vn -1 0 0 
vn -1 0 0 
vn -1 0 0 
vn -1 0 0 
vn -1 0 0 
vn -1 0 0 
vn -1 0 0 
vn -1 0 0 
vn -1 0 0 
vn -1 0 0 
vn -1 0 0 
vn -1 0 0 
vn -1 0 0 
vn -1 0 0 
vn -1 0 0 
vn -1 0 0 
vn -0.125984 0.992126 0.0551181 
vn -0.125984 0.944882 0.307087 
vn -0.125984 0.944882 0.307087 
vn -0.125984 0.992126 0.0551181 
vn -0.125984 -0.448819 -0.889764 
vn -0.125984 -0.448819 -0.889764 
vn -0.125984 -0.448819 -0.889764 
vn -0.125984 -0.448819 -0.889764 
vn -0.125984 -0.826772 -0.543307 
vn -0.125984 -0.826772 -0.543307 
vn -0.125984 -0.826772 -0.543307 
vn -0.125984 -0.826772 -0.543307 
vn -0.125984 -0.968504 0.204724 
vn -0.125984 -0.992126 -0.0551181 
vn -0.125984 -0.992126 -0.0551181 
vn -0.125984 -0.968504 0.204724 
vn -0.125984 -0.740157 0.661417 
vn -0.125984 -0.740157 0.661417 
vn -0.125984 -0.307087 0.944882 
vn -0.125984 -0.307087 0.944882 
vn -0.125984 0.204724 0.968504 
vn -0.125984 0.204724 0.968504 
vn -0.125984 0.661417 0.740157 
vn -0.125984 0.661417 0.740157 
vn 0 1 0.0551181 
vn 0 0.952756 0.314961 
vn 0 -0.448819 -0.889764 
vn 0 -0.448819 -0.889764 
vn 0 -0.448819 -0.889764 
vn 0 -0.448819 -0.889764 
vn 0 -0.834646 -0.551181 
vn 0 -0.834646 -0.551181 
vn 0 -0.976378 0.204724 
vn 0 -0.976378 0.204724 
vn 0 -1 -0.0551181 
vn 0 -0.748031 0.669291 
vn 0 -0.748031 0.669291 
vn 0 -0.314961 0.952756 
vn 0 -0.314961 0.952756 
vn 0 0.204724 0.976378 
vn 0 0.204724 0.976378 
vn 0 0.669291 0.748031 
vn 1 0 0 
vn 1 0 0 
vn 1 0 0 
vn 1 0 0 
vn 1 0 0 
vn 1 0 0 
vn 1 0 0 
vn 1 0 0 
vn 1 0 0 
vn 1 0 0 
vn 1 0 0 
vn 1 0 0 
vn 1 0 0 
vn 1 0 0 
vn 1 0 0 
vn 1 0 0 
vn 1 0 0 
vn 1 0 0 
vn 1 0 0 
vn 1 0 0 
vn 1 0 0 
vn 1 0 0 
vn 1 0 0 
vn 1 0 0 
vn 1 0 0 
vn 1 0 0 
vn 1 0 0 
vn 1 0 0 
vn 1 0 0 
vn 1 0 0 
vn 1 0 0 
vn 1 0 0 
vn 1 0 0 
vn 1 0 0 
vn 1 0 0 
vn 1 0 0 
vn 1 0 0 
vn 1 0 0 
vn 1 0 0 
vn 0 -0.952756 -0.314961 
vn 0 -0.952756 -0.314961 
vn 0 -1 -0.0551181 
vn 0 -1 -0.0551181 
vn 0 0.448819 0.889764 
vn 0 0.448819 0.889764 
vn 0 0.448819 0.889764 
vn 0 0.448819 0.889764 
vn 0 0.834646 0.551181 
vn 0 0.834646 0.551181 
vn 0 0.834646 0.551181 
vn 0 0.834646 0.551181 
vn 0 1 0.0551181 
vn 0 1 0.0551181 
vn 0 0.976378 -0.204724 
vn 0 0.976378 -0.204724 
vn 0 0.748031 -0.669291 
vn 0 0.748031 -0.669291 
vn 0 0.314961 -0.952756 
vn 0 0.314961 -0.952756 
vn 0 -0.204724 -0.976378 
vn 0 -0.204724 -0.976378 
vn 0 -0.669291 -0.748031 
vn 0 -0.669291 -0.748031 
vn 1 0 0 
vn 1 0 0 
vn 1 0 0 
vn 1 0 0 
vn 1 0 0 
vn 1 0 0 
vn 1 0 0 
vn 1 0 0 
vn 1 0 0 
vn 1 0 0 
vn 1 0 0 
vn 1 0 0 
vn 1 0 0 
vn 1 0 0 
vn 1 0 0 
vn 1 0 0 
vn 1 0 0 
vn 1 0 0 
vn 1 0 0 
vn 1 0 0 
vn 1 0 0 
vn 1 0 0 
vn 1 0 0 
vn 1 0 0 
vn 0.125984 0.944882 0.307087 
vn 0.125984 0.944882 0.307087 
vn 0.125984 0.992126 0.0551181 
vn 0.125984 0.992126 0.0551181 
vn 0.125984 -0.448819 -0.889764 
vn 0.125984 -0.448819 -0.889764 
vn 0.125984 -0.448819 -0.889764 
vn 0.125984 -0.448819 -0.889764 
vn 0.125984 -0.826772 -0.543307 
vn 0.125984 -0.826772 -0.543307 
vn 0.125984 -0.826772 -0.543307 
vn 0.125984 -0.826772 -0.543307 
vn 0.125984 -0.992126 -0.0551181 
vn 0.125984 -0.992126 -0.0551181 
vn 0.125984 -0.968504 0.204724 
vn 0.125984 -0.968504 0.204724 
vn 0.125984 -0.740157 0.661417 
vn 0.125984 -0.740157 0.661417 
vn 0.125984 -0.307087 0.944882 
vn 0.125984 -0.307087 0.944882 
vn 0.125984 0.204724 0.968504 
vn 0.125984 0.204724 0.968504 
vn 0.125984 0.661417 0.740157 
vn 0.125984 0.661417 0.740157 
vn 0 1 0 
vn 0 1 0 
vn 0 1 0 
vn 0 1 0 
vn -1 0.0472441 -0.0314961 
vn -1 0.0472441 -0.0314961 
vn -1 0.0472441 -0.0314961 
vn -1 0.0472441 -0.0314961 
vn 0 -0.0629921 1 
vn 0 -0.0629921 1 
vn 0 -0.0629921 1 
vn 0 -0.0629921 1 
vn 1 0.0629921 -0.0314961 
vn 1 0.0629921 -0.0314961 
vn 1 0.0629921 -0.0314961 
vn 1 0.0629921 -0.0314961 
vn 0 -0.0629921 -1 
vn 0 -0.0629921 -1 
vn 0 -0.0629921 -1 
vn 0 -0.0629921 -1 
vn 0 -1 0 
vn 0 -1 0 
vn 0 -1 0 
vn 0 -1 0 
vn 0 -1 0 
vn 0 -1 0 
vn 0 -1 0 
vn 0 -1 0 
vn -1 0.0629921 -0.0314961 
vn -1 0.0629921 -0.0314961 
vn -1 0.0472441 -0.0314961 
vn -1 0.0472441 -0.0393701 
vn -0.992126 0.0472441 0.11811 
vn 0 0.582677 0.811024 
vn 0 0.582677 0.811024 
vn 0 0.582677 0.811024 
vn 0 0.582677 0.811024 
vn 1 0.0629921 -0.0314961 
vn 1 0.0629921 -0.0314961 
vn 1 0.0472441 -0.0393701 
vn 1 0.0472441 -0.0314961 
vn 0 0.244094 -0.968504 
vn 0 0.244094 -0.968504 
vn 0 0.244094 -0.968504 
vn 0 0.244094 -0.968504 
vn -1 0.0629921 -0.0314961 
vn -1 0.0708661 -0.0314961 
vn -1 0.0629921 0 
vn -1 0.0629921 -0.023622 
vn -0.992126 0.0629921 0.110236 
vn -0.992126 0.0629921 0.110236 
vn 0 0.0944882 0.992126 
vn 0 0.0944882 0.992126 
vn 0 0.0944882 0.992126 
vn 0 0.0944882 0.992126 
vn 0.992126 0.0629921 0.110236 
vn 0.992126 0.0629921 0.110236 
vn 1 0.0629921 0 
vn 1 0.0629921 -0.023622 
vn 1 0.0629921 -0.0314961 
vn 1 0.0708661 -0.0314961 
vn 0 0.188976 -0.984252 
vn 0 0.188976 -0.984252 
vn 0 0.188976 -0.984252 
vn 0 0.188976 -0.984252 
vn 1 0.0472441 -0.0393701 
vn 1 0.0629921 -0.0314961 
vn 1 0.0629921 -0.0314961 
vn -1 0.0629921 -0.0314961 
vn -1 0.0629921 -0.0314961 
vn -1 0.0472441 -0.0393701 
vn 0.992126 0.0472441 0.110236 
vn -0.992126 0.0551181 0.125984 
vn -0.992126 0.0551181 0.125984 
vn -0.992126 0.0551181 0.125984 
vn -0.992126 0.0551181 0.125984 
vn 0 0.0393701 1 
vn 0 0.0393701 1 
vn 0 0.0393701 1 
vn 0 0.0393701 1 
vn 0.992126 0.0551181 0.125984 
vn 0.992126 0.0551181 0.125984 
vn 0.992126 0.0551181 0.125984 
vn 0.992126 0.0551181 0.125984 
vn 0 -1 0 
vn 0 -1 0 
vn 0 -1 0 
vn 0 -1 0 
vn -0.00787402 0.0314961 1 
vn -0.00787402 0.0314961 1 
vn -0.00787402 0.0314961 1 
vn -0.00787402 0.0314961 1 
vn 0 1 0 
vn 0 1 0 
vn 0 1 0 
vn 0 1 0 
vn 0 -1 0 
vn 0 -1 0 
vn 0 -1 0 
vn 0 -1 0 
vn 0 1 0 
vn 0 1 0 
vn 0 1 0 
vn 0 1 0 
vn 0.00787402 0.0314961 1 
vn 0.00787402 0.0314961 1 
vn 0.00787402 0.0314961 1 
vn 0.00787402 0.0314961 1 
vn 0 -1 0 
vn 0 -1 0 
vn 0 -1 0 
vn 0 -1 0 
vn 0 1 0 
vn 0 1 0 
vn 0 1 0 
vn 0 1 0 
vn -0.0551181 0.0472441 1 
vn -0.0551181 0.0472441 1 
vn -0.0551181 0.0472441 1 
vn -0.0551181 0.0472441 1 
vn 0 -1 0 
vn 0 -1 0 
vn 0 -1 0 
vn 0 -1 0 
vn 0.0551181 0.0472441 1 
vn 0.0551181 0.0472441 1 
vn 0.0551181 0.0472441 1 
vn 0.0551181 0.0472441 1 
vn 0 1 0 
vn 0 1 0 
vn 0 1 0 
vn 0 1 0 
vn -0.905512 0.0629921 0.417323 
vn -0.905512 0.0629921 0.417323 
vn -0.905512 0.0629921 0.417323 
vn -0.905512 0.0629921 0.417323 
vn 0 -1 0 
vn 0 -1 0 
vn 0 -1 0 
vn 0 -1 0 
vn 0.905512 0.0629921 0.417323 
vn 0.905512 0.0629921 0.417323 
vn 0.905512 0.0629921 0.417323 
vn 0.905512 0.0629921 0.417323 
vn 0 0.850394 0.527559 
vn 0 0.850394 0.527559 
vn 0 0.850394 0.527559 
vn 0 0.850394 0.527559 

vt 0.334784 0.388157 
vt 0.348082 0.388157 
vt 0.348081 0.441731 
vt 0.334784 0.44173 
vt 0.228407 0.388157 
vt 0.241704 0.388157 
vt 0.241704 0.441731 
vt 0.228407 0.44173 
vt 0.241704 0.388157 
vt 0.255001 0.388157 
vt 0.255001 0.44173 
vt 0.241704 0.441731 
vt 0.255001 0.388157 
vt 0.268298 0.388157 
vt 0.268298 0.44173 
vt 0.255001 0.44173 
vt 0.281596 0.388157 
vt 0.281596 0.44173 
vt 0.294892 0.388157 
vt 0.294892 0.44173 
vt 0.30819 0.388157 
vt 0.30819 0.44173 
vt 0.321487 0.388157 
vt 0.321487 0.44173 
vt 0.27641 0.546784 
vt 0.286987 0.535882 
vt 0.281922 0.55047 
vt 0.293677 0.522112 
vt 0.286987 0.535882 
vt 0.288172 0.51716 
vt 0.297038 0.527617 
vt 0.286987 0.535882 
vt 0.293677 0.522112 
vt 0.298531 0.53388 
vt 0.297038 0.527617 
vt 0.297875 0.540176 
vt 0.295462 0.545502 
vt 0.291835 0.549453 
vt 0.287174 0.551195 
vt 0.404422 0.508774 
vt 0.396248 0.499633 
vt 0.398569 0.495507 
vt 0.40737 0.506148 
vt 0.314058 0.498086 
vt 0.304844 0.50688 
vt 0.30184 0.503781 
vt 0.311795 0.493327 
vt 0.32516 0.490569 
vt 0.314058 0.498086 
vt 0.311795 0.493327 
vt 0.323684 0.485333 
vt 0.337112 0.485427 
vt 0.32516 0.490569 
vt 0.323684 0.485333 
vt 0.336254 0.480182 
vt 0.349742 0.483777 
vt 0.349517 0.477948 
vt 0.362314 0.48411 
vt 0.362817 0.478603 
vt 0.374437 0.48649 
vt 0.375391 0.481455 
vt 0.385843 0.492251 
vt 0.387541 0.487158 
vt 0.397334 0.52249 
vt 0.389346 0.515663 
vt 0.396248 0.499633 
vt 0.404422 0.508774 
vt 0.320956 0.515187 
vt 0.312024 0.52249 
vt 0.304844 0.50688 
vt 0.314058 0.498086 
vt 0.330356 0.509529 
vt 0.320956 0.515187 
vt 0.314058 0.498086 
vt 0.32516 0.490569 
vt 0.340386 0.505768 
vt 0.330356 0.509529 
vt 0.32516 0.490569 
vt 0.337112 0.485427 
vt 0.350726 0.503635 
vt 0.349742 0.483777 
vt 0.360927 0.503475 
vt 0.362314 0.48411 
vt 0.370767 0.505934 
vt 0.374437 0.48649 
vt 0.380393 0.509997 
vt 0.385843 0.492251 
vt 0.221802 0.45932 
vt 0.218544 0.466844 
vt 0.20986 0.463741 
vt 0.215444 0.450843 
vt 0.24286 0.466844 
vt 0.239602 0.45932 
vt 0.24596 0.450843 
vt 0.251545 0.463741 
vt 0.24286 0.475531 
vt 0.24286 0.466844 
vt 0.251545 0.463741 
vt 0.251545 0.478634 
vt 0.239602 0.483054 
vt 0.24286 0.475531 
vt 0.251545 0.478634 
vt 0.24596 0.491531 
vt 0.23396 0.487398 
vt 0.236288 0.498978 
vt 0.227444 0.487398 
vt 0.225118 0.498978 
vt 0.221802 0.483054 
vt 0.215444 0.491531 
vt 0.218544 0.475531 
vt 0.20986 0.478634 
vt 0.27641 0.546784 
vt 0.281922 0.55047 
vt 0.280519 0.561298 
vt 0.273146 0.558562 
vt 0.293677 0.522112 
vt 0.288172 0.51716 
vt 0.294566 0.507123 
vt 0.300391 0.514175 
vt 0.297038 0.527617 
vt 0.293677 0.522112 
vt 0.300391 0.514175 
vt 0.304687 0.523284 
vt 0.298531 0.53388 
vt 0.297038 0.527617 
vt 0.304687 0.523284 
vt 0.306318 0.533322 
vt 0.297875 0.540176 
vt 0.30556 0.543424 
vt 0.295462 0.545502 
vt 0.301858 0.552908 
vt 0.291835 0.549453 
vt 0.295331 0.55924 
vt 0.287174 0.551195 
vt 0.287893 0.561824 
vt 0.348082 0.334584 
vt 0.334784 0.334584 
vt 0.241704 0.334584 
vt 0.241704 0.388157 
vt 0.228407 0.388157 
vt 0.228407 0.334584 
vt 0.255001 0.334584 
vt 0.241704 0.334584 
vt 0.268298 0.334584 
vt 0.268298 0.388157 
vt 0.255001 0.334584 
vt 0.281596 0.334584 
vt 0.281596 0.388157 
vt 0.294893 0.334584 
vt 0.294892 0.388157 
vt 0.30819 0.334584 
vt 0.30819 0.388157 
vt 0.321487 0.334584 
vt 0.214056 0.564851 
vt 0.214465 0.55647 
vt 0.226551 0.557617 
vt 0.238841 0.556151 
vt 0.239503 0.564851 
vt 0.226551 0.557617 
vt 0.236865 0.549623 
vt 0.238841 0.556151 
vt 0.226551 0.557617 
vt 0.233299 0.545075 
vt 0.236865 0.549623 
vt 0.228884 0.542744 
vt 0.224202 0.542984 
vt 0.219828 0.545348 
vt 0.216448 0.550009 
vt 0.182047 0.522133 
vt 0.184323 0.525999 
vt 0.176629 0.534937 
vt 0.173817 0.53255 
vt 0.279154 0.528468 
vt 0.2761 0.531714 
vt 0.266532 0.522858 
vt 0.268799 0.517918 
vt 0.268799 0.517918 
vt 0.266532 0.522858 
vt 0.255033 0.51538 
vt 0.256456 0.510007 
vt 0.256456 0.510007 
vt 0.255033 0.51538 
vt 0.242739 0.510442 
vt 0.243523 0.505105 
vt 0.229869 0.509096 
vt 0.230007 0.503178 
vt 0.217153 0.509722 
vt 0.216528 0.50428 
vt 0.205222 0.51277 
vt 0.204172 0.507903 
vt 0.194243 0.518649 
vt 0.192527 0.513782 
vt 0.184323 0.525999 
vt 0.191149 0.541193 
vt 0.183592 0.547908 
vt 0.176629 0.534937 
vt 0.2761 0.531714 
vt 0.268881 0.547908 
vt 0.259615 0.540564 
vt 0.266532 0.522858 
vt 0.266532 0.522858 
vt 0.259615 0.540564 
vt 0.249941 0.534946 
vt 0.255033 0.51538 
vt 0.255033 0.51538 
vt 0.249941 0.534946 
vt 0.239683 0.531318 
vt 0.242739 0.510442 
vt 0.229108 0.529385 
vt 0.229869 0.509096 
vt 0.218675 0.529447 
vt 0.217153 0.509722 
vt 0.208852 0.531504 
vt 0.205222 0.51277 
vt 0.199668 0.535562 
vt 0.194243 0.518649 
vt 0.253361 0.494003 
vt 0.262046 0.4909 
vt 0.265303 0.498424 
vt 0.258946 0.506901 
vt 0.289462 0.506901 
vt 0.283104 0.498424 
vt 0.286362 0.4909 
vt 0.295046 0.494003 
vt 0.295046 0.494003 
vt 0.286362 0.4909 
vt 0.286362 0.482213 
vt 0.295046 0.47911 
vt 0.295046 0.47911 
vt 0.286362 0.482213 
vt 0.283104 0.474689 
vt 0.289462 0.466212 
vt 0.277462 0.470345 
vt 0.279789 0.458766 
vt 0.270946 0.470345 
vt 0.268619 0.458766 
vt 0.265303 0.474689 
vt 0.258946 0.466212 
vt 0.262046 0.482213 
vt 0.253361 0.47911 
vt 0.206636 0.553264 
vt 0.214465 0.55647 
vt 0.214056 0.564851 
vt 0.205116 0.562699 
vt 0.248914 0.562111 
vt 0.239503 0.564851 
vt 0.238841 0.556151 
vt 0.24703 0.552191 
vt 0.24703 0.552191 
vt 0.238841 0.556151 
vt 0.236865 0.549623 
vt 0.243184 0.543134 
vt 0.243184 0.543134 
vt 0.236865 0.549623 
vt 0.233299 0.545075 
vt 0.237748 0.536126 
vt 0.228884 0.542744 
vt 0.230573 0.531941 
vt 0.224202 0.542984 
vt 0.22238 0.531691 
vt 0.219828 0.545348 
vt 0.21494 0.536467 
vt 0.216448 0.550009 
vt 0.20967 0.544169 
vt 0.261326 0.215895 
vt 0.262747 0.140184 
vt 0.325692 0.144389 
vt 0.324349 0.215895 
vt 0.302203 0.226387 
vt 0.307861 0.33062 
vt 0.261325 0.331075 
vt 0.26603 0.226743 
vt 0.353005 0.224943 
vt 0.349793 0.329428 
vt 0.307861 0.33062 
vt 0.302203 0.226387 
vt 0.218042 0.225956 
vt 0.221714 0.330426 
vt 0.175187 0.329134 
vt 0.181877 0.224943 
vt 0.26603 0.226743 
vt 0.261325 0.331075 
vt 0.221714 0.330426 
vt 0.218042 0.225956 
vt 0.285367 0.126169 
vt 0.28529 0.087741 
vt 0.277915 0.086684 
vt 0.277996 0.127278 
vt 0.277996 0.127278 
vt 0.277915 0.086684 
vt 0.250798 0.087864 
vt 0.250874 0.126292 
vt 0.0393157 0.178287 
vt 0.117515 0.178384 
vt 0.130719 0.230458 
vt 0.039951 0.230214 
vt 0.145318 0.178684 
vt 0.240284 0.07326 
vt 0.242347 0.131401 
vt 0.123939 0.131401 
vt 0.125977 0.07326 
vt 0.117536 0.178524 
vt 0.0393375 0.178427 
vt 0.039972 0.230354 
vt 0.130756 0.230591 
vt 0.268676 0.011479 
vt 0.27109 0.065198 
vt 0.15494 0.065198 
vt 0.157353 0.011479 
vt 0.0161677 0.064178 
vt 0.0061515 0.00961298 
vt 0.120292 0.00974202 
vt 0.120096 0.06436 
vt 0.149533 0.06478 
vt 0.151496 0.010149 
vt 0.00471225 0.287411 
vt 0.00471225 0.341226 
vt 0.0243367 0.340108 
vt 0.0243367 0.288529 
vt 0.149555 0.064919 
vt 0.151517 0.010289 
vt 0.120313 0.00988197 
vt 0.120118 0.0645 
vt 0.0161895 0.064318 
vt 0.0061725 0.00975299 
vt 0.165119 0.244299 
vt 0.0739987 0.244299 
vt 0.085113 0.358844 
vt 0.154006 0.358844 
vt 0.154006 0.358844 
vt 0.165961 0.327677 
vt 0.165119 0.244299 
vt 0.0739987 0.244299 
vt 0.0731573 0.327677 
vt 0.085113 0.358844 
vt 0.145366 0.178814 
vt 0.173095 0.218439 
vt 0.158024 0.220086 
vt 0.15446 0.141849 
vt 0.169951 0.14017 
vt 0.173095 0.218439 
vt 0.169951 0.14017 
vt 0.238516 0.140188 
vt 0.235427 0.218454 
vt 0.254008 0.141844 
vt 0.250511 0.220086 
vt 0.235427 0.218454 
vt 0.238516 0.140188 
vt 0.323787 0.526888 
vt 0.329377 0.526888 
vt 0.331345 0.547376 
vt 0.32608 0.552818 
vt 0.339053 0.538584 
vt 0.387135 0.538584 
vt 0.386827 0.545092 
vt 0.338771 0.544519 
vt 0.410065 0.531714 
vt 0.407546 0.561373 
vt 0.401285 0.554535 
vt 0.403448 0.531796 
vt 0.32608 0.552818 
vt 0.331345 0.547376 
vt 0.395208 0.547407 
vt 0.400486 0.552858 
vt 0.319179 0.561373 
vt 0.32544 0.554535 
vt 0.401285 0.554535 
vt 0.407546 0.561373 
vt 0.386978 0.528512 
vt 0.387259 0.534448 
vt 0.339205 0.535021 
vt 0.338897 0.528512 
vt 0.402685 0.526888 
vt 0.400486 0.552858 
vt 0.395208 0.547407 
vt 0.397095 0.526888 
vt 0.31666 0.531714 
vt 0.323278 0.531796 
vt 0.32544 0.554535 
vt 0.319179 0.561373 
vt 0.275506 0.078252 
vt 0.275506 0.00747102 
vt 0.308003 0.010024 
vt 0.306658 0.080695 
vt 0.285367 0.126169 
vt 0.285685 0.118208 
vt 0.28564 0.0957 
vt 0.28529 0.087741 
vt 0.341195 0.079283 
vt 0.310044 0.081725 
vt 0.308699 0.011053 
vt 0.341195 0.00850201 
vt 0.407546 0.561373 
vt 0.389242 0.562794 
vt 0.337483 0.562794 
vt 0.319179 0.561373 
vt 0.0091425 0.2353 
vt 0.00471225 0.287411 
vt 0.0243367 0.288529 
vt 0.0508162 0.240108 
vt 0.285685 0.118208 
vt 0.294032 0.113189 
vt 0.294007 0.10066 
vt 0.28564 0.0957 
vt 0.0091425 0.393337 
vt 0.0508162 0.388529 
vt 0.0243367 0.340108 
vt 0.00471225 0.341226 
vt 0.0665587 0.267988 
vt 0.0243367 0.288529 
vt 0.0243367 0.340108 
vt 0.0665587 0.360648 

usemtl RedRetroRobot1Mtl

f 458/458/458 459/459/459 460/460/460 
f 460/460/460 461/461/461 458/458/458 
f 462/462/462 463/463/463 464/464/464 
f 464/464/464 465/465/465 462/462/462 
f 466/466/466 467/467/467 468/468/468 
f 468/468/468 469/469/469 466/466/466 
f 470/470/470 471/471/471 472/472/472 
f 472/472/472 473/473/473 470/470/470 
f 471/471/471 474/474/474 475/475/475 
f 475/475/475 472/472/472 471/471/471 
f 474/474/474 476/476/476 477/477/477 
f 477/477/477 475/475/475 474/474/474 
f 476/476/476 478/478/478 479/479/479 
f 479/479/479 477/477/477 476/476/476 
f 478/478/478 480/480/480 481/481/481 
f 481/481/481 479/479/479 478/478/478 
f 480/480/480 458/458/458 461/461/461 
f 461/461/461 481/481/481 480/480/480 
f 482/482/482 483/483/483 484/484/484 
f 485/485/485 486/486/486 487/487/487 
f 488/488/488 489/489/489 490/490/490 
f 491/491/491 483/483/483 492/492/492 
f 493/493/493 483/483/483 491/491/491 
f 494/494/494 483/483/483 493/493/493 
f 495/495/495 483/483/483 494/494/494 
f 496/496/496 483/483/483 495/495/495 
f 484/484/484 483/483/483 496/496/496 
f 497/497/497 498/498/498 499/499/499 
f 499/499/499 500/500/500 497/497/497 
f 501/501/501 502/502/502 503/503/503 
f 503/503/503 504/504/504 501/501/501 
f 505/505/505 506/506/506 507/507/507 
f 507/507/507 508/508/508 505/505/505 
f 509/509/509 510/510/510 511/511/511 
f 511/511/511 512/512/512 509/509/509 
f 513/513/513 509/509/509 512/512/512 
f 512/512/512 514/514/514 513/513/513 
f 515/515/515 513/513/513 514/514/514 
f 514/514/514 516/516/516 515/515/515 
f 517/517/517 515/515/515 516/516/516 
f 516/516/516 518/518/518 517/517/517 
f 519/519/519 517/517/517 518/518/518 
f 518/518/518 520/520/520 519/519/519 
f 498/498/498 519/519/519 520/520/520 
f 520/520/520 499/499/499 498/498/498 
f 521/521/521 522/522/522 523/523/523 
f 523/523/523 524/524/524 521/521/521 
f 525/525/525 526/526/526 527/527/527 
f 527/527/527 528/528/528 525/525/525 
f 529/529/529 530/530/530 531/531/531 
f 531/531/531 532/532/532 529/529/529 
f 533/533/533 534/534/534 535/535/535 
f 535/535/535 536/536/536 533/533/533 
f 537/537/537 533/533/533 536/536/536 
f 536/536/536 538/538/538 537/537/537 
f 539/539/539 537/537/537 538/538/538 
f 538/538/538 540/540/540 539/539/539 
f 541/541/541 539/539/539 540/540/540 
f 540/540/540 542/542/542 541/541/541 
f 543/543/543 541/541/541 542/542/542 
f 542/542/542 544/544/544 543/543/543 
f 522/522/522 543/543/543 544/544/544 
f 544/544/544 523/523/523 522/522/522 
f 545/545/545 546/546/546 547/547/547 
f 547/547/547 548/548/548 545/545/545 
f 549/549/549 550/550/550 551/551/551 
f 551/551/551 552/552/552 549/549/549 
f 553/553/553 554/554/554 555/555/555 
f 555/555/555 556/556/556 553/553/553 
f 557/557/557 558/558/558 559/559/559 
f 559/559/559 560/560/560 557/557/557 
f 561/561/561 557/557/557 560/560/560 
f 560/560/560 562/562/562 561/561/561 
f 563/563/563 561/561/561 562/562/562 
f 562/562/562 564/564/564 563/563/563 
f 565/565/565 563/563/563 564/564/564 
f 564/564/564 566/566/566 565/565/565 
f 567/567/567 565/565/565 566/566/566 
f 566/566/566 568/568/568 567/567/567 
f 546/546/546 567/567/567 568/568/568 
f 568/568/568 547/547/547 546/546/546 
f 569/569/569 570/570/570 571/571/571 
f 571/571/571 572/572/572 569/569/569 
f 573/573/573 574/574/574 575/575/575 
f 575/575/575 576/576/576 573/573/573 
f 577/577/577 578/578/578 579/579/579 
f 579/579/579 580/580/580 577/577/577 
f 581/581/581 582/582/582 583/583/583 
f 583/583/583 584/584/584 581/581/581 
f 585/585/585 581/581/581 584/584/584 
f 584/584/584 586/586/586 585/585/585 
f 587/587/587 585/585/585 586/586/586 
f 586/586/586 588/588/588 587/587/587 
f 589/589/589 587/587/587 588/588/588 
f 588/588/588 590/590/590 589/589/589 
f 591/591/591 589/589/589 590/590/590 
f 590/590/590 592/592/592 591/591/591 
f 570/570/570 591/591/591 592/592/592 
f 592/592/592 571/571/571 570/570/570 
f 593/593/593 459/459/459 458/458/458 
f 458/458/458 594/594/594 593/593/593 
f 595/595/595 596/596/596 597/597/597 
f 597/597/597 598/598/598 595/595/595 
f 599/599/599 467/467/467 466/466/466 
f 466/466/466 600/600/600 599/599/599 
f 601/601/601 602/602/602 470/470/470 
f 470/470/470 603/603/603 601/601/601 
f 604/604/604 605/605/605 602/602/602 
f 602/602/602 601/601/601 604/604/604 
f 606/606/606 607/607/607 605/605/605 
f 605/605/605 604/604/604 606/606/606 
f 608/608/608 609/609/609 607/607/607 
f 607/607/607 606/606/606 608/608/608 
f 610/610/610 480/480/480 609/609/609 
f 609/609/609 608/608/608 610/610/610 
f 594/594/594 458/458/458 480/480/480 
f 480/480/480 610/610/610 594/594/594 
f 611/611/611 612/612/612 613/613/613 
f 614/614/614 615/615/615 616/616/616 
f 617/617/617 618/618/618 619/619/619 
f 620/620/620 621/621/621 613/613/613 
f 622/622/622 620/620/620 613/613/613 
f 623/623/623 622/622/622 613/613/613 
f 624/624/624 623/623/623 613/613/613 
f 625/625/625 624/624/624 613/613/613 
f 612/612/612 625/625/625 613/613/613 
f 626/626/626 627/627/627 628/628/628 
f 628/628/628 629/629/629 626/626/626 
f 630/630/630 631/631/631 632/632/632 
f 632/632/632 633/633/633 630/630/630 
f 634/634/634 635/635/635 636/636/636 
f 636/636/636 637/637/637 634/634/634 
f 638/638/638 639/639/639 640/640/640 
f 640/640/640 641/641/641 638/638/638 
f 641/641/641 640/640/640 642/642/642 
f 642/642/642 643/643/643 641/641/641 
f 643/643/643 642/642/642 644/644/644 
f 644/644/644 645/645/645 643/643/643 
f 645/645/645 644/644/644 646/646/646 
f 646/646/646 647/647/647 645/645/645 
f 647/647/647 646/646/646 648/648/648 
f 648/648/648 649/649/649 647/647/647 
f 649/649/649 648/648/648 627/627/627 
f 627/627/627 626/626/626 649/649/649 
f 650/650/650 651/651/651 652/652/652 
f 652/652/652 653/653/653 650/650/650 
f 654/654/654 655/655/655 656/656/656 
f 656/656/656 657/657/657 654/654/654 
f 658/658/658 659/659/659 660/660/660 
f 660/660/660 661/661/661 658/658/658 
f 662/662/662 663/663/663 664/664/664 
f 664/664/664 665/665/665 662/662/662 
f 665/665/665 664/664/664 666/666/666 
f 666/666/666 667/667/667 665/665/665 
f 667/667/667 666/666/666 668/668/668 
f 668/668/668 669/669/669 667/667/667 
f 669/669/669 668/668/668 670/670/670 
f 670/670/670 671/671/671 669/669/669 
f 671/671/671 670/670/670 672/672/672 
f 672/672/672 673/673/673 671/671/671 
f 673/673/673 672/672/672 651/651/651 
f 651/651/651 650/650/650 673/673/673 
f 674/674/674 675/675/675 676/676/676 
f 676/676/676 677/677/677 674/674/674 
f 678/678/678 679/679/679 680/680/680 
f 680/680/680 681/681/681 678/678/678 
f 682/682/682 683/683/683 684/684/684 
f 684/684/684 685/685/685 682/682/682 
f 686/686/686 687/687/687 688/688/688 
f 688/688/688 689/689/689 686/686/686 
f 689/689/689 688/688/688 690/690/690 
f 690/690/690 691/691/691 689/689/689 
f 691/691/691 690/690/690 692/692/692 
f 692/692/692 693/693/693 691/691/691 
f 693/693/693 692/692/692 694/694/694 
f 694/694/694 695/695/695 693/693/693 
f 695/695/695 694/694/694 696/696/696 
f 696/696/696 697/697/697 695/695/695 
f 697/697/697 696/696/696 675/675/675 
f 675/675/675 674/674/674 697/697/697 
f 698/698/698 699/699/699 700/700/700 
f 700/700/700 701/701/701 698/698/698 
f 702/702/702 703/703/703 704/704/704 
f 704/704/704 705/705/705 702/702/702 
f 706/706/706 707/707/707 708/708/708 
f 708/708/708 709/709/709 706/706/706 
f 710/710/710 711/711/711 712/712/712 
f 712/712/712 713/713/713 710/710/710 
f 713/713/713 712/712/712 714/714/714 
f 714/714/714 715/715/715 713/713/713 
f 715/715/715 714/714/714 716/716/716 
f 716/716/716 717/717/717 715/715/715 
f 717/717/717 716/716/716 718/718/718 
f 718/718/718 719/719/719 717/717/717 
f 719/719/719 718/718/718 720/720/720 
f 720/720/720 721/721/721 719/719/719 
f 721/721/721 720/720/720 699/699/699 
f 699/699/699 698/698/698 721/721/721 
f 722/722/722 723/723/723 724/724/724 
f 724/724/724 725/725/725 722/722/722 
f 726/726/726 727/727/727 728/728/728 
f 728/728/728 729/729/729 726/726/726 
f 730/730/730 731/731/731 732/732/732 
f 732/732/732 733/733/733 730/730/730 
f 734/734/734 735/735/735 736/736/736 
f 736/736/736 737/737/737 734/734/734 
f 738/738/738 739/739/739 740/740/740 
f 740/740/740 741/741/741 738/738/738 
f 742/742/742 743/743/743 744/744/744 
f 744/744/744 745/745/745 742/742/742 
f 746/746/746 747/747/747 748/748/748 
f 748/748/748 749/749/749 746/746/746 
f 750/750/750 751/751/751 752/752/752 
f 752/752/752 753/753/753 750/750/750 
f 754/754/754 752/752/752 751/751/751 
f 755/755/755 756/756/756 757/757/757 
f 757/757/757 758/758/758 755/755/755 
f 759/759/759 760/760/760 761/761/761 
f 761/761/761 762/762/762 759/759/759 
f 763/763/763 764/764/764 765/765/765 
f 765/765/765 766/766/766 763/763/763 
f 767/767/767 768/768/768 769/769/769 
f 769/769/769 770/770/770 767/767/767 
f 771/771/771 770/770/770 769/769/769 
f 769/769/769 772/772/772 771/771/771 
f 773/773/773 774/774/774 775/775/775 
f 775/775/775 776/776/776 773/773/773 
f 777/777/777 778/778/778 779/779/779 
f 779/779/779 780/780/780 777/777/777 
f 781/781/781 780/780/780 779/779/779 
f 779/779/779 782/782/782 781/781/781 
f 783/783/783 784/784/784 785/785/785 
f 785/785/785 786/786/786 783/783/783 
f 787/787/787 788/788/788 789/789/789 
f 790/790/790 791/791/791 792/792/792 
f 759/759/759 762/762/762 793/793/793 
f 750/750/750 767/767/767 770/770/770 
f 770/770/770 751/751/751 750/750/750 
f 794/794/794 795/795/795 796/796/796 
f 796/796/796 797/797/797 794/794/794 
f 798/798/798 799/799/799 800/800/800 
f 800/800/800 801/801/801 798/798/798 
f 802/802/802 803/803/803 804/804/804 
f 804/804/804 805/805/805 802/802/802 
f 760/760/760 759/759/759 780/780/780 
f 780/780/780 781/781/781 760/760/760 
f 806/806/806 807/807/807 808/808/808 
f 808/808/808 809/809/809 806/806/806 
f 810/810/810 811/811/811 812/812/812 
f 812/812/812 813/813/813 810/810/810 
f 814/814/814 815/815/815 816/816/816 
f 816/816/816 817/817/817 814/814/814 
f 818/818/818 819/819/819 820/820/820 
f 820/820/820 821/821/821 818/818/818 
f 822/822/822 823/823/823 824/824/824 
f 824/824/824 825/825/825 822/822/822 
f 826/826/826 827/827/827 828/828/828 
f 828/828/828 829/829/829 826/826/826 
f 830/830/830 831/831/831 832/832/832 
f 832/832/832 833/833/833 830/830/830 
f 834/834/834 835/835/835 836/836/836 
f 836/836/836 837/837/837 834/834/834 
f 838/838/838 839/839/839 840/840/840 
f 840/840/840 841/841/841 838/838/838 
f 842/842/842 843/843/843 844/844/844 
f 844/844/844 845/845/845 842/842/842 
f 846/846/846 847/847/847 848/848/848 
f 848/848/848 849/849/849 846/846/846 
f 850/850/850 851/851/851 852/852/852 
f 852/852/852 853/853/853 850/850/850 
f 854/854/854 855/855/855 856/856/856 
f 856/856/856 857/857/857 854/854/854 
f 858/858/858 859/859/859 860/860/860 
f 860/860/860 861/861/861 858/858/858 
f 862/862/862 863/863/863 864/864/864 
f 864/864/864 865/865/865 862/862/862 
f 866/866/866 867/867/867 868/868/868 
f 868/868/868 869/869/869 866/866/866 

g RedRetroRobot3

v -1.48973 2.93715 -0.365886 
v -1.35645 2.93715 -0.365886 
v -1.48973 2.88868 -0.449963 
v -1.35645 2.88868 -0.449963 
v -1.48973 2.80466 -0.498539 
v -1.35645 2.80466 -0.498539 
v -1.48973 2.70761 -0.498598 
v -1.35645 2.70761 -0.498599 
v -1.35645 2.62353 -0.450125 
v -1.48973 2.62353 -0.450125 
v -1.35645 2.57496 -0.366107 
v -1.48973 2.57496 -0.366107 
v -1.48973 2.5749 -0.269058 
v -1.35645 2.5749 -0.269058 
v -1.48973 2.62337 -0.18498 
v -1.35645 2.62337 -0.18498 
v -1.48973 2.70739 -0.136404 
v -1.35645 2.70739 -0.136404 
v -1.48973 2.80444 -0.136345 
v -1.35645 2.80444 -0.136345 
v -1.48973 2.88852 -0.184818 
v -1.35645 2.88852 -0.184818 
v -1.48973 2.93709 -0.268836 
v -1.35645 2.93709 -0.268836 
v -1.48973 2.93715 -0.365886 
v -1.35645 2.93715 -0.365886 
v -1.37804 2.75603 -0.317472 
v -1.37804 2.81565 -0.377019 
v -1.37804 2.83743 -0.339231 
v -1.37804 2.77788 -0.398851 
v -1.37804 2.73427 -0.398878 
v -1.37804 2.69648 -0.377092 
v -1.37804 2.67465 -0.33933 
v -1.37804 2.67462 -0.295712 
v -1.37804 2.69641 -0.257925 
v -1.37804 2.73417 -0.236092 
v -1.37804 2.77779 -0.236066 
v -1.37804 2.81557 -0.257852 
v -1.37804 2.8374 -0.295613 
v -1.35645 2.86745 -0.428764 
v -1.35645 2.90817 -0.358139 
v -1.35645 2.79688 -0.469568 
v -1.35645 2.71536 -0.469618 
v -1.35645 2.64473 -0.4289 
v -1.35645 2.60393 -0.358326 
v -1.35645 2.60388 -0.276804 
v -1.35645 2.6446 -0.206179 
v -1.35645 2.71517 -0.165375 
v -1.35645 2.79669 -0.165325 
v -1.35645 2.86732 -0.206043 
v -1.35645 2.90812 -0.276618 
v -1.35645 2.90817 -0.358139 
v -1.35645 2.90817 -0.358139 
v -1.40488 2.90817 -0.358139 
v -1.35645 2.86745 -0.428764 
v -1.40488 2.86745 -0.428764 
v -1.35645 2.79688 -0.469568 
v -1.40488 2.79688 -0.469568 
v -1.35645 2.71536 -0.469618 
v -1.40488 2.71536 -0.469618 
v -1.40488 2.64473 -0.4289 
v -1.35645 2.64473 -0.4289 
v -1.40488 2.60393 -0.358326 
v -1.35645 2.60393 -0.358326 
v -1.35645 2.60388 -0.276804 
v -1.40488 2.60388 -0.276804 
v -1.35645 2.6446 -0.206179 
v -1.40488 2.6446 -0.206179 
v -1.35645 2.71517 -0.165375 
v -1.40488 2.71517 -0.165375 
v -1.35645 2.79669 -0.165325 
v -1.40488 2.79669 -0.165325 
v -1.35645 2.86732 -0.206043 
v -1.40488 2.86732 -0.206043 
v -1.35645 2.90812 -0.276618 
v -1.40488 2.90812 -0.276618 
v -1.35645 2.90817 -0.358139 
v -1.40488 2.90817 -0.358139 
v -1.40488 2.82103 -0.382392 
v -1.40488 2.86745 -0.428764 
v -1.40488 2.84478 -0.341195 
v -1.40488 2.90817 -0.358139 
v -1.40488 2.77986 -0.406195 
v -1.40488 2.79688 -0.469568 
v -1.40488 2.7323 -0.406224 
v -1.40488 2.71536 -0.469618 
v -1.40488 2.6911 -0.382472 
v -1.40488 2.64473 -0.4289 
v -1.40488 2.60393 -0.358326 
v -1.40488 2.6673 -0.341303 
v -1.40488 2.66727 -0.293749 
v -1.40488 2.60388 -0.276804 
v -1.40488 2.69103 -0.252551 
v -1.40488 2.6446 -0.206179 
v -1.40488 2.73219 -0.228749 
v -1.40488 2.71517 -0.165375 
v -1.40488 2.77975 -0.22872 
v -1.40488 2.79669 -0.165325 
v -1.40488 2.82095 -0.252471 
v -1.40488 2.86732 -0.206043 
v -1.40488 2.84475 -0.29364 
v -1.40488 2.90812 -0.276618 
v -1.40488 2.84478 -0.341195 
v -1.40488 2.82103 -0.382392 
v -1.40488 2.77986 -0.406195 
v -1.40488 2.7323 -0.406224 
v -1.40488 2.6911 -0.382472 
v -1.40488 2.6673 -0.341303 
v -1.40488 2.66727 -0.293749 
v -1.40488 2.69103 -0.252551 
v -1.40488 2.73219 -0.228749 
v -1.40488 2.77975 -0.22872 
v -1.40488 2.82095 -0.252471 
v -1.40488 2.84475 -0.29364 
v -1.62302 2.88868 -0.449963 
v -1.62302 2.93715 -0.365886 
v -1.62302 2.80466 -0.498539 
v -1.62302 2.70761 -0.498599 
v -1.62302 2.62353 -0.450125 
v -1.62302 2.57496 -0.366107 
v -1.62302 2.5749 -0.269058 
v -1.62302 2.62337 -0.18498 
v -1.62302 2.70739 -0.136404 
v -1.62302 2.80444 -0.136345 
v -1.62302 2.88852 -0.184818 
v -1.62302 2.93709 -0.268836 
v -1.62302 2.93715 -0.365886 
v -1.60143 2.83743 -0.339231 
v -1.60143 2.81565 -0.377019 
v -1.60143 2.75603 -0.317472 
v -1.60143 2.77788 -0.398851 
v -1.60143 2.73427 -0.398878 
v -1.60143 2.69648 -0.377092 
v -1.60143 2.67465 -0.33933 
v -1.60143 2.67462 -0.295712 
v -1.60143 2.69641 -0.257925 
v -1.60143 2.73417 -0.236092 
v -1.60143 2.77779 -0.236066 
v -1.60143 2.81557 -0.257852 
v -1.60143 2.8374 -0.295613 
v -1.62302 2.90817 -0.358139 
v -1.62302 2.86745 -0.428764 
v -1.62302 2.79688 -0.469568 
v -1.62302 2.71536 -0.469618 
v -1.62302 2.64473 -0.4289 
v -1.62302 2.60393 -0.358326 
v -1.62302 2.60388 -0.276804 
v -1.62302 2.6446 -0.206179 
v -1.62302 2.71517 -0.165375 
v -1.62302 2.79669 -0.165325 
v -1.62302 2.86732 -0.206043 
v -1.62302 2.90812 -0.276618 
v -1.62302 2.90817 -0.358139 
v -1.57459 2.86745 -0.428764 
v -1.57459 2.90817 -0.358139 
v -1.57459 2.79688 -0.469568 
v -1.57459 2.71536 -0.469618 
v -1.57459 2.64473 -0.4289 
v -1.57459 2.60393 -0.358326 
v -1.57459 2.60388 -0.276804 
v -1.57459 2.6446 -0.206179 
v -1.57459 2.71517 -0.165375 
v -1.57459 2.79669 -0.165325 
v -1.57459 2.86732 -0.206043 
v -1.57459 2.90812 -0.276618 
v -1.57459 2.90817 -0.358139 
v -1.57459 2.84478 -0.341195 
v -1.57459 2.90817 -0.358139 
v -1.57459 2.82103 -0.382392 
v -1.57459 2.86745 -0.428764 
v -1.57459 2.79688 -0.469568 
v -1.57459 2.77986 -0.406195 
v -1.57459 2.7323 -0.406224 
v -1.57459 2.71536 -0.469618 
v -1.57459 2.64473 -0.4289 
v -1.57459 2.6911 -0.382472 
v -1.57459 2.6673 -0.341303 
v -1.57459 2.60393 -0.358326 
v -1.57459 2.66727 -0.293749 
v -1.57459 2.60388 -0.276804 
v -1.57459 2.69103 -0.252551 
v -1.57459 2.6446 -0.206179 
v -1.57459 2.73219 -0.228749 
v -1.57459 2.71517 -0.165375 
v -1.57459 2.77975 -0.22872 
v -1.57459 2.79669 -0.165325 
v -1.57459 2.82095 -0.252471 
v -1.57459 2.86732 -0.206043 
v -1.57459 2.84475 -0.29364 
v -1.57459 2.90812 -0.276618 
v -1.57459 2.82103 -0.382392 
v -1.57459 2.84478 -0.341195 
v -1.57459 2.77986 -0.406195 
v -1.57459 2.7323 -0.406224 
v -1.57459 2.6911 -0.382472 
v -1.57459 2.6673 -0.341303 
v -1.57459 2.66727 -0.293749 
v -1.57459 2.69103 -0.252551 
v -1.57459 2.73219 -0.228749 
v -1.57459 2.77975 -0.22872 
v -1.57459 2.82095 -0.252471 
v -1.57459 2.84475 -0.29364 
v -1.33452 3.72276 -0.132417 
v -1.33452 3.65413 -0.201041 
v -1.62506 3.72276 -0.132417 
v -1.62506 3.65413 -0.201041 
v -1.62506 3.56039 -0.22616 
v -1.33452 3.56039 -0.22616 
v -1.62506 3.46665 -0.201041 
v -1.33452 3.46665 -0.201041 
v -1.33452 3.39802 -0.132417 
v -1.62506 3.39802 -0.132417 
v -1.62506 3.3729 -0.0386742 
v -1.33452 3.3729 -0.0386741 
v -1.33452 3.39802 0.0550689 
v -1.62506 3.39802 0.0550688 
v -1.62506 3.46665 0.123693 
v -1.33452 3.46665 0.123693 
v -1.62506 3.56039 0.148812 
v -1.33452 3.56039 0.148812 
v -1.62506 3.65413 0.123693 
v -1.33452 3.65413 0.123693 
v -1.33452 3.72276 0.0550689 
v -1.62506 3.72276 0.0550688 
v -1.62506 3.74788 -0.0386742 
v -1.33452 3.74788 -0.0386741 
v -1.33452 3.72276 -0.132417 
v -1.62506 3.72276 -0.132417 
v -1.60146 3.63336 -0.0808062 
v -1.60146 3.60252 -0.111649 
v -1.60146 3.56039 -0.0386742 
v -1.60146 3.56039 -0.122938 
v -1.60146 3.51826 -0.111649 
v -1.60146 3.48741 -0.0808062 
v -1.60146 3.47613 -0.0386742 
v -1.60146 3.48741 0.00345787 
v -1.60146 3.51826 0.0343008 
v -1.60146 3.56039 0.0455898 
v -1.60146 3.60252 0.0343008 
v -1.60146 3.63336 0.00345788 
v -1.60146 3.64465 -0.0386742 
v -1.33452 3.65413 -0.201041 
v -1.33452 3.72276 -0.132417 
v -1.33452 3.56039 -0.0386741 
v -1.33452 3.56039 -0.22616 
v -1.33452 3.46665 -0.201041 
v -1.33452 3.39802 -0.132417 
v -1.33452 3.3729 -0.0386741 
v -1.33452 3.39802 0.0550689 
v -1.33452 3.46665 0.123693 
v -1.33452 3.56039 0.148812 
v -1.33452 3.65413 0.123693 
v -1.33452 3.72276 0.0550689 
v -1.33452 3.74788 -0.0386741 
v -1.62506 3.72276 -0.132417 
v -1.62506 3.65413 -0.201041 
v -1.62506 3.69678 -0.117418 
v -1.62506 3.63913 -0.175062 
v -1.62506 3.56039 -0.22616 
v -1.62506 3.56039 -0.196162 
v -1.62506 3.46665 -0.201041 
v -1.62506 3.48165 -0.175062 
v -1.62506 3.424 -0.117418 
v -1.62506 3.39802 -0.132417 
v -1.62506 3.3729 -0.0386742 
v -1.62506 3.4029 -0.0386742 
v -1.62506 3.39802 0.0550688 
v -1.62506 3.424 0.0400698 
v -1.62506 3.48165 0.0977138 
v -1.62506 3.46665 0.123693 
v -1.62506 3.56039 0.148812 
v -1.62506 3.56039 0.118814 
v -1.62506 3.63913 0.0977138 
v -1.62506 3.65413 0.123693 
v -1.62506 3.72276 0.0550688 
v -1.62506 3.69678 0.0400698 
v -1.62506 3.71788 -0.0386742 
v -1.62506 3.74788 -0.0386742 
v -1.57213 3.69678 -0.117418 
v -1.57213 3.63913 -0.175062 
v -1.57213 3.56039 -0.196162 
v -1.57213 3.48165 -0.175062 
v -1.57213 3.424 -0.117418 
v -1.57213 3.4029 -0.0386742 
v -1.57213 3.424 0.0400698 
v -1.57213 3.48165 0.0977138 
v -1.57213 3.56039 0.118814 
v -1.57213 3.63913 0.0977138 
v -1.57213 3.69678 0.0400698 
v -1.57213 3.71788 -0.0386742 
v -1.57213 3.63995 -0.0846082 
v -1.57213 3.69678 -0.117418 
v -1.57213 3.60632 -0.118234 
v -1.57213 3.63913 -0.175062 
v -1.57213 3.56039 -0.130542 
v -1.57213 3.56039 -0.196162 
v -1.57213 3.51446 -0.118234 
v -1.57213 3.48165 -0.175062 
v -1.57213 3.48083 -0.0846082 
v -1.57213 3.424 -0.117418 
v -1.57213 3.46852 -0.0386742 
v -1.57213 3.4029 -0.0386742 
v -1.57213 3.48083 0.00725987 
v -1.57213 3.424 0.0400698 
v -1.57213 3.48165 0.0977138 
v -1.57213 3.51446 0.0408858 
v -1.57213 3.56039 0.0531938 
v -1.57213 3.56039 0.118814 
v -1.57213 3.60632 0.0408858 
v -1.57213 3.63913 0.0977138 
v -1.57213 3.63995 0.00725988 
v -1.57213 3.69678 0.0400698 
v -1.57213 3.65226 -0.0386742 
v -1.57213 3.71788 -0.0386742 
v -1.57213 3.63995 -0.0846082 
v -1.57213 3.60632 -0.118234 
v -1.57213 3.56039 -0.130542 
v -1.57213 3.51446 -0.118234 
v -1.57213 3.48083 -0.0846082 
v -1.57213 3.46852 -0.0386742 
v -1.57213 3.48083 0.00725987 
v -1.57213 3.51446 0.0408858 
v -1.57213 3.56039 0.0531938 
v -1.57213 3.60632 0.0408858 
v -1.57213 3.63995 0.00725988 
v -1.57213 3.65226 -0.0386742 
v -1.20274 3.67441 -0.236167 
v -1.37527 3.69334 -0.268954 
v -1.20274 3.75788 -0.152697 
v -1.37527 3.79067 -0.171626 
v -1.20274 3.56039 -0.266719 
v -1.37527 3.56039 -0.304578 
v -1.20274 3.44637 -0.236167 
v -1.37527 3.42744 -0.268954 
v -1.20274 3.3629 -0.152697 
v -1.37527 3.33011 -0.171626 
v -1.20274 3.3629 -0.152697 
v -1.20274 3.33234 -0.0386741 
v -1.37527 3.33011 -0.171626 
v -1.37527 3.29448 -0.0386741 
v -1.20274 3.3629 0.0753489 
v -1.37527 3.33011 0.0942779 
v -1.20274 3.44637 0.158819 
v -1.37527 3.42744 0.191606 
v -1.20274 3.56039 0.189371 
v -1.37527 3.56039 0.22723 
v -1.37527 3.69334 0.191606 
v -1.20274 3.67441 0.158819 
v -1.20274 3.75788 0.0753489 
v -1.37527 3.79067 0.0942779 
v -1.20274 3.78844 -0.0386741 
v -1.37527 3.82629 -0.0386741 
v -1.37527 3.79067 -0.171626 
v -1.37527 3.69334 -0.268954 
v -1.37527 3.56039 -0.0386741 
v -1.37527 3.56039 -0.304578 
v -1.37527 3.42744 -0.268954 
v -1.37527 3.33011 -0.171626 
v -1.37527 3.29448 -0.0386741 
v -1.37527 3.33011 0.0942779 
v -1.37527 3.42744 0.191606 
v -1.37527 3.56039 0.22723 
v -1.37527 3.69334 0.191606 
v -1.37527 3.79067 0.0942779 
v -1.37527 3.82629 -0.0386741 
v -0.963205 3.69334 -0.268954 
v -0.963205 3.79067 -0.171626 
v -0.963205 3.56039 -0.0386741 
v -0.963205 3.56039 -0.304578 
v -0.963205 3.42744 -0.268954 
v -0.963205 3.33011 -0.171626 
v -0.963205 3.29449 -0.0386741 
v -0.963205 3.33011 0.0942779 
v -0.963205 3.42744 0.191606 
v -0.963205 3.56039 0.22723 
v -0.963205 3.69334 0.191606 
v -0.963205 3.79067 0.0942779 
v -0.963205 3.82629 -0.0386741 
v -0.963205 3.56039 0.22723 
v -1.13554 3.56039 0.22723 
v -0.963205 3.42744 0.191606 
v -1.13554 3.42744 0.191606 
v -0.963205 3.33011 0.0942779 
v -1.13554 3.33011 0.0942779 
v -1.13554 3.29449 -0.0386741 
v -0.963205 3.29449 -0.0386741 
v -1.13554 3.33011 -0.171626 
v -0.963205 3.33011 -0.171626 
v -1.13554 3.33011 -0.171626 
v -1.13554 3.42744 -0.268954 
v -0.963205 3.33011 -0.171626 
v -0.963205 3.42744 -0.268954 
v -0.963205 3.56039 -0.304578 
v -1.13554 3.56039 -0.304578 
v -0.963205 3.69334 -0.268954 
v -1.13554 3.69334 -0.268954 
v -0.963205 3.79067 -0.171626 
v -1.13554 3.79067 -0.171626 
v -0.963205 3.82629 -0.0386741 
v -1.13554 3.82629 -0.0386741 
v -1.13554 3.79067 0.0942779 
v -0.963205 3.79067 0.0942779 
v -0.963205 3.69334 0.191606 
v -1.13554 3.69334 0.191606 
v -1.42217 2.96332 -0.262682 
v -1.55649 2.96332 -0.262682 
v -1.42217 2.82716 -0.215847 
v -1.55649 2.82716 -0.215847 
v -1.55003 3.49012 -0.0136712 
v -1.55003 3.46076 0.0784858 
v -1.42863 3.49012 -0.0136711 
v -1.42863 3.46076 0.0784858 
v -1.42863 3.49012 -0.0136711 
v -1.55003 3.46076 0.0784858 
v -1.55649 2.75341 -0.476001 
v -1.55649 2.96332 -0.49195 
v -1.42217 2.75341 -0.476001 
v -1.42217 2.96332 -0.49195 
v -1.42217 2.30082 0.173882 
v -1.55649 2.30082 0.173882 
v -1.42217 2.36984 0.00376783 
v -1.55649 2.36984 0.00376783 
v -1.55649 2.96332 -0.262682 
v -1.55649 2.96332 -0.332613 
v -1.55649 2.82716 -0.215847 
v -1.55649 2.80466 -0.295198 
v -1.42217 2.82716 -0.215847 
v -1.42217 2.80466 -0.295198 
v -1.42217 2.96332 -0.262682 
v -1.42217 2.96332 -0.332613 
v -1.42217 2.75341 -0.476001 
v -1.42217 2.62016 -0.421118 
v -1.55649 2.75341 -0.476001 
v -1.55649 2.62016 -0.421118 
v -1.42217 2.69039 -0.126884 
v -1.42217 2.66897 -0.216631 
v -1.42217 2.82716 -0.215847 
v -1.55649 2.82716 -0.215847 
v -1.42217 2.69039 -0.126884 
v -1.55649 2.69039 -0.126884 
v -1.55649 2.66897 -0.216631 
v -1.55649 2.69039 -0.126884 
v -1.42217 2.43705 -0.333812 
v -1.55649 2.43705 -0.333812 
v -1.42217 2.62016 -0.421118 
v -1.55649 2.62016 -0.421118 
v -1.42217 2.52137 5.9837e-05 
v -1.42217 2.49565 -0.101777 
v -1.42217 2.69039 -0.126884 
v -1.42217 2.52137 5.9837e-05 
v -1.42217 2.69039 -0.126884 
v -1.55649 2.52137 5.98302e-05 
v -1.55649 2.69039 -0.126884 
v -1.55649 2.69039 -0.126884 
v -1.55649 2.52137 5.98302e-05 
v -1.55649 2.49565 -0.101777 
v -1.55649 2.30082 -0.21288 
v -1.42217 2.30082 -0.21288 
v -1.42217 2.36984 0.00376783 
v -1.42217 2.30082 0.173882 
v -1.42217 2.30082 0.173882 
v -1.55649 2.30082 0.173882 
v -1.55649 2.36984 0.00376783 
v -1.55649 2.30082 0.173882 
v -1.55649 2.63706 -0.350335 
v -1.55649 2.77115 -0.413416 
v -1.55649 2.96332 -0.436796 
v -1.42863 3.53387 -0.150968 
v -1.55003 3.53387 -0.150968 
v -1.42863 3.49012 -0.0136711 
v -1.55003 3.49012 -0.0136712 
v -1.42217 2.77115 -0.413416 
v -1.42217 2.96332 -0.436796 
v -1.42217 2.63706 -0.350335 
v -1.42217 2.45733 -0.253493 
v -1.42217 2.33763 -0.142843 
v -1.55649 2.33763 -0.142843 
v -1.42217 2.33763 -0.142843 
v -1.55649 2.36984 0.00376783 
v -1.42217 2.36984 0.00376783 
v -1.55649 2.33763 -0.142843 
v -1.55649 2.45733 -0.253493 
v -1.55649 2.75341 -0.476001 
v -1.55649 2.62016 -0.421118 
v -1.55649 2.96332 -0.49195 
v -1.42863 3.55703 -0.223652 
v -1.55003 3.55703 -0.223652 
v -1.42863 3.53387 -0.150968 
v -1.55003 3.53387 -0.150968 
v -1.42217 2.75341 -0.476001 
v -1.42217 2.96332 -0.49195 
v -1.42217 2.62016 -0.421118 
v -1.42217 2.62016 -0.421118 
v -1.42217 2.43705 -0.333812 
v -1.42217 2.30082 -0.21288 
v -1.42217 2.33763 -0.142843 
v -1.55649 2.33763 -0.142843 
v -1.42217 2.30082 -0.21288 
v -1.55649 2.30082 -0.21288 
v -1.55649 2.43705 -0.333812 
v -1.55649 2.30082 -0.21288 
v -1.55649 2.96332 -0.262682 
v -1.42217 2.96332 -0.262682 
v -1.55279 3.1952 -0.132993 
v -1.42586 3.1952 -0.132993 
v -1.55649 2.96332 -0.332613 
v -1.55649 2.96332 -0.262682 
v -1.55279 3.24403 -0.211532 
v -1.55279 3.1952 -0.132993 
v -1.42586 3.1952 -0.132993 
v -1.42217 2.96332 -0.262682 
v -1.42586 3.24403 -0.211532 
v -1.42217 2.96332 -0.332613 
v -1.55649 2.96332 -0.436796 
v -1.55279 3.31678 -0.32854 
v -1.42217 2.96332 -0.436796 
v -1.42586 3.31678 -0.32854 
v -1.55649 2.96332 -0.49195 
v -1.55279 3.3553 -0.390484 
v -1.42586 3.3553 -0.390484 
v -1.42217 2.96332 -0.49195 
v -1.55279 3.3553 -0.390484 
v -1.55649 2.96332 -0.49195 
v -1.42217 2.96332 -0.49195 
v -1.42586 3.3553 -0.390484 
v -1.55003 3.46076 0.0784858 
v -1.42863 3.46076 0.0784858 
v -1.42863 3.49012 -0.0136711 
v -1.42863 3.46076 0.0784858 
v -1.42863 3.53387 -0.150968 
v -1.42863 3.55703 -0.223652 
v -1.42863 3.55703 -0.223652 
v -1.55003 3.55703 -0.223652 
v -1.55003 3.53387 -0.150968 
v -1.55003 3.55703 -0.223652 
v -1.55003 3.49012 -0.0136712 
v -1.55003 3.46076 0.0784858 
v -1.35774 2.17693 -0.258972 
v -1.3455 2.19052 -0.259061 
v -1.32093 2.13156 -0.257632 
v -1.30505 2.14176 -0.258255 
v -1.4018 2.20052 -0.25918 
v -1.39728 2.22303 -0.25932 
v -1.50086 2.21623 -0.259268 
v -1.50086 2.2404 -0.259437 
v -1.45071 2.21309 -0.259224 
v -1.44839 2.23642 -0.259377 
v -1.32904 1.8377 -0.199312 
v -1.31721 1.82293 -0.201518 
v -1.352 1.79515 -0.17079 
v -1.34044 1.78419 -0.170638 
v -1.29396 1.94021 -0.234838 
v -1.2753 1.9417 -0.236114 
v -1.31021 1.88466 -0.217787 
v -1.29403 1.87613 -0.219508 
v -1.27538 2.0105 -0.248239 
v -1.29302 2.00498 -0.247038 
v -1.28378 2.07689 -0.25563 
v -1.30042 2.06739 -0.254527 
v -1.28863 2.23753 -0.230711 
v -1.23992 2.17151 -0.230635 
v -1.38356 2.29861 -0.217443 
v -1.29073 1.79372 -0.175172 
v -1.33389 1.76651 -0.154288 
v -1.20917 1.93688 -0.211736 
v -1.24122 1.85051 -0.194186 
v -1.20371 2.01692 -0.222414 
v -1.21232 2.09461 -0.228894 
v -1.35774 2.17693 -0.258972 
v -1.32093 2.13156 -0.257632 
v -1.35777 2.17712 -0.185566 
v -1.32097 2.13173 -0.184467 
v -1.40183 2.20071 -0.185772 
v -1.4018 2.20052 -0.25918 
v -1.45074 2.21327 -0.185818 
v -1.50086 2.2164 -0.185862 
v -1.45071 2.21309 -0.259224 
v -1.50086 2.21623 -0.259268 
v -1.32907 1.83786 -0.140918 
v -1.32904 1.8377 -0.199312 
v -1.35202 1.79644 -0.125809 
v -1.352 1.79515 -0.17079 
v -1.31021 1.88466 -0.217787 
v -1.31025 1.88483 -0.150661 
v -1.29396 1.94021 -0.234838 
v -1.29399 1.94039 -0.159652 
v -1.29305 2.00516 -0.172521 
v -1.30046 2.06758 -0.182158 
v -1.29302 2.00498 -0.247038 
v -1.30042 2.06739 -0.254527 
v -1.36793 1.77294 -0.116313 
v -1.35581 1.76052 -0.116192 
v -1.13284 2.02429 -0.0188822 
v -1.14631 2.02204 -0.180252 
v -1.14247 2.11481 -0.0188822 
v -1.1551 2.1088 -0.185321 
v -1.18515 1.82273 -0.0188822 
v -1.19893 1.82998 -0.155394 
v -1.1403 1.93144 -0.0188822 
v -1.15622 1.93302 -0.171855 
v -1.3267 1.73682 -0.0188822 
v -1.32866 1.75235 -0.126876 
v -1.25808 1.75693 -0.0188822 
v -1.26954 1.77033 -0.137559 
v -1.37652 1.76367 -0.0188822 
v -1.36793 1.77294 -0.116313 
v -1.36649 1.74957 -0.0188822 
v -1.35581 1.76052 -0.116192 
v -1.36649 1.74957 -0.0188822 
v -1.36793 1.77294 -0.116313 
v -1.35247 1.79689 -0.0188822 
v -1.32915 1.83829 -0.0188822 
v -1.31033 1.88525 -0.0188822 
v -1.29408 1.94083 -0.0188822 
v -1.29314 2.0056 -0.0188822 
v -1.30054 2.068 -0.0188822 
v -1.32105 2.13217 -0.0188822 
v -1.35785 2.17755 -0.0188822 
v -1.40192 2.20114 -0.0188822 
v -1.50086 2.21684 -0.0188822 
v -1.45083 2.2137 -0.0188822 
v -1.2431 2.27518 -0.165994 
v -1.23613 2.28678 -0.0188822 
v -1.18776 2.19534 -0.186171 
v -1.17626 2.20598 -0.0188822 
v -1.36168 2.34608 -0.0903252 
v -1.47626 2.36713 -0.120041 
v -1.43941 2.3865 -0.0524002 
v -1.47526 2.3865 -0.0663332 
v -1.42517 2.3865 -0.0188822 
v -1.32902 2.35212 -0.0188822 
v -1.50086 2.3666 -0.122836 
v -1.50086 2.3865 -0.0676412 
v -1.4489 2.30319 -0.229713 
v -1.50086 2.30454 -0.233064 
v -1.37652 1.76367 -0.0188822 
v -1.36793 1.77294 -0.116313 
v -1.32866 1.75235 -0.126876 
v -1.36649 1.74957 -0.0188822 
v -1.35581 1.76052 -0.116192 
v -1.64399 2.17693 -0.258972 
v -1.68079 2.13156 -0.257632 
v -1.65622 2.19052 -0.259061 
v -1.69667 2.14176 -0.258255 
v -1.60444 2.22303 -0.25932 
v -1.59992 2.20052 -0.25918 
v -1.55333 2.23642 -0.259377 
v -1.55101 2.21309 -0.259224 
v -1.68452 1.82293 -0.201518 
v -1.67269 1.8377 -0.199312 
v -1.66129 1.78419 -0.170638 
v -1.64973 1.79515 -0.17079 
v -1.7077 1.87613 -0.219508 
v -1.72642 1.9417 -0.236114 
v -1.69151 1.88466 -0.217787 
v -1.70776 1.94021 -0.234838 
v -1.7013 2.06739 -0.254527 
v -1.7087 2.00498 -0.247038 
v -1.71794 2.07689 -0.25563 
v -1.72635 2.0105 -0.248239 
v -1.7618 2.17151 -0.230635 
v -1.71309 2.23753 -0.230711 
v -1.61816 2.29861 -0.217443 
v -1.66783 1.76651 -0.154288 
v -1.71099 1.79372 -0.175172 
v -1.75971 1.84971 -0.194186 
v -1.79255 1.9345 -0.211737 
v -1.78874 2.09527 -0.228894 
v -1.79736 2.01692 -0.222414 
v -1.64399 2.17693 -0.258972 
v -1.64395 2.17712 -0.185566 
v -1.68079 2.13156 -0.257632 
v -1.68075 2.13173 -0.184467 
v -1.59989 2.20071 -0.185772 
v -1.59992 2.20052 -0.25918 
v -1.55098 2.21327 -0.185818 
v -1.55101 2.21309 -0.259224 
v -1.67269 1.8377 -0.199312 
v -1.67265 1.83786 -0.140918 
v -1.64973 1.79515 -0.17079 
v -1.6497 1.79644 -0.125809 
v -1.69148 1.88483 -0.150661 
v -1.69151 1.88466 -0.217787 
v -1.70773 1.94039 -0.159652 
v -1.70776 1.94021 -0.234838 
v -1.70867 2.00516 -0.172521 
v -1.7087 2.00498 -0.247038 
v -1.70126 2.06758 -0.182158 
v -1.7013 2.06739 -0.254527 
v -1.63379 1.77294 -0.116313 
v -1.64591 1.76052 -0.116192 
v -1.86769 2.02429 -0.0188822 
v -1.85807 2.11599 -0.0188822 
v -1.85422 2.02204 -0.180252 
v -1.84543 2.10999 -0.18532 
v -1.86142 1.92716 -0.0188822 
v -1.84551 1.92872 -0.171855 
v -1.81514 1.8213 -0.0188822 
v -1.80137 1.82855 -0.155394 
v -1.74364 1.75693 -0.0188822 
v -1.73219 1.77033 -0.137559 
v -1.67502 1.73682 -0.0188823 
v -1.67306 1.75235 -0.126876 
v -1.63379 1.77294 -0.116313 
v -1.6252 1.76367 -0.0188823 
v -1.64591 1.76052 -0.116192 
v -1.63523 1.74957 -0.0188823 
v -1.64591 1.76052 -0.116192 
v -1.6252 1.76367 -0.0188823 
v -1.67257 1.83829 -0.0188823 
v -1.64925 1.79689 -0.0188823 
v -1.70765 1.94083 -0.0188823 
v -1.69139 1.88525 -0.0188823 
v -1.70118 2.068 -0.0188822 
v -1.70858 2.0056 -0.0188823 
v -1.64387 2.17755 -0.0188822 
v -1.68067 2.13217 -0.0188822 
v -1.59981 2.20114 -0.0188822 
v -1.55089 2.2137 -0.0188822 
v -1.76559 2.28678 -0.0188821 
v -1.75863 2.27518 -0.165994 
v -1.82546 2.20598 -0.0188822 
v -1.81396 2.19534 -0.186171 
v -1.56231 2.3865 -0.0524002 
v -1.52647 2.3865 -0.0663332 
v -1.64005 2.34608 -0.0903252 
v -1.52546 2.36713 -0.120041 
v -1.64005 2.34608 -0.0903252 
v -1.6727 2.35212 -0.0188822 
v -1.56231 2.3865 -0.0524002 
v -1.57655 2.3865 -0.0188822 
v -1.55282 2.30319 -0.229713 
v -1.6252 1.76367 -0.0188823 
v -1.63379 1.77294 -0.116313 
v -1.67306 1.75235 -0.126876 
v -1.63523 1.74957 -0.0188823 
v -1.64591 1.76052 -0.116192 
v -1.73219 1.77033 -0.137559 
v -1.80137 1.82855 -0.155394 
v -1.84551 1.92872 -0.171855 
v -1.85422 2.02204 -0.180252 
v -1.84543 2.10999 -0.18532 
v -1.81396 2.19534 -0.186171 
v -1.75863 2.27518 -0.165994 
v -1.64005 2.34608 -0.0903252 
v -1.52546 2.36713 -0.120041 
v -1.50086 2.3666 -0.122836 
v -1.47626 2.36713 -0.120041 
v -1.36168 2.34608 -0.0903252 
v -1.2431 2.27518 -0.165994 
v -1.18776 2.19534 -0.186171 
v -1.1551 2.1088 -0.185321 
v -1.14631 2.02204 -0.180252 
v -1.15622 1.93302 -0.171855 
v -1.19893 1.82998 -0.155394 
v -1.26954 1.77033 -0.137559 
v -1.47526 2.3865 -0.0180172 
v -1.50086 2.3865 -0.0180112 
v -1.52647 2.3865 -0.0180172 
v -1.3455 2.19052 0.221297 
v -1.35774 2.17693 0.221208 
v -1.30505 2.14176 0.220491 
v -1.32093 2.13156 0.219868 
v -1.4018 2.20052 0.221416 
v -1.39728 2.22303 0.221556 
v -1.45071 2.21309 0.22146 
v -1.44839 2.23642 0.221613 
v -1.50086 2.21623 0.221504 
v -1.50086 2.2404 0.221673 
v -1.34044 1.78419 0.132874 
v -1.31721 1.82293 0.163754 
v -1.352 1.79515 0.133026 
v -1.32904 1.8377 0.161548 
v -1.2753 1.9417 0.19835 
v -1.29396 1.94021 0.197074 
v -1.29403 1.87613 0.181744 
v -1.31021 1.88466 0.180023 
v -1.30042 2.06739 0.216763 
v -1.29302 2.00498 0.209274 
v -1.28378 2.07689 0.217866 
v -1.27538 2.0105 0.210475 
v -1.23992 2.17151 0.192871 
v -1.28863 2.23753 0.192947 
v -1.38356 2.29861 0.179679 
v -1.29073 1.79372 0.137408 
v -1.33389 1.76651 0.116524 
v -1.20917 1.93688 0.173972 
v -1.24122 1.85051 0.156422 
v -1.21232 2.09461 0.19113 
v -1.20371 2.01692 0.18465 
v -1.32093 2.13156 0.219868 
v -1.35774 2.17693 0.221208 
v -1.32097 2.13173 0.146703 
v -1.35777 2.17712 0.147802 
v -1.4018 2.20052 0.221416 
v -1.40183 2.20071 0.148008 
v -1.50086 2.2164 0.148098 
v -1.45074 2.21327 0.148054 
v -1.50086 2.21623 0.221504 
v -1.45071 2.21309 0.22146 
v -1.32904 1.8377 0.161548 
v -1.32907 1.83786 0.103154 
v -1.352 1.79515 0.133026 
v -1.35202 1.79644 0.0880448 
v -1.31021 1.88466 0.180023 
v -1.29396 1.94021 0.197074 
v -1.31025 1.88483 0.112897 
v -1.29399 1.94039 0.121888 
v -1.30046 2.06758 0.144394 
v -1.29305 2.00516 0.134757 
v -1.30042 2.06739 0.216763 
v -1.29302 2.00498 0.209274 
v -1.36793 1.77294 0.0785488 
v -1.35581 1.76052 0.0784278 
v -1.1551 2.1088 0.147557 
v -1.14631 2.02204 0.142488 
v -1.19893 1.82998 0.11763 
v -1.15622 1.93302 0.134091 
v -1.26954 1.77033 0.0997948 
v -1.32866 1.75235 0.0891118 
v -1.35581 1.76052 0.0784278 
v -1.36793 1.77294 0.0785488 
v -1.36649 1.74957 -0.0188822 
v -1.37652 1.76367 -0.0188822 
v -1.36649 1.74957 -0.0188822 
v -1.36793 1.77294 0.0785488 
v -1.18776 2.19534 0.148407 
v -1.2431 2.27518 0.12823 
v -1.47526 2.3865 0.0285688 
v -1.47626 2.36713 0.0822768 
v -1.43941 2.3865 0.0146358 
v -1.36168 2.34608 0.0525608 
v -1.50086 2.3865 0.0298768 
v -1.50086 2.3666 0.0850718 
v -1.50086 2.30454 0.1953 
v -1.4489 2.30319 0.191949 
v -1.36793 1.77294 0.0785488 
v -1.32866 1.75235 0.0891118 
v -1.35581 1.76052 0.0784278 
v -1.69667 2.14176 0.220491 
v -1.68079 2.13156 0.219868 
v -1.65622 2.19052 0.221297 
v -1.64399 2.17693 0.221208 
v -1.59992 2.20052 0.221416 
v -1.60444 2.22303 0.221556 
v -1.55333 2.23642 0.221613 
v -1.55101 2.21309 0.22146 
v -1.66129 1.78419 0.132874 
v -1.64973 1.79515 0.133026 
v -1.68452 1.82293 0.163754 
v -1.67269 1.8377 0.161548 
v -1.69151 1.88466 0.180023 
v -1.70776 1.94021 0.197074 
v -1.7077 1.87613 0.181744 
v -1.72642 1.9417 0.19835 
v -1.71794 2.07689 0.217866 
v -1.72635 2.0105 0.210475 
v -1.7013 2.06739 0.216763 
v -1.7087 2.00498 0.209274 
v -1.7618 2.17151 0.192871 
v -1.71309 2.23753 0.192947 
v -1.61816 2.29861 0.179679 
v -1.71099 1.79372 0.137408 
v -1.66783 1.76651 0.116524 
v -1.79255 1.9345 0.173973 
v -1.75971 1.84971 0.156422 
v -1.78874 2.09527 0.19113 
v -1.79736 2.01692 0.18465 
v -1.68075 2.13173 0.146703 
v -1.64395 2.17712 0.147802 
v -1.68079 2.13156 0.219868 
v -1.64399 2.17693 0.221208 
v -1.59992 2.20052 0.221416 
v -1.59989 2.20071 0.148008 
v -1.55101 2.21309 0.22146 
v -1.55098 2.21327 0.148054 
v -1.67265 1.83786 0.103154 
v -1.67269 1.8377 0.161548 
v -1.6497 1.79644 0.0880447 
v -1.64973 1.79515 0.133026 
v -1.70776 1.94021 0.197074 
v -1.69151 1.88466 0.180023 
v -1.70773 1.94039 0.121888 
v -1.69148 1.88483 0.112897 
v -1.7087 2.00498 0.209274 
v -1.70867 2.00516 0.134757 
v -1.7013 2.06739 0.216763 
v -1.70126 2.06758 0.144394 
v -1.64591 1.76052 0.0784277 
v -1.63379 1.77294 0.0785488 
v -1.85422 2.02204 0.142488 
v -1.84543 2.10999 0.147556 
v -1.80137 1.82855 0.11763 
v -1.84551 1.92872 0.134091 
v -1.67306 1.75235 0.0891117 
v -1.73219 1.77033 0.0997948 
v -1.64591 1.76052 0.0784277 
v -1.63523 1.74957 -0.0188823 
v -1.63379 1.77294 0.0785488 
v -1.6252 1.76367 -0.0188823 
v -1.63379 1.77294 0.0785488 
v -1.63523 1.74957 -0.0188823 
v -1.81396 2.19534 0.148407 
v -1.75863 2.27518 0.12823 
v -1.52546 2.36713 0.0822768 
v -1.52647 2.3865 0.0285688 
v -1.64005 2.34608 0.0525608 
v -1.56231 2.3865 0.0146358 
v -1.55282 2.30319 0.191949 
v -1.63379 1.77294 0.0785488 
v -1.67306 1.75235 0.0891117 
v -1.64591 1.76052 0.0784277 
v -1.73219 1.77033 0.0997948 
v -1.80137 1.82855 0.11763 
v -1.84551 1.92872 0.134091 
v -1.85422 2.02204 0.142488 
v -1.84543 2.10999 0.147556 
v -1.81396 2.19534 0.148407 
v -1.75863 2.27518 0.12823 
v -1.64005 2.34608 0.0525608 
v -1.52546 2.36713 0.0822768 
v -1.50086 2.3666 0.0850718 
v -1.47626 2.36713 0.0822768 
v -1.36168 2.34608 0.0525608 
v -1.2431 2.27518 0.12823 
v -1.18776 2.19534 0.148407 
v -1.1551 2.1088 0.147557 
v -1.14631 2.02204 0.142488 
v -1.15622 1.93302 0.134091 
v -1.19893 1.82998 0.11763 
v -1.26954 1.77033 0.0997948 
v -1.47526 2.3865 -0.0197472 
v -1.50086 2.3865 -0.0197532 
v -1.52647 2.3865 -0.0197472 

vn 0 0.968504 -0.259843 
vn 0.653543 0.732283 -0.19685 
vn 0 0.708661 -0.708661 
vn 0.653543 0.535433 -0.535433 
vn 0 0.259843 -0.968504 
vn 0.653543 0.19685 -0.732283 
vn 0 -0.259843 -0.968504 
vn 0.653543 -0.19685 -0.732283 
vn 0.653543 -0.535433 -0.535433 
vn 0 -0.708661 -0.708661 
vn 0.653543 -0.732283 -0.19685 
vn 0 -0.968504 -0.259843 
vn 0 -0.968504 0.259843 
vn 0.653543 -0.732283 0.19685 
vn 0 -0.708661 0.708661 
vn 0.653543 -0.535433 0.535433 
vn 0 -0.259843 0.968504 
vn 0.653543 -0.19685 0.732283 
vn 0 0.259843 0.968504 
vn 0.653543 0.19685 0.732283 
vn 0 0.708661 0.708661 
vn 0.653543 0.535433 0.535433 
vn 0 0.968504 0.259843 
vn 0.653543 0.732283 0.19685 
vn 0 0.968504 -0.259843 
vn 0.653543 0.732283 -0.19685 
vn 1 0 0 
vn 0.748031 0.464567 -0.464567 
vn 0.748031 0.637795 -0.173228 
vn 0.748031 0.173228 -0.637795 
vn 0.748031 -0.173228 -0.637795 
vn 0.748031 -0.464567 -0.464567 
vn 0.748031 -0.637795 -0.173228 
vn 0.748031 -0.637795 0.173228 
vn 0.748031 -0.464567 0.464567 
vn 0.748031 -0.173228 0.637795 
vn 0.748031 0.173228 0.637795 
vn 0.748031 0.464567 0.464567 
vn 0.748031 0.637795 0.173228 
vn 1 0 0 
vn 1 0 0 
vn 1 0 0 
vn 1 0 0 
vn 1 0 0 
vn 1 0 0 
vn 1 0 0 
vn 1 0 0 
vn 1 0 0 
vn 1 0 0 
vn 1 0 0 
vn 1 0 0 
vn 1 0 0 
vn 0 -0.968504 0.259843 
vn 0.653543 -0.732283 0.19685 
vn 0 -0.708661 0.708661 
vn 0.653543 -0.535433 0.535433 
vn 0 -0.259843 0.968504 
vn 0.653543 -0.19685 0.732283 
vn 0 0.259843 0.968504 
vn 0.653543 0.19685 0.732283 
vn 0.653543 0.535433 0.535433 
vn 0 0.708661 0.708661 
vn 0.653543 0.732283 0.19685 
vn 0 0.968504 0.259843 
vn 0 0.968504 -0.259843 
vn 0.653543 0.732283 -0.19685 
vn 0 0.708661 -0.708661 
vn 0.653543 0.535433 -0.535433 
vn 0 0.259843 -0.968504 
vn 0.653543 0.19685 -0.732283 
vn 0 -0.259843 -0.968504 
vn 0.653543 -0.19685 -0.732283 
vn 0 -0.708661 -0.708661 
vn 0.653543 -0.535433 -0.535433 
vn 0 -0.968504 -0.259843 
vn 0.653543 -0.732283 -0.19685 
vn 0 -0.968504 0.259843 
vn 0.653543 -0.732283 0.19685 
vn 0.850394 0.377953 -0.377953 
vn 0.653543 -0.535433 0.535433 
vn 0.850394 0.511811 -0.133858 
vn 0.653543 -0.732283 0.19685 
vn 0.850394 0.141732 -0.511811 
vn 0.653543 -0.19685 0.732283 
vn 0.850394 -0.133858 -0.511811 
vn 0.653543 0.19685 0.732283 
vn 0.850394 -0.377953 -0.377953 
vn 0.653543 0.535433 0.535433 
vn 0.653543 0.732283 0.19685 
vn 0.850394 -0.511811 -0.141732 
vn 0.850394 -0.511811 0.133858 
vn 0.653543 0.732283 -0.19685 
vn 0.850394 -0.377953 0.377953 
vn 0.653543 0.535433 -0.535433 
vn 0.850394 -0.141732 0.511811 
vn 0.653543 0.19685 -0.732283 
vn 0.850394 0.133858 0.511811 
vn 0.653543 -0.19685 -0.732283 
vn 0.850394 0.377953 0.377953 
vn 0.653543 -0.535433 -0.535433 
vn 0.850394 0.511811 0.141732 
vn 0.653543 -0.732283 -0.19685 
vn 0.850394 0.511811 -0.133858 
vn 0.850394 0.377953 -0.377953 
vn 0.850394 0.141732 -0.511811 
vn 0.850394 -0.133858 -0.511811 
vn 0.850394 -0.377953 -0.377953 
vn 0.850394 -0.511811 -0.141732 
vn 0.850394 -0.511811 0.133858 
vn 0.850394 -0.377953 0.377953 
vn 0.850394 -0.141732 0.511811 
vn 0.850394 0.133858 0.511811 
vn 0.850394 0.377953 0.377953 
vn 0.850394 0.511811 0.141732 
vn -0.653543 0.535433 -0.535433 
vn -0.653543 0.732283 -0.19685 
vn -0.653543 0.19685 -0.732283 
vn -0.653543 -0.19685 -0.732283 
vn -0.653543 -0.535433 -0.535433 
vn -0.653543 -0.732283 -0.19685 
vn -0.653543 -0.732283 0.19685 
vn -0.653543 -0.535433 0.535433 
vn -0.653543 -0.19685 0.732283 
vn -0.653543 0.19685 0.732283 
vn -0.653543 0.535433 0.535433 
vn -0.653543 0.732283 0.19685 
vn -0.653543 0.732283 -0.19685 
vn -0.748031 0.637795 -0.173228 
vn -0.748031 0.464567 -0.464567 
vn -1 0 0 
vn -0.748031 0.173228 -0.637795 
vn -0.748031 -0.173228 -0.637795 
vn -0.748031 -0.464567 -0.464567 
vn -0.748031 -0.637795 -0.173228 
vn -0.748031 -0.637795 0.173228 
vn -0.748031 -0.464567 0.464567 
vn -0.748031 -0.173228 0.637795 
vn -0.748031 0.173228 0.637795 
vn -0.748031 0.464567 0.464567 
vn -0.748031 0.637795 0.173228 
vn -0.771654 -0.614173 0.165354 
vn -0.771654 -0.448819 0.448819 
vn -0.771654 -0.165354 0.614173 
vn -0.771654 0.165354 0.614173 
vn -0.771654 0.448819 0.448819 
vn -0.771654 0.614173 0.165354 
vn -0.771654 0.614173 -0.165354 
vn -0.771654 0.448819 -0.448819 
vn -0.771654 0.165354 -0.614173 
vn -0.771654 -0.165354 -0.614173 
vn -0.771654 -0.448819 -0.448819 
vn -0.771654 -0.614173 -0.165354 
vn -0.771654 -0.614173 0.165354 
vn -0.653543 -0.535433 0.535433 
vn -0.653543 -0.732283 0.19685 
vn -0.653543 -0.19685 0.732283 
vn -0.653543 0.19685 0.732283 
vn -0.653543 0.535433 0.535433 
vn -0.653543 0.732283 0.19685 
vn -0.653543 0.732283 -0.19685 
vn -0.653543 0.535433 -0.535433 
vn -0.653543 0.19685 -0.732283 
vn -0.653543 -0.19685 -0.732283 
vn -0.653543 -0.535433 -0.535433 
vn -0.653543 -0.732283 -0.19685 
vn -0.653543 -0.732283 0.19685 
vn -0.850394 0.511811 -0.133858 
vn -0.653543 -0.732283 0.19685 
vn -0.850394 0.377953 -0.377953 
vn -0.653543 -0.535433 0.535433 
vn -0.653543 -0.19685 0.732283 
vn -0.850394 0.141732 -0.511811 
vn -0.850394 -0.133858 -0.511811 
vn -0.653543 0.19685 0.732283 
vn -0.653543 0.535433 0.535433 
vn -0.850394 -0.377953 -0.377953 
vn -0.850394 -0.511811 -0.141732 
vn -0.653543 0.732283 0.19685 
vn -0.850394 -0.511811 0.133858 
vn -0.653543 0.732283 -0.19685 
vn -0.850394 -0.377953 0.377953 
vn -0.653543 0.535433 -0.535433 
vn -0.850394 -0.141732 0.511811 
vn -0.653543 0.19685 -0.732283 
vn -0.850394 0.133858 0.511811 
vn -0.653543 -0.19685 -0.732283 
vn -0.850394 0.377953 0.377953 
vn -0.653543 -0.535433 -0.535433 
vn -0.850394 0.511811 0.141732 
vn -0.653543 -0.732283 -0.19685 
vn -0.850394 0.377953 -0.377953 
vn -0.850394 0.511811 -0.133858 
vn -0.850394 0.141732 -0.511811 
vn -0.850394 -0.133858 -0.511811 
vn -0.850394 -0.377953 -0.377953 
vn -0.850394 -0.511811 -0.141732 
vn -0.850394 -0.511811 0.133858 
vn -0.850394 -0.377953 0.377953 
vn -0.850394 -0.141732 0.511811 
vn -0.850394 0.133858 0.511811 
vn -0.850394 0.377953 0.377953 
vn -0.850394 0.511811 0.141732 
vn 0.653543 0.653543 -0.377953 
vn 0.653543 0.377953 -0.653543 
vn 0 0.866142 -0.496063 
vn 0 0.496063 -0.866142 
vn 0 0 -1 
vn 0.653543 0 -0.755906 
vn 0 -0.496063 -0.866142 
vn 0.653543 -0.377953 -0.653543 
vn 0.653543 -0.653543 -0.377953 
vn 0 -0.866142 -0.496063 
vn 0 -1 0 
vn 0.653543 -0.755906 0 
vn 0.653543 -0.653543 0.377953 
vn 0 -0.866142 0.496063 
vn 0 -0.496063 0.866142 
vn 0.653543 -0.377953 0.653543 
vn 0 0 1 
vn 0.653543 0 0.755906 
vn 0 0.496063 0.866142 
vn 0.653543 0.377953 0.653543 
vn 0.653543 0.653543 0.377953 
vn 0 0.866142 0.496063 
vn 0 1 0 
vn 0.653543 0.755906 0 
vn 0.653543 0.653543 -0.377953 
vn 0 0.866142 -0.496063 
vn -0.740157 0.582677 -0.330709 
vn -0.740157 0.330709 -0.582677 
vn -1 0 0 
vn -0.748031 0 -0.669291 
vn -0.740157 -0.330709 -0.582677 
vn -0.740157 -0.574803 -0.330709 
vn -0.748031 -0.669291 0 
vn -0.740157 -0.582677 0.330709 
vn -0.740157 -0.330709 0.582677 
vn -0.748031 0 0.669291 
vn -0.740157 0.330709 0.582677 
vn -0.740157 0.582677 0.330709 
vn -0.748031 0.669291 0 
vn 0.653543 0.377953 -0.653543 
vn 0.653543 0.653543 -0.377953 
vn 1 0 0 
vn 0.653543 0 -0.755906 
vn 0.653543 -0.377953 -0.653543 
vn 0.653543 -0.653543 -0.377953 
vn 0.653543 -0.755906 0 
vn 0.653543 -0.653543 0.377953 
vn 0.653543 -0.377953 0.653543 
vn 0.653543 0 0.755906 
vn 0.653543 0.377953 0.653543 
vn 0.653543 0.653543 0.377953 
vn 0.653543 0.755906 0 
vn -1 0 0 
vn -1 0 0 
vn -0.771654 -0.551181 0.322835 
vn -0.771654 -0.322835 0.551181 
vn -1 0 0 
vn -0.771654 0 0.637795 
vn -1 0 0 
vn -0.771654 0.322835 0.551181 
vn -0.771654 0.551181 0.322835 
vn -1 0 0 
vn -1 0 0 
vn -0.771654 0.637795 0 
vn -1 0 0 
vn -0.771654 0.551181 -0.322835 
vn -0.771654 0.322835 -0.551181 
vn -1 0 0 
vn -1 0 0 
vn -0.771654 0 -0.637795 
vn -0.771654 -0.322835 -0.551181 
vn -1 0 0 
vn -1 0 0 
vn -0.771654 -0.551181 -0.322835 
vn -0.771654 -0.637795 0 
vn -1 0 0 
vn -0.653543 -0.653543 0.377953 
vn -0.653543 -0.377953 0.653543 
vn -0.653543 0 0.755906 
vn -0.653543 0.377953 0.653543 
vn -0.653543 0.653543 0.377953 
vn -0.653543 0.755906 0 
vn -0.653543 0.653543 -0.377953 
vn -0.653543 0.377953 -0.653543 
vn -0.653543 0 -0.755906 
vn -0.653543 -0.377953 -0.653543 
vn -0.653543 -0.653543 -0.377953 
vn -0.653543 -0.755906 0 
vn -0.84252 0.464567 -0.267717 
vn -0.653543 -0.653543 0.377953 
vn -0.84252 0.267717 -0.464567 
vn -0.653543 -0.377953 0.653543 
vn -0.84252 0 -0.543307 
vn -0.653543 0 0.755906 
vn -0.84252 -0.267717 -0.464567 
vn -0.653543 0.377953 0.653543 
vn -0.84252 -0.464567 -0.267717 
vn -0.653543 0.653543 0.377953 
vn -0.84252 -0.543307 0 
vn -0.653543 0.755906 0 
vn -0.84252 -0.464567 0.267717 
vn -0.653543 0.653543 -0.377953 
vn -0.653543 0.377953 -0.653543 
vn -0.84252 -0.267717 0.464567 
vn -0.84252 0 0.543307 
vn -0.653543 0 -0.755906 
vn -0.84252 0.267717 0.464567 
vn -0.653543 -0.377953 -0.653543 
vn -0.84252 0.464567 0.267717 
vn -0.653543 -0.653543 -0.377953 
vn -0.84252 0.543307 0 
vn -0.653543 -0.755906 0 
vn -0.84252 0.464567 -0.267717 
vn -0.84252 0.267717 -0.464567 
vn -0.84252 0 -0.543307 
vn -0.84252 -0.267717 -0.464567 
vn -0.84252 -0.464567 -0.267717 
vn -0.84252 -0.543307 0 
vn -0.84252 -0.464567 0.267717 
vn -0.84252 -0.267717 0.464567 
vn -0.84252 0 0.543307 
vn -0.84252 0.267717 0.464567 
vn -0.84252 0.464567 0.267717 
vn -0.84252 0.543307 0 
vn -0.15748 0.496063 -0.858268 
vn -0.566929 0.409449 -0.708661 
vn -0.15748 0.858268 -0.496063 
vn -0.566929 0.708661 -0.409449 
vn -0.15748 0 -0.984252 
vn -0.566929 0 -0.818898 
vn -0.15748 -0.496063 -0.858268 
vn -0.566929 -0.409449 -0.708661 
vn -0.15748 -0.858268 -0.496063 
vn -0.566929 -0.708661 -0.409449 
vn -0.15748 -0.858268 -0.496063 
vn -0.15748 -0.984252 0 
vn -0.566929 -0.708661 -0.409449 
vn -0.566929 -0.818898 0 
vn -0.15748 -0.858268 0.496063 
vn -0.566929 -0.708661 0.409449 
vn -0.15748 -0.496063 0.858268 
vn -0.566929 -0.409449 0.708661 
vn -0.15748 0 0.984252 
vn -0.566929 0 0.818898 
vn -0.566929 0.409449 0.708661 
vn -0.15748 0.496063 0.858268 
vn -0.15748 0.858268 0.496063 
vn -0.566929 0.708661 0.409449 
vn -0.15748 0.984252 0 
vn -0.574803 0.818898 0 
vn -0.566929 0.708661 -0.409449 
vn -0.566929 0.409449 -0.708661 
vn -1 0 0 
vn -0.566929 0 -0.818898 
vn -0.566929 -0.409449 -0.708661 
vn -0.566929 -0.708661 -0.409449 
vn -0.566929 -0.818898 0 
vn -0.566929 -0.708661 0.409449 
vn -0.566929 -0.409449 0.708661 
vn -0.566929 0 0.818898 
vn -0.566929 0.409449 0.708661 
vn -0.566929 0.708661 0.409449 
vn -0.574803 0.818898 0 
vn 0.653543 0.377953 -0.653543 
vn 0.653543 0.653543 -0.377953 
vn 1 0 0 
vn 0.653543 0 -0.755906 
vn 0.653543 -0.377953 -0.653543 
vn 0.653543 -0.653543 -0.377953 
vn 0.653543 -0.755906 0 
vn 0.653543 -0.653543 0.377953 
vn 0.653543 -0.377953 0.653543 
vn 0.653543 0 0.755906 
vn 0.653543 0.377953 0.653543 
vn 0.653543 0.653543 0.377953 
vn 0.653543 0.755906 0 
vn 0.653543 0 0.755906 
vn -0.244094 0 0.968504 
vn 0.653543 -0.377953 0.653543 
vn -0.244094 -0.488189 0.84252 
vn 0.653543 -0.653543 0.377953 
vn -0.244094 -0.84252 0.488189 
vn -0.244094 -0.968504 0 
vn 0.653543 -0.755906 0 
vn -0.244094 -0.84252 -0.488189 
vn 0.653543 -0.653543 -0.377953 
vn -0.244094 -0.84252 -0.488189 
vn -0.244094 -0.488189 -0.84252 
vn 0.653543 -0.653543 -0.377953 
vn 0.653543 -0.377953 -0.653543 
vn 0.653543 0 -0.755906 
vn -0.244094 0 -0.968504 
vn 0.653543 0.377953 -0.653543 
vn -0.244094 0.488189 -0.84252 
vn 0.653543 0.653543 -0.377953 
vn -0.244094 0.84252 -0.488189 
vn 0.653543 0.755906 0 
vn -0.244094 0.968504 0 
vn -0.244094 0.84252 0.488189 
vn 0.653543 0.653543 0.377953 
vn 0.653543 0.377953 0.653543 
vn -0.244094 0.488189 0.84252 
vn 0 0.322835 0.944882 
vn 0 0.322835 0.944882 
vn 0 0.322835 0.944882 
vn 0 0.322835 0.944882 
vn 0 0.952756 0.307087 
vn 0 0.952756 0.307087 
vn 0 0.952756 0.307087 
vn 0 0.952756 0.307087 
vn 0 0.952756 0.307087 
vn 0 0.952756 0.307087 
vn 0 -0.0787402 -1 
vn 0 -0.0787402 -1 
vn 0 -0.0787402 -1 
vn 0 -0.0787402 -1 
vn 0 -0.929134 -0.377953 
vn 0 -0.929134 -0.377953 
vn 0 -0.929134 -0.377953 
vn 0 -0.929134 -0.377953 
vn -1 0 0 
vn -1 0 0 
vn -1 0 0 
vn -1 0 0 
vn 1 0 0 
vn 1 0 0 
vn 1 0 0 
vn 1 0 0 
vn 0 -0.377953 -0.92126 
vn 0 -0.377953 -0.92126 
vn 0 -0.377953 -0.92126 
vn 0 -0.377953 -0.92126 
vn 1 0 0 
vn 1 0 0 
vn 0 0.543307 0.834646 
vn 0 0.543307 0.834646 
vn 0 0.543307 0.834646 
vn 0 0.543307 0.834646 
vn -1 0 0 
vn -1 0 0 
vn 0.677165 -0.409449 -0.614173 
vn 0 -0.551181 -0.834646 
vn 0.653543 -0.322835 -0.685039 
vn 0 -0.433071 -0.905512 
vn 0.708661 0.433071 0.559055 
vn 1 0 0 
vn 0.787402 0.370079 0.496063 
vn 0.708661 0.433071 0.559055 
vn 0.787402 0.370079 0.496063 
vn -0.708661 0.433071 0.559055 
vn -0.787402 0.370079 0.496063 
vn -0.787402 0.370079 0.496063 
vn -0.708661 0.433071 0.559055 
vn -1 0 0 
vn 0 -0.661417 -0.748031 
vn 0.755906 -0.433071 -0.488189 
vn 1 0 0 
vn 0.314961 0.590551 0.748031 
vn 0.314961 0.590551 0.748031 
vn -0.314961 0.590551 0.748031 
vn -1 0 0 
vn -0.314961 0.590551 0.748031 
vn -1 0 0 
vn -1 0 0 
vn -1 0 0 
vn 0 0.952756 0.307087 
vn 0 0.952756 0.307087 
vn 0 0.952756 0.307087 
vn 0 0.952756 0.307087 
vn 1 0 0 
vn 1 0 0 
vn 1 0 0 
vn 1 0 0 
vn 1 0 0 
vn 0 -0.976378 0.212598 
vn 0 -0.976378 0.212598 
vn 0 -0.976378 0.212598 
vn 0 -0.976378 0.212598 
vn -1 0 0 
vn -1 0 0 
vn -1 0 0 
vn -1 0 0 
vn -1 0 0 
vn 0 0.952756 0.307087 
vn 0 0.952756 0.307087 
vn 0 0.952756 0.307087 
vn 0 0.952756 0.307087 
vn 1 0 0 
vn 1 0 0 
vn 1 0 0 
vn 0.653543 -0.322835 -0.685039 
vn 0.677165 -0.409449 -0.614173 
vn 0.755906 -0.433071 -0.488189 
vn 0 -0.88189 0.464567 
vn 0 -0.88189 0.464567 
vn 0 -0.88189 0.464567 
vn 0 -0.88189 0.464567 
vn -1 0 0 
vn -1 0 0 
vn -0.80315 -0.283465 0.527559 
vn 0.80315 -0.283465 0.527559 
vn -0.724409 -0.377953 0.574803 
vn 0.724409 -0.377953 0.574803 
vn -1 0.015748 0 
vn -0.80315 -0.283465 0.527559 
vn -1 0.00787402 0.00787402 
vn -0.724409 -0.377953 0.574803 
vn 0.724409 -0.377953 0.574803 
vn 0.80315 -0.283465 0.527559 
vn 1 0.00787402 0.00787402 
vn 1 0.015748 0 
vn -1 0.00787402 0 
vn -1 0.00787402 0.00787402 
vn 1 0.00787402 0 
vn 1 0.00787402 0.00787402 
vn -0.645669 0.19685 -0.740157 
vn -0.661417 0.346457 -0.661417 
vn 0.661417 0.346457 -0.661417 
vn 0.645669 0.19685 -0.740157 
vn -0.661417 0.346457 -0.661417 
vn -0.645669 0.19685 -0.740157 
vn 0.645669 0.19685 -0.740157 
vn 0.661417 0.346457 -0.661417 
vn -0.606299 -0.488189 0.622047 
vn 0.606299 -0.488189 0.622047 
vn 1 0.00787402 0 
vn 0.606299 -0.488189 0.622047 
vn 1 0.00787402 0 
vn 0.771654 0.409449 -0.480315 
vn 0.771654 0.409449 -0.480315 
vn -0.779528 0.409449 -0.480315 
vn -1 0.00787402 0 
vn -0.779528 0.409449 -0.480315 
vn -1 0.00787402 0 
vn -0.606299 -0.488189 0.622047 
vn -0.409449 -0.511811 -0.755906 
vn 0.133858 0.141732 -0.976378 
vn -0.574803 -0.338583 -0.740157 
vn 0.173228 0.0708661 -0.984252 
vn -0.244094 -0.637795 -0.732283 
vn 0.0944882 0.228346 -0.968504 
vn 0 -0.692913 -0.716535 
vn -0.00787402 0.204724 -0.976378 
vn -0.110236 -0.677165 -0.724409 
vn 0.0393701 0.212598 -0.976378 
vn -0.80315 0.102362 -0.582677 
vn -0.0866142 -0.409449 -0.905512 
vn -0.866142 -0.102362 -0.488189 
vn -0.314961 -0.653543 -0.685039 
vn -0.685039 -0.0944882 -0.716535 
vn 0.149606 -0.23622 -0.96063 
vn -0.755906 0.0472441 -0.653543 
vn 0.0314961 -0.307087 -0.952756 
vn 0.165354 -0.125984 -0.976378 
vn -0.685039 -0.149606 -0.708661 
vn 0.173228 -0.0314961 -0.984252 
vn -0.661417 -0.212598 -0.724409 
vn 0.362205 0.511811 -0.779528 
vn 0.448819 0.259843 -0.858268 
vn 0.259843 0.740157 -0.622047 
vn 0.251969 -0.645669 -0.716535 
vn -0.448819 -0.787402 -0.425197 
vn 0.456693 -0.244094 -0.850394 
vn 0.370079 -0.440945 -0.818898 
vn 0.480315 -0.0866142 -0.874016 
vn 0.480315 0.0708661 -0.874016 
vn -0.409449 -0.511811 -0.755906 
vn -0.574803 -0.338583 -0.740157 
vn -0.637795 -0.771654 0 
vn -0.88189 -0.472441 0 
vn -0.362205 -0.929134 0 
vn -0.244094 -0.637795 -0.732283 
vn -0.15748 -0.984252 0 
vn 0 -1 0 
vn -0.110236 -0.677165 -0.724409 
vn 0 -0.692913 -0.716535 
vn -0.905512 0.425197 0 
vn -0.80315 0.102362 -0.582677 
vn -0.850394 0.519685 -0.00787402 
vn -0.866142 -0.102362 -0.488189 
vn -0.755906 0.0472441 -0.653543 
vn -0.944882 0.322835 0 
vn -0.685039 -0.0944882 -0.716535 
vn -0.992126 0.149606 0 
vn -1 -0.0551181 0 
vn -0.976378 -0.212598 0 
vn -0.685039 -0.149606 -0.708661 
vn -0.661417 -0.212598 -0.724409 
vn -0.96063 0.149606 -0.228346 
vn -0.464567 -0.818898 -0.330709 
vn 1 0.015748 0 
vn 0.874016 -0.0314961 -0.480315 
vn 0.976378 0.228346 0 
vn 0.858268 0.188976 -0.480315 
vn 0.818898 -0.574803 0 
vn 0.685039 -0.574803 -0.448819 
vn 0.968504 -0.244094 0 
vn 0.84252 -0.267717 -0.472441 
vn -0.00787402 -1 0 
vn -0.0708661 -0.937008 -0.330709 
vn 0.480315 -0.874016 0 
vn 0.393701 -0.834646 -0.393701 
vn -0.811024 -0.574803 -0.125984 
vn -0.811024 -0.574803 -0.125984 
vn -0.811024 -0.574803 -0.125984 
vn -0.708661 -0.692913 -0.15748 
vn -0.708661 -0.692913 -0.15748 
vn -0.708661 -0.692913 -0.15748 
vn -0.84252 0.543307 0 
vn -0.905512 0.433071 0 
vn -0.944882 0.322835 0 
vn -0.992126 0.149606 0 
vn -1 -0.0551181 0 
vn -0.976378 -0.212598 0 
vn -0.88189 -0.472441 0 
vn -0.637795 -0.771654 0 
vn -0.362205 -0.929134 0 
vn 0 -1 0 
vn -0.15748 -0.984252 0 
vn 0.535433 0.740157 -0.409449 
vn 0.669291 0.748031 0 
vn 0.755906 0.440945 -0.488189 
vn 0.88189 0.480315 0 
vn 0.354331 0.88189 -0.314961 
vn 0.125984 0.897638 -0.417323 
vn 0.188976 0.968504 -0.188976 
vn 0.0472441 0.984252 -0.188976 
vn 0.220472 0.976378 -0.015748 
vn 0.488189 0.874016 0 
vn 0 0.905512 -0.425197 
vn 0 0.984252 -0.181102 
vn 0.133858 0.685039 -0.716535 
vn 0 0.661417 -0.748031 
vn -0.811024 0.582677 0 
vn -0.96063 0.149606 -0.228346 
vn -0.0708661 -0.937008 -0.330709 
vn -0.314961 -0.952756 0 
vn -0.464567 -0.818898 -0.330709 
vn 0.409449 -0.511811 -0.755906 
vn 0.582677 -0.338583 -0.740157 
vn -0.133858 0.173228 -0.976378 
vn -0.181102 0.0708661 -0.984252 
vn -0.125984 0.23622 -0.96063 
vn 0.244094 -0.637795 -0.732283 
vn -0.0393701 0.212598 -0.976378 
vn 0.110236 -0.677165 -0.724409 
vn 0.102362 -0.425197 -0.897638 
vn 0.826772 0.0787402 -0.559055 
vn 0.307087 -0.637795 -0.708661 
vn 0.858268 -0.0944882 -0.503937 
vn -0.0393701 -0.307087 -0.952756 
vn -0.141732 -0.228346 -0.96063 
vn 0.755906 0.0629921 -0.653543 
vn 0.685039 -0.0944882 -0.724409 
vn 0.661417 -0.212598 -0.724409 
vn 0.685039 -0.149606 -0.708661 
vn -0.181102 -0.0314961 -0.984252 
vn -0.165354 -0.125984 -0.976378 
vn -0.440945 0.228346 -0.866142 
vn -0.338583 0.464567 -0.818898 
vn -0.220472 0.732283 -0.645669 
vn 0.204724 -0.795276 -0.566929 
vn -0.251969 -0.637795 -0.724409 
vn -0.362205 -0.448819 -0.818898 
vn -0.456693 -0.244094 -0.858268 
vn -0.480315 0.0629921 -0.874016 
vn -0.488189 -0.0787402 -0.874016 
vn 0.409449 -0.511811 -0.755906 
vn 0.637795 -0.771654 0 
vn 0.582677 -0.338583 -0.740157 
vn 0.88189 -0.472441 0 
vn 0.362205 -0.929134 0 
vn 0.244094 -0.637795 -0.732283 
vn 0.15748 -0.984252 0 
vn 0.110236 -0.677165 -0.724409 
vn 0.826772 0.0787402 -0.559055 
vn 0.905512 0.425197 -0.00787402 
vn 0.858268 -0.0944882 -0.503937 
vn 0.850394 0.519685 -0.00787402 
vn 0.944882 0.322835 0 
vn 0.755906 0.0629921 -0.653543 
vn 0.992126 0.149606 0 
vn 0.685039 -0.0944882 -0.724409 
vn 1 -0.0551181 0 
vn 0.685039 -0.149606 -0.708661 
vn 0.976378 -0.212598 0 
vn 0.661417 -0.212598 -0.724409 
vn 0.96063 0.149606 -0.220472 
vn 0.472441 -0.826772 -0.307087 
vn -1 0.015748 0 
vn -0.976378 0.228346 0 
vn -0.992126 0.00787402 -0.0866142 
vn -0.968504 0.220472 -0.0787402 
vn -0.968504 -0.23622 0.00787402 
vn -0.96063 -0.244094 -0.110236 
vn -0.811024 -0.590551 0 
vn -0.795276 -0.590551 -0.110236 
vn -0.488189 -0.874016 -0.00787402 
vn -0.480315 -0.866142 -0.133858 
vn 0.015748 -1 0 
vn -0.015748 -0.992126 -0.141732 
vn 0.708661 -0.692913 -0.125984 
vn 0.708661 -0.692913 -0.125984 
vn 0.708661 -0.692913 -0.125984 
vn 0.80315 -0.574803 -0.149606 
vn 0.80315 -0.574803 -0.149606 
vn 0.80315 -0.574803 -0.149606 
vn 0.905512 0.433071 0 
vn 0.84252 0.535433 0 
vn 0.992126 0.149606 0 
vn 0.944882 0.322835 0 
vn 0.976378 -0.212598 0 
vn 1 -0.0551181 0 
vn 0.637795 -0.771654 0 
vn 0.88189 -0.472441 0 
vn 0.362205 -0.929134 0 
vn 0.15748 -0.984252 0 
vn -0.661417 0.748031 0 
vn -0.692913 0.708661 -0.0944882 
vn -0.88189 0.472441 0 
vn -0.88189 0.456693 -0.0866142 
vn -0.102362 0.96063 -0.251969 
vn -0.0787402 0.976378 -0.204724 
vn -0.251969 0.88189 -0.393701 
vn -0.141732 0.905512 -0.401575 
vn -0.440945 0.874016 -0.212598 
vn -0.496063 0.866142 0 
vn -0.346457 0.92126 -0.181102 
vn -0.212598 0.976378 0 
vn -0.125984 0.685039 -0.716535 
vn 0.811024 0.582677 0 
vn 0.96063 0.149606 -0.220472 
vn 0.133858 -0.889764 -0.433071 
vn 0.307087 -0.952756 0 
vn 0.472441 -0.826772 -0.307087 
vn -0.307087 -0.724409 -0.622047 
vn -0.440945 -0.496063 -0.748031 
vn -0.566929 -0.244094 -0.787402 
vn -0.598425 -0.0629921 -0.795276 
vn -0.590551 0.102362 -0.795276 
vn -0.551181 0.330709 -0.76378 
vn -0.417323 0.692913 -0.590551 
vn -0.251969 0.88189 -0.393701 
vn -0.141732 0.905512 -0.401575 
vn 0 0.905512 -0.425197 
vn 0.125984 0.897638 -0.417323 
vn 0.354331 0.88189 -0.314961 
vn 0.535433 0.740157 -0.409449 
vn 0.755906 0.440945 -0.488189 
vn 0.858268 0.188976 -0.480315 
vn 0.874016 -0.0314961 -0.480315 
vn 0.84252 -0.267717 -0.472441 
vn 0.685039 -0.574803 -0.448819 
vn 0.393701 -0.834646 -0.393701 
vn 0 1 0 
vn 0 1 0 
vn 0 1 0 
vn 0.133858 0.181102 0.976378 
vn -0.417323 -0.511811 0.755906 
vn 0.181102 0.0708661 0.984252 
vn -0.574803 -0.338583 0.740157 
vn -0.244094 -0.637795 0.732283 
vn 0.11811 0.244094 0.96063 
vn -0.110236 -0.677165 0.724409 
vn 0.0551181 0.220472 0.976378 
vn 0 -0.692913 0.716535 
vn 0 0.19685 0.976378 
vn -0.299213 -0.653543 0.692913 
vn -0.125984 -0.417323 0.897638 
vn -0.866142 -0.0944882 0.488189 
vn -0.80315 0.102362 0.582677 
vn 0.149606 -0.220472 0.96063 
vn -0.692913 -0.0708661 0.716535 
vn 0.023622 -0.307087 0.952756 
vn -0.76378 0.0393701 0.637795 
vn -0.661417 -0.212598 0.724409 
vn -0.685039 -0.149606 0.708661 
vn 0.181102 -0.0314961 0.984252 
vn 0.173228 -0.125984 0.976378 
vn 0.448819 0.259843 0.858268 
vn 0.354331 0.511811 0.787402 
vn 0.283465 0.708661 0.645669 
vn 0.23622 -0.653543 0.724409 
vn -0.480315 -0.76378 0.433071 
vn 0.456693 -0.23622 0.858268 
vn 0.377953 -0.425197 0.818898 
vn 0.472441 0.0629921 0.88189 
vn 0.480315 -0.0866142 0.874016 
vn -0.574803 -0.338583 0.740157 
vn -0.417323 -0.511811 0.755906 
vn -0.88189 -0.472441 0 
vn -0.637795 -0.771654 0 
vn -0.244094 -0.637795 0.732283 
vn -0.362205 -0.929134 0 
vn 0 -1 0 
vn -0.15748 -0.984252 0 
vn 0 -0.692913 0.716535 
vn -0.110236 -0.677165 0.724409 
vn -0.80315 0.102362 0.582677 
vn -0.905512 0.425197 0 
vn -0.866142 -0.0944882 0.488189 
vn -0.850394 0.519685 0.015748 
vn -0.76378 0.0393701 0.637795 
vn -0.692913 -0.0708661 0.716535 
vn -0.944882 0.322835 0 
vn -0.992126 0.149606 0 
vn -0.976378 -0.212598 0 
vn -1 -0.0551181 0 
vn -0.661417 -0.212598 0.724409 
vn -0.685039 -0.149606 0.708661 
vn -0.96063 0.149606 0.228346 
vn -0.464567 -0.818898 0.330709 
vn 0.858268 0.181102 0.472441 
vn 0.874016 -0.0314961 0.480315 
vn 0.692913 -0.566929 0.440945 
vn 0.84252 -0.267717 0.472441 
vn 0.401575 -0.834646 0.370079 
vn -0.0787402 -0.944882 0.314961 
vn -0.708661 -0.692913 0.15748 
vn -0.708661 -0.692913 0.15748 
vn -0.708661 -0.692913 0.15748 
vn -0.811024 -0.574803 0.125984 
vn -0.811024 -0.574803 0.125984 
vn -0.811024 -0.574803 0.125984 
vn 0.755906 0.440945 0.488189 
vn 0.527559 0.740157 0.409449 
vn 0.0472441 0.984252 0.188976 
vn 0.11811 0.905512 0.409449 
vn 0.173228 0.968504 0.188976 
vn 0.362205 0.874016 0.314961 
vn 0 0.984252 0.181102 
vn 0 0.905512 0.425197 
vn 0 0.661417 0.748031 
vn 0.125984 0.669291 0.732283 
vn -0.96063 0.149606 0.228346 
vn -0.0787402 -0.944882 0.314961 
vn -0.464567 -0.818898 0.330709 
vn -0.173228 0.0708661 0.984252 
vn 0.574803 -0.338583 0.740157 
vn -0.133858 0.141732 0.976378 
vn 0.409449 -0.511811 0.755906 
vn 0.244094 -0.637795 0.732283 
vn -0.0944882 0.228346 0.968504 
vn -0.0393701 0.212598 0.976378 
vn 0.110236 -0.677165 0.724409 
vn 0.307087 -0.645669 0.700787 
vn 0.866142 -0.102362 0.488189 
vn 0.0866142 -0.409449 0.905512 
vn 0.80315 0.102362 0.582677 
vn 0.76378 0.0393701 0.637795 
vn 0.692913 -0.0708661 0.716535 
vn -0.0314961 -0.314961 0.944882 
vn -0.149606 -0.228346 0.96063 
vn -0.173228 -0.0314961 0.984252 
vn -0.173228 -0.125984 0.976378 
vn 0.661417 -0.204724 0.724409 
vn 0.685039 -0.149606 0.708661 
vn -0.440945 0.228346 0.866142 
vn -0.354331 0.464567 0.811024 
vn -0.23622 0.716535 0.653543 
vn -0.228346 -0.653543 0.724409 
vn 0.173228 -0.811024 0.566929 
vn -0.456693 -0.244094 0.858268 
vn -0.362205 -0.433071 0.826772 
vn -0.480315 0.0629921 0.874016 
vn -0.488189 -0.0787402 0.874016 
vn 0.88189 -0.472441 0 
vn 0.637795 -0.771654 0 
vn 0.574803 -0.338583 0.740157 
vn 0.409449 -0.511811 0.755906 
vn 0.244094 -0.637795 0.732283 
vn 0.362205 -0.929134 0 
vn 0.110236 -0.677165 0.724409 
vn 0.15748 -0.984252 0 
vn 0.905512 0.433071 0 
vn 0.80315 0.102362 0.582677 
vn 0.858268 0.519685 0.00787402 
vn 0.866142 -0.102362 0.488189 
vn 0.692913 -0.0708661 0.716535 
vn 0.76378 0.0393701 0.637795 
vn 0.992126 0.149606 0 
vn 0.944882 0.322835 0 
vn 0.685039 -0.149606 0.708661 
vn 1 -0.0551181 0 
vn 0.661417 -0.204724 0.724409 
vn 0.976378 -0.212598 0 
vn 0.480315 -0.818898 0.314961 
vn 0.96063 0.149606 0.220472 
vn -0.88189 -0.0314961 0.480315 
vn -0.858268 0.181102 0.472441 
vn -0.685039 -0.574803 0.440945 
vn -0.84252 -0.267717 0.472441 
vn 0.0472441 -0.952756 0.314961 
vn -0.385827 -0.84252 0.377953 
vn 0.708661 -0.692913 0.15748 
vn 0.708661 -0.692913 0.15748 
vn 0.708661 -0.692913 0.15748 
vn 0.811024 -0.574803 0.125984 
vn 0.811024 -0.574803 0.125984 
vn 0.811024 -0.574803 0.125984 
vn -0.771654 0.425197 0.472441 
vn -0.574803 0.732283 0.370079 
vn -0.125984 0.905512 0.393701 
vn -0.0787402 0.976378 0.204724 
vn -0.354331 0.889764 0.299213 
vn -0.165354 0.96063 0.23622 
vn -0.11811 0.677165 0.732283 
vn 0.96063 0.149606 0.220472 
vn 0.0472441 -0.952756 0.314961 
vn 0.480315 -0.818898 0.314961 
vn -0.385827 -0.84252 0.377953 
vn -0.685039 -0.574803 0.440945 
vn -0.84252 -0.267717 0.472441 
vn -0.88189 -0.0314961 0.480315 
vn -0.858268 0.181102 0.472441 
vn -0.771654 0.425197 0.472441 
vn -0.574803 0.732283 0.370079 
vn -0.354331 0.889764 0.299213 
vn -0.125984 0.905512 0.393701 
vn 0 0.905512 0.425197 
vn 0.11811 0.905512 0.409449 
vn 0.362205 0.874016 0.314961 
vn 0.527559 0.740157 0.409449 
vn 0.755906 0.440945 0.488189 
vn 0.858268 0.181102 0.472441 
vn 0.874016 -0.0314961 0.480315 
vn 0.84252 -0.267717 0.472441 
vn 0.692913 -0.566929 0.440945 
vn 0.401575 -0.834646 0.370079 
vn 0 1 0 
vn 0 1 0 
vn 0 1 0 

vt 0.527889 0.047148 
vt 0.516236 0.069187 
vt 0.515818 0.035801 
vt 0.5055 0.057575 
vt 0.502601 0.025852 
vt 0.494185 0.048584 
vt 0.488635 0.017506 
vt 0.482269 0.041933 
vt 0.46975 0.036893 
vt 0.473859 0.011803 
vt 0.456742 0.034387 
vt 0.45836 0.00802797 
vt 0.442457 0.00758398 
vt 0.443482 0.033348 
vt 0.427111 0.010031 
vt 0.430339 0.034742 
vt 0.412881 0.01468 
vt 0.418054 0.038076 
vt 0.399103 0.020946 
vt 0.406547 0.043491 
vt 0.38602 0.029923 
vt 0.395285 0.050435 
vt 0.374276 0.040693 
vt 0.384855 0.059495 
vt 0.363905 0.051811 
vt 0.375323 0.070748 
vt 0.411744 0.086878 
vt 0.400883 0.091048 
vt 0.400583 0.083198 
vt 0.40387 0.097853 
vt 0.408967 0.10171 
vt 0.414802 0.101432 
vt 0.419798 0.097323 
vt 0.422835 0.090639 
vt 0.422704 0.082844 
vt 0.419719 0.07609 
vt 0.41453 0.072285 
vt 0.408606 0.072136 
vt 0.403612 0.076382 
vt 0.502942 0.062361 
vt 0.512762 0.072529 
vt 0.492337 0.053264 
vt 0.480739 0.047064 
vt 0.468672 0.042373 
vt 0.456173 0.039993 
vt 0.443473 0.039304 
vt 0.430908 0.040168 
vt 0.418992 0.042954 
vt 0.407929 0.048407 
vt 0.397265 0.055338 
vt 0.387144 0.063603 
vt 0.378808 0.073742 
vt 0.512762 0.072529 
vt 0.508387 0.080032 
vt 0.502942 0.062361 
vt 0.498913 0.070211 
vt 0.492337 0.053264 
vt 0.488984 0.062049 
vt 0.480739 0.047064 
vt 0.478344 0.056014 
vt 0.46712 0.051718 
vt 0.468672 0.042373 
vt 0.455539 0.049405 
vt 0.456173 0.039993 
vt 0.443473 0.039304 
vt 0.443549 0.049006 
vt 0.430908 0.040168 
vt 0.431652 0.049511 
vt 0.418992 0.042954 
vt 0.420671 0.051803 
vt 0.407929 0.048407 
vt 0.410495 0.056481 
vt 0.397265 0.055338 
vt 0.400613 0.063243 
vt 0.387144 0.063603 
vt 0.39109 0.07091 
vt 0.378808 0.073742 
vt 0.38291 0.080032 
vt 0.445774 0.099489 
vt 0.443347 0.11157 
vt 0.439888 0.094957 
vt 0.433255 0.103801 
vt 0.452572 0.099489 
vt 0.455 0.11157 
vt 0.458459 0.094957 
vt 0.465092 0.103801 
vt 0.461859 0.087108 
vt 0.470919 0.090345 
vt 0.470919 0.074807 
vt 0.461858 0.078044 
vt 0.45846 0.070195 
vt 0.465092 0.061351 
vt 0.452572 0.065663 
vt 0.455 0.053582 
vt 0.445774 0.065663 
vt 0.443347 0.053582 
vt 0.439888 0.070195 
vt 0.433255 0.061351 
vt 0.436489 0.078044 
vt 0.427428 0.074807 
vt 0.436489 0.087108 
vt 0.427428 0.090345 
vt 0.39643 0.081797 
vt 0.396452 0.092812 
vt 0.400951 0.102187 
vt 0.408015 0.107081 
vt 0.415915 0.107022 
vt 0.42305 0.101569 
vt 0.426894 0.091995 
vt 0.426894 0.08143 
vt 0.422915 0.07198 
vt 0.4157 0.066298 
vt 0.407405 0.066644 
vt 0.400325 0.072158 
vt 0.5055 0.057575 
vt 0.516236 0.069187 
vt 0.494185 0.048584 
vt 0.482269 0.041933 
vt 0.46975 0.036893 
vt 0.456742 0.034387 
vt 0.443482 0.033348 
vt 0.430339 0.034742 
vt 0.418054 0.038076 
vt 0.406547 0.043491 
vt 0.395285 0.050435 
vt 0.384855 0.059495 
vt 0.375323 0.070748 
vt 0.400583 0.083198 
vt 0.400883 0.091048 
vt 0.411744 0.086878 
vt 0.40387 0.097853 
vt 0.408967 0.10171 
vt 0.414802 0.101432 
vt 0.419798 0.097323 
vt 0.422835 0.090639 
vt 0.422704 0.082844 
vt 0.419719 0.07609 
vt 0.41453 0.072285 
vt 0.408606 0.072136 
vt 0.403612 0.076382 
vt 0.512762 0.072529 
vt 0.502942 0.062361 
vt 0.492337 0.053264 
vt 0.480739 0.047064 
vt 0.468672 0.042373 
vt 0.456173 0.039993 
vt 0.443473 0.039304 
vt 0.430908 0.040168 
vt 0.418992 0.042954 
vt 0.407929 0.048407 
vt 0.397265 0.055338 
vt 0.387144 0.063603 
vt 0.378808 0.073742 
vt 0.498913 0.070211 
vt 0.508387 0.080032 
vt 0.488984 0.062049 
vt 0.478344 0.056014 
vt 0.46712 0.051718 
vt 0.455539 0.049405 
vt 0.443549 0.049006 
vt 0.431652 0.049511 
vt 0.420671 0.051803 
vt 0.410495 0.056481 
vt 0.400613 0.063243 
vt 0.39109 0.07091 
vt 0.38291 0.080032 
vt 0.439888 0.094957 
vt 0.433255 0.103801 
vt 0.445774 0.099489 
vt 0.443347 0.11157 
vt 0.455 0.11157 
vt 0.452572 0.099489 
vt 0.458459 0.094957 
vt 0.465092 0.103801 
vt 0.470919 0.090345 
vt 0.461859 0.087108 
vt 0.461858 0.078044 
vt 0.470919 0.074807 
vt 0.45846 0.070195 
vt 0.465092 0.061351 
vt 0.452572 0.065663 
vt 0.455 0.053582 
vt 0.445774 0.065663 
vt 0.443347 0.053582 
vt 0.439888 0.070195 
vt 0.433255 0.061351 
vt 0.436489 0.078044 
vt 0.427428 0.074807 
vt 0.436489 0.087108 
vt 0.427428 0.090345 
vt 0.396452 0.092812 
vt 0.39643 0.081797 
vt 0.400951 0.102187 
vt 0.408015 0.107081 
vt 0.415915 0.107022 
vt 0.42305 0.101569 
vt 0.426894 0.091995 
vt 0.426894 0.08143 
vt 0.422915 0.07198 
vt 0.4157 0.066298 
vt 0.407405 0.066644 
vt 0.400325 0.072158 
vt 0.363602 0.124627 
vt 0.363601 0.150119 
vt 0.420839 0.124627 
vt 0.420839 0.150119 
vt 0.420839 0.175611 
vt 0.363602 0.17561 
vt 0.420839 0.201102 
vt 0.363602 0.201102 
vt 0.363602 0.226594 
vt 0.420839 0.226594 
vt 0.420839 0.252086 
vt 0.363602 0.252086 
vt 0.363602 0.277578 
vt 0.420839 0.277578 
vt 0.420839 0.30307 
vt 0.363602 0.30307 
vt 0.420839 0.328562 
vt 0.363602 0.328562 
vt 0.420839 0.354053 
vt 0.363602 0.354053 
vt 0.363602 0.379545 
vt 0.420839 0.379545 
vt 0.420839 0.405037 
vt 0.363602 0.405037 
vt 0.363602 0.430529 
vt 0.420839 0.430529 
vt 0.444103 0.271253 
vt 0.440293 0.280766 
vt 0.455511 0.285431 
vt 0.440605 0.291481 
vt 0.444736 0.300586 
vt 0.451821 0.305452 
vt 0.45983 0.30496 
vt 0.46676 0.299565 
vt 0.470686 0.290328 
vt 0.470402 0.279751 
vt 0.46632 0.270596 
vt 0.45929 0.265327 
vt 0.451155 0.265706 
vt 0.471496 0.349667 
vt 0.46124 0.349667 
vt 0.466368 0.375183 
vt 0.480376 0.356504 
vt 0.485504 0.368346 
vt 0.485504 0.382019 
vt 0.480377 0.393861 
vt 0.471496 0.400698 
vt 0.46124 0.400698 
vt 0.452359 0.393861 
vt 0.447231 0.382019 
vt 0.447231 0.368345 
vt 0.452359 0.356504 
vt 0.510123 0.388043 
vt 0.509369 0.357679 
vt 0.503459 0.386107 
vt 0.502484 0.360085 
vt 0.49781 0.329622 
vt 0.49262 0.336734 
vt 0.475867 0.314908 
vt 0.47443 0.324375 
vt 0.454725 0.326097 
vt 0.452474 0.317357 
vt 0.43396 0.334077 
vt 0.438794 0.340107 
vt 0.422953 0.35985 
vt 0.429676 0.362256 
vt 0.429925 0.38886 
vt 0.422954 0.391472 
vt 0.435936 0.418665 
vt 0.440923 0.411537 
vt 0.458266 0.423379 
vt 0.456735 0.432499 
vt 0.479645 0.432274 
vt 0.477709 0.423451 
vt 0.494383 0.409034 
vt 0.499641 0.415612 
vt 0.492674 0.383049 
vt 0.492198 0.364473 
vt 0.484531 0.348395 
vt 0.472325 0.339283 
vt 0.458372 0.339767 
vt 0.446485 0.349282 
vt 0.440429 0.365553 
vt 0.441523 0.384076 
vt 0.44834 0.400462 
vt 0.460469 0.409427 
vt 0.474181 0.408507 
vt 0.486051 0.399274 
vt 0.461397 0.235275 
vt 0.465494 0.251622 
vt 0.469211 0.228385 
vt 0.478889 0.239812 
vt 0.473395 0.217209 
vt 0.486062 0.220653 
vt 0.472827 0.204741 
vt 0.485088 0.199279 
vt 0.46766 0.194322 
vt 0.476231 0.181417 
vt 0.459278 0.188743 
vt 0.46186 0.171854 
vt 0.449926 0.189501 
vt 0.44583 0.173152 
vt 0.432434 0.184963 
vt 0.442112 0.19639 
vt 0.437929 0.207566 
vt 0.425262 0.204123 
vt 0.438497 0.220034 
vt 0.426235 0.225497 
vt 0.443664 0.230454 
vt 0.435094 0.243358 
vt 0.452046 0.236032 
vt 0.449463 0.252921 
vt 0.438999 0.265228 
vt 0.433785 0.279157 
vt 0.434516 0.2943 
vt 0.440541 0.306632 
vt 0.45017 0.313898 
vt 0.461828 0.313867 
vt 0.471644 0.305363 
vt 0.476683 0.292189 
vt 0.476609 0.2776 
vt 0.47107 0.264515 
vt 0.461146 0.256619 
vt 0.449132 0.256506 
vt 0.584953 0.053545 
vt 0.585661 0.085888 
vt 0.602494 0.052238 
vt 0.602749 0.085423 
vt 0.567478 0.055218 
vt 0.568654 0.086758 
vt 0.550314 0.055868 
vt 0.551453 0.088068 
vt 0.534424 0.057661 
vt 0.53347 0.088407 
vt 0.739706 0.059053 
vt 0.723959 0.056166 
vt 0.739825 0.088407 
vt 0.722965 0.087903 
vt 0.707224 0.054808 
vt 0.705826 0.086765 
vt 0.69008 0.053742 
vt 0.688847 0.085564 
vt 0.672626 0.053395 
vt 0.672082 0.084573 
vt 0.655276 0.08435 
vt 0.655136 0.052185 
vt 0.637589 0.051561 
vt 0.638167 0.084615 
vt 0.62001 0.052012 
vt 0.620482 0.085278 
vt 0.621091 0.122003 
vt 0.611946 0.100885 
vt 0.586963 0.134196 
vt 0.596107 0.088693 
vt 0.577819 0.088693 
vt 0.56198 0.100885 
vt 0.552836 0.122003 
vt 0.552836 0.146388 
vt 0.56198 0.167507 
vt 0.577819 0.179699 
vt 0.596108 0.179699 
vt 0.611947 0.167506 
vt 0.621091 0.146388 
vt 0.612235 0.100805 
vt 0.596396 0.088613 
vt 0.587252 0.134116 
vt 0.621379 0.121923 
vt 0.621379 0.146308 
vt 0.612235 0.167426 
vt 0.596396 0.179619 
vt 0.578107 0.179619 
vt 0.562269 0.167427 
vt 0.553125 0.146308 
vt 0.553124 0.121923 
vt 0.562269 0.100806 
vt 0.578107 0.088613 
vt 0.673769 0.00910902 
vt 0.673063 0.038622 
vt 0.691729 0.010232 
vt 0.690628 0.039709 
vt 0.709555 0.011798 
vt 0.70798 0.041058 
vt 0.725016 0.043032 
vt 0.727343 0.013909 
vt 0.742382 0.046147 
vt 0.744992 0.016687 
vt 0.532135 0.045069 
vt 0.549325 0.042266 
vt 0.529662 0.015836 
vt 0.547173 0.013203 
vt 0.5651 0.011051 
vt 0.566759 0.040588 
vt 0.583192 0.009516 
vt 0.584472 0.03933 
vt 0.601281 0.008434 
vt 0.602107 0.038446 
vt 0.619523 0.007743 
vt 0.6198 0.03763 
vt 0.637565 0.037719 
vt 0.63788 0.007819 
vt 0.655928 0.00830001 
vt 0.655246 0.037856 
vt 0.650171 0.264907 
vt 0.666283 0.264792 
vt 0.650078 0.238763 
vt 0.666283 0.238648 
vt 0.675636 0.109339 
vt 0.683722 0.109339 
vt 0.675636 0.095809 
vt 0.683722 0.095809 
vt 0.675636 0.095809 
vt 0.683722 0.109339 
vt 0.666283 0.216088 
vt 0.666283 0.254311 
vt 0.650245 0.216088 
vt 0.650245 0.254311 
vt 0.685037 0.095974 
vt 0.685037 0.110945 
vt 0.700383 0.095974 
vt 0.700383 0.110945 
vt 0.60139 0.308638 
vt 0.612473 0.303153 
vt 0.585959 0.28354 
vt 0.597211 0.272564 
vt 0.585898 0.283578 
vt 0.597149 0.272602 
vt 0.601329 0.308676 
vt 0.612411 0.303192 
vt 0.650245 0.216088 
vt 0.650245 0.189923 
vt 0.666283 0.216088 
vt 0.666283 0.189923 
vt 0.563755 0.261658 
vt 0.576717 0.250093 
vt 0.650078 0.238763 
vt 0.666283 0.238648 
vt 0.649973 0.20914 
vt 0.666283 0.209026 
vt 0.576779 0.250054 
vt 0.563817 0.261619 
vt 0.650245 0.153091 
vt 0.666283 0.153091 
vt 0.650245 0.189923 
vt 0.666283 0.189923 
vt 0.533696 0.2359 
vt 0.548321 0.222479 
vt 0.563755 0.261658 
vt 0.649837 0.170761 
vt 0.649973 0.20914 
vt 0.666283 0.170646 
vt 0.666283 0.209026 
vt 0.563817 0.261619 
vt 0.533758 0.235862 
vt 0.548383 0.222441 
vt 0.666283 0.120017 
vt 0.650245 0.120017 
vt 0.524195 0.204174 
vt 0.493178 0.202933 
vt 0.649657 0.119777 
vt 0.666283 0.119662 
vt 0.524257 0.204135 
vt 0.493239 0.202894 
vt 0.59609 0.232825 
vt 0.613974 0.256212 
vt 0.628983 0.294982 
vt 0.66359 0.095809 
vt 0.66359 0.109339 
vt 0.675636 0.095809 
vt 0.675636 0.109339 
vt 0.613912 0.25625 
vt 0.628922 0.295021 
vt 0.596028 0.232863 
vt 0.57011 0.202484 
vt 0.545534 0.18587 
vt 0.712931 0.110945 
vt 0.712931 0.095974 
vt 0.700383 0.110945 
vt 0.700383 0.095974 
vt 0.545596 0.185832 
vt 0.570172 0.202446 
vt 0.622849 0.247554 
vt 0.606313 0.223704 
vt 0.637724 0.290657 
vt 0.657214 0.095809 
vt 0.657214 0.109339 
vt 0.66359 0.095809 
vt 0.66359 0.109339 
vt 0.622787 0.247593 
vt 0.637661 0.290695 
vt 0.606251 0.223742 
vt 0.606251 0.223742 
vt 0.581645 0.191899 
vt 0.554467 0.1726 
vt 0.712931 0.095974 
vt 0.712931 0.110945 
vt 0.719545 0.095974 
vt 0.719545 0.110945 
vt 0.581707 0.19186 
vt 0.55453 0.172561 
vt 0.666283 0.264792 
vt 0.650171 0.264907 
vt 0.666283 0.313032 
vt 0.650843 0.31314 
vt 0.612473 0.303153 
vt 0.60139 0.308638 
vt 0.609798 0.371966 
vt 0.594478 0.367808 
vt 0.594417 0.367847 
vt 0.601329 0.308676 
vt 0.609736 0.372005 
vt 0.612411 0.303192 
vt 0.628983 0.294982 
vt 0.63262 0.378161 
vt 0.628922 0.295021 
vt 0.632558 0.378199 
vt 0.637724 0.290657 
vt 0.644702 0.381441 
vt 0.650747 0.327825 
vt 0.650245 0.254311 
vt 0.666283 0.327825 
vt 0.666283 0.254311 
vt 0.637661 0.290695 
vt 0.64464 0.381479 
vt 0.666283 0.374671 
vt 0.651437 0.374775 
vt 0.592858 0.439524 
vt 0.576526 0.440548 
vt 0.617189 0.437999 
vt 0.630069 0.437192 
vt 0.651124 0.375355 
vt 0.666283 0.375355 
vt 0.617251 0.437961 
vt 0.630131 0.437153 
vt 0.592919 0.439486 
vt 0.576588 0.440509 
vt 0.56804 0.351626 
vt 0.569642 0.352959 
vt 0.564191 0.357919 
vt 0.56559 0.359718 
vt 0.569775 0.345056 
vt 0.572139 0.345303 
vt 0.570737 0.330973 
vt 0.573274 0.330959 
vt 0.570606 0.338072 
vt 0.573045 0.338191 
vt 0.533929 0.371234 
vt 0.533392 0.373672 
vt 0.528224 0.371781 
vt 0.528112 0.373919 
vt 0.545744 0.369605 
vt 0.546615 0.371922 
vt 0.539482 0.370624 
vt 0.539459 0.373133 
vt 0.553393 0.36865 
vt 0.552249 0.366588 
vt 0.559706 0.364802 
vt 0.558277 0.362961 
vt 0.575727 0.359711 
vt 0.570373 0.367943 
vt 0.580916 0.346415 
vt 0.531194 0.379113 
vt 0.526368 0.376165 
vt 0.548201 0.381332 
vt 0.538682 0.38177 
vt 0.556196 0.378449 
vt 0.563555 0.374219 
vt 0.715102 0.329163 
vt 0.714902 0.341799 
vt 0.703198 0.329156 
vt 0.703035 0.341789 
vt 0.703223 0.318352 
vt 0.715126 0.318355 
vt 0.703223 0.307436 
vt 0.703223 0.296581 
vt 0.715126 0.307435 
vt 0.715126 0.296569 
vt 0.696035 0.407431 
vt 0.705507 0.407447 
vt 0.69359 0.417677 
vt 0.700889 0.417907 
vt 0.708496 0.396501 
vt 0.697607 0.396483 
vt 0.711251 0.383979 
vt 0.699055 0.383961 
vt 0.701129 0.369948 
vt 0.702678 0.356354 
vt 0.713216 0.369966 
vt 0.714415 0.35637 
vt 0.522018 0.372436 
vt 0.52202 0.37482 
vt 0.744883 0.432134 
vt 0.718663 0.432339 
vt 0.744992 0.412777 
vt 0.717983 0.413235 
vt 0.74459 0.476552 
vt 0.722356 0.476799 
vt 0.74477 0.451894 
vt 0.719878 0.452031 
vt 0.744234 0.511505 
vt 0.726632 0.51154 
vt 0.744403 0.496902 
vt 0.725039 0.497548 
vt 0.74405 0.523947 
vt 0.727829 0.521801 
vt 0.744119 0.520141 
vt 0.728152 0.517987 
vt 0.744119 0.520141 
vt 0.727829 0.521801 
vt 0.676231 0.417659 
vt 0.676225 0.407377 
vt 0.676218 0.39643 
vt 0.676211 0.383904 
vt 0.676202 0.369894 
vt 0.676194 0.356307 
vt 0.676186 0.341752 
vt 0.676178 0.329132 
vt 0.676171 0.318337 
vt 0.67616 0.296609 
vt 0.676165 0.307433 
vt 0.721064 0.371561 
vt 0.745147 0.370604 
vt 0.717838 0.392981 
vt 0.745081 0.392074 
vt 0.733082 0.340697 
vt 0.728245 0.314546 
vt 0.739901 0.322099 
vt 0.737652 0.314497 
vt 0.745238 0.325121 
vt 0.745225 0.346388 
vt 0.727747 0.309018 
vt 0.737416 0.309017 
vt 0.58035 0.337679 
vt 0.58022 0.330923 
vt 0.676236 0.426532 
vt 0.692051 0.423815 
vt 0.523758 0.378432 
vt 0.744119 0.520141 
vt 0.728152 0.517987 
vt 0.567904 0.31034 
vt 0.564011 0.304078 
vt 0.5695 0.308989 
vt 0.5654 0.302263 
vt 0.572047 0.316624 
vt 0.569683 0.316898 
vt 0.572998 0.32373 
vt 0.57056 0.323877 
vt 0.533264 0.288686 
vt 0.533807 0.291096 
vt 0.528032 0.288486 
vt 0.528152 0.29059 
vt 0.539282 0.28916 
vt 0.546402 0.290286 
vt 0.53932 0.291653 
vt 0.545548 0.292599 
vt 0.558074 0.299101 
vt 0.552041 0.295544 
vt 0.559489 0.297247 
vt 0.553169 0.293478 
vt 0.57014 0.293994 
vt 0.575548 0.302162 
vt 0.580819 0.315415 
vt 0.5263 0.286286 
vt 0.531052 0.283318 
vt 0.53835 0.280653 
vt 0.547695 0.280807 
vt 0.563321 0.287923 
vt 0.555878 0.283772 
vt 0.715066 0.263973 
vt 0.703162 0.264006 
vt 0.71485 0.251339 
vt 0.702984 0.251373 
vt 0.703198 0.27481 
vt 0.715101 0.274783 
vt 0.70321 0.285726 
vt 0.715113 0.285703 
vt 0.70538 0.185711 
vt 0.695909 0.185746 
vt 0.70075 0.17526 
vt 0.693452 0.175504 
vt 0.697492 0.196691 
vt 0.708381 0.19665 
vt 0.698956 0.20921 
vt 0.711151 0.209167 
vt 0.701045 0.223218 
vt 0.713132 0.223176 
vt 0.70261 0.236809 
vt 0.714347 0.23677 
vt 0.522029 0.289999 
vt 0.522018 0.287654 
vt 0.74486 0.185916 
vt 0.744977 0.205544 
vt 0.718617 0.185734 
vt 0.717949 0.205121 
vt 0.744739 0.165261 
vt 0.719843 0.16511 
vt 0.744554 0.14103 
vt 0.722305 0.140752 
vt 0.744374 0.121077 
vt 0.725007 0.120431 
vt 0.744211 0.106467 
vt 0.726609 0.106411 
vt 0.727818 0.096138 
vt 0.744038 0.094022 
vt 0.728137 0.099951 
vt 0.744102 0.097828 
vt 0.728137 0.099951 
vt 0.744038 0.094022 
vt 0.676098 0.185839 
vt 0.676093 0.175557 
vt 0.676111 0.209313 
vt 0.676104 0.196787 
vt 0.676126 0.23691 
vt 0.676118 0.223323 
vt 0.676141 0.264085 
vt 0.676134 0.251465 
vt 0.676147 0.274878 
vt 0.676153 0.285785 
vt 0.745143 0.247412 
vt 0.721048 0.246452 
vt 0.745074 0.225938 
vt 0.717823 0.225037 
vt 0.7399 0.295931 
vt 0.737652 0.303536 
vt 0.733073 0.277331 
vt 0.728244 0.30349 
vt 0.733073 0.277331 
vt 0.745223 0.271636 
vt 0.7399 0.295931 
vt 0.745237 0.292905 
vt 0.580305 0.324162 
vt 0.676087 0.166685 
vt 0.691905 0.169369 
vt 0.523712 0.284074 
vt 0.744102 0.097828 
vt 0.728137 0.099951 
vt 0.52821 0.277881 
vt 0.536943 0.272548 
vt 0.54851 0.27169 
vt 0.558207 0.27441 
vt 0.566856 0.27905 
vt 0.574802 0.286144 
vt 0.582773 0.295159 
vt 0.594296 0.310811 
vt 0.593146 0.327502 
vt 0.592885 0.330869 
vt 0.593162 0.334223 
vt 0.594399 0.350923 
vt 0.582979 0.366649 
vt 0.575089 0.375733 
vt 0.567099 0.383122 
vt 0.558612 0.387814 
vt 0.549309 0.390471 
vt 0.537406 0.390021 
vt 0.528363 0.384637 
vt 0.745373 0.31448 
vt 0.745376 0.309017 
vt 0.745373 0.303552 
vt 0.569642 0.352959 
vt 0.56804 0.351626 
vt 0.56559 0.359718 
vt 0.564191 0.357919 
vt 0.569775 0.345056 
vt 0.572139 0.345303 
vt 0.570606 0.338072 
vt 0.573045 0.338191 
vt 0.570737 0.330973 
vt 0.573274 0.330959 
vt 0.528112 0.373919 
vt 0.533392 0.373672 
vt 0.528224 0.371781 
vt 0.533929 0.371234 
vt 0.546615 0.371922 
vt 0.545744 0.369605 
vt 0.539459 0.373133 
vt 0.539482 0.370624 
vt 0.558277 0.362961 
vt 0.552249 0.366588 
vt 0.559706 0.364802 
vt 0.553393 0.36865 
vt 0.570373 0.367943 
vt 0.575727 0.359711 
vt 0.580916 0.346415 
vt 0.531194 0.379113 
vt 0.526368 0.376165 
vt 0.548201 0.381332 
vt 0.538682 0.38177 
vt 0.563555 0.374219 
vt 0.556196 0.378449 
vt 0.714902 0.341799 
vt 0.715102 0.329163 
vt 0.703035 0.341789 
vt 0.703198 0.329156 
vt 0.715126 0.318355 
vt 0.703223 0.318352 
vt 0.703223 0.296581 
vt 0.703223 0.307436 
vt 0.715126 0.296569 
vt 0.715126 0.307435 
vt 0.705507 0.407447 
vt 0.696035 0.407431 
vt 0.700889 0.417907 
vt 0.69359 0.417677 
vt 0.708496 0.396501 
vt 0.711251 0.383979 
vt 0.697607 0.396483 
vt 0.699055 0.383961 
vt 0.702678 0.356354 
vt 0.701129 0.369948 
vt 0.714415 0.35637 
vt 0.713216 0.369966 
vt 0.522018 0.372436 
vt 0.52202 0.37482 
vt 0.717983 0.413235 
vt 0.718663 0.432339 
vt 0.722356 0.476799 
vt 0.719878 0.452031 
vt 0.725039 0.497548 
vt 0.726632 0.51154 
vt 0.728152 0.517987 
vt 0.727829 0.521801 
vt 0.744119 0.520141 
vt 0.74405 0.523947 
vt 0.744119 0.520141 
vt 0.727829 0.521801 
vt 0.717838 0.392981 
vt 0.721064 0.371561 
vt 0.737652 0.314497 
vt 0.728245 0.314546 
vt 0.739901 0.322099 
vt 0.733082 0.340697 
vt 0.737416 0.309017 
vt 0.727747 0.309018 
vt 0.58022 0.330923 
vt 0.58035 0.337679 
vt 0.692051 0.423815 
vt 0.523758 0.378432 
vt 0.728152 0.517987 
vt 0.5654 0.302263 
vt 0.564011 0.304078 
vt 0.5695 0.308989 
vt 0.567904 0.31034 
vt 0.569683 0.316898 
vt 0.572047 0.316624 
vt 0.572998 0.32373 
vt 0.57056 0.323877 
vt 0.528032 0.288486 
vt 0.528152 0.29059 
vt 0.533264 0.288686 
vt 0.533807 0.291096 
vt 0.53932 0.291653 
vt 0.545548 0.292599 
vt 0.539282 0.28916 
vt 0.546402 0.290286 
vt 0.559489 0.297247 
vt 0.553169 0.293478 
vt 0.558074 0.299101 
vt 0.552041 0.295544 
vt 0.57014 0.293994 
vt 0.575548 0.302162 
vt 0.580819 0.315415 
vt 0.531052 0.283318 
vt 0.5263 0.286286 
vt 0.547695 0.280807 
vt 0.53835 0.280653 
vt 0.563321 0.287923 
vt 0.555878 0.283772 
vt 0.702984 0.251373 
vt 0.703162 0.264006 
vt 0.71485 0.251339 
vt 0.715066 0.263973 
vt 0.715101 0.274783 
vt 0.703198 0.27481 
vt 0.715113 0.285703 
vt 0.70321 0.285726 
vt 0.695909 0.185746 
vt 0.70538 0.185711 
vt 0.693452 0.175504 
vt 0.70075 0.17526 
vt 0.711151 0.209167 
vt 0.708381 0.19665 
vt 0.698956 0.20921 
vt 0.697492 0.196691 
vt 0.713132 0.223176 
vt 0.701045 0.223218 
vt 0.714347 0.23677 
vt 0.70261 0.236809 
vt 0.522018 0.287654 
vt 0.522029 0.289999 
vt 0.718617 0.185734 
vt 0.717949 0.205121 
vt 0.722305 0.140752 
vt 0.719843 0.16511 
vt 0.726609 0.106411 
vt 0.725007 0.120431 
vt 0.728137 0.099951 
vt 0.744102 0.097828 
vt 0.727818 0.096138 
vt 0.744038 0.094022 
vt 0.727818 0.096138 
vt 0.744102 0.097828 
vt 0.717823 0.225037 
vt 0.721048 0.246452 
vt 0.728244 0.30349 
vt 0.737652 0.303536 
vt 0.733073 0.277331 
vt 0.7399 0.295931 
vt 0.580305 0.324162 
vt 0.691905 0.169369 
vt 0.523712 0.284074 
vt 0.728137 0.099951 
vt 0.52821 0.277881 
vt 0.536943 0.272548 
vt 0.54851 0.27169 
vt 0.558207 0.27441 
vt 0.566856 0.27905 
vt 0.574802 0.286144 
vt 0.582773 0.295159 
vt 0.594296 0.310811 
vt 0.593146 0.327502 
vt 0.592885 0.330869 
vt 0.593162 0.334223 
vt 0.594399 0.350923 
vt 0.582979 0.366649 
vt 0.575089 0.375733 
vt 0.567099 0.383122 
vt 0.558612 0.387814 
vt 0.549309 0.390471 
vt 0.537406 0.390021 
vt 0.528363 0.384637 
vt 0.745373 0.31448 
vt 0.745376 0.309017 
vt 0.745373 0.303552 

usemtl RedRetroRobot1Mtl

f 870/870/870 871/871/871 872/872/872 
f 873/873/873 872/872/872 871/871/871 
f 872/872/872 873/873/873 874/874/874 
f 875/875/875 874/874/874 873/873/873 
f 874/874/874 875/875/875 876/876/876 
f 877/877/877 876/876/876 875/875/875 
f 878/878/878 879/879/879 877/877/877 
f 876/876/876 877/877/877 879/879/879 
f 880/880/880 881/881/881 878/878/878 
f 879/879/879 878/878/878 881/881/881 
f 881/881/881 880/880/880 882/882/882 
f 883/883/883 882/882/882 880/880/880 
f 882/882/882 883/883/883 884/884/884 
f 885/885/885 884/884/884 883/883/883 
f 884/884/884 885/885/885 886/886/886 
f 887/887/887 886/886/886 885/885/885 
f 886/886/886 887/887/887 888/888/888 
f 889/889/889 888/888/888 887/887/887 
f 888/888/888 889/889/889 890/890/890 
f 891/891/891 890/890/890 889/889/889 
f 890/890/890 891/891/891 892/892/892 
f 893/893/893 892/892/892 891/891/891 
f 892/892/892 893/893/893 894/894/894 
f 895/895/895 894/894/894 893/893/893 
f 896/896/896 897/897/897 898/898/898 
f 896/896/896 899/899/899 897/897/897 
f 896/896/896 900/900/900 899/899/899 
f 896/896/896 901/901/901 900/900/900 
f 896/896/896 902/902/902 901/901/901 
f 896/896/896 903/903/903 902/902/902 
f 896/896/896 904/904/904 903/903/903 
f 896/896/896 905/905/905 904/904/904 
f 896/896/896 906/906/906 905/905/905 
f 896/896/896 907/907/907 906/906/906 
f 896/896/896 908/908/908 907/907/907 
f 896/896/896 898/898/898 908/908/908 
f 909/909/909 873/873/873 910/910/910 
f 871/871/871 910/910/910 873/873/873 
f 875/875/875 873/873/873 911/911/911 
f 909/909/909 911/911/911 873/873/873 
f 877/877/877 875/875/875 912/912/912 
f 911/911/911 912/912/912 875/875/875 
f 878/878/878 877/877/877 913/913/913 
f 912/912/912 913/913/913 877/877/877 
f 878/878/878 913/913/913 880/880/880 
f 914/914/914 880/880/880 913/913/913 
f 915/915/915 883/883/883 914/914/914 
f 880/880/880 914/914/914 883/883/883 
f 916/916/916 885/885/885 915/915/915 
f 883/883/883 915/915/915 885/885/885 
f 917/917/917 887/887/887 916/916/916 
f 885/885/885 916/916/916 887/887/887 
f 918/918/918 889/889/889 917/917/917 
f 887/887/887 917/917/917 889/889/889 
f 889/889/889 918/918/918 891/891/891 
f 919/919/919 891/891/891 918/918/918 
f 891/891/891 919/919/919 893/893/893 
f 920/920/920 893/893/893 919/919/919 
f 893/893/893 920/920/920 895/895/895 
f 921/921/921 895/895/895 920/920/920 
f 922/922/922 923/923/923 924/924/924 
f 925/925/925 924/924/924 923/923/923 
f 924/924/924 925/925/925 926/926/926 
f 927/927/927 926/926/926 925/925/925 
f 926/926/926 927/927/927 928/928/928 
f 929/929/929 928/928/928 927/927/927 
f 930/930/930 931/931/931 929/929/929 
f 928/928/928 929/929/929 931/931/931 
f 932/932/932 933/933/933 930/930/930 
f 931/931/931 930/930/930 933/933/933 
f 933/933/933 932/932/932 934/934/934 
f 935/935/935 934/934/934 932/932/932 
f 934/934/934 935/935/935 936/936/936 
f 937/937/937 936/936/936 935/935/935 
f 936/936/936 937/937/937 938/938/938 
f 939/939/939 938/938/938 937/937/937 
f 938/938/938 939/939/939 940/940/940 
f 941/941/941 940/940/940 939/939/939 
f 940/940/940 941/941/941 942/942/942 
f 943/943/943 942/942/942 941/941/941 
f 942/942/942 943/943/943 944/944/944 
f 945/945/945 944/944/944 943/943/943 
f 944/944/944 945/945/945 946/946/946 
f 947/947/947 946/946/946 945/945/945 
f 948/948/948 949/949/949 950/950/950 
f 951/951/951 950/950/950 949/949/949 
f 952/952/952 953/953/953 948/948/948 
f 949/949/949 948/948/948 953/953/953 
f 954/954/954 955/955/955 952/952/952 
f 953/953/953 952/952/952 955/955/955 
f 956/956/956 957/957/957 954/954/954 
f 955/955/955 954/954/954 957/957/957 
f 957/957/957 956/956/956 958/958/958 
f 959/959/959 958/958/958 956/956/956 
f 960/960/960 961/961/961 959/959/959 
f 958/958/958 959/959/959 961/961/961 
f 962/962/962 963/963/963 960/960/960 
f 961/961/961 960/960/960 963/963/963 
f 964/964/964 965/965/965 962/962/962 
f 963/963/963 962/962/962 965/965/965 
f 966/966/966 967/967/967 964/964/964 
f 965/965/965 964/964/964 967/967/967 
f 968/968/968 969/969/969 966/966/966 
f 967/967/967 966/966/966 969/969/969 
f 970/970/970 971/971/971 968/968/968 
f 969/969/969 968/968/968 971/971/971 
f 950/950/950 951/951/951 970/970/970 
f 971/971/971 970/970/970 951/951/951 
f 972/972/972 898/898/898 973/973/973 
f 897/897/897 973/973/973 898/898/898 
f 899/899/899 974/974/974 897/897/897 
f 973/973/973 897/897/897 974/974/974 
f 900/900/900 975/975/975 899/899/899 
f 974/974/974 899/899/899 975/975/975 
f 901/901/901 976/976/976 900/900/900 
f 975/975/975 900/900/900 976/976/976 
f 977/977/977 976/976/976 902/902/902 
f 901/901/901 902/902/902 976/976/976 
f 978/978/978 977/977/977 903/903/903 
f 902/902/902 903/903/903 977/977/977 
f 979/979/979 978/978/978 904/904/904 
f 903/903/903 904/904/904 978/978/978 
f 979/979/979 904/904/904 980/980/980 
f 905/905/905 980/980/980 904/904/904 
f 980/980/980 905/905/905 981/981/981 
f 906/906/906 981/981/981 905/905/905 
f 907/907/907 982/982/982 906/906/906 
f 981/981/981 906/906/906 982/982/982 
f 908/908/908 983/983/983 907/907/907 
f 982/982/982 907/907/907 983/983/983 
f 983/983/983 908/908/908 972/972/972 
f 898/898/898 972/972/972 908/908/908 
f 984/984/984 985/985/985 872/872/872 
f 870/870/870 872/872/872 985/985/985 
f 986/986/986 984/984/984 874/874/874 
f 872/872/872 874/874/874 984/984/984 
f 987/987/987 986/986/986 876/876/876 
f 874/874/874 876/876/876 986/986/986 
f 988/988/988 987/987/987 879/879/879 
f 876/876/876 879/879/879 987/987/987 
f 989/989/989 988/988/988 881/881/881 
f 879/879/879 881/881/881 988/988/988 
f 990/990/990 989/989/989 882/882/882 
f 881/881/881 882/882/882 989/989/989 
f 991/991/991 990/990/990 884/884/884 
f 882/882/882 884/884/884 990/990/990 
f 992/992/992 991/991/991 886/886/886 
f 884/884/884 886/886/886 991/991/991 
f 886/886/886 888/888/888 992/992/992 
f 993/993/993 992/992/992 888/888/888 
f 994/994/994 993/993/993 890/890/890 
f 888/888/888 890/890/890 993/993/993 
f 995/995/995 994/994/994 892/892/892 
f 890/890/890 892/892/892 994/994/994 
f 894/894/894 996/996/996 892/892/892 
f 995/995/995 892/892/892 996/996/996 
f 997/997/997 998/998/998 999/999/999 
f 998/998/998 1000/1000/1000 999/999/999 
f 1000/1000/1000 1001/1001/1001 999/999/999 
f 1001/1001/1001 1002/1002/1002 999/999/999 
f 1002/1002/1002 1003/1003/1003 999/999/999 
f 1003/1003/1003 1004/1004/1004 999/999/999 
f 1004/1004/1004 1005/1005/1005 999/999/999 
f 1005/1005/1005 1006/1006/1006 999/999/999 
f 1006/1006/1006 1007/1007/1007 999/999/999 
f 1007/1007/1007 1008/1008/1008 999/999/999 
f 1008/1008/1008 1009/1009/1009 999/999/999 
f 1009/1009/1009 997/997/997 999/999/999 
f 985/985/985 984/984/984 1010/1010/1010 
f 1011/1011/1011 1010/1010/1010 984/984/984 
f 984/984/984 986/986/986 1011/1011/1011 
f 1012/1012/1012 1011/1011/1011 986/986/986 
f 1013/1013/1013 1012/1012/1012 987/987/987 
f 986/986/986 987/987/987 1012/1012/1012 
f 1013/1013/1013 987/987/987 1014/1014/1014 
f 988/988/988 1014/1014/1014 987/987/987 
f 1015/1015/1015 1014/1014/1014 989/989/989 
f 988/988/988 989/989/989 1014/1014/1014 
f 990/990/990 1016/1016/1016 989/989/989 
f 1015/1015/1015 989/989/989 1016/1016/1016 
f 1017/1017/1017 1016/1016/1016 991/991/991 
f 990/990/990 991/991/991 1016/1016/1016 
f 992/992/992 1018/1018/1018 991/991/991 
f 1017/1017/1017 991/991/991 1018/1018/1018 
f 1018/1018/1018 992/992/992 1019/1019/1019 
f 993/993/993 1019/1019/1019 992/992/992 
f 994/994/994 1020/1020/1020 993/993/993 
f 1019/1019/1019 993/993/993 1020/1020/1020 
f 1021/1021/1021 1020/1020/1020 995/995/995 
f 994/994/994 995/995/995 1020/1020/1020 
f 1022/1022/1022 1021/1021/1021 996/996/996 
f 995/995/995 996/996/996 1021/1021/1021 
f 1023/1023/1023 1024/1024/1024 1011/1011/1011 
f 1010/1010/1010 1011/1011/1011 1024/1024/1024 
f 1011/1011/1011 1012/1012/1012 1023/1023/1023 
f 1025/1025/1025 1023/1023/1023 1012/1012/1012 
f 1025/1025/1025 1012/1012/1012 1026/1026/1026 
f 1013/1013/1013 1026/1026/1026 1012/1012/1012 
f 1027/1027/1027 1026/1026/1026 1014/1014/1014 
f 1013/1013/1013 1014/1014/1014 1026/1026/1026 
f 1028/1028/1028 1027/1027/1027 1015/1015/1015 
f 1014/1014/1014 1015/1015/1015 1027/1027/1027 
f 1028/1028/1028 1015/1015/1015 1029/1029/1029 
f 1016/1016/1016 1029/1029/1029 1015/1015/1015 
f 1030/1030/1030 1029/1029/1029 1017/1017/1017 
f 1016/1016/1016 1017/1017/1017 1029/1029/1029 
f 1030/1030/1030 1017/1017/1017 1031/1031/1031 
f 1018/1018/1018 1031/1031/1031 1017/1017/1017 
f 1031/1031/1031 1018/1018/1018 1032/1032/1032 
f 1019/1019/1019 1032/1032/1032 1018/1018/1018 
f 1032/1032/1032 1019/1019/1019 1033/1033/1033 
f 1020/1020/1020 1033/1033/1033 1019/1019/1019 
f 1033/1033/1033 1020/1020/1020 1034/1034/1034 
f 1021/1021/1021 1034/1034/1034 1020/1020/1020 
f 1022/1022/1022 1035/1035/1035 1021/1021/1021 
f 1034/1034/1034 1021/1021/1021 1035/1035/1035 
f 1036/1036/1036 1037/1037/1037 1038/1038/1038 
f 1039/1039/1039 1038/1038/1038 1037/1037/1037 
f 1040/1040/1040 1041/1041/1041 1039/1039/1039 
f 1038/1038/1038 1039/1039/1039 1041/1041/1041 
f 1042/1042/1042 1041/1041/1041 1043/1043/1043 
f 1040/1040/1040 1043/1043/1043 1041/1041/1041 
f 1043/1043/1043 1044/1044/1044 1042/1042/1042 
f 1045/1045/1045 1042/1042/1042 1044/1044/1044 
f 1046/1046/1046 1045/1045/1045 1047/1047/1047 
f 1044/1044/1044 1047/1047/1047 1045/1045/1045 
f 1048/1048/1048 1046/1046/1046 1049/1049/1049 
f 1047/1047/1047 1049/1049/1049 1046/1046/1046 
f 1050/1050/1050 1048/1048/1048 1051/1051/1051 
f 1049/1049/1049 1051/1051/1051 1048/1048/1048 
f 1052/1052/1052 1050/1050/1050 1053/1053/1053 
f 1051/1051/1051 1053/1053/1053 1050/1050/1050 
f 1054/1054/1054 1052/1052/1052 1055/1055/1055 
f 1053/1053/1053 1055/1055/1055 1052/1052/1052 
f 1056/1056/1056 1054/1054/1054 1057/1057/1057 
f 1055/1055/1055 1057/1057/1057 1054/1054/1054 
f 1058/1058/1058 1056/1056/1056 1059/1059/1059 
f 1057/1057/1057 1059/1059/1059 1056/1056/1056 
f 1059/1059/1059 1037/1037/1037 1058/1058/1058 
f 1036/1036/1036 1058/1058/1058 1037/1037/1037 
f 1060/1060/1060 998/998/998 1061/1061/1061 
f 997/997/997 1061/1061/1061 998/998/998 
f 1000/1000/1000 998/998/998 1062/1062/1062 
f 1060/1060/1060 1062/1062/1062 998/998/998 
f 1062/1062/1062 1063/1063/1063 1000/1000/1000 
f 1001/1001/1001 1000/1000/1000 1063/1063/1063 
f 1063/1063/1063 1064/1064/1064 1001/1001/1001 
f 1002/1002/1002 1001/1001/1001 1064/1064/1064 
f 1064/1064/1064 1065/1065/1065 1002/1002/1002 
f 1003/1003/1003 1002/1002/1002 1065/1065/1065 
f 1004/1004/1004 1003/1003/1003 1066/1066/1066 
f 1065/1065/1065 1066/1066/1066 1003/1003/1003 
f 1004/1004/1004 1066/1066/1066 1005/1005/1005 
f 1067/1067/1067 1005/1005/1005 1066/1066/1066 
f 1068/1068/1068 1006/1006/1006 1067/1067/1067 
f 1005/1005/1005 1067/1067/1067 1006/1006/1006 
f 1068/1068/1068 1069/1069/1069 1006/1006/1006 
f 1007/1007/1007 1006/1006/1006 1069/1069/1069 
f 1007/1007/1007 1069/1069/1069 1008/1008/1008 
f 1070/1070/1070 1008/1008/1008 1069/1069/1069 
f 1009/1009/1009 1008/1008/1008 1071/1071/1071 
f 1070/1070/1070 1071/1071/1071 1008/1008/1008 
f 997/997/997 1009/1009/1009 1061/1061/1061 
f 1071/1071/1071 1061/1061/1061 1009/1009/1009 
f 1072/1072/1072 1073/1073/1073 1074/1074/1074 
f 1075/1075/1075 1074/1074/1074 1073/1073/1073 
f 1076/1076/1076 1075/1075/1075 1077/1077/1077 
f 1073/1073/1073 1077/1077/1077 1075/1075/1075 
f 1076/1076/1076 1077/1077/1077 1078/1078/1078 
f 1079/1079/1079 1078/1078/1078 1077/1077/1077 
f 1080/1080/1080 1081/1081/1081 1079/1079/1079 
f 1078/1078/1078 1079/1079/1079 1081/1081/1081 
f 1082/1082/1082 1081/1081/1081 1083/1083/1083 
f 1080/1080/1080 1083/1083/1083 1081/1081/1081 
f 1084/1084/1084 1085/1085/1085 1083/1083/1083 
f 1082/1082/1082 1083/1083/1083 1085/1085/1085 
f 1085/1085/1085 1084/1084/1084 1086/1086/1086 
f 1087/1087/1087 1086/1086/1086 1084/1084/1084 
f 1086/1086/1086 1087/1087/1087 1088/1088/1088 
f 1089/1089/1089 1088/1088/1088 1087/1087/1087 
f 1090/1090/1090 1088/1088/1088 1091/1091/1091 
f 1089/1089/1089 1091/1091/1091 1088/1088/1088 
f 1092/1092/1092 1093/1093/1093 1091/1091/1091 
f 1090/1090/1090 1091/1091/1091 1093/1093/1093 
f 1094/1094/1094 1093/1093/1093 1095/1095/1095 
f 1092/1092/1092 1095/1095/1095 1093/1093/1093 
f 1095/1095/1095 1096/1096/1096 1094/1094/1094 
f 1097/1097/1097 1094/1094/1094 1096/1096/1096 
f 1098/1098/1098 1099/1099/1099 1100/1100/1100 
f 1099/1099/1099 1101/1101/1101 1100/1100/1100 
f 1101/1101/1101 1102/1102/1102 1100/1100/1100 
f 1102/1102/1102 1103/1103/1103 1100/1100/1100 
f 1103/1103/1103 1104/1104/1104 1100/1100/1100 
f 1104/1104/1104 1105/1105/1105 1100/1100/1100 
f 1105/1105/1105 1106/1106/1106 1100/1100/1100 
f 1106/1106/1106 1107/1107/1107 1100/1100/1100 
f 1107/1107/1107 1108/1108/1108 1100/1100/1100 
f 1108/1108/1108 1109/1109/1109 1100/1100/1100 
f 1109/1109/1109 1110/1110/1110 1100/1100/1100 
f 1110/1110/1110 1098/1098/1098 1100/1100/1100 
f 1111/1111/1111 1112/1112/1112 1113/1113/1113 
f 1114/1114/1114 1111/1111/1111 1113/1113/1113 
f 1115/1115/1115 1114/1114/1114 1113/1113/1113 
f 1116/1116/1116 1115/1115/1115 1113/1113/1113 
f 1117/1117/1117 1116/1116/1116 1113/1113/1113 
f 1118/1118/1118 1117/1117/1117 1113/1113/1113 
f 1119/1119/1119 1118/1118/1118 1113/1113/1113 
f 1120/1120/1120 1119/1119/1119 1113/1113/1113 
f 1121/1121/1121 1120/1120/1120 1113/1113/1113 
f 1122/1122/1122 1121/1121/1121 1113/1113/1113 
f 1123/1123/1123 1122/1122/1122 1113/1113/1113 
f 1112/1112/1112 1123/1123/1123 1113/1113/1113 
f 1124/1124/1124 1125/1125/1125 1126/1126/1126 
f 1127/1127/1127 1126/1126/1126 1125/1125/1125 
f 1128/1128/1128 1129/1129/1129 1125/1125/1125 
f 1127/1127/1127 1125/1125/1125 1129/1129/1129 
f 1130/1130/1130 1131/1131/1131 1128/1128/1128 
f 1129/1129/1129 1128/1128/1128 1131/1131/1131 
f 1131/1131/1131 1130/1130/1130 1132/1132/1132 
f 1133/1133/1133 1132/1132/1132 1130/1130/1130 
f 1133/1133/1133 1134/1134/1134 1132/1132/1132 
f 1135/1135/1135 1132/1132/1132 1134/1134/1134 
f 1134/1134/1134 1136/1136/1136 1135/1135/1135 
f 1137/1137/1137 1135/1135/1135 1136/1136/1136 
f 1137/1137/1137 1136/1136/1136 1138/1138/1138 
f 1139/1139/1139 1138/1138/1138 1136/1136/1136 
f 1140/1140/1140 1141/1141/1141 1139/1139/1139 
f 1138/1138/1138 1139/1139/1139 1141/1141/1141 
f 1141/1141/1141 1140/1140/1140 1142/1142/1142 
f 1143/1143/1143 1142/1142/1142 1140/1140/1140 
f 1144/1144/1144 1145/1145/1145 1143/1143/1143 
f 1142/1142/1142 1143/1143/1143 1145/1145/1145 
f 1145/1145/1145 1144/1144/1144 1146/1146/1146 
f 1147/1147/1147 1146/1146/1146 1144/1144/1144 
f 1124/1124/1124 1126/1126/1126 1147/1147/1147 
f 1146/1146/1146 1147/1147/1147 1126/1126/1126 
f 1148/1148/1148 1126/1126/1126 1149/1149/1149 
f 1127/1127/1127 1149/1149/1149 1126/1126/1126 
f 1149/1149/1149 1127/1127/1127 1150/1150/1150 
f 1129/1129/1129 1150/1150/1150 1127/1127/1127 
f 1150/1150/1150 1129/1129/1129 1151/1151/1151 
f 1131/1131/1131 1151/1151/1151 1129/1129/1129 
f 1151/1151/1151 1131/1131/1131 1152/1152/1152 
f 1132/1132/1132 1152/1152/1152 1131/1131/1131 
f 1152/1152/1152 1132/1132/1132 1153/1153/1153 
f 1135/1135/1135 1153/1153/1153 1132/1132/1132 
f 1153/1153/1153 1135/1135/1135 1154/1154/1154 
f 1137/1137/1137 1154/1154/1154 1135/1135/1135 
f 1137/1137/1137 1138/1138/1138 1154/1154/1154 
f 1155/1155/1155 1154/1154/1154 1138/1138/1138 
f 1155/1155/1155 1138/1138/1138 1156/1156/1156 
f 1141/1141/1141 1156/1156/1156 1138/1138/1138 
f 1156/1156/1156 1141/1141/1141 1157/1157/1157 
f 1142/1142/1142 1157/1157/1157 1141/1141/1141 
f 1157/1157/1157 1142/1142/1142 1158/1158/1158 
f 1145/1145/1145 1158/1158/1158 1142/1142/1142 
f 1158/1158/1158 1145/1145/1145 1159/1159/1159 
f 1146/1146/1146 1159/1159/1159 1145/1145/1145 
f 1159/1159/1159 1146/1146/1146 1148/1148/1148 
f 1126/1126/1126 1148/1148/1148 1146/1146/1146 
f 1160/1160/1160 1161/1161/1161 1162/1162/1162 
f 1163/1163/1163 1162/1162/1162 1161/1161/1161 
f 1162/1162/1162 1163/1163/1163 1164/1164/1164 
f 1165/1165/1165 1164/1164/1164 1163/1163/1163 
f 1164/1164/1164 1165/1165/1165 1166/1166/1166 
f 1167/1167/1167 1166/1166/1166 1165/1165/1165 
f 1166/1166/1166 1167/1167/1167 1168/1168/1168 
f 1169/1169/1169 1168/1168/1168 1167/1167/1167 
f 1168/1168/1168 1169/1169/1169 1170/1170/1170 
f 1171/1171/1171 1170/1170/1170 1169/1169/1169 
f 1170/1170/1170 1171/1171/1171 1172/1172/1172 
f 1173/1173/1173 1172/1172/1172 1171/1171/1171 
f 1173/1173/1173 1174/1174/1174 1172/1172/1172 
f 1175/1175/1175 1172/1172/1172 1174/1174/1174 
f 1175/1175/1175 1174/1174/1174 1176/1176/1176 
f 1177/1177/1177 1176/1176/1176 1174/1174/1174 
f 1176/1176/1176 1177/1177/1177 1178/1178/1178 
f 1179/1179/1179 1178/1178/1178 1177/1177/1177 
f 1178/1178/1178 1179/1179/1179 1180/1180/1180 
f 1181/1181/1181 1180/1180/1180 1179/1179/1179 
f 1180/1180/1180 1181/1181/1181 1182/1182/1182 
f 1183/1183/1183 1182/1182/1182 1181/1181/1181 
f 1182/1182/1182 1183/1183/1183 1160/1160/1160 
f 1161/1161/1161 1160/1160/1160 1183/1183/1183 
f 1098/1098/1098 1184/1184/1184 1099/1099/1099 
f 1185/1185/1185 1099/1099/1099 1184/1184/1184 
f 1185/1185/1185 1186/1186/1186 1099/1099/1099 
f 1101/1101/1101 1099/1099/1099 1186/1186/1186 
f 1186/1186/1186 1187/1187/1187 1101/1101/1101 
f 1102/1102/1102 1101/1101/1101 1187/1187/1187 
f 1187/1187/1187 1188/1188/1188 1102/1102/1102 
f 1103/1103/1103 1102/1102/1102 1188/1188/1188 
f 1188/1188/1188 1189/1189/1189 1103/1103/1103 
f 1104/1104/1104 1103/1103/1103 1189/1189/1189 
f 1189/1189/1189 1190/1190/1190 1104/1104/1104 
f 1105/1105/1105 1104/1104/1104 1190/1190/1190 
f 1190/1190/1190 1191/1191/1191 1105/1105/1105 
f 1106/1106/1106 1105/1105/1105 1191/1191/1191 
f 1191/1191/1191 1192/1192/1192 1106/1106/1106 
f 1107/1107/1107 1106/1106/1106 1192/1192/1192 
f 1192/1192/1192 1193/1193/1193 1107/1107/1107 
f 1108/1108/1108 1107/1107/1107 1193/1193/1193 
f 1193/1193/1193 1194/1194/1194 1108/1108/1108 
f 1109/1109/1109 1108/1108/1108 1194/1194/1194 
f 1194/1194/1194 1195/1195/1195 1109/1109/1109 
f 1110/1110/1110 1109/1109/1109 1195/1195/1195 
f 1110/1110/1110 1195/1195/1195 1098/1098/1098 
f 1184/1184/1184 1098/1098/1098 1195/1195/1195 
f 1196/1196/1196 1197/1197/1197 1198/1198/1198 
f 1199/1199/1199 1198/1198/1198 1197/1197/1197 
f 1200/1200/1200 1201/1201/1201 1196/1196/1196 
f 1197/1197/1197 1196/1196/1196 1201/1201/1201 
f 1202/1202/1202 1203/1203/1203 1200/1200/1200 
f 1201/1201/1201 1200/1200/1200 1203/1203/1203 
f 1202/1202/1202 1204/1204/1204 1203/1203/1203 
f 1205/1205/1205 1203/1203/1203 1204/1204/1204 
f 1206/1206/1206 1207/1207/1207 1208/1208/1208 
f 1209/1209/1209 1208/1208/1208 1207/1207/1207 
f 1207/1207/1207 1210/1210/1210 1209/1209/1209 
f 1211/1211/1211 1209/1209/1209 1210/1210/1210 
f 1212/1212/1212 1213/1213/1213 1210/1210/1210 
f 1211/1211/1211 1210/1210/1210 1213/1213/1213 
f 1214/1214/1214 1215/1215/1215 1212/1212/1212 
f 1213/1213/1213 1212/1212/1212 1215/1215/1215 
f 1216/1216/1216 1215/1215/1215 1217/1217/1217 
f 1214/1214/1214 1217/1217/1217 1215/1215/1215 
f 1218/1218/1218 1219/1219/1219 1217/1217/1217 
f 1216/1216/1216 1217/1217/1217 1219/1219/1219 
f 1218/1218/1218 1220/1220/1220 1219/1219/1219 
f 1221/1221/1221 1219/1219/1219 1220/1220/1220 
f 1198/1198/1198 1199/1199/1199 1220/1220/1220 
f 1221/1221/1221 1220/1220/1220 1199/1199/1199 
f 1222/1222/1222 1223/1223/1223 1224/1224/1224 
f 1223/1223/1223 1225/1225/1225 1224/1224/1224 
f 1225/1225/1225 1226/1226/1226 1224/1224/1224 
f 1226/1226/1226 1227/1227/1227 1224/1224/1224 
f 1227/1227/1227 1228/1228/1228 1224/1224/1224 
f 1228/1228/1228 1229/1229/1229 1224/1224/1224 
f 1229/1229/1229 1230/1230/1230 1224/1224/1224 
f 1230/1230/1230 1231/1231/1231 1224/1224/1224 
f 1231/1231/1231 1232/1232/1232 1224/1224/1224 
f 1232/1232/1232 1233/1233/1233 1224/1224/1224 
f 1233/1233/1233 1234/1234/1234 1224/1224/1224 
f 1234/1234/1234 1222/1222/1222 1224/1224/1224 
f 1235/1235/1235 1236/1236/1236 1237/1237/1237 
f 1238/1238/1238 1235/1235/1235 1237/1237/1237 
f 1239/1239/1239 1238/1238/1238 1237/1237/1237 
f 1240/1240/1240 1239/1239/1239 1237/1237/1237 
f 1241/1241/1241 1240/1240/1240 1237/1237/1237 
f 1242/1242/1242 1241/1241/1241 1237/1237/1237 
f 1243/1243/1243 1242/1242/1242 1237/1237/1237 
f 1244/1244/1244 1243/1243/1243 1237/1237/1237 
f 1245/1245/1245 1244/1244/1244 1237/1237/1237 
f 1246/1246/1246 1245/1245/1245 1237/1237/1237 
f 1247/1247/1247 1246/1246/1246 1237/1237/1237 
f 1236/1236/1236 1247/1247/1247 1237/1237/1237 
f 1248/1248/1248 1249/1249/1249 1250/1250/1250 
f 1251/1251/1251 1250/1250/1250 1249/1249/1249 
f 1252/1252/1252 1250/1250/1250 1253/1253/1253 
f 1251/1251/1251 1253/1253/1253 1250/1250/1250 
f 1254/1254/1254 1255/1255/1255 1253/1253/1253 
f 1252/1252/1252 1253/1253/1253 1255/1255/1255 
f 1256/1256/1256 1257/1257/1257 1254/1254/1254 
f 1255/1255/1255 1254/1254/1254 1257/1257/1257 
f 1258/1258/1258 1259/1259/1259 1260/1260/1260 
f 1261/1261/1261 1260/1260/1260 1259/1259/1259 
f 1261/1261/1261 1259/1259/1259 1262/1262/1262 
f 1263/1263/1263 1262/1262/1262 1259/1259/1259 
f 1262/1262/1262 1263/1263/1263 1264/1264/1264 
f 1265/1265/1265 1264/1264/1264 1263/1263/1263 
f 1264/1264/1264 1265/1265/1265 1266/1266/1266 
f 1267/1267/1267 1266/1266/1266 1265/1265/1265 
f 1268/1268/1268 1266/1266/1266 1269/1269/1269 
f 1267/1267/1267 1269/1269/1269 1266/1266/1266 
f 1270/1270/1270 1271/1271/1271 1269/1269/1269 
f 1268/1268/1268 1269/1269/1269 1271/1271/1271 
f 1271/1271/1271 1270/1270/1270 1272/1272/1272 
f 1273/1273/1273 1272/1272/1272 1270/1270/1270 
f 1272/1272/1272 1273/1273/1273 1248/1248/1248 
f 1249/1249/1249 1248/1248/1248 1273/1273/1273 
f 1249/1249/1249 1214/1214/1214 1251/1251/1251 
f 1212/1212/1212 1251/1251/1251 1214/1214/1214 
f 1251/1251/1251 1212/1212/1212 1253/1253/1253 
f 1210/1210/1210 1253/1253/1253 1212/1212/1212 
f 1253/1253/1253 1210/1210/1210 1254/1254/1254 
f 1207/1207/1207 1254/1254/1254 1210/1210/1210 
f 1254/1254/1254 1207/1207/1207 1256/1256/1256 
f 1206/1206/1206 1256/1256/1256 1207/1207/1207 
f 1258/1258/1258 1204/1204/1204 1259/1259/1259 
f 1202/1202/1202 1259/1259/1259 1204/1204/1204 
f 1259/1259/1259 1202/1202/1202 1263/1263/1263 
f 1200/1200/1200 1263/1263/1263 1202/1202/1202 
f 1263/1263/1263 1200/1200/1200 1265/1265/1265 
f 1196/1196/1196 1265/1265/1265 1200/1200/1200 
f 1265/1265/1265 1196/1196/1196 1267/1267/1267 
f 1198/1198/1198 1267/1267/1267 1196/1196/1196 
f 1267/1267/1267 1198/1198/1198 1269/1269/1269 
f 1220/1220/1220 1269/1269/1269 1198/1198/1198 
f 1269/1269/1269 1220/1220/1220 1270/1270/1270 
f 1218/1218/1218 1270/1270/1270 1220/1220/1220 
f 1270/1270/1270 1218/1218/1218 1273/1273/1273 
f 1217/1217/1217 1273/1273/1273 1218/1218/1218 
f 1217/1217/1217 1214/1214/1214 1273/1273/1273 
f 1249/1249/1249 1273/1273/1273 1214/1214/1214 
f 1274/1274/1274 1275/1275/1275 1276/1276/1276 
f 1277/1277/1277 1276/1276/1276 1275/1275/1275 
f 1278/1278/1278 1279/1279/1279 1280/1280/1280 
f 1281/1281/1281 1282/1282/1282 1283/1283/1283 
f 1284/1284/1284 1285/1285/1285 1286/1286/1286 
f 1287/1287/1287 1286/1286/1286 1285/1285/1285 
f 1288/1288/1288 1289/1289/1289 1290/1290/1290 
f 1291/1291/1291 1290/1290/1290 1289/1289/1289 
f 1292/1292/1292 1293/1293/1293 1294/1294/1294 
f 1295/1295/1295 1294/1294/1294 1293/1293/1293 
f 1296/1296/1296 1297/1297/1297 1298/1298/1298 
f 1299/1299/1299 1298/1298/1298 1297/1297/1297 
f 1300/1300/1300 1301/1301/1301 1302/1302/1302 
f 1303/1303/1303 1302/1302/1302 1301/1301/1301 
f 1304/1304/1304 1305/1305/1305 1296/1296/1296 
f 1297/1297/1297 1296/1296/1296 1305/1305/1305 
f 1306/1306/1306 1307/1307/1307 1308/1308/1308 
f 1309/1309/1309 1308/1308/1308 1307/1307/1307 
f 1295/1295/1295 1310/1310/1310 1294/1294/1294 
f 1311/1311/1311 1294/1294/1294 1310/1310/1310 
f 1312/1312/1312 1313/1313/1313 1314/1314/1314 
f 1315/1315/1315 1314/1314/1314 1313/1313/1313 
f 1316/1316/1316 1317/1317/1317 1318/1318/1318 
f 1305/1305/1305 1318/1318/1318 1317/1317/1317 
f 1319/1319/1319 1320/1320/1320 1321/1321/1321 
f 1322/1322/1322 1321/1321/1321 1320/1320/1320 
f 1323/1323/1323 1310/1310/1310 1324/1324/1324 
f 1325/1325/1325 1324/1324/1324 1310/1310/1310 
f 1326/1326/1326 1313/1313/1313 1327/1327/1327 
f 1312/1312/1312 1327/1327/1327 1313/1313/1313 
f 1328/1328/1328 1317/1317/1317 1329/1329/1329 
f 1316/1316/1316 1329/1329/1329 1317/1317/1317 
f 1319/1319/1319 1321/1321/1321 1330/1330/1330 
f 1331/1331/1331 1330/1330/1330 1321/1321/1321 
f 1325/1325/1325 1332/1332/1332 1324/1324/1324 
f 1333/1333/1333 1324/1324/1324 1332/1332/1332 
f 1334/1334/1334 1310/1310/1310 1335/1335/1335 
f 1295/1295/1295 1335/1335/1335 1310/1310/1310 
f 1293/1293/1293 1336/1336/1336 1295/1295/1295 
f 1335/1335/1335 1295/1295/1295 1336/1336/1336 
f 1337/1337/1337 1338/1338/1338 1339/1339/1339 
f 1340/1340/1340 1339/1339/1339 1338/1338/1338 
f 1297/1297/1297 1341/1341/1341 1299/1299/1299 
f 1342/1342/1342 1299/1299/1299 1341/1341/1341 
f 1297/1297/1297 1305/1305/1305 1341/1341/1341 
f 1343/1343/1343 1341/1341/1341 1305/1305/1305 
f 1305/1305/1305 1317/1317/1317 1343/1343/1343 
f 1344/1344/1344 1343/1343/1343 1317/1317/1317 
f 1344/1344/1344 1317/1317/1317 1345/1345/1345 
f 1328/1328/1328 1345/1345/1345 1317/1317/1317 
f 1346/1346/1346 1347/1347/1347 1348/1348/1348 
f 1349/1349/1349 1348/1348/1348 1347/1347/1347 
f 1332/1332/1332 1325/1325/1325 1350/1350/1350 
f 1351/1351/1351 1350/1350/1350 1325/1325/1325 
f 1351/1351/1351 1325/1325/1325 1334/1334/1334 
f 1310/1310/1310 1334/1334/1334 1325/1325/1325 
f 1352/1352/1352 1353/1353/1353 1335/1335/1335 
f 1334/1334/1334 1335/1335/1335 1353/1353/1353 
f 1354/1354/1354 1352/1352/1352 1336/1336/1336 
f 1335/1335/1335 1336/1336/1336 1352/1352/1352 
f 1355/1355/1355 1356/1356/1356 1357/1357/1357 
f 1358/1358/1358 1357/1357/1357 1356/1356/1356 
f 1341/1341/1341 1359/1359/1359 1342/1342/1342 
f 1360/1360/1360 1342/1342/1342 1359/1359/1359 
f 1343/1343/1343 1361/1361/1361 1341/1341/1341 
f 1359/1359/1359 1341/1341/1341 1361/1361/1361 
f 1362/1362/1362 1343/1343/1343 1363/1363/1363 
f 1344/1344/1344 1363/1363/1363 1343/1343/1343 
f 1363/1363/1363 1344/1344/1344 1364/1364/1364 
f 1345/1345/1345 1364/1364/1364 1344/1344/1344 
f 1365/1365/1365 1366/1366/1366 1367/1367/1367 
f 1368/1368/1368 1367/1367/1367 1366/1366/1366 
f 1351/1351/1351 1369/1369/1369 1350/1350/1350 
f 1370/1370/1370 1350/1350/1350 1369/1369/1369 
f 1334/1334/1334 1353/1353/1353 1351/1351/1351 
f 1369/1369/1369 1351/1351/1351 1353/1353/1353 
f 1371/1371/1371 1372/1372/1372 1373/1373/1373 
f 1374/1374/1374 1373/1373/1373 1372/1372/1372 
f 1375/1375/1375 1376/1376/1376 1377/1377/1377 
f 1378/1378/1378 1377/1377/1377 1376/1376/1376 
f 1379/1379/1379 1380/1380/1380 1381/1381/1381 
f 1382/1382/1382 1381/1381/1381 1380/1380/1380 
f 1375/1375/1375 1377/1377/1377 1383/1383/1383 
f 1384/1384/1384 1383/1383/1383 1377/1377/1377 
f 1382/1382/1382 1385/1385/1385 1381/1381/1381 
f 1386/1386/1386 1381/1381/1381 1385/1385/1385 
f 1383/1383/1383 1384/1384/1384 1387/1387/1387 
f 1388/1388/1388 1387/1387/1387 1384/1384/1384 
f 1389/1389/1389 1390/1390/1390 1391/1391/1391 
f 1392/1392/1392 1391/1391/1391 1390/1390/1390 
f 1393/1393/1393 1394/1394/1394 1385/1385/1385 
f 1386/1386/1386 1385/1385/1385 1394/1394/1394 
f 1395/1395/1395 1373/1373/1373 1396/1396/1396 
f 1374/1374/1374 1396/1396/1396 1373/1373/1373 
f 1397/1397/1397 1398/1398/1398 1381/1381/1381 
f 1379/1379/1379 1381/1381/1381 1398/1398/1398 
f 1399/1399/1399 1397/1397/1397 1386/1386/1386 
f 1381/1381/1381 1386/1386/1386 1397/1397/1397 
f 1400/1400/1400 1399/1399/1399 1394/1394/1394 
f 1386/1386/1386 1394/1394/1394 1399/1399/1399 
f 1401/1401/1401 1389/1389/1389 1402/1402/1402 
f 1391/1391/1391 1402/1402/1402 1389/1389/1389 
f 1403/1403/1403 1404/1404/1404 1384/1384/1384 
f 1388/1388/1388 1384/1384/1384 1404/1404/1404 
f 1403/1403/1403 1384/1384/1384 1405/1405/1405 
f 1377/1377/1377 1405/1405/1405 1384/1384/1384 
f 1378/1378/1378 1406/1406/1406 1377/1377/1377 
f 1405/1405/1405 1377/1377/1377 1406/1406/1406 
f 1407/1407/1407 1408/1408/1408 1409/1409/1409 
f 1410/1410/1410 1409/1409/1409 1408/1408/1408 
f 1411/1411/1411 1412/1412/1412 1407/1407/1407 
f 1408/1408/1408 1407/1407/1407 1412/1412/1412 
f 1413/1413/1413 1414/1414/1414 1415/1415/1415 
f 1416/1416/1416 1415/1415/1415 1414/1414/1414 
f 1417/1417/1417 1418/1418/1418 1419/1419/1419 
f 1420/1420/1420 1419/1419/1419 1418/1418/1418 
f 1421/1421/1421 1422/1422/1422 1423/1423/1423 
f 1424/1424/1424 1423/1423/1423 1422/1422/1422 
f 1425/1425/1425 1426/1426/1426 1427/1427/1427 
f 1428/1428/1428 1427/1427/1427 1426/1426/1426 
f 1408/1408/1408 1429/1429/1429 1410/1410/1410 
f 1430/1430/1430 1410/1410/1410 1429/1429/1429 
f 1431/1431/1431 1429/1429/1429 1412/1412/1412 
f 1408/1408/1408 1412/1412/1412 1429/1429/1429 
f 1418/1418/1418 1432/1432/1432 1420/1420/1420 
f 1433/1433/1433 1420/1420/1420 1432/1432/1432 
f 1422/1422/1422 1434/1434/1434 1424/1424/1424 
f 1435/1435/1435 1424/1424/1424 1434/1434/1434 
f 1425/1425/1425 1427/1427/1427 1436/1436/1436 
f 1437/1437/1437 1436/1436/1436 1427/1427/1427 
f 1438/1438/1438 1439/1439/1439 1440/1440/1440 
f 1441/1441/1441 1440/1440/1440 1439/1439/1439 
f 1440/1440/1440 1442/1442/1442 1438/1438/1438 
f 1443/1443/1443 1438/1438/1438 1442/1442/1442 
f 1444/1444/1444 1445/1445/1445 1446/1446/1446 
f 1447/1447/1447 1446/1446/1446 1445/1445/1445 
f 1448/1448/1448 1449/1449/1449 1450/1450/1450 
f 1451/1451/1451 1450/1450/1450 1449/1449/1449 
f 1452/1452/1452 1453/1453/1453 1454/1454/1454 
f 1455/1455/1455 1454/1454/1454 1453/1453/1453 
f 1456/1456/1456 1457/1457/1457 1458/1458/1458 
f 1459/1459/1459 1458/1458/1458 1457/1457/1457 
f 1419/1419/1419 1420/1420/1420 1460/1460/1460 
f 1461/1461/1461 1460/1460/1460 1420/1420/1420 
f 1462/1462/1462 1463/1463/1463 1464/1464/1464 
f 1465/1465/1465 1464/1464/1464 1463/1463/1463 
f 1466/1466/1466 1467/1467/1467 1468/1468/1468 
f 1469/1469/1469 1468/1468/1468 1467/1467/1467 
f 1470/1470/1470 1471/1471/1471 1472/1472/1472 
f 1473/1473/1473 1472/1472/1472 1471/1471/1471 
f 1474/1474/1474 1475/1475/1475 1476/1476/1476 
f 1477/1477/1477 1478/1478/1478 1479/1479/1479 
f 1480/1480/1480 1481/1481/1481 1450/1450/1450 
f 1448/1448/1448 1450/1450/1450 1481/1481/1481 
f 1453/1453/1453 1482/1482/1482 1455/1455/1455 
f 1483/1483/1483 1455/1455/1455 1482/1482/1482 
f 1484/1484/1484 1485/1485/1485 1456/1456/1456 
f 1457/1457/1457 1456/1456/1456 1485/1485/1485 
f 1486/1486/1486 1487/1487/1487 1441/1441/1441 
f 1440/1440/1440 1441/1441/1441 1487/1487/1487 
f 1488/1488/1488 1442/1442/1442 1487/1487/1487 
f 1440/1440/1440 1487/1487/1487 1442/1442/1442 
f 1489/1489/1489 1445/1445/1445 1490/1490/1490 
f 1444/1444/1444 1490/1490/1490 1445/1445/1445 
f 1491/1491/1491 1492/1492/1492 1493/1493/1493 
f 1494/1494/1494 1493/1493/1493 1492/1492/1492 
f 1495/1495/1495 1496/1496/1496 1497/1497/1497 
f 1498/1498/1498 1497/1497/1497 1496/1496/1496 
f 1497/1497/1497 1499/1499/1499 1495/1495/1495 
f 1500/1500/1500 1495/1495/1495 1499/1499/1499 
f 1491/1491/1491 1495/1495/1495 1492/1492/1492 
f 1500/1500/1500 1492/1492/1492 1495/1495/1495 
f 1501/1501/1501 1502/1502/1502 1496/1496/1496 
f 1498/1498/1498 1496/1496/1496 1502/1502/1502 
f 1503/1503/1503 1416/1416/1416 1504/1504/1504 
f 1414/1414/1414 1504/1504/1504 1416/1416/1416 
f 1490/1490/1490 1444/1444/1444 1488/1488/1488 
f 1442/1442/1442 1488/1488/1488 1444/1444/1444 
f 1443/1443/1443 1442/1442/1442 1446/1446/1446 
f 1444/1444/1444 1446/1446/1446 1442/1442/1442 
f 1415/1415/1415 1416/1416/1416 1411/1411/1411 
f 1412/1412/1412 1411/1411/1411 1416/1416/1416 
f 1416/1416/1416 1503/1503/1503 1412/1412/1412 
f 1431/1431/1431 1412/1412/1412 1503/1503/1503 
f 1430/1430/1430 1437/1437/1437 1410/1410/1410 
f 1427/1427/1427 1410/1410/1410 1437/1437/1437 
f 1493/1493/1493 1494/1494/1494 1465/1465/1465 
f 1464/1464/1464 1465/1465/1465 1494/1494/1494 
f 1486/1486/1486 1441/1441/1441 1485/1485/1485 
f 1457/1457/1457 1485/1485/1485 1441/1441/1441 
f 1459/1459/1459 1457/1457/1457 1439/1439/1439 
f 1441/1441/1441 1439/1439/1439 1457/1457/1457 
f 1409/1409/1409 1410/1410/1410 1428/1428/1428 
f 1427/1427/1427 1428/1428/1428 1410/1410/1410 
f 1436/1436/1436 1434/1434/1434 1425/1425/1425 
f 1422/1422/1422 1425/1425/1425 1434/1434/1434 
f 1462/1462/1462 1468/1468/1468 1463/1463/1463 
f 1469/1469/1469 1463/1463/1463 1468/1468/1468 
f 1455/1455/1455 1483/1483/1483 1456/1456/1456 
f 1484/1484/1484 1456/1456/1456 1483/1483/1483 
f 1454/1454/1454 1455/1455/1455 1458/1458/1458 
f 1456/1456/1456 1458/1458/1458 1455/1455/1455 
f 1421/1421/1421 1426/1426/1426 1422/1422/1422 
f 1425/1425/1425 1422/1422/1422 1426/1426/1426 
f 1435/1435/1435 1432/1432/1432 1424/1424/1424 
f 1418/1418/1418 1424/1424/1424 1432/1432/1432 
f 1473/1473/1473 1467/1467/1467 1472/1472/1472 
f 1466/1466/1466 1472/1472/1472 1467/1467/1467 
f 1453/1453/1453 1448/1448/1448 1482/1482/1482 
f 1481/1481/1481 1482/1482/1482 1448/1448/1448 
f 1452/1452/1452 1449/1449/1449 1453/1453/1453 
f 1448/1448/1448 1453/1453/1453 1449/1449/1449 
f 1423/1423/1423 1424/1424/1424 1417/1417/1417 
f 1418/1418/1418 1417/1417/1417 1424/1424/1424 
f 1480/1480/1480 1450/1450/1450 1505/1505/1505 
f 1506/1506/1506 1505/1505/1505 1450/1450/1450 
f 1450/1450/1450 1451/1451/1451 1506/1506/1506 
f 1433/1433/1433 1507/1507/1507 1420/1420/1420 
f 1461/1461/1461 1420/1420/1420 1507/1507/1507 
f 1470/1470/1470 1508/1508/1508 1471/1471/1471 
f 1509/1509/1509 1471/1471/1471 1508/1508/1508 
f 1510/1510/1510 1511/1511/1511 1512/1512/1512 
f 1513/1513/1513 1512/1512/1512 1511/1511/1511 
f 1512/1512/1512 1514/1514/1514 1510/1510/1510 
f 1515/1515/1515 1510/1510/1510 1514/1514/1514 
f 1516/1516/1516 1414/1414/1414 1517/1517/1517 
f 1413/1413/1413 1517/1517/1517 1414/1414/1414 
f 1518/1518/1518 1519/1519/1519 1520/1520/1520 
f 1521/1521/1521 1520/1520/1520 1519/1519/1519 
f 1522/1522/1522 1523/1523/1523 1524/1524/1524 
f 1525/1525/1525 1524/1524/1524 1523/1523/1523 
f 1526/1526/1526 1527/1527/1527 1528/1528/1528 
f 1529/1529/1529 1528/1528/1528 1527/1527/1527 
f 1513/1513/1513 1530/1530/1530 1512/1512/1512 
f 1531/1531/1531 1512/1512/1512 1530/1530/1530 
f 1531/1531/1531 1532/1532/1532 1512/1512/1512 
f 1514/1514/1514 1512/1512/1512 1532/1532/1532 
f 1520/1520/1520 1533/1533/1533 1518/1518/1518 
f 1534/1534/1534 1518/1518/1518 1533/1533/1533 
f 1522/1522/1522 1535/1535/1535 1523/1523/1523 
f 1536/1536/1536 1523/1523/1523 1535/1535/1535 
f 1537/1537/1537 1528/1528/1528 1538/1538/1538 
f 1529/1529/1529 1538/1538/1538 1528/1528/1528 
f 1539/1539/1539 1540/1540/1540 1541/1541/1541 
f 1542/1542/1542 1541/1541/1541 1540/1540/1540 
f 1540/1540/1540 1539/1539/1539 1543/1543/1543 
f 1544/1544/1544 1543/1543/1543 1539/1539/1539 
f 1445/1445/1445 1545/1545/1545 1447/1447/1447 
f 1546/1546/1546 1447/1447/1447 1545/1545/1545 
f 1547/1547/1547 1548/1548/1548 1549/1549/1549 
f 1550/1550/1550 1549/1549/1549 1548/1548/1548 
f 1551/1551/1551 1552/1552/1552 1553/1553/1553 
f 1554/1554/1554 1553/1553/1553 1552/1552/1552 
f 1555/1555/1555 1556/1556/1556 1557/1557/1557 
f 1558/1558/1558 1557/1557/1557 1556/1556/1556 
f 1521/1521/1521 1559/1559/1559 1520/1520/1520 
f 1560/1560/1560 1520/1520/1520 1559/1559/1559 
f 1561/1561/1561 1562/1562/1562 1563/1563/1563 
f 1564/1564/1564 1563/1563/1563 1562/1562/1562 
f 1565/1565/1565 1566/1566/1566 1567/1567/1567 
f 1568/1568/1568 1567/1567/1567 1566/1566/1566 
f 1569/1569/1569 1570/1570/1570 1571/1571/1571 
f 1572/1572/1572 1571/1571/1571 1570/1570/1570 
f 1573/1573/1573 1574/1574/1574 1575/1575/1575 
f 1576/1576/1576 1577/1577/1577 1578/1578/1578 
f 1579/1579/1579 1580/1580/1580 1548/1548/1548 
f 1550/1550/1550 1548/1548/1548 1580/1580/1580 
f 1581/1581/1581 1582/1582/1582 1553/1553/1553 
f 1551/1551/1551 1553/1553/1553 1582/1582/1582 
f 1583/1583/1583 1584/1584/1584 1557/1557/1557 
f 1555/1555/1555 1557/1557/1557 1584/1584/1584 
f 1540/1540/1540 1585/1585/1585 1542/1542/1542 
f 1586/1586/1586 1542/1542/1542 1585/1585/1585 
f 1585/1585/1585 1540/1540/1540 1587/1587/1587 
f 1543/1543/1543 1587/1587/1587 1540/1540/1540 
f 1545/1545/1545 1445/1445/1445 1588/1588/1588 
f 1489/1489/1489 1588/1588/1588 1445/1445/1445 
f 1589/1589/1589 1590/1590/1590 1591/1591/1591 
f 1592/1592/1592 1591/1591/1591 1590/1590/1590 
f 1593/1593/1593 1594/1594/1594 1595/1595/1595 
f 1596/1596/1596 1595/1595/1595 1594/1594/1594 
f 1597/1597/1597 1598/1598/1598 1599/1599/1599 
f 1600/1600/1600 1599/1599/1599 1598/1598/1598 
f 1590/1590/1590 1589/1589/1589 1597/1597/1597 
f 1598/1598/1598 1597/1597/1597 1589/1589/1589 
f 1596/1596/1596 1594/1594/1594 1501/1501/1501 
f 1502/1502/1502 1501/1501/1501 1594/1594/1594 
f 1516/1516/1516 1601/1601/1601 1414/1414/1414 
f 1504/1504/1504 1414/1414/1414 1601/1601/1601 
f 1588/1588/1588 1587/1587/1587 1545/1545/1545 
f 1543/1543/1543 1545/1545/1545 1587/1587/1587 
f 1544/1544/1544 1546/1546/1546 1543/1543/1543 
f 1545/1545/1545 1543/1543/1543 1546/1546/1546 
f 1516/1516/1516 1517/1517/1517 1514/1514/1514 
f 1515/1515/1515 1514/1514/1514 1517/1517/1517 
f 1516/1516/1516 1514/1514/1514 1601/1601/1601 
f 1532/1532/1532 1601/1601/1601 1514/1514/1514 
f 1513/1513/1513 1528/1528/1528 1530/1530/1530 
f 1537/1537/1537 1530/1530/1530 1528/1528/1528 
f 1562/1562/1562 1591/1591/1591 1564/1564/1564 
f 1592/1592/1592 1564/1564/1564 1591/1591/1591 
f 1583/1583/1583 1557/1557/1557 1586/1586/1586 
f 1542/1542/1542 1586/1586/1586 1557/1557/1557 
f 1558/1558/1558 1541/1541/1541 1557/1557/1557 
f 1542/1542/1542 1557/1557/1557 1541/1541/1541 
f 1513/1513/1513 1511/1511/1511 1528/1528/1528 
f 1526/1526/1526 1528/1528/1528 1511/1511/1511 
f 1538/1538/1538 1529/1529/1529 1536/1536/1536 
f 1523/1523/1523 1536/1536/1536 1529/1529/1529 
f 1561/1561/1561 1563/1563/1563 1565/1565/1565 
f 1566/1566/1566 1565/1565/1565 1563/1563/1563 
f 1584/1584/1584 1581/1581/1581 1555/1555/1555 
f 1553/1553/1553 1555/1555/1555 1581/1581/1581 
f 1555/1555/1555 1553/1553/1553 1556/1556/1556 
f 1554/1554/1554 1556/1556/1556 1553/1553/1553 
f 1527/1527/1527 1525/1525/1525 1529/1529/1529 
f 1523/1523/1523 1529/1529/1529 1525/1525/1525 
f 1535/1535/1535 1522/1522/1522 1534/1534/1534 
f 1518/1518/1518 1534/1534/1534 1522/1522/1522 
f 1569/1569/1569 1567/1567/1567 1570/1570/1570 
f 1568/1568/1568 1570/1570/1570 1567/1567/1567 
f 1551/1551/1551 1582/1582/1582 1548/1548/1548 
f 1579/1579/1579 1548/1548/1548 1582/1582/1582 
f 1552/1552/1552 1551/1551/1551 1547/1547/1547 
f 1548/1548/1548 1547/1547/1547 1551/1551/1551 
f 1519/1519/1519 1518/1518/1518 1524/1524/1524 
f 1522/1522/1522 1524/1524/1524 1518/1518/1518 
f 1602/1602/1602 1603/1603/1603 1580/1580/1580 
f 1550/1550/1550 1580/1580/1580 1603/1603/1603 
f 1603/1603/1603 1549/1549/1549 1550/1550/1550 
f 1520/1520/1520 1560/1560/1560 1533/1533/1533 
f 1604/1604/1604 1533/1533/1533 1560/1560/1560 
f 1605/1605/1605 1571/1571/1571 1606/1606/1606 
f 1572/1572/1572 1606/1606/1606 1571/1571/1571 
f 1604/1604/1604 1607/1607/1607 1533/1533/1533 
f 1534/1534/1534 1533/1533/1533 1607/1607/1607 
f 1608/1608/1608 1535/1535/1535 1607/1607/1607 
f 1534/1534/1534 1607/1607/1607 1535/1535/1535 
f 1608/1608/1608 1609/1609/1609 1535/1535/1535 
f 1536/1536/1536 1535/1535/1535 1609/1609/1609 
f 1609/1609/1609 1610/1610/1610 1536/1536/1536 
f 1538/1538/1538 1536/1536/1536 1610/1610/1610 
f 1611/1611/1611 1537/1537/1537 1610/1610/1610 
f 1538/1538/1538 1610/1610/1610 1537/1537/1537 
f 1612/1612/1612 1530/1530/1530 1611/1611/1611 
f 1537/1537/1537 1611/1611/1611 1530/1530/1530 
f 1613/1613/1613 1531/1531/1531 1612/1612/1612 
f 1530/1530/1530 1612/1612/1612 1531/1531/1531 
f 1614/1614/1614 1532/1532/1532 1613/1613/1613 
f 1531/1531/1531 1613/1613/1613 1532/1532/1532 
f 1615/1615/1615 1601/1601/1601 1614/1614/1614 
f 1532/1532/1532 1614/1614/1614 1601/1601/1601 
f 1601/1601/1601 1615/1615/1615 1504/1504/1504 
f 1616/1616/1616 1504/1504/1504 1615/1615/1615 
f 1617/1617/1617 1503/1503/1503 1616/1616/1616 
f 1504/1504/1504 1616/1616/1616 1503/1503/1503 
f 1617/1617/1617 1618/1618/1618 1503/1503/1503 
f 1431/1431/1431 1503/1503/1503 1618/1618/1618 
f 1619/1619/1619 1429/1429/1429 1618/1618/1618 
f 1431/1431/1431 1618/1618/1618 1429/1429/1429 
f 1620/1620/1620 1430/1430/1430 1619/1619/1619 
f 1429/1429/1429 1619/1619/1619 1430/1430/1430 
f 1621/1621/1621 1437/1437/1437 1620/1620/1620 
f 1430/1430/1430 1620/1620/1620 1437/1437/1437 
f 1621/1621/1621 1622/1622/1622 1437/1437/1437 
f 1436/1436/1436 1437/1437/1437 1622/1622/1622 
f 1622/1622/1622 1623/1623/1623 1436/1436/1436 
f 1434/1434/1434 1436/1436/1436 1623/1623/1623 
f 1624/1624/1624 1435/1435/1435 1623/1623/1623 
f 1434/1434/1434 1623/1623/1623 1435/1435/1435 
f 1624/1624/1624 1625/1625/1625 1435/1435/1435 
f 1432/1432/1432 1435/1435/1435 1625/1625/1625 
f 1433/1433/1433 1432/1432/1432 1507/1507/1507 
f 1625/1625/1625 1507/1507/1507 1432/1432/1432 
f 1626/1626/1626 1499/1499/1499 1498/1498/1498 
f 1497/1497/1497 1498/1498/1498 1499/1499/1499 
f 1502/1502/1502 1627/1627/1627 1498/1498/1498 
f 1626/1626/1626 1498/1498/1498 1627/1627/1627 
f 1502/1502/1502 1594/1594/1594 1627/1627/1627 
f 1628/1628/1628 1627/1627/1627 1594/1594/1594 
f 1600/1600/1600 1628/1628/1628 1593/1593/1593 
f 1594/1594/1594 1593/1593/1593 1628/1628/1628 
f 1629/1629/1629 1630/1630/1630 1631/1631/1631 
f 1632/1632/1632 1631/1631/1631 1630/1630/1630 
f 1630/1630/1630 1629/1629/1629 1633/1633/1633 
f 1634/1634/1634 1633/1633/1633 1629/1629/1629 
f 1635/1635/1635 1636/1636/1636 1637/1637/1637 
f 1638/1638/1638 1637/1637/1637 1636/1636/1636 
f 1639/1639/1639 1640/1640/1640 1641/1641/1641 
f 1642/1642/1642 1641/1641/1641 1640/1640/1640 
f 1643/1643/1643 1644/1644/1644 1645/1645/1645 
f 1646/1646/1646 1645/1645/1645 1644/1644/1644 
f 1647/1647/1647 1648/1648/1648 1649/1649/1649 
f 1650/1650/1650 1649/1649/1649 1648/1648/1648 
f 1631/1631/1631 1651/1651/1651 1629/1629/1629 
f 1652/1652/1652 1629/1629/1629 1651/1651/1651 
f 1634/1634/1634 1629/1629/1629 1653/1653/1653 
f 1652/1652/1652 1653/1653/1653 1629/1629/1629 
f 1654/1654/1654 1640/1640/1640 1655/1655/1655 
f 1639/1639/1639 1655/1655/1655 1640/1640/1640 
f 1656/1656/1656 1643/1643/1643 1657/1657/1657 
f 1645/1645/1645 1657/1657/1657 1643/1643/1643 
f 1649/1649/1649 1650/1650/1650 1658/1658/1658 
f 1659/1659/1659 1658/1658/1658 1650/1650/1650 
f 1660/1660/1660 1661/1661/1661 1662/1662/1662 
f 1663/1663/1663 1662/1662/1662 1661/1661/1661 
f 1664/1664/1664 1665/1665/1665 1661/1661/1661 
f 1663/1663/1663 1661/1661/1661 1665/1665/1665 
f 1666/1666/1666 1667/1667/1667 1668/1668/1668 
f 1669/1669/1669 1668/1668/1668 1667/1667/1667 
f 1670/1670/1670 1671/1671/1671 1672/1672/1672 
f 1673/1673/1673 1672/1672/1672 1671/1671/1671 
f 1674/1674/1674 1675/1675/1675 1676/1676/1676 
f 1677/1677/1677 1676/1676/1676 1675/1675/1675 
f 1678/1678/1678 1679/1679/1679 1680/1680/1680 
f 1681/1681/1681 1680/1680/1680 1679/1679/1679 
f 1641/1641/1641 1682/1682/1682 1639/1639/1639 
f 1683/1683/1683 1639/1639/1639 1682/1682/1682 
f 1684/1684/1684 1685/1685/1685 1464/1464/1464 
f 1462/1462/1462 1464/1464/1464 1685/1685/1685 
f 1466/1466/1466 1468/1468/1468 1686/1686/1686 
f 1687/1687/1687 1686/1686/1686 1468/1468/1468 
f 1688/1688/1688 1689/1689/1689 1472/1472/1472 
f 1470/1470/1470 1472/1472/1472 1689/1689/1689 
f 1690/1690/1690 1691/1691/1691 1692/1692/1692 
f 1693/1693/1693 1694/1694/1694 1695/1695/1695 
f 1480/1480/1480 1673/1673/1673 1481/1481/1481 
f 1671/1671/1671 1481/1481/1481 1673/1673/1673 
f 1676/1676/1676 1677/1677/1677 1482/1482/1482 
f 1483/1483/1483 1482/1482/1482 1677/1677/1677 
f 1484/1484/1484 1679/1679/1679 1485/1485/1485 
f 1678/1678/1678 1485/1485/1485 1679/1679/1679 
f 1663/1663/1663 1487/1487/1487 1662/1662/1662 
f 1486/1486/1486 1662/1662/1662 1487/1487/1487 
f 1487/1487/1487 1663/1663/1663 1488/1488/1488 
f 1665/1665/1665 1488/1488/1488 1663/1663/1663 
f 1666/1666/1666 1489/1489/1489 1667/1667/1667 
f 1490/1490/1490 1667/1667/1667 1489/1489/1489 
f 1696/1696/1696 1494/1494/1494 1697/1697/1697 
f 1492/1492/1492 1697/1697/1697 1494/1494/1494 
f 1698/1698/1698 1699/1699/1699 1700/1700/1700 
f 1701/1701/1701 1700/1700/1700 1699/1699/1699 
f 1701/1701/1701 1500/1500/1500 1700/1700/1700 
f 1499/1499/1499 1700/1700/1700 1500/1500/1500 
f 1697/1697/1697 1492/1492/1492 1701/1701/1701 
f 1500/1500/1500 1701/1701/1701 1492/1492/1492 
f 1698/1698/1698 1702/1702/1702 1699/1699/1699 
f 1703/1703/1703 1699/1699/1699 1702/1702/1702 
f 1638/1638/1638 1636/1636/1636 1704/1704/1704 
f 1705/1705/1705 1704/1704/1704 1636/1636/1636 
f 1667/1667/1667 1490/1490/1490 1665/1665/1665 
f 1488/1488/1488 1665/1665/1665 1490/1490/1490 
f 1669/1669/1669 1667/1667/1667 1664/1664/1664 
f 1665/1665/1665 1664/1664/1664 1667/1667/1667 
f 1634/1634/1634 1636/1636/1636 1633/1633/1633 
f 1635/1635/1635 1633/1633/1633 1636/1636/1636 
f 1705/1705/1705 1636/1636/1636 1653/1653/1653 
f 1634/1634/1634 1653/1653/1653 1636/1636/1636 
f 1658/1658/1658 1651/1651/1651 1649/1649/1649 
f 1631/1631/1631 1649/1649/1649 1651/1651/1651 
f 1696/1696/1696 1684/1684/1684 1494/1494/1494 
f 1464/1464/1464 1494/1494/1494 1684/1684/1684 
f 1662/1662/1662 1486/1486/1486 1678/1678/1678 
f 1485/1485/1485 1678/1678/1678 1486/1486/1486 
f 1678/1678/1678 1680/1680/1680 1662/1662/1662 
f 1660/1660/1660 1662/1662/1662 1680/1680/1680 
f 1631/1631/1631 1632/1632/1632 1649/1649/1649 
f 1647/1647/1647 1649/1649/1649 1632/1632/1632 
f 1650/1650/1650 1643/1643/1643 1659/1659/1659 
f 1656/1656/1656 1659/1659/1659 1643/1643/1643 
f 1462/1462/1462 1685/1685/1685 1468/1468/1468 
f 1687/1687/1687 1468/1468/1468 1685/1685/1685 
f 1677/1677/1677 1679/1679/1679 1483/1483/1483 
f 1484/1484/1484 1483/1483/1483 1679/1679/1679 
f 1677/1677/1677 1675/1675/1675 1679/1679/1679 
f 1681/1681/1681 1679/1679/1679 1675/1675/1675 
f 1648/1648/1648 1644/1644/1644 1650/1650/1650 
f 1643/1643/1643 1650/1650/1650 1644/1644/1644 
f 1654/1654/1654 1657/1657/1657 1640/1640/1640 
f 1645/1645/1645 1640/1640/1640 1657/1657/1657 
f 1688/1688/1688 1472/1472/1472 1686/1686/1686 
f 1466/1466/1466 1686/1686/1686 1472/1472/1472 
f 1481/1481/1481 1671/1671/1671 1482/1482/1482 
f 1676/1676/1676 1482/1482/1482 1671/1671/1671 
f 1671/1671/1671 1670/1670/1670 1676/1676/1676 
f 1674/1674/1674 1676/1676/1676 1670/1670/1670 
f 1646/1646/1646 1642/1642/1642 1645/1645/1645 
f 1640/1640/1640 1645/1645/1645 1642/1642/1642 
f 1706/1706/1706 1673/1673/1673 1505/1505/1505 
f 1480/1480/1480 1505/1505/1505 1673/1673/1673 
f 1706/1706/1706 1672/1672/1672 1673/1673/1673 
f 1655/1655/1655 1639/1639/1639 1707/1707/1707 
f 1683/1683/1683 1707/1707/1707 1639/1639/1639 
f 1470/1470/1470 1689/1689/1689 1508/1508/1508 
f 1708/1708/1708 1508/1508/1508 1689/1689/1689 
f 1709/1709/1709 1710/1710/1710 1711/1711/1711 
f 1712/1712/1712 1711/1711/1711 1710/1710/1710 
f 1712/1712/1712 1713/1713/1713 1711/1711/1711 
f 1714/1714/1714 1711/1711/1711 1713/1713/1713 
f 1638/1638/1638 1715/1715/1715 1637/1637/1637 
f 1716/1716/1716 1637/1637/1637 1715/1715/1715 
f 1717/1717/1717 1718/1718/1718 1719/1719/1719 
f 1720/1720/1720 1719/1719/1719 1718/1718/1718 
f 1721/1721/1721 1722/1722/1722 1723/1723/1723 
f 1724/1724/1724 1723/1723/1723 1722/1722/1722 
f 1725/1725/1725 1726/1726/1726 1727/1727/1727 
f 1728/1728/1728 1727/1727/1727 1726/1726/1726 
f 1729/1729/1729 1709/1709/1709 1730/1730/1730 
f 1711/1711/1711 1730/1730/1730 1709/1709/1709 
f 1731/1731/1731 1730/1730/1730 1714/1714/1714 
f 1711/1711/1711 1714/1714/1714 1730/1730/1730 
f 1732/1732/1732 1733/1733/1733 1719/1719/1719 
f 1717/1717/1717 1719/1719/1719 1733/1733/1733 
f 1724/1724/1724 1734/1734/1734 1723/1723/1723 
f 1735/1735/1735 1723/1723/1723 1734/1734/1734 
f 1736/1736/1736 1737/1737/1737 1725/1725/1725 
f 1726/1726/1726 1725/1725/1725 1737/1737/1737 
f 1738/1738/1738 1739/1739/1739 1740/1740/1740 
f 1741/1741/1741 1740/1740/1740 1739/1739/1739 
f 1741/1741/1741 1739/1739/1739 1742/1742/1742 
f 1743/1743/1743 1742/1742/1742 1739/1739/1739 
f 1668/1668/1668 1744/1744/1744 1666/1666/1666 
f 1745/1745/1745 1666/1666/1666 1744/1744/1744 
f 1746/1746/1746 1747/1747/1747 1748/1748/1748 
f 1749/1749/1749 1748/1748/1748 1747/1747/1747 
f 1750/1750/1750 1751/1751/1751 1752/1752/1752 
f 1753/1753/1753 1752/1752/1752 1751/1751/1751 
f 1754/1754/1754 1755/1755/1755 1756/1756/1756 
f 1757/1757/1757 1756/1756/1756 1755/1755/1755 
f 1758/1758/1758 1759/1759/1759 1717/1717/1717 
f 1718/1718/1718 1717/1717/1717 1759/1759/1759 
f 1760/1760/1760 1761/1761/1761 1561/1561/1561 
f 1562/1562/1562 1561/1561/1561 1761/1761/1761 
f 1567/1567/1567 1762/1762/1762 1565/1565/1565 
f 1763/1763/1763 1565/1565/1565 1762/1762/1762 
f 1764/1764/1764 1765/1765/1765 1571/1571/1571 
f 1569/1569/1569 1571/1571/1571 1765/1765/1765 
f 1766/1766/1766 1767/1767/1767 1768/1768/1768 
f 1769/1769/1769 1770/1770/1770 1771/1771/1771 
f 1579/1579/1579 1746/1746/1746 1580/1580/1580 
f 1748/1748/1748 1580/1580/1580 1746/1746/1746 
f 1581/1581/1581 1752/1752/1752 1582/1582/1582 
f 1753/1753/1753 1582/1582/1582 1752/1752/1752 
f 1583/1583/1583 1757/1757/1757 1584/1584/1584 
f 1755/1755/1755 1584/1584/1584 1757/1757/1757 
f 1585/1585/1585 1739/1739/1739 1586/1586/1586 
f 1738/1738/1738 1586/1586/1586 1739/1739/1739 
f 1587/1587/1587 1743/1743/1743 1585/1585/1585 
f 1739/1739/1739 1585/1585/1585 1743/1743/1743 
f 1745/1745/1745 1588/1588/1588 1666/1666/1666 
f 1489/1489/1489 1666/1666/1666 1588/1588/1588 
f 1772/1772/1772 1773/1773/1773 1591/1591/1591 
f 1589/1589/1589 1591/1591/1591 1773/1773/1773 
f 1774/1774/1774 1775/1775/1775 1776/1776/1776 
f 1777/1777/1777 1776/1776/1776 1775/1775/1775 
f 1776/1776/1776 1777/1777/1777 1598/1598/1598 
f 1600/1600/1600 1598/1598/1598 1777/1777/1777 
f 1598/1598/1598 1589/1589/1589 1776/1776/1776 
f 1773/1773/1773 1776/1776/1776 1589/1589/1589 
f 1703/1703/1703 1702/1702/1702 1774/1774/1774 
f 1775/1775/1775 1774/1774/1774 1702/1702/1702 
f 1638/1638/1638 1704/1704/1704 1715/1715/1715 
f 1778/1778/1778 1715/1715/1715 1704/1704/1704 
f 1743/1743/1743 1587/1587/1587 1745/1745/1745 
f 1588/1588/1588 1745/1745/1745 1587/1587/1587 
f 1743/1743/1743 1745/1745/1745 1742/1742/1742 
f 1744/1744/1744 1742/1742/1742 1745/1745/1745 
f 1716/1716/1716 1715/1715/1715 1713/1713/1713 
f 1714/1714/1714 1713/1713/1713 1715/1715/1715 
f 1731/1731/1731 1714/1714/1714 1778/1778/1778 
f 1715/1715/1715 1778/1778/1778 1714/1714/1714 
f 1725/1725/1725 1709/1709/1709 1736/1736/1736 
f 1729/1729/1729 1736/1736/1736 1709/1709/1709 
f 1772/1772/1772 1591/1591/1591 1761/1761/1761 
f 1562/1562/1562 1761/1761/1761 1591/1591/1591 
f 1738/1738/1738 1757/1757/1757 1586/1586/1586 
f 1583/1583/1583 1586/1586/1586 1757/1757/1757 
f 1756/1756/1756 1757/1757/1757 1740/1740/1740 
f 1738/1738/1738 1740/1740/1740 1757/1757/1757 
f 1710/1710/1710 1709/1709/1709 1727/1727/1727 
f 1725/1725/1725 1727/1727/1727 1709/1709/1709 
f 1737/1737/1737 1734/1734/1734 1726/1726/1726 
f 1724/1724/1724 1726/1726/1726 1734/1734/1734 
f 1565/1565/1565 1763/1763/1763 1561/1561/1561 
f 1760/1760/1760 1561/1561/1561 1763/1763/1763 
f 1581/1581/1581 1584/1584/1584 1752/1752/1752 
f 1755/1755/1755 1752/1752/1752 1584/1584/1584 
f 1754/1754/1754 1750/1750/1750 1755/1755/1755 
f 1752/1752/1752 1755/1755/1755 1750/1750/1750 
f 1722/1722/1722 1728/1728/1728 1724/1724/1724 
f 1726/1726/1726 1724/1724/1724 1728/1728/1728 
f 1719/1719/1719 1723/1723/1723 1732/1732/1732 
f 1735/1735/1735 1732/1732/1732 1723/1723/1723 
f 1765/1765/1765 1762/1762/1762 1569/1569/1569 
f 1567/1567/1567 1569/1569/1569 1762/1762/1762 
f 1753/1753/1753 1746/1746/1746 1582/1582/1582 
f 1579/1579/1579 1582/1582/1582 1746/1746/1746 
f 1747/1747/1747 1746/1746/1746 1751/1751/1751 
f 1753/1753/1753 1751/1751/1751 1746/1746/1746 
f 1721/1721/1721 1723/1723/1723 1720/1720/1720 
f 1719/1719/1719 1720/1720/1720 1723/1723/1723 
f 1748/1748/1748 1779/1779/1779 1580/1580/1580 
f 1602/1602/1602 1580/1580/1580 1779/1779/1779 
f 1748/1748/1748 1749/1749/1749 1779/1779/1779 
f 1717/1717/1717 1733/1733/1733 1758/1758/1758 
f 1780/1780/1780 1758/1758/1758 1733/1733/1733 
f 1571/1571/1571 1605/1605/1605 1764/1764/1764 
f 1781/1781/1781 1764/1764/1764 1605/1605/1605 
f 1782/1782/1782 1780/1780/1780 1732/1732/1732 
f 1733/1733/1733 1732/1732/1732 1780/1780/1780 
f 1735/1735/1735 1783/1783/1783 1732/1732/1732 
f 1782/1782/1782 1732/1732/1732 1783/1783/1783 
f 1784/1784/1784 1783/1783/1783 1734/1734/1734 
f 1735/1735/1735 1734/1734/1734 1783/1783/1783 
f 1785/1785/1785 1784/1784/1784 1737/1737/1737 
f 1734/1734/1734 1737/1737/1737 1784/1784/1784 
f 1785/1785/1785 1737/1737/1737 1786/1786/1786 
f 1736/1736/1736 1786/1786/1786 1737/1737/1737 
f 1736/1736/1736 1729/1729/1729 1786/1786/1786 
f 1787/1787/1787 1786/1786/1786 1729/1729/1729 
f 1788/1788/1788 1787/1787/1787 1730/1730/1730 
f 1729/1729/1729 1730/1730/1730 1787/1787/1787 
f 1789/1789/1789 1788/1788/1788 1731/1731/1731 
f 1730/1730/1730 1731/1731/1731 1788/1788/1788 
f 1789/1789/1789 1731/1731/1731 1790/1790/1790 
f 1778/1778/1778 1790/1790/1790 1731/1731/1731 
f 1778/1778/1778 1704/1704/1704 1790/1790/1790 
f 1791/1791/1791 1790/1790/1790 1704/1704/1704 
f 1791/1791/1791 1704/1704/1704 1792/1792/1792 
f 1705/1705/1705 1792/1792/1792 1704/1704/1704 
f 1705/1705/1705 1653/1653/1653 1792/1792/1792 
f 1793/1793/1793 1792/1792/1792 1653/1653/1653 
f 1794/1794/1794 1793/1793/1793 1652/1652/1652 
f 1653/1653/1653 1652/1652/1652 1793/1793/1793 
f 1795/1795/1795 1794/1794/1794 1651/1651/1651 
f 1652/1652/1652 1651/1651/1651 1794/1794/1794 
f 1795/1795/1795 1651/1651/1651 1796/1796/1796 
f 1658/1658/1658 1796/1796/1796 1651/1651/1651 
f 1659/1659/1659 1797/1797/1797 1658/1658/1658 
f 1796/1796/1796 1658/1658/1658 1797/1797/1797 
f 1656/1656/1656 1798/1798/1798 1659/1659/1659 
f 1797/1797/1797 1659/1659/1659 1798/1798/1798 
f 1798/1798/1798 1656/1656/1656 1799/1799/1799 
f 1657/1657/1657 1799/1799/1799 1656/1656/1656 
f 1657/1657/1657 1654/1654/1654 1799/1799/1799 
f 1800/1800/1800 1799/1799/1799 1654/1654/1654 
f 1707/1707/1707 1800/1800/1800 1655/1655/1655 
f 1654/1654/1654 1655/1655/1655 1800/1800/1800 
f 1499/1499/1499 1801/1801/1801 1700/1700/1700 
f 1698/1698/1698 1700/1700/1700 1801/1801/1801 
f 1802/1802/1802 1702/1702/1702 1801/1801/1801 
f 1698/1698/1698 1801/1801/1801 1702/1702/1702 
f 1803/1803/1803 1775/1775/1775 1802/1802/1802 
f 1702/1702/1702 1802/1802/1802 1775/1775/1775 
f 1775/1775/1775 1803/1803/1803 1777/1777/1777 
f 1600/1600/1600 1777/1777/1777 1803/1803/1803 

g RedRetroRobot4

v 1.35645 2.93715 -0.365886 
v 1.48973 2.93715 -0.365886 
v 1.48973 2.88868 -0.449963 
v 1.35645 2.88868 -0.449963 
v 1.48973 2.80466 -0.498539 
v 1.35645 2.80466 -0.498539 
v 1.48973 2.70761 -0.498598 
v 1.35645 2.70761 -0.498599 
v 1.48973 2.62353 -0.450125 
v 1.35645 2.62353 -0.450125 
v 1.48973 2.57496 -0.366107 
v 1.35645 2.57496 -0.366107 
v 1.48973 2.5749 -0.269058 
v 1.35645 2.5749 -0.269058 
v 1.48973 2.62337 -0.18498 
v 1.35645 2.62337 -0.18498 
v 1.48973 2.70739 -0.136404 
v 1.35645 2.70739 -0.136404 
v 1.48973 2.80444 -0.136345 
v 1.35645 2.80444 -0.136345 
v 1.48973 2.88852 -0.184818 
v 1.35645 2.88852 -0.184818 
v 1.48973 2.93709 -0.268836 
v 1.35645 2.93709 -0.268836 
v 1.48973 2.93715 -0.365886 
v 1.35645 2.93715 -0.365886 
v 1.37804 2.81565 -0.377019 
v 1.37804 2.75603 -0.317472 
v 1.37804 2.83743 -0.339231 
v 1.37804 2.77788 -0.398851 
v 1.37804 2.73427 -0.398878 
v 1.37804 2.69648 -0.377092 
v 1.37804 2.67465 -0.33933 
v 1.37804 2.67462 -0.295712 
v 1.37804 2.69641 -0.257925 
v 1.37804 2.73417 -0.236092 
v 1.37804 2.77779 -0.236066 
v 1.37804 2.81557 -0.257852 
v 1.37804 2.8374 -0.295613 
v 1.35645 2.88868 -0.449963 
v 1.35645 2.86745 -0.428764 
v 1.35645 2.90817 -0.358139 
v 1.35645 2.93715 -0.365886 
v 1.35645 2.80466 -0.498539 
v 1.35645 2.79688 -0.469568 
v 1.35645 2.70761 -0.498599 
v 1.35645 2.71536 -0.469618 
v 1.35645 2.62353 -0.450125 
v 1.35645 2.64473 -0.4289 
v 1.35645 2.57496 -0.366107 
v 1.35645 2.60393 -0.358326 
v 1.35645 2.5749 -0.269058 
v 1.35645 2.60388 -0.276804 
v 1.35645 2.62337 -0.18498 
v 1.35645 2.6446 -0.206179 
v 1.35645 2.70739 -0.136404 
v 1.35645 2.71517 -0.165375 
v 1.35645 2.80444 -0.136345 
v 1.35645 2.79669 -0.165325 
v 1.35645 2.88852 -0.184818 
v 1.35645 2.86732 -0.206043 
v 1.35645 2.93709 -0.268836 
v 1.35645 2.90812 -0.276618 
v 1.35645 2.93715 -0.365886 
v 1.35645 2.90817 -0.358139 
v 1.40488 2.90817 -0.358139 
v 1.35645 2.90817 -0.358139 
v 1.35645 2.86745 -0.428764 
v 1.40488 2.86745 -0.428764 
v 1.35645 2.79688 -0.469568 
v 1.40488 2.79688 -0.469568 
v 1.35645 2.71536 -0.469618 
v 1.40488 2.71536 -0.469618 
v 1.35645 2.64473 -0.4289 
v 1.40488 2.64473 -0.4289 
v 1.35645 2.60393 -0.358326 
v 1.40488 2.60393 -0.358326 
v 1.35645 2.60388 -0.276804 
v 1.40488 2.60388 -0.276804 
v 1.35645 2.6446 -0.206179 
v 1.40488 2.6446 -0.206179 
v 1.35645 2.71517 -0.165375 
v 1.40488 2.71517 -0.165375 
v 1.35645 2.79669 -0.165325 
v 1.40488 2.79669 -0.165325 
v 1.35645 2.86732 -0.206043 
v 1.40488 2.86732 -0.206043 
v 1.35645 2.90812 -0.276618 
v 1.40488 2.90812 -0.276618 
v 1.35645 2.90817 -0.358139 
v 1.40488 2.90817 -0.358139 
v 1.40488 2.86745 -0.428764 
v 1.40488 2.82103 -0.382392 
v 1.40488 2.84478 -0.341195 
v 1.40488 2.90817 -0.358139 
v 1.40488 2.79688 -0.469568 
v 1.40488 2.77986 -0.406195 
v 1.40488 2.71536 -0.469618 
v 1.40488 2.7323 -0.406224 
v 1.40488 2.64473 -0.4289 
v 1.40488 2.6911 -0.382472 
v 1.40488 2.60393 -0.358326 
v 1.40488 2.6673 -0.341303 
v 1.40488 2.60388 -0.276804 
v 1.40488 2.66727 -0.293749 
v 1.40488 2.6446 -0.206179 
v 1.40488 2.69103 -0.252551 
v 1.40488 2.71517 -0.165375 
v 1.40488 2.73219 -0.228749 
v 1.40488 2.79669 -0.165325 
v 1.40488 2.77975 -0.22872 
v 1.40488 2.86732 -0.206043 
v 1.40488 2.82095 -0.252471 
v 1.40488 2.90812 -0.276618 
v 1.40488 2.84475 -0.29364 
v 1.37804 2.83743 -0.339231 
v 1.40488 2.84478 -0.341195 
v 1.40488 2.82103 -0.382392 
v 1.37804 2.81565 -0.377019 
v 1.40488 2.77986 -0.406195 
v 1.37804 2.77788 -0.398851 
v 1.40488 2.7323 -0.406224 
v 1.37804 2.73427 -0.398878 
v 1.40488 2.6911 -0.382472 
v 1.37804 2.69648 -0.377092 
v 1.40488 2.6673 -0.341303 
v 1.37804 2.67465 -0.33933 
v 1.40488 2.66727 -0.293749 
v 1.37804 2.67462 -0.295712 
v 1.40488 2.69103 -0.252551 
v 1.37804 2.69641 -0.257925 
v 1.40488 2.73219 -0.228749 
v 1.37804 2.73417 -0.236092 
v 1.40488 2.77975 -0.22872 
v 1.37804 2.77779 -0.236066 
v 1.40488 2.82095 -0.252471 
v 1.37804 2.81557 -0.257852 
v 1.40488 2.84475 -0.29364 
v 1.37804 2.8374 -0.295613 
v 1.62302 2.93715 -0.365886 
v 1.62302 2.88868 -0.449963 
v 1.48973 2.93715 -0.365886 
v 1.62302 2.80466 -0.498539 
v 1.48973 2.80466 -0.498539 
v 1.62302 2.70761 -0.498599 
v 1.48973 2.70761 -0.498598 
v 1.62302 2.62353 -0.450125 
v 1.48973 2.62353 -0.450125 
v 1.62302 2.57496 -0.366107 
v 1.48973 2.57496 -0.366107 
v 1.62302 2.5749 -0.269058 
v 1.48973 2.5749 -0.269058 
v 1.62302 2.62337 -0.18498 
v 1.62302 2.70739 -0.136404 
v 1.62302 2.80444 -0.136345 
v 1.62302 2.88852 -0.184818 
v 1.62302 2.93709 -0.268836 
v 1.48973 2.93709 -0.268836 
v 1.62302 2.93715 -0.365886 
v 1.48973 2.93715 -0.365886 
v 1.60143 2.81565 -0.377019 
v 1.60143 2.83743 -0.339231 
v 1.60143 2.75603 -0.317472 
v 1.60143 2.77788 -0.398851 
v 1.60143 2.73427 -0.398878 
v 1.60143 2.69648 -0.377092 
v 1.60143 2.67465 -0.33933 
v 1.60143 2.67462 -0.295712 
v 1.60143 2.69641 -0.257925 
v 1.60143 2.73417 -0.236092 
v 1.60143 2.77779 -0.236066 
v 1.60143 2.81557 -0.257852 
v 1.60143 2.8374 -0.295613 
v 1.62302 2.88868 -0.449963 
v 1.62302 2.93715 -0.365886 
v 1.62302 2.90817 -0.358139 
v 1.62302 2.86745 -0.428764 
v 1.62302 2.80466 -0.498539 
v 1.62302 2.79688 -0.469568 
v 1.62302 2.71536 -0.469618 
v 1.62302 2.70761 -0.498599 
v 1.62302 2.64473 -0.4289 
v 1.62302 2.62353 -0.450125 
v 1.62302 2.60393 -0.358326 
v 1.62302 2.57496 -0.366107 
v 1.62302 2.60388 -0.276804 
v 1.62302 2.5749 -0.269058 
v 1.62302 2.6446 -0.206179 
v 1.62302 2.62337 -0.18498 
v 1.62302 2.71517 -0.165375 
v 1.62302 2.70739 -0.136404 
v 1.62302 2.79669 -0.165325 
v 1.62302 2.80444 -0.136345 
v 1.62302 2.86732 -0.206043 
v 1.62302 2.88852 -0.184818 
v 1.62302 2.90812 -0.276618 
v 1.62302 2.93709 -0.268836 
v 1.62302 2.90817 -0.358139 
v 1.62302 2.93715 -0.365886 
v 1.57459 2.90817 -0.358139 
v 1.57459 2.86745 -0.428764 
v 1.62302 2.86745 -0.428764 
v 1.62302 2.90817 -0.358139 
v 1.62302 2.79688 -0.469568 
v 1.57459 2.79688 -0.469568 
v 1.57459 2.71536 -0.469618 
v 1.62302 2.71536 -0.469618 
v 1.57459 2.64473 -0.4289 
v 1.62302 2.64473 -0.4289 
v 1.57459 2.60393 -0.358326 
v 1.62302 2.60393 -0.358326 
v 1.57459 2.60388 -0.276804 
v 1.62302 2.60388 -0.276804 
v 1.57459 2.6446 -0.206179 
v 1.62302 2.6446 -0.206179 
v 1.57459 2.71517 -0.165375 
v 1.62302 2.71517 -0.165375 
v 1.57459 2.79669 -0.165325 
v 1.62302 2.79669 -0.165325 
v 1.57459 2.86732 -0.206043 
v 1.62302 2.86732 -0.206043 
v 1.57459 2.90812 -0.276618 
v 1.62302 2.90812 -0.276618 
v 1.57459 2.90817 -0.358139 
v 1.62302 2.90817 -0.358139 
v 1.57459 2.90817 -0.358139 
v 1.57459 2.84478 -0.341195 
v 1.57459 2.82103 -0.382392 
v 1.57459 2.86745 -0.428764 
v 1.57459 2.77986 -0.406195 
v 1.57459 2.79688 -0.469568 
v 1.57459 2.7323 -0.406224 
v 1.57459 2.71536 -0.469618 
v 1.57459 2.64473 -0.4289 
v 1.57459 2.6911 -0.382472 
v 1.57459 2.6673 -0.341303 
v 1.57459 2.60393 -0.358326 
v 1.57459 2.66727 -0.293749 
v 1.57459 2.60388 -0.276804 
v 1.57459 2.69103 -0.252551 
v 1.57459 2.6446 -0.206179 
v 1.57459 2.73219 -0.228749 
v 1.57459 2.71517 -0.165375 
v 1.57459 2.77975 -0.22872 
v 1.57459 2.79669 -0.165325 
v 1.57459 2.82095 -0.252471 
v 1.57459 2.86732 -0.206043 
v 1.57459 2.84475 -0.29364 
v 1.57459 2.90812 -0.276618 
v 1.60143 2.81565 -0.377019 
v 1.57459 2.82103 -0.382392 
v 1.57459 2.84478 -0.341195 
v 1.60143 2.83743 -0.339231 
v 1.60143 2.77788 -0.398851 
v 1.57459 2.77986 -0.406195 
v 1.57459 2.7323 -0.406224 
v 1.60143 2.73427 -0.398878 
v 1.57459 2.6911 -0.382472 
v 1.60143 2.69648 -0.377092 
v 1.57459 2.6673 -0.341303 
v 1.60143 2.67465 -0.33933 
v 1.60143 2.67462 -0.295712 
v 1.57459 2.66727 -0.293749 
v 1.60143 2.69641 -0.257925 
v 1.57459 2.69103 -0.252551 
v 1.60143 2.73417 -0.236092 
v 1.57459 2.73219 -0.228749 
v 1.57459 2.77975 -0.22872 
v 1.60143 2.77779 -0.236066 
v 1.60143 2.81557 -0.257852 
v 1.57459 2.82095 -0.252471 
v 1.60143 2.8374 -0.295613 
v 1.57459 2.84475 -0.29364 
v 1.33452 3.65413 -0.201041 
v 1.33452 3.72276 -0.132417 
v 1.62506 3.72276 -0.132417 
v 1.62506 3.65413 -0.201041 
v 1.62506 3.56039 -0.22616 
v 1.33452 3.56039 -0.22616 
v 1.62506 3.46665 -0.201041 
v 1.33452 3.46665 -0.201041 
v 1.62506 3.39802 -0.132417 
v 1.33452 3.39802 -0.132417 
v 1.62506 3.3729 -0.0386739 
v 1.33452 3.3729 -0.0386739 
v 1.62506 3.39802 0.0550691 
v 1.33452 3.39802 0.0550691 
v 1.62506 3.46665 0.123693 
v 1.33452 3.46665 0.123693 
v 1.62506 3.56039 0.148812 
v 1.33452 3.56039 0.148812 
v 1.62506 3.65413 0.123693 
v 1.33452 3.65413 0.123693 
v 1.62506 3.72276 0.0550691 
v 1.33452 3.72276 0.0550691 
v 1.62506 3.74788 -0.0386739 
v 1.33452 3.74788 -0.0386739 
v 1.33452 3.72276 -0.132417 
v 1.62506 3.72276 -0.132417 
v 1.60146 3.60252 -0.111649 
v 1.60146 3.63336 -0.0808059 
v 1.60146 3.56039 -0.0386739 
v 1.60146 3.56039 -0.122938 
v 1.60146 3.51826 -0.111649 
v 1.60146 3.48741 -0.0808059 
v 1.60146 3.47613 -0.0386739 
v 1.60146 3.48741 0.00345807 
v 1.60146 3.51826 0.0343011 
v 1.60146 3.56039 0.0455901 
v 1.60146 3.60252 0.0343011 
v 1.60146 3.63336 0.00345808 
v 1.60146 3.64465 -0.0386739 
v 1.33452 3.72276 -0.132417 
v 1.33452 3.65413 -0.201041 
v 1.33452 3.56039 -0.0386739 
v 1.33452 3.56039 -0.22616 
v 1.33452 3.46665 -0.201041 
v 1.33452 3.39802 -0.132417 
v 1.33452 3.3729 -0.0386739 
v 1.33452 3.39802 0.0550691 
v 1.33452 3.46665 0.123693 
v 1.33452 3.56039 0.148812 
v 1.33452 3.65413 0.123693 
v 1.33452 3.72276 0.0550691 
v 1.33452 3.74788 -0.0386739 
v 1.62506 3.65413 -0.201041 
v 1.62506 3.72276 -0.132417 
v 1.62506 3.69678 -0.117418 
v 1.62506 3.63913 -0.175062 
v 1.62506 3.56039 -0.196162 
v 1.62506 3.56039 -0.22616 
v 1.62506 3.48165 -0.175062 
v 1.62506 3.46665 -0.201041 
v 1.62506 3.424 -0.117418 
v 1.62506 3.39802 -0.132417 
v 1.62506 3.3729 -0.0386739 
v 1.62506 3.4029 -0.0386739 
v 1.62506 3.39802 0.0550691 
v 1.62506 3.424 0.0400701 
v 1.62506 3.48165 0.0977141 
v 1.62506 3.46665 0.123693 
v 1.62506 3.56039 0.118814 
v 1.62506 3.56039 0.148812 
v 1.62506 3.63913 0.0977141 
v 1.62506 3.65413 0.123693 
v 1.62506 3.69678 0.0400701 
v 1.62506 3.72276 0.0550691 
v 1.62506 3.71788 -0.0386739 
v 1.62506 3.74788 -0.0386739 
v 1.62506 3.69678 -0.117418 
v 1.57213 3.69678 -0.117418 
v 1.57213 3.63913 -0.175062 
v 1.62506 3.63913 -0.175062 
v 1.57213 3.56039 -0.196162 
v 1.62506 3.56039 -0.196162 
v 1.57213 3.48165 -0.175062 
v 1.62506 3.48165 -0.175062 
v 1.57213 3.424 -0.117418 
v 1.62506 3.424 -0.117418 
v 1.57213 3.4029 -0.0386739 
v 1.62506 3.4029 -0.0386739 
v 1.57213 3.424 0.0400701 
v 1.62506 3.424 0.0400701 
v 1.62506 3.48165 0.0977141 
v 1.57213 3.48165 0.0977141 
v 1.57213 3.56039 0.118814 
v 1.62506 3.56039 0.118814 
v 1.57213 3.63913 0.0977141 
v 1.62506 3.63913 0.0977141 
v 1.57213 3.69678 0.0400701 
v 1.62506 3.69678 0.0400701 
v 1.57213 3.71788 -0.0386739 
v 1.62506 3.71788 -0.0386739 
v 1.57213 3.69678 -0.117418 
v 1.57213 3.63995 -0.0846079 
v 1.57213 3.60632 -0.118234 
v 1.57213 3.63913 -0.175062 
v 1.57213 3.56039 -0.130542 
v 1.57213 3.56039 -0.196162 
v 1.57213 3.51446 -0.118234 
v 1.57213 3.48165 -0.175062 
v 1.57213 3.48083 -0.0846079 
v 1.57213 3.424 -0.117418 
v 1.57213 3.46852 -0.0386739 
v 1.57213 3.4029 -0.0386739 
v 1.57213 3.48083 0.00726006 
v 1.57213 3.424 0.0400701 
v 1.57213 3.48165 0.0977141 
v 1.57213 3.51446 0.0408861 
v 1.57213 3.56039 0.0531941 
v 1.57213 3.56039 0.118814 
v 1.57213 3.60632 0.0408861 
v 1.57213 3.63913 0.0977141 
v 1.57213 3.63995 0.00726007 
v 1.57213 3.69678 0.0400701 
v 1.57213 3.65226 -0.0386739 
v 1.57213 3.71788 -0.0386739 
v 1.57213 3.63995 -0.0846079 
v 1.60146 3.63336 -0.0808059 
v 1.60146 3.60252 -0.111649 
v 1.57213 3.60632 -0.118234 
v 1.57213 3.56039 -0.130542 
v 1.60146 3.56039 -0.122938 
v 1.57213 3.51446 -0.118234 
v 1.60146 3.51826 -0.111649 
v 1.57213 3.48083 -0.0846079 
v 1.60146 3.48741 -0.0808059 
v 1.57213 3.46852 -0.0386739 
v 1.60146 3.47613 -0.0386739 
v 1.57213 3.48083 0.00726006 
v 1.60146 3.48741 0.00345807 
v 1.57213 3.51446 0.0408861 
v 1.60146 3.51826 0.0343011 
v 1.57213 3.56039 0.0531941 
v 1.60146 3.56039 0.0455901 
v 1.57213 3.60632 0.0408861 
v 1.60146 3.60252 0.0343011 
v 1.57213 3.63995 0.00726007 
v 1.60146 3.63336 0.00345808 
v 1.57213 3.65226 -0.0386739 
v 1.60146 3.64465 -0.0386739 
v 1.37527 3.69334 -0.268954 
v 1.20274 3.67441 -0.236167 
v 1.20274 3.75788 -0.152697 
v 1.37527 3.79067 -0.171626 
v 1.37527 3.56039 -0.304578 
v 1.20274 3.56039 -0.266719 
v 1.37527 3.42744 -0.268954 
v 1.20274 3.44637 -0.236167 
v 1.20274 3.3629 -0.152697 
v 1.37527 3.33011 -0.171626 
v 1.20274 3.33234 -0.038674 
v 1.20274 3.3629 -0.152697 
v 1.37527 3.33011 -0.171626 
v 1.37527 3.29448 -0.0386739 
v 1.20274 3.3629 0.075349 
v 1.37527 3.33011 0.0942781 
v 1.37527 3.42744 0.191606 
v 1.20274 3.44637 0.158819 
v 1.37527 3.56039 0.22723 
v 1.20274 3.56039 0.189371 
v 1.37527 3.69334 0.191606 
v 1.20274 3.67441 0.158819 
v 1.37527 3.79067 0.0942781 
v 1.20274 3.75788 0.0753491 
v 1.20274 3.78844 -0.0386739 
v 1.37527 3.82629 -0.0386739 
v 1.37527 3.69334 -0.268954 
v 1.37527 3.79067 -0.171626 
v 1.37527 3.56039 -0.0386739 
v 1.37527 3.56039 -0.304578 
v 1.37527 3.42744 -0.268954 
v 1.37527 3.33011 -0.171626 
v 1.37527 3.29448 -0.0386739 
v 1.37527 3.33011 0.0942781 
v 1.37527 3.42744 0.191606 
v 1.37527 3.56039 0.22723 
v 1.37527 3.69334 0.191606 
v 1.37527 3.79067 0.0942781 
v 1.37527 3.82629 -0.0386739 
v 0.963205 3.79067 -0.171626 
v 0.963205 3.69334 -0.268954 
v 0.963205 3.56039 -0.038674 
v 0.963205 3.56039 -0.304578 
v 0.963205 3.42744 -0.268954 
v 0.963205 3.33011 -0.171626 
v 0.963205 3.29449 -0.038674 
v 0.963205 3.33011 0.094278 
v 0.963205 3.42744 0.191606 
v 0.963205 3.56039 0.22723 
v 0.963205 3.69334 0.191606 
v 0.963205 3.79067 0.094278 
v 0.963205 3.82629 -0.038674 
v 1.13554 3.56039 0.22723 
v 0.963205 3.56039 0.22723 
v 0.963205 3.42744 0.191606 
v 1.13554 3.42744 0.191606 
v 0.963205 3.33011 0.094278 
v 1.13554 3.33011 0.094278 
v 0.963205 3.29449 -0.038674 
v 1.13554 3.29449 -0.038674 
v 0.963205 3.33011 -0.171626 
v 1.13554 3.33011 -0.171626 
v 1.13554 3.42744 -0.268954 
v 1.13554 3.33011 -0.171626 
v 0.963205 3.33011 -0.171626 
v 0.963205 3.42744 -0.268954 
v 0.963205 3.56039 -0.304578 
v 1.13554 3.56039 -0.304578 
v 0.963205 3.69334 -0.268954 
v 1.13554 3.69334 -0.268954 
v 0.963205 3.79067 -0.171626 
v 1.13554 3.79067 -0.171626 
v 0.963205 3.82629 -0.038674 
v 1.13554 3.82629 -0.0386739 
v 0.963205 3.79067 0.094278 
v 1.13554 3.79067 0.0942781 
v 0.963205 3.69334 0.191606 
v 1.13554 3.69334 0.191606 
v 1.20274 3.56039 0.189371 
v 1.13554 3.56039 0.22723 
v 1.13554 3.42744 0.191606 
v 1.20274 3.44637 0.158819 
v 1.13554 3.33011 0.094278 
v 1.20274 3.3629 0.075349 
v 1.13554 3.29449 -0.038674 
v 1.20274 3.33234 -0.038674 
v 1.13554 3.33011 -0.171626 
v 1.20274 3.3629 -0.152697 
v 1.20274 3.3629 -0.152697 
v 1.13554 3.33011 -0.171626 
v 1.13554 3.42744 -0.268954 
v 1.20274 3.44637 -0.236167 
v 1.13554 3.56039 -0.304578 
v 1.20274 3.56039 -0.266719 
v 1.13554 3.69334 -0.268954 
v 1.20274 3.67441 -0.236167 
v 1.13554 3.79067 -0.171626 
v 1.20274 3.75788 -0.152697 
v 1.13554 3.82629 -0.0386739 
v 1.20274 3.78844 -0.0386739 
v 1.13554 3.79067 0.0942781 
v 1.20274 3.75788 0.0753491 
v 1.13554 3.69334 0.191606 
v 1.20274 3.67441 0.158819 
v 1.55649 2.96332 -0.262682 
v 1.42217 2.96332 -0.262682 
v 1.42217 2.82716 -0.215847 
v 1.55649 2.82716 -0.215847 
v 1.55003 3.46076 0.0784861 
v 1.55003 3.49012 -0.0136709 
v 1.42863 3.49012 -0.0136709 
v 1.42863 3.46076 0.0784861 
v 1.55649 2.96332 -0.49195 
v 1.55649 2.75341 -0.476001 
v 1.42217 2.75341 -0.476001 
v 1.42217 2.96332 -0.49195 
v 1.55649 2.30082 0.173882 
v 1.42217 2.30082 0.173882 
v 1.42217 2.36984 0.00376801 
v 1.55649 2.36984 0.00376801 
v 1.55649 2.96332 -0.332613 
v 1.55649 2.96332 -0.262682 
v 1.55649 2.82716 -0.215847 
v 1.55649 2.80466 -0.295198 
v 1.42217 2.80466 -0.295198 
v 1.42217 2.82716 -0.215847 
v 1.42217 2.96332 -0.262682 
v 1.42217 2.96332 -0.332613 
v 1.42217 2.62016 -0.421118 
v 1.42217 2.75341 -0.476001 
v 1.55649 2.75341 -0.476001 
v 1.55649 2.62016 -0.421118 
v 1.42217 2.66897 -0.216631 
v 1.42217 2.69039 -0.126884 
v 1.42217 2.82716 -0.215847 
v 1.42217 2.80466 -0.295198 
v 1.55649 2.82716 -0.215847 
v 1.42217 2.82716 -0.215847 
v 1.42217 2.69039 -0.126884 
v 1.55649 2.69039 -0.126884 
v 1.55649 2.66897 -0.216631 
v 1.55649 2.80466 -0.295198 
v 1.55649 2.82716 -0.215847 
v 1.55649 2.69039 -0.126884 
v 1.55649 2.43705 -0.333812 
v 1.42217 2.43705 -0.333812 
v 1.42217 2.62016 -0.421118 
v 1.55649 2.62016 -0.421118 
v 1.42217 2.49565 -0.101777 
v 1.42217 2.52137 6.00168e-05 
v 1.42217 2.69039 -0.126884 
v 1.42217 2.66897 -0.216631 
v 1.42217 2.69039 -0.126884 
v 1.42217 2.52137 6.00168e-05 
v 1.55649 2.52137 6.00236e-05 
v 1.55649 2.69039 -0.126884 
v 1.55649 2.66897 -0.216631 
v 1.55649 2.69039 -0.126884 
v 1.55649 2.52137 6.00236e-05 
v 1.55649 2.49565 -0.101777 
v 1.55649 2.30082 -0.21288 
v 1.42217 2.30082 -0.21288 
v 1.42217 2.36984 0.00376801 
v 1.42217 2.30082 0.173882 
v 1.42217 2.30082 0.173882 
v 1.55649 2.30082 0.173882 
v 1.55649 2.36984 0.00376801 
v 1.55649 2.30082 0.173882 
v 1.55649 2.63706 -0.350335 
v 1.55649 2.77115 -0.413416 
v 1.55649 2.96332 -0.436796 
v 1.55649 2.96332 -0.332613 
v 1.55649 2.80466 -0.295198 
v 1.55649 2.77115 -0.413416 
v 1.55003 3.53387 -0.150968 
v 1.42863 3.53387 -0.150968 
v 1.42863 3.49012 -0.0136709 
v 1.55003 3.49012 -0.0136709 
v 1.42217 2.77115 -0.413416 
v 1.42217 2.96332 -0.436796 
v 1.42217 2.63706 -0.350335 
v 1.42217 2.49565 -0.101777 
v 1.42217 2.66897 -0.216631 
v 1.42217 2.63706 -0.350335 
v 1.42217 2.45733 -0.253493 
v 1.42217 2.33763 -0.142843 
v 1.42217 2.36984 0.00376801 
v 1.42217 2.33763 -0.142843 
v 1.55649 2.33763 -0.142843 
v 1.55649 2.36984 0.00376801 
v 1.42217 2.36984 0.00376801 
v 1.55649 2.33763 -0.142843 
v 1.55649 2.45733 -0.253493 
v 1.55649 2.63706 -0.350335 
v 1.55649 2.62016 -0.421118 
v 1.55649 2.75341 -0.476001 
v 1.55649 2.63706 -0.350335 
v 1.55649 2.75341 -0.476001 
v 1.55649 2.96332 -0.49195 
v 1.55649 2.96332 -0.436796 
v 1.55003 3.55703 -0.223652 
v 1.42863 3.55703 -0.223652 
v 1.42863 3.53387 -0.150968 
v 1.55003 3.53387 -0.150968 
v 1.42217 2.75341 -0.476001 
v 1.42217 2.96332 -0.49195 
v 1.42217 2.62016 -0.421118 
v 1.42217 2.43705 -0.333812 
v 1.42217 2.30082 -0.21288 
v 1.55649 2.33763 -0.142843 
v 1.42217 2.33763 -0.142843 
v 1.42217 2.30082 -0.21288 
v 1.55649 2.30082 -0.21288 
v 1.55649 2.43705 -0.333812 
v 1.55649 2.33763 -0.142843 
v 1.55649 2.30082 -0.21288 
v 1.55649 2.62016 -0.421118 
v 1.42217 2.96332 -0.262682 
v 1.55649 2.96332 -0.262682 
v 1.55279 3.1952 -0.132993 
v 1.42586 3.1952 -0.132993 
v 1.55649 2.96332 -0.262682 
v 1.55649 2.96332 -0.332613 
v 1.55279 3.24403 -0.211532 
v 1.55279 3.1952 -0.132993 
v 1.42217 2.96332 -0.262682 
v 1.42586 3.1952 -0.132993 
v 1.42586 3.24403 -0.211532 
v 1.42217 2.96332 -0.332613 
v 1.55279 3.24403 -0.211532 
v 1.55649 2.96332 -0.332613 
v 1.55649 2.96332 -0.436796 
v 1.55279 3.31678 -0.32854 
v 1.42217 2.96332 -0.436796 
v 1.42217 2.96332 -0.332613 
v 1.42586 3.24403 -0.211532 
v 1.42586 3.31678 -0.32854 
v 1.55279 3.31678 -0.32854 
v 1.55649 2.96332 -0.436796 
v 1.55649 2.96332 -0.49195 
v 1.55279 3.3553 -0.390484 
v 1.42217 2.96332 -0.49195 
v 1.42586 3.3553 -0.390484 
v 1.55279 3.3553 -0.390484 
v 1.55649 2.96332 -0.49195 
v 1.42586 3.3553 -0.390484 
v 1.42217 2.96332 -0.49195 
v 1.42217 2.96332 -0.436796 
v 1.42586 3.31678 -0.32854 
v 1.55003 3.46076 0.0784861 
v 1.42863 3.46076 0.0784861 
v 1.42863 3.46076 0.0784861 
v 1.42863 3.49012 -0.0136709 
v 1.42863 3.49012 -0.0136709 
v 1.42863 3.53387 -0.150968 
v 1.42863 3.53387 -0.150968 
v 1.42863 3.55703 -0.223652 
v 1.42863 3.55703 -0.223652 
v 1.55003 3.55703 -0.223652 
v 1.55003 3.55703 -0.223652 
v 1.55003 3.53387 -0.150968 
v 1.55003 3.53387 -0.150968 
v 1.55003 3.49012 -0.0136709 
v 1.55003 3.46076 0.0784861 
v 1.55003 3.49012 -0.0136709 
v 1.3455 2.19052 -0.259061 
v 1.35774 2.17693 -0.258972 
v 1.32093 2.13156 -0.257632 
v 1.30505 2.14176 -0.258255 
v 1.39728 2.22303 -0.25932 
v 1.4018 2.20052 -0.25918 
v 1.50086 2.2404 -0.259437 
v 1.50086 2.21623 -0.259268 
v 1.45071 2.21309 -0.259224 
v 1.44839 2.23642 -0.259377 
v 1.31721 1.82293 -0.201518 
v 1.32904 1.8377 -0.199312 
v 1.352 1.79515 -0.17079 
v 1.34044 1.78419 -0.170638 
v 1.2753 1.9417 -0.236114 
v 1.29396 1.94021 -0.234838 
v 1.31021 1.88466 -0.217787 
v 1.29403 1.87613 -0.219508 
v 1.29302 2.00498 -0.247038 
v 1.27538 2.0105 -0.248239 
v 1.28378 2.07689 -0.25563 
v 1.30042 2.06739 -0.254527 
v 1.28863 2.23753 -0.230711 
v 1.3455 2.19052 -0.259061 
v 1.30505 2.14176 -0.258255 
v 1.23992 2.17151 -0.230635 
v 1.38356 2.29861 -0.217443 
v 1.39728 2.22303 -0.25932 
v 1.29073 1.79372 -0.175172 
v 1.31721 1.82293 -0.201518 
v 1.34044 1.78419 -0.170638 
v 1.33389 1.76651 -0.154288 
v 1.20917 1.93688 -0.211736 
v 1.2753 1.9417 -0.236114 
v 1.29403 1.87613 -0.219508 
v 1.24122 1.85051 -0.194186 
v 1.28378 2.07689 -0.25563 
v 1.27538 2.0105 -0.248239 
v 1.20371 2.01692 -0.222414 
v 1.21232 2.09461 -0.228894 
v 1.32093 2.13156 -0.257632 
v 1.35774 2.17693 -0.258972 
v 1.35777 2.17712 -0.185566 
v 1.32097 2.13173 -0.184467 
v 1.40183 2.20071 -0.185772 
v 1.4018 2.20052 -0.25918 
v 1.50086 2.2164 -0.185862 
v 1.45074 2.21327 -0.185818 
v 1.45071 2.21309 -0.259224 
v 1.50086 2.21623 -0.259268 
v 1.32904 1.8377 -0.199312 
v 1.32907 1.83786 -0.140918 
v 1.35202 1.79644 -0.125809 
v 1.352 1.79515 -0.17079 
v 1.31025 1.88483 -0.150661 
v 1.31021 1.88466 -0.217787 
v 1.29396 1.94021 -0.234838 
v 1.29399 1.94039 -0.159652 
v 1.30046 2.06758 -0.182158 
v 1.29305 2.00516 -0.172521 
v 1.29302 2.00498 -0.247038 
v 1.30042 2.06739 -0.254527 
v 1.36793 1.77294 -0.116313 
v 1.35581 1.76052 -0.116192 
v 1.14631 2.02204 -0.180252 
v 1.13284 2.02429 -0.018882 
v 1.14247 2.11481 -0.018882 
v 1.1551 2.1088 -0.185321 
v 1.19893 1.82998 -0.155394 
v 1.18515 1.82273 -0.018882 
v 1.1403 1.93144 -0.018882 
v 1.15622 1.93302 -0.171855 
v 1.32866 1.75235 -0.126876 
v 1.3267 1.73682 -0.018882 
v 1.25808 1.75693 -0.018882 
v 1.26954 1.77033 -0.137559 
v 1.36793 1.77294 -0.116313 
v 1.37652 1.76367 -0.018882 
v 1.36649 1.74957 -0.018882 
v 1.35581 1.76052 -0.116192 
v 1.32915 1.83829 -0.018882 
v 1.35247 1.79689 -0.018882 
v 1.35202 1.79644 -0.125809 
v 1.32907 1.83786 -0.140918 
v 1.31033 1.88525 -0.018882 
v 1.31025 1.88483 -0.150661 
v 1.29399 1.94039 -0.159652 
v 1.29408 1.94083 -0.018882 
v 1.30054 2.068 -0.018882 
v 1.29314 2.0056 -0.018882 
v 1.29305 2.00516 -0.172521 
v 1.30046 2.06758 -0.182158 
v 1.35785 2.17755 -0.018882 
v 1.32105 2.13217 -0.018882 
v 1.32097 2.13173 -0.184467 
v 1.35777 2.17712 -0.185566 
v 1.40183 2.20071 -0.185772 
v 1.40192 2.20114 -0.018882 
v 1.50086 2.2164 -0.185862 
v 1.50086 2.21684 -0.018882 
v 1.45083 2.2137 -0.018882 
v 1.45074 2.21327 -0.185818 
v 1.23613 2.28678 -0.018882 
v 1.2431 2.27518 -0.165994 
v 1.18776 2.19534 -0.186171 
v 1.17626 2.20598 -0.018882 
v 1.47626 2.36713 -0.120041 
v 1.36168 2.34608 -0.090325 
v 1.43941 2.3865 -0.0524 
v 1.47526 2.3865 -0.066333 
v 1.42517 2.3865 -0.018882 
v 1.43941 2.3865 -0.0524 
v 1.36168 2.34608 -0.090325 
v 1.32902 2.35212 -0.018882 
v 1.50086 2.3865 -0.067641 
v 1.50086 2.3666 -0.122836 
v 1.44839 2.23642 -0.259377 
v 1.4489 2.30319 -0.229713 
v 1.50086 2.30454 -0.233064 
v 1.50086 2.2404 -0.259437 
v 1.37652 1.76367 -0.018882 
v 1.36793 1.77294 -0.116313 
v 1.36793 1.77294 -0.116313 
v 1.32866 1.75235 -0.126876 
v 1.35581 1.76052 -0.116192 
v 1.36649 1.74957 -0.018882 
v 1.35581 1.76052 -0.116192 
v 1.68079 2.13156 -0.257632 
v 1.64399 2.17693 -0.258972 
v 1.65622 2.19052 -0.259061 
v 1.69667 2.14176 -0.258255 
v 1.60444 2.22303 -0.25932 
v 1.59992 2.20052 -0.25918 
v 1.55333 2.23642 -0.259377 
v 1.55101 2.21309 -0.259224 
v 1.67269 1.8377 -0.199312 
v 1.68452 1.82293 -0.201518 
v 1.66129 1.78419 -0.170638 
v 1.64973 1.79515 -0.17079 
v 1.72642 1.9417 -0.236114 
v 1.7077 1.87613 -0.219508 
v 1.69151 1.88466 -0.217787 
v 1.70776 1.94021 -0.234838 
v 1.7087 2.00498 -0.247038 
v 1.7013 2.06739 -0.254527 
v 1.71794 2.07689 -0.25563 
v 1.72635 2.0105 -0.248239 
v 1.7618 2.17151 -0.230635 
v 1.69667 2.14176 -0.258255 
v 1.65622 2.19052 -0.259061 
v 1.71309 2.23753 -0.230711 
v 1.61816 2.29861 -0.217443 
v 1.60444 2.22303 -0.25932 
v 1.66783 1.76651 -0.154288 
v 1.66129 1.78419 -0.170638 
v 1.68452 1.82293 -0.201518 
v 1.71099 1.79372 -0.175172 
v 1.75971 1.84971 -0.194186 
v 1.7077 1.87613 -0.219508 
v 1.72642 1.9417 -0.236114 
v 1.79255 1.9345 -0.211737 
v 1.71794 2.07689 -0.25563 
v 1.78874 2.09527 -0.228894 
v 1.79736 2.01692 -0.222414 
v 1.72635 2.0105 -0.248239 
v 1.64395 2.17712 -0.185566 
v 1.64399 2.17693 -0.258972 
v 1.68079 2.13156 -0.257632 
v 1.68075 2.13173 -0.184467 
v 1.59989 2.20071 -0.185772 
v 1.59992 2.20052 -0.25918 
v 1.55098 2.21327 -0.185818 
v 1.55101 2.21309 -0.259224 
v 1.67265 1.83786 -0.140918 
v 1.67269 1.8377 -0.199312 
v 1.64973 1.79515 -0.17079 
v 1.6497 1.79644 -0.125809 
v 1.69151 1.88466 -0.217787 
v 1.69148 1.88483 -0.150661 
v 1.70773 1.94039 -0.159652 
v 1.70776 1.94021 -0.234838 
v 1.7087 2.00498 -0.247038 
v 1.70867 2.00516 -0.172521 
v 1.70126 2.06758 -0.182158 
v 1.7013 2.06739 -0.254527 
v 1.63379 1.77294 -0.116313 
v 1.64591 1.76052 -0.116192 
v 1.85807 2.11599 -0.018882 
v 1.86769 2.02429 -0.018882 
v 1.85422 2.02204 -0.180252 
v 1.84543 2.10999 -0.18532 
v 1.84551 1.92872 -0.171855 
v 1.86142 1.92716 -0.018882 
v 1.81514 1.8213 -0.018882 
v 1.80137 1.82855 -0.155394 
v 1.73219 1.77033 -0.137559 
v 1.74364 1.75693 -0.018882 
v 1.67502 1.73682 -0.018882 
v 1.67306 1.75235 -0.126876 
v 1.6252 1.76367 -0.018882 
v 1.63379 1.77294 -0.116313 
v 1.64591 1.76052 -0.116192 
v 1.63523 1.74957 -0.018882 
v 1.64925 1.79689 -0.018882 
v 1.67257 1.83829 -0.018882 
v 1.67265 1.83786 -0.140918 
v 1.6497 1.79644 -0.125809 
v 1.69139 1.88525 -0.0188819 
v 1.70765 1.94083 -0.0188819 
v 1.70773 1.94039 -0.159652 
v 1.69148 1.88483 -0.150661 
v 1.70858 2.0056 -0.0188819 
v 1.70118 2.068 -0.0188819 
v 1.70126 2.06758 -0.182158 
v 1.70867 2.00516 -0.172521 
v 1.64387 2.17755 -0.0188819 
v 1.64395 2.17712 -0.185566 
v 1.68075 2.13173 -0.184467 
v 1.68067 2.13217 -0.0188819 
v 1.59981 2.20114 -0.0188819 
v 1.59989 2.20071 -0.185772 
v 1.55098 2.21327 -0.185818 
v 1.55089 2.2137 -0.018882 
v 1.75863 2.27518 -0.165994 
v 1.76559 2.28678 -0.018882 
v 1.82546 2.20598 -0.018882 
v 1.81396 2.19534 -0.186171 
v 1.52647 2.3865 -0.066333 
v 1.56231 2.3865 -0.0523999 
v 1.64005 2.34608 -0.0903249 
v 1.52546 2.36713 -0.120041 
v 1.6727 2.35212 -0.0188819 
v 1.64005 2.34608 -0.0903249 
v 1.56231 2.3865 -0.0523999 
v 1.57655 2.3865 -0.0188819 
v 1.55282 2.30319 -0.229713 
v 1.55333 2.23642 -0.259377 
v 1.63379 1.77294 -0.116313 
v 1.6252 1.76367 -0.018882 
v 1.63379 1.77294 -0.116313 
v 1.64591 1.76052 -0.116192 
v 1.67306 1.75235 -0.126876 
v 1.63523 1.74957 -0.018882 
v 1.64591 1.76052 -0.116192 
v 1.73219 1.77033 -0.137559 
v 1.71099 1.79372 -0.175172 
v 1.75971 1.84971 -0.194186 
v 1.80137 1.82855 -0.155394 
v 1.84551 1.92872 -0.171855 
v 1.79255 1.9345 -0.211737 
v 1.85422 2.02204 -0.180252 
v 1.79736 2.01692 -0.222414 
v 1.78874 2.09527 -0.228894 
v 1.84543 2.10999 -0.18532 
v 1.7618 2.17151 -0.230635 
v 1.81396 2.19534 -0.186171 
v 1.71309 2.23753 -0.230711 
v 1.75863 2.27518 -0.165994 
v 1.61816 2.29861 -0.217443 
v 1.64005 2.34608 -0.0903249 
v 1.55282 2.30319 -0.229713 
v 1.52546 2.36713 -0.120041 
v 1.50086 2.30454 -0.233064 
v 1.50086 2.3666 -0.122836 
v 1.4489 2.30319 -0.229713 
v 1.47626 2.36713 -0.120041 
v 1.36168 2.34608 -0.090325 
v 1.38356 2.29861 -0.217443 
v 1.28863 2.23753 -0.230711 
v 1.2431 2.27518 -0.165994 
v 1.23992 2.17151 -0.230635 
v 1.18776 2.19534 -0.186171 
v 1.21232 2.09461 -0.228894 
v 1.1551 2.1088 -0.185321 
v 1.14631 2.02204 -0.180252 
v 1.20371 2.01692 -0.222414 
v 1.15622 1.93302 -0.171855 
v 1.20917 1.93688 -0.211736 
v 1.24122 1.85051 -0.194186 
v 1.19893 1.82998 -0.155394 
v 1.26954 1.77033 -0.137559 
v 1.29073 1.79372 -0.175172 
v 1.42517 2.3865 -0.018882 
v 1.47526 2.3865 -0.018017 
v 1.47526 2.3865 -0.066333 
v 1.43941 2.3865 -0.0524 
v 1.50086 2.3865 -0.018011 
v 1.50086 2.3865 -0.067641 
v 1.52647 2.3865 -0.066333 
v 1.52647 2.3865 -0.018017 
v 1.57655 2.3865 -0.0188819 
v 1.56231 2.3865 -0.0523999 
v 1.35774 2.17693 0.221208 
v 1.3455 2.19052 0.221297 
v 1.30505 2.14176 0.220491 
v 1.32093 2.13156 0.219868 
v 1.4018 2.20052 0.221416 
v 1.39728 2.22303 0.221556 
v 1.44839 2.23642 0.221613 
v 1.45071 2.21309 0.22146 
v 1.50086 2.21623 0.221504 
v 1.50086 2.2404 0.221673 
v 1.31721 1.82293 0.163754 
v 1.34044 1.78419 0.132874 
v 1.352 1.79515 0.133026 
v 1.32904 1.8377 0.161548 
v 1.29396 1.94021 0.197074 
v 1.2753 1.9417 0.19835 
v 1.29403 1.87613 0.181744 
v 1.31021 1.88466 0.180023 
v 1.29302 2.00498 0.209274 
v 1.30042 2.06739 0.216763 
v 1.28378 2.07689 0.217866 
v 1.27538 2.0105 0.210475 
v 1.23992 2.17151 0.192871 
v 1.30505 2.14176 0.220491 
v 1.3455 2.19052 0.221297 
v 1.28863 2.23753 0.192947 
v 1.39728 2.22303 0.221556 
v 1.38356 2.29861 0.179679 
v 1.31721 1.82293 0.163754 
v 1.29073 1.79372 0.137408 
v 1.33389 1.76651 0.116524 
v 1.34044 1.78419 0.132874 
v 1.2753 1.9417 0.19835 
v 1.20917 1.93688 0.173972 
v 1.24122 1.85051 0.156422 
v 1.29403 1.87613 0.181744 
v 1.27538 2.0105 0.210475 
v 1.28378 2.07689 0.217866 
v 1.21232 2.09461 0.19113 
v 1.20371 2.01692 0.18465 
v 1.35774 2.17693 0.221208 
v 1.32093 2.13156 0.219868 
v 1.32097 2.13173 0.146703 
v 1.35777 2.17712 0.147802 
v 1.40183 2.20071 0.148008 
v 1.4018 2.20052 0.221416 
v 1.45074 2.21327 0.148054 
v 1.50086 2.2164 0.148098 
v 1.50086 2.21623 0.221504 
v 1.45071 2.21309 0.22146 
v 1.32907 1.83786 0.103154 
v 1.32904 1.8377 0.161548 
v 1.352 1.79515 0.133026 
v 1.35202 1.79644 0.088045 
v 1.29396 1.94021 0.197074 
v 1.31021 1.88466 0.180023 
v 1.31025 1.88483 0.112897 
v 1.29399 1.94039 0.121888 
v 1.29305 2.00516 0.134757 
v 1.30046 2.06758 0.144394 
v 1.30042 2.06739 0.216763 
v 1.29302 2.00498 0.209274 
v 1.36793 1.77294 0.078549 
v 1.35581 1.76052 0.078428 
v 1.14631 2.02204 0.142488 
v 1.1551 2.1088 0.147557 
v 1.14247 2.11481 -0.018882 
v 1.13284 2.02429 -0.018882 
v 1.1403 1.93144 -0.018882 
v 1.18515 1.82273 -0.018882 
v 1.19893 1.82998 0.11763 
v 1.15622 1.93302 0.134091 
v 1.32866 1.75235 0.089112 
v 1.26954 1.77033 0.099795 
v 1.25808 1.75693 -0.018882 
v 1.3267 1.73682 -0.018882 
v 1.36793 1.77294 0.078549 
v 1.35581 1.76052 0.078428 
v 1.36649 1.74957 -0.018882 
v 1.37652 1.76367 -0.018882 
v 1.35202 1.79644 0.088045 
v 1.35247 1.79689 -0.018882 
v 1.32915 1.83829 -0.018882 
v 1.32907 1.83786 0.103154 
v 1.29399 1.94039 0.121888 
v 1.31025 1.88483 0.112897 
v 1.31033 1.88525 -0.018882 
v 1.29408 1.94083 -0.018882 
v 1.29305 2.00516 0.134757 
v 1.29314 2.0056 -0.018882 
v 1.30054 2.068 -0.018882 
v 1.30046 2.06758 0.144394 
v 1.35785 2.17755 -0.018882 
v 1.35777 2.17712 0.147802 
v 1.32097 2.13173 0.146703 
v 1.32105 2.13217 -0.018882 
v 1.40192 2.20114 -0.018882 
v 1.40183 2.20071 0.148008 
v 1.50086 2.21684 -0.018882 
v 1.50086 2.2164 0.148098 
v 1.45074 2.21327 0.148054 
v 1.45083 2.2137 -0.018882 
v 1.17626 2.20598 -0.018882 
v 1.18776 2.19534 0.148407 
v 1.2431 2.27518 0.12823 
v 1.23613 2.28678 -0.018882 
v 1.47626 2.36713 0.082277 
v 1.47526 2.3865 0.028569 
v 1.43941 2.3865 0.014636 
v 1.36168 2.34608 0.052561 
v 1.32902 2.35212 -0.018882 
v 1.36168 2.34608 0.052561 
v 1.43941 2.3865 0.014636 
v 1.42517 2.3865 -0.018882 
v 1.50086 2.3865 0.029877 
v 1.50086 2.3666 0.085072 
v 1.44839 2.23642 0.221613 
v 1.50086 2.2404 0.221673 
v 1.50086 2.30454 0.1953 
v 1.4489 2.30319 0.191949 
v 1.36793 1.77294 0.078549 
v 1.37652 1.76367 -0.018882 
v 1.36793 1.77294 0.078549 
v 1.32866 1.75235 0.089112 
v 1.35581 1.76052 0.078428 
v 1.36649 1.74957 -0.018882 
v 1.35581 1.76052 0.078428 
v 1.68079 2.13156 0.219868 
v 1.69667 2.14176 0.220491 
v 1.65622 2.19052 0.221297 
v 1.64399 2.17693 0.221208 
v 1.59992 2.20052 0.221416 
v 1.60444 2.22303 0.221556 
v 1.55333 2.23642 0.221613 
v 1.55101 2.21309 0.22146 
v 1.64973 1.79515 0.133026 
v 1.66129 1.78419 0.132874 
v 1.68452 1.82293 0.163754 
v 1.67269 1.8377 0.161548 
v 1.70776 1.94021 0.197074 
v 1.69151 1.88466 0.180023 
v 1.7077 1.87613 0.181744 
v 1.72642 1.9417 0.19835 
v 1.72635 2.0105 0.210475 
v 1.71794 2.07689 0.217866 
v 1.7013 2.06739 0.216763 
v 1.7087 2.00498 0.209274 
v 1.69667 2.14176 0.220491 
v 1.7618 2.17151 0.192871 
v 1.71309 2.23753 0.192947 
v 1.65622 2.19052 0.221297 
v 1.61816 2.29861 0.179679 
v 1.60444 2.22303 0.221556 
v 1.66783 1.76651 0.116524 
v 1.71099 1.79372 0.137408 
v 1.68452 1.82293 0.163754 
v 1.66129 1.78419 0.132874 
v 1.79255 1.9345 0.173973 
v 1.72642 1.9417 0.19835 
v 1.7077 1.87613 0.181744 
v 1.75971 1.84971 0.156422 
v 1.79736 2.01692 0.18465 
v 1.78874 2.09527 0.19113 
v 1.71794 2.07689 0.217866 
v 1.72635 2.0105 0.210475 
v 1.64395 2.17712 0.147802 
v 1.68075 2.13173 0.146703 
v 1.68079 2.13156 0.219868 
v 1.64399 2.17693 0.221208 
v 1.59992 2.20052 0.221416 
v 1.59989 2.20071 0.148008 
v 1.55101 2.21309 0.22146 
v 1.55098 2.21327 0.148054 
v 1.67269 1.8377 0.161548 
v 1.67265 1.83786 0.103154 
v 1.6497 1.79644 0.0880449 
v 1.64973 1.79515 0.133026 
v 1.69151 1.88466 0.180023 
v 1.70776 1.94021 0.197074 
v 1.70773 1.94039 0.121888 
v 1.69148 1.88483 0.112897 
v 1.70867 2.00516 0.134757 
v 1.7087 2.00498 0.209274 
v 1.7013 2.06739 0.216763 
v 1.70126 2.06758 0.144394 
v 1.63379 1.77294 0.078549 
v 1.64591 1.76052 0.0784279 
v 1.84543 2.10999 0.147556 
v 1.85422 2.02204 0.142488 
v 1.86769 2.02429 -0.018882 
v 1.85807 2.11599 -0.018882 
v 1.80137 1.82855 0.11763 
v 1.81514 1.8213 -0.018882 
v 1.86142 1.92716 -0.018882 
v 1.84551 1.92872 0.134091 
v 1.73219 1.77033 0.0997949 
v 1.67306 1.75235 0.089112 
v 1.67502 1.73682 -0.018882 
v 1.74364 1.75693 -0.018882 
v 1.63523 1.74957 -0.018882 
v 1.64591 1.76052 0.0784279 
v 1.63379 1.77294 0.078549 
v 1.6252 1.76367 -0.018882 
v 1.67265 1.83786 0.103154 
v 1.67257 1.83829 -0.018882 
v 1.64925 1.79689 -0.018882 
v 1.6497 1.79644 0.0880449 
v 1.70773 1.94039 0.121888 
v 1.70765 1.94083 -0.0188819 
v 1.69139 1.88525 -0.0188819 
v 1.69148 1.88483 0.112897 
v 1.70126 2.06758 0.144394 
v 1.70118 2.068 -0.0188819 
v 1.70858 2.0056 -0.0188819 
v 1.70867 2.00516 0.134757 
v 1.64395 2.17712 0.147802 
v 1.64387 2.17755 -0.0188819 
v 1.68067 2.13217 -0.0188819 
v 1.68075 2.13173 0.146703 
v 1.59989 2.20071 0.148008 
v 1.59981 2.20114 -0.0188819 
v 1.55089 2.2137 -0.018882 
v 1.55098 2.21327 0.148054 
v 1.75863 2.27518 0.12823 
v 1.81396 2.19534 0.148407 
v 1.82546 2.20598 -0.018882 
v 1.76559 2.28678 -0.018882 
v 1.52647 2.3865 0.0285691 
v 1.52546 2.36713 0.082277 
v 1.64005 2.34608 0.0525611 
v 1.56231 2.3865 0.0146361 
v 1.56231 2.3865 0.0146361 
v 1.64005 2.34608 0.0525611 
v 1.6727 2.35212 -0.0188819 
v 1.57655 2.3865 -0.0188819 
v 1.55333 2.23642 0.221613 
v 1.55282 2.30319 0.191949 
v 1.63379 1.77294 0.078549 
v 1.6252 1.76367 -0.018882 
v 1.63379 1.77294 0.078549 
v 1.64591 1.76052 0.0784279 
v 1.67306 1.75235 0.089112 
v 1.63523 1.74957 -0.018882 
v 1.64591 1.76052 0.0784279 
v 1.73219 1.77033 0.0997949 
v 1.71099 1.79372 0.137408 
v 1.80137 1.82855 0.11763 
v 1.75971 1.84971 0.156422 
v 1.84551 1.92872 0.134091 
v 1.79255 1.9345 0.173973 
v 1.85422 2.02204 0.142488 
v 1.79736 2.01692 0.18465 
v 1.84543 2.10999 0.147556 
v 1.78874 2.09527 0.19113 
v 1.7618 2.17151 0.192871 
v 1.81396 2.19534 0.148407 
v 1.75863 2.27518 0.12823 
v 1.71309 2.23753 0.192947 
v 1.64005 2.34608 0.0525611 
v 1.61816 2.29861 0.179679 
v 1.52546 2.36713 0.082277 
v 1.55282 2.30319 0.191949 
v 1.50086 2.30454 0.1953 
v 1.50086 2.3666 0.085072 
v 1.47626 2.36713 0.082277 
v 1.4489 2.30319 0.191949 
v 1.38356 2.29861 0.179679 
v 1.36168 2.34608 0.052561 
v 1.2431 2.27518 0.12823 
v 1.28863 2.23753 0.192947 
v 1.18776 2.19534 0.148407 
v 1.23992 2.17151 0.192871 
v 1.1551 2.1088 0.147557 
v 1.21232 2.09461 0.19113 
v 1.14631 2.02204 0.142488 
v 1.20371 2.01692 0.18465 
v 1.15622 1.93302 0.134091 
v 1.20917 1.93688 0.173972 
v 1.19893 1.82998 0.11763 
v 1.24122 1.85051 0.156422 
v 1.29073 1.79372 0.137408 
v 1.26954 1.77033 0.099795 
v 1.47526 2.3865 -0.019747 
v 1.42517 2.3865 -0.018882 
v 1.43941 2.3865 0.014636 
v 1.47526 2.3865 0.028569 
v 1.50086 2.3865 0.029877 
v 1.50086 2.3865 -0.019753 
v 1.52647 2.3865 0.0285691 
v 1.52647 2.3865 -0.019747 
v 1.56231 2.3865 0.0146361 

vn 0 0.968504 -0.259843 
vn 0 0.968504 -0.259843 
vn 0 0.708661 -0.708661 
vn 0 0.708661 -0.708661 
vn 0 0.259843 -0.968504 
vn 0 0.259843 -0.968504 
vn 0 -0.259843 -0.968504 
vn 0 -0.259843 -0.968504 
vn 0 -0.708661 -0.708661 
vn 0 -0.708661 -0.708661 
vn 0 -0.968504 -0.259843 
vn 0 -0.968504 -0.259843 
vn 0 -0.968504 0.259843 
vn 0 -0.968504 0.259843 
vn 0 -0.708661 0.708661 
vn 0 -0.708661 0.708661 
vn 0 -0.259843 0.968504 
vn 0 -0.259843 0.968504 
vn 0 0.259843 0.968504 
vn 0 0.259843 0.968504 
vn 0 0.708661 0.708661 
vn 0 0.708661 0.708661 
vn 0 0.968504 0.259843 
vn 0 0.968504 0.259843 
vn 0 0.968504 -0.259843 
vn 0 0.968504 -0.259843 
vn -1 0 0 
vn -1 0 0 
vn -1 0 0 
vn -1 0 0 
vn -1 0 0 
vn -1 0 0 
vn -1 0 0 
vn -1 0 0 
vn -1 0 0 
vn -1 0 0 
vn -1 0 0 
vn -1 0 0 
vn -1 0 0 
vn -1 0 0 
vn -1 0 0 
vn -1 0 0 
vn -1 0 0 
vn -1 0 0 
vn -1 0 0 
vn -1 0 0 
vn -1 0 0 
vn -1 0 0 
vn -1 0 0 
vn -1 0 0 
vn -1 0 0 
vn -1 0 0 
vn -1 0 0 
vn -1 0 0 
vn -1 0 0 
vn -1 0 0 
vn -1 0 0 
vn -1 0 0 
vn -1 0 0 
vn -1 0 0 
vn -1 0 0 
vn -1 0 0 
vn -1 0 0 
vn -1 0 0 
vn -1 0 0 
vn 0 -0.968504 0.259843 
vn 0 -0.968504 0.259843 
vn 0 -0.708661 0.708661 
vn 0 -0.708661 0.708661 
vn 0 -0.259843 0.968504 
vn 0 -0.259843 0.968504 
vn 0 0.259843 0.968504 
vn 0 0.259843 0.968504 
vn 0 0.708661 0.708661 
vn 0 0.708661 0.708661 
vn 0 0.968504 0.259843 
vn 0 0.968504 0.259843 
vn 0 0.968504 -0.259843 
vn 0 0.968504 -0.259843 
vn 0 0.708661 -0.708661 
vn 0 0.708661 -0.708661 
vn 0 0.259843 -0.968504 
vn 0 0.259843 -0.968504 
vn 0 -0.259843 -0.968504 
vn 0 -0.259843 -0.968504 
vn 0 -0.708661 -0.708661 
vn 0 -0.708661 -0.708661 
vn 0 -0.968504 -0.259843 
vn 0 -0.968504 -0.259843 
vn 0 -0.968504 0.259843 
vn 0 -0.968504 0.259843 
vn -1 0 0 
vn -1 0 0 
vn -1 0 0 
vn -1 0 0 
vn -1 0 0 
vn -1 0 0 
vn -1 0 0 
vn -1 0 0 
vn -1 0 0 
vn -1 0 0 
vn -1 0 0 
vn -1 0 0 
vn -1 0 0 
vn -1 0 0 
vn -1 0 0 
vn -1 0 0 
vn -1 0 0 
vn -1 0 0 
vn -1 0 0 
vn -1 0 0 
vn -1 0 0 
vn -1 0 0 
vn -1 0 0 
vn -1 0 0 
vn -0.275591 0.929134 -0.251969 
vn -0.275591 0.929134 -0.251969 
vn -0.275591 0.677165 -0.677165 
vn -0.275591 0.677165 -0.677165 
vn -0.275591 0.251969 -0.929134 
vn -0.275591 0.251969 -0.929134 
vn -0.275591 -0.251969 -0.929134 
vn -0.275591 -0.251969 -0.929134 
vn -0.275591 -0.677165 -0.677165 
vn -0.275591 -0.677165 -0.677165 
vn -0.275591 -0.929134 -0.251969 
vn -0.275591 -0.929134 -0.251969 
vn -0.275591 -0.929134 0.251969 
vn -0.275591 -0.929134 0.251969 
vn -0.275591 -0.677165 0.677165 
vn -0.275591 -0.677165 0.677165 
vn -0.275591 -0.251969 0.929134 
vn -0.275591 -0.251969 0.929134 
vn -0.275591 0.251969 0.929134 
vn -0.275591 0.251969 0.929134 
vn -0.275591 0.677165 0.677165 
vn -0.275591 0.677165 0.677165 
vn -0.275591 0.929134 0.251969 
vn -0.275591 0.929134 0.251969 
vn 0 0.968504 -0.259843 
vn 0 0.708661 -0.708661 
vn 0 0.968504 -0.259843 
vn 0 0.259843 -0.968504 
vn 0 0.259843 -0.968504 
vn 0 -0.259843 -0.968504 
vn 0 -0.259843 -0.968504 
vn 0 -0.708661 -0.708661 
vn 0 -0.708661 -0.708661 
vn 0 -0.968504 -0.259843 
vn 0 -0.968504 -0.259843 
vn 0 -0.968504 0.259843 
vn 0 -0.968504 0.259843 
vn 0 -0.708661 0.708661 
vn 0 -0.259843 0.968504 
vn 0 0.259843 0.968504 
vn 0 0.708661 0.708661 
vn 0 0.968504 0.259843 
vn 0 0.968504 0.259843 
vn 0 0.968504 -0.259843 
vn 0 0.968504 -0.259843 
vn 1 0 0 
vn 1 0 0 
vn 1 0 0 
vn 1 0 0 
vn 1 0 0 
vn 1 0 0 
vn 1 0 0 
vn 1 0 0 
vn 1 0 0 
vn 1 0 0 
vn 1 0 0 
vn 1 0 0 
vn 1 0 0 
vn 1 0 0 
vn 1 0 0 
vn 1 0 0 
vn 1 0 0 
vn 1 0 0 
vn 1 0 0 
vn 1 0 0 
vn 1 0 0 
vn 1 0 0 
vn 1 0 0 
vn 1 0 0 
vn 1 0 0 
vn 1 0 0 
vn 1 0 0 
vn 1 0 0 
vn 1 0 0 
vn 1 0 0 
vn 1 0 0 
vn 1 0 0 
vn 1 0 0 
vn 1 0 0 
vn 1 0 0 
vn 1 0 0 
vn 1 0 0 
vn 1 0 0 
vn 1 0 0 
vn 0 -0.968504 0.259843 
vn 0 -0.708661 0.708661 
vn 0 -0.708661 0.708661 
vn 0 -0.968504 0.259843 
vn 0 -0.259843 0.968504 
vn 0 -0.259843 0.968504 
vn 0 0.259843 0.968504 
vn 0 0.259843 0.968504 
vn 0 0.708661 0.708661 
vn 0 0.708661 0.708661 
vn 0 0.968504 0.259843 
vn 0 0.968504 0.259843 
vn 0 0.968504 -0.259843 
vn 0 0.968504 -0.259843 
vn 0 0.708661 -0.708661 
vn 0 0.708661 -0.708661 
vn 0 0.259843 -0.968504 
vn 0 0.259843 -0.968504 
vn 0 -0.259843 -0.968504 
vn 0 -0.259843 -0.968504 
vn 0 -0.708661 -0.708661 
vn 0 -0.708661 -0.708661 
vn 0 -0.968504 -0.259843 
vn 0 -0.968504 -0.259843 
vn 0 -0.968504 0.259843 
vn 0 -0.968504 0.259843 
vn 1 0 0 
vn 1 0 0 
vn 1 0 0 
vn 1 0 0 
vn 1 0 0 
vn 1 0 0 
vn 1 0 0 
vn 1 0 0 
vn 1 0 0 
vn 1 0 0 
vn 1 0 0 
vn 1 0 0 
vn 1 0 0 
vn 1 0 0 
vn 1 0 0 
vn 1 0 0 
vn 1 0 0 
vn 1 0 0 
vn 1 0 0 
vn 1 0 0 
vn 1 0 0 
vn 1 0 0 
vn 1 0 0 
vn 1 0 0 
vn 0.275591 0.677165 -0.677165 
vn 0.275591 0.677165 -0.677165 
vn 0.275591 0.929134 -0.251969 
vn 0.275591 0.929134 -0.251969 
vn 0.275591 0.251969 -0.929134 
vn 0.275591 0.251969 -0.929134 
vn 0.275591 -0.251969 -0.929134 
vn 0.275591 -0.251969 -0.929134 
vn 0.275591 -0.677165 -0.677165 
vn 0.275591 -0.677165 -0.677165 
vn 0.275591 -0.929134 -0.251969 
vn 0.275591 -0.929134 -0.251969 
vn 0.275591 -0.929134 0.251969 
vn 0.275591 -0.929134 0.251969 
vn 0.275591 -0.677165 0.677165 
vn 0.275591 -0.677165 0.677165 
vn 0.275591 -0.251969 0.929134 
vn 0.275591 -0.251969 0.929134 
vn 0.275591 0.251969 0.929134 
vn 0.275591 0.251969 0.929134 
vn 0.275591 0.677165 0.677165 
vn 0.275591 0.677165 0.677165 
vn 0.275591 0.929134 0.251969 
vn 0.275591 0.929134 0.251969 
vn 0 0.496063 -0.866142 
vn 0 0.866142 -0.496063 
vn 0 0.866142 -0.496063 
vn 0 0.496063 -0.866142 
vn 0 0 -1 
vn 0 0 -1 
vn 0 -0.496063 -0.866142 
vn 0 -0.496063 -0.866142 
vn 0 -0.866142 -0.496063 
vn 0 -0.866142 -0.496063 
vn 0 -1 0 
vn 0 -1 0 
vn 0 -0.866142 0.496063 
vn 0 -0.866142 0.496063 
vn 0 -0.496063 0.866142 
vn 0 -0.496063 0.866142 
vn 0 0 1 
vn 0 0 1 
vn 0 0.496063 0.866142 
vn 0 0.496063 0.866142 
vn 0 0.866142 0.496063 
vn 0 0.866142 0.496063 
vn 0 1 0 
vn 0 1 0 
vn 0 0.866142 -0.496063 
vn 0 0.866142 -0.496063 
vn 1 0 0 
vn 1 0 0 
vn 1 0 0 
vn 1 0 0 
vn 1 0 0 
vn 1 0 0 
vn 1 0 0 
vn 1 0 0 
vn 1 0 0 
vn 1 0 0 
vn 1 0 0 
vn 1 0 0 
vn 1 0 0 
vn -1 0 0 
vn -1 0 0 
vn -1 0 0 
vn -1 0 0 
vn -1 0 0 
vn -1 0 0 
vn -1 0 0 
vn -1 0 0 
vn -1 0 0 
vn -1 0 0 
vn -1 0 0 
vn -1 0 0 
vn -1 0 0 
vn 1 0 0 
vn 1 0 0 
vn 1 0 0 
vn 1 0 0 
vn 1 0 0 
vn 1 0 0 
vn 1 0 0 
vn 1 0 0 
vn 1 0 0 
vn 1 0 0 
vn 1 0 0 
vn 1 0 0 
vn 1 0 0 
vn 1 0 0 
vn 1 0 0 
vn 1 0 0 
vn 1 0 0 
vn 1 0 0 
vn 1 0 0 
vn 1 0 0 
vn 1 0 0 
vn 1 0 0 
vn 1 0 0 
vn 1 0 0 
vn 0 -0.866142 0.496063 
vn 0 -0.866142 0.496063 
vn 0 -0.496063 0.866142 
vn 0 -0.496063 0.866142 
vn 0 0 1 
vn 0 0 1 
vn 0 0.496063 0.866142 
vn 0 0.496063 0.866142 
vn 0 0.866142 0.496063 
vn 0 0.866142 0.496063 
vn 0 1 0 
vn 0 1 0 
vn 0 0.866142 -0.496063 
vn 0 0.866142 -0.496063 
vn 0 0.496063 -0.866142 
vn 0 0.496063 -0.866142 
vn 0 0 -1 
vn 0 0 -1 
vn 0 -0.496063 -0.866142 
vn 0 -0.496063 -0.866142 
vn 0 -0.866142 -0.496063 
vn 0 -0.866142 -0.496063 
vn 0 -1 0 
vn 0 -1 0 
vn 1 0 0 
vn 1 0 0 
vn 1 0 0 
vn 1 0 0 
vn 1 0 0 
vn 1 0 0 
vn 1 0 0 
vn 1 0 0 
vn 1 0 0 
vn 1 0 0 
vn 1 0 0 
vn 1 0 0 
vn 1 0 0 
vn 1 0 0 
vn 1 0 0 
vn 1 0 0 
vn 1 0 0 
vn 1 0 0 
vn 1 0 0 
vn 1 0 0 
vn 1 0 0 
vn 1 0 0 
vn 1 0 0 
vn 1 0 0 
vn 0.251969 0.834646 -0.488189 
vn 0.251969 0.834646 -0.488189 
vn 0.251969 0.488189 -0.834646 
vn 0.251969 0.480315 -0.834646 
vn 0.251969 0 -0.968504 
vn 0.251969 0 -0.968504 
vn 0.251969 -0.480315 -0.834646 
vn 0.251969 -0.480315 -0.834646 
vn 0.251969 -0.834646 -0.480315 
vn 0.251969 -0.834646 -0.480315 
vn 0.251969 -0.968504 0 
vn 0.251969 -0.968504 0 
vn 0.251969 -0.834646 0.480315 
vn 0.251969 -0.834646 0.480315 
vn 0.251969 -0.480315 0.834646 
vn 0.251969 -0.480315 0.834646 
vn 0.251969 0 0.968504 
vn 0.251969 0 0.968504 
vn 0.251969 0.480315 0.834646 
vn 0.251969 0.488189 0.834646 
vn 0.251969 0.834646 0.488189 
vn 0.251969 0.834646 0.488189 
vn 0.251969 0.968504 0 
vn 0.251969 0.968504 0 
vn -0.212598 0.488189 -0.84252 
vn -0.212598 0.488189 -0.84252 
vn -0.212598 0.84252 -0.488189 
vn -0.212598 0.84252 -0.488189 
vn -0.212598 0 -0.976378 
vn -0.212598 0 -0.976378 
vn -0.212598 -0.488189 -0.84252 
vn -0.212598 -0.488189 -0.84252 
vn -0.212598 -0.84252 -0.488189 
vn -0.212598 -0.84252 -0.488189 
vn -0.212598 -0.976378 0 
vn -0.212598 -0.84252 -0.488189 
vn -0.212598 -0.84252 -0.488189 
vn -0.212598 -0.976378 0 
vn -0.212598 -0.84252 0.488189 
vn -0.212598 -0.84252 0.488189 
vn -0.212598 -0.488189 0.84252 
vn -0.212598 -0.488189 0.84252 
vn -0.212598 0 0.976378 
vn -0.212598 0 0.976378 
vn -0.212598 0.488189 0.84252 
vn -0.212598 0.488189 0.84252 
vn -0.212598 0.84252 0.488189 
vn -0.212598 0.84252 0.488189 
vn -0.212598 0.976378 0 
vn -0.212598 0.976378 0 
vn 1 0 0 
vn 1 0 0 
vn 1 0 0 
vn 1 0 0 
vn 1 0 0 
vn 1 0 0 
vn 1 0 0 
vn 1 0 0 
vn 1 0 0 
vn 1 0 0 
vn 1 0 0 
vn 1 0 0 
vn 1 0 0 
vn -1 0 0 
vn -1 0 0 
vn -1 0 0 
vn -1 0 0 
vn -1 0 0 
vn -1 0 0 
vn -1 0 0 
vn -1 0 0 
vn -1 0 0 
vn -1 0 0 
vn -1 0 0 
vn -1 0 0 
vn -1 0 0 
vn 0 0 1 
vn 0 0 1 
vn 0 -0.496063 0.866142 
vn 0 -0.496063 0.866142 
vn 0 -0.866142 0.496063 
vn 0 -0.866142 0.496063 
vn 0 -1 0 
vn 0 -1 0 
vn 0 -0.866142 -0.496063 
vn 0 -0.866142 -0.496063 
vn 0 -0.496063 -0.866142 
vn 0 -0.866142 -0.496063 
vn 0 -0.866142 -0.496063 
vn 0 -0.496063 -0.866142 
vn 0 0 -1 
vn 0 0 -1 
vn 0 0.496063 -0.866142 
vn 0 0.496063 -0.866142 
vn 0 0.866142 -0.496063 
vn 0 0.866142 -0.496063 
vn 0 1 0 
vn 0 1 0 
vn 0 0.866142 0.496063 
vn 0 0.866142 0.496063 
vn 0 0.496063 0.866142 
vn 0 0.496063 0.866142 
vn 0.488189 0 0.874016 
vn 0.488189 0 0.874016 
vn 0.488189 -0.433071 0.755906 
vn 0.488189 -0.433071 0.755906 
vn 0.488189 -0.755906 0.433071 
vn 0.488189 -0.755906 0.433071 
vn 0.488189 -0.874016 0 
vn 0.488189 -0.874016 0 
vn 0.488189 -0.755906 -0.433071 
vn 0.488189 -0.755906 -0.433071 
vn 0.488189 -0.755906 -0.433071 
vn 0.488189 -0.755906 -0.433071 
vn 0.488189 -0.433071 -0.755906 
vn 0.488189 -0.433071 -0.755906 
vn 0.488189 0 -0.874016 
vn 0.488189 0 -0.874016 
vn 0.488189 0.433071 -0.755906 
vn 0.488189 0.433071 -0.755906 
vn 0.488189 0.755906 -0.433071 
vn 0.488189 0.755906 -0.433071 
vn 0.488189 0.874016 0 
vn 0.488189 0.874016 0 
vn 0.488189 0.755906 0.433071 
vn 0.488189 0.755906 0.433071 
vn 0.488189 0.433071 0.755906 
vn 0.488189 0.433071 0.755906 
vn 0 0.322835 0.944882 
vn 0 0.322835 0.944882 
vn 0 0.322835 0.944882 
vn 0 0.322835 0.944882 
vn 0 0.952756 0.307087 
vn 0 0.952756 0.307087 
vn 0 0.952756 0.307087 
vn 0 0.952756 0.307087 
vn 0 -0.0787402 -1 
vn 0 -0.0787402 -1 
vn 0 -0.0787402 -1 
vn 0 -0.0787402 -1 
vn 0 -0.929134 -0.377953 
vn 0 -0.929134 -0.377953 
vn 0 -0.929134 -0.377953 
vn 0 -0.929134 -0.377953 
vn 1 0 0 
vn 1 0 0 
vn 1 0 0 
vn 1 0 0 
vn -1 0 0 
vn -1 0 0 
vn -1 0 0 
vn -1 0 0 
vn 0 -0.377953 -0.92126 
vn 0 -0.377953 -0.92126 
vn 0 -0.377953 -0.92126 
vn 0 -0.377953 -0.92126 
vn -1 0 0 
vn -1 0 0 
vn -1 0 0 
vn -1 0 0 
vn 0 0.543307 0.834646 
vn 0 0.543307 0.834646 
vn 0 0.543307 0.834646 
vn 0 0.543307 0.834646 
vn 1 0 0 
vn 1 0 0 
vn 1 0 0 
vn 1 0 0 
vn 0 -0.543307 -0.834646 
vn 0 -0.543307 -0.834646 
vn 0 -0.433071 -0.905512 
vn 0 -0.433071 -0.905512 
vn -1 0 0 
vn -1 0 0 
vn -1 0 0 
vn -1 0 0 
vn 0 0.598425 0.80315 
vn 0 0.614173 0.795276 
vn 0 0.614173 0.795276 
vn 0 0.598425 0.80315 
vn 1 0 0 
vn 1 0 0 
vn 1 0 0 
vn 1 0 0 
vn 0 -0.661417 -0.748031 
vn 0 -0.661417 -0.748031 
vn -1 0 0 
vn -1 0 0 
vn 0 0.622047 0.787402 
vn 0 0.622047 0.787402 
vn 1 0 0 
vn 1 0 0 
vn 1 0 0 
vn 1 0 0 
vn 1 0 0 
vn 1 0 0 
vn 1 0 0 
vn 1 0 0 
vn 0 0.952756 0.307087 
vn 0 0.952756 0.307087 
vn 0 0.952756 0.307087 
vn 0 0.952756 0.307087 
vn -1 0 0 
vn -1 0 0 
vn -1 0 0 
vn -1 0 0 
vn -1 0 0 
vn -1 0 0 
vn -1 0 0 
vn -1 0 0 
vn -1 0 0 
vn 0 -0.976378 0.212598 
vn 0 -0.976378 0.212598 
vn 0 -0.976378 0.212598 
vn 0 -0.976378 0.212598 
vn 1 0 0 
vn 1 0 0 
vn 1 0 0 
vn 1 0 0 
vn 1 0 0 
vn 1 0 0 
vn 1 0 0 
vn 1 0 0 
vn 1 0 0 
vn 0 0.952756 0.307087 
vn 0 0.952756 0.307087 
vn 0 0.952756 0.307087 
vn 0 0.952756 0.307087 
vn -1 0 0 
vn -1 0 0 
vn -1 0 0 
vn -1 0 0 
vn -1 0 0 
vn 0 -0.88189 0.464567 
vn 0 -0.88189 0.464567 
vn 0 -0.88189 0.464567 
vn 0 -0.88189 0.464567 
vn 1 0 0 
vn 1 0 0 
vn 1 0 0 
vn 1 0 0 
vn 0 -0.488189 0.874016 
vn 0 -0.488189 0.874016 
vn 0 -0.566929 0.826772 
vn 0 -0.566929 0.826772 
vn 1 0.015748 0.00787402 
vn 1 0.015748 0.00787402 
vn 1 0.00787402 0 
vn 1 0.00787402 0 
vn -1 0.015748 0.00787402 
vn -1 0.00787402 0 
vn -1 0.00787402 0 
vn -1 0.015748 0.00787402 
vn 1 0.00787402 0 
vn 1 0.00787402 0 
vn 1 0.00787402 0 
vn 1 0.00787402 0 
vn -1 0.00787402 0 
vn -1 0.00787402 0 
vn -1 0.00787402 0 
vn -1 0.00787402 0 
vn 1 0.00787402 0 
vn 1 0.00787402 0 
vn 1 0.00787402 0 
vn 1 0.00787402 0 
vn 0 0.251969 -0.968504 
vn 0 0.409449 -0.913386 
vn 0 0.409449 -0.913386 
vn 0 0.251969 -0.968504 
vn -1 0.00787402 0 
vn -1 0.00787402 0 
vn -1 0.00787402 0 
vn -1 0.00787402 0 
vn 0 -0.622047 0.779528 
vn 0 -0.622047 0.779528 
vn -1 0.00787402 0 
vn -1 0.00787402 0 
vn -1 0.00787402 0.00787402 
vn -1 0.00787402 0.00787402 
vn -1 0.00787402 0.00787402 
vn -1 0.00787402 0.00787402 
vn 0 0.637795 -0.771654 
vn 0 0.637795 -0.771654 
vn 1 0.00787402 0.00787402 
vn 1 0.00787402 0.00787402 
vn 1 0.00787402 0.00787402 
vn 1 0.00787402 0.00787402 
vn 1 0.00787402 0 
vn 1 0.00787402 0 
vn 0 -0.015748 -1 
vn 0 -0.015748 -1 
vn 0.015748 -0.0393701 -1 
vn 0.015748 -0.0393701 -1 
vn 0 -0.00787402 -1 
vn 0 -0.00787402 -1 
vn 0 -0.00787402 -1 
vn 0 -0.00787402 -1 
vn 0 -0.00787402 -1 
vn 0 -0.00787402 -1 
vn 0.393701 -0.291339 -0.874016 
vn 0.362205 -0.259843 -0.897638 
vn 0.551181 -0.496063 -0.669291 
vn 0.566929 -0.527559 -0.629921 
vn 0.0708661 -0.19685 -0.976378 
vn 0.0866142 -0.204724 -0.976378 
vn 0.204724 -0.220472 -0.952756 
vn 0.220472 -0.220472 -0.952756 
vn 0.023622 -0.15748 -0.984252 
vn 0.023622 -0.141732 -0.992126 
vn 0.015748 -0.0787402 -1 
vn 0.015748 -0.0866142 -0.992126 
vn -0.23622 0.322835 -0.92126 
vn -0.228346 0.330709 -0.913386 
vn -0.314961 0.15748 -0.937008 
vn -0.314961 0.149606 -0.937008 
vn -0.173228 0.417323 -0.889764 
vn -0.173228 0.417323 -0.889764 
vn -0.181102 -0.527559 -0.826772 
vn -0.212598 -0.496063 -0.84252 
vn 0.015748 -0.677165 -0.732283 
vn 0.0393701 -0.811024 -0.590551 
vn -0.322835 -0.228346 -0.92126 
vn -0.322835 -0.228346 -0.92126 
vn -0.283465 -0.354331 -0.889764 
vn -0.275591 -0.362205 -0.889764 
vn -0.346457 0.023622 -0.937008 
vn -0.346457 -0.102362 -0.929134 
vn -0.346457 -0.102362 -0.929134 
vn -0.346457 0.023622 -0.937008 
vn 0.88189 -0.464567 0 
vn 0.645669 -0.76378 0 
vn 0.653543 -0.76378 0 
vn 0.889764 -0.464567 0 
vn 0.362205 -0.929134 0 
vn 0.362205 -0.929134 0 
vn 0 -1 0 
vn 0.15748 -0.984252 0 
vn 0.15748 -0.984252 0 
vn 0 -1 0 
vn 0.913386 0.401575 0 
vn 0.905512 0.425197 -0.00787402 
vn 0.866142 0.496063 -0.00787402 
vn 0.874016 0.480315 -0.00787402 
vn 0.944882 0.322835 0 
vn 0.952756 0.314961 0 
vn 0.992126 0.11811 0 
vn 0.992126 0.149606 0 
vn 0.976378 -0.212598 0 
vn 1 -0.0472441 0 
vn 1 -0.0551181 0 
vn 0.976378 -0.220472 0 
vn 0.622047 -0.637795 -0.448819 
vn 0.622047 -0.637795 -0.448819 
vn -1 0.00787402 -0.0866142 
vn -1 0 -0.0866142 
vn -0.968504 0.23622 -0.0866142 
vn -0.968504 0.23622 -0.0866142 
vn -0.834646 -0.535433 -0.11811 
vn -0.826772 -0.559055 -0.11811 
vn -0.96063 -0.251969 -0.102362 
vn -0.96063 -0.244094 -0.102362 
vn -0.125984 -0.984252 -0.141732 
vn -0.0866142 -0.984252 -0.141732 
vn -0.511811 -0.850394 -0.133858 
vn -0.527559 -0.84252 -0.133858 
vn 0.755906 -0.637795 -0.141732 
vn 0.755906 -0.637795 -0.141732 
vn 0.755906 -0.637795 -0.141732 
vn 0.755906 -0.637795 -0.141732 
vn 0.905512 0.425197 0 
vn 0.850394 0.519685 -0.00787402 
vn 0.858268 0.511811 -0.00787402 
vn 0.905512 0.417323 0 
vn 0.944882 0.322835 0 
vn 0.944882 0.314961 0 
vn 0.992126 0.11811 0 
vn 0.992126 0.133858 0 
vn 0.976378 -0.220472 0 
vn 1 -0.0551181 0 
vn 1 -0.0629921 0 
vn 0.976378 -0.220472 0 
vn 0.645669 -0.76378 0 
vn 0.88189 -0.464567 0 
vn 0.88189 -0.464567 0 
vn 0.645669 -0.76378 0 
vn 0.362205 -0.929134 0 
vn 0.362205 -0.929134 0 
vn 0 -1 0 
vn 0 -1 0 
vn 0.15748 -0.984252 0 
vn 0.15748 -0.984252 0 
vn -0.669291 0.732283 -0.125984 
vn -0.708661 0.692913 -0.11811 
vn -0.88189 0.464567 -0.0866142 
vn -0.874016 0.472441 -0.0866142 
vn -0.173228 0.889764 -0.425197 
vn -0.267717 0.858268 -0.440945 
vn -0.23622 0.889764 -0.385827 
vn -0.19685 0.905512 -0.377953 
vn -0.346457 0.913386 -0.204724 
vn -0.346457 0.913386 -0.204724 
vn -0.456693 0.874016 -0.173228 
vn -0.464567 0.866142 -0.165354 
vn 0 0.937008 -0.338583 
vn 0 0.889764 -0.464567 
vn -0.11811 0.417323 -0.897638 
vn -0.110236 0.417323 -0.905512 
vn 0 0.393701 -0.92126 
vn 0 0.393701 -0.92126 
vn 0.818898 0.574803 -0.00787402 
vn 0.818898 0.574803 -0.00787402 
vn 0.834646 0.559055 -0.015748 
vn 0.0314961 -0.84252 -0.535433 
vn 0.511811 -0.755906 -0.409449 
vn 0.314961 -0.937008 -0.133858 
vn 0.314961 -0.937008 -0.133858 
vn -0.015748 -0.0393701 -1 
vn 0 -0.015748 -1 
vn 0 -0.015748 -1 
vn -0.015748 -0.0393701 -1 
vn 0 -0.00787402 -1 
vn 0 -0.00787402 -1 
vn 0 -0.00787402 -1 
vn 0 -0.00787402 -1 
vn -0.362205 -0.259843 -0.897638 
vn -0.393701 -0.291339 -0.874016 
vn -0.566929 -0.527559 -0.629921 
vn -0.551181 -0.496063 -0.669291 
vn -0.0708661 -0.19685 -0.976378 
vn -0.220472 -0.220472 -0.952756 
vn -0.204724 -0.220472 -0.952756 
vn -0.0866142 -0.204724 -0.976378 
vn -0.023622 -0.15748 -0.984252 
vn -0.015748 -0.0866142 -0.992126 
vn -0.015748 -0.0787402 -1 
vn -0.023622 -0.141732 -0.992126 
vn 0.322835 0.149606 -0.937008 
vn 0.314961 0.15748 -0.937008 
vn 0.228346 0.330709 -0.913386 
vn 0.23622 0.322835 -0.92126 
vn 0.173228 0.417323 -0.889764 
vn 0.173228 0.417323 -0.889764 
vn -0.0393701 -0.811024 -0.590551 
vn -0.015748 -0.677165 -0.732283 
vn 0.212598 -0.496063 -0.84252 
vn 0.173228 -0.527559 -0.826772 
vn 0.275591 -0.370079 -0.889764 
vn 0.275591 -0.354331 -0.889764 
vn 0.314961 -0.228346 -0.92126 
vn 0.322835 -0.228346 -0.92126 
vn 0.346457 0.023622 -0.937008 
vn 0.346457 0.023622 -0.937008 
vn 0.346457 -0.0944882 -0.929134 
vn 0.346457 -0.0944882 -0.929134 
vn -0.645669 -0.76378 0 
vn -0.645669 -0.76378 0 
vn -0.88189 -0.464567 0 
vn -0.889764 -0.464567 0 
vn -0.362205 -0.929134 0 
vn -0.362205 -0.929134 0 
vn -0.15748 -0.984252 0 
vn -0.15748 -0.984252 0 
vn -0.905512 0.425197 -0.00787402 
vn -0.913386 0.401575 0 
vn -0.874016 0.480315 -0.00787402 
vn -0.866142 0.496063 -0.00787402 
vn -0.952756 0.314961 0 
vn -0.944882 0.322835 0 
vn -0.992126 0.149606 0 
vn -0.992126 0.11811 0 
vn -1 -0.0551181 0 
vn -1 -0.0472441 0 
vn -0.976378 -0.212598 0 
vn -0.976378 -0.220472 0 
vn -0.622047 -0.637795 -0.448819 
vn -0.622047 -0.637795 -0.448819 
vn 0.968504 0.228346 -0.0866142 
vn 1 0.00787402 -0.0866142 
vn 1 0.00787402 -0.0866142 
vn 0.968504 0.228346 -0.0866142 
vn 0.968504 -0.244094 -0.102362 
vn 0.96063 -0.251969 -0.102362 
vn 0.818898 -0.566929 -0.11811 
vn 0.826772 -0.551181 -0.11811 
vn 0.527559 -0.84252 -0.133858 
vn 0.511811 -0.850394 -0.133858 
vn 0.0866142 -0.984252 -0.141732 
vn 0.125984 -0.984252 -0.141732 
vn -0.755906 -0.637795 -0.141732 
vn -0.755906 -0.637795 -0.141732 
vn -0.755906 -0.637795 -0.141732 
vn -0.755906 -0.637795 -0.141732 
vn -0.850394 0.519685 -0.00787402 
vn -0.905512 0.425197 0 
vn -0.905512 0.417323 0 
vn -0.858268 0.511811 -0.00787402 
vn -0.944882 0.322835 0 
vn -0.992126 0.133858 0 
vn -0.992126 0.11811 0 
vn -0.944882 0.314961 0 
vn -1 -0.0551181 0 
vn -0.976378 -0.220472 0 
vn -0.976378 -0.220472 0 
vn -1 -0.0629921 0 
vn -0.645669 -0.76378 0 
vn -0.645669 -0.76378 0 
vn -0.88189 -0.464567 0 
vn -0.88189 -0.464567 0 
vn -0.362205 -0.929134 0 
vn -0.362205 -0.929134 0 
vn -0.15748 -0.984252 0 
vn -0.15748 -0.984252 0 
vn 0.708661 0.692913 -0.11811 
vn 0.669291 0.732283 -0.125984 
vn 0.88189 0.472441 -0.0866142 
vn 0.88189 0.456693 -0.0866142 
vn 0.19685 0.905512 -0.377953 
vn 0.23622 0.889764 -0.385827 
vn 0.267717 0.858268 -0.440945 
vn 0.173228 0.889764 -0.425197 
vn 0.464567 0.866142 -0.165354 
vn 0.456693 0.874016 -0.173228 
vn 0.346457 0.913386 -0.204724 
vn 0.346457 0.913386 -0.204724 
vn 0.110236 0.417323 -0.905512 
vn 0.11811 0.417323 -0.897638 
vn -0.818898 0.574803 -0.00787402 
vn -0.818898 0.574803 -0.00787402 
vn -0.834646 0.559055 -0.015748 
vn -0.511811 -0.755906 -0.409449 
vn -0.0314961 -0.84252 -0.535433 
vn -0.314961 -0.937008 -0.133858 
vn -0.314961 -0.937008 -0.133858 
vn 0.322835 -0.692913 -0.645669 
vn 0.338583 -0.677165 -0.653543 
vn 0.480315 -0.472441 -0.740157 
vn 0.480315 -0.472441 -0.740157 
vn 0.566929 -0.251969 -0.787402 
vn 0.566929 -0.251969 -0.787402 
vn 0.598425 -0.0629921 -0.795276 
vn 0.598425 -0.0629921 -0.795276 
vn 0.590551 0.102362 -0.80315 
vn 0.590551 0.102362 -0.80315 
vn 0.543307 0.346457 -0.76378 
vn 0.543307 0.346457 -0.76378 
vn 0.385827 0.724409 -0.566929 
vn 0.377953 0.740157 -0.559055 
vn 0.267717 0.850394 -0.448819 
vn 0.267717 0.858268 -0.440945 
vn 0.181102 0.88189 -0.433071 
vn 0.173228 0.889764 -0.425197 
vn 0 0.866142 -0.496063 
vn 0 0.889764 -0.464567 
vn -0.181102 0.88189 -0.433071 
vn -0.173228 0.889764 -0.425197 
vn -0.267717 0.858268 -0.440945 
vn -0.267717 0.850394 -0.448819 
vn -0.385827 0.724409 -0.566929 
vn -0.377953 0.740157 -0.559055 
vn -0.543307 0.346457 -0.76378 
vn -0.543307 0.346457 -0.76378 
vn -0.590551 0.110236 -0.80315 
vn -0.590551 0.102362 -0.80315 
vn -0.598425 -0.0629921 -0.80315 
vn -0.598425 -0.0708661 -0.80315 
vn -0.566929 -0.251969 -0.779528 
vn -0.566929 -0.251969 -0.779528 
vn -0.488189 -0.464567 -0.740157 
vn -0.488189 -0.464567 -0.740157 
vn -0.330709 -0.692913 -0.645669 
vn -0.338583 -0.677165 -0.653543 
vn 0 1 0 
vn 0 1 0 
vn 0 1 0 
vn 0 1 0 
vn 0 1 0 
vn 0 1 0 
vn 0 1 0 
vn 0 1 0 
vn 0 1 0 
vn 0 1 0 
vn 0 -0.015748 1 
vn 0 -0.015748 1 
vn 0.015748 -0.0393701 1 
vn 0.015748 -0.0393701 1 
vn 0 -0.00787402 1 
vn 0 -0.00787402 1 
vn 0 -0.00787402 1 
vn 0 -0.00787402 1 
vn 0 -0.00787402 1 
vn 0 -0.00787402 1 
vn 0.393701 -0.291339 0.874016 
vn 0.566929 -0.527559 0.629921 
vn 0.551181 -0.496063 0.669291 
vn 0.362205 -0.259843 0.897638 
vn 0.0866142 -0.204724 0.976378 
vn 0.0708661 -0.19685 0.976378 
vn 0.220472 -0.220472 0.952756 
vn 0.204724 -0.220472 0.952756 
vn 0.023622 -0.15748 0.984252 
vn 0.015748 -0.0866142 0.992126 
vn 0.015748 -0.0787402 1 
vn 0.023622 -0.141732 0.992126 
vn -0.314961 0.149606 0.937008 
vn -0.314961 0.15748 0.937008 
vn -0.228346 0.330709 0.913386 
vn -0.23622 0.322835 0.92126 
vn -0.173228 0.417323 0.889764 
vn -0.173228 0.417323 0.889764 
vn -0.212598 -0.496063 0.84252 
vn -0.181102 -0.527559 0.826772 
vn 0.0393701 -0.811024 0.590551 
vn 0.015748 -0.677165 0.732283 
vn -0.322835 -0.228346 0.92126 
vn -0.322835 -0.228346 0.92126 
vn -0.275591 -0.362205 0.889764 
vn -0.283465 -0.354331 0.889764 
vn -0.346457 -0.102362 0.929134 
vn -0.346457 0.023622 0.937008 
vn -0.346457 0.023622 0.937008 
vn -0.346457 -0.102362 0.929134 
vn 0.645669 -0.76378 0 
vn 0.88189 -0.464567 0 
vn 0.889764 -0.464567 0 
vn 0.653543 -0.76378 0 
vn 0.362205 -0.929134 0 
vn 0.362205 -0.929134 0 
vn 0.15748 -0.984252 0 
vn 0 -1 0 
vn 0 -1 0 
vn 0.15748 -0.984252 0 
vn 0.905512 0.425197 0.00787402 
vn 0.913386 0.401575 0 
vn 0.874016 0.480315 0.00787402 
vn 0.866142 0.496063 0.00787402 
vn 0.992126 0.11811 0 
vn 0.952756 0.314961 0 
vn 0.944882 0.322835 0 
vn 0.992126 0.149606 0 
vn 1 -0.0472441 0 
vn 0.976378 -0.212598 0 
vn 0.976378 -0.220472 0 
vn 1 -0.0551181 0 
vn 0.622047 -0.637795 0.448819 
vn 0.622047 -0.637795 0.448819 
vn -1 0.00787402 0.0866142 
vn -0.968504 0.23622 0.0866142 
vn -0.968504 0.23622 0.0866142 
vn -1 0 0.0866142 
vn -0.96063 -0.251969 0.102362 
vn -0.826772 -0.559055 0.11811 
vn -0.834646 -0.535433 0.11811 
vn -0.96063 -0.244094 0.102362 
vn -0.125984 -0.984252 0.141732 
vn -0.527559 -0.84252 0.133858 
vn -0.511811 -0.850394 0.133858 
vn -0.0866142 -0.984252 0.141732 
vn 0.755906 -0.637795 0.141732 
vn 0.755906 -0.637795 0.141732 
vn 0.755906 -0.637795 0.141732 
vn 0.755906 -0.637795 0.141732 
vn 0.858268 0.511811 0.00787402 
vn 0.850394 0.519685 0.00787402 
vn 0.905512 0.425197 0 
vn 0.905512 0.417323 0 
vn 0.992126 0.11811 0 
vn 0.944882 0.314961 0 
vn 0.944882 0.322835 0 
vn 0.992126 0.133858 0 
vn 1 -0.0629921 0 
vn 1 -0.0551181 0 
vn 0.976378 -0.220472 0 
vn 0.976378 -0.220472 0 
vn 0.645669 -0.76378 0 
vn 0.645669 -0.76378 0 
vn 0.88189 -0.464567 0 
vn 0.88189 -0.464567 0 
vn 0.362205 -0.929134 0 
vn 0.362205 -0.929134 0 
vn 0 -1 0 
vn 0 -1 0 
vn 0.15748 -0.984252 0 
vn 0.15748 -0.984252 0 
vn -0.874016 0.472441 0.0866142 
vn -0.88189 0.464567 0.0866142 
vn -0.708661 0.692913 0.11811 
vn -0.669291 0.732283 0.125984 
vn -0.173228 0.889764 0.425197 
vn -0.19685 0.905512 0.377953 
vn -0.23622 0.889764 0.385827 
vn -0.267717 0.858268 0.440945 
vn -0.464567 0.866142 0.165354 
vn -0.456693 0.874016 0.173228 
vn -0.346457 0.913386 0.204724 
vn -0.346457 0.913386 0.204724 
vn 0 0.937008 0.338583 
vn 0 0.889764 0.464567 
vn -0.11811 0.417323 0.897638 
vn 0 0.393701 0.92126 
vn 0 0.393701 0.92126 
vn -0.110236 0.417323 0.905512 
vn 0.818898 0.574803 0.00787402 
vn 0.818898 0.574803 0.00787402 
vn 0.834646 0.559055 0.015748 
vn 0.0314961 -0.84252 0.535433 
vn 0.511811 -0.755906 0.409449 
vn 0.314961 -0.937008 0.133858 
vn 0.314961 -0.937008 0.133858 
vn -0.015748 -0.0393701 1 
vn -0.015748 -0.0393701 1 
vn 0 -0.015748 1 
vn 0 -0.015748 1 
vn 0 -0.00787402 1 
vn 0 -0.00787402 1 
vn 0 -0.00787402 1 
vn 0 -0.00787402 1 
vn -0.551181 -0.496063 0.669291 
vn -0.566929 -0.527559 0.629921 
vn -0.393701 -0.291339 0.874016 
vn -0.362205 -0.259843 0.897638 
vn -0.0866142 -0.204724 0.976378 
vn -0.204724 -0.220472 0.952756 
vn -0.220472 -0.220472 0.952756 
vn -0.0708661 -0.19685 0.976378 
vn -0.023622 -0.141732 0.992126 
vn -0.015748 -0.0787402 1 
vn -0.015748 -0.0866142 0.992126 
vn -0.023622 -0.15748 0.984252 
vn 0.314961 0.15748 0.937008 
vn 0.322835 0.149606 0.937008 
vn 0.23622 0.322835 0.92126 
vn 0.228346 0.330709 0.913386 
vn 0.173228 0.417323 0.889764 
vn 0.173228 0.417323 0.889764 
vn -0.0393701 -0.811024 0.590551 
vn 0.173228 -0.527559 0.826772 
vn 0.212598 -0.496063 0.84252 
vn -0.015748 -0.677165 0.732283 
vn 0.322835 -0.228346 0.92126 
vn 0.314961 -0.228346 0.92126 
vn 0.275591 -0.354331 0.889764 
vn 0.275591 -0.370079 0.889764 
vn 0.346457 -0.0944882 0.929134 
vn 0.346457 0.023622 0.937008 
vn 0.346457 0.023622 0.937008 
vn 0.346457 -0.0944882 0.929134 
vn -0.645669 -0.76378 0 
vn -0.889764 -0.464567 0 
vn -0.88189 -0.464567 0 
vn -0.645669 -0.76378 0 
vn -0.362205 -0.929134 0 
vn -0.362205 -0.929134 0 
vn -0.15748 -0.984252 0 
vn -0.15748 -0.984252 0 
vn -0.913386 0.401575 0 
vn -0.905512 0.425197 0.00787402 
vn -0.866142 0.496063 0.00787402 
vn -0.874016 0.480315 0.00787402 
vn -0.952756 0.314961 0 
vn -0.992126 0.11811 0 
vn -0.992126 0.149606 0 
vn -0.944882 0.322835 0 
vn -1 -0.0472441 0 
vn -1 -0.0551181 0 
vn -0.976378 -0.220472 0 
vn -0.976378 -0.212598 0 
vn -0.622047 -0.637795 0.448819 
vn -0.622047 -0.637795 0.448819 
vn 0.968504 0.228346 0.0866142 
vn 1 0.00787402 0.0866142 
vn 1 0.00787402 0.0866142 
vn 0.968504 0.228346 0.0866142 
vn 0.826772 -0.551181 0.11811 
vn 0.818898 -0.566929 0.11811 
vn 0.96063 -0.251969 0.102362 
vn 0.968504 -0.244094 0.102362 
vn 0.527559 -0.84252 0.133858 
vn 0.125984 -0.984252 0.141732 
vn 0.0866142 -0.984252 0.141732 
vn 0.511811 -0.850394 0.133858 
vn -0.755906 -0.637795 0.141732 
vn -0.755906 -0.637795 0.141732 
vn -0.755906 -0.637795 0.141732 
vn -0.755906 -0.637795 0.141732 
vn -0.905512 0.417323 0 
vn -0.905512 0.425197 0 
vn -0.850394 0.519685 0.00787402 
vn -0.858268 0.511811 0.00787402 
vn -0.992126 0.11811 0 
vn -0.992126 0.133858 0 
vn -0.944882 0.322835 0 
vn -0.944882 0.314961 0 
vn -0.976378 -0.220472 0 
vn -0.976378 -0.220472 0 
vn -1 -0.0551181 0 
vn -1 -0.0629921 0 
vn -0.645669 -0.76378 0 
vn -0.645669 -0.76378 0 
vn -0.88189 -0.464567 0 
vn -0.88189 -0.464567 0 
vn -0.362205 -0.929134 0 
vn -0.362205 -0.929134 0 
vn -0.15748 -0.984252 0 
vn -0.15748 -0.984252 0 
vn 0.708661 0.692913 0.11811 
vn 0.88189 0.456693 0.0866142 
vn 0.88189 0.472441 0.0866142 
vn 0.669291 0.732283 0.125984 
vn 0.19685 0.905512 0.377953 
vn 0.173228 0.889764 0.425197 
vn 0.267717 0.858268 0.440945 
vn 0.23622 0.889764 0.385827 
vn 0.346457 0.913386 0.204724 
vn 0.456693 0.874016 0.173228 
vn 0.464567 0.866142 0.165354 
vn 0.346457 0.913386 0.204724 
vn 0.11811 0.417323 0.897638 
vn 0.110236 0.417323 0.905512 
vn -0.818898 0.574803 0.00787402 
vn -0.818898 0.574803 0.00787402 
vn -0.834646 0.559055 0.015748 
vn -0.511811 -0.755906 0.409449 
vn -0.0314961 -0.84252 0.535433 
vn -0.314961 -0.937008 0.133858 
vn -0.314961 -0.937008 0.133858 
vn 0.322835 -0.692913 0.645669 
vn 0.338583 -0.677165 0.653543 
vn 0.480315 -0.472441 0.740157 
vn 0.480315 -0.472441 0.740157 
vn 0.566929 -0.251969 0.787402 
vn 0.566929 -0.251969 0.787402 
vn 0.598425 -0.0629921 0.795276 
vn 0.598425 -0.0629921 0.795276 
vn 0.590551 0.102362 0.80315 
vn 0.590551 0.102362 0.80315 
vn 0.543307 0.346457 0.76378 
vn 0.543307 0.346457 0.76378 
vn 0.377953 0.740157 0.559055 
vn 0.385827 0.724409 0.566929 
vn 0.267717 0.858268 0.440945 
vn 0.267717 0.850394 0.448819 
vn 0.173228 0.889764 0.425197 
vn 0.181102 0.88189 0.433071 
vn 0 0.866142 0.496063 
vn 0 0.889764 0.464567 
vn -0.173228 0.889764 0.425197 
vn -0.181102 0.88189 0.433071 
vn -0.267717 0.850394 0.448819 
vn -0.267717 0.858268 0.440945 
vn -0.377953 0.740157 0.559055 
vn -0.385827 0.724409 0.566929 
vn -0.543307 0.346457 0.76378 
vn -0.543307 0.346457 0.76378 
vn -0.590551 0.102362 0.80315 
vn -0.590551 0.110236 0.80315 
vn -0.598425 -0.0629921 0.80315 
vn -0.598425 -0.0708661 0.80315 
vn -0.566929 -0.251969 0.779528 
vn -0.566929 -0.251969 0.779528 
vn -0.488189 -0.464567 0.740157 
vn -0.488189 -0.464567 0.740157 
vn -0.338583 -0.677165 0.653543 
vn -0.330709 -0.692913 0.645669 
vn 0 1 0 
vn 0 1 0 
vn 0 1 0 
vn 0 1 0 
vn 0 1 0 
vn 0 1 0 
vn 0 1 0 
vn 0 1 0 
vn 0 1 0 

vt 0.516236 0.069187 
vt 0.527889 0.047148 
vt 0.515818 0.035801 
vt 0.5055 0.057575 
vt 0.502601 0.025852 
vt 0.494185 0.048584 
vt 0.488635 0.017506 
vt 0.482269 0.041933 
vt 0.473859 0.011803 
vt 0.46975 0.036893 
vt 0.45836 0.00802797 
vt 0.456742 0.034387 
vt 0.442457 0.00758398 
vt 0.443482 0.033348 
vt 0.427111 0.010031 
vt 0.430339 0.034742 
vt 0.412881 0.01468 
vt 0.418054 0.038076 
vt 0.399103 0.020946 
vt 0.406547 0.043491 
vt 0.38602 0.029923 
vt 0.395285 0.050435 
vt 0.374276 0.040693 
vt 0.384855 0.059495 
vt 0.363905 0.051811 
vt 0.375323 0.070748 
vt 0.400883 0.091048 
vt 0.411744 0.086878 
vt 0.400583 0.083198 
vt 0.40387 0.097853 
vt 0.408967 0.10171 
vt 0.414802 0.101432 
vt 0.419798 0.097323 
vt 0.422835 0.090639 
vt 0.422704 0.082844 
vt 0.419719 0.07609 
vt 0.41453 0.072285 
vt 0.408606 0.072136 
vt 0.403612 0.076382 
vt 0.5055 0.057575 
vt 0.502942 0.062361 
vt 0.512762 0.072529 
vt 0.516236 0.069187 
vt 0.494185 0.048584 
vt 0.492337 0.053264 
vt 0.482269 0.041933 
vt 0.480739 0.047064 
vt 0.46975 0.036893 
vt 0.468672 0.042373 
vt 0.456742 0.034387 
vt 0.456173 0.039993 
vt 0.443482 0.033348 
vt 0.443473 0.039304 
vt 0.430339 0.034742 
vt 0.430908 0.040168 
vt 0.418054 0.038076 
vt 0.418992 0.042954 
vt 0.406547 0.043491 
vt 0.407929 0.048407 
vt 0.395285 0.050435 
vt 0.397265 0.055338 
vt 0.384855 0.059495 
vt 0.387144 0.063603 
vt 0.375323 0.070748 
vt 0.378808 0.073742 
vt 0.508387 0.080032 
vt 0.512762 0.072529 
vt 0.502942 0.062361 
vt 0.498913 0.070211 
vt 0.492337 0.053264 
vt 0.488984 0.062049 
vt 0.480739 0.047064 
vt 0.478344 0.056014 
vt 0.468672 0.042373 
vt 0.46712 0.051718 
vt 0.456173 0.039993 
vt 0.455539 0.049405 
vt 0.443473 0.039304 
vt 0.443549 0.049006 
vt 0.430908 0.040168 
vt 0.431652 0.049511 
vt 0.418992 0.042954 
vt 0.420671 0.051803 
vt 0.407929 0.048407 
vt 0.410495 0.056481 
vt 0.397265 0.055338 
vt 0.400613 0.063243 
vt 0.387144 0.063603 
vt 0.39109 0.07091 
vt 0.378808 0.073742 
vt 0.38291 0.080032 
vt 0.443347 0.11157 
vt 0.445774 0.099489 
vt 0.439888 0.094957 
vt 0.433255 0.103801 
vt 0.455 0.11157 
vt 0.452572 0.099489 
vt 0.465092 0.103801 
vt 0.458459 0.094957 
vt 0.470919 0.090345 
vt 0.461859 0.087108 
vt 0.470919 0.074807 
vt 0.461858 0.078044 
vt 0.465092 0.061351 
vt 0.45846 0.070195 
vt 0.455 0.053582 
vt 0.452572 0.065663 
vt 0.443347 0.053582 
vt 0.445774 0.065663 
vt 0.433255 0.061351 
vt 0.439888 0.070195 
vt 0.427428 0.074807 
vt 0.436489 0.078044 
vt 0.427428 0.090345 
vt 0.436489 0.087108 
vt 0.400583 0.083198 
vt 0.39643 0.081797 
vt 0.396452 0.092812 
vt 0.400883 0.091048 
vt 0.400951 0.102187 
vt 0.40387 0.097853 
vt 0.408015 0.107081 
vt 0.408967 0.10171 
vt 0.415915 0.107022 
vt 0.414802 0.101432 
vt 0.42305 0.101569 
vt 0.419798 0.097323 
vt 0.426894 0.091995 
vt 0.422835 0.090639 
vt 0.426894 0.08143 
vt 0.422704 0.082844 
vt 0.422915 0.07198 
vt 0.419719 0.07609 
vt 0.4157 0.066298 
vt 0.41453 0.072285 
vt 0.407405 0.066644 
vt 0.408606 0.072136 
vt 0.400325 0.072158 
vt 0.403612 0.076382 
vt 0.516236 0.069187 
vt 0.5055 0.057575 
vt 0.527889 0.047148 
vt 0.494185 0.048584 
vt 0.502601 0.025852 
vt 0.482269 0.041933 
vt 0.488635 0.017506 
vt 0.46975 0.036893 
vt 0.473859 0.011803 
vt 0.456742 0.034387 
vt 0.45836 0.00802797 
vt 0.443482 0.033348 
vt 0.442457 0.00758398 
vt 0.430339 0.034742 
vt 0.418054 0.038076 
vt 0.406547 0.043491 
vt 0.395285 0.050435 
vt 0.384855 0.059495 
vt 0.374276 0.040693 
vt 0.375323 0.070748 
vt 0.363905 0.051811 
vt 0.400883 0.091048 
vt 0.400583 0.083198 
vt 0.411744 0.086878 
vt 0.40387 0.097853 
vt 0.408967 0.10171 
vt 0.414802 0.101432 
vt 0.419798 0.097323 
vt 0.422835 0.090639 
vt 0.422704 0.082844 
vt 0.419719 0.07609 
vt 0.41453 0.072285 
vt 0.408606 0.072136 
vt 0.403612 0.076382 
vt 0.5055 0.057575 
vt 0.516236 0.069187 
vt 0.512762 0.072529 
vt 0.502942 0.062361 
vt 0.494185 0.048584 
vt 0.492337 0.053264 
vt 0.480739 0.047064 
vt 0.482269 0.041933 
vt 0.468672 0.042373 
vt 0.46975 0.036893 
vt 0.456173 0.039993 
vt 0.456742 0.034387 
vt 0.443473 0.039304 
vt 0.443482 0.033348 
vt 0.430908 0.040168 
vt 0.430339 0.034742 
vt 0.418992 0.042954 
vt 0.418054 0.038076 
vt 0.407929 0.048407 
vt 0.406547 0.043491 
vt 0.397265 0.055338 
vt 0.395285 0.050435 
vt 0.387144 0.063603 
vt 0.384855 0.059495 
vt 0.378808 0.073742 
vt 0.375323 0.070748 
vt 0.508387 0.080032 
vt 0.498913 0.070211 
vt 0.502942 0.062361 
vt 0.512762 0.072529 
vt 0.492337 0.053264 
vt 0.488984 0.062049 
vt 0.478344 0.056014 
vt 0.480739 0.047064 
vt 0.46712 0.051718 
vt 0.468672 0.042373 
vt 0.455539 0.049405 
vt 0.456173 0.039993 
vt 0.443549 0.049006 
vt 0.443473 0.039304 
vt 0.431652 0.049511 
vt 0.430908 0.040168 
vt 0.420671 0.051803 
vt 0.418992 0.042954 
vt 0.410495 0.056481 
vt 0.407929 0.048407 
vt 0.400613 0.063243 
vt 0.397265 0.055338 
vt 0.39109 0.07091 
vt 0.387144 0.063603 
vt 0.38291 0.080032 
vt 0.378808 0.073742 
vt 0.433255 0.103801 
vt 0.439888 0.094957 
vt 0.445774 0.099489 
vt 0.443347 0.11157 
vt 0.452572 0.099489 
vt 0.455 0.11157 
vt 0.458459 0.094957 
vt 0.465092 0.103801 
vt 0.470919 0.090345 
vt 0.461859 0.087108 
vt 0.461858 0.078044 
vt 0.470919 0.074807 
vt 0.45846 0.070195 
vt 0.465092 0.061351 
vt 0.452572 0.065663 
vt 0.455 0.053582 
vt 0.445774 0.065663 
vt 0.443347 0.053582 
vt 0.439888 0.070195 
vt 0.433255 0.061351 
vt 0.436489 0.078044 
vt 0.427428 0.074807 
vt 0.436489 0.087108 
vt 0.427428 0.090345 
vt 0.400883 0.091048 
vt 0.396452 0.092812 
vt 0.39643 0.081797 
vt 0.400583 0.083198 
vt 0.40387 0.097853 
vt 0.400951 0.102187 
vt 0.408015 0.107081 
vt 0.408967 0.10171 
vt 0.415915 0.107022 
vt 0.414802 0.101432 
vt 0.42305 0.101569 
vt 0.419798 0.097323 
vt 0.422835 0.090639 
vt 0.426894 0.091995 
vt 0.422704 0.082844 
vt 0.426894 0.08143 
vt 0.419719 0.07609 
vt 0.422915 0.07198 
vt 0.4157 0.066298 
vt 0.41453 0.072285 
vt 0.408606 0.072136 
vt 0.407405 0.066644 
vt 0.403612 0.076382 
vt 0.400325 0.072158 
vt 0.363601 0.150119 
vt 0.363602 0.124627 
vt 0.420839 0.124627 
vt 0.420839 0.150119 
vt 0.420839 0.175611 
vt 0.363602 0.17561 
vt 0.420839 0.201102 
vt 0.363602 0.201102 
vt 0.420839 0.226594 
vt 0.363602 0.226594 
vt 0.420839 0.252086 
vt 0.363602 0.252086 
vt 0.420839 0.277578 
vt 0.363602 0.277578 
vt 0.420839 0.30307 
vt 0.363602 0.30307 
vt 0.420839 0.328562 
vt 0.363602 0.328562 
vt 0.420839 0.354053 
vt 0.363602 0.354053 
vt 0.420839 0.379545 
vt 0.363602 0.379545 
vt 0.420839 0.405037 
vt 0.363602 0.405037 
vt 0.363602 0.430529 
vt 0.420839 0.430529 
vt 0.440293 0.280766 
vt 0.444103 0.271253 
vt 0.455511 0.285431 
vt 0.440605 0.291481 
vt 0.444736 0.300586 
vt 0.451821 0.305452 
vt 0.45983 0.30496 
vt 0.46676 0.299565 
vt 0.470686 0.290328 
vt 0.470402 0.279751 
vt 0.46632 0.270596 
vt 0.45929 0.265327 
vt 0.451155 0.265706 
vt 0.46124 0.349667 
vt 0.471496 0.349667 
vt 0.466368 0.375183 
vt 0.480376 0.356504 
vt 0.485504 0.368346 
vt 0.485504 0.382019 
vt 0.480377 0.393861 
vt 0.471496 0.400698 
vt 0.46124 0.400698 
vt 0.452359 0.393861 
vt 0.447231 0.382019 
vt 0.447231 0.368345 
vt 0.452359 0.356504 
vt 0.509369 0.357679 
vt 0.510123 0.388043 
vt 0.503459 0.386107 
vt 0.502484 0.360085 
vt 0.49262 0.336734 
vt 0.49781 0.329622 
vt 0.47443 0.324375 
vt 0.475867 0.314908 
vt 0.454725 0.326097 
vt 0.452474 0.317357 
vt 0.43396 0.334077 
vt 0.438794 0.340107 
vt 0.422953 0.35985 
vt 0.429676 0.362256 
vt 0.429925 0.38886 
vt 0.422954 0.391472 
vt 0.440923 0.411537 
vt 0.435936 0.418665 
vt 0.458266 0.423379 
vt 0.456735 0.432499 
vt 0.477709 0.423451 
vt 0.479645 0.432274 
vt 0.494383 0.409034 
vt 0.499641 0.415612 
vt 0.503459 0.386107 
vt 0.492674 0.383049 
vt 0.492198 0.364473 
vt 0.502484 0.360085 
vt 0.484531 0.348395 
vt 0.49262 0.336734 
vt 0.472325 0.339283 
vt 0.47443 0.324375 
vt 0.458372 0.339767 
vt 0.454725 0.326097 
vt 0.446485 0.349282 
vt 0.438794 0.340107 
vt 0.440429 0.365553 
vt 0.429676 0.362256 
vt 0.429925 0.38886 
vt 0.441523 0.384076 
vt 0.44834 0.400462 
vt 0.440923 0.411537 
vt 0.460469 0.409427 
vt 0.458266 0.423379 
vt 0.474181 0.408507 
vt 0.477709 0.423451 
vt 0.486051 0.399274 
vt 0.494383 0.409034 
vt 0.465494 0.251622 
vt 0.461397 0.235275 
vt 0.469211 0.228385 
vt 0.478889 0.239812 
vt 0.473395 0.217209 
vt 0.486062 0.220653 
vt 0.472827 0.204741 
vt 0.485088 0.199279 
vt 0.46766 0.194322 
vt 0.476231 0.181417 
vt 0.459278 0.188743 
vt 0.46186 0.171854 
vt 0.449926 0.189501 
vt 0.44583 0.173152 
vt 0.432434 0.184963 
vt 0.442112 0.19639 
vt 0.437929 0.207566 
vt 0.425262 0.204123 
vt 0.438497 0.220034 
vt 0.426235 0.225497 
vt 0.443664 0.230454 
vt 0.435094 0.243358 
vt 0.452046 0.236032 
vt 0.449463 0.252921 
vt 0.438999 0.265228 
vt 0.444103 0.271253 
vt 0.440293 0.280766 
vt 0.433785 0.279157 
vt 0.434516 0.2943 
vt 0.440605 0.291481 
vt 0.440541 0.306632 
vt 0.444736 0.300586 
vt 0.45017 0.313898 
vt 0.451821 0.305452 
vt 0.461828 0.313867 
vt 0.45983 0.30496 
vt 0.471644 0.305363 
vt 0.46676 0.299565 
vt 0.476683 0.292189 
vt 0.470686 0.290328 
vt 0.476609 0.2776 
vt 0.470402 0.279751 
vt 0.47107 0.264515 
vt 0.46632 0.270596 
vt 0.461146 0.256619 
vt 0.45929 0.265327 
vt 0.449132 0.256506 
vt 0.451155 0.265706 
vt 0.585661 0.085888 
vt 0.584953 0.053545 
vt 0.602494 0.052238 
vt 0.602749 0.085423 
vt 0.568654 0.086758 
vt 0.567478 0.055218 
vt 0.551453 0.088068 
vt 0.550314 0.055868 
vt 0.534424 0.057661 
vt 0.53347 0.088407 
vt 0.723959 0.056166 
vt 0.739706 0.059053 
vt 0.739825 0.088407 
vt 0.722965 0.087903 
vt 0.707224 0.054808 
vt 0.705826 0.086765 
vt 0.688847 0.085564 
vt 0.69008 0.053742 
vt 0.672082 0.084573 
vt 0.672626 0.053395 
vt 0.655276 0.08435 
vt 0.655136 0.052185 
vt 0.638167 0.084615 
vt 0.637589 0.051561 
vt 0.62001 0.052012 
vt 0.620482 0.085278 
vt 0.611946 0.100885 
vt 0.621091 0.122003 
vt 0.586963 0.134196 
vt 0.596107 0.088693 
vt 0.577819 0.088693 
vt 0.56198 0.100885 
vt 0.552836 0.122003 
vt 0.552836 0.146388 
vt 0.56198 0.167507 
vt 0.577819 0.179699 
vt 0.596108 0.179699 
vt 0.611947 0.167506 
vt 0.621091 0.146388 
vt 0.596396 0.088613 
vt 0.612235 0.100805 
vt 0.587252 0.134116 
vt 0.621379 0.121923 
vt 0.621379 0.146308 
vt 0.612235 0.167426 
vt 0.596396 0.179619 
vt 0.578107 0.179619 
vt 0.562269 0.167427 
vt 0.553125 0.146308 
vt 0.553124 0.121923 
vt 0.562269 0.100806 
vt 0.578107 0.088613 
vt 0.673063 0.038622 
vt 0.673769 0.00910902 
vt 0.691729 0.010232 
vt 0.690628 0.039709 
vt 0.709555 0.011798 
vt 0.70798 0.041058 
vt 0.727343 0.013909 
vt 0.725016 0.043032 
vt 0.744992 0.016687 
vt 0.742382 0.046147 
vt 0.549325 0.042266 
vt 0.532135 0.045069 
vt 0.529662 0.015836 
vt 0.547173 0.013203 
vt 0.5651 0.011051 
vt 0.566759 0.040588 
vt 0.583192 0.009516 
vt 0.584472 0.03933 
vt 0.601281 0.008434 
vt 0.602107 0.038446 
vt 0.619523 0.007743 
vt 0.6198 0.03763 
vt 0.63788 0.007819 
vt 0.637565 0.037719 
vt 0.655928 0.00830001 
vt 0.655246 0.037856 
vt 0.672626 0.053395 
vt 0.673063 0.038622 
vt 0.690628 0.039709 
vt 0.69008 0.053742 
vt 0.70798 0.041058 
vt 0.707224 0.054808 
vt 0.725016 0.043032 
vt 0.723959 0.056166 
vt 0.742382 0.046147 
vt 0.739706 0.059053 
vt 0.534424 0.057661 
vt 0.532135 0.045069 
vt 0.549325 0.042266 
vt 0.550314 0.055868 
vt 0.566759 0.040588 
vt 0.567478 0.055218 
vt 0.584472 0.03933 
vt 0.584953 0.053545 
vt 0.602107 0.038446 
vt 0.602494 0.052238 
vt 0.6198 0.03763 
vt 0.62001 0.052012 
vt 0.637565 0.037719 
vt 0.637589 0.051561 
vt 0.655246 0.037856 
vt 0.655136 0.052185 
vt 0.66846 0.264792 
vt 0.650171 0.264907 
vt 0.650078 0.238763 
vt 0.668368 0.238648 
vt 0.683722 0.109339 
vt 0.675636 0.109339 
vt 0.675636 0.095809 
vt 0.683722 0.095809 
vt 0.668535 0.254311 
vt 0.668535 0.216088 
vt 0.650245 0.216088 
vt 0.650245 0.254311 
vt 0.685037 0.110945 
vt 0.685037 0.095974 
vt 0.700383 0.095974 
vt 0.700383 0.110945 
vt 0.612473 0.303153 
vt 0.60139 0.308638 
vt 0.585959 0.28354 
vt 0.597211 0.272564 
vt 0.597149 0.272602 
vt 0.585898 0.283578 
vt 0.601329 0.308676 
vt 0.612411 0.303192 
vt 0.650245 0.189923 
vt 0.650245 0.216088 
vt 0.668535 0.216088 
vt 0.668535 0.189923 
vt 0.576717 0.250093 
vt 0.563755 0.261658 
vt 0.585898 0.283578 
vt 0.597149 0.272602 
vt 0.668368 0.238648 
vt 0.650078 0.238763 
vt 0.649973 0.20914 
vt 0.668263 0.209026 
vt 0.576779 0.250054 
vt 0.597211 0.272564 
vt 0.585959 0.28354 
vt 0.563817 0.261619 
vt 0.668535 0.153091 
vt 0.650245 0.153091 
vt 0.650245 0.189923 
vt 0.668535 0.189923 
vt 0.548321 0.222479 
vt 0.533696 0.2359 
vt 0.563755 0.261658 
vt 0.576717 0.250093 
vt 0.649973 0.20914 
vt 0.649837 0.170761 
vt 0.668128 0.170646 
vt 0.668263 0.209026 
vt 0.576779 0.250054 
vt 0.563817 0.261619 
vt 0.533758 0.235862 
vt 0.548383 0.222441 
vt 0.668535 0.120017 
vt 0.650245 0.120017 
vt 0.524195 0.204174 
vt 0.493178 0.202933 
vt 0.649657 0.119777 
vt 0.667948 0.119662 
vt 0.524257 0.204135 
vt 0.493239 0.202894 
vt 0.59609 0.232825 
vt 0.613974 0.256212 
vt 0.628983 0.294982 
vt 0.612473 0.303153 
vt 0.597211 0.272564 
vt 0.613974 0.256212 
vt 0.66359 0.109339 
vt 0.66359 0.095809 
vt 0.675636 0.095809 
vt 0.675636 0.109339 
vt 0.613912 0.25625 
vt 0.628922 0.295021 
vt 0.596028 0.232863 
vt 0.548321 0.222479 
vt 0.576717 0.250093 
vt 0.596028 0.232863 
vt 0.57011 0.202484 
vt 0.545534 0.18587 
vt 0.524195 0.204174 
vt 0.712931 0.095974 
vt 0.712931 0.110945 
vt 0.700383 0.110945 
vt 0.700383 0.095974 
vt 0.545596 0.185832 
vt 0.570172 0.202446 
vt 0.59609 0.232825 
vt 0.606313 0.223704 
vt 0.622849 0.247554 
vt 0.59609 0.232825 
vt 0.622849 0.247554 
vt 0.637724 0.290657 
vt 0.628983 0.294982 
vt 0.657214 0.109339 
vt 0.657214 0.095809 
vt 0.66359 0.095809 
vt 0.66359 0.109339 
vt 0.622787 0.247593 
vt 0.637661 0.290695 
vt 0.606251 0.223742 
vt 0.581645 0.191899 
vt 0.554467 0.1726 
vt 0.712931 0.110945 
vt 0.712931 0.095974 
vt 0.719545 0.095974 
vt 0.719545 0.110945 
vt 0.581707 0.19186 
vt 0.545596 0.185832 
vt 0.55453 0.172561 
vt 0.606313 0.223704 
vt 0.650171 0.264907 
vt 0.66846 0.264792 
vt 0.668128 0.313032 
vt 0.650843 0.31314 
vt 0.60139 0.308638 
vt 0.612473 0.303153 
vt 0.609798 0.371966 
vt 0.594478 0.367808 
vt 0.601329 0.308676 
vt 0.594417 0.367847 
vt 0.609736 0.372005 
vt 0.612411 0.303192 
vt 0.609798 0.371966 
vt 0.612473 0.303153 
vt 0.628983 0.294982 
vt 0.63262 0.378161 
vt 0.628922 0.295021 
vt 0.612411 0.303192 
vt 0.609736 0.372005 
vt 0.632558 0.378199 
vt 0.63262 0.378161 
vt 0.628983 0.294982 
vt 0.637724 0.290657 
vt 0.644702 0.381441 
vt 0.650245 0.254311 
vt 0.650747 0.327825 
vt 0.668032 0.327825 
vt 0.668535 0.254311 
vt 0.64464 0.381479 
vt 0.637661 0.290695 
vt 0.628922 0.295021 
vt 0.632558 0.378199 
vt 0.667969 0.374671 
vt 0.651437 0.374775 
vt 0.576526 0.440548 
vt 0.592858 0.439524 
vt 0.592858 0.439524 
vt 0.617189 0.437999 
vt 0.617189 0.437999 
vt 0.630069 0.437192 
vt 0.651124 0.375355 
vt 0.667655 0.375355 
vt 0.630131 0.437153 
vt 0.617251 0.437961 
vt 0.617251 0.437961 
vt 0.592919 0.439486 
vt 0.576588 0.440509 
vt 0.592919 0.439486 
vt 0.569642 0.352959 
vt 0.56804 0.351626 
vt 0.564191 0.357919 
vt 0.56559 0.359718 
vt 0.572139 0.345303 
vt 0.569775 0.345056 
vt 0.573274 0.330959 
vt 0.570737 0.330973 
vt 0.570606 0.338072 
vt 0.573045 0.338191 
vt 0.533392 0.373672 
vt 0.533929 0.371234 
vt 0.528224 0.371781 
vt 0.528112 0.373919 
vt 0.546615 0.371922 
vt 0.545744 0.369605 
vt 0.539482 0.370624 
vt 0.539459 0.373133 
vt 0.552249 0.366588 
vt 0.553393 0.36865 
vt 0.559706 0.364802 
vt 0.558277 0.362961 
vt 0.575727 0.359711 
vt 0.569642 0.352959 
vt 0.56559 0.359718 
vt 0.570373 0.367943 
vt 0.580916 0.346415 
vt 0.572139 0.345303 
vt 0.531194 0.379113 
vt 0.533392 0.373672 
vt 0.528112 0.373919 
vt 0.526368 0.376165 
vt 0.548201 0.381332 
vt 0.546615 0.371922 
vt 0.539459 0.373133 
vt 0.538682 0.38177 
vt 0.559706 0.364802 
vt 0.553393 0.36865 
vt 0.556196 0.378449 
vt 0.563555 0.374219 
vt 0.714902 0.341799 
vt 0.715102 0.329163 
vt 0.703198 0.329156 
vt 0.703035 0.341789 
vt 0.703223 0.318352 
vt 0.715126 0.318355 
vt 0.703223 0.296581 
vt 0.703223 0.307436 
vt 0.715126 0.307435 
vt 0.715126 0.296569 
vt 0.705507 0.407447 
vt 0.696035 0.407431 
vt 0.69359 0.417677 
vt 0.700889 0.417907 
vt 0.697607 0.396483 
vt 0.708496 0.396501 
vt 0.711251 0.383979 
vt 0.699055 0.383961 
vt 0.702678 0.356354 
vt 0.701129 0.369948 
vt 0.713216 0.369966 
vt 0.714415 0.35637 
vt 0.522018 0.372436 
vt 0.52202 0.37482 
vt 0.718663 0.432339 
vt 0.744883 0.432134 
vt 0.744992 0.412777 
vt 0.717983 0.413235 
vt 0.722356 0.476799 
vt 0.74459 0.476552 
vt 0.74477 0.451894 
vt 0.719878 0.452031 
vt 0.726632 0.51154 
vt 0.744234 0.511505 
vt 0.744403 0.496902 
vt 0.725039 0.497548 
vt 0.727829 0.521801 
vt 0.74405 0.523947 
vt 0.744119 0.520141 
vt 0.728152 0.517987 
vt 0.676225 0.407377 
vt 0.676231 0.417659 
vt 0.69359 0.417677 
vt 0.696035 0.407431 
vt 0.676218 0.39643 
vt 0.697607 0.396483 
vt 0.699055 0.383961 
vt 0.676211 0.383904 
vt 0.676194 0.356307 
vt 0.676202 0.369894 
vt 0.701129 0.369948 
vt 0.702678 0.356354 
vt 0.676178 0.329132 
vt 0.676186 0.341752 
vt 0.703035 0.341789 
vt 0.703198 0.329156 
vt 0.703223 0.318352 
vt 0.676171 0.318337 
vt 0.703223 0.296581 
vt 0.67616 0.296609 
vt 0.676165 0.307433 
vt 0.703223 0.307436 
vt 0.745147 0.370604 
vt 0.721064 0.371561 
vt 0.717838 0.392981 
vt 0.745081 0.392074 
vt 0.728245 0.314546 
vt 0.733082 0.340697 
vt 0.739901 0.322099 
vt 0.737652 0.314497 
vt 0.745238 0.325121 
vt 0.739901 0.322099 
vt 0.733082 0.340697 
vt 0.745225 0.346388 
vt 0.737416 0.309017 
vt 0.727747 0.309018 
vt 0.573045 0.338191 
vt 0.58035 0.337679 
vt 0.58022 0.330923 
vt 0.573274 0.330959 
vt 0.676236 0.426532 
vt 0.692051 0.423815 
vt 0.692051 0.423815 
vt 0.523758 0.378432 
vt 0.52202 0.37482 
vt 0.744119 0.520141 
vt 0.728152 0.517987 
vt 0.564011 0.304078 
vt 0.567904 0.31034 
vt 0.5695 0.308989 
vt 0.5654 0.302263 
vt 0.572047 0.316624 
vt 0.569683 0.316898 
vt 0.572998 0.32373 
vt 0.57056 0.323877 
vt 0.533807 0.291096 
vt 0.533264 0.288686 
vt 0.528032 0.288486 
vt 0.528152 0.29059 
vt 0.546402 0.290286 
vt 0.539282 0.28916 
vt 0.53932 0.291653 
vt 0.545548 0.292599 
vt 0.552041 0.295544 
vt 0.558074 0.299101 
vt 0.559489 0.297247 
vt 0.553169 0.293478 
vt 0.57014 0.293994 
vt 0.5654 0.302263 
vt 0.5695 0.308989 
vt 0.575548 0.302162 
vt 0.580819 0.315415 
vt 0.572047 0.316624 
vt 0.5263 0.286286 
vt 0.528032 0.288486 
vt 0.533264 0.288686 
vt 0.531052 0.283318 
vt 0.53835 0.280653 
vt 0.539282 0.28916 
vt 0.546402 0.290286 
vt 0.547695 0.280807 
vt 0.559489 0.297247 
vt 0.563321 0.287923 
vt 0.555878 0.283772 
vt 0.553169 0.293478 
vt 0.703162 0.264006 
vt 0.715066 0.263973 
vt 0.71485 0.251339 
vt 0.702984 0.251373 
vt 0.703198 0.27481 
vt 0.715101 0.274783 
vt 0.70321 0.285726 
vt 0.715113 0.285703 
vt 0.695909 0.185746 
vt 0.70538 0.185711 
vt 0.70075 0.17526 
vt 0.693452 0.175504 
vt 0.708381 0.19665 
vt 0.697492 0.196691 
vt 0.698956 0.20921 
vt 0.711151 0.209167 
vt 0.713132 0.223176 
vt 0.701045 0.223218 
vt 0.70261 0.236809 
vt 0.714347 0.23677 
vt 0.522029 0.289999 
vt 0.522018 0.287654 
vt 0.744977 0.205544 
vt 0.74486 0.185916 
vt 0.718617 0.185734 
vt 0.717949 0.205121 
vt 0.719843 0.16511 
vt 0.744739 0.165261 
vt 0.744554 0.14103 
vt 0.722305 0.140752 
vt 0.725007 0.120431 
vt 0.744374 0.121077 
vt 0.744211 0.106467 
vt 0.726609 0.106411 
vt 0.744038 0.094022 
vt 0.727818 0.096138 
vt 0.728137 0.099951 
vt 0.744102 0.097828 
vt 0.676093 0.175557 
vt 0.676098 0.185839 
vt 0.695909 0.185746 
vt 0.693452 0.175504 
vt 0.676104 0.196787 
vt 0.676111 0.209313 
vt 0.698956 0.20921 
vt 0.697492 0.196691 
vt 0.676118 0.223323 
vt 0.676126 0.23691 
vt 0.70261 0.236809 
vt 0.701045 0.223218 
vt 0.676141 0.264085 
vt 0.703162 0.264006 
vt 0.702984 0.251373 
vt 0.676134 0.251465 
vt 0.676147 0.274878 
vt 0.703198 0.27481 
vt 0.70321 0.285726 
vt 0.676153 0.285785 
vt 0.721048 0.246452 
vt 0.745143 0.247412 
vt 0.745074 0.225938 
vt 0.717823 0.225037 
vt 0.737652 0.303536 
vt 0.7399 0.295931 
vt 0.733073 0.277331 
vt 0.728244 0.30349 
vt 0.745223 0.271636 
vt 0.733073 0.277331 
vt 0.7399 0.295931 
vt 0.745237 0.292905 
vt 0.580305 0.324162 
vt 0.572998 0.32373 
vt 0.691905 0.169369 
vt 0.676087 0.166685 
vt 0.691905 0.169369 
vt 0.522018 0.287654 
vt 0.523712 0.284074 
vt 0.744102 0.097828 
vt 0.728137 0.099951 
vt 0.52821 0.277881 
vt 0.531052 0.283318 
vt 0.53835 0.280653 
vt 0.536943 0.272548 
vt 0.54851 0.27169 
vt 0.547695 0.280807 
vt 0.558207 0.27441 
vt 0.555878 0.283772 
vt 0.563321 0.287923 
vt 0.566856 0.27905 
vt 0.57014 0.293994 
vt 0.574802 0.286144 
vt 0.575548 0.302162 
vt 0.582773 0.295159 
vt 0.580819 0.315415 
vt 0.594296 0.310811 
vt 0.580305 0.324162 
vt 0.593146 0.327502 
vt 0.58022 0.330923 
vt 0.592885 0.330869 
vt 0.58035 0.337679 
vt 0.593162 0.334223 
vt 0.594399 0.350923 
vt 0.580916 0.346415 
vt 0.575727 0.359711 
vt 0.582979 0.366649 
vt 0.570373 0.367943 
vt 0.575089 0.375733 
vt 0.563555 0.374219 
vt 0.567099 0.383122 
vt 0.558612 0.387814 
vt 0.556196 0.378449 
vt 0.549309 0.390471 
vt 0.548201 0.381332 
vt 0.538682 0.38177 
vt 0.537406 0.390021 
vt 0.528363 0.384637 
vt 0.531194 0.379113 
vt 0.745238 0.325121 
vt 0.745373 0.31448 
vt 0.737652 0.314497 
vt 0.739901 0.322099 
vt 0.745376 0.309017 
vt 0.737416 0.309017 
vt 0.737652 0.303536 
vt 0.745373 0.303552 
vt 0.745237 0.292905 
vt 0.7399 0.295931 
vt 0.56804 0.351626 
vt 0.569642 0.352959 
vt 0.56559 0.359718 
vt 0.564191 0.357919 
vt 0.569775 0.345056 
vt 0.572139 0.345303 
vt 0.573045 0.338191 
vt 0.570606 0.338072 
vt 0.570737 0.330973 
vt 0.573274 0.330959 
vt 0.533392 0.373672 
vt 0.528112 0.373919 
vt 0.528224 0.371781 
vt 0.533929 0.371234 
vt 0.545744 0.369605 
vt 0.546615 0.371922 
vt 0.539459 0.373133 
vt 0.539482 0.370624 
vt 0.552249 0.366588 
vt 0.558277 0.362961 
vt 0.559706 0.364802 
vt 0.553393 0.36865 
vt 0.570373 0.367943 
vt 0.56559 0.359718 
vt 0.569642 0.352959 
vt 0.575727 0.359711 
vt 0.572139 0.345303 
vt 0.580916 0.346415 
vt 0.533392 0.373672 
vt 0.531194 0.379113 
vt 0.526368 0.376165 
vt 0.528112 0.373919 
vt 0.546615 0.371922 
vt 0.548201 0.381332 
vt 0.538682 0.38177 
vt 0.539459 0.373133 
vt 0.553393 0.36865 
vt 0.559706 0.364802 
vt 0.563555 0.374219 
vt 0.556196 0.378449 
vt 0.715102 0.329163 
vt 0.714902 0.341799 
vt 0.703035 0.341789 
vt 0.703198 0.329156 
vt 0.703223 0.318352 
vt 0.715126 0.318355 
vt 0.703223 0.307436 
vt 0.703223 0.296581 
vt 0.715126 0.296569 
vt 0.715126 0.307435 
vt 0.696035 0.407431 
vt 0.705507 0.407447 
vt 0.700889 0.417907 
vt 0.69359 0.417677 
vt 0.711251 0.383979 
vt 0.708496 0.396501 
vt 0.697607 0.396483 
vt 0.699055 0.383961 
vt 0.701129 0.369948 
vt 0.702678 0.356354 
vt 0.714415 0.35637 
vt 0.713216 0.369966 
vt 0.522018 0.372436 
vt 0.52202 0.37482 
vt 0.718663 0.432339 
vt 0.717983 0.413235 
vt 0.744992 0.412777 
vt 0.744883 0.432134 
vt 0.74477 0.451894 
vt 0.74459 0.476552 
vt 0.722356 0.476799 
vt 0.719878 0.452031 
vt 0.726632 0.51154 
vt 0.725039 0.497548 
vt 0.744403 0.496902 
vt 0.744234 0.511505 
vt 0.727829 0.521801 
vt 0.728152 0.517987 
vt 0.744119 0.520141 
vt 0.74405 0.523947 
vt 0.69359 0.417677 
vt 0.676231 0.417659 
vt 0.676225 0.407377 
vt 0.696035 0.407431 
vt 0.699055 0.383961 
vt 0.697607 0.396483 
vt 0.676218 0.39643 
vt 0.676211 0.383904 
vt 0.701129 0.369948 
vt 0.676202 0.369894 
vt 0.676194 0.356307 
vt 0.702678 0.356354 
vt 0.676178 0.329132 
vt 0.703198 0.329156 
vt 0.703035 0.341789 
vt 0.676186 0.341752 
vt 0.676171 0.318337 
vt 0.703223 0.318352 
vt 0.67616 0.296609 
vt 0.703223 0.296581 
vt 0.703223 0.307436 
vt 0.676165 0.307433 
vt 0.745081 0.392074 
vt 0.717838 0.392981 
vt 0.721064 0.371561 
vt 0.745147 0.370604 
vt 0.728245 0.314546 
vt 0.737652 0.314497 
vt 0.739901 0.322099 
vt 0.733082 0.340697 
vt 0.745225 0.346388 
vt 0.733082 0.340697 
vt 0.739901 0.322099 
vt 0.745238 0.325121 
vt 0.737416 0.309017 
vt 0.727747 0.309018 
vt 0.573045 0.338191 
vt 0.573274 0.330959 
vt 0.58022 0.330923 
vt 0.58035 0.337679 
vt 0.692051 0.423815 
vt 0.676236 0.426532 
vt 0.692051 0.423815 
vt 0.523758 0.378432 
vt 0.52202 0.37482 
vt 0.744119 0.520141 
vt 0.728152 0.517987 
vt 0.564011 0.304078 
vt 0.5654 0.302263 
vt 0.5695 0.308989 
vt 0.567904 0.31034 
vt 0.569683 0.316898 
vt 0.572047 0.316624 
vt 0.572998 0.32373 
vt 0.57056 0.323877 
vt 0.528152 0.29059 
vt 0.528032 0.288486 
vt 0.533264 0.288686 
vt 0.533807 0.291096 
vt 0.545548 0.292599 
vt 0.53932 0.291653 
vt 0.539282 0.28916 
vt 0.546402 0.290286 
vt 0.553169 0.293478 
vt 0.559489 0.297247 
vt 0.558074 0.299101 
vt 0.552041 0.295544 
vt 0.5654 0.302263 
vt 0.57014 0.293994 
vt 0.575548 0.302162 
vt 0.5695 0.308989 
vt 0.580819 0.315415 
vt 0.572047 0.316624 
vt 0.5263 0.286286 
vt 0.531052 0.283318 
vt 0.533264 0.288686 
vt 0.528032 0.288486 
vt 0.547695 0.280807 
vt 0.546402 0.290286 
vt 0.539282 0.28916 
vt 0.53835 0.280653 
vt 0.555878 0.283772 
vt 0.563321 0.287923 
vt 0.559489 0.297247 
vt 0.553169 0.293478 
vt 0.703162 0.264006 
vt 0.702984 0.251373 
vt 0.71485 0.251339 
vt 0.715066 0.263973 
vt 0.715101 0.274783 
vt 0.703198 0.27481 
vt 0.715113 0.285703 
vt 0.70321 0.285726 
vt 0.70538 0.185711 
vt 0.695909 0.185746 
vt 0.693452 0.175504 
vt 0.70075 0.17526 
vt 0.708381 0.19665 
vt 0.711151 0.209167 
vt 0.698956 0.20921 
vt 0.697492 0.196691 
vt 0.701045 0.223218 
vt 0.713132 0.223176 
vt 0.714347 0.23677 
vt 0.70261 0.236809 
vt 0.522029 0.289999 
vt 0.522018 0.287654 
vt 0.717949 0.205121 
vt 0.718617 0.185734 
vt 0.74486 0.185916 
vt 0.744977 0.205544 
vt 0.722305 0.140752 
vt 0.744554 0.14103 
vt 0.744739 0.165261 
vt 0.719843 0.16511 
vt 0.725007 0.120431 
vt 0.726609 0.106411 
vt 0.744211 0.106467 
vt 0.744374 0.121077 
vt 0.744102 0.097828 
vt 0.728137 0.099951 
vt 0.727818 0.096138 
vt 0.744038 0.094022 
vt 0.695909 0.185746 
vt 0.676098 0.185839 
vt 0.676093 0.175557 
vt 0.693452 0.175504 
vt 0.698956 0.20921 
vt 0.676111 0.209313 
vt 0.676104 0.196787 
vt 0.697492 0.196691 
vt 0.70261 0.236809 
vt 0.676126 0.23691 
vt 0.676118 0.223323 
vt 0.701045 0.223218 
vt 0.703162 0.264006 
vt 0.676141 0.264085 
vt 0.676134 0.251465 
vt 0.702984 0.251373 
vt 0.703198 0.27481 
vt 0.676147 0.274878 
vt 0.676153 0.285785 
vt 0.70321 0.285726 
vt 0.721048 0.246452 
vt 0.717823 0.225037 
vt 0.745074 0.225938 
vt 0.745143 0.247412 
vt 0.737652 0.303536 
vt 0.728244 0.30349 
vt 0.733073 0.277331 
vt 0.7399 0.295931 
vt 0.7399 0.295931 
vt 0.733073 0.277331 
vt 0.745223 0.271636 
vt 0.745237 0.292905 
vt 0.572998 0.32373 
vt 0.580305 0.324162 
vt 0.691905 0.169369 
vt 0.676087 0.166685 
vt 0.691905 0.169369 
vt 0.522018 0.287654 
vt 0.523712 0.284074 
vt 0.744102 0.097828 
vt 0.728137 0.099951 
vt 0.52821 0.277881 
vt 0.531052 0.283318 
vt 0.536943 0.272548 
vt 0.53835 0.280653 
vt 0.54851 0.27169 
vt 0.547695 0.280807 
vt 0.558207 0.27441 
vt 0.555878 0.283772 
vt 0.566856 0.27905 
vt 0.563321 0.287923 
vt 0.57014 0.293994 
vt 0.574802 0.286144 
vt 0.582773 0.295159 
vt 0.575548 0.302162 
vt 0.594296 0.310811 
vt 0.580819 0.315415 
vt 0.593146 0.327502 
vt 0.580305 0.324162 
vt 0.58022 0.330923 
vt 0.592885 0.330869 
vt 0.593162 0.334223 
vt 0.58035 0.337679 
vt 0.580916 0.346415 
vt 0.594399 0.350923 
vt 0.582979 0.366649 
vt 0.575727 0.359711 
vt 0.575089 0.375733 
vt 0.570373 0.367943 
vt 0.567099 0.383122 
vt 0.563555 0.374219 
vt 0.558612 0.387814 
vt 0.556196 0.378449 
vt 0.549309 0.390471 
vt 0.548201 0.381332 
vt 0.537406 0.390021 
vt 0.538682 0.38177 
vt 0.531194 0.379113 
vt 0.528363 0.384637 
vt 0.745373 0.31448 
vt 0.745238 0.325121 
vt 0.739901 0.322099 
vt 0.737652 0.314497 
vt 0.737416 0.309017 
vt 0.745376 0.309017 
vt 0.737652 0.303536 
vt 0.745373 0.303552 
vt 0.7399 0.295931 

usemtl RedRetroRobot1Mtl

f 1804/1804/1804 1805/1805/1805 1806/1806/1806 
f 1806/1806/1806 1807/1807/1807 1804/1804/1804 
f 1807/1807/1807 1806/1806/1806 1808/1808/1808 
f 1808/1808/1808 1809/1809/1809 1807/1807/1807 
f 1809/1809/1809 1808/1808/1808 1810/1810/1810 
f 1810/1810/1810 1811/1811/1811 1809/1809/1809 
f 1812/1812/1812 1813/1813/1813 1811/1811/1811 
f 1811/1811/1811 1810/1810/1810 1812/1812/1812 
f 1814/1814/1814 1815/1815/1815 1813/1813/1813 
f 1813/1813/1813 1812/1812/1812 1814/1814/1814 
f 1815/1815/1815 1814/1814/1814 1816/1816/1816 
f 1816/1816/1816 1817/1817/1817 1815/1815/1815 
f 1817/1817/1817 1816/1816/1816 1818/1818/1818 
f 1818/1818/1818 1819/1819/1819 1817/1817/1817 
f 1819/1819/1819 1818/1818/1818 1820/1820/1820 
f 1820/1820/1820 1821/1821/1821 1819/1819/1819 
f 1821/1821/1821 1820/1820/1820 1822/1822/1822 
f 1822/1822/1822 1823/1823/1823 1821/1821/1821 
f 1823/1823/1823 1822/1822/1822 1824/1824/1824 
f 1824/1824/1824 1825/1825/1825 1823/1823/1823 
f 1825/1825/1825 1824/1824/1824 1826/1826/1826 
f 1826/1826/1826 1827/1827/1827 1825/1825/1825 
f 1827/1827/1827 1826/1826/1826 1828/1828/1828 
f 1828/1828/1828 1829/1829/1829 1827/1827/1827 
f 1830/1830/1830 1831/1831/1831 1832/1832/1832 
f 1833/1833/1833 1831/1831/1831 1830/1830/1830 
f 1834/1834/1834 1831/1831/1831 1833/1833/1833 
f 1835/1835/1835 1831/1831/1831 1834/1834/1834 
f 1836/1836/1836 1831/1831/1831 1835/1835/1835 
f 1837/1837/1837 1831/1831/1831 1836/1836/1836 
f 1838/1838/1838 1831/1831/1831 1837/1837/1837 
f 1839/1839/1839 1831/1831/1831 1838/1838/1838 
f 1840/1840/1840 1831/1831/1831 1839/1839/1839 
f 1841/1841/1841 1831/1831/1831 1840/1840/1840 
f 1842/1842/1842 1831/1831/1831 1841/1841/1841 
f 1832/1832/1832 1831/1831/1831 1842/1842/1842 
f 1843/1843/1843 1844/1844/1844 1845/1845/1845 
f 1845/1845/1845 1846/1846/1846 1843/1843/1843 
f 1843/1843/1843 1847/1847/1847 1848/1848/1848 
f 1848/1848/1848 1844/1844/1844 1843/1843/1843 
f 1847/1847/1847 1849/1849/1849 1850/1850/1850 
f 1850/1850/1850 1848/1848/1848 1847/1847/1847 
f 1849/1849/1849 1851/1851/1851 1852/1852/1852 
f 1852/1852/1852 1850/1850/1850 1849/1849/1849 
f 1852/1852/1852 1851/1851/1851 1853/1853/1853 
f 1853/1853/1853 1854/1854/1854 1852/1852/1852 
f 1855/1855/1855 1856/1856/1856 1854/1854/1854 
f 1854/1854/1854 1853/1853/1853 1855/1855/1855 
f 1857/1857/1857 1858/1858/1858 1856/1856/1856 
f 1856/1856/1856 1855/1855/1855 1857/1857/1857 
f 1859/1859/1859 1860/1860/1860 1858/1858/1858 
f 1858/1858/1858 1857/1857/1857 1859/1859/1859 
f 1861/1861/1861 1862/1862/1862 1860/1860/1860 
f 1860/1860/1860 1859/1859/1859 1861/1861/1861 
f 1862/1862/1862 1861/1861/1861 1863/1863/1863 
f 1863/1863/1863 1864/1864/1864 1862/1862/1862 
f 1864/1864/1864 1863/1863/1863 1865/1865/1865 
f 1865/1865/1865 1866/1866/1866 1864/1864/1864 
f 1866/1866/1866 1865/1865/1865 1867/1867/1867 
f 1867/1867/1867 1868/1868/1868 1866/1866/1866 
f 1869/1869/1869 1870/1870/1870 1871/1871/1871 
f 1871/1871/1871 1872/1872/1872 1869/1869/1869 
f 1872/1872/1872 1871/1871/1871 1873/1873/1873 
f 1873/1873/1873 1874/1874/1874 1872/1872/1872 
f 1874/1874/1874 1873/1873/1873 1875/1875/1875 
f 1875/1875/1875 1876/1876/1876 1874/1874/1874 
f 1877/1877/1877 1878/1878/1878 1876/1876/1876 
f 1876/1876/1876 1875/1875/1875 1877/1877/1877 
f 1879/1879/1879 1880/1880/1880 1878/1878/1878 
f 1878/1878/1878 1877/1877/1877 1879/1879/1879 
f 1880/1880/1880 1879/1879/1879 1881/1881/1881 
f 1881/1881/1881 1882/1882/1882 1880/1880/1880 
f 1882/1882/1882 1881/1881/1881 1883/1883/1883 
f 1883/1883/1883 1884/1884/1884 1882/1882/1882 
f 1884/1884/1884 1883/1883/1883 1885/1885/1885 
f 1885/1885/1885 1886/1886/1886 1884/1884/1884 
f 1886/1886/1886 1885/1885/1885 1887/1887/1887 
f 1887/1887/1887 1888/1888/1888 1886/1886/1886 
f 1888/1888/1888 1887/1887/1887 1889/1889/1889 
f 1889/1889/1889 1890/1890/1890 1888/1888/1888 
f 1890/1890/1890 1889/1889/1889 1891/1891/1891 
f 1891/1891/1891 1892/1892/1892 1890/1890/1890 
f 1892/1892/1892 1891/1891/1891 1893/1893/1893 
f 1893/1893/1893 1894/1894/1894 1892/1892/1892 
f 1895/1895/1895 1896/1896/1896 1897/1897/1897 
f 1897/1897/1897 1898/1898/1898 1895/1895/1895 
f 1899/1899/1899 1900/1900/1900 1896/1896/1896 
f 1896/1896/1896 1895/1895/1895 1899/1899/1899 
f 1901/1901/1901 1902/1902/1902 1900/1900/1900 
f 1900/1900/1900 1899/1899/1899 1901/1901/1901 
f 1903/1903/1903 1904/1904/1904 1902/1902/1902 
f 1902/1902/1902 1901/1901/1901 1903/1903/1903 
f 1904/1904/1904 1903/1903/1903 1905/1905/1905 
f 1905/1905/1905 1906/1906/1906 1904/1904/1904 
f 1907/1907/1907 1908/1908/1908 1906/1906/1906 
f 1906/1906/1906 1905/1905/1905 1907/1907/1907 
f 1909/1909/1909 1910/1910/1910 1908/1908/1908 
f 1908/1908/1908 1907/1907/1907 1909/1909/1909 
f 1911/1911/1911 1912/1912/1912 1910/1910/1910 
f 1910/1910/1910 1909/1909/1909 1911/1911/1911 
f 1913/1913/1913 1914/1914/1914 1912/1912/1912 
f 1912/1912/1912 1911/1911/1911 1913/1913/1913 
f 1915/1915/1915 1916/1916/1916 1914/1914/1914 
f 1914/1914/1914 1913/1913/1913 1915/1915/1915 
f 1917/1917/1917 1918/1918/1918 1916/1916/1916 
f 1916/1916/1916 1915/1915/1915 1917/1917/1917 
f 1898/1898/1898 1897/1897/1897 1918/1918/1918 
f 1918/1918/1918 1917/1917/1917 1898/1898/1898 
f 1919/1919/1919 1920/1920/1920 1921/1921/1921 
f 1921/1921/1921 1922/1922/1922 1919/1919/1919 
f 1923/1923/1923 1924/1924/1924 1922/1922/1922 
f 1922/1922/1922 1921/1921/1921 1923/1923/1923 
f 1925/1925/1925 1926/1926/1926 1924/1924/1924 
f 1924/1924/1924 1923/1923/1923 1925/1925/1925 
f 1927/1927/1927 1928/1928/1928 1926/1926/1926 
f 1926/1926/1926 1925/1925/1925 1927/1927/1927 
f 1927/1927/1927 1929/1929/1929 1930/1930/1930 
f 1930/1930/1930 1928/1928/1928 1927/1927/1927 
f 1929/1929/1929 1931/1931/1931 1932/1932/1932 
f 1932/1932/1932 1930/1930/1930 1929/1929/1929 
f 1931/1931/1931 1933/1933/1933 1934/1934/1934 
f 1934/1934/1934 1932/1932/1932 1931/1931/1931 
f 1934/1934/1934 1933/1933/1933 1935/1935/1935 
f 1935/1935/1935 1936/1936/1936 1934/1934/1934 
f 1936/1936/1936 1935/1935/1935 1937/1937/1937 
f 1937/1937/1937 1938/1938/1938 1936/1936/1936 
f 1939/1939/1939 1940/1940/1940 1938/1938/1938 
f 1938/1938/1938 1937/1937/1937 1939/1939/1939 
f 1941/1941/1941 1942/1942/1942 1940/1940/1940 
f 1940/1940/1940 1939/1939/1939 1941/1941/1941 
f 1942/1942/1942 1941/1941/1941 1920/1920/1920 
f 1920/1920/1920 1919/1919/1919 1942/1942/1942 
f 1943/1943/1943 1944/1944/1944 1806/1806/1806 
f 1806/1806/1806 1945/1945/1945 1943/1943/1943 
f 1944/1944/1944 1946/1946/1946 1947/1947/1947 
f 1947/1947/1947 1806/1806/1806 1944/1944/1944 
f 1946/1946/1946 1948/1948/1948 1949/1949/1949 
f 1949/1949/1949 1947/1947/1947 1946/1946/1946 
f 1948/1948/1948 1950/1950/1950 1951/1951/1951 
f 1951/1951/1951 1949/1949/1949 1948/1948/1948 
f 1950/1950/1950 1952/1952/1952 1953/1953/1953 
f 1953/1953/1953 1951/1951/1951 1950/1950/1950 
f 1952/1952/1952 1954/1954/1954 1955/1955/1955 
f 1955/1955/1955 1953/1953/1953 1952/1952/1952 
f 1954/1954/1954 1956/1956/1956 1818/1818/1818 
f 1818/1818/1818 1955/1955/1955 1954/1954/1954 
f 1956/1956/1956 1957/1957/1957 1820/1820/1820 
f 1820/1820/1820 1818/1818/1818 1956/1956/1956 
f 1822/1822/1822 1820/1820/1820 1957/1957/1957 
f 1957/1957/1957 1958/1958/1958 1822/1822/1822 
f 1958/1958/1958 1959/1959/1959 1824/1824/1824 
f 1824/1824/1824 1822/1822/1822 1958/1958/1958 
f 1959/1959/1959 1960/1960/1960 1961/1961/1961 
f 1961/1961/1961 1824/1824/1824 1959/1959/1959 
f 1962/1962/1962 1963/1963/1963 1961/1961/1961 
f 1961/1961/1961 1960/1960/1960 1962/1962/1962 
f 1964/1964/1964 1965/1965/1965 1966/1966/1966 
f 1967/1967/1967 1964/1964/1964 1966/1966/1966 
f 1968/1968/1968 1967/1967/1967 1966/1966/1966 
f 1969/1969/1969 1968/1968/1968 1966/1966/1966 
f 1970/1970/1970 1969/1969/1969 1966/1966/1966 
f 1971/1971/1971 1970/1970/1970 1966/1966/1966 
f 1972/1972/1972 1971/1971/1971 1966/1966/1966 
f 1973/1973/1973 1972/1972/1972 1966/1966/1966 
f 1974/1974/1974 1973/1973/1973 1966/1966/1966 
f 1975/1975/1975 1974/1974/1974 1966/1966/1966 
f 1976/1976/1976 1975/1975/1975 1966/1966/1966 
f 1965/1965/1965 1976/1976/1976 1966/1966/1966 
f 1977/1977/1977 1978/1978/1978 1979/1979/1979 
f 1979/1979/1979 1980/1980/1980 1977/1977/1977 
f 1981/1981/1981 1977/1977/1977 1980/1980/1980 
f 1980/1980/1980 1982/1982/1982 1981/1981/1981 
f 1982/1982/1982 1983/1983/1983 1984/1984/1984 
f 1984/1984/1984 1981/1981/1981 1982/1982/1982 
f 1984/1984/1984 1983/1983/1983 1985/1985/1985 
f 1985/1985/1985 1986/1986/1986 1984/1984/1984 
f 1985/1985/1985 1987/1987/1987 1988/1988/1988 
f 1988/1988/1988 1986/1986/1986 1985/1985/1985 
f 1989/1989/1989 1990/1990/1990 1988/1988/1988 
f 1988/1988/1988 1987/1987/1987 1989/1989/1989 
f 1989/1989/1989 1991/1991/1991 1992/1992/1992 
f 1992/1992/1992 1990/1990/1990 1989/1989/1989 
f 1993/1993/1993 1994/1994/1994 1992/1992/1992 
f 1992/1992/1992 1991/1991/1991 1993/1993/1993 
f 1994/1994/1994 1993/1993/1993 1995/1995/1995 
f 1995/1995/1995 1996/1996/1996 1994/1994/1994 
f 1997/1997/1997 1998/1998/1998 1996/1996/1996 
f 1996/1996/1996 1995/1995/1995 1997/1997/1997 
f 1997/1997/1997 1999/1999/1999 2000/2000/2000 
f 2000/2000/2000 1998/1998/1998 1997/1997/1997 
f 1999/1999/1999 2001/2001/2001 2002/2002/2002 
f 2002/2002/2002 2000/2000/2000 1999/1999/1999 
f 2003/2003/2003 2004/2004/2004 2005/2005/2005 
f 2005/2005/2005 2006/2006/2006 2003/2003/2003 
f 2007/2007/2007 2005/2005/2005 2004/2004/2004 
f 2004/2004/2004 2008/2008/2008 2007/2007/2007 
f 2007/2007/2007 2008/2008/2008 2009/2009/2009 
f 2009/2009/2009 2010/2010/2010 2007/2007/2007 
f 2009/2009/2009 2011/2011/2011 2012/2012/2012 
f 2012/2012/2012 2010/2010/2010 2009/2009/2009 
f 2011/2011/2011 2013/2013/2013 2014/2014/2014 
f 2014/2014/2014 2012/2012/2012 2011/2011/2011 
f 2014/2014/2014 2013/2013/2013 2015/2015/2015 
f 2015/2015/2015 2016/2016/2016 2014/2014/2014 
f 2015/2015/2015 2017/2017/2017 2018/2018/2018 
f 2018/2018/2018 2016/2016/2016 2015/2015/2015 
f 2018/2018/2018 2017/2017/2017 2019/2019/2019 
f 2019/2019/2019 2020/2020/2020 2018/2018/2018 
f 2020/2020/2020 2019/2019/2019 2021/2021/2021 
f 2021/2021/2021 2022/2022/2022 2020/2020/2020 
f 2022/2022/2022 2021/2021/2021 2023/2023/2023 
f 2023/2023/2023 2024/2024/2024 2022/2022/2022 
f 2024/2024/2024 2023/2023/2023 2025/2025/2025 
f 2025/2025/2025 2026/2026/2026 2024/2024/2024 
f 2027/2027/2027 2028/2028/2028 2026/2026/2026 
f 2026/2026/2026 2025/2025/2025 2027/2027/2027 
f 2029/2029/2029 2030/2030/2030 2031/2031/2031 
f 2031/2031/2031 2032/2032/2032 2029/2029/2029 
f 2033/2033/2033 2034/2034/2034 2032/2032/2032 
f 2032/2032/2032 2031/2031/2031 2033/2033/2033 
f 2033/2033/2033 2035/2035/2035 2036/2036/2036 
f 2036/2036/2036 2034/2034/2034 2033/2033/2033 
f 2037/2037/2037 2036/2036/2036 2035/2035/2035 
f 2035/2035/2035 2038/2038/2038 2037/2037/2037 
f 2038/2038/2038 2039/2039/2039 2040/2040/2040 
f 2040/2040/2040 2037/2037/2037 2038/2038/2038 
f 2039/2039/2039 2041/2041/2041 2042/2042/2042 
f 2042/2042/2042 2040/2040/2040 2039/2039/2039 
f 2041/2041/2041 2043/2043/2043 2044/2044/2044 
f 2044/2044/2044 2042/2042/2042 2041/2041/2041 
f 2043/2043/2043 2045/2045/2045 2046/2046/2046 
f 2046/2046/2046 2044/2044/2044 2043/2043/2043 
f 2045/2045/2045 2047/2047/2047 2048/2048/2048 
f 2048/2048/2048 2046/2046/2046 2045/2045/2045 
f 2047/2047/2047 2049/2049/2049 2050/2050/2050 
f 2050/2050/2050 2048/2048/2048 2047/2047/2047 
f 2049/2049/2049 2051/2051/2051 2052/2052/2052 
f 2052/2052/2052 2050/2050/2050 2049/2049/2049 
f 2029/2029/2029 2052/2052/2052 2051/2051/2051 
f 2051/2051/2051 2030/2030/2030 2029/2029/2029 
f 2053/2053/2053 2054/2054/2054 2055/2055/2055 
f 2055/2055/2055 2056/2056/2056 2053/2053/2053 
f 2053/2053/2053 2057/2057/2057 2058/2058/2058 
f 2058/2058/2058 2054/2054/2054 2053/2053/2053 
f 2059/2059/2059 2058/2058/2058 2057/2057/2057 
f 2057/2057/2057 2060/2060/2060 2059/2059/2059 
f 2061/2061/2061 2059/2059/2059 2060/2060/2060 
f 2060/2060/2060 2062/2062/2062 2061/2061/2061 
f 2063/2063/2063 2061/2061/2061 2062/2062/2062 
f 2062/2062/2062 2064/2064/2064 2063/2063/2063 
f 2064/2064/2064 2065/2065/2065 2066/2066/2066 
f 2066/2066/2066 2063/2063/2063 2064/2064/2064 
f 2066/2066/2066 2065/2065/2065 2067/2067/2067 
f 2067/2067/2067 2068/2068/2068 2066/2066/2066 
f 2069/2069/2069 2070/2070/2070 2068/2068/2068 
f 2068/2068/2068 2067/2067/2067 2069/2069/2069 
f 2071/2071/2071 2070/2070/2070 2069/2069/2069 
f 2069/2069/2069 2072/2072/2072 2071/2071/2071 
f 2071/2071/2071 2072/2072/2072 2073/2073/2073 
f 2073/2073/2073 2074/2074/2074 2071/2071/2071 
f 2073/2073/2073 2075/2075/2075 2076/2076/2076 
f 2076/2076/2076 2074/2074/2074 2073/2073/2073 
f 2075/2075/2075 2056/2056/2056 2055/2055/2055 
f 2055/2055/2055 2076/2076/2076 2075/2075/2075 
f 2077/2077/2077 2078/2078/2078 2079/2079/2079 
f 2079/2079/2079 2080/2080/2080 2077/2077/2077 
f 2080/2080/2080 2081/2081/2081 2082/2082/2082 
f 2082/2082/2082 2077/2077/2077 2080/2080/2080 
f 2082/2082/2082 2081/2081/2081 2083/2083/2083 
f 2083/2083/2083 2084/2084/2084 2082/2082/2082 
f 2085/2085/2085 2086/2086/2086 2084/2084/2084 
f 2084/2084/2084 2083/2083/2083 2085/2085/2085 
f 2085/2085/2085 2087/2087/2087 2088/2088/2088 
f 2088/2088/2088 2086/2086/2086 2085/2085/2085 
f 2089/2089/2089 2090/2090/2090 2088/2088/2088 
f 2088/2088/2088 2087/2087/2087 2089/2089/2089 
f 2090/2090/2090 2089/2089/2089 2091/2091/2091 
f 2091/2091/2091 2092/2092/2092 2090/2090/2090 
f 2092/2092/2092 2091/2091/2091 2093/2093/2093 
f 2093/2093/2093 2094/2094/2094 2092/2092/2092 
f 2093/2093/2093 2095/2095/2095 2096/2096/2096 
f 2096/2096/2096 2094/2094/2094 2093/2093/2093 
f 2097/2097/2097 2098/2098/2098 2096/2096/2096 
f 2096/2096/2096 2095/2095/2095 2097/2097/2097 
f 2097/2097/2097 2099/2099/2099 2100/2100/2100 
f 2100/2100/2100 2098/2098/2098 2097/2097/2097 
f 2101/2101/2101 2100/2100/2100 2099/2099/2099 
f 2099/2099/2099 2102/2102/2102 2101/2101/2101 
f 2103/2103/2103 2104/2104/2104 2105/2105/2105 
f 2106/2106/2106 2103/2103/2103 2105/2105/2105 
f 2107/2107/2107 2106/2106/2106 2105/2105/2105 
f 2108/2108/2108 2107/2107/2107 2105/2105/2105 
f 2109/2109/2109 2108/2108/2108 2105/2105/2105 
f 2110/2110/2110 2109/2109/2109 2105/2105/2105 
f 2111/2111/2111 2110/2110/2110 2105/2105/2105 
f 2112/2112/2112 2111/2111/2111 2105/2105/2105 
f 2113/2113/2113 2112/2112/2112 2105/2105/2105 
f 2114/2114/2114 2113/2113/2113 2105/2105/2105 
f 2115/2115/2115 2114/2114/2114 2105/2105/2105 
f 2104/2104/2104 2115/2115/2115 2105/2105/2105 
f 2116/2116/2116 2117/2117/2117 2118/2118/2118 
f 2117/2117/2117 2119/2119/2119 2118/2118/2118 
f 2119/2119/2119 2120/2120/2120 2118/2118/2118 
f 2120/2120/2120 2121/2121/2121 2118/2118/2118 
f 2121/2121/2121 2122/2122/2122 2118/2118/2118 
f 2122/2122/2122 2123/2123/2123 2118/2118/2118 
f 2123/2123/2123 2124/2124/2124 2118/2118/2118 
f 2124/2124/2124 2125/2125/2125 2118/2118/2118 
f 2125/2125/2125 2126/2126/2126 2118/2118/2118 
f 2126/2126/2126 2127/2127/2127 2118/2118/2118 
f 2127/2127/2127 2128/2128/2128 2118/2118/2118 
f 2128/2128/2128 2116/2116/2116 2118/2118/2118 
f 2129/2129/2129 2130/2130/2130 2131/2131/2131 
f 2131/2131/2131 2132/2132/2132 2129/2129/2129 
f 2133/2133/2133 2134/2134/2134 2129/2129/2129 
f 2129/2129/2129 2132/2132/2132 2133/2133/2133 
f 2135/2135/2135 2136/2136/2136 2134/2134/2134 
f 2134/2134/2134 2133/2133/2133 2135/2135/2135 
f 2136/2136/2136 2135/2135/2135 2137/2137/2137 
f 2137/2137/2137 2138/2138/2138 2136/2136/2136 
f 2139/2139/2139 2138/2138/2138 2137/2137/2137 
f 2137/2137/2137 2140/2140/2140 2139/2139/2139 
f 2141/2141/2141 2139/2139/2139 2140/2140/2140 
f 2140/2140/2140 2142/2142/2142 2141/2141/2141 
f 2141/2141/2141 2142/2142/2142 2143/2143/2143 
f 2143/2143/2143 2144/2144/2144 2141/2141/2141 
f 2145/2145/2145 2146/2146/2146 2144/2144/2144 
f 2144/2144/2144 2143/2143/2143 2145/2145/2145 
f 2146/2146/2146 2145/2145/2145 2147/2147/2147 
f 2147/2147/2147 2148/2148/2148 2146/2146/2146 
f 2149/2149/2149 2150/2150/2150 2148/2148/2148 
f 2148/2148/2148 2147/2147/2147 2149/2149/2149 
f 2150/2150/2150 2149/2149/2149 2151/2151/2151 
f 2151/2151/2151 2152/2152/2152 2150/2150/2150 
f 2131/2131/2131 2130/2130/2130 2152/2152/2152 
f 2152/2152/2152 2151/2151/2151 2131/2131/2131 
f 2153/2153/2153 2154/2154/2154 2155/2155/2155 
f 2155/2155/2155 2156/2156/2156 2153/2153/2153 
f 2156/2156/2156 2155/2155/2155 2157/2157/2157 
f 2157/2157/2157 2158/2158/2158 2156/2156/2156 
f 2158/2158/2158 2157/2157/2157 2159/2159/2159 
f 2159/2159/2159 2160/2160/2160 2158/2158/2158 
f 2160/2160/2160 2159/2159/2159 2161/2161/2161 
f 2161/2161/2161 2162/2162/2162 2160/2160/2160 
f 2162/2162/2162 2161/2161/2161 2163/2163/2163 
f 2163/2163/2163 2164/2164/2164 2162/2162/2162 
f 2164/2164/2164 2163/2163/2163 2165/2165/2165 
f 2165/2165/2165 2166/2166/2166 2164/2164/2164 
f 2167/2167/2167 2166/2166/2166 2165/2165/2165 
f 2165/2165/2165 2168/2168/2168 2167/2167/2167 
f 2167/2167/2167 2168/2168/2168 2169/2169/2169 
f 2169/2169/2169 2170/2170/2170 2167/2167/2167 
f 2170/2170/2170 2169/2169/2169 2171/2171/2171 
f 2171/2171/2171 2172/2172/2172 2170/2170/2170 
f 2172/2172/2172 2171/2171/2171 2173/2173/2173 
f 2173/2173/2173 2174/2174/2174 2172/2172/2172 
f 2174/2174/2174 2173/2173/2173 2175/2175/2175 
f 2175/2175/2175 2176/2176/2176 2174/2174/2174 
f 2176/2176/2176 2175/2175/2175 2154/2154/2154 
f 2154/2154/2154 2153/2153/2153 2176/2176/2176 
f 2177/2177/2177 2178/2178/2178 2179/2179/2179 
f 2179/2179/2179 2180/2180/2180 2177/2177/2177 
f 2180/2180/2180 2179/2179/2179 2181/2181/2181 
f 2181/2181/2181 2182/2182/2182 2180/2180/2180 
f 2182/2182/2182 2181/2181/2181 2183/2183/2183 
f 2183/2183/2183 2184/2184/2184 2182/2182/2182 
f 2184/2184/2184 2183/2183/2183 2185/2185/2185 
f 2185/2185/2185 2186/2186/2186 2184/2184/2184 
f 2186/2186/2186 2185/2185/2185 2187/2187/2187 
f 2187/2187/2187 2188/2188/2188 2186/2186/2186 
f 2188/2188/2188 2187/2187/2187 2189/2189/2189 
f 2189/2189/2189 2190/2190/2190 2188/2188/2188 
f 2191/2191/2191 2190/2190/2190 2189/2189/2189 
f 2189/2189/2189 2192/2192/2192 2191/2191/2191 
f 2191/2191/2191 2192/2192/2192 2193/2193/2193 
f 2193/2193/2193 2194/2194/2194 2191/2191/2191 
f 2194/2194/2194 2193/2193/2193 2195/2195/2195 
f 2195/2195/2195 2196/2196/2196 2194/2194/2194 
f 2196/2196/2196 2195/2195/2195 2197/2197/2197 
f 2197/2197/2197 2198/2198/2198 2196/2196/2196 
f 2198/2198/2198 2197/2197/2197 2199/2199/2199 
f 2199/2199/2199 2200/2200/2200 2198/2198/2198 
f 2200/2200/2200 2199/2199/2199 2178/2178/2178 
f 2178/2178/2178 2177/2177/2177 2200/2200/2200 
f 2201/2201/2201 2202/2202/2202 2203/2203/2203 
f 2203/2203/2203 2204/2204/2204 2201/2201/2201 
f 2205/2205/2205 2204/2204/2204 2203/2203/2203 
f 2203/2203/2203 2206/2206/2206 2205/2205/2205 
f 2207/2207/2207 2205/2205/2205 2206/2206/2206 
f 2206/2206/2206 2208/2208/2208 2207/2207/2207 
f 2209/2209/2209 2207/2207/2207 2208/2208/2208 
f 2208/2208/2208 2210/2210/2210 2209/2209/2209 
f 2211/2211/2211 2209/2209/2209 2210/2210/2210 
f 2210/2210/2210 2212/2212/2212 2211/2211/2211 
f 2213/2213/2213 2211/2211/2211 2212/2212/2212 
f 2212/2212/2212 2214/2214/2214 2213/2213/2213 
f 2215/2215/2215 2213/2213/2213 2214/2214/2214 
f 2214/2214/2214 2216/2216/2216 2215/2215/2215 
f 2217/2217/2217 2215/2215/2215 2216/2216/2216 
f 2216/2216/2216 2218/2218/2218 2217/2217/2217 
f 2219/2219/2219 2217/2217/2217 2218/2218/2218 
f 2218/2218/2218 2220/2220/2220 2219/2219/2219 
f 2221/2221/2221 2219/2219/2219 2220/2220/2220 
f 2220/2220/2220 2222/2222/2222 2221/2221/2221 
f 2223/2223/2223 2221/2221/2221 2222/2222/2222 
f 2222/2222/2222 2224/2224/2224 2223/2223/2223 
f 2223/2223/2223 2224/2224/2224 2202/2202/2202 
f 2202/2202/2202 2201/2201/2201 2223/2223/2223 
f 2225/2225/2225 2226/2226/2226 2227/2227/2227 
f 2227/2227/2227 2228/2228/2228 2225/2225/2225 
f 2229/2229/2229 2230/2230/2230 2226/2226/2226 
f 2226/2226/2226 2225/2225/2225 2229/2229/2229 
f 2231/2231/2231 2232/2232/2232 2230/2230/2230 
f 2230/2230/2230 2229/2229/2229 2231/2231/2231 
f 2233/2233/2233 2232/2232/2232 2231/2231/2231 
f 2231/2231/2231 2234/2234/2234 2233/2233/2233 
f 2235/2235/2235 2236/2236/2236 2237/2237/2237 
f 2237/2237/2237 2238/2238/2238 2235/2235/2235 
f 2239/2239/2239 2235/2235/2235 2238/2238/2238 
f 2238/2238/2238 2240/2240/2240 2239/2239/2239 
f 2241/2241/2241 2242/2242/2242 2239/2239/2239 
f 2239/2239/2239 2240/2240/2240 2241/2241/2241 
f 2243/2243/2243 2244/2244/2244 2242/2242/2242 
f 2242/2242/2242 2241/2241/2241 2243/2243/2243 
f 2243/2243/2243 2245/2245/2245 2246/2246/2246 
f 2246/2246/2246 2244/2244/2244 2243/2243/2243 
f 2247/2247/2247 2248/2248/2248 2246/2246/2246 
f 2246/2246/2246 2245/2245/2245 2247/2247/2247 
f 2249/2249/2249 2248/2248/2248 2247/2247/2247 
f 2247/2247/2247 2250/2250/2250 2249/2249/2249 
f 2228/2228/2228 2227/2227/2227 2249/2249/2249 
f 2249/2249/2249 2250/2250/2250 2228/2228/2228 
f 2251/2251/2251 2252/2252/2252 2253/2253/2253 
f 2254/2254/2254 2251/2251/2251 2253/2253/2253 
f 2255/2255/2255 2254/2254/2254 2253/2253/2253 
f 2256/2256/2256 2255/2255/2255 2253/2253/2253 
f 2257/2257/2257 2256/2256/2256 2253/2253/2253 
f 2258/2258/2258 2257/2257/2257 2253/2253/2253 
f 2259/2259/2259 2258/2258/2258 2253/2253/2253 
f 2260/2260/2260 2259/2259/2259 2253/2253/2253 
f 2261/2261/2261 2260/2260/2260 2253/2253/2253 
f 2262/2262/2262 2261/2261/2261 2253/2253/2253 
f 2263/2263/2263 2262/2262/2262 2253/2253/2253 
f 2252/2252/2252 2263/2263/2263 2253/2253/2253 
f 2264/2264/2264 2265/2265/2265 2266/2266/2266 
f 2265/2265/2265 2267/2267/2267 2266/2266/2266 
f 2267/2267/2267 2268/2268/2268 2266/2266/2266 
f 2268/2268/2268 2269/2269/2269 2266/2266/2266 
f 2269/2269/2269 2270/2270/2270 2266/2266/2266 
f 2270/2270/2270 2271/2271/2271 2266/2266/2266 
f 2271/2271/2271 2272/2272/2272 2266/2266/2266 
f 2272/2272/2272 2273/2273/2273 2266/2266/2266 
f 2273/2273/2273 2274/2274/2274 2266/2266/2266 
f 2274/2274/2274 2275/2275/2275 2266/2266/2266 
f 2275/2275/2275 2276/2276/2276 2266/2266/2266 
f 2276/2276/2276 2264/2264/2264 2266/2266/2266 
f 2277/2277/2277 2278/2278/2278 2279/2279/2279 
f 2279/2279/2279 2280/2280/2280 2277/2277/2277 
f 2279/2279/2279 2281/2281/2281 2282/2282/2282 
f 2282/2282/2282 2280/2280/2280 2279/2279/2279 
f 2283/2283/2283 2284/2284/2284 2282/2282/2282 
f 2282/2282/2282 2281/2281/2281 2283/2283/2283 
f 2285/2285/2285 2286/2286/2286 2284/2284/2284 
f 2284/2284/2284 2283/2283/2283 2285/2285/2285 
f 2287/2287/2287 2288/2288/2288 2289/2289/2289 
f 2289/2289/2289 2290/2290/2290 2287/2287/2287 
f 2287/2287/2287 2290/2290/2290 2291/2291/2291 
f 2291/2291/2291 2292/2292/2292 2287/2287/2287 
f 2292/2292/2292 2291/2291/2291 2293/2293/2293 
f 2293/2293/2293 2294/2294/2294 2292/2292/2292 
f 2294/2294/2294 2293/2293/2293 2295/2295/2295 
f 2295/2295/2295 2296/2296/2296 2294/2294/2294 
f 2295/2295/2295 2297/2297/2297 2298/2298/2298 
f 2298/2298/2298 2296/2296/2296 2295/2295/2295 
f 2299/2299/2299 2300/2300/2300 2298/2298/2298 
f 2298/2298/2298 2297/2297/2297 2299/2299/2299 
f 2300/2300/2300 2299/2299/2299 2301/2301/2301 
f 2301/2301/2301 2302/2302/2302 2300/2300/2300 
f 2302/2302/2302 2301/2301/2301 2278/2278/2278 
f 2278/2278/2278 2277/2277/2277 2302/2302/2302 
f 2303/2303/2303 2304/2304/2304 2305/2305/2305 
f 2305/2305/2305 2306/2306/2306 2303/2303/2303 
f 2306/2306/2306 2305/2305/2305 2307/2307/2307 
f 2307/2307/2307 2308/2308/2308 2306/2306/2306 
f 2308/2308/2308 2307/2307/2307 2309/2309/2309 
f 2309/2309/2309 2310/2310/2310 2308/2308/2308 
f 2310/2310/2310 2309/2309/2309 2311/2311/2311 
f 2311/2311/2311 2312/2312/2312 2310/2310/2310 
f 2313/2313/2313 2314/2314/2314 2315/2315/2315 
f 2315/2315/2315 2316/2316/2316 2313/2313/2313 
f 2316/2316/2316 2315/2315/2315 2317/2317/2317 
f 2317/2317/2317 2318/2318/2318 2316/2316/2316 
f 2318/2318/2318 2317/2317/2317 2319/2319/2319 
f 2319/2319/2319 2320/2320/2320 2318/2318/2318 
f 2320/2320/2320 2319/2319/2319 2321/2321/2321 
f 2321/2321/2321 2322/2322/2322 2320/2320/2320 
f 2322/2322/2322 2321/2321/2321 2323/2323/2323 
f 2323/2323/2323 2324/2324/2324 2322/2322/2322 
f 2324/2324/2324 2323/2323/2323 2325/2325/2325 
f 2325/2325/2325 2326/2326/2326 2324/2324/2324 
f 2326/2326/2326 2325/2325/2325 2327/2327/2327 
f 2327/2327/2327 2328/2328/2328 2326/2326/2326 
f 2303/2303/2303 2328/2328/2328 2327/2327/2327 
f 2327/2327/2327 2304/2304/2304 2303/2303/2303 
f 2329/2329/2329 2330/2330/2330 2331/2331/2331 
f 2331/2331/2331 2332/2332/2332 2329/2329/2329 
f 2333/2333/2333 2334/2334/2334 2335/2335/2335 
f 2335/2335/2335 2336/2336/2336 2333/2333/2333 
f 2337/2337/2337 2338/2338/2338 2339/2339/2339 
f 2339/2339/2339 2340/2340/2340 2337/2337/2337 
f 2341/2341/2341 2342/2342/2342 2343/2343/2343 
f 2343/2343/2343 2344/2344/2344 2341/2341/2341 
f 2345/2345/2345 2346/2346/2346 2347/2347/2347 
f 2347/2347/2347 2348/2348/2348 2345/2345/2345 
f 2349/2349/2349 2350/2350/2350 2351/2351/2351 
f 2351/2351/2351 2352/2352/2352 2349/2349/2349 
f 2353/2353/2353 2354/2354/2354 2355/2355/2355 
f 2355/2355/2355 2356/2356/2356 2353/2353/2353 
f 2357/2357/2357 2358/2358/2358 2359/2359/2359 
f 2359/2359/2359 2360/2360/2360 2357/2357/2357 
f 2361/2361/2361 2362/2362/2362 2363/2363/2363 
f 2363/2363/2363 2364/2364/2364 2361/2361/2361 
f 2365/2365/2365 2366/2366/2366 2367/2367/2367 
f 2367/2367/2367 2368/2368/2368 2365/2365/2365 
f 2369/2369/2369 2370/2370/2370 2371/2371/2371 
f 2371/2371/2371 2372/2372/2372 2369/2369/2369 
f 2373/2373/2373 2374/2374/2374 2375/2375/2375 
f 2375/2375/2375 2376/2376/2376 2373/2373/2373 
f 2377/2377/2377 2378/2378/2378 2379/2379/2379 
f 2379/2379/2379 2380/2380/2380 2377/2377/2377 
f 2381/2381/2381 2382/2382/2382 2383/2383/2383 
f 2383/2383/2383 2384/2384/2384 2381/2381/2381 
f 2369/2369/2369 2385/2385/2385 2386/2386/2386 
f 2386/2386/2386 2370/2370/2370 2369/2369/2369 
f 2373/2373/2373 2387/2387/2387 2388/2388/2388 
f 2388/2388/2388 2374/2374/2374 2373/2373/2373 
f 2379/2379/2379 2378/2378/2378 2389/2389/2389 
f 2389/2389/2389 2390/2390/2390 2379/2379/2379 
f 2391/2391/2391 2384/2384/2384 2383/2383/2383 
f 2383/2383/2383 2392/2392/2392 2391/2391/2391 
f 2365/2365/2365 2393/2393/2393 2394/2394/2394 
f 2394/2394/2394 2366/2366/2366 2365/2365/2365 
f 2395/2395/2395 2396/2396/2396 2397/2397/2397 
f 2397/2397/2397 2398/2398/2398 2395/2395/2395 
f 2399/2399/2399 2400/2400/2400 2401/2401/2401 
f 2401/2401/2401 2402/2402/2402 2399/2399/2399 
f 2403/2403/2403 2349/2349/2349 2352/2352/2352 
f 2352/2352/2352 2404/2404/2404 2403/2403/2403 
f 2376/2376/2376 2349/2349/2349 2403/2403/2403 
f 2403/2403/2403 2405/2405/2405 2376/2376/2376 
f 2406/2406/2406 2407/2407/2407 2408/2408/2408 
f 2408/2408/2408 2409/2409/2409 2406/2406/2406 
f 2406/2406/2406 2409/2409/2409 2410/2410/2410 
f 2410/2410/2410 2411/2411/2411 2406/2406/2406 
f 2412/2412/2412 2413/2413/2413 2414/2414/2414 
f 2414/2414/2414 2415/2415/2415 2412/2412/2412 
f 2384/2384/2384 2391/2391/2391 2416/2416/2416 
f 2416/2416/2416 2417/2417/2417 2384/2384/2384 
f 2384/2384/2384 2417/2417/2417 2418/2418/2418 
f 2418/2418/2418 2381/2381/2381 2384/2384/2384 
f 2419/2419/2419 2420/2420/2420 2398/2398/2398 
f 2398/2398/2398 2421/2421/2421 2419/2419/2419 
f 2422/2422/2422 2423/2423/2423 2424/2424/2424 
f 2424/2424/2424 2394/2394/2394 2422/2422/2422 
f 2425/2425/2425 2426/2426/2426 2427/2427/2427 
f 2427/2427/2427 2428/2428/2428 2425/2425/2425 
f 2429/2429/2429 2403/2403/2403 2404/2404/2404 
f 2404/2404/2404 2430/2430/2430 2429/2429/2429 
f 2431/2431/2431 2405/2405/2405 2403/2403/2403 
f 2403/2403/2403 2429/2429/2429 2431/2431/2431 
f 2405/2405/2405 2431/2431/2431 2432/2432/2432 
f 2432/2432/2432 2409/2409/2409 2405/2405/2405 
f 2409/2409/2409 2432/2432/2432 2433/2433/2433 
f 2433/2433/2433 2410/2410/2410 2409/2409/2409 
f 2434/2434/2434 2435/2435/2435 2436/2436/2436 
f 2436/2436/2436 2437/2437/2437 2434/2434/2434 
f 2438/2438/2438 2417/2417/2417 2439/2439/2439 
f 2439/2439/2439 2440/2440/2440 2438/2438/2438 
f 2441/2441/2441 2393/2393/2393 2417/2417/2417 
f 2417/2417/2417 2438/2438/2438 2441/2441/2441 
f 2442/2442/2442 2443/2443/2443 2444/2444/2444 
f 2444/2444/2444 2445/2445/2445 2442/2442/2442 
f 2446/2446/2446 2447/2447/2447 2448/2448/2448 
f 2448/2448/2448 2449/2449/2449 2446/2446/2446 
f 2450/2450/2450 2451/2451/2451 2452/2452/2452 
f 2452/2452/2452 2453/2453/2453 2450/2450/2450 
f 2454/2454/2454 2455/2455/2455 2456/2456/2456 
f 2456/2456/2456 2457/2457/2457 2454/2454/2454 
f 2458/2458/2458 2459/2459/2459 2460/2460/2460 
f 2460/2460/2460 2461/2461/2461 2458/2458/2458 
f 2462/2462/2462 2463/2463/2463 2464/2464/2464 
f 2464/2464/2464 2465/2465/2465 2462/2462/2462 
f 2466/2466/2466 2467/2467/2467 2468/2468/2468 
f 2468/2468/2468 2469/2469/2469 2466/2466/2466 
f 2470/2470/2470 2471/2471/2471 2472/2472/2472 
f 2472/2472/2472 2473/2473/2473 2470/2470/2470 
f 2444/2444/2444 2474/2474/2474 2475/2475/2475 
f 2475/2475/2475 2445/2445/2445 2444/2444/2444 
f 2476/2476/2476 2477/2477/2477 2452/2452/2452 
f 2452/2452/2452 2451/2451/2451 2476/2476/2476 
f 2478/2478/2478 2479/2479/2479 2461/2461/2461 
f 2461/2461/2461 2460/2460/2460 2478/2478/2478 
f 2480/2480/2480 2481/2481/2481 2470/2470/2470 
f 2470/2470/2470 2473/2473/2473 2480/2480/2480 
f 2467/2467/2467 2482/2482/2482 2483/2483/2483 
f 2483/2483/2483 2468/2468/2468 2467/2467/2467 
f 2484/2484/2484 2485/2485/2485 2462/2462/2462 
f 2462/2462/2462 2465/2465/2465 2484/2484/2484 
f 2457/2457/2457 2486/2486/2486 2487/2487/2487 
f 2487/2487/2487 2454/2454/2454 2457/2457/2457 
f 2488/2488/2488 2449/2449/2449 2448/2448/2448 
f 2448/2448/2448 2489/2489/2489 2488/2488/2488 
f 2490/2490/2490 2491/2491/2491 2492/2492/2492 
f 2492/2492/2492 2493/2493/2493 2490/2490/2490 
f 2494/2494/2494 2495/2495/2495 2491/2491/2491 
f 2491/2491/2491 2490/2490/2490 2494/2494/2494 
f 2496/2496/2496 2497/2497/2497 2498/2498/2498 
f 2498/2498/2498 2499/2499/2499 2496/2496/2496 
f 2500/2500/2500 2501/2501/2501 2502/2502/2502 
f 2502/2502/2502 2503/2503/2503 2500/2500/2500 
f 2504/2504/2504 2505/2505/2505 2506/2506/2506 
f 2506/2506/2506 2507/2507/2507 2504/2504/2504 
f 2508/2508/2508 2509/2509/2509 2510/2510/2510 
f 2510/2510/2510 2511/2511/2511 2508/2508/2508 
f 2512/2512/2512 2513/2513/2513 2514/2514/2514 
f 2514/2514/2514 2515/2515/2515 2512/2512/2512 
f 2512/2512/2512 2516/2516/2516 2517/2517/2517 
f 2517/2517/2517 2513/2513/2513 2512/2512/2512 
f 2518/2518/2518 2519/2519/2519 2520/2520/2520 
f 2520/2520/2520 2521/2521/2521 2518/2518/2518 
f 2522/2522/2522 2523/2523/2523 2524/2524/2524 
f 2524/2524/2524 2525/2525/2525 2522/2522/2522 
f 2526/2526/2526 2527/2527/2527 2528/2528/2528 
f 2528/2528/2528 2529/2529/2529 2526/2526/2526 
f 2530/2530/2530 2531/2531/2531 2532/2532/2532 
f 2532/2532/2532 2533/2533/2533 2530/2530/2530 
f 2534/2534/2534 2532/2532/2532 2531/2531/2531 
f 2531/2531/2531 2535/2535/2535 2534/2534/2534 
f 2536/2536/2536 2537/2537/2537 2538/2538/2538 
f 2538/2538/2538 2539/2539/2539 2536/2536/2536 
f 2540/2540/2540 2541/2541/2541 2542/2542/2542 
f 2542/2542/2542 2543/2543/2543 2540/2540/2540 
f 2544/2544/2544 2545/2545/2545 2546/2546/2546 
f 2546/2546/2546 2547/2547/2547 2544/2544/2544 
f 2548/2548/2548 2549/2549/2549 2550/2550/2550 
f 2550/2550/2550 2551/2551/2551 2548/2548/2548 
f 2503/2503/2503 2502/2502/2502 2552/2552/2552 
f 2552/2552/2552 2553/2553/2553 2503/2503/2503 
f 2554/2554/2554 2555/2555/2555 2556/2556/2556 
f 2556/2556/2556 2557/2557/2557 2554/2554/2554 
f 2558/2558/2558 2559/2559/2559 2560/2560/2560 
f 2560/2560/2560 2561/2561/2561 2558/2558/2558 
f 2562/2562/2562 2563/2563/2563 2564/2564/2564 
f 2564/2564/2564 2565/2565/2565 2562/2562/2562 
f 2566/2566/2566 2567/2567/2567 2568/2568/2568 
f 2568/2568/2568 2569/2569/2569 2566/2566/2566 
f 2570/2570/2570 2571/2571/2571 2572/2572/2572 
f 2572/2572/2572 2573/2573/2573 2570/2570/2570 
f 2574/2574/2574 2575/2575/2575 2576/2576/2576 
f 2576/2576/2576 2577/2577/2577 2574/2574/2574 
f 2578/2578/2578 2579/2579/2579 2580/2580/2580 
f 2580/2580/2580 2581/2581/2581 2578/2578/2578 
f 2582/2582/2582 2583/2583/2583 2584/2584/2584 
f 2584/2584/2584 2585/2585/2585 2582/2582/2582 
f 2586/2586/2586 2587/2587/2587 2582/2582/2582 
f 2582/2582/2582 2585/2585/2585 2586/2586/2586 
f 2588/2588/2588 2589/2589/2589 2590/2590/2590 
f 2590/2590/2590 2591/2591/2591 2588/2588/2588 
f 2592/2592/2592 2593/2593/2593 2594/2594/2594 
f 2594/2594/2594 2595/2595/2595 2592/2592/2592 
f 2596/2596/2596 2597/2597/2597 2598/2598/2598 
f 2598/2598/2598 2599/2599/2599 2596/2596/2596 
f 2600/2600/2600 2601/2601/2601 2602/2602/2602 
f 2602/2602/2602 2603/2603/2603 2600/2600/2600 
f 2602/2602/2602 2593/2593/2593 2592/2592/2592 
f 2592/2592/2592 2603/2603/2603 2602/2602/2602 
f 2604/2604/2604 2605/2605/2605 2596/2596/2596 
f 2596/2596/2596 2599/2599/2599 2604/2604/2604 
f 2606/2606/2606 2607/2607/2607 2608/2608/2608 
f 2608/2608/2608 2609/2609/2609 2606/2606/2606 
f 2591/2591/2591 2590/2590/2590 2587/2587/2587 
f 2587/2587/2587 2586/2586/2586 2591/2591/2591 
f 2534/2534/2534 2535/2535/2535 2538/2538/2538 
f 2538/2538/2538 2537/2537/2537 2534/2534/2534 
f 2499/2499/2499 2498/2498/2498 2495/2495/2495 
f 2495/2495/2495 2494/2494/2494 2499/2499/2499 
f 2607/2607/2607 2606/2606/2606 2517/2517/2517 
f 2517/2517/2517 2516/2516/2516 2607/2607/2607 
f 2529/2529/2529 2515/2515/2515 2514/2514/2514 
f 2514/2514/2514 2526/2526/2526 2529/2529/2529 
f 2595/2595/2595 2594/2594/2594 2557/2557/2557 
f 2557/2557/2557 2556/2556/2556 2595/2595/2595 
f 2584/2584/2584 2583/2583/2583 2578/2578/2578 
f 2578/2578/2578 2581/2581/2581 2584/2584/2584 
f 2548/2548/2548 2551/2551/2551 2530/2530/2530 
f 2530/2530/2530 2533/2533/2533 2548/2548/2548 
f 2493/2493/2493 2492/2492/2492 2511/2511/2511 
f 2511/2511/2511 2510/2510/2510 2493/2493/2493 
f 2522/2522/2522 2528/2528/2528 2527/2527/2527 
f 2527/2527/2527 2523/2523/2523 2522/2522/2522 
f 2560/2560/2560 2555/2555/2555 2554/2554/2554 
f 2554/2554/2554 2561/2561/2561 2560/2560/2560 
f 2577/2577/2577 2576/2576/2576 2580/2580/2580 
f 2580/2580/2580 2579/2579/2579 2577/2577/2577 
f 2547/2547/2547 2546/2546/2546 2550/2550/2550 
f 2550/2550/2550 2549/2549/2549 2547/2547/2547 
f 2508/2508/2508 2505/2505/2505 2504/2504/2504 
f 2504/2504/2504 2509/2509/2509 2508/2508/2508 
f 2518/2518/2518 2525/2525/2525 2524/2524/2524 
f 2524/2524/2524 2519/2519/2519 2518/2518/2518 
f 2558/2558/2558 2565/2565/2565 2564/2564/2564 
f 2564/2564/2564 2559/2559/2559 2558/2558/2558 
f 2573/2573/2573 2575/2575/2575 2574/2574/2574 
f 2574/2574/2574 2570/2570/2570 2573/2573/2573 
f 2540/2540/2540 2545/2545/2545 2544/2544/2544 
f 2544/2544/2544 2541/2541/2541 2540/2540/2540 
f 2507/2507/2507 2506/2506/2506 2501/2501/2501 
f 2501/2501/2501 2500/2500/2500 2507/2507/2507 
f 2572/2572/2572 2571/2571/2571 2610/2610/2610 
f 2610/2610/2610 2611/2611/2611 2572/2572/2572 
f 2543/2543/2543 2542/2542/2542 2612/2612/2612 
f 2613/2613/2613 2521/2521/2521 2520/2520/2520 
f 2520/2520/2520 2614/2614/2614 2613/2613/2613 
f 2615/2615/2615 2563/2563/2563 2562/2562/2562 
f 2562/2562/2562 2616/2616/2616 2615/2615/2615 
f 2617/2617/2617 2618/2618/2618 2619/2619/2619 
f 2619/2619/2619 2620/2620/2620 2617/2617/2617 
f 2621/2621/2621 2619/2619/2619 2618/2618/2618 
f 2618/2618/2618 2622/2622/2622 2621/2621/2621 
f 2496/2496/2496 2623/2623/2623 2624/2624/2624 
f 2624/2624/2624 2497/2497/2497 2496/2496/2496 
f 2625/2625/2625 2626/2626/2626 2627/2627/2627 
f 2627/2627/2627 2628/2628/2628 2625/2625/2625 
f 2629/2629/2629 2630/2630/2630 2631/2631/2631 
f 2631/2631/2631 2632/2632/2632 2629/2629/2629 
f 2633/2633/2633 2634/2634/2634 2635/2635/2635 
f 2635/2635/2635 2636/2636/2636 2633/2633/2633 
f 2637/2637/2637 2638/2638/2638 2639/2639/2639 
f 2639/2639/2639 2640/2640/2640 2637/2637/2637 
f 2641/2641/2641 2640/2640/2640 2639/2639/2639 
f 2639/2639/2639 2642/2642/2642 2641/2641/2641 
f 2643/2643/2643 2644/2644/2644 2645/2645/2645 
f 2645/2645/2645 2646/2646/2646 2643/2643/2643 
f 2647/2647/2647 2648/2648/2648 2649/2649/2649 
f 2649/2649/2649 2650/2650/2650 2647/2647/2647 
f 2651/2651/2651 2652/2652/2652 2653/2653/2653 
f 2653/2653/2653 2654/2654/2654 2651/2651/2651 
f 2655/2655/2655 2656/2656/2656 2657/2657/2657 
f 2657/2657/2657 2658/2658/2658 2655/2655/2655 
f 2656/2656/2656 2655/2655/2655 2659/2659/2659 
f 2659/2659/2659 2660/2660/2660 2656/2656/2656 
f 2661/2661/2661 2536/2536/2536 2539/2539/2539 
f 2539/2539/2539 2662/2662/2662 2661/2661/2661 
f 2663/2663/2663 2664/2664/2664 2665/2665/2665 
f 2665/2665/2665 2666/2666/2666 2663/2663/2663 
f 2667/2667/2667 2668/2668/2668 2669/2669/2669 
f 2669/2669/2669 2670/2670/2670 2667/2667/2667 
f 2671/2671/2671 2672/2672/2672 2673/2673/2673 
f 2673/2673/2673 2674/2674/2674 2671/2671/2671 
f 2675/2675/2675 2628/2628/2628 2627/2627/2627 
f 2627/2627/2627 2676/2676/2676 2675/2675/2675 
f 2677/2677/2677 2678/2678/2678 2679/2679/2679 
f 2679/2679/2679 2680/2680/2680 2677/2677/2677 
f 2681/2681/2681 2682/2682/2682 2683/2683/2683 
f 2683/2683/2683 2684/2684/2684 2681/2681/2681 
f 2685/2685/2685 2686/2686/2686 2687/2687/2687 
f 2687/2687/2687 2688/2688/2688 2685/2685/2685 
f 2689/2689/2689 2690/2690/2690 2691/2691/2691 
f 2691/2691/2691 2692/2692/2692 2689/2689/2689 
f 2693/2693/2693 2694/2694/2694 2695/2695/2695 
f 2695/2695/2695 2696/2696/2696 2693/2693/2693 
f 2697/2697/2697 2698/2698/2698 2699/2699/2699 
f 2699/2699/2699 2700/2700/2700 2697/2697/2697 
f 2701/2701/2701 2702/2702/2702 2703/2703/2703 
f 2703/2703/2703 2704/2704/2704 2701/2701/2701 
f 2705/2705/2705 2706/2706/2706 2707/2707/2707 
f 2707/2707/2707 2708/2708/2708 2705/2705/2705 
f 2706/2706/2706 2705/2705/2705 2709/2709/2709 
f 2709/2709/2709 2710/2710/2710 2706/2706/2706 
f 2588/2588/2588 2711/2711/2711 2712/2712/2712 
f 2712/2712/2712 2589/2589/2589 2588/2588/2588 
f 2713/2713/2713 2714/2714/2714 2715/2715/2715 
f 2715/2715/2715 2716/2716/2716 2713/2713/2713 
f 2717/2717/2717 2718/2718/2718 2719/2719/2719 
f 2719/2719/2719 2720/2720/2720 2717/2717/2717 
f 2721/2721/2721 2722/2722/2722 2723/2723/2723 
f 2723/2723/2723 2724/2724/2724 2721/2721/2721 
f 2714/2714/2714 2713/2713/2713 2722/2722/2722 
f 2722/2722/2722 2721/2721/2721 2714/2714/2714 
f 2717/2717/2717 2720/2720/2720 2605/2605/2605 
f 2605/2605/2605 2604/2604/2604 2717/2717/2717 
f 2725/2725/2725 2726/2726/2726 2609/2609/2609 
f 2609/2609/2609 2608/2608/2608 2725/2725/2725 
f 2709/2709/2709 2712/2712/2712 2711/2711/2711 
f 2711/2711/2711 2710/2710/2710 2709/2709/2709 
f 2662/2662/2662 2660/2660/2660 2659/2659/2659 
f 2659/2659/2659 2661/2661/2661 2662/2662/2662 
f 2624/2624/2624 2623/2623/2623 2621/2621/2621 
f 2621/2621/2621 2622/2622/2622 2624/2624/2624 
f 2642/2642/2642 2726/2726/2726 2725/2725/2725 
f 2725/2725/2725 2641/2641/2641 2642/2642/2642 
f 2651/2651/2651 2638/2638/2638 2637/2637/2637 
f 2637/2637/2637 2652/2652/2652 2651/2651/2651 
f 2715/2715/2715 2677/2677/2677 2680/2680/2680 
f 2680/2680/2680 2716/2716/2716 2715/2715/2715 
f 2703/2703/2703 2702/2702/2702 2708/2708/2708 
f 2708/2708/2708 2707/2707/2707 2703/2703/2703 
f 2657/2657/2657 2674/2674/2674 2673/2673/2673 
f 2673/2673/2673 2658/2658/2658 2657/2657/2657 
f 2617/2617/2617 2620/2620/2620 2635/2635/2635 
f 2635/2635/2635 2634/2634/2634 2617/2617/2617 
f 2654/2654/2654 2653/2653/2653 2650/2650/2650 
f 2650/2650/2650 2649/2649/2649 2654/2654/2654 
f 2679/2679/2679 2678/2678/2678 2682/2682/2682 
f 2682/2682/2682 2681/2681/2681 2679/2679/2679 
f 2698/2698/2698 2701/2701/2701 2704/2704/2704 
f 2704/2704/2704 2699/2699/2699 2698/2698/2698 
f 2669/2669/2669 2672/2672/2672 2671/2671/2671 
f 2671/2671/2671 2670/2670/2670 2669/2669/2669 
f 2632/2632/2632 2633/2633/2633 2636/2636/2636 
f 2636/2636/2636 2629/2629/2629 2632/2632/2632 
f 2648/2648/2648 2647/2647/2647 2646/2646/2646 
f 2646/2646/2646 2645/2645/2645 2648/2648/2648 
f 2683/2683/2683 2686/2686/2686 2685/2685/2685 
f 2685/2685/2685 2684/2684/2684 2683/2683/2683 
f 2697/2697/2697 2700/2700/2700 2695/2695/2695 
f 2695/2695/2695 2694/2694/2694 2697/2697/2697 
f 2668/2668/2668 2667/2667/2667 2664/2664/2664 
f 2664/2664/2664 2663/2663/2663 2668/2668/2668 
f 2626/2626/2626 2625/2625/2625 2631/2631/2631 
f 2631/2631/2631 2630/2630/2630 2626/2626/2626 
f 2727/2727/2727 2728/2728/2728 2693/2693/2693 
f 2693/2693/2693 2696/2696/2696 2727/2727/2727 
f 2665/2665/2665 2729/2729/2729 2666/2666/2666 
f 2730/2730/2730 2644/2644/2644 2643/2643/2643 
f 2643/2643/2643 2731/2731/2731 2730/2730/2730 
f 2687/2687/2687 2732/2732/2732 2733/2733/2733 
f 2733/2733/2733 2688/2688/2688 2687/2687/2687 
f 2734/2734/2734 2731/2731/2731 2643/2643/2643 
f 2643/2643/2643 2735/2735/2735 2734/2734/2734 
f 2736/2736/2736 2737/2737/2737 2734/2734/2734 
f 2734/2734/2734 2735/2735/2735 2736/2736/2736 
f 2738/2738/2738 2737/2737/2737 2736/2736/2736 
f 2736/2736/2736 2739/2739/2739 2738/2738/2738 
f 2740/2740/2740 2738/2738/2738 2739/2739/2739 
f 2739/2739/2739 2741/2741/2741 2740/2740/2740 
f 2742/2742/2742 2743/2743/2743 2740/2740/2740 
f 2740/2740/2740 2741/2741/2741 2742/2742/2742 
f 2744/2744/2744 2745/2745/2745 2743/2743/2743 
f 2743/2743/2743 2742/2742/2742 2744/2744/2744 
f 2746/2746/2746 2747/2747/2747 2745/2745/2745 
f 2745/2745/2745 2744/2744/2744 2746/2746/2746 
f 2748/2748/2748 2749/2749/2749 2747/2747/2747 
f 2747/2747/2747 2746/2746/2746 2748/2748/2748 
f 2750/2750/2750 2751/2751/2751 2749/2749/2749 
f 2749/2749/2749 2748/2748/2748 2750/2750/2750 
f 2751/2751/2751 2750/2750/2750 2752/2752/2752 
f 2752/2752/2752 2753/2753/2753 2751/2751/2751 
f 2754/2754/2754 2755/2755/2755 2753/2753/2753 
f 2753/2753/2753 2752/2752/2752 2754/2754/2754 
f 2756/2756/2756 2755/2755/2755 2754/2754/2754 
f 2754/2754/2754 2757/2757/2757 2756/2756/2756 
f 2758/2758/2758 2759/2759/2759 2756/2756/2756 
f 2756/2756/2756 2757/2757/2757 2758/2758/2758 
f 2760/2760/2760 2761/2761/2761 2759/2759/2759 
f 2759/2759/2759 2758/2758/2758 2760/2760/2760 
f 2762/2762/2762 2763/2763/2763 2761/2761/2761 
f 2761/2761/2761 2760/2760/2760 2762/2762/2762 
f 2764/2764/2764 2763/2763/2763 2762/2762/2762 
f 2762/2762/2762 2765/2765/2765 2764/2764/2764 
f 2766/2766/2766 2764/2764/2764 2765/2765/2765 
f 2765/2765/2765 2767/2767/2767 2766/2766/2766 
f 2768/2768/2768 2769/2769/2769 2766/2766/2766 
f 2766/2766/2766 2767/2767/2767 2768/2768/2768 
f 2770/2770/2770 2769/2769/2769 2768/2768/2768 
f 2768/2768/2768 2771/2771/2771 2770/2770/2770 
f 2771/2771/2771 2521/2521/2521 2613/2613/2613 
f 2613/2613/2613 2770/2770/2770 2771/2771/2771 
f 2772/2772/2772 2773/2773/2773 2774/2774/2774 
f 2774/2774/2774 2775/2775/2775 2772/2772/2772 
f 2776/2776/2776 2777/2777/2777 2774/2774/2774 
f 2774/2774/2774 2773/2773/2773 2776/2776/2776 
f 2778/2778/2778 2777/2777/2777 2776/2776/2776 
f 2776/2776/2776 2779/2779/2779 2778/2778/2778 
f 2779/2779/2779 2780/2780/2780 2781/2781/2781 
f 2781/2781/2781 2778/2778/2778 2779/2779/2779 
f 2782/2782/2782 2783/2783/2783 2784/2784/2784 
f 2784/2784/2784 2785/2785/2785 2782/2782/2782 
f 2783/2783/2783 2782/2782/2782 2786/2786/2786 
f 2786/2786/2786 2787/2787/2787 2783/2783/2783 
f 2788/2788/2788 2789/2789/2789 2790/2790/2790 
f 2790/2790/2790 2791/2791/2791 2788/2788/2788 
f 2792/2792/2792 2793/2793/2793 2794/2794/2794 
f 2794/2794/2794 2795/2795/2795 2792/2792/2792 
f 2796/2796/2796 2797/2797/2797 2798/2798/2798 
f 2798/2798/2798 2799/2799/2799 2796/2796/2796 
f 2800/2800/2800 2801/2801/2801 2802/2802/2802 
f 2802/2802/2802 2803/2803/2803 2800/2800/2800 
f 2804/2804/2804 2805/2805/2805 2806/2806/2806 
f 2806/2806/2806 2807/2807/2807 2804/2804/2804 
f 2806/2806/2806 2808/2808/2808 2809/2809/2809 
f 2809/2809/2809 2807/2807/2807 2806/2806/2806 
f 2810/2810/2810 2811/2811/2811 2812/2812/2812 
f 2812/2812/2812 2813/2813/2813 2810/2810/2810 
f 2814/2814/2814 2815/2815/2815 2816/2816/2816 
f 2816/2816/2816 2817/2817/2817 2814/2814/2814 
f 2818/2818/2818 2819/2819/2819 2820/2820/2820 
f 2820/2820/2820 2821/2821/2821 2818/2818/2818 
f 2822/2822/2822 2823/2823/2823 2824/2824/2824 
f 2824/2824/2824 2825/2825/2825 2822/2822/2822 
f 2826/2826/2826 2827/2827/2827 2822/2822/2822 
f 2822/2822/2822 2825/2825/2825 2826/2826/2826 
f 2828/2828/2828 2829/2829/2829 2830/2830/2830 
f 2830/2830/2830 2831/2831/2831 2828/2828/2828 
f 2832/2832/2832 2833/2833/2833 2834/2834/2834 
f 2834/2834/2834 2835/2835/2835 2832/2832/2832 
f 2836/2836/2836 2837/2837/2837 2838/2838/2838 
f 2838/2838/2838 2839/2839/2839 2836/2836/2836 
f 2840/2840/2840 2841/2841/2841 2842/2842/2842 
f 2842/2842/2842 2843/2843/2843 2840/2840/2840 
f 2844/2844/2844 2794/2794/2794 2793/2793/2793 
f 2793/2793/2793 2845/2845/2845 2844/2844/2844 
f 2846/2846/2846 2847/2847/2847 2848/2848/2848 
f 2848/2848/2848 2849/2849/2849 2846/2846/2846 
f 2850/2850/2850 2851/2851/2851 2852/2852/2852 
f 2852/2852/2852 2853/2853/2853 2850/2850/2850 
f 2854/2854/2854 2855/2855/2855 2856/2856/2856 
f 2856/2856/2856 2857/2857/2857 2854/2854/2854 
f 2858/2858/2858 2859/2859/2859 2860/2860/2860 
f 2860/2860/2860 2861/2861/2861 2858/2858/2858 
f 2862/2862/2862 2863/2863/2863 2864/2864/2864 
f 2864/2864/2864 2865/2865/2865 2862/2862/2862 
f 2866/2866/2866 2867/2867/2867 2868/2868/2868 
f 2868/2868/2868 2869/2869/2869 2866/2866/2866 
f 2870/2870/2870 2871/2871/2871 2872/2872/2872 
f 2872/2872/2872 2873/2873/2873 2870/2870/2870 
f 2874/2874/2874 2875/2875/2875 2876/2876/2876 
f 2876/2876/2876 2877/2877/2877 2874/2874/2874 
f 2875/2875/2875 2874/2874/2874 2878/2878/2878 
f 2878/2878/2878 2879/2879/2879 2875/2875/2875 
f 2880/2880/2880 2881/2881/2881 2882/2882/2882 
f 2882/2882/2882 2883/2883/2883 2880/2880/2880 
f 2884/2884/2884 2885/2885/2885 2886/2886/2886 
f 2886/2886/2886 2887/2887/2887 2884/2884/2884 
f 2888/2888/2888 2889/2889/2889 2890/2890/2890 
f 2890/2890/2890 2891/2891/2891 2888/2888/2888 
f 2892/2892/2892 2893/2893/2893 2894/2894/2894 
f 2894/2894/2894 2895/2895/2895 2892/2892/2892 
f 2887/2887/2887 2886/2886/2886 2893/2893/2893 
f 2893/2893/2893 2892/2892/2892 2887/2887/2887 
f 2896/2896/2896 2889/2889/2889 2888/2888/2888 
f 2888/2888/2888 2897/2897/2897 2896/2896/2896 
f 2898/2898/2898 2899/2899/2899 2900/2900/2900 
f 2900/2900/2900 2901/2901/2901 2898/2898/2898 
f 2883/2883/2883 2882/2882/2882 2879/2879/2879 
f 2879/2879/2879 2878/2878/2878 2883/2883/2883 
f 2828/2828/2828 2831/2831/2831 2827/2827/2827 
f 2827/2827/2827 2826/2826/2826 2828/2828/2828 
f 2788/2788/2788 2787/2787/2787 2786/2786/2786 
f 2786/2786/2786 2789/2789/2789 2788/2788/2788 
f 2898/2898/2898 2901/2901/2901 2809/2809/2809 
f 2809/2809/2809 2808/2808/2808 2898/2898/2898 
f 2804/2804/2804 2820/2820/2820 2819/2819/2819 
f 2819/2819/2819 2805/2805/2805 2804/2804/2804 
f 2847/2847/2847 2885/2885/2885 2884/2884/2884 
f 2884/2884/2884 2848/2848/2848 2847/2847/2847 
f 2877/2877/2877 2876/2876/2876 2873/2873/2873 
f 2873/2873/2873 2872/2872/2872 2877/2877/2877 
f 2842/2842/2842 2841/2841/2841 2824/2824/2824 
f 2824/2824/2824 2823/2823/2823 2842/2842/2842 
f 2785/2785/2785 2784/2784/2784 2802/2802/2802 
f 2802/2802/2802 2801/2801/2801 2785/2785/2785 
f 2814/2814/2814 2818/2818/2818 2821/2821/2821 
f 2821/2821/2821 2815/2815/2815 2814/2814/2814 
f 2846/2846/2846 2849/2849/2849 2850/2850/2850 
f 2850/2850/2850 2853/2853/2853 2846/2846/2846 
f 2870/2870/2870 2866/2866/2866 2869/2869/2869 
f 2869/2869/2869 2871/2871/2871 2870/2870/2870 
f 2836/2836/2836 2839/2839/2839 2840/2840/2840 
f 2840/2840/2840 2843/2843/2843 2836/2836/2836 
f 2796/2796/2796 2800/2800/2800 2803/2803/2803 
f 2803/2803/2803 2797/2797/2797 2796/2796/2796 
f 2816/2816/2816 2811/2811/2811 2810/2810/2810 
f 2810/2810/2810 2817/2817/2817 2816/2816/2816 
f 2856/2856/2856 2855/2855/2855 2852/2852/2852 
f 2852/2852/2852 2851/2851/2851 2856/2856/2856 
f 2865/2865/2865 2864/2864/2864 2868/2868/2868 
f 2868/2868/2868 2867/2867/2867 2865/2865/2865 
f 2833/2833/2833 2832/2832/2832 2838/2838/2838 
f 2838/2838/2838 2837/2837/2837 2833/2833/2833 
f 2795/2795/2795 2799/2799/2799 2798/2798/2798 
f 2798/2798/2798 2792/2792/2792 2795/2795/2795 
f 2862/2862/2862 2902/2902/2902 2903/2903/2903 
f 2903/2903/2903 2863/2863/2863 2862/2862/2862 
f 2834/2834/2834 2904/2904/2904 2835/2835/2835 
f 2813/2813/2813 2812/2812/2812 2905/2905/2905 
f 2905/2905/2905 2906/2906/2906 2813/2813/2813 
f 2854/2854/2854 2857/2857/2857 2907/2907/2907 
f 2907/2907/2907 2908/2908/2908 2854/2854/2854 
f 2909/2909/2909 2910/2910/2910 2911/2911/2911 
f 2911/2911/2911 2912/2912/2912 2909/2909/2909 
f 2913/2913/2913 2912/2912/2912 2911/2911/2911 
f 2911/2911/2911 2914/2914/2914 2913/2913/2913 
f 2915/2915/2915 2791/2791/2791 2790/2790/2790 
f 2790/2790/2790 2916/2916/2916 2915/2915/2915 
f 2917/2917/2917 2918/2918/2918 2919/2919/2919 
f 2919/2919/2919 2920/2920/2920 2917/2917/2917 
f 2921/2921/2921 2922/2922/2922 2923/2923/2923 
f 2923/2923/2923 2924/2924/2924 2921/2921/2921 
f 2925/2925/2925 2926/2926/2926 2927/2927/2927 
f 2927/2927/2927 2928/2928/2928 2925/2925/2925 
f 2929/2929/2929 2930/2930/2930 2931/2931/2931 
f 2931/2931/2931 2932/2932/2932 2929/2929/2929 
f 2931/2931/2931 2933/2933/2933 2934/2934/2934 
f 2934/2934/2934 2932/2932/2932 2931/2931/2931 
f 2935/2935/2935 2936/2936/2936 2937/2937/2937 
f 2937/2937/2937 2938/2938/2938 2935/2935/2935 
f 2939/2939/2939 2940/2940/2940 2941/2941/2941 
f 2941/2941/2941 2942/2942/2942 2939/2939/2939 
f 2943/2943/2943 2944/2944/2944 2945/2945/2945 
f 2945/2945/2945 2946/2946/2946 2943/2943/2943 
f 2947/2947/2947 2948/2948/2948 2949/2949/2949 
f 2949/2949/2949 2950/2950/2950 2947/2947/2947 
f 2947/2947/2947 2950/2950/2950 2951/2951/2951 
f 2951/2951/2951 2952/2952/2952 2947/2947/2947 
f 2953/2953/2953 2830/2830/2830 2829/2829/2829 
f 2829/2829/2829 2954/2954/2954 2953/2953/2953 
f 2955/2955/2955 2956/2956/2956 2957/2957/2957 
f 2957/2957/2957 2958/2958/2958 2955/2955/2955 
f 2959/2959/2959 2960/2960/2960 2961/2961/2961 
f 2961/2961/2961 2962/2962/2962 2959/2959/2959 
f 2963/2963/2963 2964/2964/2964 2965/2965/2965 
f 2965/2965/2965 2966/2966/2966 2963/2963/2963 
f 2967/2967/2967 2968/2968/2968 2918/2918/2918 
f 2918/2918/2918 2917/2917/2917 2967/2967/2967 
f 2969/2969/2969 2970/2970/2970 2971/2971/2971 
f 2971/2971/2971 2972/2972/2972 2969/2969/2969 
f 2973/2973/2973 2974/2974/2974 2975/2975/2975 
f 2975/2975/2975 2976/2976/2976 2973/2973/2973 
f 2977/2977/2977 2978/2978/2978 2979/2979/2979 
f 2979/2979/2979 2980/2980/2980 2977/2977/2977 
f 2981/2981/2981 2982/2982/2982 2983/2983/2983 
f 2983/2983/2983 2984/2984/2984 2981/2981/2981 
f 2985/2985/2985 2986/2986/2986 2987/2987/2987 
f 2987/2987/2987 2988/2988/2988 2985/2985/2985 
f 2989/2989/2989 2990/2990/2990 2991/2991/2991 
f 2991/2991/2991 2992/2992/2992 2989/2989/2989 
f 2993/2993/2993 2994/2994/2994 2995/2995/2995 
f 2995/2995/2995 2996/2996/2996 2993/2993/2993 
f 2997/2997/2997 2998/2998/2998 2999/2999/2999 
f 2999/2999/2999 3000/3000/3000 2997/2997/2997 
f 3001/3001/3001 3002/3002/3002 2998/2998/2998 
f 2998/2998/2998 2997/2997/2997 3001/3001/3001 
f 3003/3003/3003 3004/3004/3004 2881/2881/2881 
f 2881/2881/2881 2880/2880/2880 3003/3003/3003 
f 3005/3005/3005 3006/3006/3006 3007/3007/3007 
f 3007/3007/3007 3008/3008/3008 3005/3005/3005 
f 3009/3009/3009 3010/3010/3010 3011/3011/3011 
f 3011/3011/3011 3012/3012/3012 3009/3009/3009 
f 3013/3013/3013 3014/3014/3014 3015/3015/3015 
f 3015/3015/3015 3016/3016/3016 3013/3013/3013 
f 3008/3008/3008 3015/3015/3015 3014/3014/3014 
f 3014/3014/3014 3005/3005/3005 3008/3008/3008 
f 2896/2896/2896 2897/2897/2897 3010/3010/3010 
f 3010/3010/3010 3009/3009/3009 2896/2896/2896 
f 2900/2900/2900 2899/2899/2899 3017/3017/3017 
f 3017/3017/3017 3018/3018/3018 2900/2900/2900 
f 3002/3002/3002 3001/3001/3001 3004/3004/3004 
f 3004/3004/3004 3003/3003/3003 3002/3002/3002 
f 2954/2954/2954 2952/2952/2952 2951/2951/2951 
f 2951/2951/2951 2953/2953/2953 2954/2954/2954 
f 2915/2915/2915 2916/2916/2916 2913/2913/2913 
f 2913/2913/2913 2914/2914/2914 2915/2915/2915 
f 2934/2934/2934 2933/2933/2933 3018/3018/3018 
f 3018/3018/3018 3017/3017/3017 2934/2934/2934 
f 2929/2929/2929 2945/2945/2945 2944/2944/2944 
f 2944/2944/2944 2930/2930/2930 2929/2929/2929 
f 3007/3007/3007 3006/3006/3006 2969/2969/2969 
f 2969/2969/2969 2972/2972/2972 3007/3007/3007 
f 2993/2993/2993 3000/3000/3000 2999/2999/2999 
f 2999/2999/2999 2994/2994/2994 2993/2993/2993 
f 2966/2966/2966 2965/2965/2965 2949/2949/2949 
f 2949/2949/2949 2948/2948/2948 2966/2966/2966 
f 2910/2910/2910 2909/2909/2909 2927/2927/2927 
f 2927/2927/2927 2926/2926/2926 2910/2910/2910 
f 2939/2939/2939 2943/2943/2943 2946/2946/2946 
f 2946/2946/2946 2940/2940/2940 2939/2939/2939 
f 2976/2976/2976 2975/2975/2975 2971/2971/2971 
f 2971/2971/2971 2970/2970/2970 2976/2976/2976 
f 2995/2995/2995 2990/2990/2990 2989/2989/2989 
f 2989/2989/2989 2996/2996/2996 2995/2995/2995 
f 2960/2960/2960 2964/2964/2964 2963/2963/2963 
f 2963/2963/2963 2961/2961/2961 2960/2960/2960 
f 2928/2928/2928 2921/2921/2921 2924/2924/2924 
f 2924/2924/2924 2925/2925/2925 2928/2928/2928 
f 2941/2941/2941 2937/2937/2937 2936/2936/2936 
f 2936/2936/2936 2942/2942/2942 2941/2941/2941 
f 2973/2973/2973 2977/2977/2977 2980/2980/2980 
f 2980/2980/2980 2974/2974/2974 2973/2973/2973 
f 2985/2985/2985 2992/2992/2992 2991/2991/2991 
f 2991/2991/2991 2986/2986/2986 2985/2985/2985 
f 2956/2956/2956 2955/2955/2955 2959/2959/2959 
f 2959/2959/2959 2962/2962/2962 2956/2956/2956 
f 2923/2923/2923 2922/2922/2922 2920/2920/2920 
f 2920/2920/2920 2919/2919/2919 2923/2923/2923 
f 3019/3019/3019 2988/2988/2988 2987/2987/2987 
f 2987/2987/2987 3020/3020/3020 3019/3019/3019 
f 2958/2958/2958 2957/2957/2957 3021/3021/3021 
f 2935/2935/2935 2938/2938/2938 3022/3022/3022 
f 3022/3022/3022 3023/3023/3023 2935/2935/2935 
f 3024/3024/3024 2979/2979/2979 2978/2978/2978 
f 2978/2978/2978 3025/3025/3025 3024/3024/3024 
f 3023/3023/3023 3026/3026/3026 3027/3027/3027 
f 3027/3027/3027 2935/2935/2935 3023/3023/3023 
f 3028/3028/3028 3029/3029/3029 3027/3027/3027 
f 3027/3027/3027 3026/3026/3026 3028/3028/3028 
f 3028/3028/3028 3030/3030/3030 3031/3031/3031 
f 3031/3031/3031 3029/3029/3029 3028/3028/3028 
f 3030/3030/3030 3032/3032/3032 3033/3033/3033 
f 3033/3033/3033 3031/3031/3031 3030/3030/3030 
f 3033/3033/3033 3032/3032/3032 3034/3034/3034 
f 3034/3034/3034 3035/3035/3035 3033/3033/3033 
f 3036/3036/3036 3035/3035/3035 3034/3034/3034 
f 3034/3034/3034 3037/3037/3037 3036/3036/3036 
f 3037/3037/3037 3038/3038/3038 3039/3039/3039 
f 3039/3039/3039 3036/3036/3036 3037/3037/3037 
f 3038/3038/3038 3040/3040/3040 3041/3041/3041 
f 3041/3041/3041 3039/3039/3039 3038/3038/3038 
f 3041/3041/3041 3040/3040/3040 3042/3042/3042 
f 3042/3042/3042 3043/3043/3043 3041/3041/3041 
f 3044/3044/3044 3043/3043/3043 3042/3042/3042 
f 3042/3042/3042 3045/3045/3045 3044/3044/3044 
f 3044/3044/3044 3045/3045/3045 3046/3046/3046 
f 3046/3046/3046 3047/3047/3047 3044/3044/3044 
f 3048/3048/3048 3047/3047/3047 3046/3046/3046 
f 3046/3046/3046 3049/3049/3049 3048/3048/3048 
f 3049/3049/3049 3050/3050/3050 3051/3051/3051 
f 3051/3051/3051 3048/3048/3048 3049/3049/3049 
f 3050/3050/3050 3052/3052/3052 3053/3053/3053 
f 3053/3053/3053 3051/3051/3051 3050/3050/3050 
f 3053/3053/3053 3052/3052/3052 3054/3054/3054 
f 3054/3054/3054 3055/3055/3055 3053/3053/3053 
f 3056/3056/3056 3057/3057/3057 3055/3055/3055 
f 3055/3055/3055 3054/3054/3054 3056/3056/3056 
f 3058/3058/3058 3059/3059/3059 3057/3057/3057 
f 3057/3057/3057 3056/3056/3056 3058/3058/3058 
f 3059/3059/3059 3058/3058/3058 3060/3060/3060 
f 3060/3060/3060 3061/3061/3061 3059/3059/3059 
f 3062/3062/3062 3061/3061/3061 3060/3060/3060 
f 3060/3060/3060 3063/3063/3063 3062/3062/3062 
f 3063/3063/3063 2905/2905/2905 2812/2812/2812 
f 2812/2812/2812 3062/3062/3062 3063/3063/3063 
f 3064/3064/3064 3065/3065/3065 3066/3066/3066 
f 3066/3066/3066 3067/3067/3067 3064/3064/3064 
f 3068/3068/3068 3069/3069/3069 3064/3064/3064 
f 3064/3064/3064 3067/3067/3067 3068/3068/3068 
f 3070/3070/3070 3071/3071/3071 3069/3069/3069 
f 3069/3069/3069 3068/3068/3068 3070/3070/3070 
f 3071/3071/3071 3070/3070/3070 3072/3072/3072 
f 3072/3072/3072 2780/2780/2780 3071/3071/3071 

g RedRetroRobot5

v 0.386807 4.09346 -0.319706 
v 0.386807 3.91787 -0.319706 
v 0.147747 3.91787 -0.493393 
v 0.147747 4.09346 -0.493393 
v -0.147747 3.91787 -0.493393 
v -0.147747 4.09346 -0.493393 
v 0.147747 4.09346 -0.493393 
v 0.147747 3.91787 -0.493393 
v -0.386807 3.91787 -0.319706 
v -0.386807 4.09346 -0.319706 
v -0.47812 3.91787 -0.038674 
v -0.47812 4.09346 -0.0386739 
v -0.386807 3.91787 0.242358 
v -0.386807 4.09346 0.242358 
v -0.147747 3.91787 0.416045 
v -0.147747 4.09346 0.416045 
v 0.147747 4.09346 0.416045 
v 0.147747 3.91787 0.416045 
v 0.386807 3.91787 0.242358 
v 0.386807 4.09346 0.242358 
v 0.47812 3.91787 -0.0386738 
v 0.47812 4.09346 -0.0386738 
v 0.386807 4.09346 -0.319706 
v 0.147747 4.09346 -0.493393 
v -1.8696e-07 4.09346 -0.0386739 
v -0.147747 4.09346 -0.493393 
v -0.386807 4.09346 -0.319706 
v -0.47812 4.09346 -0.0386739 
v -0.386807 4.09346 0.242358 
v -0.147747 4.09346 0.416045 
v 0.147747 4.09346 0.416045 
v 0.386807 4.09346 0.242358 
v 0.47812 4.09346 -0.0386738 
v -0.684292 2.38201 0.457961 
v -0.684292 2.38603 0.399112 
v -0.176751 2.38603 0.399112 
v -0.176751 2.38201 0.457961 
v -0.1663 2.6892 0.502592 
v -0.1663 2.39241 0.459472 
v -0.1663 2.39643 0.400623 
v -0.1663 2.69322 0.443744 
v -0.684292 2.70362 0.445255 
v -0.684292 2.6996 0.504103 
v -0.176751 2.6996 0.504103 
v -0.176751 2.70362 0.445255 
v -0.694744 2.39643 0.400623 
v -0.694744 2.39241 0.459472 
v -0.694744 2.6892 0.502592 
v -0.694744 2.69322 0.443744 
v -0.1663 2.6892 0.502592 
v -0.176751 2.6996 0.504103 
v -0.176751 2.38201 0.457961 
v -0.1663 2.39241 0.459472 
v -0.691683 2.38908 0.399555 
v -0.691683 2.38505 0.458404 
v -0.694744 2.39241 0.459472 
v -0.694744 2.39643 0.400623 
v -0.691683 2.38505 0.458404 
v -0.691683 2.38908 0.399555 
v -0.684292 2.38603 0.399112 
v -0.684292 2.38201 0.457961 
v -0.176751 2.38603 0.399112 
v -0.169361 2.38908 0.399555 
v -0.169361 2.38505 0.458404 
v -0.176751 2.38201 0.457961 
v -0.1663 2.39643 0.400623 
v -0.1663 2.39241 0.459472 
v -0.169361 2.38505 0.458404 
v -0.169361 2.38908 0.399555 
v -0.169361 2.70057 0.444812 
v -0.169361 2.69655 0.503661 
v -0.1663 2.6892 0.502592 
v -0.1663 2.69322 0.443744 
v -0.176751 2.70362 0.445255 
v -0.176751 2.6996 0.504103 
v -0.169361 2.69655 0.503661 
v -0.169361 2.70057 0.444812 
v -0.684292 2.70362 0.445255 
v -0.691683 2.70057 0.444812 
v -0.691683 2.69655 0.503661 
v -0.684292 2.6996 0.504103 
v -0.694744 2.69322 0.443744 
v -0.694744 2.6892 0.502592 
v -0.691683 2.69655 0.503661 
v -0.691683 2.70057 0.444812 
v -0.694744 2.39241 0.459472 
v -0.691683 2.38505 0.458404 
v -0.684292 2.38201 0.457961 
v -0.1663 2.39241 0.459472 
v -0.176751 2.38201 0.457961 
v -0.169361 2.38505 0.458404 
v -0.176751 2.6996 0.504103 
v -0.1663 2.6892 0.502592 
v -0.169361 2.69655 0.503661 
v -0.694744 2.6892 0.502592 
v -0.684292 2.6996 0.504103 
v -0.691683 2.69655 0.503661 
v -0.684292 2.38201 0.457961 
v -0.176751 2.38201 0.457961 
v -0.176751 2.6996 0.504103 
v -0.684292 2.6996 0.504103 
v -0.694744 2.6892 0.502592 
v -0.694744 2.39241 0.459472 
v -0.684292 2.38201 0.457961 
v -0.684292 2.6996 0.504103 
v 0.529115 3.12936 0.533521 
v 0.242185 3.12935 0.533387 
v 0.242186 2.8428 0.503147 
v 0.50399 2.84281 0.503232 
v -0.0358002 3.12935 0.533386 
v -0.0358002 2.8428 0.503147 
v 0.0357998 2.8428 0.503147 
v 0.0357998 3.12935 0.533386 
v -0.529115 3.12936 0.533521 
v -0.50399 2.84281 0.503232 
v -0.242186 2.8428 0.503147 
v -0.242185 3.12935 0.533387 
v 0.242186 2.8428 0.503147 
v 0.274478 2.80448 0.463464 
v 0.571188 2.80449 0.463561 
v 0.50399 2.84281 0.503232 
v 0.529115 3.12936 0.533521 
v 0.50399 2.84281 0.503232 
v 0.571188 2.80449 0.463561 
v 0.599664 3.16768 0.497887 
v 0.274477 3.16767 0.497735 
v 0.242185 3.12935 0.533387 
v 0.529115 3.12936 0.533521 
v 0.599664 3.16768 0.497887 
v 0.0357998 3.12935 0.533386 
v 0.0405728 3.16767 0.497735 
v -0.0405732 3.16767 0.497735 
v -0.0358002 3.12935 0.533386 
v -0.0358002 2.8428 0.503147 
v -0.0405731 2.80449 0.463464 
v 0.0405729 2.80449 0.463464 
v 0.0357998 2.8428 0.503147 
v -0.242185 3.12935 0.533387 
v -0.274477 3.16767 0.497735 
v -0.599664 3.16768 0.497887 
v -0.529115 3.12936 0.533521 
v -0.599664 3.16768 0.497887 
v -0.571188 2.80449 0.463561 
v -0.50399 2.84281 0.503232 
v -0.529115 3.12936 0.533521 
v -0.274478 2.80448 0.463464 
v -0.242186 2.8428 0.503147 
v -0.50399 2.84281 0.503232 
v -0.571188 2.80449 0.463561 
v 0.567391 2.72607 0.51543 
v 0.639856 2.60107 0.50381 
v 0.639856 2.62025 0.297485 
v 0.567391 2.74525 0.309105 
v 0.441867 2.79824 0.52214 
v 0.441867 2.81742 0.315815 
v 0.296918 2.79825 0.522141 
v 0.441867 2.81742 0.315815 
v 0.296918 2.81743 0.315816 
v 0.171384 2.72609 0.515433 
v 0.171384 2.74527 0.309108 
v 0.0988999 2.60111 0.503814 
v 0.171384 2.74527 0.309108 
v 0.0988999 2.62029 0.297489 
v 0.0988889 2.47596 0.284071 
v 0.0988889 2.45678 0.490396 
v 0.171354 2.35097 0.272451 
v 0.171354 2.33179 0.478776 
v 0.0988889 2.47596 0.284071 
v 0.296878 2.25961 0.472066 
v 0.296878 2.2788 0.265741 
v 0.441827 2.2596 0.472065 
v 0.296878 2.2788 0.265741 
v 0.441827 2.27878 0.26574 
v 0.567362 2.35094 0.272448 
v 0.567362 2.33176 0.478773 
v 0.639846 2.47592 0.284067 
v 0.639846 2.45674 0.490392 
v 0.567362 2.35094 0.272448 
v 0.639856 2.62025 0.297485 
v 0.639856 2.60107 0.50381 
v 0.567391 2.72607 0.51543 
v 0.369373 2.52893 0.497103 
v 0.567391 2.72607 0.51543 
v 0.441867 2.79824 0.52214 
v 0.369373 2.52893 0.497103 
v 0.441867 2.79824 0.52214 
v 0.296918 2.79825 0.522141 
v 0.369373 2.52893 0.497103 
v 0.296918 2.79825 0.522141 
v 0.171384 2.72609 0.515433 
v 0.369373 2.52893 0.497103 
v 0.171384 2.72609 0.515433 
v 0.0988999 2.60111 0.503814 
v 0.369373 2.52893 0.497103 
v 0.0988999 2.60111 0.503814 
v 0.0988889 2.45678 0.490396 
v 0.369373 2.52893 0.497103 
v 0.0988889 2.45678 0.490396 
v 0.171354 2.33179 0.478776 
v 0.369373 2.52893 0.497103 
v 0.171354 2.33179 0.478776 
v 0.296878 2.25961 0.472066 
v 0.369373 2.52893 0.497103 
v 0.296878 2.25961 0.472066 
v 0.441827 2.2596 0.472065 
v 0.369373 2.52893 0.497103 
v 0.441827 2.2596 0.472065 
v 0.567362 2.33176 0.478773 
v 0.369373 2.52893 0.497103 
v 0.567362 2.33176 0.478773 
v 0.639846 2.45674 0.490392 
v 0.369373 2.52893 0.497103 
v 0.639846 2.45674 0.490392 
v 0.639856 2.60107 0.50381 
v 0.369373 2.52893 0.497103 
v 0.655854 3.35855 0.399118 
v 0.655854 3.31121 0.399118 
v -0.59675 3.31121 0.399118 
v -0.59675 3.35855 0.399118 
v -0.59675 3.31121 0.399118 
v 0.655854 3.31121 0.399118 
v 0.655854 3.28755 0.440114 
v -0.59675 3.28755 0.440114 
v 0.655854 3.28755 0.440114 
v 0.655854 3.31121 0.48111 
v -0.59675 3.31121 0.48111 
v -0.59675 3.28755 0.440114 
v -0.59675 3.31121 0.48111 
v 0.655854 3.31121 0.48111 
v 0.655854 3.35855 0.48111 
v -0.59675 3.35855 0.48111 
v -0.59675 3.35855 0.48111 
v 0.655854 3.35855 0.48111 
v 0.655854 3.38222 0.440114 
v -0.59675 3.38222 0.440114 
v -0.59675 3.38222 0.440114 
v 0.655854 3.38222 0.440114 
v 0.655854 3.35855 0.399118 
v -0.59675 3.35855 0.399118 
v -0.133317 3.1163 0.576819 
v -0.0717821 3.09081 0.576819 
v -0.0717822 3.09081 0.402771 
v -0.133317 3.1163 0.402771 
v -0.194852 3.09081 0.576819 
v -0.194852 3.09081 0.402771 
v -0.194852 3.09081 0.402771 
v -0.220341 3.02928 0.402771 
v -0.220341 3.02928 0.576819 
v -0.194852 2.96774 0.576819 
v -0.194852 2.96774 0.402771 
v -0.194852 2.96774 0.402771 
v -0.133317 2.94225 0.402771 
v -0.133317 2.94225 0.576819 
v -0.0717821 2.96774 0.576819 
v -0.0717822 2.96774 0.402771 
v -0.0462932 3.02928 0.402771 
v -0.0462931 3.02928 0.576819 
v -0.0717822 2.96774 0.402771 
v -0.0717822 3.09081 0.402771 
v -0.0717821 3.09081 0.576819 
v -0.133317 3.1163 0.576819 
v -0.133317 3.02928 0.576819 
v -0.194852 3.09081 0.576819 
v -0.220341 3.02928 0.576819 
v -0.194852 2.96774 0.576819 
v -0.133317 2.94225 0.576819 
v -0.0717821 2.96774 0.576819 
v -0.0462931 3.02928 0.576819 
v 0.14677 3.1163 0.576819 
v 0.208305 3.09081 0.576819 
v 0.208305 3.09081 0.402771 
v 0.14677 3.1163 0.402771 
v 0.0852339 3.09081 0.576819 
v 0.0852338 3.09081 0.402771 
v 0.0852338 3.09081 0.402771 
v 0.0597458 3.02928 0.402771 
v 0.0597459 3.02928 0.576819 
v 0.0852338 2.96774 0.402771 
v 0.0852339 2.96774 0.576819 
v 0.0852338 2.96774 0.402771 
v 0.14677 2.94225 0.402771 
v 0.14677 2.94225 0.576819 
v 0.208305 2.96774 0.402771 
v 0.208305 2.96774 0.576819 
v 0.208305 2.96774 0.402771 
v 0.233793 3.02928 0.402771 
v 0.233793 3.02928 0.576819 
v 0.208305 3.09081 0.402771 
v 0.208305 3.09081 0.576819 
v 0.14677 3.1163 0.576819 
v 0.14677 3.02928 0.576819 
v 0.0852339 3.09081 0.576819 
v 0.0597459 3.02928 0.576819 
v 0.0852339 2.96774 0.576819 
v 0.14677 2.94225 0.576819 
v 0.208305 2.96774 0.576819 
v 0.233793 3.02928 0.576819 
v -0.315069 3.00086 0.402771 
v -0.376604 3.02635 0.402771 
v -0.376604 3.02635 0.576819 
v -0.315069 3.00086 0.576819 
v -0.438139 3.00086 0.402771 
v -0.438139 3.00086 0.576819 
v -0.438139 3.00086 0.402771 
v -0.463628 2.93932 0.402771 
v -0.463628 2.93932 0.576819 
v -0.438139 2.87779 0.402771 
v -0.438139 2.87779 0.576819 
v -0.438139 2.87779 0.402771 
v -0.376604 2.8523 0.402771 
v -0.376604 2.8523 0.576819 
v -0.315069 2.87779 0.576819 
v -0.315069 2.87779 0.402771 
v -0.28958 2.93932 0.576819 
v -0.315069 2.87779 0.402771 
v -0.28958 2.93932 0.402771 
v -0.315069 3.00086 0.402771 
v -0.315069 3.00086 0.576819 
v -0.376604 3.02635 0.576819 
v -0.376604 2.93932 0.576819 
v -0.438139 3.00086 0.576819 
v -0.463628 2.93932 0.576819 
v -0.438139 2.87779 0.576819 
v -0.376604 2.8523 0.576819 
v -0.315069 2.87779 0.576819 
v -0.28958 2.93932 0.576819 
v 0.315069 3.00086 0.576819 
v 0.376604 3.02635 0.576819 
v 0.376604 3.02635 0.402771 
v 0.315069 3.00086 0.402771 
v 0.438139 3.00086 0.576819 
v 0.438139 3.00086 0.402771 
v 0.463628 2.93932 0.576819 
v 0.463628 2.93932 0.402771 
v 0.438139 3.00086 0.402771 
v 0.438139 2.87779 0.576819 
v 0.438139 2.87779 0.402771 
v 0.376604 2.8523 0.576819 
v 0.376604 2.8523 0.402771 
v 0.438139 2.87779 0.402771 
v 0.315069 2.87779 0.576819 
v 0.315069 2.87779 0.402771 
v 0.28958 2.93932 0.576819 
v 0.28958 2.93932 0.402771 
v 0.315069 2.87779 0.402771 
v 0.315069 3.00086 0.402771 
v 0.315069 3.00086 0.576819 
v 0.376604 2.93932 0.576819 
v 0.376604 3.02635 0.576819 
v 0.438139 3.00086 0.576819 
v 0.463628 2.93932 0.576819 
v 0.438139 2.87779 0.576819 
v 0.376604 2.8523 0.576819 
v 0.315069 2.87779 0.576819 
v 0.28958 2.93932 0.576819 
v 0.891045 2.7534 0.423894 
v 0.95091 3.18216 0.460116 
v 0.583977 3.18216 0.510856 
v 0.556247 2.7534 0.47105 
v 0.267297 3.18216 0.510708 
v 0.267298 2.7534 0.470956 
v 0.583829 3.39132 0.511334 
v 0.950953 3.39128 0.46046 
v 0.267297 3.18216 0.3611 
v 0.583977 3.18216 0.361248 
v 0.583829 3.39132 0.361726 
v 0.267297 3.39134 0.36162 
v 1.00012 3.18216 0.411487 
v 1.00033 3.39127 0.411786 
v 0.950953 3.39128 0.46046 
v 0.95091 3.18216 0.460116 
v 0.891045 2.7534 0.423894 
v 0.934856 2.7534 0.378785 
v 0.267296 4.02723 0.441294 
v 0.267296 3.98159 0.512538 
v 0.583458 3.92997 0.512538 
v 0.583458 3.97561 0.441294 
v 0.207739 1.99607 0.400739 
v 0.207739 1.99607 0.343945 
v 0.448588 1.99607 0.343945 
v 0.448588 1.99607 0.400739 
v 0.738069 1.99607 0.359914 
v 0.738069 1.99607 0.308397 
v 0.772346 1.99607 0.274531 
v 0.772346 1.99607 0.321021 
v 1.00012 3.18216 0.411487 
v 0.934856 2.7534 0.378785 
v 0.934856 2.7534 0.324829 
v 1.00012 3.18216 0.353305 
v 1.00033 3.39127 0.411786 
v 1.00033 3.39128 0.353565 
v 0.951059 3.83033 0.461326 
v 1.00087 3.81665 0.412538 
v 1.00087 3.84277 0.354219 
v 0.951059 3.86981 0.396702 
v 0.951059 3.83033 0.461326 
v 0.951059 3.86981 0.396702 
v -0.0395112 3.18216 0.510708 
v -0.0395111 2.7534 0.470956 
v 0.0395109 2.7534 0.470956 
v 0.0395108 3.18216 0.510708 
v 0.0395108 3.39134 0.36162 
v -0.0395112 3.39134 0.36162 
v -0.0395112 3.18216 0.3611 
v 0.0395108 3.18216 0.3611 
v 0.0395107 4.02723 0.441294 
v -0.0395112 4.02723 0.441294 
v -0.0395113 3.98159 0.512538 
v 0.0395107 3.98159 0.512538 
v -0.0388351 1.99607 0.343945 
v 0.0388349 1.99607 0.343945 
v 0.0388349 1.99607 0.400739 
v -0.0388351 1.99607 0.400739 
v 0.772346 1.99607 0.321021 
v 0.772346 1.99607 0.274531 
v 0.820142 2.17978 0.287967 
v 0.820142 2.17978 0.336451 
v 0.772346 1.99607 0.321021 
v 0.820142 2.17978 0.336451 
v 0.783318 2.17978 0.377004 
v 0.738069 1.99607 0.359914 
v 0.482297 2.17978 0.41952 
v 0.448588 1.99607 0.400739 
v 0.738069 1.99607 0.359914 
v 0.783318 2.17978 0.377004 
v 0.223543 2.17978 0.419495 
v 0.207739 1.99607 0.400739 
v -0.0389921 2.17978 0.419495 
v -0.0388351 1.99607 0.400739 
v 0.0388349 1.99607 0.400739 
v 0.0389919 2.17978 0.419495 
v 0.797684 2.24225 0.290852 
v 0.802553 2.24194 0.326986 
v 0.787213 2.17979 0.323673 
v 0.782344 2.17979 0.287967 
v 0.787213 2.17979 0.323673 
v 0.802553 2.24194 0.326986 
v 0.781401 2.23934 0.348701 
v 0.766608 2.17977 0.345031 
v 0.781401 2.23934 0.348701 
v 0.488126 2.2366 0.384929 
v 0.479618 2.17976 0.380895 
v 0.766608 2.17977 0.345031 
v 0.267313 2.23614 0.384663 
v 0.223547 2.17976 0.380635 
v 0.0389089 2.23613 0.384643 
v -0.0389091 2.23613 0.384643 
v -0.0389881 2.17976 0.380635 
v 0.0389879 2.17976 0.380635 
v 0.835482 2.24181 0.339764 
v 0.835482 2.24181 0.290852 
v 0.798111 2.24181 0.380674 
v 0.835482 2.24181 0.339764 
v 0.798111 2.24181 0.380674 
v 0.490805 2.24181 0.423553 
v 0.267309 2.24181 0.423523 
v -0.0389131 2.24181 0.423503 
v 0.0389129 2.24181 0.423503 
v -0.0395112 3.48645 0.511465 
v 0.0395108 3.48645 0.511465 
v 0.0395107 3.98159 0.512538 
v -0.0395113 3.98159 0.512538 
v 0.267297 3.48645 0.511465 
v 0.267296 3.98159 0.512538 
v 0.583762 3.48642 0.511552 
v 0.583458 3.92997 0.512538 
v 0.950972 3.48636 0.460617 
v 0.951059 3.83033 0.461326 
v 1.00043 3.48635 0.411922 
v 1.00087 3.81665 0.412538 
v 0.951059 3.83033 0.461326 
v 0.950972 3.48636 0.460617 
v 1.00043 3.48635 0.411922 
v 1.00043 3.48636 0.353683 
v 1.00087 3.84277 0.354219 
v 1.00087 3.81665 0.412538 
v 0.0395108 3.48645 0.361857 
v -0.0395112 3.48645 0.361857 
v 0.267297 3.48645 0.361857 
v 0.583762 3.48642 0.361944 
v 0.835482 2.24181 0.339764 
v 0.802553 2.24194 0.326986 
v 0.797684 2.24225 0.290852 
v 0.835482 2.24181 0.290852 
v 0.820142 2.17978 0.287967 
v 0.782344 2.17979 0.287967 
v 0.787213 2.17979 0.323673 
v 0.820142 2.17978 0.336451 
v 0.802553 2.24194 0.326986 
v 0.835482 2.24181 0.339764 
v 0.798111 2.24181 0.380674 
v 0.781401 2.23934 0.348701 
v 0.820142 2.17978 0.336451 
v 0.787213 2.17979 0.323673 
v 0.766608 2.17977 0.345031 
v 0.783318 2.17978 0.377004 
v 0.490805 2.24181 0.423553 
v 0.488126 2.2366 0.384929 
v 0.781401 2.23934 0.348701 
v 0.798111 2.24181 0.380674 
v 0.783318 2.17978 0.377004 
v 0.766608 2.17977 0.345031 
v 0.479618 2.17976 0.380895 
v 0.482297 2.17978 0.41952 
v 0.267309 2.24181 0.423523 
v 0.267313 2.23614 0.384663 
v 0.223547 2.17976 0.380635 
v 0.223543 2.17978 0.419495 
v 0.0389919 2.17978 0.419495 
v 0.0389879 2.17976 0.380635 
v -0.0389881 2.17976 0.380635 
v -0.0389921 2.17978 0.419495 
v 0.0389089 2.23613 0.384643 
v 0.0389129 2.24181 0.423503 
v -0.583977 3.18216 0.510856 
v -0.95091 3.18216 0.460116 
v -0.891045 2.7534 0.423894 
v -0.556247 2.7534 0.47105 
v -0.267298 2.7534 0.470956 
v -0.267297 3.18216 0.510708 
v -0.950953 3.39128 0.46046 
v -0.583829 3.39132 0.511334 
v -0.267297 3.18216 0.3611 
v -0.267297 3.39134 0.36162 
v -0.583829 3.39132 0.361726 
v -0.583977 3.18216 0.361248 
v -0.95091 3.18216 0.460116 
v -0.950953 3.39128 0.46046 
v -1.00033 3.39127 0.411786 
v -1.00012 3.18216 0.411487 
v -0.934856 2.7534 0.378785 
v -0.891045 2.7534 0.423894 
v -0.583458 3.92997 0.512538 
v -0.267296 3.98159 0.512538 
v -0.267296 4.02723 0.441294 
v -0.583458 3.97561 0.441294 
v -0.207739 1.99607 0.400739 
v -0.448588 1.99607 0.400739 
v -0.448588 1.99607 0.343945 
v -0.207739 1.99607 0.343945 
v -0.738069 1.99607 0.359914 
v -0.738069 1.99607 0.308397 
v -0.772346 1.99607 0.321021 
v -0.772346 1.99607 0.274531 
v -1.00012 3.18216 0.411487 
v -1.00012 3.18216 0.353305 
v -0.934856 2.7534 0.324829 
v -0.934856 2.7534 0.378785 
v -1.00033 3.39128 0.353565 
v -1.00033 3.39127 0.411786 
v -1.00087 3.84277 0.354219 
v -1.00087 3.81665 0.412538 
v -0.951059 3.83033 0.461326 
v -0.951059 3.86981 0.396702 
v -0.951059 3.86981 0.396702 
v -0.951059 3.83033 0.461326 
v -0.820142 2.17978 0.287967 
v -0.772346 1.99607 0.274531 
v -0.772346 1.99607 0.321021 
v -0.820142 2.17978 0.336451 
v -0.772346 1.99607 0.321021 
v -0.738069 1.99607 0.359914 
v -0.783318 2.17978 0.377004 
v -0.820142 2.17978 0.336451 
v -0.738069 1.99607 0.359914 
v -0.448588 1.99607 0.400739 
v -0.482297 2.17978 0.41952 
v -0.783318 2.17978 0.377004 
v -0.207739 1.99607 0.400739 
v -0.223543 2.17978 0.419495 
v -0.782344 2.17979 0.287967 
v -0.787213 2.17979 0.323673 
v -0.802553 2.24194 0.326986 
v -0.797684 2.24225 0.290852 
v -0.787213 2.17979 0.323673 
v -0.766608 2.17977 0.345031 
v -0.7814 2.23934 0.348701 
v -0.802553 2.24194 0.326986 
v -0.488126 2.2366 0.384929 
v -0.7814 2.23934 0.348701 
v -0.766608 2.17977 0.345031 
v -0.479618 2.17976 0.380895 
v -0.223547 2.17976 0.380635 
v -0.267313 2.23614 0.384663 
v -0.835482 2.24181 0.339764 
v -0.835482 2.24181 0.290852 
v -0.798111 2.24181 0.380674 
v -0.835482 2.24181 0.339764 
v -0.798111 2.24181 0.380674 
v -0.490805 2.24181 0.423553 
v -0.267309 2.24181 0.423523 
v -0.0389881 2.17976 0.380635 
v -0.0389091 2.23613 0.384643 
v -0.267296 3.98159 0.512538 
v -0.267297 3.48645 0.511465 
v -0.583762 3.48642 0.511552 
v -0.583458 3.92997 0.512538 
v -0.951059 3.83033 0.461326 
v -0.950972 3.48636 0.460617 
v -0.951059 3.83033 0.461326 
v -1.00087 3.81665 0.412538 
v -1.00043 3.48635 0.411922 
v -0.950972 3.48636 0.460617 
v -1.00043 3.48635 0.411922 
v -1.00087 3.81665 0.412538 
v -1.00087 3.84277 0.354219 
v -1.00043 3.48636 0.353683 
v -0.267297 3.48645 0.361857 
v -0.583762 3.48642 0.361944 
v -0.802553 2.24194 0.326986 
v -0.835482 2.24181 0.339764 
v -0.835482 2.24181 0.290852 
v -0.797684 2.24225 0.290852 
v -0.820142 2.17978 0.336451 
v -0.787213 2.17979 0.323673 
v -0.782344 2.17979 0.287967 
v -0.820142 2.17978 0.287967 
v -0.802553 2.24194 0.326986 
v -0.7814 2.23934 0.348701 
v -0.798111 2.24181 0.380674 
v -0.835482 2.24181 0.339764 
v -0.820142 2.17978 0.336451 
v -0.783318 2.17978 0.377004 
v -0.766608 2.17977 0.345031 
v -0.787213 2.17979 0.323673 
v -0.7814 2.23934 0.348701 
v -0.488126 2.2366 0.384929 
v -0.490805 2.24181 0.423553 
v -0.798111 2.24181 0.380674 
v -0.783318 2.17978 0.377004 
v -0.482297 2.17978 0.41952 
v -0.479618 2.17976 0.380895 
v -0.766608 2.17977 0.345031 
v -0.267313 2.23614 0.384663 
v -0.267309 2.24181 0.423523 
v -0.223543 2.17978 0.419495 
v -0.223547 2.17976 0.380635 
v -0.0389131 2.24181 0.423503 
v -0.0389091 2.23613 0.384643 
v -0.951059 3.86995 -0.0386749 
v -1.00087 3.84292 -0.0386739 
v -1.00087 3.84277 0.354219 
v -0.951059 3.86981 0.396702 
v -1.00043 3.48636 0.353683 
v -1.00087 3.84277 0.354219 
v -1.00087 3.84292 -0.0386739 
v -1.00043 3.48636 -0.038674 
v -1.00033 3.39128 -0.038673 
v -1.00012 3.18216 -0.038673 
v -1.00012 3.18216 0.353305 
v -0.934856 2.7534 -0.038674 
v -0.934856 2.7534 0.324829 
v -0.835482 2.24181 -0.038674 
v -0.835482 2.24181 0.290852 
v -0.835482 2.24181 -0.038674 
v -0.797684 2.24225 -0.038674 
v -0.797684 2.24225 0.290852 
v -0.835482 2.24181 0.290852 
v -0.782344 2.17979 -0.038674 
v -0.782344 2.17979 0.287967 
v -0.797684 2.24225 0.290852 
v -0.797684 2.24225 -0.038674 
v -0.820142 2.17978 -0.038674 
v -0.820142 2.17978 0.287967 
v -0.782344 2.17979 0.287967 
v -0.782344 2.17979 -0.038674 
v -0.772346 1.99607 -0.038675 
v -0.772346 1.99607 0.274531 
v -0.820142 2.17978 0.287967 
v -0.820142 2.17978 -0.038674 
v -0.738069 1.99607 -0.038675 
v -0.772346 1.99607 -0.038675 
v -0.448588 1.99607 -0.038675 
v -0.207739 1.99607 -0.038675 
v -0.038835 1.99607 -0.038675 
v 0.038835 1.99607 -0.038675 
v 0.207739 1.99607 -0.0386749 
v 0.448588 1.99607 -0.0386749 
v 0.738069 1.99607 -0.038675 
v 0.772346 1.99607 -0.038675 
v 0.820142 2.17978 -0.0386739 
v 0.820142 2.17978 0.287967 
v 0.772346 1.99607 0.274531 
v 0.772346 1.99607 -0.038675 
v 0.820142 2.17978 0.287967 
v 0.820142 2.17978 -0.0386739 
v 0.782344 2.17979 -0.0386739 
v 0.782344 2.17979 0.287967 
v 0.797684 2.24225 0.290852 
v 0.782344 2.17979 0.287967 
v 0.782344 2.17979 -0.0386739 
v 0.797684 2.24225 -0.0386739 
v 0.797684 2.24225 0.290852 
v 0.797684 2.24225 -0.0386739 
v 0.835482 2.24181 -0.0386739 
v 0.835482 2.24181 0.290852 
v 0.934856 2.7534 -0.0386739 
v 0.934856 2.7534 0.324829 
v 0.835482 2.24181 -0.0386739 
v 1.00012 3.18216 -0.0386729 
v 1.00012 3.18216 0.353305 
v 1.00033 3.39128 -0.0386729 
v 1.00043 3.48636 -0.0386739 
v 1.00043 3.48636 0.353683 
v 1.00087 3.84292 -0.0386738 
v 1.00087 3.84277 0.354219 
v 1.00087 3.84277 0.354219 
v 1.00087 3.84292 -0.0386738 
v 0.951059 3.86995 -0.0386748 
v 0.951059 3.86981 0.396702 
v 0.583458 3.97556 -0.0386749 
v 0.583458 3.97561 0.441294 
v 0.951059 3.86981 0.396702 
v 0.951059 3.86995 -0.0386748 
v 0.267296 4.02723 0.441294 
v 0.267296 4.02733 -0.0386748 
v 0.0395108 4.02733 -0.0386749 
v 0.0395107 4.02723 0.441294 
v -0.0395112 4.02733 -0.0386749 
v -0.0395112 4.02723 0.441294 
v -0.267296 4.02733 -0.0386749 
v -0.267296 4.02723 0.441294 
v -0.583458 3.97561 0.441294 
v -0.583458 3.97556 -0.0386749 
v -0.951059 3.86981 0.396702 
v -0.951059 3.86995 -0.0386749 
v 0.891045 2.7534 -0.501242 
v 0.556247 2.7534 -0.548398 
v 0.583977 3.18216 -0.588204 
v 0.95091 3.18216 -0.537464 
v 0.267297 3.18216 -0.588056 
v 0.267298 2.7534 -0.548304 
v 0.583829 3.39132 -0.588682 
v 0.950953 3.39128 -0.537808 
v 0.267297 3.39134 -0.588576 
v 1.00012 3.18216 -0.488835 
v 0.95091 3.18216 -0.537464 
v 0.950953 3.39128 -0.537808 
v 1.00033 3.39127 -0.489134 
v 0.934856 2.7534 -0.456133 
v 0.891045 2.7534 -0.501242 
v 0.583458 3.92997 -0.589886 
v 0.267296 3.98159 -0.589886 
v 0.267296 4.02723 -0.518642 
v 0.583458 3.97561 -0.518642 
v 0.207739 1.99607 -0.421293 
v 0.207739 1.99607 -0.478087 
v 0.448588 1.99607 -0.478087 
v 0.448588 1.99607 -0.421293 
v 0.738069 1.99607 -0.437262 
v 0.738069 1.99607 -0.385745 
v 0.772346 1.99607 -0.398369 
v 0.772346 1.99607 -0.351879 
v 1.00012 3.18216 -0.488835 
v 1.00012 3.18216 -0.430653 
v 0.934856 2.7534 -0.402177 
v 0.934856 2.7534 -0.456133 
v 1.00033 3.39128 -0.430913 
v 1.00033 3.39127 -0.489134 
v 0.951059 3.83033 -0.538674 
v 0.951059 3.86981 -0.47405 
v 1.00087 3.84277 -0.431567 
v 1.00087 3.81665 -0.489886 
v 0.951059 3.86981 -0.47405 
v 0.951059 3.83033 -0.538674 
v 0.0395109 3.18216 -0.588056 
v 0.039511 2.7534 -0.548304 
v -0.039511 2.7534 -0.548304 
v -0.0395111 3.18216 -0.588056 
v -0.0395111 3.39134 -0.588576 
v 0.0395109 3.39134 -0.588576 
v 0.0395108 3.98159 -0.589886 
v -0.0395112 3.98159 -0.589886 
v -0.0395111 4.02723 -0.518642 
v 0.0395109 4.02723 -0.518642 
v 0.0388351 1.99607 -0.421293 
v -0.0388349 1.99607 -0.421293 
v -0.0388349 1.99607 -0.478087 
v 0.0388351 1.99607 -0.478087 
v 0.820142 2.17978 -0.365315 
v 0.772346 1.99607 -0.351879 
v 0.772346 1.99607 -0.398369 
v 0.820142 2.17978 -0.413799 
v 0.820142 2.17978 -0.413799 
v 0.772346 1.99607 -0.398369 
v 0.738069 1.99607 -0.437262 
v 0.783318 2.17978 -0.454352 
v 0.482297 2.17978 -0.496868 
v 0.783318 2.17978 -0.454352 
v 0.738069 1.99607 -0.437262 
v 0.448588 1.99607 -0.478087 
v 0.207739 1.99607 -0.478087 
v 0.223543 2.17978 -0.496843 
v 0.0389921 2.17978 -0.496843 
v 0.0388351 1.99607 -0.478087 
v -0.0388349 1.99607 -0.478087 
v -0.0389919 2.17978 -0.496843 
v 0.782344 2.17979 -0.365315 
v 0.787213 2.17979 -0.401021 
v 0.802553 2.24194 -0.404334 
v 0.797684 2.24225 -0.3682 
v 0.781401 2.23934 -0.426049 
v 0.802553 2.24194 -0.404334 
v 0.787213 2.17979 -0.401021 
v 0.766608 2.17977 -0.422379 
v 0.488126 2.2366 -0.462277 
v 0.781401 2.23934 -0.426049 
v 0.766608 2.17977 -0.422379 
v 0.479618 2.17976 -0.458243 
v 0.267313 2.23614 -0.462011 
v 0.223547 2.17976 -0.457983 
v 0.038909 2.23613 -0.461991 
v 0.0389881 2.17976 -0.457983 
v -0.038988 2.17976 -0.457983 
v -0.038909 2.23613 -0.461991 
v 0.835482 2.24181 -0.417112 
v 0.835482 2.24181 -0.3682 
v 0.835482 2.24181 -0.417112 
v 0.798111 2.24181 -0.458022 
v 0.798111 2.24181 -0.458022 
v 0.490805 2.24181 -0.500901 
v 0.267309 2.24181 -0.500871 
v 0.038913 2.24181 -0.500851 
v -0.038913 2.24181 -0.500851 
v 0.0395108 3.98159 -0.589886 
v 0.0395109 3.48645 -0.588813 
v -0.0395111 3.48645 -0.588813 
v -0.0395112 3.98159 -0.589886 
v 0.267296 3.98159 -0.589886 
v 0.267297 3.48645 -0.588813 
v 0.583762 3.48642 -0.5889 
v 0.583458 3.92997 -0.589886 
v 0.950972 3.48636 -0.537965 
v 0.951059 3.83033 -0.538674 
v 0.950972 3.48636 -0.537965 
v 0.951059 3.83033 -0.538674 
v 1.00087 3.81665 -0.489886 
v 1.00043 3.48635 -0.48927 
v 1.00043 3.48636 -0.431031 
v 1.00043 3.48635 -0.48927 
v 1.00087 3.81665 -0.489886 
v 1.00087 3.84277 -0.431567 
v 0.835482 2.24181 -0.3682 
v 0.797684 2.24225 -0.3682 
v 0.802553 2.24194 -0.404334 
v 0.835482 2.24181 -0.417112 
v 0.820142 2.17978 -0.365315 
v 0.820142 2.17978 -0.413799 
v 0.787213 2.17979 -0.401021 
v 0.782344 2.17979 -0.365315 
v 0.802553 2.24194 -0.404334 
v 0.781401 2.23934 -0.426049 
v 0.798111 2.24181 -0.458022 
v 0.835482 2.24181 -0.417112 
v 0.820142 2.17978 -0.413799 
v 0.783318 2.17978 -0.454352 
v 0.766608 2.17977 -0.422379 
v 0.787213 2.17979 -0.401021 
v 0.490805 2.24181 -0.500901 
v 0.798111 2.24181 -0.458022 
v 0.781401 2.23934 -0.426049 
v 0.488126 2.2366 -0.462277 
v 0.479618 2.17976 -0.458243 
v 0.766608 2.17977 -0.422379 
v 0.783318 2.17978 -0.454352 
v 0.482297 2.17978 -0.496868 
v 0.267313 2.23614 -0.462011 
v 0.267309 2.24181 -0.500871 
v 0.223543 2.17978 -0.496843 
v 0.223547 2.17976 -0.457983 
v -0.0389919 2.17978 -0.496843 
v -0.038988 2.17976 -0.457983 
v 0.0389881 2.17976 -0.457983 
v 0.0389921 2.17978 -0.496843 
v 0.038909 2.23613 -0.461991 
v 0.038913 2.24181 -0.500851 
v -0.583977 3.18216 -0.588204 
v -0.556247 2.7534 -0.548398 
v -0.891045 2.7534 -0.501242 
v -0.95091 3.18216 -0.537464 
v -0.267297 3.18216 -0.588056 
v -0.267298 2.7534 -0.548304 
v -0.950953 3.39128 -0.537808 
v -0.583829 3.39132 -0.588682 
v -0.267297 3.39134 -0.588576 
v -1.00012 3.18216 -0.488835 
v -1.00033 3.39127 -0.489134 
v -0.950953 3.39128 -0.537808 
v -0.95091 3.18216 -0.537464 
v -0.891045 2.7534 -0.501242 
v -0.934856 2.7534 -0.456133 
v -0.583458 3.97561 -0.518642 
v -0.267296 4.02723 -0.518642 
v -0.267296 3.98159 -0.589886 
v -0.583458 3.92997 -0.589886 
v -0.207739 1.99607 -0.421293 
v -0.448588 1.99607 -0.421293 
v -0.448588 1.99607 -0.478087 
v -0.207739 1.99607 -0.478087 
v -0.738069 1.99607 -0.437262 
v -0.738069 1.99607 -0.385745 
v -0.772346 1.99607 -0.351879 
v -0.772346 1.99607 -0.398369 
v -1.00012 3.18216 -0.430653 
v -1.00012 3.18216 -0.488835 
v -0.934856 2.7534 -0.456133 
v -0.934856 2.7534 -0.402177 
v -1.00033 3.39128 -0.430913 
v -1.00033 3.39127 -0.489134 
v -1.00087 3.81665 -0.489886 
v -1.00087 3.84277 -0.431567 
v -0.951059 3.86981 -0.47405 
v -0.951059 3.83033 -0.538674 
v -0.951059 3.83033 -0.538674 
v -0.951059 3.86981 -0.47405 
v -0.772346 1.99607 -0.351879 
v -0.820142 2.17978 -0.365315 
v -0.820142 2.17978 -0.413799 
v -0.772346 1.99607 -0.398369 
v -0.772346 1.99607 -0.398369 
v -0.820142 2.17978 -0.413799 
v -0.783318 2.17978 -0.454352 
v -0.738069 1.99607 -0.437262 
v -0.783318 2.17978 -0.454352 
v -0.482297 2.17978 -0.496868 
v -0.448588 1.99607 -0.478087 
v -0.738069 1.99607 -0.437262 
v -0.207739 1.99607 -0.478087 
v -0.223543 2.17978 -0.496843 
v -0.787213 2.17979 -0.401021 
v -0.782344 2.17979 -0.365315 
v -0.797684 2.24225 -0.3682 
v -0.802553 2.24194 -0.404334 
v -0.787213 2.17979 -0.401021 
v -0.802553 2.24194 -0.404334 
v -0.7814 2.23934 -0.426049 
v -0.766608 2.17977 -0.422379 
v -0.7814 2.23934 -0.426049 
v -0.488126 2.2366 -0.462277 
v -0.479618 2.17976 -0.458243 
v -0.766608 2.17977 -0.422379 
v -0.267313 2.23614 -0.462011 
v -0.223547 2.17976 -0.457983 
v -0.835482 2.24181 -0.3682 
v -0.835482 2.24181 -0.417112 
v -0.798111 2.24181 -0.458022 
v -0.835482 2.24181 -0.417112 
v -0.798111 2.24181 -0.458022 
v -0.490805 2.24181 -0.500901 
v -0.267309 2.24181 -0.500871 
v -0.038909 2.23613 -0.461991 
v -0.038988 2.17976 -0.457983 
v -0.267296 3.98159 -0.589886 
v -0.267297 3.48645 -0.588813 
v -0.583762 3.48642 -0.5889 
v -0.583458 3.92997 -0.589886 
v -0.950972 3.48636 -0.537965 
v -0.951059 3.83033 -0.538674 
v -0.950972 3.48636 -0.537965 
v -1.00043 3.48635 -0.48927 
v -1.00087 3.81665 -0.489886 
v -0.951059 3.83033 -0.538674 
v -1.00043 3.48636 -0.431031 
v -1.00087 3.84277 -0.431567 
v -1.00087 3.81665 -0.489886 
v -1.00043 3.48635 -0.48927 
v -0.802553 2.24194 -0.404334 
v -0.797684 2.24225 -0.3682 
v -0.835482 2.24181 -0.3682 
v -0.835482 2.24181 -0.417112 
v -0.820142 2.17978 -0.413799 
v -0.820142 2.17978 -0.365315 
v -0.782344 2.17979 -0.365315 
v -0.787213 2.17979 -0.401021 
v -0.802553 2.24194 -0.404334 
v -0.835482 2.24181 -0.417112 
v -0.798111 2.24181 -0.458022 
v -0.7814 2.23934 -0.426049 
v -0.787213 2.17979 -0.401021 
v -0.766608 2.17977 -0.422379 
v -0.783318 2.17978 -0.454352 
v -0.820142 2.17978 -0.413799 
v -0.490805 2.24181 -0.500901 
v -0.488126 2.2366 -0.462277 
v -0.7814 2.23934 -0.426049 
v -0.798111 2.24181 -0.458022 
v -0.783318 2.17978 -0.454352 
v -0.766608 2.17977 -0.422379 
v -0.479618 2.17976 -0.458243 
v -0.482297 2.17978 -0.496868 
v -0.267309 2.24181 -0.500871 
v -0.267313 2.23614 -0.462011 
v -0.223547 2.17976 -0.457983 
v -0.223543 2.17978 -0.496843 
v -0.038913 2.24181 -0.500851 
v -0.038909 2.23613 -0.461991 
v -0.951059 3.86995 -0.0386749 
v -0.951059 3.86981 -0.47405 
v -1.00087 3.84277 -0.431567 
v -1.00087 3.84292 -0.0386739 
v -1.00087 3.84277 -0.431567 
v -1.00043 3.48636 -0.431031 
v -1.00033 3.39128 -0.038673 
v -1.00012 3.18216 -0.430653 
v -0.934856 2.7534 -0.402177 
v -0.797684 2.24225 -0.3682 
v -0.835482 2.24181 -0.3682 
v -0.797684 2.24225 -0.3682 
v -0.782344 2.17979 -0.365315 
v -0.782344 2.17979 -0.365315 
v -0.820142 2.17978 -0.365315 
v -0.820142 2.17978 -0.038674 
v -0.772346 1.99607 -0.038675 
v 0.820142 2.17978 -0.0386739 
v 0.772346 1.99607 -0.038675 
v 0.782344 2.17979 -0.365315 
v 0.820142 2.17978 -0.365315 
v 0.782344 2.17979 -0.0386739 
v 0.782344 2.17979 -0.365315 
v 0.797684 2.24225 -0.3682 
v 0.797684 2.24225 -0.0386739 
v 0.835482 2.24181 -0.3682 
v 0.797684 2.24225 -0.3682 
v 0.835482 2.24181 -0.3682 
v 0.934856 2.7534 -0.402177 
v 1.00012 3.18216 -0.430653 
v 1.00033 3.39128 -0.0386729 
v 1.00043 3.48636 -0.431031 
v 1.00087 3.84277 -0.431567 
v 1.00087 3.84277 -0.431567 
v 0.951059 3.86981 -0.47405 
v 0.951059 3.86995 -0.0386748 
v 1.00087 3.84292 -0.0386738 
v 0.583458 3.97556 -0.0386749 
v 0.951059 3.86995 -0.0386748 
v 0.951059 3.86981 -0.47405 
v 0.583458 3.97561 -0.518642 
v 0.267296 4.02723 -0.518642 
v 0.267296 4.02733 -0.0386748 
v 0.0395108 4.02733 -0.0386749 
v 0.0395109 4.02723 -0.518642 
v -0.0395112 4.02733 -0.0386749 
v -0.0395111 4.02723 -0.518642 
v -0.267296 4.02723 -0.518642 
v -0.267296 4.02733 -0.0386749 
v -0.583458 3.97556 -0.0386749 
v -0.583458 3.97561 -0.518642 
v -0.951059 3.86995 -0.0386749 
v -0.951059 3.86981 -0.47405 
v 0.583977 3.18216 0.510856 
v 0.583829 3.39132 0.511334 
v 0.583829 3.39132 0.361726 
v 0.583977 3.18216 0.361248 
v 0.583977 3.18216 0.361248 
v 0.267297 3.18216 0.3611 
v 0.267297 3.18216 0.510708 
v 0.583977 3.18216 0.510856 
v 0.0395108 3.18216 0.510708 
v 0.0395108 3.18216 0.3611 
v -0.0395112 3.18216 0.3611 
v -0.0395112 3.18216 0.510708 
v 0.0395108 3.48645 0.361857 
v 0.0395108 3.48645 0.511465 
v -0.0395112 3.48645 0.511465 
v -0.0395112 3.48645 0.361857 
v 0.267297 3.48645 0.361857 
v 0.267297 3.48645 0.511465 
v 0.583762 3.48642 0.511552 
v 0.583762 3.48642 0.361944 
v 0.583762 3.48642 0.361944 
v 0.583762 3.48642 0.511552 
v -0.267297 3.18216 0.3611 
v -0.583977 3.18216 0.361248 
v -0.583977 3.18216 0.510856 
v -0.267297 3.18216 0.510708 
v -0.583829 3.39132 0.361726 
v -0.583829 3.39132 0.511334 
v -0.583977 3.18216 0.510856 
v -0.583977 3.18216 0.361248 
v -0.267297 3.48645 0.361857 
v -0.267297 3.48645 0.511465 
v -0.583762 3.48642 0.361944 
v -0.583762 3.48642 0.511552 
v -0.583762 3.48642 0.511552 
v -0.583762 3.48642 0.361944 
v -0.359136 3.2568 0.304875 
v -0.567546 3.2568 0.304875 
v -0.567546 3.41297 0.304875 
v -0.359136 3.41297 0.304875 
v -0.567546 3.2568 0.304875 
v -0.359136 3.2568 0.304875 
v -0.359136 3.17872 0.440114 
v -0.567546 3.17872 0.440114 
v -0.567546 3.17872 0.440114 
v -0.359136 3.17872 0.440114 
v -0.359136 3.2568 0.575353 
v -0.567546 3.2568 0.575353 
v -0.567546 3.2568 0.575353 
v -0.359136 3.2568 0.575353 
v -0.359136 3.41297 0.575353 
v -0.567546 3.41297 0.575353 
v -0.567546 3.41297 0.575353 
v -0.359136 3.41297 0.575353 
v -0.359135 3.49104 0.440114 
v -0.567546 3.49104 0.440114 
v -0.359135 3.49104 0.440114 
v -0.359136 3.41297 0.304875 
v -0.567546 3.41297 0.304875 
v -0.567546 3.49104 0.440114 
v -0.359136 3.2568 0.304875 
v -0.359136 3.41297 0.304875 
v -0.359136 3.33489 0.440114 
v -0.359136 3.17872 0.440114 
v -0.359136 3.2568 0.575353 
v -0.359136 3.41297 0.575353 
v -0.359135 3.49104 0.440114 
v -0.567546 3.41297 0.304875 
v -0.567546 3.2568 0.304875 
v -0.567546 3.33488 0.440114 
v -0.567546 3.17872 0.440114 
v -0.567546 3.2568 0.575353 
v -0.567546 3.41297 0.575353 
v -0.567546 3.49104 0.440114 
v -0.127187 3.41297 0.304875 
v -0.127187 3.2568 0.304875 
v -0.335598 3.2568 0.304875 
v -0.335598 3.41297 0.304875 
v -0.335598 3.17872 0.440114 
v -0.335598 3.2568 0.304875 
v -0.127187 3.2568 0.304875 
v -0.127187 3.17872 0.440114 
v -0.127187 3.2568 0.575353 
v -0.335598 3.2568 0.575353 
v -0.335598 3.17872 0.440114 
v -0.127187 3.17872 0.440114 
v -0.127187 3.2568 0.575353 
v -0.127187 3.41297 0.575353 
v -0.335598 3.41297 0.575353 
v -0.335598 3.2568 0.575353 
v -0.127187 3.49104 0.440114 
v -0.335598 3.49104 0.440114 
v -0.335598 3.41297 0.575353 
v -0.127187 3.41297 0.575353 
v -0.335598 3.41297 0.304875 
v -0.335598 3.49104 0.440114 
v -0.127187 3.49104 0.440114 
v -0.127187 3.41297 0.304875 
v -0.127187 3.2568 0.304875 
v -0.127187 3.41297 0.304875 
v -0.127187 3.33489 0.440114 
v -0.127187 3.17872 0.440114 
v -0.127187 3.2568 0.575353 
v -0.127187 3.41297 0.575353 
v -0.127187 3.49104 0.440114 
v -0.335598 3.41297 0.304875 
v -0.335598 3.2568 0.304875 
v -0.335598 3.33488 0.440114 
v -0.335598 3.17872 0.440114 
v -0.335598 3.2568 0.575353 
v -0.335598 3.41297 0.575353 
v -0.335598 3.49104 0.440114 
v -0.105191 3.2568 0.304875 
v -0.105191 3.41297 0.304875 
v 0.10322 3.41297 0.304875 
v 0.10322 3.2568 0.304875 
v 0.10322 3.17872 0.440114 
v -0.105191 3.17872 0.440114 
v -0.105191 3.2568 0.304875 
v 0.10322 3.2568 0.304875 
v -0.105191 3.17872 0.440114 
v 0.10322 3.17872 0.440114 
v 0.10322 3.2568 0.575353 
v -0.105191 3.2568 0.575353 
v 0.10322 3.2568 0.575353 
v 0.10322 3.41297 0.575353 
v -0.105191 3.41297 0.575353 
v -0.105191 3.2568 0.575353 
v 0.10322 3.41297 0.575353 
v 0.10322 3.49104 0.440114 
v -0.105191 3.49104 0.440114 
v -0.105191 3.41297 0.575353 
v 0.10322 3.49104 0.440114 
v 0.10322 3.41297 0.304875 
v -0.105191 3.41297 0.304875 
v -0.105191 3.49104 0.440114 
v 0.10322 3.2568 0.304875 
v 0.10322 3.41297 0.304875 
v 0.10322 3.33489 0.440114 
v 0.10322 3.17872 0.440114 
v 0.10322 3.2568 0.575353 
v 0.10322 3.41297 0.575353 
v 0.10322 3.49104 0.440114 
v -0.105191 3.41297 0.304875 
v -0.105191 3.2568 0.304875 
v -0.105191 3.33488 0.440114 
v -0.105191 3.17872 0.440114 
v -0.105191 3.2568 0.575353 
v -0.105191 3.41297 0.575353 
v -0.105191 3.49104 0.440114 
v 0.12662 3.41297 0.304875 
v 0.335031 3.41297 0.304875 
v 0.335031 3.2568 0.304875 
v 0.12662 3.2568 0.304875 
v 0.12662 3.2568 0.304875 
v 0.335031 3.2568 0.304875 
v 0.335031 3.17872 0.440114 
v 0.12662 3.17872 0.440114 
v 0.12662 3.17872 0.440114 
v 0.335031 3.17872 0.440114 
v 0.335031 3.2568 0.575353 
v 0.12662 3.2568 0.575353 
v 0.12662 3.2568 0.575353 
v 0.335031 3.2568 0.575353 
v 0.335031 3.41297 0.575353 
v 0.12662 3.41297 0.575353 
v 0.12662 3.49104 0.440114 
v 0.12662 3.41297 0.575353 
v 0.335031 3.41297 0.575353 
v 0.335031 3.49104 0.440114 
v 0.12662 3.41297 0.304875 
v 0.12662 3.49104 0.440114 
v 0.335031 3.49104 0.440114 
v 0.335031 3.41297 0.304875 
v 0.335031 3.2568 0.304875 
v 0.335031 3.41297 0.304875 
v 0.335031 3.33489 0.440114 
v 0.335031 3.17872 0.440114 
v 0.335031 3.2568 0.575353 
v 0.335031 3.41297 0.575353 
v 0.335031 3.49104 0.440114 
v 0.12662 3.41297 0.304875 
v 0.12662 3.2568 0.304875 
v 0.12662 3.33488 0.440114 
v 0.12662 3.17872 0.440114 
v 0.12662 3.2568 0.575353 
v 0.12662 3.41297 0.575353 
v 0.12662 3.49104 0.440114 
v 0.359824 3.41297 0.304875 
v 0.568235 3.41297 0.304875 
v 0.568235 3.2568 0.304875 
v 0.359824 3.2568 0.304875 
v 0.568235 3.17872 0.440114 
v 0.359824 3.17872 0.440114 
v 0.359824 3.2568 0.304875 
v 0.568235 3.2568 0.304875 
v 0.568235 3.2568 0.575353 
v 0.359824 3.2568 0.575353 
v 0.359824 3.17872 0.440114 
v 0.568235 3.17872 0.440114 
v 0.359824 3.41297 0.575353 
v 0.359824 3.2568 0.575353 
v 0.568235 3.2568 0.575353 
v 0.568235 3.41297 0.575353 
v 0.568235 3.41297 0.575353 
v 0.568235 3.49104 0.440114 
v 0.359824 3.49104 0.440114 
v 0.359824 3.41297 0.575353 
v 0.359824 3.41297 0.304875 
v 0.359824 3.49104 0.440114 
v 0.568235 3.49104 0.440114 
v 0.568235 3.41297 0.304875 
v 0.568235 3.2568 0.304875 
v 0.568235 3.41297 0.304875 
v 0.568235 3.33489 0.440114 
v 0.568235 3.17872 0.440114 
v 0.568235 3.2568 0.575353 
v 0.568235 3.41297 0.575353 
v 0.568235 3.49104 0.440114 
v 0.359824 3.41297 0.304875 
v 0.359824 3.2568 0.304875 
v 0.359824 3.33488 0.440114 
v 0.359824 3.17872 0.440114 
v 0.359824 3.2568 0.575353 
v 0.359824 3.41297 0.575353 
v 0.359824 3.49104 0.440114 
v -0.17172 2.11069 -0.333677 
v -0.114603 2.11361 -0.333677 
v -0.11261 1.9131 -0.29327 
v -0.161477 1.9106 -0.29327 
v -0.153978 1.76413 -0.182876 
v -0.111361 1.76632 -0.182876 
v -0.151233 1.71051 -0.032076 
v -0.153978 1.76413 -0.182876 
v -0.111361 1.76632 -0.182876 
v -0.111843 1.71253 -0.032076 
v -0.111843 1.71253 -0.032076 
v -0.112402 1.76626 0.112207 
v -0.153978 1.76413 0.118724 
v -0.151233 1.71051 -0.032076 
v -0.153978 1.76413 0.118724 
v -0.112402 1.76626 0.112207 
v -0.116375 1.91291 0.2226 
v -0.161477 1.9106 0.229118 
v -0.122202 2.11322 0.263007 
v -0.17172 2.11069 0.269525 
v -0.114603 2.11361 -0.333677 
v -0.122202 2.11322 0.263007 
v -0.116375 1.91291 0.2226 
v -0.11261 1.9131 -0.29327 
v -0.112402 1.76626 0.112207 
v -0.111361 1.76632 -0.182876 
v -0.112402 1.76626 0.112207 
v -0.111843 1.71253 -0.032076 
v -0.111361 1.76632 -0.182876 
v -0.210284 1.9081 -0.29327 
v -0.22799 2.10781 -0.333677 
v -0.197134 1.76192 -0.182876 
v -0.191471 1.70845 -0.032076 
v -0.197134 1.76192 -0.182876 
v -0.191471 1.70845 -0.032076 
v -0.196192 1.76197 0.112207 
v -0.206879 1.90828 0.2226 
v -0.196192 1.76197 0.112207 
v -0.221117 2.10816 0.263007 
v -0.210284 1.9081 -0.29327 
v -0.206879 1.90828 0.2226 
v -0.221117 2.10816 0.263007 
v -0.22799 2.10781 -0.333677 
v -0.197134 1.76192 -0.182876 
v -0.196192 1.76197 0.112207 
v -0.196192 1.76197 0.112207 
v -0.197134 1.76192 -0.182876 
v -0.191471 1.70845 -0.032076 
v 0.114603 2.11361 -0.333677 
v 0.17172 2.11069 -0.333677 
v 0.161477 1.9106 -0.29327 
v 0.11261 1.9131 -0.29327 
v 0.153978 1.76413 -0.182876 
v 0.111361 1.76632 -0.182876 
v 0.153978 1.76413 -0.182876 
v 0.151233 1.71051 -0.032076 
v 0.111843 1.71253 -0.032076 
v 0.111361 1.76632 -0.182876 
v 0.111843 1.71253 -0.032076 
v 0.151233 1.71051 -0.032076 
v 0.153978 1.76413 0.118724 
v 0.112402 1.76626 0.112207 
v 0.153978 1.76413 0.118724 
v 0.161477 1.9106 0.229118 
v 0.116375 1.91291 0.2226 
v 0.112402 1.76626 0.112207 
v 0.17172 2.11069 0.269525 
v 0.122202 2.11322 0.263007 
v 0.11261 1.9131 -0.29327 
v 0.116375 1.91291 0.2226 
v 0.122202 2.11322 0.263007 
v 0.114603 2.11361 -0.333677 
v 0.111361 1.76632 -0.182876 
v 0.112402 1.76626 0.112207 
v 0.112402 1.76626 0.112207 
v 0.111361 1.76632 -0.182876 
v 0.111843 1.71253 -0.032076 
v 0.210284 1.9081 -0.29327 
v 0.22799 2.10781 -0.333677 
v 0.197134 1.76192 -0.182876 
v 0.197134 1.76192 -0.182876 
v 0.191471 1.70845 -0.032076 
v 0.191471 1.70845 -0.032076 
v 0.196192 1.76197 0.112207 
v 0.206879 1.90828 0.2226 
v 0.196192 1.76197 0.112207 
v 0.221117 2.10816 0.263007 
v 0.210284 1.9081 -0.29327 
v 0.22799 2.10781 -0.333677 
v 0.221117 2.10816 0.263007 
v 0.206879 1.90828 0.2226 
v 0.196192 1.76197 0.112207 
v 0.197134 1.76192 -0.182876 
v 0.196192 1.76197 0.112207 
v 0.191471 1.70845 -0.032076 
v 0.197134 1.76192 -0.182876 
v -0.185289 2.03366 -0.409056 
v -3.57608e-08 2.03366 -0.409056 
v -3.13455e-08 1.83331 -0.358551 
v -0.160745 1.83331 -0.358551 
v -1.92824e-08 1.68665 -0.220565 
v -0.142158 1.68665 -0.220565 
v -0.142158 1.68665 -0.220565 
v -1.92824e-08 1.68665 -0.220565 
v -2.80426e-09 1.63296 -0.032077 
v -0.132559 1.63296 -0.032077 
v 1.36741e-08 1.68665 0.156414 
v -0.13906 1.68665 0.148267 
v -0.132559 1.63296 -0.032077 
v -2.80426e-09 1.63296 -0.032077 
v 2.57371e-08 1.83331 0.294398 
v -0.149547 1.83331 0.286251 
v -0.13906 1.68665 0.148267 
v 1.36741e-08 1.68665 0.156414 
v 3.01525e-08 2.03366 0.344904 
v -0.162684 2.03366 0.336756 
v -0.185289 2.03366 -0.409056 
v -0.160745 1.83331 -0.358551 
v -0.149547 1.83331 0.286251 
v -0.162684 2.03366 0.336756 
v -0.13906 1.68665 0.148267 
v -0.142158 1.68665 -0.220565 
v -0.13906 1.68665 0.148267 
v -0.142158 1.68665 -0.220565 
v -0.132559 1.63296 -0.032077 
v 0.185289 2.03366 -0.409056 
v 0.160745 1.83331 -0.358551 
v 0.142158 1.68665 -0.220565 
v 0.132559 1.63296 -0.032077 
v 0.142158 1.68665 -0.220565 
v 0.132559 1.63296 -0.032077 
v 0.13906 1.68665 0.148267 
v 0.149547 1.83331 0.286251 
v 0.13906 1.68665 0.148267 
v 0.162684 2.03366 0.336756 
v 0.160745 1.83331 -0.358551 
v 0.185289 2.03366 -0.409056 
v 0.162684 2.03366 0.336756 
v 0.149547 1.83331 0.286251 
v 0.13906 1.68665 0.148267 
v 0.142158 1.68665 -0.220565 
v 0.13906 1.68665 0.148267 
v 0.132559 1.63296 -0.032077 
v 0.142158 1.68665 -0.220565 

vn 0.811024 0 -0.590551 
vn 0.811024 0 -0.590551 
vn 0.307087 0 -0.952756 
vn 0.307087 0 -0.952756 
vn -0.307087 0 -0.952756 
vn -0.307087 0 -0.952756 
vn 0.307087 0 -0.952756 
vn 0.307087 0 -0.952756 
vn -0.811024 0 -0.590551 
vn -0.811024 0 -0.590551 
vn -1 0 0 
vn -1 0 0 
vn -0.811024 0 0.590551 
vn -0.811024 0 0.590551 
vn -0.307087 0 0.952756 
vn -0.307087 0 0.952756 
vn 0.307087 0 0.952756 
vn 0.307087 0 0.952756 
vn 0.811024 0 0.590551 
vn 0.811024 0 0.590551 
vn 1 0 0 
vn 1 0 0 
vn 0 1 0 
vn 0 1 0 
vn 0 1 0 
vn 0 1 0 
vn 0 1 0 
vn 0 1 0 
vn 0 1 0 
vn 0 1 0 
vn 0 1 0 
vn 0 1 0 
vn 0 1 0 
vn 0 -1 -0.0708661 
vn 0 -1 -0.0708661 
vn 0 -1 -0.0708661 
vn 0 -1 -0.0708661 
vn 1 0 0 
vn 1 0 0 
vn 1 0 0 
vn 1 0 0 
vn 0 1 0.0708661 
vn 0 1 0.0708661 
vn 0 1 0.0708661 
vn 0 1 0.0708661 
vn -1 0 0 
vn -1 0 0 
vn -1 0 0 
vn -1 0 0 
vn 0 -0.141732 0.992126 
vn 0 -0.141732 0.992126 
vn 0 -0.141732 0.992126 
vn 0 -0.141732 0.992126 
vn -0.92126 -0.377953 -0.023622 
vn -0.92126 -0.377953 -0.023622 
vn -0.92126 -0.377953 -0.023622 
vn -0.92126 -0.377953 -0.023622 
vn -0.385827 -0.92126 -0.0629921 
vn -0.385827 -0.92126 -0.0629921 
vn -0.385827 -0.92126 -0.0629921 
vn -0.385827 -0.92126 -0.0629921 
vn 0.385827 -0.92126 -0.0629921 
vn 0.385827 -0.92126 -0.0629921 
vn 0.385827 -0.92126 -0.0629921 
vn 0.385827 -0.92126 -0.0629921 
vn 0.92126 -0.377953 -0.023622 
vn 0.92126 -0.377953 -0.023622 
vn 0.92126 -0.377953 -0.023622 
vn 0.92126 -0.377953 -0.023622 
vn 0.92126 0.377953 0.023622 
vn 0.92126 0.377953 0.023622 
vn 0.92126 0.377953 0.023622 
vn 0.92126 0.377953 0.023622 
vn 0.385827 0.92126 0.0629921 
vn 0.385827 0.92126 0.0629921 
vn 0.385827 0.92126 0.0629921 
vn 0.385827 0.92126 0.0629921 
vn -0.385827 0.92126 0.0629921 
vn -0.385827 0.92126 0.0629921 
vn -0.385827 0.92126 0.0629921 
vn -0.385827 0.92126 0.0629921 
vn -0.92126 0.377953 0.023622 
vn -0.92126 0.377953 0.023622 
vn -0.92126 0.377953 0.023622 
vn -0.92126 0.377953 0.023622 
vn 0 -0.141732 0.992126 
vn 0 -0.141732 0.992126 
vn 0 -0.141732 0.992126 
vn 0 -0.141732 0.992126 
vn 0 -0.141732 0.992126 
vn 0 -0.141732 0.992126 
vn 0 -0.141732 0.992126 
vn 0 -0.141732 0.992126 
vn 0 -0.141732 0.992126 
vn 0 -0.141732 0.992126 
vn 0 -0.141732 0.992126 
vn 0 -0.141732 0.992126 
vn 0 -0.141732 0.992126 
vn 0 -0.141732 0.992126 
vn 0 -0.141732 0.992126 
vn 0 -0.141732 0.992126 
vn 0 -0.141732 0.992126 
vn 0 -0.141732 0.992126 
vn 0 -0.141732 0.992126 
vn 0 -0.141732 0.992126 
vn 0 -0.102362 0.992126 
vn 0 -0.102362 0.992126 
vn 0 -0.102362 0.992126 
vn 0 -0.102362 0.992126 
vn 0 -0.102362 0.992126 
vn 0 -0.102362 0.992126 
vn 0 -0.102362 0.992126 
vn 0 -0.102362 0.992126 
vn 0 -0.102362 0.992126 
vn 0 -0.102362 0.992126 
vn 0 -0.102362 0.992126 
vn 0 -0.102362 0.992126 
vn 0 -0.716535 0.692913 
vn 0 -0.716535 0.692913 
vn 0 -0.716535 0.692913 
vn 0 -0.716535 0.692913 
vn 0.480315 -0.125984 0.874016 
vn 0.480315 -0.125984 0.874016 
vn 0.480315 -0.125984 0.874016 
vn 0.480315 -0.125984 0.874016 
vn 0 0.685039 0.732283 
vn 0 0.685039 0.732283 
vn 0 0.685039 0.732283 
vn 0 0.685039 0.732283 
vn 0 0.685039 0.732283 
vn 0 0.685039 0.732283 
vn 0 0.685039 0.732283 
vn 0 0.685039 0.732283 
vn 0 -0.716535 0.692913 
vn 0 -0.716535 0.692913 
vn 0 -0.716535 0.692913 
vn 0 -0.716535 0.692913 
vn 0 0.685039 0.732283 
vn 0 0.685039 0.732283 
vn 0 0.685039 0.732283 
vn 0 0.685039 0.732283 
vn -0.480315 -0.125984 0.874016 
vn -0.480315 -0.125984 0.874016 
vn -0.480315 -0.125984 0.874016 
vn -0.480315 -0.125984 0.874016 
vn 0 -0.716535 0.692913 
vn 0 -0.716535 0.692913 
vn 0 -0.716535 0.692913 
vn 0 -0.716535 0.692913 
vn 0.708661 0.700787 0.0629921 
vn 0.968504 0.259843 0.023622 
vn 0.968504 0.259843 0.023622 
vn 0.708661 0.700787 0.0629921 
vn 0.259843 0.96063 0.0866142 
vn 0.259843 0.96063 0.0866142 
vn -0.259843 0.96063 0.0866142 
vn 0.259843 0.96063 0.0866142 
vn -0.259843 0.96063 0.0866142 
vn -0.708661 0.700787 0.0629921 
vn -0.708661 0.700787 0.0629921 
vn -0.968504 0.259843 0.023622 
vn -0.708661 0.700787 0.0629921 
vn -0.968504 0.259843 0.023622 
vn -0.968504 -0.259843 -0.023622 
vn -0.968504 -0.259843 -0.023622 
vn -0.708661 -0.700787 -0.0629921 
vn -0.708661 -0.700787 -0.0629921 
vn -0.968504 -0.259843 -0.023622 
vn -0.259843 -0.96063 -0.0866142 
vn -0.259843 -0.96063 -0.0866142 
vn 0.259843 -0.96063 -0.0866142 
vn -0.259843 -0.96063 -0.0866142 
vn 0.259843 -0.96063 -0.0866142 
vn 0.708661 -0.700787 -0.0629921 
vn 0.708661 -0.700787 -0.0629921 
vn 0.968504 -0.259843 -0.023622 
vn 0.968504 -0.259843 -0.023622 
vn 0.708661 -0.700787 -0.0629921 
vn 0.968504 0.259843 0.023622 
vn 0 -0.0944882 0.992126 
vn 0 -0.0944882 0.992126 
vn 0 -0.0944882 0.992126 
vn 0 -0.0944882 0.992126 
vn 0 -0.0944882 0.992126 
vn 0 -0.0944882 0.992126 
vn 0 -0.0944882 0.992126 
vn 0 -0.0944882 0.992126 
vn 0 -0.0944882 0.992126 
vn 0 -0.0944882 0.992126 
vn 0 -0.0944882 0.992126 
vn 0 -0.0944882 0.992126 
vn 0 -0.0944882 0.992126 
vn 0 -0.0944882 0.992126 
vn 0 -0.0944882 0.992126 
vn 0 -0.0944882 0.992126 
vn 0 -0.0944882 0.992126 
vn 0 -0.0944882 0.992126 
vn 0 -0.0944882 0.992126 
vn 0 -0.0944882 0.992126 
vn 0 -0.0944882 0.992126 
vn 0 -0.0944882 0.992126 
vn 0 -0.0944882 0.992126 
vn 0 -0.0944882 0.992126 
vn 0 -0.0944882 0.992126 
vn 0 -0.0944882 0.992126 
vn 0 -0.0944882 0.992126 
vn 0 -0.0944882 0.992126 
vn 0 -0.0944882 0.992126 
vn 0 -0.0944882 0.992126 
vn 0 -0.0944882 0.992126 
vn 0 -0.0944882 0.992126 
vn 0 -0.0944882 0.992126 
vn 0 -0.0944882 0.992126 
vn 0 -0.0944882 0.992126 
vn 0 -0.0944882 0.992126 
vn 0 0 -1 
vn 0 0 -1 
vn 0 0 -1 
vn 0 0 -1 
vn 0 -0.866142 -0.496063 
vn 0 -0.866142 -0.496063 
vn 0 -0.866142 -0.496063 
vn 0 -0.866142 -0.496063 
vn 0 -0.866142 0.496063 
vn 0 -0.866142 0.496063 
vn 0 -0.866142 0.496063 
vn 0 -0.866142 0.496063 
vn 0 0 1 
vn 0 0 1 
vn 0 0 1 
vn 0 0 1 
vn 0 0.866142 0.496063 
vn 0 0.866142 0.496063 
vn 0 0.866142 0.496063 
vn 0 0.866142 0.496063 
vn 0 0.866142 -0.496063 
vn 0 0.866142 -0.496063 
vn 0 0.866142 -0.496063 
vn 0 0.866142 -0.496063 
vn 0 1 0 
vn 0.708661 0.708661 0 
vn 0.708661 0.708661 0 
vn 0 1 0 
vn -0.708661 0.708661 0 
vn -0.708661 0.708661 0 
vn -0.708661 0.708661 0 
vn -1 0 0 
vn -1 0 0 
vn -0.708661 -0.708661 0 
vn -0.708661 -0.708661 0 
vn -0.708661 -0.708661 0 
vn 0 -1 0 
vn 0 -1 0 
vn 0.708661 -0.708661 0 
vn 0.708661 -0.708661 0 
vn 1 0 0 
vn 1 0 0 
vn 0.708661 -0.708661 0 
vn 0.708661 0.708661 0 
vn 0 0 1 
vn 0 0 1 
vn 0 0 1 
vn 0 0 1 
vn 0 0 1 
vn 0 0 1 
vn 0 0 1 
vn 0 0 1 
vn 0 0 1 
vn 0 1 0 
vn 0.708661 0.708661 0 
vn 0.708661 0.708661 0 
vn 0 1 0 
vn -0.708661 0.708661 0 
vn -0.708661 0.708661 0 
vn -0.708661 0.708661 0 
vn -1 0 0 
vn -1 0 0 
vn -0.708661 -0.708661 0 
vn -0.708661 -0.708661 0 
vn -0.708661 -0.708661 0 
vn 0 -1 0 
vn 0 -1 0 
vn 0.708661 -0.708661 0 
vn 0.708661 -0.708661 0 
vn 0.708661 -0.708661 0 
vn 1 0 0 
vn 1 0 0 
vn 0.708661 0.708661 0 
vn 0 0 1 
vn 0 0 1 
vn 0 0 1 
vn 0 0 1 
vn 0 0 1 
vn 0 0 1 
vn 0 0 1 
vn 0 0 1 
vn 0 0 1 
vn 0.385827 0.92126 0 
vn 0.385827 0.92126 0 
vn 0.385827 0.92126 0 
vn 0.385827 0.92126 0 
vn -0.385827 0.92126 0 
vn -0.385827 0.92126 0 
vn -0.385827 0.92126 0 
vn -0.92126 0.385827 0 
vn -0.92126 0.385827 0 
vn -0.92126 -0.385827 0 
vn -0.92126 -0.385827 0 
vn -0.92126 -0.385827 0 
vn -0.385827 -0.92126 0 
vn -0.385827 -0.92126 0 
vn 0.385827 -0.92126 0 
vn 0.385827 -0.92126 0 
vn 0.92126 -0.385827 0 
vn 0.385827 -0.92126 0 
vn 0.92126 -0.385827 0 
vn 0.385827 0.92126 0 
vn 0 0 1 
vn 0 0 1 
vn 0 0 1 
vn 0 0 1 
vn 0 0 1 
vn 0 0 1 
vn 0 0 1 
vn 0 0 1 
vn 0 0 1 
vn -0.385827 0.92126 0 
vn -0.385827 0.92126 0 
vn -0.385827 0.92126 0 
vn -0.385827 0.92126 0 
vn 0.385827 0.92126 0 
vn 0.385827 0.92126 0 
vn 0.92126 0.385827 0 
vn 0.92126 0.385827 0 
vn 0.385827 0.92126 0 
vn 0.92126 -0.385827 0 
vn 0.92126 -0.385827 0 
vn 0.385827 -0.92126 0 
vn 0.385827 -0.92126 0 
vn 0.92126 -0.385827 0 
vn -0.385827 -0.92126 0 
vn -0.385827 -0.92126 0 
vn -0.92126 -0.385827 0 
vn -0.92126 -0.385827 0 
vn -0.385827 -0.92126 0 
vn -0.385827 0.92126 0 
vn 0 0 1 
vn 0 0 1 
vn 0 0 1 
vn 0 0 1 
vn 0 0 1 
vn 0 0 1 
vn 0 0 1 
vn 0 0 1 
vn 0 0 1 
vn 0.133858 -0.102362 0.984252 
vn 0.133858 -0.0629921 0.992126 
vn 0.0866142 -0.0787402 0.992126 
vn 0.0787402 -0.102362 0.992126 
vn 0 -0.0944882 0.992126 
vn 0 -0.0944882 0.992126 
vn 0.133858 0 0.992126 
vn 0.133858 0 0.992126 
vn 0 0 1 
vn 0 0 1 
vn 0 0 1 
vn 0 0 1 
vn 0.700787 -0.102362 0.700787 
vn 0.700787 0 0.708661 
vn 0.700787 0 0.708661 
vn 0.700787 -0.110236 0.700787 
vn 0.708661 -0.173228 0.685039 
vn 0.708661 -0.173228 0.685039 
vn 0.0787402 0.84252 0.535433 
vn 0.0787402 0.84252 0.535433 
vn 0.220472 0.826772 0.519685 
vn 0.212598 0.826772 0.519685 
vn 0 -1 0 
vn 0 -1 0 
vn 0 -1 0 
vn 0 -1 0 
vn 0 -1 0 
vn 0 -1 0 
vn 0 -1 0 
vn 0 -1 0 
vn 0.992126 -0.102362 0 
vn 0.984252 -0.173228 0 
vn 0.984252 -0.173228 0 
vn 0.992126 -0.102362 0 
vn 1 0 0 
vn 1 0 0 
vn 0.622047 0.692913 0.370079 
vn 0.622047 0.692913 0.370079 
vn 0.622047 0.692913 0.370079 
vn 0.622047 0.692913 0.370079 
vn 0.291339 0.811024 0.503937 
vn 0.291339 0.811024 0.503937 
vn 0 -0.0944882 0.992126 
vn 0 -0.0944882 0.992126 
vn 0 -0.0944882 0.992126 
vn 0 -0.0944882 0.992126 
vn 0 0 1 
vn 0 0 1 
vn 0 0 1 
vn 0 0 1 
vn 0 0.84252 0.543307 
vn 0 0.84252 0.543307 
vn 0 0.84252 0.543307 
vn 0 0.84252 0.543307 
vn 0 -1 0 
vn 0 -1 0 
vn 0 -1 0 
vn 0 -1 0 
vn 0.968504 -0.251969 0 
vn 0.968504 -0.251969 0 
vn 0.968504 -0.251969 0 
vn 0.968504 -0.251969 0 
vn 0.724409 -0.244094 0.645669 
vn 0.724409 -0.244094 0.645669 
vn 0.724409 -0.244094 0.645669 
vn 0.724409 -0.244094 0.645669 
vn 0.0866142 -0.11811 0.992126 
vn 0.0708661 -0.110236 0.992126 
vn 0.141732 -0.125984 0.984252 
vn 0.141732 -0.125984 0.984252 
vn 0 -0.102362 0.992126 
vn 0 -0.102362 0.992126 
vn 0 -0.102362 0.992126 
vn 0 -0.102362 0.992126 
vn 0 -0.102362 0.992126 
vn 0 -0.102362 0.992126 
vn 0.96063 -0.228346 -0.133858 
vn 0.96063 -0.228346 -0.133858 
vn 0.96063 -0.228346 -0.133858 
vn 0.96063 -0.228346 -0.133858 
vn 0.708661 -0.212598 0.677165 
vn 0.708661 -0.212598 0.677165 
vn 0.708661 -0.212598 0.677165 
vn 0.708661 -0.212598 0.677165 
vn 0.125984 -0.0866142 0.992126 
vn 0.0708661 -0.0787402 0.992126 
vn 0.0629921 -0.0787402 0.992126 
vn 0.125984 -0.0866142 0.992126 
vn 0 -0.0708661 1 
vn 0 -0.0708661 1 
vn 0 -0.0708661 1 
vn 0 -0.0708661 1 
vn 0 -0.0708661 1 
vn 0 -0.0708661 1 
vn 0.984252 -0.188976 0 
vn 0.984252 -0.188976 0 
vn 0.716535 -0.188976 0.677165 
vn 0.716535 -0.188976 0.677165 
vn 0.141732 -0.110236 0.984252 
vn 0.0708661 -0.102362 0.992126 
vn 0 -0.0944882 0.992126 
vn 0 -0.0944882 0.992126 
vn 0 -0.0944882 0.992126 
vn 0 0 1 
vn 0 0 1 
vn 0 0 1 
vn 0 0 1 
vn 0 0 1 
vn 0 0 1 
vn 0.0787402 0 1 
vn 0.0551181 0 1 
vn 0.133858 0 0.992126 
vn 0.133858 0 0.992126 
vn 0.700787 0 0.716535 
vn 0.700787 0 0.716535 
vn 0.700787 0 0.716535 
vn 0.700787 0 0.716535 
vn 1 0 0 
vn 1 0 0 
vn 1 0 0 
vn 1 0 0 
vn 0 0 1 
vn 0 0 1 
vn 0 0 1 
vn 0 0 1 
vn -0.00787402 -1 0 
vn -0.00787402 -1 0 
vn -0.00787402 -1 0 
vn -0.00787402 -1 0 
vn 0 1 0 
vn 0 1 0 
vn 0 1 0 
vn 0 1 0 
vn 0.0472441 -1 0 
vn 0.0472441 -1 0 
vn 0.0472441 -1 0 
vn 0.0472441 -1 0 
vn 0 1 0 
vn 0 1 0 
vn 0 1 0 
vn 0 1 0 
vn 0.00787402 -0.992126 0.11811 
vn 0.00787402 -0.992126 0.11811 
vn 0.015748 -0.992126 0.102362 
vn 0.015748 -0.992126 0.102362 
vn 0 1 0 
vn 0 1 0 
vn 0 1 0 
vn 0 1 0 
vn 0 -0.992126 0.141732 
vn 0 -0.992126 0.141732 
vn 0 1 0 
vn 0 1 0 
vn 0 1 0 
vn 0 1 0 
vn 0 1 0 
vn 0 1 0 
vn 0 -0.992126 0.141732 
vn 0 -0.992126 0.141732 
vn -0.0866142 -0.0787402 0.992126 
vn -0.133858 -0.0629921 0.992126 
vn -0.133858 -0.102362 0.984252 
vn -0.0787402 -0.102362 0.992126 
vn 0 -0.0944882 0.992126 
vn 0 -0.0944882 0.992126 
vn -0.133858 0 0.992126 
vn -0.133858 0 0.992126 
vn 0 0 1 
vn 0 0 1 
vn 0 0 1 
vn 0 0 1 
vn -0.700787 -0.110236 0.700787 
vn -0.700787 0 0.708661 
vn -0.700787 0 0.708661 
vn -0.700787 -0.102362 0.700787 
vn -0.708661 -0.173228 0.685039 
vn -0.708661 -0.173228 0.685039 
vn -0.220472 0.826772 0.519685 
vn -0.0787402 0.84252 0.535433 
vn -0.0787402 0.84252 0.535433 
vn -0.212598 0.826772 0.519685 
vn 0 -1 0 
vn 0 -1 0 
vn 0 -1 0 
vn 0 -1 0 
vn 0 -1 0 
vn 0 -1 0 
vn 0 -1 0 
vn 0 -1 0 
vn -0.992126 -0.102362 0 
vn -0.992126 -0.102362 0 
vn -0.984252 -0.173228 0 
vn -0.984252 -0.173228 0 
vn -1 0 0 
vn -1 0 0 
vn -0.622047 0.692913 0.370079 
vn -0.622047 0.692913 0.370079 
vn -0.622047 0.692913 0.370079 
vn -0.622047 0.692913 0.370079 
vn -0.291339 0.811024 0.503937 
vn -0.291339 0.811024 0.503937 
vn -0.968504 -0.251969 0 
vn -0.968504 -0.251969 0 
vn -0.968504 -0.251969 0 
vn -0.968504 -0.251969 0 
vn -0.724409 -0.244094 0.645669 
vn -0.724409 -0.244094 0.645669 
vn -0.724409 -0.244094 0.645669 
vn -0.724409 -0.244094 0.645669 
vn -0.141732 -0.125984 0.984252 
vn -0.0708661 -0.110236 0.992126 
vn -0.0866142 -0.11811 0.992126 
vn -0.141732 -0.125984 0.984252 
vn 0 -0.102362 0.992126 
vn 0 -0.102362 0.992126 
vn -0.96063 -0.228346 -0.133858 
vn -0.96063 -0.228346 -0.133858 
vn -0.96063 -0.228346 -0.133858 
vn -0.96063 -0.228346 -0.133858 
vn -0.708661 -0.212598 0.677165 
vn -0.708661 -0.212598 0.677165 
vn -0.708661 -0.212598 0.677165 
vn -0.708661 -0.212598 0.677165 
vn -0.0708661 -0.0787402 0.992126 
vn -0.125984 -0.0866142 0.992126 
vn -0.125984 -0.0866142 0.992126 
vn -0.0629921 -0.0787402 0.992126 
vn 0 -0.0708661 1 
vn 0 -0.0708661 1 
vn -0.984252 -0.188976 0 
vn -0.984252 -0.188976 0 
vn -0.716535 -0.188976 0.677165 
vn -0.716535 -0.188976 0.677165 
vn -0.141732 -0.110236 0.984252 
vn -0.0708661 -0.102362 0.992126 
vn 0 -0.0944882 0.992126 
vn 0 -0.0708661 1 
vn 0 -0.0708661 1 
vn 0 0 1 
vn 0 0 1 
vn -0.0787402 0 1 
vn -0.0551181 0 1 
vn -0.133858 0 0.992126 
vn -0.133858 0 0.992126 
vn -0.700787 0 0.716535 
vn -0.700787 0 0.716535 
vn -0.700787 0 0.716535 
vn -0.700787 0 0.716535 
vn -1 0 0 
vn -1 0 0 
vn -1 0 0 
vn -1 0 0 
vn 0 0 1 
vn 0 0 1 
vn 0.00787402 -1 0 
vn 0.00787402 -1 0 
vn 0.00787402 -1 0 
vn 0.00787402 -1 0 
vn 0 1 0 
vn 0 1 0 
vn 0 1 0 
vn 0 1 0 
vn -0.0472441 -1 0 
vn -0.0472441 -1 0 
vn -0.0472441 -1 0 
vn -0.0472441 -1 0 
vn 0 1 0 
vn 0 1 0 
vn 0 1 0 
vn 0 1 0 
vn -0.015748 -0.992126 0.102362 
vn -0.00787402 -0.992126 0.11811 
vn -0.00787402 -0.992126 0.11811 
vn -0.015748 -0.992126 0.102362 
vn 0 1 0 
vn 0 1 0 
vn 0 1 0 
vn 0 1 0 
vn 0 -0.992126 0.141732 
vn 0 -0.992126 0.141732 
vn 0 1 0 
vn 0 1 0 
vn 0 -0.992126 0.141732 
vn 0 -0.992126 0.141732 
vn -0.480315 0.88189 0 
vn -0.480315 0.88189 0 
vn -0.480315 0.88189 0 
vn -0.480315 0.88189 0 
vn -1 0 0 
vn -1 0 0 
vn -1 0 0 
vn -1 0 0 
vn -1 0 0 
vn -0.992126 -0.102362 0 
vn -0.992126 -0.102362 0 
vn -0.984252 -0.173228 0 
vn -0.984252 -0.173228 0 
vn -0.984252 -0.188976 0 
vn -0.984252 -0.188976 0 
vn 0.00787402 -1 0 
vn 0.00787402 -1 0 
vn 0.00787402 -1 0 
vn 0.00787402 -1 0 
vn -0.968504 -0.23622 0 
vn -0.968504 -0.23622 0 
vn -0.968504 -0.23622 0 
vn -0.968504 -0.23622 0 
vn 0 1 0 
vn 0 1 0 
vn 0 1 0 
vn 0 1 0 
vn -0.968504 -0.251969 0 
vn -0.968504 -0.251969 0 
vn -0.968504 -0.251969 0 
vn -0.968504 -0.251969 0 
vn 0 -1 0 
vn 0 -1 0 
vn 0 -1 0 
vn 0 -1 0 
vn 0 -1 0 
vn 0 -1 0 
vn 0 -1 0 
vn 0 -1 0 
vn 0 -1 0 
vn 0 -1 0 
vn 0.968504 -0.251969 0 
vn 0.968504 -0.251969 0 
vn 0.968504 -0.251969 0 
vn 0.968504 -0.251969 0 
vn 0 1 0 
vn 0 1 0 
vn 0 1 0 
vn 0 1 0 
vn 0.968504 -0.23622 0 
vn 0.968504 -0.23622 0 
vn 0.968504 -0.23622 0 
vn 0.968504 -0.23622 0 
vn -0.00787402 -1 0 
vn -0.00787402 -1 0 
vn -0.00787402 -1 0 
vn -0.00787402 -1 0 
vn 0.984252 -0.173228 0 
vn 0.984252 -0.173228 0 
vn 0.984252 -0.188976 0 
vn 0.992126 -0.102362 0 
vn 0.992126 -0.102362 0 
vn 1 0 0 
vn 1 0 0 
vn 1 0 0 
vn 1 0 0 
vn 1 0 0 
vn 0.480315 0.88189 0 
vn 0.480315 0.88189 0 
vn 0.480315 0.88189 0 
vn 0.480315 0.88189 0 
vn 0.220472 0.976378 0 
vn 0.220472 0.976378 0 
vn 0.275591 0.96063 0 
vn 0.275591 0.96063 0 
vn 0.0944882 0.992126 0 
vn 0.0944882 0.992126 0 
vn 0 1 0 
vn 0 1 0 
vn 0 1 0 
vn 0 1 0 
vn -0.0944882 0.992126 0 
vn -0.0944882 0.992126 0 
vn -0.220472 0.976378 0 
vn -0.220472 0.976378 0 
vn -0.275591 0.96063 0 
vn -0.275591 0.96063 0 
vn 0.133858 -0.102362 -0.984252 
vn 0.0787402 -0.102362 -0.992126 
vn 0.0787402 -0.0629921 -0.992126 
vn 0.133858 -0.0629921 -0.992126 
vn 0 -0.0629921 -1 
vn 0 -0.0944882 -0.992126 
vn 0.0708661 0 -1 
vn 0.133858 0 -0.992126 
vn 0 0 -1 
vn 0.700787 -0.102362 -0.700787 
vn 0.700787 -0.110236 -0.700787 
vn 0.700787 0 -0.708661 
vn 0.700787 0 -0.708661 
vn 0.708661 -0.173228 -0.685039 
vn 0.708661 -0.173228 -0.685039 
vn 0.220472 0.826772 -0.519685 
vn 0.0787402 0.84252 -0.535433 
vn 0.0787402 0.84252 -0.535433 
vn 0.212598 0.826772 -0.519685 
vn 0 -1 0 
vn 0 -1 0 
vn 0 -1 0 
vn 0 -1 0 
vn 0 -1 0 
vn 0 -1 0 
vn 0 -1 0 
vn 0 -1 0 
vn 0.992126 -0.102362 0 
vn 0.992126 -0.102362 0 
vn 0.984252 -0.173228 0 
vn 0.984252 -0.173228 0 
vn 1 0 0 
vn 1 0 0 
vn 0.622047 0.692913 -0.370079 
vn 0.622047 0.692913 -0.370079 
vn 0.622047 0.692913 -0.370079 
vn 0.622047 0.692913 -0.370079 
vn 0.291339 0.811024 -0.503937 
vn 0.291339 0.811024 -0.503937 
vn 0 -0.0629921 -1 
vn 0 -0.0944882 -0.992126 
vn 0 -0.0944882 -0.992126 
vn 0 -0.0629921 -1 
vn 0 0 -1 
vn 0 0 -1 
vn 0 0.84252 -0.543307 
vn 0 0.84252 -0.543307 
vn 0 0.84252 -0.543307 
vn 0 0.84252 -0.543307 
vn 0 -1 0 
vn 0 -1 0 
vn 0 -1 0 
vn 0 -1 0 
vn 0.968504 -0.251969 0 
vn 0.968504 -0.251969 0 
vn 0.968504 -0.251969 0 
vn 0.968504 -0.251969 0 
vn 0.724409 -0.244094 -0.645669 
vn 0.724409 -0.244094 -0.645669 
vn 0.724409 -0.244094 -0.645669 
vn 0.724409 -0.244094 -0.645669 
vn 0.0866142 -0.11811 -0.992126 
vn 0.141732 -0.125984 -0.984252 
vn 0.141732 -0.125984 -0.984252 
vn 0.0708661 -0.110236 -0.992126 
vn 0 -0.102362 -0.992126 
vn 0 -0.102362 -0.992126 
vn 0 -0.102362 -0.992126 
vn 0 -0.102362 -0.992126 
vn 0 -0.102362 -0.992126 
vn 0 -0.102362 -0.992126 
vn 0.96063 -0.228346 0.133858 
vn 0.96063 -0.228346 0.133858 
vn 0.96063 -0.228346 0.133858 
vn 0.96063 -0.228346 0.133858 
vn 0.708661 -0.212598 -0.677165 
vn 0.708661 -0.212598 -0.677165 
vn 0.708661 -0.212598 -0.677165 
vn 0.708661 -0.212598 -0.677165 
vn 0.0708661 -0.0787402 -0.992126 
vn 0.125984 -0.0866142 -0.992126 
vn 0.125984 -0.0866142 -0.992126 
vn 0.0629921 -0.0787402 -0.992126 
vn 0 -0.0708661 -1 
vn 0 -0.0708661 -1 
vn 0 -0.0708661 -1 
vn 0 -0.0708661 -1 
vn 0 -0.0708661 -1 
vn 0 -0.0708661 -1 
vn 0.984252 -0.188976 0 
vn 0.984252 -0.188976 0 
vn 0.716535 -0.188976 -0.677165 
vn 0.716535 -0.188976 -0.677165 
vn 0.141732 -0.110236 -0.984252 
vn 0.0708661 -0.102362 -0.992126 
vn 0 -0.0944882 -0.992126 
vn 0 -0.0944882 -0.992126 
vn 0 -0.0944882 -0.992126 
vn 0 0 -1 
vn 0 0 -1 
vn 0 0 -1 
vn 0 0 -1 
vn 0 0 -1 
vn 0 0 -1 
vn 0.0708661 0 -1 
vn 0.0551181 0 -1 
vn 0.133858 0 -0.992126 
vn 0.133858 0 -0.992126 
vn 0.700787 0 -0.716535 
vn 0.700787 0 -0.716535 
vn 0.700787 0 -0.716535 
vn 0.700787 0 -0.716535 
vn 1 0 0 
vn 1 0 0 
vn 1 0 0 
vn 1 0 0 
vn -0.00787402 -1 0 
vn -0.00787402 -1 0 
vn -0.00787402 -1 0 
vn -0.00787402 -1 0 
vn 0 1 0 
vn 0 1 0 
vn 0 1 0 
vn 0 1 0 
vn 0.0472441 -1 0 
vn 0.0472441 -1 0 
vn 0.0472441 -1 0 
vn 0.0472441 -1 0 
vn 0 1 0 
vn 0 1 0 
vn 0 1 0 
vn 0 1 0 
vn 0.00787402 -0.992126 -0.11811 
vn 0.015748 -0.992126 -0.102362 
vn 0.015748 -0.992126 -0.102362 
vn 0.00787402 -0.992126 -0.11811 
vn 0 1 0 
vn 0 1 0 
vn 0 1 0 
vn 0 1 0 
vn 0 -0.992126 -0.141732 
vn 0 -0.992126 -0.141732 
vn 0 1 0 
vn 0 1 0 
vn 0 1 0 
vn 0 1 0 
vn 0 1 0 
vn 0 1 0 
vn 0 -0.992126 -0.141732 
vn 0 -0.992126 -0.141732 
vn -0.0787402 -0.0629921 -0.992126 
vn -0.0787402 -0.102362 -0.992126 
vn -0.133858 -0.102362 -0.984252 
vn -0.133858 -0.0629921 -0.992126 
vn 0 -0.0629921 -1 
vn 0 -0.0944882 -0.992126 
vn -0.133858 0 -0.992126 
vn -0.0708661 0 -1 
vn 0 0 -1 
vn -0.700787 -0.102362 -0.700787 
vn -0.700787 0 -0.708661 
vn -0.700787 0 -0.708661 
vn -0.700787 -0.110236 -0.700787 
vn -0.708661 -0.173228 -0.685039 
vn -0.708661 -0.173228 -0.685039 
vn -0.212598 0.826772 -0.519685 
vn -0.0787402 0.84252 -0.535433 
vn -0.0787402 0.84252 -0.535433 
vn -0.220472 0.826772 -0.519685 
vn 0 -1 0 
vn 0 -1 0 
vn 0 -1 0 
vn 0 -1 0 
vn 0 -1 0 
vn 0 -1 0 
vn 0 -1 0 
vn 0 -1 0 
vn -0.992126 -0.102362 0 
vn -0.992126 -0.102362 0 
vn -0.984252 -0.173228 0 
vn -0.984252 -0.173228 0 
vn -1 0 0 
vn -1 0 0 
vn -0.622047 0.692913 -0.370079 
vn -0.622047 0.692913 -0.370079 
vn -0.622047 0.692913 -0.370079 
vn -0.622047 0.692913 -0.370079 
vn -0.291339 0.811024 -0.503937 
vn -0.291339 0.811024 -0.503937 
vn -0.968504 -0.251969 0 
vn -0.968504 -0.251969 0 
vn -0.968504 -0.251969 0 
vn -0.968504 -0.251969 0 
vn -0.724409 -0.244094 -0.645669 
vn -0.724409 -0.244094 -0.645669 
vn -0.724409 -0.244094 -0.645669 
vn -0.724409 -0.244094 -0.645669 
vn -0.141732 -0.125984 -0.984252 
vn -0.0866142 -0.11811 -0.992126 
vn -0.0708661 -0.110236 -0.992126 
vn -0.141732 -0.125984 -0.984252 
vn 0 -0.102362 -0.992126 
vn 0 -0.102362 -0.992126 
vn -0.96063 -0.228346 0.133858 
vn -0.96063 -0.228346 0.133858 
vn -0.96063 -0.228346 0.133858 
vn -0.96063 -0.228346 0.133858 
vn -0.708661 -0.212598 -0.677165 
vn -0.708661 -0.212598 -0.677165 
vn -0.708661 -0.212598 -0.677165 
vn -0.708661 -0.212598 -0.677165 
vn -0.125984 -0.0866142 -0.992126 
vn -0.0708661 -0.0787402 -0.992126 
vn -0.0629921 -0.0787402 -0.992126 
vn -0.125984 -0.0866142 -0.992126 
vn 0 -0.0708661 -1 
vn 0 -0.0708661 -1 
vn -0.984252 -0.188976 0 
vn -0.984252 -0.188976 0 
vn -0.716535 -0.188976 -0.677165 
vn -0.716535 -0.188976 -0.677165 
vn -0.141732 -0.110236 -0.984252 
vn -0.0708661 -0.102362 -0.992126 
vn 0 -0.0944882 -0.992126 
vn 0 -0.0708661 -1 
vn 0 -0.0708661 -1 
vn 0 0 -1 
vn 0 0 -1 
vn -0.0708661 0 -1 
vn -0.0551181 0 -1 
vn -0.133858 0 -0.992126 
vn -0.133858 0 -0.992126 
vn -0.700787 0 -0.716535 
vn -0.700787 0 -0.716535 
vn -0.700787 0 -0.716535 
vn -0.700787 0 -0.716535 
vn -1 0 0 
vn -1 0 0 
vn -1 0 0 
vn -1 0 0 
vn 0.00787402 -1 0 
vn 0.00787402 -1 0 
vn 0.00787402 -1 0 
vn 0.00787402 -1 0 
vn 0 1 0 
vn 0 1 0 
vn 0 1 0 
vn 0 1 0 
vn -0.0472441 -1 0 
vn -0.0472441 -1 0 
vn -0.0472441 -1 0 
vn -0.0472441 -1 0 
vn 0 1 0 
vn 0 1 0 
vn 0 1 0 
vn 0 1 0 
vn -0.00787402 -0.992126 -0.11811 
vn -0.00787402 -0.992126 -0.11811 
vn -0.015748 -0.992126 -0.102362 
vn -0.015748 -0.992126 -0.102362 
vn 0 1 0 
vn 0 1 0 
vn 0 1 0 
vn 0 1 0 
vn 0 -0.992126 -0.141732 
vn 0 -0.992126 -0.141732 
vn 0 1 0 
vn 0 1 0 
vn 0 -0.992126 -0.141732 
vn 0 -0.992126 -0.141732 
vn -0.480315 0.88189 0 
vn -0.480315 0.88189 0 
vn -0.480315 0.88189 0 
vn -0.480315 0.88189 0 
vn -1 0 0 
vn -1 0 0 
vn -1 0 0 
vn -0.992126 -0.102362 0 
vn -0.984252 -0.173228 0 
vn 0.00787402 -1 0 
vn 0.00787402 -1 0 
vn -0.968504 -0.23622 0 
vn -0.968504 -0.23622 0 
vn 0 1 0 
vn 0 1 0 
vn -0.968504 -0.251969 0 
vn -0.968504 -0.251969 0 
vn 0.968504 -0.251969 0 
vn 0.968504 -0.251969 0 
vn 0 1 0 
vn 0 1 0 
vn 0.968504 -0.23622 0 
vn 0.968504 -0.23622 0 
vn 0.968504 -0.23622 0 
vn 0.968504 -0.23622 0 
vn -0.00787402 -1 0 
vn -0.00787402 -1 0 
vn 0.984252 -0.188976 0 
vn 0.984252 -0.173228 0 
vn 0.992126 -0.102362 0 
vn 1 0 0 
vn 1 0 0 
vn 1 0 0 
vn 0.480315 0.88189 0 
vn 0.480315 0.88189 0 
vn 0.480315 0.88189 0 
vn 0.480315 0.88189 0 
vn 0.220472 0.976378 0 
vn 0.275591 0.96063 0 
vn 0.275591 0.96063 0 
vn 0.220472 0.976378 0 
vn 0.0944882 0.992126 0 
vn 0.0944882 0.992126 0 
vn 0 1 0 
vn 0 1 0 
vn 0 1 0 
vn 0 1 0 
vn -0.0944882 0.992126 0 
vn -0.0944882 0.992126 0 
vn -0.220472 0.976378 0 
vn -0.220472 0.976378 0 
vn -0.275591 0.96063 0 
vn -0.275591 0.96063 0 
vn -1 0 0 
vn -1 0 0 
vn -1 0 0 
vn -1 0 0 
vn 0 1 0 
vn 0 1 0 
vn 0 1 0 
vn 0 1 0 
vn 0 1 0 
vn 0 1 0 
vn 0 1 0 
vn 0 1 0 
vn 0 -1 0 
vn 0 -1 0 
vn 0 -1 0 
vn 0 -1 0 
vn 0 -1 0 
vn 0 -1 0 
vn -1 0 0 
vn -1 0 0 
vn 0 -1 0 
vn 0 -1 0 
vn 0 1 0 
vn 0 1 0 
vn 0 1 0 
vn 0 1 0 
vn 1 0 0 
vn 1 0 0 
vn 1 0 0 
vn 1 0 0 
vn 0 -1 0 
vn 0 -1 0 
vn 0 -1 0 
vn 0 -1 0 
vn 1 0 0 
vn 1 0 0 
vn 0 0 -1 
vn 0 0 -1 
vn 0 0 -1 
vn 0 0 -1 
vn 0 -0.866142 -0.496063 
vn 0 -0.866142 -0.496063 
vn 0 -0.866142 -0.496063 
vn 0 -0.866142 -0.496063 
vn 0 -0.866142 0.496063 
vn 0 -0.866142 0.496063 
vn 0 -0.866142 0.496063 
vn 0 -0.866142 0.496063 
vn 0 0 1 
vn 0 0 1 
vn 0 0 1 
vn 0 0 1 
vn 0 0.866142 0.496063 
vn 0 0.866142 0.496063 
vn 0 0.866142 0.496063 
vn 0 0.866142 0.496063 
vn 0 0.866142 -0.496063 
vn 0 0.866142 -0.496063 
vn 0 0.866142 -0.496063 
vn 0 0.866142 -0.496063 
vn 1 0 0 
vn 1 0 0 
vn 1 0 0 
vn 1 0 0 
vn 1 0 0 
vn 1 0 0 
vn 1 0 0 
vn -1 0 0 
vn -1 0 0 
vn -1 0 0 
vn -1 0 0 
vn -1 0 0 
vn -1 0 0 
vn -1 0 0 
vn 0 0 -1 
vn 0 0 -1 
vn 0 0 -1 
vn 0 0 -1 
vn 0 -0.866142 -0.496063 
vn 0 -0.866142 -0.496063 
vn 0 -0.866142 -0.496063 
vn 0 -0.866142 -0.496063 
vn 0 -0.866142 0.496063 
vn 0 -0.866142 0.496063 
vn 0 -0.866142 0.496063 
vn 0 -0.866142 0.496063 
vn 0 0 1 
vn 0 0 1 
vn 0 0 1 
vn 0 0 1 
vn 0 0.866142 0.496063 
vn 0 0.866142 0.496063 
vn 0 0.866142 0.496063 
vn 0 0.866142 0.496063 
vn 0 0.866142 -0.496063 
vn 0 0.866142 -0.496063 
vn 0 0.866142 -0.496063 
vn 0 0.866142 -0.496063 
vn 1 0 0 
vn 1 0 0 
vn 1 0 0 
vn 1 0 0 
vn 1 0 0 
vn 1 0 0 
vn 1 0 0 
vn -1 0 0 
vn -1 0 0 
vn -1 0 0 
vn -1 0 0 
vn -1 0 0 
vn -1 0 0 
vn -1 0 0 
vn 0 0 -1 
vn 0 0 -1 
vn 0 0 -1 
vn 0 0 -1 
vn 0 -0.866142 -0.496063 
vn 0 -0.866142 -0.496063 
vn 0 -0.866142 -0.496063 
vn 0 -0.866142 -0.496063 
vn 0 -0.866142 0.496063 
vn 0 -0.866142 0.496063 
vn 0 -0.866142 0.496063 
vn 0 -0.866142 0.496063 
vn 0 0 1 
vn 0 0 1 
vn 0 0 1 
vn 0 0 1 
vn 0 0.866142 0.496063 
vn 0 0.866142 0.496063 
vn 0 0.866142 0.496063 
vn 0 0.866142 0.496063 
vn 0 0.866142 -0.496063 
vn 0 0.866142 -0.496063 
vn 0 0.866142 -0.496063 
vn 0 0.866142 -0.496063 
vn 1 0 0 
vn 1 0 0 
vn 1 0 0 
vn 1 0 0 
vn 1 0 0 
vn 1 0 0 
vn 1 0 0 
vn -1 0 0 
vn -1 0 0 
vn -1 0 0 
vn -1 0 0 
vn -1 0 0 
vn -1 0 0 
vn -1 0 0 
vn 0 0 -1 
vn 0 0 -1 
vn 0 0 -1 
vn 0 0 -1 
vn 0 -0.866142 -0.496063 
vn 0 -0.866142 -0.496063 
vn 0 -0.866142 -0.496063 
vn 0 -0.866142 -0.496063 
vn 0 -0.866142 0.496063 
vn 0 -0.866142 0.496063 
vn 0 -0.866142 0.496063 
vn 0 -0.866142 0.496063 
vn 0 0 1 
vn 0 0 1 
vn 0 0 1 
vn 0 0 1 
vn 0 0.866142 0.496063 
vn 0 0.866142 0.496063 
vn 0 0.866142 0.496063 
vn 0 0.866142 0.496063 
vn 0 0.866142 -0.496063 
vn 0 0.866142 -0.496063 
vn 0 0.866142 -0.496063 
vn 0 0.866142 -0.496063 
vn 1 0 0 
vn 1 0 0 
vn 1 0 0 
vn 1 0 0 
vn 1 0 0 
vn 1 0 0 
vn 1 0 0 
vn -1 0 0 
vn -1 0 0 
vn -1 0 0 
vn -1 0 0 
vn -1 0 0 
vn -1 0 0 
vn -1 0 0 
vn 0 0 -1 
vn 0 0 -1 
vn 0 0 -1 
vn 0 0 -1 
vn 0 -0.866142 -0.496063 
vn 0 -0.866142 -0.496063 
vn 0 -0.866142 -0.496063 
vn 0 -0.866142 -0.496063 
vn 0 -0.866142 0.496063 
vn 0 -0.866142 0.496063 
vn 0 -0.866142 0.496063 
vn 0 -0.866142 0.496063 
vn 0 0 1 
vn 0 0 1 
vn 0 0 1 
vn 0 0 1 
vn 0 0.866142 0.496063 
vn 0 0.866142 0.496063 
vn 0 0.866142 0.496063 
vn 0 0.866142 0.496063 
vn 0 0.866142 -0.496063 
vn 0 0.866142 -0.496063 
vn 0 0.866142 -0.496063 
vn 0 0.866142 -0.496063 
vn 1 0 0 
vn 1 0 0 
vn 1 0 0 
vn 1 0 0 
vn 1 0 0 
vn 1 0 0 
vn 1 0 0 
vn -1 0 0 
vn -1 0 0 
vn -1 0 0 
vn -1 0 0 
vn -1 0 0 
vn -1 0 0 
vn -1 0 0 
vn 0.00787402 -0.19685 -0.976378 
vn 0.00787402 -0.19685 -0.976378 
vn 0.015748 -0.377953 -0.929134 
vn 0.023622 -0.385827 -0.92126 
vn 0.0314961 -0.598425 -0.795276 
vn 0.0314961 -0.598425 -0.795276 
vn 0.0472441 -0.937008 -0.338583 
vn 0.0472441 -0.937008 -0.338583 
vn 0.0472441 -0.937008 -0.338583 
vn 0.0472441 -0.937008 -0.338583 
vn 0.0787402 -0.937008 0.338583 
vn 0.0787402 -0.937008 0.338583 
vn 0.0472441 -0.937008 0.338583 
vn 0.0472441 -0.937008 0.338583 
vn 0.0314961 -0.598425 0.795276 
vn 0.149606 -0.590551 0.795276 
vn 0.149606 -0.385827 0.913386 
vn 0.023622 -0.385827 0.92126 
vn 0.141732 -0.188976 0.968504 
vn 0.00787402 -0.19685 0.976378 
vn 1 0.015748 0.00787402 
vn 1 0.015748 0.00787402 
vn 1 0.015748 0.00787402 
vn 1 0.015748 0.00787402 
vn 1 0.015748 0.00787402 
vn 1 0.015748 0.00787402 
vn 1 0 0 
vn 1 0 0 
vn 1 0 0 
vn 0.015748 -0.377953 -0.92126 
vn 0.00787402 -0.19685 -0.976378 
vn 0.0314961 -0.598425 -0.795276 
vn 0.0472441 -0.937008 -0.338583 
vn 0.0472441 -0.937008 -0.338583 
vn 0.023622 -0.937008 0.338583 
vn 0.023622 -0.937008 0.338583 
vn -0.110236 -0.401575 0.913386 
vn -0.0866142 -0.606299 0.795276 
vn -0.125984 -0.204724 0.968504 
vn -1 -0.0787402 0.00787402 
vn -1 -0.0787402 0.00787402 
vn -1 -0.0787402 0.00787402 
vn -1 -0.0787402 0.00787402 
vn -1 -0.0787402 0.00787402 
vn -1 -0.0787402 0.00787402 
vn -0.992126 -0.0944882 0 
vn -0.992126 -0.0944882 0 
vn -0.992126 -0.0944882 0 
vn -0.00787402 -0.19685 -0.976378 
vn -0.00787402 -0.19685 -0.976378 
vn -0.023622 -0.385827 -0.92126 
vn -0.015748 -0.377953 -0.929134 
vn -0.0314961 -0.598425 -0.795276 
vn -0.0314961 -0.598425 -0.795276 
vn -0.0472441 -0.937008 -0.338583 
vn -0.0472441 -0.937008 -0.338583 
vn -0.0472441 -0.937008 -0.338583 
vn -0.0472441 -0.937008 -0.338583 
vn -0.0787402 -0.937008 0.338583 
vn -0.0472441 -0.937008 0.338583 
vn -0.0472441 -0.937008 0.338583 
vn -0.0787402 -0.937008 0.338583 
vn -0.0314961 -0.598425 0.795276 
vn -0.023622 -0.385827 0.92126 
vn -0.149606 -0.385827 0.913386 
vn -0.149606 -0.590551 0.795276 
vn -0.00787402 -0.19685 0.976378 
vn -0.141732 -0.188976 0.968504 
vn -1 0.015748 0.00787402 
vn -1 0.015748 0.00787402 
vn -1 0.015748 0.00787402 
vn -1 0.015748 0.00787402 
vn -1 0.015748 0.00787402 
vn -1 0.015748 0.00787402 
vn -1 0 0 
vn -1 0 0 
vn -1 0 0 
vn -0.015748 -0.377953 -0.92126 
vn -0.00787402 -0.19685 -0.976378 
vn -0.0314961 -0.598425 -0.795276 
vn -0.0472441 -0.937008 -0.338583 
vn -0.0472441 -0.937008 -0.338583 
vn -0.023622 -0.937008 0.338583 
vn -0.023622 -0.937008 0.338583 
vn 0.110236 -0.401575 0.913386 
vn 0.0866142 -0.606299 0.795276 
vn 0.125984 -0.204724 0.968504 
vn 1 -0.0787402 0.00787402 
vn 1 -0.0787402 0.00787402 
vn 1 -0.0787402 0.00787402 
vn 1 -0.0787402 0.00787402 
vn 1 -0.0787402 0.00787402 
vn 1 -0.0787402 0.00787402 
vn 0.992126 -0.0944882 0 
vn 0.992126 -0.0944882 0 
vn 0.992126 -0.0944882 0 
vn 0 -0.244094 -0.968504 
vn 0 -0.244094 -0.968504 
vn 0 -0.464567 -0.889764 
vn 0 -0.448819 -0.897638 
vn 0 -0.685039 -0.724409 
vn 0 -0.685039 -0.724409 
vn 0 -0.96063 -0.275591 
vn 0 -0.96063 -0.275591 
vn 0 -0.96063 -0.275591 
vn 0 -0.96063 -0.275591 
vn 0 -0.96063 0.275591 
vn -0.00787402 -0.96063 0.275591 
vn -0.00787402 -0.96063 0.275591 
vn 0 -0.96063 0.275591 
vn 0 -0.464567 0.88189 
vn -0.0472441 -0.464567 0.88189 
vn -0.0393701 -0.685039 0.724409 
vn 0 -0.685039 0.724409 
vn 0 -0.244094 0.968504 
vn -0.0472441 -0.244094 0.968504 
vn -0.992126 -0.0944882 0.023622 
vn -0.992126 -0.0944882 0.023622 
vn -0.992126 -0.0944882 0.023622 
vn -0.992126 -0.0944882 0.023622 
vn -0.992126 -0.0944882 0.015748 
vn -0.992126 -0.0944882 0.015748 
vn -0.992126 -0.149606 0.00787402 
vn -0.992126 -0.149606 0.00787402 
vn -0.992126 -0.149606 0.00787402 
vn 0 -0.244094 -0.968504 
vn 0 -0.448819 -0.897638 
vn 0 -0.685039 -0.724409 
vn 0 -0.96063 -0.275591 
vn 0 -0.96063 -0.275591 
vn 0.00787402 -0.96063 0.275591 
vn 0.00787402 -0.96063 0.275591 
vn 0.0472441 -0.464567 0.88189 
vn 0.0393701 -0.685039 0.724409 
vn 0.0472441 -0.244094 0.968504 
vn 0.992126 -0.0944882 0.023622 
vn 0.992126 -0.0944882 0.023622 
vn 0.992126 -0.0944882 0.023622 
vn 0.992126 -0.0944882 0.023622 
vn 0.992126 -0.0944882 0.015748 
vn 0.992126 -0.0944882 0.015748 
vn 0.992126 -0.149606 0.00787402 
vn 0.992126 -0.149606 0.00787402 
vn 0.992126 -0.149606 0.00787402 

vt 0.595646 0.474913 
vt 0.595646 0.448763 
vt 0.628651 0.448763 
vt 0.628651 0.474913 
vt 0.331604 0.448763 
vt 0.331604 0.474913 
vt 0.298599 0.474913 
vt 0.298599 0.448763 
vt 0.36461 0.448763 
vt 0.36461 0.474913 
vt 0.397615 0.448763 
vt 0.397615 0.474913 
vt 0.43062 0.448763 
vt 0.43062 0.474913 
vt 0.463625 0.448763 
vt 0.463625 0.474913 
vt 0.49663 0.474913 
vt 0.49663 0.448763 
vt 0.529636 0.448763 
vt 0.529636 0.474913 
vt 0.562641 0.448763 
vt 0.562641 0.474913 
vt 0.672503 0.464602 
vt 0.66206 0.474718 
vt 0.655607 0.448234 
vt 0.649153 0.474718 
vt 0.63871 0.464602 
vt 0.634722 0.448234 
vt 0.63871 0.431867 
vt 0.649153 0.421751 
vt 0.66206 0.421751 
vt 0.672503 0.431867 
vt 0.676492 0.448234 
vt 0.433559 0.509762 
vt 0.430489 0.486604 
vt 0.576034 0.486604 
vt 0.573069 0.508594 
vt 0.574775 0.623588 
vt 0.576034 0.512632 
vt 0.592568 0.506727 
vt 0.592632 0.626583 
vt 0.430625 0.651078 
vt 0.433931 0.629238 
vt 0.5716 0.627719 
vt 0.575113 0.650844 
vt 0.413906 0.508108 
vt 0.430535 0.51388 
vt 0.430865 0.625161 
vt 0.413125 0.627691 
vt 0.574775 0.623588 
vt 0.5716 0.627719 
vt 0.573069 0.508594 
vt 0.576034 0.512632 
vt 0.414349 0.504971 
vt 0.431345 0.510921 
vt 0.430535 0.51388 
vt 0.413906 0.508108 
vt 0.431345 0.510921 
vt 0.428033 0.487301 
vt 0.430489 0.486604 
vt 0.433559 0.509762 
vt 0.576034 0.486604 
vt 0.578379 0.487272 
vt 0.575213 0.50971 
vt 0.573069 0.508594 
vt 0.592568 0.506727 
vt 0.576034 0.512632 
vt 0.575213 0.50971 
vt 0.592107 0.503607 
vt 0.592117 0.629942 
vt 0.573874 0.626624 
vt 0.574775 0.623588 
vt 0.592632 0.626583 
vt 0.575113 0.650844 
vt 0.5716 0.627719 
vt 0.573874 0.626624 
vt 0.577534 0.650276 
vt 0.430625 0.651078 
vt 0.428333 0.650552 
vt 0.431731 0.628165 
vt 0.433931 0.629238 
vt 0.413125 0.627691 
vt 0.430865 0.625161 
vt 0.431731 0.628165 
vt 0.413594 0.631051 
vt 0.430535 0.51388 
vt 0.431345 0.510921 
vt 0.433559 0.509762 
vt 0.576034 0.512632 
vt 0.573069 0.508594 
vt 0.575213 0.50971 
vt 0.5716 0.627719 
vt 0.574775 0.623588 
vt 0.573874 0.626624 
vt 0.430865 0.625161 
vt 0.433931 0.629238 
vt 0.431731 0.628165 
vt 0.433559 0.509762 
vt 0.573069 0.508594 
vt 0.5716 0.627719 
vt 0.433931 0.629238 
vt 0.430865 0.625161 
vt 0.430535 0.51388 
vt 0.433559 0.509762 
vt 0.433931 0.629238 
vt 0.72079 0.815001 
vt 0.659274 0.815008 
vt 0.659272 0.732637 
vt 0.715399 0.73264 
vt 0.599674 0.815006 
vt 0.599674 0.73264 
vt 0.615024 0.73264 
vt 0.615025 0.815006 
vt 0.493909 0.815001 
vt 0.4993 0.73264 
vt 0.555426 0.732637 
vt 0.555425 0.815008 
vt 0.659272 0.732637 
vt 0.666193 0.716867 
vt 0.729802 0.71687 
vt 0.715399 0.73264 
vt 0.72079 0.815001 
vt 0.715399 0.73264 
vt 0.731594 0.720345 
vt 0.7382 0.824565 
vt 0.666196 0.829972 
vt 0.659274 0.815008 
vt 0.72079 0.815001 
vt 0.735912 0.829963 
vt 0.615025 0.815006 
vt 0.616048 0.829968 
vt 0.598651 0.829968 
vt 0.599674 0.815006 
vt 0.599674 0.73264 
vt 0.598651 0.716871 
vt 0.616047 0.716871 
vt 0.615024 0.73264 
vt 0.555425 0.815008 
vt 0.548503 0.829972 
vt 0.478787 0.829963 
vt 0.493909 0.815001 
vt 0.476498 0.824565 
vt 0.483104 0.720345 
vt 0.4993 0.73264 
vt 0.493909 0.815001 
vt 0.548505 0.716867 
vt 0.555426 0.732637 
vt 0.4993 0.73264 
vt 0.484897 0.71687 
vt 0.69912 0.630797 
vt 0.712491 0.606176 
vt 0.739226 0.638088 
vt 0.721639 0.662554 
vt 0.680251 0.647981 
vt 0.702524 0.68454 
vt 0.657812 0.644405 
vt 0.671922 0.694395 
vt 0.647498 0.685302 
vt 0.637112 0.631605 
vt 0.625169 0.674164 
vt 0.628689 0.603744 
vt 0.604526 0.644198 
vt 0.597919 0.613805 
vt 0.593142 0.582972 
vt 0.6262 0.573868 
vt 0.617959 0.519773 
vt 0.639992 0.550122 
vt 0.601611 0.542706 
vt 0.658082 0.532188 
vt 0.635515 0.498725 
vt 0.680664 0.535753 
vt 0.665037 0.487561 
vt 0.68845 0.494048 
vt 0.712509 0.50371 
vt 0.701246 0.548127 
vt 0.742497 0.565481 
vt 0.710654 0.575812 
vt 0.735281 0.532992 
vt 0.747341 0.59851 
vt 0.712491 0.606176 
vt 0.69912 0.630797 
vt 0.669376 0.590054 
vt 0.69912 0.630797 
vt 0.680251 0.647981 
vt 0.669376 0.590054 
vt 0.680251 0.647981 
vt 0.657812 0.644405 
vt 0.669376 0.590054 
vt 0.657812 0.644405 
vt 0.637112 0.631605 
vt 0.669376 0.590054 
vt 0.637112 0.631605 
vt 0.628689 0.603744 
vt 0.669376 0.590054 
vt 0.628689 0.603744 
vt 0.6262 0.573868 
vt 0.669376 0.590054 
vt 0.6262 0.573868 
vt 0.639992 0.550122 
vt 0.669376 0.590054 
vt 0.639992 0.550122 
vt 0.658082 0.532188 
vt 0.669376 0.590054 
vt 0.658082 0.532188 
vt 0.680664 0.535753 
vt 0.669376 0.590054 
vt 0.680664 0.535753 
vt 0.701246 0.548127 
vt 0.669376 0.590054 
vt 0.701246 0.548127 
vt 0.710654 0.575812 
vt 0.669376 0.590054 
vt 0.710654 0.575812 
vt 0.712491 0.606176 
vt 0.669376 0.590054 
vt 0.681628 0.865601 
vt 0.692462 0.865601 
vt 0.692462 0.995932 
vt 0.681628 0.995932 
vt 0.692462 0.995932 
vt 0.692462 0.865601 
vt 0.703296 0.865601 
vt 0.703296 0.995932 
vt 0.703296 0.865601 
vt 0.71413 0.865601 
vt 0.71413 0.995932 
vt 0.703296 0.995932 
vt 0.71413 0.995932 
vt 0.71413 0.865601 
vt 0.724963 0.865601 
vt 0.724963 0.995932 
vt 0.724963 0.995932 
vt 0.724963 0.865601 
vt 0.735797 0.865601 
vt 0.735797 0.995932 
vt 0.735797 0.995932 
vt 0.735797 0.865601 
vt 0.746631 0.865601 
vt 0.746631 0.995932 
vt 0.632475 0.960332 
vt 0.636231 0.98141 
vt 0.627601 0.98373 
vt 0.627058 0.96115 
vt 0.636692 0.939783 
vt 0.627482 0.936852 
vt 0.634935 0.927626 
vt 0.651871 0.926902 
vt 0.6525 0.934775 
vt 0.667912 0.940397 
vt 0.670094 0.927468 
vt 0.677516 0.938034 
vt 0.67806 0.960615 
vt 0.671667 0.961475 
vt 0.667451 0.982024 
vt 0.677635 0.984913 
vt 0.65158 0.99656 
vt 0.651643 0.987031 
vt 0.668516 0.995836 
vt 0.633356 0.995994 
vt 0.636231 0.98141 
vt 0.632475 0.960332 
vt 0.652071 0.960903 
vt 0.636692 0.939783 
vt 0.6525 0.934775 
vt 0.667912 0.940397 
vt 0.671667 0.961475 
vt 0.667451 0.982024 
vt 0.651643 0.987031 
vt 0.575447 0.881999 
vt 0.579203 0.903077 
vt 0.570573 0.905398 
vt 0.570029 0.882817 
vt 0.579664 0.86145 
vt 0.570454 0.858519 
vt 0.577907 0.849294 
vt 0.594843 0.848569 
vt 0.595472 0.856443 
vt 0.613066 0.849136 
vt 0.610884 0.862064 
vt 0.620489 0.859702 
vt 0.621031 0.882282 
vt 0.614639 0.883142 
vt 0.620607 0.90658 
vt 0.610424 0.903691 
vt 0.611488 0.917503 
vt 0.594552 0.918228 
vt 0.594615 0.908698 
vt 0.576329 0.917661 
vt 0.579203 0.903077 
vt 0.575447 0.881999 
vt 0.595043 0.882571 
vt 0.579664 0.86145 
vt 0.595472 0.856443 
vt 0.610884 0.862064 
vt 0.614639 0.883142 
vt 0.610424 0.903691 
vt 0.594615 0.908698 
vt 0.628036 0.90501 
vt 0.627493 0.88243 
vt 0.632911 0.881612 
vt 0.636667 0.90269 
vt 0.627918 0.858132 
vt 0.637127 0.861063 
vt 0.635371 0.848906 
vt 0.652306 0.848182 
vt 0.652935 0.856055 
vt 0.67053 0.848748 
vt 0.668347 0.861677 
vt 0.677952 0.859314 
vt 0.678495 0.881895 
vt 0.672103 0.882755 
vt 0.667887 0.903304 
vt 0.67807 0.906193 
vt 0.652078 0.908311 
vt 0.668951 0.917116 
vt 0.652016 0.917841 
vt 0.633792 0.917274 
vt 0.636667 0.90269 
vt 0.632911 0.881612 
vt 0.652507 0.882183 
vt 0.637127 0.861063 
vt 0.652935 0.856055 
vt 0.668347 0.861677 
vt 0.672103 0.882755 
vt 0.667887 0.903304 
vt 0.652078 0.908311 
vt 0.579544 0.981764 
vt 0.575788 0.960686 
vt 0.57037 0.961504 
vt 0.570913 0.984084 
vt 0.580004 0.940137 
vt 0.570795 0.937206 
vt 0.595812 0.935129 
vt 0.595183 0.927256 
vt 0.578248 0.92798 
vt 0.611224 0.940751 
vt 0.613407 0.927823 
vt 0.61498 0.961829 
vt 0.621372 0.960969 
vt 0.620829 0.938389 
vt 0.610763 0.982378 
vt 0.620947 0.985267 
vt 0.594955 0.987385 
vt 0.594893 0.996915 
vt 0.611827 0.99619 
vt 0.576669 0.996348 
vt 0.579544 0.981764 
vt 0.595384 0.961257 
vt 0.575788 0.960686 
vt 0.580004 0.940137 
vt 0.595812 0.935129 
vt 0.611224 0.940751 
vt 0.61498 0.961829 
vt 0.610763 0.982378 
vt 0.594955 0.987385 
vt 0.442472 0.735837 
vt 0.448269 0.797851 
vt 0.408475 0.798408 
vt 0.405689 0.73617 
vt 0.374228 0.798449 
vt 0.374301 0.736063 
vt 0.408624 0.828582 
vt 0.448871 0.82796 
vt 0.374228 0.798449 
vt 0.408475 0.798408 
vt 0.408624 0.828582 
vt 0.374274 0.828734 
vt 0.45572 0.797277 
vt 0.456436 0.827708 
vt 0.448871 0.82796 
vt 0.448269 0.797851 
vt 0.442472 0.735837 
vt 0.449287 0.734966 
vt 0.268541 0.580247 
vt 0.268048 0.567931 
vt 0.232906 0.568134 
vt 0.234076 0.58028 
vt 0.266616 0.952704 
vt 0.266616 0.948249 
vt 0.252445 0.948249 
vt 0.252445 0.952704 
vt 0.235414 0.949502 
vt 0.235414 0.94546 
vt 0.233397 0.942804 
vt 0.233397 0.946451 
vt 0.0788025 0.656025 
vt 0.125948 0.651137 
vt 0.125934 0.643315 
vt 0.0787875 0.647591 
vt 0.056067 0.656139 
vt 0.0560513 0.6477 
vt 0.191643 0.57581 
vt 0.185789 0.582703 
vt 0.186928 0.591883 
vt 0.193221 0.586379 
vt 0.191643 0.57581 
vt 0.193221 0.586379 
vt 0.340958 0.798455 
vt 0.340952 0.736022 
vt 0.349546 0.736023 
vt 0.349536 0.798457 
vt 0.349534 0.828765 
vt 0.340948 0.828765 
vt 0.340958 0.798455 
vt 0.349536 0.798457 
vt 0.29336 0.579657 
vt 0.302014 0.579651 
vt 0.302091 0.567189 
vt 0.293296 0.567167 
vt 0.281123 0.948249 
vt 0.276554 0.948249 
vt 0.276554 0.952704 
vt 0.281123 0.952704 
vt 0.062547 0.93132 
vt 0.05748 0.93132 
vt 0.0589448 0.968766 
vt 0.0642285 0.968768 
vt 0.626483 0.711737 
vt 0.631823 0.684584 
vt 0.625834 0.683397 
vt 0.620818 0.710587 
vt 0.592232 0.68268 
vt 0.588505 0.709899 
vt 0.620818 0.710587 
vt 0.625834 0.683397 
vt 0.563627 0.68268 
vt 0.56188 0.7099 
vt 0.534606 0.68268 
vt 0.534623 0.709899 
vt 0.543209 0.7099 
vt 0.543226 0.682681 
vt 0.277206 0.996601 
vt 0.282044 0.998122 
vt 0.283406 0.986615 
vt 0.278636 0.985057 
vt 0.283406 0.986615 
vt 0.282044 0.998122 
vt 0.286184 0.997806 
vt 0.28745 0.98676 
vt 0.286184 0.997806 
vt 0.326297 0.99292 
vt 0.326741 0.982466 
vt 0.28745 0.98676 
vt 0.356261 0.989159 
vt 0.361496 0.978202 
vt 0.387262 0.985359 
vt 0.397825 0.984064 
vt 0.397131 0.973835 
vt 0.386547 0.975132 
vt 0.182601 0.645303 
vt 0.182588 0.638213 
vt 0.432807 0.661155 
vt 0.438819 0.660263 
vt 0.432807 0.661155 
vt 0.398858 0.661493 
vt 0.37444 0.661406 
vt 0.341003 0.661384 
vt 0.349491 0.661383 
vt 0.340942 0.84255 
vt 0.349537 0.842549 
vt 0.349546 0.914434 
vt 0.340932 0.914435 
vt 0.374303 0.842512 
vt 0.374411 0.91441 
vt 0.408695 0.842341 
vt 0.408934 0.906753 
vt 0.449034 0.841744 
vt 0.449447 0.891797 
vt 0.456617 0.841576 
vt 0.457051 0.889678 
vt 0.449447 0.891797 
vt 0.449034 0.841744 
vt 0.0457297 0.656192 
vt 0.045714 0.647749 
vt 0.006963 0.647948 
vt 0.0098175 0.656393 
vt 0.349537 0.842549 
vt 0.340942 0.84255 
vt 0.374303 0.842512 
vt 0.408695 0.842341 
vt 0.169698 0.927295 
vt 0.167798 0.928297 
vt 0.167528 0.931087 
vt 0.169716 0.931069 
vt 0.22859 0.970007 
vt 0.223438 0.970007 
vt 0.224101 0.976496 
vt 0.22859 0.978818 
vt 0.167798 0.928297 
vt 0.169698 0.927295 
vt 0.167521 0.924157 
vt 0.166555 0.926633 
vt 0.22859 0.978818 
vt 0.224101 0.976496 
vt 0.221293 0.980378 
vt 0.22357 0.986188 
vt 0.149734 0.920883 
vt 0.14958 0.92389 
vt 0.166555 0.926633 
vt 0.167521 0.924157 
vt 0.22357 0.986188 
vt 0.221293 0.980378 
vt 0.182175 0.986896 
vt 0.18254 0.993915 
vt 0.136801 0.920886 
vt 0.136802 0.923916 
vt 0.147273 0.986849 
vt 0.147272 0.993911 
vt 0.122117 0.993912 
vt 0.122116 0.986849 
vt 0.111488 0.986848 
vt 0.111487 0.99391 
vt 0.123585 0.923917 
vt 0.123585 0.920887 
vt 0.28199 0.798402 
vt 0.242188 0.797826 
vt 0.248008 0.735813 
vt 0.284785 0.736154 
vt 0.316189 0.736053 
vt 0.316258 0.798449 
vt 0.241595 0.827929 
vt 0.281845 0.828579 
vt 0.316258 0.798449 
vt 0.316204 0.828739 
vt 0.281845 0.828579 
vt 0.28199 0.798402 
vt 0.242188 0.797826 
vt 0.241595 0.827929 
vt 0.234031 0.827675 
vt 0.234737 0.797255 
vt 0.241195 0.734934 
vt 0.248008 0.735813 
vt 0.362413 0.568137 
vt 0.327307 0.567945 
vt 0.326811 0.580254 
vt 0.36124 0.580279 
vt 0.291061 0.952704 
vt 0.305231 0.952704 
vt 0.305231 0.948249 
vt 0.291061 0.948249 
vt 0.322263 0.949501 
vt 0.322263 0.94546 
vt 0.32428 0.94645 
vt 0.32428 0.942804 
vt 0.0787928 0.656129 
vt 0.0787785 0.647695 
vt 0.125924 0.643419 
vt 0.125939 0.651241 
vt 0.0560415 0.647803 
vt 0.0560573 0.656243 
vt 0.408393 0.59186 
vt 0.409532 0.582664 
vt 0.403674 0.575793 
vt 0.402093 0.58636 
vt 0.402093 0.58636 
vt 0.403674 0.575793 
vt 0.0589373 0.968722 
vt 0.0574725 0.931276 
vt 0.0625395 0.931276 
vt 0.0642218 0.968722 
vt 0.451348 0.711737 
vt 0.457014 0.710588 
vt 0.451999 0.683396 
vt 0.446009 0.684582 
vt 0.457014 0.710588 
vt 0.489327 0.7099 
vt 0.485601 0.682679 
vt 0.451999 0.683396 
vt 0.515951 0.709899 
vt 0.514205 0.68268 
vt 0.282853 0.969245 
vt 0.287636 0.970736 
vt 0.286366 0.982261 
vt 0.281516 0.98081 
vt 0.287636 0.970736 
vt 0.291681 0.970823 
vt 0.290503 0.981887 
vt 0.286366 0.982261 
vt 0.330575 0.976428 
vt 0.290503 0.981887 
vt 0.291681 0.970823 
vt 0.330934 0.96597 
vt 0.365655 0.961211 
vt 0.360508 0.972242 
vt 0.182591 0.645407 
vt 0.182579 0.638317 
vt 0.257697 0.661156 
vt 0.251688 0.660263 
vt 0.257697 0.661156 
vt 0.291638 0.661491 
vt 0.316055 0.661404 
vt 0.390679 0.957784 
vt 0.391477 0.967999 
vt 0.316067 0.91441 
vt 0.316175 0.842516 
vt 0.281774 0.842339 
vt 0.28154 0.906748 
vt 0.241018 0.891791 
vt 0.241433 0.841715 
vt 0.241018 0.891791 
vt 0.233415 0.889664 
vt 0.233849 0.841535 
vt 0.241433 0.841715 
vt 0.04572 0.656296 
vt 0.00980775 0.656497 
vt 0.00695325 0.648052 
vt 0.0457035 0.647853 
vt 0.316175 0.842516 
vt 0.281774 0.842339 
vt 0.0748703 0.928297 
vt 0.072969 0.927295 
vt 0.0729517 0.931069 
vt 0.0751387 0.931087 
vt 0.00501525 0.97882 
vt 0.00950325 0.976498 
vt 0.010167 0.970009 
vt 0.0050145 0.970009 
vt 0.0748703 0.928297 
vt 0.0761115 0.926632 
vt 0.0751463 0.924156 
vt 0.072969 0.927295 
vt 0.00501525 0.97882 
vt 0.0100343 0.98619 
vt 0.012312 0.980379 
vt 0.00950325 0.976498 
vt 0.0761115 0.926632 
vt 0.0930877 0.92389 
vt 0.0929325 0.920883 
vt 0.0751463 0.924156 
vt 0.0100343 0.98619 
vt 0.051063 0.993915 
vt 0.0514283 0.986896 
vt 0.012312 0.980379 
vt 0.105866 0.923916 
vt 0.105866 0.920886 
vt 0.0863317 0.99391 
vt 0.0863317 0.986849 
vt 0.119082 0.920887 
vt 0.119082 0.923917 
vt 0.403099 0.648806 
vt 0.409297 0.648908 
vt 0.408393 0.59186 
vt 0.402093 0.58636 
vt 0.0457035 0.647853 
vt 0.00695325 0.648052 
vt 0.00683625 0.590858 
vt 0.0455917 0.584465 
vt 0.0559275 0.58305 
vt 0.0786593 0.579936 
vt 0.0787785 0.647695 
vt 0.12582 0.584109 
vt 0.125924 0.643419 
vt 0.182492 0.589088 
vt 0.182579 0.638317 
vt 0.0728272 0.957268 
vt 0.0750142 0.957287 
vt 0.0751387 0.931087 
vt 0.0729517 0.931069 
vt 0.238259 0.957331 
vt 0.282853 0.969245 
vt 0.281516 0.98081 
vt 0.236132 0.968684 
vt 0.0050145 0.909367 
vt 0.0050145 0.970009 
vt 0.010167 0.970009 
vt 0.010167 0.909367 
vt 0.0241012 0.931276 
vt 0.0574725 0.931276 
vt 0.0589373 0.968722 
vt 0.022569 0.968722 
vt 0.322263 0.918844 
vt 0.32428 0.918785 
vt 0.305231 0.918907 
vt 0.291061 0.918907 
vt 0.281123 0.918907 
vt 0.276554 0.918907 
vt 0.266616 0.918907 
vt 0.252445 0.918907 
vt 0.235414 0.918844 
vt 0.233397 0.918785 
vt 0.0225765 0.968767 
vt 0.0589448 0.968766 
vt 0.05748 0.93132 
vt 0.0241095 0.931321 
vt 0.22859 0.970007 
vt 0.22859 0.909365 
vt 0.223437 0.909365 
vt 0.223438 0.970007 
vt 0.277206 0.996601 
vt 0.278636 0.985057 
vt 0.23414 0.972507 
vt 0.231923 0.983829 
vt 0.167528 0.931087 
vt 0.167653 0.957287 
vt 0.16984 0.957268 
vt 0.169716 0.931069 
vt 0.12583 0.584006 
vt 0.125934 0.643315 
vt 0.182502 0.588985 
vt 0.0786683 0.579832 
vt 0.0787875 0.647591 
vt 0.0559373 0.582946 
vt 0.0456015 0.584362 
vt 0.045714 0.647749 
vt 0.006846 0.590754 
vt 0.006963 0.647948 
vt 0.186928 0.591883 
vt 0.186011 0.648907 
vt 0.192208 0.64881 
vt 0.193221 0.586379 
vt 0.233638 0.64737 
vt 0.234076 0.58028 
vt 0.193221 0.586379 
vt 0.192208 0.64881 
vt 0.268541 0.580247 
vt 0.268469 0.646544 
vt 0.293356 0.646346 
vt 0.29336 0.579657 
vt 0.302009 0.646344 
vt 0.302014 0.579651 
vt 0.326883 0.646555 
vt 0.326811 0.580254 
vt 0.36124 0.580279 
vt 0.361715 0.647373 
vt 0.402093 0.58636 
vt 0.403099 0.648806 
vt 0.216155 0.735837 
vt 0.179372 0.73617 
vt 0.182157 0.798408 
vt 0.221951 0.797851 
vt 0.147911 0.798449 
vt 0.147983 0.736063 
vt 0.182306 0.828582 
vt 0.222553 0.82796 
vt 0.147956 0.828734 
vt 0.229402 0.797277 
vt 0.221951 0.797851 
vt 0.222553 0.82796 
vt 0.230118 0.827708 
vt 0.222969 0.734966 
vt 0.216155 0.735837 
vt 0.232906 0.568134 
vt 0.268048 0.567931 
vt 0.268541 0.580247 
vt 0.234076 0.58028 
vt 0.266616 0.948249 
vt 0.266616 0.952704 
vt 0.252445 0.952704 
vt 0.252445 0.948249 
vt 0.235414 0.949502 
vt 0.235414 0.94546 
vt 0.233397 0.946451 
vt 0.233397 0.942804 
vt 0.0788025 0.656025 
vt 0.0787875 0.647591 
vt 0.125934 0.643315 
vt 0.125948 0.651137 
vt 0.0560513 0.6477 
vt 0.056067 0.656139 
vt 0.191643 0.57581 
vt 0.193221 0.586379 
vt 0.186928 0.591883 
vt 0.185789 0.582703 
vt 0.193221 0.586379 
vt 0.191643 0.57581 
vt 0.123218 0.798457 
vt 0.123228 0.736023 
vt 0.114634 0.736022 
vt 0.114641 0.798455 
vt 0.11463 0.828765 
vt 0.123216 0.828765 
vt 0.293296 0.567167 
vt 0.302091 0.567189 
vt 0.302014 0.579651 
vt 0.29336 0.579657 
vt 0.276554 0.948249 
vt 0.281123 0.948249 
vt 0.281123 0.952704 
vt 0.276554 0.952704 
vt 0.0589448 0.968766 
vt 0.05748 0.93132 
vt 0.062547 0.93132 
vt 0.0642285 0.968768 
vt 0.631823 0.684584 
vt 0.626483 0.711737 
vt 0.620818 0.710587 
vt 0.625834 0.683397 
vt 0.592232 0.68268 
vt 0.625834 0.683397 
vt 0.620818 0.710587 
vt 0.588505 0.709899 
vt 0.56188 0.7099 
vt 0.563627 0.68268 
vt 0.543226 0.682681 
vt 0.543209 0.7099 
vt 0.534623 0.709899 
vt 0.534606 0.68268 
vt 0.278636 0.985057 
vt 0.283406 0.986615 
vt 0.282044 0.998122 
vt 0.277206 0.996601 
vt 0.286184 0.997806 
vt 0.282044 0.998122 
vt 0.283406 0.986615 
vt 0.28745 0.98676 
vt 0.326297 0.99292 
vt 0.286184 0.997806 
vt 0.28745 0.98676 
vt 0.326741 0.982466 
vt 0.356261 0.989159 
vt 0.361496 0.978202 
vt 0.387262 0.985359 
vt 0.386547 0.975132 
vt 0.397131 0.973835 
vt 0.397825 0.984064 
vt 0.182601 0.645303 
vt 0.182588 0.638213 
vt 0.212502 0.660263 
vt 0.206489 0.661155 
vt 0.206489 0.661155 
vt 0.172541 0.661493 
vt 0.148123 0.661406 
vt 0.123173 0.661383 
vt 0.114686 0.661384 
vt 0.123228 0.914434 
vt 0.12322 0.842549 
vt 0.114624 0.84255 
vt 0.114614 0.914435 
vt 0.148093 0.91441 
vt 0.147985 0.842512 
vt 0.182377 0.842341 
vt 0.182616 0.906753 
vt 0.222716 0.841744 
vt 0.22313 0.891797 
vt 0.222716 0.841744 
vt 0.22313 0.891797 
vt 0.230733 0.889678 
vt 0.2303 0.841576 
vt 0.045714 0.647749 
vt 0.0457297 0.656192 
vt 0.0098175 0.656393 
vt 0.006963 0.647948 
vt 0.169716 0.931069 
vt 0.167528 0.931087 
vt 0.167798 0.928297 
vt 0.169698 0.927295 
vt 0.22859 0.970007 
vt 0.22859 0.978818 
vt 0.224101 0.976496 
vt 0.223438 0.970007 
vt 0.167798 0.928297 
vt 0.166555 0.926633 
vt 0.167521 0.924157 
vt 0.169698 0.927295 
vt 0.22859 0.978818 
vt 0.22357 0.986188 
vt 0.221293 0.980378 
vt 0.224101 0.976496 
vt 0.149734 0.920883 
vt 0.167521 0.924157 
vt 0.166555 0.926633 
vt 0.14958 0.92389 
vt 0.182175 0.986896 
vt 0.221293 0.980378 
vt 0.22357 0.986188 
vt 0.18254 0.993915 
vt 0.136802 0.923916 
vt 0.136801 0.920886 
vt 0.147272 0.993911 
vt 0.147273 0.986849 
vt 0.111487 0.99391 
vt 0.111488 0.986848 
vt 0.122116 0.986849 
vt 0.122117 0.993912 
vt 0.123585 0.923917 
vt 0.123585 0.920887 
vt 0.0556732 0.798402 
vt 0.058467 0.736154 
vt 0.02169 0.735813 
vt 0.01587 0.797826 
vt 0.08994 0.798449 
vt 0.0898717 0.736053 
vt 0.0152775 0.827929 
vt 0.055527 0.828579 
vt 0.089886 0.828739 
vt 0.0084195 0.797255 
vt 0.00771375 0.827675 
vt 0.0152775 0.827929 
vt 0.01587 0.797826 
vt 0.02169 0.735813 
vt 0.0148785 0.734934 
vt 0.36124 0.580279 
vt 0.326811 0.580254 
vt 0.327307 0.567945 
vt 0.362413 0.568137 
vt 0.291061 0.948249 
vt 0.305231 0.948249 
vt 0.305231 0.952704 
vt 0.291061 0.952704 
vt 0.322263 0.949501 
vt 0.322263 0.94546 
vt 0.32428 0.942804 
vt 0.32428 0.94645 
vt 0.0787785 0.647695 
vt 0.0787928 0.656129 
vt 0.125939 0.651241 
vt 0.125924 0.643419 
vt 0.0560415 0.647803 
vt 0.0560573 0.656243 
vt 0.409532 0.582664 
vt 0.408393 0.59186 
vt 0.402093 0.58636 
vt 0.403674 0.575793 
vt 0.403674 0.575793 
vt 0.402093 0.58636 
vt 0.0574725 0.931276 
vt 0.0589373 0.968722 
vt 0.0642218 0.968722 
vt 0.0625395 0.931276 
vt 0.451348 0.711737 
vt 0.446009 0.684582 
vt 0.451999 0.683396 
vt 0.457014 0.710588 
vt 0.451999 0.683396 
vt 0.485601 0.682679 
vt 0.489327 0.7099 
vt 0.457014 0.710588 
vt 0.515951 0.709899 
vt 0.514205 0.68268 
vt 0.287636 0.970736 
vt 0.282853 0.969245 
vt 0.281516 0.98081 
vt 0.286366 0.982261 
vt 0.287636 0.970736 
vt 0.286366 0.982261 
vt 0.290503 0.981887 
vt 0.291681 0.970823 
vt 0.290503 0.981887 
vt 0.330575 0.976428 
vt 0.330934 0.96597 
vt 0.291681 0.970823 
vt 0.360508 0.972242 
vt 0.365655 0.961211 
vt 0.182579 0.638317 
vt 0.182591 0.645407 
vt 0.0313792 0.661156 
vt 0.0253702 0.660263 
vt 0.0313792 0.661156 
vt 0.0653198 0.661491 
vt 0.0897375 0.661404 
vt 0.391477 0.967999 
vt 0.390679 0.957784 
vt 0.0897495 0.91441 
vt 0.0898575 0.842516 
vt 0.0554565 0.842339 
vt 0.0552225 0.906748 
vt 0.0151155 0.841715 
vt 0.0147007 0.891791 
vt 0.0151155 0.841715 
vt 0.00753075 0.841535 
vt 0.00709725 0.889664 
vt 0.0147007 0.891791 
vt 0.0457035 0.647853 
vt 0.00695325 0.648052 
vt 0.00980775 0.656497 
vt 0.04572 0.656296 
vt 0.0748703 0.928297 
vt 0.0751387 0.931087 
vt 0.0729517 0.931069 
vt 0.072969 0.927295 
vt 0.00501525 0.97882 
vt 0.0050145 0.970009 
vt 0.010167 0.970009 
vt 0.00950325 0.976498 
vt 0.0748703 0.928297 
vt 0.072969 0.927295 
vt 0.0751463 0.924156 
vt 0.0761115 0.926632 
vt 0.00950325 0.976498 
vt 0.012312 0.980379 
vt 0.0100343 0.98619 
vt 0.00501525 0.97882 
vt 0.0929325 0.920883 
vt 0.0930877 0.92389 
vt 0.0761115 0.926632 
vt 0.0751463 0.924156 
vt 0.0100343 0.98619 
vt 0.012312 0.980379 
vt 0.0514283 0.986896 
vt 0.051063 0.993915 
vt 0.105866 0.920886 
vt 0.105866 0.923916 
vt 0.0863317 0.986849 
vt 0.0863317 0.99391 
vt 0.119082 0.920887 
vt 0.119082 0.923917 
vt 0.403099 0.648806 
vt 0.402093 0.58636 
vt 0.408393 0.59186 
vt 0.409297 0.648908 
vt 0.00695325 0.648052 
vt 0.0457035 0.647853 
vt 0.0559275 0.58305 
vt 0.0787785 0.647695 
vt 0.125924 0.643419 
vt 0.0751387 0.931087 
vt 0.0729517 0.931069 
vt 0.281516 0.98081 
vt 0.282853 0.969245 
vt 0.010167 0.970009 
vt 0.0050145 0.970009 
vt 0.022569 0.968722 
vt 0.0241012 0.931276 
vt 0.0225765 0.968767 
vt 0.0241095 0.931321 
vt 0.223438 0.970007 
vt 0.22859 0.970007 
vt 0.23414 0.972507 
vt 0.278636 0.985057 
vt 0.277206 0.996601 
vt 0.231923 0.983829 
vt 0.169716 0.931069 
vt 0.167528 0.931087 
vt 0.182588 0.638213 
vt 0.125934 0.643315 
vt 0.0787875 0.647591 
vt 0.0559373 0.582946 
vt 0.045714 0.647749 
vt 0.006963 0.647948 
vt 0.186928 0.591883 
vt 0.193221 0.586379 
vt 0.192208 0.64881 
vt 0.186011 0.648907 
vt 0.233638 0.64737 
vt 0.192208 0.64881 
vt 0.193221 0.586379 
vt 0.234076 0.58028 
vt 0.268541 0.580247 
vt 0.268469 0.646544 
vt 0.293356 0.646346 
vt 0.29336 0.579657 
vt 0.302009 0.646344 
vt 0.302014 0.579651 
vt 0.326811 0.580254 
vt 0.326883 0.646555 
vt 0.361715 0.647373 
vt 0.36124 0.580279 
vt 0.403099 0.648806 
vt 0.402093 0.58636 
vt 0.408475 0.798408 
vt 0.408624 0.828582 
vt 0.408624 0.828582 
vt 0.408475 0.798408 
vt 0.408475 0.798408 
vt 0.374228 0.798449 
vt 0.374228 0.798449 
vt 0.408475 0.798408 
vt 0.349536 0.798457 
vt 0.349536 0.798457 
vt 0.340958 0.798455 
vt 0.340958 0.798455 
vt 0.349537 0.842549 
vt 0.349537 0.842549 
vt 0.340942 0.84255 
vt 0.340942 0.84255 
vt 0.374303 0.842512 
vt 0.374303 0.842512 
vt 0.408695 0.842341 
vt 0.408695 0.842341 
vt 0.408695 0.842341 
vt 0.408695 0.842341 
vt 0.316258 0.798449 
vt 0.28199 0.798402 
vt 0.28199 0.798402 
vt 0.316258 0.798449 
vt 0.281845 0.828579 
vt 0.281845 0.828579 
vt 0.28199 0.798402 
vt 0.28199 0.798402 
vt 0.316175 0.842516 
vt 0.316175 0.842516 
vt 0.281774 0.842339 
vt 0.281774 0.842339 
vt 0.281774 0.842339 
vt 0.281774 0.842339 
vt 0.196915 0.505153 
vt 0.149301 0.504933 
vt 0.149425 0.457257 
vt 0.197039 0.457477 
vt 0.149425 0.457294 
vt 0.197039 0.457514 
vt 0.196915 0.505153 
vt 0.149301 0.504933 
vt 0.0506415 0.420836 
vt 0.098256 0.421056 
vt 0.0981323 0.468662 
vt 0.0505178 0.468442 
vt 0.149424 0.457361 
vt 0.197039 0.457581 
vt 0.196915 0.505153 
vt 0.149301 0.504933 
vt 0.151136 0.401311 
vt 0.19875 0.401531 
vt 0.198625 0.449276 
vt 0.151011 0.449056 
vt 0.197039 0.457442 
vt 0.196915 0.505153 
vt 0.149301 0.504933 
vt 0.149425 0.457222 
vt 0.102453 0.478536 
vt 0.113628 0.453033 
vt 0.124604 0.478686 
vt 0.11343 0.504187 
vt 0.135579 0.504341 
vt 0.146754 0.478839 
vt 0.135779 0.453186 
vt 0.135384 0.504289 
vt 0.113232 0.504187 
vt 0.124374 0.478661 
vt 0.102225 0.478558 
vt 0.113365 0.453033 
vt 0.135517 0.453135 
vt 0.146525 0.478763 
vt 0.198518 0.401792 
vt 0.198394 0.449468 
vt 0.150779 0.449248 
vt 0.150903 0.401572 
vt 0.150779 0.449248 
vt 0.150903 0.40161 
vt 0.198518 0.40183 
vt 0.198394 0.449468 
vt 0.19711 0.504775 
vt 0.149496 0.504555 
vt 0.14962 0.45695 
vt 0.197234 0.45717 
vt 0.198518 0.401896 
vt 0.198394 0.449468 
vt 0.150779 0.449248 
vt 0.150903 0.401676 
vt 0.0987555 0.5196 
vt 0.051141 0.51938 
vt 0.0512655 0.471635 
vt 0.09888 0.471855 
vt 0.051141 0.51995 
vt 0.0512655 0.472239 
vt 0.09888 0.472459 
vt 0.0987555 0.52017 
vt 0.10331 0.422848 
vt 0.114485 0.397346 
vt 0.125461 0.422999 
vt 0.114286 0.448499 
vt 0.136436 0.448654 
vt 0.147611 0.423152 
vt 0.136635 0.397499 
vt 0.136241 0.448602 
vt 0.114089 0.448499 
vt 0.12523 0.422973 
vt 0.103082 0.422871 
vt 0.114222 0.397345 
vt 0.136374 0.397448 
vt 0.147382 0.423076 
vt 0.0509377 0.519743 
vt 0.0510615 0.472067 
vt 0.098676 0.472287 
vt 0.0985522 0.519963 
vt 0.0985522 0.519963 
vt 0.0509377 0.519743 
vt 0.0510615 0.472104 
vt 0.098676 0.472324 
vt 0.150699 0.401436 
vt 0.198314 0.401656 
vt 0.19819 0.449261 
vt 0.150575 0.449041 
vt 0.098676 0.472391 
vt 0.0985522 0.519963 
vt 0.0509377 0.519743 
vt 0.0510615 0.472171 
vt 0.0995317 0.522393 
vt 0.0994072 0.570138 
vt 0.0517928 0.569918 
vt 0.0519173 0.522173 
vt 0.098676 0.472252 
vt 0.0985522 0.519963 
vt 0.0509377 0.519743 
vt 0.0510615 0.472032 
vt 0.00312375 0.496198 
vt 0.0142988 0.470696 
vt 0.0252742 0.496349 
vt 0.0141 0.52185 
vt 0.0362497 0.522004 
vt 0.0474248 0.496502 
vt 0.0364485 0.470849 
vt 0.036054 0.521952 
vt 0.013902 0.521849 
vt 0.025044 0.496324 
vt 0.002895 0.496221 
vt 0.0140355 0.470695 
vt 0.0361867 0.470798 
vt 0.047196 0.496426 
vt 0.0514328 0.522632 
vt 0.0990473 0.522852 
vt 0.0989235 0.570528 
vt 0.051309 0.570308 
vt 0.0514328 0.522669 
vt 0.0990473 0.522889 
vt 0.0989235 0.570528 
vt 0.051309 0.570308 
vt 0.15107 0.401255 
vt 0.198685 0.401475 
vt 0.198562 0.449081 
vt 0.150946 0.448861 
vt 0.0514328 0.522736 
vt 0.0990473 0.522956 
vt 0.0989235 0.570528 
vt 0.051309 0.570308 
vt 0.0517365 0.469387 
vt 0.051861 0.421642 
vt 0.0994755 0.421862 
vt 0.099351 0.469607 
vt 0.051309 0.570308 
vt 0.0514328 0.522597 
vt 0.0990473 0.522817 
vt 0.0989235 0.570528 
vt 0.0028095 0.549472 
vt 0.0139845 0.52397 
vt 0.0249607 0.549623 
vt 0.0137865 0.575124 
vt 0.0359355 0.575278 
vt 0.0471105 0.549776 
vt 0.036135 0.524123 
vt 0.0357405 0.575226 
vt 0.0135885 0.575124 
vt 0.0247305 0.549598 
vt 0.0025815 0.549495 
vt 0.0137212 0.52397 
vt 0.0358732 0.524072 
vt 0.0468818 0.5497 
vt 0.0510173 0.421681 
vt 0.0986318 0.421901 
vt 0.098508 0.469577 
vt 0.0508935 0.469357 
vt 0.098508 0.469577 
vt 0.0508935 0.469357 
vt 0.0510173 0.421719 
vt 0.0986318 0.421939 
vt 0.0989355 0.571068 
vt 0.051321 0.570848 
vt 0.0514448 0.523243 
vt 0.0990593 0.523463 
vt 0.0508935 0.469357 
vt 0.0510173 0.421785 
vt 0.0986318 0.422005 
vt 0.098508 0.469577 
vt 0.197414 0.456043 
vt 0.197291 0.503788 
vt 0.149676 0.503568 
vt 0.1498 0.455823 
vt 0.0508935 0.469357 
vt 0.0510173 0.421647 
vt 0.0986318 0.421867 
vt 0.098508 0.469577 
vt 0.00308625 0.4431 
vt 0.0142612 0.417598 
vt 0.0252368 0.443251 
vt 0.0140632 0.468752 
vt 0.0362123 0.468906 
vt 0.0473872 0.443404 
vt 0.036411 0.417751 
vt 0.0360165 0.468854 
vt 0.0138653 0.468751 
vt 0.0250065 0.443225 
vt 0.00285825 0.443123 
vt 0.013998 0.417597 
vt 0.03615 0.4177 
vt 0.0471585 0.443328 
vt 0.405237 0.958108 
vt 0.405153 0.993711 
vt 0.42904 0.983702 
vt 0.4291 0.958187 
vt 0.450413 0.958271 
vt 0.450429 0.976184 
vt 0.468645 0.958306 
vt 0.450413 0.958271 
vt 0.450429 0.976184 
vt 0.468695 0.972339 
vt 0.468695 0.972339 
vt 0.486379 0.975012 
vt 0.486822 0.958343 
vt 0.468645 0.958306 
vt 0.486822 0.958343 
vt 0.486379 0.975012 
vt 0.507696 0.979285 
vt 0.508027 0.958346 
vt 0.531619 0.984559 
vt 0.531927 0.958289 
vt 0.535818 0.930009 
vt 0.535818 0.991101 
vt 0.551816 0.987411 
vt 0.552212 0.934783 
vt 0.563699 0.976527 
vt 0.564089 0.946462 
vt 0.563699 0.976527 
vt 0.568406 0.961993 
vt 0.564089 0.946462 
vt 0.429101 0.932646 
vt 0.405229 0.922519 
vt 0.450449 0.940301 
vt 0.468791 0.944256 
vt 0.450449 0.940301 
vt 0.468791 0.944256 
vt 0.486459 0.941648 
vt 0.507699 0.937423 
vt 0.486459 0.941648 
vt 0.53157 0.932039 
vt 0.552181 0.934788 
vt 0.551782 0.987417 
vt 0.535788 0.991103 
vt 0.535788 0.930017 
vt 0.564058 0.946467 
vt 0.563672 0.976532 
vt 0.563672 0.976532 
vt 0.564058 0.946467 
vt 0.56838 0.961999 
vt 0.405153 0.993711 
vt 0.405237 0.958108 
vt 0.4291 0.958187 
vt 0.42904 0.983702 
vt 0.450413 0.958271 
vt 0.450429 0.976184 
vt 0.450413 0.958271 
vt 0.468645 0.958306 
vt 0.468695 0.972339 
vt 0.450429 0.976184 
vt 0.468695 0.972339 
vt 0.468645 0.958306 
vt 0.486822 0.958343 
vt 0.486379 0.975012 
vt 0.486822 0.958343 
vt 0.508027 0.958346 
vt 0.507696 0.979285 
vt 0.486379 0.975012 
vt 0.531927 0.958289 
vt 0.531619 0.984559 
vt 0.552212 0.934783 
vt 0.551816 0.987411 
vt 0.535818 0.991101 
vt 0.535818 0.930009 
vt 0.564089 0.946462 
vt 0.563699 0.976527 
vt 0.563699 0.976527 
vt 0.564089 0.946462 
vt 0.568406 0.961993 
vt 0.429101 0.932646 
vt 0.405229 0.922519 
vt 0.450449 0.940301 
vt 0.450449 0.940301 
vt 0.468791 0.944256 
vt 0.468791 0.944256 
vt 0.486459 0.941648 
vt 0.507699 0.937423 
vt 0.486459 0.941648 
vt 0.53157 0.932039 
vt 0.552181 0.934788 
vt 0.535788 0.930017 
vt 0.535788 0.991103 
vt 0.551782 0.987417 
vt 0.563672 0.976532 
vt 0.564058 0.946467 
vt 0.563672 0.976532 
vt 0.56838 0.961999 
vt 0.564058 0.946467 
vt 0.477239 0.869459 
vt 0.477243 0.88839 
vt 0.489936 0.888432 
vt 0.489937 0.874846 
vt 0.501272 0.888476 
vt 0.501292 0.878918 
vt 0.501292 0.878918 
vt 0.501272 0.888476 
vt 0.51097 0.888495 
vt 0.511047 0.881022 
vt 0.520639 0.888514 
vt 0.520445 0.879634 
vt 0.511047 0.881022 
vt 0.51097 0.888495 
vt 0.531917 0.888516 
vt 0.531743 0.877387 
vt 0.520445 0.879634 
vt 0.520639 0.888514 
vt 0.54463 0.888486 
vt 0.54444 0.874524 
vt 0.535788 0.930017 
vt 0.552181 0.934788 
vt 0.551782 0.987417 
vt 0.535788 0.991103 
vt 0.563672 0.976532 
vt 0.564058 0.946467 
vt 0.563672 0.976532 
vt 0.564058 0.946467 
vt 0.56838 0.961999 
vt 0.477239 0.869459 
vt 0.489937 0.874846 
vt 0.501292 0.878918 
vt 0.511047 0.881022 
vt 0.501292 0.878918 
vt 0.511047 0.881022 
vt 0.520445 0.879634 
vt 0.531743 0.877387 
vt 0.520445 0.879634 
vt 0.54444 0.874524 
vt 0.552181 0.934788 
vt 0.535788 0.930017 
vt 0.535788 0.991103 
vt 0.551782 0.987417 
vt 0.563672 0.976532 
vt 0.564058 0.946467 
vt 0.563672 0.976532 
vt 0.56838 0.961999 
vt 0.564058 0.946467 

usemtl RedRetroRobot1Mtl

f 3073/3073/3073 3074/3074/3074 3075/3075/3075 
f 3075/3075/3075 3076/3076/3076 3073/3073/3073 
f 3077/3077/3077 3078/3078/3078 3079/3079/3079 
f 3079/3079/3079 3080/3080/3080 3077/3077/3077 
f 3081/3081/3081 3082/3082/3082 3078/3078/3078 
f 3078/3078/3078 3077/3077/3077 3081/3081/3081 
f 3083/3083/3083 3084/3084/3084 3082/3082/3082 
f 3082/3082/3082 3081/3081/3081 3083/3083/3083 
f 3085/3085/3085 3086/3086/3086 3084/3084/3084 
f 3084/3084/3084 3083/3083/3083 3085/3085/3085 
f 3086/3086/3086 3085/3085/3085 3087/3087/3087 
f 3087/3087/3087 3088/3088/3088 3086/3086/3086 
f 3089/3089/3089 3088/3088/3088 3087/3087/3087 
f 3087/3087/3087 3090/3090/3090 3089/3089/3089 
f 3089/3089/3089 3090/3090/3090 3091/3091/3091 
f 3091/3091/3091 3092/3092/3092 3089/3089/3089 
f 3092/3092/3092 3091/3091/3091 3093/3093/3093 
f 3093/3093/3093 3094/3094/3094 3092/3092/3092 
f 3094/3094/3094 3093/3093/3093 3074/3074/3074 
f 3074/3074/3074 3073/3073/3073 3094/3094/3094 
f 3095/3095/3095 3096/3096/3096 3097/3097/3097 
f 3096/3096/3096 3098/3098/3098 3097/3097/3097 
f 3098/3098/3098 3099/3099/3099 3097/3097/3097 
f 3099/3099/3099 3100/3100/3100 3097/3097/3097 
f 3100/3100/3100 3101/3101/3101 3097/3097/3097 
f 3101/3101/3101 3102/3102/3102 3097/3097/3097 
f 3102/3102/3102 3103/3103/3103 3097/3097/3097 
f 3103/3103/3103 3104/3104/3104 3097/3097/3097 
f 3104/3104/3104 3105/3105/3105 3097/3097/3097 
f 3105/3105/3105 3095/3095/3095 3097/3097/3097 
f 3106/3106/3106 3107/3107/3107 3108/3108/3108 
f 3108/3108/3108 3109/3109/3109 3106/3106/3106 
f 3110/3110/3110 3111/3111/3111 3112/3112/3112 
f 3112/3112/3112 3113/3113/3113 3110/3110/3110 
f 3114/3114/3114 3115/3115/3115 3116/3116/3116 
f 3116/3116/3116 3117/3117/3117 3114/3114/3114 
f 3118/3118/3118 3119/3119/3119 3120/3120/3120 
f 3120/3120/3120 3121/3121/3121 3118/3118/3118 
f 3122/3122/3122 3123/3123/3123 3124/3124/3124 
f 3124/3124/3124 3125/3125/3125 3122/3122/3122 
f 3126/3126/3126 3127/3127/3127 3128/3128/3128 
f 3128/3128/3128 3129/3129/3129 3126/3126/3126 
f 3130/3130/3130 3131/3131/3131 3132/3132/3132 
f 3132/3132/3132 3133/3133/3133 3130/3130/3130 
f 3134/3134/3134 3135/3135/3135 3136/3136/3136 
f 3136/3136/3136 3137/3137/3137 3134/3134/3134 
f 3138/3138/3138 3139/3139/3139 3140/3140/3140 
f 3140/3140/3140 3141/3141/3141 3138/3138/3138 
f 3142/3142/3142 3143/3143/3143 3144/3144/3144 
f 3144/3144/3144 3145/3145/3145 3142/3142/3142 
f 3146/3146/3146 3147/3147/3147 3148/3148/3148 
f 3148/3148/3148 3149/3149/3149 3146/3146/3146 
f 3150/3150/3150 3151/3151/3151 3152/3152/3152 
f 3152/3152/3152 3153/3153/3153 3150/3150/3150 
f 3154/3154/3154 3155/3155/3155 3156/3156/3156 
f 3156/3156/3156 3157/3157/3157 3154/3154/3154 
f 3158/3158/3158 3159/3159/3159 3160/3160/3160 
f 3161/3161/3161 3162/3162/3162 3163/3163/3163 
f 3164/3164/3164 3165/3165/3165 3166/3166/3166 
f 3167/3167/3167 3168/3168/3168 3169/3169/3169 
f 3170/3170/3170 3171/3171/3171 3172/3172/3172 
f 3172/3172/3172 3173/3173/3173 3170/3170/3170 
f 3174/3174/3174 3175/3175/3175 3176/3176/3176 
f 3176/3176/3176 3177/3177/3177 3174/3174/3174 
f 3178/3178/3178 3179/3179/3179 3180/3180/3180 
f 3180/3180/3180 3181/3181/3181 3178/3178/3178 
f 3182/3182/3182 3183/3183/3183 3184/3184/3184 
f 3184/3184/3184 3185/3185/3185 3182/3182/3182 
f 3184/3184/3184 3180/3180/3180 3179/3179/3179 
f 3179/3179/3179 3185/3185/3185 3184/3184/3184 
f 3186/3186/3186 3187/3187/3187 3188/3188/3188 
f 3188/3188/3188 3189/3189/3189 3186/3186/3186 
f 3189/3189/3189 3188/3188/3188 3183/3183/3183 
f 3183/3183/3183 3182/3182/3182 3189/3189/3189 
f 3190/3190/3190 3191/3191/3191 3192/3192/3192 
f 3192/3192/3192 3193/3193/3193 3190/3190/3190 
f 3194/3194/3194 3195/3195/3195 3196/3196/3196 
f 3196/3196/3196 3197/3197/3197 3194/3194/3194 
f 3198/3198/3198 3199/3199/3199 3200/3200/3200 
f 3200/3200/3200 3201/3201/3201 3198/3198/3198 
f 3202/3202/3202 3203/3203/3203 3204/3204/3204 
f 3204/3204/3204 3205/3205/3205 3202/3202/3202 
f 3206/3206/3206 3207/3207/3207 3208/3208/3208 
f 3208/3208/3208 3209/3209/3209 3206/3206/3206 
f 3191/3191/3191 3190/3190/3190 3209/3209/3209 
f 3209/3209/3209 3208/3208/3208 3191/3191/3191 
f 3198/3198/3198 3203/3203/3203 3202/3202/3202 
f 3202/3202/3202 3199/3199/3199 3198/3198/3198 
f 3210/3210/3210 3211/3211/3211 3212/3212/3212 
f 3212/3212/3212 3213/3213/3213 3210/3210/3210 
f 3214/3214/3214 3215/3215/3215 3216/3216/3216 
f 3216/3216/3216 3217/3217/3217 3214/3214/3214 
f 3218/3218/3218 3219/3219/3219 3220/3220/3220 
f 3220/3220/3220 3221/3221/3221 3218/3218/3218 
f 3204/3204/3204 3211/3211/3211 3210/3210/3210 
f 3210/3210/3210 3205/3205/3205 3204/3204/3204 
f 3207/3207/3207 3206/3206/3206 3219/3219/3219 
f 3219/3219/3219 3218/3218/3218 3207/3207/3207 
f 3222/3222/3222 3223/3223/3223 3224/3224/3224 
f 3224/3224/3224 3225/3225/3225 3222/3222/3222 
f 3226/3226/3226 3222/3222/3222 3225/3225/3225 
f 3225/3225/3225 3227/3227/3227 3226/3226/3226 
f 3228/3228/3228 3226/3226/3226 3229/3229/3229 
f 3229/3229/3229 3230/3230/3230 3228/3228/3228 
f 3231/3231/3231 3228/3228/3228 3230/3230/3230 
f 3230/3230/3230 3232/3232/3232 3231/3231/3231 
f 3233/3233/3233 3231/3231/3231 3234/3234/3234 
f 3234/3234/3234 3235/3235/3235 3233/3233/3233 
f 3233/3233/3233 3235/3235/3235 3236/3236/3236 
f 3236/3236/3236 3237/3237/3237 3233/3233/3233 
f 3238/3238/3238 3239/3239/3239 3237/3237/3237 
f 3237/3237/3237 3240/3240/3240 3238/3238/3238 
f 3241/3241/3241 3239/3239/3239 3238/3238/3238 
f 3238/3238/3238 3242/3242/3242 3241/3241/3241 
f 3243/3243/3243 3241/3241/3241 3244/3244/3244 
f 3244/3244/3244 3245/3245/3245 3243/3243/3243 
f 3245/3245/3245 3246/3246/3246 3247/3247/3247 
f 3247/3247/3247 3243/3243/3243 3245/3245/3245 
f 3248/3248/3248 3249/3249/3249 3247/3247/3247 
f 3247/3247/3247 3250/3250/3250 3248/3248/3248 
f 3251/3251/3251 3223/3223/3223 3249/3249/3249 
f 3249/3249/3249 3248/3248/3248 3251/3251/3251 
f 3252/3252/3252 3253/3253/3253 3254/3254/3254 
f 3255/3255/3255 3256/3256/3256 3257/3257/3257 
f 3258/3258/3258 3259/3259/3259 3260/3260/3260 
f 3261/3261/3261 3262/3262/3262 3263/3263/3263 
f 3264/3264/3264 3265/3265/3265 3266/3266/3266 
f 3267/3267/3267 3268/3268/3268 3269/3269/3269 
f 3270/3270/3270 3271/3271/3271 3272/3272/3272 
f 3273/3273/3273 3274/3274/3274 3275/3275/3275 
f 3276/3276/3276 3277/3277/3277 3278/3278/3278 
f 3279/3279/3279 3280/3280/3280 3281/3281/3281 
f 3282/3282/3282 3283/3283/3283 3284/3284/3284 
f 3285/3285/3285 3286/3286/3286 3287/3287/3287 
f 3288/3288/3288 3289/3289/3289 3290/3290/3290 
f 3290/3290/3290 3291/3291/3291 3288/3288/3288 
f 3292/3292/3292 3293/3293/3293 3294/3294/3294 
f 3294/3294/3294 3295/3295/3295 3292/3292/3292 
f 3296/3296/3296 3297/3297/3297 3298/3298/3298 
f 3298/3298/3298 3299/3299/3299 3296/3296/3296 
f 3300/3300/3300 3301/3301/3301 3302/3302/3302 
f 3302/3302/3302 3303/3303/3303 3300/3300/3300 
f 3304/3304/3304 3305/3305/3305 3306/3306/3306 
f 3306/3306/3306 3307/3307/3307 3304/3304/3304 
f 3308/3308/3308 3309/3309/3309 3310/3310/3310 
f 3310/3310/3310 3311/3311/3311 3308/3308/3308 
f 3312/3312/3312 3313/3313/3313 3314/3314/3314 
f 3314/3314/3314 3315/3315/3315 3312/3312/3312 
f 3316/3316/3316 3312/3312/3312 3315/3315/3315 
f 3315/3315/3315 3317/3317/3317 3316/3316/3316 
f 3318/3318/3318 3319/3319/3319 3320/3320/3320 
f 3320/3320/3320 3316/3316/3316 3318/3318/3318 
f 3321/3321/3321 3320/3320/3320 3319/3319/3319 
f 3319/3319/3319 3322/3322/3322 3321/3321/3321 
f 3321/3321/3321 3323/3323/3323 3324/3324/3324 
f 3324/3324/3324 3325/3325/3325 3321/3321/3321 
f 3326/3326/3326 3325/3325/3325 3324/3324/3324 
f 3324/3324/3324 3327/3327/3327 3326/3326/3326 
f 3328/3328/3328 3329/3329/3329 3326/3326/3326 
f 3326/3326/3326 3330/3330/3330 3328/3328/3328 
f 3331/3331/3331 3313/3313/3313 3329/3329/3329 
f 3329/3329/3329 3328/3328/3328 3331/3331/3331 
f 3332/3332/3332 3333/3333/3333 3334/3334/3334 
f 3333/3333/3333 3335/3335/3335 3334/3334/3334 
f 3335/3335/3335 3336/3336/3336 3334/3334/3334 
f 3336/3336/3336 3337/3337/3337 3334/3334/3334 
f 3337/3337/3337 3338/3338/3338 3334/3334/3334 
f 3338/3338/3338 3339/3339/3339 3334/3334/3334 
f 3339/3339/3339 3340/3340/3340 3334/3334/3334 
f 3340/3340/3340 3332/3332/3332 3334/3334/3334 
f 3341/3341/3341 3342/3342/3342 3343/3343/3343 
f 3343/3343/3343 3344/3344/3344 3341/3341/3341 
f 3345/3345/3345 3341/3341/3341 3344/3344/3344 
f 3344/3344/3344 3346/3346/3346 3345/3345/3345 
f 3347/3347/3347 3348/3348/3348 3349/3349/3349 
f 3349/3349/3349 3345/3345/3345 3347/3347/3347 
f 3348/3348/3348 3350/3350/3350 3351/3351/3351 
f 3351/3351/3351 3349/3349/3349 3348/3348/3348 
f 3352/3352/3352 3353/3353/3353 3354/3354/3354 
f 3354/3354/3354 3351/3351/3351 3352/3352/3352 
f 3355/3355/3355 3356/3356/3356 3354/3354/3354 
f 3354/3354/3354 3353/3353/3353 3355/3355/3355 
f 3357/3357/3357 3358/3358/3358 3359/3359/3359 
f 3359/3359/3359 3356/3356/3356 3357/3357/3357 
f 3359/3359/3359 3358/3358/3358 3360/3360/3360 
f 3360/3360/3360 3342/3342/3342 3359/3359/3359 
f 3361/3361/3361 3362/3362/3362 3363/3363/3363 
f 3362/3362/3362 3364/3364/3364 3363/3363/3363 
f 3364/3364/3364 3365/3365/3365 3363/3363/3363 
f 3365/3365/3365 3366/3366/3366 3363/3363/3363 
f 3366/3366/3366 3367/3367/3367 3363/3363/3363 
f 3367/3367/3367 3368/3368/3368 3363/3363/3363 
f 3368/3368/3368 3369/3369/3369 3363/3363/3363 
f 3369/3369/3369 3361/3361/3361 3363/3363/3363 
f 3370/3370/3370 3371/3371/3371 3372/3372/3372 
f 3372/3372/3372 3373/3373/3373 3370/3370/3370 
f 3372/3372/3372 3371/3371/3371 3374/3374/3374 
f 3374/3374/3374 3375/3375/3375 3372/3372/3372 
f 3376/3376/3376 3377/3377/3377 3378/3378/3378 
f 3378/3378/3378 3375/3375/3375 3376/3376/3376 
f 3379/3379/3379 3380/3380/3380 3378/3378/3378 
f 3378/3378/3378 3377/3377/3377 3379/3379/3379 
f 3380/3380/3380 3381/3381/3381 3382/3382/3382 
f 3382/3382/3382 3383/3383/3383 3380/3380/3380 
f 3384/3384/3384 3383/3383/3383 3382/3382/3382 
f 3382/3382/3382 3385/3385/3385 3384/3384/3384 
f 3386/3386/3386 3384/3384/3384 3387/3387/3387 
f 3387/3387/3387 3388/3388/3388 3386/3386/3386 
f 3386/3386/3386 3388/3388/3388 3389/3389/3389 
f 3389/3389/3389 3373/3373/3373 3386/3386/3386 
f 3390/3390/3390 3391/3391/3391 3392/3392/3392 
f 3391/3391/3391 3393/3393/3393 3392/3392/3392 
f 3393/3393/3393 3394/3394/3394 3392/3392/3392 
f 3394/3394/3394 3395/3395/3395 3392/3392/3392 
f 3395/3395/3395 3396/3396/3396 3392/3392/3392 
f 3396/3396/3396 3397/3397/3397 3392/3392/3392 
f 3397/3397/3397 3398/3398/3398 3392/3392/3392 
f 3398/3398/3398 3390/3390/3390 3392/3392/3392 
f 3399/3399/3399 3400/3400/3400 3401/3401/3401 
f 3401/3401/3401 3402/3402/3402 3399/3399/3399 
f 3400/3400/3400 3403/3403/3403 3404/3404/3404 
f 3404/3404/3404 3401/3401/3401 3400/3400/3400 
f 3403/3403/3403 3405/3405/3405 3406/3406/3406 
f 3406/3406/3406 3407/3407/3407 3403/3403/3403 
f 3405/3405/3405 3408/3408/3408 3409/3409/3409 
f 3409/3409/3409 3406/3406/3406 3405/3405/3405 
f 3408/3408/3408 3410/3410/3410 3411/3411/3411 
f 3411/3411/3411 3412/3412/3412 3408/3408/3408 
f 3410/3410/3410 3413/3413/3413 3414/3414/3414 
f 3414/3414/3414 3411/3411/3411 3410/3410/3410 
f 3413/3413/3413 3415/3415/3415 3416/3416/3416 
f 3416/3416/3416 3417/3417/3417 3413/3413/3413 
f 3415/3415/3415 3399/3399/3399 3418/3418/3418 
f 3418/3418/3418 3416/3416/3416 3415/3415/3415 
f 3419/3419/3419 3420/3420/3420 3421/3421/3421 
f 3421/3421/3421 3420/3420/3420 3422/3422/3422 
f 3422/3422/3422 3420/3420/3420 3423/3423/3423 
f 3423/3423/3423 3420/3420/3420 3424/3424/3424 
f 3424/3424/3424 3420/3420/3420 3425/3425/3425 
f 3425/3425/3425 3420/3420/3420 3426/3426/3426 
f 3426/3426/3426 3420/3420/3420 3427/3427/3427 
f 3427/3427/3427 3420/3420/3420 3419/3419/3419 
f 3428/3428/3428 3429/3429/3429 3430/3430/3430 
f 3430/3430/3430 3431/3431/3431 3428/3428/3428 
f 3431/3431/3431 3430/3430/3430 3432/3432/3432 
f 3432/3432/3432 3433/3433/3433 3431/3431/3431 
f 3434/3434/3434 3430/3430/3430 3429/3429/3429 
f 3429/3429/3429 3435/3435/3435 3434/3434/3434 
f 3436/3436/3436 3437/3437/3437 3438/3438/3438 
f 3438/3438/3438 3439/3439/3439 3436/3436/3436 
f 3440/3440/3440 3441/3441/3441 3442/3442/3442 
f 3442/3442/3442 3443/3443/3443 3440/3440/3440 
f 3443/3443/3443 3444/3444/3444 3445/3445/3445 
f 3445/3445/3445 3440/3440/3440 3443/3443/3443 
f 3446/3446/3446 3447/3447/3447 3448/3448/3448 
f 3448/3448/3448 3449/3449/3449 3446/3446/3446 
f 3450/3450/3450 3451/3451/3451 3452/3452/3452 
f 3452/3452/3452 3453/3453/3453 3450/3450/3450 
f 3454/3454/3454 3453/3453/3453 3452/3452/3452 
f 3452/3452/3452 3455/3455/3455 3454/3454/3454 
f 3456/3456/3456 3457/3457/3457 3454/3454/3454 
f 3454/3454/3454 3455/3455/3455 3456/3456/3456 
f 3458/3458/3458 3459/3459/3459 3460/3460/3460 
f 3460/3460/3460 3461/3461/3461 3458/3458/3458 
f 3462/3462/3462 3458/3458/3458 3461/3461/3461 
f 3461/3461/3461 3463/3463/3463 3462/3462/3462 
f 3464/3464/3464 3465/3465/3465 3466/3466/3466 
f 3466/3466/3466 3467/3467/3467 3464/3464/3464 
f 3449/3449/3449 3448/3448/3448 3468/3468/3468 
f 3468/3468/3468 3469/3469/3469 3449/3449/3449 
f 3470/3470/3470 3471/3471/3471 3472/3472/3472 
f 3472/3472/3472 3473/3473/3473 3470/3470/3470 
f 3474/3474/3474 3475/3475/3475 3476/3476/3476 
f 3476/3476/3476 3477/3477/3477 3474/3474/3474 
f 3478/3478/3478 3479/3479/3479 3480/3480/3480 
f 3480/3480/3480 3481/3481/3481 3478/3478/3478 
f 3482/3482/3482 3483/3483/3483 3484/3484/3484 
f 3484/3484/3484 3485/3485/3485 3482/3482/3482 
f 3486/3486/3486 3487/3487/3487 3488/3488/3488 
f 3488/3488/3488 3489/3489/3489 3486/3486/3486 
f 3490/3490/3490 3491/3491/3491 3492/3492/3492 
f 3492/3492/3492 3493/3493/3493 3490/3490/3490 
f 3494/3494/3494 3495/3495/3495 3496/3496/3496 
f 3496/3496/3496 3497/3497/3497 3494/3494/3494 
f 3498/3498/3498 3499/3499/3499 3495/3495/3495 
f 3495/3495/3495 3494/3494/3494 3498/3498/3498 
f 3500/3500/3500 3501/3501/3501 3502/3502/3502 
f 3502/3502/3502 3503/3503/3503 3500/3500/3500 
f 3504/3504/3504 3505/3505/3505 3506/3506/3506 
f 3506/3506/3506 3507/3507/3507 3504/3504/3504 
f 3508/3508/3508 3509/3509/3509 3510/3510/3510 
f 3510/3510/3510 3511/3511/3511 3508/3508/3508 
f 3512/3512/3512 3513/3513/3513 3514/3514/3514 
f 3514/3514/3514 3515/3515/3515 3512/3512/3512 
f 3514/3514/3514 3513/3513/3513 3516/3516/3516 
f 3516/3516/3516 3517/3517/3517 3514/3514/3514 
f 3518/3518/3518 3519/3519/3519 3520/3520/3520 
f 3520/3520/3520 3521/3521/3521 3518/3518/3518 
f 3459/3459/3459 3522/3522/3522 3523/3523/3523 
f 3523/3523/3523 3460/3460/3460 3459/3459/3459 
f 3444/3444/3444 3524/3524/3524 3525/3525/3525 
f 3525/3525/3525 3445/3445/3445 3444/3444/3444 
f 3526/3526/3526 3428/3428/3428 3431/3431/3431 
f 3431/3431/3431 3527/3527/3527 3526/3526/3526 
f 3527/3527/3527 3431/3431/3431 3433/3433/3433 
f 3433/3433/3433 3528/3528/3528 3527/3527/3527 
f 3471/3471/3471 3529/3529/3529 3530/3530/3530 
f 3530/3530/3530 3472/3472/3472 3471/3471/3471 
f 3481/3481/3481 3447/3447/3447 3446/3446/3446 
f 3446/3446/3446 3478/3478/3478 3481/3481/3481 
f 3477/3477/3477 3436/3436/3436 3439/3439/3439 
f 3439/3439/3439 3474/3474/3474 3477/3477/3477 
f 3472/3472/3472 3433/3433/3433 3432/3432/3432 
f 3432/3432/3432 3473/3473/3473 3472/3472/3472 
f 3528/3528/3528 3433/3433/3433 3472/3472/3472 
f 3472/3472/3472 3530/3530/3530 3528/3528/3528 
f 3516/3516/3516 3518/3518/3518 3521/3521/3521 
f 3521/3521/3521 3517/3517/3517 3516/3516/3516 
f 3499/3499/3499 3498/3498/3498 3503/3503/3503 
f 3503/3503/3503 3502/3502/3502 3499/3499/3499 
f 3483/3483/3483 3451/3451/3451 3450/3450/3450 
f 3450/3450/3450 3484/3484/3484 3483/3483/3483 
f 3531/3531/3531 3532/3532/3532 3533/3533/3533 
f 3533/3533/3533 3534/3534/3534 3531/3531/3531 
f 3535/3535/3535 3536/3536/3536 3533/3533/3533 
f 3533/3533/3533 3532/3532/3532 3535/3535/3535 
f 3537/3537/3537 3538/3538/3538 3536/3536/3536 
f 3536/3536/3536 3535/3535/3535 3537/3537/3537 
f 3538/3538/3538 3537/3537/3537 3539/3539/3539 
f 3539/3539/3539 3540/3540/3540 3538/3538/3538 
f 3541/3541/3541 3542/3542/3542 3543/3543/3543 
f 3543/3543/3543 3544/3544/3544 3541/3541/3541 
f 3545/3545/3545 3546/3546/3546 3547/3547/3547 
f 3547/3547/3547 3548/3548/3548 3545/3545/3545 
f 3475/3475/3475 3474/3474/3474 3549/3549/3549 
f 3549/3549/3549 3550/3550/3550 3475/3475/3475 
f 3549/3549/3549 3474/3474/3474 3439/3439/3439 
f 3439/3439/3439 3551/3551/3551 3549/3549/3549 
f 3438/3438/3438 3552/3552/3552 3551/3551/3551 
f 3551/3551/3551 3439/3439/3439 3438/3438/3438 
f 3435/3435/3435 3539/3539/3539 3537/3537/3537 
f 3537/3537/3537 3434/3434/3434 3435/3435/3435 
f 3544/3544/3544 3442/3442/3442 3441/3441/3441 
f 3441/3441/3441 3541/3541/3541 3544/3544/3544 
f 3462/3462/3462 3463/3463/3463 3546/3546/3546 
f 3546/3546/3546 3545/3545/3545 3462/3462/3462 
f 3553/3553/3553 3554/3554/3554 3555/3555/3555 
f 3555/3555/3555 3556/3556/3556 3553/3553/3553 
f 3557/3557/3557 3558/3558/3558 3559/3559/3559 
f 3559/3559/3559 3560/3560/3560 3557/3557/3557 
f 3561/3561/3561 3562/3562/3562 3563/3563/3563 
f 3563/3563/3563 3564/3564/3564 3561/3561/3561 
f 3565/3565/3565 3566/3566/3566 3567/3567/3567 
f 3567/3567/3567 3568/3568/3568 3565/3565/3565 
f 3569/3569/3569 3570/3570/3570 3571/3571/3571 
f 3571/3571/3571 3572/3572/3572 3569/3569/3569 
f 3573/3573/3573 3574/3574/3574 3575/3575/3575 
f 3575/3575/3575 3576/3576/3576 3573/3573/3573 
f 3577/3577/3577 3578/3578/3578 3570/3570/3570 
f 3570/3570/3570 3569/3569/3569 3577/3577/3577 
f 3575/3575/3575 3579/3579/3579 3580/3580/3580 
f 3580/3580/3580 3576/3576/3576 3575/3575/3575 
f 3581/3581/3581 3582/3582/3582 3583/3583/3583 
f 3583/3583/3583 3584/3584/3584 3581/3581/3581 
f 3585/3585/3585 3578/3578/3578 3577/3577/3577 
f 3577/3577/3577 3586/3586/3586 3585/3585/3585 
f 3580/3580/3580 3579/3579/3579 3582/3582/3582 
f 3582/3582/3582 3581/3581/3581 3580/3580/3580 
f 3587/3587/3587 3588/3588/3588 3589/3589/3589 
f 3589/3589/3589 3590/3590/3590 3587/3587/3587 
f 3590/3590/3590 3591/3591/3591 3592/3592/3592 
f 3592/3592/3592 3587/3587/3587 3590/3590/3590 
f 3593/3593/3593 3588/3588/3588 3587/3587/3587 
f 3587/3587/3587 3594/3594/3594 3593/3593/3593 
f 3595/3595/3595 3596/3596/3596 3597/3597/3597 
f 3597/3597/3597 3598/3598/3598 3595/3595/3595 
f 3599/3599/3599 3600/3600/3600 3601/3601/3601 
f 3601/3601/3601 3602/3602/3602 3599/3599/3599 
f 3599/3599/3599 3602/3602/3602 3603/3603/3603 
f 3603/3603/3603 3604/3604/3604 3599/3599/3599 
f 3605/3605/3605 3606/3606/3606 3607/3607/3607 
f 3607/3607/3607 3608/3608/3608 3605/3605/3605 
f 3609/3609/3609 3610/3610/3610 3611/3611/3611 
f 3611/3611/3611 3612/3612/3612 3609/3609/3609 
f 3613/3613/3613 3614/3614/3614 3611/3611/3611 
f 3611/3611/3611 3610/3610/3610 3613/3613/3613 
f 3613/3613/3613 3615/3615/3615 3616/3616/3616 
f 3616/3616/3616 3614/3614/3614 3613/3613/3613 
f 3617/3617/3617 3618/3618/3618 3619/3619/3619 
f 3619/3619/3619 3620/3620/3620 3617/3617/3617 
f 3621/3621/3621 3618/3618/3618 3617/3617/3617 
f 3617/3617/3617 3622/3622/3622 3621/3621/3621 
f 3623/3623/3623 3624/3624/3624 3625/3625/3625 
f 3625/3625/3625 3626/3626/3626 3623/3623/3623 
f 3608/3608/3608 3627/3627/3627 3628/3628/3628 
f 3628/3628/3628 3605/3605/3605 3608/3608/3608 
f 3629/3629/3629 3630/3630/3630 3631/3631/3631 
f 3631/3631/3631 3632/3632/3632 3629/3629/3629 
f 3633/3633/3633 3634/3634/3634 3635/3635/3635 
f 3635/3635/3635 3636/3636/3636 3633/3633/3633 
f 3637/3637/3637 3638/3638/3638 3639/3639/3639 
f 3639/3639/3639 3640/3640/3640 3637/3637/3637 
f 3638/3638/3638 3641/3641/3641 3642/3642/3642 
f 3642/3642/3642 3639/3639/3639 3638/3638/3638 
f 3643/3643/3643 3644/3644/3644 3645/3645/3645 
f 3645/3645/3645 3646/3646/3646 3643/3643/3643 
f 3647/3647/3647 3648/3648/3648 3649/3649/3649 
f 3649/3649/3649 3650/3650/3650 3647/3647/3647 
f 3651/3651/3651 3652/3652/3652 3653/3653/3653 
f 3653/3653/3653 3654/3654/3654 3651/3651/3651 
f 3654/3654/3654 3655/3655/3655 3656/3656/3656 
f 3656/3656/3656 3651/3651/3651 3654/3654/3654 
f 3657/3657/3657 3620/3620/3620 3619/3619/3619 
f 3619/3619/3619 3658/3658/3658 3657/3657/3657 
f 3659/3659/3659 3604/3604/3604 3603/3603/3603 
f 3603/3603/3603 3660/3660/3660 3659/3659/3659 
f 3661/3661/3661 3662/3662/3662 3590/3590/3590 
f 3590/3590/3590 3589/3589/3589 3661/3661/3661 
f 3663/3663/3663 3591/3591/3591 3590/3590/3590 
f 3590/3590/3590 3662/3662/3662 3663/3663/3663 
f 3480/3480/3480 3479/3479/3479 3607/3607/3607 
f 3607/3607/3607 3606/3606/3606 3480/3480/3480 
f 3475/3475/3475 3596/3596/3596 3595/3595/3595 
f 3595/3595/3595 3476/3476/3476 3475/3475/3475 
f 3592/3592/3592 3591/3591/3591 3471/3471/3471 
f 3471/3471/3471 3470/3470/3470 3592/3592/3592 
f 3529/3529/3529 3471/3471/3471 3591/3591/3591 
f 3591/3591/3591 3663/3663/3663 3529/3529/3529 
f 3655/3655/3655 3664/3664/3664 3665/3665/3665 
f 3665/3665/3665 3656/3656/3656 3655/3655/3655 
f 3642/3642/3642 3641/3641/3641 3501/3501/3501 
f 3501/3501/3501 3500/3500/3500 3642/3642/3642 
f 3485/3485/3485 3609/3609/3609 3612/3612/3612 
f 3612/3612/3612 3482/3482/3482 3485/3485/3485 
f 3534/3534/3534 3666/3666/3666 3667/3667/3667 
f 3667/3667/3667 3531/3531/3531 3534/3534/3534 
f 3668/3668/3668 3667/3667/3667 3666/3666/3666 
f 3666/3666/3666 3669/3669/3669 3668/3668/3668 
f 3669/3669/3669 3670/3670/3670 3671/3671/3671 
f 3671/3671/3671 3668/3668/3668 3669/3669/3669 
f 3672/3672/3672 3673/3673/3673 3674/3674/3674 
f 3674/3674/3674 3675/3675/3675 3672/3672/3672 
f 3676/3676/3676 3677/3677/3677 3678/3678/3678 
f 3678/3678/3678 3679/3679/3679 3676/3676/3676 
f 3475/3475/3475 3550/3550/3550 3680/3680/3680 
f 3680/3680/3680 3596/3596/3596 3475/3475/3475 
f 3680/3680/3680 3681/3681/3681 3597/3597/3597 
f 3597/3597/3597 3596/3596/3596 3680/3680/3680 
f 3668/3668/3668 3671/3671/3671 3593/3593/3593 
f 3593/3593/3593 3594/3594/3594 3668/3668/3668 
f 3675/3675/3675 3674/3674/3674 3601/3601/3601 
f 3601/3601/3601 3600/3600/3600 3675/3675/3675 
f 3622/3622/3622 3676/3676/3676 3679/3679/3679 
f 3679/3679/3679 3621/3621/3621 3622/3622/3622 
f 3682/3682/3682 3683/3683/3683 3684/3684/3684 
f 3684/3684/3684 3685/3685/3685 3682/3682/3682 
f 3686/3686/3686 3687/3687/3687 3688/3688/3688 
f 3688/3688/3688 3689/3689/3689 3686/3686/3686 
f 3690/3690/3690 3691/3691/3691 3692/3692/3692 
f 3692/3692/3692 3693/3693/3693 3690/3690/3690 
f 3694/3694/3694 3695/3695/3695 3696/3696/3696 
f 3696/3696/3696 3697/3697/3697 3694/3694/3694 
f 3698/3698/3698 3699/3699/3699 3700/3700/3700 
f 3700/3700/3700 3701/3701/3701 3698/3698/3698 
f 3702/3702/3702 3703/3703/3703 3704/3704/3704 
f 3704/3704/3704 3705/3705/3705 3702/3702/3702 
f 3699/3699/3699 3706/3706/3706 3707/3707/3707 
f 3707/3707/3707 3700/3700/3700 3699/3699/3699 
f 3703/3703/3703 3708/3708/3708 3709/3709/3709 
f 3709/3709/3709 3704/3704/3704 3703/3703/3703 
f 3710/3710/3710 3711/3711/3711 3585/3585/3585 
f 3585/3585/3585 3586/3586/3586 3710/3710/3710 
f 3706/3706/3706 3711/3711/3711 3710/3710/3710 
f 3710/3710/3710 3707/3707/3707 3706/3706/3706 
f 3708/3708/3708 3584/3584/3584 3583/3583/3583 
f 3583/3583/3583 3709/3709/3709 3708/3708/3708 
f 3712/3712/3712 3713/3713/3713 3714/3714/3714 
f 3714/3714/3714 3715/3715/3715 3712/3712/3712 
f 3716/3716/3716 3717/3717/3717 3718/3718/3718 
f 3718/3718/3718 3719/3719/3719 3716/3716/3716 
f 3720/3720/3720 3621/3621/3621 3716/3716/3716 
f 3716/3716/3716 3719/3719/3719 3720/3720/3720 
f 3721/3721/3721 3722/3722/3722 3621/3621/3621 
f 3621/3621/3621 3720/3720/3720 3721/3721/3721 
f 3721/3721/3721 3723/3723/3723 3724/3724/3724 
f 3724/3724/3724 3722/3722/3722 3721/3721/3721 
f 3725/3725/3725 3726/3726/3726 3724/3724/3724 
f 3724/3724/3724 3723/3723/3723 3725/3725/3725 
f 3727/3727/3727 3728/3728/3728 3729/3729/3729 
f 3729/3729/3729 3730/3730/3730 3727/3727/3727 
f 3731/3731/3731 3732/3732/3732 3733/3733/3733 
f 3733/3733/3733 3734/3734/3734 3731/3731/3731 
f 3735/3735/3735 3736/3736/3736 3737/3737/3737 
f 3737/3737/3737 3738/3738/3738 3735/3735/3735 
f 3739/3739/3739 3740/3740/3740 3741/3741/3741 
f 3741/3741/3741 3742/3742/3742 3739/3739/3739 
f 3743/3743/3743 3614/3614/3614 3616/3616/3616 
f 3616/3616/3616 3744/3744/3744 3743/3743/3743 
f 3614/3614/3614 3743/3743/3743 3745/3745/3745 
f 3745/3745/3745 3611/3611/3611 3614/3614/3614 
f 3746/3746/3746 3612/3612/3612 3611/3611/3611 
f 3611/3611/3611 3745/3745/3745 3746/3746/3746 
f 3482/3482/3482 3612/3612/3612 3746/3746/3746 
f 3746/3746/3746 3747/3747/3747 3482/3482/3482 
f 3483/3483/3483 3482/3482/3482 3747/3747/3747 
f 3747/3747/3747 3748/3748/3748 3483/3483/3483 
f 3749/3749/3749 3451/3451/3451 3483/3483/3483 
f 3483/3483/3483 3748/3748/3748 3749/3749/3749 
f 3452/3452/3452 3451/3451/3451 3749/3749/3749 
f 3749/3749/3749 3750/3750/3750 3452/3452/3452 
f 3751/3751/3751 3455/3455/3455 3452/3452/3452 
f 3452/3452/3452 3750/3750/3750 3751/3751/3751 
f 3752/3752/3752 3456/3456/3456 3455/3455/3455 
f 3455/3455/3455 3751/3751/3751 3752/3752/3752 
f 3753/3753/3753 3754/3754/3754 3755/3755/3755 
f 3755/3755/3755 3756/3756/3756 3753/3753/3753 
f 3757/3757/3757 3758/3758/3758 3759/3759/3759 
f 3759/3759/3759 3760/3760/3760 3757/3757/3757 
f 3761/3761/3761 3762/3762/3762 3763/3763/3763 
f 3763/3763/3763 3764/3764/3764 3761/3761/3761 
f 3765/3765/3765 3766/3766/3766 3767/3767/3767 
f 3767/3767/3767 3768/3768/3768 3765/3765/3765 
f 3769/3769/3769 3770/3770/3770 3523/3523/3523 
f 3523/3523/3523 3771/3771/3771 3769/3769/3769 
f 3772/3772/3772 3773/3773/3773 3770/3770/3770 
f 3770/3770/3770 3769/3769/3769 3772/3772/3772 
f 3772/3772/3772 3774/3774/3774 3463/3463/3463 
f 3463/3463/3463 3773/3773/3773 3772/3772/3772 
f 3774/3774/3774 3775/3775/3775 3776/3776/3776 
f 3776/3776/3776 3463/3463/3463 3774/3774/3774 
f 3777/3777/3777 3778/3778/3778 3776/3776/3776 
f 3776/3776/3776 3775/3775/3775 3777/3777/3777 
f 3779/3779/3779 3780/3780/3780 3781/3781/3781 
f 3781/3781/3781 3782/3782/3782 3779/3779/3779 
f 3783/3783/3783 3784/3784/3784 3785/3785/3785 
f 3785/3785/3785 3786/3786/3786 3783/3783/3783 
f 3787/3787/3787 3784/3784/3784 3783/3783/3783 
f 3783/3783/3783 3788/3788/3788 3787/3787/3787 
f 3787/3787/3787 3788/3788/3788 3789/3789/3789 
f 3789/3789/3789 3790/3790/3790 3787/3787/3787 
f 3790/3790/3790 3789/3789/3789 3791/3791/3791 
f 3791/3791/3791 3792/3792/3792 3790/3790/3790 
f 3793/3793/3793 3794/3794/3794 3792/3792/3792 
f 3792/3792/3792 3791/3791/3791 3793/3793/3793 
f 3795/3795/3795 3794/3794/3794 3793/3793/3793 
f 3793/3793/3793 3796/3796/3796 3795/3795/3795 
f 3797/3797/3797 3795/3795/3795 3796/3796/3796 
f 3796/3796/3796 3798/3798/3798 3797/3797/3797 
f 3799/3799/3799 3800/3800/3800 3801/3801/3801 
f 3801/3801/3801 3802/3802/3802 3799/3799/3799 
f 3803/3803/3803 3801/3801/3801 3800/3800/3800 
f 3800/3800/3800 3804/3804/3804 3803/3803/3803 
f 3801/3801/3801 3805/3805/3805 3806/3806/3806 
f 3806/3806/3806 3802/3802/3802 3801/3801/3801 
f 3803/3803/3803 3807/3807/3807 3805/3805/3805 
f 3805/3805/3805 3801/3801/3801 3803/3803/3803 
f 3808/3808/3808 3809/3809/3809 3810/3810/3810 
f 3810/3810/3810 3811/3811/3811 3808/3808/3808 
f 3808/3808/3808 3812/3812/3812 3813/3813/3813 
f 3813/3813/3813 3809/3809/3809 3808/3808/3808 
f 3814/3814/3814 3815/3815/3815 3816/3816/3816 
f 3816/3816/3816 3817/3817/3817 3814/3814/3814 
f 3818/3818/3818 3819/3819/3819 3820/3820/3820 
f 3820/3820/3820 3821/3821/3821 3818/3818/3818 
f 3821/3821/3821 3820/3820/3820 3822/3822/3822 
f 3822/3822/3822 3823/3823/3823 3821/3821/3821 
f 3822/3822/3822 3824/3824/3824 3825/3825/3825 
f 3825/3825/3825 3823/3823/3823 3822/3822/3822 
f 3826/3826/3826 3827/3827/3827 3828/3828/3828 
f 3828/3828/3828 3829/3829/3829 3826/3826/3826 
f 3830/3830/3830 3827/3827/3827 3826/3826/3826 
f 3826/3826/3826 3831/3831/3831 3830/3830/3830 
f 3832/3832/3832 3833/3833/3833 3834/3834/3834 
f 3834/3834/3834 3835/3835/3835 3832/3832/3832 
f 3817/3817/3817 3836/3836/3836 3837/3837/3837 
f 3837/3837/3837 3814/3814/3814 3817/3817/3817 
f 3838/3838/3838 3839/3839/3839 3840/3840/3840 
f 3840/3840/3840 3841/3841/3841 3838/3838/3838 
f 3838/3838/3838 3841/3841/3841 3842/3842/3842 
f 3842/3842/3842 3843/3843/3843 3838/3838/3838 
f 3844/3844/3844 3845/3845/3845 3846/3846/3846 
f 3846/3846/3846 3847/3847/3847 3844/3844/3844 
f 3848/3848/3848 3849/3849/3849 3850/3850/3850 
f 3850/3850/3850 3851/3851/3851 3848/3848/3848 
f 3852/3852/3852 3853/3853/3853 3854/3854/3854 
f 3854/3854/3854 3855/3855/3855 3852/3852/3852 
f 3856/3856/3856 3857/3857/3857 3858/3858/3858 
f 3858/3858/3858 3859/3859/3859 3856/3856/3856 
f 3860/3860/3860 3861/3861/3861 3862/3862/3862 
f 3862/3862/3862 3863/3863/3863 3860/3860/3860 
f 3864/3864/3864 3865/3865/3865 3860/3860/3860 
f 3860/3860/3860 3863/3863/3863 3864/3864/3864 
f 3866/3866/3866 3867/3867/3867 3868/3868/3868 
f 3868/3868/3868 3869/3869/3869 3866/3866/3866 
f 3870/3870/3870 3871/3871/3871 3872/3872/3872 
f 3872/3872/3872 3873/3873/3873 3870/3870/3870 
f 3874/3874/3874 3875/3875/3875 3876/3876/3876 
f 3876/3876/3876 3877/3877/3877 3874/3874/3874 
f 3878/3878/3878 3879/3879/3879 3880/3880/3880 
f 3880/3880/3880 3881/3881/3881 3878/3878/3878 
f 3882/3882/3882 3878/3878/3878 3881/3881/3881 
f 3881/3881/3881 3883/3883/3883 3882/3882/3882 
f 3884/3884/3884 3885/3885/3885 3886/3886/3886 
f 3886/3886/3886 3887/3887/3887 3884/3884/3884 
f 3888/3888/3888 3829/3829/3829 3828/3828/3828 
f 3828/3828/3828 3889/3889/3889 3888/3888/3888 
f 3812/3812/3812 3890/3890/3890 3891/3891/3891 
f 3891/3891/3891 3813/3813/3813 3812/3812/3812 
f 3799/3799/3799 3892/3892/3892 3893/3893/3893 
f 3893/3893/3893 3800/3800/3800 3799/3799/3799 
f 3800/3800/3800 3893/3893/3893 3894/3894/3894 
f 3894/3894/3894 3804/3804/3804 3800/3800/3800 
f 3839/3839/3839 3895/3895/3895 3896/3896/3896 
f 3896/3896/3896 3840/3840/3840 3839/3839/3839 
f 3844/3844/3844 3847/3847/3847 3816/3816/3816 
f 3816/3816/3816 3815/3815/3815 3844/3844/3844 
f 3843/3843/3843 3807/3807/3807 3803/3803/3803 
f 3803/3803/3803 3838/3838/3838 3843/3843/3843 
f 3803/3803/3803 3804/3804/3804 3839/3839/3839 
f 3839/3839/3839 3838/3838/3838 3803/3803/3803 
f 3895/3895/3895 3839/3839/3839 3804/3804/3804 
f 3804/3804/3804 3894/3894/3894 3895/3895/3895 
f 3882/3882/3882 3883/3883/3883 3885/3885/3885 
f 3885/3885/3885 3884/3884/3884 3882/3882/3882 
f 3866/3866/3866 3865/3865/3865 3864/3864/3864 
f 3864/3864/3864 3867/3867/3867 3866/3866/3866 
f 3848/3848/3848 3851/3851/3851 3819/3819/3819 
f 3819/3819/3819 3818/3818/3818 3848/3848/3848 
f 3897/3897/3897 3898/3898/3898 3899/3899/3899 
f 3899/3899/3899 3900/3900/3900 3897/3897/3897 
f 3901/3901/3901 3902/3902/3902 3898/3898/3898 
f 3898/3898/3898 3897/3897/3897 3901/3901/3901 
f 3903/3903/3903 3902/3902/3902 3901/3901/3901 
f 3901/3901/3901 3904/3904/3904 3903/3903/3903 
f 3905/3905/3905 3903/3903/3903 3904/3904/3904 
f 3904/3904/3904 3906/3906/3906 3905/3905/3905 
f 3907/3907/3907 3908/3908/3908 3909/3909/3909 
f 3909/3909/3909 3910/3910/3910 3907/3907/3907 
f 3911/3911/3911 3912/3912/3912 3913/3913/3913 
f 3913/3913/3913 3914/3914/3914 3911/3911/3911 
f 3898/3898/3898 3843/3843/3843 3842/3842/3842 
f 3842/3842/3842 3899/3899/3899 3898/3898/3898 
f 3843/3843/3843 3898/3898/3898 3902/3902/3902 
f 3902/3902/3902 3807/3807/3807 3843/3843/3843 
f 3805/3805/3805 3807/3807/3807 3902/3902/3902 
f 3902/3902/3902 3903/3903/3903 3805/3805/3805 
f 3903/3903/3903 3905/3905/3905 3806/3806/3806 
f 3806/3806/3806 3805/3805/3805 3903/3903/3903 
f 3907/3907/3907 3910/3910/3910 3811/3811/3811 
f 3811/3811/3811 3810/3810/3810 3907/3907/3907 
f 3831/3831/3831 3912/3912/3912 3911/3911/3911 
f 3911/3911/3911 3830/3830/3830 3831/3831/3831 
f 3915/3915/3915 3916/3916/3916 3917/3917/3917 
f 3917/3917/3917 3918/3918/3918 3915/3915/3915 
f 3919/3919/3919 3920/3920/3920 3921/3921/3921 
f 3921/3921/3921 3922/3922/3922 3919/3919/3919 
f 3923/3923/3923 3924/3924/3924 3925/3925/3925 
f 3925/3925/3925 3926/3926/3926 3923/3923/3923 
f 3927/3927/3927 3928/3928/3928 3929/3929/3929 
f 3929/3929/3929 3930/3930/3930 3927/3927/3927 
f 3931/3931/3931 3932/3932/3932 3933/3933/3933 
f 3933/3933/3933 3934/3934/3934 3931/3931/3931 
f 3935/3935/3935 3936/3936/3936 3937/3937/3937 
f 3937/3937/3937 3938/3938/3938 3935/3935/3935 
f 3931/3931/3931 3934/3934/3934 3939/3939/3939 
f 3939/3939/3939 3940/3940/3940 3931/3931/3931 
f 3941/3941/3941 3942/3942/3942 3935/3935/3935 
f 3935/3935/3935 3938/3938/3938 3941/3941/3941 
f 3943/3943/3943 3944/3944/3944 3945/3945/3945 
f 3945/3945/3945 3946/3946/3946 3943/3943/3943 
f 3947/3947/3947 3948/3948/3948 3940/3940/3940 
f 3940/3940/3940 3939/3939/3939 3947/3947/3947 
f 3946/3946/3946 3945/3945/3945 3942/3942/3942 
f 3942/3942/3942 3941/3941/3941 3946/3946/3946 
f 3949/3949/3949 3950/3950/3950 3951/3951/3951 
f 3951/3951/3951 3952/3952/3952 3949/3949/3949 
f 3950/3950/3950 3949/3949/3949 3953/3953/3953 
f 3953/3953/3953 3954/3954/3954 3950/3950/3950 
f 3955/3955/3955 3956/3956/3956 3949/3949/3949 
f 3949/3949/3949 3952/3952/3952 3955/3955/3955 
f 3949/3949/3949 3956/3956/3956 3957/3957/3957 
f 3957/3957/3957 3953/3953/3953 3949/3949/3949 
f 3958/3958/3958 3959/3959/3959 3960/3960/3960 
f 3960/3960/3960 3961/3961/3961 3958/3958/3958 
f 3958/3958/3958 3961/3961/3961 3962/3962/3962 
f 3962/3962/3962 3963/3963/3963 3958/3958/3958 
f 3964/3964/3964 3965/3965/3965 3966/3966/3966 
f 3966/3966/3966 3967/3967/3967 3964/3964/3964 
f 3968/3968/3968 3969/3969/3969 3970/3970/3970 
f 3970/3970/3970 3971/3971/3971 3968/3968/3968 
f 3972/3972/3972 3970/3970/3970 3969/3969/3969 
f 3969/3969/3969 3973/3973/3973 3972/3972/3972 
f 3973/3973/3973 3974/3974/3974 3975/3975/3975 
f 3975/3975/3975 3972/3972/3972 3973/3973/3973 
f 3976/3976/3976 3977/3977/3977 3978/3978/3978 
f 3978/3978/3978 3979/3979/3979 3976/3976/3976 
f 3980/3980/3980 3981/3981/3981 3977/3977/3977 
f 3977/3977/3977 3976/3976/3976 3980/3980/3980 
f 3982/3982/3982 3983/3983/3983 3984/3984/3984 
f 3984/3984/3984 3985/3985/3985 3982/3982/3982 
f 3967/3967/3967 3986/3986/3986 3987/3987/3987 
f 3987/3987/3987 3964/3964/3964 3967/3967/3967 
f 3988/3988/3988 3989/3989/3989 3990/3990/3990 
f 3990/3990/3990 3991/3991/3991 3988/3988/3988 
f 3992/3992/3992 3993/3993/3993 3994/3994/3994 
f 3994/3994/3994 3995/3995/3995 3992/3992/3992 
f 3996/3996/3996 3997/3997/3997 3998/3998/3998 
f 3998/3998/3998 3999/3999/3999 3996/3996/3996 
f 4000/4000/4000 3998/3998/3998 3997/3997/3997 
f 3997/3997/3997 4001/4001/4001 4000/4000/4000 
f 4002/4002/4002 4003/4003/4003 4004/4004/4004 
f 4004/4004/4004 4005/4005/4005 4002/4002/4002 
f 4006/4006/4006 4007/4007/4007 4008/4008/4008 
f 4008/4008/4008 4009/4009/4009 4006/4006/4006 
f 4010/4010/4010 4011/4011/4011 4012/4012/4012 
f 4012/4012/4012 4013/4013/4013 4010/4010/4010 
f 4012/4012/4012 4011/4011/4011 4014/4014/4014 
f 4014/4014/4014 4015/4015/4015 4012/4012/4012 
f 4016/4016/4016 3979/3979/3979 3978/3978/3978 
f 3978/3978/3978 4017/4017/4017 4016/4016/4016 
f 3962/3962/3962 4018/4018/4018 4019/4019/4019 
f 4019/4019/4019 3963/3963/3963 3962/3962/3962 
f 4020/4020/4020 3951/3951/3951 3950/3950/3950 
f 3950/3950/3950 4021/4021/4021 4020/4020/4020 
f 3954/3954/3954 4022/4022/4022 4021/4021/4021 
f 4021/4021/4021 3950/3950/3950 3954/3954/3954 
f 3846/3846/3846 3845/3845/3845 3966/3966/3966 
f 3966/3966/3966 3965/3965/3965 3846/3846/3846 
f 3957/3957/3957 3842/3842/3842 3841/3841/3841 
f 3841/3841/3841 3953/3953/3953 3957/3957/3957 
f 3841/3841/3841 3840/3840/3840 3954/3954/3954 
f 3954/3954/3954 3953/3953/3953 3841/3841/3841 
f 3954/3954/3954 3840/3840/3840 3896/3896/3896 
f 3896/3896/3896 4022/4022/4022 3954/3954/3954 
f 4015/4015/4015 4014/4014/4014 4023/4023/4023 
f 4023/4023/4023 4024/4024/4024 4015/4015/4015 
f 3869/3869/3869 3868/3868/3868 4000/4000/4000 
f 4000/4000/4000 4001/4001/4001 3869/3869/3869 
f 3849/3849/3849 3968/3968/3968 3971/3971/3971 
f 3971/3971/3971 3850/3850/3850 3849/3849/3849 
f 4025/4025/4025 3900/3900/3900 3899/3899/3899 
f 3899/3899/3899 4026/4026/4026 4025/4025/4025 
f 4027/4027/4027 4028/4028/4028 4025/4025/4025 
f 4025/4025/4025 4026/4026/4026 4027/4027/4027 
f 4029/4029/4029 4030/4030/4030 4028/4028/4028 
f 4028/4028/4028 4027/4027/4027 4029/4029/4029 
f 4031/4031/4031 4032/4032/4032 4033/4033/4033 
f 4033/4033/4033 4034/4034/4034 4031/4031/4031 
f 4035/4035/4035 4036/4036/4036 4037/4037/4037 
f 4037/4037/4037 4038/4038/4038 4035/4035/4035 
f 4026/4026/4026 3899/3899/3899 3842/3842/3842 
f 3842/3842/3842 3957/3957/3957 4026/4026/4026 
f 3956/3956/3956 4027/4027/4027 4026/4026/4026 
f 4026/4026/4026 3957/3957/3957 3956/3956/3956 
f 4029/4029/4029 4027/4027/4027 3956/3956/3956 
f 3956/3956/3956 3955/3955/3955 4029/4029/4029 
f 4032/4032/4032 4031/4031/4031 3960/3960/3960 
f 3960/3960/3960 3959/3959/3959 4032/4032/4032 
f 3981/3981/3981 3980/3980/3980 4035/4035/4035 
f 4035/4035/4035 4038/4038/4038 3981/3981/3981 
f 4039/4039/4039 4040/4040/4040 4041/4041/4041 
f 4041/4041/4041 4042/4042/4042 4039/4039/4039 
f 4043/4043/4043 4044/4044/4044 4045/4045/4045 
f 4045/4045/4045 4046/4046/4046 4043/4043/4043 
f 4047/4047/4047 4048/4048/4048 4049/4049/4049 
f 4049/4049/4049 4050/4050/4050 4047/4047/4047 
f 4051/4051/4051 4052/4052/4052 4053/4053/4053 
f 4053/4053/4053 4054/4054/4054 4051/4051/4051 
f 4055/4055/4055 4056/4056/4056 4057/4057/4057 
f 4057/4057/4057 4058/4058/4058 4055/4055/4055 
f 4059/4059/4059 4060/4060/4060 4061/4061/4061 
f 4061/4061/4061 4062/4062/4062 4059/4059/4059 
f 4063/4063/4063 4064/4064/4064 4056/4056/4056 
f 4056/4056/4056 4055/4055/4055 4063/4063/4063 
f 4065/4065/4065 4066/4066/4066 4062/4062/4062 
f 4062/4062/4062 4061/4061/4061 4065/4065/4065 
f 4067/4067/4067 3948/3948/3948 3947/3947/3947 
f 3947/3947/3947 4068/4068/4068 4067/4067/4067 
f 4068/4068/4068 4064/4064/4064 4063/4063/4063 
f 4063/4063/4063 4067/4067/4067 4068/4068/4068 
f 3944/3944/3944 3943/3943/3943 4066/4066/4066 
f 4066/4066/4066 4065/4065/4065 3944/3944/3944 
f 4069/4069/4069 4070/4070/4070 4071/4071/4071 
f 4071/4071/4071 4072/4072/4072 4069/4069/4069 
f 3718/3718/3718 4073/4073/4073 4074/4074/4074 
f 4074/4074/4074 3719/3719/3719 3718/3718/3718 
f 4074/4074/4074 3980/3980/3980 4075/4075/4075 
f 4075/4075/4075 3719/3719/3719 4074/4074/4074 
f 3980/3980/3980 4076/4076/4076 3721/3721/3721 
f 3721/3721/3721 4075/4075/4075 3980/3980/3980 
f 3721/3721/3721 4076/4076/4076 4077/4077/4077 
f 4077/4077/4077 3723/3723/3723 3721/3721/3721 
f 3725/3725/3725 3723/3723/3723 4077/4077/4077 
f 4077/4077/4077 4016/4016/4016 3725/3725/3725 
f 4078/4078/4078 3728/3728/3728 3727/3727/3727 
f 3727/3727/3727 4079/4079/4079 4078/4078/4078 
f 3734/3734/3734 4080/4080/4080 4081/4081/4081 
f 4081/4081/4081 3731/3731/3731 3734/3734/3734 
f 4082/4082/4082 4083/4083/4083 3735/3735/3735 
f 3735/3735/3735 3738/3738/3738 4082/4082/4082 
f 4084/4084/4084 3989/3989/3989 3988/3988/3988 
f 3988/3988/3988 4085/4085/4085 4084/4084/4084 
f 3743/3743/3743 3744/3744/3744 3974/3974/3974 
f 3974/3974/3974 3973/3973/3973 3743/3743/3743 
f 3973/3973/3973 3969/3969/3969 3745/3745/3745 
f 3745/3745/3745 3743/3743/3743 3973/3973/3973 
f 3745/3745/3745 3969/3969/3969 3968/3968/3968 
f 3968/3968/3968 3746/3746/3746 3745/3745/3745 
f 3746/3746/3746 3968/3968/3968 3849/3849/3849 
f 3849/3849/3849 3747/3747/3747 3746/3746/3746 
f 3748/3748/3748 3747/3747/3747 3849/3849/3849 
f 3849/3849/3849 3848/3848/3848 3748/3748/3748 
f 3848/3848/3848 3818/3818/3818 3749/3749/3749 
f 3749/3749/3749 3748/3748/3748 3848/3848/3848 
f 3821/3821/3821 3750/3750/3750 3749/3749/3749 
f 3749/3749/3749 3818/3818/3818 3821/3821/3821 
f 3823/3823/3823 3751/3751/3751 3750/3750/3750 
f 3750/3750/3750 3821/3821/3821 3823/3823/3823 
f 3825/3825/3825 3752/3752/3752 3751/3751/3751 
f 3751/3751/3751 3823/3823/3823 3825/3825/3825 
f 4086/4086/4086 4087/4087/4087 3853/3853/3853 
f 3853/3853/3853 3852/3852/3852 4086/4086/4086 
f 4088/4088/4088 3759/3759/3759 3758/3758/3758 
f 3758/3758/3758 4089/4089/4089 4088/4088/4088 
f 4090/4090/4090 4091/4091/4091 4092/4092/4092 
f 4092/4092/4092 4093/4093/4093 4090/4090/4090 
f 4094/4094/4094 3767/3767/3767 3766/3766/3766 
f 3766/3766/3766 4095/4095/4095 4094/4094/4094 
f 3771/3771/3771 4096/4096/4096 4097/4097/4097 
f 4097/4097/4097 3769/3769/3769 3771/3771/3771 
f 4098/4098/4098 3772/3772/3772 3769/3769/3769 
f 3769/3769/3769 4097/4097/4097 4098/4098/4098 
f 4098/4098/4098 3830/3830/3830 4099/4099/4099 
f 4099/4099/4099 3772/3772/3772 4098/4098/4098 
f 3830/3830/3830 4100/4100/4100 3775/3775/3775 
f 3775/3775/3775 4099/4099/4099 3830/3830/3830 
f 3775/3775/3775 4100/4100/4100 4101/4101/4101 
f 4101/4101/4101 3777/3777/3777 3775/3775/3775 
f 4102/4102/4102 4103/4103/4103 4104/4104/4104 
f 4104/4104/4104 4105/4105/4105 4102/4102/4102 
f 4106/4106/4106 4107/4107/4107 4108/4108/4108 
f 4108/4108/4108 4109/4109/4109 4106/4106/4106 
f 4110/4110/4110 4111/4111/4111 4106/4106/4106 
f 4106/4106/4106 4109/4109/4109 4110/4110/4110 
f 4112/4112/4112 4111/4111/4111 4110/4110/4110 
f 4110/4110/4110 4113/4113/4113 4112/4112/4112 
f 4114/4114/4114 4112/4112/4112 4113/4113/4113 
f 4113/4113/4113 4115/4115/4115 4114/4114/4114 
f 4116/4116/4116 4117/4117/4117 4114/4114/4114 
f 4114/4114/4114 4115/4115/4115 4116/4116/4116 
f 4118/4118/4118 4117/4117/4117 4116/4116/4116 
f 4116/4116/4116 4119/4119/4119 4118/4118/4118 
f 4120/4120/4120 4118/4118/4118 4119/4119/4119 
f 4119/4119/4119 4121/4121/4121 4120/4120/4120 
f 4122/4122/4122 4123/4123/4123 4124/4124/4124 
f 4124/4124/4124 4125/4125/4125 4122/4122/4122 
f 4126/4126/4126 4127/4127/4127 4128/4128/4128 
f 4128/4128/4128 4129/4129/4129 4126/4126/4126 
f 4130/4130/4130 4131/4131/4131 4132/4132/4132 
f 4132/4132/4132 4133/4133/4133 4130/4130/4130 
f 4130/4130/4130 4128/4128/4128 4127/4127/4127 
f 4127/4127/4127 4131/4131/4131 4130/4130/4130 
f 4134/4134/4134 4135/4135/4135 4136/4136/4136 
f 4136/4136/4136 4137/4137/4137 4134/4134/4134 
f 4134/4134/4134 4138/4138/4138 4139/4139/4139 
f 4139/4139/4139 4135/4135/4135 4134/4134/4134 
f 4140/4140/4140 4141/4141/4141 4124/4124/4124 
f 4124/4124/4124 4123/4123/4123 4140/4140/4140 
f 4138/4138/4138 4142/4142/4142 4143/4143/4143 
f 4143/4143/4143 4139/4139/4139 4138/4138/4138 
f 4144/4144/4144 4145/4145/4145 4146/4146/4146 
f 4146/4146/4146 4147/4147/4147 4144/4144/4144 
f 4148/4148/4148 4149/4149/4149 4150/4150/4150 
f 4150/4150/4150 4151/4151/4151 4148/4148/4148 
f 4133/4133/4133 4132/4132/4132 4144/4144/4144 
f 4144/4144/4144 4147/4147/4147 4133/4133/4133 
f 4152/4152/4152 4137/4137/4137 4136/4136/4136 
f 4136/4136/4136 4153/4153/4153 4152/4152/4152 
f 4154/4154/4154 4152/4152/4152 4153/4153/4153 
f 4153/4153/4153 4155/4155/4155 4154/4154/4154 
f 4156/4156/4156 4149/4149/4149 4148/4148/4148 
f 4148/4148/4148 4157/4157/4157 4156/4156/4156 
f 4158/4158/4158 4159/4159/4159 4160/4160/4160 
f 4160/4160/4160 4161/4161/4161 4158/4158/4158 
f 4162/4162/4162 4163/4163/4163 4164/4164/4164 
f 4164/4164/4164 4165/4165/4165 4162/4162/4162 
f 4166/4166/4166 4167/4167/4167 4168/4168/4168 
f 4168/4168/4168 4169/4169/4169 4166/4166/4166 
f 4170/4170/4170 4171/4171/4171 4172/4172/4172 
f 4172/4172/4172 4173/4173/4173 4170/4170/4170 
f 4174/4174/4174 4175/4175/4175 4176/4176/4176 
f 4176/4176/4176 4177/4177/4177 4174/4174/4174 
f 4178/4178/4178 4179/4179/4179 4180/4180/4180 
f 4180/4180/4180 4181/4181/4181 4178/4178/4178 
f 4182/4182/4182 4183/4183/4183 4184/4184/4184 
f 4185/4185/4185 4182/4182/4182 4184/4184/4184 
f 4186/4186/4186 4185/4185/4185 4184/4184/4184 
f 4187/4187/4187 4186/4186/4186 4184/4184/4184 
f 4188/4188/4188 4187/4187/4187 4184/4184/4184 
f 4183/4183/4183 4188/4188/4188 4184/4184/4184 
f 4189/4189/4189 4190/4190/4190 4191/4191/4191 
f 4190/4190/4190 4192/4192/4192 4191/4191/4191 
f 4192/4192/4192 4193/4193/4193 4191/4191/4191 
f 4193/4193/4193 4194/4194/4194 4191/4191/4191 
f 4194/4194/4194 4195/4195/4195 4191/4191/4191 
f 4195/4195/4195 4189/4189/4189 4191/4191/4191 
f 4196/4196/4196 4197/4197/4197 4198/4198/4198 
f 4198/4198/4198 4199/4199/4199 4196/4196/4196 
f 4200/4200/4200 4201/4201/4201 4202/4202/4202 
f 4202/4202/4202 4203/4203/4203 4200/4200/4200 
f 4204/4204/4204 4205/4205/4205 4206/4206/4206 
f 4206/4206/4206 4207/4207/4207 4204/4204/4204 
f 4208/4208/4208 4209/4209/4209 4210/4210/4210 
f 4210/4210/4210 4211/4211/4211 4208/4208/4208 
f 4212/4212/4212 4213/4213/4213 4214/4214/4214 
f 4214/4214/4214 4215/4215/4215 4212/4212/4212 
f 4216/4216/4216 4217/4217/4217 4218/4218/4218 
f 4218/4218/4218 4219/4219/4219 4216/4216/4216 
f 4220/4220/4220 4221/4221/4221 4222/4222/4222 
f 4223/4223/4223 4220/4220/4220 4222/4222/4222 
f 4224/4224/4224 4223/4223/4223 4222/4222/4222 
f 4225/4225/4225 4224/4224/4224 4222/4222/4222 
f 4226/4226/4226 4225/4225/4225 4222/4222/4222 
f 4221/4221/4221 4226/4226/4226 4222/4222/4222 
f 4227/4227/4227 4228/4228/4228 4229/4229/4229 
f 4228/4228/4228 4230/4230/4230 4229/4229/4229 
f 4230/4230/4230 4231/4231/4231 4229/4229/4229 
f 4231/4231/4231 4232/4232/4232 4229/4229/4229 
f 4232/4232/4232 4233/4233/4233 4229/4229/4229 
f 4233/4233/4233 4227/4227/4227 4229/4229/4229 
f 4234/4234/4234 4235/4235/4235 4236/4236/4236 
f 4236/4236/4236 4237/4237/4237 4234/4234/4234 
f 4238/4238/4238 4239/4239/4239 4240/4240/4240 
f 4240/4240/4240 4241/4241/4241 4238/4238/4238 
f 4242/4242/4242 4243/4243/4243 4244/4244/4244 
f 4244/4244/4244 4245/4245/4245 4242/4242/4242 
f 4246/4246/4246 4247/4247/4247 4248/4248/4248 
f 4248/4248/4248 4249/4249/4249 4246/4246/4246 
f 4250/4250/4250 4251/4251/4251 4252/4252/4252 
f 4252/4252/4252 4253/4253/4253 4250/4250/4250 
f 4254/4254/4254 4255/4255/4255 4256/4256/4256 
f 4256/4256/4256 4257/4257/4257 4254/4254/4254 
f 4258/4258/4258 4259/4259/4259 4260/4260/4260 
f 4261/4261/4261 4258/4258/4258 4260/4260/4260 
f 4262/4262/4262 4261/4261/4261 4260/4260/4260 
f 4263/4263/4263 4262/4262/4262 4260/4260/4260 
f 4264/4264/4264 4263/4263/4263 4260/4260/4260 
f 4259/4259/4259 4264/4264/4264 4260/4260/4260 
f 4265/4265/4265 4266/4266/4266 4267/4267/4267 
f 4266/4266/4266 4268/4268/4268 4267/4267/4267 
f 4268/4268/4268 4269/4269/4269 4267/4267/4267 
f 4269/4269/4269 4270/4270/4270 4267/4267/4267 
f 4270/4270/4270 4271/4271/4271 4267/4267/4267 
f 4271/4271/4271 4265/4265/4265 4267/4267/4267 
f 4272/4272/4272 4273/4273/4273 4274/4274/4274 
f 4274/4274/4274 4275/4275/4275 4272/4272/4272 
f 4276/4276/4276 4277/4277/4277 4278/4278/4278 
f 4278/4278/4278 4279/4279/4279 4276/4276/4276 
f 4280/4280/4280 4281/4281/4281 4282/4282/4282 
f 4282/4282/4282 4283/4283/4283 4280/4280/4280 
f 4284/4284/4284 4285/4285/4285 4286/4286/4286 
f 4286/4286/4286 4287/4287/4287 4284/4284/4284 
f 4288/4288/4288 4289/4289/4289 4290/4290/4290 
f 4290/4290/4290 4291/4291/4291 4288/4288/4288 
f 4292/4292/4292 4293/4293/4293 4294/4294/4294 
f 4294/4294/4294 4295/4295/4295 4292/4292/4292 
f 4296/4296/4296 4297/4297/4297 4298/4298/4298 
f 4299/4299/4299 4296/4296/4296 4298/4298/4298 
f 4300/4300/4300 4299/4299/4299 4298/4298/4298 
f 4301/4301/4301 4300/4300/4300 4298/4298/4298 
f 4302/4302/4302 4301/4301/4301 4298/4298/4298 
f 4297/4297/4297 4302/4302/4302 4298/4298/4298 
f 4303/4303/4303 4304/4304/4304 4305/4305/4305 
f 4304/4304/4304 4306/4306/4306 4305/4305/4305 
f 4306/4306/4306 4307/4307/4307 4305/4305/4305 
f 4307/4307/4307 4308/4308/4308 4305/4305/4305 
f 4308/4308/4308 4309/4309/4309 4305/4305/4305 
f 4309/4309/4309 4303/4303/4303 4305/4305/4305 
f 4310/4310/4310 4311/4311/4311 4312/4312/4312 
f 4312/4312/4312 4313/4313/4313 4310/4310/4310 
f 4314/4314/4314 4315/4315/4315 4316/4316/4316 
f 4316/4316/4316 4317/4317/4317 4314/4314/4314 
f 4318/4318/4318 4319/4319/4319 4320/4320/4320 
f 4320/4320/4320 4321/4321/4321 4318/4318/4318 
f 4322/4322/4322 4323/4323/4323 4324/4324/4324 
f 4324/4324/4324 4325/4325/4325 4322/4322/4322 
f 4326/4326/4326 4327/4327/4327 4328/4328/4328 
f 4328/4328/4328 4329/4329/4329 4326/4326/4326 
f 4330/4330/4330 4331/4331/4331 4332/4332/4332 
f 4332/4332/4332 4333/4333/4333 4330/4330/4330 
f 4334/4334/4334 4335/4335/4335 4336/4336/4336 
f 4337/4337/4337 4334/4334/4334 4336/4336/4336 
f 4338/4338/4338 4337/4337/4337 4336/4336/4336 
f 4339/4339/4339 4338/4338/4338 4336/4336/4336 
f 4340/4340/4340 4339/4339/4339 4336/4336/4336 
f 4335/4335/4335 4340/4340/4340 4336/4336/4336 
f 4341/4341/4341 4342/4342/4342 4343/4343/4343 
f 4342/4342/4342 4344/4344/4344 4343/4343/4343 
f 4344/4344/4344 4345/4345/4345 4343/4343/4343 
f 4345/4345/4345 4346/4346/4346 4343/4343/4343 
f 4346/4346/4346 4347/4347/4347 4343/4343/4343 
f 4347/4347/4347 4341/4341/4341 4343/4343/4343 
f 4348/4348/4348 4349/4349/4349 4350/4350/4350 
f 4350/4350/4350 4351/4351/4351 4348/4348/4348 
f 4352/4352/4352 4351/4351/4351 4350/4350/4350 
f 4350/4350/4350 4353/4353/4353 4352/4352/4352 
f 4354/4354/4354 4355/4355/4355 4356/4356/4356 
f 4356/4356/4356 4357/4357/4357 4354/4354/4354 
f 4358/4358/4358 4359/4359/4359 4360/4360/4360 
f 4360/4360/4360 4361/4361/4361 4358/4358/4358 
f 4362/4362/4362 4363/4363/4363 4364/4364/4364 
f 4364/4364/4364 4365/4365/4365 4362/4362/4362 
f 4364/4364/4364 4366/4366/4366 4367/4367/4367 
f 4367/4367/4367 4365/4365/4365 4364/4364/4364 
f 4368/4368/4368 4369/4369/4369 4370/4370/4370 
f 4370/4370/4370 4371/4371/4371 4368/4368/4368 
f 4371/4371/4371 4370/4370/4370 4372/4372/4372 
f 4372/4372/4372 4373/4373/4373 4371/4371/4371 
f 4374/4374/4374 4375/4375/4375 4376/4376/4376 
f 4348/4348/4348 4351/4351/4351 4377/4377/4377 
f 4377/4377/4377 4378/4378/4378 4348/4348/4348 
f 4377/4377/4377 4351/4351/4351 4352/4352/4352 
f 4352/4352/4352 4379/4379/4379 4377/4377/4377 
f 4355/4355/4355 4354/4354/4354 4380/4380/4380 
f 4380/4380/4380 4381/4381/4381 4355/4355/4355 
f 4382/4382/4382 4361/4361/4361 4360/4360/4360 
f 4360/4360/4360 4383/4383/4383 4382/4382/4382 
f 4365/4365/4365 4384/4384/4384 4385/4385/4385 
f 4385/4385/4385 4362/4362/4362 4365/4365/4365 
f 4367/4367/4367 4386/4386/4386 4384/4384/4384 
f 4384/4384/4384 4365/4365/4365 4367/4367/4367 
f 4387/4387/4387 4388/4388/4388 4389/4389/4389 
f 4389/4389/4389 4390/4390/4390 4387/4387/4387 
f 4391/4391/4391 4392/4392/4392 4388/4388/4388 
f 4388/4388/4388 4387/4387/4387 4391/4391/4391 
f 4393/4393/4393 4394/4394/4394 4395/4395/4395 
f 4396/4396/4396 4397/4397/4397 4398/4398/4398 
f 4398/4398/4398 4399/4399/4399 4396/4396/4396 
f 4398/4398/4398 4400/4400/4400 4401/4401/4401 
f 4401/4401/4401 4399/4399/4399 4398/4398/4398 
f 4402/4402/4402 4403/4403/4403 4404/4404/4404 
f 4404/4404/4404 4405/4405/4405 4402/4402/4402 
f 4406/4406/4406 4407/4407/4407 4408/4408/4408 
f 4408/4408/4408 4409/4409/4409 4406/4406/4406 
f 4410/4410/4410 4411/4411/4411 4412/4412/4412 
f 4412/4412/4412 4413/4413/4413 4410/4410/4410 
f 4414/4414/4414 4415/4415/4415 4412/4412/4412 
f 4412/4412/4412 4411/4411/4411 4414/4414/4414 
f 4416/4416/4416 4417/4417/4417 4418/4418/4418 
f 4418/4418/4418 4419/4419/4419 4416/4416/4416 
f 4417/4417/4417 4416/4416/4416 4420/4420/4420 
f 4420/4420/4420 4421/4421/4421 4417/4417/4417 
f 4422/4422/4422 4423/4423/4423 4424/4424/4424 
f 4425/4425/4425 4398/4398/4398 4397/4397/4397 
f 4397/4397/4397 4426/4426/4426 4425/4425/4425 
f 4425/4425/4425 4427/4427/4427 4400/4400/4400 
f 4400/4400/4400 4398/4398/4398 4425/4425/4425 
f 4428/4428/4428 4429/4429/4429 4403/4403/4403 
f 4403/4403/4403 4402/4402/4402 4428/4428/4428 
f 4408/4408/4408 4407/4407/4407 4430/4430/4430 
f 4430/4430/4430 4431/4431/4431 4408/4408/4408 
f 4432/4432/4432 4411/4411/4411 4410/4410/4410 
f 4410/4410/4410 4433/4433/4433 4432/4432/4432 
f 4432/4432/4432 4434/4434/4434 4414/4414/4414 
f 4414/4414/4414 4411/4411/4411 4432/4432/4432 
f 4435/4435/4435 4436/4436/4436 4437/4437/4437 
f 4437/4437/4437 4438/4438/4438 4435/4435/4435 
f 4439/4439/4439 4440/4440/4440 4435/4435/4435 
f 4435/4435/4435 4438/4438/4438 4439/4439/4439 
f 4441/4441/4441 4442/4442/4442 4443/4443/4443 
f 4444/4444/4444 4445/4445/4445 4446/4446/4446 
f 4446/4446/4446 4447/4447/4447 4444/4444/4444 
f 4447/4447/4447 4446/4446/4446 4448/4448/4448 
f 4448/4448/4448 4449/4449/4449 4447/4447/4447 
f 4450/4450/4450 4451/4451/4451 4452/4452/4452 
f 4452/4452/4452 4453/4453/4453 4450/4450/4450 
f 4454/4454/4454 4455/4455/4455 4456/4456/4456 
f 4456/4456/4456 4457/4457/4457 4454/4454/4454 
f 4458/4458/4458 4459/4459/4459 4460/4460/4460 
f 4460/4460/4460 4461/4461/4461 4458/4458/4458 
f 4459/4459/4459 4458/4458/4458 4462/4462/4462 
f 4462/4462/4462 4463/4463/4463 4459/4459/4459 
f 4464/4464/4464 4465/4465/4465 4466/4466/4466 
f 4466/4466/4466 4467/4467/4467 4464/4464/4464 
f 4468/4468/4468 4466/4466/4466 4465/4465/4465 
f 4465/4465/4465 4469/4469/4469 4468/4468/4468 
f 4470/4470/4470 4471/4471/4471 4472/4472/4472 
f 4446/4446/4446 4445/4445/4445 4473/4473/4473 
f 4473/4473/4473 4474/4474/4474 4446/4446/4446 
f 4446/4446/4446 4474/4474/4474 4475/4475/4475 
f 4475/4475/4475 4448/4448/4448 4446/4446/4446 
f 4476/4476/4476 4452/4452/4452 4451/4451/4451 
f 4451/4451/4451 4477/4477/4477 4476/4476/4476 
f 4454/4454/4454 4457/4457/4457 4478/4478/4478 
f 4478/4478/4478 4479/4479/4479 4454/4454/4454 
f 4480/4480/4480 4458/4458/4458 4461/4461/4461 
f 4461/4461/4461 4481/4481/4481 4480/4480/4480 
f 4462/4462/4462 4458/4458/4458 4480/4480/4480 
f 4480/4480/4480 4482/4482/4482 4462/4462/4462 
f 4483/4483/4483 4484/4484/4484 4485/4485/4485 
f 4485/4485/4485 4486/4486/4486 4483/4483/4483 
f 4483/4483/4483 4486/4486/4486 4487/4487/4487 
f 4487/4487/4487 4488/4488/4488 4483/4483/4483 
f 4489/4489/4489 4490/4490/4490 4491/4491/4491 

g RedRetroRobot6

v -1 5 0.5 
v -1 5 -0.5 
v -1 4 0.5 
v -1 4 -0.5 
v 1 5 -0.5 
v -1 5 -0.5 
v 1 5 0.5 
v -1 5 0.5 
v -1 5 -0.5 
v 1 5 -0.5 
v -1 4 -0.5 
v 1 4 -0.5 
v 1 5 -0.5 
v 1 5 0.5 
v 1 4 -0.5 
v 1 4 0.5 
v 1 4 0.5 
v -1 4 0.5 
v 1 4 -0.5 
v -1 4 -0.5 
v 1 5 0.5 
v -1 5 0.5 
v 1 4 0.5 
v -1 4 0.5 

vn -1 0 0 
vn -1 0 0 
vn -1 0 0 
vn -1 0 0 
vn 0 1 0 
vn 0 1 0 
vn 0 1 0 
vn 0 1 0 
vn 0 0 -1 
vn 0 0 -1 
vn 0 0 -1 
vn 0 0 -1 
vn 1 0 0 
vn 1 0 0 
vn 1 0 0 
vn 1 0 0 
vn 0 -1 0 
vn 0 -1 0 
vn 0 -1 0 
vn 0 -1 0 
vn 0 0 1 
vn 0 0 1 
vn 0 0 1 
vn 0 0 1 

vt 0.625 -3 
vt 0.5 -3 
vt 0.625 -3.125 
vt 0.5 -3.125 
vt 0.75 -3 
vt 0.5 -3 
vt 0.75 -3.125 
vt 0.5 -3.125 
vt 0.75 -3 
vt 0.5 -3 
vt 0.75 -3.125 
vt 0.5 -3.125 
vt 0.625 -3 
vt 0.5 -3 
vt 0.625 -3.125 
vt 0.5 -3.125 
vt 0.75 -3 
vt 0.5 -3 
vt 0.75 -3.125 
vt 0.5 -3.125 
vt 0.75 -3 
vt 0.5 -3 
vt 0.75 -3.125 
vt 0.5 -3.125 

usemtl Handle1Mtl

f 4492/4492/4492 4493/4493/4493 4494/4494/4494 
f 4494/4494/4494 4493/4493/4493 4495/4495/4495 
f 4496/4496/4496 4497/4497/4497 4498/4498/4498 
f 4498/4498/4498 4497/4497/4497 4499/4499/4499 
f 4500/4500/4500 4501/4501/4501 4502/4502/4502 
f 4502/4502/4502 4501/4501/4501 4503/4503/4503 
f 4504/4504/4504 4505/4505/4505 4506/4506/4506 
f 4506/4506/4506 4505/4505/4505 4507/4507/4507 
f 4508/4508/4508 4509/4509/4509 4510/4510/4510 
f 4510/4510/4510 4509/4509/4509 4511/4511/4511 
f 4512/4512/4512 4513/4513/4513 4514/4514/4514 
f 4514/4514/4514 4513/4513/4513 4515/4515/4515 

