mtllib 264271995.mtl
o Mesh

v -0.372748 0.307487 -0.241529
v -0.409218 0.21672 -0.252078
v -0.450486 0.21673 -0.0776283
v -0.450486 0.21673 -0.0776283
v -0.412354 0.300677 -0.0841183
v -0.372748 0.307487 -0.241529
v -0.37438 0.294639 0.0868547
v -0.412354 0.300677 -0.0841183
v -0.450486 0.21673 -0.0776283
v -0.450486 0.21673 -0.0776283
v -0.408264 0.21235 0.0856877
v -0.37438 0.294639 0.0868547
v -0.408264 0.21235 0.0856877
v -0.231001 0.2054 0.300357
v -0.213923 0.305238 0.295537
v -0.213923 0.305238 0.295537
v -0.37438 0.294639 0.0868547
v -0.408264 0.21235 0.0856877
v -0.00709093 0.21429 0.360076
v -3.39746e-05 0.31803 0.34765
v -0.213923 0.305238 0.295537
v -0.213923 0.305238 0.295537
v -0.231001 0.2054 0.300357
v -0.00709093 0.21429 0.360076
v 0.199311 0.24315 0.300359
v 0.187986 0.35461 0.294413
v -3.39746e-05 0.31803 0.34765
v -3.39746e-05 0.31803 0.34765
v -0.00709093 0.21429 0.360076
v 0.199311 0.24315 0.300359
v 0.187986 0.35461 0.294413
v 0.199311 0.24315 0.300359
v 0.347993 0.28603 0.139562
v 0.347993 0.28603 0.139562
v 0.337042 0.41178 0.130641
v 0.187986 0.35461 0.294413
v 0.337042 0.41178 0.130641
v 0.347993 0.28603 0.139562
v 0.400718 0.32233 -0.0795822
v 0.400718 0.32233 -0.0795822
v 0.387306 0.45677 -0.0866352
v 0.337042 0.41178 0.130641
v 0.400718 0.32233 -0.0795822
v 0.346983 0.28906 -0.308418
v 0.316793 0.42392 -0.285992
v 0.316793 0.42392 -0.285992
v 0.387306 0.45677 -0.0866352
v 0.400718 0.32233 -0.0795822
v 0.196704 0.24127 -0.475993
v 0.166283 0.36901 -0.432218
v 0.316793 0.42392 -0.285992
v 0.316793 0.42392 -0.285992
v 0.346983 0.28906 -0.308418
v 0.196704 0.24127 -0.475993
v -0.0023039 0.355732 -0.508541
v 0.082431 0.36186 -0.496272
v 0.0939031 0.22756 -0.511659
v 0.0939031 0.22756 -0.511659
v -0.00923979 0.22383 -0.529726
v -0.0023039 0.355732 -0.508541
v -0.0921979 0.346782 -0.500418
v -0.112142 0.22029 -0.511687
v -0.231949 0.22049 -0.476049
v -0.231949 0.22049 -0.476049
v -0.200219 0.335895 -0.440142
v -0.0921979 0.346782 -0.500418
v -0.334238 0.22065 -0.388551
v -0.305987 0.320902 -0.352303
v -0.200219 0.335895 -0.440142
v -0.200219 0.335895 -0.440142
v -0.231949 0.22049 -0.476049
v -0.334238 0.22065 -0.388551
v 0.330346 0.0128073 -0.239897
v 0.185366 0.0128802 -0.402436
v 0.197764 0.0993803 -0.446421
v 0.197764 0.0993803 -0.446421
v 0.34055 0.100819 -0.277275
v 0.330346 0.0128073 -0.239897
v 0.368517 0.0125784 -0.0626262
v 0.330346 0.0128073 -0.239897
v 0.34055 0.100819 -0.277275
v 0.34055 0.100819 -0.277275
v 0.389157 0.0975873 -0.0500802
v 0.368517 0.0125784 -0.0626262
v 0.333361 0.101084 0.115233
v 0.330033 0.0128692 0.117367
v 0.368517 0.0125784 -0.0626262
v 0.368517 0.0125784 -0.0626262
v 0.389157 0.0975873 -0.0500802
v 0.333361 0.101084 0.115233
v 0.190801 0.0987072 0.277492
v 0.185011 0.0127963 0.262853
v 0.330033 0.0128692 0.117367
v 0.330033 0.0128692 0.117367
v 0.333361 0.101084 0.115233
v 0.190801 0.0987072 0.277492
v -0.0114289 0.0947801 0.346204
v -0.00622386 0.0127661 0.326233
v 0.185011 0.0127963 0.262853
v 0.185011 0.0127963 0.262853
v 0.190801 0.0987072 0.277492
v -0.0114289 0.0947801 0.346204
v -0.00622386 0.0127661 0.326233
v -0.0114289 0.0947801 0.346204
v -0.220706 0.0953401 0.288169
v -0.220706 0.0953401 0.288169
v -0.199548 0.0127962 0.275517
v -0.00622386 0.0127661 0.326233
v -0.328876 0.012869 0.144029
v -0.199548 0.0127962 0.275517
v -0.220706 0.0953401 0.288169
v -0.220706 0.0953401 0.288169
v -0.37384 0.09688 0.124837
v -0.328876 0.012869 0.144029
v -0.429715 0.09421 -0.0488393
v -0.38706 0.012578 -0.0110643
v -0.328876 0.012869 0.144029
v -0.328876 0.012869 0.144029
v -0.37384 0.09688 0.124837
v -0.429715 0.09421 -0.0488393
v -0.380755 0.012869 -0.185045
v -0.38706 0.012578 -0.0110643
v -0.429715 0.09421 -0.0488393
v -0.429715 0.09421 -0.0488393
v -0.398149 0.0982701 -0.228643
v -0.380755 0.012869 -0.185045
v -0.331228 0.10541 -0.361569
v -0.224248 0.10034 -0.448905
v -0.214656 0.0129831 -0.405806
v -0.214656 0.0129831 -0.405806
v -0.318223 0.0134 -0.317873
v -0.331228 0.10541 -0.361569
v -0.214656 0.0129831 -0.405806
v -0.224248 0.10034 -0.448905
v -0.117875 0.10033 -0.489175
v -0.117875 0.10033 -0.489175
v -0.11344 0.0129532 -0.443475
v -0.214656 0.0129831 -0.405806
v -0.0122308 0.0129311 -0.463463
v -0.0115018 0.10032 -0.512472
v 0.0931312 0.0998503 -0.487933
v 0.0931312 0.0998503 -0.487933
v 0.0865672 0.0129112 -0.441788
v -0.0122308 0.0129311 -0.463463
v -0.214887 0.16674 -0.48149
v -0.31675 0.164 -0.385326
v -0.334238 0.22065 -0.388551
v -0.334238 0.22065 -0.388551
v -0.231949 0.22049 -0.476049
v -0.214887 0.16674 -0.48149
v -0.214887 0.16674 -0.48149
v -0.231949 0.22049 -0.476049
v -0.112142 0.22029 -0.511687
v -0.112142 0.22029 -0.511687
v -0.104634 0.16369 -0.514489
v -0.214887 0.16674 -0.48149
v 0.0939031 0.22756 -0.511659
v 0.0829141 0.16369 -0.514469
v -0.0115008 0.16064 -0.530464
v -0.0115008 0.16064 -0.530464
v -0.00923979 0.22383 -0.529726
v 0.0939031 0.22756 -0.511659
v 0.315403 0.16748 -0.298288
v 0.177228 0.16673 -0.481472
v 0.196704 0.24127 -0.475993
v 0.196704 0.24127 -0.475993
v 0.346983 0.28906 -0.308418
v 0.315403 0.16748 -0.298288
v 0.400718 0.32233 -0.0795822
v 0.366101 0.16142 -0.0628782
v 0.315403 0.16748 -0.298288
v 0.315403 0.16748 -0.298288
v 0.346983 0.28906 -0.308418
v 0.400718 0.32233 -0.0795822
v 0.366101 0.16142 -0.0628782
v 0.400718 0.32233 -0.0795822
v 0.347993 0.28603 0.139562
v 0.347993 0.28603 0.139562
v 0.315554 0.16285 0.116089
v 0.366101 0.16142 -0.0628782
v 0.199311 0.24315 0.300359
v 0.177973 0.16039 0.266322
v 0.315554 0.16285 0.116089
v 0.315554 0.16285 0.116089
v 0.347993 0.28603 0.139562
v 0.199311 0.24315 0.300359
v -0.00709093 0.21429 0.360076
v -0.00955695 0.15948 0.319624
v 0.177973 0.16039 0.266322
v 0.177973 0.16039 0.266322
v 0.199311 0.24315 0.300359
v -0.00709093 0.21429 0.360076
v -0.231001 0.2054 0.300357
v -0.214456 0.16039 0.2663
v -0.00955695 0.15948 0.319624
v -0.00955695 0.15948 0.319624
v -0.00709093 0.21429 0.360076
v -0.231001 0.2054 0.300357
v -0.367596 0.16285 0.116071
v -0.214456 0.16039 0.2663
v -0.231001 0.2054 0.300357
v -0.231001 0.2054 0.300357
v -0.408264 0.21235 0.0856877
v -0.367596 0.16285 0.116071
v -0.450486 0.21673 -0.0776283
v -0.417787 0.16142 -0.0628803
v -0.367596 0.16285 0.116071
v -0.367596 0.16285 0.116071
v -0.408264 0.21235 0.0856877
v -0.450486 0.21673 -0.0776283
v -0.409218 0.21672 -0.252078
v -0.390922 0.16762 -0.244133
v -0.417787 0.16142 -0.0628803
v -0.417787 0.16142 -0.0628803
v -0.450486 0.21673 -0.0776283
v -0.409218 0.21672 -0.252078
v -0.31675 0.164 -0.385326
v -0.214887 0.16674 -0.48149
v -0.224248 0.10034 -0.448905
v -0.224248 0.10034 -0.448905
v -0.331228 0.10541 -0.361569
v -0.31675 0.164 -0.385326
v -0.104634 0.16369 -0.514489
v -0.117875 0.10033 -0.489175
v -0.224248 0.10034 -0.448905
v -0.224248 0.10034 -0.448905
v -0.214887 0.16674 -0.48149
v -0.104634 0.16369 -0.514489
v 0.0931312 0.0998503 -0.487933
v -0.0115018 0.10032 -0.512472
v -0.0115008 0.16064 -0.530464
v -0.0115008 0.16064 -0.530464
v 0.0829141 0.16369 -0.514469
v 0.0931312 0.0998503 -0.487933
v 0.177228 0.16673 -0.481472
v 0.315403 0.16748 -0.298288
v 0.34055 0.100819 -0.277275
v 0.34055 0.100819 -0.277275
v 0.197764 0.0993803 -0.446421
v 0.177228 0.16673 -0.481472
v 0.315403 0.16748 -0.298288
v 0.366101 0.16142 -0.0628782
v 0.389157 0.0975873 -0.0500802
v 0.389157 0.0975873 -0.0500802
v 0.34055 0.100819 -0.277275
v 0.315403 0.16748 -0.298288
v 0.333361 0.101084 0.115233
v 0.389157 0.0975873 -0.0500802
v 0.366101 0.16142 -0.0628782
v 0.366101 0.16142 -0.0628782
v 0.315554 0.16285 0.116089
v 0.333361 0.101084 0.115233
v 0.333361 0.101084 0.115233
v 0.315554 0.16285 0.116089
v 0.177973 0.16039 0.266322
v 0.177973 0.16039 0.266322
v 0.190801 0.0987072 0.277492
v 0.333361 0.101084 0.115233
v 0.190801 0.0987072 0.277492
v 0.177973 0.16039 0.266322
v -0.00955695 0.15948 0.319624
v -0.00955695 0.15948 0.319624
v -0.0114289 0.0947801 0.346204
v 0.190801 0.0987072 0.277492
v -0.214456 0.16039 0.2663
v -0.220706 0.0953401 0.288169
v -0.0114289 0.0947801 0.346204
v -0.0114289 0.0947801 0.346204
v -0.00955695 0.15948 0.319624
v -0.214456 0.16039 0.2663
v -0.367596 0.16285 0.116071
v -0.37384 0.09688 0.124837
v -0.220706 0.0953401 0.288169
v -0.220706 0.0953401 0.288169
v -0.214456 0.16039 0.2663
v -0.367596 0.16285 0.116071
v -0.429715 0.09421 -0.0488393
v -0.37384 0.09688 0.124837
v -0.367596 0.16285 0.116071
v -0.367596 0.16285 0.116071
v -0.417787 0.16142 -0.0628803
v -0.429715 0.09421 -0.0488393
v -0.429715 0.09421 -0.0488393
v -0.417787 0.16142 -0.0628803
v -0.390922 0.16762 -0.244133
v -0.390922 0.16762 -0.244133
v -0.398149 0.0982701 -0.228643
v -0.429715 0.09421 -0.0488393
v -0.214656 0.0129831 -0.405806
v -0.0147708 0.0441601 -0.0583063
v -0.318223 0.0134 -0.317873
v -0.38706 0.012578 -0.0110643
v -0.380755 0.012869 -0.185045
v -0.0147708 0.0441601 -0.0583063
v -0.328876 0.012869 0.144029
v -0.38706 0.012578 -0.0110643
v -0.0147708 0.0441601 -0.0583063
v -0.328876 0.012869 0.144029
v -0.0147708 0.0441601 -0.0583063
v -0.199548 0.0127962 0.275517
v -0.00622386 0.0127661 0.326233
v -0.199548 0.0127962 0.275517
v -0.0147708 0.0441601 -0.0583063
v 0.185011 0.0127963 0.262853
v -0.00622386 0.0127661 0.326233
v -0.0147708 0.0441601 -0.0583063
v 0.330033 0.0128692 0.117367
v 0.185011 0.0127963 0.262853
v -0.0147708 0.0441601 -0.0583063
v 0.368517 0.0125784 -0.0626262
v 0.330033 0.0128692 0.117367
v -0.0147708 0.0441601 -0.0583063
v 0.330346 0.0128073 -0.239897
v 0.368517 0.0125784 -0.0626262
v -0.0147708 0.0441601 -0.0583063
v 0.185366 0.0128802 -0.402436
v 0.330346 0.0128073 -0.239897
v -0.0147708 0.0441601 -0.0583063
v -0.0122308 0.0129311 -0.463463
v 0.0865672 0.0129112 -0.441788
v -0.0147708 0.0441601 -0.0583063
v -0.214656 0.0129831 -0.405806
v -0.11344 0.0129532 -0.443475
v -0.0147708 0.0441601 -0.0583063
v -0.410741 0.62675 0.0642277
v -0.213842 0.639146 0.279948
v -0.184572 0.686844 0.252472
v -0.184572 0.686844 0.252472
v -0.37158 0.65108 0.0408817
v -0.410741 0.62675 0.0642277
v 0.0162779 0.677645 0.330387
v 0.0183888 0.747407 0.297044
v -0.184572 0.686844 0.252472
v -0.184572 0.686844 0.252472
v -0.213842 0.639146 0.279948
v 0.0162779 0.677645 0.330387
v 0.198033 0.841858 0.260696
v 0.0183888 0.747407 0.297044
v 0.0162779 0.677645 0.330387
v 0.0162779 0.677645 0.330387
v 0.216273 0.776123 0.287301
v 0.198033 0.841858 0.260696
v 0.331512 0.92225 0.0690758
v 0.198033 0.841858 0.260696
v 0.216273 0.776123 0.287301
v 0.216273 0.776123 0.287301
v 0.352209 0.84946 0.0851138
v 0.331512 0.92225 0.0690758
v 0.38577 0.97754 -0.104162
v 0.331512 0.92225 0.0690758
v 0.352209 0.84946 0.0851138
v 0.352209 0.84946 0.0851138
v 0.426448 0.91644 -0.105638
v 0.38577 0.97754 -0.104162
v 0.328536 0.952619 -0.364783
v 0.38577 0.97754 -0.104162
v 0.426448 0.91644 -0.105638
v 0.426448 0.91644 -0.105638
v 0.348769 0.85954 -0.317801
v 0.328536 0.952619 -0.364783
v 0.328536 0.952619 -0.364783
v 0.348769 0.85954 -0.317801
v 0.206252 0.78206 -0.456302
v 0.206252 0.78206 -0.456302
v 0.193052 0.83675 -0.419607
v 0.328536 0.952619 -0.364783
v 0.103356 0.723 -0.510533
v 0.00641793 0.69008 -0.522798
v 0.0126429 0.74585 -0.480978
v 0.0126429 0.74585 -0.480978
v 0.101723 0.7835 -0.469551
v 0.103356 0.723 -0.510533
v -0.189175 0.68361 -0.432715
v -0.0827261 0.71439 -0.473597
v -0.099211 0.6654 -0.515066
v -0.099211 0.6654 -0.515066
v -0.216975 0.64479 -0.467988
v -0.189175 0.68361 -0.432715
v -0.189175 0.68361 -0.432715
v -0.216975 0.64479 -0.467988
v -0.343121 0.6406 -0.377235
v -0.343121 0.6406 -0.377235
v -0.305976 0.67254 -0.33852
v -0.189175 0.68361 -0.432715
v -0.429834 0.66627 -0.100055
v -0.37622 0.67353 -0.245218
v -0.415826 0.64467 -0.269036
v -0.415826 0.64467 -0.269036
v -0.469462 0.64522 -0.101092
v -0.429834 0.66627 -0.100055
v -0.37158 0.65108 0.0408817
v -0.429834 0.66627 -0.100055
v -0.469462 0.64522 -0.101092
v -0.469462 0.64522 -0.101092
v -0.410741 0.62675 0.0642277
v -0.37158 0.65108 0.0408817
v -0.318223 0.0134 -0.317873
v -0.0147708 0.0441601 -0.0583063
v -0.380755 0.012869 -0.185045
v -0.380755 0.012869 -0.185045
v -0.398149 0.0982701 -0.228643
v -0.331228 0.10541 -0.361569
v -0.331228 0.10541 -0.361569
v -0.318223 0.0134 -0.317873
v -0.380755 0.012869 -0.185045
v -0.398149 0.0982701 -0.228643
v -0.390922 0.16762 -0.244133
v -0.31675 0.164 -0.385326
v -0.31675 0.164 -0.385326
v -0.331228 0.10541 -0.361569
v -0.398149 0.0982701 -0.228643
v -0.390922 0.16762 -0.244133
v -0.409218 0.21672 -0.252078
v -0.334238 0.22065 -0.388551
v -0.334238 0.22065 -0.388551
v -0.31675 0.164 -0.385326
v -0.390922 0.16762 -0.244133
v -0.334238 0.22065 -0.388551
v -0.409218 0.21672 -0.252078
v -0.372748 0.307487 -0.241529
v -0.372748 0.307487 -0.241529
v -0.305987 0.320902 -0.352303
v -0.334238 0.22065 -0.388551
v -0.305976 0.67254 -0.33852
v -0.343121 0.6406 -0.377235
v -0.415826 0.64467 -0.269036
v -0.415826 0.64467 -0.269036
v -0.37622 0.67353 -0.245218
v -0.305976 0.67254 -0.33852
v 0.387306 0.45677 -0.0866352
v 0.316793 0.42392 -0.285992
v 0.371973 0.50272 -0.320107
v 0.371973 0.50272 -0.320107
v 0.429909 0.52757 -0.0994312
v 0.387306 0.45677 -0.0866352
v 0.387306 0.45677 -0.0866352
v 0.429909 0.52757 -0.0994312
v 0.373301 0.493228 0.100129
v 0.373301 0.493228 0.100129
v 0.337042 0.41178 0.130641
v 0.387306 0.45677 -0.0866352
v 0.187986 0.35461 0.294413
v 0.337042 0.41178 0.130641
v 0.373301 0.493228 0.100129
v 0.373301 0.493228 0.100129
v 0.208104 0.433328 0.24613
v 0.187986 0.35461 0.294413
v 0.187986 0.35461 0.294413
v 0.208104 0.433328 0.24613
v 0.00629196 0.415408 0.306058
v 0.00629196 0.415408 0.306058
v -3.39746e-05 0.31803 0.34765
v 0.187986 0.35461 0.294413
v -3.39746e-05 0.31803 0.34765
v 0.00629196 0.415408 0.306058
v -0.217179 0.422624 0.26015
v -0.217179 0.422624 0.26015
v -0.213923 0.305238 0.295537
v -3.39746e-05 0.31803 0.34765
v -0.412113 0.448624 0.0614947
v -0.37438 0.294639 0.0868547
v -0.213923 0.305238 0.295537
v -0.213923 0.305238 0.295537
v -0.217179 0.422624 0.26015
v -0.412113 0.448624 0.0614947
v -0.477403 0.463447 -0.0956243
v -0.412354 0.300677 -0.0841183
v -0.37438 0.294639 0.0868547
v -0.37438 0.294639 0.0868547
v -0.412113 0.448624 0.0614947
v -0.477403 0.463447 -0.0956243
v -0.412533 0.455841 -0.275111
v -0.372748 0.307487 -0.241529
v -0.412354 0.300677 -0.0841183
v -0.412354 0.300677 -0.0841183
v -0.477403 0.463447 -0.0956243
v -0.412533 0.455841 -0.275111
v -0.327898 0.447745 -0.386094
v -0.305987 0.320902 -0.352303
v -0.372748 0.307487 -0.241529
v -0.372748 0.307487 -0.241529
v -0.412533 0.455841 -0.275111
v -0.327898 0.447745 -0.386094
v -0.327898 0.447745 -0.386094
v -0.220141 0.441865 -0.483663
v -0.200219 0.335895 -0.440142
v -0.200219 0.335895 -0.440142
v -0.305987 0.320902 -0.352303
v -0.327898 0.447745 -0.386094
v -0.200219 0.335895 -0.440142
v -0.220141 0.441865 -0.483663
v -0.10665 0.440485 -0.541802
v -0.10665 0.440485 -0.541802
v -0.0921979 0.346782 -0.500418
v -0.200219 0.335895 -0.440142
v 0.082431 0.36186 -0.496272
v -0.0023039 0.355732 -0.508541
v 0.00686207 0.441076 -0.540398
v 0.00686207 0.441076 -0.540398
v 0.106143 0.448573 -0.525351
v 0.082431 0.36186 -0.496272
v 0.206263 0.455974 -0.468988
v 0.371973 0.50272 -0.320107
v 0.316793 0.42392 -0.285992
v 0.316793 0.42392 -0.285992
v 0.166283 0.36901 -0.432218
v 0.206263 0.455974 -0.468988
v -0.327898 0.447745 -0.386094
v -0.370867 0.58197 -0.418346
v -0.23534 0.58902 -0.505346
v -0.23534 0.58902 -0.505346
v -0.220141 0.441865 -0.483663
v -0.327898 0.447745 -0.386094
v -0.107463 0.60831 -0.558788
v -0.10665 0.440485 -0.541802
v -0.220141 0.441865 -0.483663
v -0.220141 0.441865 -0.483663
v -0.23534 0.58902 -0.505346
v -0.107463 0.60831 -0.558788
v 0.106143 0.448573 -0.525351
v 0.00686207 0.441076 -0.540398
v 0.099246 0.485958 -0.496505
v 0.371973 0.50272 -0.320107
v 0.206263 0.455974 -0.468988
v 0.19507 0.53861 -0.444995
v 0.19507 0.53861 -0.444995
v 0.335848 0.68474 -0.308786
v 0.371973 0.50272 -0.320107
v 0.371973 0.50272 -0.320107
v 0.335848 0.68474 -0.308786
v 0.457048 0.88767 -0.106592
v 0.457048 0.88767 -0.106592
v 0.429909 0.52757 -0.0994312
v 0.371973 0.50272 -0.320107
v 0.336096 0.66701 0.0792428
v 0.373301 0.493228 0.100129
v 0.429909 0.52757 -0.0994312
v 0.429909 0.52757 -0.0994312
v 0.457048 0.88767 -0.106592
v 0.336096 0.66701 0.0792428
v 0.373301 0.493228 0.100129
v 0.336096 0.66701 0.0792428
v 0.195249 0.51474 0.213951
v 0.195249 0.51474 0.213951
v 0.208104 0.433328 0.24613
v 0.373301 0.493228 0.100129
v 0.00629196 0.415408 0.306058
v 0.208104 0.433328 0.24613
v 0.195249 0.51474 0.213951
v -0.412113 0.448624 0.0614947
v -0.217179 0.422624 0.26015
v -0.233812 0.574062 0.305381
v -0.233812 0.574062 0.305381
v -0.439857 0.57036 0.0882097
v -0.412113 0.448624 0.0614947
v -0.412113 0.448624 0.0614947
v -0.439857 0.57036 0.0882097
v -0.500274 0.58774 -0.102765
v -0.500274 0.58774 -0.102765
v -0.477403 0.463447 -0.0956243
v -0.412113 0.448624 0.0614947
v -0.500274 0.58774 -0.102765
v -0.446481 0.58339 -0.294576
v -0.412533 0.455841 -0.275111
v -0.412533 0.455841 -0.275111
v -0.477403 0.463447 -0.0956243
v -0.500274 0.58774 -0.102765
v -0.370867 0.58197 -0.418346
v -0.327898 0.447745 -0.386094
v -0.412533 0.455841 -0.275111
v -0.412533 0.455841 -0.275111
v -0.446481 0.58339 -0.294576
v -0.370867 0.58197 -0.418346
v -0.099211 0.6654 -0.515066
v -0.0827261 0.71439 -0.473597
v 0.0126429 0.74585 -0.480978
v 0.0126429 0.74585 -0.480978
v 0.00641793 0.69008 -0.522798
v -0.099211 0.6654 -0.515066
v -0.0023039 0.355732 -0.508541
v -0.0921979 0.346782 -0.500418
v -0.10665 0.440485 -0.541802
v -0.10665 0.440485 -0.541802
v 0.00686207 0.441076 -0.540398
v -0.0023039 0.355732 -0.508541
v -0.0921979 0.346782 -0.500418
v -0.0023039 0.355732 -0.508541
v -0.00923979 0.22383 -0.529726
v -0.00923979 0.22383 -0.529726
v -0.112142 0.22029 -0.511687
v -0.0921979 0.346782 -0.500418
v -0.112142 0.22029 -0.511687
v -0.00923979 0.22383 -0.529726
v -0.0115008 0.16064 -0.530464
v -0.0115008 0.16064 -0.530464
v -0.104634 0.16369 -0.514489
v -0.112142 0.22029 -0.511687
v -0.104634 0.16369 -0.514489
v -0.0115008 0.16064 -0.530464
v -0.0115018 0.10032 -0.512472
v -0.0115018 0.10032 -0.512472
v -0.117875 0.10033 -0.489175
v -0.104634 0.16369 -0.514489
v -0.0115018 0.10032 -0.512472
v -0.0122308 0.0129311 -0.463463
v -0.11344 0.0129532 -0.443475
v -0.11344 0.0129532 -0.443475
v -0.117875 0.10033 -0.489175
v -0.0115018 0.10032 -0.512472
v -0.0147708 0.0441601 -0.0583063
v -0.11344 0.0129532 -0.443475
v -0.0122308 0.0129311 -0.463463
v 0.101723 0.7835 -0.469551
v 0.193052 0.83675 -0.419607
v 0.206252 0.78206 -0.456302
v 0.206252 0.78206 -0.456302
v 0.103356 0.723 -0.510533
v 0.101723 0.7835 -0.469551
v 0.099246 0.485958 -0.496505
v 0.19507 0.53861 -0.444995
v 0.206263 0.455974 -0.468988
v 0.206263 0.455974 -0.468988
v 0.106143 0.448573 -0.525351
v 0.099246 0.485958 -0.496505
v 0.082431 0.36186 -0.496272
v 0.106143 0.448573 -0.525351
v 0.206263 0.455974 -0.468988
v 0.206263 0.455974 -0.468988
v 0.166283 0.36901 -0.432218
v 0.082431 0.36186 -0.496272
v 0.166283 0.36901 -0.432218
v 0.196704 0.24127 -0.475993
v 0.0939031 0.22756 -0.511659
v 0.0939031 0.22756 -0.511659
v 0.082431 0.36186 -0.496272
v 0.166283 0.36901 -0.432218
v 0.0939031 0.22756 -0.511659
v 0.196704 0.24127 -0.475993
v 0.177228 0.16673 -0.481472
v 0.177228 0.16673 -0.481472
v 0.0829141 0.16369 -0.514469
v 0.0939031 0.22756 -0.511659
v 0.177228 0.16673 -0.481472
v 0.197764 0.0993803 -0.446421
v 0.0931312 0.0998503 -0.487933
v 0.0931312 0.0998503 -0.487933
v 0.0829141 0.16369 -0.514469
v 0.177228 0.16673 -0.481472
v 0.0931312 0.0998503 -0.487933
v 0.197764 0.0993803 -0.446421
v 0.185366 0.0128802 -0.402436
v 0.185366 0.0128802 -0.402436
v 0.0865672 0.0129112 -0.441788
v 0.0931312 0.0998503 -0.487933
v -0.0147708 0.0441601 -0.0583063
v 0.0865672 0.0129112 -0.441788
v 0.185366 0.0128802 -0.402436
v -0.137125 1.0894 -0.454542
v -0.241483 1.10713 -0.369127
v -0.146718 1.19764 -0.219809
v -0.146718 1.19764 -0.219809
v -0.0917462 1.21099 -0.409748
v -0.137125 1.0894 -0.454542
v 0.0194408 1.07634 -0.533673
v -0.0589182 1.07871 -0.523871
v -0.0369252 1.20314 -0.467491
v -0.0369252 1.20314 -0.467491
v 0.0188918 1.20139 -0.474702
v 0.0194408 1.07634 -0.533673
v 0.144764 1.21099 -0.43522
v 0.192911 1.09223 -0.483657
v 0.105041 1.07882 -0.524046
v 0.105041 1.07882 -0.524046
v 0.0818278 1.20314 -0.467491
v 0.144764 1.21099 -0.43522
v 0.245276 1.1978 -0.189415
v 0.323997 1.09788 -0.259239
v 0.192911 1.09223 -0.483657
v 0.192911 1.09223 -0.483657
v 0.144764 1.21099 -0.43522
v 0.245276 1.1978 -0.189415
v 0.374255 1.09965 -0.0940032
v 0.323997 1.09788 -0.259239
v 0.245276 1.1978 -0.189415
v 0.245276 1.1978 -0.189415
v 0.279567 1.19725 -0.0705992
v 0.374255 1.09965 -0.0940032
v 0.32268 1.09408 0.0695078
v 0.374255 1.09965 -0.0940032
v 0.279567 1.19725 -0.0705992
v 0.279567 1.19725 -0.0705992
v 0.246455 1.19656 0.0482298
v 0.32268 1.09408 0.0695078
v 0.246455 1.19656 0.0482298
v 0.146798 1.19605 0.109751
v 0.193709 1.09703 0.293434
v 0.193709 1.09703 0.293434
v 0.32268 1.09408 0.0695078
v 0.246455 1.19656 0.0482298
v 0.146798 1.19605 0.109751
v 0.0212357 1.20997 0.283719
v 0.0226267 1.08764 0.335101
v 0.0226267 1.08764 0.335101
v 0.193709 1.09703 0.293434
v 0.146798 1.19605 0.109751
v 0.0212357 1.20997 0.283719
v -0.0977063 1.19605 0.109751
v -0.108469 1.09653 0.248879
v -0.108469 1.09653 0.248879
v 0.0226267 1.08764 0.335101
v 0.0212357 1.20997 0.283719
v -0.234249 1.19725 -0.0964532
v -0.340511 1.08998 -0.0950153
v -0.311301 1.08945 0.0253068
v -0.311301 1.08945 0.0253068
v -0.198532 1.19656 -0.00792523
v -0.234249 1.19725 -0.0964532
v -0.313223 1.09041 -0.215321
v -0.340511 1.08998 -0.0950153
v -0.234249 1.19725 -0.0964532
v -0.234249 1.19725 -0.0964532
v -0.199759 1.1978 -0.184971
v -0.313223 1.09041 -0.215321
v -0.313223 1.09041 -0.215321
v -0.199759 1.1978 -0.184971
v -0.146718 1.19764 -0.219809
v -0.146718 1.19764 -0.219809
v -0.241483 1.10713 -0.369127
v -0.313223 1.09041 -0.215321
v -0.108469 1.09653 0.248879
v -0.0977063 1.19605 0.109751
v -0.198532 1.19656 -0.00792523
v -0.198532 1.19656 -0.00792523
v -0.311301 1.08945 0.0253068
v -0.108469 1.09653 0.248879
v -0.0369252 1.20314 -0.467491
v -0.0589182 1.07871 -0.523871
v -0.137125 1.0894 -0.454542
v -0.137125 1.0894 -0.454542
v -0.0917462 1.21099 -0.409748
v -0.0369252 1.20314 -0.467491
v 0.0188918 1.20139 -0.474702
v 0.0818278 1.20314 -0.467491
v 0.105041 1.07882 -0.524046
v 0.105041 1.07882 -0.524046
v 0.0194408 1.07634 -0.533673
v 0.0188918 1.20139 -0.474702
v 0.144764 1.21099 -0.43522
v 0.0818278 1.20314 -0.467491
v 0.0254027 1.28499 -0.0749292
v 0.245276 1.1978 -0.189415
v 0.144764 1.21099 -0.43522
v 0.0254027 1.28499 -0.0749292
v 0.279567 1.19725 -0.0705992
v 0.245276 1.1978 -0.189415
v 0.0254027 1.28499 -0.0749292
v 0.246455 1.19656 0.0482298
v 0.279567 1.19725 -0.0705992
v 0.0254027 1.28499 -0.0749292
v 0.146798 1.19605 0.109751
v 0.246455 1.19656 0.0482298
v 0.0254027 1.28499 -0.0749292
v 0.0212357 1.20997 0.283719
v 0.146798 1.19605 0.109751
v 0.0254027 1.28499 -0.0749292
v -0.0977063 1.19605 0.109751
v 0.0212357 1.20997 0.283719
v 0.0254027 1.28499 -0.0749292
v -0.198532 1.19656 -0.00792523
v -0.0977063 1.19605 0.109751
v 0.0254027 1.28499 -0.0749292
v -0.234249 1.19725 -0.0964532
v -0.198532 1.19656 -0.00792523
v 0.0254027 1.28499 -0.0749292
v -0.199759 1.1978 -0.184971
v -0.234249 1.19725 -0.0964532
v 0.0254027 1.28499 -0.0749292
v -0.146718 1.19764 -0.219809
v -0.199759 1.1978 -0.184971
v 0.0254027 1.28499 -0.0749292
v -0.0917462 1.21099 -0.409748
v -0.146718 1.19764 -0.219809
v 0.0254027 1.28499 -0.0749292
v -0.0369252 1.20314 -0.467491
v -0.0917462 1.21099 -0.409748
v 0.0254027 1.28499 -0.0749292
v 0.0188918 1.20139 -0.474702
v -0.0369252 1.20314 -0.467491
v 0.0254027 1.28499 -0.0749292
v 0.0818278 1.20314 -0.467491
v 0.0188918 1.20139 -0.474702
v 0.0254027 1.28499 -0.0749292
v -0.166029 0.915213 0.270344
v 0.0149388 0.924932 0.319914
v 0.0226267 1.08764 0.335101
v 0.0226267 1.08764 0.335101
v -0.108469 1.09653 0.248879
v -0.166029 0.915213 0.270344
v -0.350141 0.90029 0.0245667
v -0.166029 0.915213 0.270344
v -0.108469 1.09653 0.248879
v -0.108469 1.09653 0.248879
v -0.311301 1.08945 0.0253068
v -0.350141 0.90029 0.0245667
v -0.350141 0.90029 0.0245667
v -0.311301 1.08945 0.0253068
v -0.340511 1.08998 -0.0950153
v -0.340511 1.08998 -0.0950153
v -0.402653 0.90349 -0.0997173
v -0.350141 0.90029 0.0245667
v -0.313223 1.09041 -0.215321
v -0.35091 0.90605 -0.235325
v -0.402653 0.90349 -0.0997173
v -0.402653 0.90349 -0.0997173
v -0.340511 1.08998 -0.0950153
v -0.313223 1.09041 -0.215321
v -0.313223 1.09041 -0.215321
v -0.241483 1.10713 -0.369127
v -0.281351 0.924063 -0.383023
v -0.281351 0.924063 -0.383023
v -0.35091 0.90605 -0.235325
v -0.313223 1.09041 -0.215321
v -0.281351 0.924063 -0.383023
v -0.241483 1.10713 -0.369127
v -0.137125 1.0894 -0.454542
v -0.137125 1.0894 -0.454542
v -0.16792 0.912123 -0.464539
v -0.281351 0.924063 -0.383023
v -0.137125 1.0894 -0.454542
v -0.0589182 1.07871 -0.523871
v -0.0769951 0.908459 -0.511918
v -0.0769951 0.908459 -0.511918
v -0.16792 0.912123 -0.464539
v -0.137125 1.0894 -0.454542
v -0.0769951 0.908459 -0.511918
v -0.0589182 1.07871 -0.523871
v 0.0194408 1.07634 -0.533673
v 0.0194408 1.07634 -0.533673
v 0.0119549 0.917692 -0.525337
v -0.0769951 0.908459 -0.511918
v 0.105041 1.07882 -0.524046
v 0.0994529 0.932916 -0.524156
v 0.0119549 0.917692 -0.525337
v 0.0119549 0.917692 -0.525337
v 0.0194408 1.07634 -0.533673
v 0.105041 1.07882 -0.524046
v 0.193517 0.964079 -0.492868
v 0.0994529 0.932916 -0.524156
v 0.105041 1.07882 -0.524046
v 0.105041 1.07882 -0.524046
v 0.192911 1.09223 -0.483657
v 0.193517 0.964079 -0.492868
v 0.193517 0.964079 -0.492868
v 0.192911 1.09223 -0.483657
v 0.323997 1.09788 -0.259239
v 0.323997 1.09788 -0.259239
v 0.329247 1.02648 -0.374759
v 0.193517 0.964079 -0.492868
v 0.323997 1.09788 -0.259239
v 0.374255 1.09965 -0.0940032
v 0.38644 1.02552 -0.100294
v 0.38644 1.02552 -0.100294
v 0.329247 1.02648 -0.374759
v 0.323997 1.09788 -0.259239
v 0.38644 1.02552 -0.100294
v 0.374255 1.09965 -0.0940032
v 0.32268 1.09408 0.0695078
v 0.32268 1.09408 0.0695078
v 0.329716 0.99803 0.0736138
v 0.38644 1.02552 -0.100294
v 0.193709 1.09703 0.293434
v 0.192872 0.965548 0.292069
v 0.329716 0.99803 0.0736138
v 0.329716 0.99803 0.0736138
v 0.32268 1.09408 0.0695078
v 0.193709 1.09703 0.293434
v 0.0226267 1.08764 0.335101
v 0.0149388 0.924932 0.319914
v 0.192872 0.965548 0.292069
v 0.192872 0.965548 0.292069
v 0.193709 1.09703 0.293434
v 0.0226267 1.08764 0.335101
v 0.19507 0.53861 -0.444995
v 0.219374 0.74302 -0.494588
v 0.362758 0.81439 -0.341614
v 0.362758 0.81439 -0.341614
v 0.335848 0.68474 -0.308786
v 0.19507 0.53861 -0.444995
v 0.457048 0.88767 -0.106592
v 0.335848 0.68474 -0.308786
v 0.362758 0.81439 -0.341614
v 0.336096 0.66701 0.0792428
v 0.457048 0.88767 -0.106592
v 0.367064 0.80245 0.102421
v 0.336096 0.66701 0.0792428
v 0.367064 0.80245 0.102421
v 0.234782 0.725263 0.319257
v 0.234782 0.725263 0.319257
v 0.195249 0.51474 0.213951
v 0.336096 0.66701 0.0792428
v 0.234782 0.725263 0.319257
v 0.0206269 0.607131 0.365939
v 0.00629196 0.415408 0.306058
v 0.00629196 0.415408 0.306058
v 0.195249 0.51474 0.213951
v 0.234782 0.725263 0.319257
v 0.0206269 0.607131 0.365939
v -0.233812 0.574062 0.305381
v -0.217179 0.422624 0.26015
v -0.217179 0.422624 0.26015
v 0.00629196 0.415408 0.306058
v 0.0206269 0.607131 0.365939
v -0.107463 0.60831 -0.558788
v 0.00682598 0.63424 -0.566756
v 0.00686207 0.441076 -0.540398
v 0.00686207 0.441076 -0.540398
v -0.10665 0.440485 -0.541802
v -0.107463 0.60831 -0.558788
v 0.00682598 0.63424 -0.566756
v 0.109238 0.66982 -0.55348
v 0.099246 0.485958 -0.496505
v 0.099246 0.485958 -0.496505
v 0.00686207 0.441076 -0.540398
v 0.00682598 0.63424 -0.566756
v 0.19507 0.53861 -0.444995
v 0.099246 0.485958 -0.496505
v 0.109238 0.66982 -0.55348
v 0.109238 0.66982 -0.55348
v 0.219374 0.74302 -0.494588
v 0.19507 0.53861 -0.444995
v 0.0994529 0.932916 -0.524156
v 0.101229 0.87337 -0.486269
v 0.00815189 0.84781 -0.494623
v 0.00815189 0.84781 -0.494623
v 0.0119549 0.917692 -0.525337
v 0.0994529 0.932916 -0.524156
v 0.101229 0.87337 -0.486269
v 0.0994529 0.932916 -0.524156
v 0.193517 0.964079 -0.492868
v 0.193517 0.964079 -0.492868
v 0.199161 0.899014 -0.501102
v 0.101229 0.87337 -0.486269
v 0.34225 0.991381 -0.382979
v 0.199161 0.899014 -0.501102
v 0.193517 0.964079 -0.492868
v 0.193517 0.964079 -0.492868
v 0.329247 1.02648 -0.374759
v 0.34225 0.991381 -0.382979
v 0.329247 1.02648 -0.374759
v 0.38644 1.02552 -0.100294
v 0.402613 1.00595 -0.101187
v 0.402613 1.00595 -0.101187
v 0.34225 0.991381 -0.382979
v 0.329247 1.02648 -0.374759
v 0.38644 1.02552 -0.100294
v 0.329716 0.99803 0.0736138
v 0.343948 0.96497 0.0849648
v 0.343948 0.96497 0.0849648
v 0.402613 1.00595 -0.101187
v 0.38644 1.02552 -0.100294
v 0.201182 0.904815 0.299807
v 0.343948 0.96497 0.0849648
v 0.329716 0.99803 0.0736138
v 0.329716 0.99803 0.0736138
v 0.192872 0.965548 0.292069
v 0.201182 0.904815 0.299807
v 0.192872 0.965548 0.292069
v 0.0149388 0.924932 0.319914
v 0.0126268 0.837887 0.334411
v 0.0126268 0.837887 0.334411
v 0.201182 0.904815 0.299807
v 0.192872 0.965548 0.292069
v 0.0149388 0.924932 0.319914
v -0.166029 0.915213 0.270344
v -0.188869 0.804767 0.284131
v -0.188869 0.804767 0.284131
v 0.0126268 0.837887 0.334411
v 0.0149388 0.924932 0.319914
v -0.384512 0.78463 0.0425467
v -0.188869 0.804767 0.284131
v -0.166029 0.915213 0.270344
v -0.166029 0.915213 0.270344
v -0.350141 0.90029 0.0245667
v -0.384512 0.78463 0.0425467
v -0.402653 0.90349 -0.0997173
v -0.442673 0.79347 -0.0988463
v -0.384512 0.78463 0.0425467
v -0.384512 0.78463 0.0425467
v -0.350141 0.90029 0.0245667
v -0.402653 0.90349 -0.0997173
v -0.35091 0.90605 -0.235325
v -0.387182 0.79827 -0.248919
v -0.442673 0.79347 -0.0988463
v -0.442673 0.79347 -0.0988463
v -0.402653 0.90349 -0.0997173
v -0.35091 0.90605 -0.235325
v -0.281351 0.924063 -0.383023
v -0.313462 0.79843 -0.343438
v -0.387182 0.79827 -0.248919
v -0.387182 0.79827 -0.248919
v -0.35091 0.90605 -0.235325
v -0.281351 0.924063 -0.383023
v -0.192166 0.80787 -0.43733
v -0.313462 0.79843 -0.343438
v -0.281351 0.924063 -0.383023
v -0.281351 0.924063 -0.383023
v -0.16792 0.912123 -0.464539
v -0.192166 0.80787 -0.43733
v -0.0769951 0.908459 -0.511918
v -0.088779 0.82644 -0.484682
v -0.192166 0.80787 -0.43733
v -0.192166 0.80787 -0.43733
v -0.16792 0.912123 -0.464539
v -0.0769951 0.908459 -0.511918
v 0.0119549 0.917692 -0.525337
v 0.00815189 0.84781 -0.494623
v -0.088779 0.82644 -0.484682
v -0.088779 0.82644 -0.484682
v -0.0769951 0.908459 -0.511918
v 0.0119549 0.917692 -0.525337
v 0.109238 0.66982 -0.55348
v 0.00682598 0.63424 -0.566756
v 0.00641793 0.69008 -0.522798
v 0.00641793 0.69008 -0.522798
v 0.103356 0.723 -0.510533
v 0.109238 0.66982 -0.55348
v 0.00682598 0.63424 -0.566756
v -0.107463 0.60831 -0.558788
v -0.099211 0.6654 -0.515066
v -0.099211 0.6654 -0.515066
v 0.00641793 0.69008 -0.522798
v 0.00682598 0.63424 -0.566756
v -0.107463 0.60831 -0.558788
v -0.23534 0.58902 -0.505346
v -0.216975 0.64479 -0.467988
v -0.216975 0.64479 -0.467988
v -0.099211 0.6654 -0.515066
v -0.107463 0.60831 -0.558788
v -0.370867 0.58197 -0.418346
v -0.343121 0.6406 -0.377235
v -0.216975 0.64479 -0.467988
v -0.216975 0.64479 -0.467988
v -0.23534 0.58902 -0.505346
v -0.370867 0.58197 -0.418346
v -0.370867 0.58197 -0.418346
v -0.446481 0.58339 -0.294576
v -0.415826 0.64467 -0.269036
v -0.415826 0.64467 -0.269036
v -0.343121 0.6406 -0.377235
v -0.370867 0.58197 -0.418346
v -0.415826 0.64467 -0.269036
v -0.446481 0.58339 -0.294576
v -0.500274 0.58774 -0.102765
v -0.500274 0.58774 -0.102765
v -0.469462 0.64522 -0.101092
v -0.415826 0.64467 -0.269036
v -0.410741 0.62675 0.0642277
v -0.469462 0.64522 -0.101092
v -0.500274 0.58774 -0.102765
v -0.500274 0.58774 -0.102765
v -0.439857 0.57036 0.0882097
v -0.410741 0.62675 0.0642277
v -0.410741 0.62675 0.0642277
v -0.439857 0.57036 0.0882097
v -0.233812 0.574062 0.305381
v -0.233812 0.574062 0.305381
v -0.213842 0.639146 0.279948
v -0.410741 0.62675 0.0642277
v -0.233812 0.574062 0.305381
v 0.0206269 0.607131 0.365939
v 0.0162779 0.677645 0.330387
v 0.0162779 0.677645 0.330387
v -0.213842 0.639146 0.279948
v -0.233812 0.574062 0.305381
v 0.234782 0.725263 0.319257
v 0.216273 0.776123 0.287301
v 0.0162779 0.677645 0.330387
v 0.0162779 0.677645 0.330387
v 0.0206269 0.607131 0.365939
v 0.234782 0.725263 0.319257
v 0.352209 0.84946 0.0851138
v 0.216273 0.776123 0.287301
v 0.234782 0.725263 0.319257
v 0.234782 0.725263 0.319257
v 0.367064 0.80245 0.102421
v 0.352209 0.84946 0.0851138
v 0.426448 0.91644 -0.105638
v 0.352209 0.84946 0.0851138
v 0.367064 0.80245 0.102421
v 0.367064 0.80245 0.102421
v 0.457048 0.88767 -0.106592
v 0.426448 0.91644 -0.105638
v 0.457048 0.88767 -0.106592
v 0.362758 0.81439 -0.341614
v 0.348769 0.85954 -0.317801
v 0.348769 0.85954 -0.317801
v 0.426448 0.91644 -0.105638
v 0.457048 0.88767 -0.106592
v 0.362758 0.81439 -0.341614
v 0.219374 0.74302 -0.494588
v 0.206252 0.78206 -0.456302
v 0.206252 0.78206 -0.456302
v 0.348769 0.85954 -0.317801
v 0.362758 0.81439 -0.341614
v 0.206252 0.78206 -0.456302
v 0.219374 0.74302 -0.494588
v 0.109238 0.66982 -0.55348
v 0.109238 0.66982 -0.55348
v 0.103356 0.723 -0.510533
v 0.206252 0.78206 -0.456302
v -0.189175 0.68361 -0.432715
v -0.192166 0.80787 -0.43733
v -0.088779 0.82644 -0.484682
v -0.088779 0.82644 -0.484682
v -0.0827261 0.71439 -0.473597
v -0.189175 0.68361 -0.432715
v -0.305976 0.67254 -0.33852
v -0.313462 0.79843 -0.343438
v -0.192166 0.80787 -0.43733
v -0.192166 0.80787 -0.43733
v -0.189175 0.68361 -0.432715
v -0.305976 0.67254 -0.33852
v -0.387182 0.79827 -0.248919
v -0.313462 0.79843 -0.343438
v -0.305976 0.67254 -0.33852
v -0.305976 0.67254 -0.33852
v -0.37622 0.67353 -0.245218
v -0.387182 0.79827 -0.248919
v -0.442673 0.79347 -0.0988463
v -0.387182 0.79827 -0.248919
v -0.37622 0.67353 -0.245218
v -0.37622 0.67353 -0.245218
v -0.429834 0.66627 -0.100055
v -0.442673 0.79347 -0.0988463
v -0.37158 0.65108 0.0408817
v -0.384512 0.78463 0.0425467
v -0.442673 0.79347 -0.0988463
v -0.442673 0.79347 -0.0988463
v -0.429834 0.66627 -0.100055
v -0.37158 0.65108 0.0408817
v -0.384512 0.78463 0.0425467
v -0.37158 0.65108 0.0408817
v -0.184572 0.686844 0.252472
v -0.184572 0.686844 0.252472
v -0.188869 0.804767 0.284131
v -0.384512 0.78463 0.0425467
v -0.188869 0.804767 0.284131
v -0.184572 0.686844 0.252472
v 0.0183888 0.747407 0.297044
v 0.0183888 0.747407 0.297044
v 0.0126268 0.837887 0.334411
v -0.188869 0.804767 0.284131
v 0.198033 0.841858 0.260696
v 0.201182 0.904815 0.299807
v 0.0126268 0.837887 0.334411
v 0.0126268 0.837887 0.334411
v 0.0183888 0.747407 0.297044
v 0.198033 0.841858 0.260696
v 0.198033 0.841858 0.260696
v 0.331512 0.92225 0.0690758
v 0.343948 0.96497 0.0849648
v 0.343948 0.96497 0.0849648
v 0.201182 0.904815 0.299807
v 0.198033 0.841858 0.260696
v 0.402613 1.00595 -0.101187
v 0.343948 0.96497 0.0849648
v 0.331512 0.92225 0.0690758
v 0.331512 0.92225 0.0690758
v 0.38577 0.97754 -0.104162
v 0.402613 1.00595 -0.101187
v 0.34225 0.991381 -0.382979
v 0.402613 1.00595 -0.101187
v 0.38577 0.97754 -0.104162
v 0.38577 0.97754 -0.104162
v 0.328536 0.952619 -0.364783
v 0.34225 0.991381 -0.382979
v 0.34225 0.991381 -0.382979
v 0.328536 0.952619 -0.364783
v 0.193052 0.83675 -0.419607
v 0.193052 0.83675 -0.419607
v 0.199161 0.899014 -0.501102
v 0.34225 0.991381 -0.382979
v 0.101723 0.7835 -0.469551
v 0.101229 0.87337 -0.486269
v 0.199161 0.899014 -0.501102
v 0.199161 0.899014 -0.501102
v 0.193052 0.83675 -0.419607
v 0.101723 0.7835 -0.469551
v 0.101229 0.87337 -0.486269
v 0.101723 0.7835 -0.469551
v 0.0126429 0.74585 -0.480978
v 0.0126429 0.74585 -0.480978
v 0.00815189 0.84781 -0.494623
v 0.101229 0.87337 -0.486269
v 0.0126429 0.74585 -0.480978
v -0.0827261 0.71439 -0.473597
v -0.088779 0.82644 -0.484682
v -0.088779 0.82644 -0.484682
v 0.00815189 0.84781 -0.494623
v 0.0126429 0.74585 -0.480978
v 0.0328593 -0.404877 -0.387988
v 0.0317813 -0.299551 -0.399153
v 0.145049 -0.294371 -0.354747
v 0.145049 -0.294371 -0.354747
v 0.13703 -0.397134 -0.330359
v 0.0328593 -0.404877 -0.387988
v 0.121679 -0.285802 -0.326328
v 0.145049 -0.294371 -0.354747
v 0.0317813 -0.299551 -0.399153
v 0.0317813 -0.299551 -0.399153
v 0.0162683 -0.296078 -0.364882
v 0.121679 -0.285802 -0.326328
v 0.0173473 -0.401404 -0.353717
v 0.113659 -0.388565 -0.30194
v 0.121679 -0.285802 -0.326328
v 0.121679 -0.285802 -0.326328
v 0.0162683 -0.296078 -0.364882
v 0.0173473 -0.401404 -0.353717
v 0.13703 -0.397134 -0.330359
v 0.113659 -0.388565 -0.30194
v 0.0173473 -0.401404 -0.353717
v 0.0173473 -0.401404 -0.353717
v 0.0328593 -0.404877 -0.387988
v 0.13703 -0.397134 -0.330359
v -0.142785 -0.346195 -0.373323
v -0.14243 -0.380904 -0.369644
v -0.138202 -0.376904 -0.332317
v -0.138202 -0.376904 -0.332317
v -0.138557 -0.342195 -0.335995
v -0.142785 -0.346195 -0.373323
v 0.113659 -0.388565 -0.30194
v 0.13703 -0.397134 -0.330359
v 0.145049 -0.294371 -0.354747
v 0.145049 -0.294371 -0.354747
v 0.121679 -0.285802 -0.326328
v 0.113659 -0.388565 -0.30194
v -0.0743087 -0.315953 -0.360491
v 0.0162683 -0.296078 -0.364882
v 0.0317813 -0.299551 -0.399153
v 0.0317813 -0.299551 -0.399153
v -0.0587956 -0.319427 -0.394762
v -0.0743087 -0.315953 -0.360491
v 0.0173473 -0.401404 -0.353717
v 0.0162683 -0.296078 -0.364882
v -0.0743087 -0.315953 -0.360491
v -0.0743087 -0.315953 -0.360491
v -0.0734956 -0.395349 -0.352075
v 0.0173473 -0.401404 -0.353717
v -0.0734956 -0.395349 -0.352075
v -0.0579826 -0.398823 -0.386346
v 0.0328593 -0.404877 -0.387988
v 0.0328593 -0.404877 -0.387988
v 0.0173473 -0.401404 -0.353717
v -0.0734956 -0.395349 -0.352075
v 0.0328593 -0.404877 -0.387988
v -0.0579826 -0.398823 -0.386346
v -0.0587956 -0.319427 -0.394762
v -0.0587956 -0.319427 -0.394762
v 0.0317813 -0.299551 -0.399153
v 0.0328593 -0.404877 -0.387988
v -0.142785 -0.346195 -0.373323
v -0.138557 -0.342195 -0.335995
v -0.0743087 -0.315953 -0.360491
v -0.0743087 -0.315953 -0.360491
v -0.0587956 -0.319427 -0.394762
v -0.142785 -0.346195 -0.373323
v -0.138557 -0.342195 -0.335995
v -0.138202 -0.376904 -0.332317
v -0.0734956 -0.395349 -0.352075
v -0.0734956 -0.395349 -0.352075
v -0.0743087 -0.315953 -0.360491
v -0.138557 -0.342195 -0.335995
v -0.0579826 -0.398823 -0.386346
v -0.0734956 -0.395349 -0.352075
v -0.138202 -0.376904 -0.332317
v -0.138202 -0.376904 -0.332317
v -0.14243 -0.380904 -0.369644
v -0.0579826 -0.398823 -0.386346
v -0.14243 -0.380904 -0.369644
v -0.142785 -0.346195 -0.373323
v -0.0587956 -0.319427 -0.394762
v -0.0587956 -0.319427 -0.394762
v -0.0579826 -0.398823 -0.386346
v -0.14243 -0.380904 -0.369644
v 0.222762 -0.156261 0.110948
v 0.28127 -0.150701 -0.0837142
v 0.257662 -0.234739 -0.0723343
v 0.257662 -0.234739 -0.0723343
v 0.208513 -0.241147 0.0790797
v 0.222762 -0.156261 0.110948
v 0.230727 -0.146078 -0.253902
v 0.210654 -0.230405 -0.226273
v 0.257662 -0.234739 -0.0723343
v 0.257662 -0.234739 -0.0723343
v 0.28127 -0.150701 -0.0837142
v 0.230727 -0.146078 -0.253902
v 0.108375 -0.14312 -0.397447
v 0.0965443 -0.227611 -0.357406
v 0.210654 -0.230405 -0.226273
v 0.210654 -0.230405 -0.226273
v 0.230727 -0.146078 -0.253902
v 0.108375 -0.14312 -0.397447
v 0.301712 -0.15713 -0.0849752
v 0.244094 -0.160359 0.114614
v 0.235172 -0.244708 0.0779427
v 0.235172 -0.244708 0.0779427
v 0.283459 -0.241169 -0.0783983
v 0.301712 -0.15713 -0.0849752
v 0.233772 -0.23786 -0.240842
v 0.248491 -0.153533 -0.263668
v 0.301712 -0.15713 -0.0849752
v 0.301712 -0.15713 -0.0849752
v 0.283459 -0.241169 -0.0783983
v 0.233772 -0.23786 -0.240842
v 0.123831 -0.151389 -0.410789
v 0.248491 -0.153533 -0.263668
v 0.233772 -0.23786 -0.240842
v 0.233772 -0.23786 -0.240842
v 0.117355 -0.235881 -0.375551
v 0.123831 -0.151389 -0.410789
v 0.208513 -0.241147 0.0790797
v 0.257662 -0.234739 -0.0723343
v 0.283459 -0.241169 -0.0783983
v 0.283459 -0.241169 -0.0783983
v 0.235172 -0.244708 0.0779427
v 0.208513 -0.241147 0.0790797
v 0.301712 -0.15713 -0.0849752
v 0.28127 -0.150701 -0.0837142
v 0.222762 -0.156261 0.110948
v 0.222762 -0.156261 0.110948
v 0.244094 -0.160359 0.114614
v 0.301712 -0.15713 -0.0849752
v 0.235172 -0.244708 0.0779427
v 0.244094 -0.160359 0.114614
v 0.222762 -0.156261 0.110948
v 0.222762 -0.156261 0.110948
v 0.208513 -0.241147 0.0790797
v 0.235172 -0.244708 0.0779427
v 0.283459 -0.241169 -0.0783983
v 0.257662 -0.234739 -0.0723343
v 0.210654 -0.230405 -0.226273
v 0.210654 -0.230405 -0.226273
v 0.233772 -0.23786 -0.240842
v 0.283459 -0.241169 -0.0783983
v 0.230727 -0.146078 -0.253902
v 0.28127 -0.150701 -0.0837142
v 0.301712 -0.15713 -0.0849752
v 0.301712 -0.15713 -0.0849752
v 0.248491 -0.153533 -0.263668
v 0.230727 -0.146078 -0.253902
v 0.233772 -0.23786 -0.240842
v 0.210654 -0.230405 -0.226273
v 0.0965443 -0.227611 -0.357406
v 0.0965443 -0.227611 -0.357406
v 0.117355 -0.235881 -0.375551
v 0.233772 -0.23786 -0.240842
v 0.117355 -0.235881 -0.375551
v 0.0965443 -0.227611 -0.357406
v 0.108375 -0.14312 -0.397447
v 0.108375 -0.14312 -0.397447
v 0.123831 -0.151389 -0.410789
v 0.117355 -0.235881 -0.375551
v 0.230727 -0.146078 -0.253902
v 0.248491 -0.153533 -0.263668
v 0.123831 -0.151389 -0.410789
v 0.123831 -0.151389 -0.410789
v 0.108375 -0.14312 -0.397447
v 0.230727 -0.146078 -0.253902
v 0.22954 -0.392674 -0.0326953
v 0.187372 -0.412323 0.0968637
v 0.188191 -0.328351 0.13391
v 0.188191 -0.328351 0.13391
v 0.246573 -0.306513 -0.0386533
v 0.22954 -0.392674 -0.0326953
v 0.22954 -0.392674 -0.0326953
v 0.246573 -0.306513 -0.0386533
v 0.201261 -0.296271 -0.210065
v 0.201261 -0.296271 -0.210065
v 0.187256 -0.38336 -0.187779
v 0.22954 -0.392674 -0.0326953
v 0.187256 -0.38336 -0.187779
v 0.201261 -0.296271 -0.210065
v 0.0837023 -0.294913 -0.357585
v 0.0837023 -0.294913 -0.357585
v 0.0775273 -0.382214 -0.322623
v 0.187256 -0.38336 -0.187779
v 0.209766 -0.329581 0.13819
v 0.214288 -0.411973 0.0965937
v 0.255955 -0.396676 -0.0381583
v 0.255955 -0.396676 -0.0381583
v 0.267501 -0.311214 -0.0395183
v 0.209766 -0.329581 0.13819
v 0.211357 -0.388113 -0.201881
v 0.219875 -0.301722 -0.219568
v 0.267501 -0.311214 -0.0395183
v 0.267501 -0.311214 -0.0395183
v 0.255955 -0.396676 -0.0381583
v 0.211357 -0.388113 -0.201881
v 0.100198 -0.301154 -0.370785
v 0.219875 -0.301722 -0.219568
v 0.211357 -0.388113 -0.201881
v 0.211357 -0.388113 -0.201881
v 0.0995083 -0.387758 -0.340422
v 0.100198 -0.301154 -0.370785
v 0.214288 -0.411973 0.0965937
v 0.187372 -0.412323 0.0968637
v 0.22954 -0.392674 -0.0326953
v 0.22954 -0.392674 -0.0326953
v 0.255955 -0.396676 -0.0381583
v 0.214288 -0.411973 0.0965937
v 0.267501 -0.311214 -0.0395183
v 0.246573 -0.306513 -0.0386533
v 0.188191 -0.328351 0.13391
v 0.188191 -0.328351 0.13391
v 0.209766 -0.329581 0.13819
v 0.267501 -0.311214 -0.0395183
v 0.209766 -0.329581 0.13819
v 0.188191 -0.328351 0.13391
v 0.187372 -0.412323 0.0968637
v 0.187372 -0.412323 0.0968637
v 0.214288 -0.411973 0.0965937
v 0.209766 -0.329581 0.13819
v 0.255955 -0.396676 -0.0381583
v 0.22954 -0.392674 -0.0326953
v 0.187256 -0.38336 -0.187779
v 0.187256 -0.38336 -0.187779
v 0.211357 -0.388113 -0.201881
v 0.255955 -0.396676 -0.0381583
v 0.219875 -0.301722 -0.219568
v 0.201261 -0.296271 -0.210065
v 0.246573 -0.306513 -0.0386533
v 0.246573 -0.306513 -0.0386533
v 0.267501 -0.311214 -0.0395183
v 0.219875 -0.301722 -0.219568
v 0.187256 -0.38336 -0.187779
v 0.0775273 -0.382214 -0.322623
v 0.0995083 -0.387758 -0.340422
v 0.0995083 -0.387758 -0.340422
v 0.211357 -0.388113 -0.201881
v 0.187256 -0.38336 -0.187779
v 0.0995083 -0.387758 -0.340422
v 0.0775273 -0.382214 -0.322623
v 0.0837023 -0.294913 -0.357585
v 0.0837023 -0.294913 -0.357585
v 0.100198 -0.301154 -0.370785
v 0.0995083 -0.387758 -0.340422
v 0.201261 -0.296271 -0.210065
v 0.219875 -0.301722 -0.219568
v 0.100198 -0.301154 -0.370785
v 0.100198 -0.301154 -0.370785
v 0.0837023 -0.294913 -0.357585
v 0.201261 -0.296271 -0.210065
v -0.176828 -0.835674 0.27282
v -0.16572 -0.781544 0.239529
v -0.275161 -0.781544 0.118832
v -0.275161 -0.781544 0.118832
v -0.293294 -0.835695 0.137071
v -0.176828 -0.835674 0.27282
v -0.0177306 -0.835669 0.310404
v -0.0162166 -0.781544 0.274518
v -0.16572 -0.781544 0.239529
v -0.16572 -0.781544 0.239529
v -0.176828 -0.835674 0.27282
v -0.0177306 -0.835669 0.310404
v -0.0162166 -0.781544 0.274518
v -0.0177306 -0.835669 0.310404
v 0.141365 -0.835674 0.27282
v 0.141365 -0.835674 0.27282
v 0.133285 -0.781544 0.239529
v -0.0162166 -0.781544 0.274518
v 0.141365 -0.835674 0.27282
v 0.257832 -0.835695 0.137071
v 0.242728 -0.781544 0.118832
v 0.242728 -0.781544 0.118832
v 0.133285 -0.781544 0.239529
v 0.141365 -0.835674 0.27282
v 0.257832 -0.835695 0.137071
v 0.300462 -0.83572 -0.0149463
v 0.282788 -0.781544 -0.0145523
v 0.282788 -0.781544 -0.0145523
v 0.242728 -0.781544 0.118832
v 0.257832 -0.835695 0.137071
v 0.300462 -0.83572 -0.0149463
v 0.257832 -0.819109 -0.167361
v 0.242728 -0.75653 -0.151502
v 0.242728 -0.75653 -0.151502
v 0.282788 -0.781544 -0.0145523
v 0.300462 -0.83572 -0.0149463
v 0.14141 -0.661415 -0.757218
v 0.25839 -0.748309 -0.611909
v 0.261661 -0.856992 -0.661417
v 0.261661 -0.856992 -0.661417
v 0.14242 -0.76915 -0.826236
v 0.14141 -0.661415 -0.757218
v 0.14242 -0.76915 -0.826236
v -0.0204664 -0.760769 -0.82323
v -0.0183865 -0.64131 -0.754612
v -0.0183865 -0.64131 -0.754612
v 0.14141 -0.661415 -0.757218
v 0.14242 -0.76915 -0.826236
v -0.183353 -0.798995 -0.730498
v -0.178183 -0.70617 -0.663706
v -0.0183865 -0.64131 -0.754612
v -0.0183865 -0.64131 -0.754612
v -0.0204664 -0.760769 -0.82323
v -0.183353 -0.798995 -0.730498
v -0.29516 -0.8078 -0.512188
v -0.178183 -0.70617 -0.663706
v -0.183353 -0.798995 -0.730498
v -0.183353 -0.798995 -0.730498
v -0.302592 -0.893977 -0.535121
v -0.29516 -0.8078 -0.512188
v -0.30433 -0.779104 -0.170303
v -0.329067 -0.84061 -0.167358
v -0.335923 -0.83572 -0.0149464
v -0.335923 -0.83572 -0.0149464
v -0.315221 -0.781544 -0.0145524
v -0.30433 -0.779104 -0.170303
v -0.335923 -0.83572 -0.0149464
v -0.293294 -0.835695 0.137071
v -0.275161 -0.781544 0.118832
v -0.275161 -0.781544 0.118832
v -0.315221 -0.781544 -0.0145524
v -0.335923 -0.83572 -0.0149464
v -0.192284 -1.0 0.283778
v -0.316163 -1.0 0.134277
v -0.0230585 -1.0 -0.0348403
v -0.0230585 -1.0 0.320633
v -0.192284 -1.0 0.283778
v -0.0230585 -1.0 -0.0348403
v 0.146165 -1.0 0.283778
v -0.0230585 -1.0 0.320633
v -0.0230585 -1.0 -0.0348403
v 0.270044 -1.0 0.134277
v 0.146165 -1.0 0.283778
v -0.0230585 -1.0 -0.0348403
v 0.315389 -1.0 -0.00942329
v 0.270044 -1.0 0.134277
v -0.0230585 -1.0 -0.0348403
v -0.0230585 -1.0 -0.0348403
v -0.0230585 -1.00004 -0.176205
v 0.265584 -0.999961 -0.176213
v 0.265584 -0.999961 -0.176213
v 0.315389 -1.0 -0.00942329
v -0.0230585 -1.0 -0.0348403
v -0.0230585 -1.0 -0.0348403
v -0.361507 -1.0 -0.00942338
v -0.360469 -0.999961 -0.176213
v -0.360469 -0.999961 -0.176213
v -0.0230585 -1.00004 -0.176205
v -0.0230585 -1.0 -0.0348403
v -0.316163 -1.0 0.134277
v -0.361507 -1.0 -0.00942338
v -0.0230585 -1.0 -0.0348403
v -0.0227236 -0.639315 -0.35976
v 0.135616 -0.639352 -0.317296
v 0.146173 -0.672241 -0.333697
v 0.146173 -0.672241 -0.333697
v -0.0162165 -0.672241 -0.368688
v -0.0227236 -0.639315 -0.35976
v 0.146173 -0.672241 -0.333697
v 0.135616 -0.639352 -0.317296
v 0.25153 -0.674746 -0.178929
v 0.25153 -0.674746 -0.178929
v 0.242728 -0.75653 -0.151502
v 0.146173 -0.672241 -0.333697
v 0.242728 -0.75653 -0.151502
v 0.25153 -0.674746 -0.178929
v 0.293957 -0.68712 -0.0236033
v 0.293957 -0.68712 -0.0236033
v 0.282788 -0.781544 -0.0145523
v 0.242728 -0.75653 -0.151502
v 0.293957 -0.68712 -0.0236033
v 0.25153 -0.687254 0.121666
v 0.242728 -0.781544 0.118832
v 0.242728 -0.781544 0.118832
v 0.282788 -0.781544 -0.0145523
v 0.293957 -0.68712 -0.0236033
v 0.135616 -0.687352 0.249097
v 0.133285 -0.781544 0.239529
v 0.242728 -0.781544 0.118832
v 0.242728 -0.781544 0.118832
v 0.25153 -0.687254 0.121666
v 0.135616 -0.687352 0.249097
v 0.135616 -0.687352 0.249097
v -0.0227236 -0.687387 0.287511
v -0.0162166 -0.781544 0.274518
v -0.0162166 -0.781544 0.274518
v 0.133285 -0.781544 0.239529
v 0.135616 -0.687352 0.249097
v -0.16572 -0.781544 0.239529
v -0.0162166 -0.781544 0.274518
v -0.0227236 -0.687387 0.287511
v -0.0227236 -0.687387 0.287511
v -0.181064 -0.687352 0.249097
v -0.16572 -0.781544 0.239529
v -0.16572 -0.781544 0.239529
v -0.181064 -0.687352 0.249097
v -0.296976 -0.687254 0.121666
v -0.296976 -0.687254 0.121666
v -0.275161 -0.781544 0.118832
v -0.16572 -0.781544 0.239529
v -0.275161 -0.781544 0.118832
v -0.296976 -0.687254 0.121666
v -0.339404 -0.68712 -0.0236034
v -0.339404 -0.68712 -0.0236034
v -0.315221 -0.781544 -0.0145524
v -0.275161 -0.781544 0.118832
v -0.315221 -0.781544 -0.0145524
v -0.339404 -0.68712 -0.0236034
v -0.31179 -0.690123 -0.178929
v -0.31179 -0.690123 -0.178929
v -0.30433 -0.779104 -0.170303
v -0.315221 -0.781544 -0.0145524
v -0.31179 -0.690123 -0.178929
v -0.181064 -0.654728 -0.317296
v -0.178608 -0.703662 -0.333697
v -0.178608 -0.703662 -0.333697
v -0.30433 -0.779104 -0.170303
v -0.31179 -0.690123 -0.178929
v -0.0162165 -0.672241 -0.368688
v -0.178608 -0.703662 -0.333697
v -0.181064 -0.654728 -0.317296
v -0.181064 -0.654728 -0.317296
v -0.0227236 -0.639315 -0.35976
v -0.0162165 -0.672241 -0.368688
v -0.0230585 -0.947104 -0.174722
v 0.218835 -1.0 -0.449883
v 0.316864 -1.0 -0.326817
v 0.316864 -1.0 -0.326817
v 0.256606 -0.947048 -0.174772
v -0.0230585 -0.947104 -0.174722
v 0.26876 -0.76533 -0.267002
v 0.260023 -0.774135 -0.263539
v 0.160135 -0.705496 -0.404956
v 0.160135 -0.705496 -0.404956
v 0.165712 -0.693853 -0.413764
v 0.26876 -0.76533 -0.267002
v 0.260023 -0.774135 -0.263539
v 0.26876 -0.76533 -0.267002
v 0.267069 -0.80958 -0.217179
v 0.267069 -0.80958 -0.217179
v 0.259983 -0.821591 -0.219071
v 0.260023 -0.774135 -0.263539
v -0.0230585 -0.947104 -0.174722
v -0.0230584 -1.0 -0.473592
v 0.218835 -1.0 -0.449883
v 0.165712 -0.693853 -0.413764
v 0.160135 -0.705496 -0.404956
v -0.0164675 -0.692446 -0.441734
v -0.0164675 -0.692446 -0.441734
v -0.0158745 -0.681313 -0.451798
v 0.165712 -0.693853 -0.413764
v -0.0230585 -0.947104 -0.174722
v -0.264952 -1.0 -0.449883
v -0.0230584 -1.0 -0.473592
v -0.207735 -0.736296 -0.409634
v -0.211558 -0.725865 -0.418256
v -0.0158745 -0.681313 -0.451798
v -0.0158745 -0.681313 -0.451798
v -0.0164675 -0.692446 -0.441734
v -0.207735 -0.736296 -0.409634
v -0.344146 -0.947055 -0.174772
v -0.36298 -1.0 -0.326817
v -0.264952 -1.0 -0.449883
v -0.264952 -1.0 -0.449883
v -0.0230585 -0.947104 -0.174722
v -0.344146 -0.947055 -0.174772
v -0.323144 -0.846793 -0.232854
v -0.319905 -0.848818 -0.159752
v -0.329067 -0.84061 -0.167358
v -0.329067 -0.84061 -0.167358
v -0.331713 -0.835562 -0.23219
v -0.323144 -0.846793 -0.232854
v -0.317863 -0.823171 -0.273143
v -0.326571 -0.814876 -0.276228
v -0.211558 -0.725865 -0.418256
v -0.211558 -0.725865 -0.418256
v -0.207735 -0.736296 -0.409634
v -0.317863 -0.823171 -0.273143
v -0.235607 -0.751692 -0.497527
v -0.178183 -0.70617 -0.663706
v -0.29516 -0.8078 -0.512188
v -0.29516 -0.8078 -0.512188
v -0.338623 -0.849662 -0.364636
v -0.235607 -0.751692 -0.497527
v -0.347242 -0.910916 -0.346234
v -0.338623 -0.849662 -0.364636
v -0.29516 -0.8078 -0.512188
v -0.29516 -0.8078 -0.512188
v -0.302592 -0.893977 -0.535121
v -0.347242 -0.910916 -0.346234
v -0.316163 -1.0 -0.522275
v -0.192283 -1.0 -0.683374
v -0.264952 -1.0 -0.449883
v -0.264952 -1.0 -0.449883
v -0.36298 -1.0 -0.326817
v -0.316163 -1.0 -0.522275
v -0.0230584 -1.0 -0.473592
v -0.264952 -1.0 -0.449883
v -0.192283 -1.0 -0.683374
v -0.192283 -1.0 -0.683374
v -0.0230584 -1.0 -0.780647
v -0.0230584 -1.0 -0.473592
v 0.270045 -1.0 -0.634061
v 0.316864 -1.0 -0.326817
v 0.218835 -1.0 -0.449883
v 0.218835 -1.0 -0.449883
v 0.146166 -1.0 -0.783831
v 0.270045 -1.0 -0.634061
v 0.261661 -0.856992 -0.661417
v 0.25839 -0.748309 -0.611909
v 0.282543 -0.787376 -0.347808
v 0.282543 -0.787376 -0.347808
v 0.298747 -0.883988 -0.339447
v 0.261661 -0.856992 -0.661417
v 0.14141 -0.661415 -0.757218
v 0.176602 -0.721359 -0.489332
v 0.282543 -0.787376 -0.347808
v 0.282543 -0.787376 -0.347808
v 0.25839 -0.748309 -0.611909
v 0.14141 -0.661415 -0.757218
v -0.0166565 -0.698494 -0.527454
v -0.0183865 -0.64131 -0.754612
v -0.178183 -0.70617 -0.663706
v -0.178183 -0.70617 -0.663706
v -0.235607 -0.751692 -0.497527
v -0.0166565 -0.698494 -0.527454
v -0.0183865 -0.64131 -0.754612
v -0.0166565 -0.698494 -0.527454
v 0.176602 -0.721359 -0.489332
v 0.176602 -0.721359 -0.489332
v 0.14141 -0.661415 -0.757218
v -0.0183865 -0.64131 -0.754612
v 0.218835 -1.0 -0.449883
v -0.0230584 -1.0 -0.473592
v -0.0230584 -1.0 -0.780647
v -0.0230584 -1.0 -0.780647
v 0.146166 -1.0 -0.783831
v 0.218835 -1.0 -0.449883
v -0.164773 -0.459768 -0.311522
v -0.170725 -0.246121 -0.349239
v -0.0192857 -0.246217 -0.393564
v -0.0192857 -0.246217 -0.393564
v -0.0223516 -0.460247 -0.358674
v -0.164773 -0.459768 -0.311522
v -0.164773 -0.459768 -0.311522
v -0.247962 -0.456626 -0.175051
v -0.260554 -0.241379 -0.200649
v -0.260554 -0.241379 -0.200649
v -0.170725 -0.246121 -0.349239
v -0.164773 -0.459768 -0.311522
v -0.282868 -0.456686 -0.0414563
v -0.297963 -0.241229 -0.0524753
v -0.260554 -0.241379 -0.200649
v -0.260554 -0.241379 -0.200649
v -0.247962 -0.456626 -0.175051
v -0.282868 -0.456686 -0.0414563
v -0.297963 -0.241229 -0.0524753
v -0.282868 -0.456686 -0.0414563
v -0.247962 -0.456748 0.0890457
v -0.247962 -0.456748 0.0890457
v -0.260554 -0.241081 0.116433
v -0.297963 -0.241229 -0.0524753
v -0.247962 -0.456748 0.0890457
v -0.152601 -0.456791 0.206349
v -0.158352 -0.240968 0.244993
v -0.158352 -0.240968 0.244993
v -0.260554 -0.241081 0.116433
v -0.247962 -0.456748 0.0890457
v -0.152601 -0.456791 0.206349
v -0.0223347 -0.456807 0.246121
v -0.0187408 -0.240928 0.292614
v -0.0187408 -0.240928 0.292614
v -0.158352 -0.240968 0.244993
v -0.152601 -0.456791 0.206349
v 0.12087 -0.240968 0.244993
v -0.0187408 -0.240928 0.292614
v -0.0223347 -0.456807 0.246121
v -0.0223347 -0.456807 0.246121
v 0.107932 -0.456791 0.206349
v 0.12087 -0.240968 0.244993
v 0.223072 -0.241081 0.116433
v 0.12087 -0.240968 0.244993
v 0.107932 -0.456791 0.206349
v 0.107932 -0.456791 0.206349
v 0.203295 -0.456748 0.0890457
v 0.223072 -0.241081 0.116433
v 0.260481 -0.241229 -0.0524753
v 0.223072 -0.241081 0.116433
v 0.203295 -0.456748 0.0890457
v 0.203295 -0.456748 0.0890457
v 0.238199 -0.456686 -0.0414563
v 0.260481 -0.241229 -0.0524753
v 0.223072 -0.241379 -0.200649
v 0.260481 -0.241229 -0.0524753
v 0.238199 -0.456686 -0.0414563
v 0.238199 -0.456686 -0.0414563
v 0.203295 -0.456626 -0.175051
v 0.223072 -0.241379 -0.200649
v 0.107932 -0.456583 -0.293803
v 0.12087 -0.241492 -0.330754
v 0.223072 -0.241379 -0.200649
v 0.223072 -0.241379 -0.200649
v 0.203295 -0.456626 -0.175051
v 0.107932 -0.456583 -0.293803
v 0.114583 -0.460364 -0.315197
v -0.0223516 -0.460247 -0.358674
v -0.0192857 -0.246217 -0.393564
v -0.0192857 -0.246217 -0.393564
v 0.127276 -0.246371 -0.351969
v 0.114583 -0.460364 -0.315197
v -0.344146 -0.947055 -0.174772
v -0.360469 -0.999961 -0.176213
v -0.361507 -1.0 -0.00942338
v -0.361507 -1.0 -0.00942338
v -0.343423 -0.947076 -0.0105584
v -0.344146 -0.947055 -0.174772
v -0.316163 -1.0 0.134277
v -0.300344 -0.947076 0.13491
v -0.343423 -0.947076 -0.0105584
v -0.343423 -0.947076 -0.0105584
v -0.361507 -1.0 -0.00942338
v -0.316163 -1.0 0.134277
v -0.300344 -0.947076 0.13491
v -0.316163 -1.0 0.134277
v -0.192284 -1.0 0.283778
v -0.192284 -1.0 0.283778
v -0.182648 -0.947076 0.283888
v -0.300344 -0.947076 0.13491
v -0.192284 -1.0 0.283778
v -0.0230585 -1.0 0.320633
v -0.0218675 -0.947076 0.322308
v -0.0218675 -0.947076 0.322308
v -0.182648 -0.947076 0.283888
v -0.192284 -1.0 0.283778
v -0.0230585 -1.0 0.320633
v 0.146165 -1.0 0.283778
v 0.138909 -0.947076 0.283888
v 0.138909 -0.947076 0.283888
v -0.0218675 -0.947076 0.322308
v -0.0230585 -1.0 0.320633
v 0.138909 -0.947076 0.283888
v 0.146165 -1.0 0.283778
v 0.270044 -1.0 0.134277
v 0.270044 -1.0 0.134277
v 0.256606 -0.947076 0.13491
v 0.138909 -0.947076 0.283888
v 0.270044 -1.0 0.134277
v 0.315389 -1.0 -0.00942329
v 0.299686 -0.947076 -0.0105583
v 0.299686 -0.947076 -0.0105583
v 0.256606 -0.947076 0.13491
v 0.270044 -1.0 0.134277
v 0.256606 -0.947048 -0.174772
v 0.299686 -0.947076 -0.0105583
v 0.315389 -1.0 -0.00942329
v 0.315389 -1.0 -0.00942329
v 0.265584 -0.999961 -0.176213
v 0.256606 -0.947048 -0.174772
v 0.301273 -0.949302 -0.333794
v 0.256606 -0.947048 -0.174772
v 0.316864 -1.0 -0.326817
v 0.316864 -1.0 -0.326817
v 0.270045 -1.0 -0.634061
v 0.256607 -0.950763 -0.633996
v 0.256607 -0.950763 -0.633996
v 0.301273 -0.949302 -0.333794
v 0.316864 -1.0 -0.326817
v 0.146166 -1.0 -0.783831
v 0.13891 -0.948608 -0.78506
v 0.256607 -0.950763 -0.633996
v 0.256607 -0.950763 -0.633996
v 0.270045 -1.0 -0.634061
v 0.146166 -1.0 -0.783831
v -0.0230584 -1.0 -0.780647
v -0.0218674 -0.947666 -0.783441
v 0.13891 -0.948608 -0.78506
v 0.13891 -0.948608 -0.78506
v 0.146166 -1.0 -0.783831
v -0.0230584 -1.0 -0.780647
v -0.192283 -1.0 -0.683374
v -0.182647 -0.94949 -0.683111
v -0.0218674 -0.947666 -0.783441
v -0.0218674 -0.947666 -0.783441
v -0.0230584 -1.0 -0.780647
v -0.192283 -1.0 -0.683374
v -0.300343 -0.952236 -0.522209
v -0.182647 -0.94949 -0.683111
v -0.192283 -1.0 -0.683374
v -0.192283 -1.0 -0.683374
v -0.316163 -1.0 -0.522275
v -0.300343 -0.952236 -0.522209
v -0.300343 -0.952236 -0.522209
v -0.316163 -1.0 -0.522275
v -0.36298 -1.0 -0.326817
v -0.36298 -1.0 -0.326817
v -0.344639 -0.952326 -0.333794
v -0.300343 -0.952236 -0.522209
v -0.344146 -0.947055 -0.174772
v -0.344639 -0.952326 -0.333794
v -0.36298 -1.0 -0.326817
v -0.260554 -0.241379 -0.200649
v -0.297963 -0.241229 -0.0524753
v -0.355496 0.04872 -0.0859893
v -0.355496 0.04872 -0.0859893
v -0.309758 0.048 -0.259588
v -0.260554 -0.241379 -0.200649
v -0.309973 0.04943 0.118832
v -0.355496 0.04872 -0.0859893
v -0.297963 -0.241229 -0.0524753
v -0.297963 -0.241229 -0.0524753
v -0.260554 -0.241081 0.116433
v -0.309973 0.04943 0.118832
v -0.158352 -0.240968 0.244993
v -0.184928 0.0499501 0.260961
v -0.309973 0.04943 0.118832
v -0.309973 0.04943 0.118832
v -0.260554 -0.241081 0.116433
v -0.158352 -0.240968 0.244993
v -0.0187408 -0.240928 0.292614
v -0.0134189 0.0501301 0.313216
v -0.184928 0.0499501 0.260961
v -0.184928 0.0499501 0.260961
v -0.158352 -0.240968 0.244993
v -0.0187408 -0.240928 0.292614
v 0.12087 -0.240968 0.244993
v 0.158081 0.0499502 0.260939
v -0.0134189 0.0501301 0.313216
v -0.0134189 0.0501301 0.313216
v -0.0187408 -0.240928 0.292614
v 0.12087 -0.240968 0.244993
v 0.223072 -0.241081 0.116433
v 0.283094 0.0494303 0.118797
v 0.158081 0.0499502 0.260939
v 0.158081 0.0499502 0.260939
v 0.12087 -0.240968 0.244993
v 0.223072 -0.241081 0.116433
v 0.283094 0.0494303 0.118797
v 0.223072 -0.241081 0.116433
v 0.260481 -0.241229 -0.0524753
v 0.260481 -0.241229 -0.0524753
v 0.328581 0.0487303 -0.0860042
v 0.283094 0.0494303 0.118797
v 0.328581 0.0487303 -0.0860042
v 0.260481 -0.241229 -0.0524753
v 0.223072 -0.241379 -0.200649
v 0.223072 -0.241379 -0.200649
v 0.282844 0.0480002 -0.259563
v 0.328581 0.0487303 -0.0860042
v 0.223072 -0.241379 -0.200649
v 0.12087 -0.241492 -0.330754
v 0.157836 0.0474802 -0.401565
v 0.157836 0.0474802 -0.401565
v 0.282844 0.0480002 -0.259563
v 0.223072 -0.241379 -0.200649
v -0.170725 -0.246121 -0.349239
v -0.260554 -0.241379 -0.200649
v -0.309758 0.048 -0.259588
v -0.309758 0.048 -0.259588
v -0.196278 0.0419091 -0.41922
v -0.170725 -0.246121 -0.349239
v 0.118987 -0.530089 -0.300902
v -0.0249316 -0.530051 -0.345022
v -0.0223346 -0.456567 -0.337268
v -0.0223346 -0.456567 -0.337268
v 0.107932 -0.456583 -0.293803
v 0.118987 -0.530089 -0.300902
v -0.16885 -0.530089 -0.300902
v -0.152601 -0.456583 -0.293803
v -0.0223346 -0.456567 -0.337268
v -0.0223346 -0.456567 -0.337268
v -0.0249316 -0.530051 -0.345022
v -0.16885 -0.530089 -0.300902
v -0.247962 -0.456626 -0.175051
v -0.152601 -0.456583 -0.293803
v -0.16885 -0.530089 -0.300902
v -0.16885 -0.530089 -0.300902
v -0.274205 -0.530189 -0.180365
v -0.247962 -0.456626 -0.175051
v -0.247962 -0.456626 -0.175051
v -0.274205 -0.530189 -0.180365
v -0.312769 -0.530327 -0.0369553
v -0.312769 -0.530327 -0.0369553
v -0.282868 -0.456686 -0.0414563
v -0.247962 -0.456626 -0.175051
v -0.247962 -0.456748 0.0890457
v -0.282868 -0.456686 -0.0414563
v -0.312769 -0.530327 -0.0369553
v -0.312769 -0.530327 -0.0369553
v -0.274205 -0.530466 0.0977877
v -0.247962 -0.456748 0.0890457
v -0.152601 -0.456791 0.206349
v -0.247962 -0.456748 0.0890457
v -0.274205 -0.530466 0.0977877
v -0.274205 -0.530466 0.0977877
v -0.16885 -0.530567 0.216837
v -0.152601 -0.456791 0.206349
v -0.16885 -0.530567 0.216837
v -0.0249317 -0.530603 0.25563
v -0.0223347 -0.456807 0.246121
v -0.0223347 -0.456807 0.246121
v -0.152601 -0.456791 0.206349
v -0.16885 -0.530567 0.216837
v -0.0249317 -0.530603 0.25563
v 0.118987 -0.530567 0.216837
v 0.107932 -0.456791 0.206349
v 0.107932 -0.456791 0.206349
v -0.0223347 -0.456807 0.246121
v -0.0249317 -0.530603 0.25563
v 0.224342 -0.530466 0.0977877
v 0.203295 -0.456748 0.0890457
v 0.107932 -0.456791 0.206349
v 0.107932 -0.456791 0.206349
v 0.118987 -0.530567 0.216837
v 0.224342 -0.530466 0.0977877
v 0.262905 -0.530327 -0.0369553
v 0.238199 -0.456686 -0.0414563
v 0.203295 -0.456748 0.0890457
v 0.203295 -0.456748 0.0890457
v 0.224342 -0.530466 0.0977877
v 0.262905 -0.530327 -0.0369553
v 0.224342 -0.530189 -0.180365
v 0.203295 -0.456626 -0.175051
v 0.238199 -0.456686 -0.0414563
v 0.238199 -0.456686 -0.0414563
v 0.262905 -0.530327 -0.0369553
v 0.224342 -0.530189 -0.180365
v 0.203295 -0.456626 -0.175051
v 0.224342 -0.530189 -0.180365
v 0.118987 -0.530089 -0.300902
v 0.118987 -0.530089 -0.300902
v 0.107932 -0.456583 -0.293803
v 0.203295 -0.456626 -0.175051
v -0.0134377 0.0384331 -0.472367
v 0.163998 0.0415022 -0.422601
v 0.127276 -0.246371 -0.351969
v 0.127276 -0.246371 -0.351969
v -0.0192857 -0.246217 -0.393564
v -0.0134377 0.0384331 -0.472367
v -0.0134377 0.0384331 -0.472367
v -0.0192857 -0.246217 -0.393564
v -0.170725 -0.246121 -0.349239
v -0.170725 -0.246121 -0.349239
v -0.196278 0.0419091 -0.41922
v -0.0134377 0.0384331 -0.472367
v -0.248334 -0.607266 -0.174986
v -0.274205 -0.530189 -0.180365
v -0.16885 -0.530089 -0.300902
v -0.16885 -0.530089 -0.300902
v -0.155063 -0.607105 -0.288938
v -0.248334 -0.607266 -0.174986
v -0.282474 -0.607485 -0.0326993
v -0.312769 -0.530327 -0.0369553
v -0.274205 -0.530189 -0.180365
v -0.274205 -0.530189 -0.180365
v -0.248334 -0.607266 -0.174986
v -0.282474 -0.607485 -0.0326993
v -0.312769 -0.530327 -0.0369553
v -0.282474 -0.607485 -0.0326993
v -0.248334 -0.607705 0.0955217
v -0.248334 -0.607705 0.0955217
v -0.274205 -0.530466 0.0977877
v -0.312769 -0.530327 -0.0369553
v -0.16885 -0.530567 0.216837
v -0.274205 -0.530466 0.0977877
v -0.248334 -0.607705 0.0955217
v -0.248334 -0.607705 0.0955217
v -0.155063 -0.607867 0.20805
v -0.16885 -0.530567 0.216837
v -0.0276536 -0.607924 0.243096
v -0.0249317 -0.530603 0.25563
v -0.16885 -0.530567 0.216837
v -0.16885 -0.530567 0.216837
v -0.155063 -0.607867 0.20805
v -0.0276536 -0.607924 0.243096
v 0.118987 -0.530567 0.216837
v -0.0249317 -0.530603 0.25563
v -0.0276536 -0.607924 0.243096
v -0.0276536 -0.607924 0.243096
v 0.0997573 -0.607867 0.20805
v 0.118987 -0.530567 0.216837
v 0.0997573 -0.607867 0.20805
v 0.193028 -0.607705 0.0955217
v 0.224342 -0.530466 0.0977877
v 0.224342 -0.530466 0.0977877
v 0.118987 -0.530567 0.216837
v 0.0997573 -0.607867 0.20805
v 0.262905 -0.530327 -0.0369553
v 0.224342 -0.530466 0.0977877
v 0.193028 -0.607705 0.0955217
v 0.193028 -0.607705 0.0955217
v 0.227168 -0.607485 -0.0326993
v 0.262905 -0.530327 -0.0369553
v 0.227168 -0.607485 -0.0326993
v 0.193028 -0.607266 -0.174986
v 0.224342 -0.530189 -0.180365
v 0.224342 -0.530189 -0.180365
v 0.262905 -0.530327 -0.0369553
v 0.227168 -0.607485 -0.0326993
v 0.118987 -0.530089 -0.300902
v 0.224342 -0.530189 -0.180365
v 0.193028 -0.607266 -0.174986
v 0.193028 -0.607266 -0.174986
v 0.0997574 -0.607105 -0.288938
v 0.118987 -0.530089 -0.300902
v 0.0997574 -0.607105 -0.288938
v -0.0276536 -0.607045 -0.330649
v -0.0249316 -0.530051 -0.345022
v -0.0249316 -0.530051 -0.345022
v 0.118987 -0.530089 -0.300902
v 0.0997574 -0.607105 -0.288938
v -0.0249316 -0.530051 -0.345022
v -0.0276536 -0.607045 -0.330649
v -0.155063 -0.607105 -0.288938
v -0.155063 -0.607105 -0.288938
v -0.16885 -0.530089 -0.300902
v -0.0249316 -0.530051 -0.345022
v -0.181064 -0.654728 -0.317296
v -0.155063 -0.607105 -0.288938
v -0.0276536 -0.607045 -0.330649
v -0.0276536 -0.607045 -0.330649
v -0.0227236 -0.639315 -0.35976
v -0.181064 -0.654728 -0.317296
v 0.0997574 -0.607105 -0.288938
v 0.135616 -0.639352 -0.317296
v -0.0227236 -0.639315 -0.35976
v -0.0227236 -0.639315 -0.35976
v -0.0276536 -0.607045 -0.330649
v 0.0997574 -0.607105 -0.288938
v 0.135616 -0.639352 -0.317296
v 0.0997574 -0.607105 -0.288938
v 0.193028 -0.607266 -0.174986
v 0.193028 -0.607266 -0.174986
v 0.25153 -0.674746 -0.178929
v 0.135616 -0.639352 -0.317296
v 0.25153 -0.674746 -0.178929
v 0.193028 -0.607266 -0.174986
v 0.227168 -0.607485 -0.0326993
v 0.227168 -0.607485 -0.0326993
v 0.293957 -0.68712 -0.0236033
v 0.25153 -0.674746 -0.178929
v 0.193028 -0.607705 0.0955217
v 0.25153 -0.687254 0.121666
v 0.293957 -0.68712 -0.0236033
v 0.293957 -0.68712 -0.0236033
v 0.227168 -0.607485 -0.0326993
v 0.193028 -0.607705 0.0955217
v 0.25153 -0.687254 0.121666
v 0.193028 -0.607705 0.0955217
v 0.0997573 -0.607867 0.20805
v 0.0997573 -0.607867 0.20805
v 0.135616 -0.687352 0.249097
v 0.25153 -0.687254 0.121666
v -0.0227236 -0.687387 0.287511
v 0.135616 -0.687352 0.249097
v 0.0997573 -0.607867 0.20805
v 0.0997573 -0.607867 0.20805
v -0.0276536 -0.607924 0.243096
v -0.0227236 -0.687387 0.287511
v -0.0227236 -0.687387 0.287511
v -0.0276536 -0.607924 0.243096
v -0.155063 -0.607867 0.20805
v -0.155063 -0.607867 0.20805
v -0.181064 -0.687352 0.249097
v -0.0227236 -0.687387 0.287511
v -0.248334 -0.607705 0.0955217
v -0.296976 -0.687254 0.121666
v -0.181064 -0.687352 0.249097
v -0.181064 -0.687352 0.249097
v -0.155063 -0.607867 0.20805
v -0.248334 -0.607705 0.0955217
v -0.248334 -0.607705 0.0955217
v -0.282474 -0.607485 -0.0326993
v -0.339404 -0.68712 -0.0236034
v -0.339404 -0.68712 -0.0236034
v -0.296976 -0.687254 0.121666
v -0.248334 -0.607705 0.0955217
v -0.31179 -0.690123 -0.178929
v -0.339404 -0.68712 -0.0236034
v -0.282474 -0.607485 -0.0326993
v -0.282474 -0.607485 -0.0326993
v -0.248334 -0.607266 -0.174986
v -0.31179 -0.690123 -0.178929
v -0.31179 -0.690123 -0.178929
v -0.248334 -0.607266 -0.174986
v -0.155063 -0.607105 -0.288938
v -0.155063 -0.607105 -0.288938
v -0.181064 -0.654728 -0.317296
v -0.31179 -0.690123 -0.178929
v -0.300343 -0.952236 -0.522209
v -0.302592 -0.893977 -0.535121
v -0.183353 -0.798995 -0.730498
v -0.183353 -0.798995 -0.730498
v -0.182647 -0.94949 -0.683111
v -0.300343 -0.952236 -0.522209
v -0.344639 -0.952326 -0.333794
v -0.347242 -0.910916 -0.346234
v -0.302592 -0.893977 -0.535121
v -0.302592 -0.893977 -0.535121
v -0.300343 -0.952236 -0.522209
v -0.344639 -0.952326 -0.333794
v -0.347242 -0.910916 -0.346234
v -0.344639 -0.952326 -0.333794
v -0.344146 -0.947055 -0.174772
v -0.344146 -0.947055 -0.174772
v -0.336962 -0.883842 -0.164499
v -0.347242 -0.910916 -0.346234
v -0.344146 -0.947055 -0.174772
v -0.343423 -0.947076 -0.0105584
v -0.341058 -0.880307 -0.0121694
v -0.341058 -0.880307 -0.0121694
v -0.336962 -0.883842 -0.164499
v -0.344146 -0.947055 -0.174772
v -0.300344 -0.947076 0.13491
v -0.29799 -0.880307 0.141765
v -0.341058 -0.880307 -0.0121694
v -0.341058 -0.880307 -0.0121694
v -0.343423 -0.947076 -0.0105584
v -0.300344 -0.947076 0.13491
v -0.29799 -0.880307 0.141765
v -0.300344 -0.947076 0.13491
v -0.182648 -0.947076 0.283888
v -0.182648 -0.947076 0.283888
v -0.180326 -0.880307 0.279336
v -0.29799 -0.880307 0.141765
v -0.182648 -0.947076 0.283888
v -0.0218675 -0.947076 0.322308
v -0.0195915 -0.880307 0.316372
v -0.0195915 -0.880307 0.316372
v -0.180326 -0.880307 0.279336
v -0.182648 -0.947076 0.283888
v -0.0195915 -0.880307 0.316372
v -0.0218675 -0.947076 0.322308
v 0.138909 -0.947076 0.283888
v 0.138909 -0.947076 0.283888
v 0.141142 -0.880307 0.279336
v -0.0195915 -0.880307 0.316372
v 0.141142 -0.880307 0.279336
v 0.138909 -0.947076 0.283888
v 0.256606 -0.947076 0.13491
v 0.256606 -0.947076 0.13491
v 0.258807 -0.880307 0.141765
v 0.141142 -0.880307 0.279336
v 0.256606 -0.947076 0.13491
v 0.299686 -0.947076 -0.0105583
v 0.301875 -0.880307 -0.0121693
v 0.301875 -0.880307 -0.0121693
v 0.258807 -0.880307 0.141765
v 0.256606 -0.947076 0.13491
v 0.301875 -0.880307 -0.0121693
v 0.299686 -0.947076 -0.0105583
v 0.256606 -0.947048 -0.174772
v 0.256606 -0.947048 -0.174772
v 0.258807 -0.870289 -0.164499
v 0.301875 -0.880307 -0.0121693
v 0.301273 -0.949302 -0.333794
v 0.298747 -0.883988 -0.339447
v 0.258807 -0.870289 -0.164499
v 0.258807 -0.870289 -0.164499
v 0.256606 -0.947048 -0.174772
v 0.301273 -0.949302 -0.333794
v 0.261661 -0.856992 -0.661417
v 0.298747 -0.883988 -0.339447
v 0.301273 -0.949302 -0.333794
v 0.301273 -0.949302 -0.333794
v 0.256607 -0.950763 -0.633996
v 0.261661 -0.856992 -0.661417
v 0.261661 -0.856992 -0.661417
v 0.256607 -0.950763 -0.633996
v 0.13891 -0.948608 -0.78506
v 0.13891 -0.948608 -0.78506
v 0.14242 -0.76915 -0.826236
v 0.261661 -0.856992 -0.661417
v -0.0218674 -0.947666 -0.783441
v -0.0204664 -0.760769 -0.82323
v 0.14242 -0.76915 -0.826236
v 0.14242 -0.76915 -0.826236
v 0.13891 -0.948608 -0.78506
v -0.0218674 -0.947666 -0.783441
v -0.0204664 -0.760769 -0.82323
v -0.0218674 -0.947666 -0.783441
v -0.182647 -0.94949 -0.683111
v -0.182647 -0.94949 -0.683111
v -0.183353 -0.798995 -0.730498
v -0.0204664 -0.760769 -0.82323
v -0.360469 -0.999961 -0.176213
v -0.344146 -0.947055 -0.174772
v -0.0230585 -0.947104 -0.174722
v -0.0230585 -0.947104 -0.174722
v -0.0230585 -1.00004 -0.176205
v -0.360469 -0.999961 -0.176213
v 0.265584 -0.999961 -0.176213
v -0.0230585 -1.00004 -0.176205
v -0.0230585 -0.947104 -0.174722
v -0.0230585 -0.947104 -0.174722
v 0.256606 -0.947048 -0.174772
v 0.265584 -0.999961 -0.176213
v -0.326571 -0.814876 -0.276228
v -0.331713 -0.835562 -0.23219
v -0.329067 -0.84061 -0.167358
v -0.329067 -0.84061 -0.167358
v -0.30433 -0.779104 -0.170303
v -0.326571 -0.814876 -0.276228
v -0.211558 -0.725865 -0.418256
v -0.326571 -0.814876 -0.276228
v -0.30433 -0.779104 -0.170303
v -0.30433 -0.779104 -0.170303
v -0.178608 -0.703662 -0.333697
v -0.211558 -0.725865 -0.418256
v -0.0158745 -0.681313 -0.451798
v -0.211558 -0.725865 -0.418256
v -0.178608 -0.703662 -0.333697
v -0.178608 -0.703662 -0.333697
v -0.0162165 -0.672241 -0.368688
v -0.0158745 -0.681313 -0.451798
v 0.146173 -0.672241 -0.333697
v 0.165712 -0.693853 -0.413764
v -0.0158745 -0.681313 -0.451798
v -0.0158745 -0.681313 -0.451798
v -0.0162165 -0.672241 -0.368688
v 0.146173 -0.672241 -0.333697
v 0.242728 -0.75653 -0.151502
v 0.26876 -0.76533 -0.267002
v 0.165712 -0.693853 -0.413764
v 0.165712 -0.693853 -0.413764
v 0.146173 -0.672241 -0.333697
v 0.242728 -0.75653 -0.151502
v 0.257832 -0.819109 -0.167361
v 0.267069 -0.80958 -0.217179
v 0.26876 -0.76533 -0.267002
v 0.26876 -0.76533 -0.267002
v 0.242728 -0.75653 -0.151502
v 0.257832 -0.819109 -0.167361
v -0.326288 -0.844234 -0.0130394
v -0.335923 -0.83572 -0.0149464
v -0.329067 -0.84061 -0.167358
v -0.329067 -0.84061 -0.167358
v -0.319905 -0.848818 -0.159752
v -0.326288 -0.844234 -0.0130394
v -0.285033 -0.844234 0.133389
v -0.293294 -0.835695 0.137071
v -0.335923 -0.83572 -0.0149464
v -0.335923 -0.83572 -0.0149464
v -0.326288 -0.844234 -0.0130394
v -0.285033 -0.844234 0.133389
v -0.176828 -0.835674 0.27282
v -0.293294 -0.835695 0.137071
v -0.285033 -0.844234 0.133389
v -0.285033 -0.844234 0.133389
v -0.172325 -0.844234 0.264797
v -0.176828 -0.835674 0.27282
v -0.172325 -0.844234 0.264797
v -0.0183586 -0.844234 0.301085
v -0.0177306 -0.835669 0.310404
v -0.0177306 -0.835669 0.310404
v -0.176828 -0.835674 0.27282
v -0.172325 -0.844234 0.264797
v 0.135606 -0.844234 0.264797
v 0.141365 -0.835674 0.27282
v -0.0177306 -0.835669 0.310404
v -0.0177306 -0.835669 0.310404
v -0.0183586 -0.844234 0.301085
v 0.135606 -0.844234 0.264797
v 0.248316 -0.844234 0.133389
v 0.257832 -0.835695 0.137071
v 0.141365 -0.835674 0.27282
v 0.141365 -0.835674 0.27282
v 0.135606 -0.844234 0.264797
v 0.248316 -0.844234 0.133389
v 0.28957 -0.844234 -0.0130393
v 0.300462 -0.83572 -0.0149463
v 0.257832 -0.835695 0.137071
v 0.257832 -0.835695 0.137071
v 0.248316 -0.844234 0.133389
v 0.28957 -0.844234 -0.0130393
v 0.248316 -0.828739 -0.159752
v 0.257832 -0.819109 -0.167361
v 0.300462 -0.83572 -0.0149463
v 0.300462 -0.83572 -0.0149463
v 0.28957 -0.844234 -0.0130393
v 0.248316 -0.828739 -0.159752
v 0.259983 -0.821591 -0.219071
v 0.267069 -0.80958 -0.217179
v 0.257832 -0.819109 -0.167361
v 0.257832 -0.819109 -0.167361
v 0.248316 -0.828739 -0.159752
v 0.259983 -0.821591 -0.219071
v -0.331713 -0.835562 -0.23219
v -0.326571 -0.814876 -0.276228
v -0.317863 -0.823171 -0.273143
v -0.317863 -0.823171 -0.273143
v -0.323144 -0.846793 -0.232854
v -0.331713 -0.835562 -0.23219
v -0.347242 -0.910916 -0.346234
v -0.336962 -0.883842 -0.164499
v -0.319905 -0.848818 -0.159752
v -0.319905 -0.848818 -0.159752
v -0.323144 -0.846793 -0.232854
v -0.347242 -0.910916 -0.346234
v -0.336962 -0.883842 -0.164499
v -0.341058 -0.880307 -0.0121694
v -0.326288 -0.844234 -0.0130394
v -0.326288 -0.844234 -0.0130394
v -0.319905 -0.848818 -0.159752
v -0.336962 -0.883842 -0.164499
v -0.29799 -0.880307 0.141765
v -0.285033 -0.844234 0.133389
v -0.326288 -0.844234 -0.0130394
v -0.326288 -0.844234 -0.0130394
v -0.341058 -0.880307 -0.0121694
v -0.29799 -0.880307 0.141765
v -0.180326 -0.880307 0.279336
v -0.172325 -0.844234 0.264797
v -0.285033 -0.844234 0.133389
v -0.285033 -0.844234 0.133389
v -0.29799 -0.880307 0.141765
v -0.180326 -0.880307 0.279336
v -0.172325 -0.844234 0.264797
v -0.180326 -0.880307 0.279336
v -0.0195915 -0.880307 0.316372
v -0.0195915 -0.880307 0.316372
v -0.0183586 -0.844234 0.301085
v -0.172325 -0.844234 0.264797
v 0.141142 -0.880307 0.279336
v 0.135606 -0.844234 0.264797
v -0.0183586 -0.844234 0.301085
v -0.0183586 -0.844234 0.301085
v -0.0195915 -0.880307 0.316372
v 0.141142 -0.880307 0.279336
v 0.141142 -0.880307 0.279336
v 0.258807 -0.880307 0.141765
v 0.248316 -0.844234 0.133389
v 0.248316 -0.844234 0.133389
v 0.135606 -0.844234 0.264797
v 0.141142 -0.880307 0.279336
v 0.28957 -0.844234 -0.0130393
v 0.248316 -0.844234 0.133389
v 0.258807 -0.880307 0.141765
v 0.258807 -0.880307 0.141765
v 0.301875 -0.880307 -0.0121693
v 0.28957 -0.844234 -0.0130393
v 0.248316 -0.828739 -0.159752
v 0.28957 -0.844234 -0.0130393
v 0.301875 -0.880307 -0.0121693
v 0.301875 -0.880307 -0.0121693
v 0.258807 -0.870289 -0.164499
v 0.248316 -0.828739 -0.159752
v 0.259983 -0.821591 -0.219071
v 0.248316 -0.828739 -0.159752
v 0.258807 -0.870289 -0.164499
v 0.258807 -0.870289 -0.164499
v 0.298747 -0.883988 -0.339447
v 0.259983 -0.821591 -0.219071
v 0.260023 -0.774135 -0.263539
v 0.259983 -0.821591 -0.219071
v 0.298747 -0.883988 -0.339447
v 0.298747 -0.883988 -0.339447
v 0.282543 -0.787376 -0.347808
v 0.260023 -0.774135 -0.263539
v 0.260023 -0.774135 -0.263539
v 0.282543 -0.787376 -0.347808
v 0.176602 -0.721359 -0.489332
v 0.176602 -0.721359 -0.489332
v 0.160135 -0.705496 -0.404956
v 0.260023 -0.774135 -0.263539
v 0.160135 -0.705496 -0.404956
v 0.176602 -0.721359 -0.489332
v -0.0166565 -0.698494 -0.527454
v -0.0166565 -0.698494 -0.527454
v -0.0164675 -0.692446 -0.441734
v 0.160135 -0.705496 -0.404956
v -0.235607 -0.751692 -0.497527
v -0.207735 -0.736296 -0.409634
v -0.0164675 -0.692446 -0.441734
v -0.0164675 -0.692446 -0.441734
v -0.0166565 -0.698494 -0.527454
v -0.235607 -0.751692 -0.497527
v -0.317863 -0.823171 -0.273143
v -0.207735 -0.736296 -0.409634
v -0.235607 -0.751692 -0.497527
v -0.235607 -0.751692 -0.497527
v -0.338623 -0.849662 -0.364636
v -0.317863 -0.823171 -0.273143
v -0.338623 -0.849662 -0.364636
v -0.347242 -0.910916 -0.346234
v -0.323144 -0.846793 -0.232854
v -0.323144 -0.846793 -0.232854
v -0.317863 -0.823171 -0.273143
v -0.338623 -0.849662 -0.364636
v -0.0223516 -0.460247 -0.358674
v -0.0223346 -0.456567 -0.337268
v -0.152601 -0.456583 -0.293803
v -0.152601 -0.456583 -0.293803
v -0.164773 -0.459768 -0.311522
v -0.0223516 -0.460247 -0.358674
v -0.152601 -0.456583 -0.293803
v -0.247962 -0.456626 -0.175051
v -0.164773 -0.459768 -0.311522
v 0.107932 -0.456583 -0.293803
v -0.0223346 -0.456567 -0.337268
v -0.0223516 -0.460247 -0.358674
v -0.0223516 -0.460247 -0.358674
v 0.114583 -0.460364 -0.315197
v 0.107932 -0.456583 -0.293803
v 0.114583 -0.460364 -0.315197
v 0.127276 -0.246371 -0.351969
v 0.12087 -0.241492 -0.330754
v 0.12087 -0.241492 -0.330754
v 0.107932 -0.456583 -0.293803
v 0.114583 -0.460364 -0.315197
v -0.309758 0.048 -0.259588
v -0.184708 0.0474801 -0.401605
v -0.196278 0.0419091 -0.41922
v -0.0134377 0.0384331 -0.472367
v -0.0134228 0.0443001 -0.451304
v 0.157836 0.0474802 -0.401565
v 0.157836 0.0474802 -0.401565
v 0.163998 0.0415022 -0.422601
v -0.0134377 0.0384331 -0.472367
v 0.157836 0.0474802 -0.401565
v 0.12087 -0.241492 -0.330754
v 0.127276 -0.246371 -0.351969
v 0.127276 -0.246371 -0.351969
v 0.163998 0.0415022 -0.422601
v 0.157836 0.0474802 -0.401565
v -0.184708 0.0474801 -0.401605
v -0.0134228 0.0443001 -0.451304
v -0.0134377 0.0384331 -0.472367
v -0.0134377 0.0384331 -0.472367
v -0.196278 0.0419091 -0.41922
v -0.184708 0.0474801 -0.401605
v 0.0478733 -0.250059 -0.419925
v 0.0547752 -0.145753 -0.437012
v 0.169632 -0.147425 -0.396598
v 0.169632 -0.147425 -0.396598
v 0.154351 -0.247725 -0.366171
v 0.0478733 -0.250059 -0.419925
v 0.0547752 -0.145753 -0.437012
v 0.0408413 -0.13918 -0.402517
v 0.148064 -0.135458 -0.367982
v 0.148064 -0.135458 -0.367982
v 0.169632 -0.147425 -0.396598
v 0.0547752 -0.145753 -0.437012
v 0.0339393 -0.243486 -0.38543
v 0.132783 -0.235758 -0.337555
v 0.148064 -0.135458 -0.367982
v 0.148064 -0.135458 -0.367982
v 0.0408413 -0.13918 -0.402517
v 0.0339393 -0.243486 -0.38543
v 0.132783 -0.235758 -0.337555
v 0.0339393 -0.243486 -0.38543
v 0.0478733 -0.250059 -0.419925
v 0.0478733 -0.250059 -0.419925
v 0.154351 -0.247725 -0.366171
v 0.132783 -0.235758 -0.337555
v -0.124626 -0.211604 -0.409878
v -0.118741 -0.205951 -0.372992
v -0.116467 -0.171578 -0.378622
v -0.116467 -0.171578 -0.378622
v -0.122351 -0.177231 -0.415509
v -0.124626 -0.211604 -0.409878
v 0.132783 -0.235758 -0.337555
v 0.154351 -0.247725 -0.366171
v 0.169632 -0.147425 -0.396598
v 0.169632 -0.147425 -0.396598
v 0.148064 -0.135458 -0.367982
v 0.132783 -0.235758 -0.337555
v -0.0512647 -0.152019 -0.4066
v 0.0408413 -0.13918 -0.402517
v 0.0547752 -0.145753 -0.437012
v 0.0547752 -0.145753 -0.437012
v -0.0373307 -0.158592 -0.441095
v -0.0512647 -0.152019 -0.4066
v 0.0408413 -0.13918 -0.402517
v -0.0512647 -0.152019 -0.4066
v -0.0564667 -0.230647 -0.39372
v -0.0564667 -0.230647 -0.39372
v 0.0339393 -0.243486 -0.38543
v 0.0408413 -0.13918 -0.402517
v 0.0478733 -0.250059 -0.419925
v 0.0339393 -0.243486 -0.38543
v -0.0564667 -0.230647 -0.39372
v -0.0564667 -0.230647 -0.39372
v -0.0425337 -0.23722 -0.428214
v 0.0478733 -0.250059 -0.419925
v -0.0373307 -0.158592 -0.441095
v 0.0547752 -0.145753 -0.437012
v 0.0478733 -0.250059 -0.419925
v 0.0478733 -0.250059 -0.419925
v -0.0425337 -0.23722 -0.428214
v -0.0373307 -0.158592 -0.441095
v -0.0373307 -0.158592 -0.441095
v -0.122351 -0.177231 -0.415509
v -0.116467 -0.171578 -0.378622
v -0.116467 -0.171578 -0.378622
v -0.0512647 -0.152019 -0.4066
v -0.0373307 -0.158592 -0.441095
v -0.0512647 -0.152019 -0.4066
v -0.116467 -0.171578 -0.378622
v -0.118741 -0.205951 -0.372992
v -0.118741 -0.205951 -0.372992
v -0.0564667 -0.230647 -0.39372
v -0.0512647 -0.152019 -0.4066
v -0.0425337 -0.23722 -0.428214
v -0.0564667 -0.230647 -0.39372
v -0.118741 -0.205951 -0.372992
v -0.118741 -0.205951 -0.372992
v -0.124626 -0.211604 -0.409878
v -0.0425337 -0.23722 -0.428214
v -0.0373307 -0.158592 -0.441095
v -0.0425337 -0.23722 -0.428214
v -0.124626 -0.211604 -0.409878
v -0.124626 -0.211604 -0.409878
v -0.122351 -0.177231 -0.415509
v -0.0373307 -0.158592 -0.441095

vn -0.923152 -0.0529093 -0.380777
vn -0.936549 0.0870667 -0.339551
vn -0.998393 0.0563236 0.00626488
vn -0.998393 0.0563236 0.00626488
vn -0.998226 -0.0595374 0.00116588
vn -0.923152 -0.0529093 -0.380777
vn -0.847525 0.0728147 0.525738
vn -0.998226 -0.0595374 0.00116588
vn -0.998393 0.0563236 0.00626488
vn -0.998393 0.0563236 0.00626488
vn -0.894237 0.0243397 0.446932
vn -0.847525 0.0728147 0.525738
vn -0.894237 0.0243397 0.446932
vn -0.555139 -0.0704852 0.828766
vn -0.529854 0.177056 0.829401
vn -0.529854 0.177056 0.829401
vn -0.847525 0.0728147 0.525738
vn -0.894237 0.0243397 0.446932
vn 0.0148049 -0.166677 0.985901
vn -0.0129762 0.229827 0.973145
vn -0.529854 0.177056 0.829401
vn -0.529854 0.177056 0.829401
vn -0.555139 -0.0704852 0.828766
vn 0.0148049 -0.166677 0.985901
vn 0.558995 -0.137234 0.817736
vn 0.464515 0.209623 0.860397
vn -0.0129762 0.229827 0.973145
vn -0.0129762 0.229827 0.973145
vn 0.0148049 -0.166677 0.985901
vn 0.558995 -0.137234 0.817736
vn 0.464515 0.209623 0.860397
vn 0.558995 -0.137234 0.817736
vn 0.886272 -0.0819887 0.455851
vn 0.886272 -0.0819887 0.455851
vn 0.867105 0.0521333 0.49539
vn 0.464515 0.209623 0.860397
vn 0.867105 0.0521333 0.49539
vn 0.886272 -0.0819887 0.455851
vn 0.998947 -0.0402996 -0.0219139
vn 0.998947 -0.0402996 -0.0219139
vn 0.98638 -0.160958 -0.0338759
vn 0.867105 0.0521333 0.49539
vn 0.998947 -0.0402996 -0.0219139
vn 0.884799 0.0217523 -0.465464
vn 0.86867 -0.136012 -0.476354
vn 0.86867 -0.136012 -0.476354
vn 0.98638 -0.160958 -0.0338759
vn 0.998947 -0.0402996 -0.0219139
vn 0.65452 0.0805832 -0.751738
vn 0.645586 -0.0121398 -0.763592
vn 0.86867 -0.136012 -0.476354
vn 0.86867 -0.136012 -0.476354
vn 0.884799 0.0217523 -0.465464
vn 0.65452 0.0805832 -0.751738
vn 0.0375081 -0.083326 -0.995816
vn 0.340603 -0.0568259 -0.938488
vn 0.291136 0.132623 -0.947444
vn 0.291136 0.132623 -0.947444
vn 0.00225508 0.098375 -0.995147
vn 0.0375081 -0.083326 -0.995816
vn -0.274581 -0.0911401 -0.957235
vn -0.274129 0.148616 -0.95014
vn -0.531926 0.193418 -0.824405
vn -0.531926 0.193418 -0.824405
vn -0.550887 -0.0320552 -0.833964
vn -0.274581 -0.0911401 -0.957235
vn -0.771483 0.170901 -0.612868
vn -0.765919 0.00315771 -0.642929
vn -0.550887 -0.0320552 -0.833964
vn -0.550887 -0.0320552 -0.833964
vn -0.531926 0.193418 -0.824405
vn -0.771483 0.170901 -0.612868
vn 0.872506 -0.286039 -0.396125
vn 0.600699 -0.409472 -0.686654
vn 0.646969 -0.257863 -0.717591
vn 0.646969 -0.257863 -0.717591
vn 0.894454 -0.0896597 -0.438078
vn 0.872506 -0.286039 -0.396125
vn 0.982987 -0.183365 -0.0107039
vn 0.872506 -0.286039 -0.396125
vn 0.894454 -0.0896597 -0.438078
vn 0.894454 -0.0896597 -0.438078
vn 0.998683 0.0401804 0.0318961
vn 0.982987 -0.183365 -0.0107039
vn 0.867756 0.0540083 0.494047
vn 0.853816 -0.11756 0.507127
vn 0.982987 -0.183365 -0.0107039
vn 0.982987 -0.183365 -0.0107039
vn 0.998683 0.0401804 0.0318961
vn 0.867756 0.0540083 0.494047
vn 0.545098 0.0333512 0.837709
vn 0.545682 -0.142307 0.82582
vn 0.853816 -0.11756 0.507127
vn 0.853816 -0.11756 0.507127
vn 0.867756 0.0540083 0.494047
vn 0.545098 0.0333512 0.837709
vn 0.0122779 0.025257 0.999606
vn 0.044464 -0.218137 0.974905
vn 0.545682 -0.142307 0.82582
vn 0.545682 -0.142307 0.82582
vn 0.545098 0.0333512 0.837709
vn 0.0122779 0.025257 0.999606
vn 0.044464 -0.218137 0.974905
vn 0.0122779 0.025257 0.999606
vn -0.514121 0.00181681 0.857716
vn -0.514121 0.00181681 0.857716
vn -0.474464 -0.246746 0.844985
vn 0.044464 -0.218137 0.974905
vn -0.777198 -0.294481 0.556098
vn -0.474464 -0.246746 0.844985
vn -0.514121 0.00181681 0.857716
vn -0.514121 0.00181681 0.857716
vn -0.858459 -0.0787393 0.506801
vn -0.777198 -0.294481 0.556098
vn -0.986197 -0.151076 0.0677559
vn -0.913215 -0.374939 0.15956
vn -0.777198 -0.294481 0.556098
vn -0.777198 -0.294481 0.556098
vn -0.858459 -0.0787393 0.506801
vn -0.986197 -0.151076 0.0677559
vn -0.902107 -0.374421 -0.214503
vn -0.913215 -0.374939 0.15956
vn -0.986197 -0.151076 0.0677559
vn -0.986197 -0.151076 0.0677559
vn -0.940288 -0.177981 -0.29014
vn -0.902107 -0.374421 -0.214503
vn -0.768419 -0.25349 -0.587601
vn -0.492517 -0.363521 -0.790747
vn -0.483764 -0.431771 -0.761279
vn -0.483764 -0.431771 -0.761279
vn -0.747929 -0.381663 -0.54308
vn -0.768419 -0.25349 -0.587601
vn -0.483764 -0.431771 -0.761279
vn -0.492517 -0.363521 -0.790747
vn -0.253041 -0.408219 -0.877113
vn -0.253041 -0.408219 -0.877113
vn -0.252112 -0.46121 -0.85072
vn -0.483764 -0.431771 -0.761279
vn 0.00517729 -0.482422 -0.875924
vn 0.00476126 -0.415475 -0.909592
vn 0.267891 -0.413847 -0.870038
vn 0.267891 -0.413847 -0.870038
vn 0.264819 -0.470706 -0.841609
vn 0.00517729 -0.482422 -0.875924
vn -0.462468 -0.192576 -0.86547
vn -0.757656 -0.191237 -0.624008
vn -0.771483 0.170901 -0.612868
vn -0.771483 0.170901 -0.612868
vn -0.531926 0.193418 -0.824405
vn -0.462468 -0.192576 -0.86547
vn -0.462468 -0.192576 -0.86547
vn -0.531926 0.193418 -0.824405
vn -0.274129 0.148616 -0.95014
vn -0.274129 0.148616 -0.95014
vn -0.238547 -0.16744 -0.956587
vn -0.462468 -0.192576 -0.86547
vn 0.291136 0.132623 -0.947444
vn 0.255246 -0.168904 -0.952009
vn 0.00197418 -0.160189 -0.987084
vn 0.00197418 -0.160189 -0.987084
vn 0.00225508 0.098375 -0.995147
vn 0.291136 0.132623 -0.947444
vn 0.903958 -0.115132 -0.411831
vn 0.635081 -0.162824 -0.75509
vn 0.65452 0.0805832 -0.751738
vn 0.65452 0.0805832 -0.751738
vn 0.884799 0.0217523 -0.465464
vn 0.903958 -0.115132 -0.411831
vn 0.998947 -0.0402996 -0.0219139
vn 0.997615 -0.0689766 0.00270612
vn 0.903958 -0.115132 -0.411831
vn 0.903958 -0.115132 -0.411831
vn 0.884799 0.0217523 -0.465464
vn 0.998947 -0.0402996 -0.0219139
vn 0.997615 -0.0689766 0.00270612
vn 0.998947 -0.0402996 -0.0219139
vn 0.886272 -0.0819887 0.455851
vn 0.886272 -0.0819887 0.455851
vn 0.886797 -0.113994 0.447881
vn 0.997615 -0.0689766 0.00270612
vn 0.558995 -0.137234 0.817736
vn 0.568791 -0.156421 0.807471
vn 0.886797 -0.113994 0.447881
vn 0.886797 -0.113994 0.447881
vn 0.886272 -0.0819887 0.455851
vn 0.558995 -0.137234 0.817736
vn 0.0148049 -0.166677 0.985901
vn 0.0400289 -0.149576 0.98794
vn 0.568791 -0.156421 0.807471
vn 0.568791 -0.156421 0.807471
vn 0.558995 -0.137234 0.817736
vn 0.0148049 -0.166677 0.985901
vn -0.555139 -0.0704852 0.828766
vn -0.519683 -0.119905 0.845904
vn 0.0400289 -0.149576 0.98794
vn 0.0400289 -0.149576 0.98794
vn 0.0148049 -0.166677 0.985901
vn -0.555139 -0.0704852 0.828766
vn -0.833047 -0.121722 0.539645
vn -0.519683 -0.119905 0.845904
vn -0.555139 -0.0704852 0.828766
vn -0.555139 -0.0704852 0.828766
vn -0.894237 0.0243397 0.446932
vn -0.833047 -0.121722 0.539645
vn -0.998393 0.0563236 0.00626488
vn -0.985613 -0.161859 0.0486629
vn -0.833047 -0.121722 0.539645
vn -0.833047 -0.121722 0.539645
vn -0.894237 0.0243397 0.446932
vn -0.998393 0.0563236 0.00626488
vn -0.936549 0.0870667 -0.339551
vn -0.93204 -0.176002 -0.316742
vn -0.985613 -0.161859 0.0486629
vn -0.985613 -0.161859 0.0486629
vn -0.998393 0.0563236 0.00626488
vn -0.936549 0.0870667 -0.339551
vn -0.757656 -0.191237 -0.624008
vn -0.462468 -0.192576 -0.86547
vn -0.492517 -0.363521 -0.790747
vn -0.492517 -0.363521 -0.790747
vn -0.768419 -0.25349 -0.587601
vn -0.757656 -0.191237 -0.624008
vn -0.238547 -0.16744 -0.956587
vn -0.253041 -0.408219 -0.877113
vn -0.492517 -0.363521 -0.790747
vn -0.492517 -0.363521 -0.790747
vn -0.462468 -0.192576 -0.86547
vn -0.238547 -0.16744 -0.956587
vn 0.267891 -0.413847 -0.870038
vn 0.00476126 -0.415475 -0.909592
vn 0.00197418 -0.160189 -0.987084
vn 0.00197418 -0.160189 -0.987084
vn 0.255246 -0.168904 -0.952009
vn 0.267891 -0.413847 -0.870038
vn 0.635081 -0.162824 -0.75509
vn 0.903958 -0.115132 -0.411831
vn 0.894454 -0.0896597 -0.438078
vn 0.894454 -0.0896597 -0.438078
vn 0.646969 -0.257863 -0.717591
vn 0.635081 -0.162824 -0.75509
vn 0.903958 -0.115132 -0.411831
vn 0.997615 -0.0689766 0.00270612
vn 0.998683 0.0401804 0.0318961
vn 0.998683 0.0401804 0.0318961
vn 0.894454 -0.0896597 -0.438078
vn 0.903958 -0.115132 -0.411831
vn 0.867756 0.0540083 0.494047
vn 0.998683 0.0401804 0.0318961
vn 0.997615 -0.0689766 0.00270612
vn 0.997615 -0.0689766 0.00270612
vn 0.886797 -0.113994 0.447881
vn 0.867756 0.0540083 0.494047
vn 0.867756 0.0540083 0.494047
vn 0.886797 -0.113994 0.447881
vn 0.568791 -0.156421 0.807471
vn 0.568791 -0.156421 0.807471
vn 0.545098 0.0333512 0.837709
vn 0.867756 0.0540083 0.494047
vn 0.545098 0.0333512 0.837709
vn 0.568791 -0.156421 0.807471
vn 0.0400289 -0.149576 0.98794
vn 0.0400289 -0.149576 0.98794
vn 0.0122779 0.025257 0.999606
vn 0.545098 0.0333512 0.837709
vn -0.519683 -0.119905 0.845904
vn -0.514121 0.00181681 0.857716
vn 0.0122779 0.025257 0.999606
vn 0.0122779 0.025257 0.999606
vn 0.0400289 -0.149576 0.98794
vn -0.519683 -0.119905 0.845904
vn -0.833047 -0.121722 0.539645
vn -0.858459 -0.0787393 0.506801
vn -0.514121 0.00181681 0.857716
vn -0.514121 0.00181681 0.857716
vn -0.519683 -0.119905 0.845904
vn -0.833047 -0.121722 0.539645
vn -0.986197 -0.151076 0.0677559
vn -0.858459 -0.0787393 0.506801
vn -0.833047 -0.121722 0.539645
vn -0.833047 -0.121722 0.539645
vn -0.985613 -0.161859 0.0486629
vn -0.986197 -0.151076 0.0677559
vn -0.986197 -0.151076 0.0677559
vn -0.985613 -0.161859 0.0486629
vn -0.93204 -0.176002 -0.316742
vn -0.93204 -0.176002 -0.316742
vn -0.940288 -0.177981 -0.29014
vn -0.986197 -0.151076 0.0677559
vn 0.0388844 -0.99699 0.06708
vn -0.00438963 -0.999941 -0.009976
vn 0.0612404 -0.997037 0.04656
vn 0.0829244 -0.996475 -0.012685
vn 0.0795744 -0.996696 0.016289
vn -0.00438963 -0.999941 -0.009976
vn 0.0701504 -0.996512 -0.045209
vn 0.0829244 -0.996475 -0.012685
vn -0.00438963 -0.999941 -0.009976
vn 0.0701504 -0.996512 -0.045209
vn -0.00438963 -0.999941 -0.009976
vn 0.0397494 -0.996639 -0.071635
vn -0.00250062 -0.996685 -0.081314
vn 0.0397494 -0.996639 -0.071635
vn -0.00438963 -0.999941 -0.009976
vn -0.0434196 -0.99658 -0.070314
vn -0.00250062 -0.996685 -0.081314
vn -0.00438963 -0.999941 -0.009976
vn -0.0707606 -0.996744 -0.038653
vn -0.0434196 -0.99658 -0.070314
vn -0.00438963 -0.999941 -0.009976
vn -0.0821166 -0.996623 0.00022599
vn -0.0707606 -0.996744 -0.038653
vn -0.00438963 -0.999941 -0.009976
vn -0.0708036 -0.996784 0.037536
vn -0.0821166 -0.996623 0.00022599
vn -0.00438963 -0.999941 -0.009976
vn -0.0500126 -0.996852 0.061523
vn -0.0708036 -0.996784 0.037536
vn -0.00438963 -0.999941 -0.009976
vn -0.000810638 -0.997043 0.076845
vn -0.0232706 -0.996905 0.075087
vn -0.00438963 -0.999941 -0.009976
vn 0.0388844 -0.99699 0.06708
vn 0.0211014 -0.996933 0.075367
vn -0.00438963 -0.999941 -0.009976
vn -0.648665 0.621207 0.4397
vn -0.461018 0.557839 0.690129
vn -0.584609 0.114349 0.803217
vn -0.584609 0.114349 0.803217
vn -0.805235 0.208008 0.555274
vn -0.648665 0.621207 0.4397
vn -0.168348 0.458393 0.872659
vn -0.0505411 0.00559298 0.998706
vn -0.584609 0.114349 0.803217
vn -0.584609 0.114349 0.803217
vn -0.461018 0.557839 0.690129
vn -0.168348 0.458393 0.872659
vn 0.584593 -0.00983578 0.811267
vn -0.0505411 0.00559298 0.998706
vn -0.168348 0.458393 0.872659
vn -0.168348 0.458393 0.872659
vn 0.330406 0.482217 0.811356
vn 0.584593 -0.00983578 0.811267
vn 0.871055 0.0735723 0.485645
vn 0.584593 -0.00983578 0.811267
vn 0.330406 0.482217 0.811356
vn 0.330406 0.482217 0.811356
vn 0.706957 0.449411 0.546115
vn 0.871055 0.0735723 0.485645
vn 0.998699 0.0467384 -0.0204179
vn 0.871055 0.0735723 0.485645
vn 0.706957 0.449411 0.546115
vn 0.706957 0.449411 0.546115
vn 0.891426 0.453166 0.000113107
vn 0.998699 0.0467384 -0.0204179
vn 0.851851 -0.219248 -0.47569
vn 0.998699 0.0467384 -0.0204179
vn 0.891426 0.453166 0.000113107
vn 0.891426 0.453166 0.000113107
vn 0.759904 0.363801 -0.538698
vn 0.851851 -0.219248 -0.47569
vn 0.851851 -0.219248 -0.47569
vn 0.759904 0.363801 -0.538698
vn 0.309757 0.504634 -0.805851
vn 0.309757 0.504634 -0.805851
vn 0.559513 -0.183074 -0.808349
vn 0.851851 -0.219248 -0.47569
vn -0.0429051 0.615981 -0.786592
vn -0.167141 0.614456 -0.771044
vn -0.06037 0.192387 -0.97946
vn -0.06037 0.192387 -0.97946
vn 0.16392 0.1199 -0.97916
vn -0.0429051 0.615981 -0.786592
vn -0.532732 0.269423 -0.802251
vn -0.302834 0.21902 -0.927535
vn -0.309513 0.640029 -0.703253
vn -0.309513 0.640029 -0.703253
vn -0.413422 0.682122 -0.603152
vn -0.532732 0.269423 -0.802251
vn -0.532732 0.269423 -0.802251
vn -0.413422 0.682122 -0.603152
vn -0.514426 0.702691 -0.491518
vn -0.514426 0.702691 -0.491518
vn -0.676918 0.281276 -0.680196
vn -0.532732 0.269423 -0.802251
vn -0.966383 0.253626 0.0421629
vn -0.861045 0.240953 -0.447819
vn -0.677342 0.668992 -0.306035
vn -0.677342 0.668992 -0.306035
vn -0.753533 0.65651 0.0343759
vn -0.966383 0.253626 0.0421629
vn -0.805235 0.208008 0.555274
vn -0.966383 0.253626 0.0421629
vn -0.753533 0.65651 0.0343759
vn -0.753533 0.65651 0.0343759
vn -0.648665 0.621207 0.4397
vn -0.805235 0.208008 0.555274
vn 0.0612404 -0.997037 0.04656
vn -0.00438963 -0.999941 -0.009976
vn 0.0795744 -0.996696 0.016289
vn -0.902107 -0.374421 -0.214503
vn -0.940288 -0.177981 -0.29014
vn -0.768419 -0.25349 -0.587601
vn -0.768419 -0.25349 -0.587601
vn -0.747929 -0.381663 -0.54308
vn -0.902107 -0.374421 -0.214503
vn -0.940288 -0.177981 -0.29014
vn -0.93204 -0.176002 -0.316742
vn -0.757656 -0.191237 -0.624008
vn -0.757656 -0.191237 -0.624008
vn -0.768419 -0.25349 -0.587601
vn -0.940288 -0.177981 -0.29014
vn -0.93204 -0.176002 -0.316742
vn -0.936549 0.0870667 -0.339551
vn -0.771483 0.170901 -0.612868
vn -0.771483 0.170901 -0.612868
vn -0.757656 -0.191237 -0.624008
vn -0.93204 -0.176002 -0.316742
vn -0.771483 0.170901 -0.612868
vn -0.936549 0.0870667 -0.339551
vn -0.923152 -0.0529093 -0.380777
vn -0.923152 -0.0529093 -0.380777
vn -0.765919 0.00315771 -0.642929
vn -0.771483 0.170901 -0.612868
vn -0.676918 0.281276 -0.680196
vn -0.514426 0.702691 -0.491518
vn -0.677342 0.668992 -0.306035
vn -0.677342 0.668992 -0.306035
vn -0.861045 0.240953 -0.447819
vn -0.676918 0.281276 -0.680196
vn 0.98638 -0.160958 -0.0338759
vn 0.86867 -0.136012 -0.476354
vn 0.851456 -0.117001 -0.511209
vn 0.851456 -0.117001 -0.511209
vn 0.996155 -0.0875606 -0.00297288
vn 0.98638 -0.160958 -0.0338759
vn 0.98638 -0.160958 -0.0338759
vn 0.996155 -0.0875606 -0.00297288
vn 0.842135 0.0154663 0.539045
vn 0.842135 0.0154663 0.539045
vn 0.867105 0.0521333 0.49539
vn 0.98638 -0.160958 -0.0338759
vn 0.464515 0.209623 0.860397
vn 0.867105 0.0521333 0.49539
vn 0.842135 0.0154663 0.539045
vn 0.842135 0.0154663 0.539045
vn 0.484431 0.27728 0.829724
vn 0.464515 0.209623 0.860397
vn 0.464515 0.209623 0.860397
vn 0.484431 0.27728 0.829724
vn 0.0681959 -0.074062 0.994919
vn 0.0681959 -0.074062 0.994919
vn -0.0129762 0.229827 0.973145
vn 0.464515 0.209623 0.860397
vn -0.0129762 0.229827 0.973145
vn 0.0681959 -0.074062 0.994919
vn -0.529022 -0.110986 0.841319
vn -0.529022 -0.110986 0.841319
vn -0.529854 0.177056 0.829401
vn -0.0129762 0.229827 0.973145
vn -0.835601 -0.205781 0.509338
vn -0.847525 0.0728147 0.525738
vn -0.529854 0.177056 0.829401
vn -0.529854 0.177056 0.829401
vn -0.529022 -0.110986 0.841319
vn -0.835601 -0.205781 0.509338
vn -0.960165 -0.279375 -0.00573312
vn -0.998226 -0.0595374 0.00116588
vn -0.847525 0.0728147 0.525738
vn -0.847525 0.0728147 0.525738
vn -0.835601 -0.205781 0.509338
vn -0.960165 -0.279375 -0.00573312
vn -0.866059 -0.30865 -0.393292
vn -0.923152 -0.0529093 -0.380777
vn -0.998226 -0.0595374 0.00116588
vn -0.998226 -0.0595374 0.00116588
vn -0.960165 -0.279375 -0.00573312
vn -0.866059 -0.30865 -0.393292
vn -0.691156 -0.31404 -0.650908
vn -0.765919 0.00315771 -0.642929
vn -0.923152 -0.0529093 -0.380777
vn -0.923152 -0.0529093 -0.380777
vn -0.866059 -0.30865 -0.393292
vn -0.691156 -0.31404 -0.650908
vn -0.691156 -0.31404 -0.650908
vn -0.511532 -0.276588 -0.813532
vn -0.550887 -0.0320552 -0.833964
vn -0.550887 -0.0320552 -0.833964
vn -0.765919 0.00315771 -0.642929
vn -0.691156 -0.31404 -0.650908
vn -0.550887 -0.0320552 -0.833964
vn -0.511532 -0.276588 -0.813532
vn -0.235477 -0.227694 -0.944831
vn -0.235477 -0.227694 -0.944831
vn -0.274581 -0.0911401 -0.957235
vn -0.550887 -0.0320552 -0.833964
vn 0.340603 -0.0568259 -0.938488
vn 0.0375081 -0.083326 -0.995816
vn 0.12224 -0.223713 -0.966959
vn 0.12224 -0.223713 -0.966959
vn 0.385578 -0.153708 -0.909782
vn 0.340603 -0.0568259 -0.938488
vn 0.638246 -0.179038 -0.748724
vn 0.851456 -0.117001 -0.511209
vn 0.86867 -0.136012 -0.476354
vn 0.86867 -0.136012 -0.476354
vn 0.645586 -0.0121398 -0.763592
vn 0.638246 -0.179038 -0.748724
vn -0.691156 -0.31404 -0.650908
vn -0.717343 -0.00609127 -0.696693
vn -0.515761 0.0573068 -0.854814
vn -0.515761 0.0573068 -0.854814
vn -0.511532 -0.276588 -0.813532
vn -0.691156 -0.31404 -0.650908
vn -0.23957 0.0810919 -0.967487
vn -0.235477 -0.227694 -0.944831
vn -0.511532 -0.276588 -0.813532
vn -0.511532 -0.276588 -0.813532
vn -0.515761 0.0573068 -0.854814
vn -0.23957 0.0810919 -0.967487
vn 0.385578 -0.153708 -0.909782
vn 0.12224 -0.223713 -0.966959
vn 0.442345 -0.0960468 -0.891687
vn 0.851456 -0.117001 -0.511209
vn 0.638246 -0.179038 -0.748724
vn 0.645168 -0.0350108 -0.763238
vn 0.645168 -0.0350108 -0.763238
vn 0.863966 -0.0638277 -0.499488
vn 0.851456 -0.117001 -0.511209
vn 0.851456 -0.117001 -0.511209
vn 0.863966 -0.0638277 -0.499488
vn 0.991355 0.129043 -0.0237449
vn 0.991355 0.129043 -0.0237449
vn 0.996155 -0.0875606 -0.00297288
vn 0.851456 -0.117001 -0.511209
vn 0.870234 -0.0941437 0.483559
vn 0.842135 0.0154663 0.539045
vn 0.996155 -0.0875606 -0.00297288
vn 0.996155 -0.0875606 -0.00297288
vn 0.991355 0.129043 -0.0237449
vn 0.870234 -0.0941437 0.483559
vn 0.842135 0.0154663 0.539045
vn 0.870234 -0.0941437 0.483559
vn 0.619455 -0.153908 0.769797
vn 0.619455 -0.153908 0.769797
vn 0.484431 0.27728 0.829724
vn 0.842135 0.0154663 0.539045
vn 0.0681959 -0.074062 0.994919
vn 0.484431 0.27728 0.829724
vn 0.619455 -0.153908 0.769797
vn -0.835601 -0.205781 0.509338
vn -0.529022 -0.110986 0.841319
vn -0.487555 -0.0729842 0.870037
vn -0.487555 -0.0729842 0.870037
vn -0.820954 -0.0219313 0.570573
vn -0.835601 -0.205781 0.509338
vn -0.835601 -0.205781 0.509338
vn -0.820954 -0.0219313 0.570573
vn -0.999811 0.0191806 -0.00317212
vn -0.999811 0.0191806 -0.00317212
vn -0.960165 -0.279375 -0.00573312
vn -0.835601 -0.205781 0.509338
vn -0.999811 0.0191806 -0.00317212
vn -0.909427 -0.0151873 -0.415587
vn -0.866059 -0.30865 -0.393292
vn -0.866059 -0.30865 -0.393292
vn -0.960165 -0.279375 -0.00573312
vn -0.999811 0.0191806 -0.00317212
vn -0.717343 -0.00609127 -0.696693
vn -0.691156 -0.31404 -0.650908
vn -0.866059 -0.30865 -0.393292
vn -0.866059 -0.30865 -0.393292
vn -0.909427 -0.0151873 -0.415587
vn -0.717343 -0.00609127 -0.696693
vn -0.309513 0.640029 -0.703253
vn -0.302834 0.21902 -0.927535
vn -0.06037 0.192387 -0.97946
vn -0.06037 0.192387 -0.97946
vn -0.167141 0.614456 -0.771044
vn -0.309513 0.640029 -0.703253
vn 0.0375081 -0.083326 -0.995816
vn -0.274581 -0.0911401 -0.957235
vn -0.235477 -0.227694 -0.944831
vn -0.235477 -0.227694 -0.944831
vn 0.12224 -0.223713 -0.966959
vn 0.0375081 -0.083326 -0.995816
vn -0.274581 -0.0911401 -0.957235
vn 0.0375081 -0.083326 -0.995816
vn 0.00225508 0.098375 -0.995147
vn 0.00225508 0.098375 -0.995147
vn -0.274129 0.148616 -0.95014
vn -0.274581 -0.0911401 -0.957235
vn -0.274129 0.148616 -0.95014
vn 0.00225508 0.098375 -0.995147
vn 0.00197418 -0.160189 -0.987084
vn 0.00197418 -0.160189 -0.987084
vn -0.238547 -0.16744 -0.956587
vn -0.274129 0.148616 -0.95014
vn -0.238547 -0.16744 -0.956587
vn 0.00197418 -0.160189 -0.987084
vn 0.00476126 -0.415475 -0.909592
vn 0.00476126 -0.415475 -0.909592
vn -0.253041 -0.408219 -0.877113
vn -0.238547 -0.16744 -0.956587
vn 0.00476126 -0.415475 -0.909592
vn 0.00517729 -0.482422 -0.875924
vn -0.252112 -0.46121 -0.85072
vn -0.252112 -0.46121 -0.85072
vn -0.253041 -0.408219 -0.877113
vn 0.00476126 -0.415475 -0.909592
vn -0.00438963 -0.999941 -0.009976
vn 0.0211014 -0.996933 0.075367
vn -0.000810638 -0.997043 0.076845
vn 0.16392 0.1199 -0.97916
vn 0.559513 -0.183074 -0.808349
vn 0.309757 0.504634 -0.805851
vn 0.309757 0.504634 -0.805851
vn -0.0429051 0.615981 -0.786592
vn 0.16392 0.1199 -0.97916
vn 0.442345 -0.0960468 -0.891687
vn 0.645168 -0.0350108 -0.763238
vn 0.638246 -0.179038 -0.748724
vn 0.638246 -0.179038 -0.748724
vn 0.385578 -0.153708 -0.909782
vn 0.442345 -0.0960468 -0.891687
vn 0.340603 -0.0568259 -0.938488
vn 0.385578 -0.153708 -0.909782
vn 0.638246 -0.179038 -0.748724
vn 0.638246 -0.179038 -0.748724
vn 0.645586 -0.0121398 -0.763592
vn 0.340603 -0.0568259 -0.938488
vn 0.645586 -0.0121398 -0.763592
vn 0.65452 0.0805832 -0.751738
vn 0.291136 0.132623 -0.947444
vn 0.291136 0.132623 -0.947444
vn 0.340603 -0.0568259 -0.938488
vn 0.645586 -0.0121398 -0.763592
vn 0.291136 0.132623 -0.947444
vn 0.65452 0.0805832 -0.751738
vn 0.635081 -0.162824 -0.75509
vn 0.635081 -0.162824 -0.75509
vn 0.255246 -0.168904 -0.952009
vn 0.291136 0.132623 -0.947444
vn 0.635081 -0.162824 -0.75509
vn 0.646969 -0.257863 -0.717591
vn 0.267891 -0.413847 -0.870038
vn 0.267891 -0.413847 -0.870038
vn 0.255246 -0.168904 -0.952009
vn 0.635081 -0.162824 -0.75509
vn 0.267891 -0.413847 -0.870038
vn 0.646969 -0.257863 -0.717591
vn 0.600699 -0.409472 -0.686654
vn 0.600699 -0.409472 -0.686654
vn 0.264819 -0.470706 -0.841609
vn 0.267891 -0.413847 -0.870038
vn -0.00438963 -0.999941 -0.009976
vn -0.0232706 -0.996905 0.075087
vn -0.0500126 -0.996852 0.061523
vn -0.617569 0.37101 -0.693513
vn -0.724586 0.465774 -0.507966
vn -0.466313 0.857727 -0.216463
vn -0.466313 0.857727 -0.216463
vn -0.45888 0.816352 -0.350713
vn -0.617569 0.37101 -0.693513
vn -0.0214239 0.153589 -0.987903
vn -0.389188 0.18355 -0.902686
vn -0.264452 0.760792 -0.592672
vn -0.264452 0.760792 -0.592672
vn -0.000656225 0.797966 -0.602702
vn -0.0214239 0.153589 -0.987903
vn 0.4963 0.785696 -0.369281
vn 0.63707 0.463304 -0.616028
vn 0.229781 0.194069 -0.953697
vn 0.229781 0.194069 -0.953697
vn 0.118686 0.792356 -0.598402
vn 0.4963 0.785696 -0.369281
vn 0.545226 0.814829 -0.196933
vn 0.789107 0.52172 -0.32422
vn 0.63707 0.463304 -0.616028
vn 0.63707 0.463304 -0.616028
vn 0.4963 0.785696 -0.369281
vn 0.545226 0.814829 -0.196933
vn 0.879332 0.476115 0.0095041
vn 0.789107 0.52172 -0.32422
vn 0.545226 0.814829 -0.196933
vn 0.545226 0.814829 -0.196933
vn 0.59423 0.804056 0.0196291
vn 0.879332 0.476115 0.0095041
vn 0.814104 0.397815 0.423058
vn 0.879332 0.476115 0.0095041
vn 0.59423 0.804056 0.0196291
vn 0.59423 0.804056 0.0196291
vn 0.516562 0.797571 0.311519
vn 0.814104 0.397815 0.423058
vn 0.516562 0.797571 0.311519
vn 0.416145 0.830637 0.369953
vn 0.585495 0.36115 0.725787
vn 0.585495 0.36115 0.725787
vn 0.814104 0.397815 0.423058
vn 0.516562 0.797571 0.311519
vn 0.416145 0.830637 0.369953
vn -0.0438794 0.821626 0.568335
vn -0.0793392 0.348514 0.93394
vn -0.0793392 0.348514 0.93394
vn 0.585495 0.36115 0.725787
vn 0.416145 0.830637 0.369953
vn -0.0438794 0.821626 0.568335
vn -0.480152 0.789523 0.382241
vn -0.636091 0.355064 0.685067
vn -0.636091 0.355064 0.685067
vn -0.0793392 0.348514 0.93394
vn -0.0438794 0.821626 0.568335
vn -0.575301 0.817925 0.00529193
vn -0.891702 0.452426 0.0133999
vn -0.76526 0.407486 0.49833
vn -0.76526 0.407486 0.49833
vn -0.500565 0.797237 0.337413
vn -0.575301 0.817925 0.00529193
vn -0.834422 0.448856 -0.319795
vn -0.891702 0.452426 0.0133999
vn -0.575301 0.817925 0.00529193
vn -0.575301 0.817925 0.00529193
vn -0.502054 0.833985 -0.228935
vn -0.834422 0.448856 -0.319795
vn -0.834422 0.448856 -0.319795
vn -0.502054 0.833985 -0.228935
vn -0.466313 0.857727 -0.216463
vn -0.466313 0.857727 -0.216463
vn -0.724586 0.465774 -0.507966
vn -0.834422 0.448856 -0.319795
vn -0.636091 0.355064 0.685067
vn -0.480152 0.789523 0.382241
vn -0.500565 0.797237 0.337413
vn -0.500565 0.797237 0.337413
vn -0.76526 0.407486 0.49833
vn -0.636091 0.355064 0.685067
vn -0.264452 0.760792 -0.592672
vn -0.389188 0.18355 -0.902686
vn -0.617569 0.37101 -0.693513
vn -0.617569 0.37101 -0.693513
vn -0.45888 0.816352 -0.350713
vn -0.264452 0.760792 -0.592672
vn -0.000656225 0.797966 -0.602702
vn 0.118686 0.792356 -0.598402
vn 0.229781 0.194069 -0.953697
vn 0.229781 0.194069 -0.953697
vn -0.0214239 0.153589 -0.987903
vn -0.000656225 0.797966 -0.602702
vn 0.4963 0.785696 -0.369281
vn 0.118686 0.792356 -0.598402
vn 0.0300136 0.998373 0.048482
vn 0.545226 0.814829 -0.196933
vn 0.4963 0.785696 -0.369281
vn 0.0300136 0.998373 0.048482
vn 0.59423 0.804056 0.0196291
vn 0.545226 0.814829 -0.196933
vn 0.0300136 0.998373 0.048482
vn 0.516562 0.797571 0.311519
vn 0.59423 0.804056 0.0196291
vn 0.0300136 0.998373 0.048482
vn 0.416145 0.830637 0.369953
vn 0.516562 0.797571 0.311519
vn 0.0300136 0.998373 0.048482
vn -0.0438794 0.821626 0.568335
vn 0.416145 0.830637 0.369953
vn 0.0300136 0.998373 0.048482
vn -0.480152 0.789523 0.382241
vn -0.0438794 0.821626 0.568335
vn 0.0300136 0.998373 0.048482
vn -0.500565 0.797237 0.337413
vn -0.480152 0.789523 0.382241
vn 0.0300136 0.998373 0.048482
vn -0.575301 0.817925 0.00529193
vn -0.500565 0.797237 0.337413
vn 0.0300136 0.998373 0.048482
vn -0.502054 0.833985 -0.228935
vn -0.575301 0.817925 0.00529193
vn 0.0300136 0.998373 0.048482
vn -0.466313 0.857727 -0.216463
vn -0.502054 0.833985 -0.228935
vn 0.0300136 0.998373 0.048482
vn -0.45888 0.816352 -0.350713
vn -0.466313 0.857727 -0.216463
vn 0.0300136 0.998373 0.048482
vn -0.264452 0.760792 -0.592672
vn -0.45888 0.816352 -0.350713
vn 0.0300136 0.998373 0.048482
vn -0.000656225 0.797966 -0.602702
vn -0.264452 0.760792 -0.592672
vn 0.0300136 0.998373 0.048482
vn 0.118686 0.792356 -0.598402
vn -0.000656225 0.797966 -0.602702
vn 0.0300136 0.998373 0.048482
vn -0.64634 0.216999 0.731544
vn -0.131172 0.085633 0.987654
vn -0.0793392 0.348514 0.93394
vn -0.0793392 0.348514 0.93394
vn -0.636091 0.355064 0.685067
vn -0.64634 0.216999 0.731544
vn -0.814685 0.260363 0.518169
vn -0.64634 0.216999 0.731544
vn -0.636091 0.355064 0.685067
vn -0.636091 0.355064 0.685067
vn -0.76526 0.407486 0.49833
vn -0.814685 0.260363 0.518169
vn -0.814685 0.260363 0.518169
vn -0.76526 0.407486 0.49833
vn -0.891702 0.452426 0.0133999
vn -0.891702 0.452426 0.0133999
vn -0.953251 0.301881 0.0134129
vn -0.814685 0.260363 0.518169
vn -0.834422 0.448856 -0.319795
vn -0.894921 0.251876 -0.368342
vn -0.953251 0.301881 0.0134129
vn -0.953251 0.301881 0.0134129
vn -0.891702 0.452426 0.0133999
vn -0.834422 0.448856 -0.319795
vn -0.834422 0.448856 -0.319795
vn -0.724586 0.465774 -0.507966
vn -0.765565 0.141378 -0.627632
vn -0.765565 0.141378 -0.627632
vn -0.894921 0.251876 -0.368342
vn -0.834422 0.448856 -0.319795
vn -0.765565 0.141378 -0.627632
vn -0.724586 0.465774 -0.507966
vn -0.617569 0.37101 -0.693513
vn -0.617569 0.37101 -0.693513
vn -0.560132 0.0329308 -0.827748
vn -0.765565 0.141378 -0.627632
vn -0.617569 0.37101 -0.693513
vn -0.389188 0.18355 -0.902686
vn -0.353966 -0.0811781 -0.931729
vn -0.353966 -0.0811781 -0.931729
vn -0.560132 0.0329308 -0.827748
vn -0.617569 0.37101 -0.693513
vn -0.353966 -0.0811781 -0.931729
vn -0.389188 0.18355 -0.902686
vn -0.0214239 0.153589 -0.987903
vn -0.0214239 0.153589 -0.987903
vn -0.0144038 -0.17357 -0.984716
vn -0.353966 -0.0811781 -0.931729
vn 0.229781 0.194069 -0.953697
vn 0.178564 -0.121256 -0.976428
vn -0.0144038 -0.17357 -0.984716
vn -0.0144038 -0.17357 -0.984716
vn -0.0214239 0.153589 -0.987903
vn 0.229781 0.194069 -0.953697
vn 0.515242 0.183576 -0.837153
vn 0.178564 -0.121256 -0.976428
vn 0.229781 0.194069 -0.953697
vn 0.229781 0.194069 -0.953697
vn 0.63707 0.463304 -0.616028
vn 0.515242 0.183576 -0.837153
vn 0.515242 0.183576 -0.837153
vn 0.63707 0.463304 -0.616028
vn 0.789107 0.52172 -0.32422
vn 0.789107 0.52172 -0.32422
vn 0.743857 0.392462 -0.540971
vn 0.515242 0.183576 -0.837153
vn 0.789107 0.52172 -0.32422
vn 0.879332 0.476115 0.0095041
vn 0.947485 0.318802 0.0252381
vn 0.947485 0.318802 0.0252381
vn 0.743857 0.392462 -0.540971
vn 0.789107 0.52172 -0.32422
vn 0.947485 0.318802 0.0252381
vn 0.879332 0.476115 0.0095041
vn 0.814104 0.397815 0.423058
vn 0.814104 0.397815 0.423058
vn 0.868817 0.149957 0.471879
vn 0.947485 0.318802 0.0252381
vn 0.585495 0.36115 0.725787
vn 0.544806 0.0670922 0.835874
vn 0.868817 0.149957 0.471879
vn 0.868817 0.149957 0.471879
vn 0.814104 0.397815 0.423058
vn 0.585495 0.36115 0.725787
vn -0.0793392 0.348514 0.93394
vn -0.131172 0.085633 0.987654
vn 0.544806 0.0670922 0.835874
vn 0.544806 0.0670922 0.835874
vn 0.585495 0.36115 0.725787
vn -0.0793392 0.348514 0.93394
vn 0.645168 -0.0350108 -0.763238
vn 0.675557 -0.0745998 -0.733524
vn 0.826397 -0.0159577 -0.562862
vn 0.826397 -0.0159577 -0.562862
vn 0.863966 -0.0638277 -0.499488
vn 0.645168 -0.0350108 -0.763238
vn 0.991355 0.129043 -0.0237449
vn 0.863966 -0.0638277 -0.499488
vn 0.826397 -0.0159577 -0.562862
vn 0.870234 -0.0941437 0.483559
vn 0.991355 0.129043 -0.0237449
vn 0.876555 -0.0749927 0.475423
vn 0.870234 -0.0941437 0.483559
vn 0.876555 -0.0749927 0.475423
vn 0.647913 -0.161339 0.744432
vn 0.647913 -0.161339 0.744432
vn 0.619455 -0.153908 0.769797
vn 0.870234 -0.0941437 0.483559
vn 0.647913 -0.161339 0.744432
vn 0.155709 -0.19482 0.968401
vn 0.0681959 -0.074062 0.994919
vn 0.0681959 -0.074062 0.994919
vn 0.619455 -0.153908 0.769797
vn 0.647913 -0.161339 0.744432
vn 0.155709 -0.19482 0.968401
vn -0.487555 -0.0729842 0.870037
vn -0.529022 -0.110986 0.841319
vn -0.529022 -0.110986 0.841319
vn 0.0681959 -0.074062 0.994919
vn 0.155709 -0.19482 0.968401
vn -0.23957 0.0810919 -0.967487
vn 0.116508 0.03056 -0.99272
vn 0.12224 -0.223713 -0.966959
vn 0.12224 -0.223713 -0.966959
vn -0.235477 -0.227694 -0.944831
vn -0.23957 0.0810919 -0.967487
vn 0.116508 0.03056 -0.99272
vn 0.421684 -0.0646798 -0.904433
vn 0.442345 -0.0960468 -0.891687
vn 0.442345 -0.0960468 -0.891687
vn 0.12224 -0.223713 -0.966959
vn 0.116508 0.03056 -0.99272
vn 0.645168 -0.0350108 -0.763238
vn 0.442345 -0.0960468 -0.891687
vn 0.421684 -0.0646798 -0.904433
vn 0.421684 -0.0646798 -0.904433
vn 0.675557 -0.0745998 -0.733524
vn 0.645168 -0.0350108 -0.763238
vn 0.178564 -0.121256 -0.976428
vn 0.22911 -0.37093 -0.899956
vn 0.0421732 -0.248882 -0.967615
vn 0.0421732 -0.248882 -0.967615
vn -0.0144038 -0.17357 -0.984716
vn 0.178564 -0.121256 -0.976428
vn 0.22911 -0.37093 -0.899956
vn 0.178564 -0.121256 -0.976428
vn 0.515242 0.183576 -0.837153
vn 0.515242 0.183576 -0.837153
vn 0.531573 -0.357242 -0.767989
vn 0.22911 -0.37093 -0.899956
vn 0.854058 -0.0981737 -0.510829
vn 0.531573 -0.357242 -0.767989
vn 0.515242 0.183576 -0.837153
vn 0.515242 0.183576 -0.837153
vn 0.743857 0.392462 -0.540971
vn 0.854058 -0.0981737 -0.510829
vn 0.743857 0.392462 -0.540971
vn 0.947485 0.318802 0.0252381
vn 0.999792 0.0203994 1.41202e-05
vn 0.999792 0.0203994 1.41202e-05
vn 0.854058 -0.0981737 -0.510829
vn 0.743857 0.392462 -0.540971
vn 0.947485 0.318802 0.0252381
vn 0.868817 0.149957 0.471879
vn 0.88597 -0.0392907 0.462075
vn 0.88597 -0.0392907 0.462075
vn 0.999792 0.0203994 1.41202e-05
vn 0.947485 0.318802 0.0252381
vn 0.546272 -0.105472 0.830941
vn 0.88597 -0.0392907 0.462075
vn 0.868817 0.149957 0.471879
vn 0.868817 0.149957 0.471879
vn 0.544806 0.0670922 0.835874
vn 0.546272 -0.105472 0.830941
vn 0.544806 0.0670922 0.835874
vn -0.131172 0.085633 0.987654
vn -0.0130971 -0.135873 0.99064
vn -0.0130971 -0.135873 0.99064
vn 0.546272 -0.105472 0.830941
vn 0.544806 0.0670922 0.835874
vn -0.131172 0.085633 0.987654
vn -0.64634 0.216999 0.731544
vn -0.600382 0.00832278 0.79967
vn -0.600382 0.00832278 0.79967
vn -0.0130971 -0.135873 0.99064
vn -0.131172 0.085633 0.987654
vn -0.832374 0.0683747 0.54998
vn -0.600382 0.00832278 0.79967
vn -0.64634 0.216999 0.731544
vn -0.64634 0.216999 0.731544
vn -0.814685 0.260363 0.518169
vn -0.832374 0.0683747 0.54998
vn -0.953251 0.301881 0.0134129
vn -0.994198 0.105981 0.0183799
vn -0.832374 0.0683747 0.54998
vn -0.832374 0.0683747 0.54998
vn -0.814685 0.260363 0.518169
vn -0.953251 0.301881 0.0134129
vn -0.894921 0.251876 -0.368342
vn -0.893123 0.0902967 -0.440655
vn -0.994198 0.105981 0.0183799
vn -0.994198 0.105981 0.0183799
vn -0.953251 0.301881 0.0134129
vn -0.894921 0.251876 -0.368342
vn -0.765565 0.141378 -0.627632
vn -0.739992 0.0104807 -0.672534
vn -0.893123 0.0902967 -0.440655
vn -0.893123 0.0902967 -0.440655
vn -0.894921 0.251876 -0.368342
vn -0.765565 0.141378 -0.627632
vn -0.531926 -0.0856492 -0.842448
vn -0.739992 0.0104807 -0.672534
vn -0.765565 0.141378 -0.627632
vn -0.765565 0.141378 -0.627632
vn -0.560132 0.0329308 -0.827748
vn -0.531926 -0.0856492 -0.842448
vn -0.353966 -0.0811781 -0.931729
vn -0.262093 -0.158001 -0.952021
vn -0.531926 -0.0856492 -0.842448
vn -0.531926 -0.0856492 -0.842448
vn -0.560132 0.0329308 -0.827748
vn -0.353966 -0.0811781 -0.931729
vn -0.0144038 -0.17357 -0.984716
vn 0.0421732 -0.248882 -0.967615
vn -0.262093 -0.158001 -0.952021
vn -0.262093 -0.158001 -0.952021
vn -0.353966 -0.0811781 -0.931729
vn -0.0144038 -0.17357 -0.984716
vn 0.421684 -0.0646798 -0.904433
vn 0.116508 0.03056 -0.99272
vn -0.167141 0.614456 -0.771044
vn -0.167141 0.614456 -0.771044
vn -0.0429051 0.615981 -0.786592
vn 0.421684 -0.0646798 -0.904433
vn 0.116508 0.03056 -0.99272
vn -0.23957 0.0810919 -0.967487
vn -0.309513 0.640029 -0.703253
vn -0.309513 0.640029 -0.703253
vn -0.167141 0.614456 -0.771044
vn 0.116508 0.03056 -0.99272
vn -0.23957 0.0810919 -0.967487
vn -0.515761 0.0573068 -0.854814
vn -0.413422 0.682122 -0.603152
vn -0.413422 0.682122 -0.603152
vn -0.309513 0.640029 -0.703253
vn -0.23957 0.0810919 -0.967487
vn -0.717343 -0.00609127 -0.696693
vn -0.514426 0.702691 -0.491518
vn -0.413422 0.682122 -0.603152
vn -0.413422 0.682122 -0.603152
vn -0.515761 0.0573068 -0.854814
vn -0.717343 -0.00609127 -0.696693
vn -0.717343 -0.00609127 -0.696693
vn -0.909427 -0.0151873 -0.415587
vn -0.677342 0.668992 -0.306035
vn -0.677342 0.668992 -0.306035
vn -0.514426 0.702691 -0.491518
vn -0.717343 -0.00609127 -0.696693
vn -0.677342 0.668992 -0.306035
vn -0.909427 -0.0151873 -0.415587
vn -0.999811 0.0191806 -0.00317212
vn -0.999811 0.0191806 -0.00317212
vn -0.753533 0.65651 0.0343759
vn -0.677342 0.668992 -0.306035
vn -0.648665 0.621207 0.4397
vn -0.753533 0.65651 0.0343759
vn -0.999811 0.0191806 -0.00317212
vn -0.999811 0.0191806 -0.00317212
vn -0.820954 -0.0219313 0.570573
vn -0.648665 0.621207 0.4397
vn -0.648665 0.621207 0.4397
vn -0.820954 -0.0219313 0.570573
vn -0.487555 -0.0729842 0.870037
vn -0.487555 -0.0729842 0.870037
vn -0.461018 0.557839 0.690129
vn -0.648665 0.621207 0.4397
vn -0.487555 -0.0729842 0.870037
vn 0.155709 -0.19482 0.968401
vn -0.168348 0.458393 0.872659
vn -0.168348 0.458393 0.872659
vn -0.461018 0.557839 0.690129
vn -0.487555 -0.0729842 0.870037
vn 0.647913 -0.161339 0.744432
vn 0.330406 0.482217 0.811356
vn -0.168348 0.458393 0.872659
vn -0.168348 0.458393 0.872659
vn 0.155709 -0.19482 0.968401
vn 0.647913 -0.161339 0.744432
vn 0.706957 0.449411 0.546115
vn 0.330406 0.482217 0.811356
vn 0.647913 -0.161339 0.744432
vn 0.647913 -0.161339 0.744432
vn 0.876555 -0.0749927 0.475423
vn 0.706957 0.449411 0.546115
vn 0.891426 0.453166 0.000113107
vn 0.706957 0.449411 0.546115
vn 0.876555 -0.0749927 0.475423
vn 0.876555 -0.0749927 0.475423
vn 0.991355 0.129043 -0.0237449
vn 0.891426 0.453166 0.000113107
vn 0.991355 0.129043 -0.0237449
vn 0.826397 -0.0159577 -0.562862
vn 0.759904 0.363801 -0.538698
vn 0.759904 0.363801 -0.538698
vn 0.891426 0.453166 0.000113107
vn 0.991355 0.129043 -0.0237449
vn 0.826397 -0.0159577 -0.562862
vn 0.675557 -0.0745998 -0.733524
vn 0.309757 0.504634 -0.805851
vn 0.309757 0.504634 -0.805851
vn 0.759904 0.363801 -0.538698
vn 0.826397 -0.0159577 -0.562862
vn 0.309757 0.504634 -0.805851
vn 0.675557 -0.0745998 -0.733524
vn 0.421684 -0.0646798 -0.904433
vn 0.421684 -0.0646798 -0.904433
vn -0.0429051 0.615981 -0.786592
vn 0.309757 0.504634 -0.805851
vn -0.532732 0.269423 -0.802251
vn -0.531926 -0.0856492 -0.842448
vn -0.262093 -0.158001 -0.952021
vn -0.262093 -0.158001 -0.952021
vn -0.302834 0.21902 -0.927535
vn -0.532732 0.269423 -0.802251
vn -0.676918 0.281276 -0.680196
vn -0.739992 0.0104807 -0.672534
vn -0.531926 -0.0856492 -0.842448
vn -0.531926 -0.0856492 -0.842448
vn -0.532732 0.269423 -0.802251
vn -0.676918 0.281276 -0.680196
vn -0.893123 0.0902967 -0.440655
vn -0.739992 0.0104807 -0.672534
vn -0.676918 0.281276 -0.680196
vn -0.676918 0.281276 -0.680196
vn -0.861045 0.240953 -0.447819
vn -0.893123 0.0902967 -0.440655
vn -0.994198 0.105981 0.0183799
vn -0.893123 0.0902967 -0.440655
vn -0.861045 0.240953 -0.447819
vn -0.861045 0.240953 -0.447819
vn -0.966383 0.253626 0.0421629
vn -0.994198 0.105981 0.0183799
vn -0.805235 0.208008 0.555274
vn -0.832374 0.0683747 0.54998
vn -0.994198 0.105981 0.0183799
vn -0.994198 0.105981 0.0183799
vn -0.966383 0.253626 0.0421629
vn -0.805235 0.208008 0.555274
vn -0.832374 0.0683747 0.54998
vn -0.805235 0.208008 0.555274
vn -0.584609 0.114349 0.803217
vn -0.584609 0.114349 0.803217
vn -0.600382 0.00832278 0.79967
vn -0.832374 0.0683747 0.54998
vn -0.600382 0.00832278 0.79967
vn -0.584609 0.114349 0.803217
vn -0.0505411 0.00559298 0.998706
vn -0.0505411 0.00559298 0.998706
vn -0.0130971 -0.135873 0.99064
vn -0.600382 0.00832278 0.79967
vn 0.584593 -0.00983578 0.811267
vn 0.546272 -0.105472 0.830941
vn -0.0130971 -0.135873 0.99064
vn -0.0130971 -0.135873 0.99064
vn -0.0505411 0.00559298 0.998706
vn 0.584593 -0.00983578 0.811267
vn 0.584593 -0.00983578 0.811267
vn 0.871055 0.0735723 0.485645
vn 0.88597 -0.0392907 0.462075
vn 0.88597 -0.0392907 0.462075
vn 0.546272 -0.105472 0.830941
vn 0.584593 -0.00983578 0.811267
vn 0.999792 0.0203994 1.41202e-05
vn 0.88597 -0.0392907 0.462075
vn 0.871055 0.0735723 0.485645
vn 0.871055 0.0735723 0.485645
vn 0.998699 0.0467384 -0.0204179
vn 0.999792 0.0203994 1.41202e-05
vn 0.854058 -0.0981737 -0.510829
vn 0.999792 0.0203994 1.41202e-05
vn 0.998699 0.0467384 -0.0204179
vn 0.998699 0.0467384 -0.0204179
vn 0.851851 -0.219248 -0.47569
vn 0.854058 -0.0981737 -0.510829
vn 0.854058 -0.0981737 -0.510829
vn 0.851851 -0.219248 -0.47569
vn 0.559513 -0.183074 -0.808349
vn 0.559513 -0.183074 -0.808349
vn 0.531573 -0.357242 -0.767989
vn 0.854058 -0.0981737 -0.510829
vn 0.16392 0.1199 -0.97916
vn 0.22911 -0.37093 -0.899956
vn 0.531573 -0.357242 -0.767989
vn 0.531573 -0.357242 -0.767989
vn 0.559513 -0.183074 -0.808349
vn 0.16392 0.1199 -0.97916
vn 0.22911 -0.37093 -0.899956
vn 0.16392 0.1199 -0.97916
vn -0.06037 0.192387 -0.97946
vn -0.06037 0.192387 -0.97946
vn 0.0421732 -0.248882 -0.967615
vn 0.22911 -0.37093 -0.899956
vn -0.06037 0.192387 -0.97946
vn -0.302834 0.21902 -0.927535
vn -0.262093 -0.158001 -0.952021
vn -0.262093 -0.158001 -0.952021
vn 0.0421732 -0.248882 -0.967615
vn -0.06037 0.192387 -0.97946
vn 0.258326 -0.14649 -0.954886
vn 0.268409 -0.147769 -0.951904
vn 0.426985 -0.166109 -0.888871
vn 0.426985 -0.166109 -0.888871
vn 0.426985 -0.166109 -0.888871
vn 0.258326 -0.14649 -0.954886
vn 0.00174266 0.982244 -0.187599
vn 0.00174266 0.982244 -0.187599
vn -0.0738923 0.978694 -0.191568
vn -0.0738923 0.978694 -0.191568
vn -0.108487 0.975179 -0.193022
vn 0.00174266 0.982244 -0.187599
vn -0.240452 0.144934 0.95978
vn -0.418816 0.166486 0.892679
vn -0.418816 0.166486 0.892679
vn -0.418816 0.166486 0.892679
vn -0.257684 0.147199 0.954951
vn -0.240452 0.144934 0.95978
vn -0.00158866 -0.982226 0.187693
vn -0.00158866 -0.982226 0.187693
vn -0.0314766 -0.990568 0.133359
vn -0.0314766 -0.990568 0.133359
vn -0.0241107 -0.988869 0.14682
vn -0.00158866 -0.982226 0.187693
vn -0.993665 0.00173963 0.112367
vn -0.993665 0.00173963 0.112367
vn -0.993665 0.00173963 0.112367
vn -0.993665 0.00173963 0.112367
vn -0.993665 0.00173963 0.112367
vn -0.993665 0.00173963 0.112367
vn 0.782044 0.0854813 0.617333
vn 0.782044 0.0854813 0.617333
vn 0.782044 0.0854813 0.617333
vn 0.782044 0.0854813 0.617333
vn 0.782044 0.0854813 0.617333
vn 0.782044 0.0854813 0.617333
vn -0.318727 0.93242 -0.170312
vn -0.108487 0.975179 -0.193022
vn -0.0738923 0.978694 -0.191568
vn -0.0738923 0.978694 -0.191568
vn -0.265897 0.946208 -0.184363
vn -0.318727 0.93242 -0.170312
vn -0.240452 0.144934 0.95978
vn -0.257684 0.147199 0.954951
vn 0.0943908 0.10589 0.989888
vn 0.0943908 0.10589 0.989888
vn 0.105399 0.105885 0.988777
vn -0.240452 0.144934 0.95978
vn -0.16434 -0.984011 0.068661
vn -0.10973 -0.991474 0.070282
vn -0.0241107 -0.988869 0.14682
vn -0.0241107 -0.988869 0.14682
vn -0.0314766 -0.990568 0.133359
vn -0.16434 -0.984011 0.068661
vn 0.258326 -0.14649 -0.954886
vn -0.0877498 -0.105888 -0.990499
vn -0.0807918 -0.105879 -0.991091
vn -0.0807918 -0.105879 -0.991091
vn 0.268409 -0.147769 -0.951904
vn 0.258326 -0.14649 -0.954886
vn -0.374778 0.914152 -0.15449
vn -0.374778 0.914152 -0.15449
vn -0.318727 0.93242 -0.170312
vn -0.318727 0.93242 -0.170312
vn -0.265897 0.946208 -0.184363
vn -0.374778 0.914152 -0.15449
vn 0.317278 0.103169 0.942704
vn 0.317278 0.103169 0.942704
vn 0.105399 0.105885 0.988777
vn 0.105399 0.105885 0.988777
vn 0.0943908 0.10589 0.989888
vn 0.317278 0.103169 0.942704
vn -0.10973 -0.991474 0.070282
vn -0.16434 -0.984011 0.068661
vn -0.220906 -0.973009 0.066743
vn -0.220906 -0.973009 0.066743
vn -0.220906 -0.973009 0.066743
vn -0.10973 -0.991474 0.070282
vn -0.214374 -0.105126 -0.971078
vn -0.214374 -0.105126 -0.971078
vn -0.0807918 -0.105879 -0.991091
vn -0.0807918 -0.105879 -0.991091
vn -0.0877498 -0.105888 -0.990499
vn -0.214374 -0.105126 -0.971078
vn -0.928785 0.242174 -0.280553
vn -0.958073 0.285686 0.0219079
vn -0.959491 0.279459 -0.0357601
vn -0.959491 0.279459 -0.0357601
vn -0.928785 0.242174 -0.280553
vn -0.928785 0.242174 -0.280553
vn -0.802001 0.351961 0.482616
vn -0.826898 0.343563 0.445202
vn -0.959491 0.279459 -0.0357601
vn -0.959491 0.279459 -0.0357601
vn -0.958073 0.285686 0.0219079
vn -0.802001 0.351961 0.482616
vn -0.698309 0.376092 0.609031
vn -0.698309 0.376092 0.609031
vn -0.826898 0.343563 0.445202
vn -0.826898 0.343563 0.445202
vn -0.802001 0.351961 0.482616
vn -0.698309 0.376092 0.609031
vn 0.973945 -0.226182 -0.0165249
vn 0.939949 -0.200997 0.275855
vn 0.939949 -0.200997 0.275855
vn 0.939949 -0.200997 0.275855
vn 0.974371 -0.224266 0.0174871
vn 0.973945 -0.226182 -0.0165249
vn 0.849861 -0.271364 -0.451772
vn 0.828123 -0.278755 -0.486321
vn 0.973945 -0.226182 -0.0165249
vn 0.973945 -0.226182 -0.0165249
vn 0.974371 -0.224266 0.0174871
vn 0.849861 -0.271364 -0.451772
vn 0.721632 -0.304444 -0.62174
vn 0.828123 -0.278755 -0.486321
vn 0.849861 -0.271364 -0.451772
vn 0.849861 -0.271364 -0.451772
vn 0.721632 -0.304444 -0.62174
vn 0.721632 -0.304444 -0.62174
vn -0.198754 -0.975487 -0.094456
vn -0.224497 -0.974167 -0.024496
vn -0.232128 -0.972681 -0.00305403
vn -0.232128 -0.972681 -0.00305403
vn -0.198754 -0.975487 -0.094456
vn -0.198754 -0.975487 -0.094456
vn 0.280362 0.95983 0.011103
vn 0.277601 0.960554 0.016552
vn 0.238374 0.966828 0.091765
vn 0.238374 0.966828 0.091765
vn 0.238374 0.966828 0.091765
vn 0.280362 0.95983 0.011103
vn -0.106412 -0.360695 0.926594
vn -0.106412 -0.360695 0.926594
vn -0.106412 -0.360695 0.926594
vn -0.106412 -0.360695 0.926594
vn -0.106412 -0.360695 0.926594
vn -0.106412 -0.360695 0.926594
vn -0.232128 -0.972681 -0.00305403
vn -0.224497 -0.974167 -0.024496
vn -0.234312 -0.965483 0.113757
vn -0.234312 -0.965483 0.113757
vn -0.233185 -0.965303 0.117536
vn -0.232128 -0.972681 -0.00305403
vn 0.303331 0.940568 -0.152714
vn 0.277601 0.960554 0.016552
vn 0.280362 0.95983 0.011103
vn 0.280362 0.95983 0.011103
vn 0.303347 0.940574 -0.152651
vn 0.303331 0.940568 -0.152714
vn -0.233185 -0.965303 0.117536
vn -0.234312 -0.965483 0.113757
vn -0.216855 -0.961147 0.170791
vn -0.216855 -0.961147 0.170791
vn -0.216855 -0.961147 0.170791
vn -0.233185 -0.965303 0.117536
vn -0.695548 -0.228151 -0.681293
vn -0.695548 -0.228151 -0.681293
vn -0.695548 -0.228151 -0.681293
vn -0.695548 -0.228151 -0.681293
vn -0.695548 -0.228151 -0.681293
vn -0.695548 -0.228151 -0.681293
vn 0.303331 0.940568 -0.152714
vn 0.303347 0.940574 -0.152651
vn 0.284365 0.931867 -0.225302
vn 0.284365 0.931867 -0.225302
vn 0.284365 0.931867 -0.225302
vn 0.303331 0.940568 -0.152714
vn -0.981626 0.187636 -0.0346861
vn -0.943807 0.1526 -0.293157
vn -0.943807 0.1526 -0.293157
vn -0.943807 0.1526 -0.293157
vn -0.980687 0.193902 0.0255759
vn -0.981626 0.187636 -0.0346861
vn -0.981626 0.187636 -0.0346861
vn -0.980687 0.193902 0.0255759
vn -0.842952 0.259052 0.471512
vn -0.842952 0.259052 0.471512
vn -0.86588 0.250837 0.43282
vn -0.981626 0.187636 -0.0346861
vn -0.86588 0.250837 0.43282
vn -0.842952 0.259052 0.471512
vn -0.745645 0.28414 0.602725
vn -0.745645 0.28414 0.602725
vn -0.745645 0.28414 0.602725
vn -0.86588 0.250837 0.43282
vn 0.950562 -0.109438 0.290611
vn 0.950562 -0.109438 0.290611
vn 0.991349 -0.129868 0.0190001
vn 0.991349 -0.129868 0.0190001
vn 0.991161 -0.131754 -0.0155029
vn 0.950562 -0.109438 0.290611
vn 0.883082 -0.176784 -0.434642
vn 0.863129 -0.183907 -0.470306
vn 0.991161 -0.131754 -0.0155029
vn 0.991161 -0.131754 -0.0155029
vn 0.991349 -0.129868 0.0190001
vn 0.883082 -0.176784 -0.434642
vn 0.763446 -0.210258 -0.610689
vn 0.863129 -0.183907 -0.470306
vn 0.883082 -0.176784 -0.434642
vn 0.883082 -0.176784 -0.434642
vn 0.763446 -0.210258 -0.610689
vn 0.763446 -0.210258 -0.610689
vn -0.0842406 -0.984028 -0.156819
vn -0.0842406 -0.984028 -0.156819
vn -0.130434 -0.988138 -0.081053
vn -0.130434 -0.988138 -0.081053
vn -0.142188 -0.987934 -0.061396
vn -0.0842406 -0.984028 -0.156819
vn 0.188031 0.979703 0.069478
vn 0.183988 0.980067 0.074942
vn 0.124422 0.980243 0.15376
vn 0.124422 0.980243 0.15376
vn 0.124422 0.980243 0.15376
vn 0.188031 0.979703 0.069478
vn -0.0821899 -0.42742 0.900309
vn -0.0821899 -0.42742 0.900309
vn -0.0821899 -0.42742 0.900309
vn -0.0821899 -0.42742 0.900309
vn -0.0821899 -0.42742 0.900309
vn -0.0821899 -0.42742 0.900309
vn -0.142188 -0.987934 -0.061396
vn -0.130434 -0.988138 -0.081053
vn -0.158378 -0.985963 0.052846
vn -0.158378 -0.985963 0.052846
vn -0.15739 -0.985909 0.056668
vn -0.142188 -0.987934 -0.061396
vn 0.230416 0.968875 -0.090499
vn 0.230403 0.968872 -0.090563
vn 0.183988 0.980067 0.074942
vn 0.183988 0.980067 0.074942
vn 0.188031 0.979703 0.069478
vn 0.230416 0.968875 -0.090499
vn -0.158378 -0.985963 0.052846
vn -0.143155 -0.983498 0.110627
vn -0.143155 -0.983498 0.110627
vn -0.143155 -0.983498 0.110627
vn -0.15739 -0.985909 0.056668
vn -0.158378 -0.985963 0.052846
vn -0.652624 -0.243721 -0.717413
vn -0.652624 -0.243721 -0.717413
vn -0.652624 -0.243721 -0.717413
vn -0.652624 -0.243721 -0.717413
vn -0.652624 -0.243721 -0.717413
vn -0.652624 -0.243721 -0.717413
vn 0.230403 0.968872 -0.090563
vn 0.230416 0.968875 -0.090499
vn 0.214526 0.962825 -0.164156
vn 0.214526 0.962825 -0.164156
vn 0.214526 0.962825 -0.164156
vn 0.230403 0.968872 -0.090563
vn -0.427076 0.523873 0.736996
vn -0.513739 0.12344 0.84902
vn -0.864002 0.0423107 0.501708
vn -0.864002 0.0423107 0.501708
vn -0.776725 0.428703 0.461423
vn -0.427076 0.523873 0.736996
vn -0.00311031 0.55082 0.834619
vn 0.00725282 0.166794 0.985965
vn -0.513739 0.12344 0.84902
vn -0.513739 0.12344 0.84902
vn -0.427076 0.523873 0.736996
vn -0.00311031 0.55082 0.834619
vn 0.00725282 0.166794 0.985965
vn -0.00311031 0.55082 0.834619
vn 0.42525 0.507669 0.749289
vn 0.42525 0.507669 0.749289
vn 0.525042 0.154801 0.83688
vn 0.00725282 0.166794 0.985965
vn 0.42525 0.507669 0.749289
vn 0.788782 0.393126 0.472519
vn 0.864058 0.0985923 0.493643
vn 0.864058 0.0985923 0.493643
vn 0.525042 0.154801 0.83688
vn 0.42525 0.507669 0.749289
vn 0.788782 0.393126 0.472519
vn 0.94897 0.314896 0.0171891
vn 0.997736 0.0637964 0.0212721
vn 0.997736 0.0637964 0.0212721
vn 0.864058 0.0985923 0.493643
vn 0.788782 0.393126 0.472519
vn 0.94897 0.314896 0.0171891
vn 0.962738 0.260434 -0.0728639
vn 0.953495 0.181595 -0.240563
vn 0.953495 0.181595 -0.240563
vn 0.997736 0.0637964 0.0212721
vn 0.94897 0.314896 0.0171891
vn 0.518519 0.437993 -0.734371
vn 0.945284 0.189089 -0.265862
vn 0.918634 0.0239493 -0.394384
vn 0.918634 0.0239493 -0.394384
vn 0.431253 0.102571 -0.896382
vn 0.518519 0.437993 -0.734371
vn 0.431253 0.102571 -0.896382
vn -0.278212 0.11323 -0.953822
vn -0.29159 0.512334 -0.807768
vn -0.29159 0.512334 -0.807768
vn 0.518519 0.437993 -0.734371
vn 0.431253 0.102571 -0.896382
vn -0.669099 0.0758098 -0.739296
vn -0.7163 0.382918 -0.583342
vn -0.29159 0.512334 -0.807768
vn -0.29159 0.512334 -0.807768
vn -0.278212 0.11323 -0.953822
vn -0.669099 0.0758098 -0.739296
vn -0.900296 0.226848 -0.371494
vn -0.7163 0.382918 -0.583342
vn -0.669099 0.0758098 -0.739296
vn -0.669099 0.0758098 -0.739296
vn -0.892273 0.0125877 -0.451321
vn -0.900296 0.226848 -0.371494
vn -0.939002 0.267434 -0.216225
vn -0.929751 0.367586 -0.0210751
vn -0.925514 0.368369 0.0879099
vn -0.925514 0.368369 0.0879099
vn -0.994903 0.0230686 0.0981659
vn -0.939002 0.267434 -0.216225
vn -0.925514 0.368369 0.0879099
vn -0.776725 0.428703 0.461423
vn -0.864002 0.0423107 0.501708
vn -0.864002 0.0423107 0.501708
vn -0.994903 0.0230686 0.0981659
vn -0.925514 0.368369 0.0879099
vn 3.72529e-07 -1.0 0.0
vn 3.72529e-07 -1.0 0.0
vn 3.7253e-07 -1.0 -6e-06
vn 3.72529e-07 -1.0 0.0
vn 3.72529e-07 -1.0 0.0
vn 3.7253e-07 -1.0 -6e-06
vn 3.72529e-07 -1.0 0.0
vn 3.72529e-07 -1.0 0.0
vn 3.7253e-07 -1.0 -6e-06
vn 3.72529e-07 -1.0 0.0
vn 3.72529e-07 -1.0 0.0
vn 3.7253e-07 -1.0 -6e-06
vn 7.93725e-05 -1.0 -1.3e-05
vn 3.72529e-07 -1.0 0.0
vn 3.7253e-07 -1.0 -6e-06
vn 3.7253e-07 -1.0 -6e-06
vn 3.7253e-07 -1.0 -1e-05
vn 0.000125373 -1.0 -2e-05
vn 0.000125373 -1.0 -2e-05
vn 7.93725e-05 -1.0 -1.3e-05
vn 3.7253e-07 -1.0 -6e-06
vn 3.7253e-07 -1.0 -6e-06
vn -8.06275e-05 -1.0 0.0
vn -0.000114627 -1.0 0.0
vn -0.000114627 -1.0 0.0
vn 3.7253e-07 -1.0 -1e-05
vn 3.7253e-07 -1.0 -6e-06
vn 3.72529e-07 -1.0 0.0
vn -8.06275e-05 -1.0 0.0
vn 3.7253e-07 -1.0 -6e-06
vn -0.0490031 0.514428 -0.856133
vn 0.604672 0.457976 -0.651636
vn 0.565078 0.771003 -0.293668
vn 0.565078 0.771003 -0.293668
vn -0.0806703 0.905751 -0.416062
vn -0.0490031 0.514428 -0.856133
vn 0.565078 0.771003 -0.293668
vn 0.604672 0.457976 -0.651636
vn 0.874409 0.307098 -0.375634
vn 0.874409 0.307098 -0.375634
vn 0.953495 0.181595 -0.240563
vn 0.565078 0.771003 -0.293668
vn 0.953495 0.181595 -0.240563
vn 0.874409 0.307098 -0.375634
vn 0.963081 0.269097 0.00790512
vn 0.963081 0.269097 0.00790512
vn 0.997736 0.0637964 0.0212721
vn 0.953495 0.181595 -0.240563
vn 0.963081 0.269097 0.00790512
vn 0.837034 0.27443 0.473353
vn 0.864058 0.0985923 0.493643
vn 0.864058 0.0985923 0.493643
vn 0.997736 0.0637964 0.0212721
vn 0.963081 0.269097 0.00790512
vn 0.515565 0.22552 0.82664
vn 0.525042 0.154801 0.83688
vn 0.864058 0.0985923 0.493643
vn 0.864058 0.0985923 0.493643
vn 0.837034 0.27443 0.473353
vn 0.515565 0.22552 0.82664
vn 0.515565 0.22552 0.82664
vn -0.00191018 0.1721 0.985078
vn 0.00725282 0.166794 0.985965
vn 0.00725282 0.166794 0.985965
vn 0.525042 0.154801 0.83688
vn 0.515565 0.22552 0.82664
vn -0.513739 0.12344 0.84902
vn 0.00725282 0.166794 0.985965
vn -0.00191018 0.1721 0.985078
vn -0.00191018 0.1721 0.985078
vn -0.526763 0.160671 0.834689
vn -0.513739 0.12344 0.84902
vn -0.513739 0.12344 0.84902
vn -0.526763 0.160671 0.834689
vn -0.858456 0.173656 0.482594
vn -0.858456 0.173656 0.482594
vn -0.864002 0.0423107 0.501708
vn -0.513739 0.12344 0.84902
vn -0.864002 0.0423107 0.501708
vn -0.858456 0.173656 0.482594
vn -0.977574 0.205112 0.0477389
vn -0.977574 0.205112 0.0477389
vn -0.994903 0.0230686 0.0981659
vn -0.864002 0.0423107 0.501708
vn -0.994903 0.0230686 0.0981659
vn -0.977574 0.205112 0.0477389
vn -0.893847 0.229013 -0.385475
vn -0.893847 0.229013 -0.385475
vn -0.939002 0.267434 -0.216225
vn -0.994903 0.0230686 0.0981659
vn -0.893847 0.229013 -0.385475
vn -0.614195 0.337675 -0.71326
vn -0.597407 0.713575 -0.365945
vn -0.597407 0.713575 -0.365945
vn -0.939002 0.267434 -0.216225
vn -0.893847 0.229013 -0.385475
vn -0.0806703 0.905751 -0.416062
vn -0.597407 0.713575 -0.365945
vn -0.614195 0.337675 -0.71326
vn -0.614195 0.337675 -0.71326
vn -0.0490031 0.514428 -0.856133
vn -0.0806703 0.905751 -0.416062
vn 3.34259e-06 -0.981466 0.191635
vn -0.0196946 -0.996839 0.076973
vn -0.0564827 -0.983158 0.17381
vn -0.0564827 -0.983158 0.17381
vn -0.0640477 -0.978291 0.19709
vn 3.34259e-06 -0.981466 0.191635
vn 0.450858 -0.65282 -0.60873
vn 0.497372 -0.633496 -0.592709
vn 0.27462 -0.667905 -0.691728
vn 0.27462 -0.667905 -0.691728
vn 0.237205 -0.665971 -0.70726
vn 0.450858 -0.65282 -0.60873
vn 0.497372 -0.633496 -0.592709
vn 0.450858 -0.65282 -0.60873
vn 0.662864 -0.542792 -0.515741
vn 0.662864 -0.542792 -0.515741
vn 0.662864 -0.542792 -0.515741
vn 0.497372 -0.633496 -0.592709
vn 3.34259e-06 -0.981466 0.191635
vn 3.64395e-07 -0.998091 0.061756
vn -0.0196946 -0.996839 0.076973
vn 0.237205 -0.665971 -0.70726
vn 0.27462 -0.667905 -0.691728
vn 0.0628753 -0.653008 -0.754737
vn 0.0628753 -0.653008 -0.754737
vn 0.0676903 -0.652939 -0.754379
vn 0.237205 -0.665971 -0.70726
vn 3.34259e-06 -0.981466 0.191635
vn 0.0239644 -0.994621 0.100772
vn 3.64395e-07 -0.998091 0.061756
vn -0.173882 -0.662574 -0.728533
vn -0.0973377 -0.661846 -0.743293
vn 0.0676903 -0.652939 -0.754379
vn 0.0676903 -0.652939 -0.754379
vn 0.0628753 -0.653008 -0.754737
vn -0.173882 -0.662574 -0.728533
vn 0.0601463 -0.976848 0.205308
vn 0.0571263 -0.979138 0.194999
vn 0.0239644 -0.994621 0.100772
vn 0.0239644 -0.994621 0.100772
vn 3.34259e-06 -0.981466 0.191635
vn 0.0601463 -0.976848 0.205308
vn -0.738266 -0.674502 -0.00308909
vn -0.676992 -0.735972 -0.00518908
vn -0.700787 -0.713357 -0.00439808
vn -0.700787 -0.713357 -0.00439808
vn -0.738266 -0.674502 -0.00308909
vn -0.738266 -0.674502 -0.00308909
vn -0.335138 -0.650414 -0.681648
vn -0.335138 -0.650414 -0.681648
vn -0.0973377 -0.661846 -0.743293
vn -0.0973377 -0.661846 -0.743293
vn -0.173882 -0.662574 -0.728533
vn -0.335138 -0.650414 -0.681648
vn -0.455606 0.888772 0.0500709
vn -0.254043 0.945262 0.204798
vn -0.683483 0.729779 -0.0165221
vn -0.683483 0.729779 -0.0165221
vn -0.658967 0.75217 -0.00172408
vn -0.455606 0.888772 0.0500709
vn -0.991402 0.0536566 -0.119346
vn -0.978182 0.144541 -0.149223
vn -0.900296 0.226848 -0.371494
vn -0.900296 0.226848 -0.371494
vn -0.892273 0.0125877 -0.451321
vn -0.991402 0.0536566 -0.119346
vn 3.72529e-07 -1.0 0.0
vn 3.72529e-07 -1.0 0.0
vn 0.0239644 -0.994621 0.100772
vn 0.0239644 -0.994621 0.100772
vn 0.0571263 -0.979138 0.194999
vn 3.72529e-07 -1.0 0.0
vn 3.64395e-07 -0.998091 0.061756
vn 0.0239644 -0.994621 0.100772
vn 3.72529e-07 -1.0 0.0
vn 3.72529e-07 -1.0 0.0
vn 3.72529e-07 -1.0 0.0
vn 3.64395e-07 -0.998091 0.061756
vn 3.72529e-07 -1.0 0.0
vn -0.0564827 -0.983158 0.17381
vn -0.0196946 -0.996839 0.076973
vn -0.0196946 -0.996839 0.076973
vn 3.72529e-07 -1.0 0.0
vn 3.72529e-07 -1.0 0.0
vn 0.918634 0.0239493 -0.394384
vn 0.945284 0.189089 -0.265862
vn 0.991312 0.128662 -0.0273439
vn 0.991312 0.128662 -0.0273439
vn 0.998804 0.0450514 -0.0189949
vn 0.918634 0.0239493 -0.394384
vn 0.160921 0.965325 0.205552
vn 0.306902 0.945711 0.106962
vn 0.525596 0.850124 0.0322071
vn 0.525596 0.850124 0.0322071
vn 0.459306 0.881094 0.112748
vn 0.160921 0.965325 0.205552
vn -0.0583494 0.988124 0.142149
vn -0.0189864 0.974688 0.22276
vn -0.254043 0.945262 0.204798
vn -0.254043 0.945262 0.204798
vn -0.455606 0.888772 0.0500709
vn -0.0583494 0.988124 0.142149
vn -0.0189864 0.974688 0.22276
vn -0.0583494 0.988124 0.142149
vn 0.306902 0.945711 0.106962
vn 0.306902 0.945711 0.106962
vn 0.160921 0.965325 0.205552
vn -0.0189864 0.974688 0.22276
vn -0.0196946 -0.996839 0.076973
vn 3.64395e-07 -0.998091 0.061756
vn 3.72529e-07 -1.0 0.0
vn 3.72529e-07 -1.0 0.0
vn 3.72529e-07 -1.0 0.0
vn -0.0196946 -0.996839 0.076973
vn -0.635695 -0.144405 -0.758313
vn -0.603528 -0.212334 -0.76855
vn -0.0109908 -0.231323 -0.972815
vn -0.0109908 -0.231323 -0.972815
vn -0.0133578 -0.172449 -0.984928
vn -0.635695 -0.144405 -0.758313
vn -0.635695 -0.144405 -0.758313
vn -0.911019 0.00702966 -0.412306
vn -0.901766 -0.175366 -0.39505
vn -0.901766 -0.175366 -0.39505
vn -0.603528 -0.212334 -0.76855
vn -0.635695 -0.144405 -0.758313
vn -0.999223 0.0392196 0.00385188
vn -0.988597 -0.150418 0.00716188
vn -0.901766 -0.175366 -0.39505
vn -0.901766 -0.175366 -0.39505
vn -0.911019 0.00702966 -0.412306
vn -0.999223 0.0392196 0.00385188
vn -0.988597 -0.150418 0.00716188
vn -0.999223 0.0392196 0.00385188
vn -0.894751 0.0115567 0.446416
vn -0.894751 0.0115567 0.446416
vn -0.886674 -0.130811 0.443506
vn -0.988597 -0.150418 0.00716188
vn -0.894751 0.0115567 0.446416
vn -0.576877 -0.0591122 0.814689
vn -0.559151 -0.124265 0.8197
vn -0.559151 -0.124265 0.8197
vn -0.886674 -0.130811 0.443506
vn -0.894751 0.0115567 0.446416
vn -0.576877 -0.0591122 0.814689
vn -0.000783078 -0.110188 0.99391
vn -0.000879072 -0.126122 0.992014
vn -0.000879072 -0.126122 0.992014
vn -0.559151 -0.124265 0.8197
vn -0.576877 -0.0591122 0.814689
vn 0.556749 -0.143004 0.818279
vn -0.000879072 -0.126122 0.992014
vn -0.000783078 -0.110188 0.99391
vn -0.000783078 -0.110188 0.99391
vn 0.575048 -0.0836358 0.813834
vn 0.556749 -0.143004 0.818279
vn 0.882403 -0.161197 0.442018
vn 0.556749 -0.143004 0.818279
vn 0.575048 -0.0836358 0.813834
vn 0.575048 -0.0836358 0.813834
vn 0.894247 -0.0273047 0.446741
vn 0.882403 -0.161197 0.442018
vn 0.982806 -0.184505 0.00706512
vn 0.882403 -0.161197 0.442018
vn 0.894247 -0.0273047 0.446741
vn 0.894247 -0.0273047 0.446741
vn 0.999982 -0.00459363 0.00378212
vn 0.982806 -0.184505 0.00706512
vn 0.869795 -0.213227 -0.444961
vn 0.982806 -0.184505 0.00706512
vn 0.999982 -0.00459363 0.00378212
vn 0.999982 -0.00459363 0.00378212
vn 0.890749 -0.0335297 -0.453257
vn 0.869795 -0.213227 -0.444961
vn 0.706097 -0.0284677 -0.707543
vn 0.754417 -0.221375 -0.617939
vn 0.869795 -0.213227 -0.444961
vn 0.869795 -0.213227 -0.444961
vn 0.890749 -0.0335297 -0.453257
vn 0.706097 -0.0284677 -0.707543
vn 0.283161 -0.168501 -0.944154
vn -0.0133578 -0.172449 -0.984928
vn -0.0109908 -0.231323 -0.972815
vn -0.0109908 -0.231323 -0.972815
vn 0.271689 -0.226449 -0.935364
vn 0.283161 -0.168501 -0.944154
vn -0.951001 0.309188 -0.000849114
vn -0.951001 0.309188 -0.000849114
vn -0.943178 0.305196 0.131417
vn -0.943178 0.305196 0.131417
vn -0.942562 0.304942 0.136333
vn -0.951001 0.309188 -0.000849114
vn -0.854872 0.240854 0.459546
vn -0.840591 0.23019 0.490326
vn -0.942562 0.304942 0.136333
vn -0.942562 0.304942 0.136333
vn -0.943178 0.305196 0.131417
vn -0.854872 0.240854 0.459546
vn -0.840591 0.23019 0.490326
vn -0.854872 0.240854 0.459546
vn -0.570437 0.11363 0.813443
vn -0.570437 0.11363 0.813443
vn -0.518456 0.0969068 0.849596
vn -0.840591 0.23019 0.490326
vn -0.570437 0.11363 0.813443
vn -0.00317712 0.001409 0.999994
vn 0.00319088 0.001266 0.999994
vn 0.00319088 0.001266 0.999994
vn -0.518456 0.0969068 0.849596
vn -0.570437 0.11363 0.813443
vn -0.00317712 0.001409 0.999994
vn 0.565541 0.0864202 0.82018
vn 0.525744 0.0754392 0.847291
vn 0.525744 0.0754392 0.847291
vn 0.00319088 0.001266 0.999994
vn -0.00317712 0.001409 0.999994
vn 0.525744 0.0754392 0.847291
vn 0.565541 0.0864202 0.82018
vn 0.861219 0.203403 0.465757
vn 0.861219 0.203403 0.465757
vn 0.848302 0.194533 0.492484
vn 0.525744 0.0754392 0.847291
vn 0.861219 0.203403 0.465757
vn 0.969175 0.246347 -0.00355988
vn 0.969242 0.245923 -0.00961388
vn 0.969242 0.245923 -0.00961388
vn 0.848302 0.194533 0.492484
vn 0.861219 0.203403 0.465757
vn 0.93928 0.219782 -0.263532
vn 0.969242 0.245923 -0.00961388
vn 0.969175 0.246347 -0.00355988
vn 0.969175 0.246347 -0.00355988
vn 0.93928 0.219782 -0.263532
vn 0.93928 0.219782 -0.263532
vn 0.957634 0.280095 -0.0669629
vn 0.914572 0.315991 0.252405
vn 0.957693 0.280527 -0.0642569
vn 0.957693 0.280527 -0.0642569
vn 0.918168 0.233832 -0.319828
vn 0.908535 0.226966 -0.350786
vn 0.908535 0.226966 -0.350786
vn 0.957634 0.280095 -0.0669629
vn 0.957693 0.280527 -0.0642569
vn 0.486025 0.0779712 -0.87046
vn 0.416433 0.0609462 -0.907121
vn 0.908535 0.226966 -0.350786
vn 0.908535 0.226966 -0.350786
vn 0.918168 0.233832 -0.319828
vn 0.486025 0.0779712 -0.87046
vn -0.297833 8.8889e-05 -0.954618
vn -0.286036 -0.00163711 -0.958218
vn 0.416433 0.0609462 -0.907121
vn 0.416433 0.0609462 -0.907121
vn 0.486025 0.0779712 -0.87046
vn -0.297833 8.8889e-05 -0.954618
vn -0.676804 0.130256 -0.724548
vn -0.652317 0.114644 -0.749226
vn -0.286036 -0.00163711 -0.958218
vn -0.286036 -0.00163711 -0.958218
vn -0.297833 8.8889e-05 -0.954618
vn -0.676804 0.130256 -0.724548
vn -0.865299 0.260253 -0.428399
vn -0.652317 0.114644 -0.749226
vn -0.676804 0.130256 -0.724548
vn -0.676804 0.130256 -0.724548
vn -0.87747 0.269787 -0.396563
vn -0.865299 0.260253 -0.428399
vn -0.865299 0.260253 -0.428399
vn -0.87747 0.269787 -0.396563
vn -0.930951 0.328854 -0.158699
vn -0.930951 0.328854 -0.158699
vn -0.930175 0.327044 -0.166782
vn -0.865299 0.260253 -0.428399
vn -0.933714 0.357907 -0.00896811
vn -0.930175 0.327044 -0.166782
vn -0.930951 0.328854 -0.158699
vn -0.901766 -0.175366 -0.39505
vn -0.988597 -0.150418 0.00716188
vn -0.980719 -0.19481 -0.0154461
vn -0.980719 -0.19481 -0.0154461
vn -0.885205 -0.222161 -0.408726
vn -0.901766 -0.175366 -0.39505
vn -0.895106 -0.148849 0.420274
vn -0.980719 -0.19481 -0.0154461
vn -0.988597 -0.150418 0.00716188
vn -0.988597 -0.150418 0.00716188
vn -0.886674 -0.130811 0.443506
vn -0.895106 -0.148849 0.420274
vn -0.559151 -0.124265 0.8197
vn -0.57046 -0.100779 0.815119
vn -0.895106 -0.148849 0.420274
vn -0.895106 -0.148849 0.420274
vn -0.886674 -0.130811 0.443506
vn -0.559151 -0.124265 0.8197
vn -0.000879072 -0.126122 0.992014
vn 0.00363791 -0.080217 0.996771
vn -0.57046 -0.100779 0.815119
vn -0.57046 -0.100779 0.815119
vn -0.559151 -0.124265 0.8197
vn -0.000879072 -0.126122 0.992014
vn 0.556749 -0.143004 0.818279
vn 0.573588 -0.121917 0.81002
vn 0.00363791 -0.080217 0.996771
vn 0.00363791 -0.080217 0.996771
vn -0.000879072 -0.126122 0.992014
vn 0.556749 -0.143004 0.818279
vn 0.882403 -0.161197 0.442018
vn 0.891331 -0.180773 0.415752
vn 0.573588 -0.121917 0.81002
vn 0.573588 -0.121917 0.81002
vn 0.556749 -0.143004 0.818279
vn 0.882403 -0.161197 0.442018
vn 0.891331 -0.180773 0.415752
vn 0.882403 -0.161197 0.442018
vn 0.982806 -0.184505 0.00706512
vn 0.982806 -0.184505 0.00706512
vn 0.973352 -0.228814 -0.0151589
vn 0.891331 -0.180773 0.415752
vn 0.973352 -0.228814 -0.0151589
vn 0.982806 -0.184505 0.00706512
vn 0.869795 -0.213227 -0.444961
vn 0.869795 -0.213227 -0.444961
vn 0.850974 -0.260795 -0.455883
vn 0.973352 -0.228814 -0.0151589
vn 0.869795 -0.213227 -0.444961
vn 0.754417 -0.221375 -0.617939
vn 0.740957 -0.262575 -0.618091
vn 0.740957 -0.262575 -0.618091
vn 0.850974 -0.260795 -0.455883
vn 0.869795 -0.213227 -0.444961
vn -0.603528 -0.212334 -0.76855
vn -0.901766 -0.175366 -0.39505
vn -0.885205 -0.222161 -0.408726
vn -0.885205 -0.222161 -0.408726
vn -0.5808 -0.252195 -0.773995
vn -0.603528 -0.212334 -0.76855
vn 0.578808 -0.0532748 -0.813722
vn 5.51346e-05 -0.038816 -0.999246
vn 0.00658507 0.129384 -0.991573
vn 0.00658507 0.129384 -0.991573
vn 0.706097 -0.0284677 -0.707543
vn 0.578808 -0.0532748 -0.813722
vn -0.579533 -0.0114452 -0.814868
vn -0.537701 0.206974 -0.817337
vn 0.00658507 0.129384 -0.991573
vn 0.00658507 0.129384 -0.991573
vn 5.51346e-05 -0.038816 -0.999246
vn -0.579533 -0.0114452 -0.814868
vn -0.911019 0.00702966 -0.412306
vn -0.537701 0.206974 -0.817337
vn -0.579533 -0.0114452 -0.814868
vn -0.579533 -0.0114452 -0.814868
vn -0.891384 -0.00757433 -0.453186
vn -0.911019 0.00702966 -0.412306
vn -0.911019 0.00702966 -0.412306
vn -0.891384 -0.00757433 -0.453186
vn -1.0 -0.000168373 -0.00020212
vn -1.0 -0.000168373 -0.00020212
vn -0.999223 0.0392196 0.00385188
vn -0.911019 0.00702966 -0.412306
vn -0.894751 0.0115567 0.446416
vn -0.999223 0.0392196 0.00385188
vn -1.0 -0.000168373 -0.00020212
vn -1.0 -0.000168373 -0.00020212
vn -0.883515 0.0196007 0.467992
vn -0.894751 0.0115567 0.446416
vn -0.576877 -0.0591122 0.814689
vn -0.894751 0.0115567 0.446416
vn -0.883515 0.0196007 0.467992
vn -0.883515 0.0196007 0.467992
vn -0.564463 0.0170758 0.825282
vn -0.576877 -0.0591122 0.814689
vn -0.564463 0.0170758 0.825282
vn -5.91183e-05 -0.005016 0.999987
vn -0.000783078 -0.110188 0.99391
vn -0.000783078 -0.110188 0.99391
vn -0.576877 -0.0591122 0.814689
vn -0.564463 0.0170758 0.825282
vn -5.91183e-05 -0.005016 0.999987
vn 0.564582 -0.0236828 0.825037
vn 0.575048 -0.0836358 0.813834
vn 0.575048 -0.0836358 0.813834
vn -0.000783078 -0.110188 0.99391
vn -5.91183e-05 -0.005016 0.999987
vn 0.882951 -0.0407027 0.467697
vn 0.894247 -0.0273047 0.446741
vn 0.575048 -0.0836358 0.813834
vn 0.575048 -0.0836358 0.813834
vn 0.564582 -0.0236828 0.825037
vn 0.882951 -0.0407027 0.467697
vn 0.997778 -0.0666216 -5.08801e-05
vn 0.999982 -0.00459363 0.00378212
vn 0.894247 -0.0273047 0.446741
vn 0.894247 -0.0273047 0.446741
vn 0.882951 -0.0407027 0.467697
vn 0.997778 -0.0666216 -5.08801e-05
vn 0.889327 -0.0684947 -0.452113
vn 0.890749 -0.0335297 -0.453257
vn 0.999982 -0.00459363 0.00378212
vn 0.999982 -0.00459363 0.00378212
vn 0.997778 -0.0666216 -5.08801e-05
vn 0.889327 -0.0684947 -0.452113
vn 0.890749 -0.0335297 -0.453257
vn 0.889327 -0.0684947 -0.452113
vn 0.578808 -0.0532748 -0.813722
vn 0.578808 -0.0532748 -0.813722
vn 0.706097 -0.0284677 -0.707543
vn 0.890749 -0.0335297 -0.453257
vn -0.00564178 -0.266077 -0.963935
vn 0.264102 -0.26192 -0.92825
vn 0.271689 -0.226449 -0.935364
vn 0.271689 -0.226449 -0.935364
vn -0.0109908 -0.231323 -0.972815
vn -0.00564178 -0.266077 -0.963935
vn -0.00564178 -0.266077 -0.963935
vn -0.0109908 -0.231323 -0.972815
vn -0.603528 -0.212334 -0.76855
vn -0.603528 -0.212334 -0.76855
vn -0.5808 -0.252195 -0.773995
vn -0.00564178 -0.266077 -0.963935
vn -0.873642 0.200973 -0.443125
vn -0.891384 -0.00757433 -0.453186
vn -0.579533 -0.0114452 -0.814868
vn -0.579533 -0.0114452 -0.814868
vn -0.582281 0.19054 -0.790344
vn -0.873642 0.200973 -0.443125
vn -0.978161 0.207693 0.00808488
vn -1.0 -0.000168373 -0.00020212
vn -0.891384 -0.00757433 -0.453186
vn -0.891384 -0.00757433 -0.453186
vn -0.873642 0.200973 -0.443125
vn -0.978161 0.207693 0.00808488
vn -1.0 -0.000168373 -0.00020212
vn -0.978161 0.207693 0.00808488
vn -0.851802 0.21241 0.478868
vn -0.851802 0.21241 0.478868
vn -0.883515 0.0196007 0.467992
vn -1.0 -0.000168373 -0.00020212
vn -0.564463 0.0170758 0.825282
vn -0.883515 0.0196007 0.467992
vn -0.851802 0.21241 0.478868
vn -0.851802 0.21241 0.478868
vn -0.51945 0.230024 0.822959
vn -0.564463 0.0170758 0.825282
vn -0.0066952 0.228926 0.973421
vn -5.91183e-05 -0.005016 0.999987
vn -0.564463 0.0170758 0.825282
vn -0.564463 0.0170758 0.825282
vn -0.51945 0.230024 0.822959
vn -0.0066952 0.228926 0.973421
vn 0.564582 -0.0236828 0.825037
vn -5.91183e-05 -0.005016 0.999987
vn -0.0066952 0.228926 0.973421
vn -0.0066952 0.228926 0.973421
vn 0.507014 0.245681 0.826183
vn 0.564582 -0.0236828 0.825037
vn 0.507014 0.245681 0.826183
vn 0.844336 0.238195 0.479958
vn 0.882951 -0.0407027 0.467697
vn 0.882951 -0.0407027 0.467697
vn 0.564582 -0.0236828 0.825037
vn 0.507014 0.245681 0.826183
vn 0.997778 -0.0666216 -5.08801e-05
vn 0.882951 -0.0407027 0.467697
vn 0.844336 0.238195 0.479958
vn 0.844336 0.238195 0.479958
vn 0.975862 0.21801 0.0128411
vn 0.997778 -0.0666216 -5.08801e-05
vn 0.975862 0.21801 0.0128411
vn 0.881697 0.20045 -0.427118
vn 0.889327 -0.0684947 -0.452113
vn 0.889327 -0.0684947 -0.452113
vn 0.997778 -0.0666216 -5.08801e-05
vn 0.975862 0.21801 0.0128411
vn 0.578808 -0.0532748 -0.813722
vn 0.889327 -0.0684947 -0.452113
vn 0.881697 0.20045 -0.427118
vn 0.881697 0.20045 -0.427118
vn 0.563835 0.210361 -0.798648
vn 0.578808 -0.0532748 -0.813722
vn 0.563835 0.210361 -0.798648
vn -0.028999 0.186195 -0.982085
vn 5.51346e-05 -0.038816 -0.999246
vn 5.51346e-05 -0.038816 -0.999246
vn 0.578808 -0.0532748 -0.813722
vn 0.563835 0.210361 -0.798648
vn 5.51346e-05 -0.038816 -0.999246
vn -0.028999 0.186195 -0.982085
vn -0.582281 0.19054 -0.790344
vn -0.582281 0.19054 -0.790344
vn -0.579533 -0.0114452 -0.814868
vn 5.51346e-05 -0.038816 -0.999246
vn -0.614195 0.337675 -0.71326
vn -0.582281 0.19054 -0.790344
vn -0.028999 0.186195 -0.982085
vn -0.028999 0.186195 -0.982085
vn -0.0490031 0.514428 -0.856133
vn -0.614195 0.337675 -0.71326
vn 0.563835 0.210361 -0.798648
vn 0.604672 0.457976 -0.651636
vn -0.0490031 0.514428 -0.856133
vn -0.0490031 0.514428 -0.856133
vn -0.028999 0.186195 -0.982085
vn 0.563835 0.210361 -0.798648
vn 0.604672 0.457976 -0.651636
vn 0.563835 0.210361 -0.798648
vn 0.881697 0.20045 -0.427118
vn 0.881697 0.20045 -0.427118
vn 0.874409 0.307098 -0.375634
vn 0.604672 0.457976 -0.651636
vn 0.874409 0.307098 -0.375634
vn 0.881697 0.20045 -0.427118
vn 0.975862 0.21801 0.0128411
vn 0.975862 0.21801 0.0128411
vn 0.963081 0.269097 0.00790512
vn 0.874409 0.307098 -0.375634
vn 0.844336 0.238195 0.479958
vn 0.837034 0.27443 0.473353
vn 0.963081 0.269097 0.00790512
vn 0.963081 0.269097 0.00790512
vn 0.975862 0.21801 0.0128411
vn 0.844336 0.238195 0.479958
vn 0.837034 0.27443 0.473353
vn 0.844336 0.238195 0.479958
vn 0.507014 0.245681 0.826183
vn 0.507014 0.245681 0.826183
vn 0.515565 0.22552 0.82664
vn 0.837034 0.27443 0.473353
vn -0.00191018 0.1721 0.985078
vn 0.515565 0.22552 0.82664
vn 0.507014 0.245681 0.826183
vn 0.507014 0.245681 0.826183
vn -0.0066952 0.228926 0.973421
vn -0.00191018 0.1721 0.985078
vn -0.00191018 0.1721 0.985078
vn -0.0066952 0.228926 0.973421
vn -0.51945 0.230024 0.822959
vn -0.51945 0.230024 0.822959
vn -0.526763 0.160671 0.834689
vn -0.00191018 0.1721 0.985078
vn -0.851802 0.21241 0.478868
vn -0.858456 0.173656 0.482594
vn -0.526763 0.160671 0.834689
vn -0.526763 0.160671 0.834689
vn -0.51945 0.230024 0.822959
vn -0.851802 0.21241 0.478868
vn -0.851802 0.21241 0.478868
vn -0.978161 0.207693 0.00808488
vn -0.977574 0.205112 0.0477389
vn -0.977574 0.205112 0.0477389
vn -0.858456 0.173656 0.482594
vn -0.851802 0.21241 0.478868
vn -0.893847 0.229013 -0.385475
vn -0.977574 0.205112 0.0477389
vn -0.978161 0.207693 0.00808488
vn -0.978161 0.207693 0.00808488
vn -0.873642 0.200973 -0.443125
vn -0.893847 0.229013 -0.385475
vn -0.893847 0.229013 -0.385475
vn -0.873642 0.200973 -0.443125
vn -0.582281 0.19054 -0.790344
vn -0.582281 0.19054 -0.790344
vn -0.614195 0.337675 -0.71326
vn -0.893847 0.229013 -0.385475
vn -0.873304 -0.155081 -0.461833
vn -0.892273 0.0125877 -0.451321
vn -0.669099 0.0758098 -0.739296
vn -0.669099 0.0758098 -0.739296
vn -0.641077 -0.204347 -0.739772
vn -0.873304 -0.155081 -0.461833
vn -0.996044 -0.0211844 -0.0863031
vn -0.991402 0.0536566 -0.119346
vn -0.892273 0.0125877 -0.451321
vn -0.892273 0.0125877 -0.451321
vn -0.873304 -0.155081 -0.461833
vn -0.996044 -0.0211844 -0.0863031
vn -0.991402 0.0536566 -0.119346
vn -0.996044 -0.0211844 -0.0863031
vn -0.998245 0.0585686 0.00875688
vn -0.998245 0.0585686 0.00875688
vn -0.980778 0.195114 -0.00243212
vn -0.991402 0.0536566 -0.119346
vn -0.998245 0.0585686 0.00875688
vn -0.989463 0.0486756 0.136361
vn -0.976292 0.176547 0.125242
vn -0.976292 0.176547 0.125242
vn -0.980778 0.195114 -0.00243212
vn -0.998245 0.0585686 0.00875688
vn -0.883059 0.0199487 0.468839
vn -0.860801 0.152798 0.485464
vn -0.976292 0.176547 0.125242
vn -0.976292 0.176547 0.125242
vn -0.989463 0.0486756 0.136361
vn -0.883059 0.0199487 0.468839
vn -0.860801 0.152798 0.485464
vn -0.883059 0.0199487 0.468839
vn -0.543045 0.0510218 0.838152
vn -0.543045 0.0510218 0.838152
vn -0.531922 0.176641 0.828165
vn -0.860801 0.152798 0.485464
vn -0.543045 0.0510218 0.838152
vn -0.00498315 0.078543 0.996898
vn 0.00164081 0.192659 0.981265
vn 0.00164081 0.192659 0.981265
vn -0.531922 0.176641 0.828165
vn -0.543045 0.0510218 0.838152
vn 0.00164081 0.192659 0.981265
vn -0.00498315 0.078543 0.996898
vn 0.533786 0.0159272 0.845469
vn 0.533786 0.0159272 0.845469
vn 0.538486 0.1409 0.830771
vn 0.00164081 0.192659 0.981265
vn 0.538486 0.1409 0.830771
vn 0.533786 0.0159272 0.845469
vn 0.880582 -0.0402087 0.472185
vn 0.880582 -0.0402087 0.472185
vn 0.867549 0.0964483 0.487911
vn 0.538486 0.1409 0.830771
vn 0.880582 -0.0402087 0.472185
vn 0.999577 -0.0283936 -0.00637088
vn 0.996126 0.0874174 -0.00959288
vn 0.996126 0.0874174 -0.00959288
vn 0.867549 0.0964483 0.487911
vn 0.880582 -0.0402087 0.472185
vn 0.996126 0.0874174 -0.00959288
vn 0.999577 -0.0283936 -0.00637088
vn 0.999786 -0.00961663 0.0183031
vn 0.999786 -0.00961663 0.0183031
vn 0.996039 0.0867594 -0.0194989
vn 0.996126 0.0874174 -0.00959288
vn 0.999533 -0.0305416 0.00079812
vn 0.998804 0.0450514 -0.0189949
vn 0.996039 0.0867594 -0.0194989
vn 0.996039 0.0867594 -0.0194989
vn 0.999786 -0.00961663 0.0183031
vn 0.999533 -0.0305416 0.00079812
vn 0.918634 0.0239493 -0.394384
vn 0.998804 0.0450514 -0.0189949
vn 0.999533 -0.0305416 0.00079812
vn 0.999533 -0.0305416 0.00079812
vn 0.92561 -0.107891 -0.362776
vn 0.918634 0.0239493 -0.394384
vn 0.918634 0.0239493 -0.394384
vn 0.92561 -0.107891 -0.362776
vn 0.400224 -0.219499 -0.889742
vn 0.400224 -0.219499 -0.889742
vn 0.431253 0.102571 -0.896382
vn 0.918634 0.0239493 -0.394384
vn -0.273369 -0.223547 -0.935573
vn -0.278212 0.11323 -0.953822
vn 0.431253 0.102571 -0.896382
vn 0.431253 0.102571 -0.896382
vn 0.400224 -0.219499 -0.889742
vn -0.273369 -0.223547 -0.935573
vn -0.278212 0.11323 -0.953822
vn -0.273369 -0.223547 -0.935573
vn -0.641077 -0.204347 -0.739772
vn -0.641077 -0.204347 -0.739772
vn -0.669099 0.0758098 -0.739296
vn -0.278212 0.11323 -0.953822
vn 9.31099e-05 0.027601 -0.999619
vn 9.31099e-05 0.027601 -0.999619
vn 0.0 0.027603 -0.999619
vn 0.0 0.027603 -0.999619
vn 0.0 0.027603 -0.999619
vn 9.31099e-05 0.027601 -0.999619
vn -0.00010889 0.027605 -0.999619
vn 0.0 0.027603 -0.999619
vn 0.0 0.027603 -0.999619
vn 0.0 0.027603 -0.999619
vn -0.00010889 0.027605 -0.999619
vn -0.00010889 0.027605 -0.999619
vn -0.646209 0.761423 -0.0514801
vn -0.924711 0.374663 0.0673599
vn -0.929751 0.367586 -0.0210751
vn -0.929751 0.367586 -0.0210751
vn -0.939002 0.267434 -0.216225
vn -0.646209 0.761423 -0.0514801
vn -0.446336 0.889507 -0.09778
vn -0.646209 0.761423 -0.0514801
vn -0.939002 0.267434 -0.216225
vn -0.939002 0.267434 -0.216225
vn -0.597407 0.713575 -0.365945
vn -0.446336 0.889507 -0.09778
vn -0.0896273 0.983709 -0.155832
vn -0.446336 0.889507 -0.09778
vn -0.597407 0.713575 -0.365945
vn -0.597407 0.713575 -0.365945
vn -0.0806703 0.905751 -0.416062
vn -0.0896273 0.983709 -0.155832
vn 0.565078 0.771003 -0.293668
vn 0.319957 0.942618 -0.095386
vn -0.0896273 0.983709 -0.155832
vn -0.0896273 0.983709 -0.155832
vn -0.0806703 0.905751 -0.416062
vn 0.565078 0.771003 -0.293668
vn 0.953495 0.181595 -0.240563
vn 0.647314 0.761489 0.0334361
vn 0.319957 0.942618 -0.095386
vn 0.319957 0.942618 -0.095386
vn 0.565078 0.771003 -0.293668
vn 0.953495 0.181595 -0.240563
vn 0.962738 0.260434 -0.0728639
vn 0.960748 0.186053 0.205787
vn 0.647314 0.761489 0.0334361
vn 0.647314 0.761489 0.0334361
vn 0.953495 0.181595 -0.240563
vn 0.962738 0.260434 -0.0728639
vn -0.668857 -0.736109 0.1038
vn -0.668162 -0.740095 0.0762869
vn -0.700787 -0.713357 -0.00439808
vn -0.700787 -0.713357 -0.00439808
vn -0.676992 -0.735972 -0.00518908
vn -0.668857 -0.736109 0.1038
vn -0.601467 -0.723678 0.33842
vn -0.606036 -0.724039 0.329375
vn -0.668162 -0.740095 0.0762869
vn -0.668162 -0.740095 0.0762869
vn -0.668857 -0.736109 0.1038
vn -0.601467 -0.723678 0.33842
vn -0.358433 -0.733002 0.57813
vn -0.606036 -0.724039 0.329375
vn -0.601467 -0.723678 0.33842
vn -0.601467 -0.723678 0.33842
vn -0.364701 -0.732815 0.574435
vn -0.358433 -0.733002 0.57813
vn -0.364701 -0.732815 0.574435
vn -0.00450281 -0.734653 0.678428
vn 0.00559219 -0.73499 0.678055
vn 0.00559219 -0.73499 0.678055
vn -0.358433 -0.733002 0.57813
vn -0.364701 -0.732815 0.574435
vn 0.34276 -0.755912 0.557775
vn 0.355603 -0.75635 0.549073
vn 0.00559219 -0.73499 0.678055
vn 0.00559219 -0.73499 0.678055
vn -0.00450281 -0.734653 0.678428
vn 0.34276 -0.755912 0.557775
vn 0.562939 -0.761803 0.320557
vn 0.570088 -0.762845 0.30507
vn 0.355603 -0.75635 0.549073
vn 0.355603 -0.75635 0.549073
vn 0.34276 -0.755912 0.557775
vn 0.562939 -0.761803 0.320557
vn 0.615077 -0.788091 -0.0243529
vn 0.609846 -0.789377 -0.0705089
vn 0.570088 -0.762845 0.30507
vn 0.570088 -0.762845 0.30507
vn 0.562939 -0.761803 0.320557
vn 0.615077 -0.788091 -0.0243529
vn 0.610319 -0.763738 -0.210272
vn 0.677678 -0.72384 -0.129643
vn 0.609846 -0.789377 -0.0705089
vn 0.609846 -0.789377 -0.0705089
vn 0.615077 -0.788091 -0.0243529
vn 0.610319 -0.763738 -0.210272
vn 0.79973 -0.597157 0.0619291
vn 0.799731 -0.597157 0.0619291
vn 0.677678 -0.72384 -0.129643
vn 0.677678 -0.72384 -0.129643
vn 0.610319 -0.763738 -0.210272
vn 0.79973 -0.597157 0.0619291
vn -0.656048 -0.631689 -0.413
vn -0.656048 -0.631689 -0.413
vn -0.656048 -0.631689 -0.413
vn -0.656048 -0.631689 -0.413
vn -0.656048 -0.631689 -0.413
vn -0.656048 -0.631689 -0.413
vn -0.991402 0.0536566 -0.119346
vn -0.980778 0.195114 -0.00243212
vn -0.919938 0.391701 -0.0168551
vn -0.919938 0.391701 -0.0168551
vn -0.942593 0.331447 0.0407569
vn -0.991402 0.0536566 -0.119346
vn -0.980778 0.195114 -0.00243212
vn -0.976292 0.176547 0.125242
vn -0.911378 0.396256 0.11123
vn -0.911378 0.396256 0.11123
vn -0.919938 0.391701 -0.0168551
vn -0.980778 0.195114 -0.00243212
vn -0.860801 0.152798 0.485464
vn -0.806917 0.392274 0.441595
vn -0.911378 0.396256 0.11123
vn -0.911378 0.396256 0.11123
vn -0.976292 0.176547 0.125242
vn -0.860801 0.152798 0.485464
vn -0.531922 0.176641 0.828165
vn -0.487251 0.411686 0.770131
vn -0.806917 0.392274 0.441595
vn -0.806917 0.392274 0.441595
vn -0.860801 0.152798 0.485464
vn -0.531922 0.176641 0.828165
vn -0.487251 0.411686 0.770131
vn -0.531922 0.176641 0.828165
vn 0.00164081 0.192659 0.981265
vn 0.00164081 0.192659 0.981265
vn 0.00395574 0.398986 0.916948
vn -0.487251 0.411686 0.770131
vn 0.538486 0.1409 0.830771
vn 0.501669 0.382872 0.775718
vn 0.00395574 0.398986 0.916948
vn 0.00395574 0.398986 0.916948
vn 0.00164081 0.192659 0.981265
vn 0.538486 0.1409 0.830771
vn 0.538486 0.1409 0.830771
vn 0.867549 0.0964483 0.487911
vn 0.825575 0.343839 0.447437
vn 0.825575 0.343839 0.447437
vn 0.501669 0.382872 0.775718
vn 0.538486 0.1409 0.830771
vn 0.950321 0.311171 -0.00792189
vn 0.825575 0.343839 0.447437
vn 0.867549 0.0964483 0.487911
vn 0.867549 0.0964483 0.487911
vn 0.996126 0.0874174 -0.00959288
vn 0.950321 0.311171 -0.00792189
vn 0.967496 0.252262 -0.0177859
vn 0.950321 0.311171 -0.00792189
vn 0.996126 0.0874174 -0.00959288
vn 0.996126 0.0874174 -0.00959288
vn 0.996039 0.0867594 -0.0194989
vn 0.967496 0.252262 -0.0177859
vn 0.957273 0.19848 0.21032
vn 0.967496 0.252262 -0.0177859
vn 0.996039 0.0867594 -0.0194989
vn 0.996039 0.0867594 -0.0194989
vn 0.998804 0.0450514 -0.0189949
vn 0.957273 0.19848 0.21032
vn 0.957894 0.187279 0.217636
vn 0.957273 0.19848 0.21032
vn 0.998804 0.0450514 -0.0189949
vn 0.998804 0.0450514 -0.0189949
vn 0.991312 0.128662 -0.0273439
vn 0.957894 0.187279 0.217636
vn 0.560258 0.828209 -0.0134089
vn 0.525596 0.850124 0.0322071
vn 0.306902 0.945711 0.106962
vn 0.306902 0.945711 0.106962
vn 0.367965 0.927754 -0.062244
vn 0.560258 0.828209 -0.0134089
vn 0.367965 0.927754 -0.062244
vn 0.306902 0.945711 0.106962
vn -0.0583494 0.988124 0.142149
vn -0.0583494 0.988124 0.142149
vn -0.0724884 0.992475 -0.098683
vn 0.367965 0.927754 -0.062244
vn -0.455606 0.888772 0.0500709
vn -0.46409 0.884871 -0.0402951
vn -0.0724884 0.992475 -0.098683
vn -0.0724884 0.992475 -0.098683
vn -0.0583494 0.988124 0.142149
vn -0.455606 0.888772 0.0500709
vn -0.654518 0.756046 0.000906921
vn -0.46409 0.884871 -0.0402951
vn -0.455606 0.888772 0.0500709
vn -0.455606 0.888772 0.0500709
vn -0.658967 0.75217 -0.00172408
vn -0.654518 0.756046 0.000906921
vn -0.978182 0.144541 -0.149223
vn -0.991402 0.0536566 -0.119346
vn -0.942593 0.331447 0.0407569
vn -0.942593 0.331447 0.0407569
vn -0.966354 0.233241 0.108436
vn -0.978182 0.144541 -0.149223
vn -0.00232365 -0.987018 0.160593
vn -0.00211165 -0.98702 0.160581
vn 0.0746604 -0.987907 0.135892
vn 0.0746604 -0.987907 0.135892
vn 0.0727824 -0.987815 0.137567
vn -0.00232365 -0.987018 0.160593
vn 0.0746604 -0.987907 0.135892
vn 0.119443 -0.988232 0.095559
vn 0.0727824 -0.987815 0.137567
vn -0.0536527 -0.985102 0.163387
vn -0.00211165 -0.98702 0.160581
vn -0.00232365 -0.987018 0.160593
vn -0.00232365 -0.987018 0.160593
vn -0.0536527 -0.985102 0.163387
vn -0.0536527 -0.985102 0.163387
vn 0.95572 -0.00654064 0.294204
vn 0.954825 -0.0312826 0.295519
vn 0.954832 -0.0311286 0.295511
vn 0.954832 -0.0311286 0.295511
vn 0.95572 -0.00654064 0.294204
vn 0.95572 -0.00654064 0.294204
vn -0.196155 0.964604 -0.176247
vn -0.105796 0.965752 -0.236917
vn -0.104147 0.965668 -0.237991
vn 7.26727e-05 0.964235 -0.26505
vn -8.43273e-05 0.964233 -0.265055
vn 0.0576677 0.963189 -0.262567
vn 0.0576677 0.963189 -0.262567
vn 0.0576677 0.963189 -0.262567
vn 7.26727e-05 0.964235 -0.26505
vn 0.95381 -0.0491746 0.296357
vn 0.954832 -0.0311286 0.295511
vn 0.954825 -0.0312826 0.295519
vn 0.954825 -0.0312826 0.295519
vn 0.95381 -0.0491746 0.296357
vn 0.95381 -0.0491746 0.296357
vn -0.105796 0.965752 -0.236917
vn -8.43273e-05 0.964233 -0.265055
vn 7.26727e-05 0.964235 -0.26505
vn 7.26727e-05 0.964235 -0.26505
vn -0.104147 0.965668 -0.237991
vn -0.105796 0.965752 -0.236917
vn 0.26212 -0.219131 -0.939827
vn 0.26756 -0.220528 -0.937965
vn 0.379881 -0.248127 -0.891136
vn 0.379881 -0.248127 -0.891136
vn 0.379881 -0.248127 -0.891136
vn 0.26212 -0.219131 -0.939827
vn -0.00148733 0.970606 -0.24067
vn -0.0240903 0.970551 -0.239688
vn 0.0730917 0.96726 -0.243035
vn 0.0730917 0.96726 -0.243035
vn 0.0730917 0.96726 -0.243035
vn -0.00148733 0.970606 -0.24067
vn -0.248296 0.216673 0.944141
vn -0.371572 0.248044 0.894656
vn -0.371572 0.248044 0.894656
vn -0.371572 0.248044 0.894656
vn -0.258549 0.21939 0.940755
vn -0.248296 0.216673 0.944141
vn -0.0729357 -0.967251 0.243118
vn -0.109626 -0.975883 0.188772
vn -0.103963 -0.974823 0.197262
vn -0.103963 -0.974823 0.197262
vn -0.0729357 -0.967251 0.243118
vn -0.0729357 -0.967251 0.243118
vn -0.985643 0.0887496 0.143638
vn -0.985643 0.0887496 0.143638
vn -0.985643 0.0887496 0.143638
vn -0.985643 0.0887496 0.143638
vn -0.985643 0.0887496 0.143638
vn -0.985643 0.0887496 0.143638
vn 0.808248 0.0547203 0.586295
vn 0.808247 0.0547203 0.586295
vn 0.808248 0.0547203 0.586295
vn 0.808248 0.0547203 0.586295
vn 0.808247 0.0547203 0.586295
vn 0.808248 0.0547203 0.586295
vn -0.233275 0.949201 -0.211187
vn -0.0240903 0.970551 -0.239688
vn -0.00148733 0.970606 -0.24067
vn -0.00148733 0.970606 -0.24067
vn -0.178999 0.958274 -0.222866
vn -0.233275 0.949201 -0.211187
vn -0.258549 0.21939 0.940755
vn 0.0339208 0.159378 0.986635
vn 0.0486068 0.158333 0.986189
vn 0.0486068 0.158333 0.986189
vn -0.248296 0.216673 0.944141
vn -0.258549 0.21939 0.940755
vn -0.103963 -0.974823 0.197262
vn -0.109626 -0.975883 0.188772
vn -0.236884 -0.963066 0.128023
vn -0.236884 -0.963066 0.128023
vn -0.192591 -0.973018 0.127063
vn -0.103963 -0.974823 0.197262
vn -0.0286808 -0.159749 -0.986741
vn 0.26756 -0.220528 -0.937965
vn 0.26212 -0.219131 -0.939827
vn 0.26212 -0.219131 -0.939827
vn -0.0394498 -0.158996 -0.986491
vn -0.0286808 -0.159749 -0.986741
vn -0.178999 0.958274 -0.222866
vn -0.306203 0.931956 -0.194157
vn -0.306203 0.931956 -0.194157
vn -0.306203 0.931956 -0.194157
vn -0.233275 0.949201 -0.211187
vn -0.178999 0.958274 -0.222866
vn 0.0339208 0.159378 0.986635
vn 0.358479 0.127762 0.924754
vn 0.358479 0.127762 0.924754
vn 0.358479 0.127762 0.924754
vn 0.0486068 0.158333 0.986189
vn 0.0339208 0.159378 0.986635
vn -0.192591 -0.973018 0.127063
vn -0.236884 -0.963066 0.128023
vn -0.295067 -0.946743 0.128891
vn -0.295067 -0.946743 0.128891
vn -0.295067 -0.946743 0.128891
vn -0.192591 -0.973018 0.127063
vn -0.0286808 -0.159749 -0.986741
vn -0.0394498 -0.158996 -0.986491
vn -0.257155 -0.139633 -0.956229
vn -0.257155 -0.139633 -0.956229
vn -0.257155 -0.139633 -0.956229
vn -0.0286808 -0.159749 -0.986741

vt 0.924617 0.329699
vt 0.925432 0.309489
vt 0.961295 0.310341
vt 0.961295 0.310341
vt 0.960913 0.330516
vt 0.924617 0.329699
vt 0.997938 0.328494
vt 0.960913 0.330516
vt 0.961295 0.310341
vt 0.961295 0.310341
vt 0.995303 0.308456
vt 0.997938 0.328494
vt 0.446744 0.292169
vt 0.497615 0.296526
vt 0.498366 0.317307
vt 0.498366 0.317307
vt 0.445334 0.31165
vt 0.446744 0.292169
vt 0.543752 0.301047
vt 0.543969 0.321821
vt 0.498366 0.317307
vt 0.498366 0.317307
vt 0.497615 0.296526
vt 0.543752 0.301047
vt 0.587132 0.307486
vt 0.584447 0.329757
vt 0.543969 0.321821
vt 0.543969 0.321821
vt 0.543752 0.301047
vt 0.587132 0.307486
vt 0.584447 0.329757
vt 0.587132 0.307486
vt 0.631151 0.317352
vt 0.631151 0.317352
vt 0.629567 0.345894
vt 0.584447 0.329757
vt 0.629567 0.345894
vt 0.631151 0.317352
vt 0.67588 0.326752
vt 0.67588 0.326752
vt 0.675054 0.357059
vt 0.629567 0.345894
vt 0.681119 0.326405
vt 0.729168 0.320936
vt 0.727466 0.350891
vt 0.727466 0.350891
vt 0.681854 0.356197
vt 0.681119 0.326405
vt 0.775311 0.312259
vt 0.774209 0.34045
vt 0.727466 0.350891
vt 0.727466 0.350891
vt 0.729168 0.320936
vt 0.775311 0.312259
vt 0.816762 0.338759
vt 0.79783 0.339452
vt 0.797858 0.310517
vt 0.797858 0.310517
vt 0.819198 0.310652
vt 0.816762 0.338759
vt 0.836625 0.337055
vt 0.840665 0.3102
vt 0.866079 0.309611
vt 0.866079 0.309611
vt 0.864006 0.33449
vt 0.836625 0.337055
vt 0.892893 0.309284
vt 0.894491 0.331543
vt 0.864006 0.33449
vt 0.864006 0.33449
vt 0.866079 0.309611
vt 0.892893 0.309284
vt 0.73168 0.26265
vt 0.776685 0.264508
vt 0.774953 0.282882
vt 0.774953 0.282882
vt 0.729895 0.27838
vt 0.73168 0.26265
vt 0.696535 0.258652
vt 0.73168 0.26265
vt 0.729895 0.27838
vt 0.729895 0.27838
vt 0.683285 0.272823
vt 0.696535 0.258652
vt 0.632311 0.275014
vt 0.633895 0.260026
vt 0.669574 0.256273
vt 0.669574 0.256273
vt 0.667421 0.274348
vt 0.632311 0.275014
vt 0.588826 0.273557
vt 0.591821 0.256081
vt 0.633895 0.260026
vt 0.633895 0.260026
vt 0.632311 0.275014
vt 0.588826 0.273557
vt 0.545334 0.27099
vt 0.547756 0.252612
vt 0.591821 0.256081
vt 0.591821 0.256081
vt 0.588826 0.273557
vt 0.545334 0.27099
vt 0.547756 0.252612
vt 0.545334 0.27099
vt 0.501608 0.270374
vt 0.501608 0.270374
vt 0.504386 0.251765
vt 0.547756 0.252612
vt 0.466709 0.249337
vt 0.504386 0.251765
vt 0.501608 0.270374
vt 0.501608 0.270374
vt 0.45646 0.268517
vt 0.466709 0.249337
vt 0.963347 0.282322
vt 0.963103 0.263176
vt 0.995746 0.258652
vt 0.995746 0.258652
vt 0.998926 0.279485
vt 0.963347 0.282322
vt 0.927859 0.266313
vt 0.963103 0.263176
vt 0.963347 0.282322
vt 0.963347 0.282322
vt 0.927162 0.283625
vt 0.927859 0.266313
vt 0.895649 0.285178
vt 0.867016 0.284577
vt 0.866739 0.266209
vt 0.866739 0.266209
vt 0.89618 0.266607
vt 0.895649 0.285178
vt 0.866739 0.266209
vt 0.867016 0.284577
vt 0.843073 0.284208
vt 0.843073 0.284208
vt 0.843489 0.266246
vt 0.866739 0.266209
vt 0.821449 0.266301
vt 0.820693 0.285
vt 0.79872 0.282999
vt 0.79872 0.282999
vt 0.799886 0.265038
vt 0.821449 0.266301
vt 0.862521 0.299186
vt 0.891004 0.297497
vt 0.892893 0.309284
vt 0.892893 0.309284
vt 0.866079 0.309611
vt 0.862521 0.299186
vt 0.862521 0.299186
vt 0.866079 0.309611
vt 0.840665 0.3102
vt 0.840665 0.3102
vt 0.839207 0.298609
vt 0.862521 0.299186
vt 0.797858 0.310517
vt 0.800887 0.297627
vt 0.820089 0.297965
vt 0.820089 0.297965
vt 0.819198 0.310652
vt 0.797858 0.310517
vt 0.732383 0.293764
vt 0.780445 0.297514
vt 0.775311 0.312259
vt 0.775311 0.312259
vt 0.729168 0.320936
vt 0.732383 0.293764
vt 0.681119 0.326405
vt 0.68327 0.288235
vt 0.732383 0.293764
vt 0.732383 0.293764
vt 0.729168 0.320936
vt 0.681119 0.326405
vt 0.669929 0.289659
vt 0.67588 0.326752
vt 0.631151 0.317352
vt 0.631151 0.317352
vt 0.6314 0.288944
vt 0.669929 0.289659
vt 0.587132 0.307486
vt 0.587714 0.287062
vt 0.6314 0.288944
vt 0.6314 0.288944
vt 0.631151 0.317352
vt 0.587132 0.307486
vt 0.543752 0.301047
vt 0.544604 0.286547
vt 0.587714 0.287062
vt 0.587714 0.287062
vt 0.587132 0.307486
vt 0.543752 0.301047
vt 0.497615 0.296526
vt 0.498428 0.284946
vt 0.544604 0.286547
vt 0.544604 0.286547
vt 0.543752 0.301047
vt 0.497615 0.296526
vt 0.454402 0.282741
vt 0.498428 0.284946
vt 0.497615 0.296526
vt 0.497615 0.296526
vt 0.446744 0.292169
vt 0.454402 0.282741
vt 0.961295 0.310341
vt 0.963098 0.296985
vt 0.997667 0.295007
vt 0.997667 0.295007
vt 0.995303 0.308456
vt 0.961295 0.310341
vt 0.925432 0.309489
vt 0.925191 0.298336
vt 0.963098 0.296985
vt 0.963098 0.296985
vt 0.961295 0.310341
vt 0.925432 0.309489
vt 0.891004 0.297497
vt 0.862521 0.299186
vt 0.867016 0.284577
vt 0.867016 0.284577
vt 0.895649 0.285178
vt 0.891004 0.297497
vt 0.839207 0.298609
vt 0.843073 0.284208
vt 0.867016 0.284577
vt 0.867016 0.284577
vt 0.862521 0.299186
vt 0.839207 0.298609
vt 0.79872 0.282999
vt 0.820693 0.285
vt 0.820089 0.297965
vt 0.820089 0.297965
vt 0.800887 0.297627
vt 0.79872 0.282999
vt 0.780445 0.297514
vt 0.732383 0.293764
vt 0.729895 0.27838
vt 0.729895 0.27838
vt 0.774953 0.282882
vt 0.780445 0.297514
vt 0.732383 0.293764
vt 0.68327 0.288235
vt 0.683285 0.272823
vt 0.683285 0.272823
vt 0.729895 0.27838
vt 0.732383 0.293764
vt 0.632311 0.275014
vt 0.667421 0.274348
vt 0.669929 0.289659
vt 0.669929 0.289659
vt 0.6314 0.288944
vt 0.632311 0.275014
vt 0.632311 0.275014
vt 0.6314 0.288944
vt 0.587714 0.287062
vt 0.587714 0.287062
vt 0.588826 0.273557
vt 0.632311 0.275014
vt 0.588826 0.273557
vt 0.587714 0.287062
vt 0.544604 0.286547
vt 0.544604 0.286547
vt 0.545334 0.27099
vt 0.588826 0.273557
vt 0.498428 0.284946
vt 0.501608 0.270374
vt 0.545334 0.27099
vt 0.545334 0.27099
vt 0.544604 0.286547
vt 0.498428 0.284946
vt 0.454402 0.282741
vt 0.45646 0.268517
vt 0.501608 0.270374
vt 0.501608 0.270374
vt 0.498428 0.284946
vt 0.454402 0.282741
vt 0.963347 0.282322
vt 0.998926 0.279485
vt 0.997667 0.295007
vt 0.997667 0.295007
vt 0.963098 0.296985
vt 0.963347 0.282322
vt 0.963347 0.282322
vt 0.963098 0.296985
vt 0.925191 0.298336
vt 0.925191 0.298336
vt 0.927162 0.283625
vt 0.963347 0.282322
vt 0.498456 0.147185
vt 0.492954 0.169957
vt 0.490929 0.147
vt 0.476764 0.157152
vt 0.483443 0.150188
vt 0.492954 0.169957
vt 0.47345 0.165713
vt 0.476764 0.157152
vt 0.492954 0.169957
vt 0.47345 0.165713
vt 0.492954 0.169957
vt 0.47395 0.175923
vt 0.480074 0.185147
vt 0.47395 0.175923
vt 0.492954 0.169957
vt 0.490322 0.189581
vt 0.480074 0.185147
vt 0.492954 0.169957
vt 0.501688 0.188912
vt 0.490322 0.189581
vt 0.492954 0.169957
vt 0.509919 0.182888
vt 0.501688 0.188912
vt 0.492954 0.169957
vt 0.514879 0.174148
vt 0.509919 0.182888
vt 0.492954 0.169957
vt 0.514879 0.162075
vt 0.514879 0.174148
vt 0.492954 0.169957
vt 0.508955 0.152267
vt 0.512245 0.156803
vt 0.492954 0.169957
vt 0.498456 0.147185
vt 0.504033 0.14936
vt 0.492954 0.169957
vt 0.441257 0.388816
vt 0.49397 0.389441
vt 0.495909 0.402218
vt 0.495909 0.402218
vt 0.444184 0.399105
vt 0.441257 0.388816
vt 0.53958 0.401987
vt 0.540252 0.417681
vt 0.495909 0.402218
vt 0.495909 0.402218
vt 0.49397 0.389441
vt 0.53958 0.401987
vt 0.583496 0.439139
vt 0.540252 0.417681
vt 0.53958 0.401987
vt 0.53958 0.401987
vt 0.585045 0.423136
vt 0.583496 0.439139
vt 0.621548 0.459985
vt 0.583496 0.439139
vt 0.585045 0.423136
vt 0.585045 0.423136
vt 0.623548 0.443279
vt 0.621548 0.459985
vt 0.657805 0.477508
vt 0.621548 0.459985
vt 0.623548 0.443279
vt 0.623548 0.443279
vt 0.664178 0.463315
vt 0.657805 0.477508
vt 0.736947 0.469187
vt 0.696101 0.481793
vt 0.690231 0.467234
vt 0.690231 0.467234
vt 0.73584 0.451711
vt 0.736947 0.469187
vt 0.736947 0.469187
vt 0.73584 0.451711
vt 0.77681 0.43471
vt 0.77681 0.43471
vt 0.776316 0.448348
vt 0.736947 0.469187
vt 0.799858 0.422102
vt 0.81813 0.414843
vt 0.818947 0.430693
vt 0.818947 0.430693
vt 0.799562 0.437777
vt 0.799858 0.422102
vt 0.863124 0.418783
vt 0.83876 0.424192
vt 0.838399 0.408988
vt 0.838399 0.408988
vt 0.863789 0.405403
vt 0.863124 0.418783
vt 0.863124 0.418783
vt 0.863789 0.405403
vt 0.894809 0.404791
vt 0.894809 0.404791
vt 0.894874 0.419041
vt 0.863124 0.418783
vt 0.955339 0.417794
vt 0.920515 0.418595
vt 0.921503 0.407021
vt 0.921503 0.407021
vt 0.956817 0.407259
vt 0.955339 0.417794
vt 0.987088 0.419613
vt 0.955339 0.417794
vt 0.956817 0.407259
vt 0.956817 0.407259
vt 0.991218 0.409109
vt 0.987088 0.419613
vt 0.490929 0.147
vt 0.492954 0.169957
vt 0.483443 0.150188
vt 0.927859 0.266313
vt 0.927162 0.283625
vt 0.895649 0.285178
vt 0.895649 0.285178
vt 0.89618 0.266607
vt 0.927859 0.266313
vt 0.927162 0.283625
vt 0.925191 0.298336
vt 0.891004 0.297497
vt 0.891004 0.297497
vt 0.895649 0.285178
vt 0.927162 0.283625
vt 0.925191 0.298336
vt 0.925432 0.309489
vt 0.892893 0.309284
vt 0.892893 0.309284
vt 0.891004 0.297497
vt 0.925191 0.298336
vt 0.892893 0.309284
vt 0.925432 0.309489
vt 0.924617 0.329699
vt 0.924617 0.329699
vt 0.894491 0.331543
vt 0.892893 0.309284
vt 0.894874 0.419041
vt 0.894809 0.404791
vt 0.921503 0.407021
vt 0.921503 0.407021
vt 0.920515 0.418595
vt 0.894874 0.419041
vt 0.681854 0.356197
vt 0.727466 0.350891
vt 0.725662 0.371394
vt 0.725662 0.371394
vt 0.680493 0.375606
vt 0.681854 0.356197
vt 0.675054 0.357059
vt 0.677862 0.375565
vt 0.636582 0.364144
vt 0.636582 0.364144
vt 0.629567 0.345894
vt 0.675054 0.357059
vt 0.584447 0.329757
vt 0.629567 0.345894
vt 0.636582 0.364144
vt 0.636582 0.364144
vt 0.591752 0.347077
vt 0.584447 0.329757
vt 0.584447 0.329757
vt 0.591752 0.347077
vt 0.545664 0.343977
vt 0.545664 0.343977
vt 0.543969 0.321821
vt 0.584447 0.329757
vt 0.543969 0.321821
vt 0.545664 0.343977
vt 0.494364 0.343001
vt 0.494364 0.343001
vt 0.498366 0.317307
vt 0.543969 0.321821
vt 0.437688 0.345148
vt 0.445334 0.31165
vt 0.498366 0.317307
vt 0.498366 0.317307
vt 0.494364 0.343001
vt 0.437688 0.345148
vt 0.961067 0.368553
vt 0.960913 0.330516
vt 0.997938 0.328494
vt 0.997938 0.328494
vt 0.994284 0.364986
vt 0.961067 0.368553
vt 0.922304 0.363755
vt 0.924617 0.329699
vt 0.960913 0.330516
vt 0.960913 0.330516
vt 0.961067 0.368553
vt 0.922304 0.363755
vt 0.891913 0.360246
vt 0.894491 0.331543
vt 0.924617 0.329699
vt 0.924617 0.329699
vt 0.922304 0.363755
vt 0.891913 0.360246
vt 0.891913 0.360246
vt 0.862475 0.359506
vt 0.864006 0.33449
vt 0.864006 0.33449
vt 0.894491 0.331543
vt 0.891913 0.360246
vt 0.864006 0.33449
vt 0.862475 0.359506
vt 0.836876 0.359449
vt 0.836876 0.359449
vt 0.836625 0.337055
vt 0.864006 0.33449
vt 0.79783 0.339452
vt 0.816762 0.338759
vt 0.813945 0.358921
vt 0.813945 0.358921
vt 0.794004 0.358799
vt 0.79783 0.339452
vt 0.770551 0.361235
vt 0.725662 0.371394
vt 0.727466 0.350891
vt 0.727466 0.350891
vt 0.774209 0.34045
vt 0.770551 0.361235
vt 0.891913 0.360246
vt 0.893294 0.389177
vt 0.862788 0.39001
vt 0.862788 0.39001
vt 0.862475 0.359506
vt 0.891913 0.360246
vt 0.836171 0.393467
vt 0.836876 0.359449
vt 0.862475 0.359506
vt 0.862475 0.359506
vt 0.862788 0.39001
vt 0.836171 0.393467
vt 0.794004 0.358799
vt 0.813945 0.358921
vt 0.792632 0.36819
vt 0.725662 0.371394
vt 0.770551 0.361235
vt 0.768553 0.378433
vt 0.768553 0.378433
vt 0.728448 0.410195
vt 0.725662 0.371394
vt 0.725662 0.371394
vt 0.728448 0.410195
vt 0.686216 0.458652
vt 0.686216 0.458652
vt 0.680493 0.375606
vt 0.725662 0.371394
vt 0.633704 0.401523
vt 0.636582 0.364144
vt 0.677862 0.375565
vt 0.677862 0.375565
vt 0.668913 0.455486
vt 0.633704 0.401523
vt 0.636582 0.364144
vt 0.633704 0.401523
vt 0.592108 0.365412
vt 0.592108 0.365412
vt 0.591752 0.347077
vt 0.636582 0.364144
vt 0.545664 0.343977
vt 0.591752 0.347077
vt 0.592108 0.365412
vt 0.437688 0.345148
vt 0.494364 0.343001
vt 0.49412 0.375076
vt 0.49412 0.375076
vt 0.439877 0.37444
vt 0.437688 0.345148
vt 0.994284 0.364986
vt 0.996356 0.394235
vt 0.959161 0.39383
vt 0.959161 0.39383
vt 0.961067 0.368553
vt 0.994284 0.364986
vt 0.959161 0.39383
vt 0.921559 0.391793
vt 0.922304 0.363755
vt 0.922304 0.363755
vt 0.961067 0.368553
vt 0.959161 0.39383
vt 0.893294 0.389177
vt 0.891913 0.360246
vt 0.922304 0.363755
vt 0.922304 0.363755
vt 0.921559 0.391793
vt 0.893294 0.389177
vt 0.838399 0.408988
vt 0.83876 0.424192
vt 0.818947 0.430693
vt 0.818947 0.430693
vt 0.81813 0.414843
vt 0.838399 0.408988
vt 0.816762 0.338759
vt 0.836625 0.337055
vt 0.836876 0.359449
vt 0.836876 0.359449
vt 0.813945 0.358921
vt 0.816762 0.338759
vt 0.836625 0.337055
vt 0.816762 0.338759
vt 0.819198 0.310652
vt 0.819198 0.310652
vt 0.840665 0.3102
vt 0.836625 0.337055
vt 0.840665 0.3102
vt 0.819198 0.310652
vt 0.820089 0.297965
vt 0.820089 0.297965
vt 0.839207 0.298609
vt 0.840665 0.3102
vt 0.839207 0.298609
vt 0.820089 0.297965
vt 0.820693 0.285
vt 0.820693 0.285
vt 0.843073 0.284208
vt 0.839207 0.298609
vt 0.820693 0.285
vt 0.821449 0.266301
vt 0.843489 0.266246
vt 0.843489 0.266246
vt 0.843073 0.284208
vt 0.820693 0.285
vt 0.492954 0.169957
vt 0.504033 0.14936
vt 0.508955 0.152267
vt 0.799562 0.437777
vt 0.776316 0.448348
vt 0.77681 0.43471
vt 0.77681 0.43471
vt 0.799858 0.422102
vt 0.799562 0.437777
vt 0.792632 0.36819
vt 0.768553 0.378433
vt 0.770551 0.361235
vt 0.770551 0.361235
vt 0.794004 0.358799
vt 0.792632 0.36819
vt 0.79783 0.339452
vt 0.794004 0.358799
vt 0.770551 0.361235
vt 0.770551 0.361235
vt 0.774209 0.34045
vt 0.79783 0.339452
vt 0.774209 0.34045
vt 0.775311 0.312259
vt 0.797858 0.310517
vt 0.797858 0.310517
vt 0.79783 0.339452
vt 0.774209 0.34045
vt 0.797858 0.310517
vt 0.775311 0.312259
vt 0.780445 0.297514
vt 0.780445 0.297514
vt 0.800887 0.297627
vt 0.797858 0.310517
vt 0.780445 0.297514
vt 0.774953 0.282882
vt 0.79872 0.282999
vt 0.79872 0.282999
vt 0.800887 0.297627
vt 0.780445 0.297514
vt 0.79872 0.282999
vt 0.774953 0.282882
vt 0.776685 0.264508
vt 0.776685 0.264508
vt 0.799886 0.265038
vt 0.79872 0.282999
vt 0.492954 0.169957
vt 0.512245 0.156803
vt 0.514879 0.162075
vt 0.446688 0.149988
vt 0.462795 0.163928
vt 0.443758 0.17397
vt 0.443758 0.17397
vt 0.435213 0.165047
vt 0.446688 0.149988
vt 0.418335 0.13964
vt 0.43215 0.142869
vt 0.426036 0.160366
vt 0.426036 0.160366
vt 0.416744 0.159386
vt 0.418335 0.13964
vt 0.397652 0.163114
vt 0.388795 0.147086
vt 0.403964 0.141739
vt 0.403964 0.141739
vt 0.407471 0.15898
vt 0.397652 0.163114
vt 0.382545 0.176087
vt 0.367557 0.166248
vt 0.388795 0.147086
vt 0.388795 0.147086
vt 0.397652 0.163114
vt 0.382545 0.176087
vt 0.358587 0.193461
vt 0.367557 0.166248
vt 0.382545 0.176087
vt 0.382545 0.176087
vt 0.376721 0.194036
vt 0.358587 0.193461
vt 0.364559 0.221063
vt 0.358587 0.193461
vt 0.376721 0.194036
vt 0.376721 0.194036
vt 0.380551 0.212454
vt 0.364559 0.221063
vt 0.380551 0.212454
vt 0.394288 0.227367
vt 0.383347 0.241955
vt 0.383347 0.241955
vt 0.364559 0.221063
vt 0.380551 0.212454
vt 0.394288 0.227367
vt 0.412646 0.23116
vt 0.411902 0.251753
vt 0.411902 0.251753
vt 0.383347 0.241955
vt 0.394288 0.227367
vt 0.412646 0.23116
vt 0.431056 0.229386
vt 0.441394 0.245266
vt 0.441394 0.245266
vt 0.411902 0.251753
vt 0.412646 0.23116
vt 0.454291 0.19801
vt 0.476942 0.1991
vt 0.469255 0.219493
vt 0.469255 0.219493
vt 0.448646 0.211793
vt 0.454291 0.19801
vt 0.471593 0.178394
vt 0.476942 0.1991
vt 0.454291 0.19801
vt 0.454291 0.19801
vt 0.450306 0.183865
vt 0.471593 0.178394
vt 0.471593 0.178394
vt 0.450306 0.183865
vt 0.443758 0.17397
vt 0.443758 0.17397
vt 0.462795 0.163928
vt 0.471593 0.178394
vt 0.441394 0.245266
vt 0.431056 0.229386
vt 0.448646 0.211793
vt 0.448646 0.211793
vt 0.469255 0.219493
vt 0.441394 0.245266
vt 0.426036 0.160366
vt 0.43215 0.142869
vt 0.446688 0.149988
vt 0.446688 0.149988
vt 0.435213 0.165047
vt 0.426036 0.160366
vt 0.416744 0.159386
vt 0.407471 0.15898
vt 0.403964 0.141739
vt 0.403964 0.141739
vt 0.418335 0.13964
vt 0.416744 0.159386
vt 0.397652 0.163114
vt 0.407471 0.15898
vt 0.414391 0.195591
vt 0.382545 0.176087
vt 0.397652 0.163114
vt 0.414391 0.195591
vt 0.376721 0.194036
vt 0.382545 0.176087
vt 0.414391 0.195591
vt 0.380551 0.212454
vt 0.376721 0.194036
vt 0.414391 0.195591
vt 0.394288 0.227367
vt 0.380551 0.212454
vt 0.414391 0.195591
vt 0.412646 0.23116
vt 0.394288 0.227367
vt 0.414391 0.195591
vt 0.431056 0.229386
vt 0.412646 0.23116
vt 0.414391 0.195591
vt 0.448646 0.211793
vt 0.431056 0.229386
vt 0.414391 0.195591
vt 0.454291 0.19801
vt 0.448646 0.211793
vt 0.414391 0.195591
vt 0.450306 0.183865
vt 0.454291 0.19801
vt 0.414391 0.195591
vt 0.443758 0.17397
vt 0.450306 0.183865
vt 0.414391 0.195591
vt 0.435213 0.165047
vt 0.443758 0.17397
vt 0.414391 0.195591
vt 0.426036 0.160366
vt 0.435213 0.165047
vt 0.414391 0.195591
vt 0.416744 0.159386
vt 0.426036 0.160366
vt 0.414391 0.195591
vt 0.407471 0.15898
vt 0.416744 0.159386
vt 0.414391 0.195591
vt 0.499399 0.450886
vt 0.539677 0.456337
vt 0.538691 0.490533
vt 0.538691 0.490533
vt 0.502675 0.489449
vt 0.499399 0.450886
vt 0.447308 0.452591
vt 0.499399 0.450886
vt 0.502675 0.489449
vt 0.502675 0.489449
vt 0.456039 0.491376
vt 0.447308 0.452591
vt 0.972303 0.472044
vt 0.962442 0.508801
vt 0.935157 0.507825
vt 0.935157 0.507825
vt 0.945012 0.467806
vt 0.972303 0.472044
vt 0.907211 0.505626
vt 0.913396 0.466891
vt 0.945012 0.467806
vt 0.945012 0.467806
vt 0.935157 0.507825
vt 0.907211 0.505626
vt 0.907211 0.505626
vt 0.884604 0.50445
vt 0.889656 0.466746
vt 0.889656 0.466746
vt 0.913396 0.466891
vt 0.907211 0.505626
vt 0.889656 0.466746
vt 0.884604 0.50445
vt 0.856366 0.503069
vt 0.856366 0.503069
vt 0.859605 0.466931
vt 0.889656 0.466746
vt 0.856366 0.503069
vt 0.835141 0.501936
vt 0.837615 0.467207
vt 0.837615 0.467207
vt 0.859605 0.466931
vt 0.856366 0.503069
vt 0.837615 0.467207
vt 0.835141 0.501936
vt 0.816475 0.501627
vt 0.816475 0.501627
vt 0.818338 0.469814
vt 0.837615 0.467207
vt 0.797677 0.501756
vt 0.799599 0.472918
vt 0.818338 0.469814
vt 0.818338 0.469814
vt 0.816475 0.501627
vt 0.797677 0.501756
vt 0.778115 0.477838
vt 0.799599 0.472918
vt 0.797677 0.501756
vt 0.797677 0.501756
vt 0.776313 0.502834
vt 0.778115 0.477838
vt 0.778115 0.477838
vt 0.776313 0.502834
vt 0.738371 0.505107
vt 0.738371 0.505107
vt 0.738804 0.48576
vt 0.778115 0.477838
vt 0.738371 0.505107
vt 0.701989 0.510118
vt 0.698482 0.494107
vt 0.698482 0.494107
vt 0.738804 0.48576
vt 0.738371 0.505107
vt 0.654192 0.489657
vt 0.648745 0.5051
vt 0.613239 0.497358
vt 0.613239 0.497358
vt 0.617222 0.477763
vt 0.654192 0.489657
vt 0.576666 0.492245
vt 0.578434 0.465808
vt 0.617222 0.477763
vt 0.617222 0.477763
vt 0.613239 0.497358
vt 0.576666 0.492245
vt 0.538691 0.490533
vt 0.539677 0.456337
vt 0.578434 0.465808
vt 0.578434 0.465808
vt 0.576666 0.492245
vt 0.538691 0.490533
vt 0.768553 0.378433
vt 0.77611 0.423058
vt 0.736213 0.440425
vt 0.736213 0.440425
vt 0.728448 0.410195
vt 0.768553 0.378433
vt 0.686216 0.458652
vt 0.728448 0.410195
vt 0.736213 0.440425
vt 0.633704 0.401523
vt 0.668913 0.455486
vt 0.625082 0.432214
vt 0.633704 0.401523
vt 0.625082 0.432214
vt 0.58649 0.410331
vt 0.58649 0.410331
vt 0.592108 0.365412
vt 0.633704 0.401523
vt 0.58649 0.410331
vt 0.543903 0.386767
vt 0.545664 0.343977
vt 0.545664 0.343977
vt 0.592108 0.365412
vt 0.58649 0.410331
vt 0.543903 0.386767
vt 0.49412 0.375076
vt 0.494364 0.343001
vt 0.494364 0.343001
vt 0.545664 0.343977
vt 0.543903 0.386767
vt 0.836171 0.393467
vt 0.815413 0.399412
vt 0.813945 0.358921
vt 0.813945 0.358921
vt 0.836876 0.359449
vt 0.836171 0.393467
vt 0.815413 0.399412
vt 0.79763 0.407389
vt 0.792632 0.36819
vt 0.792632 0.36819
vt 0.813945 0.358921
vt 0.815413 0.399412
vt 0.768553 0.378433
vt 0.792632 0.36819
vt 0.79763 0.407389
vt 0.79763 0.407389
vt 0.77611 0.423058
vt 0.768553 0.378433
vt 0.799599 0.472918
vt 0.800427 0.456372
vt 0.819105 0.451075
vt 0.819105 0.451075
vt 0.818338 0.469814
vt 0.799599 0.472918
vt 0.800427 0.456372
vt 0.799599 0.472918
vt 0.778115 0.477838
vt 0.778115 0.477838
vt 0.778304 0.464263
vt 0.800427 0.456372
vt 0.738717 0.478398
vt 0.778304 0.464263
vt 0.778115 0.477838
vt 0.778115 0.477838
vt 0.738804 0.48576
vt 0.738717 0.478398
vt 0.738804 0.48576
vt 0.698482 0.494107
vt 0.696282 0.488977
vt 0.696282 0.488977
vt 0.738717 0.478398
vt 0.738804 0.48576
vt 0.654192 0.489657
vt 0.617222 0.477763
vt 0.61833 0.469876
vt 0.61833 0.469876
vt 0.656654 0.484753
vt 0.654192 0.489657
vt 0.579677 0.453948
vt 0.61833 0.469876
vt 0.617222 0.477763
vt 0.617222 0.477763
vt 0.578434 0.465808
vt 0.579677 0.453948
vt 0.578434 0.465808
vt 0.539677 0.456337
vt 0.54002 0.438092
vt 0.54002 0.438092
vt 0.579677 0.453948
vt 0.578434 0.465808
vt 0.539677 0.456337
vt 0.499399 0.450886
vt 0.497492 0.427541
vt 0.497492 0.427541
vt 0.54002 0.438092
vt 0.539677 0.456337
vt 0.445665 0.427075
vt 0.497492 0.427541
vt 0.499399 0.450886
vt 0.499399 0.450886
vt 0.447308 0.452591
vt 0.445665 0.427075
vt 0.945012 0.467806
vt 0.949991 0.444984
vt 0.979782 0.447129
vt 0.979782 0.447129
vt 0.972303 0.472044
vt 0.945012 0.467806
vt 0.913396 0.466891
vt 0.917683 0.445122
vt 0.949991 0.444984
vt 0.949991 0.444984
vt 0.945012 0.467806
vt 0.913396 0.466891
vt 0.889656 0.466746
vt 0.893058 0.444831
vt 0.917683 0.445122
vt 0.917683 0.445122
vt 0.913396 0.466891
vt 0.889656 0.466746
vt 0.861807 0.44461
vt 0.893058 0.444831
vt 0.889656 0.466746
vt 0.889656 0.466746
vt 0.859605 0.466931
vt 0.861807 0.44461
vt 0.837615 0.467207
vt 0.838914 0.447218
vt 0.861807 0.44461
vt 0.861807 0.44461
vt 0.859605 0.466931
vt 0.837615 0.467207
vt 0.818338 0.469814
vt 0.819105 0.451075
vt 0.838914 0.447218
vt 0.838914 0.447218
vt 0.837615 0.467207
vt 0.818338 0.469814
vt 0.79763 0.407389
vt 0.815413 0.399412
vt 0.81813 0.414843
vt 0.81813 0.414843
vt 0.799858 0.422102
vt 0.79763 0.407389
vt 0.815413 0.399412
vt 0.836171 0.393467
vt 0.838399 0.408988
vt 0.838399 0.408988
vt 0.81813 0.414843
vt 0.815413 0.399412
vt 0.836171 0.393467
vt 0.862788 0.39001
vt 0.863789 0.405403
vt 0.863789 0.405403
vt 0.838399 0.408988
vt 0.836171 0.393467
vt 0.893294 0.389177
vt 0.894809 0.404791
vt 0.863789 0.405403
vt 0.863789 0.405403
vt 0.862788 0.39001
vt 0.893294 0.389177
vt 0.893294 0.389177
vt 0.921559 0.391793
vt 0.921503 0.407021
vt 0.921503 0.407021
vt 0.894809 0.404791
vt 0.893294 0.389177
vt 0.921503 0.407021
vt 0.921559 0.391793
vt 0.959161 0.39383
vt 0.959161 0.39383
vt 0.956817 0.407259
vt 0.921503 0.407021
vt 0.991218 0.409109
vt 0.956817 0.407259
vt 0.959161 0.39383
vt 0.959161 0.39383
vt 0.996356 0.394235
vt 0.991218 0.409109
vt 0.441257 0.388816
vt 0.439877 0.37444
vt 0.49412 0.375076
vt 0.49412 0.375076
vt 0.49397 0.389441
vt 0.441257 0.388816
vt 0.49412 0.375076
vt 0.543903 0.386767
vt 0.53958 0.401987
vt 0.53958 0.401987
vt 0.49397 0.389441
vt 0.49412 0.375076
vt 0.58649 0.410331
vt 0.585045 0.423136
vt 0.53958 0.401987
vt 0.53958 0.401987
vt 0.543903 0.386767
vt 0.58649 0.410331
vt 0.623548 0.443279
vt 0.585045 0.423136
vt 0.58649 0.410331
vt 0.58649 0.410331
vt 0.625082 0.432214
vt 0.623548 0.443279
vt 0.664178 0.463315
vt 0.623548 0.443279
vt 0.625082 0.432214
vt 0.625082 0.432214
vt 0.668913 0.455486
vt 0.664178 0.463315
vt 0.686216 0.458652
vt 0.736213 0.440425
vt 0.73584 0.451711
vt 0.73584 0.451711
vt 0.690231 0.467234
vt 0.686216 0.458652
vt 0.736213 0.440425
vt 0.77611 0.423058
vt 0.77681 0.43471
vt 0.77681 0.43471
vt 0.73584 0.451711
vt 0.736213 0.440425
vt 0.77681 0.43471
vt 0.77611 0.423058
vt 0.79763 0.407389
vt 0.79763 0.407389
vt 0.799858 0.422102
vt 0.77681 0.43471
vt 0.863124 0.418783
vt 0.861807 0.44461
vt 0.838914 0.447218
vt 0.838914 0.447218
vt 0.83876 0.424192
vt 0.863124 0.418783
vt 0.894874 0.419041
vt 0.893058 0.444831
vt 0.861807 0.44461
vt 0.861807 0.44461
vt 0.863124 0.418783
vt 0.894874 0.419041
vt 0.917683 0.445122
vt 0.893058 0.444831
vt 0.894874 0.419041
vt 0.894874 0.419041
vt 0.920515 0.418595
vt 0.917683 0.445122
vt 0.949991 0.444984
vt 0.917683 0.445122
vt 0.920515 0.418595
vt 0.920515 0.418595
vt 0.955339 0.417794
vt 0.949991 0.444984
vt 0.987088 0.419613
vt 0.979782 0.447129
vt 0.949991 0.444984
vt 0.949991 0.444984
vt 0.955339 0.417794
vt 0.987088 0.419613
vt 0.445665 0.427075
vt 0.444184 0.399105
vt 0.495909 0.402218
vt 0.495909 0.402218
vt 0.497492 0.427541
vt 0.445665 0.427075
vt 0.497492 0.427541
vt 0.495909 0.402218
vt 0.540252 0.417681
vt 0.540252 0.417681
vt 0.54002 0.438092
vt 0.497492 0.427541
vt 0.583496 0.439139
vt 0.579677 0.453948
vt 0.54002 0.438092
vt 0.54002 0.438092
vt 0.540252 0.417681
vt 0.583496 0.439139
vt 0.583496 0.439139
vt 0.621548 0.459985
vt 0.61833 0.469876
vt 0.61833 0.469876
vt 0.579677 0.453948
vt 0.583496 0.439139
vt 0.656654 0.484753
vt 0.61833 0.469876
vt 0.621548 0.459985
vt 0.621548 0.459985
vt 0.657805 0.477508
vt 0.656654 0.484753
vt 0.738717 0.478398
vt 0.696282 0.488977
vt 0.696101 0.481793
vt 0.696101 0.481793
vt 0.736947 0.469187
vt 0.738717 0.478398
vt 0.738717 0.478398
vt 0.736947 0.469187
vt 0.776316 0.448348
vt 0.776316 0.448348
vt 0.778304 0.464263
vt 0.738717 0.478398
vt 0.799562 0.437777
vt 0.800427 0.456372
vt 0.778304 0.464263
vt 0.778304 0.464263
vt 0.776316 0.448348
vt 0.799562 0.437777
vt 0.800427 0.456372
vt 0.799562 0.437777
vt 0.818947 0.430693
vt 0.818947 0.430693
vt 0.819105 0.451075
vt 0.800427 0.456372
vt 0.818947 0.430693
vt 0.83876 0.424192
vt 0.838914 0.447218
vt 0.838914 0.447218
vt 0.819105 0.451075
vt 0.818947 0.430693
vt 0.242654 0.106323
vt 0.245666 0.141107
vt 0.204375 0.149769
vt 0.204375 0.149769
vt 0.200176 0.107646
vt 0.242654 0.106323
vt 0.211972 0.162374
vt 0.204375 0.149769
vt 0.245666 0.141107
vt 0.245666 0.141107
vt 0.252532 0.153176
vt 0.211972 0.162374
vt 0.268242 0.056689
vt 0.292785 0.056689
vt 0.294723 0.08022
vt 0.294723 0.08022
vt 0.269599 0.080261
vt 0.268242 0.056689
vt 0.200176 0.107646
vt 0.202927 0.092725
vt 0.244852 0.093081
vt 0.244852 0.093081
vt 0.242654 0.106323
vt 0.200176 0.107646
vt 0.306226 0.120152
vt 0.304004 0.106915
vt 0.317811 0.105004
vt 0.317811 0.105004
vt 0.320032 0.118064
vt 0.306226 0.120152
vt 0.185568 0.109198
vt 0.200176 0.107646
vt 0.204375 0.149769
vt 0.204375 0.149769
vt 0.189619 0.151308
vt 0.185568 0.109198
vt 0.285252 0.141021
vt 0.252532 0.153176
vt 0.245666 0.141107
vt 0.245666 0.141107
vt 0.27531 0.132044
vt 0.285252 0.141021
vt 0.268242 0.056689
vt 0.269599 0.080261
vt 0.249043 0.077428
vt 0.249043 0.077428
vt 0.24802 0.059659
vt 0.268242 0.056689
vt 0.278836 0.094359
vt 0.272426 0.105611
vt 0.242654 0.106323
vt 0.242654 0.106323
vt 0.244852 0.093081
vt 0.278836 0.094359
vt 0.242654 0.106323
vt 0.272426 0.105611
vt 0.27531 0.132044
vt 0.27531 0.132044
vt 0.245666 0.141107
vt 0.242654 0.106323
vt 0.306226 0.120152
vt 0.312361 0.133365
vt 0.285252 0.141021
vt 0.285252 0.141021
vt 0.27531 0.132044
vt 0.306226 0.120152
vt 0.233539 0.072064
vt 0.233092 0.064296
vt 0.24802 0.059659
vt 0.24802 0.059659
vt 0.249043 0.077428
vt 0.233539 0.072064
vt 0.272426 0.105611
vt 0.278836 0.094359
vt 0.30534 0.092725
vt 0.30534 0.092725
vt 0.304004 0.106915
vt 0.272426 0.105611
vt 0.304004 0.106915
vt 0.306226 0.120152
vt 0.27531 0.132044
vt 0.27531 0.132044
vt 0.272426 0.105611
vt 0.304004 0.106915
vt 0.239554 0.202527
vt 0.275614 0.20195
vt 0.275605 0.159086
vt 0.275605 0.159086
vt 0.245588 0.160148
vt 0.239554 0.202527
vt 0.307629 0.201437
vt 0.307007 0.156978
vt 0.275605 0.159086
vt 0.275605 0.159086
vt 0.275614 0.20195
vt 0.307629 0.201437
vt 0.341785 0.201524
vt 0.340846 0.155129
vt 0.307007 0.156978
vt 0.307007 0.156978
vt 0.307629 0.201437
vt 0.341785 0.201524
vt 0.275614 0.20195
vt 0.239554 0.202527
vt 0.245588 0.160148
vt 0.245588 0.160148
vt 0.275605 0.159086
vt 0.275614 0.20195
vt 0.307007 0.156978
vt 0.307629 0.201437
vt 0.275614 0.20195
vt 0.275614 0.20195
vt 0.275605 0.159086
vt 0.307007 0.156978
vt 0.341785 0.201524
vt 0.307629 0.201437
vt 0.307007 0.156978
vt 0.307007 0.156978
vt 0.340846 0.155129
vt 0.341785 0.201524
vt 0.245588 0.160148
vt 0.275605 0.159086
vt 0.275605 0.159086
vt 0.275605 0.159086
vt 0.245588 0.160148
vt 0.245588 0.160148
vt 0.275614 0.20195
vt 0.275614 0.20195
vt 0.239554 0.202527
vt 0.239554 0.202527
vt 0.239554 0.202527
vt 0.275614 0.20195
vt 0.245588 0.160148
vt 0.239554 0.202527
vt 0.239554 0.202527
vt 0.239554 0.202527
vt 0.245588 0.160148
vt 0.245588 0.160148
vt 0.275605 0.159086
vt 0.275605 0.159086
vt 0.307007 0.156978
vt 0.307007 0.156978
vt 0.307007 0.156978
vt 0.275605 0.159086
vt 0.307629 0.201437
vt 0.275614 0.20195
vt 0.275614 0.20195
vt 0.275614 0.20195
vt 0.307629 0.201437
vt 0.307629 0.201437
vt 0.307007 0.156978
vt 0.307007 0.156978
vt 0.340846 0.155129
vt 0.340846 0.155129
vt 0.340846 0.155129
vt 0.307007 0.156978
vt 0.340846 0.155129
vt 0.340846 0.155129
vt 0.341785 0.201524
vt 0.341785 0.201524
vt 0.341785 0.201524
vt 0.340846 0.155129
vt 0.307629 0.201437
vt 0.307629 0.201437
vt 0.341785 0.201524
vt 0.341785 0.201524
vt 0.341785 0.201524
vt 0.307629 0.201437
vt 0.275605 0.159086
vt 0.245588 0.160148
vt 0.239554 0.202527
vt 0.239554 0.202527
vt 0.275614 0.20195
vt 0.275605 0.159086
vt 0.275605 0.159086
vt 0.275614 0.20195
vt 0.307629 0.201437
vt 0.307629 0.201437
vt 0.307007 0.156978
vt 0.275605 0.159086
vt 0.307007 0.156978
vt 0.307629 0.201437
vt 0.341785 0.201524
vt 0.341785 0.201524
vt 0.340846 0.155129
vt 0.307007 0.156978
vt 0.239554 0.202527
vt 0.245588 0.160148
vt 0.275605 0.159086
vt 0.275605 0.159086
vt 0.275614 0.20195
vt 0.239554 0.202527
vt 0.307007 0.156978
vt 0.307629 0.201437
vt 0.275614 0.20195
vt 0.275614 0.20195
vt 0.275605 0.159086
vt 0.307007 0.156978
vt 0.341785 0.201524
vt 0.307629 0.201437
vt 0.307007 0.156978
vt 0.307007 0.156978
vt 0.340846 0.155129
vt 0.341785 0.201524
vt 0.245588 0.160148
vt 0.245588 0.160148
vt 0.275605 0.159086
vt 0.275605 0.159086
vt 0.275605 0.159086
vt 0.245588 0.160148
vt 0.275614 0.20195
vt 0.275614 0.20195
vt 0.239554 0.202527
vt 0.239554 0.202527
vt 0.239554 0.202527
vt 0.275614 0.20195
vt 0.239554 0.202527
vt 0.239554 0.202527
vt 0.245588 0.160148
vt 0.245588 0.160148
vt 0.245588 0.160148
vt 0.239554 0.202527
vt 0.275605 0.159086
vt 0.275605 0.159086
vt 0.307007 0.156978
vt 0.307007 0.156978
vt 0.307007 0.156978
vt 0.275605 0.159086
vt 0.307629 0.201437
vt 0.307629 0.201437
vt 0.275614 0.20195
vt 0.275614 0.20195
vt 0.275614 0.20195
vt 0.307629 0.201437
vt 0.307007 0.156978
vt 0.340846 0.155129
vt 0.340846 0.155129
vt 0.340846 0.155129
vt 0.307007 0.156978
vt 0.307007 0.156978
vt 0.340846 0.155129
vt 0.340846 0.155129
vt 0.341785 0.201524
vt 0.341785 0.201524
vt 0.341785 0.201524
vt 0.340846 0.155129
vt 0.307629 0.201437
vt 0.307629 0.201437
vt 0.341785 0.201524
vt 0.341785 0.201524
vt 0.341785 0.201524
vt 0.307629 0.201437
vt 0.943093 0.03155
vt 0.939382 0.04421
vt 0.905275 0.040635
vt 0.905275 0.040635
vt 0.910007 0.028809
vt 0.943093 0.03155
vt 0.975554 0.031237
vt 0.971221 0.045577
vt 0.939382 0.04421
vt 0.939382 0.04421
vt 0.943093 0.03155
vt 0.975554 0.031237
vt 0.557511 0.048529
vt 0.552955 0.034558
vt 0.583048 0.033918
vt 0.583048 0.033918
vt 0.587315 0.045704
vt 0.557511 0.048529
vt 0.583048 0.033918
vt 0.615055 0.030785
vt 0.61983 0.042659
vt 0.61983 0.042659
vt 0.587315 0.045704
vt 0.583048 0.033918
vt 0.615055 0.030785
vt 0.645966 0.028107
vt 0.649308 0.039854
vt 0.649308 0.039854
vt 0.61983 0.042659
vt 0.615055 0.030785
vt 0.645966 0.028107
vt 0.671793 0.024219
vt 0.676146 0.04045
vt 0.676146 0.04045
vt 0.649308 0.039854
vt 0.645966 0.028107
vt 0.466326 0.087367
vt 0.444254 0.086089
vt 0.445132 0.069425
vt 0.445132 0.069425
vt 0.470284 0.071602
vt 0.466326 0.087367
vt 0.470284 0.071602
vt 0.488792 0.079742
vt 0.481114 0.094847
vt 0.481114 0.094847
vt 0.466326 0.087367
vt 0.470284 0.071602
vt 0.505801 0.09295
vt 0.497989 0.106217
vt 0.481114 0.094847
vt 0.481114 0.094847
vt 0.488792 0.079742
vt 0.505801 0.09295
vt 0.512411 0.122841
vt 0.497989 0.106217
vt 0.505801 0.09295
vt 0.505801 0.09295
vt 0.523235 0.113675
vt 0.512411 0.122841
vt 0.846522 0.035516
vt 0.85307 0.020513
vt 0.879264 0.026248
vt 0.879264 0.026248
vt 0.8763 0.038257
vt 0.846522 0.035516
vt 0.879264 0.026248
vt 0.910007 0.028809
vt 0.905275 0.040635
vt 0.905275 0.040635
vt 0.8763 0.038257
vt 0.879264 0.026248
vt 0.398296 0.091714
vt 0.385897 0.102349
vt 0.37117 0.077891
vt 0.401147 0.077426
vt 0.398296 0.091714
vt 0.37117 0.077891
vt 0.397822 0.063241
vt 0.401147 0.077426
vt 0.37117 0.077891
vt 0.385073 0.053019
vt 0.397822 0.063241
vt 0.37117 0.077891
vt 0.372938 0.049401
vt 0.385073 0.053019
vt 0.37117 0.077891
vt 0.37117 0.077891
vt 0.359247 0.078076
vt 0.35892 0.05382
vt 0.35892 0.05382
vt 0.372938 0.049401
vt 0.37117 0.077891
vt 0.37117 0.077891
vt 0.373858 0.106373
vt 0.359831 0.106521
vt 0.359831 0.106521
vt 0.359247 0.078076
vt 0.37117 0.077891
vt 0.385897 0.102349
vt 0.373858 0.106373
vt 0.37117 0.077891
vt 0.761783 0.065143
vt 0.724668 0.063432
vt 0.722788 0.055907
vt 0.722788 0.055907
vt 0.76123 0.058102
vt 0.761783 0.065143
vt 0.722788 0.055907
vt 0.724668 0.063432
vt 0.687156 0.058177
vt 0.687156 0.058177
vt 0.676146 0.04045
vt 0.722788 0.055907
vt 0.676146 0.04045
vt 0.687156 0.058177
vt 0.656979 0.058123
vt 0.656979 0.058123
vt 0.649308 0.039854
vt 0.676146 0.04045
vt 0.656979 0.058123
vt 0.62616 0.060739
vt 0.61983 0.042659
vt 0.61983 0.042659
vt 0.649308 0.039854
vt 0.656979 0.058123
vt 0.592619 0.063622
vt 0.587315 0.045704
vt 0.61983 0.042659
vt 0.61983 0.042659
vt 0.62616 0.060739
vt 0.592619 0.063622
vt 0.592619 0.063622
vt 0.561199 0.067453
vt 0.557511 0.048529
vt 0.557511 0.048529
vt 0.587315 0.045704
vt 0.592619 0.063622
vt 0.939382 0.04421
vt 0.971221 0.045577
vt 0.965766 0.065176
vt 0.965766 0.065176
vt 0.934175 0.062655
vt 0.939382 0.04421
vt 0.939382 0.04421
vt 0.934175 0.062655
vt 0.901028 0.060558
vt 0.901028 0.060558
vt 0.905275 0.040635
vt 0.939382 0.04421
vt 0.905275 0.040635
vt 0.901028 0.060558
vt 0.868922 0.057877
vt 0.868922 0.057877
vt 0.8763 0.038257
vt 0.905275 0.040635
vt 0.8763 0.038257
vt 0.868922 0.057877
vt 0.839058 0.054871
vt 0.839058 0.054871
vt 0.846522 0.035516
vt 0.8763 0.038257
vt 0.839058 0.054871
vt 0.799082 0.06185
vt 0.800144 0.051636
vt 0.800144 0.051636
vt 0.846522 0.035516
vt 0.839058 0.054871
vt 0.76123 0.058102
vt 0.800144 0.051636
vt 0.799082 0.06185
vt 0.799082 0.06185
vt 0.761783 0.065143
vt 0.76123 0.058102
vt 0.354779 0.078144
vt 0.330872 0.057978
vt 0.341026 0.049401
vt 0.341026 0.049401
vt 0.354457 0.054643
vt 0.354779 0.078144
vt 0.692567 0.029988
vt 0.6917 0.027022
vt 0.726388 0.034321
vt 0.726388 0.034321
vt 0.7273 0.03852
vt 0.692567 0.029988
vt 0.6917 0.027022
vt 0.692567 0.029988
vt 0.681482 0.023743
vt 0.681482 0.023743
vt 0.681305 0.020434
vt 0.6917 0.027022
vt 0.354779 0.078144
vt 0.329261 0.078381
vt 0.330872 0.057978
vt 0.7273 0.03852
vt 0.726388 0.034321
vt 0.761825 0.035106
vt 0.761825 0.035106
vt 0.762009 0.039074
vt 0.7273 0.03852
vt 0.354779 0.078144
vt 0.331452 0.098819
vt 0.329261 0.078381
vt 0.798237 0.026756
vt 0.797325 0.029867
vt 0.762009 0.039074
vt 0.762009 0.039074
vt 0.761825 0.035106
vt 0.798237 0.026756
vt 0.355356 0.105219
vt 0.341837 0.107069
vt 0.331452 0.098819
vt 0.331452 0.098819
vt 0.354779 0.078144
vt 0.355356 0.105219
vt 0.841594 0.014868
vt 0.855269 0.018041
vt 0.85307 0.020513
vt 0.85307 0.020513
vt 0.841447 0.018446
vt 0.841594 0.014868
vt 0.833538 0.017745
vt 0.833231 0.020663
vt 0.797325 0.029867
vt 0.797325 0.029867
vt 0.798237 0.026756
vt 0.833538 0.017745
vt 0.500185 0.127451
vt 0.497989 0.106217
vt 0.512411 0.122841
vt 0.512411 0.122841
vt 0.516882 0.136883
vt 0.500185 0.127451
vt 0.525541 0.136373
vt 0.516882 0.136883
vt 0.512411 0.122841
vt 0.512411 0.122841
vt 0.523235 0.113675
vt 0.525541 0.136373
vt 0.325343 0.103231
vt 0.31173 0.092955
vt 0.331452 0.098819
vt 0.331452 0.098819
vt 0.341837 0.107069
vt 0.325343 0.103231
vt 0.329261 0.078381
vt 0.331452 0.098819
vt 0.31173 0.092955
vt 0.31173 0.092955
vt 0.303341 0.078839
vt 0.329261 0.078381
vt 0.315252 0.053988
vt 0.341026 0.049401
vt 0.330872 0.057978
vt 0.330872 0.057978
vt 0.302859 0.064646
vt 0.315252 0.053988
vt 0.445132 0.069425
vt 0.444254 0.086089
vt 0.426508 0.106877
vt 0.426508 0.106877
vt 0.417561 0.094695
vt 0.445132 0.069425
vt 0.466326 0.087367
vt 0.446537 0.111895
vt 0.426508 0.106877
vt 0.426508 0.106877
vt 0.444254 0.086089
vt 0.466326 0.087367
vt 0.470749 0.123456
vt 0.481114 0.094847
vt 0.497989 0.106217
vt 0.497989 0.106217
vt 0.500185 0.127451
vt 0.470749 0.123456
vt 0.481114 0.094847
vt 0.470749 0.123456
vt 0.446537 0.111895
vt 0.446537 0.111895
vt 0.466326 0.087367
vt 0.481114 0.094847
vt 0.330872 0.057978
vt 0.329261 0.078381
vt 0.303341 0.078839
vt 0.303341 0.078839
vt 0.302859 0.064646
vt 0.330872 0.057978
vt 0.793373 0.106452
vt 0.792954 0.15308
vt 0.762976 0.153391
vt 0.762976 0.153391
vt 0.762553 0.10574
vt 0.793373 0.106452
vt 0.793373 0.106452
vt 0.828107 0.107903
vt 0.827946 0.152621
vt 0.827946 0.152621
vt 0.792954 0.15308
vt 0.793373 0.106452
vt 0.860392 0.109625
vt 0.86059 0.153007
vt 0.827946 0.152621
vt 0.827946 0.152621
vt 0.828107 0.107903
vt 0.860392 0.109625
vt 0.86059 0.153007
vt 0.860392 0.109625
vt 0.891469 0.110252
vt 0.891469 0.110252
vt 0.897295 0.153845
vt 0.86059 0.153007
vt 0.891469 0.110252
vt 0.924793 0.110818
vt 0.9308 0.154552
vt 0.9308 0.154552
vt 0.897295 0.153845
vt 0.891469 0.110252
vt 0.924793 0.110818
vt 0.954129 0.111739
vt 0.961465 0.154205
vt 0.961465 0.154205
vt 0.9308 0.154552
vt 0.924793 0.110818
vt 0.596199 0.154517
vt 0.564988 0.15314
vt 0.572961 0.112073
vt 0.572961 0.112073
vt 0.603068 0.111647
vt 0.596199 0.154517
vt 0.630187 0.154281
vt 0.596199 0.154517
vt 0.603068 0.111647
vt 0.603068 0.111647
vt 0.636253 0.111673
vt 0.630187 0.154281
vt 0.666442 0.1537
vt 0.630187 0.154281
vt 0.636253 0.111673
vt 0.636253 0.111673
vt 0.666433 0.110605
vt 0.666442 0.1537
vt 0.69863 0.153185
vt 0.666442 0.1537
vt 0.666433 0.110605
vt 0.666433 0.110605
vt 0.698005 0.108485
vt 0.69863 0.153185
vt 0.732026 0.106626
vt 0.732971 0.153272
vt 0.69863 0.153185
vt 0.69863 0.153185
vt 0.698005 0.108485
vt 0.732026 0.106626
vt 0.732026 0.106626
vt 0.762553 0.10574
vt 0.762976 0.153391
vt 0.762976 0.153391
vt 0.732971 0.153272
vt 0.732026 0.106626
vt 0.48941 0.006635
vt 0.492461 0.017623
vt 0.459168 0.026012
vt 0.459168 0.026012
vt 0.456605 0.01479
vt 0.48941 0.006635
vt 0.428487 0.030543
vt 0.425735 0.019508
vt 0.456605 0.01479
vt 0.456605 0.01479
vt 0.459168 0.026012
vt 0.428487 0.030543
vt 0.425735 0.019508
vt 0.428487 0.030543
vt 0.388569 0.032601
vt 0.388569 0.032601
vt 0.386715 0.021685
vt 0.425735 0.019508
vt 0.388569 0.032601
vt 0.352921 0.032325
vt 0.352687 0.021425
vt 0.352687 0.021425
vt 0.386715 0.021685
vt 0.388569 0.032601
vt 0.352921 0.032325
vt 0.31727 0.032566
vt 0.318662 0.02166
vt 0.318662 0.02166
vt 0.352687 0.021425
vt 0.352921 0.032325
vt 0.318662 0.02166
vt 0.31727 0.032566
vt 0.277334 0.031077
vt 0.277334 0.031077
vt 0.27961 0.020068
vt 0.318662 0.02166
vt 0.277334 0.031077
vt 0.246535 0.027411
vt 0.248623 0.016239
vt 0.248623 0.016239
vt 0.27961 0.020068
vt 0.277334 0.031077
vt 0.215016 0.006635
vt 0.248623 0.016239
vt 0.246535 0.027411
vt 0.246535 0.027411
vt 0.212155 0.017306
vt 0.215016 0.006635
vt 0.244875 0.051815
vt 0.212155 0.06106
vt 0.241526 0.041327
vt 0.241526 0.041327
vt 0.304918 0.03269
vt 0.306735 0.043031
vt 0.306735 0.043031
vt 0.244875 0.051815
vt 0.241526 0.041327
vt 0.344921 0.032438
vt 0.346155 0.043053
vt 0.306735 0.043031
vt 0.306735 0.043031
vt 0.304918 0.03269
vt 0.344921 0.032438
vt 0.37975 0.033277
vt 0.379237 0.044062
vt 0.346155 0.043053
vt 0.346155 0.043053
vt 0.344921 0.032438
vt 0.37975 0.033277
vt 0.419927 0.03325
vt 0.418245 0.043698
vt 0.379237 0.044062
vt 0.379237 0.044062
vt 0.37975 0.033277
vt 0.419927 0.03325
vt 0.459257 0.045319
vt 0.418245 0.043698
vt 0.419927 0.03325
vt 0.419927 0.03325
vt 0.461712 0.035256
vt 0.459257 0.045319
vt 0.459257 0.045319
vt 0.461712 0.035256
vt 0.502501 0.042161
vt 0.502501 0.042161
vt 0.49853 0.052006
vt 0.459257 0.045319
vt 0.530003 0.061061
vt 0.49853 0.052006
vt 0.502501 0.042161
vt 0.827946 0.152621
vt 0.86059 0.153007
vt 0.863717 0.214613
vt 0.863717 0.214613
vt 0.830024 0.215984
vt 0.827946 0.152621
vt 0.903362 0.213331
vt 0.863717 0.214613
vt 0.86059 0.153007
vt 0.86059 0.153007
vt 0.897295 0.153845
vt 0.903362 0.213331
vt 0.9308 0.154552
vt 0.939859 0.211986
vt 0.903362 0.213331
vt 0.903362 0.213331
vt 0.897295 0.153845
vt 0.9308 0.154552
vt 0.961465 0.154205
vt 0.974836 0.210015
vt 0.939859 0.211986
vt 0.939859 0.211986
vt 0.9308 0.154552
vt 0.961465 0.154205
vt 0.596199 0.154517
vt 0.586965 0.211866
vt 0.552359 0.207974
vt 0.552359 0.207974
vt 0.564988 0.15314
vt 0.596199 0.154517
vt 0.630187 0.154281
vt 0.623178 0.214457
vt 0.586965 0.211866
vt 0.586965 0.211866
vt 0.596199 0.154517
vt 0.630187 0.154281
vt 0.623178 0.214457
vt 0.630187 0.154281
vt 0.666442 0.1537
vt 0.666442 0.1537
vt 0.661684 0.216605
vt 0.623178 0.214457
vt 0.661684 0.216605
vt 0.666442 0.1537
vt 0.69863 0.153185
vt 0.69863 0.153185
vt 0.694273 0.217954
vt 0.661684 0.216605
vt 0.69863 0.153185
vt 0.732971 0.153272
vt 0.729215 0.219291
vt 0.729215 0.219291
vt 0.694273 0.217954
vt 0.69863 0.153185
vt 0.792954 0.15308
vt 0.827946 0.152621
vt 0.830024 0.215984
vt 0.830024 0.215984
vt 0.795052 0.217837
vt 0.792954 0.15308
vt 0.72995 0.090708
vt 0.762941 0.089949
vt 0.762553 0.10574
vt 0.762553 0.10574
vt 0.732026 0.106626
vt 0.72995 0.090708
vt 0.796305 0.090963
vt 0.793373 0.106452
vt 0.762553 0.10574
vt 0.762553 0.10574
vt 0.762941 0.089949
vt 0.796305 0.090963
vt 0.828107 0.107903
vt 0.793373 0.106452
vt 0.796305 0.090963
vt 0.796305 0.090963
vt 0.830933 0.092229
vt 0.828107 0.107903
vt 0.828107 0.107903
vt 0.830933 0.092229
vt 0.862472 0.093742
vt 0.862472 0.093742
vt 0.860392 0.109625
vt 0.828107 0.107903
vt 0.891469 0.110252
vt 0.860392 0.109625
vt 0.862472 0.093742
vt 0.862472 0.093742
vt 0.89174 0.094862
vt 0.891469 0.110252
vt 0.924793 0.110818
vt 0.891469 0.110252
vt 0.89174 0.094862
vt 0.89174 0.094862
vt 0.924464 0.095597
vt 0.924793 0.110818
vt 0.924464 0.095597
vt 0.955531 0.097076
vt 0.954129 0.111739
vt 0.954129 0.111739
vt 0.924793 0.110818
vt 0.924464 0.095597
vt 0.570569 0.098186
vt 0.602109 0.09762
vt 0.603068 0.111647
vt 0.603068 0.111647
vt 0.572961 0.112073
vt 0.570569 0.098186
vt 0.634956 0.096922
vt 0.636253 0.111673
vt 0.603068 0.111647
vt 0.603068 0.111647
vt 0.602109 0.09762
vt 0.634956 0.096922
vt 0.664118 0.0955
vt 0.666433 0.110605
vt 0.636253 0.111673
vt 0.636253 0.111673
vt 0.634956 0.096922
vt 0.664118 0.0955
vt 0.695704 0.092633
vt 0.698005 0.108485
vt 0.666433 0.110605
vt 0.666433 0.110605
vt 0.664118 0.0955
vt 0.695704 0.092633
vt 0.698005 0.108485
vt 0.695704 0.092633
vt 0.72995 0.090708
vt 0.72995 0.090708
vt 0.732026 0.106626
vt 0.698005 0.108485
vt 0.762368 0.218423
vt 0.729215 0.219291
vt 0.732971 0.153272
vt 0.732971 0.153272
vt 0.762976 0.153391
vt 0.762368 0.218423
vt 0.762368 0.218423
vt 0.762976 0.153391
vt 0.792954 0.15308
vt 0.792954 0.15308
vt 0.795052 0.217837
vt 0.762368 0.218423
vt 0.831111 0.075808
vt 0.830933 0.092229
vt 0.796305 0.090963
vt 0.796305 0.090963
vt 0.796261 0.074845
vt 0.831111 0.075808
vt 0.86551 0.077395
vt 0.862472 0.093742
vt 0.830933 0.092229
vt 0.830933 0.092229
vt 0.831111 0.075808
vt 0.86551 0.077395
vt 0.862472 0.093742
vt 0.86551 0.077395
vt 0.896539 0.079782
vt 0.896539 0.079782
vt 0.89174 0.094862
vt 0.862472 0.093742
vt 0.924464 0.095597
vt 0.89174 0.094862
vt 0.896539 0.079782
vt 0.896539 0.079782
vt 0.928107 0.080529
vt 0.924464 0.095597
vt 0.956292 0.082445
vt 0.955531 0.097076
vt 0.924464 0.095597
vt 0.924464 0.095597
vt 0.928107 0.080529
vt 0.956292 0.082445
vt 0.602109 0.09762
vt 0.570569 0.098186
vt 0.568053 0.084169
vt 0.568053 0.084169
vt 0.596645 0.082099
vt 0.602109 0.09762
vt 0.596645 0.082099
vt 0.630479 0.081514
vt 0.634956 0.096922
vt 0.634956 0.096922
vt 0.602109 0.09762
vt 0.596645 0.082099
vt 0.664118 0.0955
vt 0.634956 0.096922
vt 0.630479 0.081514
vt 0.630479 0.081514
vt 0.662253 0.078367
vt 0.664118 0.0955
vt 0.662253 0.078367
vt 0.69585 0.075705
vt 0.695704 0.092633
vt 0.695704 0.092633
vt 0.664118 0.0955
vt 0.662253 0.078367
vt 0.72995 0.090708
vt 0.695704 0.092633
vt 0.69585 0.075705
vt 0.69585 0.075705
vt 0.73 0.074359
vt 0.72995 0.090708
vt 0.73 0.074359
vt 0.763142 0.074075
vt 0.762941 0.089949
vt 0.762941 0.089949
vt 0.72995 0.090708
vt 0.73 0.074359
vt 0.762941 0.089949
vt 0.763142 0.074075
vt 0.796261 0.074845
vt 0.796261 0.074845
vt 0.796305 0.090963
vt 0.762941 0.089949
vt 0.799082 0.06185
vt 0.796261 0.074845
vt 0.763142 0.074075
vt 0.763142 0.074075
vt 0.761783 0.065143
vt 0.799082 0.06185
vt 0.73 0.074359
vt 0.724668 0.063432
vt 0.761783 0.065143
vt 0.761783 0.065143
vt 0.763142 0.074075
vt 0.73 0.074359
vt 0.724668 0.063432
vt 0.73 0.074359
vt 0.69585 0.075705
vt 0.69585 0.075705
vt 0.687156 0.058177
vt 0.724668 0.063432
vt 0.687156 0.058177
vt 0.69585 0.075705
vt 0.662253 0.078367
vt 0.662253 0.078367
vt 0.656979 0.058123
vt 0.687156 0.058177
vt 0.630479 0.081514
vt 0.62616 0.060739
vt 0.656979 0.058123
vt 0.656979 0.058123
vt 0.662253 0.078367
vt 0.630479 0.081514
vt 0.62616 0.060739
vt 0.630479 0.081514
vt 0.596645 0.082099
vt 0.596645 0.082099
vt 0.592619 0.063622
vt 0.62616 0.060739
vt 0.561199 0.067453
vt 0.592619 0.063622
vt 0.596645 0.082099
vt 0.596645 0.082099
vt 0.568053 0.084169
vt 0.561199 0.067453
vt 0.965766 0.065176
vt 0.956292 0.082445
vt 0.928107 0.080529
vt 0.928107 0.080529
vt 0.934175 0.062655
vt 0.965766 0.065176
vt 0.896539 0.079782
vt 0.901028 0.060558
vt 0.934175 0.062655
vt 0.934175 0.062655
vt 0.928107 0.080529
vt 0.896539 0.079782
vt 0.896539 0.079782
vt 0.86551 0.077395
vt 0.868922 0.057877
vt 0.868922 0.057877
vt 0.901028 0.060558
vt 0.896539 0.079782
vt 0.839058 0.054871
vt 0.868922 0.057877
vt 0.86551 0.077395
vt 0.86551 0.077395
vt 0.831111 0.075808
vt 0.839058 0.054871
vt 0.839058 0.054871
vt 0.831111 0.075808
vt 0.796261 0.074845
vt 0.796261 0.074845
vt 0.799082 0.06185
vt 0.839058 0.054871
vt 0.529012 0.111539
vt 0.523235 0.113675
vt 0.505801 0.09295
vt 0.505801 0.09295
vt 0.517621 0.084449
vt 0.529012 0.111539
vt 0.530323 0.136126
vt 0.525541 0.136373
vt 0.523235 0.113675
vt 0.523235 0.113675
vt 0.529012 0.111539
vt 0.530323 0.136126
vt 0.525541 0.136373
vt 0.530323 0.136126
vt 0.529811 0.154378
vt 0.529811 0.154378
vt 0.522388 0.157223
vt 0.525541 0.136373
vt 0.529811 0.154378
vt 0.532977 0.173271
vt 0.525127 0.174574
vt 0.525127 0.174574
vt 0.522388 0.157223
vt 0.529811 0.154378
vt 0.535364 0.191389
vt 0.527687 0.193047
vt 0.525127 0.174574
vt 0.525127 0.174574
vt 0.532977 0.173271
vt 0.535364 0.191389
vt 0.527687 0.193047
vt 0.535364 0.191389
vt 0.537003 0.215267
vt 0.537003 0.215267
vt 0.529023 0.215198
vt 0.527687 0.193047
vt 0.537003 0.215267
vt 0.535133 0.23526
vt 0.527013 0.234379
vt 0.527013 0.234379
vt 0.529023 0.215198
vt 0.537003 0.215267
vt 0.356477 0.164949
vt 0.349904 0.16035
vt 0.361683 0.14443
vt 0.361683 0.14443
vt 0.367976 0.149312
vt 0.356477 0.164949
vt 0.367976 0.149312
vt 0.361683 0.14443
vt 0.377352 0.12828
vt 0.377352 0.12828
vt 0.382348 0.13462
vt 0.367976 0.149312
vt 0.377352 0.12828
vt 0.389934 0.116571
vt 0.394967 0.122584
vt 0.394967 0.122584
vt 0.382348 0.13462
vt 0.377352 0.12828
vt 0.394967 0.122584
vt 0.389934 0.116571
vt 0.403135 0.103164
vt 0.403135 0.103164
vt 0.4082 0.112834
vt 0.394967 0.122584
vt 0.414056 0.089036
vt 0.417561 0.094695
vt 0.4082 0.112834
vt 0.4082 0.112834
vt 0.403135 0.103164
vt 0.414056 0.089036
vt 0.445132 0.069425
vt 0.417561 0.094695
vt 0.414056 0.089036
vt 0.414056 0.089036
vt 0.441143 0.063164
vt 0.445132 0.069425
vt 0.445132 0.069425
vt 0.441143 0.063164
vt 0.470629 0.056847
vt 0.470629 0.056847
vt 0.470284 0.071602
vt 0.445132 0.069425
vt 0.494937 0.062623
vt 0.488792 0.079742
vt 0.470284 0.071602
vt 0.470284 0.071602
vt 0.470629 0.056847
vt 0.494937 0.062623
vt 0.488792 0.079742
vt 0.494937 0.062623
vt 0.517621 0.084449
vt 0.517621 0.084449
vt 0.505801 0.09295
vt 0.488792 0.079742
vt 0.359831 0.106521
vt 0.355356 0.105219
vt 0.354779 0.078144
vt 0.354779 0.078144
vt 0.359247 0.078076
vt 0.359831 0.106521
vt 0.35892 0.05382
vt 0.359247 0.078076
vt 0.354779 0.078144
vt 0.354779 0.078144
vt 0.354457 0.054643
vt 0.35892 0.05382
vt 0.833231 0.020663
vt 0.841447 0.018446
vt 0.85307 0.020513
vt 0.85307 0.020513
vt 0.846522 0.035516
vt 0.833231 0.020663
vt 0.797325 0.029867
vt 0.833231 0.020663
vt 0.846522 0.035516
vt 0.846522 0.035516
vt 0.800144 0.051636
vt 0.797325 0.029867
vt 0.762009 0.039074
vt 0.797325 0.029867
vt 0.800144 0.051636
vt 0.800144 0.051636
vt 0.76123 0.058102
vt 0.762009 0.039074
vt 0.722788 0.055907
vt 0.7273 0.03852
vt 0.762009 0.039074
vt 0.762009 0.039074
vt 0.76123 0.058102
vt 0.722788 0.055907
vt 0.676146 0.04045
vt 0.692567 0.029988
vt 0.7273 0.03852
vt 0.7273 0.03852
vt 0.722788 0.055907
vt 0.676146 0.04045
vt 0.671793 0.024219
vt 0.681482 0.023743
vt 0.692567 0.029988
vt 0.692567 0.029988
vt 0.676146 0.04045
vt 0.671793 0.024219
vt 0.880798 0.023695
vt 0.879264 0.026248
vt 0.85307 0.020513
vt 0.85307 0.020513
vt 0.855269 0.018041
vt 0.880798 0.023695
vt 0.910916 0.026401
vt 0.910007 0.028809
vt 0.879264 0.026248
vt 0.879264 0.026248
vt 0.880798 0.023695
vt 0.910916 0.026401
vt 0.943093 0.03155
vt 0.910007 0.028809
vt 0.910916 0.026401
vt 0.910916 0.026401
vt 0.943544 0.028998
vt 0.943093 0.03155
vt 0.943544 0.028998
vt 0.975379 0.028557
vt 0.975554 0.031237
vt 0.975554 0.031237
vt 0.943093 0.03155
vt 0.943544 0.028998
vt 0.582573 0.031583
vt 0.583048 0.033918
vt 0.552955 0.034558
vt 0.552955 0.034558
vt 0.552962 0.032185
vt 0.582573 0.031583
vt 0.614246 0.028198
vt 0.615055 0.030785
vt 0.583048 0.033918
vt 0.583048 0.033918
vt 0.582573 0.031583
vt 0.614246 0.028198
vt 0.644752 0.025221
vt 0.645966 0.028107
vt 0.615055 0.030785
vt 0.615055 0.030785
vt 0.614246 0.028198
vt 0.644752 0.025221
vt 0.669365 0.021244
vt 0.671793 0.024219
vt 0.645966 0.028107
vt 0.645966 0.028107
vt 0.644752 0.025221
vt 0.669365 0.021244
vt 0.681305 0.020434
vt 0.681482 0.023743
vt 0.671793 0.024219
vt 0.671793 0.024219
vt 0.669365 0.021244
vt 0.681305 0.020434
vt 0.841447 0.018446
vt 0.833231 0.020663
vt 0.833538 0.017745
vt 0.833538 0.017745
vt 0.841594 0.014868
vt 0.841447 0.018446
vt 0.525541 0.136373
vt 0.522388 0.157223
vt 0.517814 0.158776
vt 0.517814 0.158776
vt 0.516377 0.150491
vt 0.525541 0.136373
vt 0.522388 0.157223
vt 0.525127 0.174574
vt 0.520542 0.175511
vt 0.520542 0.175511
vt 0.517814 0.158776
vt 0.522388 0.157223
vt 0.527687 0.193047
vt 0.523162 0.193337
vt 0.520542 0.175511
vt 0.520542 0.175511
vt 0.525127 0.174574
vt 0.527687 0.193047
vt 0.529023 0.215198
vt 0.524423 0.215034
vt 0.523162 0.193337
vt 0.523162 0.193337
vt 0.527687 0.193047
vt 0.529023 0.215198
vt 0.524423 0.215034
vt 0.529023 0.215198
vt 0.527013 0.234379
vt 0.527013 0.234379
vt 0.522291 0.233701
vt 0.524423 0.215034
vt 0.367976 0.149312
vt 0.371714 0.152119
vt 0.360589 0.167317
vt 0.360589 0.167317
vt 0.356477 0.164949
vt 0.367976 0.149312
vt 0.367976 0.149312
vt 0.382348 0.13462
vt 0.385707 0.137694
vt 0.385707 0.137694
vt 0.371714 0.152119
vt 0.367976 0.149312
vt 0.397845 0.126148
vt 0.385707 0.137694
vt 0.382348 0.13462
vt 0.382348 0.13462
vt 0.394967 0.122584
vt 0.397845 0.126148
vt 0.411412 0.117834
vt 0.397845 0.126148
vt 0.394967 0.122584
vt 0.394967 0.122584
vt 0.4082 0.112834
vt 0.411412 0.117834
vt 0.415882 0.113914
vt 0.411412 0.117834
vt 0.4082 0.112834
vt 0.4082 0.112834
vt 0.417561 0.094695
vt 0.415882 0.113914
vt 0.422938 0.115924
vt 0.415882 0.113914
vt 0.417561 0.094695
vt 0.417561 0.094695
vt 0.426508 0.106877
vt 0.422938 0.115924
vt 0.422938 0.115924
vt 0.426508 0.106877
vt 0.446537 0.111895
vt 0.446537 0.111895
vt 0.444673 0.12116
vt 0.422938 0.115924
vt 0.444673 0.12116
vt 0.446537 0.111895
vt 0.470749 0.123456
vt 0.470749 0.123456
vt 0.467254 0.130675
vt 0.444673 0.12116
vt 0.500185 0.127451
vt 0.492303 0.136864
vt 0.467254 0.130675
vt 0.467254 0.130675
vt 0.470749 0.123456
vt 0.500185 0.127451
vt 0.512435 0.146863
vt 0.492303 0.136864
vt 0.500185 0.127451
vt 0.500185 0.127451
vt 0.516882 0.136883
vt 0.512435 0.146863
vt 0.516882 0.136883
vt 0.525541 0.136373
vt 0.516377 0.150491
vt 0.516377 0.150491
vt 0.512435 0.146863
vt 0.516882 0.136883
vt 0.762553 0.10574
vt 0.762553 0.10574
vt 0.793373 0.106452
vt 0.793373 0.106452
vt 0.793373 0.106452
vt 0.762553 0.10574
vt 0.793373 0.106452
vt 0.828107 0.107903
vt 0.793373 0.106452
vt 0.732026 0.106626
vt 0.762553 0.10574
vt 0.762553 0.10574
vt 0.762553 0.10574
vt 0.732026 0.106626
vt 0.732026 0.106626
vt 0.732026 0.106626
vt 0.732971 0.153272
vt 0.732971 0.153272
vt 0.732971 0.153272
vt 0.732026 0.106626
vt 0.732026 0.106626
vt 0.830024 0.215984
vt 0.795052 0.217837
vt 0.795052 0.217837
vt 0.762368 0.218423
vt 0.762368 0.218423
vt 0.729215 0.219291
vt 0.729215 0.219291
vt 0.729215 0.219291
vt 0.762368 0.218423
vt 0.729215 0.219291
vt 0.732971 0.153272
vt 0.732971 0.153272
vt 0.732971 0.153272
vt 0.729215 0.219291
vt 0.729215 0.219291
vt 0.795052 0.217837
vt 0.762368 0.218423
vt 0.762368 0.218423
vt 0.762368 0.218423
vt 0.795052 0.217837
vt 0.795052 0.217837
vt 0.242654 0.106323
vt 0.245666 0.141107
vt 0.204375 0.149769
vt 0.204375 0.149769
vt 0.200176 0.107646
vt 0.242654 0.106323
vt 0.245666 0.141107
vt 0.252532 0.153176
vt 0.211972 0.162374
vt 0.211972 0.162374
vt 0.204375 0.149769
vt 0.245666 0.141107
vt 0.268242 0.056689
vt 0.292785 0.056689
vt 0.294723 0.08022
vt 0.294723 0.08022
vt 0.269599 0.080261
vt 0.268242 0.056689
vt 0.202927 0.092725
vt 0.244852 0.093081
vt 0.242654 0.106323
vt 0.242654 0.106323
vt 0.200176 0.107646
vt 0.202927 0.092725
vt 0.304004 0.106915
vt 0.317811 0.105004
vt 0.320032 0.118064
vt 0.320032 0.118064
vt 0.306226 0.120152
vt 0.304004 0.106915
vt 0.185568 0.109198
vt 0.200176 0.107646
vt 0.204375 0.149769
vt 0.204375 0.149769
vt 0.189619 0.151308
vt 0.185568 0.109198
vt 0.285252 0.141021
vt 0.252532 0.153176
vt 0.245666 0.141107
vt 0.245666 0.141107
vt 0.27531 0.132044
vt 0.285252 0.141021
vt 0.269599 0.080261
vt 0.249043 0.077428
vt 0.24802 0.059659
vt 0.24802 0.059659
vt 0.268242 0.056689
vt 0.269599 0.080261
vt 0.242654 0.106323
vt 0.244852 0.093081
vt 0.278836 0.094359
vt 0.278836 0.094359
vt 0.272426 0.105611
vt 0.242654 0.106323
vt 0.27531 0.132044
vt 0.245666 0.141107
vt 0.242654 0.106323
vt 0.242654 0.106323
vt 0.272426 0.105611
vt 0.27531 0.132044
vt 0.27531 0.132044
vt 0.306226 0.120152
vt 0.312361 0.133365
vt 0.312361 0.133365
vt 0.285252 0.141021
vt 0.27531 0.132044
vt 0.249043 0.077428
vt 0.233539 0.072064
vt 0.233092 0.064296
vt 0.233092 0.064296
vt 0.24802 0.059659
vt 0.249043 0.077428
vt 0.272426 0.105611
vt 0.278836 0.094359
vt 0.30534 0.092725
vt 0.30534 0.092725
vt 0.304004 0.106915
vt 0.272426 0.105611
vt 0.27531 0.132044
vt 0.272426 0.105611
vt 0.304004 0.106915
vt 0.304004 0.106915
vt 0.306226 0.120152
vt 0.27531 0.132044

usemtl Material

f 1/1/1 2/2/2 3/3/3
f 4/4/4 5/5/5 6/6/6
f 7/7/7 8/8/8 9/9/9
f 10/10/10 11/11/11 12/12/12
f 13/13/13 14/14/14 15/15/15
f 16/16/16 17/17/17 18/18/18
f 19/19/19 20/20/20 21/21/21
f 22/22/22 23/23/23 24/24/24
f 25/25/25 26/26/26 27/27/27
f 28/28/28 29/29/29 30/30/30
f 31/31/31 32/32/32 33/33/33
f 34/34/34 35/35/35 36/36/36
f 37/37/37 38/38/38 39/39/39
f 40/40/40 41/41/41 42/42/42
f 43/43/43 44/44/44 45/45/45
f 46/46/46 47/47/47 48/48/48
f 49/49/49 50/50/50 51/51/51
f 52/52/52 53/53/53 54/54/54
f 55/55/55 56/56/56 57/57/57
f 58/58/58 59/59/59 60/60/60
f 61/61/61 62/62/62 63/63/63
f 64/64/64 65/65/65 66/66/66
f 67/67/67 68/68/68 69/69/69
f 70/70/70 71/71/71 72/72/72
f 73/73/73 74/74/74 75/75/75
f 76/76/76 77/77/77 78/78/78
f 79/79/79 80/80/80 81/81/81
f 82/82/82 83/83/83 84/84/84
f 85/85/85 86/86/86 87/87/87
f 88/88/88 89/89/89 90/90/90
f 91/91/91 92/92/92 93/93/93
f 94/94/94 95/95/95 96/96/96
f 97/97/97 98/98/98 99/99/99
f 100/100/100 101/101/101 102/102/102
f 103/103/103 104/104/104 105/105/105
f 106/106/106 107/107/107 108/108/108
f 109/109/109 110/110/110 111/111/111
f 112/112/112 113/113/113 114/114/114
f 115/115/115 116/116/116 117/117/117
f 118/118/118 119/119/119 120/120/120
f 121/121/121 122/122/122 123/123/123
f 124/124/124 125/125/125 126/126/126
f 127/127/127 128/128/128 129/129/129
f 130/130/130 131/131/131 132/132/132
f 133/133/133 134/134/134 135/135/135
f 136/136/136 137/137/137 138/138/138
f 139/139/139 140/140/140 141/141/141
f 142/142/142 143/143/143 144/144/144
f 145/145/145 146/146/146 147/147/147
f 148/148/148 149/149/149 150/150/150
f 151/151/151 152/152/152 153/153/153
f 154/154/154 155/155/155 156/156/156
f 157/157/157 158/158/158 159/159/159
f 160/160/160 161/161/161 162/162/162
f 163/163/163 164/164/164 165/165/165
f 166/166/166 167/167/167 168/168/168
f 169/169/169 170/170/170 171/171/171
f 172/172/172 173/173/173 174/174/174
f 175/175/175 176/176/176 177/177/177
f 178/178/178 179/179/179 180/180/180
f 181/181/181 182/182/182 183/183/183
f 184/184/184 185/185/185 186/186/186
f 187/187/187 188/188/188 189/189/189
f 190/190/190 191/191/191 192/192/192
f 193/193/193 194/194/194 195/195/195
f 196/196/196 197/197/197 198/198/198
f 199/199/199 200/200/200 201/201/201
f 202/202/202 203/203/203 204/204/204
f 205/205/205 206/206/206 207/207/207
f 208/208/208 209/209/209 210/210/210
f 211/211/211 212/212/212 213/213/213
f 214/214/214 215/215/215 216/216/216
f 217/217/217 218/218/218 219/219/219
f 220/220/220 221/221/221 222/222/222
f 223/223/223 224/224/224 225/225/225
f 226/226/226 227/227/227 228/228/228
f 229/229/229 230/230/230 231/231/231
f 232/232/232 233/233/233 234/234/234
f 235/235/235 236/236/236 237/237/237
f 238/238/238 239/239/239 240/240/240
f 241/241/241 242/242/242 243/243/243
f 244/244/244 245/245/245 246/246/246
f 247/247/247 248/248/248 249/249/249
f 250/250/250 251/251/251 252/252/252
f 253/253/253 254/254/254 255/255/255
f 256/256/256 257/257/257 258/258/258
f 259/259/259 260/260/260 261/261/261
f 262/262/262 263/263/263 264/264/264
f 265/265/265 266/266/266 267/267/267
f 268/268/268 269/269/269 270/270/270
f 271/271/271 272/272/272 273/273/273
f 274/274/274 275/275/275 276/276/276
f 277/277/277 278/278/278 279/279/279
f 280/280/280 281/281/281 282/282/282
f 283/283/283 284/284/284 285/285/285
f 286/286/286 287/287/287 288/288/288
f 289/289/289 290/290/290 291/291/291
f 292/292/292 293/293/293 294/294/294
f 295/295/295 296/296/296 297/297/297
f 298/298/298 299/299/299 300/300/300
f 301/301/301 302/302/302 303/303/303
f 304/304/304 305/305/305 306/306/306
f 307/307/307 308/308/308 309/309/309
f 310/310/310 311/311/311 312/312/312
f 313/313/313 314/314/314 315/315/315
f 316/316/316 317/317/317 318/318/318
f 319/319/319 320/320/320 321/321/321
f 322/322/322 323/323/323 324/324/324
f 325/325/325 326/326/326 327/327/327
f 328/328/328 329/329/329 330/330/330
f 331/331/331 332/332/332 333/333/333
f 334/334/334 335/335/335 336/336/336
f 337/337/337 338/338/338 339/339/339
f 340/340/340 341/341/341 342/342/342
f 343/343/343 344/344/344 345/345/345
f 346/346/346 347/347/347 348/348/348
f 349/349/349 350/350/350 351/351/351
f 352/352/352 353/353/353 354/354/354
f 355/355/355 356/356/356 357/357/357
f 358/358/358 359/359/359 360/360/360
f 361/361/361 362/362/362 363/363/363
f 364/364/364 365/365/365 366/366/366
f 367/367/367 368/368/368 369/369/369
f 370/370/370 371/371/371 372/372/372
f 373/373/373 374/374/374 375/375/375
f 376/376/376 377/377/377 378/378/378
f 379/379/379 380/380/380 381/381/381
f 382/382/382 383/383/383 384/384/384
f 385/385/385 386/386/386 387/387/387
f 388/388/388 389/389/389 390/390/390
f 391/391/391 392/392/392 393/393/393
f 394/394/394 395/395/395 396/396/396
f 397/397/397 398/398/398 399/399/399
f 400/400/400 401/401/401 402/402/402
f 403/403/403 404/404/404 405/405/405
f 406/406/406 407/407/407 408/408/408
f 409/409/409 410/410/410 411/411/411
f 412/412/412 413/413/413 414/414/414
f 415/415/415 416/416/416 417/417/417
f 418/418/418 419/419/419 420/420/420
f 421/421/421 422/422/422 423/423/423
f 424/424/424 425/425/425 426/426/426
f 427/427/427 428/428/428 429/429/429
f 430/430/430 431/431/431 432/432/432
f 433/433/433 434/434/434 435/435/435
f 436/436/436 437/437/437 438/438/438
f 439/439/439 440/440/440 441/441/441
f 442/442/442 443/443/443 444/444/444
f 445/445/445 446/446/446 447/447/447
f 448/448/448 449/449/449 450/450/450
f 451/451/451 452/452/452 453/453/453
f 454/454/454 455/455/455 456/456/456
f 457/457/457 458/458/458 459/459/459
f 460/460/460 461/461/461 462/462/462
f 463/463/463 464/464/464 465/465/465
f 466/466/466 467/467/467 468/468/468
f 469/469/469 470/470/470 471/471/471
f 472/472/472 473/473/473 474/474/474
f 475/475/475 476/476/476 477/477/477
f 478/478/478 479/479/479 480/480/480
f 481/481/481 482/482/482 483/483/483
f 484/484/484 485/485/485 486/486/486
f 487/487/487 488/488/488 489/489/489
f 490/490/490 491/491/491 492/492/492
f 493/493/493 494/494/494 495/495/495
f 496/496/496 497/497/497 498/498/498
f 499/499/499 500/500/500 501/501/501
f 502/502/502 503/503/503 504/504/504
f 505/505/505 506/506/506 507/507/507
f 508/508/508 509/509/509 510/510/510
f 511/511/511 512/512/512 513/513/513
f 514/514/514 515/515/515 516/516/516
f 517/517/517 518/518/518 519/519/519
f 520/520/520 521/521/521 522/522/522
f 523/523/523 524/524/524 525/525/525
f 526/526/526 527/527/527 528/528/528
f 529/529/529 530/530/530 531/531/531
f 532/532/532 533/533/533 534/534/534
f 535/535/535 536/536/536 537/537/537
f 538/538/538 539/539/539 540/540/540
f 541/541/541 542/542/542 543/543/543
f 544/544/544 545/545/545 546/546/546
f 547/547/547 548/548/548 549/549/549
f 550/550/550 551/551/551 552/552/552
f 553/553/553 554/554/554 555/555/555
f 556/556/556 557/557/557 558/558/558
f 559/559/559 560/560/560 561/561/561
f 562/562/562 563/563/563 564/564/564
f 565/565/565 566/566/566 567/567/567
f 568/568/568 569/569/569 570/570/570
f 571/571/571 572/572/572 573/573/573
f 574/574/574 575/575/575 576/576/576
f 577/577/577 578/578/578 579/579/579
f 580/580/580 581/581/581 582/582/582
f 583/583/583 584/584/584 585/585/585
f 586/586/586 587/587/587 588/588/588
f 589/589/589 590/590/590 591/591/591
f 592/592/592 593/593/593 594/594/594
f 595/595/595 596/596/596 597/597/597
f 598/598/598 599/599/599 600/600/600
f 601/601/601 602/602/602 603/603/603
f 604/604/604 605/605/605 606/606/606
f 607/607/607 608/608/608 609/609/609
f 610/610/610 611/611/611 612/612/612
f 613/613/613 614/614/614 615/615/615
f 616/616/616 617/617/617 618/618/618
f 619/619/619 620/620/620 621/621/621
f 622/622/622 623/623/623 624/624/624
f 625/625/625 626/626/626 627/627/627
f 628/628/628 629/629/629 630/630/630
f 631/631/631 632/632/632 633/633/633
f 634/634/634 635/635/635 636/636/636
f 637/637/637 638/638/638 639/639/639
f 640/640/640 641/641/641 642/642/642
f 643/643/643 644/644/644 645/645/645
f 646/646/646 647/647/647 648/648/648
f 649/649/649 650/650/650 651/651/651
f 652/652/652 653/653/653 654/654/654
f 655/655/655 656/656/656 657/657/657
f 658/658/658 659/659/659 660/660/660
f 661/661/661 662/662/662 663/663/663
f 664/664/664 665/665/665 666/666/666
f 667/667/667 668/668/668 669/669/669
f 670/670/670 671/671/671 672/672/672
f 673/673/673 674/674/674 675/675/675
f 676/676/676 677/677/677 678/678/678
f 679/679/679 680/680/680 681/681/681
f 682/682/682 683/683/683 684/684/684
f 685/685/685 686/686/686 687/687/687
f 688/688/688 689/689/689 690/690/690
f 691/691/691 692/692/692 693/693/693
f 694/694/694 695/695/695 696/696/696
f 697/697/697 698/698/698 699/699/699
f 700/700/700 701/701/701 702/702/702
f 703/703/703 704/704/704 705/705/705
f 706/706/706 707/707/707 708/708/708
f 709/709/709 710/710/710 711/711/711
f 712/712/712 713/713/713 714/714/714
f 715/715/715 716/716/716 717/717/717
f 718/718/718 719/719/719 720/720/720
f 721/721/721 722/722/722 723/723/723
f 724/724/724 725/725/725 726/726/726
f 727/727/727 728/728/728 729/729/729
f 730/730/730 731/731/731 732/732/732
f 733/733/733 734/734/734 735/735/735
f 736/736/736 737/737/737 738/738/738
f 739/739/739 740/740/740 741/741/741
f 742/742/742 743/743/743 744/744/744
f 745/745/745 746/746/746 747/747/747
f 748/748/748 749/749/749 750/750/750
f 751/751/751 752/752/752 753/753/753
f 754/754/754 755/755/755 756/756/756
f 757/757/757 758/758/758 759/759/759
f 760/760/760 761/761/761 762/762/762
f 763/763/763 764/764/764 765/765/765
f 766/766/766 767/767/767 768/768/768
f 769/769/769 770/770/770 771/771/771
f 772/772/772 773/773/773 774/774/774
f 775/775/775 776/776/776 777/777/777
f 778/778/778 779/779/779 780/780/780
f 781/781/781 782/782/782 783/783/783
f 784/784/784 785/785/785 786/786/786
f 787/787/787 788/788/788 789/789/789
f 790/790/790 791/791/791 792/792/792
f 793/793/793 794/794/794 795/795/795
f 796/796/796 797/797/797 798/798/798
f 799/799/799 800/800/800 801/801/801
f 802/802/802 803/803/803 804/804/804
f 805/805/805 806/806/806 807/807/807
f 808/808/808 809/809/809 810/810/810
f 811/811/811 812/812/812 813/813/813
f 814/814/814 815/815/815 816/816/816
f 817/817/817 818/818/818 819/819/819
f 820/820/820 821/821/821 822/822/822
f 823/823/823 824/824/824 825/825/825
f 826/826/826 827/827/827 828/828/828
f 829/829/829 830/830/830 831/831/831
f 832/832/832 833/833/833 834/834/834
f 835/835/835 836/836/836 837/837/837
f 838/838/838 839/839/839 840/840/840
f 841/841/841 842/842/842 843/843/843
f 844/844/844 845/845/845 846/846/846
f 847/847/847 848/848/848 849/849/849
f 850/850/850 851/851/851 852/852/852
f 853/853/853 854/854/854 855/855/855
f 856/856/856 857/857/857 858/858/858
f 859/859/859 860/860/860 861/861/861
f 862/862/862 863/863/863 864/864/864
f 865/865/865 866/866/866 867/867/867
f 868/868/868 869/869/869 870/870/870
f 871/871/871 872/872/872 873/873/873
f 874/874/874 875/875/875 876/876/876
f 877/877/877 878/878/878 879/879/879
f 880/880/880 881/881/881 882/882/882
f 883/883/883 884/884/884 885/885/885
f 886/886/886 887/887/887 888/888/888
f 889/889/889 890/890/890 891/891/891
f 892/892/892 893/893/893 894/894/894
f 895/895/895 896/896/896 897/897/897
f 898/898/898 899/899/899 900/900/900
f 901/901/901 902/902/902 903/903/903
f 904/904/904 905/905/905 906/906/906
f 907/907/907 908/908/908 909/909/909
f 910/910/910 911/911/911 912/912/912
f 913/913/913 914/914/914 915/915/915
f 916/916/916 917/917/917 918/918/918
f 919/919/919 920/920/920 921/921/921
f 922/922/922 923/923/923 924/924/924
f 925/925/925 926/926/926 927/927/927
f 928/928/928 929/929/929 930/930/930
f 931/931/931 932/932/932 933/933/933
f 934/934/934 935/935/935 936/936/936
f 937/937/937 938/938/938 939/939/939
f 940/940/940 941/941/941 942/942/942
f 943/943/943 944/944/944 945/945/945
f 946/946/946 947/947/947 948/948/948
f 949/949/949 950/950/950 951/951/951
f 952/952/952 953/953/953 954/954/954
f 955/955/955 956/956/956 957/957/957
f 958/958/958 959/959/959 960/960/960
f 961/961/961 962/962/962 963/963/963
f 964/964/964 965/965/965 966/966/966
f 967/967/967 968/968/968 969/969/969
f 970/970/970 971/971/971 972/972/972
f 973/973/973 974/974/974 975/975/975
f 976/976/976 977/977/977 978/978/978
f 979/979/979 980/980/980 981/981/981
f 982/982/982 983/983/983 984/984/984
f 985/985/985 986/986/986 987/987/987
f 988/988/988 989/989/989 990/990/990
f 991/991/991 992/992/992 993/993/993
f 994/994/994 995/995/995 996/996/996
f 997/997/997 998/998/998 999/999/999
f 1000/1000/1000 1001/1001/1001 1002/1002/1002
f 1003/1003/1003 1004/1004/1004 1005/1005/1005
f 1006/1006/1006 1007/1007/1007 1008/1008/1008
f 1009/1009/1009 1010/1010/1010 1011/1011/1011
f 1012/1012/1012 1013/1013/1013 1014/1014/1014
f 1015/1015/1015 1016/1016/1016 1017/1017/1017
f 1018/1018/1018 1019/1019/1019 1020/1020/1020
f 1021/1021/1021 1022/1022/1022 1023/1023/1023
f 1024/1024/1024 1025/1025/1025 1026/1026/1026
f 1027/1027/1027 1028/1028/1028 1029/1029/1029
f 1030/1030/1030 1031/1031/1031 1032/1032/1032
f 1033/1033/1033 1034/1034/1034 1035/1035/1035
f 1036/1036/1036 1037/1037/1037 1038/1038/1038
f 1039/1039/1039 1040/1040/1040 1041/1041/1041
f 1042/1042/1042 1043/1043/1043 1044/1044/1044
f 1045/1045/1045 1046/1046/1046 1047/1047/1047
f 1048/1048/1048 1049/1049/1049 1050/1050/1050
f 1051/1051/1051 1052/1052/1052 1053/1053/1053
f 1054/1054/1054 1055/1055/1055 1056/1056/1056
f 1057/1057/1057 1058/1058/1058 1059/1059/1059
f 1060/1060/1060 1061/1061/1061 1062/1062/1062
f 1063/1063/1063 1064/1064/1064 1065/1065/1065
f 1066/1066/1066 1067/1067/1067 1068/1068/1068
f 1069/1069/1069 1070/1070/1070 1071/1071/1071
f 1072/1072/1072 1073/1073/1073 1074/1074/1074
f 1075/1075/1075 1076/1076/1076 1077/1077/1077
f 1078/1078/1078 1079/1079/1079 1080/1080/1080
f 1081/1081/1081 1082/1082/1082 1083/1083/1083
f 1084/1084/1084 1085/1085/1085 1086/1086/1086
f 1087/1087/1087 1088/1088/1088 1089/1089/1089
f 1090/1090/1090 1091/1091/1091 1092/1092/1092
f 1093/1093/1093 1094/1094/1094 1095/1095/1095
f 1096/1096/1096 1097/1097/1097 1098/1098/1098
f 1099/1099/1099 1100/1100/1100 1101/1101/1101
f 1102/1102/1102 1103/1103/1103 1104/1104/1104
f 1105/1105/1105 1106/1106/1106 1107/1107/1107
f 1108/1108/1108 1109/1109/1109 1110/1110/1110
f 1111/1111/1111 1112/1112/1112 1113/1113/1113
f 1114/1114/1114 1115/1115/1115 1116/1116/1116
f 1117/1117/1117 1118/1118/1118 1119/1119/1119
f 1120/1120/1120 1121/1121/1121 1122/1122/1122
f 1123/1123/1123 1124/1124/1124 1125/1125/1125
f 1126/1126/1126 1127/1127/1127 1128/1128/1128
f 1129/1129/1129 1130/1130/1130 1131/1131/1131
f 1132/1132/1132 1133/1133/1133 1134/1134/1134
f 1135/1135/1135 1136/1136/1136 1137/1137/1137
f 1138/1138/1138 1139/1139/1139 1140/1140/1140
f 1141/1141/1141 1142/1142/1142 1143/1143/1143
f 1144/1144/1144 1145/1145/1145 1146/1146/1146
f 1147/1147/1147 1148/1148/1148 1149/1149/1149
f 1150/1150/1150 1151/1151/1151 1152/1152/1152
f 1153/1153/1153 1154/1154/1154 1155/1155/1155
f 1156/1156/1156 1157/1157/1157 1158/1158/1158
f 1159/1159/1159 1160/1160/1160 1161/1161/1161
f 1162/1162/1162 1163/1163/1163 1164/1164/1164
f 1165/1165/1165 1166/1166/1166 1167/1167/1167
f 1168/1168/1168 1169/1169/1169 1170/1170/1170
f 1171/1171/1171 1172/1172/1172 1173/1173/1173
f 1174/1174/1174 1175/1175/1175 1176/1176/1176
f 1177/1177/1177 1178/1178/1178 1179/1179/1179
f 1180/1180/1180 1181/1181/1181 1182/1182/1182
f 1183/1183/1183 1184/1184/1184 1185/1185/1185
f 1186/1186/1186 1187/1187/1187 1188/1188/1188
f 1189/1189/1189 1190/1190/1190 1191/1191/1191
f 1192/1192/1192 1193/1193/1193 1194/1194/1194
f 1195/1195/1195 1196/1196/1196 1197/1197/1197
f 1198/1198/1198 1199/1199/1199 1200/1200/1200
f 1201/1201/1201 1202/1202/1202 1203/1203/1203
f 1204/1204/1204 1205/1205/1205 1206/1206/1206
f 1207/1207/1207 1208/1208/1208 1209/1209/1209
f 1210/1210/1210 1211/1211/1211 1212/1212/1212
f 1213/1213/1213 1214/1214/1214 1215/1215/1215
f 1216/1216/1216 1217/1217/1217 1218/1218/1218
f 1219/1219/1219 1220/1220/1220 1221/1221/1221
f 1222/1222/1222 1223/1223/1223 1224/1224/1224
f 1225/1225/1225 1226/1226/1226 1227/1227/1227
f 1228/1228/1228 1229/1229/1229 1230/1230/1230
f 1231/1231/1231 1232/1232/1232 1233/1233/1233
f 1234/1234/1234 1235/1235/1235 1236/1236/1236
f 1237/1237/1237 1238/1238/1238 1239/1239/1239
f 1240/1240/1240 1241/1241/1241 1242/1242/1242
f 1243/1243/1243 1244/1244/1244 1245/1245/1245
f 1246/1246/1246 1247/1247/1247 1248/1248/1248
f 1249/1249/1249 1250/1250/1250 1251/1251/1251
f 1252/1252/1252 1253/1253/1253 1254/1254/1254
f 1255/1255/1255 1256/1256/1256 1257/1257/1257
f 1258/1258/1258 1259/1259/1259 1260/1260/1260
f 1261/1261/1261 1262/1262/1262 1263/1263/1263
f 1264/1264/1264 1265/1265/1265 1266/1266/1266
f 1267/1267/1267 1268/1268/1268 1269/1269/1269
f 1270/1270/1270 1271/1271/1271 1272/1272/1272
f 1273/1273/1273 1274/1274/1274 1275/1275/1275
f 1276/1276/1276 1277/1277/1277 1278/1278/1278
f 1279/1279/1279 1280/1280/1280 1281/1281/1281
f 1282/1282/1282 1283/1283/1283 1284/1284/1284
f 1285/1285/1285 1286/1286/1286 1287/1287/1287
f 1288/1288/1288 1289/1289/1289 1290/1290/1290
f 1291/1291/1291 1292/1292/1292 1293/1293/1293
f 1294/1294/1294 1295/1295/1295 1296/1296/1296
f 1297/1297/1297 1298/1298/1298 1299/1299/1299
f 1300/1300/1300 1301/1301/1301 1302/1302/1302
f 1303/1303/1303 1304/1304/1304 1305/1305/1305
f 1306/1306/1306 1307/1307/1307 1308/1308/1308
f 1309/1309/1309 1310/1310/1310 1311/1311/1311
f 1312/1312/1312 1313/1313/1313 1314/1314/1314
f 1315/1315/1315 1316/1316/1316 1317/1317/1317
f 1318/1318/1318 1319/1319/1319 1320/1320/1320
f 1321/1321/1321 1322/1322/1322 1323/1323/1323
f 1324/1324/1324 1325/1325/1325 1326/1326/1326
f 1327/1327/1327 1328/1328/1328 1329/1329/1329
f 1330/1330/1330 1331/1331/1331 1332/1332/1332
f 1333/1333/1333 1334/1334/1334 1335/1335/1335
f 1336/1336/1336 1337/1337/1337 1338/1338/1338
f 1339/1339/1339 1340/1340/1340 1341/1341/1341
f 1342/1342/1342 1343/1343/1343 1344/1344/1344
f 1345/1345/1345 1346/1346/1346 1347/1347/1347
f 1348/1348/1348 1349/1349/1349 1350/1350/1350
f 1351/1351/1351 1352/1352/1352 1353/1353/1353
f 1354/1354/1354 1355/1355/1355 1356/1356/1356
f 1357/1357/1357 1358/1358/1358 1359/1359/1359
f 1360/1360/1360 1361/1361/1361 1362/1362/1362
f 1363/1363/1363 1364/1364/1364 1365/1365/1365
f 1366/1366/1366 1367/1367/1367 1368/1368/1368
f 1369/1369/1369 1370/1370/1370 1371/1371/1371
f 1372/1372/1372 1373/1373/1373 1374/1374/1374
f 1375/1375/1375 1376/1376/1376 1377/1377/1377
f 1378/1378/1378 1379/1379/1379 1380/1380/1380
f 1381/1381/1381 1382/1382/1382 1383/1383/1383
f 1384/1384/1384 1385/1385/1385 1386/1386/1386
f 1387/1387/1387 1388/1388/1388 1389/1389/1389
f 1390/1390/1390 1391/1391/1391 1392/1392/1392
f 1393/1393/1393 1394/1394/1394 1395/1395/1395
f 1396/1396/1396 1397/1397/1397 1398/1398/1398
f 1399/1399/1399 1400/1400/1400 1401/1401/1401
f 1402/1402/1402 1403/1403/1403 1404/1404/1404
f 1405/1405/1405 1406/1406/1406 1407/1407/1407
f 1408/1408/1408 1409/1409/1409 1410/1410/1410
f 1411/1411/1411 1412/1412/1412 1413/1413/1413
f 1414/1414/1414 1415/1415/1415 1416/1416/1416
f 1417/1417/1417 1418/1418/1418 1419/1419/1419
f 1420/1420/1420 1421/1421/1421 1422/1422/1422
f 1423/1423/1423 1424/1424/1424 1425/1425/1425
f 1426/1426/1426 1427/1427/1427 1428/1428/1428
f 1429/1429/1429 1430/1430/1430 1431/1431/1431
f 1432/1432/1432 1433/1433/1433 1434/1434/1434
f 1435/1435/1435 1436/1436/1436 1437/1437/1437
f 1438/1438/1438 1439/1439/1439 1440/1440/1440
f 1441/1441/1441 1442/1442/1442 1443/1443/1443
f 1444/1444/1444 1445/1445/1445 1446/1446/1446
f 1447/1447/1447 1448/1448/1448 1449/1449/1449
f 1450/1450/1450 1451/1451/1451 1452/1452/1452
f 1453/1453/1453 1454/1454/1454 1455/1455/1455
f 1456/1456/1456 1457/1457/1457 1458/1458/1458
f 1459/1459/1459 1460/1460/1460 1461/1461/1461
f 1462/1462/1462 1463/1463/1463 1464/1464/1464
f 1465/1465/1465 1466/1466/1466 1467/1467/1467
f 1468/1468/1468 1469/1469/1469 1470/1470/1470
f 1471/1471/1471 1472/1472/1472 1473/1473/1473
f 1474/1474/1474 1475/1475/1475 1476/1476/1476
f 1477/1477/1477 1478/1478/1478 1479/1479/1479
f 1480/1480/1480 1481/1481/1481 1482/1482/1482
f 1483/1483/1483 1484/1484/1484 1485/1485/1485
f 1486/1486/1486 1487/1487/1487 1488/1488/1488
f 1489/1489/1489 1490/1490/1490 1491/1491/1491
f 1492/1492/1492 1493/1493/1493 1494/1494/1494
f 1495/1495/1495 1496/1496/1496 1497/1497/1497
f 1498/1498/1498 1499/1499/1499 1500/1500/1500
f 1501/1501/1501 1502/1502/1502 1503/1503/1503
f 1504/1504/1504 1505/1505/1505 1506/1506/1506
f 1507/1507/1507 1508/1508/1508 1509/1509/1509
f 1510/1510/1510 1511/1511/1511 1512/1512/1512
f 1513/1513/1513 1514/1514/1514 1515/1515/1515
f 1516/1516/1516 1517/1517/1517 1518/1518/1518
f 1519/1519/1519 1520/1520/1520 1521/1521/1521
f 1522/1522/1522 1523/1523/1523 1524/1524/1524
f 1525/1525/1525 1526/1526/1526 1527/1527/1527
f 1528/1528/1528 1529/1529/1529 1530/1530/1530
f 1531/1531/1531 1532/1532/1532 1533/1533/1533
f 1534/1534/1534 1535/1535/1535 1536/1536/1536
f 1537/1537/1537 1538/1538/1538 1539/1539/1539
f 1540/1540/1540 1541/1541/1541 1542/1542/1542
f 1543/1543/1543 1544/1544/1544 1545/1545/1545
f 1546/1546/1546 1547/1547/1547 1548/1548/1548
f 1549/1549/1549 1550/1550/1550 1551/1551/1551
f 1552/1552/1552 1553/1553/1553 1554/1554/1554
f 1555/1555/1555 1556/1556/1556 1557/1557/1557
f 1558/1558/1558 1559/1559/1559 1560/1560/1560
f 1561/1561/1561 1562/1562/1562 1563/1563/1563
f 1564/1564/1564 1565/1565/1565 1566/1566/1566
f 1567/1567/1567 1568/1568/1568 1569/1569/1569
f 1570/1570/1570 1571/1571/1571 1572/1572/1572
f 1573/1573/1573 1574/1574/1574 1575/1575/1575
f 1576/1576/1576 1577/1577/1577 1578/1578/1578
f 1579/1579/1579 1580/1580/1580 1581/1581/1581
f 1582/1582/1582 1583/1583/1583 1584/1584/1584
f 1585/1585/1585 1586/1586/1586 1587/1587/1587
f 1588/1588/1588 1589/1589/1589 1590/1590/1590
f 1591/1591/1591 1592/1592/1592 1593/1593/1593
f 1594/1594/1594 1595/1595/1595 1596/1596/1596
f 1597/1597/1597 1598/1598/1598 1599/1599/1599
f 1600/1600/1600 1601/1601/1601 1602/1602/1602
f 1603/1603/1603 1604/1604/1604 1605/1605/1605
f 1606/1606/1606 1607/1607/1607 1608/1608/1608
f 1609/1609/1609 1610/1610/1610 1611/1611/1611
f 1612/1612/1612 1613/1613/1613 1614/1614/1614
f 1615/1615/1615 1616/1616/1616 1617/1617/1617
f 1618/1618/1618 1619/1619/1619 1620/1620/1620
f 1621/1621/1621 1622/1622/1622 1623/1623/1623
f 1624/1624/1624 1625/1625/1625 1626/1626/1626
f 1627/1627/1627 1628/1628/1628 1629/1629/1629
f 1630/1630/1630 1631/1631/1631 1632/1632/1632
f 1633/1633/1633 1634/1634/1634 1635/1635/1635
f 1636/1636/1636 1637/1637/1637 1638/1638/1638
f 1639/1639/1639 1640/1640/1640 1641/1641/1641
f 1642/1642/1642 1643/1643/1643 1644/1644/1644
f 1645/1645/1645 1646/1646/1646 1647/1647/1647
f 1648/1648/1648 1649/1649/1649 1650/1650/1650
f 1651/1651/1651 1652/1652/1652 1653/1653/1653
f 1654/1654/1654 1655/1655/1655 1656/1656/1656
f 1657/1657/1657 1658/1658/1658 1659/1659/1659
f 1660/1660/1660 1661/1661/1661 1662/1662/1662
f 1663/1663/1663 1664/1664/1664 1665/1665/1665
f 1666/1666/1666 1667/1667/1667 1668/1668/1668
f 1669/1669/1669 1670/1670/1670 1671/1671/1671
f 1672/1672/1672 1673/1673/1673 1674/1674/1674
f 1675/1675/1675 1676/1676/1676 1677/1677/1677
f 1678/1678/1678 1679/1679/1679 1680/1680/1680
f 1681/1681/1681 1682/1682/1682 1683/1683/1683
f 1684/1684/1684 1685/1685/1685 1686/1686/1686
f 1687/1687/1687 1688/1688/1688 1689/1689/1689
f 1690/1690/1690 1691/1691/1691 1692/1692/1692
f 1693/1693/1693 1694/1694/1694 1695/1695/1695
f 1696/1696/1696 1697/1697/1697 1698/1698/1698
f 1699/1699/1699 1700/1700/1700 1701/1701/1701
f 1702/1702/1702 1703/1703/1703 1704/1704/1704
f 1705/1705/1705 1706/1706/1706 1707/1707/1707
f 1708/1708/1708 1709/1709/1709 1710/1710/1710
f 1711/1711/1711 1712/1712/1712 1713/1713/1713
f 1714/1714/1714 1715/1715/1715 1716/1716/1716
f 1717/1717/1717 1718/1718/1718 1719/1719/1719
f 1720/1720/1720 1721/1721/1721 1722/1722/1722
f 1723/1723/1723 1724/1724/1724 1725/1725/1725
f 1726/1726/1726 1727/1727/1727 1728/1728/1728
f 1729/1729/1729 1730/1730/1730 1731/1731/1731
f 1732/1732/1732 1733/1733/1733 1734/1734/1734
f 1735/1735/1735 1736/1736/1736 1737/1737/1737
f 1738/1738/1738 1739/1739/1739 1740/1740/1740
f 1741/1741/1741 1742/1742/1742 1743/1743/1743
f 1744/1744/1744 1745/1745/1745 1746/1746/1746
f 1747/1747/1747 1748/1748/1748 1749/1749/1749
f 1750/1750/1750 1751/1751/1751 1752/1752/1752
f 1753/1753/1753 1754/1754/1754 1755/1755/1755
f 1756/1756/1756 1757/1757/1757 1758/1758/1758
f 1759/1759/1759 1760/1760/1760 1761/1761/1761
f 1762/1762/1762 1763/1763/1763 1764/1764/1764
f 1765/1765/1765 1766/1766/1766 1767/1767/1767
f 1768/1768/1768 1769/1769/1769 1770/1770/1770
f 1771/1771/1771 1772/1772/1772 1773/1773/1773
f 1774/1774/1774 1775/1775/1775 1776/1776/1776
f 1777/1777/1777 1778/1778/1778 1779/1779/1779
f 1780/1780/1780 1781/1781/1781 1782/1782/1782
f 1783/1783/1783 1784/1784/1784 1785/1785/1785
f 1786/1786/1786 1787/1787/1787 1788/1788/1788
f 1789/1789/1789 1790/1790/1790 1791/1791/1791
f 1792/1792/1792 1793/1793/1793 1794/1794/1794
f 1795/1795/1795 1796/1796/1796 1797/1797/1797
f 1798/1798/1798 1799/1799/1799 1800/1800/1800
f 1801/1801/1801 1802/1802/1802 1803/1803/1803
f 1804/1804/1804 1805/1805/1805 1806/1806/1806
f 1807/1807/1807 1808/1808/1808 1809/1809/1809
f 1810/1810/1810 1811/1811/1811 1812/1812/1812
f 1813/1813/1813 1814/1814/1814 1815/1815/1815
f 1816/1816/1816 1817/1817/1817 1818/1818/1818
f 1819/1819/1819 1820/1820/1820 1821/1821/1821
f 1822/1822/1822 1823/1823/1823 1824/1824/1824
f 1825/1825/1825 1826/1826/1826 1827/1827/1827
f 1828/1828/1828 1829/1829/1829 1830/1830/1830
f 1831/1831/1831 1832/1832/1832 1833/1833/1833
f 1834/1834/1834 1835/1835/1835 1836/1836/1836
f 1837/1837/1837 1838/1838/1838 1839/1839/1839
f 1840/1840/1840 1841/1841/1841 1842/1842/1842
f 1843/1843/1843 1844/1844/1844 1845/1845/1845
f 1846/1846/1846 1847/1847/1847 1848/1848/1848
f 1849/1849/1849 1850/1850/1850 1851/1851/1851
f 1852/1852/1852 1853/1853/1853 1854/1854/1854
f 1855/1855/1855 1856/1856/1856 1857/1857/1857
f 1858/1858/1858 1859/1859/1859 1860/1860/1860
f 1861/1861/1861 1862/1862/1862 1863/1863/1863
f 1864/1864/1864 1865/1865/1865 1866/1866/1866
f 1867/1867/1867 1868/1868/1868 1869/1869/1869
f 1870/1870/1870 1871/1871/1871 1872/1872/1872
f 1873/1873/1873 1874/1874/1874 1875/1875/1875
f 1876/1876/1876 1877/1877/1877 1878/1878/1878
f 1879/1879/1879 1880/1880/1880 1881/1881/1881
f 1882/1882/1882 1883/1883/1883 1884/1884/1884
f 1885/1885/1885 1886/1886/1886 1887/1887/1887
f 1888/1888/1888 1889/1889/1889 1890/1890/1890
f 1891/1891/1891 1892/1892/1892 1893/1893/1893
f 1894/1894/1894 1895/1895/1895 1896/1896/1896
f 1897/1897/1897 1898/1898/1898 1899/1899/1899
f 1900/1900/1900 1901/1901/1901 1902/1902/1902
f 1903/1903/1903 1904/1904/1904 1905/1905/1905
f 1906/1906/1906 1907/1907/1907 1908/1908/1908
f 1909/1909/1909 1910/1910/1910 1911/1911/1911
f 1912/1912/1912 1913/1913/1913 1914/1914/1914
f 1915/1915/1915 1916/1916/1916 1917/1917/1917
f 1918/1918/1918 1919/1919/1919 1920/1920/1920
f 1921/1921/1921 1922/1922/1922 1923/1923/1923
f 1924/1924/1924 1925/1925/1925 1926/1926/1926
f 1927/1927/1927 1928/1928/1928 1929/1929/1929
f 1930/1930/1930 1931/1931/1931 1932/1932/1932
f 1933/1933/1933 1934/1934/1934 1935/1935/1935
f 1936/1936/1936 1937/1937/1937 1938/1938/1938
f 1939/1939/1939 1940/1940/1940 1941/1941/1941
f 1942/1942/1942 1943/1943/1943 1944/1944/1944
f 1945/1945/1945 1946/1946/1946 1947/1947/1947
f 1948/1948/1948 1949/1949/1949 1950/1950/1950
f 1951/1951/1951 1952/1952/1952 1953/1953/1953
f 1954/1954/1954 1955/1955/1955 1956/1956/1956
f 1957/1957/1957 1958/1958/1958 1959/1959/1959
f 1960/1960/1960 1961/1961/1961 1962/1962/1962
f 1963/1963/1963 1964/1964/1964 1965/1965/1965
f 1966/1966/1966 1967/1967/1967 1968/1968/1968
f 1969/1969/1969 1970/1970/1970 1971/1971/1971
f 1972/1972/1972 1973/1973/1973 1974/1974/1974
f 1975/1975/1975 1976/1976/1976 1977/1977/1977
f 1978/1978/1978 1979/1979/1979 1980/1980/1980
f 1981/1981/1981 1982/1982/1982 1983/1983/1983
f 1984/1984/1984 1985/1985/1985 1986/1986/1986
f 1987/1987/1987 1988/1988/1988 1989/1989/1989
f 1990/1990/1990 1991/1991/1991 1992/1992/1992
f 1993/1993/1993 1994/1994/1994 1995/1995/1995
f 1996/1996/1996 1997/1997/1997 1998/1998/1998
f 1999/1999/1999 2000/2000/2000 2001/2001/2001
f 2002/2002/2002 2003/2003/2003 2004/2004/2004
f 2005/2005/2005 2006/2006/2006 2007/2007/2007
f 2008/2008/2008 2009/2009/2009 2010/2010/2010
f 2011/2011/2011 2012/2012/2012 2013/2013/2013
f 2014/2014/2014 2015/2015/2015 2016/2016/2016
f 2017/2017/2017 2018/2018/2018 2019/2019/2019
f 2020/2020/2020 2021/2021/2021 2022/2022/2022
f 2023/2023/2023 2024/2024/2024 2025/2025/2025
f 2026/2026/2026 2027/2027/2027 2028/2028/2028
f 2029/2029/2029 2030/2030/2030 2031/2031/2031
f 2032/2032/2032 2033/2033/2033 2034/2034/2034
f 2035/2035/2035 2036/2036/2036 2037/2037/2037
f 2038/2038/2038 2039/2039/2039 2040/2040/2040
f 2041/2041/2041 2042/2042/2042 2043/2043/2043
f 2044/2044/2044 2045/2045/2045 2046/2046/2046
f 2047/2047/2047 2048/2048/2048 2049/2049/2049
f 2050/2050/2050 2051/2051/2051 2052/2052/2052
f 2053/2053/2053 2054/2054/2054 2055/2055/2055
f 2056/2056/2056 2057/2057/2057 2058/2058/2058
f 2059/2059/2059 2060/2060/2060 2061/2061/2061
f 2062/2062/2062 2063/2063/2063 2064/2064/2064
f 2065/2065/2065 2066/2066/2066 2067/2067/2067
f 2068/2068/2068 2069/2069/2069 2070/2070/2070
f 2071/2071/2071 2072/2072/2072 2073/2073/2073
f 2074/2074/2074 2075/2075/2075 2076/2076/2076
f 2077/2077/2077 2078/2078/2078 2079/2079/2079
f 2080/2080/2080 2081/2081/2081 2082/2082/2082
f 2083/2083/2083 2084/2084/2084 2085/2085/2085
f 2086/2086/2086 2087/2087/2087 2088/2088/2088
f 2089/2089/2089 2090/2090/2090 2091/2091/2091
f 2092/2092/2092 2093/2093/2093 2094/2094/2094
f 2095/2095/2095 2096/2096/2096 2097/2097/2097
f 2098/2098/2098 2099/2099/2099 2100/2100/2100
f 2101/2101/2101 2102/2102/2102 2103/2103/2103
f 2104/2104/2104 2105/2105/2105 2106/2106/2106
f 2107/2107/2107 2108/2108/2108 2109/2109/2109
f 2110/2110/2110 2111/2111/2111 2112/2112/2112
f 2113/2113/2113 2114/2114/2114 2115/2115/2115
f 2116/2116/2116 2117/2117/2117 2118/2118/2118
f 2119/2119/2119 2120/2120/2120 2121/2121/2121
f 2122/2122/2122 2123/2123/2123 2124/2124/2124
f 2125/2125/2125 2126/2126/2126 2127/2127/2127
f 2128/2128/2128 2129/2129/2129 2130/2130/2130
f 2131/2131/2131 2132/2132/2132 2133/2133/2133
f 2134/2134/2134 2135/2135/2135 2136/2136/2136
f 2137/2137/2137 2138/2138/2138 2139/2139/2139
f 2140/2140/2140 2141/2141/2141 2142/2142/2142
f 2143/2143/2143 2144/2144/2144 2145/2145/2145
f 2146/2146/2146 2147/2147/2147 2148/2148/2148
f 2149/2149/2149 2150/2150/2150 2151/2151/2151
f 2152/2152/2152 2153/2153/2153 2154/2154/2154
f 2155/2155/2155 2156/2156/2156 2157/2157/2157
f 2158/2158/2158 2159/2159/2159 2160/2160/2160
f 2161/2161/2161 2162/2162/2162 2163/2163/2163
f 2164/2164/2164 2165/2165/2165 2166/2166/2166
f 2167/2167/2167 2168/2168/2168 2169/2169/2169
f 2170/2170/2170 2171/2171/2171 2172/2172/2172
f 2173/2173/2173 2174/2174/2174 2175/2175/2175
f 2176/2176/2176 2177/2177/2177 2178/2178/2178
f 2179/2179/2179 2180/2180/2180 2181/2181/2181
f 2182/2182/2182 2183/2183/2183 2184/2184/2184
f 2185/2185/2185 2186/2186/2186 2187/2187/2187
f 2188/2188/2188 2189/2189/2189 2190/2190/2190
f 2191/2191/2191 2192/2192/2192 2193/2193/2193
f 2194/2194/2194 2195/2195/2195 2196/2196/2196
f 2197/2197/2197 2198/2198/2198 2199/2199/2199
f 2200/2200/2200 2201/2201/2201 2202/2202/2202
f 2203/2203/2203 2204/2204/2204 2205/2205/2205
f 2206/2206/2206 2207/2207/2207 2208/2208/2208
f 2209/2209/2209 2210/2210/2210 2211/2211/2211
f 2212/2212/2212 2213/2213/2213 2214/2214/2214
f 2215/2215/2215 2216/2216/2216 2217/2217/2217
f 2218/2218/2218 2219/2219/2219 2220/2220/2220
f 2221/2221/2221 2222/2222/2222 2223/2223/2223
f 2224/2224/2224 2225/2225/2225 2226/2226/2226
f 2227/2227/2227 2228/2228/2228 2229/2229/2229
f 2230/2230/2230 2231/2231/2231 2232/2232/2232
f 2233/2233/2233 2234/2234/2234 2235/2235/2235
f 2236/2236/2236 2237/2237/2237 2238/2238/2238
f 2239/2239/2239 2240/2240/2240 2241/2241/2241
f 2242/2242/2242 2243/2243/2243 2244/2244/2244
f 2245/2245/2245 2246/2246/2246 2247/2247/2247
f 2248/2248/2248 2249/2249/2249 2250/2250/2250
f 2251/2251/2251 2252/2252/2252 2253/2253/2253
f 2254/2254/2254 2255/2255/2255 2256/2256/2256
f 2257/2257/2257 2258/2258/2258 2259/2259/2259
f 2260/2260/2260 2261/2261/2261 2262/2262/2262
f 2263/2263/2263 2264/2264/2264 2265/2265/2265
f 2266/2266/2266 2267/2267/2267 2268/2268/2268
f 2269/2269/2269 2270/2270/2270 2271/2271/2271
f 2272/2272/2272 2273/2273/2273 2274/2274/2274
f 2275/2275/2275 2276/2276/2276 2277/2277/2277
f 2278/2278/2278 2279/2279/2279 2280/2280/2280
f 2281/2281/2281 2282/2282/2282 2283/2283/2283
f 2284/2284/2284 2285/2285/2285 2286/2286/2286
f 2287/2287/2287 2288/2288/2288 2289/2289/2289
f 2290/2290/2290 2291/2291/2291 2292/2292/2292
f 2293/2293/2293 2294/2294/2294 2295/2295/2295
f 2296/2296/2296 2297/2297/2297 2298/2298/2298
f 2299/2299/2299 2300/2300/2300 2301/2301/2301
f 2302/2302/2302 2303/2303/2303 2304/2304/2304
f 2305/2305/2305 2306/2306/2306 2307/2307/2307
f 2308/2308/2308 2309/2309/2309 2310/2310/2310
f 2311/2311/2311 2312/2312/2312 2313/2313/2313
f 2314/2314/2314 2315/2315/2315 2316/2316/2316
f 2317/2317/2317 2318/2318/2318 2319/2319/2319
f 2320/2320/2320 2321/2321/2321 2322/2322/2322
f 2323/2323/2323 2324/2324/2324 2325/2325/2325
f 2326/2326/2326 2327/2327/2327 2328/2328/2328
f 2329/2329/2329 2330/2330/2330 2331/2331/2331
f 2332/2332/2332 2333/2333/2333 2334/2334/2334
f 2335/2335/2335 2336/2336/2336 2337/2337/2337
f 2338/2338/2338 2339/2339/2339 2340/2340/2340
f 2341/2341/2341 2342/2342/2342 2343/2343/2343
f 2344/2344/2344 2345/2345/2345 2346/2346/2346
f 2347/2347/2347 2348/2348/2348 2349/2349/2349
f 2350/2350/2350 2351/2351/2351 2352/2352/2352
f 2353/2353/2353 2354/2354/2354 2355/2355/2355
f 2356/2356/2356 2357/2357/2357 2358/2358/2358
f 2359/2359/2359 2360/2360/2360 2361/2361/2361
f 2362/2362/2362 2363/2363/2363 2364/2364/2364
f 2365/2365/2365 2366/2366/2366 2367/2367/2367
f 2368/2368/2368 2369/2369/2369 2370/2370/2370
f 2371/2371/2371 2372/2372/2372 2373/2373/2373
f 2374/2374/2374 2375/2375/2375 2376/2376/2376
f 2377/2377/2377 2378/2378/2378 2379/2379/2379
f 2380/2380/2380 2381/2381/2381 2382/2382/2382
f 2383/2383/2383 2384/2384/2384 2385/2385/2385
f 2386/2386/2386 2387/2387/2387 2388/2388/2388
f 2389/2389/2389 2390/2390/2390 2391/2391/2391
f 2392/2392/2392 2393/2393/2393 2394/2394/2394
f 2395/2395/2395 2396/2396/2396 2397/2397/2397
f 2398/2398/2398 2399/2399/2399 2400/2400/2400
f 2401/2401/2401 2402/2402/2402 2403/2403/2403
f 2404/2404/2404 2405/2405/2405 2406/2406/2406
f 2407/2407/2407 2408/2408/2408 2409/2409/2409
f 2410/2410/2410 2411/2411/2411 2412/2412/2412
f 2413/2413/2413 2414/2414/2414 2415/2415/2415
f 2416/2416/2416 2417/2417/2417 2418/2418/2418
f 2419/2419/2419 2420/2420/2420 2421/2421/2421
f 2422/2422/2422 2423/2423/2423 2424/2424/2424
f 2425/2425/2425 2426/2426/2426 2427/2427/2427
f 2428/2428/2428 2429/2429/2429 2430/2430/2430
f 2431/2431/2431 2432/2432/2432 2433/2433/2433
f 2434/2434/2434 2435/2435/2435 2436/2436/2436
f 2437/2437/2437 2438/2438/2438 2439/2439/2439
f 2440/2440/2440 2441/2441/2441 2442/2442/2442
f 2443/2443/2443 2444/2444/2444 2445/2445/2445
f 2446/2446/2446 2447/2447/2447 2448/2448/2448
f 2449/2449/2449 2450/2450/2450 2451/2451/2451
f 2452/2452/2452 2453/2453/2453 2454/2454/2454
f 2455/2455/2455 2456/2456/2456 2457/2457/2457
f 2458/2458/2458 2459/2459/2459 2460/2460/2460
f 2461/2461/2461 2462/2462/2462 2463/2463/2463
f 2464/2464/2464 2465/2465/2465 2466/2466/2466
f 2467/2467/2467 2468/2468/2468 2469/2469/2469
f 2470/2470/2470 2471/2471/2471 2472/2472/2472
f 2473/2473/2473 2474/2474/2474 2475/2475/2475
f 2476/2476/2476 2477/2477/2477 2478/2478/2478
f 2479/2479/2479 2480/2480/2480 2481/2481/2481
f 2482/2482/2482 2483/2483/2483 2484/2484/2484
f 2485/2485/2485 2486/2486/2486 2487/2487/2487
f 2488/2488/2488 2489/2489/2489 2490/2490/2490
f 2491/2491/2491 2492/2492/2492 2493/2493/2493
f 2494/2494/2494 2495/2495/2495 2496/2496/2496
f 2497/2497/2497 2498/2498/2498 2499/2499/2499
f 2500/2500/2500 2501/2501/2501 2502/2502/2502
f 2503/2503/2503 2504/2504/2504 2505/2505/2505
f 2506/2506/2506 2507/2507/2507 2508/2508/2508
f 2509/2509/2509 2510/2510/2510 2511/2511/2511
f 2512/2512/2512 2513/2513/2513 2514/2514/2514
f 2515/2515/2515 2516/2516/2516 2517/2517/2517
f 2518/2518/2518 2519/2519/2519 2520/2520/2520
f 2521/2521/2521 2522/2522/2522 2523/2523/2523
f 2524/2524/2524 2525/2525/2525 2526/2526/2526
f 2527/2527/2527 2528/2528/2528 2529/2529/2529
f 2530/2530/2530 2531/2531/2531 2532/2532/2532
f 2533/2533/2533 2534/2534/2534 2535/2535/2535
f 2536/2536/2536 2537/2537/2537 2538/2538/2538
f 2539/2539/2539 2540/2540/2540 2541/2541/2541
f 2542/2542/2542 2543/2543/2543 2544/2544/2544
f 2545/2545/2545 2546/2546/2546 2547/2547/2547
f 2548/2548/2548 2549/2549/2549 2550/2550/2550
f 2551/2551/2551 2552/2552/2552 2553/2553/2553
f 2554/2554/2554 2555/2555/2555 2556/2556/2556
f 2557/2557/2557 2558/2558/2558 2559/2559/2559
f 2560/2560/2560 2561/2561/2561 2562/2562/2562
f 2563/2563/2563 2564/2564/2564 2565/2565/2565
f 2566/2566/2566 2567/2567/2567 2568/2568/2568
f 2569/2569/2569 2570/2570/2570 2571/2571/2571
f 2572/2572/2572 2573/2573/2573 2574/2574/2574
f 2575/2575/2575 2576/2576/2576 2577/2577/2577
f 2578/2578/2578 2579/2579/2579 2580/2580/2580
f 2581/2581/2581 2582/2582/2582 2583/2583/2583
f 2584/2584/2584 2585/2585/2585 2586/2586/2586
f 2587/2587/2587 2588/2588/2588 2589/2589/2589
f 2590/2590/2590 2591/2591/2591 2592/2592/2592
f 2593/2593/2593 2594/2594/2594 2595/2595/2595
f 2596/2596/2596 2597/2597/2597 2598/2598/2598
f 2599/2599/2599 2600/2600/2600 2601/2601/2601
f 2602/2602/2602 2603/2603/2603 2604/2604/2604
f 2605/2605/2605 2606/2606/2606 2607/2607/2607
f 2608/2608/2608 2609/2609/2609 2610/2610/2610
f 2611/2611/2611 2612/2612/2612 2613/2613/2613
f 2614/2614/2614 2615/2615/2615 2616/2616/2616