mtllib 41794594.mtl
o Mesh

v 0.413565993309021 -1.2690589427947998 0.6461979746818542
v 0.7110210061073303 -1.2487139701843262 0.4512229859828949
v 0.6382529735565186 -0.8513140082359314 0.3786109983921051
v 0.34774699807167053 -0.8487789630889893 0.5429520010948181
v 0.5520319938659668 -0.8505619764328003 -0.41268301010131836
v 0.6248000264167786 -1.2479619979858398 -0.44332000613212585
v 0.31411099433898926 -1.2681909799575806 -0.6013540029525757
v 0.28966599702835083 -0.848272979259491 -0.5365890264511108
v 0.7985730171203613 -0.8527140021324158 -0.19383500516414642
v 0.8794440031051636 -1.2272329330444336 -0.1807049959897995
v 0.6248000264167786 -1.2479619979858398 -0.44332000613212585
v 0.5520319938659668 -0.8505619764328003 -0.41268301010131836
v 0.24970600008964539 -0.4464489817619324 0.3480699956417084
v 0.25268998742103577 -0.543408989906311 0.3563910126686096
v 0.4923120141029358 -0.5457019805908203 0.19703499972820282
v 0.4909229874610901 -0.4473559856414795 0.1906300038099289
v 0.6281390190124512 -0.5472249984741211 -0.22305500507354736
v 0.49195799231529236 -0.5510790348052979 -0.3673210144042969
v 0.49010899662971497 -0.4475439786911011 -0.36307498812675476
v 0.6254889965057373 -0.4476659893989563 -0.2189439982175827
v 0.2371470034122467 -0.5474539995193481 -0.526773989200592
v 0.23471499979496002 -0.44658899307250977 -0.5190070271492004
v 0.0567220002412796 -1.2142030000686646 -0.5748479962348938
v -0.0019239999819546938 -1.22051203250885 -0.5807499885559082
v 0.0012809999752789736 -0.8531759977340698 -0.5291929841041565
v 0.032708000391721725 -0.8533999919891357 -0.527318000793457
v 0.1168069988489151 -0.5482959747314453 -0.5289850234985352
v 0.11604700237512589 -0.4457870125770569 -0.5224670171737671
v 0.12365800142288208 -0.5422500371932983 0.369953989982605
v 0.12258800119161606 -0.4453880190849304 0.3616330027580261
v 0.20549100637435913 -1.2825440168380737 0.681896984577179
v 0.1745470017194748 -0.8472679853439331 0.5797960162162781
v 0.9116050004959106 -1.2275140285491943 0.000986000057309866
v 0.8307560086250305 -0.852994978427887 -0.03761199861764908
v 0.7982019782066345 -0.8527100086212158 0.18471099436283112
v 0.8790270090103149 -1.2272299528121948 0.2291409969329834
v 0.6648190021514893 -0.5475959777832031 -0.08434099704027176
v 0.6615470051765442 -0.4480299949645996 -0.08466500043869019
v 0.6251770257949829 -0.44758397340774536 0.048928000032901764
v 0.6278250217437744 -0.5471439957618713 0.05366099998354912
v 0.6382529735565186 -0.8513140082359314 0.3786109983921051
v 0.7110210061073303 -1.2487139701843262 0.4512229859828949
v 0.8790270090103149 -1.2272299528121948 0.2291409969329834
v 0.7982019782066345 -0.8527100086212158 0.18471099436283112
v 0.26271700859069824 0.3756999969482422 0.6108629703521729
v 0.5133950114250183 0.3720419406890869 0.6071910262107849
v 0.5079590082168579 0.6197890043258667 0.6414999961853027
v 0.26106101274490356 0.6213040351867676 0.6626449823379517
v 0.8349660038948059 0.3179730176925659 0.4346120059490204
v 0.8306810259819031 0.5709810256958008 0.47995299100875854
v 1.01344895362854 0.49201202392578125 0.42097699642181396
v 0.8306810259819031 0.5709810256958008 0.47995299100875854
v 0.8349660038948059 0.3179730176925659 0.4346120059490204
v 1.010828971862793 0.21235501766204834 0.2980000078678131
v 1.01344895362854 0.49201202392578125 0.0011109999613836408
v 1.0097579956054688 0.09651994705200195 0.0011109999613836408
v 1.0108280181884766 0.21235501766204834 -0.2957780063152313
v 1.01344895362854 0.49201202392578125 -0.4187549948692322
v 1.01344895362854 0.49201202392578125 -0.4187549948692322
v 1.0108280181884766 0.21235501766204834 -0.2957780063152313
v 0.8152070045471191 0.23258304595947266 -0.4591909945011139
v 0.8432310223579407 0.4979879856109619 -0.5007569789886475
v 0.8152070045471191 0.23258304595947266 -0.4591909945011139
v 0.4560900032520294 0.26445698738098145 -0.6415780186653137
v 0.5070899724960327 0.52019202709198 -0.6495940089225769
v 0.8432310223579407 0.4979879856109619 -0.5007569789886475
v 0.2338230013847351 0.2942880392074585 -0.6664829850196838
v 0.26026999950408936 0.5307509899139404 -0.6761620044708252
v 0.26304298639297485 0.8903870582580566 0.5392569899559021
v 0.25978800654411316 0.8398430347442627 0.5820379853248596
v 0.5035020112991333 0.8377159833908081 0.5458289980888367
v 0.5095710158348083 0.8882349729537964 0.503046989440918
v 0.8264260292053223 0.7058229446411133 0.41094300150871277
v 0.7455559968948364 0.8224929571151733 0.3705289959907532
v 0.9137129783630371 0.8713870048522949 0.17393699288368225
v 0.9683150053024292 0.8658009767532349 -0.18756799399852753
v 0.9413999915122986 0.9127579927444458 -0.006814999971538782
v 1.0171409845352173 0.8874950408935547 0.0011109999613836408
v 1.0160599946975708 0.771649956703186 -0.2957789897918701
v 0.8267239928245544 0.7399519681930542 -0.4601860046386719
v 0.7455899715423584 0.8263529539108276 -0.3927310109138489
v 0.5027700066566467 0.7538889646530151 -0.6255059838294983
v 0.49244600534439087 0.8456809520721436 -0.44290998578071594
v 0.2590560019016266 0.7560160160064697 -0.6578450202941895
v 0.25422799587249756 0.8400729894638062 -0.48858800530433655
v 0.24312999844551086 -0.5642260313034058 0.32993799448013306
v 0.12347599864006042 -0.56318199634552 0.34114399552345276
v 0.47366800904273987 -0.5662379860877991 0.17495299875736237
v 0.47366800904273987 -0.5662379860877991 0.17495299875736237
v 0.6382529735565186 -0.8513140082359314 0.3786109983921051
v 0.7982019782066345 -0.8527100086212158 0.18471099436283112
v 0.6032180190086365 -0.5673689842224121 0.03983199968934059
v 0.8307560086250305 -0.852994978427887 -0.03761199861764908
v 0.6366639733314514 -0.5676609873771667 -0.08438999950885773
v 0.6032180190086365 -0.5673689842224121 0.03983199968934059
v 0.7982019782066345 -0.8527100086212158 0.18471099436283112
v 0.6034929752349854 -0.5673710107803345 -0.20929600298404694
v 0.7985730171203613 -0.8527140021324158 -0.19383500516414642
v 0.5520319938659668 -0.8505619764328003 -0.41268301010131836
v 0.4736030101776123 -0.5736440420150757 -0.3450379967689514
v 0.4736030101776123 -0.5736440420150757 -0.3450379967689514
v 0.22919699549674988 -0.5697189569473267 -0.5000230073928833
v 0.0036239998880773783 -0.5847699642181396 -0.47379499673843384
v 0.14423400163650513 -0.09728002548217773 0.37588998675346375
v 0.28059399127960205 -0.09688401222229004 0.36468398571014404
v 0.6161180138587952 -0.07246100902557373 0.18032699823379517
v 0.6161180138587952 -0.07246100902557373 0.18032699823379517
v 0.7750089764595032 -0.05031698942184448 0.019595999270677567
v 1.010828971862793 0.21235501766204834 0.2980000078678131
v 0.8349660038948059 0.3179730176925659 0.4346120059490204
v 1.0097579956054688 0.09651994705200195 0.0011109999613836408
v 1.010828971862793 0.21235501766204834 0.2980000078678131
v 0.7750089764595032 -0.05031698942184448 0.019595999270677567
v 0.811905026435852 -0.050639986991882324 -0.08860799670219421
v 0.7753620147705078 -0.05032002925872803 -0.19740800559520721
v 0.6170570254325867 0.03512394428253174 -0.38844799995422363
v 0.8152070045471191 0.23258304595947266 -0.4591909945011139
v 1.0108280181884766 0.21235501766204834 -0.2957780063152313
v 0.6170570254325867 0.03512394428253174 -0.38844799995422363
v 0.2822969853878021 0.09826803207397461 -0.578719973564148
v 0.1459379941225052 0.09787297248840332 -0.5928800106048584
v 1.0160599946975708 0.771649956703186 -0.2957789897918701
v 1.0171409845352173 0.8874950408935547 0.0011109999613836408
v 1.01344895362854 0.49201202392578125 0.0011109999613836408
v 1.01344895362854 0.49201202392578125 -0.4187549948692322
v 1.01344895362854 0.49201202392578125 -0.4187549948692322
v 0.8432310223579407 0.4979879856109619 -0.5007569789886475
v 0.8267239928245544 0.7399519681930542 -0.4601860046386719
v 1.0160599946975708 0.771649956703186 -0.2957789897918701
v 0.8267239928245544 0.7399519681930542 -0.4601860046386719
v 0.5027700066566467 0.7538889646530151 -0.6255059838294983
v 0.2590560019016266 0.7560160160064697 -0.6578450202941895
v 0.25978800654411316 0.8398430347442627 0.5820379853248596
v 0.5035020112991333 0.8377159833908081 0.5458289980888367
v 0.8264260292053223 0.7058229446411133 0.41094300150871277
v 1.01344895362854 0.49201202392578125 0.42097699642181396
v 1.0160599946975708 0.771649956703186 0.2980000078678131
v 0.8264260292053223 0.7058229446411133 0.41094300150871277
v 0.8306810259819031 0.5709810256958008 0.47995299100875854
v 1.0097579956054688 0.09651994705200195 0.0011109999613836408
v 0.811905026435852 -0.050639986991882324 -0.08860799670219421
v 0.7753620147705078 -0.05032002925872803 -0.19740800559520721
v 1.0108280181884766 0.21235501766204834 -0.2957780063152313
v 0.7985730171203613 -0.8527140021324158 -0.19383500516414642
v 0.6034929752349854 -0.5673710107803345 -0.20929600298404694
v 0.6366639733314514 -0.5676609873771667 -0.08438999950885773
v 0.8307560086250305 -0.852994978427887 -0.03761199861764908
v 0.8794440031051636 -1.2272329330444336 -0.1807049959897995
v 0.7985730171203613 -0.8527140021324158 -0.19383500516414642
v 0.8307560086250305 -0.852994978427887 -0.03761199861764908
v 0.9116050004959106 -1.2275140285491943 0.000986000057309866
v 1.010828971862793 0.21235501766204834 0.2980000078678131
v 1.0097579956054688 0.09651994705200195 0.0011109999613836408
v 1.01344895362854 0.49201202392578125 0.0011109999613836408
v 1.01344895362854 0.49201202392578125 0.42097699642181396
v 1.0160599946975708 0.771649956703186 0.2980000078678131
v 1.01344895362854 0.49201202392578125 0.42097699642181396
v 1.01344895362854 0.49201202392578125 0.0011109999613836408
v 1.0171409845352173 0.8874950408935547 0.0011109999613836408
v 1.0160599946975708 0.771649956703186 0.2980000078678131
v 0.32300901412963867 0.997177004814148 -0.364190012216568
v 0.01745299994945526 0.999843955039978 -0.40600699186325073
v 0.01744999922811985 0.9995440244674683 -0.04500700160861015
v 0.478410005569458 0.9955199956893921 -0.014306999742984772
v 0.650052011013031 0.906438946723938 0.00469100009649992
v 0.746163010597229 0.8920600414276123 -0.0025309999473392963
v 0.21132299304008484 0.9979720115661621 0.3482440114021301
v 0.4051940143108368 0.9962799549102783 0.3078959882259369
v -0.0020649998914450407 -1.2366210222244263 -0.5732709765434265
v 0.05534999817609787 -1.231462001800537 -0.5691549777984619
v -0.002317999955266714 -1.265570044517517 0.6416569948196411
v 0.3838919997215271 -1.2403689622879028 0.6041759848594666
v 0.2910679876804352 -1.2395589351654053 -0.5577999949455261
v 0.5806599855422974 -1.2207059860229492 -0.41025200486183167
v 0.6611329913139343 -1.2214080095291138 0.4222489893436432
v 0.8193780183792114 -1.2013280391693115 -0.16763800382614136
v 0.818988025188446 -1.2013249397277832 0.21488499641418457
v 0.8509259819984436 -1.201524019241333 0.0018420000560581684
v 0.16206899285316467 -0.8471590280532837 -0.5452690124511719
v 0.11646100133657455 -0.5713390111923218 -0.5000230073928833
v 0.187827005982399 -1.2792949676513672 -0.609853982925415
v 0.05534999817609787 -1.231462001800537 -0.5691549777984619
v -0.0020649998914450407 -1.2366210222244263 -0.5732709765434265
v 0.29302000999450684 -1.2674970626831055 -0.5579360127449036
v 0.17515499889850616 -1.2778589725494385 -0.5658689737319946
v 0.187827005982399 -1.2792949676513672 -0.609853982925415
v 0.31411099433898926 -1.2681909799575806 -0.6013540029525757
v 0.38584399223327637 -1.2683069705963135 0.6040400266647339
v 0.413565993309021 -1.2690589427947998 0.6461979746818542
v 0.20549100637435913 -1.2825440168380737 0.681896984577179
v 0.19164100289344788 -1.2808929681777954 0.6383990049362183
v 0.5829960107803345 -1.2486169338226318 -0.41043800115585327
v 0.6248000264167786 -1.2479619979858398 -0.44332000613212585
v 0.6634699702262878 -1.2493189573287964 0.4220629930496216
v 0.7110210061073303 -1.2487139701843262 0.4512229859828949
v 0.8206639885902405 -1.2292699813842773 -0.1677359938621521
v 0.8794440031051636 -1.2272329330444336 -0.1807049959897995
v 0.8202750086784363 -1.2292670011520386 0.21478700637817383
v 0.8790270090103149 -1.2272299528121948 0.2291409969329834
v 0.8506810069084167 -1.22953200340271 0.0018420000560581684
v 0.9116050004959106 -1.2275140285491943 0.000986000057309866
v 0.19078800082206726 -1.2529699802398682 0.6385160088539124
v 0.17320899665355682 -1.235511064529419 -0.5634779930114746
v 0.0567220002412796 -1.2142030000686646 -0.5748479962348938
v 0.032708000391721725 -0.8533999919891357 -0.527318000793457
v 0.0344729982316494 -0.8460450172424316 -0.5539479851722717
v 0.06182999908924103 -1.2574009895324707 -0.618353009223938
v 0.0036239998880773783 -0.5847699642181396 -0.47379499673843384
v 0.0037269999738782644 -0.5729590058326721 -0.5000230073928833
v 0.2910679876804352 -1.2395589351654053 -0.5577999949455261
v 0.29302000999450684 -1.2674970626831055 -0.5579360127449036
v 0.5829960107803345 -1.2486169338226318 -0.41043800115585327
v 0.5806599855422974 -1.2207059860229492 -0.41025200486183167
v 0.6611329913139343 -1.2214080095291138 0.4222489893436432
v 0.6634699702262878 -1.2493189573287964 0.4220629930496216
v 0.38584399223327637 -1.2683069705963135 0.6040400266647339
v 0.3838919997215271 -1.2403689622879028 0.6041759848594666
v 0.8206639885902405 -1.2292699813842773 -0.1677359938621521
v 0.8193780183792114 -1.2013280391693115 -0.16763800382614136
v 0.818988025188446 -1.2013249397277832 0.21488499641418457
v 0.8202750086784363 -1.2292670011520386 0.21478700637817383
v 0.8509259819984436 -1.201524019241333 0.0018420000560581684
v 0.8506810069084167 -1.22953200340271 0.0018420000560581684
v 0.0567220002412796 -1.2142030000686646 -0.5748479962348938
v 0.06182999908924103 -1.2574009895324707 -0.618353009223938
v 0.05757699906826019 -1.255223035812378 -0.5738019943237305
v 0.05534999817609787 -1.231462001800537 -0.5691549777984619
v 0.17320899665355682 -1.235511064529419 -0.5634779930114746
v 0.17515499889850616 -1.2778589725494385 -0.5658689737319946
v 0.19164100289344788 -1.2808929681777954 0.6383990049362183
v 0.19078800082206726 -1.2529699802398682 0.6385160088539124
v 0.22713600099086761 -0.4263659715652466 -0.4922559857368469
v 0.11607799679040909 -0.4256420135498047 -0.49350500106811523
v 0.1282549947500229 -0.37582898139953613 -0.5616350173950195
v 0.2510719895362854 -0.3747190237045288 -0.5567470192909241
v 0.5308899879455566 -0.3737040162086487 -0.37910300493240356
v 0.4721350073814392 -0.4264950156211853 -0.3407920002937317
v 0.5308899879455566 -0.3737040162086487 -0.37910300493240356
v 0.6737490296363831 -0.3748049736022949 -0.21443399786949158
v 0.6012089848518372 -0.4258750081062317 -0.20518599450588226
v 0.4721350073814392 -0.4264950156211853 -0.3407920002937317
v 0.6737490296363831 -0.3748049736022949 -0.21443399786949158
v 0.708856999874115 -0.3751109838485718 -0.08470000326633453
v 0.633758008480072 -0.4261590242385864 -0.08471299707889557
v 0.6012089848518372 -0.4258750081062317 -0.20518599450588226
v 0.633758008480072 -0.4261590242385864 -0.08471299707889557
v 0.708856999874115 -0.3751109838485718 -0.08470000326633453
v 0.6734430193901062 -0.37480199337005615 0.044321998953819275
v 0.6009359955787659 -0.4258720278739929 0.03509899973869324
v 0.6009359955787659 -0.4258720278739929 0.03509899973869324
v 0.6734430193901062 -0.37480199337005615 0.044321998953819275
v 0.5312820076942444 -0.3744789958000183 0.19896000623703003
v 0.4726400077342987 -0.4264630079269409 0.16854900121688843
v 0.2616330087184906 -0.3731909990310669 0.3763299882411957
v 0.2405029982328415 -0.4264270067214966 0.3216170072555542
v 0.4726400077342987 -0.4264630079269409 0.16854900121688843
v 0.5312820076942444 -0.3744789958000183 0.19896000623703003
v 0.13356000185012817 -0.3721359968185425 0.3875359892845154
v 0.12276200205087662 -0.42551398277282715 0.3328230082988739
v 0.2572369873523712 -0.14266401529312134 -0.5402989983558655
v 0.13235299289226532 -0.14346498250961304 -0.5491759777069092
v 0.55315101146698 -0.17302197217941284 -0.3673509955406189
v 0.7753620147705078 -0.05032002925872803 -0.19740800559520721
v 0.6982560157775879 -0.2154420018196106 -0.2002680003643036
v 0.55315101146698 -0.17302197217941284 -0.3673509955406189
v 0.6170570254325867 0.03512394428253174 -0.38844799995422363
v 0.7753620147705078 -0.05032002925872803 -0.19740800559520721
v 0.811905026435852 -0.050639986991882324 -0.08860799670219421
v 0.7328019738197327 -0.21574300527572632 -0.08787699788808823
v 0.6982560157775879 -0.2154420018196106 -0.2002680003643036
v 0.7328019738197327 -0.21574300527572632 -0.08787699788808823
v 0.811905026435852 -0.050639986991882324 -0.08860799670219421
v 0.7750089764595032 -0.05031698942184448 0.019595999270677567
v 0.6979380249977112 -0.21543902158737183 0.02389799989759922
v 0.6979380249977112 -0.21543902158737183 0.02389799989759922
v 0.7750089764595032 -0.05031698942184448 0.019595999270677567
v 0.6161180138587952 -0.07246100902557373 0.18032699823379517
v 0.5528830289840698 -0.22618001699447632 0.17218799889087677
v 0.2615930140018463 -0.23759698867797852 0.342276006937027
v 0.5528830289840698 -0.22618001699447632 0.17218799889087677
v 0.1341259926557541 -0.23729300498962402 0.3534820079803467
v 0.55315101146698 -0.17302197217941284 -0.3673509955406189
v 0.6982560157775879 -0.2154420018196106 -0.2002680003643036
v 0.6737490296363831 -0.3748049736022949 -0.21443399786949158
v 0.5308899879455566 -0.3737040162086487 -0.37910300493240356
v 0.6982560157775879 -0.2154420018196106 -0.2002680003643036
v 0.7328019738197327 -0.21574300527572632 -0.08787699788808823
v 0.708856999874115 -0.3751109838485718 -0.08470000326633453
v 0.6737490296363831 -0.3748049736022949 -0.21443399786949158
v 0.708856999874115 -0.3751109838485718 -0.08470000326633453
v 0.7328019738197327 -0.21574300527572632 -0.08787699788808823
v 0.6979380249977112 -0.21543902158737183 0.02389799989759922
v 0.6734430193901062 -0.37480199337005615 0.044321998953819275
v 0.6734430193901062 -0.37480199337005615 0.044321998953819275
v 0.6979380249977112 -0.21543902158737183 0.02389799989759922
v 0.5528830289840698 -0.22618001699447632 0.17218799889087677
v 0.5312820076942444 -0.3744789958000183 0.19896000623703003
v 0.06269899755716324 0.9512579441070557 -0.4312419891357422
v 0.13971300423145294 0.8830000162124634 -0.46663498878479004
v 0.016341999173164368 0.8725299835205078 -0.5042189955711365
v 0.01689700037240982 0.9361870288848877 -0.4551129937171936
v 0.015344000421464443 0.7581429481506348 -0.6901839971542358
v 0.016009999439120293 0.8344730138778687 -0.534267008304596
v 0.01345099974423647 0.5413110256195068 -0.7027310132980347
v 0.015344000421464443 0.7581429481506348 -0.6901839971542358
v 0.01155600044876337 0.324118971824646 -0.6913869976997375
v 0.009577999822795391 0.09747803211212158 -0.6070410013198853
v 0.007468000054359436 -0.14426398277282715 -0.5580530166625977
v 0.005437999963760376 -0.37693899869918823 -0.566523015499115
v 0.005018999800086021 -0.424917995929718 -0.49475398659706116
v 0.00393400015309453 -0.5492390394210815 -0.5289909839630127
v 0.00484299985691905 -0.44508302211761475 -0.5237219929695129
v 0.0344729982316494 -0.8460450172424316 -0.5539479851722717
v 0.0037269999738782644 -0.5729590058326721 -0.5000230073928833
v 0.06182999908924103 -1.2574009895324707 -0.618353009223938
v 0.05757699906826019 -1.255223035812378 -0.5738019943237305
v 0.06182999908924103 -1.2574009895324707 -0.618353009223938
v 0.05534999817609787 -1.231462001800537 -0.5691549777984619
v 0.05757699906826019 -1.255223035812378 -0.5738019943237305
v 0.01745299994945526 0.999843955039978 -0.40600699186325073
v -0.002317999955266714 -1.265570044517517 0.6416569948196411
v -0.002560999942943454 -1.2934789657592773 0.6415600180625916
v -0.002583000110462308 -1.296028971672058 0.6863980293273926
v -0.002560999942943454 -1.2934789657592773 0.6415600180625916
v 0.0013460000045597553 -0.8457559943199158 0.585440993309021
v -0.002583000110462308 -1.296028971672058 0.6863980293273926
v 0.0038209999911487103 -0.5621370077133179 0.32993799448013306
v 0.004004000220447779 -0.5412319898605347 0.35874998569488525
v 0.004848000127822161 -0.4444670081138611 0.3504300117492676
v 0.005489000119268894 -0.3710799813270569 0.3763299882411957
v 0.005022000055760145 -0.4246019721031189 0.3216170072555542
v 0.006659000180661678 -0.23698902130126953 0.342276006937027
v 0.00787500012665987 -0.09767502546310425 0.36468398571014404
v 0.012037999927997589 0.37935805320739746 0.576898992061615
v 0.014162999577820301 0.6228179931640625 0.64615398645401
v 0.016075000166893005 0.8419699668884277 0.580610990524292
v 0.016517000272870064 0.8925379514694214 0.5378289818763733
v 0.016075000166893005 0.8419699668884277 0.580610990524292
v 0.017451999709010124 0.9996629953384399 0.3509550094604492
v -0.6355599761009216 -0.8401979804039001 0.3786109983921051
v -0.7152529954910278 -1.2362669706344604 0.4512229859828949
v -0.41819798946380615 -1.2618000507354736 0.6461979746818542
v -0.3450550138950348 -0.8427330255508423 0.5429520010948181
v -0.549340009689331 -0.8409500122070312 -0.41268301010131836
v -0.2869740128517151 -0.8432400226593018 -0.5365890264511108
v -0.3187429904937744 -1.2626680135726929 -0.6013540029525757
v -0.6290320158004761 -1.2370200157165527 -0.44332000613212585
v -0.7958800196647644 -0.8387979865074158 -0.19383500516414642
v -0.549340009689331 -0.8409500122070312 -0.41268301010131836
v -0.6290320158004761 -1.2370200157165527 -0.44332000613212585
v -0.8832759857177734 -1.2118500471115112 -0.1807049959897995
v -0.24000699818134308 -0.4421749711036682 0.3480699956417084
v -0.48120200634002686 -0.43887197971343994 0.1906300038099289
v -0.48430800437927246 -0.5371789932250977 0.19703499972820282
v -0.24468299746513367 -0.5390679836273193 0.3563910126686096
v -0.4803920090198517 -0.4390749931335449 -0.36307498812675476
v -0.4840480089187622 -0.5425609946250916 -0.3673210144042969
v -0.6201410293579102 -0.5363309979438782 -0.22305500507354736
v -0.6157540082931519 -0.4368330240249634 -0.2189439982175827
v -0.22502100467681885 -0.4425770044326782 -0.5190070271492004
v -0.22921299934387207 -0.5433839559555054 -0.526773989200592
v 0.0012809999752789736 -0.8531759977340698 -0.5291929841041565
v -0.0019239999819546938 -1.22051203250885 -0.5807499885559082
v -0.06045199930667877 -1.2131810188293457 -0.5748479962348938
v -0.03014400042593479 -0.8528519868850708 -0.527318000793457
v -0.10635700076818466 -0.4438459873199463 -0.5224670171737671
v -0.10890600085258484 -0.5463260412216187 -0.5289850234985352
v -0.11564899981021881 -0.5401610136032104 0.369953989982605
v -0.11288899928331375 -0.4433330297470093 0.3616330027580261
v -0.21039099991321564 -1.278913974761963 0.681896984577179
v -0.17185400426387787 -0.8442440032958984 0.5797960162162781
v -0.7955089807510376 -0.8388019800186157 0.18471099436283112
v -0.8280640244483948 -0.8385180234909058 -0.03761199861764908
v -0.9154369831085205 -1.2115689516067505 0.000986000057309866
v -0.8828589916229248 -1.2118539810180664 0.2291409969329834
v -0.6568220257759094 -0.5360620021820068 -0.08434099704027176
v -0.619825005531311 -0.5362550020217896 0.05366099998354912
v -0.6154389977455139 -0.4367560148239136 0.048928000032901764
v -0.6518129706382751 -0.4365670084953308 -0.08466500043869019
v -0.6355599761009216 -0.8401979804039001 0.3786109983921051
v -0.7955089807510376 -0.8388019800186157 0.18471099436283112
v -0.8828589916229248 -1.2118539810180664 0.2291409969329834
v -0.7152529954910278 -1.2362669706344604 0.4512229859828949
v -0.47961100935935974 0.6284079551696777 0.6414999961853027
v -0.4893699884414673 0.3807929754257202 0.6071910262107849
v -0.23866599798202515 0.38007497787475586 0.6108629703521729
v -0.23272399604320526 0.6256129741668701 0.6626449823379517
v -0.8031359910964966 0.585239052772522 0.4799540042877197
v -0.8118360042572021 0.33234596252441406 0.4346129894256592
v -0.8118360042572021 0.33234596252441406 0.4346129894256592
v -0.8031359910964966 0.585239052772522 0.4799540042877197
v -0.9872549772262573 0.5094729661941528 0.42097800970077515
v -0.9895150065422058 0.22981202602386475 0.2980009913444519
v -0.9895150065422058 0.22981202602386475 -0.29577699303627014
v -0.9904659986495972 0.11397600173950195 0.0011119999689981341
v -0.9872549772262573 0.5094729661941528 0.0011119999689981341
v -0.9872549772262573 0.5094729661941528 -0.4187540113925934
v -0.9872549772262573 0.5094729661941528 -0.4187540113925934
v -0.8169580101966858 0.5124770402908325 -0.500756025314331
v -0.7935699820518494 0.24662303924560547 -0.4591900110244751
v -0.9895150065422058 0.22981202602386475 -0.29577699303627014
v -0.48048099875450134 0.528810977935791 -0.6495929956436157
v -0.4339520037174225 0.272225022315979 -0.6415780186653137
v -0.7935699820518494 0.24662303924560547 -0.4591900110244751
v -0.8169580101966858 0.5124770402908325 -0.500756025314331
v -0.23351499438285828 0.5350610017776489 -0.6761620044708252
v -0.21119800209999084 0.2981719970703125 -0.6664829850196838
v -0.2300100028514862 0.8946900367736816 0.5392569899559021
v -0.4765380024909973 0.8968410491943359 0.503046989440918
v -0.4713509976863861 0.8462239503860474 0.5458289980888367
v -0.22763699293136597 0.8440970182418823 0.5820379853248596
v -0.7136340141296387 0.8352270126342773 0.3705289959907532
v -0.7965279817581177 0.7199870347976685 0.41094300150871277
v -0.8809120059013367 0.8870500326156616 0.17393699288368225
v -0.9356039762496948 0.8824160099029541 -0.18756699562072754
v -0.9849839806556702 0.7891139984130859 -0.2957780063152313
v -0.9840430021286011 0.904960036277771 0.0011109999613836408
v -0.9078729748725891 0.9288959503173828 -0.006814999971538782
v -0.7962300181388855 0.7541149854660034 -0.4601849913597107
v -0.7136009931564331 0.8390870094299316 -0.3927310109138489
v -0.46015799045562744 0.8539940118789673 -0.44290998578071594
v -0.4720830023288727 0.762395977973938 -0.6255059838294983
v -0.2220740020275116 0.844230055809021 -0.48858800530433655
v -0.22836899757385254 0.7602699995040894 -0.6578450202941895
v -0.23548699915409088 -0.5600489974021912 0.32993799448013306
v -0.11583299934864044 -0.5610929727554321 0.34114399552345276
v -0.4660249948501587 -0.5580370426177979 0.17495299875736237
v -0.4660249948501587 -0.5580370426177979 0.17495299875736237
v -0.5955759882926941 -0.5569069981575012 0.03983199968934059
v -0.7955089807510376 -0.8388019800186157 0.18471099436283112
v -0.6355599761009216 -0.8401979804039001 0.3786109983921051
v -0.5955759882926941 -0.5569069981575012 0.03983199968934059
v -0.6290220022201538 -0.5566149950027466 -0.08438999950885773
v -0.8280640244483948 -0.8385180234909058 -0.03761199861764908
v -0.7955089807510376 -0.8388019800186157 0.18471099436283112
v -0.5958510041236877 -0.5569039583206177 -0.20929600298404694
v -0.46608901023864746 -0.5654430389404297 -0.3450379967689514
v -0.549340009689331 -0.8409500122070312 -0.41268301010131836
v -0.7958800196647644 -0.8387979865074158 -0.19383500516414642
v -0.46608901023864746 -0.5654430389404297 -0.3450379967689514
v -0.22165200114250183 -0.5657839775085449 -0.5000230073928833
v 0.0036239998880773783 -0.5847699642181396 -0.47379499673843384
v -0.26478898525238037 -0.09212499856948853 0.36468398571014404
v -0.1284569948911667 -0.09490001201629639 0.37588998675346375
v -0.599835991859436 -0.061850011348724365 0.18032699823379517
v -0.599835991859436 -0.061850011348724365 0.18032699823379517
v -0.8118360042572021 0.33234596252441406 0.4346129894256592
v -0.9895150065422058 0.22981202602386475 0.2980009913444519
v -0.7583159804344177 -0.03693497180938721 0.019595999270677567
v -0.7583159804344177 -0.03693497180938721 0.019595999270677567
v -0.9895150065422058 0.22981202602386475 0.2980009913444519
v -0.9904659986495972 0.11397600173950195 0.0011119999689981341
v -0.7952119708061218 -0.03661400079727173 -0.08860799670219421
v -0.7935699820518494 0.24662303924560547 -0.4591900110244751
v -0.5988969802856445 0.045735955238342285 -0.38844799995422363
v -0.7586690187454224 -0.03693300485610962 -0.19740800559520721
v -0.9895150065422058 0.22981202602386475 -0.29577699303627014
v -0.2630859911441803 0.10302698612213135 -0.578719973564148
v -0.5988969802856445 0.045735955238342285 -0.38844799995422363
v -0.1267540007829666 0.10025298595428467 -0.5928800106048584
v -0.9849839806556702 0.7891139984130859 -0.2957780063152313
v -0.9872549772262573 0.5094729661941528 -0.4187540113925934
v -0.9872549772262573 0.5094729661941528 0.0011119999689981341
v -0.9840430021286011 0.904960036277771 0.0011109999613836408
v -0.7962300181388855 0.7541149854660034 -0.4601849913597107
v -0.8169580101966858 0.5124770402908325 -0.500756025314331
v -0.9872549772262573 0.5094729661941528 -0.4187540113925934
v -0.9849839806556702 0.7891139984130859 -0.2957780063152313
v -0.7962300181388855 0.7541149854660034 -0.4601849913597107
v -0.4720830023288727 0.762395977973938 -0.6255059838294983
v -0.22836899757385254 0.7602699995040894 -0.6578450202941895
v -0.22763699293136597 0.8440970182418823 0.5820379853248596
v -0.4713509976863861 0.8462239503860474 0.5458289980888367
v -0.7965279817581177 0.7199870347976685 0.41094300150871277
v -0.7965279817581177 0.7199870347976685 0.41094300150871277
v -0.9849839806556702 0.7891139984130859 0.2980000078678131
v -0.9872549772262573 0.5094729661941528 0.42097800970077515
v -0.8031359910964966 0.585239052772522 0.4799540042877197
v -0.7586690187454224 -0.03693300485610962 -0.19740800559520721
v -0.7952119708061218 -0.03661400079727173 -0.08860799670219421
v -0.9904659986495972 0.11397600173950195 0.0011119999689981341
v -0.9895150065422058 0.22981202602386475 -0.29577699303627014
v -0.6290220022201538 -0.5566149950027466 -0.08438999950885773
v -0.5958510041236877 -0.5569039583206177 -0.20929600298404694
v -0.7958800196647644 -0.8387979865074158 -0.19383500516414642
v -0.8280640244483948 -0.8385180234909058 -0.03761199861764908
v -0.8280640244483948 -0.8385180234909058 -0.03761199861764908
v -0.7958800196647644 -0.8387979865074158 -0.19383500516414642
v -0.8832759857177734 -1.2118500471115112 -0.1807049959897995
v -0.9154369831085205 -1.2115689516067505 0.000986000057309866
v -0.9872549772262573 0.5094729661941528 0.0011119999689981341
v -0.9904659986495972 0.11397600173950195 0.0011119999689981341
v -0.9895150065422058 0.22981202602386475 0.2980009913444519
v -0.9872549772262573 0.5094729661941528 0.42097800970077515
v -0.9872549772262573 0.5094729661941528 0.0011119999689981341
v -0.9872549772262573 0.5094729661941528 0.42097800970077515
v -0.9849839806556702 0.7891139984130859 0.2980000078678131
v -0.9840430021286011 0.904960036277771 0.0011109999613836408
v -0.9849839806556702 0.7891139984130859 0.2980000078678131
v 0.01744999922811985 0.9995440244674683 -0.04500700160861015
v 0.01745299994945526 0.999843955039978 -0.40600699186325073
v -0.28810301423072815 1.0025100708007812 -0.364190012216568
v -0.4435090124607086 1.0035669803619385 -0.014306999742984772
v -0.6166800260543823 0.9174950122833252 0.00469100009649992
v -0.7130270004272461 0.9047950506210327 -0.0025309999473392963
v -0.17642000317573547 1.0013558864593506 0.3482440114021301
v -0.37029099464416504 1.003046989440918 0.3078959882259369
v -0.0020649998914450407 -1.2366210222244263 -0.5732709765434265
v -0.002317999955266714 -1.265570044517517 0.6416569948196411
v -0.05938100069761276 -1.2304610013961792 -0.5691549777984619
v -0.5844230055809021 -1.2105380296707153 -0.41025200486183167
v -0.2952040135860443 -1.234442949295044 -0.5577999949455261
v -0.38802799582481384 -1.23363196849823 0.6041759848594666
v -0.6648960113525391 -1.2098350524902344 0.4222489893436432
v -0.8227670192718506 -1.1869969367980957 -0.16763800382614136
v -0.8223770260810852 -1.1870009899139404 0.21488499641418457
v -0.8543130159378052 -1.186642050743103 0.0018420000560581684
v -0.10896199941635132 -0.5693709850311279 -0.5000230073928833
v -0.15937699377536774 -0.8443540334701538 -0.5452690124511719
v -0.192672997713089 -1.2759740352630615 -0.609853982925415
v -0.05938100069761276 -1.2304610013961792 -0.5691549777984619
v -0.0020649998914450407 -1.2366210222244263 -0.5732709765434265
v -0.2976439893245697 -1.262342929840088 -0.5579360127449036
v -0.3187429904937744 -1.2626680135726929 -0.6013540029525757
v -0.192672997713089 -1.2759740352630615 -0.609853982925415
v -0.17997799813747406 -1.2747600078582764 -0.5658689737319946
v -0.21039099991321564 -1.278913974761963 0.681896984577179
v -0.41819798946380615 -1.2618000507354736 0.6461979746818542
v -0.3904680013656616 -1.2615320682525635 0.6040400266647339
v -0.19651399552822113 -1.2775050401687622 0.6383990049362183
v -0.5872470140457153 -1.2384049892425537 -0.41043800115585327
v -0.6290320158004761 -1.2370200157165527 -0.44332000613212585
v -0.7152529954910278 -1.2362669706344604 0.4512229859828949
v -0.6677200198173523 -1.2377020120620728 0.4220629930496216
v -0.8245409727096558 -1.214913010597229 -0.1677359938621521
v -0.8832759857177734 -1.2118500471115112 -0.1807049959897995
v -0.8828589916229248 -1.2118539810180664 0.2291409969329834
v -0.8241519927978516 -1.2149159908294678 0.21478700637817383
v -0.9154369831085205 -1.2115689516067505 0.000986000057309866
v -0.854557991027832 -1.2146509885787964 0.0018420000560581684
v -0.17729300260543823 -1.2324520349502563 -0.5634779930114746
v -0.19517399370670319 -1.2496010065078735 0.6385160088539124
v -0.06045199930667877 -1.2131810188293457 -0.5748479962348938
v -0.0663129985332489 -1.2562819719314575 -0.618353009223938
v -0.03178099915385246 -0.8454669713973999 -0.5539479851722717
v -0.03014400042593479 -0.8528519868850708 -0.527318000793457
v 0.0037269999738782644 -0.5729590058326721 -0.5000230073928833
v 0.0036239998880773783 -0.5847699642181396 -0.47379499673843384
v -0.5872470140457153 -1.2384049892425537 -0.41043800115585327
v -0.2976439893245697 -1.262342929840088 -0.5579360127449036
v -0.2952040135860443 -1.234442949295044 -0.5577999949455261
v -0.5844230055809021 -1.2105380296707153 -0.41025200486183167
v -0.3904680013656616 -1.2615320682525635 0.6040400266647339
v -0.6677200198173523 -1.2377020120620728 0.4220629930496216
v -0.6648960113525391 -1.2098350524902344 0.4222489893436432
v -0.38802799582481384 -1.23363196849823 0.6041759848594666
v -0.8245409727096558 -1.214913010597229 -0.1677359938621521
v -0.8227670192718506 -1.1869969367980957 -0.16763800382614136
v -0.8241519927978516 -1.2149159908294678 0.21478700637817383
v -0.8223770260810852 -1.1870009899139404 0.21488499641418457
v -0.854557991027832 -1.2146509885787964 0.0018420000560581684
v -0.8543130159378052 -1.186642050743103 0.0018420000560581684
v -0.06202299892902374 -1.2541790008544922 -0.5738019943237305
v -0.0663129985332489 -1.2562819719314575 -0.618353009223938
v -0.06045199930667877 -1.2131810188293457 -0.5748479962348938
v -0.05938100069761276 -1.2304610013961792 -0.5691549777984619
v -0.17997799813747406 -1.2747600078582764 -0.5658689737319946
v -0.17729300260543823 -1.2324520349502563 -0.5634779930114746
v -0.19651399552822113 -1.2775050401687622 0.6383990049362183
v -0.19517399370670319 -1.2496010065078735 0.6385160088539124
v -0.2170889973640442 -0.4224900007247925 -0.4922559857368469
v -0.2401210069656372 -0.3704320192337036 -0.5567470192909241
v -0.11734200268983841 -0.3736860156059265 -0.5616350173950195
v -0.1060359999537468 -0.42370402812957764 -0.49350500106811523
v -0.46205300092697144 -0.4183419942855835 -0.3407920002937317
v -0.5198779702186584 -0.36453402042388916 -0.37910300493240356
v -0.5198779702186584 -0.36453402042388916 -0.37910300493240356
v -0.46205300092697144 -0.4183419942855835 -0.3407920002937317
v -0.5910969972610474 -0.4154700040817261 -0.20518599450588226
v -0.6627339720726013 -0.3631410002708435 -0.21443399786949158
v -0.6627339720726013 -0.3631410002708435 -0.21443399786949158
v -0.5910969972610474 -0.4154700040817261 -0.20518599450588226
v -0.6236460208892822 -0.41518497467041016 -0.08471299707889557
v -0.6978430151939392 -0.36283499002456665 -0.08470000326633453
v -0.6236460208892822 -0.41518497467041016 -0.08471299707889557
v -0.5908240079879761 -0.41547197103500366 0.03509899973869324
v -0.6624280214309692 -0.3631439805030823 0.044321998953819275
v -0.6978430151939392 -0.36283499002456665 -0.08470000326633453
v -0.5202839970588684 -0.3653010129928589 0.19896000623703003
v -0.6624280214309692 -0.3631439805030823 0.044321998953819275
v -0.5908240079879761 -0.41547197103500366 0.03509899973869324
v -0.46255800127983093 -0.418300986289978 0.16854900121688843
v -0.46255800127983093 -0.418300986289978 0.16854900121688843
v -0.23045499622821808 -0.4223170280456543 0.3216170072555542
v -0.2506529986858368 -0.36872100830078125 0.3763299882411957
v -0.5202839970588684 -0.3653010129928589 0.19896000623703003
v -0.11271700263023376 -0.423458993434906 0.3328230082988739
v -0.12258200347423553 -0.3698999881744385 0.3875359892845154
v -0.242234006524086 -0.13830500841140747 -0.5402989983558655
v -0.11738400161266327 -0.1412850022315979 -0.5491759777069092
v -0.5386329889297485 -0.16349399089813232 -0.3673509955406189
v -0.5386329889297485 -0.16349399089813232 -0.3673509955406189
v -0.684457004070282 -0.203374981880188 -0.2002680003643036
v -0.7586690187454224 -0.03693300485610962 -0.19740800559520721
v -0.5988969802856445 0.045735955238342285 -0.38844799995422363
v -0.7586690187454224 -0.03693300485610962 -0.19740800559520721
v -0.684457004070282 -0.203374981880188 -0.2002680003643036
v -0.7190030217170715 -0.20307302474975586 -0.08787699788808823
v -0.7952119708061218 -0.03661400079727173 -0.08860799670219421
v -0.7190030217170715 -0.20307302474975586 -0.08787699788808823
v -0.6841390132904053 -0.20337700843811035 0.02389799989759922
v -0.7583159804344177 -0.03693497180938721 0.019595999270677567
v -0.7952119708061218 -0.03661400079727173 -0.08860799670219421
v -0.599835991859436 -0.061850011348724365 0.18032699823379517
v -0.7583159804344177 -0.03693497180938721 0.019595999270677567
v -0.6841390132904053 -0.20337700843811035 0.02389799989759922
v -0.5392929911613464 -0.21664899587631226 0.17218799889087677
v -0.5392929911613464 -0.21664899587631226 0.17218799889087677
v -0.24824699759483337 -0.2331470251083374 0.342276006937027
v -0.12079399824142456 -0.23506897687911987 0.3534820079803467
v -0.5386329889297485 -0.16349399089813232 -0.3673509955406189
v -0.5198779702186584 -0.36453402042388916 -0.37910300493240356
v -0.6627339720726013 -0.3631410002708435 -0.21443399786949158
v -0.684457004070282 -0.203374981880188 -0.2002680003643036
v -0.684457004070282 -0.203374981880188 -0.2002680003643036
v -0.6627339720726013 -0.3631410002708435 -0.21443399786949158
v -0.6978430151939392 -0.36283499002456665 -0.08470000326633453
v -0.7190030217170715 -0.20307302474975586 -0.08787699788808823
v -0.6978430151939392 -0.36283499002456665 -0.08470000326633453
v -0.6624280214309692 -0.3631439805030823 0.044321998953819275
v -0.6841390132904053 -0.20337700843811035 0.02389799989759922
v -0.7190030217170715 -0.20307302474975586 -0.08787699788808823
v -0.6624280214309692 -0.3631439805030823 0.044321998953819275
v -0.5202839970588684 -0.3653010129928589 0.19896000623703003
v -0.5392929911613464 -0.21664899587631226 0.17218799889087677
v -0.6841390132904053 -0.20337700843811035 0.02389799989759922
v -0.028634000569581985 0.9520549774169922 -0.4312419891357422
v 0.01689700037240982 0.9361870288848877 -0.4551129937171936
v 0.016341999173164368 0.8725299835205078 -0.5042189955711365
v -0.1068279966711998 0.8851519823074341 -0.46663498878479004
v 0.016009999439120293 0.8344730138778687 -0.534267008304596
v 0.015344000421464443 0.7581429481506348 -0.6901839971542358
v 0.015344000421464443 0.7581429481506348 -0.6901839971542358
v 0.01345099974423647 0.5413110256195068 -0.7027310132980347
v 0.01155600044876337 0.324118971824646 -0.6913869976997375
v 0.009577999822795391 0.09747803211212158 -0.6070410013198853
v 0.007468000054359436 -0.14426398277282715 -0.5580530166625977
v 0.005437999963760376 -0.37693899869918823 -0.566523015499115
v 0.005018999800086021 -0.424917995929718 -0.49475398659706116
v 0.00484299985691905 -0.44508302211761475 -0.5237219929695129
v 0.00393400015309453 -0.5492390394210815 -0.5289909839630127
v 0.0037269999738782644 -0.5729590058326721 -0.5000230073928833
v -0.03178099915385246 -0.8454669713973999 -0.5539479851722717
v -0.0663129985332489 -1.2562819719314575 -0.618353009223938
v -0.0663129985332489 -1.2562819719314575 -0.618353009223938
v -0.06202299892902374 -1.2541790008544922 -0.5738019943237305
v -0.06202299892902374 -1.2541790008544922 -0.5738019943237305
v -0.05938100069761276 -1.2304610013961792 -0.5691549777984619
v 0.01745299994945526 0.999843955039978 -0.40600699186325073
v -0.002317999955266714 -1.265570044517517 0.6416569948196411
v -0.002560999942943454 -1.2934789657592773 0.6415600180625916
v -0.002583000110462308 -1.296028971672058 0.6863980293273926
v -0.002560999942943454 -1.2934789657592773 0.6415600180625916
v 0.0013460000045597553 -0.8457559943199158 0.585440993309021
v -0.002583000110462308 -1.296028971672058 0.6863980293273926
v 0.0038209999911487103 -0.5621370077133179 0.32993799448013306
v 0.004004000220447779 -0.5412319898605347 0.35874998569488525
v 0.004848000127822161 -0.4444670081138611 0.3504300117492676
v 0.005022000055760145 -0.4246019721031189 0.3216170072555542
v 0.005489000119268894 -0.3710799813270569 0.3763299882411957
v 0.006659000180661678 -0.23698902130126953 0.342276006937027
v 0.00787500012665987 -0.09767502546310425 0.36468398571014404
v 0.012037999927997589 0.37935805320739746 0.576898992061615
v 0.014162999577820301 0.6228179931640625 0.64615398645401
v 0.016075000166893005 0.8419699668884277 0.580610990524292
v 0.016517000272870064 0.8925379514694214 0.5378289818763733
v 0.016075000166893005 0.8419699668884277 0.580610990524292
v 0.017451999709010124 0.9996629953384399 0.3509550094604492
v 0.4909229874610901 -0.4473559856414795 0.1906300038099289
v 0.4726400077342987 -0.4264630079269409 0.16854900121688843
v 0.2405029982328415 -0.4264270067214966 0.3216170072555542
v 0.24970600008964539 -0.4464489817619324 0.3480699956417084
v 0.4923120141029358 -0.5457019805908203 0.19703499972820282
v 0.25268998742103577 -0.543408989906311 0.3563910126686096
v 0.24312999844551086 -0.5642260313034058 0.32993799448013306
v 0.47366800904273987 -0.5662379860877991 0.17495299875736237
v 0.49010899662971497 -0.4475439786911011 -0.36307498812675476
v 0.4721350073814392 -0.4264950156211853 -0.3407920002937317
v 0.6012089848518372 -0.4258750081062317 -0.20518599450588226
v 0.6254889965057373 -0.4476659893989563 -0.2189439982175827
v 0.49195799231529236 -0.5510790348052979 -0.3673210144042969
v 0.6281390190124512 -0.5472249984741211 -0.22305500507354736
v 0.6034929752349854 -0.5673710107803345 -0.20929600298404694
v 0.4736030101776123 -0.5736440420150757 -0.3450379967689514
v 0.23471499979496002 -0.44658899307250977 -0.5190070271492004
v 0.22713600099086761 -0.4263659715652466 -0.4922559857368469
v 0.22919699549674988 -0.5697189569473267 -0.5000230073928833
v 0.2371470034122467 -0.5474539995193481 -0.526773989200592
v 0.11604700237512589 -0.4457870125770569 -0.5224670171737671
v 0.11607799679040909 -0.4256420135498047 -0.49350500106811523
v 0.1168069988489151 -0.5482959747314453 -0.5289850234985352
v 0.11646100133657455 -0.5713390111923218 -0.5000230073928833
v 0.12258800119161606 -0.4453880190849304 0.3616330027580261
v 0.12276200205087662 -0.42551398277282715 0.3328230082988739
v 0.12365800142288208 -0.5422500371932983 0.369953989982605
v 0.12347599864006042 -0.56318199634552 0.34114399552345276
v 0.6278250217437744 -0.5471439957618713 0.05366099998354912
v 0.6032180190086365 -0.5673689842224121 0.03983199968934059
v 0.6366639733314514 -0.5676609873771667 -0.08438999950885773
v 0.6648190021514893 -0.5475959777832031 -0.08434099704027176
v 0.6615470051765442 -0.4480299949645996 -0.08466500043869019
v 0.633758008480072 -0.4261590242385864 -0.08471299707889557
v 0.6009359955787659 -0.4258720278739929 0.03509899973869324
v 0.6251770257949829 -0.44758397340774536 0.048928000032901764
v 0.00484299985691905 -0.44508302211761475 -0.5237219929695129
v 0.005018999800086021 -0.424917995929718 -0.49475398659706116
v 0.00393400015309453 -0.5492390394210815 -0.5289909839630127
v 0.0037269999738782644 -0.5729590058326721 -0.5000230073928833
v 0.004848000127822161 -0.4444670081138611 0.3504300117492676
v 0.005022000055760145 -0.4246019721031189 0.3216170072555542
v 0.004004000220447779 -0.5412319898605347 0.35874998569488525
v 0.0038209999911487103 -0.5621370077133179 0.32993799448013306
v -0.48430800437927246 -0.5371789932250977 0.19703499972820282
v -0.4660249948501587 -0.5580370426177979 0.17495299875736237
v -0.23548699915409088 -0.5600489974021912 0.32993799448013306
v -0.24468299746513367 -0.5390679836273193 0.3563910126686096
v -0.48120200634002686 -0.43887197971343994 0.1906300038099289
v -0.24000699818134308 -0.4421749711036682 0.3480699956417084
v -0.23045499622821808 -0.4223170280456543 0.3216170072555542
v -0.46255800127983093 -0.418300986289978 0.16854900121688843
v -0.4840480089187622 -0.5425609946250916 -0.3673210144042969
v -0.46608901023864746 -0.5654430389404297 -0.3450379967689514
v -0.5958510041236877 -0.5569039583206177 -0.20929600298404694
v -0.6201410293579102 -0.5363309979438782 -0.22305500507354736
v -0.4803920090198517 -0.4390749931335449 -0.36307498812675476
v -0.6157540082931519 -0.4368330240249634 -0.2189439982175827
v -0.5910969972610474 -0.4154700040817261 -0.20518599450588226
v -0.46205300092697144 -0.4183419942855835 -0.3407920002937317
v -0.22921299934387207 -0.5433839559555054 -0.526773989200592
v -0.22165200114250183 -0.5657839775085449 -0.5000230073928833
v -0.2170889973640442 -0.4224900007247925 -0.4922559857368469
v -0.22502100467681885 -0.4425770044326782 -0.5190070271492004
v -0.10890600085258484 -0.5463260412216187 -0.5289850234985352
v -0.10896199941635132 -0.5693709850311279 -0.5000230073928833
v -0.10635700076818466 -0.4438459873199463 -0.5224670171737671
v -0.1060359999537468 -0.42370402812957764 -0.49350500106811523
v -0.11564899981021881 -0.5401610136032104 0.369953989982605
v -0.11583299934864044 -0.5610929727554321 0.34114399552345276
v -0.11288899928331375 -0.4433330297470093 0.3616330027580261
v -0.11271700263023376 -0.423458993434906 0.3328230082988739
v -0.6154389977455139 -0.4367560148239136 0.048928000032901764
v -0.5908240079879761 -0.41547197103500366 0.03509899973869324
v -0.6236460208892822 -0.41518497467041016 -0.08471299707889557
v -0.6518129706382751 -0.4365670084953308 -0.08466500043869019
v -0.6568220257759094 -0.5360620021820068 -0.08434099704027176
v -0.6290220022201538 -0.5566149950027466 -0.08438999950885773
v -0.5955759882926941 -0.5569069981575012 0.03983199968934059
v -0.619825005531311 -0.5362550020217896 0.05366099998354912
v 0.00393400015309453 -0.5492390394210815 -0.5289909839630127
v 0.0037269999738782644 -0.5729590058326721 -0.5000230073928833
v 0.005018999800086021 -0.424917995929718 -0.49475398659706116
v 0.00484299985691905 -0.44508302211761475 -0.5237219929695129
v 0.004004000220447779 -0.5412319898605347 0.35874998569488525
v 0.0038209999911487103 -0.5621370077133179 0.32993799448013306
v 0.004848000127822161 -0.4444670081138611 0.3504300117492676
v 0.005022000055760145 -0.4246019721031189 0.3216170072555542
v -0.2971479892730713 1.0208098888397217 -0.3793089985847473
v 0.007542000152170658 1.0156610012054443 -0.42772701382637024
v -0.03484800085425377 0.9822800159454346 -0.47236600518226624
v -0.35280299186706543 0.9898840188980103 -0.4227690100669861
v -0.4580569863319397 1.0251948833465576 -0.015985000878572464
v -0.5268719792366028 1.0197649002075195 -0.011307000182569027
v -0.37737300992012024 1.0254700183868408 0.31801798939704895
v -0.4178659915924072 1.0202341079711914 0.39060699939727783
v -0.20025299489498138 1.0171639919281006 0.4226900041103363
v -0.17997300624847412 1.0237770080566406 0.36084601283073425
v -0.45956599712371826 0.8727519512176514 -0.4485200047492981
v -0.2204129993915558 0.8607039451599121 -0.49976199865341187
v -0.2220740020275116 0.844230055809021 -0.48858800530433655
v -0.46015799045562744 0.8539940118789673 -0.44290998578071594
v -0.28810301423072815 1.0025100708007812 -0.364190012216568
v 0.01745299994945526 0.999843955039978 -0.40600699186325073
v 0.01745299994945526 0.999843955039978 -0.40600699186325073
v -0.028634000569581985 0.9520549774169922 -0.4312419891357422
v -0.6166800260543823 0.9174950122833252 0.00469100009649992
v -0.6183760166168213 0.9382699728012085 0.003375000087544322
v -0.4435090124607086 1.0035669803619385 -0.014306999742984772
v -0.4765380024909973 0.8968410491943359 0.503046989440918
v -0.4736979901790619 0.9187970161437988 0.5034109950065613
v -0.37029099464416504 1.003046989440918 0.3078959882259369
v -0.2300100028514862 0.8946900367736816 0.5392569899559021
v -0.22860200703144073 0.9166879653930664 0.541333019733429
v -0.17642000317573547 1.0013558864593506 0.3482440114021301
v -0.11304199695587158 0.9153690338134766 -0.5077589750289917
v -0.1068279966711998 0.8851519823074341 -0.46663498878479004
v -0.4265429973602295 0.926226019859314 -0.45650699734687805
v -0.5942400097846985 0.9879410266876221 -0.0031640001107007265
v -0.4634009897708893 0.9747190475463867 0.47424599528312683
v -0.22322200238704681 0.9714529514312744 0.5120369791984558
v -0.2220740020275116 0.844230055809021 -0.48858800530433655
v 0.01670899987220764 0.9145770072937012 0.5423640012741089
v 0.016517000272870064 0.8925379514694214 0.5378289818763733
v 0.017177000641822815 0.9681849479675293 0.5121920108795166
v 0.017576999962329865 1.0140929222106934 0.4171369969844818
v 0.017647000029683113 1.022083044052124 0.3660370111465454
v 0.017451999709010124 0.9996629953384399 0.3509550094604492
v 0.3323720097541809 1.0153160095214844 -0.3793089985847473
v 0.3874790072441101 0.9834239482879639 -0.4227690100669861
v 0.06943999975919724 0.9813690185546875 -0.47236600518226624
v 0.027638999745249748 1.0154850482940674 -0.42772701382637024
v 0.49333301186561584 1.0168910026550293 -0.015985000878572464
v 0.5620430111885071 1.0102620124816895 -0.011307000182569027
v 0.41266700625419617 1.0185749530792236 0.31801798939704895
v 0.4530610144138336 1.0126330852508545 0.39060699939727783
v 0.23542800545692444 1.013361930847168 0.4226900041103363
v 0.21526600420475006 1.0203289985656738 0.36084601283073425
v 0.4921810030937195 0.8644460439682007 -0.4485200047492981
v 0.49244600534439087 0.8456809520721436 -0.44290998578071594
v 0.25422799587249756 0.8400729894638062 -0.48858800530433655
v 0.25285500288009644 0.8565740585327148 -0.49976199865341187
v 0.01745299994945526 0.999843955039978 -0.40600699186325073
v 0.32300901412963867 0.997177004814148 -0.364190012216568
v 0.06269899755716324 0.9512579441070557 -0.4312419891357422
v 0.01745299994945526 0.999843955039978 -0.40600699186325073
v 0.650052011013031 0.906438946723938 0.00469100009649992
v 0.6521109938621521 0.9271830320358276 0.003375000087544322
v 0.478410005569458 0.9955199956893921 -0.014306999742984772
v 0.5095710158348083 0.8882349729537964 0.503046989440918
v 0.5071150064468384 0.9102369546890259 0.5034109950065613
v 0.4051940143108368 0.9962799549102783 0.3078959882259369
v 0.26304298639297485 0.8903870582580566 0.5392569899559021
v 0.26201900839805603 0.9124059677124023 0.541333019733429
v 0.21132299304008484 0.9979720115661621 0.3482440114021301
v 0.14645400643348694 0.9131040573120117 -0.5077589750289917
v 0.13971300423145294 0.8830000162124634 -0.46663498878479004
v 0.46009698510169983 0.9184880256652832 -0.45650699734687805
v 0.6288449764251709 0.9772679805755615 -0.0031640001107007265
v 0.4977959990501404 0.9663310050964355 0.47424599528312683
v 0.2575959861278534 0.967257022857666 0.5120369791984558
v 0.25422799587249756 0.8400729894638062 -0.48858800530433655
v 0.01670899987220764 0.9145770072937012 0.5423640012741089
v 0.016517000272870064 0.8925379514694214 0.5378289818763733
v 0.017177000641822815 0.9681849479675293 0.5121920108795166
v 0.017576999962329865 1.0140929222106934 0.4171369969844818
v 0.017647000029683113 1.022083044052124 0.3660370111465454
v 0.017451999709010124 0.9996629953384399 0.3509550094604492
v -0.13644400238990784 0.5412839651107788 -0.6930699944496155
v -0.13973699510097504 0.5453250408172607 -0.6796219944953918
v -0.09921400249004364 0.5745329856872559 -0.6856399774551392
v -0.09900599718093872 0.5682699680328369 -0.6986290216445923
v -0.04931100085377693 0.5740989446640015 -0.6920449733734131
v -0.052900999784469604 0.5678679943084717 -0.7045480012893677
v -0.009091000072658062 0.5441850423812866 -0.6963930130004883
v -0.015742000192403793 0.5402319431304932 -0.7085649967193604
v 0.006085999775677919 0.49621903896331787 -0.6970229744911194
v -0.00171999994199723 0.4959169626235962 -0.7091460227966309
v -0.009577999822795391 0.4485210180282593 -0.6936929821968079
v -0.016193000599741936 0.4518500566482544 -0.7060700058937073
v -0.05010100081562996 0.4193120002746582 -0.6876749992370605
v -0.053631000220775604 0.4248640537261963 -0.7005100250244141
v -0.10000400245189667 0.419746994972229 -0.6812689900398254
v -0.09973499923944473 0.4252660274505615 -0.6945919990539551
v -0.14022399485111237 0.4496619701385498 -0.676921010017395
v -0.13689400255680084 0.45290303230285645 -0.6905750036239624
v -0.15540100634098053 0.49762797355651855 -0.6762920022010803
v -0.1509159952402115 0.4972180128097534 -0.6899939775466919
v -0.12374400347471237 0.5304900407791138 -0.7055410146713257
v -0.09509000182151794 0.551144003868103 -0.7097960114479065
v -0.05980300158262253 0.5508370399475098 -0.7143269777297974
v -0.031362999230623245 0.5296850204467773 -0.7174019813537598
v -0.02063100039958954 0.4957679510116577 -0.7178459763526917
v -0.0317079983651638 0.4620399475097656 -0.715490996837616
v -0.06036299839615822 0.44138503074645996 -0.7112360000610352
v -0.09564799815416336 0.44169294834136963 -0.7067059874534607
v -0.12408900260925293 0.4628469944000244 -0.7036319971084595
v -0.13482099771499634 0.4967629909515381 -0.7031869888305664
v -0.10357099771499634 0.5145859718322754 -0.7151380181312561
v -0.08806400001049042 0.5257630348205566 -0.7174410223960876
v -0.06896699965000153 0.5255980491638184 -0.7198929786682129
v -0.053575001657009125 0.5141500234603882 -0.7215570211410522
v -0.047766998410224915 0.49579405784606934 -0.7217980027198792
v -0.05376200005412102 0.4775409698486328 -0.7205229997634888
v -0.06926999986171722 0.46636295318603516 -0.7182199954986572
v -0.08836600184440613 0.4665290117263794 -0.7157689929008484
v -0.10375799983739853 0.47797703742980957 -0.7141050100326538
v -0.10956600308418274 0.4963330030441284 -0.7138640284538269
v -0.07899700105190277 0.4959930181503296 -0.720399022102356
v -0.13189800083637238 0.18438804149627686 -0.6334030032157898
v -0.13539700210094452 0.192221999168396 -0.6218090057373047
v -0.09604500234127045 0.21973705291748047 -0.6368359923362732
v -0.09554299712181091 0.20980894565582275 -0.6472870111465454
v -0.04614200070500374 0.21930205821990967 -0.6432420015335083
v -0.04943900182843208 0.20940697193145752 -0.6532049775123596
v -0.004749999847263098 0.19108104705810547 -0.6385809779167175
v -0.011196999810636044 0.18333399295806885 -0.6488990187644958
v 0.012322000227868557 0.14585399627685547 -0.6246320009231567
v 0.004575000144541264 0.1415499448776245 -0.6360120177268982
v -0.0014479999663308263 0.10089600086212158 -0.6067240238189697
v -0.00814600009471178 0.10001599788665771 -0.61946702003479
v -0.04079899936914444 0.07338094711303711 -0.5916969776153564
v -0.044502001255750656 0.07459402084350586 -0.6055840253829956
v -0.09070099890232086 0.07381594181060791 -0.5852910280227661
v -0.0906049981713295 0.0749969482421875 -0.5996649861335754
v -0.13209399580955505 0.1020359992980957 -0.5899519920349121
v -0.12884700298309326 0.10106897354125977 -0.6039720177650452
v -0.14916600286960602 0.1472630500793457 -0.6039010286331177
v -0.14462000131607056 0.14285194873809814 -0.6168590188026428
v -0.11873699724674225 0.17079603672027588 -0.6420850157737732
v -0.09091100096702576 0.19025301933288574 -0.6527100205421448
v -0.05562499910593033 0.18994498252868652 -0.6572399735450745
v -0.02635600045323372 0.1699899435043335 -0.6539440155029297
v -0.014283999800682068 0.13801002502441406 -0.6440809965133667
v -0.02401999942958355 0.10621905326843262 -0.631417989730835
v -0.05184600129723549 0.08676397800445557 -0.6207919716835022
v -0.0871329978108406 0.08707201480865479 -0.6162620186805725
v -0.11640200018882751 0.10702598094940186 -0.6195579767227173
v -0.12847299873828888 0.13900601863861084 -0.6294220089912415
v -0.09791500121355057 0.15351402759552002 -0.6465309858322144
v -0.08285599946975708 0.16404402256011963 -0.6522809863090515
v -0.06375899910926819 0.16387701034545898 -0.6547330021858215
v -0.047919001430273056 0.15307700634002686 -0.6529489755630493
v -0.04138600081205368 0.13576996326446533 -0.6476110219955444
v -0.04665499925613403 0.11856603622436523 -0.6407579779624939
v -0.06171400099992752 0.10803496837615967 -0.6350070238113403
v -0.08081100136041641 0.10820198059082031 -0.6325560212135315
v -0.09665100276470184 0.11900198459625244 -0.6343399882316589
v -0.10318499803543091 0.13630998134613037 -0.6396769881248474
v -0.0726030021905899 0.13517296314239502 -0.6460649967193604
v -0.11869599670171738 -0.15176600217819214 -0.5631430149078369
v -0.12309099733829498 -0.1483970284461975 -0.5498260259628296
v -0.08207699656486511 -0.11927300691604614 -0.550894021987915
v -0.0808039978146553 -0.12485998868942261 -0.5641300082206726
v -0.031814999878406525 -0.11981499195098877 -0.5531100034713745
v -0.034366998821496964 -0.12536102533340454 -0.5661770105361938
v 0.008496999740600586 -0.14981698989868164 -0.5556259751319885
v 0.0028750000055879354 -0.15307801961898804 -0.5685020089149475
v 0.02346000075340271 -0.19781899452209473 -0.5574830174446106
v 0.016700999811291695 -0.1974250078201294 -0.5702170133590698
v 0.007360999938100576 -0.24548399448394775 -0.5579699873924255
v 0.0018260000506415963 -0.2414640188217163 -0.5706679821014404
v -0.03365299850702286 -0.2746080160140991 -0.5569019913673401
v -0.036065999418497086 -0.26837098598480225 -0.5696809887886047
v -0.08391500264406204 -0.2740650177001953 -0.5546870231628418
v -0.08250200003385544 -0.2678689956665039 -0.5676339864730835
v -0.12422700226306915 -0.24406397342681885 -0.5521699786186218
v -0.11974500119686127 -0.24015098810195923 -0.5653089880943298
v -0.13919000327587128 -0.19606298208236694 -0.5503129959106445
v -0.13357000052928925 -0.19580399990081787 -0.5635929703712463
v -0.10503999888896942 -0.16201400756835938 -0.5750529766082764
v -0.07603800296783447 -0.14142000675201416 -0.5758079886436462
v -0.040497999638319016 -0.14180302619934082 -0.5773749947547913
v -0.011993000283837318 -0.16301798820495605 -0.5791540145874023
v -0.0014120000414550304 -0.1969590187072754 -0.5804669857025146
v -0.012796999886631966 -0.23066401481628418 -0.5808119773864746
v -0.04179700091481209 -0.2512580156326294 -0.5800570249557495
v -0.07733800262212753 -0.25087499618530273 -0.5784900188446045
v -0.10584300011396408 -0.22965997457504272 -0.5767099857330322
v -0.11642400175333023 -0.19571799039840698 -0.5753970146179199
v -0.08420199900865555 -0.17757797241210938 -0.5837420225143433
v -0.06850600242614746 -0.16643297672271729 -0.584151029586792
v -0.049272000789642334 -0.1666409969329834 -0.5849990248680115
v -0.033844999969005585 -0.17812198400497437 -0.5859619975090027
v -0.028118999674916267 -0.19648998975753784 -0.5866720080375671
v -0.034279998391866684 -0.21473097801208496 -0.5868589878082275
v -0.04997500032186508 -0.22587597370147705 -0.5864499807357788
v -0.0692100003361702 -0.2256690263748169 -0.5856019854545593
v -0.08463700115680695 -0.21418797969818115 -0.5846390128135681
v -0.09036199748516083 -0.19581902027130127 -0.5839279890060425
v -0.0593549981713295 -0.1960899829864502 -0.5878880023956299

vn 0.3406650125980377 0.2592099905014038 0.9037460088729858
vn 0.6359990239143372 0.2561019957065582 0.7279539704322815
vn 0.5760110020637512 0.4726470112800598 0.6669449806213379
vn 0.3116770088672638 0.46923398971557617 0.826242983341217
vn 0.561352014541626 0.24153900146484375 -0.7915440201759338
vn 0.5635300278663635 0.15531399846076965 -0.8113639950752258
vn 0.2511320114135742 0.15712900459766388 -0.9551140069961548
vn 0.25470399856567383 0.18832199275493622 -0.9485039710998535
vn 0.8194720149040222 0.33245301246643066 -0.4668410122394562
vn 0.8629209995269775 0.18215399980545044 -0.4713680148124695
vn 0.5635300278663635 0.15531399846076965 -0.8113639950752258
vn 0.561352014541626 0.24153900146484375 -0.7915440201759338
vn 0.336777001619339 0.08350399881601334 0.937874972820282
vn 0.336777001619339 0.08350399881601334 0.937874972820282
vn 0.6414780020713806 0.0646670013666153 0.7644109725952148
vn 0.6414780020713806 0.0646670013666153 0.7644109725952148
vn 0.8730229735374451 0.040181998163461685 -0.4860210120677948
vn 0.631505012512207 0.053043000400066376 -0.7735559940338135
vn 0.631505012512207 0.053043000400066376 -0.7735559940338135
vn 0.8730229735374451 0.040181998163461685 -0.4860210120677948
vn 0.28433701395988464 0.06801699846982956 -0.9563080072402954
vn 0.28433701395988464 0.06801699846982956 -0.9563080072402954
vn 0.09937100112438202 -0.12033499777317047 -0.9877480268478394
vn -0.0010479999473318458 -0.12006600201129913 -0.9927650094032288
vn 0.0014830000000074506 0.1699810028076172 -0.9854459762573242
vn 0.06795000284910202 0.1690250039100647 -0.9832670092582703
vn 0.014604000374674797 0.06367900222539902 -0.9978640079498291
vn 0.014604000374674797 0.06367900222539902 -0.9978640079498291
vn 0.006390000227838755 0.08663500100374222 0.9962199926376343
vn 0.006390000227838755 0.08663500100374222 0.9962199926376343
vn 0.09651000052690506 0.23692600429058075 0.9667220115661621
vn 0.08088400214910507 0.4552839994430542 0.8866649866104126
vn 0.9769499897956848 0.21230599284172058 -0.02226400002837181
vn 0.9160000085830688 0.40059399604797363 -0.02163200080394745
vn 0.8126429915428162 0.45275700092315674 0.36691099405288696
vn 0.890209972858429 0.24120700359344482 0.3864530026912689
vn 0.9993619918823242 0.035672999918460846 0.0016949999844655395
vn 0.9993619918823242 0.035672999918460846 0.0016949999844655395
vn 0.8715620040893555 0.04574500024318695 0.48814600706100464
vn 0.8715620040893555 0.04574500024318695 0.48814600706100464
vn 0.5760110020637512 0.4726470112800598 0.6669449806213379
vn 0.6359990239143372 0.2561019957065582 0.7279539704322815
vn 0.890209972858429 0.24120700359344482 0.3864530026912689
vn 0.8126429915428162 0.45275700092315674 0.36691099405288696
vn -0.033344998955726624 -0.3241040110588074 0.9454330205917358
vn 0.22883999347686768 -0.3564090132713318 0.9058719873428345
vn 0.2834889888763428 0.11989299952983856 0.9514510035514832
vn 0.0065449997782707214 0.07313299924135208 0.9973009824752808
vn 0.3871079981327057 -0.4526880085468292 0.8032559752464294
vn 0.43412598967552185 0.0931750014424324 0.8960210084915161
vn 0.845661997795105 0.026605000719428062 0.5330550074577332
vn 0.43412598967552185 0.0931750014424324 0.8960210084915161
vn 0.3871079981327057 -0.4526880085468292 0.8032559752464294
vn 0.6575570106506348 -0.540805995464325 0.5245460271835327
vn 0.9999570250511169 -0.009343000128865242 -0.0
vn 0.9016969799995422 -0.43233901262283325 0.005022999830543995
vn 0.7441989779472351 -0.46288999915122986 -0.48155999183654785
vn 0.8843830227851868 -0.007435999810695648 -0.46670299768447876
vn 0.8843830227851868 -0.007435999810695648 -0.46670299768447876
vn 0.7441989779472351 -0.46288999915122986 -0.48155999183654785
vn 0.4358670115470886 -0.42764100432395935 -0.791923999786377
vn 0.4881809949874878 -0.003951000049710274 -0.872734010219574
vn 0.4358670115470886 -0.42764100432395935 -0.791923999786377
vn 0.234825998544693 -0.3089529871940613 -0.9216309785842896
vn 0.2738029956817627 0.008224000222980976 -0.9617499709129333
vn 0.4881809949874878 -0.003951000049710274 -0.872734010219574
vn 0.08825100213289261 -0.21824899315834045 -0.9718949794769287
vn 0.11294300109148026 0.014290999621152878 -0.9934989809989929
vn 0.059842001646757126 0.6417059898376465 0.7646120190620422
vn 0.050276000052690506 0.5014190077781677 0.863743007183075
vn 0.31179699301719666 0.5011240243911743 0.8072530031204224
vn 0.3273169994354248 0.7629169821739197 0.5575140118598938
vn 0.41125500202178955 0.5607089996337891 0.7186629772186279
vn 0.34181201457977295 0.8333640098571777 0.4343610107898712
vn 0.24178999662399292 0.8594899773597717 0.4503509998321533
vn 0.317099004983902 0.8633019924163818 -0.392628014087677
vn 0.22162799537181854 0.9749580025672913 0.01840200088918209
vn 0.8738679885864258 0.4856959879398346 0.021310999989509583
vn 0.7104660272598267 0.5328390002250671 -0.45969700813293457
vn 0.4037249982357025 0.592024028301239 -0.697504997253418
vn 0.1719599962234497 0.9155799746513367 -0.3635149896144867
vn 0.24118100106716156 0.5521339774131775 -0.7981100082397461
vn 0.14119599759578705 0.9147459864616394 -0.3785549998283386
vn 0.10678400099277496 0.5598310232162476 -0.8216969966888428
vn 0.09123200178146362 0.8316649794578552 -0.547730028629303
vn 0.26704299449920654 0.6545730233192444 0.7072640061378479
vn 0.060878001153469086 0.6487830281257629 0.7585350275039673
vn 0.48568499088287354 0.662093997001648 0.5707389712333679
vn 0.48568499088287354 0.662093997001648 0.5707389712333679
vn 0.5760110020637512 0.4726470112800598 0.6669449806213379
vn 0.8126429915428162 0.45275700092315674 0.36691099405288696
vn 0.6951590180397034 0.6390650272369385 0.3291650116443634
vn 0.9160000085830688 0.40059399604797363 -0.02163200080394745
vn 0.8189629912376404 0.5734919905662537 -0.020150000229477882
vn 0.6951590180397034 0.6390650272369385 0.3291650116443634
vn 0.8126429915428162 0.45275700092315674 0.36691099405288696
vn 0.7565839886665344 0.47341299057006836 -0.4510650038719177
vn 0.8194720149040222 0.33245301246643066 -0.4668410122394562
vn 0.561352014541626 0.24153900146484375 -0.7915440201759338
vn 0.5548089742660522 0.3255789875984192 -0.7656270265579224
vn 0.5548089742660522 0.3255789875984192 -0.7656270265579224
vn 0.2580449879169464 0.21962499618530273 -0.9408389925956726
vn 0.0017630000365898013 0.20212200284004211 -0.979358971118927
vn -0.0200009997934103 -0.3024060130119324 0.952970027923584
vn 0.25065600872039795 -0.3778280019760132 0.8913009762763977
vn 0.4898949861526489 -0.4833410084247589 0.7255229949951172
vn 0.4898949861526489 -0.4833410084247589 0.7255229949951172
vn 0.6449080109596252 -0.5961880087852478 0.4781779944896698
vn 0.6575570106506348 -0.540805995464325 0.5245460271835327
vn 0.3871079981327057 -0.4526880085468292 0.8032559752464294
vn 0.9016969799995422 -0.43233901262283325 0.005022999830543995
vn 0.6575570106506348 -0.540805995464325 0.5245460271835327
vn 0.6449080109596252 -0.5961880087852478 0.4781779944896698
vn 0.7826870083808899 -0.6223880052566528 0.005867000203579664
vn 0.6924700140953064 -0.5356960296630859 -0.4832339882850647
vn 0.4887790083885193 -0.44686201214790344 -0.7492730021476746
vn 0.4358670115470886 -0.42764100432395935 -0.791923999786377
vn 0.7441989779472351 -0.46288999915122986 -0.48155999183654785
vn 0.4887790083885193 -0.44686201214790344 -0.7492730021476746
vn 0.24173900485038757 -0.3535600006580353 -0.9036359786987305
vn 0.07877899706363678 -0.28159600496292114 -0.956292986869812
vn 0.7104660272598267 0.5328390002250671 -0.45969700813293457
vn 0.8738679885864258 0.4856959879398346 0.021310999989509583
vn 0.9999570250511169 -0.009343000128865242 -0.0
vn 0.8843830227851868 -0.007435999810695648 -0.46670299768447876
vn 0.8843830227851868 -0.007435999810695648 -0.46670299768447876
vn 0.4881809949874878 -0.003951000049710274 -0.872734010219574
vn 0.4037249982357025 0.592024028301239 -0.697504997253418
vn 0.7104660272598267 0.5328390002250671 -0.45969700813293457
vn 0.4037249982357025 0.592024028301239 -0.697504997253418
vn 0.24118100106716156 0.5521339774131775 -0.7981100082397461
vn 0.10678400099277496 0.5598310232162476 -0.8216969966888428
vn 0.050276000052690506 0.5014190077781677 0.863743007183075
vn 0.31179699301719666 0.5011240243911743 0.8072530031204224
vn 0.41125500202178955 0.5607089996337891 0.7186629772186279
vn 0.845661997795105 0.026605000719428062 0.5330550074577332
vn 0.5674279928207397 0.629718005657196 0.530547022819519
vn 0.41125500202178955 0.5607089996337891 0.7186629772186279
vn 0.43412598967552185 0.0931750014424324 0.8960210084915161
vn 0.9016969799995422 -0.43233901262283325 0.005022999830543995
vn 0.7826870083808899 -0.6223880052566528 0.005867000203579664
vn 0.6924700140953064 -0.5356960296630859 -0.4832339882850647
vn 0.7441989779472351 -0.46288999915122986 -0.48155999183654785
vn 0.8194720149040222 0.33245301246643066 -0.4668410122394562
vn 0.7565839886665344 0.47341299057006836 -0.4510650038719177
vn 0.8189629912376404 0.5734919905662537 -0.020150000229477882
vn 0.9160000085830688 0.40059399604797363 -0.02163200080394745
vn 0.8629209995269775 0.18215399980545044 -0.4713680148124695
vn 0.8194720149040222 0.33245301246643066 -0.4668410122394562
vn 0.9160000085830688 0.40059399604797363 -0.02163200080394745
vn 0.9769499897956848 0.21230599284172058 -0.02226400002837181
vn 0.6575570106506348 -0.540805995464325 0.5245460271835327
vn 0.9016969799995422 -0.43233901262283325 0.005022999830543995
vn 0.9999570250511169 -0.009343000128865242 -0.0
vn 0.845661997795105 0.026605000719428062 0.5330550074577332
vn 0.5674279928207397 0.629718005657196 0.530547022819519
vn 0.845661997795105 0.026605000719428062 0.5330550074577332
vn 0.9999570250511169 -0.009343000128865242 -0.0
vn 0.8738679885864258 0.4856959879398346 0.021310999989509583
vn 0.5674279928207397 0.629718005657196 0.530547022819519
vn 0.00864499993622303 0.9999629855155945 0.0008619999862276018
vn 0.00864499993622303 0.9999629855155945 0.0008619999862276018
vn 0.008727000094950199 0.9999619722366333 7.500000356230885e-05
vn 0.008684000000357628 0.9999619722366333 0.0002640000020619482
vn 0.2050810009241104 0.9786459803581238 -0.013957999646663666
vn 0.07069399952888489 0.9974660277366638 -0.008004999719560146
vn 0.008721999824047089 0.9999619722366333 -0.00031800000579096377
vn 0.008721999824047089 0.9999619722366333 -0.00033400001120753586
vn -0.008724000304937363 -0.9996780157089233 -0.0238220002502203
vn 0.05943499878048897 -0.9979829788208008 -0.02231300063431263
vn -0.008724999614059925 -0.9997119903564453 -0.02236500009894371
vn 0.04642599821090698 -0.9988920092582703 -0.007739999797195196
vn 0.04642599821090698 -0.9988920092582703 -0.007739999797195196
vn 0.08291800320148468 -0.996533989906311 -0.006823999807238579
vn 0.08291800320148468 -0.996533989906311 -0.006823999807238579
vn 0.04678399860858917 -0.9988980293273926 -0.003573999973013997
vn 0.04678399860858917 -0.9988980293273926 -0.003573999973013997
vn -0.0062049999833106995 -0.9999809861183167 1.9999999949504854e-06
vn 0.05300699919462204 0.1610109955072403 -0.9855279922485352
vn 0.03522900119423866 0.16748300194740295 -0.9852449893951416
vn 0.07076399773359299 0.15448300540447235 -0.9854580163955688
vn 0.11607299745082855 -0.3692440092563629 -0.9220550060272217
vn -0.0032369999680668116 -0.3708510100841522 -0.9286869764328003
vn 0.06465200334787369 -0.996783971786499 0.04734199866652489
vn -0.04871800169348717 -0.9983189702033997 0.03141099959611893
vn -0.04871800169348717 -0.9983189702033997 0.03141099959611893
vn 0.06465200334787369 -0.996783971786499 0.04734199866652489
vn 0.047325000166893005 -0.9976639747619629 -0.04925600066781044
vn 0.047325000166893005 -0.9976639747619629 -0.04925600066781044
vn 0.059282999485731125 -0.9966679811477661 -0.056008998304605484
vn 0.059282999485731125 -0.9966679811477661 -0.056008998304605484
vn 0.04455599933862686 -0.9983050227165222 0.037450000643730164
vn 0.04455599933862686 -0.9983050227165222 0.037450000643730164
vn 0.044318001717329025 -0.9976860284805298 -0.05157199874520302
vn 0.044318001717329025 -0.9976860284805298 -0.05157199874520302
vn 0.038263000547885895 -0.9991599917411804 0.014709999784827232
vn 0.038263000547885895 -0.9991599917411804 0.014709999784827232
vn 0.04115600138902664 -0.9987959861755371 -0.026688000187277794
vn 0.04115600138902664 -0.9987959861755371 -0.026688000187277794
vn 0.03310199826955795 -0.9994519948959351 -0.000699999975040555
vn 0.03310199826955795 -0.9994519948959351 -0.000699999975040555
vn 0.02715899981558323 -0.9995189905166626 -0.014936000108718872
vn 0.02715899981558323 -0.9995189905166626 -0.014936000108718872
vn -0.996038019657135 -0.05628500133752823 -0.06885100156068802
vn -0.9946879744529724 -0.07606399804353714 -0.06936000287532806
vn -0.9946879744529724 -0.07606399804353714 -0.06936000287532806
vn -0.996038019657135 -0.05628500133752823 -0.06885100156068802
vn -0.9929460287094116 -0.09581299871206284 -0.06984099745750427
vn -0.9929460287094116 -0.09581299871206284 -0.06984099745750427
vn -0.2593800127506256 -0.040251001715660095 0.9649360179901123
vn -0.2593800127506256 -0.040251001715660095 0.9649360179901123
vn -0.5886809825897217 -0.04532099887728691 0.8070939779281616
vn -0.5886809825897217 -0.04532099887728691 0.8070939779281616
vn -0.6795949935913086 -0.04338100180029869 -0.7323049902915955
vn -0.6795949935913086 -0.04338100180029869 -0.7323049902915955
vn -0.367808997631073 -0.02114900015294552 -0.929660975933075
vn -0.367808997631073 -0.02114900015294552 -0.929660975933075
vn -0.8868409991264343 -0.03574499860405922 0.46069100499153137
vn -0.8868409991264343 -0.03574499860405922 0.46069100499153137
vn -0.9209179878234863 -0.034391000866889954 -0.38823598623275757
vn -0.9209179878234863 -0.034391000866889954 -0.38823598623275757
vn -0.9996790289878845 -0.018651999533176422 0.017142999917268753
vn -0.9996790289878845 -0.018651999533176422 0.017142999917268753
vn -0.99270099401474 -0.023708999156951904 -0.11824899911880493
vn -0.99270099401474 -0.023708999156951904 -0.11824899911880493
vn -0.7689300179481506 -0.0967399999499321 0.6319699883460999
vn -0.7689300179481506 -0.0967399999499321 0.6319699883460999
vn -0.06321100145578384 -0.07453600317239761 0.995212972164154
vn -0.06321100145578384 -0.07453600317239761 0.995212972164154
vn -0.09574300050735474 -0.00033599999733269215 -0.9954059720039368
vn -0.09574300050735474 -0.00033599999733269215 -0.9954059720039368
vn 0.17695699632167816 -0.7998030185699463 -0.5735870003700256
vn 0.01677200011909008 -0.8084449768066406 -0.588333010673523
vn 0.0408330000936985 -0.42998799681663513 -0.9019110202789307
vn 0.26715201139450073 -0.43215399980545044 -0.861320972442627
vn 0.5766220092773438 -0.4434419870376587 -0.6861969828605652
vn 0.3993839919567108 -0.7834870219230652 -0.47606799006462097
vn 0.5766220092773438 -0.4434419870376587 -0.6861969828605652
vn 0.7593179941177368 -0.4969789981842041 -0.4200569987297058
vn 0.5151389837265015 -0.8066400289535522 -0.2897630035877228
vn 0.3993839919567108 -0.7834870219230652 -0.47606799006462097
vn 0.7593179941177368 -0.4969789981842041 -0.4200569987297058
vn 0.8468850255012512 -0.5317749977111816 0.0017269999952986836
vn 0.5623149871826172 -0.8269230127334595 0.0010610000463202596
vn 0.5151389837265015 -0.8066400289535522 -0.2897630035877228
vn 0.5623149871826172 -0.8269230127334595 0.0010610000463202596
vn 0.8468850255012512 -0.5317749977111816 0.0017269999952986836
vn 0.7594799995422363 -0.4806070029735565 0.438414990901947
vn 0.5182700157165527 -0.8007140159606934 0.3004220128059387
vn 0.5182700157165527 -0.8007140159606934 0.3004220128059387
vn 0.7594799995422363 -0.4806070029735565 0.438414990901947
vn 0.586329996585846 -0.3841620087623596 0.7131879925727844
vn 0.4209280014038086 -0.7542489767074585 0.5039139986038208
vn 0.3031429946422577 -0.31609800457954407 0.8989920020103455
vn 0.2165900021791458 -0.7410249710083008 0.6355860233306885
vn 0.4209280014038086 -0.7542489767074585 0.5039139986038208
vn 0.586329996585846 -0.3841620087623596 0.7131879925727844
vn -0.0028989999555051327 -0.27369800209999084 0.9618110060691833
vn -0.006326999980956316 -0.7181349992752075 0.6958749890327454
vn 0.29138699173927307 -0.07698000222444534 -0.9535030126571655
vn 0.07160799950361252 -0.06533899903297424 -0.995290994644165
vn 0.6151300072669983 -0.13348500430583954 -0.7770429849624634
vn 0.6924700140953064 -0.5356960296630859 -0.4832339882850647
vn 0.8414639830589294 -0.2287919968366623 -0.48948198556900024
vn 0.6151300072669983 -0.13348500430583954 -0.7770429849624634
vn 0.4887790083885193 -0.44686201214790344 -0.7492730021476746
vn 0.6924700140953064 -0.5356960296630859 -0.4832339882850647
vn 0.7826870083808899 -0.6223880052566528 0.005867000203579664
vn 0.9590939879417419 -0.28308001160621643 0.0021639999467879534
vn 0.8414639830589294 -0.2287919968366623 -0.48948198556900024
vn 0.9590939879417419 -0.28308001160621643 0.0021639999467879534
vn 0.7826870083808899 -0.6223880052566528 0.005867000203579664
vn 0.6449080109596252 -0.5961880087852478 0.4781779944896698
vn 0.8415570259094238 -0.21991099417209625 0.49337801337242126
vn 0.8415570259094238 -0.21991099417209625 0.49337801337242126
vn 0.6449080109596252 -0.5961880087852478 0.4781779944896698
vn 0.4898949861526489 -0.4833410084247589 0.7255229949951172
vn 0.6230109930038452 -0.10243099927902222 0.7754780054092407
vn 0.30843600630760193 -0.0014100000262260437 0.9512439966201782
vn 0.6230109930038452 -0.10243099927902222 0.7754780054092407
vn 0.000661000027321279 0.043101001530885696 0.9990710020065308
vn 0.6151300072669983 -0.13348500430583954 -0.7770429849624634
vn 0.8414639830589294 -0.2287919968366623 -0.48948198556900024
vn 0.7593179941177368 -0.4969789981842041 -0.4200569987297058
vn 0.5766220092773438 -0.4434419870376587 -0.6861969828605652
vn 0.8414639830589294 -0.2287919968366623 -0.48948198556900024
vn 0.9590939879417419 -0.28308001160621643 0.0021639999467879534
vn 0.8468850255012512 -0.5317749977111816 0.0017269999952986836
vn 0.7593179941177368 -0.4969789981842041 -0.4200569987297058
vn 0.8468850255012512 -0.5317749977111816 0.0017269999952986836
vn 0.9590939879417419 -0.28308001160621643 0.0021639999467879534
vn 0.8415570259094238 -0.21991099417209625 0.49337801337242126
vn 0.7594799995422363 -0.4806070029735565 0.438414990901947
vn 0.7594799995422363 -0.4806070029735565 0.438414990901947
vn 0.8415570259094238 -0.21991099417209625 0.49337801337242126
vn 0.6230109930038452 -0.10243099927902222 0.7754780054092407
vn 0.586329996585846 -0.3841620087623596 0.7131879925727844
vn 0.1987220048904419 0.6007670164108276 -0.7743319869041443
vn 0.16445699334144592 0.6364089846611023 -0.7536159753799438
vn 0.005638000089675188 0.646003007888794 -0.7633140087127686
vn 0.005359000060707331 0.6140559911727905 -0.7892439961433411
vn 0.004881999921053648 0.5593969821929932 -0.828885018825531
vn 0.00698000006377697 0.7997940182685852 -0.6002330183982849
vn 8.099999831756577e-05 0.009259000420570374 -0.9999570250511169
vn 0.004881999921053648 0.5593969821929932 -0.828885018825531
vn -0.0018339999951422215 -0.21010500192642212 -0.9776769876480103
vn -0.002423000056296587 -0.2776449918746948 -0.9606810212135315
vn -0.0006389999762177467 -0.07322599738836288 -0.997314989566803
vn -0.0038660001009702682 -0.44293999671936035 -0.896543025970459
vn -0.007158000022172928 -0.8202149868011475 -0.5720109939575195
vn 0.0004970000009052455 0.05697999894618988 -0.9983749985694885
vn 0.0004970000009052455 0.05697999894618988 -0.9983749985694885
vn 0.057978998869657516 0.16908399760723114 -0.9838950037956238
vn 0.0351019985973835 0.18240800499916077 -0.9825959801673889
vn 0.08081399649381638 0.15564200282096863 -0.9845020174980164
vn -0.18021200597286224 -0.9836120009422302 0.005690000019967556
vn -0.18021200597286224 -0.9836120009422302 0.005690000019967556
vn -0.7689300179481506 -0.0967399999499321 0.6319699883460999
vn -0.7689300179481506 -0.0967399999499321 0.6319699883460999
vn 0.005330000072717667 0.6107659935951233 -0.7917940020561218
vn 2.9999999242136255e-05 0.003498000092804432 -0.9999939799308777
vn 2.9999999242136255e-05 0.003498000092804432 -0.9999939799308777
vn -0.008712000213563442 -0.9983090162277222 -0.05746699869632721
vn -0.008712000213563442 -0.9983090162277222 -0.05746699869632721
vn 0.003959000110626221 0.4536469876766205 0.8911730051040649
vn 0.0019570000004023314 0.22418999671936035 0.9745439887046814
vn 0.00572599982842803 0.6560559868812561 0.7546910047531128
vn 0.0007389999809674919 0.08470799773931503 0.9964060187339783
vn 0.0007389999809674919 0.08470799773931503 0.9964060187339783
vn -0.0023509999737143517 -0.26934799551963806 0.9630399942398071
vn -0.006213000044226646 -0.7119730114936829 0.7021790146827698
vn 0.00039900001138448715 0.04565199837088585 0.9989569783210754
vn -0.0025130000431090593 -0.2879219949245453 0.9576510190963745
vn -0.002873999997973442 -0.32936498522758484 0.9441980123519897
vn 0.0003490000090096146 0.03994100168347359 0.9992020130157471
vn 0.004277000203728676 0.4900819957256317 0.8716660141944885
vn 0.005636999849230051 0.6459180116653442 0.7633860111236572
vn 0.004277000203728676 0.4900819957256317 0.8716660141944885
vn 0.008727000094950199 0.9999619722366333 -0.00030300000798888505
vn -0.5676739811897278 0.48263001441955566 0.6669449806213379
vn -0.6314319968223572 0.2671630084514618 0.7279539704322815
vn -0.33608898520469666 0.26511600613594055 0.9037460088729858
vn -0.30344098806381226 0.47460201382637024 0.826242983341217
vn -0.5570510029792786 0.25130000710487366 -0.7915440201759338
vn -0.25137901306152344 0.19273899495601654 -0.9485039710998535
vn -0.24835099279880524 0.16148799657821655 -0.9551140069961548
vn -0.5607330203056335 0.1651259958744049 -0.8113639950752258
vn -0.813543975353241 0.34670498967170715 -0.4668410122394562
vn -0.5570510029792786 0.25130000710487366 -0.7915440201759338
vn -0.5607330203056335 0.1651259958744049 -0.8113639950752258
vn -0.8596100211143494 0.19718700647354126 -0.4713680148124695
vn -0.33526700735092163 0.089369997382164 0.937874972820282
vn -0.6402509808540344 0.07585199922323227 0.764411985874176
vn -0.6402509808540344 0.07585199922323227 0.764411985874176
vn -0.33526700735092163 0.089369997382164 0.937874972820282
vn -0.630482017993927 0.06405600160360336 -0.7735559940338135
vn -0.630482017993927 0.06405600160360336 -0.7735559940338135
vn -0.8721889853477478 0.05541199818253517 -0.4860210120677948
vn -0.8721889853477478 0.05541199818253517 -0.4860210120677948
vn -0.2831059992313385 0.07297000288963318 -0.9563090205192566
vn -0.2831059992313385 0.07297000288963318 -0.9563090205192566
vn 0.0014830000000074506 0.1699810028076172 -0.9854459762573242
vn -0.0010479999473318458 -0.12006600201129913 -0.9927650094032288
vn -0.10145500302314758 -0.11858200281858444 -0.9877480268478394
vn -0.06498999893665314 0.17018499970436096 -0.9832670092582703
vn -0.013491000048816204 0.06392399966716766 -0.9978640079498291
vn -0.013491000048816204 0.06392399966716766 -0.9978640079498291
vn -0.004877000115811825 0.08673299849033356 0.9962199926376343
vn -0.004877000115811825 0.08673299849033356 0.9962199926376343
vn -0.0923599973320961 0.23857399821281433 0.9667220115661621
vn -0.07292599976062775 0.4566259980201721 0.8866649866104126
vn -0.8046169877052307 0.4668709933757782 0.36691099405288696
vn -0.9088690280914307 0.41651999950408936 -0.021632999181747437
vn -0.9730960130691528 0.22932499647140503 -0.02226400002837181
vn -0.8858640193939209 0.25670701265335083 0.3864530026912689
vn -0.9985880255699158 0.05310999974608421 0.0016959999920800328
vn -0.8706309795379639 0.06094999983906746 0.48814600706100464
vn -0.8706309795379639 0.06094999983906746 0.48814600706100464
vn -0.9985880255699158 0.05310999974608421 0.0016959999920800328
vn -0.5676739811897278 0.48263001441955566 0.6669449806213379
vn -0.8046169877052307 0.4668709933757782 0.36691099405288696
vn -0.8858640193939209 0.25670701265335083 0.3864530026912689
vn -0.6314319968223572 0.2671630084514618 0.7279539704322815
vn -0.2813529968261719 0.12482199817895889 0.9514510035514832
vn -0.23502500355243683 -0.3523609936237335 0.9058719873428345
vn 0.027682999148964882 -0.3246369957923889 0.9454330205917358
vn -0.005266999825835228 0.07323600351810455 0.9973009824752808
vn -0.43243300914764404 0.10073799639940262 0.8960210084915161
vn -0.3949500024318695 -0.4458630084991455 0.8032559752464294
vn -0.3949500024318695 -0.4458630084991455 0.8032559752464294
vn -0.43243300914764404 0.10073799639940262 0.8960210084915161
vn -0.8450689911842346 0.041359998285770416 0.5330550074577332
vn -0.6668949723243713 -0.529246985912323 0.5245460271835327
vn -0.7521640062332153 -0.4498310089111328 -0.48155999183654785
vn -0.9091060161590576 -0.41653600335121155 0.005022000055760145
vn -0.9999669790267944 0.008111000061035156 0.0
vn -0.8843780159950256 0.00800000037997961 -0.46670299768447876
vn -0.8843780159950256 0.00800000037997961 -0.46670299768447876
vn -0.48817500472068787 0.004569999873638153 -0.872734010219574
vn -0.4432640075683594 -0.41996899247169495 -0.791923999786377
vn -0.7521640062332153 -0.4498310089111328 -0.48155999183654785
vn -0.27361801266670227 0.013000999577343464 -0.9617509841918945
vn -0.2401829957962036 -0.30480900406837463 -0.9216309785842896
vn -0.4432640075683594 -0.41996899247169495 -0.791923999786377
vn -0.48817500472068787 0.004569999873638153 -0.872734010219574
vn -0.11267700046300888 0.016259999945759773 -0.9934989809989929
vn -0.09204600006341934 -0.21667499840259552 -0.9718949794769287
vn -0.04863300174474716 0.6426529884338379 0.7646120190620422
vn -0.3139519989490509 0.768513023853302 0.5575140118598938
vn -0.3030030131340027 0.5064899921417236 0.8072530031204224
vn -0.041517000645399094 0.5022199749946594 0.863743007183075
vn -0.3272149860858917 0.8392030000686646 0.4343610107898712
vn -0.4014059901237488 0.5678009986877441 0.7186620235443115
vn -0.22675199806690216 0.8635789752006531 0.4503509998321533
vn -0.3019840121269226 0.8687049746513367 -0.392628014087677
vn -0.7010579705238342 0.5451580286026001 -0.45969700813293457
vn -0.865257978439331 0.5008739829063416 0.02131200022995472
vn -0.2045779973268509 0.9786779880523682 0.01840200088918209
vn -0.39333099126815796 0.5989800095558167 -0.697504997253418
vn -0.1559540033340454 0.9184420108795166 -0.3635149896144867
vn -0.1252100020647049 0.9170709848403931 -0.3785549998283386
vn -0.23150800168514252 0.5562589764595032 -0.7981100082397461
vn -0.07670299708843231 0.8331320285797119 -0.547730028629303
vn -0.09699700027704239 0.5616099834442139 -0.8216969966888428
vn -0.25557801127433777 0.6591339707374573 0.7072640061378479
vn -0.049545999616384506 0.6497460007667542 0.7585350275039673
vn -0.4740549921989441 0.6704699993133545 0.5707380175590515
vn -0.4740549921989441 0.6704699993133545 0.5707380175590515
vn -0.683899998664856 0.6510999798774719 0.3291650116443634
vn -0.8046169877052307 0.4668709933757782 0.36691099405288696
vn -0.5676739811897278 0.48263001441955566 0.6669449806213379
vn -0.683899998664856 0.6510999798774719 0.3291650116443634
vn -0.8088290095329285 0.5876989960670471 -0.020150000229477882
vn -0.9088690280914307 0.41651999950408936 -0.021632999181747437
vn -0.8046169877052307 0.4668709933757782 0.36691099405288696
vn -0.7482069730758667 0.48654600977897644 -0.4510650038719177
vn -0.5490429997444153 0.33521199226379395 -0.7656270265579224
vn -0.5570510029792786 0.25130000710487366 -0.7915440201759338
vn -0.813543975353241 0.34670498967170715 -0.4668410122394562
vn -0.5490429997444153 0.33521199226379395 -0.7656270265579224
vn -0.25417301058769226 0.22409400343894958 -0.9408389925956726
vn 0.0017630000365898013 0.20212200284004211 -0.979358971118927
vn -0.2572120130062103 -0.37339499592781067 0.8913009762763977
vn 0.014720000326633453 -0.30270901322364807 0.952970027923584
vn -0.49825599789619446 -0.47471800446510315 0.7255240082740784
vn -0.49825599789619446 -0.47471800446510315 0.7255240082740784
vn -0.3949500024318695 -0.4458630084991455 0.8032559752464294
vn -0.6668949723243713 -0.529246985912323 0.5245460271835327
vn -0.6552140116691589 -0.5848410129547119 0.4781779944896698
vn -0.6552140116691589 -0.5848410129547119 0.4781779944896698
vn -0.6668949723243713 -0.529246985912323 0.5245460271835327
vn -0.9091060161590576 -0.41653600335121155 0.005022000055760145
vn -0.7934309840202332 -0.6086329817771912 0.005867000203579664
vn -0.4432640075683594 -0.41996899247169495 -0.791923999786377
vn -0.496504008769989 -0.4382629990577698 -0.7492730021476746
vn -0.7017149925231934 -0.523527979850769 -0.4832339882850647
vn -0.7521640062332153 -0.4498310089111328 -0.48155999183654785
vn -0.24787400662899017 -0.3492870032787323 -0.9036359786987305
vn -0.496504008769989 -0.4382629990577698 -0.7492730021476746
vn -0.08368200063705444 -0.2801789939403534 -0.9562940001487732
vn -0.7010579705238342 0.5451580286026001 -0.45969700813293457
vn -0.8843780159950256 0.00800000037997961 -0.46670299768447876
vn -0.9999669790267944 0.008111000061035156 0.0
vn -0.865257978439331 0.5008739829063416 0.02131200022995472
vn -0.39333099126815796 0.5989800095558167 -0.697504997253418
vn -0.48817500472068787 0.004569999873638153 -0.872734010219574
vn -0.8843780159950256 0.00800000037997961 -0.46670299768447876
vn -0.7010579705238342 0.5451580286026001 -0.45969700813293457
vn -0.39333099126815796 0.5989800095558167 -0.697504997253418
vn -0.23150800168514252 0.5562589764595032 -0.7981100082397461
vn -0.09699700027704239 0.5616099834442139 -0.8216969966888428
vn -0.041517000645399094 0.5022199749946594 0.863743007183075
vn -0.3030030131340027 0.5064899921417236 0.8072530031204224
vn -0.4014059901237488 0.5678009986877441 0.7186620235443115
vn -0.4014059901237488 0.5678009986877441 0.7186620235443115
vn -0.5563510060310364 0.6395260095596313 0.530547022819519
vn -0.8450689911842346 0.041359998285770416 0.5330550074577332
vn -0.43243300914764404 0.10073799639940262 0.8960210084915161
vn -0.7017149925231934 -0.523527979850769 -0.4832339882850647
vn -0.7934309840202332 -0.6086329817771912 0.005867000203579664
vn -0.9091060161590576 -0.41653600335121155 0.005022000055760145
vn -0.7521640062332153 -0.4498310089111328 -0.48155999183654785
vn -0.8088290095329285 0.5876989960670471 -0.020150000229477882
vn -0.7482069730758667 0.48654600977897644 -0.4510650038719177
vn -0.813543975353241 0.34670498967170715 -0.4668410122394562
vn -0.9088690280914307 0.41651999950408936 -0.021632999181747437
vn -0.9088690280914307 0.41651999950408936 -0.021632999181747437
vn -0.813543975353241 0.34670498967170715 -0.4668410122394562
vn -0.8596100211143494 0.19718700647354126 -0.4713680148124695
vn -0.9730960130691528 0.22932499647140503 -0.02226400002837181
vn -0.9999669790267944 0.008111000061035156 0.0
vn -0.9091060161590576 -0.41653600335121155 0.005022000055760145
vn -0.6668949723243713 -0.529246985912323 0.5245460271835327
vn -0.8450689911842346 0.041359998285770416 0.5330550074577332
vn -0.9999669790267944 0.008111000061035156 0.0
vn -0.8450689911842346 0.041359998285770416 0.5330550074577332
vn -0.5563510060310364 0.6395260095596313 0.530547022819519
vn -0.865257978439331 0.5008739829063416 0.02131200022995472
vn -0.5563510060310364 0.6395260095596313 0.530547022819519
vn 0.008727000094950199 0.9999619722366333 7.500000356230885e-05
vn 0.008809000253677368 0.9999610185623169 0.0008619999862276018
vn 0.008809000253677368 0.9999610185623169 0.0008619999862276018
vn 0.00877000018954277 0.9999619722366333 0.0002629999944474548
vn -0.18796999752521515 0.9820759892463684 -0.013957999646663666
vn -0.05327500030398369 0.9985479712486267 -0.008004000410437584
vn 0.00873200036585331 0.9999619722366333 -0.00031900001340545714
vn 0.00873200036585331 0.9999619722366333 -0.00033599999733269215
vn -0.008724000304937363 -0.9996780157089233 -0.0238220002502203
vn -0.008724999614059925 -0.9997119903564453 -0.02236500009894371
vn -0.0768439993262291 -0.9967929720878601 -0.02231300063431263
vn -0.1002969965338707 -0.9949349761009216 -0.006823999807238579
vn -0.06385199725627899 -0.9979299902915955 -0.007739999797195196
vn -0.06385199725627899 -0.9979299902915955 -0.007739999797195196
vn -0.1002969965338707 -0.9949349761009216 -0.006823999807238579
vn -0.06420999765396118 -0.9979299902915955 -0.003573999973013997
vn -0.06420999765396118 -0.9979299902915955 -0.003573999973013997
vn -0.011249000206589699 -0.9999369978904724 1.9999999949504854e-06
vn -0.032301001250743866 0.16807200014591217 -0.9852449893951416
vn -0.050188999623060226 0.1619119942188263 -0.9855279922485352
vn -0.06805700063705444 0.15569500625133514 -0.9854580163955688
vn -0.12250000238418579 -0.36716198921203613 -0.9220550060272217
vn -0.0032369999680668116 -0.3708510100841522 -0.9286869764328003
vn -0.0820389986038208 -0.9955040216445923 0.04734300076961517
vn -0.0820389986038208 -0.9955040216445923 0.04734300076961517
vn 0.031286999583244324 -0.9990170001983643 0.03141099959611893
vn 0.031286999583244324 -0.9990170001983643 0.03141099959611893
vn -0.07666800171136856 -0.9954820275306702 -0.056008998304605484
vn -0.06473000347614288 -0.9966859817504883 -0.049254000186920166
vn -0.06473000347614288 -0.9966859817504883 -0.049254000186920166
vn -0.07666800171136856 -0.9954820275306702 -0.056008998304605484
vn -0.0619719997048378 -0.9973750114440918 0.03745099902153015
vn -0.0619719997048378 -0.9973750114440918 0.03745099902153015
vn -0.06172399967908859 -0.9967600107192993 -0.05157100036740303
vn -0.06172399967908859 -0.9967600107192993 -0.05157100036740303
vn -0.055695001035928726 -0.9983400106430054 0.014709999784827232
vn -0.055695001035928726 -0.9983400106430054 0.014709999784827232
vn -0.05858200043439865 -0.9979259967803955 -0.026688000187277794
vn -0.05858200043439865 -0.9979259967803955 -0.026688000187277794
vn -0.050540998578071594 -0.9987220168113708 -0.0007009999826550484
vn -0.050540998578071594 -0.9987220168113708 -0.0007009999826550484
vn -0.044599998742341995 -0.9988930225372314 -0.014934999868273735
vn -0.044599998742341995 -0.9988930225372314 -0.014934999868273735
vn 0.9949039816856384 -0.0736600011587143 -0.06885100156068802
vn 0.9949039816856384 -0.0736600011587143 -0.06885100156068802
vn 0.9932090044021606 -0.09341300278902054 -0.06936000287532806
vn 0.9932090044021606 -0.09341300278902054 -0.06936000287532806
vn 0.9911220073699951 -0.11312899738550186 -0.06984099745750427
vn 0.9911220073699951 -0.11312899738550186 -0.06984099745750427
vn 0.5878009796142578 -0.055587999522686005 0.8070939779281616
vn 0.25863900780677795 -0.04477199912071228 0.9649360179901123
vn 0.25863900780677795 -0.04477199912071228 0.9649360179901123
vn 0.5878009796142578 -0.055587999522686005 0.8070939779281616
vn 0.3673830032348633 -0.0275650005787611 -0.929660975933075
vn 0.6787329912185669 -0.05523499846458435 -0.7323049902915955
vn 0.6787329912185669 -0.05523499846458435 -0.7323049902915955
vn 0.3673830032348633 -0.0275650005787611 -0.929660975933075
vn 0.8860819935798645 -0.05121700093150139 0.46069100499153137
vn 0.8860819935798645 -0.05121700093150139 0.46069100499153137
vn 0.9201779961585999 -0.05045799911022186 -0.38823699951171875
vn 0.9201779961585999 -0.05045799911022186 -0.38823699951171875
vn 0.9992009997367859 -0.03609500080347061 0.017142999917268753
vn 0.9992009997367859 -0.03609500080347061 0.017142999917268753
vn 0.7671260237693787 -0.11014600098133087 0.6319699883460999
vn 0.9921360015869141 -0.04103099927306175 -0.11824899911880493
vn 0.9921360015869141 -0.04103099927306175 -0.11824899911880493
vn 0.7671260237693787 -0.11014600098133087 0.6319699883460999
vn 0.061900001019239426 -0.07562799751758575 0.995212972164154
vn 0.061900001019239426 -0.07562799751758575 0.995212972164154
vn 0.09572300314903259 -0.0020069999154657125 -0.9954059720039368
vn 0.09572300314903259 -0.0020069999154657125 -0.9954059720039368
vn -0.19088900089263916 -0.7965930104255676 -0.5735870003700256
vn -0.27465400099754333 -0.4274260103702545 -0.861320972442627
vn -0.04833199828863144 -0.42921000719070435 -0.9019110202789307
vn -0.030880000442266464 -0.8080289959907532 -0.588333010673523
vn -0.4129970073699951 -0.7763980031013489 -0.47606799006462097
vn -0.5842739939689636 -0.43331098556518555 -0.6861969828605652
vn -0.5842739939689636 -0.43331098556518555 -0.6861969828605652
vn -0.4129970073699951 -0.7763980031013489 -0.47606799006462097
vn -0.52913898229599 -0.7975280284881592 -0.2897619903087616
vn -0.7678760290145874 -0.4836510121822357 -0.4200569987297058
vn -0.7678760290145874 -0.4836510121822357 -0.4200569987297058
vn -0.52913898229599 -0.7975280284881592 -0.2897619903087616
vn -0.576662003993988 -0.8169829845428467 0.0010610000463202596
vn -0.8560370206832886 -0.5169129967689514 0.0017269999952986836
vn -0.576662003993988 -0.8169829845428467 0.0010610000463202596
vn -0.5321660041809082 -0.7915470004081726 0.30042099952697754
vn -0.7677519917488098 -0.46727898716926575 0.438414990901947
vn -0.8560370206832886 -0.5169129967689514 0.0017269999952986836
vn -0.5929449796676636 -0.37387099862098694 0.7131879925727844
vn -0.7677519917488098 -0.46727898716926575 0.438414990901947
vn -0.5321660041809082 -0.7915470004081726 0.30042099952697754
vn -0.4340279996395111 -0.7467880249023438 0.5039129853248596
vn -0.4340279996395111 -0.7467880249023438 0.5039129853248596
vn -0.2294899970293045 -0.7371320128440857 0.6355860233306885
vn -0.30861398577690125 -0.3107590079307556 0.8989920020103455
vn -0.5929449796676636 -0.37387099862098694 0.7131879925727844
vn -0.006206999998539686 -0.7181349992752075 0.6958760023117065
vn -0.0018789999885484576 -0.27370700240135193 0.9618110060691833
vn -0.29268699884414673 -0.07188300043344498 -0.9535030126571655
vn -0.07273799926042557 -0.06407900154590607 -0.995290994644165
vn -0.6173670291900635 -0.12272900342941284 -0.7770429849624634
vn -0.6173670291900635 -0.12272900342941284 -0.7770429849624634
vn -0.8453289866447449 -0.21407100558280945 -0.48948198556900024
vn -0.7017149925231934 -0.523527979850769 -0.4832339882850647
vn -0.496504008769989 -0.4382629990577698 -0.7492730021476746
vn -0.7017149925231934 -0.523527979850769 -0.4832339882850647
vn -0.8453289866447449 -0.21407100558280945 -0.48948198556900024
vn -0.9638890027999878 -0.26629701256752014 0.0021639999467879534
vn -0.7934309840202332 -0.6086329817771912 0.005867000203579664
vn -0.9638890027999878 -0.26629701256752014 0.0021639999467879534
vn -0.8452669978141785 -0.2051900029182434 0.49337801337242126
vn -0.6552140116691589 -0.5848410129547119 0.4781779944896698
vn -0.7934309840202332 -0.6086329817771912 0.005867000203579664
vn -0.49825599789619446 -0.47471800446510315 0.7255240082740784
vn -0.6552140116691589 -0.5848410129547119 0.4781779944896698
vn -0.8452669978141785 -0.2051900029182434 0.49337801337242126
vn -0.6247029900550842 -0.09154099971055984 0.7754780054092407
vn -0.6247029900550842 -0.09154099971055984 0.7754780054092407
vn -0.30841299891471863 0.003973000217229128 0.9512439966201782
vn 9.100000170292333e-05 0.04310600087046623 0.9990710020065308
vn -0.6173670291900635 -0.12272900342941284 -0.7770429849624634
vn -0.5842739939689636 -0.43331098556518555 -0.6861969828605652
vn -0.7678760290145874 -0.4836510121822357 -0.4200569987297058
vn -0.8453289866447449 -0.21407100558280945 -0.48948198556900024
vn -0.8453289866447449 -0.21407100558280945 -0.48948198556900024
vn -0.7678760290145874 -0.4836510121822357 -0.4200569987297058
vn -0.8560370206832886 -0.5169129967689514 0.0017269999952986836
vn -0.9638890027999878 -0.26629701256752014 0.0021639999467879534
vn -0.8560370206832886 -0.5169129967689514 0.0017269999952986836
vn -0.7677519917488098 -0.46727898716926575 0.438414990901947
vn -0.8452669978141785 -0.2051900029182434 0.49337801337242126
vn -0.9638890027999878 -0.26629701256752014 0.0021639999467879534
vn -0.7677519917488098 -0.46727898716926575 0.438414990901947
vn -0.5929449796676636 -0.37387099862098694 0.7131879925727844
vn -0.6247029900550842 -0.09154099971055984 0.7754780054092407
vn -0.8452669978141785 -0.2051900029182434 0.49337801337242126
vn -0.1882070004940033 0.6041430234909058 -0.7743319869041443
vn 0.005359000060707331 0.6140559911727905 -0.7892439961433411
vn 0.005638000089675188 0.646003007888794 -0.7633140087127686
vn -0.15332500636577606 0.639182984828949 -0.7536159753799438
vn 0.00698000006377697 0.7997940182685852 -0.6002330183982849
vn 0.004881999921053648 0.5593969821929932 -0.828885018825531
vn 0.004881999921053648 0.5593969821929932 -0.828885018825531
vn 8.099999831756577e-05 0.009259000420570374 -0.9999570250511169
vn -0.0018339999951422215 -0.21010500192642212 -0.9776769876480103
vn -0.002423000056296587 -0.2776449918746948 -0.9606810212135315
vn -0.0006389999762177467 -0.07322599738836288 -0.997314989566803
vn -0.0038660001009702682 -0.44293999671936035 -0.896543025970459
vn -0.007158000022172928 -0.8202149868011475 -0.5720109939575195
vn 0.0004970000009052455 0.05697999894618988 -0.9983749985694885
vn 0.0004970000009052455 0.05697999894618988 -0.9983749985694885
vn -0.03191300109028816 0.18299299478530884 -0.9825959801673889
vn -0.05501899868249893 0.17007000744342804 -0.9838950037956238
vn -0.0780860036611557 0.15702900290489197 -0.9845020174980164
vn 0.16301700472831726 -0.986607015132904 0.005690000019967556
vn 0.16301700472831726 -0.986607015132904 0.005690000019967556
vn 0.7671260237693787 -0.11014600098133087 0.6319699883460999
vn 0.7671260237693787 -0.11014600098133087 0.6319699883460999
vn 0.005330000072717667 0.6107659935951233 -0.7917940020561218
vn 2.9999999242136255e-05 0.003498000092804432 -0.9999939799308777
vn 2.9999999242136255e-05 0.003498000092804432 -0.9999939799308777
vn -0.008712000213563442 -0.9983090162277222 -0.05746699869632721
vn -0.008712000213563442 -0.9983090162277222 -0.05746699869632721
vn 0.003959000110626221 0.4536469876766205 0.8911730051040649
vn 0.0019570000004023314 0.22418999671936035 0.9745439887046814
vn 0.00572599982842803 0.6560559868812561 0.7546910047531128
vn 0.0007389999809674919 0.08470799773931503 0.9964060187339783
vn 0.0007389999809674919 0.08470799773931503 0.9964060187339783
vn -0.006213000044226646 -0.7119730114936829 0.7021790146827698
vn -0.0023509999737143517 -0.26934799551963806 0.9630399942398071
vn 0.00039900001138448715 0.04565199837088585 0.9989569783210754
vn -0.0025130000431090593 -0.2879219949245453 0.9576510190963745
vn -0.002873999997973442 -0.32936498522758484 0.9441980123519897
vn 0.0003490000090096146 0.03994100168347359 0.9992020130157471
vn 0.004277000203728676 0.4900819957256317 0.8716660141944885
vn 0.005636999849230051 0.6459180116653442 0.7633860111236572
vn 0.004277000203728676 0.4900819957256317 0.8716660141944885
vn 0.008727000094950199 0.9999619722366333 -0.00030300000798888505
vn 0.3837890028953552 0.8014460206031799 0.4586830139160156
vn 0.3837890028953552 0.8014460206031799 0.4586830139160156
vn 0.19734500348567963 0.8175879716873169 0.5409299731254578
vn 0.19734500348567963 0.8175879716873169 0.5409299731254578
vn 0.3743689954280853 -0.8084719777107239 0.4541170001029968
vn 0.19057199358940125 -0.811555027961731 0.5523229837417603
vn 0.19057199358940125 -0.811555027961731 0.5523229837417603
vn 0.3743689954280853 -0.8084719777107239 0.4541170001029968
vn 0.380374014377594 0.798458993434906 -0.4666680097579956
vn 0.380374014377594 0.798458993434906 -0.4666680097579956
vn 0.532414972782135 0.7934820055961609 -0.2948229908943176
vn 0.532414972782135 0.7934820055961609 -0.2948229908943176
vn 0.3914340138435364 -0.7903519868850708 -0.4712989926338196
vn 0.5181249976158142 -0.8079689741134644 -0.2805919945240021
vn 0.5181249976158142 -0.8079689741134644 -0.2805919945240021
vn 0.3914340138435364 -0.7903519868850708 -0.4712989926338196
vn 0.16812999546527863 0.8153640031814575 -0.5539979934692383
vn 0.16812999546527863 0.8153640031814575 -0.5539979934692383
vn 0.17247800529003143 -0.7880570292472839 -0.5909460186958313
vn 0.17247800529003143 -0.7880570292472839 -0.5909460186958313
vn 0.014543999917805195 0.8158000111579895 -0.5781509876251221
vn 0.014543999917805195 0.8158000111579895 -0.5781509876251221
vn 0.011512000113725662 -0.7774770259857178 -0.6288059949874878
vn 0.011512000113725662 -0.7774770259857178 -0.6288059949874878
vn 0.008712000213563442 0.8195729851722717 0.5729089975357056
vn 0.008712000213563442 0.8195729851722717 0.5729089975357056
vn -0.004821000155061483 -0.8056700229644775 0.5923439860343933
vn -0.004821000155061483 -0.8056700229644775 0.5923439860343933
vn 0.5032230019569397 -0.8154780268669128 0.28594300150871277
vn 0.5032230019569397 -0.8154780268669128 0.28594300150871277
vn 0.580132007598877 -0.8145220279693604 0.0012100000167265534
vn 0.580132007598877 -0.8145220279693604 0.0012100000167265534
vn 0.6162880063056946 0.7875210046768188 0.0008539999835193157
vn 0.6162880063056946 0.7875210046768188 0.0008539999835193157
vn 0.5299140214920044 0.7948439717292786 0.29566100239753723
vn 0.5299140214920044 0.7948439717292786 0.29566100239753723
vn 0.007162999827414751 0.8208060264587402 -0.5711619853973389
vn 0.007162999827414751 0.8208060264587402 -0.5711619853973389
vn -0.006790999788790941 -0.7781000137329102 -0.6281039714813232
vn -0.006790999788790941 -0.7781000137329102 -0.6281039714813232
vn 0.0071840002201497555 0.8231819868087769 0.5677319765090942
vn 0.0071840002201497555 0.8231819868087769 0.5677319765090942
vn -0.007062000222504139 -0.8091610074043274 0.5875440239906311
vn -0.007062000222504139 -0.8091610074043274 0.5875440239906311
vn -0.38842201232910156 -0.8018149733543396 0.45411598682403564
vn -0.38842201232910156 -0.8018149733543396 0.45411598682403564
vn -0.20470799505710602 -0.8081039786338806 0.5523239970207214
vn -0.20470799505710602 -0.8081039786338806 0.5523239970207214
vn -0.3697429895401001 0.8080229759216309 0.45868200063705444
vn -0.18304400146007538 0.8209090232849121 0.5409290194511414
vn -0.18304400146007538 0.8209090232849121 0.5409290194511414
vn -0.3697429895401001 0.8080229759216309 0.45868200063705444
vn -0.40516600012779236 -0.7834010124206543 -0.4712989926338196
vn -0.40516600012779236 -0.7834010124206543 -0.4712989926338196
vn -0.532148003578186 -0.798803985118866 -0.2805919945240021
vn -0.532148003578186 -0.798803985118866 -0.2805919945240021
vn -0.36638298630714417 0.8049749732017517 -0.4666669964790344
vn -0.5184850096702576 0.8026530146598816 -0.2948249876499176
vn -0.5184850096702576 0.8026530146598816 -0.2948249876499176
vn -0.36638298630714417 0.8049749732017517 -0.4666669964790344
vn -0.1862040013074875 -0.784928023815155 -0.5909460186958313
vn -0.1862040013074875 -0.784928023815155 -0.5909460186958313
vn -0.15387499332427979 0.8181769847869873 -0.5539939999580383
vn -0.15387499332427979 0.8181769847869873 -0.5539939999580383
vn -0.02507999911904335 -0.7771570086479187 -0.628807008266449
vn -0.02507999911904335 -0.7771570086479187 -0.628807008266449
vn -0.00030399998649954796 0.8159329891204834 -0.5781469941139221
vn -0.00030399998649954796 0.8159329891204834 -0.5781469941139221
vn -0.009242000058293343 -0.8056309819221497 0.5923460125923157
vn -0.009242000058293343 -0.8056309819221497 0.5923460125923157
vn 0.005594999995082617 0.819599986076355 0.5729089975357056
vn 0.005594999995082617 0.819599986076355 0.5729089975357056
vn -0.5159609913825989 0.803970992565155 0.29565998911857605
vn -0.5159609913825989 0.803970992565155 0.29565998911857605
vn -0.6024489998817444 0.7981579899787903 0.0008529999759048223
vn -0.6024489998817444 0.7981579899787903 0.0008529999759048223
vn -0.5942609906196594 -0.8042719960212708 0.00120900000911206
vn -0.5942609906196594 -0.8042719960212708 0.00120900000911206
vn -0.5173799991607666 -0.8065710067749023 0.2859419882297516
vn -0.5173799991607666 -0.8065710067749023 0.2859419882297516
vn -0.006790999788790941 -0.7781000137329102 -0.6281039714813232
vn -0.006790999788790941 -0.7781000137329102 -0.6281039714813232
vn 0.007162999827414751 0.8208060264587402 -0.5711619853973389
vn 0.007162999827414751 0.8208060264587402 -0.5711619853973389
vn -0.007062000222504139 -0.8091610074043274 0.5875440239906311
vn -0.007062000222504139 -0.8091610074043274 0.5875440239906311
vn 0.0071840002201497555 0.8231819868087769 0.5677319765090942
vn 0.0071840002201497555 0.8231819868087769 0.5677319765090942
vn 0.17172199487686157 0.9809499979019165 0.09082099795341492
vn 0.5411339998245239 0.7993680238723755 -0.26112499833106995
vn 0.4682230055332184 0.17041300237178802 -0.8670219779014587
vn -0.24406300485134125 0.8459540009498596 -0.4741249978542328
vn 0.39558398723602295 0.918429970741272 0.00016399999731220305
vn -0.3348790109157562 0.9397600293159485 -0.06861100345849991
vn 0.2978920042514801 0.9078350067138672 -0.2951189875602722
vn -0.16056400537490845 0.9703969955444336 0.18041500449180603
vn -0.007888000458478928 0.9592649936676025 0.28239700198173523
vn 0.06434900313615799 0.8931459784507751 -0.44514000415802
vn -0.6462600231170654 0.0018269999418407679 -0.7631160020828247
vn -0.015469999983906746 -0.3736419975757599 -0.9274439811706543
vn 0.07206200063228607 -0.5811129808425903 -0.8106259703636169
vn -0.6589120030403137 -0.28425100445747375 -0.6964460015296936
vn 0.45849499106407166 0.7181860208511353 0.5234410166740417
vn 0.9171850085258484 0.3657839894294739 0.15803000330924988
vn 0.9171850085258484 0.3657839894294739 0.15803000330924988
vn 0.7267839908599854 -0.4733250141143799 -0.49774500727653503
vn -0.9993849992752075 -0.026489999145269394 -0.022971000522375107
vn -0.9790890216827393 0.1998549997806549 -0.037973999977111816
vn 0.837913990020752 0.541936993598938 0.06484200060367584
vn -0.6600819826126099 -0.005109999794512987 0.7511770129203796
vn -0.6421189904212952 0.25562599301338196 0.7227299809455872
vn 0.5950449705123901 0.5336530208587646 -0.6009460091590881
vn -0.07522699981927872 -0.09484399855136871 0.9926459789276123
vn -0.07265499979257584 0.20187899470329285 0.9767119884490967
vn 0.10449700057506561 0.5044940114021301 -0.8570680022239685
vn 0.23594500124454498 -0.18565799295902252 -0.9538670182228088
vn 0.5202400088310242 -0.624763011932373 -0.582256019115448
vn -0.4674629867076874 0.5396360158920288 -0.7001940011978149
vn -0.7359640002250671 0.6738920211791992 -0.0650010034441948
vn -0.44400399923324585 0.7481889724731445 0.493025004863739
vn -0.043421998620033264 0.719976007938385 0.6926400065422058
vn 0.07206200063228607 -0.5811129808425903 -0.8106259703636169
vn 0.001420999993570149 0.17542000114917755 0.9844930171966553
vn -0.000493000028654933 -0.14847199618816376 0.9889169931411743
vn 0.010906999930739403 0.7205389738082886 0.6933280229568481
vn 0.014766000211238861 0.9561629891395569 0.2924639880657196
vn 0.019764000549912453 0.9033679962158203 -0.42840999364852905
vn 0.021716000512242317 0.5263980031013489 -0.84996098279953
vn -0.15457500517368317 0.983797013759613 0.09082099795341492
vn 0.258789986371994 0.8415650129318237 -0.4741249978542328
vn -0.4651780128479004 0.17855900526046753 -0.8670219779014587
vn -0.5271000266075134 0.8086910247802734 -0.26112499833106995
vn -0.3794940114021301 0.9251940250396729 0.00016399999731220305
vn 0.3512290120124817 0.9337720274925232 -0.06861100345849991
vn -0.2820020020008087 0.9128959774971008 -0.2951189875602722
vn 0.17747600376605988 0.9674469828605652 0.18041500449180603
vn 0.024629000574350357 0.958981990814209 0.28239700198173523
vn -0.04875100031495094 0.8941329717636108 -0.44514000415802
vn 0.6461930274963379 -0.00945299956947565 -0.7631160020828247
vn 0.6538500189781189 -0.29570698738098145 -0.6964460015296936
vn -0.0821940004825592 -0.5797669887542725 -0.8106259703636169
vn 0.008946999907493591 -0.3738560080528259 -0.9274439811706543
vn -0.910660982131958 0.38173601031303406 0.15803000330924988
vn -0.44589099287986755 0.726078987121582 0.5234410166740417
vn -0.7349339723587036 -0.46056801080703735 -0.49774500727653503
vn -0.910660982131958 0.38173601031303406 0.15803000330924988
vn 0.9987710118293762 -0.04392800107598305 -0.022971000522375107
vn 0.9824280142784119 0.18273599445819855 -0.037973999977111816
vn -0.828328013420105 0.5564789772033691 0.06484200060367584
vn 0.6598920226097107 -0.016628999263048172 0.7511770129203796
vn 0.646481990814209 0.24437999725341797 0.7227299809455872
vn -0.585640013217926 0.543956995010376 -0.6009460091590881
vn 0.07356099784374237 -0.0961420014500618 0.9926459789276123
vn 0.07616700232028961 0.20058000087738037 0.9767119884490967
vn -0.0956759974360466 0.5062410235404968 -0.8570680022239685
vn -0.23914900422096252 -0.1815119981765747 -0.9538670182228088
vn -0.531063973903656 -0.6155880093574524 -0.582256019115448
vn 0.47680899500846863 0.5313950181007385 -0.7001940011978149
vn 0.7476130127906799 0.6609449982643127 -0.0650010034441948
vn 0.4569939970970154 0.7403259873390198 0.493025004863739
vn 0.05598200112581253 0.719107985496521 0.6926400065422058
vn -0.0821940004825592 -0.5797669887542725 -0.8106259703636169
vn 0.0016410000389441848 0.17541800439357758 0.9844930171966553
vn -0.0020989999175071716 -0.14845800399780273 0.9889169931411743
vn 0.0016710000345483422 0.7206199765205383 0.6933280229568481
vn 0.0019239999819546938 0.9562749862670898 0.2924639880657196
vn -0.003994999919086695 0.9035750031471252 -0.42840999364852905
vn -0.012524999678134918 0.5266969799995422 -0.84996098279953
vn -0.6799370050430298 0.42405301332473755 -0.5982180237770081
vn -0.7766439914703369 0.5251240134239197 -0.3479509949684143
vn -0.32716599106788635 0.849111020565033 -0.41469600796699524
vn -0.3096199929714203 0.6909819841384888 -0.653207004070282
vn 0.22634300589561462 0.8442819714546204 -0.48575401306152344
vn 0.14641399681568146 0.6870030164718628 -0.7117509841918945
vn 0.672478973865509 0.5124760270118713 -0.53398597240448
vn 0.5139780044555664 0.41363298892974854 -0.7514879703521729
vn 0.8408190011978149 -0.019564000889658928 -0.5409619808197021
vn 0.6526730060577393 -0.024708999320864677 -0.7572360038757324
vn 0.6670640110969543 -0.5486140251159668 -0.5040320158004761
vn 0.5095189809799194 -0.46059098839759827 -0.7268049716949463
vn 0.21758699417114258 -0.8725950121879578 -0.43730199337005615
vn 0.13920000195503235 -0.7275170087814331 -0.6718199849128723
vn -0.3359279930591583 -0.8677660226821899 -0.3662460148334503
vn -0.31683599948883057 -0.723537027835846 -0.6132779717445374
vn -0.782056987285614 -0.5359659790992737 -0.3180049955844879
vn -0.6844000220298767 -0.45017099380493164 -0.5735369920730591
vn -0.9503989815711975 -0.003930000122636557 -0.31101199984550476
vn -0.8230929970741272 -0.011830000206828117 -0.5677840113639832
vn -0.43896499276161194 0.21466299891471863 -0.872484028339386
vn -0.23830099403858185 0.3593049943447113 -0.9022819995880127
vn 0.008813999593257904 0.35714900493621826 -0.9340059757232666
vn 0.20798799395561218 0.2090190052986145 -0.9555379748344421
vn 0.283143013715744 -0.028508000075817108 -0.95865398645401
vn 0.20557400584220886 -0.26470500230789185 -0.9421629905700684
vn 0.004906999878585339 -0.4093500077724457 -0.9123640060424805
vn -0.24220900237560272 -0.40719300508499146 -0.880640983581543
vn -0.4413839876651764 -0.25905799865722656 -0.8591099977493286
vn -0.5165380239486694 -0.021530000492930412 -0.8559939861297607
vn -0.26667600870132446 0.07807499915361404 -0.9606189727783203
vn -0.17878200113773346 0.14143000543117523 -0.973671019077301
vn -0.07053899765014648 0.1404850035905838 -0.9875670075416565
vn 0.01670300029218197 0.07560200244188309 -0.9969980120658875
vn 0.049619998782873154 -0.028435999527573586 -0.9983630180358887
vn 0.015641000121831894 -0.1318960040807724 -0.9911400079727173
vn -0.07225199788808823 -0.195251002907753 -0.9780880212783813
vn -0.1804880052804947 -0.19430699944496155 -0.9641939997673035
vn -0.2677290141582489 -0.12941999733448029 -0.9547629952430725
vn -0.30065101385116577 -0.02537900023162365 -0.9533969759941101
vn -0.12751999497413635 -0.02733900025486946 -0.9914590120315552
vn -0.6941519975662231 0.19373999536037445 -0.693265974521637
vn -0.7956690192222595 0.3627449870109558 -0.4851050078868866
vn -0.3591870069503784 0.6679559946060181 -0.6517819762229919
vn -0.33453699946403503 0.44519999623298645 -0.8305910229682922
vn 0.19433599710464478 0.6631280183792114 -0.7228379845619202
vn 0.12150099873542786 0.4412209987640381 -0.8891350030899048
vn 0.6534600257873535 0.3501029908657074 -0.6711320281028748
vn 0.499769002199173 0.1833219975233078 -0.8465359807014465
vn 0.8428149819374084 -0.15155500173568726 -0.5164229869842529
vn 0.655780017375946 -0.2299879938364029 -0.7190679907798767
vn 0.6900860071182251 -0.650223970413208 -0.3177900016307831
vn 0.5299479961395264 -0.6408370137214661 -0.555413007736206
vn 0.2536050081253052 -0.9554349780082703 -0.15109699964523315
vn 0.17033499479293823 -0.8922979831695557 -0.41808199882507324
vn -0.2999109923839569 -0.9506030082702637 -0.08004000037908554
vn -0.28570300340652466 -0.8883169889450073 -0.3595370054244995
vn -0.7590349912643433 -0.6375769972801208 -0.13175900280475616
vn -0.6639689803123474 -0.6304180026054382 -0.4021430015563965
vn -0.9483960270881653 -0.13592499494552612 -0.28647899627685547
vn -0.8199819922447205 -0.21710899472236633 -0.5296159982681274
vn -0.4440940022468567 -0.080035001039505 -0.8923979997634888
vn -0.24922700226306915 0.0562250018119812 -0.966812014579773
vn -0.002113000024110079 0.05406700074672699 -0.9985349774360657
vn 0.2028609961271286 -0.08568199723958969 -0.9754520058631897
vn 0.2874029874801636 -0.3096430003643036 -0.9063779711723328
vn 0.2192160040140152 -0.5322740077972412 -0.8176969885826111
vn 0.024349000304937363 -0.6685330271720886 -0.7432839870452881
vn -0.2227659970521927 -0.6663770079612732 -0.7115610241889954
vn -0.42774099111557007 -0.5266270041465759 -0.7346429824829102
vn -0.5122820138931274 -0.30266401171684265 -0.8037179708480835
vn -0.2662050127983093 -0.2302439957857132 -0.9360139966011047
vn -0.18085099756717682 -0.17056100070476532 -0.968608021736145
vn -0.0726109966635704 -0.17150799930095673 -0.9825029969215393
vn 0.017170999199151993 -0.23271700739860535 -0.9723929762840271
vn 0.05420000106096268 -0.3308129906654358 -0.9421390295028687
vn 0.024334000423550606 -0.4283289909362793 -0.9032949805259705
vn -0.061021000146865845 -0.48801299929618835 -0.870701014995575
vn -0.1692589968442917 -0.4870690107345581 -0.8568050265312195
vn -0.2590399980545044 -0.42585599422454834 -0.8669170141220093
vn -0.29607000946998596 -0.32775598764419556 -0.8971729874610901
vn -0.12286700308322906 -0.33454498648643494 -0.9343360066413879
vn -0.6253089904785156 0.46031901240348816 -0.6301550269126892
vn -0.7422829866409302 0.5491840243339539 -0.38394400477409363
vn -0.28735899925231934 0.8722249865531921 -0.3957880139350891
vn -0.25050199031829834 0.7264710068702698 -0.639913022518158
vn 0.270143985748291 0.8662059903144836 -0.4203670024871826
vn 0.20882099866867065 0.7215129733085632 -0.6601600050926208
vn 0.7172830104827881 0.5334299802780151 -0.44828400015830994
vn 0.5772150158882141 0.4473409950733185 -0.6831610202789307
vn 0.8832629919052124 0.0010019999463111162 -0.4688760042190552
vn 0.7139639854431152 0.008678000420331955 -0.700128972530365
vn 0.7046869993209839 -0.5277090072631836 -0.47427898645401
vn 0.5668359994888306 -0.42691999673843384 -0.7045819759368896
vn 0.24976100027561188 -0.8507519960403442 -0.4624280035495758
vn 0.1920270025730133 -0.6930720210075378 -0.6948210000991821
vn -0.3077459931373596 -0.8447350263595581 -0.43785399198532104
vn -0.26729801297187805 -0.6881160140037537 -0.6745730042457581
vn -0.7548840045928955 -0.511955976486206 -0.40994200110435486
vn -0.6356909871101379 -0.41394299268722534 -0.6515740156173706
vn -0.9208620190620422 0.020471999421715736 -0.3893530070781708
vn -0.7724369764328003 0.024720000103116035 -0.6346099972724915
vn -0.3630419969558716 0.2632569968700409 -0.893809974193573
vn -0.15994000434875488 0.407478004693985 -0.8991000056266785
vn 0.0889580026268959 0.40479299426078796 -0.9100710153579712
vn 0.2885810136795044 0.2562260031700134 -0.9225339889526367
vn 0.36268100142478943 0.018523000180721283 -0.9317290186882019
vn 0.28295600414276123 -0.21751700341701508 -0.9341430068016052
vn 0.07985500246286392 -0.3617370128631592 -0.9288539886474609
vn -0.16904200613498688 -0.35905200242996216 -0.9178820252418518
vn -0.36866500973701477 -0.21048499643802643 -0.9054179787635803
vn -0.4427669942378998 0.027217000722885132 -0.8962240219116211
vn -0.18454700708389282 0.1298920065164566 -0.9742029905319214
vn -0.09558399766683578 0.1930609941482544 -0.9765200018882751
vn 0.01343700010329485 0.19188399612903595 -0.9813259840011597
vn 0.10087300091981888 0.12681099772453308 -0.9867839813232422
vn 0.13333000242710114 0.02269499935209751 -0.9908120036125183
vn 0.09840799868106842 -0.0806950032711029 -0.9918689727783203
vn 0.009451000019907951 -0.14386600255966187 -0.9895520210266113
vn -0.09956999868154526 -0.14268900454044342 -0.9847469925880432
vn -0.1870100051164627 -0.07761500030755997 -0.9792870283126831
vn -0.21946699917316437 0.026500999927520752 -0.9752600193023682
vn -0.04375400021672249 0.024991000071167946 -0.9987300038337708

vt 0.031787000596523285 0.4333999752998352
vt 0.031787000596523285 0.5002120137214661
vt 0.05035800114274025 0.5002120137214661
vt 0.04713999852538109 0.4204919934272766
vt 0.05035800114274025 0.8746879994869232
vt 0.03134400025010109 0.8746879994869232
vt 0.03134400025010109 0.7928480058908463
vt 0.050259001553058624 0.7928480058908463
vt 0.05035800114274025 0.9058390036225319
vt 0.03134400025010109 0.9035660028457642
vt 0.03134400025010109 0.8748230040073395
vt 0.05035800114274025 0.8748230040073395
vt 0.29821398854255676 0.16488999128341675
vt 0.29951998591423035 0.16367799043655396
vt 0.2867699861526489 0.15048402547836304
vt 0.284961998462677 0.15141600370407104
vt 0.2716880142688751 0.12570202350616455
vt 0.2721650004386902 0.11308598518371582
vt 0.2697719931602478 0.11377102136611938
vt 0.26969701051712036 0.1266459822654724
vt 0.2740060091018677 0.09374099969863892
vt 0.2718670070171356 0.09395098686218262
vt 0.370525985956192 0.09299397468566895
vt 0.37028300762176514 0.09643298387527466
vt 0.3917759954929352 0.09681999683380127
vt 0.3918299973011017 0.09496402740478516
vt 0.2756190001964569 0.08629000186920166
vt 0.2733139991760254 0.0863950252532959
vt 0.30550599098205566 0.1688389778137207
vt 0.30428001284599304 0.17010897397994995
vt 0.031787000596523285 0.4027339816093445
vt 0.046778999269008636 0.39639097452163696
vt 0.03134400025010109 0.924347996711731
vt 0.05035800114274025 0.9234300032258034
vt 0.05035800114274025 0.9478809982538223
vt 0.03134400025010109 0.9506839998066425
vt 0.2743630111217499 0.13380801677703857
vt 0.2723410129547119 0.1347060203552246
vt 0.2766689956188202 0.14195501804351807
vt 0.27870601415634155 0.14111101627349854
vt 0.05035800114274025 0.9996939999982715
vt 0.031787000596523285 0.9996939999982715
vt 0.03134400025010109 0.9506839998066425
vt 0.05035800114274025 0.9478809982538223
vt 0.12891000509262085 0.4054200053215027
vt 0.12917500734329224 0.43860602378845215
vt 0.14521999657154083 0.4374549984931946
vt 0.14552000164985657 0.4048619866371155
vt 0.12447900325059891 0.5002120137214661
vt 0.14208100736141205 0.5002120137214661
vt 0.13684199750423431 0.9786339998245239
vt 0.14208100736141205 0.9996939999982715
vt 0.12447900325059891 0.9996939999982715
vt 0.12103600054979324 0.964283000677824
vt 0.14068999886512756 0.9370469972491264
vt 0.11472400277853012 0.9349529966711998
vt 0.12118600308895111 0.90590800344944
vt 0.13918599486351013 0.8936839997768402
vt 0.13918599486351013 0.8936839997768402
vt 0.12118600308895111 0.90590800344944
vt 0.11866699904203415 0.8748230040073395
vt 0.138387992978096 0.8748230040073395
vt 0.11866699904203415 0.8746879994869232
vt 0.12491399794816971 0.8228989988565445
vt 0.14148299396038055 0.8303049951791763
vt 0.138387992978096 0.8746879994869232
vt 0.12674899399280548 0.7865539938211441
vt 0.14229300618171692 0.7903739959001541
vt 0.2437009960412979 0.35216301679611206
vt 0.24364900588989258 0.3589940071105957
vt 0.22872699797153473 0.3589940071105957
vt 0.22883599996566772 0.3512669801712036
vt 0.20688499510288239 0.3589940071105957
vt 0.21361799538135529 0.34085601568222046
vt 0.204025000333786 0.3212140202522278
vt 0.20162099599838257 0.28707200288772583
vt 0.20290300250053406 0.3040270209312439
vt 0.19650299847126007 0.3044379949569702
vt 0.19650299847126007 0.23486000299453735
vt 0.2083130031824112 0.23486000299453735
vt 0.21386300027370453 0.26686298847198486
vt 0.22833499312400818 0.23486000299453735
vt 0.23311099410057068 0.26488202810287476
vt 0.24338699877262115 0.23486000299453735
vt 0.24577200412750244 0.2607730031013489
vt 0.06694699823856354 0.40477198362350464
vt 0.06694699823856354 0.3886139988899231
vt 0.06694699823856354 0.5002120137214661
vt 0.06694699823856354 0.9996939999982715
vt 0.05035800114274025 0.9996939999982715
vt 0.05035800114274025 0.9478809982538223
vt 0.06694699823856354 0.936659000813961
vt 0.05035800114274025 0.9234300032258034
vt 0.06694699823856354 0.9228940010070801
vt 0.06694699823856354 0.936659000813961
vt 0.05035800114274025 0.9478809982538223
vt 0.06694699823856354 0.908610999584198
vt 0.05035800114274025 0.9058390036225319
vt 0.05035800114274025 0.8748230040073395
vt 0.06694699823856354 0.8748230040073395
vt 0.06694699823856354 0.8746879994869232
vt 0.06694699823856354 0.7928480058908463
vt 0.4073840081691742 0.09706199169158936
vt 0.09428399801254272 0.39153897762298584
vt 0.0940679982304573 0.4113389849662781
vt 0.09302899986505508 0.5002120137214661
vt 0.09302899986505508 0.9996939999982715
vt 0.09645000100135803 0.9382990002632141
vt 0.12103600054979324 0.964283000677824
vt 0.12447900325059891 0.9996939999982715
vt 0.11472400277853012 0.9349529966711998
vt 0.12103600054979324 0.964283000677824
vt 0.09645000100135803 0.9382990002632141
vt 0.09803300350904465 0.924186997115612
vt 0.09779199957847595 0.9109250009059906
vt 0.09993299841880798 0.8748230040073395
vt 0.11866699904203415 0.8748230040073395
vt 0.12118600308895111 0.90590800344944
vt 0.09993299841880798 0.8746879994869232
vt 0.11260099709033966 0.8010859936475754
vt 0.11284700036048889 0.7754770070314407
vt 0.15609900653362274 0.9038920029997826
vt 0.15609900653362274 0.9382979981601238
vt 0.14068999886512756 0.9370469972491264
vt 0.13918599486351013 0.8936839997768402
vt 0.13918599486351013 0.8936839997768402
vt 0.138387992978096 0.8748230040073395
vt 0.15609900653362274 0.8748230040073395
vt 0.15609900653362274 0.9038920029997826
vt 0.15609900653362274 0.8746879994869232
vt 0.15609900653362274 0.8309199959039688
vt 0.15609900653362274 0.7907959967851639
vt 0.15609900653362274 0.4052309989929199
vt 0.15609900653362274 0.43786901235580444
vt 0.15609900653362274 0.5002120137214661
vt 0.13684199750423431 0.9786339998245239
vt 0.15609900653362274 0.9713770002126694
vt 0.15609900653362274 0.9996939999982715
vt 0.14208100736141205 0.9996939999982715
vt 0.11472400277853012 0.9349529966711998
vt 0.09803300350904465 0.924186997115612
vt 0.09779199957847595 0.9109250009059906
vt 0.12118600308895111 0.90590800344944
vt 0.05035800114274025 0.9058390036225319
vt 0.06694699823856354 0.908610999584198
vt 0.06694699823856354 0.9228940010070801
vt 0.05035800114274025 0.9234300032258034
vt 0.03134400025010109 0.9035660028457642
vt 0.05035800114274025 0.9058390036225319
vt 0.05035800114274025 0.9234300032258034
vt 0.03134400025010109 0.924347996711731
vt 0.12103600054979324 0.964283000677824
vt 0.11472400277853012 0.9349529966711998
vt 0.14068999886512756 0.9370469972491264
vt 0.13684199750423431 0.9786339998245239
vt 0.15609900653362274 0.9713770002126694
vt 0.13684199750423431 0.9786339998245239
vt 0.14068999886512756 0.9370469972491264
vt 0.15609900653362274 0.9382979981601238
vt 0.19650299847126007 0.3589940071105957
vt 0.24052000045776367 0.2735009789466858
vt 0.2584350109100342 0.2693660259246826
vt 0.25827300548553467 0.30261802673339844
vt 0.22871600091457367 0.30408602952957153
vt 0.21967799961566925 0.3051949739456177
vt 0.21400800347328186 0.3045169711112976
vt 0.24708500504493713 0.3358280062675476
vt 0.23566900193691254 0.33325499296188354
vt 0.36927399039268494 0.09641802310943604
vt 0.36943599581718445 0.09307998418807983
vt 0.29856398701667786 0.09609800577163696
vt 0.30093100666999817 0.07355701923370361
vt 0.36885198950767517 0.07938802242279053
vt 0.36031800508499146 0.062418997287750244
vt 0.3116289973258972 0.05740499496459961
vt 0.3461360037326813 0.04829001426696777
vt 0.32378900051116943 0.0481569766998291
vt 0.33622199296951294 0.04634499549865723
vt 0.0509600006043911 0.7723959982395172
vt 0.06694699823856354 0.7709539979696274
vt 0.03134400025010109 0.7710489928722382
vt 0.36943599581718445 0.09307998418807983
vt 0.36927399039268494 0.09641802310943604
vt 0.36779800057411194 0.1761770248413086
vt 0.37604498863220215 0.17642802000045776
vt 0.3754960000514984 0.17944997549057007
vt 0.3668439984321594 0.17929202318191528
vt 0.28635600209236145 0.1052510142326355
vt 0.28335699439048767 0.10668402910232544
vt 0.2823779881000519 0.0925760269165039
vt 0.2853260040283203 0.09188199043273926
vt 0.3452030122280121 0.17121201753616333
vt 0.34334999322891235 0.17413097620010376
vt 0.29362601041793823 0.12694799900054932
vt 0.2907949984073639 0.1292409896850586
vt 0.32278499007225037 0.1622670292854309
vt 0.31993401050567627 0.16506201028823853
vt 0.3026230037212372 0.14303600788116455
vt 0.29972800612449646 0.14580100774765015
vt 0.312949001789093 0.15430599451065063
vt 0.3100549876689911 0.1572679877281189
vt 0.2997469902038574 0.08482801914215088
vt 0.3691439926624298 0.08623397350311279
vt 0.30144599080085754 0.1215670108795166
vt 0.294281005859375 0.09783798456192017
vt 0.2924230098724365 0.0981370210647583
vt 0.30088499188423157 0.12751299142837524
vt 0.29108700156211853 0.07995802164077759
vt 0.2891870141029358 0.07995802164077759
vt 0.36800798773765564 0.17423301935195923
vt 0.36779800057411194 0.1761770248413086
vt 0.3452030122280121 0.17121201753616333
vt 0.34573298692703247 0.16945499181747437
vt 0.29531800746917725 0.12620198726654053
vt 0.29362601041793823 0.12694799900054932
vt 0.28635600209236145 0.1052510142326355
vt 0.28825700283050537 0.10485702753067017
vt 0.32278499007225037 0.1622670292854309
vt 0.32378700375556946 0.16056501865386963
vt 0.30423200130462646 0.14191001653671265
vt 0.3026230037212372 0.14303600788116455
vt 0.3142409920692444 0.15294897556304932
vt 0.312949001789093 0.15430599451065063
vt 0.30144599080085754 0.1215670108795166
vt 0.30088499188423157 0.12751299142837524
vt 0.3035919964313507 0.126118004322052
vt 0.30229100584983826 0.12247097492218018
vt 0.37609800696372986 0.17349600791931152
vt 0.37604498863220215 0.17642802000045776
vt 0.2853260040283203 0.09188199043273926
vt 0.2872059941291809 0.09169501066207886
vt 0.06694699823856354 0.7928480058908463
vt 0.06694699823856354 0.7709539979696274
vt 0.0820619985461235 0.772134006023407
vt 0.08314099907875061 0.7949810028076172
vt 0.07536599785089493 0.8746879994869232
vt 0.06694699823856354 0.8746879994869232
vt 0.07536599785089493 0.8748230040073395
vt 0.07892300188541412 0.9089049994945526
vt 0.06694699823856354 0.908610999584198
vt 0.06694699823856354 0.8748230040073395
vt 0.07892300188541412 0.9089049994945526
vt 0.07940900325775146 0.9235870018601418
vt 0.06694699823856354 0.9228940010070801
vt 0.06694699823856354 0.908610999584198
vt 0.06694699823856354 0.9228940010070801
vt 0.07940900325775146 0.9235870018601418
vt 0.07763800024986267 0.9375899992883205
vt 0.06694699823856354 0.936659000813961
vt 0.06694699823856354 0.936659000813961
vt 0.07763800024986267 0.9375899992883205
vt 0.07510100305080414 0.9996939999982715
vt 0.06694699823856354 0.9996939999982715
vt 0.07828100025653839 0.40659099817276
vt 0.06694699823856354 0.40477198362350464
vt 0.06694699823856354 0.5002120137214661
vt 0.07510100305080414 0.5002120137214661
vt 0.07820899784564972 0.389473021030426
vt 0.06694699823856354 0.3886139988899231
vt 0.09758900105953217 0.7979750037193298
vt 0.09715999662876129 0.7737729996442795
vt 0.08741500228643417 0.8746879994869232
vt 0.09779199957847595 0.9109250009059906
vt 0.08817700296640396 0.9098960012197495
vt 0.08741500228643417 0.8748230040073395
vt 0.09993299841880798 0.8748230040073395
vt 0.09779199957847595 0.9109250009059906
vt 0.09803300350904465 0.924186997115612
vt 0.08854299783706665 0.9238810017704964
vt 0.08817700296640396 0.9098960012197495
vt 0.08854299783706665 0.9238810017704964
vt 0.09803300350904465 0.924186997115612
vt 0.09645000100135803 0.9382990002632141
vt 0.08686400204896927 0.9379380010068417
vt 0.08686400204896927 0.9379380010068417
vt 0.09645000100135803 0.9382990002632141
vt 0.09302899986505508 0.9996939999982715
vt 0.08389399945735931 0.9996939999982715
vt 0.08602400124073029 0.40891897678375244
vt 0.08389399945735931 0.5002120137214661
vt 0.0860930010676384 0.3904860019683838
vt 0.08741500228643417 0.8748230040073395
vt 0.08817700296640396 0.9098960012197495
vt 0.07892300188541412 0.9089049994945526
vt 0.07536599785089493 0.8748230040073395
vt 0.08817700296640396 0.9098960012197495
vt 0.08854299783706665 0.9238810017704964
vt 0.07940900325775146 0.9235870018601418
vt 0.07892300188541412 0.9089049994945526
vt 0.07940900325775146 0.9235870018601418
vt 0.08854299783706665 0.9238810017704964
vt 0.08686400204896927 0.9379380010068417
vt 0.07763800024986267 0.9375899992883205
vt 0.07763800024986267 0.9375899992883205
vt 0.08686400204896927 0.9379380010068417
vt 0.08389399945735931 0.9996939999982715
vt 0.07510100305080414 0.9996939999982715
vt 0.2545650005340576 0.26674002408981323
vt 0.2491379976272583 0.26305800676345825
vt 0.258433997631073 0.26152700185775757
vt 0.258433997631073 0.2654470205307007
vt 0.25843900442123413 0.23486000299453735
vt 0.258433997631073 0.2566649913787842
vt 0.1431020051240921 0.748429000377655
vt 0.15609900653362274 0.748429000377655
vt 0.12858299911022186 0.748429000377655
vt 0.11309199780225754 0.748429000377655
vt 0.09673099964857101 0.748429000377655
vt 0.0809829980134964 0.748429000377655
vt 0.06694699823856354 0.748429000377655
vt 0.27723199129104614 0.0788390040397644
vt 0.27476099133491516 0.0788390040397644
vt 0.05166099965572357 0.748429000377655
vt 0.06694699823856354 0.748429000377655
vt 0.03134400025010109 0.748429000377655
vt 0.38429200649261475 0.17667800188064575
vt 0.3841469883918762 0.17960798740386963
vt 0.3841879963874817 0.17275899648666382
vt 0.38429200649261475 0.17667800188064575
vt 0.2584350109100342 0.2693660259246826
vt 0.28615498542785645 0.07853299379348755
vt 0.284294992685318 0.07851302623748779
vt 0.28139999508857727 0.07846802473068237
vt 0.284294992685318 0.07851302623748779
vt 0.04641899839043617 0.37484902143478394
vt 0.031787000596523285 0.37484800815582275
vt 0.06694699823856354 0.37484902143478394
vt 0.311491996049881 0.17400002479553223
vt 0.31034600734710693 0.1753290295600891
vt 0.07813700288534164 0.37484902143478394
vt 0.06694699823856354 0.37484902143478394
vt 0.08616200089454651 0.37484800815582275
vt 0.09449999779462814 0.3748469948768616
vt 0.12864400446414948 0.37484800815582275
vt 0.1458200067281723 0.37484902143478394
vt 0.15609900653362274 0.37484997510910034
vt 0.2585650086402893 0.35305899381637573
vt 0.25857099890708923 0.3589940071105957
vt 0.2585020065307617 0.33840101957321167
vt 0.05035800114274025 0.2495020031929016
vt 0.031787000596523285 0.2495020031929016
vt 0.031787000596523285 0.3163139820098877
vt 0.04713999852538109 0.32922202348709106
vt 0.05035800114274025 0.6242969930171967
vt 0.050259001553058624 0.7054640054702759
vt 0.03134400025010109 0.7054640054702759
vt 0.03134400025010109 0.6242969930171967
vt 0.05035800114274025 0.5932010114192963
vt 0.05035800114274025 0.6242170035839081
vt 0.03134400025010109 0.6242170035839081
vt 0.03134400025010109 0.5954740047454834
vt 0.29821398854255676 0.16488999128341675
vt 0.284961998462677 0.15141600370407104
vt 0.2867699861526489 0.15048402547836304
vt 0.29951998591423035 0.16367799043655396
vt 0.2697719931602478 0.11377102136611938
vt 0.2721650004386902 0.11308598518371582
vt 0.2716880142688751 0.12570202350616455
vt 0.26969701051712036 0.1266459822654724
vt 0.2718670070171356 0.09395098686218262
vt 0.2740060091018677 0.09374099969863892
vt 0.3917759954929352 0.09681999683380127
vt 0.37028300762176514 0.09643298387527466
vt 0.370525985956192 0.09299397468566895
vt 0.3918299973011017 0.09496402740478516
vt 0.2733139991760254 0.0863950252532959
vt 0.2756190001964569 0.08629000186920166
vt 0.30550599098205566 0.1688389778137207
vt 0.30428001284599304 0.17010897397994995
vt 0.031787000596523285 0.3469799757003784
vt 0.046778999269008636 0.35332298278808594
vt 0.05035800114274025 0.5511600077152252
vt 0.05035800114274025 0.5756100118160248
vt 0.03134400025010109 0.5746920108795166
vt 0.03134400025010109 0.5483559966087341
vt 0.2743630111217499 0.13380801677703857
vt 0.27870601415634155 0.14111101627349854
vt 0.2766689956188202 0.14195501804351807
vt 0.2723410129547119 0.1347060203552246
vt 0.05035800114274025 0.5002120137214661
vt 0.05035800114274025 0.5511600077152252
vt 0.03134400025010109 0.5483559966087341
vt 0.031787000596523285 0.5002120137214661
vt 0.14521999657154083 0.3122590184211731
vt 0.12917500734329224 0.3111079931259155
vt 0.12891000509262085 0.344294011592865
vt 0.14552000164985657 0.3448519706726074
vt 0.14208100736141205 0.2495020031929016
vt 0.12447900325059891 0.2495020031929016
vt 0.12447900325059891 0.5002120137214661
vt 0.14208100736141205 0.5002120137214661
vt 0.13684199750423431 0.5204060077667236
vt 0.12103600054979324 0.534756988286972
vt 0.12118600308895111 0.5931310057640076
vt 0.11472400277853012 0.5640870034694672
vt 0.14068999886512756 0.5619930028915405
vt 0.13918599486351013 0.6053560078144073
vt 0.13918599486351013 0.6053560078144073
vt 0.138387992978096 0.6242170035839081
vt 0.11866699904203415 0.6242170035839081
vt 0.12118600308895111 0.5931310057640076
vt 0.14148299396038055 0.6680069863796234
vt 0.12491399794816971 0.6754139959812164
vt 0.11866699904203415 0.6242969930171967
vt 0.138387992978096 0.6242969930171967
vt 0.14229300618171692 0.7079389989376068
vt 0.12674899399280548 0.7117579877376556
vt 0.27292001247406006 0.35216301679611206
vt 0.28778499364852905 0.3512669801712036
vt 0.28789401054382324 0.3589940071105957
vt 0.2729719877243042 0.3589940071105957
vt 0.3030019998550415 0.34085601568222046
vt 0.3097360134124756 0.3589940071105957
vt 0.31259599328041077 0.3212140202522278
vt 0.3149999976158142 0.28707200288772583
vt 0.3201180100440979 0.23486000299453735
vt 0.3201180100440979 0.3044379949569702
vt 0.3137179911136627 0.3040270209312439
vt 0.3083069920539856 0.23486000299453735
vt 0.30275800824165344 0.26686298847198486
vt 0.2835099995136261 0.26488202810287476
vt 0.2882860004901886 0.23486000299453735
vt 0.27084800601005554 0.2607730031013489
vt 0.2732340097427368 0.23486000299453735
vt 0.06694699823856354 0.34494102001190186
vt 0.06694699823856354 0.3611000180244446
vt 0.06694699823856354 0.2495020031929016
vt 0.06694699823856354 0.5002120137214661
vt 0.06694699823856354 0.5623809993267059
vt 0.05035800114274025 0.5511600077152252
vt 0.05035800114274025 0.5002120137214661
vt 0.06694699823856354 0.5623809993267059
vt 0.06694699823856354 0.5761460065841675
vt 0.05035800114274025 0.5756100118160248
vt 0.05035800114274025 0.5511600077152252
vt 0.06694699823856354 0.5904290080070496
vt 0.06694699823856354 0.6242170035839081
vt 0.05035800114274025 0.6242170035839081
vt 0.05035800114274025 0.5932010114192963
vt 0.06694699823856354 0.6242969930171967
vt 0.06694699823856354 0.7054640054702759
vt 0.4073840081691742 0.09706199169158936
vt 0.0940679982304573 0.3383749723434448
vt 0.09428399801254272 0.35817497968673706
vt 0.09302899986505508 0.2495020031929016
vt 0.09302899986505508 0.5002120137214661
vt 0.12447900325059891 0.5002120137214661
vt 0.12103600054979324 0.534756988286972
vt 0.09645000100135803 0.5607410073280334
vt 0.09645000100135803 0.5607410073280334
vt 0.12103600054979324 0.534756988286972
vt 0.11472400277853012 0.5640870034694672
vt 0.09803300350904465 0.5748530030250549
vt 0.11866699904203415 0.6242170035839081
vt 0.09993299841880798 0.6242170035839081
vt 0.09779199957847595 0.588115006685257
vt 0.12118600308895111 0.5931310057640076
vt 0.11260099709033966 0.6972259879112244
vt 0.09993299841880798 0.6242969930171967
vt 0.11284700036048889 0.7228359878063202
vt 0.15609900653362274 0.5951479971408844
vt 0.13918599486351013 0.6053560078144073
vt 0.14068999886512756 0.5619930028915405
vt 0.15609900653362274 0.5607419908046722
vt 0.15609900653362274 0.6242170035839081
vt 0.138387992978096 0.6242170035839081
vt 0.13918599486351013 0.6053560078144073
vt 0.15609900653362274 0.5951479971408844
vt 0.15609900653362274 0.6242969930171967
vt 0.15609900653362274 0.6673929989337921
vt 0.15609900653362274 0.707516998052597
vt 0.15609900653362274 0.3444820046424866
vt 0.15609900653362274 0.31184500455856323
vt 0.15609900653362274 0.2495020031929016
vt 0.15609900653362274 0.5002120137214661
vt 0.15609900653362274 0.527662992477417
vt 0.13684199750423431 0.5204060077667236
vt 0.14208100736141205 0.5002120137214661
vt 0.09779199957847595 0.588115006685257
vt 0.09803300350904465 0.5748530030250549
vt 0.11472400277853012 0.5640870034694672
vt 0.12118600308895111 0.5931310057640076
vt 0.06694699823856354 0.5761460065841675
vt 0.06694699823856354 0.5904290080070496
vt 0.05035800114274025 0.5932010114192963
vt 0.05035800114274025 0.5756100118160248
vt 0.05035800114274025 0.5756100118160248
vt 0.05035800114274025 0.5932010114192963
vt 0.03134400025010109 0.5954740047454834
vt 0.03134400025010109 0.5746920108795166
vt 0.14068999886512756 0.5619930028915405
vt 0.11472400277853012 0.5640870034694672
vt 0.12103600054979324 0.534756988286972
vt 0.13684199750423431 0.5204060077667236
vt 0.14068999886512756 0.5619930028915405
vt 0.13684199750423431 0.5204060077667236
vt 0.15609900653362274 0.527662992477417
vt 0.15609900653362274 0.5607419908046722
vt 0.3201180100440979 0.3589940071105957
vt 0.2583470046520233 0.30261802673339844
vt 0.258186012506485 0.2693660259246826
vt 0.2761000096797943 0.2735009789466858
vt 0.2879050076007843 0.30408602952957153
vt 0.2969430088996887 0.3051949739456177
vt 0.3026120066642761 0.3045169711112976
vt 0.26953500509262085 0.3358280062675476
vt 0.28095200657844543 0.33325499296188354
vt 0.36927399039268494 0.09641802310943604
vt 0.29856398701667786 0.09609800577163696
vt 0.36943599581718445 0.09307998418807983
vt 0.36031800508499146 0.062418997287750244
vt 0.36885198950767517 0.07938802242279053
vt 0.30093100666999817 0.07355701923370361
vt 0.3116289973258972 0.05740499496459961
vt 0.3461360037326813 0.04829001426696777
vt 0.32378900051116943 0.0481569766998291
vt 0.33622199296951294 0.04634499549865723
vt 0.06694699823856354 0.7273580133914948
vt 0.0509600006043911 0.7259170114994049
vt 0.03134400025010109 0.7272630035877228
vt 0.36943599581718445 0.09307998418807983
vt 0.36927399039268494 0.09641802310943604
vt 0.36779800057411194 0.1761770248413086
vt 0.3668439984321594 0.17929202318191528
vt 0.3754960000514984 0.17944997549057007
vt 0.37604498863220215 0.17642802000045776
vt 0.2823779881000519 0.0925760269165039
vt 0.28335699439048767 0.10668402910232544
vt 0.28635600209236145 0.1052510142326355
vt 0.2853260040283203 0.09188199043273926
vt 0.3452030122280121 0.17121201753616333
vt 0.34334999322891235 0.17413097620010376
vt 0.2907949984073639 0.1292409896850586
vt 0.29362601041793823 0.12694799900054932
vt 0.32278499007225037 0.1622670292854309
vt 0.31993401050567627 0.16506201028823853
vt 0.29972800612449646 0.14580100774765015
vt 0.3026230037212372 0.14303600788116455
vt 0.3100549876689911 0.1572679877281189
vt 0.312949001789093 0.15430599451065063
vt 0.3691439926624298 0.08623397350311279
vt 0.2997469902038574 0.08482801914215088
vt 0.30144599080085754 0.1215670108795166
vt 0.30088499188423157 0.12751299142837524
vt 0.2924230098724365 0.0981370210647583
vt 0.294281005859375 0.09783798456192017
vt 0.2891870141029358 0.07995802164077759
vt 0.29108700156211853 0.07995802164077759
vt 0.3452030122280121 0.17121201753616333
vt 0.36779800057411194 0.1761770248413086
vt 0.36800798773765564 0.17423301935195923
vt 0.34573298692703247 0.16945499181747437
vt 0.28635600209236145 0.1052510142326355
vt 0.29362601041793823 0.12694799900054932
vt 0.29531800746917725 0.12620198726654053
vt 0.28825700283050537 0.10485702753067017
vt 0.32278499007225037 0.1622670292854309
vt 0.32378700375556946 0.16056501865386963
vt 0.3026230037212372 0.14303600788116455
vt 0.30423200130462646 0.14191001653671265
vt 0.312949001789093 0.15430599451065063
vt 0.3142409920692444 0.15294897556304932
vt 0.3035919964313507 0.126118004322052
vt 0.30088499188423157 0.12751299142837524
vt 0.30144599080085754 0.1215670108795166
vt 0.30229100584983826 0.12247097492218018
vt 0.37604498863220215 0.17642802000045776
vt 0.37609800696372986 0.17349600791931152
vt 0.2853260040283203 0.09188199043273926
vt 0.2872059941291809 0.09169501066207886
vt 0.06694699823856354 0.7054640054702759
vt 0.08314099907875061 0.7033309936523438
vt 0.0820619985461235 0.7261790037155151
vt 0.06694699823856354 0.7273580133914948
vt 0.06694699823856354 0.6242969930171967
vt 0.07536599785089493 0.6242969930171967
vt 0.07536599785089493 0.6242170035839081
vt 0.06694699823856354 0.6242170035839081
vt 0.06694699823856354 0.5904290080070496
vt 0.07892300188541412 0.590135008096695
vt 0.07892300188541412 0.590135008096695
vt 0.06694699823856354 0.5904290080070496
vt 0.06694699823856354 0.5761460065841675
vt 0.07940900325775146 0.5754530131816864
vt 0.06694699823856354 0.5761460065841675
vt 0.06694699823856354 0.5623809993267059
vt 0.07763800024986267 0.5614500045776367
vt 0.07940900325775146 0.5754530131816864
vt 0.07510100305080414 0.5002120137214661
vt 0.07763800024986267 0.5614500045776367
vt 0.06694699823856354 0.5623809993267059
vt 0.06694699823856354 0.5002120137214661
vt 0.06694699823856354 0.2495020031929016
vt 0.06694699823856354 0.34494102001190186
vt 0.07828100025653839 0.34312301874160767
vt 0.07510100305080414 0.2495020031929016
vt 0.06694699823856354 0.3611000180244446
vt 0.07820899784564972 0.36024099588394165
vt 0.09758900105953217 0.7003369927406311
vt 0.09715999662876129 0.7245390117168427
vt 0.08741500228643417 0.6242969930171967
vt 0.08741500228643417 0.6242170035839081
vt 0.08817700296640396 0.5891439914703369
vt 0.09779199957847595 0.588115006685257
vt 0.09993299841880798 0.6242170035839081
vt 0.09779199957847595 0.588115006685257
vt 0.08817700296640396 0.5891439914703369
vt 0.08854299783706665 0.5751590132713318
vt 0.09803300350904465 0.5748530030250549
vt 0.08854299783706665 0.5751590132713318
vt 0.08686400204896927 0.5611020028591156
vt 0.09645000100135803 0.5607410073280334
vt 0.09803300350904465 0.5748530030250549
vt 0.09302899986505508 0.5002120137214661
vt 0.09645000100135803 0.5607410073280334
vt 0.08686400204896927 0.5611020028591156
vt 0.08389399945735931 0.5002120137214661
vt 0.08389399945735931 0.2495020031929016
vt 0.08602400124073029 0.34079402685165405
vt 0.0860930010676384 0.3592280149459839
vt 0.08741500228643417 0.6242170035839081
vt 0.07536599785089493 0.6242170035839081
vt 0.07892300188541412 0.590135008096695
vt 0.08817700296640396 0.5891439914703369
vt 0.08817700296640396 0.5891439914703369
vt 0.07892300188541412 0.590135008096695
vt 0.07940900325775146 0.5754530131816864
vt 0.08854299783706665 0.5751590132713318
vt 0.07940900325775146 0.5754530131816864
vt 0.07763800024986267 0.5614500045776367
vt 0.08686400204896927 0.5611020028591156
vt 0.08854299783706665 0.5751590132713318
vt 0.07763800024986267 0.5614500045776367
vt 0.07510100305080414 0.5002120137214661
vt 0.08389399945735931 0.5002120137214661
vt 0.08686400204896927 0.5611020028591156
vt 0.26205500960350037 0.26674002408981323
vt 0.258186012506485 0.2654470205307007
vt 0.2581869959831238 0.26152700185775757
vt 0.2674820125102997 0.26305800676345825
vt 0.2581869959831238 0.2566649913787842
vt 0.25818198919296265 0.23486000299453735
vt 0.15609900653362274 0.748429000377655
vt 0.1431020051240921 0.748429000377655
vt 0.12858299911022186 0.748429000377655
vt 0.11309199780225754 0.748429000377655
vt 0.09673099964857101 0.748429000377655
vt 0.0809829980134964 0.748429000377655
vt 0.06694699823856354 0.748429000377655
vt 0.27476099133491516 0.0788390040397644
vt 0.27723199129104614 0.0788390040397644
vt 0.06694699823856354 0.748429000377655
vt 0.05166099965572357 0.748429000377655
vt 0.03134400025010109 0.748429000377655
vt 0.3841469883918762 0.17960798740386963
vt 0.38429200649261475 0.17667800188064575
vt 0.38429200649261475 0.17667800188064575
vt 0.3841879963874817 0.17275899648666382
vt 0.258186012506485 0.2693660259246826
vt 0.28615498542785645 0.07853299379348755
vt 0.284294992685318 0.07851302623748779
vt 0.28139999508857727 0.07846802473068237
vt 0.284294992685318 0.07851302623748779
vt 0.04641899839043617 0.37486499547958374
vt 0.031787000596523285 0.3748660087585449
vt 0.06694699823856354 0.37486499547958374
vt 0.311491996049881 0.17400002479553223
vt 0.31034600734710693 0.1753290295600891
vt 0.06694699823856354 0.37486499547958374
vt 0.07813700288534164 0.37486499547958374
vt 0.08616200089454651 0.3748660087585449
vt 0.09449999779462814 0.3748670220375061
vt 0.12864400446414948 0.37486499547958374
vt 0.1458200067281723 0.37486499547958374
vt 0.15609900653362274 0.37486398220062256
vt 0.2580550014972687 0.35305899381637573
vt 0.25804901123046875 0.3589940071105957
vt 0.25811800360679626 0.33840101957321167
vt 0.284961998462677 0.15141600370407104
vt 0.284961998462677 0.15141600370407104
vt 0.29821398854255676 0.16488999128341675
vt 0.29821398854255676 0.16488999128341675
vt 0.2867699861526489 0.15048402547836304
vt 0.29951998591423035 0.16367799043655396
vt 0.29951998591423035 0.16367799043655396
vt 0.2867699861526489 0.15048402547836304
vt 0.2697719931602478 0.11377102136611938
vt 0.2697719931602478 0.11377102136611938
vt 0.26969701051712036 0.1266459822654724
vt 0.26969701051712036 0.1266459822654724
vt 0.2721650004386902 0.11308598518371582
vt 0.2716880142688751 0.12570202350616455
vt 0.2716880142688751 0.12570202350616455
vt 0.2721650004386902 0.11308598518371582
vt 0.2718670070171356 0.09395098686218262
vt 0.2718670070171356 0.09395098686218262
vt 0.2740060091018677 0.09374099969863892
vt 0.2740060091018677 0.09374099969863892
vt 0.2733139991760254 0.0863950252532959
vt 0.2733139991760254 0.0863950252532959
vt 0.2756190001964569 0.08629000186920166
vt 0.2756190001964569 0.08629000186920166
vt 0.30428001284599304 0.17010897397994995
vt 0.30428001284599304 0.17010897397994995
vt 0.30550599098205566 0.1688389778137207
vt 0.30550599098205566 0.1688389778137207
vt 0.27870601415634155 0.14111101627349854
vt 0.27870601415634155 0.14111101627349854
vt 0.2743630111217499 0.13380801677703857
vt 0.2743630111217499 0.13380801677703857
vt 0.2723410129547119 0.1347060203552246
vt 0.2723410129547119 0.1347060203552246
vt 0.2766689956188202 0.14195501804351807
vt 0.2766689956188202 0.14195501804351807
vt 0.27476099133491516 0.0788390040397644
vt 0.27476099133491516 0.0788390040397644
vt 0.27723199129104614 0.0788390040397644
vt 0.27723199129104614 0.0788390040397644
vt 0.31034600734710693 0.1753290295600891
vt 0.31034600734710693 0.1753290295600891
vt 0.311491996049881 0.17400002479553223
vt 0.311491996049881 0.17400002479553223
vt 0.2867699861526489 0.15048402547836304
vt 0.2867699861526489 0.15048402547836304
vt 0.29951998591423035 0.16367799043655396
vt 0.29951998591423035 0.16367799043655396
vt 0.284961998462677 0.15141600370407104
vt 0.29821398854255676 0.16488999128341675
vt 0.29821398854255676 0.16488999128341675
vt 0.284961998462677 0.15141600370407104
vt 0.2721650004386902 0.11308598518371582
vt 0.2721650004386902 0.11308598518371582
vt 0.2716880142688751 0.12570202350616455
vt 0.2716880142688751 0.12570202350616455
vt 0.2697719931602478 0.11377102136611938
vt 0.26969701051712036 0.1266459822654724
vt 0.26969701051712036 0.1266459822654724
vt 0.2697719931602478 0.11377102136611938
vt 0.2740060091018677 0.09374099969863892
vt 0.2740060091018677 0.09374099969863892
vt 0.2718670070171356 0.09395098686218262
vt 0.2718670070171356 0.09395098686218262
vt 0.2756190001964569 0.08629000186920166
vt 0.2756190001964569 0.08629000186920166
vt 0.2733139991760254 0.0863950252532959
vt 0.2733139991760254 0.0863950252532959
vt 0.30550599098205566 0.1688389778137207
vt 0.30550599098205566 0.1688389778137207
vt 0.30428001284599304 0.17010897397994995
vt 0.30428001284599304 0.17010897397994995
vt 0.2766689956188202 0.14195501804351807
vt 0.2766689956188202 0.14195501804351807
vt 0.2723410129547119 0.1347060203552246
vt 0.2723410129547119 0.1347060203552246
vt 0.2743630111217499 0.13380801677703857
vt 0.2743630111217499 0.13380801677703857
vt 0.27870601415634155 0.14111101627349854
vt 0.27870601415634155 0.14111101627349854
vt 0.27723199129104614 0.0788390040397644
vt 0.27723199129104614 0.0788390040397644
vt 0.27476099133491516 0.0788390040397644
vt 0.27476099133491516 0.0788390040397644
vt 0.311491996049881 0.17400002479553223
vt 0.311491996049881 0.17400002479553223
vt 0.31034600734710693 0.1753290295600891
vt 0.31034600734710693 0.1753290295600891
vt 0.3805379867553711 0.04825901985168457
vt 0.40135300159454346 0.06861597299575806
vt 0.4020040035247803 0.062268972396850586
vt 0.3825939893722534 0.04176902770996094
vt 0.3440389931201935 0.03845500946044922
vt 0.3443790078163147 0.031871020793914795
vt 0.31145501136779785 0.04170799255371094
vt 0.3056899905204773 0.03541398048400879
vt 0.29381901025772095 0.050157010555267334
vt 0.29726800322532654 0.055078983306884766
vt 0.38717201352119446 0.026516973972320557
vt 0.40185099840164185 0.042107999324798584
vt 0.40277600288391113 0.04051101207733154
vt 0.38758501410484314 0.02492302656173706
vt 0.3793500065803528 0.05012798309326172
vt 0.3998950123786926 0.07086402177810669
vt 0.4040899872779846 0.07008802890777588
vt 0.407133013010025 0.06310701370239258
vt 0.3439970016479492 0.01729297637939453
vt 0.3439129889011383 0.019304990768432617
vt 0.34345701336860657 0.04116702079772949
vt 0.2965719997882843 0.020479977130889893
vt 0.2970530092716217 0.022580981254577637
vt 0.3130280077457428 0.04408997297286987
vt 0.28047698736190796 0.036566972732543945
vt 0.2823050022125244 0.038085997104644775
vt 0.29892799258232117 0.056671977043151855
vt 0.4040380120277405 0.05301600694656372
vt 0.40877899527549744 0.05193197727203369
vt 0.3858180046081543 0.032216012477874756
vt 0.34402400255203247 0.02466297149658203
vt 0.29951798915863037 0.027859985828399658
vt 0.287418007850647 0.0422629714012146
vt 0.4032770097255707 0.04086500406265259
vt 0.2685770094394684 0.05622899532318115
vt 0.266959011554718 0.054817020893096924
vt 0.27306899428367615 0.06007200479507446
vt 0.28112900257110596 0.06636899709701538
vt 0.2850069999694824 0.06933701038360596
vt 0.2870180010795593 0.07086402177810669
vt 0.3805379867553711 0.04825901985168457
vt 0.3825939893722534 0.04176902770996094
vt 0.4020040035247803 0.062268972396850586
vt 0.40135300159454346 0.06861597299575806
vt 0.3440389931201935 0.03845500946044922
vt 0.3443790078163147 0.031871020793914795
vt 0.31145501136779785 0.04170799255371094
vt 0.3056899905204773 0.03541398048400879
vt 0.29381901025772095 0.050157010555267334
vt 0.29726800322532654 0.055078983306884766
vt 0.38717201352119446 0.026516973972320557
vt 0.38758501410484314 0.02492302656173706
vt 0.40277600288391113 0.04051101207733154
vt 0.40185099840164185 0.042107999324798584
vt 0.3998950123786926 0.07086402177810669
vt 0.3793500065803528 0.05012798309326172
vt 0.407133013010025 0.06310701370239258
vt 0.4040899872779846 0.07008802890777588
vt 0.3439970016479492 0.01729297637939453
vt 0.3439129889011383 0.019304990768432617
vt 0.34345701336860657 0.04116702079772949
vt 0.2965719997882843 0.020479977130889893
vt 0.2970530092716217 0.022580981254577637
vt 0.3130280077457428 0.04408997297286987
vt 0.28047698736190796 0.036566972732543945
vt 0.2823050022125244 0.038085997104644775
vt 0.29892799258232117 0.056671977043151855
vt 0.4040380120277405 0.05301600694656372
vt 0.40877899527549744 0.05193197727203369
vt 0.3858180046081543 0.032216012477874756
vt 0.34402400255203247 0.02466297149658203
vt 0.29951798915863037 0.027859985828399658
vt 0.287418007850647 0.0422629714012146
vt 0.4032770097255707 0.04086500406265259
vt 0.2685770094394684 0.05622899532318115
vt 0.266959011554718 0.054817020893096924
vt 0.27306899428367615 0.06007200479507446
vt 0.28112900257110596 0.06636899709701538
vt 0.2850069999694824 0.06933701038360596
vt 0.2870180010795593 0.07086402177810669
vt 0.40175798535346985 0.11898297071456909
vt 0.40560901165008545 0.1177319884300232
vt 0.40560901165008545 0.13090097904205322
vt 0.40175798535346985 0.12964999675750732
vt 0.39786800742149353 0.14155501127243042
vt 0.3954879939556122 0.1382799744606018
vt 0.3853429853916168 0.14562499523162842
vt 0.3853429853916168 0.14157599210739136
vt 0.3728179931640625 0.14155501127243042
vt 0.37519800662994385 0.1382799744606018
vt 0.3650769889354706 0.13090097904205322
vt 0.3689279854297638 0.12964999675750732
vt 0.36507800221443176 0.1177319884300232
vt 0.3689279854297638 0.11898297071456909
vt 0.3728179931640625 0.10707801580429077
vt 0.37519800662994385 0.11035299301147461
vt 0.3853429853916168 0.103007972240448
vt 0.3853429853916168 0.10705602169036865
vt 0.39786800742149353 0.10707801580429077
vt 0.3954879939556122 0.11035299301147461
vt 0.39790698885917664 0.12023401260375977
vt 0.39790698885917664 0.12839901447296143
vt 0.3931080102920532 0.1350039839744568
vt 0.3853429853916168 0.1375269889831543
vt 0.3775779902935028 0.1350039839744568
vt 0.3727790117263794 0.12839901447296143
vt 0.3727790117263794 0.12023401260375977
vt 0.3775779902935028 0.11362898349761963
vt 0.3853429853916168 0.11110597848892212
vt 0.3931080102920532 0.11362898349761963
vt 0.39214301109313965 0.12210702896118164
vt 0.39214301109313965 0.12652599811553955
vt 0.3895449936389923 0.13010001182556152
vt 0.3853429853916168 0.13146597146987915
vt 0.3811410069465637 0.13010001182556152
vt 0.3785429894924164 0.12652599811553955
vt 0.37854400277137756 0.12210702896118164
vt 0.3811410069465637 0.11853200197219849
vt 0.3853429853916168 0.11716699600219727
vt 0.3895449936389923 0.11853200197219849
vt 0.3853429853916168 0.12431597709655762
vt 0.40175798535346985 0.11898297071456909
vt 0.40560901165008545 0.1177319884300232
vt 0.40560901165008545 0.13090097904205322
vt 0.40175798535346985 0.12964999675750732
vt 0.39786800742149353 0.14155501127243042
vt 0.3954879939556122 0.1382799744606018
vt 0.3853429853916168 0.14562499523162842
vt 0.3853429853916168 0.14157599210739136
vt 0.3728179931640625 0.14155501127243042
vt 0.37519800662994385 0.1382799744606018
vt 0.3650769889354706 0.13090097904205322
vt 0.3689279854297638 0.12964999675750732
vt 0.36507800221443176 0.1177319884300232
vt 0.3689279854297638 0.11898297071456909
vt 0.3728179931640625 0.10707801580429077
vt 0.37519800662994385 0.11035299301147461
vt 0.3853429853916168 0.103007972240448
vt 0.3853429853916168 0.10705602169036865
vt 0.39786800742149353 0.10707801580429077
vt 0.3954879939556122 0.11035299301147461
vt 0.39790698885917664 0.12023401260375977
vt 0.39790698885917664 0.12839901447296143
vt 0.3931080102920532 0.1350039839744568
vt 0.3853429853916168 0.1375269889831543
vt 0.3775779902935028 0.1350039839744568
vt 0.3727790117263794 0.12839901447296143
vt 0.3727790117263794 0.12023401260375977
vt 0.3775779902935028 0.11362898349761963
vt 0.3853429853916168 0.11110597848892212
vt 0.3931080102920532 0.11362898349761963
vt 0.39214301109313965 0.12210702896118164
vt 0.39214301109313965 0.12652599811553955
vt 0.3895449936389923 0.13010001182556152
vt 0.3853429853916168 0.13146597146987915
vt 0.3811410069465637 0.13010001182556152
vt 0.3785429894924164 0.12652599811553955
vt 0.37854400277137756 0.12210702896118164
vt 0.3811410069465637 0.11853200197219849
vt 0.3853429853916168 0.11716699600219727
vt 0.3895449936389923 0.11853200197219849
vt 0.3853429853916168 0.12431597709655762
vt 0.40175798535346985 0.11898297071456909
vt 0.40560901165008545 0.1177319884300232
vt 0.40560901165008545 0.13090097904205322
vt 0.40175798535346985 0.12964999675750732
vt 0.39786800742149353 0.14155501127243042
vt 0.3954879939556122 0.1382799744606018
vt 0.3853429853916168 0.14562499523162842
vt 0.3853429853916168 0.14157599210739136
vt 0.3728179931640625 0.14155501127243042
vt 0.37519800662994385 0.1382799744606018
vt 0.3650769889354706 0.13090097904205322
vt 0.3689279854297638 0.12964999675750732
vt 0.36507800221443176 0.1177319884300232
vt 0.3689279854297638 0.11898297071456909
vt 0.3728179931640625 0.10707801580429077
vt 0.37519800662994385 0.11035299301147461
vt 0.3853429853916168 0.103007972240448
vt 0.3853429853916168 0.10705602169036865
vt 0.39786800742149353 0.10707801580429077
vt 0.3954879939556122 0.11035299301147461
vt 0.39790698885917664 0.12023401260375977
vt 0.39790698885917664 0.12839901447296143
vt 0.3931080102920532 0.1350039839744568
vt 0.3853429853916168 0.1375269889831543
vt 0.3775779902935028 0.1350039839744568
vt 0.3727790117263794 0.12839901447296143
vt 0.3727790117263794 0.12023401260375977
vt 0.3775779902935028 0.11362898349761963
vt 0.3853429853916168 0.11110597848892212
vt 0.3931080102920532 0.11362898349761963
vt 0.39214301109313965 0.12210702896118164
vt 0.39214301109313965 0.12652599811553955
vt 0.3895449936389923 0.13010001182556152
vt 0.3853429853916168 0.13146597146987915
vt 0.3811410069465637 0.13010001182556152
vt 0.3785429894924164 0.12652599811553955
vt 0.37854400277137756 0.12210702896118164
vt 0.3811410069465637 0.11853200197219849
vt 0.3853429853916168 0.11716699600219727
vt 0.3895449936389923 0.11853200197219849
vt 0.3853429853916168 0.12431597709655762

usemtl Material

f 1/1/1 2/2/2 3/3/3
f 3/3/3 4/4/4 1/1/1
f 5/5/5 6/6/6 7/7/7
f 7/7/7 8/8/8 5/5/5
f 9/9/9 10/10/10 11/11/11
f 11/11/11 12/12/12 9/9/9
f 13/13/13 14/14/14 15/15/15
f 15/15/15 16/16/16 13/13/13
f 17/17/17 18/18/18 19/19/19
f 19/19/19 20/20/20 17/17/17
f 18/18/18 21/21/21 22/22/22
f 22/22/22 19/19/19 18/18/18
f 23/23/23 24/24/24 25/25/25
f 25/25/25 26/26/26 23/23/23
f 27/27/27 28/28/28 22/22/22
f 22/22/22 21/21/21 27/27/27
f 29/29/29 14/14/14 13/13/13
f 13/13/13 30/30/30 29/29/29
f 31/31/31 1/1/1 4/4/4
f 4/4/4 32/32/32 31/31/31
f 33/33/33 34/34/34 35/35/35
f 35/35/35 36/36/36 33/33/33
f 37/37/37 38/38/38 39/39/39
f 39/39/39 40/40/40 37/37/37
f 41/41/41 42/42/42 43/43/43
f 43/43/43 44/44/44 41/41/41
f 40/40/40 39/39/39 16/16/16
f 16/16/16 15/15/15 40/40/40
f 45/45/45 46/46/46 47/47/47
f 47/47/47 48/48/48 45/45/45
f 46/46/46 49/49/49 50/50/50
f 50/50/50 47/47/47 46/46/46
f 51/51/51 52/52/52 53/53/53
f 53/53/53 54/54/54 51/51/51
f 55/55/55 56/56/56 57/57/57
f 57/57/57 58/58/58 55/55/55
f 59/59/59 60/60/60 61/61/61
f 61/61/61 62/62/62 59/59/59
f 63/63/63 64/64/64 65/65/65
f 65/65/65 66/66/66 63/63/63
f 64/64/64 67/67/67 68/68/68
f 68/68/68 65/65/65 64/64/64
f 69/69/69 70/70/70 71/71/71
f 71/71/71 72/72/72 69/69/69
f 71/71/71 73/73/73 74/74/74
f 74/74/74 72/72/72 71/71/71
f 75/75/75 74/74/74 73/73/73
f 76/76/76 77/77/77 78/78/78
f 78/78/78 79/79/79 76/76/76
f 80/80/80 81/81/81 76/76/76
f 81/81/81 80/80/80 82/82/82
f 82/82/82 83/83/83 81/81/81
f 82/82/82 84/84/84 85/85/85
f 85/85/85 83/83/83 82/82/82
f 32/32/32 4/4/4 86/86/86
f 86/86/86 87/87/87 32/32/32
f 4/4/4 3/3/3 88/88/88
f 88/88/88 86/86/86 4/4/4
f 89/89/89 90/90/90 91/91/91
f 91/91/91 92/92/92 89/89/89
f 93/93/93 94/94/94 95/95/95
f 95/95/95 96/96/96 93/93/93
f 97/97/97 98/98/98 99/99/99
f 99/99/99 100/100/100 97/97/97
f 101/101/101 5/5/5 8/8/8
f 8/8/8 102/102/102 101/101/101
f 25/25/25 103/103/103 26/26/26
f 45/45/45 104/104/104 105/105/105
f 105/105/105 46/46/46 45/45/45
f 46/46/46 105/105/105 106/106/106
f 106/106/106 49/49/49 46/46/46
f 107/107/107 108/108/108 109/109/109
f 109/109/109 110/110/110 107/107/107
f 111/111/111 112/112/112 113/113/113
f 113/113/113 114/114/114 111/111/111
f 115/115/115 116/116/116 117/117/117
f 117/117/117 118/118/118 115/115/115
f 119/119/119 120/120/120 64/64/64
f 64/64/64 63/63/63 119/119/119
f 120/120/120 121/121/121 67/67/67
f 67/67/67 64/64/64 120/120/120
f 122/122/122 123/123/123 124/124/124
f 124/124/124 125/125/125 122/122/122
f 126/126/126 127/127/127 128/128/128
f 128/128/128 129/129/129 126/126/126
f 130/130/130 66/66/66 65/65/65
f 65/65/65 131/131/131 130/130/130
f 68/68/68 132/132/132 131/131/131
f 131/131/131 65/65/65 68/68/68
f 133/133/133 48/48/48 47/47/47
f 47/47/47 134/134/134 133/133/133
f 47/47/47 50/50/50 135/135/135
f 135/135/135 134/134/134 47/47/47
f 136/136/136 137/137/137 138/138/138
f 138/138/138 139/139/139 136/136/136
f 140/140/140 141/141/141 142/142/142
f 142/142/142 143/143/143 140/140/140
f 20/20/20 38/38/38 37/37/37
f 37/37/37 17/17/17 20/20/20
f 144/144/144 145/145/145 146/146/146
f 146/146/146 147/147/147 144/144/144
f 148/148/148 149/149/149 150/150/150
f 150/150/150 151/151/151 148/148/148
f 152/152/152 153/153/153 154/154/154
f 154/154/154 155/155/155 152/152/152
f 156/156/156 157/157/157 158/158/158
f 158/158/158 159/159/159 156/156/156
f 75/75/75 160/160/160 78/78/78
f 78/78/78 77/77/77 75/75/75
f 161/161/161 162/162/162 163/163/163
f 163/163/163 164/164/164 161/161/161
f 81/81/81 83/83/83 165/165/165
f 165/165/165 166/166/166 81/81/81
f 76/76/76 81/81/81 166/166/166
f 166/166/166 77/77/77 76/76/76
f 75/75/75 77/77/77 166/166/166
f 166/166/166 74/74/74 75/75/75
f 74/74/74 166/166/166 165/165/165
f 165/165/165 72/72/72 74/74/74
f 164/164/164 163/163/163 167/167/167
f 167/167/167 168/168/168 164/164/164
f 80/80/80 76/76/76 79/79/79
f 75/75/75 73/73/73 160/160/160
f 169/169/169 170/170/170 171/171/171
f 172/172/172 173/173/173 174/174/174
f 174/174/174 175/175/175 172/172/172
f 175/175/175 174/174/174 176/176/176
f 176/176/176 177/177/177 175/175/175
f 178/178/178 177/177/177 176/176/176
f 102/102/102 8/8/8 179/179/179
f 179/179/179 180/180/180 102/102/102
f 7/7/7 181/181/181 179/179/179
f 179/179/179 8/8/8 7/7/7
f 182/182/182 183/183/183 24/24/24
f 24/24/24 23/23/23 182/182/182
f 184/184/184 185/185/185 186/186/186
f 186/186/186 187/187/187 184/184/184
f 188/188/188 189/189/189 190/190/190
f 190/190/190 191/191/191 188/188/188
f 192/192/192 184/184/184 187/187/187
f 187/187/187 193/193/193 192/192/192
f 194/194/194 195/195/195 189/189/189
f 189/189/189 188/188/188 194/194/194
f 196/196/196 192/192/192 193/193/193
f 193/193/193 197/197/197 196/196/196
f 198/198/198 199/199/199 195/195/195
f 195/195/195 194/194/194 198/198/198
f 200/200/200 201/201/201 199/199/199
f 199/199/199 198/198/198 200/200/200
f 200/200/200 196/196/196 197/197/197
f 197/197/197 201/201/201 200/200/200
f 172/172/172 202/202/202 203/203/203
f 203/203/203 173/173/173 172/172/172
f 204/204/204 205/205/205 206/206/206
f 206/206/206 207/207/207 204/204/204
f 208/208/208 209/209/209 206/206/206
f 206/206/206 205/205/205 208/208/208
f 210/210/210 211/211/211 212/212/212
f 212/212/212 213/213/213 210/210/210
f 214/214/214 215/215/215 216/216/216
f 216/216/216 217/217/217 214/214/214
f 213/213/213 212/212/212 218/218/218
f 218/218/218 219/219/219 213/213/213
f 214/214/214 220/220/220 221/221/221
f 221/221/221 215/215/215 214/214/214
f 222/222/222 223/223/223 221/221/221
f 221/221/221 220/220/220 222/222/222
f 219/219/219 218/218/218 223/223/223
f 223/223/223 222/222/222 219/219/219
f 224/224/224 225/225/225 226/226/226
f 226/226/226 227/227/227 224/224/224
f 210/210/210 228/228/228 229/229/229
f 229/229/229 211/211/211 210/210/210
f 217/217/217 216/216/216 230/230/230
f 230/230/230 231/231/231 217/217/217
f 232/232/232 233/233/233 234/234/234
f 234/234/234 235/235/235 232/232/232
f 235/235/235 236/236/236 237/237/237
f 237/237/237 232/232/232 235/235/235
f 238/238/238 239/239/239 240/240/240
f 240/240/240 241/241/241 238/238/238
f 242/242/242 243/243/243 244/244/244
f 244/244/244 245/245/245 242/242/242
f 246/246/246 247/247/247 248/248/248
f 248/248/248 249/249/249 246/246/246
f 250/250/250 251/251/251 252/252/252
f 252/252/252 253/253/253 250/250/250
f 254/254/254 255/255/255 256/256/256
f 256/256/256 257/257/257 254/254/254
f 258/258/258 259/259/259 255/255/255
f 255/255/255 254/254/254 258/258/258
f 260/260/260 261/261/261 121/121/121
f 121/121/121 120/120/120 260/260/260
f 119/119/119 262/262/262 260/260/260
f 260/260/260 120/120/120 119/119/119
f 263/263/263 264/264/264 265/265/265
f 265/265/265 266/266/266 263/263/263
f 267/267/267 268/268/268 269/269/269
f 269/269/269 270/270/270 267/267/267
f 271/271/271 272/272/272 273/273/273
f 273/273/273 274/274/274 271/271/271
f 275/275/275 276/276/276 277/277/277
f 277/277/277 278/278/278 275/275/275
f 105/105/105 279/279/279 280/280/280
f 280/280/280 106/106/106 105/105/105
f 104/104/104 281/281/281 279/279/279
f 279/279/279 105/105/105 104/104/104
f 235/235/235 234/234/234 261/261/261
f 261/261/261 260/260/260 235/235/235
f 260/260/260 262/262/262 236/236/236
f 236/236/236 235/235/235 260/260/260
f 282/282/282 283/283/283 284/284/284
f 284/284/284 285/285/285 282/282/282
f 286/286/286 287/287/287 288/288/288
f 288/288/288 289/289/289 286/286/286
f 290/290/290 291/291/291 292/292/292
f 292/292/292 293/293/293 290/290/290
f 294/294/294 295/295/295 296/296/296
f 296/296/296 297/297/297 294/294/294
f 279/279/279 254/254/254 257/257/257
f 257/257/257 280/280/280 279/279/279
f 281/281/281 258/258/258 254/254/254
f 254/254/254 279/279/279 281/281/281
f 298/298/298 299/299/299 300/300/300
f 300/300/300 301/301/301 298/298/298
f 84/84/84 302/302/302 303/303/303
f 303/303/303 85/85/85 84/84/84
f 304/304/304 305/305/305 132/132/132
f 132/132/132 68/68/68 304/304/304
f 306/306/306 304/304/304 68/68/68
f 68/68/68 67/67/67 306/306/306
f 121/121/121 307/307/307 306/306/306
f 306/306/306 67/67/67 121/121/121
f 261/261/261 308/308/308 307/307/307
f 307/307/307 121/121/121 261/261/261
f 234/234/234 309/309/309 308/308/308
f 308/308/308 261/261/261 234/234/234
f 233/233/233 310/310/310 309/309/309
f 309/309/309 234/234/234 233/233/233
f 311/311/311 312/312/312 28/28/28
f 28/28/28 27/27/27 311/311/311
f 180/180/180 179/179/179 313/313/313
f 313/313/313 314/314/314 180/180/180
f 179/179/179 181/181/181 315/315/315
f 315/315/315 313/313/313 179/179/179
f 185/185/185 316/316/316 317/317/317
f 317/317/317 186/186/186 185/185/185
f 228/228/228 318/318/318 319/319/319
f 319/319/319 229/229/229 228/228/228
f 299/299/299 85/85/85 303/303/303
f 303/303/303 300/300/300 299/299/299
f 301/301/301 320/320/320 298/298/298
f 202/202/202 171/171/171 170/170/170
f 170/170/170 203/203/203 202/202/202
f 321/321/321 231/231/231 230/230/230
f 230/230/230 322/322/322 321/321/321
f 191/191/191 190/190/190 323/323/323
f 323/323/323 324/324/324 191/191/191
f 31/31/31 32/32/32 325/325/325
f 325/325/325 326/326/326 31/31/31
f 325/325/325 32/32/32 87/87/87
f 87/87/87 327/327/327 325/325/325
f 328/328/328 29/29/29 30/30/30
f 30/30/30 329/329/329 328/328/328
f 330/330/330 331/331/331 259/259/259
f 259/259/259 258/258/258 330/330/330
f 281/281/281 332/332/332 330/330/330
f 330/330/330 258/258/258 281/281/281
f 333/333/333 332/332/332 281/281/281
f 281/281/281 104/104/104 333/333/333
f 104/104/104 45/45/45 334/334/334
f 334/334/334 333/333/333 104/104/104
f 45/45/45 48/48/48 335/335/335
f 335/335/335 334/334/334 45/45/45
f 335/335/335 48/48/48 133/133/133
f 133/133/133 336/336/336 335/335/335
f 70/70/70 69/69/69 337/337/337
f 337/337/337 338/338/338 70/70/70
f 163/163/163 339/339/339 167/167/167
f 340/340/340 341/341/341 342/342/342
f 342/342/342 343/343/343 340/340/340
f 344/344/344 345/345/345 346/346/346
f 346/346/346 347/347/347 344/344/344
f 348/348/348 349/349/349 350/350/350
f 350/350/350 351/351/351 348/348/348
f 352/352/352 353/353/353 354/354/354
f 354/354/354 355/355/355 352/352/352
f 356/356/356 357/357/357 358/358/358
f 358/358/358 359/359/359 356/356/356
f 360/360/360 361/361/361 357/357/357
f 357/357/357 356/356/356 360/360/360
f 362/362/362 363/363/363 364/364/364
f 364/364/364 365/365/365 362/362/362
f 360/360/360 366/366/366 367/367/367
f 367/367/367 361/361/361 360/360/360
f 352/352/352 355/355/355 368/368/368
f 368/368/368 369/369/369 352/352/352
f 343/343/343 342/342/342 370/370/370
f 370/370/370 371/371/371 343/343/343
f 372/372/372 373/373/373 374/374/374
f 374/374/374 375/375/375 372/372/372
f 376/376/376 377/377/377 378/378/378
f 378/378/378 379/379/379 376/376/376
f 380/380/380 381/381/381 382/382/382
f 382/382/382 383/383/383 380/380/380
f 353/353/353 378/378/378 377/377/377
f 377/377/377 354/354/354 353/353/353
f 384/384/384 385/385/385 386/386/386
f 386/386/386 387/387/387 384/384/384
f 388/388/388 389/389/389 385/385/385
f 385/385/385 384/384/384 388/388/388
f 390/390/390 391/391/391 392/392/392
f 392/392/392 393/393/393 390/390/390
f 394/394/394 395/395/395 396/396/396
f 396/396/396 397/397/397 394/394/394
f 398/398/398 399/399/399 400/400/400
f 400/400/400 401/401/401 398/398/398
f 402/402/402 403/403/403 404/404/404
f 404/404/404 405/405/405 402/402/402
f 403/403/403 402/402/402 406/406/406
f 406/406/406 407/407/407 403/403/403
f 408/408/408 409/409/409 410/410/410
f 410/410/410 411/411/411 408/408/408
f 412/412/412 413/413/413 410/410/410
f 410/410/410 409/409/409 412/412/412
f 414/414/414 413/413/413 412/412/412
f 415/415/415 416/416/416 417/417/417
f 417/417/417 418/418/418 415/415/415
f 419/419/419 415/415/415 420/420/420
f 420/420/420 421/421/421 422/422/422
f 422/422/422 419/419/419 420/420/420
f 422/422/422 421/421/421 423/423/423
f 423/423/423 424/424/424 422/422/422
f 425/425/425 343/343/343 371/371/371
f 371/371/371 426/426/426 425/425/425
f 427/427/427 340/340/340 343/343/343
f 343/343/343 425/425/425 427/427/427
f 428/428/428 429/429/429 430/430/430
f 430/430/430 431/431/431 428/428/428
f 432/432/432 433/433/433 434/434/434
f 434/434/434 435/435/435 432/432/432
f 436/436/436 437/437/437 438/438/438
f 438/438/438 439/439/439 436/436/436
f 440/440/440 441/441/441 345/345/345
f 345/345/345 344/344/344 440/440/440
f 362/362/362 365/365/365 442/442/442
f 386/386/386 385/385/385 443/443/443
f 443/443/443 444/444/444 386/386/386
f 385/385/385 389/389/389 445/445/445
f 445/445/445 443/443/443 385/385/385
f 446/446/446 447/447/447 448/448/448
f 448/448/448 449/449/449 446/446/446
f 450/450/450 451/451/451 452/452/452
f 452/452/452 453/453/453 450/450/450
f 454/454/454 455/455/455 456/456/456
f 456/456/456 457/457/457 454/454/454
f 403/403/403 458/458/458 459/459/459
f 459/459/459 404/404/404 403/403/403
f 458/458/458 403/403/403 407/407/407
f 407/407/407 460/460/460 458/458/458
f 461/461/461 462/462/462 463/463/463
f 463/463/463 464/464/464 461/461/461
f 465/465/465 466/466/466 467/467/467
f 467/467/467 468/468/468 465/465/465
f 469/469/469 470/470/470 402/402/402
f 402/402/402 405/405/405 469/469/469
f 470/470/470 471/471/471 406/406/406
f 406/406/406 402/402/402 470/470/470
f 472/472/472 473/473/473 384/384/384
f 384/384/384 387/387/387 472/472/472
f 474/474/474 388/388/388 384/384/384
f 384/384/384 473/473/473 474/474/474
f 475/475/475 476/476/476 477/477/477
f 477/477/477 478/478/478 475/475/475
f 479/479/479 480/480/480 481/481/481
f 481/481/481 482/482/482 479/479/479
f 359/359/359 358/358/358 376/376/376
f 376/376/376 379/379/379 359/359/359
f 483/483/483 484/484/484 485/485/485
f 485/485/485 486/486/486 483/483/483
f 487/487/487 488/488/488 489/489/489
f 489/489/489 490/490/490 487/487/487
f 491/491/491 492/492/492 493/493/493
f 493/493/493 494/494/494 491/491/491
f 495/495/495 496/496/496 497/497/497
f 497/497/497 498/498/498 495/495/495
f 417/417/417 499/499/499 414/414/414
f 414/414/414 418/418/418 417/417/417
f 500/500/500 501/501/501 502/502/502
f 502/502/502 503/503/503 500/500/500
f 504/504/504 421/421/421 420/420/420
f 420/420/420 505/505/505 504/504/504
f 505/505/505 420/420/420 415/415/415
f 415/415/415 418/418/418 505/505/505
f 414/414/414 412/412/412 505/505/505
f 505/505/505 418/418/418 414/414/414
f 412/412/412 409/409/409 504/504/504
f 504/504/504 505/505/505 412/412/412
f 506/506/506 500/500/500 503/503/503
f 503/503/503 507/507/507 506/506/506
f 419/419/419 416/416/416 415/415/415
f 414/414/414 499/499/499 413/413/413
f 508/508/508 509/509/509 510/510/510
f 511/511/511 512/512/512 513/513/513
f 513/513/513 514/514/514 511/511/511
f 515/515/515 511/511/511 514/514/514
f 514/514/514 516/516/516 515/515/515
f 517/517/517 515/515/515 516/516/516
f 441/441/441 518/518/518 519/519/519
f 519/519/519 345/345/345 441/441/441
f 519/519/519 520/520/520 346/346/346
f 346/346/346 345/345/345 519/519/519
f 521/521/521 364/364/364 363/363/363
f 363/363/363 522/522/522 521/521/521
f 523/523/523 524/524/524 525/525/525
f 525/525/525 526/526/526 523/523/523
f 527/527/527 528/528/528 529/529/529
f 529/529/529 530/530/530 527/527/527
f 531/531/531 532/532/532 524/524/524
f 524/524/524 523/523/523 531/531/531
f 528/528/528 533/533/533 534/534/534
f 534/534/534 529/529/529 528/528/528
f 535/535/535 536/536/536 532/532/532
f 532/532/532 531/531/531 535/535/535
f 533/533/533 537/537/537 538/538/538
f 538/538/538 534/534/534 533/533/533
f 537/537/537 539/539/539 540/540/540
f 540/540/540 538/538/538 537/537/537
f 540/540/540 539/539/539 536/536/536
f 536/536/536 535/535/535 540/540/540
f 541/541/541 542/542/542 513/513/513
f 513/513/513 512/512/512 541/541/541
f 543/543/543 544/544/544 545/545/545
f 545/545/545 546/546/546 543/543/543
f 545/545/545 547/547/547 548/548/548
f 548/548/548 546/546/546 545/545/545
f 549/549/549 550/550/550 551/551/551
f 551/551/551 552/552/552 549/549/549
f 553/553/553 554/554/554 555/555/555
f 555/555/555 556/556/556 553/553/553
f 557/557/557 549/549/549 552/552/552
f 552/552/552 558/558/558 557/557/557
f 555/555/555 554/554/554 559/559/559
f 559/559/559 560/560/560 555/555/555
f 559/559/559 561/561/561 562/562/562
f 562/562/562 560/560/560 559/559/559
f 561/561/561 557/557/557 558/558/558
f 558/558/558 562/562/562 561/561/561
f 563/563/563 564/564/564 565/565/565
f 565/565/565 566/566/566 563/563/563
f 551/551/551 550/550/550 567/567/567
f 567/567/567 568/568/568 551/551/551
f 569/569/569 553/553/553 556/556/556
f 556/556/556 570/570/570 569/569/569
f 571/571/571 572/572/572 573/573/573
f 573/573/573 574/574/574 571/571/571
f 572/572/572 571/571/571 575/575/575
f 575/575/575 576/576/576 572/572/572
f 577/577/577 578/578/578 579/579/579
f 579/579/579 580/580/580 577/577/577
f 581/581/581 582/582/582 583/583/583
f 583/583/583 584/584/584 581/581/581
f 585/585/585 586/586/586 587/587/587
f 587/587/587 588/588/588 585/585/585
f 589/589/589 590/590/590 591/591/591
f 591/591/591 592/592/592 589/589/589
f 593/593/593 594/594/594 595/595/595
f 595/595/595 596/596/596 593/593/593
f 594/594/594 597/597/597 598/598/598
f 598/598/598 595/595/595 594/594/594
f 599/599/599 458/458/458 460/460/460
f 460/460/460 600/600/600 599/599/599
f 599/599/599 601/601/601 459/459/459
f 459/459/459 458/458/458 599/599/599
f 602/602/602 603/603/603 604/604/604
f 604/604/604 605/605/605 602/602/602
f 606/606/606 607/607/607 608/608/608
f 608/608/608 609/609/609 606/606/606
f 610/610/610 611/611/611 612/612/612
f 612/612/612 613/613/613 610/610/610
f 614/614/614 615/615/615 616/616/616
f 616/616/616 617/617/617 614/614/614
f 618/618/618 619/619/619 443/443/443
f 443/443/443 445/445/445 618/618/618
f 619/619/619 620/620/620 444/444/444
f 444/444/444 443/443/443 619/619/619
f 572/572/572 599/599/599 600/600/600
f 600/600/600 573/573/573 572/572/572
f 599/599/599 572/572/572 576/576/576
f 576/576/576 601/601/601 599/599/599
f 621/621/621 622/622/622 623/623/623
f 623/623/623 624/624/624 621/621/621
f 625/625/625 626/626/626 627/627/627
f 627/627/627 628/628/628 625/625/625
f 629/629/629 630/630/630 631/631/631
f 631/631/631 632/632/632 629/629/629
f 633/633/633 634/634/634 635/635/635
f 635/635/635 636/636/636 633/633/633
f 596/596/596 595/595/595 619/619/619
f 619/619/619 618/618/618 596/596/596
f 595/595/595 598/598/598 620/620/620
f 620/620/620 619/619/619 595/595/595
f 637/637/637 638/638/638 639/639/639
f 639/639/639 640/640/640 637/637/637
f 424/424/424 423/423/423 641/641/641
f 641/641/641 642/642/642 424/424/424
f 471/471/471 643/643/643 644/644/644
f 644/644/644 406/406/406 471/471/471
f 406/406/406 644/644/644 645/645/645
f 645/645/645 407/407/407 406/406/406
f 460/460/460 407/407/407 645/645/645
f 645/645/645 646/646/646 460/460/460
f 600/600/600 460/460/460 646/646/646
f 646/646/646 647/647/647 600/600/600
f 573/573/573 600/600/600 647/647/647
f 647/647/647 648/648/648 573/573/573
f 574/574/574 573/573/573 648/648/648
f 648/648/648 649/649/649 574/574/574
f 366/366/366 650/650/650 651/651/651
f 651/651/651 367/367/367 366/366/366
f 518/518/518 652/652/652 653/653/653
f 653/653/653 519/519/519 518/518/518
f 519/519/519 653/653/653 654/654/654
f 654/654/654 520/520/520 519/519/519
f 526/526/526 525/525/525 655/655/655
f 655/655/655 656/656/656 526/526/526
f 568/568/568 567/567/567 657/657/657
f 657/657/657 658/658/658 568/568/568
f 640/640/640 639/639/639 641/641/641
f 641/641/641 423/423/423 640/640/640
f 638/638/638 637/637/637 659/659/659
f 510/510/510 509/509/509 542/542/542
f 542/542/542 541/541/541 510/510/510
f 660/660/660 661/661/661 569/569/569
f 569/569/569 570/570/570 660/660/660
f 662/662/662 527/527/527 530/530/530
f 530/530/530 663/663/663 662/662/662
f 664/664/664 371/371/371 370/370/370
f 370/370/370 665/665/665 664/664/664
f 664/664/664 666/666/666 426/426/426
f 426/426/426 371/371/371 664/664/664
f 667/667/667 668/668/668 369/369/369
f 369/369/369 368/368/368 667/667/667
f 597/597/597 669/669/669 670/670/670
f 670/670/670 598/598/598 597/597/597
f 620/620/620 598/598/598 670/670/670
f 670/670/670 671/671/671 620/620/620
f 620/620/620 671/671/671 672/672/672
f 672/672/672 444/444/444 620/620/620
f 673/673/673 386/386/386 444/444/444
f 444/444/444 672/672/672 673/673/673
f 674/674/674 387/387/387 386/386/386
f 386/386/386 673/673/673 674/674/674
f 674/674/674 675/675/675 472/472/472
f 472/472/472 387/387/387 674/674/674
f 676/676/676 408/408/408 411/411/411
f 411/411/411 677/677/677 676/676/676
f 500/500/500 506/506/506 678/678/678
f 679/679/679 680/680/680 681/681/681
f 681/681/681 682/682/682 679/679/679
f 683/683/683 684/684/684 685/685/685
f 685/685/685 686/686/686 683/683/683
f 687/687/687 688/688/688 689/689/689
f 689/689/689 690/690/690 687/687/687
f 691/691/691 692/692/692 693/693/693
f 693/693/693 694/694/694 691/691/691
f 687/687/687 695/695/695 696/696/696
f 696/696/696 688/688/688 687/687/687
f 691/691/691 694/694/694 697/697/697
f 697/697/697 698/698/698 691/691/691
f 699/699/699 700/700/700 696/696/696
f 696/696/696 695/695/695 699/699/699
f 701/701/701 698/698/698 697/697/697
f 697/697/697 702/702/702 701/701/701
f 703/703/703 682/682/682 681/681/681
f 681/681/681 704/704/704 703/703/703
f 705/705/705 706/706/706 685/685/685
f 685/685/685 684/684/684 705/705/705
f 707/707/707 708/708/708 709/709/709
f 709/709/709 710/710/710 707/707/707
f 711/711/711 712/712/712 713/713/713
f 713/713/713 714/714/714 711/711/711
f 679/679/679 714/714/714 713/713/713
f 713/713/713 680/680/680 679/679/679
f 683/683/683 686/686/686 708/708/708
f 708/708/708 707/707/707 683/683/683
f 710/710/710 709/709/709 693/693/693
f 693/693/693 692/692/692 710/710/710
f 690/690/690 689/689/689 712/712/712
f 712/712/712 711/711/711 690/690/690
f 715/715/715 716/716/716 700/700/700
f 700/700/700 699/699/699 715/715/715
f 717/717/717 701/701/701 702/702/702
f 702/702/702 718/718/718 717/717/717
f 719/719/719 703/703/703 704/704/704
f 704/704/704 720/720/720 719/719/719
f 721/721/721 722/722/722 706/706/706
f 706/706/706 705/705/705 721/721/721
f 723/723/723 724/724/724 725/725/725
f 725/725/725 726/726/726 723/723/723
f 727/727/727 728/728/728 729/729/729
f 729/729/729 730/730/730 727/727/727
f 731/731/731 732/732/732 733/733/733
f 733/733/733 734/734/734 731/731/731
f 735/735/735 736/736/736 737/737/737
f 737/737/737 738/738/738 735/735/735
f 731/731/731 739/739/739 740/740/740
f 740/740/740 732/732/732 731/731/731
f 735/735/735 738/738/738 741/741/741
f 741/741/741 742/742/742 735/735/735
f 743/743/743 744/744/744 740/740/740
f 740/740/740 739/739/739 743/743/743
f 745/745/745 742/742/742 741/741/741
f 741/741/741 746/746/746 745/745/745
f 747/747/747 726/726/726 725/725/725
f 725/725/725 748/748/748 747/747/747
f 749/749/749 750/750/750 729/729/729
f 729/729/729 728/728/728 749/749/749
f 751/751/751 752/752/752 753/753/753
f 753/753/753 754/754/754 751/751/751
f 755/755/755 756/756/756 757/757/757
f 757/757/757 758/758/758 755/755/755
f 723/723/723 758/758/758 757/757/757
f 757/757/757 724/724/724 723/723/723
f 727/727/727 730/730/730 752/752/752
f 752/752/752 751/751/751 727/727/727
f 754/754/754 753/753/753 737/737/737
f 737/737/737 736/736/736 754/754/754
f 734/734/734 733/733/733 756/756/756
f 756/756/756 755/755/755 734/734/734
f 759/759/759 760/760/760 744/744/744
f 744/744/744 743/743/743 759/759/759
f 745/745/745 746/746/746 761/761/761
f 761/761/761 762/762/762 745/745/745
f 763/763/763 747/747/747 748/748/748
f 748/748/748 764/764/764 763/763/763
f 765/765/765 766/766/766 750/750/750
f 750/750/750 749/749/749 765/765/765
f 767/767/767 768/768/768 769/769/769
f 769/769/769 770/770/770 767/767/767
f 771/771/771 767/767/767 770/770/770
f 770/770/770 772/772/772 771/771/771
f 773/773/773 771/771/771 772/772/772
f 772/772/772 774/774/774 773/773/773
f 773/773/773 774/774/774 775/775/775
f 775/775/775 776/776/776 773/773/773
f 777/777/777 778/778/778 779/779/779
f 779/779/779 780/780/780 777/777/777
f 768/768/768 767/767/767 781/781/781
f 781/781/781 782/782/782 768/768/768
f 768/768/768 783/783/783 784/784/784
f 784/784/784 769/769/769 768/768/768
f 777/777/777 780/780/780 785/785/785
f 785/785/785 786/786/786 777/777/777
f 771/771/771 787/787/787 781/781/781
f 781/781/781 767/767/767 771/771/771
f 786/786/786 785/785/785 788/788/788
f 788/788/788 789/789/789 786/786/786
f 771/771/771 773/773/773 790/790/790
f 790/790/790 787/787/787 771/771/771
f 789/789/789 788/788/788 791/791/791
f 791/791/791 792/792/792 789/789/789
f 776/776/776 793/793/793 790/790/790
f 790/790/790 773/773/773 776/776/776
f 794/794/794 769/769/769 784/784/784
f 784/784/784 795/795/795 794/794/794
f 770/770/770 769/769/769 794/794/794
f 794/794/794 796/796/796 770/770/770
f 772/772/772 770/770/770 796/796/796
f 796/796/796 797/797/797 772/772/772
f 774/774/774 772/772/772 797/797/797
f 797/797/797 798/798/798 774/774/774
f 774/774/774 798/798/798 799/799/799
f 799/799/799 775/775/775 774/774/774
f 778/778/778 794/794/794 795/795/795
f 795/795/795 800/800/800 778/778/778
f 796/796/796 794/794/794 778/778/778
f 778/778/778 777/777/777 796/796/796
f 797/797/797 796/796/796 777/777/777
f 777/777/777 786/786/786 797/797/797
f 798/798/798 797/797/797 786/786/786
f 786/786/786 789/789/789 798/798/798
f 798/798/798 789/789/789 792/792/792
f 792/792/792 799/799/799 798/798/798
f 801/801/801 792/792/792 791/791/791
f 791/791/791 802/802/802 801/801/801
f 801/801/801 803/803/803 799/799/799
f 799/799/799 792/792/792 801/801/801
f 803/803/803 804/804/804 775/775/775
f 775/775/775 799/799/799 803/803/803
f 804/804/804 805/805/805 776/776/776
f 776/776/776 775/775/775 804/804/804
f 805/805/805 806/806/806 793/793/793
f 793/793/793 776/776/776 805/805/805
f 807/807/807 808/808/808 809/809/809
f 809/809/809 810/810/810 807/807/807
f 811/811/811 812/812/812 808/808/808
f 808/808/808 807/807/807 811/811/811
f 813/813/813 814/814/814 812/812/812
f 812/812/812 811/811/811 813/813/813
f 815/815/815 814/814/814 813/813/813
f 813/813/813 816/816/816 815/815/815
f 817/817/817 818/818/818 819/819/819
f 819/819/819 820/820/820 817/817/817
f 810/810/810 821/821/821 822/822/822
f 822/822/822 807/807/807 810/810/810
f 823/823/823 824/824/824 810/810/810
f 810/810/810 809/809/809 823/823/823
f 825/825/825 818/818/818 817/817/817
f 817/817/817 826/826/826 825/825/825
f 822/822/822 827/827/827 811/811/811
f 811/811/811 807/807/807 822/822/822
f 828/828/828 825/825/825 826/826/826
f 826/826/826 829/829/829 828/828/828
f 811/811/811 827/827/827 830/830/830
f 830/830/830 813/813/813 811/811/811
f 831/831/831 828/828/828 829/829/829
f 829/829/829 832/832/832 831/831/831
f 830/830/830 833/833/833 816/816/816
f 816/816/816 813/813/813 830/830/830
f 834/834/834 835/835/835 823/823/823
f 823/823/823 809/809/809 834/834/834
f 808/808/808 836/836/836 834/834/834
f 834/834/834 809/809/809 808/808/808
f 812/812/812 837/837/837 836/836/836
f 836/836/836 808/808/808 812/812/812
f 814/814/814 838/838/838 837/837/837
f 837/837/837 812/812/812 814/814/814
f 839/839/839 838/838/838 814/814/814
f 814/814/814 815/815/815 839/839/839
f 835/835/835 834/834/834 820/820/820
f 820/820/820 840/840/840 835/835/835
f 836/836/836 817/817/817 820/820/820
f 820/820/820 834/834/834 836/836/836
f 837/837/837 826/826/826 817/817/817
f 817/817/817 836/836/836 837/837/837
f 838/838/838 829/829/829 826/826/826
f 826/826/826 837/837/837 838/838/838
f 832/832/832 829/829/829 838/838/838
f 838/838/838 839/839/839 832/832/832
f 831/831/831 832/832/832 841/841/841
f 841/841/841 842/842/842 831/831/831
f 841/841/841 832/832/832 839/839/839
f 839/839/839 843/843/843 841/841/841
f 843/843/843 839/839/839 815/815/815
f 815/815/815 844/844/844 843/843/843
f 844/844/844 815/815/815 816/816/816
f 816/816/816 845/845/845 844/844/844
f 833/833/833 846/846/846 845/845/845
f 845/845/845 816/816/816 833/833/833
f 847/847/847 848/848/848 849/849/849
f 849/849/849 850/850/850 847/847/847
f 850/850/850 849/849/849 851/851/851
f 851/851/851 852/852/852 850/850/850
f 852/852/852 851/851/851 853/853/853
f 853/853/853 854/854/854 852/852/852
f 854/854/854 853/853/853 855/855/855
f 855/855/855 856/856/856 854/854/854
f 856/856/856 855/855/855 857/857/857
f 857/857/857 858/858/858 856/856/856
f 858/858/858 857/857/857 859/859/859
f 859/859/859 860/860/860 858/858/858
f 860/860/860 859/859/859 861/861/861
f 861/861/861 862/862/862 860/860/860
f 862/862/862 861/861/861 863/863/863
f 863/863/863 864/864/864 862/862/862
f 864/864/864 863/863/863 865/865/865
f 865/865/865 866/866/866 864/864/864
f 866/866/866 865/865/865 848/848/848
f 848/848/848 847/847/847 866/866/866
f 867/867/867 847/847/847 850/850/850
f 850/850/850 868/868/868 867/867/867
f 868/868/868 850/850/850 852/852/852
f 852/852/852 869/869/869 868/868/868
f 869/869/869 852/852/852 854/854/854
f 854/854/854 870/870/870 869/869/869
f 870/870/870 854/854/854 856/856/856
f 856/856/856 871/871/871 870/870/870
f 871/871/871 856/856/856 858/858/858
f 858/858/858 872/872/872 871/871/871
f 872/872/872 858/858/858 860/860/860
f 860/860/860 873/873/873 872/872/872
f 873/873/873 860/860/860 862/862/862
f 862/862/862 874/874/874 873/873/873
f 874/874/874 862/862/862 864/864/864
f 864/864/864 875/875/875 874/874/874
f 875/875/875 864/864/864 866/866/866
f 866/866/866 876/876/876 875/875/875
f 876/876/876 866/866/866 847/847/847
f 847/847/847 867/867/867 876/876/876
f 877/877/877 867/867/867 868/868/868
f 868/868/868 878/878/878 877/877/877
f 878/878/878 868/868/868 869/869/869
f 869/869/869 879/879/879 878/878/878
f 879/879/879 869/869/869 870/870/870
f 870/870/870 880/880/880 879/879/879
f 880/880/880 870/870/870 871/871/871
f 871/871/871 881/881/881 880/880/880
f 881/881/881 871/871/871 872/872/872
f 872/872/872 882/882/882 881/881/881
f 882/882/882 872/872/872 873/873/873
f 873/873/873 883/883/883 882/882/882
f 883/883/883 873/873/873 874/874/874
f 874/874/874 884/884/884 883/883/883
f 884/884/884 874/874/874 875/875/875
f 875/875/875 885/885/885 884/884/884
f 885/885/885 875/875/875 876/876/876
f 876/876/876 886/886/886 885/885/885
f 886/886/886 876/876/876 867/867/867
f 867/867/867 877/877/877 886/886/886
f 877/877/877 878/878/878 887/887/887
f 878/878/878 879/879/879 887/887/887
f 879/879/879 880/880/880 887/887/887
f 880/880/880 881/881/881 887/887/887
f 881/881/881 882/882/882 887/887/887
f 882/882/882 883/883/883 887/887/887
f 883/883/883 884/884/884 887/887/887
f 884/884/884 885/885/885 887/887/887
f 885/885/885 886/886/886 887/887/887
f 886/886/886 877/877/877 887/887/887
f 888/888/888 889/889/889 890/890/890
f 890/890/890 891/891/891 888/888/888
f 891/891/891 890/890/890 892/892/892
f 892/892/892 893/893/893 891/891/891
f 893/893/893 892/892/892 894/894/894
f 894/894/894 895/895/895 893/893/893
f 895/895/895 894/894/894 896/896/896
f 896/896/896 897/897/897 895/895/895
f 897/897/897 896/896/896 898/898/898
f 898/898/898 899/899/899 897/897/897
f 899/899/899 898/898/898 900/900/900
f 900/900/900 901/901/901 899/899/899
f 901/901/901 900/900/900 902/902/902
f 902/902/902 903/903/903 901/901/901
f 903/903/903 902/902/902 904/904/904
f 904/904/904 905/905/905 903/903/903
f 905/905/905 904/904/904 906/906/906
f 906/906/906 907/907/907 905/905/905
f 907/907/907 906/906/906 889/889/889
f 889/889/889 888/888/888 907/907/907
f 908/908/908 888/888/888 891/891/891
f 891/891/891 909/909/909 908/908/908
f 909/909/909 891/891/891 893/893/893
f 893/893/893 910/910/910 909/909/909
f 910/910/910 893/893/893 895/895/895
f 895/895/895 911/911/911 910/910/910
f 911/911/911 895/895/895 897/897/897
f 897/897/897 912/912/912 911/911/911
f 912/912/912 897/897/897 899/899/899
f 899/899/899 913/913/913 912/912/912
f 913/913/913 899/899/899 901/901/901
f 901/901/901 914/914/914 913/913/913
f 914/914/914 901/901/901 903/903/903
f 903/903/903 915/915/915 914/914/914
f 915/915/915 903/903/903 905/905/905
f 905/905/905 916/916/916 915/915/915
f 916/916/916 905/905/905 907/907/907
f 907/907/907 917/917/917 916/916/916
f 917/917/917 907/907/907 888/888/888
f 888/888/888 908/908/908 917/917/917
f 918/918/918 908/908/908 909/909/909
f 909/909/909 919/919/919 918/918/918
f 919/919/919 909/909/909 910/910/910
f 910/910/910 920/920/920 919/919/919
f 920/920/920 910/910/910 911/911/911
f 911/911/911 921/921/921 920/920/920
f 921/921/921 911/911/911 912/912/912
f 912/912/912 922/922/922 921/921/921
f 922/922/922 912/912/912 913/913/913
f 913/913/913 923/923/923 922/922/922
f 923/923/923 913/913/913 914/914/914
f 914/914/914 924/924/924 923/923/923
f 924/924/924 914/914/914 915/915/915
f 915/915/915 925/925/925 924/924/924
f 925/925/925 915/915/915 916/916/916
f 916/916/916 926/926/926 925/925/925
f 926/926/926 916/916/916 917/917/917
f 917/917/917 927/927/927 926/926/926
f 927/927/927 917/917/917 908/908/908
f 908/908/908 918/918/918 927/927/927
f 918/918/918 919/919/919 928/928/928
f 919/919/919 920/920/920 928/928/928
f 920/920/920 921/921/921 928/928/928
f 921/921/921 922/922/922 928/928/928
f 922/922/922 923/923/923 928/928/928
f 923/923/923 924/924/924 928/928/928
f 924/924/924 925/925/925 928/928/928
f 925/925/925 926/926/926 928/928/928
f 926/926/926 927/927/927 928/928/928
f 927/927/927 918/918/918 928/928/928
f 929/929/929 930/930/930 931/931/931
f 931/931/931 932/932/932 929/929/929
f 932/932/932 931/931/931 933/933/933
f 933/933/933 934/934/934 932/932/932
f 934/934/934 933/933/933 935/935/935
f 935/935/935 936/936/936 934/934/934
f 936/936/936 935/935/935 937/937/937
f 937/937/937 938/938/938 936/936/936
f 938/938/938 937/937/937 939/939/939
f 939/939/939 940/940/940 938/938/938
f 940/940/940 939/939/939 941/941/941
f 941/941/941 942/942/942 940/940/940
f 942/942/942 941/941/941 943/943/943
f 943/943/943 944/944/944 942/942/942
f 944/944/944 943/943/943 945/945/945
f 945/945/945 946/946/946 944/944/944
f 946/946/946 945/945/945 947/947/947
f 947/947/947 948/948/948 946/946/946
f 948/948/948 947/947/947 930/930/930
f 930/930/930 929/929/929 948/948/948
f 949/949/949 929/929/929 932/932/932
f 932/932/932 950/950/950 949/949/949
f 950/950/950 932/932/932 934/934/934
f 934/934/934 951/951/951 950/950/950
f 951/951/951 934/934/934 936/936/936
f 936/936/936 952/952/952 951/951/951
f 952/952/952 936/936/936 938/938/938
f 938/938/938 953/953/953 952/952/952
f 953/953/953 938/938/938 940/940/940
f 940/940/940 954/954/954 953/953/953
f 954/954/954 940/940/940 942/942/942
f 942/942/942 955/955/955 954/954/954
f 955/955/955 942/942/942 944/944/944
f 944/944/944 956/956/956 955/955/955
f 956/956/956 944/944/944 946/946/946
f 946/946/946 957/957/957 956/956/956
f 957/957/957 946/946/946 948/948/948
f 948/948/948 958/958/958 957/957/957
f 958/958/958 948/948/948 929/929/929
f 929/929/929 949/949/949 958/958/958
f 959/959/959 949/949/949 950/950/950
f 950/950/950 960/960/960 959/959/959
f 960/960/960 950/950/950 951/951/951
f 951/951/951 961/961/961 960/960/960
f 961/961/961 951/951/951 952/952/952
f 952/952/952 962/962/962 961/961/961
f 962/962/962 952/952/952 953/953/953
f 953/953/953 963/963/963 962/962/962
f 963/963/963 953/953/953 954/954/954
f 954/954/954 964/964/964 963/963/963
f 964/964/964 954/954/954 955/955/955
f 955/955/955 965/965/965 964/964/964
f 965/965/965 955/955/955 956/956/956
f 956/956/956 966/966/966 965/965/965
f 966/966/966 956/956/956 957/957/957
f 957/957/957 967/967/967 966/966/966
f 967/967/967 957/957/957 958/958/958
f 958/958/958 968/968/968 967/967/967
f 968/968/968 958/958/958 949/949/949
f 949/949/949 959/959/959 968/968/968
f 959/959/959 960/960/960 969/969/969
f 960/960/960 961/961/961 969/969/969
f 961/961/961 962/962/962 969/969/969
f 962/962/962 963/963/963 969/969/969
f 963/963/963 964/964/964 969/969/969
f 964/964/964 965/965/965 969/969/969
f 965/965/965 966/966/966 969/969/969
f 966/966/966 967/967/967 969/969/969
f 967/967/967 968/968/968 969/969/969
f 968/968/968 959/959/959 969/969/969