version 1.01
904
[0.267255,-0.75477,0.215481][0.704365,0.34444,0.62067][0.213361,0.892866,0][0.137142,-0.75477,0.358976][0.704365,0.34444,0.62067][0.229328,0.900259,0][0.144995,-0.81746,0.389017][0.704365,0.34444,0.62067][0.232773,0.895332,0][0.144995,-0.81746,0.389017][0.704365,0.34444,0.62067][0.232773,0.895332,0][0.278992,-0.81746,0.232788][0.704365,0.34444,0.62067][0.21658,0.887844,0][0.267255,-0.75477,0.215481][0.704365,0.34444,0.62067][0.213361,0.892866,0][-0.0406002,-0.75477,0.400574][-0.00952597,0.296769,0.954902][0.242649,0.908499,0][-0.0380532,-0.81746,0.43216][0.00123004,0.452914,0.891554][0.246132,0.903815,0][0.144995,-0.81746,0.389017][0.462498,0.440417,0.769499][0.232773,0.895332,0][0.144995,-0.81746,0.389017][0.462498,0.440417,0.769499][0.232773,0.895332,0][0.137142,-0.75477,0.358976][0.503067,0.264684,0.822719][0.229328,0.900259,0][-0.0406002,-0.75477,0.400574][-0.00952597,0.296769,0.954902][0.242649,0.908499,0][-0.0380532,-0.81746,0.43216][0.00123004,0.452914,0.891554][0.004387,0.905186,0][-0.0406002,-0.75477,0.400574][-0.00952597,0.296769,0.954902][0.008171,0.909377,0][-0.218341,-0.75477,0.358976][-0.514626,0.302718,0.802198][0.020817,0.901165,0][-0.218341,-0.75477,0.358976][-0.514626,0.302718,0.802198][0.020817,0.901165,0][-0.221101,-0.81746,0.389017][-0.467244,0.410659,0.78297][0.017113,0.896777,0][-0.0380532,-0.81746,0.43216][0.00123004,0.452914,0.891554][0.004387,0.905186,0][-0.218341,-0.75477,0.358976][-0.514626,0.302718,0.802198][0.020817,0.901165,0][-0.348457,-0.75477,0.215481][-0.837546,0.275776,0.471662][0.035777,0.893566,0][-0.3551,-0.81746,0.232788][-0.823126,0.308116,0.477][0.032375,0.889084,0][-0.3551,-0.81746,0.232788][-0.823126,0.308116,0.477][0.032375,0.889084,0][-0.221101,-0.81746,0.389017][-0.467244,0.410659,0.78297][0.017113,0.896777,0][-0.218341,-0.75477,0.358976][-0.514626,0.302718,0.802198][0.020817,0.901165,0][-0.3551,-0.81746,0.232788][-0.823126,0.308116,0.477][0.032375,0.889084,0][-0.348457,-0.75477,0.215481][-0.837546,0.275776,0.471662][0.035777,0.893566,0][-0.396084,-0.75477,0.0569021][-0.970459,0.239287,0.030841][0.049317,0.886792,0][-0.396084,-0.75477,0.0569021][-0.970459,0.239287,0.030841][0.049317,0.886792,0][-0.404147,-0.81746,0.0587011][-0.961899,0.273078,0.013341][0.046389,0.881603,0][-0.3551,-0.81746,0.232788][-0.823126,0.308116,0.477][0.032375,0.889084,0][-0.404147,-0.81746,0.0587011][-0.961899,0.273078,0.013341][0.046389,0.881603,0][-0.396084,-0.75477,0.0569021][-0.970459,0.239287,0.030841][0.049317,0.886792,0][-0.348457,-0.729756,-0.105916][-0.910143,0.334544,-0.244376][0.066148,0.881099,0][-0.348457,-0.729756,-0.105916][-0.910143,0.334544,-0.244376][0.066148,0.881099,0][-0.3551,-0.801965,-0.115724][-0.954805,0.285587,-0.082389][0.062322,0.874561,0][-0.404147,-0.81746,0.0587011][-0.961899,0.273078,0.013341][0.046389,0.881603,0][-0.367077,-0.721535,-0.653289][-0.811651,0.529279,-0.247158][0.097108,0.838128,0][-0.288866,-0.669569,-0.730436][-0.523627,0.745455,-0.412447][0.105344,0.835198,0][-0.298241,-0.777304,-0.81249][-0.639475,0.420561,-0.643584][0.102582,0.824991,0][-0.298241,-0.777304,-0.81249][-0.639475,0.420561,-0.643584][0.102582,0.824991,0][-0.384872,-0.805169,-0.678531][-0.920764,0.129195,-0.368107][0.092626,0.833084,0][-0.367077,-0.721535,-0.653289][-0.811651,0.529279,-0.247158][0.097108,0.838128,0][-0.0357332,-0.768923,-0.877623][0.108959,0.571141,-0.813588][0.124738,0.821235,0][-0.180012,-0.764675,-0.866503][-0.223787,0.574774,-0.787118][0.112874,0.821961,0][-0.176759,-0.65427,-0.784698][-0.208786,0.802378,-0.559105][0.113813,0.832553,0][-0.176759,-0.65427,-0.784698][-0.208786,0.802378,-0.559105][0.113813,0.832553,0][-0.0380202,-0.649464,-0.799994][0.0973621,0.797499,-0.595413][0.123739,0.83189,0][-0.0357332,-0.768923,-0.877623][0.108959,0.571141,-0.813588][0.124738,0.821235,0][0.105808,-0.780241,-0.840109][0.442245,0.512672,-0.735926][0.136413,0.823629,0][0.0977118,-0.671671,-0.759611][0.394978,0.759911,-0.516263][0.133895,0.834,0][0.205017,-0.714324,-0.685809][0.653333,0.65299,-0.383093][0.143504,0.837483,0][0.205017,-0.714324,-0.685809][0.653333,0.65299,-0.383093][0.143504,0.837483,0][0.218968,-0.807149,-0.765217][0.732774,0.316682,-0.602291][0.146284,0.828487,0][0.105808,-0.780241,-0.840109][0.442245,0.512672,-0.735926][0.136413,0.823629,0][0.205017,-0.714324,-0.685809][0.653333,0.65299,-0.383093][0.143504,0.837483,0][0.291033,-0.781026,-0.582708][0.806324,0.519352,-0.283047][0.154661,0.841412,0][0.312822,-0.849548,-0.609973][0.895597,0.176566,-0.408327][0.158343,0.836477,0][0.312822,-0.849548,-0.609973][0.895597,0.176566,-0.408327][0.158343,0.836477,0][0.218968,-0.807149,-0.765217][0.732774,0.316682,-0.602291][0.146284,0.828487,0][0.205017,-0.714324,-0.685809][0.653333,0.65299,-0.383093][0.143504,0.837483,0][0.314882,-0.75477,0.0569021][0.976927,0.198956,0.077659][0.198883,0.886374,0][0.32804,-0.81746,0.0587011][0.928943,0.353796,0.109054][0.201606,0.880818,0][0.320451,-0.822044,-0.115724][0.908788,0.41669,-0.021773][0.186779,0.872696,0][0.320451,-0.822044,-0.115724][0.908788,0.41669,-0.021773][0.186779,0.872696,0][0.301934,-0.75233,-0.128268][0.90091,0.364839,-0.235059][0.181479,0.877938,0][0.314882,-0.75477,0.0569021][0.976927,0.198956,0.077659][0.198883,0.886374,0][0.32804,-0.81746,0.0587011][0.928943,0.353796,0.109054][0.201606,0.880818,0][0.314882,-0.75477,0.0569021][0.976927,0.198956,0.077659][0.198883,0.886374,0][0.267255,-0.75477,0.215481][0.847838,0.207683,0.487892][0.213361,0.892866,0][0.267255,-0.75477,0.215481][0.847838,0.207683,0.487892][0.213361,0.892866,0][0.278992,-0.81746,0.232788][0.805625,0.366731,0.465272][0.21658,0.887844,0][0.32804,-0.81746,0.0587011][0.928943,0.353796,0.109054][0.201606,0.880818,0][0.161562,-1,0.411583][0,-1,0][0.132195,0.671654,0][-0.0324662,-1,0.0327821][0,-1,-5e-006][0.106845,0.658515,0][0.303598,-1,0.233843][0,-1,0][0.120227,0.681124,0][-0.0324662,-1,0.4554][0,-1,0][0.135197,0.658653,0][-0.0324662,-1,0.0327821][0,-1,-5e-006][0.106845,0.658515,0][0.161562,-1,0.411583][0,-1,0][0.132195,0.671654,0][-0.226492,-1,0.411583][0,-1,0][0.13232,0.645623,0][-0.0324662,-1,0.0327821][0,-1,-5e-006][0.106845,0.658515,0][-0.0324662,-1,0.4554][0,-1,0][0.135197,0.658653,0][-0.368527,-1,0.233843][0,-1,0][0.120444,0.636038,0][-0.0324662,-1,0.0327821][0,-1,-5e-006][0.106845,0.658515,0][-0.226492,-1,0.411583][0,-1,0][0.13232,0.645623,0][-0.420517,-1,0.0630001][-6.90874e-005,-1,-1.1e-005][0.109002,0.632494,0][-0.0324662,-1,0.0327821][0,-1,-5e-006][0.106845,0.658515,0][-0.368527,-1,0.233843][0,-1,0][0.120444,0.636038,0][-0.0324662,-1.00004,-0.135285][-0.000109087,-1,-1.7e-005][0.095569,0.65846,0][-0.0324662,-1,0.0327821][0,-1,-5e-006][0.106845,0.658515,0][-0.420517,-1,0.0630001][-6.90874e-005,-1,-1.1e-005][0.109002,0.632494,0][-0.420517,-1,0.0630001][-6.90874e-005,-1,-1.1e-005][0.109002,0.632494,0][-0.363413,-0.999961,-0.135295][-0.000109087,-1,-1.7e-005][0.095682,0.636258,0][-0.0324662,-1.00004,-0.135285][-0.000109087,-1,-1.7e-005][0.095569,0.65846,0][0.354398,-0.999961,-0.135295][0.000100913,-1,0][0.095449,0.684417,0][0.355588,-1,0.0630001][6.99126e-005,-1,0][0.108751,0.684558,0][-0.0324662,-1,0.0327821][0,-1,-5e-006][0.106845,0.658515,0][-0.0324662,-1,0.0327821][0,-1,-5e-006][0.106845,0.658515,0][-0.0324662,-1.00004,-0.135285][0.000100913,-1,0][0.095569,0.65846,0][0.354398,-0.999961,-0.135295][0.000100913,-1,0][0.095449,0.684417,0][0.303598,-1,0.233843][0,-1,0][0.120227,0.681124,0][-0.0324662,-1,0.0327821][0,-1,-5e-006][0.106845,0.658515,0][0.355588,-1,0.0630001][6.99126e-005,-1,0][0.108751,0.684558,0][-0.0324662,-0.898541,-0.133522][0.00481392,-0.880436,0.474141][0.088756,0.658427,0][-0.364956,-0.898485,-0.133582][0.00897292,-0.880193,0.474531][0.088875,0.636118,0][-0.422208,-1,-0.314346][0.00897292,-0.880193,0.474531][0.074999,0.632163,0][-0.422208,-1,-0.314346][0.00897292,-0.880193,0.474531][0.074999,0.632163,0][-0.309812,-1,-0.322922][0.00809792,-0.880216,0.474504][0.074415,0.639716,0][-0.0324662,-0.898541,-0.133522][0.00481392,-0.880436,0.474141][0.088756,0.658427,0][-0.369019,-0.747361,-0.239116][-0.677394,0.735436,-0.016466][0.074861,0.868891,0][-0.348457,-0.729756,-0.105916][-0.910143,0.334544,-0.244376][0.066148,0.881099,0][-0.233664,-0.645467,-0.322526][-0.631702,0.711619,-0.307492][0.097294,0.875134,0][-0.233664,-0.645467,-0.322526][-0.631702,0.711619,-0.307492][0.097294,0.875134,0][-0.250263,-0.678722,-0.407245][-0.414956,0.905273,-0.091063][0.099158,0.864002,0][-0.369019,-0.747361,-0.239116][-0.677394,0.735436,-0.016466][0.074861,0.868891,0][-0.369019,-0.747361,-0.239116][-0.677394,0.735436,-0.016466][0.074861,0.868891,0][-0.3551,-0.801965,-0.115724][-0.954805,0.285587,-0.082389][0.062322,0.874561,0][-0.348457,-0.729756,-0.105916][-0.910143,0.334544,-0.244376][0.066148,0.881099,0][-0.0324662,-0.898541,-0.133522][0.00481392,-0.880436,0.474141][0.088756,0.658427,0][-0.16425,-1,-0.322389][-0.00124108,-0.880573,0.473909][0.074401,0.6495,0][-0.0324662,-1,-0.32236][-3.9077e-005,-0.880905,0.473293][0.074358,0.658355,0][-0.140067,-0.667861,-0.439282][-0.109112,0.984191,-0.139507][0.112467,0.864138,0][-0.132337,-0.641455,-0.353448][-0.148111,0.858395,-0.491143][0.111582,0.875333,0][-0.0406002,-0.645467,-0.364126][0.0584181,0.856201,-0.513329][0.124216,0.87507,0][-0.0406002,-0.645467,-0.364126][0.0584181,0.856201,-0.513329][0.124216,0.87507,0][-0.0403022,-0.665672,-0.45097][0.0696561,0.993373,-0.091427][0.124051,0.86384,0][-0.140067,-0.667861,-0.439282][-0.109112,0.984191,-0.139507][0.112467,0.864138,0][-0.0324662,-0.898541,-0.133522][0.00481392,-0.880436,0.474141][0.088756,0.658427,0][0.105633,-1,-0.322367][0.00129992,-0.880515,0.474017][0.074311,0.667634,0][0.244881,-1,-0.322922][0.00189092,-0.880334,0.474351][0.074225,0.676999,0][0.187094,-0.709522,-0.412806][0.50728,0.856821,-0.092328][0.150749,0.861666,0][0.0729238,-0.683494,-0.441056][0.219719,0.969736,-0.106466][0.137222,0.863119,0][0.0555319,-0.6571,-0.352501][0.255355,0.814439,-0.521041][0.137306,0.874759,0][0.0555319,-0.6571,-0.352501][0.255355,0.814439,-0.521041][0.137306,0.874759,0][0.152465,-0.676888,-0.322526][0.645183,0.651757,-0.398688][0.15101,0.874104,0][0.187094,-0.709522,-0.412806][0.50728,0.856821,-0.092328][0.150749,0.861666,0][0.349272,-0.898492,-0.133582][-0.00811508,-0.879434,0.475952][0.088642,0.684044,0][-0.0324662,-0.898541,-0.133522][-0.00811508,-0.879434,0.475952][0.088756,0.658427,0][0.244881,-1,-0.322922][-0.00811508,-0.879434,0.475952][0.074225,0.676999,0][0.244881,-1,-0.322922][-0.00811508,-0.879434,0.475952][0.074225,0.676999,0][0.357277,-1,-0.314346][-0.00811508,-0.879434,0.475952][0.074733,0.684558,0][0.349272,-0.898492,-0.133582][-0.00811508,-0.879434,0.475952][0.088642,0.684044,0][0.320451,-0.822044,-0.115724][0.908788,0.41669,-0.021773][0.186779,0.872696,0][0.318023,-0.796397,-0.250534][0.661399,0.74584,-0.079211][0.175325,0.865261,0][0.301934,-0.75233,-0.128268][0.90091,0.364839,-0.235059][0.181479,0.877938,0][0.318023,-0.796397,-0.250534][0.661399,0.74584,-0.079211][0.175325,0.865261,0][0.187094,-0.709522,-0.412806][0.50728,0.856821,-0.092328][0.150749,0.861666,0][0.152465,-0.676888,-0.322526][0.645183,0.651757,-0.398688][0.15101,0.874104,0][0.152465,-0.676888,-0.322526][0.645183,0.651757,-0.398688][0.15101,0.874104,0][0.301934,-0.75233,-0.128268][0.90091,0.364839,-0.235059][0.181479,0.877938,0][0.318023,-0.796397,-0.250534][0.661399,0.74584,-0.079211][0.175325,0.865261,0][0.291033,-0.781026,-0.582708][0.806324,0.519352,-0.283047][0.154661,0.841412,0][0.205017,-0.714324,-0.685809][0.653333,0.65299,-0.383093][0.143504,0.837483,0][0.214469,-0.701416,-0.599608][0.467928,0.882836,0.04054][0.145803,0.844087,0][0.214469,-0.701416,-0.599608][0.467928,0.882836,0.04054][0.145803,0.844087,0][0.329119,-0.797466,-0.479291][0.700366,0.713529,0.019086][0.161487,0.847737,0][0.291033,-0.781026,-0.582708][0.806324,0.519352,-0.283047][0.154661,0.841412,0][0.291033,-0.781026,-0.582708][0.806324,0.519352,-0.283047][0.154661,0.841412,0][0.329119,-0.797466,-0.479291][0.700366,0.713529,0.019086][0.161487,0.847737,0][0.355267,-0.857579,-0.480678][0.975219,0.128006,-0.18045][0.165957,0.844495,0][0.355267,-0.857579,-0.480678][0.975219,0.128006,-0.18045][0.165957,0.844495,0][0.312822,-0.849548,-0.609973][0.895597,0.176566,-0.408327][0.158343,0.836477,0][0.291033,-0.781026,-0.582708][0.806324,0.519352,-0.283047][0.154661,0.841412,0][0.343163,-1,-0.461699][0,-1,0][0.064851,0.683536,0][0.23814,-1,-0.62108][0,-1,0][0.054194,0.676422,0][0.21273,-1,-0.776936][0,-1,0][0.043742,0.674657,0][0.21273,-1,-0.776936][0,-1,0][0.043742,0.674657,0][0.303598,-1,-0.5947][0,-1,0][0.05594,0.680827,0][0.343163,-1,-0.461699][0,-1,0][0.064851,0.683536,0][0.103818,-1,-0.839669][-0.000401087,-0.999999,0.001522][0.039571,0.667324,0][0.21273,-1,-0.776936][-1.80874e-005,-1,3.2e-005][0.043742,0.674657,0][0.23814,-1,-0.62108][0,-1,0][0.054194,0.676422,0][0.23814,-1,-0.62108][0,-1,0][0.054194,0.676422,0][0.110028,-1,-0.673063][0,-1,0][0.050752,0.667802,0][0.103818,-1,-0.839669][-0.000401087,-0.999999,0.001522][0.039571,0.667324,0][-0.285191,-1,-0.814951][0.000944913,-0.999998,0.001852][0.041362,0.641223,0][-0.307183,-1,-0.646873][0,-1,0][0.052651,0.639801,0][-0.408093,-1,-0.506335][0,-1,0][0.062112,0.633069,0][-0.408093,-1,-0.506335][0,-1,0][0.062112,0.633069,0][-0.368527,-1,-0.694643][3.59126e-005,-1,2.5e-005][0.049463,0.635669,0][-0.285191,-1,-0.814951][0.000944913,-0.999998,0.001852][0.041362,0.641223,0][-0.394281,-0.732786,-0.512484][-0.706812,0.705019,0.058013][0.090581,0.847413,0][-0.367077,-0.721535,-0.653289][-0.811651,0.529279,-0.247158][0.097108,0.838128,0][-0.384872,-0.805169,-0.678531][-0.920764,0.129195,-0.368107][0.092626,0.833084,0][-0.384872,-0.805169,-0.678531][-0.920764,0.129195,-0.368107][0.092626,0.833084,0][-0.421532,-0.827777,-0.515449][-0.988293,0.102376,-0.113119][0.083631,0.843026,0][-0.394281,-0.732786,-0.512484][-0.706812,0.705019,0.058013][0.090581,0.847413,0][-0.289488,-0.662403,-0.62091][-0.30118,0.9485,0.098173][0.103329,0.843075,0][-0.288866,-0.669569,-0.730436][-0.523627,0.745455,-0.412447][0.105344,0.835198,0][-0.367077,-0.721535,-0.653289][-0.811651,0.529279,-0.247158][0.097108,0.838128,0][-0.367077,-0.721535,-0.653289][-0.811651,0.529279,-0.247158][0.097108,0.838128,0][-0.394281,-0.732786,-0.512484][-0.706812,0.705019,0.058013][0.090581,0.847413,0][-0.289488,-0.662403,-0.62091][-0.30118,0.9485,0.098173][0.103329,0.843075,0][0.214469,-0.701416,-0.599608][0.467928,0.882836,0.04054][0.145803,0.844087,0][0.205017,-0.714324,-0.685809][0.653333,0.65299,-0.383093][0.143504,0.837483,0][0.0977118,-0.671671,-0.759611][0.394978,0.759911,-0.516263][0.133895,0.834,0][0.0977118,-0.671671,-0.759611][0.394978,0.759911,-0.516263][0.133895,0.834,0][0.0987588,-0.660986,-0.661053][0.244431,0.968125,0.054655][0.134969,0.841607,0][0.214469,-0.701416,-0.599608][0.467928,0.882836,0.04054][0.145803,0.844087,0][-0.0380202,-0.649464,-0.799994][0.0973621,0.797499,-0.595413][0.123739,0.83189,0][-0.176759,-0.65427,-0.784698][-0.208786,0.802378,-0.559105][0.113813,0.832553,0][-0.168828,-0.642733,-0.676558][-0.0921909,0.993483,0.067025][0.11353,0.840796,0][-0.168828,-0.642733,-0.676558][-0.0921909,0.993483,0.067025][0.11353,0.840796,0][-0.0392511,-0.633053,-0.69426][0.0631671,0.997212,0.039715][0.123703,0.839946,0][-0.0380202,-0.649464,-0.799994][0.0973621,0.797499,-0.595413][0.123739,0.83189,0][-0.0324662,-1,-0.879871][-9.30874e-005,-0.999995,0.003184][0.036921,0.658164,0][-0.0324662,-1,-0.694367][0,-1,0][0.049373,0.658228,0][-0.173295,-1,-0.68788][0,-1,0][0.049856,0.648776,0][-0.173295,-1,-0.68788][0,-1,0][0.049856,0.648776,0][-0.171401,-1,-0.868852][0.000625913,-0.999995,0.003266][0.037708,0.648843,0][-0.0324662,-1,-0.879871][-9.30874e-005,-0.999995,0.003184][0.036921,0.658164,0][0.348413,-0.898513,0.0616511][0.988041,0.0672449,0.138755][0.254688,0.011093,0][0.355588,-1,0.0630001][0.987966,0.0672679,0.139276][0.254302,0.00053,0][0.354398,-0.999961,-0.135295][0.998168,0.0604999,-0.00083][0.233729,0.001565,0][0.354398,-0.999961,-0.135295][0.998168,0.0604999,-0.00083][0.233729,0.001565,0][0.349272,-0.898492,-0.133582][0.998168,0.0604999,-0.00083][0.234431,0.012097,0][0.348413,-0.898513,0.0616511][0.988041,0.0672449,0.138755][0.254688,0.011093,0][0.355588,-1,0.0630001][0.987966,0.0672679,0.139276][0.254302,0.00053,0][0.348413,-0.898513,0.0616511][0.988041,0.0672449,0.138755][0.254688,0.011093,0][0.297195,-0.898513,0.228636][0.870421,0.0835369,0.485169][0.272824,0.010577,0][0.297195,-0.898513,0.228636][0.870421,0.0835369,0.485169][0.272824,0.010577,0][0.303598,-1,0.233843][0.868587,0.0836869,0.488418][0.272845,0,0][0.355588,-1,0.0630001][0.987966,0.0672679,0.139276][0.254302,0.00053,0][0.157268,-0.898513,0.401118][0.550855,0.098253,0.828797][0.295896,0.010622,0][0.161562,-1,0.411583][0.544354,0.098369,0.833068][0.29648,3e-005,0][0.303598,-1,0.233843][0.868587,0.0836869,0.488418][0.272845,0,0][0.303598,-1,0.233843][0.868587,0.0836869,0.488418][0.272845,0,0][0.297195,-0.898513,0.228636][0.870421,0.0835369,0.485169][0.272824,0.010577,0][0.157268,-0.898513,0.401118][0.550855,0.098253,0.828797][0.295896,0.010622,0][-0.0338822,-0.898513,0.446795][-0.00196599,0.096765,0.995305][0.316258,0.012097,0][-0.0324662,-1,0.4554][0.00202101,0.09682,0.9953][0.317088,0.001548,0][0.161562,-1,0.411583][0.544354,0.098369,0.833068][0.29648,3e-005,0][0.161562,-1,0.411583][0.544354,0.098369,0.833068][0.29648,3e-005,0][0.157268,-0.898513,0.401118][0.550855,0.098253,0.828797][0.295896,0.010622,0][-0.0338822,-0.898513,0.446795][-0.00196599,0.096765,0.995305][0.316258,0.012097,0][-0.0324662,-1,0.4554][0.00202101,0.09682,0.9953][0.685342,0.320965,0][-0.0338822,-0.898513,0.446795][-0.00196599,0.096765,0.995305][0.686348,0.331498,0][-0.225028,-0.898513,0.401118][-0.555591,0.0828181,0.827321][0.706724,0.330234,0][-0.225028,-0.898513,0.401118][-0.555591,0.0828181,0.827321][0.706724,0.330234,0][-0.226492,-1,0.411583][-0.540958,0.083484,0.836896][0.705963,0.319663,0][-0.0324662,-1,0.4554][0.00202101,0.09682,0.9953][0.685342,0.320965,0][-0.226492,-1,0.411583][-0.540958,0.083484,0.836896][0.705963,0.319663,0][-0.225028,-0.898513,0.401118][-0.555591,0.0828181,0.827321][0.706724,0.330234,0][-0.364956,-0.898513,0.228636][-0.872695,0.0592711,0.484654][0.729796,0.33021,0][-0.364956,-0.898513,0.228636][-0.872695,0.0592711,0.484654][0.729796,0.33021,0][-0.368527,-1,0.233843][-0.869336,0.0596401,0.490609][0.729598,0.319649,0][-0.226492,-1,0.411583][-0.540958,0.083484,0.836896][0.705963,0.319663,0][-0.368527,-1,0.233843][-0.869336,0.0596401,0.490609][0.729598,0.319649,0][-0.364956,-0.898513,0.228636][-0.872695,0.0592711,0.484654][0.729796,0.33021,0][-0.416174,-0.898513,0.0616511][-0.999505,0.0301131,-0.009166][0.747937,0.330572,0][-0.416174,-0.898513,0.0616511][-0.999505,0.0301131,-0.009166][0.747937,0.330572,0][-0.420517,-1,0.0630001][-0.999528,0.0303811,-0.004661][0.748145,0.32002,0][-0.368527,-1,0.233843][-0.869336,0.0596401,0.490609][0.729598,0.319649,0][-0.420517,-1,0.0630001][-0.999528,0.0303811,-0.004661][0.748145,0.32002,0][-0.416174,-0.898513,0.0616511][-0.999505,0.0301131,-0.009166][0.747937,0.330572,0][-0.364956,-0.898485,-0.133582][-0.964051,0.0137761,-0.265361][0.768883,0.331498,0][-0.364956,-0.898485,-0.133582][-0.964051,0.0137761,-0.265361][0.768883,0.331498,0][-0.363413,-0.999961,-0.135295][-0.964051,0.0137761,-0.265361][0.76956,0.320976,0][-0.420517,-1,0.0630001][-0.999528,0.0303811,-0.004661][0.748145,0.32002,0][-0.418059,-0.922528,-0.326162][-0.997607,0.0601411,0.034125][0.039275,0.904781,0][-0.422208,-1,-0.314346][-0.997779,0.0595311,0.029881][0.035413,0.895689,0][-0.364956,-0.898485,-0.133582][-0.962912,0.0903451,0.254239][0.015846,0.914396,0][-0.404098,-0.923296,-0.5119][-0.98853,0.0441581,-0.144425][0.061983,0.898958,0][-0.364956,-0.923989,-0.692404][-0.94717,0.0339611,-0.318928][0.084794,0.893255,0][-0.368527,-1,-0.694643][-0.946556,0.0337891,-0.320766][0.082423,0.883976,0][-0.368527,-1,-0.694643][-0.946556,0.0337891,-0.320766][0.082423,0.883976,0][-0.408093,-1,-0.506335][-0.98947,0.0441781,-0.137835][0.058907,0.889767,0][-0.404098,-0.923296,-0.5119][-0.98853,0.0441581,-0.144425][0.061983,0.898958,0][-0.298833,-0.923162,-0.828539][-0.714309,0.00590406,-0.699805][0.102785,0.888872,0][-0.297667,-1.00017,-0.828605][-0.711602,0.00570906,-0.70256][0.100994,0.879624,0][-0.368527,-1,-0.694643][-0.946556,0.0337891,-0.320766][0.082423,0.883976,0][-0.368527,-1,-0.694643][-0.946556,0.0337891,-0.320766][0.082423,0.883976,0][-0.364956,-0.923989,-0.692404][-0.94717,0.0339611,-0.318928][0.084794,0.893255,0][-0.298833,-0.923162,-0.828539][-0.714309,0.00590406,-0.699805][0.102785,0.888872,0][-0.0318352,-0.921635,-0.90023][0.103561,-0.00834701,-0.994588][0.134434,0.886747,0][-0.0304702,-1.0006,-0.898739][0.107892,-0.00819101,-0.994129][0.135188,0.877792,0][-0.176373,-1.00065,-0.887179][-0.252916,-0.013431,-0.967395][0.117641,0.87763,0][-0.176373,-1.00065,-0.887179][-0.252916,-0.013431,-0.967395][0.117641,0.87763,0][-0.178192,-0.922334,-0.887761][-0.257103,-0.013392,-0.966291][0.118126,0.886855,0][-0.0318352,-0.921635,-0.90023][0.103561,-0.00834701,-0.994588][0.134434,0.886747,0][0.21273,-1,-0.776936][0.808488,0.0486819,-0.586495][0.166424,0.883524,0][0.112088,-1.00016,-0.856871][0.45449,0.013164,-0.890655][0.152226,0.880161,0][0.110801,-0.922372,-0.856427][0.451705,0.012911,-0.892074][0.150426,0.888636,0][0.110801,-0.922372,-0.856427][0.451705,0.012911,-0.892074][0.150426,0.888636,0][0.210325,-0.922716,-0.774462][0.808756,0.0487119,-0.586123][0.164226,0.892022,0][0.21273,-1,-0.776936][0.808488,0.0486819,-0.586495][0.166424,0.883524,0][0.303598,-1,-0.5947][0.923397,0.0678669,-0.377798][0.188866,0.889074,0][0.21273,-1,-0.776936][0.808488,0.0486819,-0.586495][0.166424,0.883524,0][0.210325,-0.922716,-0.774462][0.808756,0.0487119,-0.586123][0.164226,0.892022,0][0.210325,-0.922716,-0.774462][0.808756,0.0487119,-0.586123][0.164226,0.892022,0][0.297195,-0.925462,-0.594622][0.922136,0.0674479,-0.380941][0.186521,0.897238,0][0.303598,-1,-0.5947][0.923397,0.0678669,-0.377798][0.188866,0.889074,0][0.303598,-1,-0.5947][0.923397,0.0678669,-0.377798][0.188866,0.889074,0][0.297195,-0.925462,-0.594622][0.922136,0.0674479,-0.380941][0.186521,0.897238,0][0.33601,-0.925504,-0.465593][0.977615,0.0847099,-0.192598][0.201321,0.901107,0][0.33601,-0.925504,-0.465593][0.977615,0.0847099,-0.192598][0.201321,0.901107,0][0.343163,-1,-0.461699][0.979198,0.0851339,-0.184181][0.204105,0.893068,0][0.303598,-1,-0.5947][0.923397,0.0678669,-0.377798][0.188866,0.889074,0][0.349272,-0.898492,-0.133582][0.995131,0.0979489,-0.010935][0.236796,0.914396,0][0.357277,-1,-0.314346][0.993526,0.0922969,-0.066231][0.220291,0.897592,0][0.349858,-0.925552,-0.322641][0.993703,0.0926319,-0.063033][0.217027,0.90549,0][0.297195,-0.925462,-0.594622][0.889071,-0.237838,-0.391135][0.163585,0.832637,0][0.210325,-0.922716,-0.774462][0.846249,-0.120437,-0.518996][0.151846,0.820915,0][0.213974,-0.874935,-0.768216][0.777414,-0.0802101,-0.623854][0.149605,0.824255,0][0.213974,-0.874935,-0.768216][0.777414,-0.0802101,-0.623854][0.149605,0.824255,0][0.304074,-0.897906,-0.604886][0.886509,-0.179139,-0.426627][0.161397,0.833863,0][0.297195,-0.925462,-0.594622][0.889071,-0.237838,-0.391135][0.163585,0.832637,0][0.297195,-0.925462,-0.594622][0.889071,-0.237838,-0.391135][0.163585,0.832637,0][0.304074,-0.897906,-0.604886][0.886509,-0.179139,-0.426627][0.161397,0.833863,0][0.343697,-0.902395,-0.475739][0.942217,-0.269764,-0.198632][0.169104,0.842116,0][0.343697,-0.902395,-0.475739][0.942217,-0.269764,-0.198632][0.169104,0.842116,0][0.33601,-0.925504,-0.465593][0.906795,-0.383711,-0.174609][0.171214,0.841227,0][0.297195,-0.925462,-0.594622][0.889071,-0.237838,-0.391135][0.163585,0.832637,0][0.357833,-0.907369,-0.332657][0.975085,-0.220892,-0.020384][0.17791,0.85146,0][0.349272,-0.898492,-0.133582][0.993991,-0.103176,0.036575][0.190708,0.864587,0][0.349858,-0.925552,-0.322641][0.922646,-0.385211,-0.018338][0.179832,0.850826,0][0.349272,-0.898492,-0.133582][0.993991,-0.103176,0.036575][0.190708,0.864587,0][0.35607,-0.857068,-0.121368][0.965452,0.260065,0.016417][0.189213,0.868355,0][0.3456,-0.853533,0.0597351][0.956746,0.254913,0.140202][0.203158,0.877504,0][0.3456,-0.853533,0.0597351][0.956746,0.254913,0.140202][0.203158,0.877504,0][0.348413,-0.898513,0.0616511][0.987002,-0.0131681,0.160167][0.205241,0.874051,0][0.349272,-0.898492,-0.133582][0.993991,-0.103176,0.036575][0.190708,0.864587,0][0.297195,-0.898513,0.228636][0.891164,-0.0293461,0.452731][0.218827,0.880706,0][0.348413,-0.898513,0.0616511][0.987002,-0.0131681,0.160167][0.205241,0.874051,0][0.3456,-0.853533,0.0597351][0.956746,0.254913,0.140202][0.203158,0.877504,0][0.3456,-0.853533,0.0597351][0.956746,0.254913,0.140202][0.203158,0.877504,0][0.294397,-0.853533,0.242746][0.847698,0.183527,0.497721][0.218182,0.88471,0][0.297195,-0.898513,0.228636][0.891164,-0.0293461,0.452731][0.218827,0.880706,0][0.157268,-0.898513,0.401118][0.557202,-0.0899231,0.825494][0.235955,0.888807,0][0.297195,-0.898513,0.228636][0.891164,-0.0293461,0.452731][0.218827,0.880706,0][0.294397,-0.853533,0.242746][0.847698,0.183527,0.497721][0.218182,0.88471,0][0.294397,-0.853533,0.242746][0.847698,0.183527,0.497721][0.218182,0.88471,0][0.154507,-0.853533,0.406302][0.51665,0.169507,0.83925][0.234476,0.892329,0][0.157268,-0.898513,0.401118][0.557202,-0.0899231,0.825494][0.235955,0.888807,0][-0.0338822,-0.898513,0.446795][0.00856599,-0.095861,0.995358][0.249999,0.897652,0][0.157268,-0.898513,0.401118][0.557202,-0.0899231,0.825494][0.235955,0.888807,0][0.154507,-0.853533,0.406302][0.51665,0.169507,0.83925][0.234476,0.892329,0][0.154507,-0.853533,0.406302][0.51665,0.169507,0.83925][0.234476,0.892329,0][-0.0365882,-0.853533,0.450334][-0.00262699,0.162584,0.986691][0.248154,0.901094,0][-0.0338822,-0.898513,0.446795][0.00856599,-0.095861,0.995358][0.249999,0.897652,0][-0.225028,-0.898513,0.401118][-0.53632,-0.153546,0.82993][0.013432,0.890823,0][-0.0338822,-0.898513,0.446795][0.00856599,-0.095861,0.995358][0,0.899659,0][-0.0365882,-0.853533,0.450334][-0.00262699,0.162584,0.986691][0.002155,0.902664,0][-0.0365882,-0.853533,0.450334][-0.00262699,0.162584,0.986691][0.002155,0.902664,0][-0.227682,-0.853533,0.406302][-0.526007,0.117879,0.842272][0.015258,0.894095,0][-0.225028,-0.898513,0.401118][-0.53632,-0.153546,0.82993][0.013432,0.890823,0][-0.367573,-0.853533,0.242746][-0.858744,0.10173,0.502205][0.030635,0.886269,0][-0.364956,-0.898513,0.228636][-0.879657,-0.137073,0.455428][0.029681,0.882439,0][-0.225028,-0.898513,0.401118][-0.53632,-0.153546,0.82993][0.013432,0.890823,0][-0.225028,-0.898513,0.401118][-0.53632,-0.153546,0.82993][0.013432,0.890823,0][-0.227682,-0.853533,0.406302][-0.526007,0.117879,0.842272][0.015258,0.894095,0][-0.367573,-0.853533,0.242746][-0.858744,0.10173,0.502205][0.030635,0.886269,0][-0.416174,-0.898513,0.0616511][-0.991065,-0.133044,0.00943][0.042561,0.875494,0][-0.364956,-0.898513,0.228636][-0.879657,-0.137073,0.455428][0.029681,0.882439,0][-0.367573,-0.853533,0.242746][-0.858744,0.10173,0.502205][0.030635,0.886269,0][-0.367573,-0.853533,0.242746][-0.858744,0.10173,0.502205][0.030635,0.886269,0][-0.418776,-0.853533,0.0597351][-0.992986,0.117861,0.009399][0.044642,0.87869,0][-0.416174,-0.898513,0.0616511][-0.991065,-0.133044,0.00943][0.042561,0.875494,0][-0.416174,-0.898513,0.0616511][-0.991065,-0.133044,0.00943][0.042561,0.875494,0][-0.418776,-0.853533,0.0597351][-0.992986,0.117861,0.009399][0.044642,0.87869,0][-0.381457,-0.843515,-0.121368][-0.996811,0.0797611,-0.002461][0.059721,0.870338,0][-0.381457,-0.843515,-0.121368][-0.996811,0.0797611,-0.002461][0.059721,0.870338,0][-0.364956,-0.898485,-0.133582][-0.977723,-0.199829,0.064237][0.056969,0.865473,0][-0.416174,-0.898513,0.0616511][-0.991065,-0.133044,0.00943][0.042561,0.875494,0][-0.364956,-0.898485,-0.133582][-0.977723,-0.199829,0.064237][0.056969,0.865473,0][-0.423357,-0.893849,-0.325592][-0.977677,-0.188494,0.092831][0.069522,0.852736,0][-0.418059,-0.922528,-0.326162][-0.97696,-0.207133,0.051434][0.067571,0.851104,0][-0.404098,-0.923296,-0.5119][-0.965402,-0.221746,-0.137215][0.077011,0.838366,0][-0.411301,-0.89611,-0.511395][-0.976441,-0.161091,-0.143572][0.078827,0.839859,0][-0.373364,-0.898152,-0.679102][-0.929668,-0.131164,-0.344258][0.08695,0.828337,0][-0.373364,-0.898152,-0.679102][-0.929668,-0.131164,-0.344258][0.08695,0.828337,0][-0.364956,-0.923989,-0.692404][-0.940638,-0.173627,-0.291641][0.086067,0.825905,0][-0.404098,-0.923296,-0.5119][-0.965402,-0.221746,-0.137215][0.077011,0.838366,0][-0.364956,-0.923989,-0.692404][-0.940638,-0.173627,-0.291641][0.086067,0.825905,0][-0.373364,-0.898152,-0.679102][-0.929668,-0.131164,-0.344258][0.08695,0.828337,0][-0.332217,-0.886656,-0.749174][-0.839064,-0.0732979,-0.539073][0.091776,0.823537,0][-0.0326582,-0.870796,-0.904522][0.098166,0.01493,-0.995058][0.134054,0.892164,0][-0.0318352,-0.921635,-0.90023][0.110755,-0.087286,-0.990007][0.134434,0.886747,0][-0.178192,-0.922334,-0.887761][-0.247022,-0.109257,-0.962831][0.118126,0.886855,0][-0.178192,-0.922334,-0.887761][-0.247022,-0.109257,-0.962831][0.118126,0.886855,0][-0.18102,-0.873091,-0.892412][-0.247826,0.00639002,-0.968783][0.118354,0.89229,0][-0.0326582,-0.870796,-0.904522][0.098166,0.01493,-0.995058][0.134054,0.892164,0][0.158921,-0.873935,-0.805573][0.555819,0.00677695,-0.831276][0.145439,0.820655,0][0.213974,-0.874935,-0.768216][0.777414,-0.0802101,-0.623854][0.149605,0.824255,0][0.210325,-0.922716,-0.774462][0.846249,-0.120437,-0.518996][0.151846,0.820915,0][0.349272,-0.898492,-0.133582][-9.39985e-005,0.017121,-0.999853][0.088642,0.684044,0][0.354398,-0.999961,-0.135295][-9.39985e-005,0.017121,-0.999853][0.095449,0.684417,0][-0.0324662,-1.00004,-0.135285][-9.39985e-005,0.017121,-0.999853][0.095569,0.65846,0][-0.0324662,-1.00004,-0.135285][-9.39985e-005,0.017121,-0.999853][0.095569,0.65846,0][-0.0324662,-0.898541,-0.133522][-9.39985e-005,0.017121,-0.999853][0.088756,0.658427,0][0.349272,-0.898492,-0.133582][-9.39985e-005,0.017121,-0.999853][0.088642,0.684044,0][-0.0324662,-1.00004,-0.135285][0.000109001,0.017124,-0.999853][0.095569,0.65846,0][-0.363413,-0.999961,-0.135295][0.000109001,0.017124,-0.999853][0.095682,0.636258,0][-0.364956,-0.898485,-0.133582][0.000109001,0.017124,-0.999853][0.088875,0.636118,0][-0.364956,-0.898485,-0.133582][0.000109001,0.017124,-0.999853][0.088875,0.636118,0][-0.0324662,-0.898541,-0.133522][0.000109001,0.017124,-0.999853][0.088756,0.658427,0][-0.0324662,-1.00004,-0.135285][0.000109001,0.017124,-0.999853][0.095569,0.65846,0][0.35607,-0.857068,-0.121368][0.965452,0.260065,0.016417][0.189213,0.868355,0][0.361869,-0.866482,-0.337431][0.993473,0.113797,0.007911][0.174856,0.853788,0][0.320451,-0.822044,-0.115724][0.908788,0.41669,-0.021773][0.186779,0.872696,0][0.361869,-0.866482,-0.337431][0.993473,0.113797,0.007911][0.174856,0.853788,0][0.342706,-0.822888,-0.359309][0.708121,0.705935,0.014829][0.170015,0.855277,0][0.320451,-0.822044,-0.115724][0.908788,0.41669,-0.021773][0.186779,0.872696,0][0.320451,-0.822044,-0.115724][0.908788,0.41669,-0.021773][0.186779,0.872696,0][0.342706,-0.822888,-0.359309][0.708121,0.705935,0.014829][0.170015,0.855277,0][0.318023,-0.796397,-0.250534][0.661399,0.74584,-0.079211][0.175325,0.865261,0][0.3456,-0.853533,0.0597351][0.956746,0.254913,0.140202][0.203158,0.877504,0][0.35607,-0.857068,-0.121368][0.965452,0.260065,0.016417][0.189213,0.868355,0][0.320451,-0.822044,-0.115724][0.908788,0.41669,-0.021773][0.186779,0.872696,0][0.320451,-0.822044,-0.115724][0.908788,0.41669,-0.021773][0.186779,0.872696,0][0.32804,-0.81746,0.0587011][0.928943,0.353796,0.109054][0.201606,0.880818,0][0.3456,-0.853533,0.0597351][0.956746,0.254913,0.140202][0.203158,0.877504,0][0.278992,-0.81746,0.232788][0.805625,0.366731,0.465272][0.21658,0.887844,0][0.294397,-0.853533,0.242746][0.847698,0.183527,0.497721][0.218182,0.88471,0][0.3456,-0.853533,0.0597351][0.956746,0.254913,0.140202][0.203158,0.877504,0][0.3456,-0.853533,0.0597351][0.956746,0.254913,0.140202][0.203158,0.877504,0][0.32804,-0.81746,0.0587011][0.928943,0.353796,0.109054][0.201606,0.880818,0][0.278992,-0.81746,0.232788][0.805625,0.366731,0.465272][0.21658,0.887844,0][0.154507,-0.853533,0.406302][0.51665,0.169507,0.83925][0.234476,0.892329,0][0.294397,-0.853533,0.242746][0.847698,0.183527,0.497721][0.218182,0.88471,0][0.278992,-0.81746,0.232788][0.805625,0.366731,0.465272][0.21658,0.887844,0][0.278992,-0.81746,0.232788][0.805625,0.366731,0.465272][0.21658,0.887844,0][0.144995,-0.81746,0.389017][0.462498,0.440417,0.769499][0.232773,0.895332,0][0.154507,-0.853533,0.406302][0.51665,0.169507,0.83925][0.234476,0.892329,0][0.154507,-0.853533,0.406302][0.51665,0.169507,0.83925][0.234476,0.892329,0][0.144995,-0.81746,0.389017][0.462498,0.440417,0.769499][0.232773,0.895332,0][-0.0380532,-0.81746,0.43216][0.00123004,0.452914,0.891554][0.246132,0.903815,0][-0.0380532,-0.81746,0.43216][0.00123004,0.452914,0.891554][0.246132,0.903815,0][-0.0365882,-0.853533,0.450334][-0.00262699,0.162584,0.986691][0.248154,0.901094,0][0.154507,-0.853533,0.406302][0.51665,0.169507,0.83925][0.234476,0.892329,0][-0.0380532,-0.81746,0.43216][0.00123004,0.452914,0.891554][0.004387,0.905186,0][-0.221101,-0.81746,0.389017][-0.467244,0.410659,0.78297][0.017113,0.896777,0][-0.227682,-0.853533,0.406302][-0.526007,0.117879,0.842272][0.015258,0.894095,0][-0.227682,-0.853533,0.406302][-0.526007,0.117879,0.842272][0.015258,0.894095,0][-0.0365882,-0.853533,0.450334][-0.00262699,0.162584,0.986691][0.002155,0.902664,0][-0.0380532,-0.81746,0.43216][0.00123004,0.452914,0.891554][0.004387,0.905186,0][-0.3551,-0.81746,0.232788][-0.823126,0.308116,0.477][0.032375,0.889084,0][-0.367573,-0.853533,0.242746][-0.858744,0.10173,0.502205][0.030635,0.886269,0][-0.227682,-0.853533,0.406302][-0.526007,0.117879,0.842272][0.015258,0.894095,0][-0.227682,-0.853533,0.406302][-0.526007,0.117879,0.842272][0.015258,0.894095,0][-0.221101,-0.81746,0.389017][-0.467244,0.410659,0.78297][0.017113,0.896777,0][-0.3551,-0.81746,0.232788][-0.823126,0.308116,0.477][0.032375,0.889084,0][-0.404147,-0.81746,0.0587011][-0.961899,0.273078,0.013341][0.046389,0.881603,0][-0.418776,-0.853533,0.0597351][-0.992986,0.117861,0.009399][0.044642,0.87869,0][-0.367573,-0.853533,0.242746][-0.858744,0.10173,0.502205][0.030635,0.886269,0][-0.367573,-0.853533,0.242746][-0.858744,0.10173,0.502205][0.030635,0.886269,0][-0.3551,-0.81746,0.232788][-0.823126,0.308116,0.477][0.032375,0.889084,0][-0.404147,-0.81746,0.0587011][-0.961899,0.273078,0.013341][0.046389,0.881603,0][-0.3551,-0.801965,-0.115724][-0.954805,0.285587,-0.082389][0.062322,0.874561,0][-0.381457,-0.843515,-0.121368][-0.996811,0.0797611,-0.002461][0.059721,0.870338,0][-0.418776,-0.853533,0.0597351][-0.992986,0.117861,0.009399][0.044642,0.87869,0][-0.418776,-0.853533,0.0597351][-0.992986,0.117861,0.009399][0.044642,0.87869,0][-0.404147,-0.81746,0.0587011][-0.961899,0.273078,0.013341][0.046389,0.881603,0][-0.3551,-0.801965,-0.115724][-0.954805,0.285587,-0.082389][0.062322,0.874561,0][-0.381457,-0.843515,-0.121368][-0.996811,0.0797611,-0.002461][0.059721,0.870338,0][-0.3551,-0.801965,-0.115724][-0.954805,0.285587,-0.082389][0.062322,0.874561,0][-0.430144,-0.837798,-0.329362][-0.989816,0.105535,0.095539][0.073639,0.855564,0][-0.430144,-0.837798,-0.329362][-0.989816,0.105535,0.095539][0.073639,0.855564,0][-0.3551,-0.801965,-0.115724][-0.954805,0.285587,-0.082389][0.062322,0.874561,0][-0.395793,-0.760602,-0.339302][-0.721385,0.689302,0.066834][0.080451,0.859778,0][-0.369019,-0.747361,-0.239116][-0.677394,0.735436,-0.016466][0.074861,0.868891,0][-0.395793,-0.760602,-0.339302][-0.721385,0.689302,0.066834][0.080451,0.859778,0][-0.3551,-0.801965,-0.115724][-0.954805,0.285587,-0.082389][0.062322,0.874561,0][-0.369019,-0.747361,-0.239116][-0.677394,0.735436,-0.016466][0.074861,0.868891,0][-0.250263,-0.678722,-0.407245][-0.414956,0.905273,-0.091063][0.099158,0.864002,0][-0.26984,-0.694624,-0.496692][-0.267012,0.955765,0.12336][0.100631,0.854264,0][-0.26984,-0.694624,-0.496692][-0.267012,0.955765,0.12336][0.100631,0.854264,0][-0.395793,-0.760602,-0.339302][-0.721385,0.689302,0.066834][0.080451,0.859778,0][-0.369019,-0.747361,-0.239116][-0.677394,0.735436,-0.016466][0.074861,0.868891,0][-0.149251,-0.672394,-0.551595][-0.0743319,0.988235,0.133663][0.113419,0.852171,0][-0.140067,-0.667861,-0.439282][-0.109112,0.984191,-0.139507][0.112467,0.864138,0][-0.0403022,-0.665672,-0.45097][0.0696561,0.993373,-0.091427][0.124051,0.86384,0][-0.0403022,-0.665672,-0.45097][0.0696561,0.993373,-0.091427][0.124051,0.86384,0][-0.0400771,-0.661345,-0.573898][0.0578841,0.98735,0.147615][0.123882,0.850712,0][-0.149251,-0.672394,-0.551595][-0.0743319,0.988235,0.133663][0.113419,0.852171,0][0.205403,-0.72211,-0.492847][0.43121,0.898004,0.087447][0.14935,0.853203,0][0.0895368,-0.68795,-0.54285][0.19271,0.973365,0.124193][0.1367,0.852247,0][0.0729238,-0.683494,-0.441056][0.219719,0.969736,-0.106466][0.137222,0.863119,0][0.0729238,-0.683494,-0.441056][0.219719,0.969736,-0.106466][0.137222,0.863119,0][0.187094,-0.709522,-0.412806][0.50728,0.856821,-0.092328][0.150749,0.861666,0][0.205403,-0.72211,-0.492847][0.43121,0.898004,0.087447][0.14935,0.853203,0][0.187094,-0.709522,-0.412806][0.50728,0.856821,-0.092328][0.150749,0.861666,0][0.318023,-0.796397,-0.250534][0.661399,0.74584,-0.079211][0.175325,0.865261,0][0.342706,-0.822888,-0.359309][0.708121,0.705935,0.014829][0.170015,0.855277,0][0.342706,-0.822888,-0.359309][0.708121,0.705935,0.014829][0.170015,0.855277,0][0.205403,-0.72211,-0.492847][0.43121,0.898004,0.087447][0.14935,0.853203,0][0.187094,-0.709522,-0.412806][0.50728,0.856821,-0.092328][0.150749,0.861666,0][0.312822,-0.849548,-0.609973][0.895597,0.176566,-0.408327][0.158343,0.836477,0][0.304074,-0.897906,-0.604886][0.886509,-0.179139,-0.426627][0.161397,0.833863,0][0.213974,-0.874935,-0.768216][0.777414,-0.0802101,-0.623854][0.149605,0.824255,0][0.213974,-0.874935,-0.768216][0.777414,-0.0802101,-0.623854][0.149605,0.824255,0][0.218968,-0.807149,-0.765217][0.732774,0.316682,-0.602291][0.146284,0.828487,0][0.312822,-0.849548,-0.609973][0.895597,0.176566,-0.408327][0.158343,0.836477,0][0.158921,-0.873935,-0.805573][0.555819,0.00677695,-0.831276][0.145439,0.820655,0][0.105808,-0.780241,-0.840109][0.442245,0.512672,-0.735926][0.136413,0.823629,0][0.218968,-0.807149,-0.765217][0.732774,0.316682,-0.602291][0.146284,0.828487,0][0.218968,-0.807149,-0.765217][0.732774,0.316682,-0.602291][0.146284,0.828487,0][0.213974,-0.874935,-0.768216][0.777414,-0.0802101,-0.623854][0.149605,0.824255,0][0.158921,-0.873935,-0.805573][0.555819,0.00677695,-0.831276][0.145439,0.820655,0][-0.18102,-0.873091,-0.892412][-0.247826,0.00639002,-0.968783][0.118354,0.89229,0][-0.184861,-0.763639,-0.884855][-0.25072,0.058686,-0.966279][0.118714,0.903886,0][-0.0338221,-0.767771,-0.896503][0.08786,0.063675,-0.994096][0.133596,0.903155,0][-0.0338221,-0.767771,-0.896503][0.08786,0.063675,-0.994096][0.133596,0.903155,0][-0.0326582,-0.870796,-0.904522][0.098166,0.01493,-0.995058][0.134054,0.892164,0][-0.18102,-0.873091,-0.892412][-0.247826,0.00639002,-0.968783][0.118354,0.89229,0][-0.373364,-0.898152,-0.679102][-0.929668,-0.131164,-0.344258][0.08695,0.828337,0][-0.384872,-0.805169,-0.678531][-0.920764,0.129195,-0.368107][0.092626,0.833084,0][-0.298241,-0.777304,-0.81249][-0.639475,0.420561,-0.643584][0.102582,0.824991,0][-0.298241,-0.777304,-0.81249][-0.639475,0.420561,-0.643584][0.102582,0.824991,0][-0.332217,-0.886656,-0.749174][-0.839064,-0.0732979,-0.539073][0.091776,0.823537,0][-0.373364,-0.898152,-0.679102][-0.929668,-0.131164,-0.344258][0.08695,0.828337,0][-0.421532,-0.827777,-0.515449][-0.988293,0.102376,-0.113119][0.083631,0.843026,0][-0.384872,-0.805169,-0.678531][-0.920764,0.129195,-0.368107][0.092626,0.833084,0][-0.373364,-0.898152,-0.679102][-0.929668,-0.131164,-0.344258][0.08695,0.828337,0][-0.373364,-0.898152,-0.679102][-0.929668,-0.131164,-0.344258][0.08695,0.828337,0][-0.411301,-0.89611,-0.511395][-0.976441,-0.161091,-0.143572][0.078827,0.839859,0][-0.421532,-0.827777,-0.515449][-0.988293,0.102376,-0.113119][0.083631,0.843026,0][-0.364956,-0.898485,-0.133582][-0.977723,-0.199829,0.064237][0.056969,0.865473,0][-0.381457,-0.843515,-0.121368][-0.996811,0.0797611,-0.002461][0.059721,0.870338,0][-0.430144,-0.837798,-0.329362][-0.989816,0.105535,0.095539][0.073639,0.855564,0][-0.430144,-0.837798,-0.329362][-0.989816,0.105535,0.095539][0.073639,0.855564,0][-0.423357,-0.893849,-0.325592][-0.977677,-0.188494,0.092831][0.069522,0.852736,0][-0.364956,-0.898485,-0.133582][-0.977723,-0.199829,0.064237][0.056969,0.865473,0][0.349272,-0.898492,-0.133582][0.993991,-0.103176,0.036575][0.190708,0.864587,0][0.357833,-0.907369,-0.332657][0.975085,-0.220892,-0.020384][0.17791,0.85146,0][0.361869,-0.866482,-0.337431][0.993473,0.113797,0.007911][0.174856,0.853788,0][0.361869,-0.866482,-0.337431][0.993473,0.113797,0.007911][0.174856,0.853788,0][0.35607,-0.857068,-0.121368][0.965452,0.260065,0.016417][0.189213,0.868355,0][0.349272,-0.898492,-0.133582][0.993991,-0.103176,0.036575][0.190708,0.864587,0][0.304074,-0.897906,-0.604886][0.886509,-0.179139,-0.426627][0.161397,0.833863,0][0.312822,-0.849548,-0.609973][0.895597,0.176566,-0.408327][0.158343,0.836477,0][0.355267,-0.857579,-0.480678][0.975219,0.128006,-0.18045][0.165957,0.844495,0][0.355267,-0.857579,-0.480678][0.975219,0.128006,-0.18045][0.165957,0.844495,0][0.343697,-0.902395,-0.475739][0.942217,-0.269764,-0.198632][0.169104,0.842116,0][0.304074,-0.897906,-0.604886][0.886509,-0.179139,-0.426627][0.161397,0.833863,0][-0.0403022,-0.665672,-0.45097][0.0696561,0.993373,-0.091427][0.124051,0.86384,0][-0.0406002,-0.645467,-0.364126][0.0584181,0.856201,-0.513329][0.124216,0.87507,0][0.0555319,-0.6571,-0.352501][0.255355,0.814439,-0.521041][0.137306,0.874759,0][0.0555319,-0.6571,-0.352501][0.255355,0.814439,-0.521041][0.137306,0.874759,0][0.0729238,-0.683494,-0.441056][0.219719,0.969736,-0.106466][0.137222,0.863119,0][-0.0403022,-0.665672,-0.45097][0.0696561,0.993373,-0.091427][0.124051,0.86384,0][-0.0403022,-0.665672,-0.45097][0.0696561,0.993373,-0.091427][0.124051,0.86384,0][0.0729238,-0.683494,-0.441056][0.219719,0.969736,-0.106466][0.137222,0.863119,0][0.0895368,-0.68795,-0.54285][0.19271,0.973365,0.124193][0.1367,0.852247,0][0.0895368,-0.68795,-0.54285][0.19271,0.973365,0.124193][0.1367,0.852247,0][-0.0400771,-0.661345,-0.573898][0.0578841,0.98735,0.147615][0.123882,0.850712,0][-0.0403022,-0.665672,-0.45097][0.0696561,0.993373,-0.091427][0.124051,0.86384,0][-0.0392511,-0.633053,-0.69426][0.0631671,0.997212,0.039715][0.123703,0.839946,0][0.0987588,-0.660986,-0.661053][0.244431,0.968125,0.054655][0.134969,0.841607,0][0.0977118,-0.671671,-0.759611][0.394978,0.759911,-0.516263][0.133895,0.834,0][0.0977118,-0.671671,-0.759611][0.394978,0.759911,-0.516263][0.133895,0.834,0][-0.0380202,-0.649464,-0.799994][0.0973621,0.797499,-0.595413][0.123739,0.83189,0][-0.0392511,-0.633053,-0.69426][0.0631671,0.997212,0.039715][0.123703,0.839946,0][0.0977118,-0.671671,-0.759611][0.394978,0.759911,-0.516263][0.133895,0.834,0][0.105808,-0.780241,-0.840109][0.442245,0.512672,-0.735926][0.136413,0.823629,0][-0.0357332,-0.768923,-0.877623][0.108959,0.571141,-0.813588][0.124738,0.821235,0][-0.0357332,-0.768923,-0.877623][0.108959,0.571141,-0.813588][0.124738,0.821235,0][-0.0380202,-0.649464,-0.799994][0.0973621,0.797499,-0.595413][0.123739,0.83189,0][0.0977118,-0.671671,-0.759611][0.394978,0.759911,-0.516263][0.133895,0.834,0][0.113901,-0.779623,-0.857374][0.299378,0.050293,-0.952808][0.147341,0.90161,0][0.112165,-0.873105,-0.860378][0.364979,-0.018428,-0.930833][0.149379,0.893681,0][-0.0326582,-0.870796,-0.904522][0.098166,0.01493,-0.995058][0.134054,0.892164,0][-0.0326582,-0.870796,-0.904522][0.098166,0.01493,-0.995058][0.134054,0.892164,0][-0.0338221,-0.767771,-0.896503][0.08786,0.063675,-0.994096][0.133596,0.903155,0][0.113901,-0.779623,-0.857374][0.299378,0.050293,-0.952808][0.147341,0.90161,0][-0.0326582,-0.870796,-0.904522][0.098166,0.01493,-0.995058][0.134054,0.892164,0][0.112165,-0.873105,-0.860378][0.364979,-0.018428,-0.930833][0.149379,0.893681,0][0.110801,-0.922372,-0.856427][0.420492,-0.117049,-0.899714][0.150426,0.888636,0][0.110801,-0.922372,-0.856427][0.420492,-0.117049,-0.899714][0.150426,0.888636,0][-0.0318352,-0.921635,-0.90023][0.110755,-0.087286,-0.990007][0.134434,0.886747,0][-0.0326582,-0.870796,-0.904522][0.098166,0.01493,-0.995058][0.134054,0.892164,0][0.112088,-1.00016,-0.856871][0.45449,0.013164,-0.890655][0.152226,0.880161,0][-0.0304702,-1.0006,-0.898739][0.107892,-0.00819101,-0.994129][0.135188,0.877792,0][-0.0318352,-0.921635,-0.90023][0.103561,-0.00834701,-0.994588][0.134434,0.886747,0][-0.0318352,-0.921635,-0.90023][0.103561,-0.00834701,-0.994588][0.134434,0.886747,0][0.110801,-0.922372,-0.856427][0.451705,0.012911,-0.892074][0.150426,0.888636,0][0.112088,-1.00016,-0.856871][0.45449,0.013164,-0.890655][0.152226,0.880161,0][-0.0324662,-1,-0.879871][-9.30874e-005,-0.999995,0.003184][0.036921,0.658164,0][0.103818,-1,-0.839669][-0.000401087,-0.999999,0.001522][0.039571,0.667324,0][0.110028,-1,-0.673063][0,-1,0][0.050752,0.667802,0][0.110028,-1,-0.673063][0,-1,0][0.050752,0.667802,0][-0.0324662,-1,-0.694367][0,-1,0][0.049373,0.658228,0][-0.0324662,-1,-0.879871][-9.30874e-005,-0.999995,0.003184][0.036921,0.658164,0][-0.233664,-0.645467,-0.322526][-0.631702,0.711619,-0.307492][0.097294,0.875134,0][-0.132337,-0.641455,-0.353448][-0.148111,0.858395,-0.491143][0.111582,0.875333,0][-0.140067,-0.667861,-0.439282][-0.109112,0.984191,-0.139507][0.112467,0.864138,0][-0.140067,-0.667861,-0.439282][-0.109112,0.984191,-0.139507][0.112467,0.864138,0][-0.250263,-0.678722,-0.407245][-0.414956,0.905273,-0.091063][0.099158,0.864002,0][-0.233664,-0.645467,-0.322526][-0.631702,0.711619,-0.307492][0.097294,0.875134,0][-0.250263,-0.678722,-0.407245][-0.414956,0.905273,-0.091063][0.099158,0.864002,0][-0.140067,-0.667861,-0.439282][-0.109112,0.984191,-0.139507][0.112467,0.864138,0][-0.149251,-0.672394,-0.551595][-0.0743319,0.988235,0.133663][0.113419,0.852171,0][-0.149251,-0.672394,-0.551595][-0.0743319,0.988235,0.133663][0.113419,0.852171,0][-0.26984,-0.694624,-0.496692][-0.267012,0.955765,0.12336][0.100631,0.854264,0][-0.250263,-0.678722,-0.407245][-0.414956,0.905273,-0.091063][0.099158,0.864002,0][-0.288866,-0.669569,-0.730436][-0.523627,0.745455,-0.412447][0.105344,0.835198,0][-0.289488,-0.662403,-0.62091][-0.30118,0.9485,0.098173][0.103329,0.843075,0][-0.168828,-0.642733,-0.676558][-0.0921909,0.993483,0.067025][0.11353,0.840796,0][-0.168828,-0.642733,-0.676558][-0.0921909,0.993483,0.067025][0.11353,0.840796,0][-0.176759,-0.65427,-0.784698][-0.208786,0.802378,-0.559105][0.113813,0.832553,0][-0.288866,-0.669569,-0.730436][-0.523627,0.745455,-0.412447][0.105344,0.835198,0][-0.176759,-0.65427,-0.784698][-0.208786,0.802378,-0.559105][0.113813,0.832553,0][-0.180012,-0.764675,-0.866503][-0.223787,0.574774,-0.787118][0.112874,0.821961,0][-0.298241,-0.777304,-0.81249][-0.639475,0.420561,-0.643584][0.102582,0.824991,0][-0.298241,-0.777304,-0.81249][-0.639475,0.420561,-0.643584][0.102582,0.824991,0][-0.288866,-0.669569,-0.730436][-0.523627,0.745455,-0.412447][0.105344,0.835198,0][-0.176759,-0.65427,-0.784698][-0.208786,0.802378,-0.559105][0.113813,0.832553,0][-0.184861,-0.763639,-0.884855][-0.25072,0.058686,-0.966279][0.118714,0.903886,0][-0.18102,-0.873091,-0.892412][-0.247826,0.00639002,-0.968783][0.118354,0.89229,0][-0.303973,-0.876256,-0.833587][-0.576723,-0.0513919,-0.815322][0.10385,0.894146,0][-0.303973,-0.876256,-0.833587][-0.576723,-0.0513919,-0.815322][0.10385,0.894146,0][-0.310641,-0.7772,-0.826157][-0.488854,0.036446,-0.871604][0.105363,0.903263,0][-0.184861,-0.763639,-0.884855][-0.25072,0.058686,-0.966279][0.118714,0.903886,0][-0.18102,-0.873091,-0.892412][-0.247826,0.00639002,-0.968783][0.118354,0.89229,0][-0.178192,-0.922334,-0.887761][-0.247022,-0.109257,-0.962831][0.118126,0.886855,0][-0.298833,-0.923162,-0.828539][-0.636979,-0.204438,-0.743279][0.102785,0.888872,0][-0.298833,-0.923162,-0.828539][-0.636979,-0.204438,-0.743279][0.102785,0.888872,0][-0.303973,-0.876256,-0.833587][-0.576723,-0.0513919,-0.815322][0.10385,0.894146,0][-0.18102,-0.873091,-0.892412][-0.247826,0.00639002,-0.968783][0.118354,0.89229,0][-0.176373,-1.00065,-0.887179][-0.252916,-0.013431,-0.967395][0.117641,0.87763,0][-0.297667,-1.00017,-0.828605][-0.711602,0.00570906,-0.70256][0.100994,0.879624,0][-0.298833,-0.923162,-0.828539][-0.714309,0.00590406,-0.699805][0.102785,0.888872,0][-0.298833,-0.923162,-0.828539][-0.714309,0.00590406,-0.699805][0.102785,0.888872,0][-0.178192,-0.922334,-0.887761][-0.257103,-0.013392,-0.966291][0.118126,0.886855,0][-0.176373,-1.00065,-0.887179][-0.252916,-0.013431,-0.967395][0.117641,0.87763,0][-0.171401,-1,-0.868852][0.000625913,-0.999995,0.003266][0.037708,0.648843,0][-0.173295,-1,-0.68788][0,-1,0][0.049856,0.648776,0][-0.307183,-1,-0.646873][0,-1,0][0.052651,0.639801,0][-0.307183,-1,-0.646873][0,-1,0][0.052651,0.639801,0][-0.285191,-1,-0.814951][0.000944913,-0.999998,0.001852][0.041362,0.641223,0][-0.171401,-1,-0.868852][0.000625913,-0.999995,0.003266][0.037708,0.648843,0][0.214469,-0.701416,-0.599608][0.467928,0.882836,0.04054][0.145803,0.844087,0][0.205403,-0.72211,-0.492847][0.43121,0.898004,0.087447][0.14935,0.853203,0][0.342706,-0.822888,-0.359309][0.708121,0.705935,0.014829][0.170015,0.855277,0][0.342706,-0.822888,-0.359309][0.708121,0.705935,0.014829][0.170015,0.855277,0][0.329119,-0.797466,-0.479291][0.700366,0.713529,0.019086][0.161487,0.847737,0][0.214469,-0.701416,-0.599608][0.467928,0.882836,0.04054][0.145803,0.844087,0][0.214469,-0.701416,-0.599608][0.467928,0.882836,0.04054][0.145803,0.844087,0][0.0987588,-0.660986,-0.661053][0.244431,0.968125,0.054655][0.134969,0.841607,0][0.0895368,-0.68795,-0.54285][0.19271,0.973365,0.124193][0.1367,0.852247,0][0.0895368,-0.68795,-0.54285][0.19271,0.973365,0.124193][0.1367,0.852247,0][0.205403,-0.72211,-0.492847][0.43121,0.898004,0.087447][0.14935,0.853203,0][0.214469,-0.701416,-0.599608][0.467928,0.882836,0.04054][0.145803,0.844087,0][-0.0400771,-0.661345,-0.573898][0.0578841,0.98735,0.147615][0.123882,0.850712,0][0.0895368,-0.68795,-0.54285][0.19271,0.973365,0.124193][0.1367,0.852247,0][0.0987588,-0.660986,-0.661053][0.244431,0.968125,0.054655][0.134969,0.841607,0][0.0987588,-0.660986,-0.661053][0.244431,0.968125,0.054655][0.134969,0.841607,0][-0.0392511,-0.633053,-0.69426][0.0631671,0.997212,0.039715][0.123703,0.839946,0][-0.0400771,-0.661345,-0.573898][0.0578841,0.98735,0.147615][0.123882,0.850712,0][-0.149251,-0.672394,-0.551595][-0.0743319,0.988235,0.133663][0.113419,0.852171,0][-0.0400771,-0.661345,-0.573898][0.0578841,0.98735,0.147615][0.123882,0.850712,0][-0.0392511,-0.633053,-0.69426][0.0631671,0.997212,0.039715][0.123703,0.839946,0][-0.0392511,-0.633053,-0.69426][0.0631671,0.997212,0.039715][0.123703,0.839946,0][-0.168828,-0.642733,-0.676558][-0.0921909,0.993483,0.067025][0.11353,0.840796,0][-0.149251,-0.672394,-0.551595][-0.0743319,0.988235,0.133663][0.113419,0.852171,0][-0.149251,-0.672394,-0.551595][-0.0743319,0.988235,0.133663][0.113419,0.852171,0][-0.168828,-0.642733,-0.676558][-0.0921909,0.993483,0.067025][0.11353,0.840796,0][-0.289488,-0.662403,-0.62091][-0.30118,0.9485,0.098173][0.103329,0.843075,0][-0.289488,-0.662403,-0.62091][-0.30118,0.9485,0.098173][0.103329,0.843075,0][-0.26984,-0.694624,-0.496692][-0.267012,0.955765,0.12336][0.100631,0.854264,0][-0.149251,-0.672394,-0.551595][-0.0743319,0.988235,0.133663][0.113419,0.852171,0][-0.395793,-0.760602,-0.339302][-0.721385,0.689302,0.066834][0.080451,0.859778,0][-0.26984,-0.694624,-0.496692][-0.267012,0.955765,0.12336][0.100631,0.854264,0][-0.289488,-0.662403,-0.62091][-0.30118,0.9485,0.098173][0.103329,0.843075,0][-0.289488,-0.662403,-0.62091][-0.30118,0.9485,0.098173][0.103329,0.843075,0][-0.394281,-0.732786,-0.512484][-0.706812,0.705019,0.058013][0.090581,0.847413,0][-0.395793,-0.760602,-0.339302][-0.721385,0.689302,0.066834][0.080451,0.859778,0][-0.394281,-0.732786,-0.512484][-0.706812,0.705019,0.058013][0.090581,0.847413,0][-0.421532,-0.827777,-0.515449][-0.988293,0.102376,-0.113119][0.083631,0.843026,0][-0.430144,-0.837798,-0.329362][-0.989816,0.105535,0.095539][0.073639,0.855564,0][-0.430144,-0.837798,-0.329362][-0.989816,0.105535,0.095539][0.073639,0.855564,0][-0.395793,-0.760602,-0.339302][-0.721385,0.689302,0.066834][0.080451,0.859778,0][-0.394281,-0.732786,-0.512484][-0.706812,0.705019,0.058013][0.090581,0.847413,0][-0.411301,-0.89611,-0.511395][-0.976441,-0.161091,-0.143572][0.078827,0.839859,0][-0.423357,-0.893849,-0.325592][-0.977677,-0.188494,0.092831][0.069522,0.852736,0][-0.430144,-0.837798,-0.329362][-0.989816,0.105535,0.095539][0.073639,0.855564,0][-0.430144,-0.837798,-0.329362][-0.989816,0.105535,0.095539][0.073639,0.855564,0][-0.421532,-0.827777,-0.515449][-0.988293,0.102376,-0.113119][0.083631,0.843026,0][-0.411301,-0.89611,-0.511395][-0.976441,-0.161091,-0.143572][0.078827,0.839859,0][-0.404098,-0.923296,-0.5119][-0.965402,-0.221746,-0.137215][0.077011,0.838366,0][-0.418059,-0.922528,-0.326162][-0.97696,-0.207133,0.051434][0.067571,0.851104,0][-0.423357,-0.893849,-0.325592][-0.977677,-0.188494,0.092831][0.069522,0.852736,0][-0.423357,-0.893849,-0.325592][-0.977677,-0.188494,0.092831][0.069522,0.852736,0][-0.411301,-0.89611,-0.511395][-0.976441,-0.161091,-0.143572][0.078827,0.839859,0][-0.404098,-0.923296,-0.5119][-0.965402,-0.221746,-0.137215][0.077011,0.838366,0][-0.418059,-0.922528,-0.326162][-0.997607,0.0601411,0.034125][0.039275,0.904781,0][-0.404098,-0.923296,-0.5119][-0.98853,0.0441581,-0.144425][0.061983,0.898958,0][-0.408093,-1,-0.506335][-0.98947,0.0441781,-0.137835][0.058907,0.889767,0][-0.408093,-1,-0.506335][-0.98947,0.0441781,-0.137835][0.058907,0.889767,0][-0.422208,-1,-0.314346][-0.997779,0.0595311,0.029881][0.035413,0.895689,0][-0.418059,-0.922528,-0.326162][-0.997607,0.0601411,0.034125][0.039275,0.904781,0][-0.309812,-1,-0.322922][0,-1,0][0.074415,0.639716,0][-0.422208,-1,-0.314346][0,-1,0][0.074999,0.632163,0][-0.408093,-1,-0.506335][0,-1,0][0.062112,0.633069,0][-0.408093,-1,-0.506335][0,-1,0][0.062112,0.633069,0][-0.307183,-1,-0.646873][0,-1,0][0.052651,0.639801,0][-0.309812,-1,-0.322922][0,-1,0][0.074415,0.639716,0][-0.16425,-1,-0.322389][0,-1,0][0.074401,0.6495,0][-0.309812,-1,-0.322922][0,-1,0][0.074415,0.639716,0][-0.307183,-1,-0.646873][0,-1,0][0.052651,0.639801,0][-0.307183,-1,-0.646873][0,-1,0][0.052651,0.639801,0][-0.173295,-1,-0.68788][0,-1,0][0.049856,0.648776,0][-0.16425,-1,-0.322389][0,-1,0][0.074401,0.6495,0][-0.0324662,-1,-0.694367][0,-1,0][0.049373,0.658228,0][-0.0324662,-1,-0.32236][0,-1,0][0.074358,0.658355,0][-0.16425,-1,-0.322389][0,-1,0][0.074401,0.6495,0][-0.16425,-1,-0.322389][0,-1,0][0.074401,0.6495,0][-0.173295,-1,-0.68788][0,-1,0][0.049856,0.648776,0][-0.0324662,-1,-0.694367][0,-1,0][0.049373,0.658228,0][-0.0324662,-1,-0.694367][0,-1,0][0.049373,0.658228,0][0.110028,-1,-0.673063][0,-1,0][0.050752,0.667802,0][0.105633,-1,-0.322367][0,-1,0][0.074311,0.667634,0][0.105633,-1,-0.322367][0,-1,0][0.074311,0.667634,0][-0.0324662,-1,-0.32236][0,-1,0][0.074358,0.658355,0][-0.0324662,-1,-0.694367][0,-1,0][0.049373,0.658228,0][0.105633,-1,-0.322367][0,-1,0][0.074311,0.667634,0][0.110028,-1,-0.673063][0,-1,0][0.050752,0.667802,0][0.23814,-1,-0.62108][0,-1,0][0.054194,0.676422,0][0.23814,-1,-0.62108][0,-1,0][0.054194,0.676422,0][0.244881,-1,-0.322922][0,-1,0][0.074225,0.676999,0][0.105633,-1,-0.322367][0,-1,0][0.074311,0.667634,0][0.357277,-1,-0.314346][0,-1,0][0.074733,0.684558,0][0.244881,-1,-0.322922][0,-1,0][0.074225,0.676999,0][0.23814,-1,-0.62108][0,-1,0][0.054194,0.676422,0][0.23814,-1,-0.62108][0,-1,0][0.054194,0.676422,0][0.343163,-1,-0.461699][0,-1,0][0.064851,0.683536,0][0.357277,-1,-0.314346][0,-1,0][0.074733,0.684558,0][0.349858,-0.925552,-0.322641][0.993703,0.0926319,-0.063033][0.217027,0.90549,0][0.357277,-1,-0.314346][0.993526,0.0922969,-0.066231][0.220291,0.897592,0][0.343163,-1,-0.461699][0.979198,0.0851339,-0.184181][0.204105,0.893068,0][0.343163,-1,-0.461699][0.979198,0.0851339,-0.184181][0.204105,0.893068,0][0.33601,-0.925504,-0.465593][0.977615,0.0847099,-0.192598][0.201321,0.901107,0][0.349858,-0.925552,-0.322641][0.993703,0.0926319,-0.063033][0.217027,0.90549,0][0.33601,-0.925504,-0.465593][0.906795,-0.383711,-0.174609][0.171214,0.841227,0][0.343697,-0.902395,-0.475739][0.942217,-0.269764,-0.198632][0.169104,0.842116,0][0.357833,-0.907369,-0.332657][0.975085,-0.220892,-0.020384][0.17791,0.85146,0][0.357833,-0.907369,-0.332657][0.975085,-0.220892,-0.020384][0.17791,0.85146,0][0.349858,-0.925552,-0.322641][0.922646,-0.385211,-0.018338][0.179832,0.850826,0][0.33601,-0.925504,-0.465593][0.906795,-0.383711,-0.174609][0.171214,0.841227,0][0.357833,-0.907369,-0.332657][0.975085,-0.220892,-0.020384][0.17791,0.85146,0][0.343697,-0.902395,-0.475739][0.942217,-0.269764,-0.198632][0.169104,0.842116,0][0.355267,-0.857579,-0.480678][0.975219,0.128006,-0.18045][0.165957,0.844495,0][0.355267,-0.857579,-0.480678][0.975219,0.128006,-0.18045][0.165957,0.844495,0][0.361869,-0.866482,-0.337431][0.993473,0.113797,0.007911][0.174856,0.853788,0][0.357833,-0.907369,-0.332657][0.975085,-0.220892,-0.020384][0.17791,0.85146,0][0.355267,-0.857579,-0.480678][0.975219,0.128006,-0.18045][0.165957,0.844495,0][0.329119,-0.797466,-0.479291][0.700366,0.713529,0.019086][0.161487,0.847737,0][0.342706,-0.822888,-0.359309][0.708121,0.705935,0.014829][0.170015,0.855277,0][0.342706,-0.822888,-0.359309][0.708121,0.705935,0.014829][0.170015,0.855277,0][0.361869,-0.866482,-0.337431][0.993473,0.113797,0.007911][0.174856,0.853788,0][0.355267,-0.857579,-0.480678][0.975219,0.128006,-0.18045][0.165957,0.844495,0][-0.364956,-0.923989,-0.692404][-0.84053,-0.286385,-0.459885][0.084794,0.893255,0][-0.348733,-0.888431,-0.758965][-0.849243,-0.230453,-0.475056][0.093388,0.895939,0][-0.303973,-0.876256,-0.833587][-0.576723,-0.0513919,-0.815322][0.10385,0.894146,0][-0.303973,-0.876256,-0.833587][-0.576723,-0.0513919,-0.815322][0.10385,0.894146,0][-0.298833,-0.923162,-0.828539][-0.636979,-0.204438,-0.743279][0.102785,0.888872,0][-0.364956,-0.923989,-0.692404][-0.84053,-0.286385,-0.459885][0.084794,0.893255,0][-0.310641,-0.7772,-0.826157][-0.488854,0.036446,-0.871604][0.105363,0.903263,0][-0.303973,-0.876256,-0.833587][-0.576723,-0.0513919,-0.815322][0.10385,0.894146,0][-0.348733,-0.888431,-0.758965][-0.849243,-0.230453,-0.475056][0.093388,0.895939,0][0.112165,-0.873105,-0.860378][0.364979,-0.018428,-0.930833][0.149379,0.893681,0][0.113901,-0.779623,-0.857374][0.299378,0.050293,-0.952808][0.147341,0.90161,0][0.169836,-0.874386,-0.821494][0.593284,-0.131105,-0.794245][0.156634,0.895668,0][0.169836,-0.874386,-0.821494][0.593284,-0.131105,-0.794245][0.156634,0.895668,0][0.210325,-0.922716,-0.774462][0.599705,-0.168266,-0.78233][0.164226,0.892022,0][0.110801,-0.922372,-0.856427][0.420492,-0.117049,-0.899714][0.150426,0.888636,0][0.110801,-0.922372,-0.856427][0.420492,-0.117049,-0.899714][0.150426,0.888636,0][0.112165,-0.873105,-0.860378][0.364979,-0.018428,-0.930833][0.149379,0.893681,0][0.169836,-0.874386,-0.821494][0.593284,-0.131105,-0.794245][0.156634,0.895668,0][-0.368527,-1,-0.694643][3.59126e-005,-1,2.5e-005][0.049463,0.635669,0][-0.297667,-1.00017,-0.828605][0.00803491,-0.999844,0.015753][0.040451,0.640382,0][-0.285191,-1,-0.814951][0.000944913,-0.999998,0.001852][0.041362,0.641223,0][-0.171401,-1,-0.868852][0.000625913,-0.999995,0.003266][0.037708,0.648843,0][-0.176373,-1.00065,-0.887179][0.00532191,-0.999602,0.027693][0.03648,0.648503,0][-0.0304702,-1.0006,-0.898739][-0.000783087,-0.999646,0.026603][0.035654,0.658291,0][-0.0304702,-1.0006,-0.898739][-0.000783087,-0.999646,0.026603][0.035654,0.658291,0][-0.0324662,-1,-0.879871][-9.30874e-005,-0.999995,0.003184][0.036921,0.658164,0][-0.171401,-1,-0.868852][0.000625913,-0.999995,0.003266][0.037708,0.648843,0][0.103818,-1,-0.839669][-0.000401087,-0.999999,0.001522][0.039571,0.667324,0][0.112088,-1.00016,-0.856871][-0.00428109,-0.999859,0.016234][0.038414,0.667873,0][0.21273,-1,-0.776936][-1.80874e-005,-1,3.2e-005][0.043742,0.674657,0][-0.0357332,-0.768923,-0.877623][0.0475301,0.997002,0.061065][0.133743,0.904972,0][-0.0338221,-0.767771,-0.896503][0.0476601,0.996993,0.061109][0.133596,0.903155,0][-0.184861,-0.763639,-0.884855][-0.0166899,0.997761,0.064768][0.118714,0.903886,0][-0.184861,-0.763639,-0.884855][-0.0166899,0.997761,0.064768][0.118714,0.903886,0][-0.180012,-0.764675,-0.866503][-0.0165679,0.997764,0.064747][0.118699,0.905822,0][-0.0357332,-0.768923,-0.877623][0.0475301,0.997002,0.061065][0.133743,0.904972,0][-0.0357332,-0.768923,-0.877623][0.0475301,0.997002,0.061065][0.133743,0.904972,0][0.105808,-0.780241,-0.840109][0.375271,0.896508,0.235467][0.147946,0.903413,0][0.113901,-0.779623,-0.857374][0.392346,0.886707,0.244573][0.147341,0.90161,0][0.113901,-0.779623,-0.857374][0.392346,0.886707,0.244573][0.147341,0.90161,0][-0.0338221,-0.767771,-0.896503][0.0476601,0.996993,0.061109][0.133596,0.903155,0][-0.0357332,-0.768923,-0.877623][0.0475301,0.997002,0.061065][0.133743,0.904972,0][-0.0304702,-1.0006,-0.898739][-0.000783087,-0.999646,0.026603][0.035654,0.658291,0][0.112088,-1.00016,-0.856871][-0.00428109,-0.999859,0.016234][0.038414,0.667873,0][0.103818,-1,-0.839669][-0.000401087,-0.999999,0.001522][0.039571,0.667324,0][0.103818,-1,-0.839669][-0.000401087,-0.999999,0.001522][0.039571,0.667324,0][-0.0324662,-1,-0.879871][-9.30874e-005,-0.999995,0.003184][0.036921,0.658164,0][-0.0304702,-1.0006,-0.898739][-0.000783087,-0.999646,0.026603][0.035654,0.658291,0][-0.298241,-0.777304,-0.81249][-0.333957,0.861667,0.382103][0.10487,0.905163,0][-0.180012,-0.764675,-0.866503][-0.0165679,0.997764,0.064747][0.118699,0.905822,0][-0.184861,-0.763639,-0.884855][-0.0166899,0.997761,0.064768][0.118714,0.903886,0][-0.184861,-0.763639,-0.884855][-0.0166899,0.997761,0.064768][0.118714,0.903886,0][-0.310641,-0.7772,-0.826157][-0.353447,0.843181,0.405119][0.105363,0.903263,0][-0.298241,-0.777304,-0.81249][-0.333957,0.861667,0.382103][0.10487,0.905163,0][-0.176373,-1.00065,-0.887179][0.00532191,-0.999602,0.027693][0.03648,0.648503,0][-0.171401,-1,-0.868852][0.000625913,-0.999995,0.003266][0.037708,0.648843,0][-0.285191,-1,-0.814951][0.000944913,-0.999998,0.001852][0.041362,0.641223,0][-0.285191,-1,-0.814951][0.000944913,-0.999998,0.001852][0.041362,0.641223,0][-0.297667,-1.00017,-0.828605][0.00803491,-0.999844,0.015753][0.040451,0.640382,0][-0.176373,-1.00065,-0.887179][0.00532191,-0.999602,0.027693][0.03648,0.648503,0][-0.332217,-0.886656,-0.749174][-0.504976,0.631253,0.588658][0.092343,0.897887,0][-0.348733,-0.888431,-0.758965][-0.506635,0.628215,0.59048][0.093388,0.895939,0][-0.364956,-0.923989,-0.692404][-0.320835,0.865683,0.384264][0.084794,0.893255,0][-0.332217,-0.886656,-0.749174][-0.504976,0.631253,0.588658][0.092343,0.897887,0][-0.298241,-0.777304,-0.81249][-0.333957,0.861667,0.382103][0.10487,0.905163,0][-0.310641,-0.7772,-0.826157][-0.353447,0.843181,0.405119][0.105363,0.903263,0][-0.310641,-0.7772,-0.826157][-0.353447,0.843181,0.405119][0.105363,0.903263,0][-0.348733,-0.888431,-0.758965][-0.506635,0.628215,0.59048][0.093388,0.895939,0][-0.332217,-0.886656,-0.749174][-0.504976,0.631253,0.588658][0.092343,0.897887,0][0.169836,-0.874386,-0.821494][0.675543,0.620624,0.39808][0.156634,0.895668,0][0.113901,-0.779623,-0.857374][0.392346,0.886707,0.244573][0.147341,0.90161,0][0.105808,-0.780241,-0.840109][0.375271,0.896508,0.235467][0.147946,0.903413,0][0.105808,-0.780241,-0.840109][0.375271,0.896508,0.235467][0.147946,0.903413,0][0.158921,-0.873935,-0.805573][0.674134,0.622483,0.397566][0.157722,0.897365,0][0.169836,-0.874386,-0.821494][0.675543,0.620624,0.39808][0.156634,0.895668,0][0.210325,-0.922716,-0.774462][0.530017,0.776237,0.341377][0.164226,0.892022,0][0.169836,-0.874386,-0.821494][0.675543,0.620624,0.39808][0.156634,0.895668,0][0.158921,-0.873935,-0.805573][0.674134,0.622483,0.397566][0.157722,0.897365,0][-0.0324662,-0.898541,-0.133522][0.00481392,-0.880436,0.474141][0.088756,0.658427,0][-0.0324662,-1,-0.32236][-3.9077e-005,-0.880905,0.473293][0.074358,0.658355,0][0.105633,-1,-0.322367][0.00129992,-0.880515,0.474017][0.074311,0.667634,0][-0.0324662,-0.898541,-0.133522][0.00481392,-0.880436,0.474141][0.088756,0.658427,0][-0.309812,-1,-0.322922][0.00809792,-0.880216,0.474504][0.074415,0.639716,0][-0.16425,-1,-0.322389][-0.00124108,-0.880573,0.473909][0.074401,0.6495,0][0.0334589,-0.63081,0.160204][0.240186,0.887174,0.393996][0.714369,0.977595,0][0.137142,-0.75477,0.358976][0.245164,0.874877,0.417715][0.714369,0.944605,0][0.267255,-0.75477,0.215481][0.431237,0.864483,0.258271][0.68138,0.944605,0][0.267255,-0.75477,0.215481][0.431237,0.864483,0.258271][0.68138,0.944605,0][0.0876719,-0.63081,0.100414][0.412244,0.878939,0.239836][0.68138,0.977595,0][0.0334589,-0.63081,0.160204][0.240186,0.887174,0.393996][0.714369,0.977595,0][0.267255,-0.75477,0.215481][0.431237,0.864483,0.258271][0.750023,0.944605,0][0.314882,-0.75477,0.0569021][0.507644,0.859654,0.057388][0.717034,0.944605,0][0.107517,-0.63081,0.0343401][0.480823,0.875111,0.054673][0.717034,0.977595,0][0.107517,-0.63081,0.0343401][0.480823,0.875111,0.054673][0.717034,0.977595,0][0.0876719,-0.63081,0.100414][0.412244,0.878939,0.239836][0.750023,0.977595,0][0.267255,-0.75477,0.215481][0.431237,0.864483,0.258271][0.750023,0.944605,0][0.314882,-0.75477,0.0569021][0.507644,0.859654,0.057388][0.785676,0.944605,0][0.301934,-0.75233,-0.128268][0.90091,0.364839,-0.235059][0.752687,0.944605,0][0.102122,-0.629794,-0.0428139][0.48957,0.871413,-0.031005][0.752687,0.977595,0][0.102122,-0.629794,-0.0428139][0.48957,0.871413,-0.031005][0.752687,0.977595,0][0.107517,-0.63081,0.0343401][0.480823,0.875111,0.054673][0.785676,0.977595,0][0.314882,-0.75477,0.0569021][0.507644,0.859654,0.057388][0.785676,0.944605,0][0.102122,-0.629794,-0.0428139][0.48957,0.871413,-0.031005][0.82133,0.977595,0][0.301934,-0.75233,-0.128268][0.90091,0.364839,-0.235059][0.82133,0.944605,0][0.152465,-0.676888,-0.322526][0.645183,0.651757,-0.398688][0.788341,0.944605,0][0.152465,-0.676888,-0.322526][0.645183,0.651757,-0.398688][0.788341,0.944605,0][0.0398429,-0.59836,-0.123755][0.423191,0.902255,-0.082737][0.788341,0.977595,0][0.102122,-0.629794,-0.0428139][0.48957,0.871413,-0.031005][0.82133,0.977595,0][0.0398429,-0.59836,-0.123755][0.423191,0.902255,-0.082737][0.856983,0.977595,0][0.152465,-0.676888,-0.322526][0.645183,0.651757,-0.398688][0.856983,0.944605,0][0.0555319,-0.6571,-0.352501][0.255355,0.814439,-0.521041][0.823994,0.944605,0][0.0555319,-0.6571,-0.352501][0.255355,0.814439,-0.521041][0.823994,0.944605,0][-0.000546157,-0.590115,-0.136245][0.197416,0.958887,-0.20387][0.823994,0.977595,0][0.0398429,-0.59836,-0.123755][0.423191,0.902255,-0.082737][0.856983,0.977595,0][-0.0406002,-0.645467,-0.364126][0.0584181,0.856201,-0.513329][0,0.948709,0][-0.0406011,-0.585267,-0.141089][0.0813451,0.971562,-0.222376][0,0.981699,0][-0.000546157,-0.590115,-0.136245][0.197416,0.958887,-0.20387][0.032989,0.981699,0][-0.000546157,-0.590115,-0.136245][0.197416,0.958887,-0.20387][0.032989,0.981699,0][0.0555319,-0.6571,-0.352501][0.255355,0.814439,-0.521041][0.032989,0.948709,0][-0.0406002,-0.645467,-0.364126][0.0584181,0.856201,-0.513329][0,0.948709,0][-0.0406011,-0.585267,-0.141089][0.0813451,0.971562,-0.222376][0.068643,0.981699,0][-0.0406002,-0.645467,-0.364126][0.0584181,0.856201,-0.513329][0.068643,0.948709,0][-0.132337,-0.641455,-0.353448][-0.148111,0.858395,-0.491143][0.035654,0.948709,0][-0.132337,-0.641455,-0.353448][-0.148111,0.858395,-0.491143][0.035654,0.948709,0][-0.0788242,-0.583596,-0.136639][-0.0437399,0.977271,-0.207431][0.035654,0.981699,0][-0.0406011,-0.585267,-0.141089][0.0813451,0.971562,-0.222376][0.068643,0.981699,0][-0.132337,-0.641455,-0.353448][-0.148111,0.858395,-0.491143][0.104296,0.948709,0][-0.233664,-0.645467,-0.322526][-0.631702,0.711619,-0.307492][0.071307,0.948709,0][-0.121044,-0.585267,-0.123755][-0.0993859,0.97491,-0.199182][0.071307,0.981699,0][-0.121044,-0.585267,-0.123755][-0.0993859,0.97491,-0.199182][0.071307,0.981699,0][-0.0788242,-0.583596,-0.136639][-0.0437399,0.977271,-0.207431][0.104296,0.981699,0][-0.132337,-0.641455,-0.353448][-0.148111,0.858395,-0.491143][0.104296,0.948709,0][-0.233664,-0.645467,-0.322526][-0.631702,0.711619,-0.307492][0.13995,0.948709,0][-0.348457,-0.729756,-0.105916][-0.910143,0.334544,-0.244376][0.106961,0.948709,0][-0.168874,-0.620388,-0.0335009][-0.499369,0.865584,0.037348][0.106961,0.981699,0][-0.168874,-0.620388,-0.0335009][-0.499369,0.865584,0.037348][0.106961,0.981699,0][-0.121044,-0.585267,-0.123755][-0.516194,0.854442,0.058929][0.13995,0.981699,0][-0.233664,-0.645467,-0.322526][-0.631702,0.711619,-0.307492][0.13995,0.948709,0][-0.348457,-0.729756,-0.105916][-0.910143,0.334544,-0.244376][0.175603,0.948709,0][-0.396084,-0.75477,0.0569021][-0.505604,0.859483,0.075191][0.142614,0.948709,0][-0.188719,-0.63081,0.0343401][-0.483425,0.873118,0.062969][0.142614,0.981699,0][-0.188719,-0.63081,0.0343401][-0.483425,0.873118,0.062969][0.142614,0.981699,0][-0.168874,-0.620388,-0.0335009][-0.499369,0.865584,0.037348][0.175603,0.981699,0][-0.348457,-0.729756,-0.105916][-0.910143,0.334544,-0.244376][0.175603,0.948709,0][-0.396084,-0.75477,0.0569021][-0.505604,0.859483,0.075191][0.242949,0.838022,0][-0.348457,-0.75477,0.215481][-0.431235,0.864483,0.258274][0.20996,0.838022,0][-0.168874,-0.63081,0.100414][-0.412233,0.878945,0.239833][0.20996,0.871011,0][-0.168874,-0.63081,0.100414][-0.412233,0.878945,0.239833][0.20996,0.871011,0][-0.188719,-0.63081,0.0343401][-0.483425,0.873118,0.062969][0.242949,0.871011,0][-0.396084,-0.75477,0.0569021][-0.505604,0.859483,0.075191][0.242949,0.838022,0][-0.348457,-0.75477,0.215481][-0.431235,0.864483,0.258274][0.211257,0.948709,0][-0.218341,-0.75477,0.358976][-0.245163,0.874876,0.417716][0.178268,0.948709,0][-0.114659,-0.63081,0.160204][-0.240184,0.887177,0.393992][0.178268,0.981699,0][-0.114659,-0.63081,0.160204][-0.240184,0.887177,0.393992][0.178268,0.981699,0][-0.168874,-0.63081,0.100414][-0.412233,0.878945,0.239833][0.211257,0.981699,0][-0.348457,-0.75477,0.215481][-0.431235,0.864483,0.258274][0.211257,0.948709,0][-0.218341,-0.75477,0.358976][-0.245163,0.874876,0.417716][0.595524,0.154743,0][-0.0406002,-0.75477,0.400574][0,0.874074,0.485792][0.562535,0.154743,0][-0.0406011,-0.63081,0.177537][-9.22402e-007,0.887617,0.460583][0.562535,0.187733,0][-0.0406011,-0.63081,0.177537][-9.22402e-007,0.887617,0.460583][0.562535,0.187733,0][-0.114659,-0.63081,0.160204][-0.240184,0.887177,0.393992][0.595524,0.187733,0][-0.218341,-0.75477,0.358976][-0.245163,0.874876,0.417716][0.595524,0.154743,0][0.137142,-0.75477,0.358976][0.245164,0.874877,0.417715][0.60215,0.323873,0][0.0334589,-0.63081,0.160204][0.240186,0.887174,0.393996][0.60215,0.356862,0][-0.0406011,-0.63081,0.177537][-9.22402e-007,0.887617,0.460583][0.635139,0.356862,0][-0.0406011,-0.63081,0.177537][-9.22402e-007,0.887617,0.460583][0.635139,0.356862,0][-0.0406002,-0.75477,0.400574][0,0.874074,0.485792][0.635139,0.323873,0][0.137142,-0.75477,0.358976][0.245164,0.874877,0.417715][0.60215,0.323873,0][0.0876719,-0.63081,0.100414][0.412244,0.878939,0.239836][0.744764,0.068869,0][-0.0405822,-0.584698,0.0179561][0.0148581,0.989887,0.141079][0.761258,0.101859,0][0.0334589,-0.63081,0.160204][0.240186,0.887174,0.393996][0.777753,0.068869,0][0.107517,-0.63081,0.0343401][0.480823,0.875111,0.054673][0.946801,0.24869,0][-0.0405822,-0.584698,0.0179561][0.0148581,0.989887,0.141079][0.963296,0.281679,0][0.0876719,-0.63081,0.100414][0.412244,0.878939,0.239836][0.97979,0.24869,0][0.102122,-0.629794,-0.0428139][0.48957,0.871413,-0.031005][0.693265,0.508374,0][-0.0405822,-0.584698,0.0179561][0.0148581,0.989887,0.141079][0.709759,0.541363,0][0.107517,-0.63081,0.0343401][0.480823,0.875111,0.054673][0.726254,0.508374,0][0.0398429,-0.59836,-0.123755][0.423191,0.902255,-0.082737][0.661572,0.52185,0][-0.0405822,-0.584698,0.0179561][0.0148581,0.989887,0.141079][0.678067,0.55484,0][0.102122,-0.629794,-0.0428139][0.48957,0.871413,-0.031005][0.694561,0.52185,0][-0.000546157,-0.590115,-0.136245][0.197416,0.958887,-0.20387][0.938878,0.281652,0][-0.0405822,-0.584698,0.0179561][0.0148581,0.989887,0.141079][0.955373,0.314641,0][0.0398429,-0.59836,-0.123755][0.423191,0.902255,-0.082737][0.971867,0.281652,0][-0.0406011,-0.585267,-0.141089][0.0813451,0.971562,-0.222376][0.903225,0.37882,0][-0.0405822,-0.584698,0.0179561][0.0148581,0.989887,0.141079][0.919719,0.41181,0][-0.000546157,-0.590115,-0.136245][0.197416,0.958887,-0.20387][0.936214,0.37882,0][-0.0788242,-0.583596,-0.136639][-0.0437399,0.977271,-0.207431][0.923032,0.516332,0][-0.0405822,-0.584698,0.0179561][0.0148581,0.989887,0.141079][0.939526,0.549322,0][-0.0406011,-0.585267,-0.141089][0.0813451,0.971562,-0.222376][0.956021,0.516332,0][-0.121044,-0.585267,-0.123755][-0.0993859,0.97491,-0.199182][0.60215,0.564826,0][-0.0405822,-0.584698,0.0179561][0.0148581,0.989887,0.141079][0.618644,0.597816,0][-0.0788242,-0.583596,-0.136639][-0.0437399,0.977271,-0.207431][0.635139,0.564826,0][-0.168874,-0.620388,-0.0335009][-0.499369,0.865584,0.037348][0.816071,0.573481,0][-0.0405822,-0.584698,0.0179561][0.0148581,0.989887,0.141079][0.832566,0.606471,0][-0.121044,-0.585267,-0.123755][-0.516194,0.854442,0.058929][0.84906,0.573481,0][-0.188719,-0.63081,0.0343401][-0.483425,0.873118,0.062969][0.463497,0.607087,0][-0.0405822,-0.584698,0.0179561][0.0148581,0.989887,0.141079][0.479991,0.640077,0][-0.168874,-0.620388,-0.0335009][-0.499369,0.865584,0.037348][0.496486,0.607087,0][-0.168874,-0.63081,0.100414][-0.412233,0.878945,0.239833][0.49915,0.607485,0][-0.0405822,-0.584698,0.0179561][0.0148581,0.989887,0.141079][0.515645,0.640474,0][-0.188719,-0.63081,0.0343401][-0.483425,0.873118,0.062969][0.532139,0.607485,0][-0.114659,-0.63081,0.160204][-0.240184,0.887177,0.393992][0,0.649765,0][-0.0405822,-0.584698,0.0179561][0.0148581,0.989887,0.141079][0.016494,0.682754,0][-0.168874,-0.63081,0.100414][-0.412233,0.878945,0.239833][0.032989,0.649765,0][-0.0406011,-0.63081,0.177537][-9.22402e-007,0.887617,0.460583][0.019808,0.680577,0][-0.0405822,-0.584698,0.0179561][0.0148581,0.989887,0.141079][0.036302,0.713567,0][-0.114659,-0.63081,0.160204][-0.240184,0.887177,0.393992][0.052797,0.680577,0][0.0334589,-0.63081,0.160204][0.240186,0.887174,0.393996][0.89134,0.531318,0][-0.0405822,-0.584698,0.0179561][0.0148581,0.989887,0.141079][0.907834,0.564307,0][-0.0406011,-0.63081,0.177537][-9.22402e-007,0.887617,0.460583][0.924329,0.531318,0][0.157053,-0.451168,0.38151][0.736044,0.0878869,0.671204][0.465749,0.932425,0][0.18249,-0.572233,0.369468][0.736044,0.0878869,0.671204][0.465749,0.920914,0][0.314372,-0.529583,0.219261][0.736044,0.0878869,0.671204][0.484679,0.920914,0][0.314372,-0.529583,0.219261][0.736044,0.0878869,0.671204][0.484679,0.920914,0][0.288935,-0.408517,0.231303][0.736044,0.0878869,0.671204][0.484682,0.932425,0][0.157053,-0.451168,0.38151][0.736044,0.0878869,0.671204][0.465749,0.932425,0][0.18249,-0.572233,0.369468][0.539758,0.02973,0.841295][0.465749,0.920914,0][0.157053,-0.451168,0.38151][0.539758,0.02973,0.841295][0.465749,0.932425,0][-0.0261081,-0.495122,0.436489][0.019922,-0.094813,0.995296][0.447579,0.932425,0][-0.0261081,-0.495122,0.436489][0.019922,-0.094813,0.995296][0.447579,0.932425,0][-0.000671148,-0.616187,0.424447][0.019922,-0.094813,0.995296][0.447575,0.920914,0][0.18249,-0.572233,0.369468][0.539758,0.02973,0.841295][0.465749,0.920914,0][-0.211469,-0.5286,0.38151][-0.50608,-0.190016,0.841295][0.429405,0.932425,0][-0.186032,-0.649665,0.369468][-0.50608,-0.190016,0.841295][0.429407,0.920914,0][-0.000671148,-0.616187,0.424447][0.019922,-0.094813,0.995296][0.447575,0.920914,0][-0.000671148,-0.616187,0.424447][0.019922,-0.094813,0.995296][0.447575,0.920914,0][-0.0261081,-0.495122,0.436489][0.019922,-0.094813,0.995296][0.447579,0.932425,0][-0.211469,-0.5286,0.38151][-0.50608,-0.190016,0.841295][0.429405,0.932425,0][-0.349365,-0.542634,0.231303][-0.856364,-0.226111,0.464236][0.41048,0.932425,0][-0.323928,-0.663699,0.219261][-0.856364,-0.226111,0.464236][0.410474,0.920914,0][-0.186032,-0.649665,0.369468][-0.50608,-0.190016,0.841295][0.429407,0.920914,0][-0.186032,-0.649665,0.369468][-0.50608,-0.190016,0.841295][0.429407,0.920914,0][-0.211469,-0.5286,0.38151][-0.50608,-0.190016,0.841295][0.429405,0.932425,0][-0.349365,-0.542634,0.231303][-0.856364,-0.226111,0.464236][0.41048,0.932425,0][-0.323928,-0.663699,0.219261][-0.856364,-0.226111,0.464236][0.410474,0.920914,0][-0.349365,-0.542634,0.231303][-0.856364,-0.226111,0.464236][0.41048,0.932425,0][-0.402844,-0.533461,0.0261181][-0.978631,-0.205625,0][0.390819,0.932425,0][-0.402844,-0.533461,0.0261181][-0.978631,-0.205625,0][0.390819,0.932425,0][-0.377407,-0.654527,0.0140761][-0.978631,-0.205625,0][0.390819,0.920914,0][-0.323928,-0.663699,0.219261][-0.856364,-0.226111,0.464236][0.410474,0.920914,0][-0.357579,-0.503541,-0.179068][-0.874948,-0.137664,-0.464236][0.371166,0.932425,0][-0.332142,-0.624607,-0.19111][-0.874948,-0.137664,-0.464236][0.371165,0.920914,0][-0.377407,-0.654527,0.0140761][-0.978631,-0.205625,0][0.390819,0.920914,0][-0.377407,-0.654527,0.0140761][-0.978631,-0.205625,0][0.390819,0.920914,0][-0.402844,-0.533461,0.0261181][-0.978631,-0.205625,0][0.390819,0.932425,0][-0.357579,-0.503541,-0.179068][-0.874948,-0.137664,-0.464236][0.371166,0.932425,0][-0.200259,-0.581956,-0.341316][-0.539758,-0.02973,-0.841295][0.352236,0.920914,0][-0.332142,-0.624607,-0.19111][-0.874948,-0.137664,-0.464236][0.371165,0.920914,0][-0.357579,-0.503541,-0.179068][-0.874948,-0.137664,-0.464236][0.371166,0.932425,0][-0.357579,-0.503541,-0.179068][-0.874948,-0.137664,-0.464236][0.371166,0.932425,0][-0.225696,-0.46089,-0.329274][-0.539758,-0.02973,-0.841295][0.352236,0.932425,0][-0.200259,-0.581956,-0.341316][-0.539758,-0.02973,-0.841295][0.352236,0.920914,0][-0.0170991,-0.538002,-0.396296][-0.019922,0.094813,-0.995296][0.334066,0.920914,0][-0.200259,-0.581956,-0.341316][-0.539758,-0.02973,-0.841295][0.352236,0.920914,0][-0.225696,-0.46089,-0.329274][-0.539758,-0.02973,-0.841295][0.352236,0.932425,0][-0.225696,-0.46089,-0.329274][-0.539758,-0.02973,-0.841295][0.352236,0.932425,0][-0.0425361,-0.416937,-0.384254][-0.019922,0.094813,-0.995296][0.334065,0.932425,0][-0.0170991,-0.538002,-0.396296][-0.019922,0.094813,-0.995296][0.334066,0.920914,0][0.142826,-0.383458,-0.329274][0.50608,0.190016,-0.841295][0.315893,0.932425,0][0.168263,-0.504524,-0.341316][0.50608,0.190016,-0.841295][0.315894,0.920914,0][-0.0170991,-0.538002,-0.396296][-0.019922,0.094813,-0.995296][0.334066,0.920914,0][-0.0170991,-0.538002,-0.396296][-0.019922,0.094813,-0.995296][0.334066,0.920914,0][-0.0425361,-0.416937,-0.384254][-0.019922,0.094813,-0.995296][0.334065,0.932425,0][0.142826,-0.383458,-0.329274][0.50608,0.190016,-0.841295][0.315893,0.932425,0][0.280721,-0.369425,-0.179068][0.856364,0.226111,-0.464236][0.296963,0.932425,0][0.306159,-0.49049,-0.19111][0.856364,0.226111,-0.464236][0.296963,0.920914,0][0.168263,-0.504524,-0.341316][0.50608,0.190016,-0.841295][0.315894,0.920914,0][0.168263,-0.504524,-0.341316][0.50608,0.190016,-0.841295][0.315894,0.920914,0][0.142826,-0.383458,-0.329274][0.50608,0.190016,-0.841295][0.315893,0.932425,0][0.280721,-0.369425,-0.179068][0.856364,0.226111,-0.464236][0.296963,0.932425,0][0.334201,-0.378597,0.0261181][0.978631,0.205625,0][0.277306,0.932425,0][0.359638,-0.499662,0.0140761][0.978631,0.205625,0][0.277309,0.920914,0][0.306159,-0.49049,-0.19111][0.856364,0.226111,-0.464236][0.296963,0.920914,0][0.306159,-0.49049,-0.19111][0.856364,0.226111,-0.464236][0.296963,0.920914,0][0.280721,-0.369425,-0.179068][0.856364,0.226111,-0.464236][0.296963,0.932425,0][0.334201,-0.378597,0.0261181][0.978631,0.205625,0][0.277306,0.932425,0][0.288935,-0.408517,0.231303][0.874948,0.137663,0.464236][0.484682,0.932425,0][0.314372,-0.529583,0.219261][0.874948,0.137664,0.464236][0.484679,0.920914,0][0.359638,-0.499662,0.0140761][0.978631,0.205625,0][0.504331,0.920914,0][0.359638,-0.499662,0.0140761][0.978631,0.205625,0][0.504331,0.920914,0][0.334201,-0.378597,0.0261181][0.978631,0.205625,0][0.504333,0.932425,0][0.288935,-0.408517,0.231303][0.874948,0.137663,0.464236][0.484682,0.932425,0][0.18249,-0.572233,0.369468][0.204657,-0.974028,-0.096882][0.847792,0.588435,0][-0.00888515,-0.577095,0.0140761][0.204657,-0.974028,-0.096882][0.862018,0.591377,0][0.314372,-0.529583,0.219261][0.204657,-0.974028,-0.096882][0.851632,0.582161,0][-0.000671148,-0.616187,0.424447][0.204659,-0.974027,-0.096883][0.847764,0.595496,0][-0.00888515,-0.577095,0.0140761][0.204659,-0.974027,-0.096883][0.862018,0.591377,0][0.18249,-0.572233,0.369468][0.204659,-0.974027,-0.096883][0.847792,0.588435,0][-0.186032,-0.649665,0.369468][0.204656,-0.974028,-0.096883][0.851556,0.601454,0][-0.00888515,-0.577095,0.0140761][0.204656,-0.974028,-0.096883][0.862018,0.591377,0][-0.000671148,-0.616187,0.424447][0.204656,-0.974028,-0.096883][0.847764,0.595496,0][-0.323928,-0.663699,0.219261][0.204659,-0.974027,-0.096882][0.85815,0.604711,0][-0.00888515,-0.577095,0.0140761][0.204659,-0.974027,-0.096882][0.862018,0.591377,0][-0.186032,-0.649665,0.369468][0.204659,-0.974027,-0.096882][0.851556,0.601454,0][-0.377407,-0.654527,0.0140761][0.204658,-0.974027,-0.096884][0.865782,0.604396,0][-0.00888515,-0.577095,0.0140761][0.204658,-0.974027,-0.096884][0.862018,0.591377,0][-0.323928,-0.663699,0.219261][0.204658,-0.974027,-0.096884][0.85815,0.604711,0][-0.332142,-0.624607,-0.19111][0.204658,-0.974027,-0.096883][0.872404,0.600592,0][-0.00888515,-0.577095,0.0140761][0.204658,-0.974027,-0.096883][0.862018,0.591377,0][-0.377407,-0.654527,0.0140761][0.204658,-0.974027,-0.096883][0.865782,0.604396,0][-0.200259,-0.581956,-0.341316][0.204657,-0.974027,-0.096882][0.876244,0.594318,0][-0.00888515,-0.577095,0.0140761][0.204657,-0.974027,-0.096882][0.862018,0.591377,0][-0.332142,-0.624607,-0.19111][0.204657,-0.974027,-0.096882][0.872404,0.600592,0][-0.0170991,-0.538002,-0.396296][0.204659,-0.974027,-0.096883][0.876272,0.587257,0][-0.00888515,-0.577095,0.0140761][0.204659,-0.974027,-0.096883][0.862018,0.591377,0][-0.200259,-0.581956,-0.341316][0.204659,-0.974027,-0.096883][0.876244,0.594318,0][0.168263,-0.504524,-0.341316][0.204657,-0.974027,-0.096883][0.872481,0.581299,0][-0.00888515,-0.577095,0.0140761][0.204657,-0.974027,-0.096883][0.862018,0.591377,0][-0.0170991,-0.538002,-0.396296][0.204657,-0.974027,-0.096883][0.876272,0.587257,0][0.306159,-0.49049,-0.19111][0.204658,-0.974027,-0.096882][0.865887,0.578042,0][-0.00888515,-0.577095,0.0140761][0.204658,-0.974027,-0.096882][0.862018,0.591377,0][0.168263,-0.504524,-0.341316][0.204658,-0.974027,-0.096882][0.872481,0.581299,0][0.359638,-0.499662,0.0140761][0.204658,-0.974027,-0.096883][0.858255,0.578359,0][-0.00888515,-0.577095,0.0140761][0.204658,-0.974027,-0.096883][0.862018,0.591377,0][0.306159,-0.49049,-0.19111][0.204658,-0.974027,-0.096883][0.865887,0.578042,0][0.314372,-0.529583,0.219261][0.204658,-0.974027,-0.096884][0.851632,0.582161,0][-0.00888515,-0.577095,0.0140761][0.204658,-0.974027,-0.096884][0.862018,0.591377,0][0.359638,-0.499662,0.0140761][0.204658,-0.974027,-0.096884][0.858255,0.578359,0][0.288935,-0.408517,0.231303][-0.204656,0.974028,0.096882][0.235707,0.939778,0][-0.0343221,-0.456029,0.0261181][-0.204656,0.974028,0.096882][0.240101,0.927086,0][0.157053,-0.451168,0.38151][-0.204656,0.974028,0.096882][0.22931,0.93637,0][0.157053,-0.451168,0.38151][-0.204659,0.974027,0.096883][0.22931,0.93637,0][-0.0343221,-0.456029,0.0261181][-0.204659,0.974027,0.096883][0.240101,0.927086,0][-0.0261081,-0.495122,0.436489][-0.204659,0.974027,0.096883][0.225806,0.930473,0][-0.0261081,-0.495122,0.436489][-0.204656,0.974028,0.096883][0.225806,0.930473,0][-0.0343221,-0.456029,0.0261181][-0.204656,0.974028,0.096883][0.240101,0.927086,0][-0.211469,-0.5286,0.38151][-0.204656,0.974028,0.096883][0.226131,0.92367,0][-0.211469,-0.5286,0.38151][-0.204659,0.974027,0.096882][0.226131,0.92367,0][-0.0343221,-0.456029,0.0261181][-0.204659,0.974027,0.096882][0.240101,0.927086,0][-0.349365,-0.542634,0.231303][-0.204659,0.974027,0.096882][0.2302,0.917782,0][-0.349365,-0.542634,0.231303][-0.204658,0.974027,0.096884][0.2302,0.917782,0][-0.0343221,-0.456029,0.0261181][-0.204658,0.974027,0.096884][0.240101,0.927086,0][-0.402844,-0.533461,0.0261181][-0.204658,0.974027,0.096884][0.236921,0.914388,0][-0.402844,-0.533461,0.0261181][-0.204658,0.974027,0.096883][0.236921,0.914388,0][-0.0343221,-0.456029,0.0261181][-0.204658,0.974027,0.096883][0.240101,0.927086,0][-0.357579,-0.503541,-0.179068][-0.204658,0.974027,0.096883][0.244495,0.914395,0][-0.357579,-0.503541,-0.179068][-0.204657,0.974027,0.096882][0.244495,0.914395,0][-0.0343221,-0.456029,0.0261181][-0.204657,0.974027,0.096882][0.240101,0.927086,0][-0.225696,-0.46089,-0.329274][-0.204657,0.974027,0.096882][0.25089,0.917805,0][-0.225696,-0.46089,-0.329274][-0.204659,0.974027,0.096883][0.25089,0.917805,0][-0.0343221,-0.456029,0.0261181][-0.204659,0.974027,0.096883][0.240101,0.927086,0][-0.0425361,-0.416937,-0.384254][-0.204659,0.974027,0.096883][0.254395,0.9237,0][-0.0425361,-0.416937,-0.384254][-0.204657,0.974027,0.096883][0.254395,0.9237,0][-0.0343221,-0.456029,0.0261181][-0.204657,0.974027,0.096883][0.240101,0.927086,0][0.142826,-0.383458,-0.329274][-0.204657,0.974027,0.096883][0.25407,0.930503,0][0.142826,-0.383458,-0.329274][-0.204658,0.974027,0.096882][0.25407,0.930503,0][-0.0343221,-0.456029,0.0261181][-0.204658,0.974027,0.096882][0.240101,0.927086,0][0.280721,-0.369425,-0.179068][-0.204658,0.974027,0.096882][0.250001,0.936392,0][0.280721,-0.369425,-0.179068][-0.204658,0.974027,0.096883][0.250001,0.936392,0][-0.0343221,-0.456029,0.0261181][-0.204658,0.974027,0.096883][0.240101,0.927086,0][0.334201,-0.378597,0.0261181][-0.204658,0.974027,0.096883][0.24328,0.939787,0][0.334201,-0.378597,0.0261181][-0.204658,0.974027,0.096883][0.24328,0.939787,0][-0.0343221,-0.456029,0.0261181][-0.204658,0.974027,0.096883][0.240101,0.927086,0][0.288935,-0.408517,0.231303][-0.204658,0.974027,0.096883][0.235707,0.939778,0][0.155863,-0.227775,0.387378][0.513427,-0.116283,0.850218][0.188639,0.948709,0][0.129372,-0.344741,0.387378][0.505589,-0.114508,0.855142][0.188639,0.937898,0][0.275914,-0.372944,0.229105][0.855538,-0.193766,0.480115][0.207639,0.937898,0][0.275914,-0.372944,0.229105][0.855538,-0.193766,0.480115][0.207639,0.937898,0][0.302405,-0.255978,0.229105][0.857876,-0.194296,0.475708][0.207639,0.948709,0][0.155863,-0.227775,0.387378][0.513427,-0.116283,0.850218][0.188639,0.948709,0][-0.0443171,-0.189249,0.445309][0.005535,-0.001254,0.999984][0.170796,0.948709,0][-0.0708081,-0.306215,0.445309][-0.005535,0.001253,0.999984][0.170796,0.937898,0][0.129372,-0.344741,0.387378][0.505589,-0.114508,0.855142][0.188639,0.937898,0][0.129372,-0.344741,0.387378][0.505589,-0.114508,0.855142][0.188639,0.937898,0][0.155863,-0.227775,0.387378][0.513427,-0.116283,0.850218][0.188639,0.948709,0][-0.0443171,-0.189249,0.445309][0.005535,-0.001254,0.999984][0.170796,0.948709,0][-0.270988,-0.267689,0.387378][-0.513427,0.116283,0.850218][0.152953,0.937898,0][-0.0708081,-0.306215,0.445309][-0.005535,0.001253,0.999984][0.170796,0.937898,0][-0.0443171,-0.189249,0.445309][0.005535,-0.001254,0.999984][0.170796,0.948709,0][-0.0443171,-0.189249,0.445309][0.005535,-0.001254,0.999984][0.170796,0.948709,0][-0.244497,-0.150723,0.387378][-0.505589,0.114508,0.855142][0.152953,0.948709,0][-0.270988,-0.267689,0.387378][-0.513427,0.116283,0.850218][0.152953,0.937898,0][-0.391039,-0.12252,0.229105][-0.855537,0.193766,0.480115][0.133953,0.948709,0][-0.41753,-0.239486,0.229105][-0.857876,0.194296,0.475707][0.133953,0.937898,0][-0.270988,-0.267689,0.387378][-0.513427,0.116283,0.850218][0.152953,0.937898,0][-0.270988,-0.267689,0.387378][-0.513427,0.116283,0.850218][0.152953,0.937898,0][-0.244497,-0.150723,0.387378][-0.505589,0.114508,0.855142][0.152953,0.948709,0][-0.391039,-0.12252,0.229105][-0.855537,0.193766,0.480115][0.133953,0.948709,0][-0.471168,-0.229163,0.0129031][-0.975299,0.22089,0][0.113864,0.937898,0][-0.41753,-0.239486,0.229105][-0.857876,0.194296,0.475707][0.133953,0.937898,0][-0.391039,-0.12252,0.229105][-0.855537,0.193766,0.480115][0.133953,0.948709,0][-0.391039,-0.12252,0.229105][-0.855537,0.193766,0.480115][0.133953,0.948709,0][-0.444677,-0.112197,0.0129031][-0.975299,0.22089,0][0.113864,0.948709,0][-0.471168,-0.229163,0.0129031][-0.975299,0.22089,0][0.113864,0.937898,0][-0.391039,-0.12252,-0.2033][-0.855492,0.193756,-0.480201][0.093776,0.948709,0][-0.41753,-0.239486,-0.2033][-0.857832,0.194286,-0.475791][0.093776,0.937898,0][-0.471168,-0.229163,0.0129031][-0.975299,0.22089,0][0.113864,0.937898,0][-0.471168,-0.229163,0.0129031][-0.975299,0.22089,0][0.113864,0.937898,0][-0.444677,-0.112197,0.0129031][-0.975299,0.22089,0][0.113864,0.948709,0][-0.391039,-0.12252,-0.2033][-0.855492,0.193756,-0.480201][0.093776,0.948709,0][-0.244451,-0.150732,-0.361573][-0.505541,0.114497,-0.855172][0.074776,0.948709,0][-0.270942,-0.267698,-0.361573][-0.513377,0.116272,-0.85025][0.074776,0.937898,0][-0.41753,-0.239486,-0.2033][-0.857832,0.194286,-0.475791][0.093776,0.937898,0][-0.41753,-0.239486,-0.2033][-0.857832,0.194286,-0.475791][0.093776,0.937898,0][-0.391039,-0.12252,-0.2033][-0.855492,0.193756,-0.480201][0.093776,0.948709,0][-0.244451,-0.150732,-0.361573][-0.505541,0.114497,-0.855172][0.074776,0.948709,0][-0.0442711,-0.189258,-0.419504][0.005535,-0.001254,-0.999984][0.056932,0.948709,0][-0.0707621,-0.306224,-0.419504][-0.005536,0.001254,-0.999984][0.056932,0.937898,0][-0.270942,-0.267698,-0.361573][-0.513377,0.116272,-0.85025][0.074776,0.937898,0][-0.270942,-0.267698,-0.361573][-0.513377,0.116272,-0.85025][0.074776,0.937898,0][-0.244451,-0.150732,-0.361573][-0.505541,0.114497,-0.855172][0.074776,0.948709,0][-0.0442711,-0.189258,-0.419504][0.005535,-0.001254,-0.999984][0.056932,0.948709,0][0.129372,-0.344741,-0.361573][0.505638,-0.114519,-0.855111][0.039089,0.937898,0][-0.0707621,-0.306224,-0.419504][-0.005536,0.001254,-0.999984][0.056932,0.937898,0][-0.0442711,-0.189258,-0.419504][0.005535,-0.001254,-0.999984][0.056932,0.948709,0][-0.0442711,-0.189258,-0.419504][0.005535,-0.001254,-0.999984][0.056932,0.948709,0][0.155863,-0.227775,-0.361573][0.513475,-0.116294,-0.850188][0.039089,0.948709,0][0.129372,-0.344741,-0.361573][0.505638,-0.114519,-0.855111][0.039089,0.937898,0][0.129372,-0.344741,-0.361573][0.505638,-0.114519,-0.855111][0.039089,0.937898,0][0.155863,-0.227775,-0.361573][0.513475,-0.116294,-0.850188][0.039089,0.948709,0][0.302405,-0.255978,-0.2033][0.857876,-0.194296,-0.475708][0.020089,0.948709,0][0.302405,-0.255978,-0.2033][0.857876,-0.194296,-0.475708][0.020089,0.948709,0][0.275914,-0.372944,-0.2033][0.855537,-0.193766,-0.480115][0.020089,0.937898,0][0.129372,-0.344741,-0.361573][0.505638,-0.114519,-0.855111][0.039089,0.937898,0][0.275914,-0.372944,-0.2033][0.855537,-0.193766,-0.480115][0.020089,0.937898,0][0.302405,-0.255978,-0.2033][0.857876,-0.194296,-0.475708][0.020089,0.948709,0][0.356043,-0.266301,0.0129031][0.975299,-0.22089,0][0,0.948709,0][0.356043,-0.266301,0.0129031][0.975299,-0.22089,0][0,0.948709,0][0.329552,-0.383268,0.0129031][0.975299,-0.22089,0][0,0.937898,0][0.275914,-0.372944,-0.2033][0.855537,-0.193766,-0.480115][0.020089,0.937898,0][0.275914,-0.372944,0.229105][0.855538,-0.193766,0.480115][0.207639,0.937898,0][0.329552,-0.383268,0.0129031][0.975299,-0.22089,0][0.227728,0.937898,0][0.356043,-0.266301,0.0129031][0.975299,-0.22089,0][0.227728,0.948709,0][0.356043,-0.266301,0.0129031][0.975299,-0.22089,0][0.227728,0.948709,0][0.302405,-0.255978,0.229105][0.857876,-0.194296,0.475708][0.207639,0.948709,0][0.275914,-0.372944,0.229105][0.855538,-0.193766,0.480115][0.207639,0.937898,0][0.129372,-0.344741,0.387378][-0.188989,-0.981979,0][0.915282,0.254573,0][-0.0708081,-0.306215,0.0129031][-0.188989,-0.981979,0][0.929826,0.257416,0][0.275914,-0.372944,0.229105][-0.188989,-0.981979,0][0.919353,0.248367,0][-0.0708081,-0.306215,0.445309][-0.18899,-0.981979,0][0.915109,0.261542,0][-0.0708081,-0.306215,0.0129031][-0.18899,-0.981979,0][0.929826,0.257416,0][0.129372,-0.344741,0.387378][-0.18899,-0.981979,0][0.915282,0.254573,0][-0.270988,-0.267689,0.387378][-0.18899,-0.981979,0][0.91888,0.267406,0][-0.0708081,-0.306215,0.0129031][-0.18899,-0.981979,0][0.929826,0.257416,0][-0.0708081,-0.306215,0.445309][-0.18899,-0.981979,0][0.915109,0.261542,0][-0.41753,-0.239486,0.229105][-0.18899,-0.981979,0][0.925585,0.270592,0][-0.0708081,-0.306215,0.0129031][-0.18899,-0.981979,0][0.929826,0.257416,0][-0.270988,-0.267689,0.387378][-0.18899,-0.981979,0][0.91888,0.267406,0][-0.471168,-0.229163,0.0129031][-0.18899,-0.981979,0][0.933425,0.270248,0][-0.0708081,-0.306215,0.0129031][-0.18899,-0.981979,0][0.929826,0.257416,0][-0.41753,-0.239486,0.229105][-0.18899,-0.981979,0][0.925585,0.270592,0][-0.41753,-0.239486,-0.2033][-0.18899,-0.981979,0][0.940301,0.266465,0][-0.0708081,-0.306215,0.0129031][-0.18899,-0.981979,0][0.929826,0.257416,0][-0.471168,-0.229163,0.0129031][-0.18899,-0.981979,0][0.933425,0.270248,0][-0.270942,-0.267698,-0.361573][-0.18899,-0.981979,0][0.944372,0.260258,0][-0.0708081,-0.306215,0.0129031][-0.18899,-0.981979,0][0.929826,0.257416,0][-0.41753,-0.239486,-0.2033][-0.18899,-0.981979,0][0.940301,0.266465,0][-0.0707621,-0.306224,-0.419504][-0.18899,-0.981979,0][0.944546,0.25329,0][-0.0708081,-0.306215,0.0129031][-0.18899,-0.981979,0][0.929826,0.257416,0][-0.270942,-0.267698,-0.361573][-0.18899,-0.981979,0][0.944372,0.260258,0][0.129372,-0.344741,-0.361573][-0.188989,-0.981979,0][0.940774,0.247427,0][-0.0708081,-0.306215,0.0129031][-0.188989,-0.981979,0][0.929826,0.257416,0][-0.0707621,-0.306224,-0.419504][-0.188989,-0.981979,0][0.944546,0.25329,0][0.275914,-0.372944,-0.2033][-0.188989,-0.981979,0][0.934069,0.244239,0][-0.0708081,-0.306215,0.0129031][-0.188989,-0.981979,0][0.929826,0.257416,0][0.129372,-0.344741,-0.361573][-0.188989,-0.981979,0][0.940774,0.247427,0][0.329552,-0.383268,0.0129031][-0.18899,-0.981979,-1e-006][0.926229,0.244584,0][-0.0708081,-0.306215,0.0129031][-0.18899,-0.981979,-1e-006][0.929826,0.257416,0][0.275914,-0.372944,-0.2033][-0.18899,-0.981979,-1e-006][0.934069,0.244239,0][0.275914,-0.372944,0.229105][-0.18899,-0.981979,1e-006][0.919353,0.248367,0][-0.0708081,-0.306215,0.0129031][-0.18899,-0.981979,1e-006][0.929826,0.257416,0][0.329552,-0.383268,0.0129031][-0.18899,-0.981979,1e-006][0.926229,0.244584,0][0.302405,-0.255978,0.229105][0.18899,0.981979,0][0.818009,0.928323,0][-0.0443171,-0.189249,0.0129031][0.18899,0.981979,0][0.822726,0.915611,0][0.155863,-0.227775,0.387378][0.18899,0.981979,0][0.811587,0.924918,0][0.155863,-0.227775,0.387378][0.18899,0.981979,0][0.811587,0.924918,0][-0.0443171,-0.189249,0.0129031][0.18899,0.981979,0][0.822726,0.915611,0][-0.0443171,-0.189249,0.445309][0.18899,0.981979,0][0.808148,0.919018,0][-0.0443171,-0.189249,0.445309][0.18899,0.981979,0][0.808148,0.919018,0][-0.0443171,-0.189249,0.0129031][0.18899,0.981979,0][0.822726,0.915611,0][-0.244497,-0.150723,0.387378][0.18899,0.981979,0][0.808616,0.912206,0][-0.244497,-0.150723,0.387378][0.18899,0.981979,0][0.808616,0.912206,0][-0.0443171,-0.189249,0.0129031][0.18899,0.981979,0][0.822726,0.915611,0][-0.391039,-0.12252,0.229105][0.18899,0.981979,0][0.812865,0.906306,0][-0.391039,-0.12252,0.229105][0.18899,0.981979,1e-006][0.812865,0.906306,0][-0.0443171,-0.189249,0.0129031][0.18899,0.981979,1e-006][0.822726,0.915611,0][-0.444677,-0.112197,0.0129031][0.18899,0.981979,1e-006][0.819757,0.9029,0][-0.444677,-0.112197,0.0129031][0.18899,0.981979,-1e-006][0.819757,0.9029,0][-0.0443171,-0.189249,0.0129031][0.18899,0.981979,-1e-006][0.822726,0.915611,0][-0.391039,-0.12252,-0.2033][0.18899,0.981979,-1e-006][0.827445,0.9029,0][-0.391039,-0.12252,-0.2033][0.188989,0.981979,1e-006][0.827445,0.9029,0][-0.0443171,-0.189249,0.0129031][0.18899,0.981979,1e-006][0.822726,0.915611,0][-0.244451,-0.150732,-0.361573][0.18899,0.981979,1e-006][0.833869,0.906306,0][-0.244451,-0.150732,-0.361573][0.18899,0.981979,0][0.833869,0.906306,0][-0.0443171,-0.189249,0.0129031][0.18899,0.981979,0][0.822726,0.915611,0][-0.0442711,-0.189258,-0.419504][0.18899,0.981979,0][0.837307,0.912205,0][-0.0442711,-0.189258,-0.419504][0.188989,0.981979,0][0.837307,0.912205,0][-0.0443171,-0.189249,0.0129031][0.18899,0.981979,0][0.822726,0.915611,0][0.155863,-0.227775,-0.361573][0.18899,0.981979,0][0.836839,0.919017,0][0.155863,-0.227775,-0.361573][0.18899,0.981979,0][0.836839,0.919017,0][-0.0443171,-0.189249,0.0129031][0.18899,0.981979,0][0.822726,0.915611,0][0.302405,-0.255978,-0.2033][0.18899,0.981979,0][0.83259,0.924918,0][0.302405,-0.255978,-0.2033][0.18899,0.981979,0][0.83259,0.924918,0][-0.0443171,-0.189249,0.0129031][0.18899,0.981979,0][0.822726,0.915611,0][0.356043,-0.266301,0.0129031][0.18899,0.981979,0][0.825698,0.928323,0][0.356043,-0.266301,0.0129031][0.18899,0.981979,0][0.825698,0.928323,0][-0.0443171,-0.189249,0.0129031][0.18899,0.981979,0][0.822726,0.915611,0][0.302405,-0.255978,0.229105][0.18899,0.981979,0][0.818009,0.928323,0][-0.0406002,-0.645467,-0.364126][0.0584181,0.856201,-0.513329][0.153535,0.709172,0][-0.132337,-0.641455,-0.353448][-0.148111,0.858395,-0.491143][0.136819,0.70952,0][-0.102455,-0.580299,-0.304427][-0.283027,0.041199,-0.958227][0.140433,0.724536,0][-0.102455,-0.580299,-0.304427][-0.283027,0.041199,-0.958227][0.140433,0.724536,0][-0.0270031,-0.580271,-0.318902][0.014493,-0.015027,-0.999782][0.155335,0.724374,0][-0.0406002,-0.645467,-0.364126][0.0584181,0.856201,-0.513329][0.153535,0.709172,0][-0.30204,-0.580492,-0.133836][-0.902044,0.0201271,-0.431174][0.092336,0.735997,0][-0.185796,-0.580331,-0.269312][-0.733943,0.0798491,-0.674501][0.123073,0.726428,0][-0.233664,-0.645467,-0.322526][-0.631702,0.711619,-0.307492][0.117916,0.709256,0][-0.233664,-0.645467,-0.322526][-0.631702,0.711619,-0.307492][0.117916,0.709256,0][-0.348457,-0.729756,-0.105916][-0.910143,0.334544,-0.244376][0.076707,0.717148,0][-0.30204,-0.580492,-0.133836][-0.902044,0.0201271,-0.431174][0.092336,0.735997,0][-0.30204,-0.580492,-0.133836][-0.902044,0.0201271,-0.431174][0.092336,0.735997,0][-0.348457,-0.729756,-0.105916][-0.910143,0.334544,-0.244376][0.076707,0.717148,0][-0.396084,-0.75477,0.0569021][-0.970459,0.239287,0.030841][0.054438,0.72468,0][-0.396084,-0.75477,0.0569021][-0.970459,0.239287,0.030841][0.054438,0.72468,0][-0.344589,-0.580711,0.0353281][-0.999802,0.0195521,0.003817][0.066814,0.745868,0][-0.30204,-0.580492,-0.133836][-0.902044,0.0201271,-0.431174][0.092336,0.735997,0][-0.344589,-0.580711,0.0353281][-0.999802,0.0195521,0.003817][0.066814,0.745868,0][-0.396084,-0.75477,0.0569021][-0.970459,0.239287,0.030841][0.054438,0.72468,0][-0.348457,-0.75477,0.215481][-0.837546,0.275776,0.471662][0.036524,0.733642,0][-0.348457,-0.75477,0.215481][-0.837546,0.275776,0.471662][0.036524,0.733642,0][-0.30204,-0.580931,0.187768][-0.874484,0.0322661,0.48398][0.046552,0.754419,0][-0.344589,-0.580711,0.0353281][-0.999802,0.0195521,0.003817][0.066814,0.745868,0][-0.30204,-0.580931,0.187768][-0.874484,0.0322661,0.48398][0.046552,0.754419,0][-0.348457,-0.75477,0.215481][-0.837546,0.275776,0.471662][0.036524,0.733642,0][-0.218341,-0.75477,0.358976][-0.514626,0.302718,0.802198][0.016731,0.743697,0][-0.218341,-0.75477,0.358976][-0.514626,0.302718,0.802198][0.016731,0.743697,0][-0.185796,-0.581093,0.321551][-0.537124,0.013191,0.8434][0.025775,0.762818,0][-0.30204,-0.580931,0.187768][-0.874484,0.0322661,0.48398][0.046552,0.754419,0][-0.185796,-0.581093,0.321551][-0.537124,0.013191,0.8434][0.025775,0.762818,0][-0.218341,-0.75477,0.358976][-0.514626,0.302718,0.802198][0.016731,0.743697,0][-0.0406002,-0.75477,0.400574][-0.00952597,0.296769,0.954902][0,0.754561,0][-0.0406002,-0.75477,0.400574][-0.00952597,0.296769,0.954902][0,0.754561,0][-0.0270031,-0.58115,0.363217][0.006454,-0.009077,0.999938][0.008693,0.770776,0][-0.185796,-0.581093,0.321551][-0.537124,0.013191,0.8434][0.025775,0.762818,0][-0.0406002,-0.75477,0.400574][-0.00952597,0.296769,0.954902][0.310229,0.7534,0][0.137142,-0.75477,0.358976][0.503067,0.264684,0.822719][0.292604,0.742498,0][0.131788,-0.581093,0.321551][0.548087,-0.00679105,0.836394][0.282006,0.760997,0][0.131788,-0.581093,0.321551][0.548087,-0.00679105,0.836394][0.282006,0.760997,0][-0.0270031,-0.58115,0.363217][0.006454,-0.009077,0.999938][0.298958,0.768374,0][-0.0406002,-0.75477,0.400574][-0.00952597,0.296769,0.954902][0.310229,0.7534,0][0.131788,-0.581093,0.321551][0.548087,-0.00679105,0.836394][0.282006,0.760997,0][0.137142,-0.75477,0.358976][0.503067,0.264684,0.822719][0.292604,0.742498,0][0.267255,-0.75477,0.215481][0.847838,0.207683,0.487892][0.27148,0.732716,0][0.267255,-0.75477,0.215481][0.847838,0.207683,0.487892][0.27148,0.732716,0][0.248032,-0.580931,0.187768][0.877622,-0.000860077,0.479352][0.261086,0.752793,0][0.131788,-0.581093,0.321551][0.548087,-0.00679105,0.836394][0.282006,0.760997,0][0.314882,-0.75477,0.0569021][0.976927,0.198956,0.077659][0.252325,0.724127,0][0.290581,-0.580711,0.0353281][0.999785,0.0115659,0.017191][0.240776,0.745162,0][0.248032,-0.580931,0.187768][0.877622,-0.000860077,0.479352][0.261086,0.752793,0][0.248032,-0.580931,0.187768][0.877622,-0.000860077,0.479352][0.261086,0.752793,0][0.267255,-0.75477,0.215481][0.847838,0.207683,0.487892][0.27148,0.732716,0][0.314882,-0.75477,0.0569021][0.976927,0.198956,0.077659][0.252325,0.724127,0][0.301934,-0.75233,-0.128268][0.90091,0.364839,-0.235059][0.229298,0.712965,0][0.248032,-0.580492,-0.133836][0.90078,0.0350759,-0.432858][0.216078,0.736624,0][0.290581,-0.580711,0.0353281][0.999785,0.0115659,0.017191][0.240776,0.745162,0][0.290581,-0.580711,0.0353281][0.999785,0.0115659,0.017191][0.240776,0.745162,0][0.314882,-0.75477,0.0569021][0.976927,0.198956,0.077659][0.252325,0.724127,0][0.301934,-0.75233,-0.128268][0.90091,0.364839,-0.235059][0.229298,0.712965,0][0.248032,-0.580492,-0.133836][0.90078,0.0350759,-0.432858][0.216078,0.736624,0][0.301934,-0.75233,-0.128268][0.90091,0.364839,-0.235059][0.229298,0.712965,0][0.152465,-0.676888,-0.322526][0.645183,0.651757,-0.398688][0.188986,0.707893,0][0.152465,-0.676888,-0.322526][0.645183,0.651757,-0.398688][0.188986,0.707893,0][0.131788,-0.580331,-0.269312][0.724589,0.0726449,-0.685342][0.186725,0.727638,0][0.248032,-0.580492,-0.133836][0.90078,0.0350759,-0.432858][0.216078,0.736624,0][0.152465,-0.676888,-0.322526][0.645183,0.651757,-0.398688][0.188986,0.707893,0][0.0555319,-0.6571,-0.352501][0.255355,0.814439,-0.521041][0.170853,0.70876,0][0.0520629,-0.580301,-0.303299][0.299695,0.032716,-0.953474][0.17084,0.725139,0][0.0520629,-0.580301,-0.303299][0.299695,0.032716,-0.953474][0.17084,0.725139,0][0.131788,-0.580331,-0.269312][0.724589,0.0726449,-0.685342][0.186725,0.727638,0][0.152465,-0.676888,-0.322526][0.645183,0.651757,-0.398688][0.188986,0.707893,0][-0.0270031,-0.580271,-0.318902][0.014493,-0.015027,-0.999782][0.155335,0.724374,0][0.0520629,-0.580301,-0.303299][0.299695,0.032716,-0.953474][0.17084,0.725139,0][0.0555319,-0.6571,-0.352501][0.255355,0.814439,-0.521041][0.170853,0.70876,0][0.0555319,-0.6571,-0.352501][0.255355,0.814439,-0.521041][0.170853,0.70876,0][-0.0406002,-0.645467,-0.364126][0.0584181,0.856201,-0.513329][0.153535,0.709172,0][-0.0270031,-0.580271,-0.318902][0.014493,-0.015027,-0.999782][0.155335,0.724374,0][-0.102455,-0.580299,-0.304427][-0.283027,0.041199,-0.958227][0.140433,0.724536,0][-0.132337,-0.641455,-0.353448][-0.148111,0.858395,-0.491143][0.136819,0.70952,0][-0.233664,-0.645467,-0.322526][-0.631702,0.711619,-0.307492][0.117916,0.709256,0][-0.233664,-0.645467,-0.322526][-0.631702,0.711619,-0.307492][0.117916,0.709256,0][-0.185796,-0.580331,-0.269312][-0.733943,0.0798491,-0.674501][0.123073,0.726428,0][-0.102455,-0.580299,-0.304427][-0.283027,0.041199,-0.958227][0.140433,0.724536,0][-0.0322221,-0.314175,-0.364696][0.000944982,-0.200935,-0.979604][0.154186,0.771881,0][-0.0270031,-0.580271,-0.318902][0.014493,-0.015027,-0.999782][0.155335,0.724374,0][-0.102455,-0.580299,-0.304427][-0.283027,0.041199,-0.958227][0.140433,0.724536,0][-0.102455,-0.580299,-0.304427][-0.283027,0.041199,-0.958227][0.140433,0.724536,0][-0.207774,-0.314339,-0.308322][-0.587441,-0.192026,-0.786155][0.128063,0.772855,0][-0.0322221,-0.314175,-0.364696][0.000944982,-0.200935,-0.979604][0.154186,0.771881,0][-0.207774,-0.314339,-0.308322][-0.587441,-0.192026,-0.786155][0.128063,0.772855,0][-0.185796,-0.580331,-0.269312][-0.733943,0.0798491,-0.674501][0.123073,0.726428,0][-0.30204,-0.580492,-0.133836][-0.902044,0.0201271,-0.431174][0.092336,0.735997,0][-0.30204,-0.580492,-0.133836][-0.902044,0.0201271,-0.431174][0.092336,0.735997,0][-0.336209,-0.314591,-0.151356][-0.876267,-0.1673,-0.451849][0.10084,0.775469,0][-0.207774,-0.314339,-0.308322][-0.587441,-0.192026,-0.786155][0.128063,0.772855,0][-0.336209,-0.314591,-0.151356][-0.876267,-0.1673,-0.451849][0.10084,0.775469,0][-0.30204,-0.580492,-0.133836][-0.902044,0.0201271,-0.431174][0.092336,0.735997,0][-0.344589,-0.580711,0.0353281][-0.999802,0.0195521,0.003817][0.066814,0.745868,0][-0.344589,-0.580711,0.0353281][-0.999802,0.0195521,0.003817][0.066814,0.745868,0][-0.383224,-0.314701,0.0291601][-0.988379,-0.151973,0.003295][0.077794,0.780034,0][-0.336209,-0.314591,-0.151356][-0.876267,-0.1673,-0.451849][0.10084,0.775469,0][-0.344589,-0.580711,0.0353281][-0.999802,0.0195521,0.003817][0.066814,0.745868,0][-0.30204,-0.580931,0.187768][-0.874484,0.0322661,0.48398][0.046552,0.754419,0][-0.336203,-0.314908,0.205683][-0.871202,-0.140422,0.470413][0.05713,0.78563,0][-0.336203,-0.314908,0.205683][-0.871202,-0.140422,0.470413][0.05713,0.78563,0][-0.383224,-0.314701,0.0291601][-0.988379,-0.151973,0.003295][0.077794,0.780034,0][-0.344589,-0.580711,0.0353281][-0.999802,0.0195521,0.003817][0.066814,0.745868,0][-0.30204,-0.580931,0.187768][-0.874484,0.0322661,0.48398][0.046552,0.754419,0][-0.185796,-0.581093,0.321551][-0.537124,0.013191,0.8434][0.025775,0.762818,0][-0.207756,-0.31507,0.358667][-0.545311,-0.143088,0.825931][0.035729,0.79221,0][-0.207756,-0.31507,0.358667][-0.545311,-0.143088,0.825931][0.035729,0.79221,0][-0.336203,-0.314908,0.205683][-0.871202,-0.140422,0.470413][0.05713,0.78563,0][-0.30204,-0.580931,0.187768][-0.874484,0.0322661,0.48398][0.046552,0.754419,0][-0.0322991,-0.315095,0.409751][-0.000266012,-0.140325,0.990105][0.017368,0.797406,0][-0.207756,-0.31507,0.358667][-0.545311,-0.143088,0.825931][0.035729,0.79221,0][-0.185796,-0.581093,0.321551][-0.537124,0.013191,0.8434][0.025775,0.762818,0][-0.185796,-0.581093,0.321551][-0.537124,0.013191,0.8434][0.025775,0.762818,0][-0.0270031,-0.58115,0.363217][0.006454,-0.009077,0.999938][0.008693,0.770776,0][-0.0322991,-0.315095,0.409751][-0.000266012,-0.140325,0.990105][0.017368,0.797406,0][-0.0322991,-0.315095,0.409751][-0.000266012,-0.140325,0.990105][0.292133,0.795951,0][-0.0270031,-0.58115,0.363217][0.006454,-0.009077,0.999938][0.298958,0.768374,0][0.131788,-0.581093,0.321551][0.548087,-0.00679105,0.836394][0.282006,0.760997,0][0.131788,-0.581093,0.321551][0.548087,-0.00679105,0.836394][0.282006,0.760997,0][0.143156,-0.315053,0.358669][0.545936,-0.123579,0.828663][0.273244,0.790797,0][-0.0322991,-0.315095,0.409751][-0.000266012,-0.140325,0.990105][0.292133,0.795951,0][0.143156,-0.315053,0.358669][0.545936,-0.123579,0.828663][0.273244,0.790797,0][0.131788,-0.581093,0.321551][0.548087,-0.00679105,0.836394][0.282006,0.760997,0][0.248032,-0.580931,0.187768][0.877622,-0.000860077,0.479352][0.261086,0.752793,0][0.248032,-0.580931,0.187768][0.877622,-0.000860077,0.479352][0.261086,0.752793,0][0.271601,-0.314879,0.205686][0.874534,-0.108847,0.472592][0.251535,0.784356,0][0.143156,-0.315053,0.358669][0.545936,-0.123579,0.828663][0.273244,0.790797,0][0.271601,-0.314879,0.205686][0.874534,-0.108847,0.472592][0.251535,0.784356,0][0.248032,-0.580931,0.187768][0.877622,-0.000860077,0.479352][0.261086,0.752793,0][0.290581,-0.580711,0.0353281][0.999785,0.0115659,0.017191][0.240776,0.745162,0][0.290581,-0.580711,0.0353281][0.999785,0.0115659,0.017191][0.240776,0.745162,0][0.318621,-0.314667,0.0291591][0.993241,-0.116025,0.003349][0.230663,0.778971,0][0.271601,-0.314879,0.205686][0.874534,-0.108847,0.472592][0.251535,0.784356,0][0.248032,-0.580492,-0.133836][0.90078,0.0350759,-0.432858][0.216078,0.736624,0][0.271605,-0.314562,-0.151358][0.880418,-0.135484,-0.454433][0.2076,0.774753,0][0.318621,-0.314667,0.0291591][0.993241,-0.116025,0.003349][0.230663,0.778971,0][0.318621,-0.314667,0.0291591][0.993241,-0.116025,0.003349][0.230663,0.778971,0][0.290581,-0.580711,0.0353281][0.999785,0.0115659,0.017191][0.240776,0.745162,0][0.248032,-0.580492,-0.133836][0.90078,0.0350759,-0.432858][0.216078,0.736624,0][0.131788,-0.580331,-0.269312][0.724589,0.0726449,-0.685342][0.186725,0.727638,0][0.143169,-0.314322,-0.308324][0.589162,-0.171015,-0.78971][0.180375,0.77247,0][0.271605,-0.314562,-0.151358][0.880418,-0.135484,-0.454433][0.2076,0.774753,0][0.271605,-0.314562,-0.151358][0.880418,-0.135484,-0.454433][0.2076,0.774753,0][0.248032,-0.580492,-0.133836][0.90078,0.0350759,-0.432858][0.216078,0.736624,0][0.131788,-0.580331,-0.269312][0.724589,0.0726449,-0.685342][0.186725,0.727638,0][0.0520629,-0.580301,-0.303299][0.299695,0.032716,-0.953474][0.17084,0.725139,0][0.143169,-0.314322,-0.308324][0.589162,-0.171015,-0.78971][0.180375,0.77247,0][0.131788,-0.580331,-0.269312][0.724589,0.0726449,-0.685342][0.186725,0.727638,0][0.143169,-0.314322,-0.308324][0.589162,-0.171015,-0.78971][0.180375,0.77247,0][0.0520629,-0.580301,-0.303299][0.299695,0.032716,-0.953474][0.17084,0.725139,0][-0.0270031,-0.580271,-0.318902][0.014493,-0.015027,-0.999782][0.155335,0.724374,0][-0.0270031,-0.580271,-0.318902][0.014493,-0.015027,-0.999782][0.155335,0.724374,0][-0.0322221,-0.314175,-0.364696][0.000944982,-0.200935,-0.979604][0.154186,0.771881,0][0.143169,-0.314322,-0.308324][0.589162,-0.171015,-0.78971][0.180375,0.77247,0][-0.185796,-0.580331,-0.269312][-0.733943,0.0798491,-0.674501][0.123073,0.726428,0][-0.207774,-0.314339,-0.308322][-0.587441,-0.192026,-0.786155][0.128063,0.772855,0][-0.102455,-0.580299,-0.304427][-0.283027,0.041199,-0.958227][0.140433,0.724536,0][0.330061,0.0634199,-0.216882][0.831054,-0.304024,-0.465746][0.201998,0.818938,0][0.294866,-0.102124,-0.176668][0.861117,-0.229481,-0.45367][0.204025,0.800767,0][0.155071,-0.102369,-0.357653][0.561155,-0.267796,-0.783192][0.177862,0.800677,0][0.155071,-0.102369,-0.357653][0.561155,-0.267796,-0.783192][0.177862,0.800677,0][0.174731,0.0632999,-0.414485][0.53652,-0.327986,-0.777542][0.176894,0.820011,0][0.330061,0.0634199,-0.216882][0.831054,-0.304024,-0.465746][0.201998,0.818938,0][-0.0353961,-0.102168,-0.417263][-0.000825026,-0.295753,-0.955264][0.154101,0.800904,0][-0.0366911,0.0635998,-0.476554][-0.00143003,-0.346735,-0.937962][0.15417,0.820749,0][0.174731,0.0632999,-0.414485][0.53652,-0.327986,-0.777542][0.176894,0.820011,0][0.174731,0.0632999,-0.414485][0.53652,-0.327986,-0.777542][0.176894,0.820011,0][0.155071,-0.102369,-0.357653][0.561155,-0.267796,-0.783192][0.177862,0.800677,0][-0.0353961,-0.102168,-0.417263][-0.000825026,-0.295753,-0.955264][0.154101,0.800904,0][-0.226826,-0.102418,-0.357646][-0.55899,-0.281315,-0.779995][0.13029,0.801146,0][-0.249641,0.0633,-0.414485][-0.535863,-0.336792,-0.774223][0.131317,0.820451,0][-0.0366911,0.0635998,-0.476554][-0.00143003,-0.346735,-0.937962][0.15417,0.820749,0][-0.0366911,0.0635998,-0.476554][-0.00143003,-0.346735,-0.937962][0.15417,0.820749,0][-0.0353961,-0.102168,-0.417263][-0.000825026,-0.295753,-0.955264][0.154101,0.800904,0][-0.226826,-0.102418,-0.357646][-0.55899,-0.281315,-0.779995][0.13029,0.801146,0][-0.366622,-0.10221,-0.17666][-0.858003,-0.24847,-0.449547][0.10432,0.801566,0][-0.404972,0.0634201,-0.216882][-0.830047,-0.313628,-0.461151][0.106345,0.819668,0][-0.249641,0.0633,-0.414485][-0.535863,-0.336792,-0.774223][0.131317,0.820451,0][-0.249641,0.0633,-0.414485][-0.535863,-0.336792,-0.774223][0.131317,0.820451,0][-0.226826,-0.102418,-0.357646][-0.55899,-0.281315,-0.779995][0.13029,0.801146,0][-0.366622,-0.10221,-0.17666][-0.858003,-0.24847,-0.449547][0.10432,0.801566,0][-0.404972,0.0634201,-0.216882][-0.830047,-0.313628,-0.461151][0.106345,0.819668,0][-0.366622,-0.10221,-0.17666][-0.858003,-0.24847,-0.449547][0.10432,0.801566,0][-0.417798,-0.102029,0.0139161][-0.975268,-0.22098,-0.004457][0.083855,0.803038,0][-0.417798,-0.102029,0.0139161][-0.975268,-0.22098,-0.004457][0.083855,0.803038,0][-0.464938,0.06353,-0.0341719][-0.911972,-0.307746,-0.271291][0.087689,0.819908,0][-0.404972,0.0634201,-0.216882][-0.830047,-0.313628,-0.461151][0.106345,0.819668,0][-0.226815,-0.102336,0.374129][-0.548037,-0.123393,0.827303][0.042092,0.813669,0][-0.249641,0.06382,0.380841][-0.557384,-0.127115,0.820466][0.047332,0.82975,0][-0.404972,0.06371,0.218441][-0.847904,-0.219676,0.482494][0.069138,0.824814,0][-0.404972,0.06371,0.218441][-0.847904,-0.219676,0.482494][0.069138,0.824814,0][-0.366612,-0.102172,0.21375][-0.859583,-0.171937,0.481201][0.063512,0.808295,0][-0.226815,-0.102336,0.374129][-0.548037,-0.123393,0.827303][0.042092,0.813669,0][-0.249641,0.06382,0.380841][-0.557384,-0.127115,0.820466][0.047332,0.82975,0][-0.226815,-0.102336,0.374129][-0.548037,-0.123393,0.827303][0.042092,0.813669,0][-0.0358741,-0.102497,0.438565][-0.000820009,-0.100692,0.994917][0.022257,0.818296,0][-0.0358741,-0.102497,0.438565][-0.000820009,-0.100692,0.994917][0.022257,0.818296,0][-0.0374551,0.0638601,0.452977][-0.00199101,-0.084883,0.996389][0.025614,0.834532,0][-0.249641,0.06382,0.380841][-0.557384,-0.127115,0.820466][0.047332,0.82975,0][0.155065,-0.102288,0.374136][0.54773,-0.108976,0.829527][0.267391,0.812864,0][0.174731,0.06382,0.380841][0.556002,-0.116334,0.822999][0.262222,0.829423,0][-0.0374551,0.0638601,0.452977][-0.00199101,-0.084883,0.996389][0.284625,0.834532,0][-0.0374551,0.0638601,0.452977][-0.00199101,-0.084883,0.996389][0.284625,0.834532,0][-0.0358741,-0.102497,0.438565][-0.000820009,-0.100692,0.994917][0.287903,0.817738,0][0.155065,-0.102288,0.374136][0.54773,-0.108976,0.829527][0.267391,0.812864,0][0.155065,-0.102288,0.374136][0.54773,-0.108976,0.829527][0.267391,0.812864,0][0.294859,-0.102087,0.213759][0.861525,-0.151911,0.484457][0.2455,0.807386,0][0.330061,0.0637099,0.218441][0.847708,-0.209976,0.487136][0.239924,0.824252,0][0.330061,0.0637099,0.218441][0.847708,-0.209976,0.487136][0.239924,0.824252,0][0.174731,0.06382,0.380841][0.556002,-0.116334,0.822999][0.262222,0.829423,0][0.155065,-0.102288,0.374136][0.54773,-0.108976,0.829527][0.267391,0.812864,0][0.294859,-0.102087,0.213759][0.861525,-0.151911,0.484457][0.2455,0.807386,0][0.346043,-0.10193,0.0139121][0.979461,-0.2016,-0.003687][0.224725,0.802094,0][0.394703,0.0635899,0.0456961][0.920896,-0.2646,0.286248][0.221853,0.819577,0][0.394703,0.0635899,0.0456961][0.920896,-0.2646,0.286248][0.221853,0.819577,0][0.330061,0.0637099,0.218441][0.847708,-0.209976,0.487136][0.239924,0.824252,0][0.294859,-0.102087,0.213759][0.861525,-0.151911,0.484457][0.2455,0.807386,0][0.395013,0.0635399,-0.0309229][0.91055,-0.303609,-0.280571][0.221299,0.819208,0][0.346043,-0.10193,0.0139121][0.979461,-0.2016,-0.003687][0.224725,0.802094,0][0.294866,-0.102124,-0.176668][0.861117,-0.229481,-0.45367][0.204025,0.800767,0][0.294866,-0.102124,-0.176668][0.861117,-0.229481,-0.45367][0.204025,0.800767,0][0.330061,0.0634199,-0.216882][0.831054,-0.304024,-0.465746][0.201998,0.818938,0][0.395013,0.0635399,-0.0309229][0.91055,-0.303609,-0.280571][0.221299,0.819208,0][-0.417798,-0.102029,0.0139161][-0.975268,-0.22098,-0.004457][0.083855,0.803038,0][-0.366612,-0.102172,0.21375][-0.859583,-0.171937,0.481201][0.063512,0.808295,0][-0.404972,0.06371,0.218441][-0.847904,-0.219676,0.482494][0.069138,0.824814,0][-0.404972,0.06371,0.218441][-0.847904,-0.219676,0.482494][0.069138,0.824814,0][-0.464167,0.06359,0.0504401][-0.922206,-0.270113,0.276721][0.086202,0.820273,0][-0.417798,-0.102029,0.0139161][-0.975268,-0.22098,-0.004457][0.083855,0.803038,0][0.174731,0.0632999,-0.414485][0.000615087,1,1.5e-005][0.012788,0.706006,0][0.123353,0.0632999,-0.315819][0.000469087,1,-4.1e-005][0.014108,0.709523,0][0.240626,0.0634199,-0.166632][-0.000306913,1,-0.000507][0.02144,0.709909,0][0.240626,0.0634199,-0.166632][-0.000306913,1,-0.000507][0.02144,0.709909,0][0.330061,0.0634199,-0.216882][-0.000307913,1,-0.000505][0.021285,0.706006,0][0.174731,0.0632999,-0.414485][0.000615087,1,1.5e-005][0.012788,0.706006,0][0.330061,0.0634199,-0.216882][-0.000307913,1,-0.000505][0.021285,0.706006,0][0.240626,0.0634199,-0.166632][-0.000306913,1,-0.000507][0.02144,0.709909,0][0.289663,0.0635399,-0.0262349][-0.000188913,1,-0.000669][0.026174,0.708915,0][0.289663,0.0635399,-0.0262349][-0.000188913,1,-0.000669][0.026174,0.708915,0][0.395013,0.0635399,-0.0309229][-0.000188913,1,-0.000669][0.027731,0.706254,0][0.330061,0.0634199,-0.216882][-0.000307913,1,-0.000505][0.021285,0.706006,0][0.123353,0.06382,0.284642][0.000307087,1,-0.000217][0.027631,0.726519,0][0.174731,0.06382,0.380841][0.000297087,1,-0.000201][0.030811,0.728265,0][0.330061,0.0637099,0.218441][0.000340087,1,-0.000522][0.032693,0.721322,0][0.330061,0.0637099,0.218441][0.000340087,1,-0.000522][0.032693,0.721322,0][0.240626,0.06371,0.162032][0.000339087,1,-0.000522][0.028789,0.720165,0][0.123353,0.06382,0.284642][0.000307087,1,-0.000217][0.027631,0.726519,0][-0.0374551,0.0638601,0.452977][-9.12577e-007,1,-4.9e-005][0.026667,0.734209,0][0.174731,0.06382,0.380841][0.000297087,1,-0.000201][0.030811,0.728265,0][0.123353,0.06382,0.284642][0.000307087,1,-0.000217][0.027631,0.726519,0][0.123353,0.06382,0.284642][0.000307087,1,-0.000217][0.027631,0.726519,0][-0.0368441,0.0638601,0.339104][1.08742e-006,1,-4.9e-005][0.024443,0.731254,0][-0.0374551,0.0638601,0.452977][-9.12577e-007,1,-4.9e-005][0.026667,0.734209,0][-0.0374551,0.0638601,0.452977][-9.12577e-007,1,-4.9e-005][0.026667,0.734209,0][-0.0368441,0.0638601,0.339104][1.08742e-006,1,-4.9e-005][0.024443,0.731254,0][-0.197042,0.06382,0.284642][-0.000304913,1,-0.00022][0.019143,0.733103,0][-0.197042,0.06382,0.284642][-0.000304913,1,-0.00022][0.019143,0.733103,0][-0.249641,0.06382,0.380841][-0.000295913,1,-0.000205][0.019871,0.736577,0][-0.0374551,0.0638601,0.452977][-9.12577e-007,1,-4.9e-005][0.026667,0.734209,0][-0.314315,0.06371,0.162032][-0.000343913,1,-0.000532][0.013443,0.732836,0][-0.404972,0.06371,0.218441][-0.000343913,1,-0.000531][0.012849,0.736192,0][-0.249641,0.06382,0.380841][-0.000295913,1,-0.000205][0.019871,0.736577,0][-0.249641,0.06382,0.380841][-0.000295913,1,-0.000205][0.019871,0.736577,0][-0.197042,0.06382,0.284642][-0.000304913,1,-0.00022][0.019143,0.733103,0][-0.314315,0.06371,0.162032][-0.000343913,1,-0.000532][0.013443,0.732836,0][-0.314315,0.06371,0.162032][-0.000343913,1,-0.000532][0.013443,0.732836,0][-0.359006,0.06359,0.0351931][-0.000263913,1,-0.00072][0.008957,0.731254,0][-0.464167,0.06359,0.0504401][-0.000263913,1,-0.00072][0.007852,0.734578,0][-0.464167,0.06359,0.0504401][-0.000263913,1,-0.00072][0.007852,0.734578,0][-0.404972,0.06371,0.218441][-0.000343913,1,-0.000531][0.012849,0.736192,0][-0.314315,0.06371,0.162032][-0.000343913,1,-0.000532][0.013443,0.732836,0][-0.197042,0.0633,-0.315819][-0.000469913,1,-3.6e-005][0.005611,0.717022,0][-0.249641,0.0633,-0.414485][-0.000600913,1,1.6e-005][0.00228,0.715282,0][-0.404972,0.0634201,-0.216882][0.000303087,1,-0.000486][0.001176,0.723572,0][-0.404972,0.0634201,-0.216882][0.000303087,1,-0.000486][0.001176,0.723572,0][-0.314315,0.0634201,-0.166632][0.000301087,1,-0.000488][0.004946,0.724606,0][-0.197042,0.0633,-0.315819][-0.000469913,1,-3.6e-005][0.005611,0.717022,0][-0.0362681,0.0635999,-0.36268][4.08742e-006,1,0.000368][0.009155,0.712403,0][-0.0366911,0.0635998,-0.476554][-4.91258e-006,1,0.000368][0.00658,0.709513,0][-0.249641,0.0633,-0.414485][-0.000600913,1,1.6e-005][0.00228,0.715282,0][-0.249641,0.0633,-0.414485][-0.000600913,1,1.6e-005][0.00228,0.715282,0][-0.197042,0.0633,-0.315819][-0.000469913,1,-3.6e-005][0.005611,0.717022,0][-0.0362681,0.0635999,-0.36268][4.08742e-006,1,0.000368][0.009155,0.712403,0][-0.0366911,0.0635998,-0.476554][-4.91258e-006,1,0.000368][0.00658,0.709513,0][-0.0362681,0.0635999,-0.36268][4.08742e-006,1,0.000368][0.009155,0.712403,0][0.123353,0.0632999,-0.315819][0.000469087,1,-4.1e-005][0.014108,0.709523,0][0.123353,0.0632999,-0.315819][0.000469087,1,-4.1e-005][0.014108,0.709523,0][0.174731,0.0632999,-0.414485][0.000615087,1,1.5e-005][0.012788,0.706006,0][-0.0366911,0.0635998,-0.476554][-4.91258e-006,1,0.000368][0.00658,0.709513,0][0.346043,-0.10193,0.0139121][-0.00787398,0.233242,0.972387][0.030776,0.711077,0][0.395013,0.0635399,-0.0309229][-0.00787398,0.233242,0.972387][0.027731,0.706254,0][0.289663,0.0635399,-0.0262349][-0.00787398,0.233242,0.972387][0.026174,0.708915,0][0.289663,0.0635399,-0.0262349][-0.00787398,0.233242,0.972387][0.026174,0.708915,0][0.252691,-0.10193,0.00761506][-0.00787398,0.233242,0.972387][0.028424,0.712683,0][0.346043,-0.10193,0.0139121][-0.00787398,0.233242,0.972387][0.030776,0.711077,0][0.394703,0.0635899,0.0456961][0.000252087,1,-0.000697][0.034195,0.715342,0][0.289429,0.0635899,0.0316111][0.000252087,1,-0.000697][0.031192,0.715915,0][0.240626,0.06371,0.162032][0.000339087,1,-0.000522][0.028789,0.720165,0][0.240626,0.06371,0.162032][0.000339087,1,-0.000522][0.028789,0.720165,0][0.330061,0.0637099,0.218441][0.000340087,1,-0.000522][0.032693,0.721322,0][0.394703,0.0635899,0.0456961][0.000252087,1,-0.000697][0.034195,0.715342,0][0.289429,0.0635899,0.0316111][0.101075,0.139896,-0.984994][0.031192,0.715915,0][0.394703,0.0635899,0.0456961][0.101075,0.139896,-0.984994][0.034195,0.715342,0][0.346043,-0.10193,0.0139121][0.101075,0.139896,-0.984994][0.030776,0.711077,0][0.346043,-0.10193,0.0139121][0.101075,0.139896,-0.984994][0.030776,0.711077,0][0.252691,-0.10193,0.00761506][0.101075,0.139896,-0.984994][0.028424,0.712683,0][0.289429,0.0635899,0.0316111][0.101075,0.139896,-0.984994][0.031192,0.715915,0][-0.464167,0.06359,0.0504401][-0.106206,0.163701,-0.980776][0.007852,0.734578,0][-0.359006,0.06359,0.0351931][-0.106206,0.163701,-0.980776][0.008957,0.731254,0][-0.323998,-0.102029,0.00761806][-0.106206,0.163701,-0.980776][0.004691,0.730821,0][-0.323998,-0.102029,0.00761806][-0.106206,0.163701,-0.980776][0.004691,0.730821,0][-0.417798,-0.102029,0.0139161][-0.106206,0.163701,-0.980776][0.003529,0.73276,0][-0.464167,0.06359,0.0504401][-0.106206,0.163701,-0.980776][0.007852,0.734578,0][-0.464938,0.06353,-0.0341719][0.000178087,1,-0.000627][0,0.729414,0][-0.359589,0.06353,-0.0286869][0.000178087,1,-0.000627][0.002594,0.728651,0][-0.314315,0.0634201,-0.166632][0.000301087,1,-0.000488][0.004946,0.724606,0][-0.314315,0.0634201,-0.166632][0.000301087,1,-0.000488][0.004946,0.724606,0][-0.404972,0.0634201,-0.216882][0.000303087,1,-0.000486][0.001176,0.723572,0][-0.464938,0.06353,-0.0341719][0.000178087,1,-0.000627][0,0.729414,0][-0.417798,-0.102029,0.0139161][0.00395502,0.247903,0.968777][0.003529,0.73276,0][-0.323998,-0.102029,0.00761806][0.00395502,0.247903,0.968777][0.004691,0.730821,0][-0.359589,0.06353,-0.0286869][0.00395502,0.247903,0.968777][0.002594,0.728651,0][-0.359589,0.06353,-0.0286869][0.00395502,0.247903,0.968777][0.002594,0.728651,0][-0.464938,0.06353,-0.0341719][0.00395502,0.247903,0.968777][0,0.729414,0][-0.417798,-0.102029,0.0139161][0.00395502,0.247903,0.968777][0.003529,0.73276,0][-0.207774,-0.314339,-0.308322][-0.587441,-0.192026,-0.786155][0.128063,0.772855,0][-0.336209,-0.314591,-0.151356][-0.876267,-0.1673,-0.451849][0.10084,0.775469,0][-0.366622,-0.10221,-0.17666][-0.858003,-0.24847,-0.449547][0.10432,0.801566,0][-0.366622,-0.10221,-0.17666][-0.858003,-0.24847,-0.449547][0.10432,0.801566,0][-0.226826,-0.102418,-0.357646][-0.55899,-0.281315,-0.779995][0.13029,0.801146,0][-0.207774,-0.314339,-0.308322][-0.587441,-0.192026,-0.786155][0.128063,0.772855,0][-0.417798,-0.102029,0.0139161][-0.975268,-0.22098,-0.004457][0.083855,0.803038,0][-0.366622,-0.10221,-0.17666][-0.858003,-0.24847,-0.449547][0.10432,0.801566,0][-0.336209,-0.314591,-0.151356][-0.876267,-0.1673,-0.451849][0.10084,0.775469,0][-0.336209,-0.314591,-0.151356][-0.876267,-0.1673,-0.451849][0.10084,0.775469,0][-0.383224,-0.314701,0.0291601][-0.988379,-0.151973,0.003295][0.077794,0.780034,0][-0.417798,-0.102029,0.0139161][-0.975268,-0.22098,-0.004457][0.083855,0.803038,0][-0.336203,-0.314908,0.205683][-0.871202,-0.140422,0.470413][0.05713,0.78563,0][-0.366612,-0.102172,0.21375][-0.859583,-0.171937,0.481201][0.063512,0.808295,0][-0.417798,-0.102029,0.0139161][-0.975268,-0.22098,-0.004457][0.083855,0.803038,0][-0.417798,-0.102029,0.0139161][-0.975268,-0.22098,-0.004457][0.083855,0.803038,0][-0.383224,-0.314701,0.0291601][-0.988379,-0.151973,0.003295][0.077794,0.780034,0][-0.336203,-0.314908,0.205683][-0.871202,-0.140422,0.470413][0.05713,0.78563,0][-0.336203,-0.314908,0.205683][-0.871202,-0.140422,0.470413][0.05713,0.78563,0][-0.207756,-0.31507,0.358667][-0.545311,-0.143088,0.825931][0.035729,0.79221,0][-0.226815,-0.102336,0.374129][-0.548037,-0.123393,0.827303][0.042092,0.813669,0][-0.226815,-0.102336,0.374129][-0.548037,-0.123393,0.827303][0.042092,0.813669,0][-0.366612,-0.102172,0.21375][-0.859583,-0.171937,0.481201][0.063512,0.808295,0][-0.336203,-0.314908,0.205683][-0.871202,-0.140422,0.470413][0.05713,0.78563,0][-0.0322991,-0.315095,0.409751][-0.000266012,-0.140325,0.990105][0.017368,0.797406,0][-0.0358741,-0.102497,0.438565][-0.000820009,-0.100692,0.994917][0.022257,0.818296,0][-0.226815,-0.102336,0.374129][-0.548037,-0.123393,0.827303][0.042092,0.813669,0][-0.226815,-0.102336,0.374129][-0.548037,-0.123393,0.827303][0.042092,0.813669,0][-0.207756,-0.31507,0.358667][-0.545311,-0.143088,0.825931][0.035729,0.79221,0][-0.0322991,-0.315095,0.409751][-0.000266012,-0.140325,0.990105][0.017368,0.797406,0][0.143156,-0.315053,0.358669][0.545936,-0.123579,0.828663][0.273244,0.790797,0][0.155065,-0.102288,0.374136][0.54773,-0.108976,0.829527][0.267391,0.812864,0][-0.0358741,-0.102497,0.438565][-0.000820009,-0.100692,0.994917][0.287903,0.817738,0][-0.0358741,-0.102497,0.438565][-0.000820009,-0.100692,0.994917][0.287903,0.817738,0][-0.0322991,-0.315095,0.409751][-0.000266012,-0.140325,0.990105][0.292133,0.795951,0][0.143156,-0.315053,0.358669][0.545936,-0.123579,0.828663][0.273244,0.790797,0][0.155065,-0.102288,0.374136][0.54773,-0.108976,0.829527][0.267391,0.812864,0][0.143156,-0.315053,0.358669][0.545936,-0.123579,0.828663][0.273244,0.790797,0][0.271601,-0.314879,0.205686][0.874534,-0.108847,0.472592][0.251535,0.784356,0][0.271601,-0.314879,0.205686][0.874534,-0.108847,0.472592][0.251535,0.784356,0][0.294859,-0.102087,0.213759][0.861525,-0.151911,0.484457][0.2455,0.807386,0][0.155065,-0.102288,0.374136][0.54773,-0.108976,0.829527][0.267391,0.812864,0][0.318621,-0.314667,0.0291591][0.993241,-0.116025,0.003349][0.230663,0.778971,0][0.346043,-0.10193,0.0139121][0.979461,-0.2016,-0.003687][0.224725,0.802094,0][0.294859,-0.102087,0.213759][0.861525,-0.151911,0.484457][0.2455,0.807386,0][0.294859,-0.102087,0.213759][0.861525,-0.151911,0.484457][0.2455,0.807386,0][0.271601,-0.314879,0.205686][0.874534,-0.108847,0.472592][0.251535,0.784356,0][0.318621,-0.314667,0.0291591][0.993241,-0.116025,0.003349][0.230663,0.778971,0][0.346043,-0.10193,0.0139121][0.979461,-0.2016,-0.003687][0.224725,0.802094,0][0.318621,-0.314667,0.0291591][0.993241,-0.116025,0.003349][0.230663,0.778971,0][0.271605,-0.314562,-0.151358][0.880418,-0.135484,-0.454433][0.2076,0.774753,0][0.271605,-0.314562,-0.151358][0.880418,-0.135484,-0.454433][0.2076,0.774753,0][0.294866,-0.102124,-0.176668][0.861117,-0.229481,-0.45367][0.204025,0.800767,0][0.346043,-0.10193,0.0139121][0.979461,-0.2016,-0.003687][0.224725,0.802094,0][0.271605,-0.314562,-0.151358][0.880418,-0.135484,-0.454433][0.2076,0.774753,0][0.143169,-0.314322,-0.308324][0.589162,-0.171015,-0.78971][0.180375,0.77247,0][0.155071,-0.102369,-0.357653][0.561155,-0.267796,-0.783192][0.177862,0.800677,0][0.155071,-0.102369,-0.357653][0.561155,-0.267796,-0.783192][0.177862,0.800677,0][0.294866,-0.102124,-0.176668][0.861117,-0.229481,-0.45367][0.204025,0.800767,0][0.271605,-0.314562,-0.151358][0.880418,-0.135484,-0.454433][0.2076,0.774753,0][-0.0353961,-0.102168,-0.417263][-0.000825026,-0.295753,-0.955264][0.154101,0.800904,0][0.155071,-0.102369,-0.357653][0.561155,-0.267796,-0.783192][0.177862,0.800677,0][0.143169,-0.314322,-0.308324][0.589162,-0.171015,-0.78971][0.180375,0.77247,0][0.143169,-0.314322,-0.308324][0.589162,-0.171015,-0.78971][0.180375,0.77247,0][-0.0322221,-0.314175,-0.364696][0.000944982,-0.200935,-0.979604][0.154186,0.771881,0][-0.0353961,-0.102168,-0.417263][-0.000825026,-0.295753,-0.955264][0.154101,0.800904,0][-0.226826,-0.102418,-0.357646][-0.55899,-0.281315,-0.779995][0.13029,0.801146,0][-0.0353961,-0.102168,-0.417263][-0.000825026,-0.295753,-0.955264][0.154101,0.800904,0][-0.0322221,-0.314175,-0.364696][0.000944982,-0.200935,-0.979604][0.154186,0.771881,0][-0.0322221,-0.314175,-0.364696][0.000944982,-0.200935,-0.979604][0.154186,0.771881,0][-0.207774,-0.314339,-0.308322][-0.587441,-0.192026,-0.786155][0.128063,0.772855,0][-0.226826,-0.102418,-0.357646][-0.55899,-0.281315,-0.779995][0.13029,0.801146,0][0.137142,-0.75477,0.358976][0.292264,-0.817072,0.496966][0.023769,0.093973,0][0.0897438,-0.826992,0.268109][0.213987,-0.911042,0.352437][0.023769,0.10043,0][0.18516,-0.826992,0.162879][0.360657,-0.908625,0.210542][0.030225,0.10043,0][0.18516,-0.826992,0.162879][0.360657,-0.908625,0.210542][0.030225,0.10043,0][0.267255,-0.75477,0.215481][0.510995,-0.803426,0.305598][0.030225,0.093973,0][0.137142,-0.75477,0.358976][0.292264,-0.817072,0.496966][0.023769,0.093973,0][0.137142,-0.75477,0.358976][0.292264,-0.817072,0.496966][0.561068,0.176904,0][-0.0406002,-0.75477,0.400574][0,-0.816023,0.57802][0.554612,0.176904,0][-0.0406002,-0.826992,0.298614][0,-0.914805,0.403896][0.554612,0.183361,0][-0.0406002,-0.826992,0.298614][0,-0.914805,0.403896][0.554612,0.183361,0][0.0897438,-0.826992,0.268109][0.213987,-0.911042,0.352437][0.561068,0.183361,0][0.137142,-0.75477,0.358976][0.292264,-0.817072,0.496966][0.561068,0.176904,0][-0.218341,-0.75477,0.358976][-0.292263,-0.817071,0.496968][0.598188,0.17238,0][-0.170944,-0.826992,0.268109][-0.213987,-0.911042,0.352438][0.598188,0.178836,0][-0.0406002,-0.826992,0.298614][0,-0.914805,0.403896][0.604645,0.178836,0][-0.0406002,-0.826992,0.298614][0,-0.914805,0.403896][0.604645,0.178836,0][-0.0406002,-0.75477,0.400574][0,-0.816023,0.57802][0.604645,0.17238,0][-0.218341,-0.75477,0.358976][-0.292263,-0.817071,0.496968][0.598188,0.17238,0][-0.170944,-0.826992,0.268109][-0.213987,-0.911042,0.352438][0.553145,0.178482,0][-0.218341,-0.75477,0.358976][-0.292263,-0.817071,0.496968][0.553145,0.172026,0][-0.348457,-0.75477,0.215481][-0.510993,-0.803426,0.305601][0.546689,0.172026,0][-0.348457,-0.75477,0.215481][-0.510993,-0.803426,0.305601][0.546689,0.172026,0][-0.266362,-0.826992,0.162879][-0.360656,-0.908624,0.210546][0.546689,0.178482,0][-0.170944,-0.826992,0.268109][-0.213987,-0.911042,0.352438][0.553145,0.178482,0][-0.348457,-0.75477,0.215481][-0.510993,-0.803426,0.305601][0.561068,0.170448,0][-0.396084,-0.75477,0.0569021][-0.608908,-0.791294,-0.055537][0.554612,0.170448,0][-0.301289,-0.826992,0.0465881][-0.437111,-0.896745,-0.069151][0.554612,0.176904,0][-0.301289,-0.826992,0.0465881][-0.437111,-0.896745,-0.069151][0.554612,0.176904,0][-0.266362,-0.826992,0.162879][-0.360656,-0.908624,0.210546][0.561068,0.176904,0][-0.348457,-0.75477,0.215481][-0.510993,-0.803426,0.305601][0.561068,0.170448,0][-0.301289,-0.826992,0.0465881][-0.437111,-0.896745,-0.069151][0.553145,0.172026,0][-0.396084,-0.75477,0.0569021][-0.608908,-0.791294,-0.055537][0.553145,0.165569,0][-0.348457,-0.729756,-0.105916][-0.519747,-0.728263,-0.44665][0.546689,0.165569,0][-0.348457,-0.729756,-0.105916][-0.519747,-0.728263,-0.44665][0.546689,0.165569,0][-0.266362,-0.808648,-0.0728119][-0.345795,-0.854265,-0.388147][0.546689,0.172026,0][-0.301289,-0.826992,0.0465881][-0.437111,-0.896745,-0.069151][0.553145,0.172026,0][0.210591,-0.825203,-0.0892029][0.314189,-0.897575,-0.309263][0.561068,0.170448,0][0.301934,-0.75233,-0.128268][0.608818,-0.791538,-0.053002][0.561068,0.163991,0][0.314882,-0.75477,0.0569021][0.601366,-0.797111,0.054519][0.554612,0.163991,0][0.314882,-0.75477,0.0569021][0.601366,-0.797111,0.054519][0.554612,0.163991,0][0.220087,-0.826992,0.0465881][0.418253,-0.907619,0.035954][0.554612,0.170448,0][0.210591,-0.825203,-0.0892029][0.314189,-0.897575,-0.309263][0.561068,0.170448,0][0.267255,-0.75477,0.215481][0.510995,-0.803426,0.305598][0.546689,0.159113,0][0.18516,-0.826992,0.162879][0.360657,-0.908625,0.210542][0.546689,0.165569,0][0.220087,-0.826992,0.0465881][0.418253,-0.907619,0.035954][0.553145,0.165569,0][0.220087,-0.826992,0.0465881][0.418253,-0.907619,0.035954][0.553145,0.165569,0][0.314882,-0.75477,0.0569021][0.601366,-0.797111,0.054519][0.553145,0.159113,0][0.267255,-0.75477,0.215481][0.510995,-0.803426,0.305598][0.546689,0.159113,0][-0.0406002,-0.645467,-0.364126][-0.0576821,-0.707976,-0.703877][0.554612,0.157535,0][-0.0406002,-0.746837,-0.262166][-0.0638121,-0.813465,-0.578102][0.554612,0.163991,0][-0.107874,-0.743894,-0.254335][-0.122307,-0.81303,-0.569231][0.561068,0.163991,0][-0.107874,-0.743894,-0.254335][-0.122307,-0.81303,-0.569231][0.561068,0.163991,0][-0.132337,-0.641455,-0.353448][-0.149864,-0.705739,-0.69244][0.561068,0.157535,0][-0.0406002,-0.645467,-0.364126][-0.0576821,-0.707976,-0.703877][0.554612,0.157535,0][-0.266362,-0.808648,-0.0728119][-0.345795,-0.854265,-0.388147][0.553145,0.145103,0][-0.348457,-0.729756,-0.105916][-0.519747,-0.728263,-0.44665][0.553145,0.138646,0][-0.233664,-0.645467,-0.322526][-0.348769,-0.717555,-0.602888][0.546689,0.138646,0][-0.233664,-0.645467,-0.322526][-0.348769,-0.717555,-0.602888][0.546689,0.138646,0][-0.182181,-0.746837,-0.231659][-0.296452,-0.796579,-0.526856][0.546689,0.145103,0][-0.266362,-0.808648,-0.0728119][-0.345795,-0.854265,-0.388147][0.553145,0.145103,0][0.301934,-0.75233,-0.128268][0.354807,-0.746489,-0.562908][0.554612,0.132987,0][0.210591,-0.825203,-0.0892029][0.314189,-0.897575,-0.309263][0.554612,0.139444,0][0.100981,-0.769879,-0.231659][0.172556,-0.830725,-0.529263][0.561068,0.139444,0][0.100981,-0.769879,-0.231659][0.172556,-0.830725,-0.529263][0.561068,0.139444,0][0.152465,-0.676888,-0.322526][0.244529,-0.743542,-0.622375][0.561068,0.132987,0][0.301934,-0.75233,-0.128268][0.354807,-0.746489,-0.562908][0.554612,0.132987,0][0.0298958,-0.755367,-0.253641][-0.00884207,-0.819268,-0.573343][0.553145,0.138646,0][0.0555319,-0.6571,-0.352501][0.0329519,-0.713103,-0.700284][0.553145,0.13219,0][0.152465,-0.676888,-0.322526][0.244529,-0.743542,-0.622375][0.546689,0.13219,0][0.152465,-0.676888,-0.322526][0.244529,-0.743542,-0.622375][0.546689,0.13219,0][0.100981,-0.769879,-0.231659][0.172556,-0.830725,-0.529263][0.546689,0.138646,0][0.0298958,-0.755367,-0.253641][-0.00884207,-0.819268,-0.573343][0.553145,0.138646,0][0.0555319,-0.6571,-0.352501][0.0329519,-0.713103,-0.700284][0.554612,0.126531,0][0.0298958,-0.755367,-0.253641][-0.00884207,-0.819268,-0.573343][0.554612,0.132987,0][-0.0406002,-0.746837,-0.262166][-0.0638121,-0.813465,-0.578102][0.561068,0.132987,0][-0.0406002,-0.746837,-0.262166][-0.0638121,-0.813465,-0.578102][0.561068,0.132987,0][-0.0406002,-0.645467,-0.364126][-0.0576821,-0.707976,-0.703877][0.561068,0.126531,0][0.0555319,-0.6571,-0.352501][0.0329519,-0.713103,-0.700284][0.554612,0.126531,0][-0.233664,-0.645467,-0.322526][-0.348769,-0.717555,-0.602888][0.553145,0.125734,0][-0.132337,-0.641455,-0.353448][-0.149864,-0.705739,-0.69244][0.546689,0.125734,0][-0.107874,-0.743894,-0.254335][-0.122307,-0.81303,-0.569231][0.546689,0.13219,0][-0.107874,-0.743894,-0.254335][-0.122307,-0.81303,-0.569231][0.546689,0.13219,0][-0.182181,-0.746837,-0.231659][-0.296452,-0.796579,-0.526856][0.553145,0.13219,0][-0.233664,-0.645467,-0.322526][-0.348769,-0.717555,-0.602888][0.553145,0.125734,0][0.0897438,-0.826992,0.268109][0.213987,-0.911042,0.352437][0.546689,0.119289,0][-0.0406012,-0.866632,0.0182241][-0.0175911,-0.992431,-0.121535][0.549917,0.125745,0][0.18516,-0.826992,0.162879][0.360657,-0.908625,0.210542][0.553145,0.119289,0][-0.0406002,-0.826992,0.298614][0,-0.914805,0.403896][0.792302,0.193497,0][-0.0406012,-0.866632,0.0182241][-0.0175911,-0.992431,-0.121535][0.795531,0.199953,0][0.0897438,-0.826992,0.268109][0.213987,-0.911042,0.352437][0.798759,0.193497,0][-0.170944,-0.826992,0.268109][-0.213987,-0.911042,0.352438][0.792302,0.187052,0][-0.0406012,-0.866632,0.0182241][-0.0175911,-0.992431,-0.121535][0.795531,0.193508,0][-0.0406002,-0.826992,0.298614][0,-0.914805,0.403896][0.798759,0.187052,0][-0.266362,-0.826992,0.162879][-0.360656,-0.908624,0.210546][0.792302,0.180607,0][-0.0406012,-0.866632,0.0182241][-0.0175911,-0.992431,-0.121535][0.795531,0.187063,0][-0.170944,-0.826992,0.268109][-0.213987,-0.911042,0.352438][0.798759,0.180607,0][-0.301289,-0.826992,0.0465881][-0.437111,-0.896745,-0.069151][0.780418,0.173948,0][-0.0406012,-0.866632,0.0182241][-0.0175911,-0.992431,-0.121535][0.783646,0.180404,0][-0.266362,-0.826992,0.162879][-0.360656,-0.908624,0.210546][0.786874,0.173948,0][-0.266362,-0.808648,-0.0728119][-0.345795,-0.854265,-0.388147][0.772495,0.173439,0][-0.0406012,-0.866632,0.0182241][-0.0175911,-0.992431,-0.121535][0.775723,0.179896,0][-0.301289,-0.826992,0.0465881][-0.437111,-0.896745,-0.069151][0.778951,0.173439,0][0.220087,-0.826992,0.0465881][0.418253,-0.907619,0.035954][0.788341,0.172115,0][-0.0406012,-0.866632,0.0182241][-0.0175911,-0.992431,-0.121535][0.791569,0.178571,0][0.210591,-0.825203,-0.0892029][0.314189,-0.897575,-0.309263][0.794797,0.172115,0][0.18516,-0.826992,0.162879][0.360657,-0.908625,0.210542][0.780418,0.167503,0][-0.0406012,-0.866632,0.0182241][-0.0175911,-0.992431,-0.121535][0.783646,0.173959,0][0.220087,-0.826992,0.0465881][0.418253,-0.907619,0.035954][0.786874,0.167503,0][-0.0406002,-0.746837,-0.262166][-0.0638121,-0.813465,-0.578102][0.772495,0.166994,0][-0.0406012,-0.866632,0.0182241][-0.0175911,-0.992431,-0.121535][0.775723,0.173451,0][-0.107874,-0.743894,-0.254335][-0.122307,-0.81303,-0.569231][0.778951,0.166994,0][-0.182181,-0.746837,-0.231659][-0.296452,-0.796579,-0.526856][0.546689,0.096231,0][-0.0406012,-0.866632,0.0182241][-0.0175911,-0.992431,-0.121535][0.549917,0.102687,0][-0.266362,-0.808648,-0.0728119][-0.345795,-0.854265,-0.388147][0.553145,0.096231,0][0.210591,-0.825203,-0.0892029][0.314189,-0.897575,-0.309263][0.562535,0.096486,0][-0.0406012,-0.866632,0.0182241][-0.0175911,-0.992431,-0.121535][0.565763,0.102942,0][0.100981,-0.769879,-0.231659][0.172556,-0.830725,-0.529263][0.568991,0.096486,0][0.100981,-0.769879,-0.231659][0.172556,-0.830725,-0.529263][0.570458,0.099029,0][-0.0406012,-0.866632,0.0182241][-0.0175911,-0.992431,-0.121535][0.573686,0.105486,0][0.0298958,-0.755367,-0.253641][-0.00884207,-0.819268,-0.573343][0.576914,0.099029,0][0.0298958,-0.755367,-0.253641][-0.00884207,-0.819268,-0.573343][0.73288,0.052956,0][-0.0406012,-0.866632,0.0182241][-0.0175911,-0.992431,-0.121535][0.736108,0.059412,0][-0.0406002,-0.746837,-0.262166][-0.0638121,-0.813465,-0.578102][0.739336,0.052956,0][-0.107874,-0.743894,-0.254335][-0.122307,-0.81303,-0.569231][0.788341,0.073521,0][-0.0406012,-0.866632,0.0182241][-0.0175911,-0.992431,-0.121535][0.791569,0.079977,0][-0.182181,-0.746837,-0.231659][-0.296452,-0.796579,-0.526856][0.794797,0.073521,0][0.240626,0.0634199,-0.166632][-0.000306913,1,-0.000507][0.747259,0.076762,0][0.123353,0.0632999,-0.315819][0.000469087,1,-4.1e-005][0.740803,0.076762,0][0.0758579,0.0385848,-0.22461][-0.135885,0.971818,0.192627][0.740803,0.083218,0][0.0758579,0.0385848,-0.22461][-0.135885,0.971818,0.192627][0.740803,0.083218,0][0.157949,0.0386689,-0.120179][-0.219387,0.967573,0.125187][0.747259,0.083218,0][0.240626,0.0634199,-0.166632][-0.000306913,1,-0.000507][0.747259,0.076762,0][0.289663,0.0635399,-0.0262349][-0.000188913,1,-0.000669][0.778951,0.081132,0][0.240626,0.0634199,-0.166632][-0.000306913,1,-0.000507][0.772495,0.081132,0][0.157949,0.0386689,-0.120179][-0.219387,0.967573,0.125187][0.772495,0.087589,0][0.157949,0.0386689,-0.120179][-0.219387,0.967573,0.125187][0.772495,0.087589,0][0.192275,0.0387529,-0.0219009][-0.242328,0.966567,0.083814][0.778951,0.087589,0][0.289663,0.0635399,-0.0262349][-0.000188913,1,-0.000669][0.778951,0.081132,0][0.123353,0.06382,0.284642][0.000307087,1,-0.000217][0.782913,0.087589,0][0.240626,0.06371,0.162032][0.000339087,1,-0.000522][0.776456,0.087589,0][0.157949,0.038872,0.109886][-0.205568,0.969175,-0.135803][0.776456,0.094045,0][0.157949,0.038872,0.109886][-0.205568,0.969175,-0.135803][0.776456,0.094045,0][0.0758579,0.038949,0.195713][-0.128895,0.970721,-0.202698][0.782913,0.094045,0][0.123353,0.06382,0.284642][0.000307087,1,-0.000217][0.782913,0.087589,0][-0.0368441,0.0638601,0.339104][1.08742e-006,1,-4.9e-005][0.755182,0.092608,0][0.123353,0.06382,0.284642][0.000307087,1,-0.000217][0.748726,0.092608,0][0.0758579,0.038949,0.195713][-0.128895,0.970721,-0.202698][0.748726,0.099065,0][0.0758579,0.038949,0.195713][-0.128895,0.970721,-0.202698][0.748726,0.099065,0][-0.0362801,0.038977,0.233836][-4.91492e-006,0.973172,-0.230079][0.755182,0.099065,0][-0.0368441,0.0638601,0.339104][1.08742e-006,1,-4.9e-005][0.755182,0.092608,0][-0.0368441,0.0638601,0.339104][1.08742e-006,1,-4.9e-005][0.76061,0.103094,0][-0.0362801,0.038977,0.233836][-4.91492e-006,0.973172,-0.230079][0.76061,0.10955,0][-0.148418,0.038949,0.195713][0.128158,0.971056,-0.201558][0.767067,0.10955,0][-0.148418,0.038949,0.195713][0.128158,0.971056,-0.201558][0.767067,0.10955,0][-0.197042,0.06382,0.284642][-0.000304913,1,-0.00022][0.767067,0.103094,0][-0.0368441,0.0638601,0.339104][1.08742e-006,1,-4.9e-005][0.76061,0.103094,0][-0.314315,0.06371,0.162032][-0.000343913,1,-0.000532][0.006456,0.107079,0][-0.197042,0.06382,0.284642][-0.000304913,1,-0.00022][0,0.107079,0][-0.148418,0.038949,0.195713][0.128158,0.971056,-0.201558][0,0.113535,0][-0.148418,0.038949,0.195713][0.128158,0.971056,-0.201558][0,0.113535,0][-0.230509,0.038872,0.109886][0.204353,0.969741,-0.133574][0.006456,0.113535,0][-0.314315,0.06371,0.162032][-0.000343913,1,-0.000532][0.006456,0.107079,0][-0.261793,0.038788,0.0210991][0.23498,0.968389,-0.08371][0.790836,0.087901,0][-0.359006,0.06359,0.0351931][-0.000263913,1,-0.00072][0.790836,0.081444,0][-0.314315,0.06371,0.162032][-0.000343913,1,-0.000532][0.784379,0.081444,0][-0.314315,0.06371,0.162032][-0.000343913,1,-0.000532][0.784379,0.081444,0][-0.230509,0.038872,0.109886][0.204353,0.969741,-0.133574][0.784379,0.087901,0][-0.261793,0.038788,0.0210991][0.23498,0.968389,-0.08371][0.790836,0.087901,0][-0.148418,0.0385849,-0.22461][0.134654,0.972173,0.191697][0.081725,0.130572,0][-0.197042,0.0633,-0.315819][-0.000469913,1,-3.6e-005][0.081725,0.124115,0][-0.314315,0.0634201,-0.166632][0.000301087,1,-0.000488][0.075269,0.124115,0][-0.314315,0.0634201,-0.166632][0.000301087,1,-0.000488][0.075269,0.124115,0][-0.230509,0.038669,-0.120179][0.218028,0.968206,0.122643][0.075269,0.130572,0][-0.148418,0.0385849,-0.22461][0.134654,0.972173,0.191697][0.081725,0.130572,0][-0.0362681,0.0635999,-0.36268][4.08742e-006,1,0.000368][0.050033,0.120395,0][-0.197042,0.0633,-0.315819][-0.000469913,1,-3.6e-005][0.043577,0.120395,0][-0.148418,0.0385849,-0.22461][0.134654,0.972173,0.191697][0.043577,0.126851,0][-0.148418,0.0385849,-0.22461][0.134654,0.972173,0.191697][0.043577,0.126851,0][-0.0358761,0.038795,-0.257412][-3.91491e-006,0.973333,0.229399][0.050033,0.126851,0][-0.0362681,0.0635999,-0.36268][4.08742e-006,1,0.000368][0.050033,0.120395,0][0.0758579,0.0385848,-0.22461][-0.135885,0.971818,0.192627][0.862143,0.134579,0][0.123353,0.0632999,-0.315819][0.000469087,1,-4.1e-005][0.862143,0.128123,0][-0.0362681,0.0635999,-0.36268][4.08742e-006,1,0.000368][0.855687,0.128123,0][-0.0362681,0.0635999,-0.36268][4.08742e-006,1,0.000368][0.855687,0.128123,0][-0.0358761,0.038795,-0.257412][-3.91491e-006,0.973333,0.229399][0.855687,0.134579,0][0.0758579,0.0385848,-0.22461][-0.135885,0.971818,0.192627][0.862143,0.134579,0][0.289663,0.0635399,-0.0262349][-0.00787398,0.233242,0.972387][0.851725,0.121653,0][0.192275,0.0387529,-0.0219009][-0.00786698,0.202099,0.979334][0.851725,0.128109,0][0.166395,-0.0770761,0.00179406][-0.00787198,0.2021,0.979333][0.858181,0.128109,0][0.166395,-0.0770761,0.00179406][-0.00787198,0.2021,0.979333][0.858181,0.128109,0][0.252691,-0.10193,0.00761506][-0.00787398,0.233242,0.972387][0.858181,0.121653,0][0.289663,0.0635399,-0.0262349][-0.00787398,0.233242,0.972387][0.851725,0.121653,0][0.240626,0.06371,0.162032][0.000339087,1,-0.000522][0.85422,0.104126,0][0.289429,0.0635899,0.0316111][0.000252087,1,-0.000697][0.847764,0.104126,0][0.192111,0.0387878,0.0185911][-0.234865,0.967966,-0.088776][0.847764,0.110582,0][0.192111,0.0387878,0.0185911][-0.234865,0.967966,-0.088776][0.847764,0.110582,0][0.157949,0.038872,0.109886][-0.205568,0.969175,-0.135803][0.85422,0.110582,0][0.240626,0.06371,0.162032][0.000339087,1,-0.000522][0.85422,0.104126,0][0.192111,0.0387878,0.0185911][0.101362,0.120664,-0.987505][0.88195,0.085785,0][0.289429,0.0635899,0.0316111][0.101075,0.139896,-0.984994][0.88195,0.079329,0][0.252691,-0.10193,0.00761506][0.101075,0.139896,-0.984994][0.875494,0.079329,0][0.252691,-0.10193,0.00761506][0.101075,0.139896,-0.984994][0.875494,0.079329,0][0.166395,-0.0770761,0.00179406][0.101362,0.120664,-0.987505][0.875494,0.085785,0][0.192111,0.0387878,0.0185911][0.101362,0.120664,-0.987505][0.88195,0.085785,0][-0.237287,-0.077146,0.00179606][-0.106635,0.141326,-0.984203][0.038149,0.121117,0][-0.323998,-0.102029,0.00761806][-0.106206,0.163701,-0.980776][0.038149,0.114661,0][-0.359006,0.06359,0.0351931][-0.106206,0.163701,-0.980776][0.031692,0.114661,0][-0.359006,0.06359,0.0351931][-0.106206,0.163701,-0.980776][0.031692,0.114661,0][-0.261793,0.038788,0.0210991][-0.106635,0.141326,-0.984203][0.031692,0.121117,0][-0.237287,-0.077146,0.00179606][-0.106635,0.141326,-0.984203][0.038149,0.121117,0][-0.314315,0.0634201,-0.166632][0.000301087,1,-0.000488][0.053995,0.113938,0][-0.359589,0.06353,-0.0286869][0.000178087,1,-0.000627][0.047538,0.113938,0][-0.262201,0.038746,-0.0236169][0.24206,0.967066,0.078675][0.047538,0.120395,0][-0.262201,0.038746,-0.0236169][0.24206,0.967066,0.078675][0.047538,0.120395,0][-0.230509,0.038669,-0.120179][0.218028,0.968206,0.122643][0.053995,0.120395,0][-0.314315,0.0634201,-0.166632][0.000301087,1,-0.000488][0.053995,0.113938,0][-0.237287,-0.077146,0.00179606][0.00389302,0.214995,0.976607][0.950763,0.115754,0][-0.262201,0.038746,-0.0236169][0.00388802,0.214994,0.976608][0.957219,0.115754,0][-0.359589,0.06353,-0.0286869][0.00395502,0.247903,0.968777][0.957219,0.109297,0][-0.359589,0.06353,-0.0286869][0.00395502,0.247903,0.968777][0.957219,0.109297,0][-0.323998,-0.102029,0.00761806][0.00395502,0.247903,0.968777][0.950763,0.109297,0][-0.237287,-0.077146,0.00179606][0.00389302,0.214995,0.976607][0.950763,0.115754,0][0.0758579,0.0385848,-0.22461][-0.135885,0.971818,0.192627][0.978493,0.09781,0][-0.0349631,-0.0191101,-0.0117909][-0.00167691,0.986424,0.16421][0.981722,0.104266,0][0.157949,0.0386689,-0.120179][-0.219387,0.967573,0.125187][0.98495,0.09781,0][0.157949,0.0386689,-0.120179][-0.219387,0.967573,0.125187][0.966609,0.080907,0][-0.0349631,-0.0191101,-0.0117909][-0.00167691,0.986424,0.16421][0.969837,0.087364,0][0.192275,0.0387529,-0.0219009][-0.242328,0.966567,0.083814][0.973065,0.080907,0][0.157949,0.038872,0.109886][-0.205568,0.969175,-0.135803][0.962647,0.075948,0][-0.0349631,-0.0191101,-0.0117909][-0.00227691,0.984465,-0.175568][0.965876,0.082404,0][0.0758579,0.038949,0.195713][-0.128895,0.970721,-0.202698][0.969104,0.075948,0][0.0758579,0.038949,0.195713][-0.128895,0.970721,-0.202698][0.954724,0.045648,0][-0.0349631,-0.0191101,-0.0117909][-0.00227691,0.984465,-0.175568][0.957953,0.052104,0][-0.0362801,0.038977,0.233836][-4.91492e-006,0.973172,-0.230079][0.961181,0.045648,0][-0.0362801,0.038977,0.233836][-4.91492e-006,0.973172,-0.230079][0.974532,0.040748,0][-0.0349631,-0.0191101,-0.0117909][-0.00227691,0.984465,-0.175568][0.97776,0.047205,0][-0.148418,0.038949,0.195713][0.128158,0.971056,-0.201558][0.980988,0.040748,0][-0.148418,0.038949,0.195713][0.128158,0.971056,-0.201558][0.978493,0.034303,0][-0.0349631,-0.0191101,-0.0117909][-0.00227691,0.984465,-0.175568][0.981722,0.04076,0][-0.230509,0.038872,0.109886][0.204353,0.969741,-0.133574][0.98495,0.034303,0][-0.230509,0.038872,0.109886][0.204353,0.969741,-0.133574][0.958686,0.021921,0][-0.0349631,-0.0191101,-0.0117909][-0.00227691,0.984465,-0.175568][0.961914,0.028378,0][-0.261793,0.038788,0.0210991][0.23498,0.968389,-0.08371][0.965142,0.021921,0][-0.230509,0.038669,-0.120179][0.218028,0.968206,0.122643][0.97057,0.021432,0][-0.0349631,-0.0191101,-0.0117909][-0.00167691,0.986424,0.16421][0.973799,0.027889,0][-0.148418,0.0385849,-0.22461][0.134654,0.972173,0.191697][0.977027,0.021432,0][-0.148418,0.0385849,-0.22461][0.134654,0.972173,0.191697][0.954724,0,0][-0.0349631,-0.0191101,-0.0117909][-0.00167691,0.986424,0.16421][0.957953,0.006456,0][-0.0358761,0.038795,-0.257412][-3.91491e-006,0.973333,0.229399][0.961181,0,0][-0.0358761,0.038795,-0.257412][-3.91491e-006,0.973333,0.229399][0,0.113535,0][-0.0349631,-0.0191101,-0.0117909][-0.00167691,0.986424,0.16421][0.003228,0.119992,0][0.0758579,0.0385848,-0.22461][-0.135885,0.971818,0.192627][0.006456,0.113535,0][0.192275,0.0387529,-0.0219009][-0.00786698,0.202099,0.979334][0.570458,0.105474,0][-0.0349631,-0.0191101,-0.0117909][-0.00789298,0.202104,0.979332][0.573686,0.111931,0][0.166395,-0.0770761,0.00179406][-0.00787198,0.2021,0.979333][0.576914,0.105474,0][0.192111,0.0387878,0.0185911][-0.234865,0.967966,-0.088776][0.316921,0.106675,0][-0.0349631,-0.0191101,-0.0117909][-0.00227691,0.984465,-0.175568][0.320149,0.113132,0][0.157949,0.038872,0.109886][-0.205568,0.969175,-0.135803][0.323377,0.106675,0][0.166395,-0.0770761,0.00179406][0.101362,0.120664,-0.987505][0.332767,0.10581,0][-0.0349631,-0.0191101,-0.0117909][0.101362,0.120664,-0.987505][0.335995,0.112267,0][0.192111,0.0387878,0.0185911][0.101362,0.120664,-0.987505][0.339223,0.10581,0][-0.261793,0.038788,0.0210991][-0.106635,0.141326,-0.984203][0.324844,0.105656,0][-0.0349631,-0.0191101,-0.0117909][-0.106634,0.141327,-0.984203][0.328072,0.112113,0][-0.237287,-0.077146,0.00179606][-0.106635,0.141326,-0.984203][0.3313,0.105656,0][-0.262201,0.038746,-0.0236169][0.24206,0.967066,0.078675][0.332767,0.006445,0][-0.0349631,-0.0191101,-0.0117909][-0.00167691,0.986424,0.16421][0.335995,0.012901,0][-0.230509,0.038669,-0.120179][0.218028,0.968206,0.122643][0.339223,0.006445,0][-0.237287,-0.077146,0.00179606][0.00389302,0.214995,0.976607][0.324844,0.006445,0][-0.0349631,-0.0191101,-0.0117909][0.00391402,0.214999,0.976606][0.328072,0.012901,0][-0.262201,0.038746,-0.0236169][0.00388802,0.214994,0.976608][0.3313,0.006445,0][0.36048,0.4275,-0.04861][0.870544,0.307405,-0.384258][0.543906,0.094307,0][0.383437,0.34575,-0.037438][0.870544,0.307405,-0.384258][0.546746,0.080206,0][0.326467,0.3227,-0.209507][0.870544,0.307405,-0.384258][0.518032,0.077346,0][0.326467,0.3227,-0.209507][0.870544,0.307405,-0.384258][0.518032,0.077346,0][0.289289,0.40391,-0.204204][0.870544,0.307405,-0.384258][0.515814,0.091541,0][0.36048,0.4275,-0.04861][0.870544,0.307405,-0.384258][0.543906,0.094307,0][0.328765,0.30855,0.126443][0.797319,0.23085,0.557665][0.16207,0.580527,0][0.383437,0.34575,-0.037438][0.950084,0.310964,0.025331][0.135363,0.587336,0][0.36048,0.4275,-0.04861][0.947983,0.314413,-0.04972][0.135598,0.600875,0][0.36048,0.4275,-0.04861][0.947983,0.314413,-0.04972][0.135598,0.600875,0][0.305379,0.40128,0.118977][0.814062,0.237966,0.529789][0.16395,0.595937,0][0.328765,0.30855,0.126443][0.797319,0.23085,0.557665][0.16207,0.580527,0][0.143634,0.33661,0.33241][0.549318,0.19157,0.813358][0.205665,0.584917,0][0.160014,0.22693,0.34466][0.504466,0.186536,0.843041][0.203738,0.5678,0][0.328765,0.30855,0.126443][0.797319,0.23085,0.557665][0.16207,0.580527,0][0.328765,0.30855,0.126443][0.797319,0.23085,0.557665][0.16207,0.580527,0][0.305379,0.40128,0.118977][0.814062,0.237966,0.529789][0.16395,0.595937,0][0.143634,0.33661,0.33241][0.549318,0.19157,0.813358][0.205665,0.584917,0][-0.0526381,0.31803,0.386038][-0.00837399,0.150699,0.988544][0.236778,0.582434,0][-0.0477191,0.19058,0.405913][0.00519701,0.151026,0.988516][0.235936,0.562753,0][0.160014,0.22693,0.34466][0.504466,0.186536,0.843041][0.203738,0.5678,0][0.160014,0.22693,0.34466][0.504466,0.186536,0.843041][0.203738,0.5678,0][0.143634,0.33661,0.33241][0.549318,0.19157,0.813358][0.205665,0.584917,0][-0.0526381,0.31803,0.386038][-0.00837399,0.150699,0.988544][0.236778,0.582434,0][-0.25364,0.22618,0.344521][-0.464323,0.172883,0.868629][0.267924,0.568256,0][-0.0477191,0.19058,0.405913][0.00519701,0.151026,0.988516][0.235936,0.562753,0][-0.0526381,0.31803,0.386038][-0.00837399,0.150699,0.988544][0.236778,0.582434,0][-0.0526381,0.31803,0.386038][-0.00837399,0.150699,0.988544][0.236778,0.582434,0][-0.240371,0.33764,0.331803][-0.506244,0.179129,0.843582][0.266302,0.585967,0][-0.25364,0.22618,0.344521][-0.464323,0.172883,0.868629][0.267924,0.568256,0][-0.240371,0.33764,0.331803][-0.506244,0.179129,0.843582][0.266302,0.585967,0][-0.381359,0.37861,0.166184][-0.849197,0.24088,0.469937][0.29991,0.593696,0][-0.401364,0.28603,0.180388][-0.81691,0.232945,0.527631][0.300557,0.578243,0][-0.401364,0.28603,0.180388][-0.81691,0.232945,0.527631][0.300557,0.578243,0][-0.25364,0.22618,0.344521][-0.464323,0.172883,0.868629][0.267924,0.568256,0][-0.240371,0.33764,0.331803][-0.506244,0.179129,0.843582][0.266302,0.585967,0][-0.45374,0.32233,-0.039975][-0.95566,0.294371,-0.007752][0.335594,0.584848,0][-0.401364,0.28603,0.180388][-0.81691,0.232945,0.527631][0.300557,0.578243,0][-0.381359,0.37861,0.166184][-0.849197,0.24088,0.469937][0.29991,0.593696,0][-0.381359,0.37861,0.166184][-0.849197,0.24088,0.469937][0.29991,0.593696,0][-0.43174,0.40563,-0.051568][-0.952257,0.298887,-0.062242][0.335836,0.598733,0][-0.45374,0.32233,-0.039975][-0.95566,0.294371,-0.007752][0.335594,0.584848,0][-0.361226,0.39075,-0.250048][-0.780912,0.343031,-0.522021][0.381407,0.091353,0][-0.400629,0.28906,-0.266635][-0.766699,0.345153,-0.541334][0.380649,0.074012,0][-0.45374,0.32233,-0.039975][-0.95566,0.294371,-0.007752][0.344976,0.078242,0][-0.45374,0.32233,-0.039975][-0.95566,0.294371,-0.007752][0.344976,0.078242,0][-0.43174,0.40563,-0.051568][-0.952257,0.298887,-0.062242][0.347318,0.091866,0][-0.361226,0.39075,-0.250048][-0.780912,0.343031,-0.522021][0.381407,0.091353,0][-0.218988,0.36901,-0.393712][-0.482207,0.283253,-0.829002][0.414346,0.089193,0][-0.251889,0.24127,-0.42885][-0.46808,0.27653,-0.839305][0.41299,0.067504,0][-0.400629,0.28906,-0.266635][-0.766699,0.345153,-0.541334][0.380649,0.074012,0][-0.400629,0.28906,-0.266635][-0.766699,0.345153,-0.541334][0.380649,0.074012,0][-0.361226,0.39075,-0.250048][-0.780912,0.343031,-0.522021][0.381407,0.091353,0][-0.218988,0.36901,-0.393712][-0.482207,0.283253,-0.829002][0.414346,0.089193,0][-0.251889,0.24127,-0.42885][-0.46808,0.27653,-0.839305][0.41299,0.067504,0][-0.218988,0.36901,-0.393712][-0.482207,0.283253,-0.829002][0.414346,0.089193,0][-0.0500871,0.35599,-0.470818][-0.0158,0.199184,-0.979835][0.443779,0.086746,0][-0.0500871,0.35599,-0.470818][-0.0158,0.199184,-0.979835][0.443779,0.086746,0][-0.0458011,0.21385,-0.483772][-0.00295698,0.198821,-0.980031][0.444169,0.063622,0][-0.251889,0.24127,-0.42885][-0.46808,0.27653,-0.839305][0.41299,0.067504,0][0.1597,0.24127,-0.429469][0.49485,0.260082,-0.829145][0.475413,0.066766,0][-0.0458011,0.21385,-0.483772][-0.00295698,0.198821,-0.980031][0.444169,0.063622,0][-0.0500871,0.35599,-0.470818][-0.0158,0.199184,-0.979835][0.443779,0.086746,0][-0.0500871,0.35599,-0.470818][-0.0158,0.199184,-0.979835][0.443779,0.086746,0][0.129797,0.36755,-0.400893][0.52077,0.269374,-0.810084][0.474511,0.087871,0][0.1597,0.24127,-0.429469][0.49485,0.260082,-0.829145][0.475413,0.066766,0][0.1597,0.24127,-0.429469][0.49485,0.260082,-0.829145][0.475413,0.066766,0][0.129797,0.36755,-0.400893][0.52077,0.269374,-0.810084][0.474511,0.087871,0][0.289289,0.40391,-0.204204][0.761959,0.325442,-0.559916][0.515814,0.091541,0][0.289289,0.40391,-0.204204][0.761959,0.325442,-0.559916][0.515814,0.091541,0][0.326467,0.3227,-0.209507][0.761289,0.325501,-0.560793][0.518032,0.077346,0][0.1597,0.24127,-0.429469][0.49485,0.260082,-0.829145][0.475413,0.066766,0][-0.342768,-0.107028,-0.178975][-0.828449,-0.368054,-0.422148][0.380375,0.007246,0][-0.408051,0.09784,-0.230455][-0.818036,-0.368659,-0.441484][0.377645,0.041605,0][-0.254279,0.09938,-0.394645][-0.493482,-0.378642,-0.783011][0.411213,0.045225,0][-0.254279,0.09938,-0.394645][-0.493482,-0.378642,-0.783011][0.411213,0.045225,0][-0.216342,-0.107028,-0.320713][-0.503185,-0.37848,-0.77689][0.412924,0.009676,0][-0.342768,-0.107028,-0.178975][-0.828449,-0.368054,-0.422148][0.380375,0.007246,0][-0.464399,0.09421,0.00301905][-0.937882,-0.346648,-0.014558][0.34069,0.037907,0][-0.408051,0.09784,-0.230455][-0.818036,-0.368659,-0.441484][0.377645,0.041605,0][-0.342768,-0.107028,-0.178975][-0.828449,-0.368054,-0.422148][0.380375,0.007246,0][-0.342768,-0.107028,-0.178975][-0.828449,-0.368054,-0.422148][0.380375,0.007246,0][-0.389059,-0.107028,0.0205711][-0.9386,-0.34476,0.013082][0.346967,0.002861,0][-0.464399,0.09421,0.00301905][-0.937882,-0.346648,-0.014558][0.34069,0.037907,0][-0.342495,-0.107028,0.182238][-0.820505,-0.298224,0.487683][0.296582,0.509381,0][-0.407857,0.09688,0.197514][-0.831547,-0.300635,0.467063][0.300891,0.543548,0][-0.464399,0.09421,0.00301905][-0.937882,-0.346648,-0.014558][0.331745,0.545477,0][-0.464399,0.09421,0.00301905][-0.937882,-0.346648,-0.014558][0.331745,0.545477,0][-0.389059,-0.107028,0.0205711][-0.9386,-0.34476,0.013082][0.324747,0.508967,0][-0.342495,-0.107028,0.182238][-0.820505,-0.298224,0.487683][0.296582,0.509381,0][-0.216033,-0.107028,0.322726][-0.505542,-0.26529,0.821005][0.26517,0.509312,0][-0.254331,0.09534,0.364122][-0.521,-0.266372,0.810928][0.267364,0.541807,0][-0.407857,0.09688,0.197514][-0.831547,-0.300635,0.467063][0.300891,0.543548,0][-0.407857,0.09688,0.197514][-0.831547,-0.300635,0.467063][0.300891,0.543548,0][-0.342495,-0.107028,0.182238][-0.820505,-0.298224,0.487683][0.296582,0.509381,0][-0.216033,-0.107028,0.322726][-0.505542,-0.26529,0.821005][0.26517,0.509312,0][-0.0437661,-0.107028,0.371315][0.00170698,-0.245803,0.969318][0.235584,0.509449,0][-0.0451881,0.09478,0.422225][-0.000114021,-0.245817,0.969316][0.235815,0.540699,0][-0.254331,0.09534,0.364122][-0.521,-0.266372,0.810928][0.267364,0.541807,0][-0.254331,0.09534,0.364122][-0.521,-0.266372,0.810928][0.267364,0.541807,0][-0.216033,-0.107028,0.322726][-0.505542,-0.26529,0.821005][0.26517,0.509312,0][-0.0437661,-0.107028,0.371315][0.00170698,-0.245803,0.969318][0.235584,0.509449,0][0.12942,-0.107028,0.322726][0.505133,-0.257112,0.823853][0.205828,0.509145,0][0.164931,0.09635,0.364112][0.524895,-0.258151,0.811076][0.204011,0.541827,0][-0.0451881,0.09478,0.422225][-0.000114021,-0.245817,0.969316][0.235815,0.540699,0][-0.0451881,0.09478,0.422225][-0.000114021,-0.245817,0.969316][0.235815,0.540699,0][-0.0437661,-0.107028,0.371315][0.00170698,-0.245803,0.969318][0.235584,0.509449,0][0.12942,-0.107028,0.322726][0.505133,-0.257112,0.823853][0.205828,0.509145,0][0.264565,-0.107028,0.182248][0.808908,-0.290066,0.5114][0.173519,0.509207,0][0.337501,0.12138,0.196631][0.829399,-0.294797,0.474544][0.168596,0.547045,0][0.164931,0.09635,0.364112][0.524895,-0.258151,0.811076][0.204011,0.541827,0][0.164931,0.09635,0.364112][0.524895,-0.258151,0.811076][0.204011,0.541827,0][0.12942,-0.107028,0.322726][0.505133,-0.257112,0.823853][0.205828,0.509145,0][0.264565,-0.107028,0.182248][0.808908,-0.290066,0.5114][0.173519,0.509207,0][0.40622,0.13421,0.00144205][0.940023,-0.337372,0.050365][0.137381,0.550974,0][0.337501,0.12138,0.196631][0.829399,-0.294797,0.474544][0.168596,0.547045,0][0.264565,-0.107028,0.182248][0.808908,-0.290066,0.5114][0.173519,0.509207,0][0.264565,-0.107028,0.182248][0.808908,-0.290066,0.5114][0.173519,0.509207,0][0.316741,-0.107028,0.0205721][0.938701,-0.335047,0.081147][0.145261,0.508967,0][0.40622,0.13421,0.00144205][0.940023,-0.337372,0.050365][0.137381,0.550974,0][0.40622,0.13421,0.00144205][0.940023,-0.337372,0.050365][0.551241,0.042045,0][0.316741,-0.107028,0.0205721][0.938701,-0.335047,0.081147][0.542405,0,0][0.289426,-0.107028,-0.131143][0.826577,-0.353145,-0.438245][0.517358,0.004348,0][0.289426,-0.107028,-0.131143][0.826577,-0.353145,-0.438245][0.517358,0.004348,0][0.363925,0.12527,-0.177871][0.826259,-0.353134,-0.438853][0.522412,0.043197,0][0.40622,0.13421,0.00144205][0.940023,-0.337372,0.050365][0.551241,0.042045,0][0.132859,-0.107028,-0.323652][0.558233,-0.366357,-0.744418][0.475106,0.00889,0][0.167775,0.10039,-0.397129][0.551284,-0.366874,-0.749326][0.477031,0.044353,0][0.363925,0.12527,-0.177871][0.826259,-0.353134,-0.438853][0.522412,0.043197,0][0.363925,0.12527,-0.177871][0.826259,-0.353134,-0.438853][0.522412,0.043197,0][0.289426,-0.107028,-0.131143][0.826577,-0.353145,-0.438245][0.517358,0.004348,0][0.132859,-0.107028,-0.323652][0.558233,-0.366357,-0.744418][0.475106,0.00889,0][-0.0440331,-0.107028,-0.37393][-0.00570103,-0.382587,-0.923902][0.44367,0.009798,0][-0.0449941,0.10032,-0.46076][-0.00551703,-0.382585,-0.923904][0.443895,0.04575,0][0.167775,0.10039,-0.397129][0.551284,-0.366874,-0.749326][0.477031,0.044353,0][0.167775,0.10039,-0.397129][0.551284,-0.366874,-0.749326][0.477031,0.044353,0][0.132859,-0.107028,-0.323652][0.558233,-0.366357,-0.744418][0.475106,0.00889,0][-0.0440331,-0.107028,-0.37393][-0.00570103,-0.382587,-0.923902][0.44367,0.009798,0][-0.216342,-0.107028,-0.320713][-0.503185,-0.37848,-0.77689][0.412924,0.009676,0][-0.254279,0.09938,-0.394645][-0.493482,-0.378642,-0.783011][0.411213,0.045225,0][-0.0449941,0.10032,-0.46076][-0.00551703,-0.382585,-0.923904][0.443895,0.04575,0][-0.0449941,0.10032,-0.46076][-0.00551703,-0.382585,-0.923904][0.443895,0.04575,0][-0.0440331,-0.107028,-0.37393][-0.00570103,-0.382587,-0.923902][0.44367,0.009798,0][-0.216342,-0.107028,-0.320713][-0.503185,-0.37848,-0.77689][0.412924,0.009676,0][0.326467,0.3227,-0.209507][0.898084,-0.136555,-0.418089][0.518032,0.077346,0][0.320102,0.18972,-0.194396][0.892128,-0.136319,-0.430726][0.518728,0.055113,0][0.141649,0.16674,-0.431467][0.637052,-0.102829,-0.763931][0.472357,0.055353,0][0.141649,0.16674,-0.431467][0.637052,-0.102829,-0.763931][0.472357,0.055353,0][0.1597,0.24127,-0.429469][0.720989,-0.116991,-0.682999][0.475413,0.066766,0][0.326467,0.3227,-0.209507][0.898084,-0.136555,-0.418089][0.518032,0.077346,0][-0.0458011,0.21385,-0.483772][-0.004462,-0.041651,-0.999122][0.444169,0.063622,0][0.1597,0.24127,-0.429469][0.720989,-0.116991,-0.682999][0.475413,0.066766,0][0.141649,0.16674,-0.431467][0.637052,-0.102829,-0.763931][0.472357,0.055353,0][0.141649,0.16674,-0.431467][0.637052,-0.102829,-0.763931][0.472357,0.055353,0][-0.0443541,0.16064,-0.480988][0.004167,-0.041632,-0.999124][0.444212,0.055511,0][-0.0458011,0.21385,-0.483772][-0.004462,-0.041651,-0.999122][0.444169,0.063622,0][-0.0443541,0.16064,-0.480988][0.004167,-0.041632,-0.999124][0.444212,0.055511,0][-0.233189,0.16673,-0.431626][-0.574273,-0.156311,-0.803603][0.415819,0.056334,0][-0.251889,0.24127,-0.42885][-0.659416,-0.189025,-0.727627][0.41299,0.067504,0][-0.251889,0.24127,-0.42885][-0.659416,-0.189025,-0.727627][0.41299,0.067504,0][-0.0458011,0.21385,-0.483772][-0.004462,-0.041651,-0.999122][0.444169,0.063622,0][-0.0443541,0.16064,-0.480988][0.004167,-0.041632,-0.999124][0.444212,0.055511,0][-0.251889,0.24127,-0.42885][-0.659416,-0.189025,-0.727627][0.41299,0.067504,0][-0.233189,0.16673,-0.431626][-0.574273,-0.156311,-0.803603][0.415819,0.056334,0][-0.370825,0.16748,-0.250318][-0.900154,-0.240742,-0.362995][0.381346,0.053742,0][-0.370825,0.16748,-0.250318][-0.900154,-0.240742,-0.362995][0.381346,0.053742,0][-0.400629,0.28906,-0.266635][-0.907565,-0.240771,-0.344028][0.380649,0.074012,0][-0.251889,0.24127,-0.42885][-0.659416,-0.189025,-0.727627][0.41299,0.067504,0][-0.45374,0.32233,-0.039975][-0.973166,-0.2285,-0.027135][0.344976,0.078242,0][-0.400629,0.28906,-0.266635][-0.907565,-0.240771,-0.344028][0.380649,0.074012,0][-0.370825,0.16748,-0.250318][-0.900154,-0.240742,-0.362995][0.381346,0.053742,0][-0.370825,0.16748,-0.250318][-0.900154,-0.240742,-0.362995][0.381346,0.053742,0][-0.421581,0.16142,-0.014708][-0.974213,-0.224752,0.019897][0.343594,0.051198,0][-0.45374,0.32233,-0.039975][-0.973166,-0.2285,-0.027135][0.344976,0.078242,0][-0.421581,0.16142,-0.014708][-0.974213,-0.224752,0.019897][0.331695,0.558278,0][-0.371054,0.16285,0.16433][-0.880768,-0.266116,0.391702][0.301833,0.556818,0][-0.401364,0.28603,0.180388][-0.894999,-0.256066,0.365249][0.300557,0.578243,0][-0.401364,0.28603,0.180388][-0.894999,-0.256066,0.365249][0.300557,0.578243,0][-0.45374,0.32233,-0.039975][-0.973166,-0.2285,-0.027135][0.335594,0.584848,0][-0.421581,0.16142,-0.014708][-0.974213,-0.224752,0.019897][0.331695,0.558278,0][-0.401364,0.28603,0.180388][-0.894999,-0.256066,0.365249][0.300557,0.578243,0][-0.371054,0.16285,0.16433][-0.880768,-0.266116,0.391702][0.301833,0.556818,0][-0.233542,0.16039,0.314805][-0.581019,-0.447944,0.679531][0.267967,0.55557,0][-0.233542,0.16039,0.314805][-0.581019,-0.447944,0.679531][0.267967,0.55557,0][-0.25364,0.22618,0.344521][-0.611108,-0.428566,0.665491][0.267924,0.568256,0][-0.401364,0.28603,0.180388][-0.894999,-0.256066,0.365249][0.300557,0.578243,0][-0.0460511,0.15948,0.368242][0.00532195,-0.610554,0.791957][0.235571,0.555255,0][-0.0477191,0.19058,0.405913][-0.00552805,-0.61067,0.791866][0.235936,0.562753,0][-0.25364,0.22618,0.344521][-0.611108,-0.428566,0.665491][0.267924,0.568256,0][-0.25364,0.22618,0.344521][-0.611108,-0.428566,0.665491][0.267924,0.568256,0][-0.233542,0.16039,0.314805][-0.581019,-0.447944,0.679531][0.267967,0.55557,0][-0.0460511,0.15948,0.368242][0.00532195,-0.610554,0.791957][0.235571,0.555255,0][0.143337,0.16241,0.314673][0.616572,-0.33835,0.710886][0.203404,0.555468,0][0.160014,0.22693,0.34466][0.645455,-0.309474,0.698293][0.203738,0.5678,0][-0.0477191,0.19058,0.405913][-0.00552805,-0.61067,0.791866][0.235936,0.562753,0][-0.0477191,0.19058,0.405913][-0.00552805,-0.61067,0.791866][0.235936,0.562753,0][-0.0460511,0.15948,0.368242][0.00532195,-0.610554,0.791957][0.235571,0.555255,0][0.143337,0.16241,0.314673][0.616572,-0.33835,0.710886][0.203404,0.555468,0][0.160014,0.22693,0.34466][0.645455,-0.309474,0.698293][0.203738,0.5678,0][0.143337,0.16241,0.314673][0.616572,-0.33835,0.710886][0.203404,0.555468,0][0.299624,0.18735,0.162681][0.846353,-0.152404,0.510353][0.168186,0.560299,0][0.299624,0.18735,0.162681][0.846353,-0.152404,0.510353][0.168186,0.560299,0][0.328765,0.30855,0.126443][0.906226,-0.136135,0.400278][0.16207,0.580527,0][0.160014,0.22693,0.34466][0.645455,-0.309474,0.698293][0.203738,0.5678,0][0.328765,0.30855,0.126443][0.906226,-0.136135,0.400278][0.16207,0.580527,0][0.299624,0.18735,0.162681][0.846353,-0.152404,0.510353][0.168186,0.560299,0][0.359604,0.19852,-0.014582][0.990261,-0.133632,0.039064][0.138596,0.56365,0][0.359604,0.19852,-0.014582][0.990261,-0.133632,0.039064][0.138596,0.56365,0][0.383437,0.34575,-0.037438][0.99038,-0.135485,-0.028143][0.135363,0.587336,0][0.328765,0.30855,0.126443][0.906226,-0.136135,0.400278][0.16207,0.580527,0][0.326467,0.3227,-0.209507][0.898084,-0.136555,-0.418089][0.518032,0.077346,0][0.383437,0.34575,-0.037438][0.99038,-0.135485,-0.028143][0.546746,0.080206,0][0.359604,0.19852,-0.014582][0.990261,-0.133632,0.039064][0.54825,0.055378,0][0.359604,0.19852,-0.014582][0.990261,-0.133632,0.039064][0.54825,0.055378,0][0.320102,0.18972,-0.194396][0.892128,-0.136319,-0.430726][0.518728,0.055113,0][0.326467,0.3227,-0.209507][0.898084,-0.136555,-0.418089][0.518032,0.077346,0][0.141649,0.16674,-0.431467][0.516833,-0.128039,-0.846457][0.472357,0.055353,0][0.320102,0.18972,-0.194396][0.803995,0.278574,-0.525347][0.518728,0.055113,0][0.363925,0.12527,-0.177871][0.825734,0.369811,-0.425915][0.522412,0.043197,0][0.363925,0.12527,-0.177871][0.825734,0.369811,-0.425915][0.522412,0.043197,0][0.167775,0.10039,-0.397129][0.659751,0.0250159,-0.751068][0.477031,0.044353,0][0.141649,0.16674,-0.431467][0.516833,-0.128039,-0.846457][0.472357,0.055353,0][0.167775,0.10039,-0.397129][0.659751,0.0250159,-0.751068][0.477031,0.044353,0][-0.0449941,0.10032,-0.46076][-0.00570303,-0.359554,-0.933107][0.443895,0.04575,0][-0.0443541,0.16064,-0.480988][-0.00171503,-0.359409,-0.933179][0.444212,0.055511,0][-0.0443541,0.16064,-0.480988][-0.00171503,-0.359409,-0.933179][0.444212,0.055511,0][0.141649,0.16674,-0.431467][0.516833,-0.128039,-0.846457][0.472357,0.055353,0][0.167775,0.10039,-0.397129][0.659751,0.0250159,-0.751068][0.477031,0.044353,0][-0.233189,0.16673,-0.431626][-0.473976,-0.217809,-0.853174][0.415819,0.056334,0][-0.0443541,0.16064,-0.480988][-0.00171503,-0.359409,-0.933179][0.444212,0.055511,0][-0.0449941,0.10032,-0.46076][-0.00570303,-0.359554,-0.933107][0.443895,0.04575,0][-0.0449941,0.10032,-0.46076][-0.00570303,-0.359554,-0.933107][0.443895,0.04575,0][-0.254279,0.09938,-0.394645][-0.631352,-0.0855229,-0.770766][0.411213,0.045225,0][-0.233189,0.16673,-0.431626][-0.473976,-0.217809,-0.853174][0.415819,0.056334,0][-0.370825,0.16748,-0.250318][-0.846216,0.232147,-0.479611][0.381346,0.053742,0][-0.233189,0.16673,-0.431626][-0.473976,-0.217809,-0.853174][0.415819,0.056334,0][-0.254279,0.09938,-0.394645][-0.631352,-0.0855229,-0.770766][0.411213,0.045225,0][-0.254279,0.09938,-0.394645][-0.631352,-0.0855229,-0.770766][0.411213,0.045225,0][-0.408051,0.09784,-0.230455][-0.872167,0.345599,-0.346246][0.377645,0.041605,0][-0.370825,0.16748,-0.250318][-0.846216,0.232147,-0.479611][0.381346,0.053742,0][-0.464399,0.09421,0.00301905][-0.850756,0.52467,0.030594][0.34069,0.037907,0][-0.421581,0.16142,-0.014708][-0.859705,0.510207,-0.024404][0.343594,0.051198,0][-0.370825,0.16748,-0.250318][-0.846216,0.232147,-0.479611][0.381346,0.053742,0][-0.370825,0.16748,-0.250318][-0.846216,0.232147,-0.479611][0.381346,0.053742,0][-0.408051,0.09784,-0.230455][-0.872167,0.345599,-0.346246][0.377645,0.041605,0][-0.464399,0.09421,0.00301905][-0.850756,0.52467,0.030594][0.34069,0.037907,0][-0.421581,0.16142,-0.014708][-0.859705,0.510207,-0.024404][0.331695,0.558278,0][-0.464399,0.09421,0.00301905][-0.850756,0.52467,0.030594][0.331745,0.545477,0][-0.407857,0.09688,0.197514][-0.688663,0.594813,0.414657][0.300891,0.543548,0][-0.407857,0.09688,0.197514][-0.688663,0.594813,0.414657][0.300891,0.543548,0][-0.371054,0.16285,0.16433][-0.706839,0.591763,0.38755][0.301833,0.556818,0][-0.421581,0.16142,-0.014708][-0.859705,0.510207,-0.024404][0.331695,0.558278,0][-0.371054,0.16285,0.16433][-0.706839,0.591763,0.38755][0.301833,0.556818,0][-0.407857,0.09688,0.197514][-0.688663,0.594813,0.414657][0.300891,0.543548,0][-0.254331,0.09534,0.364122][-0.395345,0.629953,0.668477][0.267364,0.541807,0][-0.254331,0.09534,0.364122][-0.395345,0.629953,0.668477][0.267364,0.541807,0][-0.233542,0.16039,0.314805][-0.419992,0.628082,0.655072][0.267967,0.55557,0][-0.371054,0.16285,0.16433][-0.706839,0.591763,0.38755][0.301833,0.556818,0][-0.254331,0.09534,0.364122][-0.395345,0.629953,0.668477][0.267364,0.541807,0][-0.0451881,0.09478,0.422225][-5.29438e-005,0.642328,0.76643][0.235815,0.540699,0][-0.0460511,0.15948,0.368242][-0.00214394,0.64233,0.766425][0.235571,0.555255,0][-0.0460511,0.15948,0.368242][-0.00214394,0.64233,0.766425][0.235571,0.555255,0][-0.233542,0.16039,0.314805][-0.419992,0.628082,0.655072][0.267967,0.55557,0][-0.254331,0.09534,0.364122][-0.395345,0.629953,0.668477][0.267364,0.541807,0][0.143337,0.16241,0.314673][0.373428,0.627943,0.682817][0.203404,0.555468,0][-0.0460511,0.15948,0.368242][-0.00214394,0.64233,0.766425][0.235571,0.555255,0][-0.0451881,0.09478,0.422225][-5.29438e-005,0.642328,0.76643][0.235815,0.540699,0][-0.0451881,0.09478,0.422225][-5.29438e-005,0.642328,0.76643][0.235815,0.540699,0][0.164931,0.09635,0.364112][0.351039,0.629281,0.69338][0.204011,0.541827,0][0.143337,0.16241,0.314673][0.373428,0.627943,0.682817][0.203404,0.555468,0][0.299624,0.18735,0.162681][0.63764,0.616925,0.461323][0.168186,0.560299,0][0.143337,0.16241,0.314673][0.373428,0.627943,0.682817][0.203404,0.555468,0][0.164931,0.09635,0.364112][0.351039,0.629281,0.69338][0.204011,0.541827,0][0.164931,0.09635,0.364112][0.351039,0.629281,0.69338][0.204011,0.541827,0][0.337501,0.12138,0.196631][0.610841,0.618032,0.494884][0.168596,0.547045,0][0.299624,0.18735,0.162681][0.63764,0.616925,0.461323][0.168186,0.560299,0][0.359604,0.19852,-0.014582][0.814511,0.579305,0.031261][0.138596,0.56365,0][0.299624,0.18735,0.162681][0.63764,0.616925,0.461323][0.168186,0.560299,0][0.337501,0.12138,0.196631][0.610841,0.618032,0.494884][0.168596,0.547045,0][0.337501,0.12138,0.196631][0.610841,0.618032,0.494884][0.168596,0.547045,0][0.40622,0.13421,0.00144205][0.805064,0.586711,0.087418][0.137381,0.550974,0][0.359604,0.19852,-0.014582][0.814511,0.579305,0.031261][0.138596,0.56365,0][0.359604,0.19852,-0.014582][0.814511,0.579305,0.031261][0.54825,0.055378,0][0.40622,0.13421,0.00144205][0.805064,0.586711,0.087418][0.551241,0.042045,0][0.363925,0.12527,-0.177871][0.825734,0.369811,-0.425915][0.522412,0.043197,0][0.363925,0.12527,-0.177871][0.825734,0.369811,-0.425915][0.522412,0.043197,0][0.320102,0.18972,-0.194396][0.803995,0.278574,-0.525347][0.518728,0.055113,0][0.359604,0.19852,-0.014582][0.814511,0.579305,0.031261][0.54825,0.055378,0][0.112293,0.906382,0.31874][0.552804,0.07106,0.830276][0.206634,0.678343,0][0.120104,0.7166,0.302298][0.531319,-0.043326,0.846063][0.205923,0.647517,0][0.296559,0.71666,0.114498][0.823046,0.0223749,0.567534][0.164264,0.646462,0][0.296559,0.71666,0.114498][0.823046,0.0223749,0.567534][0.164264,0.646462,0][0.272945,0.906401,0.128373][0.828563,0.0958259,0.551634][0.165501,0.676859,0][0.112293,0.906382,0.31874][0.552804,0.07106,0.830276][0.206634,0.678343,0][0.112293,0.906382,0.31874][0.552804,0.07106,0.830276][0.206634,0.678343,0][-0.072383,0.906373,0.370808][-0.000234995,0.061297,0.99812][0.237954,0.679294,0][-0.076694,0.71653,0.354193][-0.00996201,-0.101928,0.994742][0.239014,0.648403,0][-0.076694,0.71653,0.354193][-0.00996201,-0.101928,0.994742][0.239014,0.648403,0][0.120104,0.7166,0.302298][0.531319,-0.043326,0.846063][0.205923,0.647517,0][0.112293,0.906382,0.31874][0.552804,0.07106,0.830276][0.206634,0.678343,0][-0.076694,0.71653,0.354193][-0.00996201,-0.101928,0.994742][0.239014,0.648403,0][-0.072383,0.906373,0.370808][-0.000234995,0.061297,0.99812][0.237954,0.679294,0][-0.246351,0.906392,0.318745][-0.513273,0.069434,0.855412][0.267566,0.679387,0][-0.246351,0.906392,0.318745][-0.513273,0.069434,0.855412][0.267566,0.679387,0][-0.25507,0.71658,0.302309][-0.51075,-0.087673,0.855247][0.269148,0.648731,0][-0.076694,0.71653,0.354193][-0.00996201,-0.101928,0.994742][0.239014,0.648403,0][-0.379109,0.906411,0.17649][-0.864767,0.0807631,0.495637][0.299719,0.679085,0][-0.397176,0.71669,0.160529][-0.870121,-0.0368449,0.49146][0.301446,0.648578,0][-0.25507,0.71658,0.302309][-0.51075,-0.087673,0.855247][0.269148,0.648731,0][-0.25507,0.71658,0.302309][-0.51075,-0.087673,0.855247][0.269148,0.648731,0][-0.246351,0.906392,0.318745][-0.513273,0.069434,0.855412][0.267566,0.679387,0][-0.379109,0.906411,0.17649][-0.864767,0.0807631,0.495637][0.299719,0.679085,0][-0.379109,0.906411,0.17649][-0.864767,0.0807631,0.495637][0.299719,0.679085,0][-0.427201,0.90644,-0.017832][-0.995162,0.0979811,0.007245][0.332972,0.678609,0][-0.448773,0.71677,-0.033144][-0.999832,0.0175291,0.005296][0.333466,0.648356,0][-0.448773,0.71677,-0.033144][-0.999832,0.0175291,0.005296][0.333466,0.648356,0][-0.397176,0.71669,0.160529][-0.870121,-0.0368449,0.49146][0.301446,0.648578,0][-0.379109,0.906411,0.17649][-0.864767,0.0807631,0.495637][0.299719,0.679085,0][-0.448773,0.71677,-0.033144][-0.999832,0.0175291,0.005296][0.342184,0.142843,0][-0.427201,0.90644,-0.017832][-0.995162,0.0979811,0.007245][0.341902,0.174471,0][-0.377693,0.906468,-0.225304][-0.876198,0.119852,-0.46681][0.377939,0.17393,0][-0.377693,0.906468,-0.225304][-0.876198,0.119852,-0.46681][0.377939,0.17393,0][-0.395949,0.71683,-0.252246][-0.87506,0.0569281,-0.480655][0.378259,0.143196,0][-0.448773,0.71677,-0.033144][-0.999832,0.0175291,0.005296][0.342184,0.142843,0][-0.395949,0.71683,-0.252246][-0.87506,0.0569281,-0.480655][0.378259,0.143196,0][-0.377693,0.906468,-0.225304][-0.876198,0.119852,-0.46681][0.377939,0.17393,0][-0.243871,0.906487,-0.367559][-0.54594,0.141583,-0.825775][0.410855,0.173429,0][-0.243871,0.906487,-0.367559][-0.54594,0.141583,-0.825775][0.410855,0.173429,0][-0.25288,0.71689,-0.394025][-0.537003,0.066546,-0.840952][0.410656,0.143109,0][-0.395949,0.71683,-0.252246][-0.87506,0.0569281,-0.480655][0.378259,0.143196,0][-0.25288,0.71689,-0.394025][-0.537003,0.066546,-0.840952][0.410656,0.143109,0][-0.243871,0.906487,-0.367559][-0.54594,0.141583,-0.825775][0.410855,0.173429,0][-0.069557,0.906478,-0.434452][-0.000566987,0.149075,-0.988826][0.442055,0.172719,0][-0.069557,0.906478,-0.434452][-0.000566987,0.149075,-0.988826][0.442055,0.172719,0][-0.074231,0.71687,-0.461111][-0.011845,0.078483,-0.996845][0.441231,0.142745,0][-0.25288,0.71689,-0.394025][-0.537003,0.066546,-0.840952][0.410656,0.143109,0][0.114296,0.906478,-0.367564][0.589715,0.13598,-0.796082][0.47468,0.173139,0][0.121394,0.71686,-0.394035][0.562525,0.110042,-0.819425][0.474578,0.142518,0][-0.074231,0.71687,-0.461111][-0.011845,0.078483,-0.996845][0.441231,0.142745,0][-0.074231,0.71687,-0.461111][-0.011845,0.078483,-0.996845][0.441231,0.142745,0][-0.069557,0.906478,-0.434452][-0.000566987,0.149075,-0.988826][0.442055,0.172719,0][0.114296,0.906478,-0.367564][0.589715,0.13598,-0.796082][0.47468,0.173139,0][0.296415,0.7168,-0.199571][0.837274,0.124067,-0.532522][0.51726,0.142545,0][0.121394,0.71686,-0.394035][0.562525,0.110042,-0.819425][0.474578,0.142518,0][0.114296,0.906478,-0.367564][0.589715,0.13598,-0.796082][0.47468,0.173139,0][0.114296,0.906478,-0.367564][0.589715,0.13598,-0.796082][0.47468,0.173139,0][0.273731,0.906459,-0.174357][0.845863,0.131597,-0.516912][0.517236,0.173753,0][0.296415,0.7168,-0.199571][0.837274,0.124067,-0.532522][0.51726,0.142545,0][0.35396,0.71674,-0.029787][0.99544,0.0950689,0.007805][0.546479,0.142736,0][0.296415,0.7168,-0.199571][0.837274,0.124067,-0.532522][0.51726,0.142545,0][0.273731,0.906459,-0.174357][0.845863,0.131597,-0.516912][0.517236,0.173753,0][0.273731,0.906459,-0.174357][0.845863,0.131597,-0.516912][0.517236,0.173753,0][0.326629,0.90643,-0.016397][0.990682,0.135011,0.017945][0.545708,0.174342,0][0.35396,0.71674,-0.029787][0.99544,0.0950689,0.007805][0.546479,0.142736,0][0.272945,0.906401,0.128373][0.828563,0.0958259,0.551634][0.165501,0.676859,0][0.296559,0.71666,0.114498][0.823046,0.0223749,0.567534][0.164264,0.646462,0][0.35396,0.71674,-0.029787][0.99544,0.0950689,0.007805][0.139315,0.646617,0][0.35396,0.71674,-0.029787][0.99544,0.0950689,0.007805][0.139315,0.646617,0][0.326629,0.90643,-0.016397][0.990682,0.135011,0.017945][0.139982,0.676478,0][0.272945,0.906401,0.128373][0.828563,0.0958259,0.551634][0.165501,0.676859,0][-0.361226,0.39075,-0.250048][-0.829935,-0.233053,-0.506847][0.381407,0.091353,0][-0.43174,0.40563,-0.051568][-0.996434,-0.0833199,0.013311][0.347318,0.091866,0][-0.436421,0.48879,-0.068225][-0.992127,-0.111851,-0.056334][0.348794,0.105296,0][-0.436421,0.48879,-0.068225][-0.992127,-0.111851,-0.056334][0.348794,0.105296,0][-0.383065,0.48399,-0.270492][-0.829481,-0.233138,-0.50755][0.381858,0.106863,0][-0.361226,0.39075,-0.250048][-0.829935,-0.233053,-0.506847][0.381407,0.091353,0][-0.381359,0.37861,0.166184][-0.812151,0.172011,0.557516][0.29991,0.593696,0][-0.384327,0.47731,0.143063][-0.877494,0.123228,0.463487][0.302496,0.609766,0][-0.436421,0.48879,-0.068225][-0.992127,-0.111851,-0.056334][0.338102,0.612021,0][-0.436421,0.48879,-0.068225][-0.992127,-0.111851,-0.056334][0.338102,0.612021,0][-0.43174,0.40563,-0.051568][-0.996434,-0.0833199,0.013311][0.335836,0.598733,0][-0.381359,0.37861,0.166184][-0.812151,0.172011,0.557516][0.29991,0.593696,0][-0.384327,0.47731,0.143063][-0.877494,0.123228,0.463487][0.302496,0.609766,0][-0.381359,0.37861,0.166184][-0.812151,0.172011,0.557516][0.29991,0.593696,0][-0.240371,0.33764,0.331803][-0.374639,0.377261,0.846948][0.266302,0.585967,0][-0.240371,0.33764,0.331803][-0.374639,0.377261,0.846948][0.266302,0.585967,0][-0.240271,0.4618,0.27269][-0.473819,0.341957,0.811518][0.2697,0.607293,0][-0.384327,0.47731,0.143063][-0.877494,0.123228,0.463487][0.302496,0.609766,0][-0.240271,0.4618,0.27269][-0.473819,0.341957,0.811518][0.2697,0.607293,0][-0.240371,0.33764,0.331803][-0.374639,0.377261,0.846948][0.266302,0.585967,0][-0.0526381,0.31803,0.386038][0.00276204,0.432914,0.901431][0.236778,0.582434,0][-0.0526381,0.31803,0.386038][0.00276204,0.432914,0.901431][0.236778,0.582434,0][-0.0548221,0.45018,0.321496][-0.00237996,0.43292,0.901429][0.236546,0.605919,0][-0.240271,0.4618,0.27269][-0.473819,0.341957,0.811518][0.2697,0.607293,0][-0.0526381,0.31803,0.386038][0.00276204,0.432914,0.901431][0.236778,0.582434,0][0.143634,0.33661,0.33241][0.388195,0.37383,0.842351][0.205665,0.584917,0][0.142674,0.4636,0.273254][0.507119,0.331892,0.795411][0.201606,0.606546,0][0.142674,0.4636,0.273254][0.507119,0.331892,0.795411][0.201606,0.606546,0][-0.0548221,0.45018,0.321496][-0.00237996,0.43292,0.901429][0.236546,0.605919,0][-0.0526381,0.31803,0.386038][0.00276204,0.432914,0.901431][0.236778,0.582434,0][0.142674,0.4636,0.273254][0.507119,0.331892,0.795411][0.201606,0.606546,0][0.143634,0.33661,0.33241][0.388195,0.37383,0.842351][0.205665,0.584917,0][0.305379,0.40128,0.118977][0.782306,0.179036,0.59661][0.16395,0.595937,0][0.305379,0.40128,0.118977][0.782306,0.179036,0.59661][0.16395,0.595937,0][0.310399,0.48577,0.099624][0.835101,0.130751,0.534332][0.161338,0.609601,0][0.142674,0.4636,0.273254][0.507119,0.331892,0.795411][0.201606,0.606546,0][0.36048,0.4275,-0.04861][0.992596,-0.121436,-0.002632][0.135598,0.600875,0][0.366982,0.49851,-0.054916][0.990215,-0.133072,-0.042032][0.134691,0.612185,0][0.310399,0.48577,0.099624][0.835101,0.130751,0.534332][0.161338,0.609601,0][0.310399,0.48577,0.099624][0.835101,0.130751,0.534332][0.161338,0.609601,0][0.305379,0.40128,0.118977][0.782306,0.179036,0.59661][0.16395,0.595937,0][0.36048,0.4275,-0.04861][0.992596,-0.121436,-0.002632][0.135598,0.600875,0][0.36048,0.4275,-0.04861][0.992596,-0.121436,-0.002632][0.543906,0.094307,0][0.289289,0.40391,-0.204204][0.819302,-0.214731,-0.531635][0.515814,0.091541,0][0.310584,0.48826,-0.220961][0.824972,-0.214944,-0.522705][0.515573,0.105783,0][0.310584,0.48826,-0.220961][0.824972,-0.214944,-0.522705][0.515573,0.105783,0][0.366982,0.49851,-0.054916][0.990215,-0.133072,-0.042032][0.543727,0.106313,0][0.36048,0.4275,-0.04861][0.992596,-0.121436,-0.002632][0.543906,0.094307,0][0.129797,0.36755,-0.400893][0.550427,-0.106442,-0.82807][0.474511,0.087871,0][0.144536,0.47374,-0.405111][0.596842,-0.128636,-0.79198][0.47641,0.104247,0][0.310584,0.48826,-0.220961][0.824972,-0.214944,-0.522705][0.515573,0.105783,0][0.310584,0.48826,-0.220961][0.824972,-0.214944,-0.522705][0.515573,0.105783,0][0.289289,0.40391,-0.204204][0.819302,-0.214731,-0.531635][0.515814,0.091541,0][0.129797,0.36755,-0.400893][0.550427,-0.106442,-0.82807][0.474511,0.087871,0][-0.0500871,0.35599,-0.470818][-0.004317,-0.02957,-0.999553][0.443779,0.086746,0][-0.0525271,0.46709,-0.463504][-0.016808,-0.030454,-0.999395][0.443769,0.103779,0][0.144536,0.47374,-0.405111][0.596842,-0.128636,-0.79198][0.47641,0.104247,0][0.144536,0.47374,-0.405111][0.596842,-0.128636,-0.79198][0.47641,0.104247,0][0.129797,0.36755,-0.400893][0.550427,-0.106442,-0.82807][0.474511,0.087871,0][-0.0500871,0.35599,-0.470818][-0.004317,-0.02957,-0.999553][0.443779,0.086746,0][-0.0500871,0.35599,-0.470818][-0.004317,-0.02957,-0.999553][0.443779,0.086746,0][-0.218988,0.36901,-0.393712][-0.519199,-0.14447,-0.842355][0.414346,0.089193,0][-0.238175,0.47527,-0.405013][-0.552841,-0.164672,-0.816854][0.412934,0.105665,0][-0.238175,0.47527,-0.405013][-0.552841,-0.164672,-0.816854][0.412934,0.105665,0][-0.0525271,0.46709,-0.463504][-0.016808,-0.030454,-0.999395][0.443769,0.103779,0][-0.0500871,0.35599,-0.470818][-0.004317,-0.02957,-0.999553][0.443779,0.086746,0][-0.218988,0.36901,-0.393712][-0.519199,-0.14447,-0.842355][0.414346,0.089193,0][-0.361226,0.39075,-0.250048][-0.829935,-0.233053,-0.506847][0.381407,0.091353,0][-0.383065,0.48399,-0.270492][-0.829481,-0.233138,-0.50755][0.381858,0.106863,0][-0.383065,0.48399,-0.270492][-0.829481,-0.233138,-0.50755][0.381858,0.106863,0][-0.238175,0.47527,-0.405013][-0.552841,-0.164672,-0.816854][0.412934,0.105665,0][-0.218988,0.36901,-0.393712][-0.519199,-0.14447,-0.842355][0.414346,0.089193,0][0.144536,0.47374,-0.405111][0.558828,0.084099,-0.825008][0.47641,0.104247,0][0.121394,0.71686,-0.394035][0.562525,0.110042,-0.819425][0.474578,0.142518,0][0.296415,0.7168,-0.199571][0.837274,0.124067,-0.532522][0.51726,0.142545,0][0.296415,0.7168,-0.199571][0.837274,0.124067,-0.532522][0.51726,0.142545,0][0.310584,0.48826,-0.220961][0.827316,0.101321,-0.552524][0.515573,0.105783,0][0.144536,0.47374,-0.405111][0.558828,0.084099,-0.825008][0.47641,0.104247,0][-0.074231,0.71687,-0.461111][-0.011845,0.078483,-0.996845][0.441231,0.142745,0][0.121394,0.71686,-0.394035][0.562525,0.110042,-0.819425][0.474578,0.142518,0][0.144536,0.47374,-0.405111][0.558828,0.084099,-0.825008][0.47641,0.104247,0][0.144536,0.47374,-0.405111][0.558828,0.084099,-0.825008][0.47641,0.104247,0][-0.0525271,0.46709,-0.463504][0.019342,0.031649,-0.999312][0.443769,0.103779,0][-0.074231,0.71687,-0.461111][-0.011845,0.078483,-0.996845][0.441231,0.142745,0][-0.25288,0.71689,-0.394025][-0.537003,0.066546,-0.840952][0.410656,0.143109,0][-0.074231,0.71687,-0.461111][-0.011845,0.078483,-0.996845][0.441231,0.142745,0][-0.0525271,0.46709,-0.463504][0.019342,0.031649,-0.999312][0.443769,0.103779,0][-0.0525271,0.46709,-0.463504][0.019342,0.031649,-0.999312][0.443769,0.103779,0][-0.238175,0.47527,-0.405013][-0.507195,0.00287404,-0.861827][0.412934,0.105665,0][-0.25288,0.71689,-0.394025][-0.537003,0.066546,-0.840952][0.410656,0.143109,0][-0.25288,0.71689,-0.394025][-0.537003,0.066546,-0.840952][0.410656,0.143109,0][-0.238175,0.47527,-0.405013][-0.507195,0.00287404,-0.861827][0.412934,0.105665,0][-0.383065,0.48399,-0.270492][-0.857158,-0.00997293,-0.514958][0.381858,0.106863,0][-0.383065,0.48399,-0.270492][-0.857158,-0.00997293,-0.514958][0.381858,0.106863,0][-0.395949,0.71683,-0.252246][-0.87506,0.0569281,-0.480655][0.378259,0.143196,0][-0.25288,0.71689,-0.394025][-0.537003,0.066546,-0.840952][0.410656,0.143109,0][-0.383065,0.48399,-0.270492][-0.857158,-0.00997293,-0.514958][0.381858,0.106863,0][-0.436421,0.48879,-0.068225][-0.998431,-0.0513269,-0.022393][0.348794,0.105296,0][-0.448773,0.71677,-0.033144][-0.999832,0.0175291,0.005296][0.342184,0.142843,0][-0.448773,0.71677,-0.033144][-0.999832,0.0175291,0.005296][0.342184,0.142843,0][-0.395949,0.71683,-0.252246][-0.87506,0.0569281,-0.480655][0.378259,0.143196,0][-0.383065,0.48399,-0.270492][-0.857158,-0.00997293,-0.514958][0.381858,0.106863,0][-0.397176,0.71669,0.160529][-0.870121,-0.0368449,0.49146][0.301446,0.648578,0][-0.448773,0.71677,-0.033144][-0.999832,0.0175291,0.005296][0.333466,0.648356,0][-0.436421,0.48879,-0.068225][-0.998431,-0.0513269,-0.022393][0.338102,0.612021,0][-0.436421,0.48879,-0.068225][-0.998431,-0.0513269,-0.022393][0.338102,0.612021,0][-0.384327,0.47731,0.143063][-0.857055,-0.0973049,0.505952][0.302496,0.609766,0][-0.397176,0.71669,0.160529][-0.870121,-0.0368449,0.49146][0.301446,0.648578,0][-0.384327,0.47731,0.143063][-0.857055,-0.0973049,0.505952][0.302496,0.609766,0][-0.240271,0.4618,0.27269][-0.482208,-0.12419,0.867209][0.2697,0.607293,0][-0.25507,0.71658,0.302309][-0.51075,-0.087673,0.855247][0.269148,0.648731,0][-0.25507,0.71658,0.302309][-0.51075,-0.087673,0.855247][0.269148,0.648731,0][-0.397176,0.71669,0.160529][-0.870121,-0.0368449,0.49146][0.301446,0.648578,0][-0.384327,0.47731,0.143063][-0.857055,-0.0973049,0.505952][0.302496,0.609766,0][-0.240271,0.4618,0.27269][-0.482208,-0.12419,0.867209][0.2697,0.607293,0][-0.0548221,0.45018,0.321496][0.01208,-0.115426,0.993243][0.236546,0.605919,0][-0.076694,0.71653,0.354193][-0.00996201,-0.101928,0.994742][0.239014,0.648403,0][-0.076694,0.71653,0.354193][-0.00996201,-0.101928,0.994742][0.239014,0.648403,0][-0.25507,0.71658,0.302309][-0.51075,-0.087673,0.855247][0.269148,0.648731,0][-0.240271,0.4618,0.27269][-0.482208,-0.12419,0.867209][0.2697,0.607293,0][-0.076694,0.71653,0.354193][-0.00996201,-0.101928,0.994742][0.239014,0.648403,0][-0.0548221,0.45018,0.321496][0.01208,-0.115426,0.993243][0.236546,0.605919,0][0.142674,0.4636,0.273254][0.530003,-0.0485,0.846608][0.201606,0.606546,0][0.142674,0.4636,0.273254][0.530003,-0.0485,0.846608][0.201606,0.606546,0][0.120104,0.7166,0.302298][0.531319,-0.043326,0.846063][0.205923,0.647517,0][-0.076694,0.71653,0.354193][-0.00996201,-0.101928,0.994742][0.239014,0.648403,0][0.310399,0.48577,0.099624][0.817387,0.00397693,0.576075][0.161338,0.609601,0][0.296559,0.71666,0.114498][0.823046,0.0223749,0.567534][0.164264,0.646462,0][0.120104,0.7166,0.302298][0.531319,-0.043326,0.846063][0.205923,0.647517,0][0.120104,0.7166,0.302298][0.531319,-0.043326,0.846063][0.205923,0.647517,0][0.142674,0.4636,0.273254][0.530003,-0.0485,0.846608][0.201606,0.606546,0][0.310399,0.48577,0.099624][0.817387,0.00397693,0.576075][0.161338,0.609601,0][0.366982,0.49851,-0.054916][0.997672,0.0649619,-0.020737][0.134691,0.612185,0][0.35396,0.71674,-0.029787][0.99544,0.0950689,0.007805][0.139315,0.646617,0][0.296559,0.71666,0.114498][0.823046,0.0223749,0.567534][0.164264,0.646462,0][0.296559,0.71666,0.114498][0.823046,0.0223749,0.567534][0.164264,0.646462,0][0.310399,0.48577,0.099624][0.817387,0.00397693,0.576075][0.161338,0.609601,0][0.366982,0.49851,-0.054916][0.997672,0.0649619,-0.020737][0.134691,0.612185,0][0.310584,0.48826,-0.220961][0.827316,0.101321,-0.552524][0.515573,0.105783,0][0.296415,0.7168,-0.199571][0.837274,0.124067,-0.532522][0.51726,0.142545,0][0.35396,0.71674,-0.029787][0.99544,0.0950689,0.007805][0.546479,0.142736,0][0.35396,0.71674,-0.029787][0.99544,0.0950689,0.007805][0.546479,0.142736,0][0.366982,0.49851,-0.054916][0.997672,0.0649619,-0.020737][0.543727,0.106313,0][0.310584,0.48826,-0.220961][0.827316,0.101321,-0.552524][0.515573,0.105783,0][0.252864,1.10395,-0.164357][0.64303,0.665123,-0.379637][0.343271,0.236789,0][0.110086,1.10432,-0.340922][0.441677,0.669623,-0.597098][0.352401,0.247678,0][0.064146,1.20735,-0.26054][0.366149,0.79949,-0.476184][0.356255,0.240878,0][0.064146,1.20735,-0.26054][0.366149,0.79949,-0.476184][0.356255,0.240878,0][0.165369,1.20686,-0.13063][0.513666,0.799638,-0.31101][0.350531,0.233541,0][0.252864,1.10395,-0.164357][0.64303,0.665123,-0.379637][0.343271,0.236789,0][-0.063572,1.10434,-0.402292][-0.00067894,0.684219,-0.729276][0.363529,0.251124,0][-0.063017,1.20737,-0.305694][0.000193071,0.809264,-0.587445][0.363545,0.243662,0][0.064146,1.20735,-0.26054][0.366149,0.79949,-0.476184][0.356255,0.240878,0][0.064146,1.20735,-0.26054][0.366149,0.79949,-0.476184][0.356255,0.240878,0][0.110086,1.10432,-0.340922][0.441677,0.669623,-0.597098][0.352401,0.247678,0][-0.063572,1.10434,-0.402292][-0.00067894,0.684219,-0.729276][0.363529,0.251124,0][-0.063017,1.20737,-0.305694][0.000193071,0.809264,-0.587445][0.363545,0.243662,0][-0.063572,1.10434,-0.402292][-0.00067894,0.684219,-0.729276][0.363529,0.251124,0][-0.236761,1.10432,-0.340922][-0.398861,0.668998,-0.627178][0.374845,0.247619,0][-0.236761,1.10432,-0.340922][-0.398861,0.668998,-0.627178][0.374845,0.247619,0][-0.190442,1.20735,-0.26054][-0.320702,0.807077,-0.495759][0.370996,0.240875,0][-0.063017,1.20737,-0.305694][0.000193071,0.809264,-0.587445][0.363545,0.243662,0][-0.364016,1.10395,-0.209539][-0.650616,0.666738,-0.363537][0.382994,0.239395,0][-0.284072,1.20686,-0.163873][-0.521151,0.80282,-0.289624][0.376179,0.235352,0][-0.190442,1.20735,-0.26054][-0.320702,0.807077,-0.495759][0.370996,0.240875,0][-0.190442,1.20735,-0.26054][-0.320702,0.807077,-0.495759][0.370996,0.240875,0][-0.236761,1.10432,-0.340922][-0.398861,0.668998,-0.627178][0.374845,0.247619,0][-0.364016,1.10395,-0.209539][-0.650616,0.666738,-0.363537][0.382994,0.239395,0][-0.411198,1.10354,-0.030089][-0.743609,0.668615,0.000971][0.385894,0.227488,0][-0.318786,1.20634,-0.03184][-0.594522,0.804079,-0.000451][0.378363,0.227828,0][-0.284072,1.20686,-0.163873][-0.521151,0.80282,-0.289624][0.376179,0.235352,0][-0.284072,1.20686,-0.163873][-0.521151,0.80282,-0.289624][0.376179,0.235352,0][-0.364016,1.10395,-0.209539][-0.650616,0.666738,-0.363537][0.382994,0.239395,0][-0.411198,1.10354,-0.030089][-0.743609,0.668615,0.000971][0.385894,0.227488,0][-0.318786,1.20634,-0.03184][-0.594522,0.804079,-0.000451][0.378363,0.227828,0][-0.411198,1.10354,-0.030089][-0.743609,0.668615,0.000971][0.385894,0.227488,0][-0.365638,1.10303,0.149384][-0.642179,0.675925,0.361568][0.382715,0.215809,0][-0.365638,1.10303,0.149384][-0.642179,0.675925,0.361568][0.382715,0.215809,0][-0.285266,1.20568,0.100209][-0.514343,0.808497,0.285978][0.37635,0.22022,0][-0.318786,1.20634,-0.03184][-0.594522,0.804079,-0.000451][0.378363,0.227828,0][-0.285266,1.20568,0.100209][-0.514343,0.808497,0.285978][0.37635,0.22022,0][-0.365638,1.10303,0.149384][-0.642179,0.675925,0.361568][0.382715,0.215809,0][-0.239561,1.10266,0.280769][-0.372207,0.683938,0.627448][0.374677,0.207834,0][-0.239561,1.10266,0.280769][-0.372207,0.683938,0.627448][0.374677,0.207834,0][-0.192501,1.20518,0.196879][-0.298742,0.813341,0.499229][0.371183,0.21483,0][-0.285266,1.20568,0.100209][-0.514343,0.808497,0.285978][0.37635,0.22022,0][-0.239561,1.10266,0.280769][-0.372207,0.683938,0.627448][0.374677,0.207834,0][-0.066798,1.10252,0.328858][-0.00134394,0.685857,0.727735][0.363758,0.205124,0][-0.06539,1.20502,0.23226][0.000352071,0.814234,0.580537][0.363764,0.212455,0][-0.06539,1.20502,0.23226][0.000352071,0.814234,0.580537][0.363764,0.212455,0][-0.192501,1.20518,0.196879][-0.298742,0.813341,0.499229][0.371183,0.21483,0][-0.239561,1.10266,0.280769][-0.372207,0.683938,0.627448][0.374677,0.207834,0][-0.06539,1.20502,0.23226][0.000352071,0.814234,0.580537][0.363764,0.212455,0][-0.066798,1.10252,0.328858][-0.00134394,0.685857,0.727735][0.363758,0.205124,0][0.107055,1.10266,0.280769][0.417058,0.681416,0.601444][0.352659,0.208034,0][0.107055,1.10266,0.280769][0.417058,0.681416,0.601444][0.352659,0.208034,0][0.062058,1.20518,0.196879][0.347676,0.803999,0.482397][0.356391,0.214894,0][-0.06539,1.20502,0.23226][0.000352071,0.814234,0.580537][0.363764,0.212455,0][0.200286,1.20634,-0.032265][0.58407,0.811671,0.00725][0.348485,0.227882,0][0.164128,1.20568,0.066112][0.505245,0.803426,0.315015][0.350627,0.222213,0][0.250918,1.10303,0.10304][0.634501,0.669728,0.38584][0.343446,0.21869,0][0.250918,1.10303,0.10304][0.634501,0.669728,0.38584][0.343446,0.21869,0][0.301529,1.10354,-0.030667][0.714276,0.6998,0.009442][0.34069,0.227694,0][0.200286,1.20634,-0.032265][0.58407,0.811671,0.00725][0.348485,0.227882,0][0.200286,1.20634,-0.032265][0.58407,0.811671,0.00725][0.348485,0.227882,0][0.301529,1.10354,-0.030667][0.714276,0.6998,0.009442][0.34069,0.227694,0][0.252864,1.10395,-0.164357][0.64303,0.665123,-0.379637][0.343271,0.236789,0][0.252864,1.10395,-0.164357][0.64303,0.665123,-0.379637][0.343271,0.236789,0][0.165369,1.20686,-0.13063][0.513666,0.799638,-0.31101][0.350531,0.233541,0][0.200286,1.20634,-0.032265][0.58407,0.811671,0.00725][0.348485,0.227882,0][0.250918,1.10303,0.10304][0.634501,0.669728,0.38584][0.343446,0.21869,0][0.164128,1.20568,0.066112][0.505245,0.803426,0.315015][0.350627,0.222213,0][0.062058,1.20518,0.196879][0.347676,0.803999,0.482397][0.356391,0.214894,0][0.062058,1.20518,0.196879][0.347676,0.803999,0.482397][0.356391,0.214894,0][0.107055,1.10266,0.280769][0.417058,0.681416,0.601444][0.352659,0.208034,0][0.250918,1.10303,0.10304][0.634501,0.669728,0.38584][0.343446,0.21869,0][-0.061485,1.29042,-0.03665][0.00444309,0.999989,0.001608][0.363668,0.228125,0][-0.063017,1.20737,-0.305694][0.000193071,0.809264,-0.587445][0.363545,0.243662,0][-0.190442,1.20735,-0.26054][-0.320702,0.807077,-0.495759][0.370996,0.240875,0][-0.284072,1.20686,-0.163873][-0.521151,0.80282,-0.289624][0.376179,0.235352,0][-0.061485,1.29042,-0.03665][0.00444309,0.999989,0.001608][0.363668,0.228125,0][-0.190442,1.20735,-0.26054][-0.320702,0.807077,-0.495759][0.370996,0.240875,0][-0.318786,1.20634,-0.03184][-0.594522,0.804079,-0.000451][0.378363,0.227828,0][-0.061485,1.29042,-0.03665][0.00444309,0.999989,0.001608][0.363668,0.228125,0][-0.284072,1.20686,-0.163873][-0.521151,0.80282,-0.289624][0.376179,0.235352,0][-0.285266,1.20568,0.100209][-0.514343,0.808497,0.285978][0.37635,0.22022,0][-0.061485,1.29042,-0.03665][0.00444309,0.999989,0.001608][0.363668,0.228125,0][-0.318786,1.20634,-0.03184][-0.594522,0.804079,-0.000451][0.378363,0.227828,0][-0.192501,1.20518,0.196879][-0.298742,0.813341,0.499229][0.371183,0.21483,0][-0.061485,1.29042,-0.03665][0.00444309,0.999989,0.001608][0.363668,0.228125,0][-0.285266,1.20568,0.100209][-0.514343,0.808497,0.285978][0.37635,0.22022,0][-0.06539,1.20502,0.23226][0.000352071,0.814234,0.580537][0.363764,0.212455,0][-0.061485,1.29042,-0.03665][0.00444309,0.999989,0.001608][0.363668,0.228125,0][-0.192501,1.20518,0.196879][-0.298742,0.813341,0.499229][0.371183,0.21483,0][0.062058,1.20518,0.196879][0.347676,0.803999,0.482397][0.356391,0.214894,0][-0.061485,1.29042,-0.03665][0.00444309,0.999989,0.001608][0.363668,0.228125,0][-0.06539,1.20502,0.23226][0.000352071,0.814234,0.580537][0.363764,0.212455,0][0.164128,1.20568,0.066112][0.505245,0.803426,0.315015][0.350627,0.222213,0][-0.061485,1.29042,-0.03665][0.00444309,0.999989,0.001608][0.363668,0.228125,0][0.062058,1.20518,0.196879][0.347676,0.803999,0.482397][0.356391,0.214894,0][0.200286,1.20634,-0.032265][0.58407,0.811671,0.00725][0.348485,0.227882,0][-0.061485,1.29042,-0.03665][0.00444309,0.999989,0.001608][0.363668,0.228125,0][0.164128,1.20568,0.066112][0.505245,0.803426,0.315015][0.350627,0.222213,0][0.165369,1.20686,-0.13063][0.513666,0.799638,-0.31101][0.350531,0.233541,0][-0.061485,1.29042,-0.03665][0.00444309,0.999989,0.001608][0.363668,0.228125,0][0.200286,1.20634,-0.032265][0.58407,0.811671,0.00725][0.348485,0.227882,0][0.064146,1.20735,-0.26054][0.366149,0.79949,-0.476184][0.356255,0.240878,0][-0.061485,1.29042,-0.03665][0.00444309,0.999989,0.001608][0.363668,0.228125,0][0.165369,1.20686,-0.13063][0.513666,0.799638,-0.31101][0.350531,0.233541,0][-0.063017,1.20737,-0.305694][0.000193071,0.809264,-0.587445][0.363545,0.243662,0][-0.061485,1.29042,-0.03665][0.00444309,0.999989,0.001608][0.363668,0.228125,0][0.064146,1.20735,-0.26054][0.366149,0.79949,-0.476184][0.356255,0.240878,0][-0.066798,1.10252,0.328858][0.00457202,0.203588,0.979046][0.236599,0.70928,0][-0.072383,0.906373,0.370808][-0.000234995,0.061297,0.99812][0.237954,0.679294,0][0.112293,0.906382,0.31874][0.552804,0.07106,0.830276][0.206634,0.678343,0][0.112293,0.906382,0.31874][0.552804,0.07106,0.830276][0.206634,0.678343,0][0.107055,1.10266,0.280769][0.579726,0.177752,0.795187][0.205125,0.70843,0][-0.066798,1.10252,0.328858][0.00457202,0.203588,0.979046][0.236599,0.70928,0][0.250918,1.10303,0.10304][0.838286,0.152882,0.523358][0.165252,0.707005,0][0.107055,1.10266,0.280769][0.579726,0.177752,0.795187][0.205125,0.70843,0][0.112293,0.906382,0.31874][0.552804,0.07106,0.830276][0.206634,0.678343,0][0.112293,0.906382,0.31874][0.552804,0.07106,0.830276][0.206634,0.678343,0][0.272945,0.906401,0.128373][0.828563,0.0958259,0.551634][0.165501,0.676859,0][0.250918,1.10303,0.10304][0.838286,0.152882,0.523358][0.165252,0.707005,0][0.301529,1.10354,-0.030667][0.991141,0.132369,-0.010882][0.140499,0.706265,0][0.250918,1.10303,0.10304][0.838286,0.152882,0.523358][0.165252,0.707005,0][0.272945,0.906401,0.128373][0.828563,0.0958259,0.551634][0.165501,0.676859,0][0.272945,0.906401,0.128373][0.828563,0.0958259,0.551634][0.165501,0.676859,0][0.326629,0.90643,-0.016397][0.990682,0.135011,0.017945][0.139982,0.676478,0][0.301529,1.10354,-0.030667][0.991141,0.132369,-0.010882][0.140499,0.706265,0][0.301529,1.10354,-0.030667][0.991141,0.132369,-0.010882][0.544341,0.205586,0][0.326629,0.90643,-0.016397][0.990682,0.135011,0.017945][0.545708,0.174342,0][0.273731,0.906459,-0.174357][0.845863,0.131597,-0.516912][0.517236,0.173753,0][0.273731,0.906459,-0.174357][0.845863,0.131597,-0.516912][0.517236,0.173753,0][0.252864,1.10395,-0.164357][0.84794,0.108201,-0.518932][0.518495,0.2048,0][0.301529,1.10354,-0.030667][0.991141,0.132369,-0.010882][0.544341,0.205586,0][0.273731,0.906459,-0.174357][0.845863,0.131597,-0.516912][0.517236,0.173753,0][0.114296,0.906478,-0.367564][0.589715,0.13598,-0.796082][0.47468,0.173139,0][0.110086,1.10432,-0.340922][0.605379,0.124278,-0.786175][0.477028,0.204082,0][0.110086,1.10432,-0.340922][0.605379,0.124278,-0.786175][0.477028,0.204082,0][0.252864,1.10395,-0.164357][0.84794,0.108201,-0.518932][0.518495,0.2048,0][0.273731,0.906459,-0.174357][0.845863,0.131597,-0.516912][0.517236,0.173753,0][0.110086,1.10432,-0.340922][0.605379,0.124278,-0.786175][0.477028,0.204082,0][0.114296,0.906478,-0.367564][0.589715,0.13598,-0.796082][0.47468,0.173139,0][-0.069557,0.906478,-0.434452][-0.000566987,0.149075,-0.988826][0.442055,0.172719,0][-0.069557,0.906478,-0.434452][-0.000566987,0.149075,-0.988826][0.442055,0.172719,0][-0.063572,1.10434,-0.402292][0.00622201,0.151894,-0.988377][0.44304,0.203805,0][0.110086,1.10432,-0.340922][0.605379,0.124278,-0.786175][0.477028,0.204082,0][-0.063572,1.10434,-0.402292][0.00622201,0.151894,-0.988377][0.44304,0.203805,0][-0.069557,0.906478,-0.434452][-0.000566987,0.149075,-0.988826][0.442055,0.172719,0][-0.243871,0.906487,-0.367559][-0.54594,0.141583,-0.825775][0.410855,0.173429,0][-0.243871,0.906487,-0.367559][-0.54594,0.141583,-0.825775][0.410855,0.173429,0][-0.236761,1.10432,-0.340922][-0.550908,0.133061,-0.82389][0.409131,0.204262,0][-0.063572,1.10434,-0.402292][0.00622201,0.151894,-0.988377][0.44304,0.203805,0][-0.364016,1.10395,-0.209539][-0.877729,0.0955061,-0.469544][0.375668,0.204746,0][-0.236761,1.10432,-0.340922][-0.550908,0.133061,-0.82389][0.409131,0.204262,0][-0.243871,0.906487,-0.367559][-0.54594,0.141583,-0.825775][0.410855,0.173429,0][-0.243871,0.906487,-0.367559][-0.54594,0.141583,-0.825775][0.410855,0.173429,0][-0.377693,0.906468,-0.225304][-0.876198,0.119852,-0.46681][0.377939,0.17393,0][-0.364016,1.10395,-0.209539][-0.877729,0.0955061,-0.469544][0.375668,0.204746,0][-0.427201,0.90644,-0.017832][-0.995162,0.0979811,0.007245][0.341902,0.174471,0][-0.411198,1.10354,-0.030089][-0.99605,0.0876841,-0.013979][0.342136,0.205586,0][-0.364016,1.10395,-0.209539][-0.877729,0.0955061,-0.469544][0.375668,0.204746,0][-0.364016,1.10395,-0.209539][-0.877729,0.0955061,-0.469544][0.375668,0.204746,0][-0.377693,0.906468,-0.225304][-0.876198,0.119852,-0.46681][0.377939,0.17393,0][-0.427201,0.90644,-0.017832][-0.995162,0.0979811,0.007245][0.341902,0.174471,0][-0.379109,0.906411,0.17649][-0.864767,0.0807631,0.495637][0.299719,0.679085,0][-0.365638,1.10303,0.149384][-0.877961,0.125428,0.462009][0.299962,0.709303,0][-0.411198,1.10354,-0.030089][-0.99605,0.0876841,-0.013979][0.33236,0.708674,0][-0.411198,1.10354,-0.030089][-0.99605,0.0876841,-0.013979][0.33236,0.708674,0][-0.427201,0.90644,-0.017832][-0.995162,0.0979811,0.007245][0.332972,0.678609,0][-0.379109,0.906411,0.17649][-0.864767,0.0807631,0.495637][0.299719,0.679085,0][-0.246351,0.906392,0.318745][-0.513273,0.069434,0.855412][0.267566,0.679387,0][-0.239561,1.10266,0.280769][-0.526176,0.179611,0.831191][0.268038,0.7096,0][-0.365638,1.10303,0.149384][-0.877961,0.125428,0.462009][0.299962,0.709303,0][-0.365638,1.10303,0.149384][-0.877961,0.125428,0.462009][0.299962,0.709303,0][-0.379109,0.906411,0.17649][-0.864767,0.0807631,0.495637][0.299719,0.679085,0][-0.246351,0.906392,0.318745][-0.513273,0.069434,0.855412][0.267566,0.679387,0][-0.246351,0.906392,0.318745][-0.513273,0.069434,0.855412][0.267566,0.679387,0][-0.072383,0.906373,0.370808][-0.000234995,0.061297,0.99812][0.237954,0.679294,0][-0.066798,1.10252,0.328858][0.00457202,0.203588,0.979046][0.236599,0.70928,0][-0.066798,1.10252,0.328858][0.00457202,0.203588,0.979046][0.236599,0.70928,0][-0.239561,1.10266,0.280769][-0.526176,0.179611,0.831191][0.268038,0.7096,0][-0.246351,0.906392,0.318745][-0.513273,0.069434,0.855412][0.267566,0.679387,0][-0.216342,-0.107028,-0.320713][-0.309655,-0.81977,-0.481758][0.447651,0.943936,0][-0.153508,-0.193832,-0.213025][-0.263539,-0.876435,-0.403][0.447651,0.967012,0][-0.237415,-0.194162,-0.119527][-0.438685,-0.869762,-0.225988][0.470727,0.967012,0][-0.237415,-0.194162,-0.119527][-0.438685,-0.869762,-0.225988][0.470727,0.967012,0][-0.342768,-0.107028,-0.178975][-0.521319,-0.809511,-0.270034][0.470727,0.943936,0][-0.216342,-0.107028,-0.320713][-0.309655,-0.81977,-0.481758][0.447651,0.943936,0][-0.389059,-0.107028,0.0205711][-0.597385,-0.801943,-0.00426][0.13796,0.682719,0][-0.342768,-0.107028,-0.178975][-0.521319,-0.809511,-0.270034][0.114884,0.682719,0][-0.237415,-0.194162,-0.119527][-0.438685,-0.869762,-0.225988][0.114884,0.705795,0][-0.237415,-0.194162,-0.119527][-0.438685,-0.869762,-0.225988][0.114884,0.705795,0][-0.270698,-0.194994,0.0147491][-0.500435,-0.865716,-0.010062][0.13796,0.705795,0][-0.389059,-0.107028,0.0205711][-0.597385,-0.801943,-0.00426][0.13796,0.682719,0][-0.270698,-0.194994,0.0147491][-0.500435,-0.865716,-0.010062][0,0.937466,0][-0.242357,-0.196227,0.123794][-0.442399,-0.864323,0.239227][0.023076,0.937466,0][-0.342495,-0.107028,0.182238][-0.533504,-0.791568,0.297984][0.023076,0.91439,0][-0.342495,-0.107028,0.182238][-0.533504,-0.791568,0.297984][0.023076,0.91439,0][-0.389059,-0.107028,0.0205711][-0.597385,-0.801943,-0.00426][0,0.91439,0][-0.270698,-0.194994,0.0147491][-0.500435,-0.865716,-0.010062][0,0.937466,0][-0.216033,-0.107028,0.322726][-0.329936,-0.790312,0.516285][0.292459,0.834531,0][-0.342495,-0.107028,0.182238][-0.533504,-0.791568,0.297984][0.269383,0.834531,0][-0.242357,-0.196227,0.123794][-0.442399,-0.864323,0.239227][0.269383,0.857607,0][-0.242357,-0.196227,0.123794][-0.442399,-0.864323,0.239227][0.269383,0.857607,0][-0.158601,-0.197246,0.222481][-0.277161,-0.86428,0.419764][0.292459,0.857607,0][-0.216033,-0.107028,0.322726][-0.329936,-0.790312,0.516285][0.292459,0.834531,0][-0.0437661,-0.107028,0.371315][-0.00205207,-0.786515,0.617568][0.783686,0.809476,0][-0.216033,-0.107028,0.322726][-0.329936,-0.790312,0.516285][0.76061,0.809476,0][-0.158601,-0.197246,0.222481][-0.277161,-0.86428,0.419764][0.76061,0.832552,0][-0.158601,-0.197246,0.222481][-0.277161,-0.86428,0.419764][0.76061,0.832552,0][-0.0417991,-0.197695,0.256844][-0.000258076,-0.86401,0.503474][0.783686,0.832552,0][-0.0437661,-0.107028,0.371315][-0.00205207,-0.786515,0.617568][0.783686,0.809476,0][0.12942,-0.107028,0.322726][0.325206,-0.783798,0.529057][0.771802,0.365965,0][-0.0437661,-0.107028,0.371315][-0.00205207,-0.786515,0.617568][0.748726,0.365965,0][-0.0417991,-0.197695,0.256844][-0.000258076,-0.86401,0.503474][0.748726,0.389042,0][-0.0417991,-0.197695,0.256844][-0.000258076,-0.86401,0.503474][0.748726,0.389042,0][0.0762859,-0.197434,0.222707][0.273694,-0.860561,0.429565][0.771802,0.389042,0][0.12942,-0.107028,0.322726][0.325206,-0.783798,0.529057][0.771802,0.365965,0][0.0762859,-0.197434,0.222707][0.273694,-0.860561,0.429565][0.47142,0.967012,0][0.16686,-0.19645,0.123481][0.438591,-0.86077,0.25829][0.494496,0.967012,0][0.264565,-0.107028,0.182248][0.529161,-0.786355,0.318801][0.494496,0.943936,0][0.264565,-0.107028,0.182248][0.529161,-0.786355,0.318801][0.494496,0.943936,0][0.12942,-0.107028,0.322726][0.325206,-0.783798,0.529057][0.47142,0.943936,0][0.0762859,-0.197434,0.222707][0.273694,-0.860561,0.429565][0.47142,0.967012,0][0.316741,-0.107028,0.0205721][0.600381,-0.798665,0.040956][0.771802,0.342889,0][0.264565,-0.107028,0.182248][0.529161,-0.786355,0.318801][0.748726,0.342889,0][0.16686,-0.19645,0.123481][0.438591,-0.86077,0.25829][0.748726,0.365965,0][0.16686,-0.19645,0.123481][0.438591,-0.86077,0.25829][0.748726,0.365965,0][0.198946,-0.195211,0.0135131][0.501236,-0.864767,0.030667][0.771802,0.365965,0][0.316741,-0.107028,0.0205721][0.600381,-0.798665,0.040956][0.771802,0.342889,0][0.179766,-0.194661,-0.0857149][0.440322,-0.864908,-0.240936][0.506381,0.832996,0][0.289426,-0.107028,-0.131143][0.526592,-0.802369,-0.280901][0.506381,0.809919,0][0.316741,-0.107028,0.0205721][0.600381,-0.798665,0.040956][0.483304,0.809919,0][0.316741,-0.107028,0.0205721][0.600381,-0.798665,0.040956][0.483304,0.809919,0][0.198946,-0.195211,0.0135131][0.501236,-0.864767,0.030667][0.483304,0.832996,0][0.179766,-0.194661,-0.0857149][0.440322,-0.864908,-0.240936][0.506381,0.832996,0][0.0734839,-0.194269,-0.216492][0.290415,-0.870418,-0.397532][0.878763,0.69602,0][0.132859,-0.107028,-0.323652][0.335286,-0.81386,-0.474568][0.878763,0.672944,0][0.289426,-0.107028,-0.131143][0.526592,-0.802369,-0.280901][0.855687,0.672944,0][0.289426,-0.107028,-0.131143][0.526592,-0.802369,-0.280901][0.855687,0.672944,0][0.179766,-0.194661,-0.0857149][0.440322,-0.864908,-0.240936][0.855687,0.69602,0][0.0734839,-0.194269,-0.216492][0.290415,-0.870418,-0.397532][0.878763,0.69602,0][-0.0440331,-0.107028,-0.37393][-0.00746507,-0.822688,-0.568444][0.890647,0.023076,0][0.132859,-0.107028,-0.323652][0.335286,-0.81386,-0.474568][0.867571,0.023076,0][0.0734839,-0.194269,-0.216492][0.290415,-0.870418,-0.397532][0.867571,0.046152,0][0.0734839,-0.194269,-0.216492][0.290415,-0.870418,-0.397532][0.867571,0.046152,0][-0.0416391,-0.19379,-0.2478][-0.00652208,-0.87878,-0.477182][0.890647,0.046152,0][-0.0440331,-0.107028,-0.37393][-0.00746507,-0.822688,-0.568444][0.890647,0.023076,0][-0.0416391,-0.19379,-0.2478][-0.00652208,-0.87878,-0.477182][0.867571,0.023076,0][-0.153508,-0.193832,-0.213025][-0.263539,-0.876435,-0.403][0.890647,0.023076,0][-0.216342,-0.107028,-0.320713][-0.309655,-0.81977,-0.481758][0.890647,0,0][-0.216342,-0.107028,-0.320713][-0.309655,-0.81977,-0.481758][0.890647,0,0][-0.0440331,-0.107028,-0.37393][-0.00746507,-0.822688,-0.568444][0.867571,0,0][-0.0416391,-0.19379,-0.2478][-0.00652208,-0.87878,-0.477182][0.867571,0.023076,0][-0.153508,-0.193832,-0.213025][-0.263539,-0.876435,-0.403][0.958686,0.05289,0][-0.0359061,-0.265179,0.00458207][0.00366091,-0.99991,-0.012874][0.970224,0.075966,0][-0.237415,-0.194162,-0.119527][-0.438685,-0.869762,-0.225988][0.981762,0.05289,0][-0.237415,-0.194162,-0.119527][-0.438685,-0.869762,-0.225988][0.954724,0.029832,0][-0.0359061,-0.265179,0.00458207][0.00366091,-0.99991,-0.012874][0.966262,0.052909,0][-0.270698,-0.194994,0.0147491][-0.500435,-0.865716,-0.010062][0.9778,0.029832,0][-0.270698,-0.194994,0.0147491][-0.500435,-0.865716,-0.010062][0.919071,0.419498,0][-0.0359061,-0.265179,0.00458207][0.00366091,-0.99991,-0.012874][0.930609,0.442574,0][-0.242357,-0.196227,0.123794][-0.442399,-0.864323,0.239227][0.942147,0.419498,0][-0.242357,-0.196227,0.123794][-0.442399,-0.864323,0.239227][0.776456,0,0][-0.0359061,-0.265179,0.00458207][0.00366091,-0.99991,-0.012874][0.787994,0.023076,0][-0.158601,-0.197246,0.222481][-0.277161,-0.86428,0.419764][0.799532,0,0][-0.158601,-0.197246,0.222481][-0.277161,-0.86428,0.419764][0.89134,0.35368,0][-0.0359061,-0.265179,0.00458207][0.00366091,-0.99991,-0.012874][0.902878,0.376756,0][-0.0417991,-0.197695,0.256844][-0.000258076,-0.86401,0.503474][0.914416,0.35368,0][-0.0417991,-0.197695,0.256844][-0.000258076,-0.86401,0.503474][0.89134,0.330622,0][-0.0359061,-0.265179,0.00458207][0.00366091,-0.99991,-0.012874][0.902878,0.353698,0][0.0762859,-0.197434,0.222707][0.273694,-0.860561,0.429565][0.914416,0.330622,0][0.0762859,-0.197434,0.222707][0.273694,-0.860561,0.429565][0.958686,0.105934,0][-0.0359061,-0.265179,0.00458207][0.00366091,-0.99991,-0.012874][0.970224,0.12901,0][0.16686,-0.19645,0.123481][0.438591,-0.86077,0.25829][0.981762,0.105934,0][0.16686,-0.19645,0.123481][0.438591,-0.86077,0.25829][0.89134,0.307565,0][-0.0359061,-0.265179,0.00458207][0.00366091,-0.99991,-0.012874][0.902878,0.330641,0][0.198946,-0.195211,0.0135131][0.501236,-0.864767,0.030667][0.914416,0.307565,0][0.198946,-0.195211,0.0135131][0.501236,-0.864767,0.030667][0.764572,0.095201,0][-0.0359061,-0.265179,0.00458207][0.00366091,-0.99991,-0.012874][0.77611,0.118277,0][0.179766,-0.194661,-0.0857149][0.440322,-0.864908,-0.240936][0.787648,0.095201,0][0.179766,-0.194661,-0.0857149][0.440322,-0.864908,-0.240936][0.55065,0.808066,0][-0.0359061,-0.265179,0.00458207][0.00366091,-0.99991,-0.012874][0.562188,0.831142,0][0.0734839,-0.194269,-0.216492][0.290415,-0.870418,-0.397532][0.573726,0.808066,0][0.0734839,-0.194269,-0.216492][0.290415,-0.870418,-0.397532][0.546689,0.080415,0][-0.0359061,-0.265179,0.00458207][0.00366091,-0.99991,-0.012874][0.558226,0.103492,0][-0.0416391,-0.19379,-0.2478][-0.00652208,-0.87878,-0.477182][0.569765,0.080415,0][-0.0416391,-0.19379,-0.2478][-0.00652208,-0.87878,-0.477182][0.958686,0.307984,0][-0.0359061,-0.265179,0.00458207][0.00366091,-0.99991,-0.012874][0.970224,0.33106,0][-0.153508,-0.193832,-0.213025][-0.263539,-0.876435,-0.403][0.981762,0.307984,0]