o Mesh

v -0.6264399886131287 -0.5577800273895264 -0.2261350005865097
v -0.5185999870300293 -0.557420015335083 -0.36520299315452576
v -0.5571479797363281 -0.7971400022506714 -0.40182098746299744
v -0.5571479797363281 -0.7971400022506714 -0.40182098746299744
v -0.7053689956665039 -0.7713599801063538 -0.2162339985370636
v -0.6264399886131287 -0.5577800273895264 -0.2261350005865097
v 0.0 -0.5569700002670288 -0.5991470217704773
v 0.0 -0.8347499966621399 -0.5268170237541199
v -0.20029200613498688 -0.8274999856948853 -0.49899399280548096
v -0.20029200613498688 -0.8274999856948853 -0.49899399280548096
v -0.30962100625038147 -0.5569700002670288 -0.5752630233764648
v 0.0 -0.5569700002670288 -0.5991470217704773
v -0.26047199964523315 0.8906500339508057 -0.5705289840698242
v -0.3028930127620697 1.004930019378662 -0.39676401019096375
v 0.0 1.004930019378662 -0.3990829885005951
v 0.0 1.004930019378662 -0.3990829885005951
v 0.0 0.8451399803161621 -0.5700749754905701
v -0.26047199964523315 0.8906500339508057 -0.5705289840698242
v -0.18415400385856628 -0.5593999624252319 0.2960689961910248
v -0.20992499589920044 -0.7342599630355835 0.3868989944458008
v 0.0 -0.7342599630355835 0.3868989944458008
v 0.0 -0.7342599630355835 0.3868989944458008
v 0.0 -0.5593999624252319 0.2960689961910248
v -0.18415400385856628 -0.5593999624252319 0.2960689961910248
v -0.15940000116825104 -1.0 -0.3932499885559082
v 0.0 -1.0 -0.4248499870300293
v 0.0 -1.0 -0.2123430073261261
v 0.0 -1.0 -0.2123430073261261
v -0.21321800351142883 -1.0 -0.18929000198841095
v -0.15940000116825104 -1.0 -0.3932499885559082
v -0.17299099266529083 0.7459499835968018 0.49287399649620056
v -0.20924000442028046 0.47032999992370605 0.4962660074234009
v 0.0 0.49932003021240234 0.45897001028060913
v 0.0 0.49932003021240234 0.45897001028060913
v 0.0 0.7459499835968018 0.4555779993534088
v -0.17299099266529083 0.7459499835968018 0.49287399649620056
v -1.0000900030136108 0.264490008354187 -0.18815700709819794
v -0.9972270131111145 0.2426600456237793 -0.11264500021934509
v -1.0 0.5416200160980225 -0.1677660048007965
v -1.0 0.5416200160980225 -0.1677660048007965
v -1.0 0.49748003482818604 -0.4276210069656372
v -1.002959966659546 0.29728996753692627 -0.29796499013900757
v -1.0000900030136108 0.264490008354187 -0.18815700709819794
v -1.0 0.5416200160980225 -0.1677660048007965
v -1.002959966659546 0.29728996753692627 -0.29796499013900757
v -0.27358299493789673 0.6542600393295288 -0.6791859865188599
v 0.0 0.6550300121307373 -0.6613839864730835
v 0.0 0.4062000513076782 -0.6662930250167847
v 0.0 0.4062000513076782 -0.6662930250167847
v -0.2803820073604584 0.2702599763870239 -0.688273012638092
v -0.27358299493789673 0.6542600393295288 -0.6791859865188599
v -0.20924000442028046 0.47032999992370605 0.4962660074234009
v -0.2034119963645935 0.23124003410339355 0.40956100821495056
v 0.0 0.2532600164413452 0.3909130096435547
v 0.0 0.2532600164413452 0.3909130096435547
v 0.0 0.49932003021240234 0.45897001028060913
v -0.20924000442028046 0.47032999992370605 0.4962660074234009
v -1.002959966659546 0.29728996753692627 -0.29796499013900757
v -0.8476439714431763 0.28436005115509033 -0.41868799924850464
v -0.8023380041122437 0.19544005393981934 -0.30094701051712036
v -0.8023380041122437 0.19544005393981934 -0.30094701051712036
v -1.0000900030136108 0.264490008354187 -0.18815700709819794
v -1.002959966659546 0.29728996753692627 -0.29796499013900757
v -0.2803820073604584 0.2702599763870239 -0.688273012638092
v 0.0 0.4062000513076782 -0.6662930250167847
v 0.0 0.33942997455596924 -0.6248469948768616
v 0.0 0.33942997455596924 -0.6248469948768616
v -0.3207620084285736 0.19391000270843506 -0.5993549823760986
v -0.2803820073604584 0.2702599763870239 -0.688273012638092
v -0.8477479815483093 0.8374799489974976 -0.45035699009895325
v -0.8283560276031494 0.9191800355911255 -0.32830899953842163
v -0.656711995601654 0.9707900285720825 -0.36762601137161255
v -0.656711995601654 0.9707900285720825 -0.36762601137161255
v -0.6395180225372314 0.898360013961792 -0.5
v -0.8477479815483093 0.8374799489974976 -0.45035699009895325
v -0.751052975654602 0.6705299615859985 0.4323990046977997
v -0.7637749910354614 0.28551995754241943 0.4050160050392151
v -0.5275499820709229 0.3456900119781494 0.4962660074234009
v -0.5275499820709229 0.3456900119781494 0.4962660074234009
v -0.5143939852714539 0.7459499835968018 0.49287399649620056
v -0.751052975654602 0.6705299615859985 0.4323990046977997
v -0.6729030013084412 0.1660599708557129 0.35206401348114014
v -0.46548500657081604 0.179129958152771 0.42216500639915466
v -0.5275499820709229 0.3456900119781494 0.4962660074234009
v -0.5275499820709229 0.3456900119781494 0.4962660074234009
v -0.7637749910354614 0.28551995754241943 0.4050160050392151
v -0.6729030013084412 0.1660599708557129 0.35206401348114014
v -0.4648439884185791 -0.5591800212860107 0.22497999668121338
v -0.5335519909858704 -0.7435399889945984 0.3528960049152374
v -0.4061869978904724 -0.7342599630355835 0.3868989944458008
v -0.4061869978904724 -0.7342599630355835 0.3868989944458008
v -0.3563219904899597 -0.5593999624252319 0.2960689961910248
v -0.4648439884185791 -0.5591800212860107 0.22497999668121338
v -0.5876340270042419 -1.0 -0.4046980142593384
v -0.30842500925064087 -1.0 -0.40011000633239746
v -0.412557989358902 -1.0 -0.20658700168132782
v -0.412557989358902 -1.0 -0.20658700168132782
v -0.7390689849853516 -1.0 -0.24025100469589233
v -0.5876340270042419 -1.0 -0.4046980142593384
v -0.5571479797363281 -0.7971400022506714 -0.40182098746299744
v -0.5185999870300293 -0.557420015335083 -0.36520299315452576
v -0.3934270143508911 -0.5569700002670288 -0.4623740017414093
v -0.3934270143508911 -0.5569700002670288 -0.4623740017414093
v -0.34711599349975586 -0.8207200169563293 -0.4520510137081146
v -0.5571479797363281 -0.7971400022506714 -0.40182098746299744
v -0.6017169952392578 0.14838004112243652 -0.33822500705718994
v -0.8023380041122437 0.19544005393981934 -0.30094701051712036
v -0.8476439714431763 0.28436005115509033 -0.41868799924850464
v -0.8476439714431763 0.28436005115509033 -0.41868799924850464
v -0.6284520030021667 0.23875999450683594 -0.638625979423523
v -0.6017169952392578 0.14838004112243652 -0.33822500705718994
v -0.6284520030021667 0.23875999450683594 -0.638625979423523
v -0.8476439714431763 0.28436005115509033 -0.41868799924850464
v -0.8681929707527161 0.5546499490737915 -0.5370280146598816
v -0.8681929707527161 0.5546499490737915 -0.5370280146598816
v -0.6400330066680908 0.6200200319290161 -0.6226279735565186
v -0.6284520030021667 0.23875999450683594 -0.638625979423523
v -0.21321800351142883 -1.0 -0.011698000133037567
v 0.0 -1.0 -0.011698000133037567
v 0.0 -1.0 0.22583000361919403
v 0.0 -1.0 0.22583000361919403
v -0.21321800351142883 -1.0 0.22583000361919403
v -0.21321800351142883 -1.0 -0.011698000133037567
v -0.761372983455658 -1.0 0.13472899794578552
v -0.7774869799613953 -1.0 -0.015022000297904015
v -0.412557989358902 -1.0 -0.011698000133037567
v -0.412557989358902 -1.0 -0.011698000133037567
v -0.412557989358902 -1.0 0.22583000361919403
v -0.761372983455658 -1.0 0.13472899794578552
v -0.6265259981155396 -0.5585800409317017 0.040846001356840134
v -0.6526640057563782 -0.5582000017166138 -0.08172500133514404
v -0.7443069815635681 -0.7695900201797485 -0.030292000621557236
v -0.7443069815635681 -0.7695900201797485 -0.030292000621557236
v -0.7294530272483826 -0.7679799795150757 0.11063600331544876
v -0.6265259981155396 -0.5585800409317017 0.040846001356840134
v -0.9061980247497559 0.004709959030151367 0.11153800040483475
v -1.0 0.24466001987457275 0.16884399950504303
v -0.9985929727554321 0.21842002868652344 0.026016000658273697
v -0.9985929727554321 0.21842002868652344 0.026016000658273697
v -0.924767017364502 0.003489971160888672 -0.018424000591039658
v -0.9061980247497559 0.004709959030151367 0.11153800040483475
v -1.0 0.24466001987457275 0.16884399950504303
v -1.0 0.5416200160980225 0.1663990020751953
v -1.0 0.5416200160980225 0.007321999873965979
v -1.0 0.5416200160980225 0.007321999873965979
v -0.9985929727554321 0.21842002868652344 0.026016000658273697
v -1.0 0.24466001987457275 0.16884399950504303
v -0.8283560276031494 0.9191800355911255 0.32320499420166016
v -0.656711995601654 0.9707900285720825 0.3613649904727936
v -0.656711995601654 0.9972900152206421 0.01228999998420477
v -0.656711995601654 0.9972900152206421 0.01228999998420477
v -0.8283560276031494 0.9633200168609619 0.005375999957323074
v -0.8283560276031494 0.9191800355911255 0.32320499420166016
v -0.3028930127620697 1.004930019378662 0.4033220112323761
v 0.0 1.004930019378662 0.402972012758255
v 0.0 1.004930019378662 -0.011824999935925007
v 0.0 1.004930019378662 -0.011824999935925007
v -0.4196789860725403 1.004930019378662 0.0006380000268109143
v -0.3028930127620697 1.004930019378662 0.4033220112323761
v -0.21321800351142883 -1.0 0.22583000361919403
v 0.0 -1.0 0.22583000361919403
v 0.0 -1.0 0.40640199184417725
v 0.0 -1.0 0.40640199184417725
v -0.21321800351142883 -1.0 0.40640199184417725
v -0.21321800351142883 -1.0 0.22583000361919403
v -0.5513550043106079 -1.0 0.3764919936656952
v -0.412557989358902 -1.0 0.22583000361919403
v -0.412557989358902 -1.0 0.40640199184417725
v -0.5364360213279724 -0.5589599609375 0.15389199554920197
v -0.6265259981155396 -0.5585800409317017 0.040846001356840134
v -0.7294530272483826 -0.7679799795150757 0.11063600331544876
v -0.7294530272483826 -0.7679799795150757 0.11063600331544876
v -0.6268280148506165 -0.7528200149536133 0.26607000827789307
v -0.5364360213279724 -0.5589599609375 0.15389199554920197
v -0.8599280118942261 0.05771005153656006 0.24097399413585663
v -1.0 0.32002997398376465 0.33952200412750244
v -1.0 0.24466001987457275 0.16884399950504303
v -1.0 0.24466001987457275 0.16884399950504303
v -0.9061980247497559 0.004709959030151367 0.11153800040483475
v -0.8599280118942261 0.05771005153656006 0.24097399413585663
v -1.0 0.32002997398376465 0.33952200412750244
v -0.987712025642395 0.5780800580978394 0.3719240128993988
v -1.0 0.5416200160980225 0.1663990020751953
v -1.0 0.5416200160980225 0.1663990020751953
v -1.0 0.24466001987457275 0.16884399950504303
v -1.0 0.32002997398376465 0.33952200412750244
v -0.7519959807395935 0.8374799489974976 0.3902060091495514
v -0.5039910078048706 0.898360013961792 0.4651840031147003
v -0.656711995601654 0.9707900285720825 0.3613649904727936
v -0.656711995601654 0.9707900285720825 0.3613649904727936
v -0.8283560276031494 0.9191800355911255 0.32320499420166016
v -0.7519959807395935 0.8374799489974976 0.3902060091495514
v -0.170864999294281 0.898360013961792 0.4651840031147003
v 0.0 0.898360013961792 0.42788800597190857
v 0.0 1.004930019378662 0.402972012758255
v 0.0 1.004930019378662 0.402972012758255
v -0.3028930127620697 1.004930019378662 0.4033220112323761
v -0.170864999294281 0.898360013961792 0.4651840031147003
v 0.0 -0.925320029258728 -0.4816240072250366
v 0.0 -1.0 -0.4248499870300293
v -0.15940000116825104 -1.0 -0.3932499885559082
v -0.15940000116825104 -1.0 -0.3932499885559082
v -0.17788000404834747 -0.9220399856567383 -0.45173099637031555
v 0.0 -0.925320029258728 -0.4816240072250366
v -0.5876340270042419 -1.0 -0.4046980142593384
v -0.5738570094108582 -0.9083200097084045 -0.41409099102020264
v -0.3259100019931793 -0.9189800024032593 -0.4342769980430603
v -0.3259100019931793 -0.9189800024032593 -0.4342769980430603
v -0.30842500925064087 -1.0 -0.40011000633239746
v -0.5876340270042419 -1.0 -0.4046980142593384
v -0.7238389849662781 -0.8966699838638306 -0.2293969988822937
v -0.5738570094108582 -0.9083200097084045 -0.41409099102020264
v -0.5876340270042419 -1.0 -0.4046980142593384
v -0.5876340270042419 -1.0 -0.4046980142593384
v -0.7390689849853516 -1.0 -0.24025100469589233
v -0.7238389849662781 -0.8966699838638306 -0.2293969988822937
v -0.7774869799613953 -1.0 -0.015022000297904015
v -0.761372983455658 -1.0 0.13472899794578552
v -0.7469480037689209 -0.8951399922370911 0.12384100258350372
v -0.7469480037689209 -0.8951399922370911 0.12384100258350372
v -0.7624920010566711 -0.8958699703216553 -0.021922999992966652
v -0.7774869799613953 -1.0 -0.015022000297904015
v -0.6672859787940979 -1.0 0.3011699914932251
v -0.6490020155906677 -0.8882899880409241 0.29867398738861084
v -0.7469480037689209 -0.8951399922370911 0.12384100258350372
v -0.7469480037689209 -0.8951399922370911 0.12384100258350372
v -0.761372983455658 -1.0 0.13472899794578552
v -0.6672859787940979 -1.0 0.3011699914932251
v -0.5433099865913391 -0.8841000199317932 0.3791950047016144
v -0.5513550043106079 -1.0 0.3764919936656952
v -0.412557989358902 -1.0 0.40640199184417725
v -0.412557989358902 -1.0 0.40640199184417725
v -0.40967899560928345 -0.8799099922180176 0.410955011844635
v -0.5433099865913391 -0.8841000199317932 0.3791950047016144
v -0.2117300033569336 -0.8799099922180176 0.410955011844635
v -0.21321800351142883 -1.0 0.40640199184417725
v 0.0 -1.0 0.40640199184417725
v 0.0 -1.0 0.40640199184417725
v 0.0 -0.8799099922180176 0.410955011844635
v -0.2117300033569336 -0.8799099922180176 0.410955011844635
v -0.19758400321006775 -0.007839977741241455 0.32285499572753906
v -0.19336000084877014 -0.268809974193573 0.2703549861907959
v 0.0 -0.268809974193573 0.2703549861907959
v 0.0 -0.268809974193573 0.2703549861907959
v 0.0 0.0072100162506103516 0.32285499572753906
v -0.19758400321006775 -0.007839977741241455 0.32285499572753906
v -0.5020679831504822 -0.058510005474090576 0.2525170147418976
v -0.49035999178886414 -0.288100004196167 0.19978100061416626
v -0.37413400411605835 -0.268809974193573 0.2703549861907959
v -0.37413400411605835 -0.268809974193573 0.2703549861907959
v -0.3823069930076599 -0.04408997297286987 0.32285499572753906
v -0.5020679831504822 -0.058510005474090576 0.2525170147418976
v -0.6265559792518616 -0.3073999881744385 0.12920600175857544
v -0.621828019618988 -0.06102997064590454 0.18217800557613373
v -0.787697970867157 -0.08820998668670654 0.07318799942731857
v -0.787697970867157 -0.08820998668670654 0.07318799942731857
v -0.71635502576828 -0.28689998388290405 0.04184500128030777
v -0.6265559792518616 -0.3073999881744385 0.12920600175857544
v -0.787697970867157 -0.08820998668670654 0.07318799942731857
v -0.812483012676239 -0.08107000589370728 -0.05038600042462349
v -0.744284987449646 -0.26534998416900635 -0.08141399919986725
v -0.744284987449646 -0.26534998416900635 -0.08141399919986725
v -0.71635502576828 -0.28689998388290405 0.04184500128030777
v -0.787697970867157 -0.08820998668670654 0.07318799942731857
v -0.7452070116996765 -0.060289978981018066 -0.1863979995250702
v -0.6017169952392578 0.14838004112243652 -0.33822500705718994
v -0.6022650003433228 -0.2216699719429016 -0.3639639914035797
v -0.6022650003433228 -0.2216699719429016 -0.3639639914035797
v -0.7094950079917908 -0.24163997173309326 -0.22658100724220276
v -0.7452070116996765 -0.060289978981018066 -0.1863979995250702
v -0.6017169952392578 0.14838004112243652 -0.33822500705718994
v -0.4193980097770691 0.1594099998474121 -0.4611620008945465
v -0.4527519941329956 -0.19655001163482666 -0.4939750134944916
v -0.4527519941329956 -0.19655001163482666 -0.4939750134944916
v -0.6022650003433228 -0.2216699719429016 -0.3639639914035797
v -0.6017169952392578 0.14838004112243652 -0.33822500705718994
v -0.3207620084285736 0.19391000270843506 -0.5993549823760986
v 0.0 0.33942997455596924 -0.6248469948768616
v 0.0 -0.19655001163482666 -0.6323599815368652
v 0.0 -0.19655001163482666 -0.6323599815368652
v -0.35839399695396423 -0.19655001163482666 -0.6082800030708313
v -0.3207620084285736 0.19391000270843506 -0.5993549823760986
v 0.0 0.8451399803161621 -0.5700749754905701
v 0.0 0.6550300121307373 -0.6613839864730835
v -0.27358299493789673 0.6542600393295288 -0.6791859865188599
v -0.27358299493789673 0.6542600393295288 -0.6791859865188599
v -0.26047199964523315 0.8906500339508057 -0.5705289840698242
v 0.0 0.8451399803161621 -0.5700749754905701
v -0.170864999294281 0.898360013961792 0.4651840031147003
v -0.17299099266529083 0.7459499835968018 0.49287399649620056
v 0.0 0.7459499835968018 0.4555779993534088
v 0.0 0.7459499835968018 0.4555779993534088
v 0.0 0.898360013961792 0.42788800597190857
v -0.170864999294281 0.898360013961792 0.4651840031147003
v -0.7519959807395935 0.8374799489974976 0.3902060091495514
v -0.751052975654602 0.6705299615859985 0.4323990046977997
v -0.5143939852714539 0.7459499835968018 0.49287399649620056
v -0.5143939852714539 0.7459499835968018 0.49287399649620056
v -0.5039910078048706 0.898360013961792 0.4651840031147003
v -0.7519959807395935 0.8374799489974976 0.3902060091495514
v -1.0 0.7737599611282349 0.3152279853820801
v -1.0 0.8826700448989868 0.16884399950504303
v -1.0 0.5416200160980225 0.1663990020751953
v -1.0 0.5416200160980225 0.1663990020751953
v -0.987712025642395 0.5780800580978394 0.3719240128993988
v -1.0 0.7737599611282349 0.3152279853820801
v -1.0 0.8826700448989868 0.16884399950504303
v -1.0 0.9015500545501709 -0.0015379999531432986
v -1.0 0.5416200160980225 0.007321999873965979
v -1.0 0.5416200160980225 0.007321999873965979
v -1.0 0.5416200160980225 0.1663990020751953
v -1.0 0.8826700448989868 0.16884399950504303
v -1.0 0.7777400016784668 -0.39802199602127075
v -1.0 0.49748003482818604 -0.4276210069656372
v -1.0 0.5416200160980225 -0.1677660048007965
v -1.0 0.5416200160980225 -0.1677660048007965
v -1.0 0.8826700448989868 -0.16694800555706024
v -1.0 0.7777400016784668 -0.39802199602127075
v -0.8477479815483093 0.8374799489974976 -0.45035699009895325
v -0.6395180225372314 0.898360013961792 -0.5
v -0.6400330066680908 0.6200200319290161 -0.6226279735565186
v -0.6400330066680908 0.6200200319290161 -0.6226279735565186
v -0.8681929707527161 0.5546499490737915 -0.5370280146598816
v -0.8477479815483093 0.8374799489974976 -0.45035699009895325
v -0.5185999870300293 -0.557420015335083 -0.36520299315452576
v -0.6022650003433228 -0.2216699719429016 -0.3639639914035797
v -0.4527519941329956 -0.19655001163482666 -0.4939750134944916
v -0.4527519941329956 -0.19655001163482666 -0.4939750134944916
v -0.3934270143508911 -0.5569700002670288 -0.4623740017414093
v -0.5185999870300293 -0.557420015335083 -0.36520299315452576
v -0.6022650003433228 -0.2216699719429016 -0.3639639914035797
v -0.5185999870300293 -0.557420015335083 -0.36520299315452576
v -0.6264399886131287 -0.5577800273895264 -0.2261350005865097
v -0.6264399886131287 -0.5577800273895264 -0.2261350005865097
v -0.7094950079917908 -0.24163997173309326 -0.22658100724220276
v -0.6022650003433228 -0.2216699719429016 -0.3639639914035797
v -0.6526640057563782 -0.5582000017166138 -0.08172500133514404
v -0.6265259981155396 -0.5585800409317017 0.040846001356840134
v -0.71635502576828 -0.28689998388290405 0.04184500128030777
v -0.71635502576828 -0.28689998388290405 0.04184500128030777
v -0.744284987449646 -0.26534998416900635 -0.08141399919986725
v -0.6526640057563782 -0.5582000017166138 -0.08172500133514404
v -0.6265259981155396 -0.5585800409317017 0.040846001356840134
v -0.5364360213279724 -0.5589599609375 0.15389199554920197
v -0.6265559792518616 -0.3073999881744385 0.12920600175857544
v -0.6265559792518616 -0.3073999881744385 0.12920600175857544
v -0.71635502576828 -0.28689998388290405 0.04184500128030777
v -0.6265259981155396 -0.5585800409317017 0.040846001356840134
v -0.37413400411605835 -0.268809974193573 0.2703549861907959
v -0.49035999178886414 -0.288100004196167 0.19978100061416626
v -0.4648439884185791 -0.5591800212860107 0.22497999668121338
v -0.4648439884185791 -0.5591800212860107 0.22497999668121338
v -0.3563219904899597 -0.5593999624252319 0.2960689961910248
v -0.37413400411605835 -0.268809974193573 0.2703549861907959
v -0.18415400385856628 -0.5593999624252319 0.2960689961910248
v 0.0 -0.5593999624252319 0.2960689961910248
v 0.0 -0.268809974193573 0.2703549861907959
v 0.0 -0.268809974193573 0.2703549861907959
v -0.19336000084877014 -0.268809974193573 0.2703549861907959
v -0.18415400385856628 -0.5593999624252319 0.2960689961910248
v 0.0 -0.19655001163482666 -0.6323599815368652
v 0.0 -0.5569700002670288 -0.5991470217704773
v -0.30962100625038147 -0.5569700002670288 -0.5752630233764648
v -0.30962100625038147 -0.5569700002670288 -0.5752630233764648
v -0.35839399695396423 -0.19655001163482666 -0.6082800030708313
v 0.0 -0.19655001163482666 -0.6323599815368652
v -0.42900198698043823 0.644279956817627 -0.6665109992027283
v -0.27358299493789673 0.6542600393295288 -0.6791859865188599
v -0.2803820073604584 0.2702599763870239 -0.688273012638092
v -0.2803820073604584 0.2702599763870239 -0.688273012638092
v -0.4334790110588074 0.2344299554824829 -0.6786810159683228
v -0.42900198698043823 0.644279956817627 -0.6665109992027283
v -0.42900198698043823 0.644279956817627 -0.6665109992027283
v -0.4499950110912323 0.916159987449646 -0.5362290143966675
v -0.26047199964523315 0.8906500339508057 -0.5705289840698242
v -0.26047199964523315 0.8906500339508057 -0.5705289840698242
v -0.27358299493789673 0.6542600393295288 -0.6791859865188599
v -0.42900198698043823 0.644279956817627 -0.6665109992027283
v -0.4499950110912323 0.916159987449646 -0.5362290143966675
v -0.4798020124435425 0.9878599643707275 -0.36911800503730774
v -0.3028930127620697 1.004930019378662 -0.39676401019096375
v -0.3028930127620697 1.004930019378662 -0.39676401019096375
v -0.26047199964523315 0.8906500339508057 -0.5705289840698242
v -0.4499950110912323 0.916159987449646 -0.5362290143966675
v -0.4798020124435425 0.9878599643707275 0.3496510088443756
v -0.3028930127620697 1.004930019378662 0.4033220112323761
v -0.4196789860725403 1.004930019378662 0.0006380000268109143
v -0.4196789860725403 1.004930019378662 0.0006380000268109143
v -0.538195013999939 1.0011100769042969 0.006463999859988689
v -0.4798020124435425 0.9878599643707275 0.3496510088443756
v -0.3673120141029358 0.898360013961792 0.4651840031147003
v -0.170864999294281 0.898360013961792 0.4651840031147003
v -0.3028930127620697 1.004930019378662 0.4033220112323761
v -0.3028930127620697 1.004930019378662 0.4033220112323761
v -0.4798020124435425 0.9878599643707275 0.3496510088443756
v -0.3673120141029358 0.898360013961792 0.4651840031147003
v -0.170864999294281 0.898360013961792 0.4651840031147003
v -0.3673120141029358 0.898360013961792 0.4651840031147003
v -0.34369200468063354 0.7459499835968018 0.49287399649620056
v -0.34369200468063354 0.7459499835968018 0.49287399649620056
v -0.17299099266529083 0.7459499835968018 0.49287399649620056
v -0.170864999294281 0.898360013961792 0.4651840031147003
v -0.34369200468063354 0.7459499835968018 0.49287399649620056
v -0.36839500069618225 0.40801000595092773 0.4962660074234009
v -0.20924000442028046 0.47032999992370605 0.4962660074234009
v -0.20924000442028046 0.47032999992370605 0.4962660074234009
v -0.17299099266529083 0.7459499835968018 0.49287399649620056
v -0.34369200468063354 0.7459499835968018 0.49287399649620056
v -0.36839500069618225 0.40801000595092773 0.4962660074234009
v -0.33444899320602417 0.20518994331359863 0.4158630073070526
v -0.2034119963645935 0.23124003410339355 0.40956100821495056
v -0.2034119963645935 0.23124003410339355 0.40956100821495056
v -0.20924000442028046 0.47032999992370605 0.4962660074234009
v -0.36839500069618225 0.40801000595092773 0.4962660074234009
v -0.3823069930076599 -0.04408997297286987 0.32285499572753906
v -0.37413400411605835 -0.268809974193573 0.2703549861907959
v -0.19336000084877014 -0.268809974193573 0.2703549861907959
v -0.19336000084877014 -0.268809974193573 0.2703549861907959
v -0.19758400321006775 -0.007839977741241455 0.32285499572753906
v -0.3823069930076599 -0.04408997297286987 0.32285499572753906
v -0.3563219904899597 -0.5593999624252319 0.2960689961910248
v -0.18415400385856628 -0.5593999624252319 0.2960689961910248
v -0.19336000084877014 -0.268809974193573 0.2703549861907959
v -0.19336000084877014 -0.268809974193573 0.2703549861907959
v -0.37413400411605835 -0.268809974193573 0.2703549861907959
v -0.3563219904899597 -0.5593999624252319 0.2960689961910248
v -0.3563219904899597 -0.5593999624252319 0.2960689961910248
v -0.4061869978904724 -0.7342599630355835 0.3868989944458008
v -0.20992499589920044 -0.7342599630355835 0.3868989944458008
v -0.20992499589920044 -0.7342599630355835 0.3868989944458008
v -0.18415400385856628 -0.5593999624252319 0.2960689961910248
v -0.3563219904899597 -0.5593999624252319 0.2960689961910248
v -0.40967899560928345 -0.8799099922180176 0.410955011844635
v -0.412557989358902 -1.0 0.40640199184417725
v -0.21321800351142883 -1.0 0.40640199184417725
v -0.21321800351142883 -1.0 0.40640199184417725
v -0.2117300033569336 -0.8799099922180176 0.410955011844635
v -0.40967899560928345 -0.8799099922180176 0.410955011844635
v -0.412557989358902 -1.0 0.22583000361919403
v -0.21321800351142883 -1.0 0.22583000361919403
v -0.21321800351142883 -1.0 0.40640199184417725
v -0.412557989358902 -1.0 0.40640199184417725
v -0.412557989358902 -1.0 0.22583000361919403
v -0.412557989358902 -1.0 -0.011698000133037567
v -0.21321800351142883 -1.0 -0.011698000133037567
v -0.21321800351142883 -1.0 0.22583000361919403
v -0.21321800351142883 -1.0 0.22583000361919403
v -0.412557989358902 -1.0 0.22583000361919403
v -0.412557989358902 -1.0 -0.011698000133037567
v -0.30842500925064087 -1.0 -0.40011000633239746
v -0.15940000116825104 -1.0 -0.3932499885559082
v -0.21321800351142883 -1.0 -0.18929000198841095
v -0.21321800351142883 -1.0 -0.18929000198841095
v -0.412557989358902 -1.0 -0.20658700168132782
v -0.30842500925064087 -1.0 -0.40011000633239746
v -0.30842500925064087 -1.0 -0.40011000633239746
v -0.3259100019931793 -0.9189800024032593 -0.4342769980430603
v -0.17788000404834747 -0.9220399856567383 -0.45173099637031555
v -0.17788000404834747 -0.9220399856567383 -0.45173099637031555
v -0.15940000116825104 -1.0 -0.3932499885559082
v -0.30842500925064087 -1.0 -0.40011000633239746
v -0.34711599349975586 -0.8207200169563293 -0.4520510137081146
v -0.3934270143508911 -0.5569700002670288 -0.4623740017414093
v -0.30962100625038147 -0.5569700002670288 -0.5752630233764648
v -0.30962100625038147 -0.5569700002670288 -0.5752630233764648
v -0.20029200613498688 -0.8274999856948853 -0.49899399280548096
v -0.34711599349975586 -0.8207200169563293 -0.4520510137081146
v -0.3934270143508911 -0.5569700002670288 -0.4623740017414093
v -0.4527519941329956 -0.19655001163482666 -0.4939750134944916
v -0.35839399695396423 -0.19655001163482666 -0.6082800030708313
v -0.35839399695396423 -0.19655001163482666 -0.6082800030708313
v -0.30962100625038147 -0.5569700002670288 -0.5752630233764648
v -0.3934270143508911 -0.5569700002670288 -0.4623740017414093
v -0.4193980097770691 0.1594099998474121 -0.4611620008945465
v -0.3207620084285736 0.19391000270843506 -0.5993549823760986
v -0.35839399695396423 -0.19655001163482666 -0.6082800030708313
v -0.35839399695396423 -0.19655001163482666 -0.6082800030708313
v -0.4527519941329956 -0.19655001163482666 -0.4939750134944916
v -0.4193980097770691 0.1594099998474121 -0.4611620008945465
v -1.0 0.5416200160980225 0.007321999873965979
v -1.0 0.5416200160980225 -0.1677660048007965
v -0.9972270131111145 0.2426600456237793 -0.11264500021934509
v -0.9972270131111145 0.2426600456237793 -0.11264500021934509
v -0.9985929727554321 0.21842002868652344 0.026016000658273697
v -1.0 0.5416200160980225 0.007321999873965979
v -0.9985929727554321 0.21842002868652344 0.026016000658273697
v -0.9972270131111145 0.2426600456237793 -0.11264500021934509
v -0.9105139970779419 0.049520015716552734 -0.14952099323272705
v -0.9105139970779419 0.049520015716552734 -0.14952099323272705
v -0.924767017364502 0.003489971160888672 -0.018424000591039658
v -0.9985929727554321 0.21842002868652344 0.026016000658273697
v -0.744284987449646 -0.26534998416900635 -0.08141399919986725
v -0.812483012676239 -0.08107000589370728 -0.05038600042462349
v -0.7452070116996765 -0.060289978981018066 -0.1863979995250702
v -0.7452070116996765 -0.060289978981018066 -0.1863979995250702
v -0.7094950079917908 -0.24163997173309326 -0.22658100724220276
v -0.744284987449646 -0.26534998416900635 -0.08141399919986725
v -0.6264399886131287 -0.5577800273895264 -0.2261350005865097
v -0.6526640057563782 -0.5582000017166138 -0.08172500133514404
v -0.744284987449646 -0.26534998416900635 -0.08141399919986725
v -0.744284987449646 -0.26534998416900635 -0.08141399919986725
v -0.7094950079917908 -0.24163997173309326 -0.22658100724220276
v -0.6264399886131287 -0.5577800273895264 -0.2261350005865097
v -0.6526640057563782 -0.5582000017166138 -0.08172500133514404
v -0.6264399886131287 -0.5577800273895264 -0.2261350005865097
v -0.7053689956665039 -0.7713599801063538 -0.2162339985370636
v -0.7053689956665039 -0.7713599801063538 -0.2162339985370636
v -0.7443069815635681 -0.7695900201797485 -0.030292000621557236
v -0.6526640057563782 -0.5582000017166138 -0.08172500133514404
v -0.7390689849853516 -1.0 -0.24025100469589233
v -0.7774869799613953 -1.0 -0.015022000297904015
v -0.7624920010566711 -0.8958699703216553 -0.021922999992966652
v -0.7624920010566711 -0.8958699703216553 -0.021922999992966652
v -0.7238389849662781 -0.8966699838638306 -0.2293969988822937
v -0.7390689849853516 -1.0 -0.24025100469589233
v -0.412557989358902 -1.0 -0.011698000133037567
v -0.7774869799613953 -1.0 -0.015022000297904015
v -0.7390689849853516 -1.0 -0.24025100469589233
v -0.7390689849853516 -1.0 -0.24025100469589233
v -0.412557989358902 -1.0 -0.20658700168132782
v -0.412557989358902 -1.0 -0.011698000133037567
v -0.412557989358902 -1.0 -0.011698000133037567
v -0.412557989358902 -1.0 -0.20658700168132782
v -0.21321800351142883 -1.0 -0.18929000198841095
v -0.21321800351142883 -1.0 -0.18929000198841095
v -0.21321800351142883 -1.0 -0.011698000133037567
v -0.412557989358902 -1.0 -0.011698000133037567
v -0.21321800351142883 -1.0 -0.18929000198841095
v 0.0 -1.0 -0.2123430073261261
v 0.0 -1.0 -0.011698000133037567
v -0.21321800351142883 -1.0 -0.18929000198841095
v -0.3028930127620697 1.004930019378662 -0.39676401019096375
v -0.4196789860725403 1.004930019378662 0.0006380000268109143
v 0.0 1.004930019378662 -0.011824999935925007
v 0.0 1.004930019378662 -0.011824999935925007
v 0.0 1.004930019378662 -0.3990829885005951
v -0.3028930127620697 1.004930019378662 -0.39676401019096375
v -0.4798020124435425 0.9878599643707275 -0.36911800503730774
v -0.538195013999939 1.0011100769042969 0.006463999859988689
v -0.4196789860725403 1.004930019378662 0.0006380000268109143
v -0.4196789860725403 1.004930019378662 0.0006380000268109143
v -0.3028930127620697 1.004930019378662 -0.39676401019096375
v -0.4798020124435425 0.9878599643707275 -0.36911800503730774
v -0.8283560276031494 0.9191800355911255 -0.32830899953842163
v -0.8283560276031494 0.9633200168609619 0.005375999957323074
v -0.656711995601654 0.9972900152206421 0.01228999998420477
v -0.656711995601654 0.9972900152206421 0.01228999998420477
v -0.656711995601654 0.9707900285720825 -0.36762601137161255
v -0.8283560276031494 0.9191800355911255 -0.32830899953842163
v -1.0 0.5416200160980225 0.007321999873965979
v -1.0 0.9015500545501709 -0.0015379999531432986
v -1.0 0.8826700448989868 -0.16694800555706024
v -1.0 0.8826700448989868 -0.16694800555706024
v -1.0 0.5416200160980225 -0.1677660048007965
v -1.0 0.5416200160980225 0.007321999873965979
v -0.8476439714431763 0.28436005115509033 -0.41868799924850464
v -1.002959966659546 0.29728996753692627 -0.29796499013900757
v -1.0 0.49748003482818604 -0.4276210069656372
v -1.0 0.49748003482818604 -0.4276210069656372
v -0.8681929707527161 0.5546499490737915 -0.5370280146598816
v -0.8476439714431763 0.28436005115509033 -0.41868799924850464
v -1.0 0.7777400016784668 -0.39802199602127075
v -0.8477479815483093 0.8374799489974976 -0.45035699009895325
v -0.8681929707527161 0.5546499490737915 -0.5370280146598816
v -0.8681929707527161 0.5546499490737915 -0.5370280146598816
v -1.0 0.49748003482818604 -0.4276210069656372
v -1.0 0.7777400016784668 -0.39802199602127075
v -1.0 0.7777400016784668 -0.39802199602127075
v -1.0 0.8826700448989868 -0.16694800555706024
v -0.8283560276031494 0.9191800355911255 -0.32830899953842163
v -0.8283560276031494 0.9191800355911255 -0.32830899953842163
v -0.8477479815483093 0.8374799489974976 -0.45035699009895325
v -1.0 0.7777400016784668 -0.39802199602127075
v -1.0 0.8826700448989868 -0.16694800555706024
v -1.0 0.9015500545501709 -0.0015379999531432986
v -0.8283560276031494 0.9633200168609619 0.005375999957323074
v -0.8283560276031494 0.9633200168609619 0.005375999957323074
v -0.8283560276031494 0.9191800355911255 -0.32830899953842163
v -1.0 0.8826700448989868 -0.16694800555706024
v -1.0 0.8826700448989868 0.16884399950504303
v -0.8283560276031494 0.9191800355911255 0.32320499420166016
v -0.8283560276031494 0.9633200168609619 0.005375999957323074
v -0.8283560276031494 0.9633200168609619 0.005375999957323074
v -1.0 0.9015500545501709 -0.0015379999531432986
v -1.0 0.8826700448989868 0.16884399950504303
v -1.0 0.7737599611282349 0.3152279853820801
v -0.7519959807395935 0.8374799489974976 0.3902060091495514
v -0.8283560276031494 0.9191800355911255 0.32320499420166016
v -0.8283560276031494 0.9191800355911255 0.32320499420166016
v -1.0 0.8826700448989868 0.16884399950504303
v -1.0 0.7737599611282349 0.3152279853820801
v -1.0 0.7737599611282349 0.3152279853820801
v -0.987712025642395 0.5780800580978394 0.3719240128993988
v -0.751052975654602 0.6705299615859985 0.4323990046977997
v -0.751052975654602 0.6705299615859985 0.4323990046977997
v -0.7519959807395935 0.8374799489974976 0.3902060091495514
v -1.0 0.7737599611282349 0.3152279853820801
v -0.987712025642395 0.5780800580978394 0.3719240128993988
v -1.0 0.32002997398376465 0.33952200412750244
v -0.7637749910354614 0.28551995754241943 0.4050160050392151
v -0.7637749910354614 0.28551995754241943 0.4050160050392151
v -0.751052975654602 0.6705299615859985 0.4323990046977997
v -0.987712025642395 0.5780800580978394 0.3719240128993988
v -0.8599280118942261 0.05771005153656006 0.24097399413585663
v -0.6729030013084412 0.1660599708557129 0.35206401348114014
v -0.7637749910354614 0.28551995754241943 0.4050160050392151
v -0.7637749910354614 0.28551995754241943 0.4050160050392151
v -1.0 0.32002997398376465 0.33952200412750244
v -0.8599280118942261 0.05771005153656006 0.24097399413585663
v -0.621828019618988 -0.06102997064590454 0.18217800557613373
v -0.6265559792518616 -0.3073999881744385 0.12920600175857544
v -0.49035999178886414 -0.288100004196167 0.19978100061416626
v -0.49035999178886414 -0.288100004196167 0.19978100061416626
v -0.5020679831504822 -0.058510005474090576 0.2525170147418976
v -0.621828019618988 -0.06102997064590454 0.18217800557613373
v -0.49035999178886414 -0.288100004196167 0.19978100061416626
v -0.6265559792518616 -0.3073999881744385 0.12920600175857544
v -0.5364360213279724 -0.5589599609375 0.15389199554920197
v -0.5364360213279724 -0.5589599609375 0.15389199554920197
v -0.4648439884185791 -0.5591800212860107 0.22497999668121338
v -0.49035999178886414 -0.288100004196167 0.19978100061416626
v -0.6268280148506165 -0.7528200149536133 0.26607000827789307
v -0.5335519909858704 -0.7435399889945984 0.3528960049152374
v -0.4648439884185791 -0.5591800212860107 0.22497999668121338
v -0.4648439884185791 -0.5591800212860107 0.22497999668121338
v -0.5364360213279724 -0.5589599609375 0.15389199554920197
v -0.6268280148506165 -0.7528200149536133 0.26607000827789307
v -0.6490020155906677 -0.8882899880409241 0.29867398738861084
v -0.6672859787940979 -1.0 0.3011699914932251
v -0.5513550043106079 -1.0 0.3764919936656952
v -0.5513550043106079 -1.0 0.3764919936656952
v -0.5433099865913391 -0.8841000199317932 0.3791950047016144
v -0.6490020155906677 -0.8882899880409241 0.29867398738861084
v -0.6672859787940979 -1.0 0.3011699914932251
v -0.761372983455658 -1.0 0.13472899794578552
v -0.412557989358902 -1.0 0.22583000361919403
v -0.412557989358902 -1.0 0.22583000361919403
v -0.5513550043106079 -1.0 0.3764919936656952
v -0.6672859787940979 -1.0 0.3011699914932251
v -0.8023380041122437 0.19544005393981934 -0.30094701051712036
v -0.6017169952392578 0.14838004112243652 -0.33822500705718994
v -0.7452070116996765 -0.060289978981018066 -0.1863979995250702
v -0.7452070116996765 -0.060289978981018066 -0.1863979995250702
v -0.9105139970779419 0.049520015716552734 -0.14952099323272705
v -0.8023380041122437 0.19544005393981934 -0.30094701051712036
v -0.812483012676239 -0.08107000589370728 -0.05038600042462349
v -0.924767017364502 0.003489971160888672 -0.018424000591039658
v -0.9105139970779419 0.049520015716552734 -0.14952099323272705
v -0.9105139970779419 0.049520015716552734 -0.14952099323272705
v -0.7452070116996765 -0.060289978981018066 -0.1863979995250702
v -0.812483012676239 -0.08107000589370728 -0.05038600042462349
v -0.787697970867157 -0.08820998668670654 0.07318799942731857
v -0.9061980247497559 0.004709959030151367 0.11153800040483475
v -0.924767017364502 0.003489971160888672 -0.018424000591039658
v -0.924767017364502 0.003489971160888672 -0.018424000591039658
v -0.812483012676239 -0.08107000589370728 -0.05038600042462349
v -0.787697970867157 -0.08820998668670654 0.07318799942731857
v -0.787697970867157 -0.08820998668670654 0.07318799942731857
v -0.621828019618988 -0.06102997064590454 0.18217800557613373
v -0.8599280118942261 0.05771005153656006 0.24097399413585663
v -0.8599280118942261 0.05771005153656006 0.24097399413585663
v -0.9061980247497559 0.004709959030151367 0.11153800040483475
v -0.787697970867157 -0.08820998668670654 0.07318799942731857
v -0.621828019618988 -0.06102997064590454 0.18217800557613373
v -0.5020679831504822 -0.058510005474090576 0.2525170147418976
v -0.6729030013084412 0.1660599708557129 0.35206401348114014
v -0.6729030013084412 0.1660599708557129 0.35206401348114014
v -0.8599280118942261 0.05771005153656006 0.24097399413585663
v -0.621828019618988 -0.06102997064590454 0.18217800557613373
v -0.5020679831504822 -0.058510005474090576 0.2525170147418976
v -0.3823069930076599 -0.04408997297286987 0.32285499572753906
v -0.46548500657081604 0.179129958152771 0.42216500639915466
v -0.46548500657081604 0.179129958152771 0.42216500639915466
v -0.6729030013084412 0.1660599708557129 0.35206401348114014
v -0.5020679831504822 -0.058510005474090576 0.2525170147418976
v -0.19758400321006775 -0.007839977741241455 0.32285499572753906
v -0.2034119963645935 0.23124003410339355 0.40956100821495056
v -0.33444899320602417 0.20518994331359863 0.4158630073070526
v -0.2034119963645935 0.23124003410339355 0.40956100821495056
v -0.19758400321006775 -0.007839977741241455 0.32285499572753906
v 0.0 0.0072100162506103516 0.32285499572753906
v 0.0 0.0072100162506103516 0.32285499572753906
v 0.0 0.2532600164413452 0.3909130096435547
v -0.2034119963645935 0.23124003410339355 0.40956100821495056
v -1.0000900030136108 0.264490008354187 -0.18815700709819794
v -0.8023380041122437 0.19544005393981934 -0.30094701051712036
v -0.9105139970779419 0.049520015716552734 -0.14952099323272705
v -0.9105139970779419 0.049520015716552734 -0.14952099323272705
v -0.9972270131111145 0.2426600456237793 -0.11264500021934509
v -1.0000900030136108 0.264490008354187 -0.18815700709819794
v -0.3207620084285736 0.19391000270843506 -0.5993549823760986
v -0.4193980097770691 0.1594099998474121 -0.4611620008945465
v -0.4334790110588074 0.2344299554824829 -0.6786810159683228
v -0.4334790110588074 0.2344299554824829 -0.6786810159683228
v -0.2803820073604584 0.2702599763870239 -0.688273012638092
v -0.3207620084285736 0.19391000270843506 -0.5993549823760986
v -0.6284520030021667 0.23875999450683594 -0.638625979423523
v -0.4334790110588074 0.2344299554824829 -0.6786810159683228
v -0.4193980097770691 0.1594099998474121 -0.4611620008945465
v -0.4193980097770691 0.1594099998474121 -0.4611620008945465
v -0.6017169952392578 0.14838004112243652 -0.33822500705718994
v -0.6284520030021667 0.23875999450683594 -0.638625979423523
v -0.6400330066680908 0.6200200319290161 -0.6226279735565186
v -0.42900198698043823 0.644279956817627 -0.6665109992027283
v -0.4334790110588074 0.2344299554824829 -0.6786810159683228
v -0.4334790110588074 0.2344299554824829 -0.6786810159683228
v -0.6284520030021667 0.23875999450683594 -0.638625979423523
v -0.6400330066680908 0.6200200319290161 -0.6226279735565186
v -0.6400330066680908 0.6200200319290161 -0.6226279735565186
v -0.6395180225372314 0.898360013961792 -0.5
v -0.4499950110912323 0.916159987449646 -0.5362290143966675
v -0.4499950110912323 0.916159987449646 -0.5362290143966675
v -0.42900198698043823 0.644279956817627 -0.6665109992027283
v -0.6400330066680908 0.6200200319290161 -0.6226279735565186
v -0.6395180225372314 0.898360013961792 -0.5
v -0.656711995601654 0.9707900285720825 -0.36762601137161255
v -0.4798020124435425 0.9878599643707275 -0.36911800503730774
v -0.4798020124435425 0.9878599643707275 -0.36911800503730774
v -0.4499950110912323 0.916159987449646 -0.5362290143966675
v -0.6395180225372314 0.898360013961792 -0.5
v -0.656711995601654 0.9707900285720825 -0.36762601137161255
v -0.656711995601654 0.9972900152206421 0.01228999998420477
v -0.538195013999939 1.0011100769042969 0.006463999859988689
v -0.538195013999939 1.0011100769042969 0.006463999859988689
v -0.4798020124435425 0.9878599643707275 -0.36911800503730774
v -0.656711995601654 0.9707900285720825 -0.36762601137161255
v -0.656711995601654 0.9707900285720825 0.3613649904727936
v -0.4798020124435425 0.9878599643707275 0.3496510088443756
v -0.538195013999939 1.0011100769042969 0.006463999859988689
v -0.538195013999939 1.0011100769042969 0.006463999859988689
v -0.656711995601654 0.9972900152206421 0.01228999998420477
v -0.656711995601654 0.9707900285720825 0.3613649904727936
v -0.5039910078048706 0.898360013961792 0.4651840031147003
v -0.3673120141029358 0.898360013961792 0.4651840031147003
v -0.4798020124435425 0.9878599643707275 0.3496510088443756
v -0.4798020124435425 0.9878599643707275 0.3496510088443756
v -0.656711995601654 0.9707900285720825 0.3613649904727936
v -0.5039910078048706 0.898360013961792 0.4651840031147003
v -0.3673120141029358 0.898360013961792 0.4651840031147003
v -0.5039910078048706 0.898360013961792 0.4651840031147003
v -0.5143939852714539 0.7459499835968018 0.49287399649620056
v -0.5143939852714539 0.7459499835968018 0.49287399649620056
v -0.34369200468063354 0.7459499835968018 0.49287399649620056
v -0.3673120141029358 0.898360013961792 0.4651840031147003
v -0.5143939852714539 0.7459499835968018 0.49287399649620056
v -0.5275499820709229 0.3456900119781494 0.4962660074234009
v -0.36839500069618225 0.40801000595092773 0.4962660074234009
v -0.36839500069618225 0.40801000595092773 0.4962660074234009
v -0.34369200468063354 0.7459499835968018 0.49287399649620056
v -0.5143939852714539 0.7459499835968018 0.49287399649620056
v -0.5275499820709229 0.3456900119781494 0.4962660074234009
v -0.46548500657081604 0.179129958152771 0.42216500639915466
v -0.33444899320602417 0.20518994331359863 0.4158630073070526
v -0.33444899320602417 0.20518994331359863 0.4158630073070526
v -0.36839500069618225 0.40801000595092773 0.4962660074234009
v -0.5275499820709229 0.3456900119781494 0.4962660074234009
v -0.3823069930076599 -0.04408997297286987 0.32285499572753906
v -0.19758400321006775 -0.007839977741241455 0.32285499572753906
v -0.33444899320602417 0.20518994331359863 0.4158630073070526
v -0.33444899320602417 0.20518994331359863 0.4158630073070526
v -0.46548500657081604 0.179129958152771 0.42216500639915466
v -0.3823069930076599 -0.04408997297286987 0.32285499572753906
v -0.20992499589920044 -0.7342599630355835 0.3868989944458008
v -0.2117300033569336 -0.8799099922180176 0.410955011844635
v 0.0 -0.8799099922180176 0.410955011844635
v 0.0 -0.8799099922180176 0.410955011844635
v 0.0 -0.7342599630355835 0.3868989944458008
v -0.20992499589920044 -0.7342599630355835 0.3868989944458008
v -0.4061869978904724 -0.7342599630355835 0.3868989944458008
v -0.40967899560928345 -0.8799099922180176 0.410955011844635
v -0.2117300033569336 -0.8799099922180176 0.410955011844635
v -0.2117300033569336 -0.8799099922180176 0.410955011844635
v -0.20992499589920044 -0.7342599630355835 0.3868989944458008
v -0.4061869978904724 -0.7342599630355835 0.3868989944458008
v -0.5335519909858704 -0.7435399889945984 0.3528960049152374
v -0.5433099865913391 -0.8841000199317932 0.3791950047016144
v -0.40967899560928345 -0.8799099922180176 0.410955011844635
v -0.40967899560928345 -0.8799099922180176 0.410955011844635
v -0.4061869978904724 -0.7342599630355835 0.3868989944458008
v -0.5335519909858704 -0.7435399889945984 0.3528960049152374
v -0.6268280148506165 -0.7528200149536133 0.26607000827789307
v -0.6490020155906677 -0.8882899880409241 0.29867398738861084
v -0.5433099865913391 -0.8841000199317932 0.3791950047016144
v -0.5433099865913391 -0.8841000199317932 0.3791950047016144
v -0.5335519909858704 -0.7435399889945984 0.3528960049152374
v -0.6268280148506165 -0.7528200149536133 0.26607000827789307
v -0.7469480037689209 -0.8951399922370911 0.12384100258350372
v -0.6490020155906677 -0.8882899880409241 0.29867398738861084
v -0.6268280148506165 -0.7528200149536133 0.26607000827789307
v -0.6268280148506165 -0.7528200149536133 0.26607000827789307
v -0.7294530272483826 -0.7679799795150757 0.11063600331544876
v -0.7469480037689209 -0.8951399922370911 0.12384100258350372
v -0.7624920010566711 -0.8958699703216553 -0.021922999992966652
v -0.7469480037689209 -0.8951399922370911 0.12384100258350372
v -0.7294530272483826 -0.7679799795150757 0.11063600331544876
v -0.7294530272483826 -0.7679799795150757 0.11063600331544876
v -0.7443069815635681 -0.7695900201797485 -0.030292000621557236
v -0.7624920010566711 -0.8958699703216553 -0.021922999992966652
v -0.7053689956665039 -0.7713599801063538 -0.2162339985370636
v -0.7238389849662781 -0.8966699838638306 -0.2293969988822937
v -0.7624920010566711 -0.8958699703216553 -0.021922999992966652
v -0.7624920010566711 -0.8958699703216553 -0.021922999992966652
v -0.7443069815635681 -0.7695900201797485 -0.030292000621557236
v -0.7053689956665039 -0.7713599801063538 -0.2162339985370636
v -0.5571479797363281 -0.7971400022506714 -0.40182098746299744
v -0.5738570094108582 -0.9083200097084045 -0.41409099102020264
v -0.7238389849662781 -0.8966699838638306 -0.2293969988822937
v -0.7238389849662781 -0.8966699838638306 -0.2293969988822937
v -0.7053689956665039 -0.7713599801063538 -0.2162339985370636
v -0.5571479797363281 -0.7971400022506714 -0.40182098746299744
v -0.5738570094108582 -0.9083200097084045 -0.41409099102020264
v -0.5571479797363281 -0.7971400022506714 -0.40182098746299744
v -0.34711599349975586 -0.8207200169563293 -0.4520510137081146
v -0.34711599349975586 -0.8207200169563293 -0.4520510137081146
v -0.3259100019931793 -0.9189800024032593 -0.4342769980430603
v -0.5738570094108582 -0.9083200097084045 -0.41409099102020264
v -0.3259100019931793 -0.9189800024032593 -0.4342769980430603
v -0.34711599349975586 -0.8207200169563293 -0.4520510137081146
v -0.20029200613498688 -0.8274999856948853 -0.49899399280548096
v -0.20029200613498688 -0.8274999856948853 -0.49899399280548096
v -0.17788000404834747 -0.9220399856567383 -0.45173099637031555
v -0.3259100019931793 -0.9189800024032593 -0.4342769980430603
v 0.0 -0.8347499966621399 -0.5268170237541199
v 0.0 -0.925320029258728 -0.4816240072250366
v -0.17788000404834747 -0.9220399856567383 -0.45173099637031555
v -0.17788000404834747 -0.9220399856567383 -0.45173099637031555
v -0.20029200613498688 -0.8274999856948853 -0.49899399280548096
v 0.0 -0.8347499966621399 -0.5268170237541199
v 0.6264399886131287 -0.5577800273895264 -0.2261350005865097
v 0.7053689956665039 -0.7713599801063538 -0.2162339985370636
v 0.5571479797363281 -0.7971400022506714 -0.40182098746299744
v 0.5571479797363281 -0.7971400022506714 -0.40182098746299744
v 0.5185999870300293 -0.557420015335083 -0.36520299315452576
v 0.6264399886131287 -0.5577800273895264 -0.2261350005865097
v 0.20029200613498688 -0.8274999856948853 -0.49899399280548096
v 0.0 -0.8347499966621399 -0.5268170237541199
v 0.0 -0.5569700002670288 -0.5991470217704773
v 0.0 -0.5569700002670288 -0.5991470217704773
v 0.30962100625038147 -0.5569700002670288 -0.5752630233764648
v 0.20029200613498688 -0.8274999856948853 -0.49899399280548096
v 0.26047199964523315 0.8906500339508057 -0.5705289840698242
v 0.0 0.8451399803161621 -0.5700749754905701
v 0.0 1.004930019378662 -0.3990829885005951
v 0.0 1.004930019378662 -0.3990829885005951
v 0.3028930127620697 1.004930019378662 -0.39676401019096375
v 0.26047199964523315 0.8906500339508057 -0.5705289840698242
v 0.18415400385856628 -0.5593999624252319 0.2960689961910248
v 0.0 -0.5593999624252319 0.2960689961910248
v 0.0 -0.7342599630355835 0.3868989944458008
v 0.0 -0.7342599630355835 0.3868989944458008
v 0.20992499589920044 -0.7342599630355835 0.3868989944458008
v 0.18415400385856628 -0.5593999624252319 0.2960689961910248
v 0.0 -1.0 -0.2123430073261261
v 0.0 -1.0 -0.4248499870300293
v 0.15940000116825104 -1.0 -0.3932499885559082
v 0.15940000116825104 -1.0 -0.3932499885559082
v 0.21321800351142883 -1.0 -0.18929000198841095
v 0.0 -1.0 -0.2123430073261261
v 0.17299099266529083 0.7459499835968018 0.49287399649620056
v 0.0 0.7459499835968018 0.4555779993534088
v 0.0 0.49932003021240234 0.45897001028060913
v 0.0 0.49932003021240234 0.45897001028060913
v 0.20924000442028046 0.47032999992370605 0.4962660074234009
v 0.17299099266529083 0.7459499835968018 0.49287399649620056
v 1.0 0.49748003482818604 -0.4276210069656372
v 1.0 0.5416200160980225 -0.1677660048007965
v 0.9972270131111145 0.2426600456237793 -0.11264500021934509
v 1.0 0.49748003482818604 -0.4276210069656372
v 0.9972270131111145 0.2426600456237793 -0.11264500021934509
v 1.0000900030136108 0.264490008354187 -0.18815700709819794
v 1.0 0.49748003482818604 -0.4276210069656372
v 1.0000900030136108 0.264490008354187 -0.18815700709819794
v 1.002959966659546 0.29728996753692627 -0.29796499013900757
v 0.27358299493789673 0.6542600393295288 -0.6791859865188599
v 0.2803820073604584 0.2702599763870239 -0.688273012638092
v 0.0 0.4062000513076782 -0.6662930250167847
v 0.0 0.4062000513076782 -0.6662930250167847
v 0.0 0.6550300121307373 -0.6613839864730835
v 0.27358299493789673 0.6542600393295288 -0.6791859865188599
v 0.20924000442028046 0.47032999992370605 0.4962660074234009
v 0.0 0.49932003021240234 0.45897001028060913
v 0.0 0.2532600164413452 0.3909130096435547
v 0.0 0.2532600164413452 0.3909130096435547
v 0.2034119963645935 0.23124003410339355 0.40956100821495056
v 0.20924000442028046 0.47032999992370605 0.4962660074234009
v 1.002959966659546 0.29728996753692627 -0.29796499013900757
v 1.0000900030136108 0.264490008354187 -0.18815700709819794
v 0.8023380041122437 0.19544005393981934 -0.30094701051712036
v 0.8023380041122437 0.19544005393981934 -0.30094701051712036
v 0.8476439714431763 0.28436005115509033 -0.41868799924850464
v 1.002959966659546 0.29728996753692627 -0.29796499013900757
v 0.2803820073604584 0.2702599763870239 -0.688273012638092
v 0.3207620084285736 0.19391000270843506 -0.5993549823760986
v 0.0 0.33942997455596924 -0.6248469948768616
v 0.0 0.33942997455596924 -0.6248469948768616
v 0.0 0.4062000513076782 -0.6662930250167847
v 0.2803820073604584 0.2702599763870239 -0.688273012638092
v 0.8477479815483093 0.8374799489974976 -0.45035699009895325
v 0.6395180225372314 0.898360013961792 -0.5
v 0.656711995601654 0.9707900285720825 -0.36762601137161255
v 0.656711995601654 0.9707900285720825 -0.36762601137161255
v 0.8283560276031494 0.9191800355911255 -0.32830899953842163
v 0.8477479815483093 0.8374799489974976 -0.45035699009895325
v 0.751052975654602 0.6705299615859985 0.4323990046977997
v 0.5143939852714539 0.7459499835968018 0.49287399649620056
v 0.5275499820709229 0.3456900119781494 0.4962660074234009
v 0.5275499820709229 0.3456900119781494 0.4962660074234009
v 0.7637749910354614 0.28551995754241943 0.4050160050392151
v 0.751052975654602 0.6705299615859985 0.4323990046977997
v 0.5275499820709229 0.3456900119781494 0.4962660074234009
v 0.46548500657081604 0.179129958152771 0.42216500639915466
v 0.6729030013084412 0.1660599708557129 0.35206401348114014
v 0.6729030013084412 0.1660599708557129 0.35206401348114014
v 0.7637749910354614 0.28551995754241943 0.4050160050392151
v 0.5275499820709229 0.3456900119781494 0.4962660074234009
v 0.4648439884185791 -0.5591800212860107 0.22497999668121338
v 0.3563219904899597 -0.5593999624252319 0.2960689961910248
v 0.4061869978904724 -0.7342599630355835 0.3868989944458008
v 0.4061869978904724 -0.7342599630355835 0.3868989944458008
v 0.5335519909858704 -0.7435399889945984 0.3528960049152374
v 0.4648439884185791 -0.5591800212860107 0.22497999668121338
v 0.412557989358902 -1.0 -0.20658700168132782
v 0.30842500925064087 -1.0 -0.40011000633239746
v 0.5876340270042419 -1.0 -0.4046980142593384
v 0.5876340270042419 -1.0 -0.4046980142593384
v 0.7390689849853516 -1.0 -0.24025100469589233
v 0.412557989358902 -1.0 -0.20658700168132782
v 0.5571479797363281 -0.7971400022506714 -0.40182098746299744
v 0.34711599349975586 -0.8207200169563293 -0.4520510137081146
v 0.3934270143508911 -0.5569700002670288 -0.4623740017414093
v 0.3934270143508911 -0.5569700002670288 -0.4623740017414093
v 0.5185999870300293 -0.557420015335083 -0.36520299315452576
v 0.5571479797363281 -0.7971400022506714 -0.40182098746299744
v 0.6017169952392578 0.14838004112243652 -0.33822500705718994
v 0.6284520030021667 0.23875999450683594 -0.638625979423523
v 0.8476439714431763 0.28436005115509033 -0.41868799924850464
v 0.8476439714431763 0.28436005115509033 -0.41868799924850464
v 0.8023380041122437 0.19544005393981934 -0.30094701051712036
v 0.6017169952392578 0.14838004112243652 -0.33822500705718994
v 0.6284520030021667 0.23875999450683594 -0.638625979423523
v 0.6400330066680908 0.6200200319290161 -0.6226279735565186
v 0.8681929707527161 0.5546499490737915 -0.5370280146598816
v 0.8681929707527161 0.5546499490737915 -0.5370280146598816
v 0.8476439714431763 0.28436005115509033 -0.41868799924850464
v 0.6284520030021667 0.23875999450683594 -0.638625979423523
v 0.0 -1.0 0.22583000361919403
v 0.0 -1.0 -0.011698000133037567
v 0.21321800351142883 -1.0 -0.011698000133037567
v 0.21321800351142883 -1.0 -0.011698000133037567
v 0.21321800351142883 -1.0 0.22583000361919403
v 0.0 -1.0 0.22583000361919403
v 0.412557989358902 -1.0 -0.011698000133037567
v 0.7774869799613953 -1.0 -0.015022000297904015
v 0.761372983455658 -1.0 0.13472899794578552
v 0.761372983455658 -1.0 0.13472899794578552
v 0.412557989358902 -1.0 0.22583000361919403
v 0.412557989358902 -1.0 -0.011698000133037567
v 0.7443069815635681 -0.7695900201797485 -0.030292000621557236
v 0.6526640057563782 -0.5582000017166138 -0.08172500133514404
v 0.6265259981155396 -0.5585800409317017 0.040846001356840134
v 0.6265259981155396 -0.5585800409317017 0.040846001356840134
v 0.7294530272483826 -0.7679799795150757 0.11063600331544876
v 0.7443069815635681 -0.7695900201797485 -0.030292000621557236
v 0.9061980247497559 0.004709959030151367 0.11153800040483475
v 0.924767017364502 0.003489971160888672 -0.018424000591039658
v 0.9985929727554321 0.21842002868652344 0.026016000658273697
v 0.9985929727554321 0.21842002868652344 0.026016000658273697
v 1.0 0.24466001987457275 0.16884399950504303
v 0.9061980247497559 0.004709959030151367 0.11153800040483475
v 1.0 0.24466001987457275 0.16884399950504303
v 0.9985929727554321 0.21842002868652344 0.026016000658273697
v 1.0 0.5416200160980225 0.007321999873965979
v 1.0 0.5416200160980225 0.007321999873965979
v 1.0 0.5416200160980225 0.1663990020751953
v 1.0 0.24466001987457275 0.16884399950504303
v 0.656711995601654 0.9972900152206421 0.01228999998420477
v 0.656711995601654 0.9707900285720825 0.3613649904727936
v 0.8283560276031494 0.9191800355911255 0.32320499420166016
v 0.8283560276031494 0.9191800355911255 0.32320499420166016
v 0.8283560276031494 0.9633200168609619 0.005375999957323074
v 0.656711995601654 0.9972900152206421 0.01228999998420477
v 0.0 1.004930019378662 -0.011824999935925007
v 0.0 1.004930019378662 0.402972012758255
v 0.3028930127620697 1.004930019378662 0.4033220112323761
v 0.3028930127620697 1.004930019378662 0.4033220112323761
v 0.4196789860725403 1.004930019378662 0.0006380000268109143
v 0.0 1.004930019378662 -0.011824999935925007
v 0.0 -1.0 0.40640199184417725
v 0.0 -1.0 0.22583000361919403
v 0.21321800351142883 -1.0 0.22583000361919403
v 0.21321800351142883 -1.0 0.22583000361919403
v 0.21321800351142883 -1.0 0.40640199184417725
v 0.5513550043106079 -1.0 0.3764919936656952
v 0.412557989358902 -1.0 0.40640199184417725
v 0.412557989358902 -1.0 0.22583000361919403
v 0.7294530272483826 -0.7679799795150757 0.11063600331544876
v 0.6265259981155396 -0.5585800409317017 0.040846001356840134
v 0.5364360213279724 -0.5589599609375 0.15389199554920197
v 0.5364360213279724 -0.5589599609375 0.15389199554920197
v 0.6268280148506165 -0.7528200149536133 0.26607000827789307
v 0.7294530272483826 -0.7679799795150757 0.11063600331544876
v 0.8599280118942261 0.05771005153656006 0.24097399413585663
v 0.9061980247497559 0.004709959030151367 0.11153800040483475
v 1.0 0.24466001987457275 0.16884399950504303
v 1.0 0.24466001987457275 0.16884399950504303
v 1.0 0.32002997398376465 0.33952200412750244
v 0.8599280118942261 0.05771005153656006 0.24097399413585663
v 1.0 0.32002997398376465 0.33952200412750244
v 1.0 0.24466001987457275 0.16884399950504303
v 1.0 0.5416200160980225 0.1663990020751953
v 1.0 0.5416200160980225 0.1663990020751953
v 0.987712025642395 0.5780800580978394 0.3719240128993988
v 1.0 0.32002997398376465 0.33952200412750244
v 0.656711995601654 0.9707900285720825 0.3613649904727936
v 0.5039910078048706 0.898360013961792 0.4651840031147003
v 0.7519959807395935 0.8374799489974976 0.3902060091495514
v 0.7519959807395935 0.8374799489974976 0.3902060091495514
v 0.8283560276031494 0.9191800355911255 0.32320499420166016
v 0.656711995601654 0.9707900285720825 0.3613649904727936
v 0.0 1.004930019378662 0.402972012758255
v 0.0 0.898360013961792 0.42788800597190857
v 0.170864999294281 0.898360013961792 0.4651840031147003
v 0.170864999294281 0.898360013961792 0.4651840031147003
v 0.3028930127620697 1.004930019378662 0.4033220112323761
v 0.0 1.004930019378662 0.402972012758255
v 0.15940000116825104 -1.0 -0.3932499885559082
v 0.0 -1.0 -0.4248499870300293
v 0.0 -0.925320029258728 -0.4816240072250366
v 0.0 -0.925320029258728 -0.4816240072250366
v 0.17788000404834747 -0.9220399856567383 -0.45173099637031555
v 0.15940000116825104 -1.0 -0.3932499885559082
v 0.3259100019931793 -0.9189800024032593 -0.4342769980430603
v 0.5738570094108582 -0.9083200097084045 -0.41409099102020264
v 0.5876340270042419 -1.0 -0.4046980142593384
v 0.5876340270042419 -1.0 -0.4046980142593384
v 0.30842500925064087 -1.0 -0.40011000633239746
v 0.3259100019931793 -0.9189800024032593 -0.4342769980430603
v 0.7238389849662781 -0.8966699838638306 -0.2293969988822937
v 0.7390689849853516 -1.0 -0.24025100469589233
v 0.5876340270042419 -1.0 -0.4046980142593384
v 0.5876340270042419 -1.0 -0.4046980142593384
v 0.5738570094108582 -0.9083200097084045 -0.41409099102020264
v 0.7238389849662781 -0.8966699838638306 -0.2293969988822937
v 0.7774869799613953 -1.0 -0.015022000297904015
v 0.7624920010566711 -0.8958699703216553 -0.021922999992966652
v 0.7469480037689209 -0.8951399922370911 0.12384100258350372
v 0.7469480037689209 -0.8951399922370911 0.12384100258350372
v 0.761372983455658 -1.0 0.13472899794578552
v 0.7774869799613953 -1.0 -0.015022000297904015
v 0.7469480037689209 -0.8951399922370911 0.12384100258350372
v 0.6490020155906677 -0.8882899880409241 0.29867398738861084
v 0.6672859787940979 -1.0 0.3011699914932251
v 0.6672859787940979 -1.0 0.3011699914932251
v 0.761372983455658 -1.0 0.13472899794578552
v 0.7469480037689209 -0.8951399922370911 0.12384100258350372
v 0.5433099865913391 -0.8841000199317932 0.3791950047016144
v 0.40967899560928345 -0.8799099922180176 0.410955011844635
v 0.412557989358902 -1.0 0.40640199184417725
v 0.412557989358902 -1.0 0.40640199184417725
v 0.5513550043106079 -1.0 0.3764919936656952
v 0.5433099865913391 -0.8841000199317932 0.3791950047016144
v 0.2117300033569336 -0.8799099922180176 0.410955011844635
v 0.0 -0.8799099922180176 0.410955011844635
v 0.0 -1.0 0.40640199184417725
v 0.0 -1.0 0.40640199184417725
v 0.21321800351142883 -1.0 0.40640199184417725
v 0.2117300033569336 -0.8799099922180176 0.410955011844635
v 0.19758400321006775 -0.007839977741241455 0.32285499572753906
v 0.0 0.0072100162506103516 0.32285499572753906
v 0.0 -0.268809974193573 0.2703549861907959
v 0.0 -0.268809974193573 0.2703549861907959
v 0.19336000084877014 -0.268809974193573 0.2703549861907959
v 0.19758400321006775 -0.007839977741241455 0.32285499572753906
v 0.37413400411605835 -0.268809974193573 0.2703549861907959
v 0.49035999178886414 -0.288100004196167 0.19978100061416626
v 0.5020679831504822 -0.058510005474090576 0.2525170147418976
v 0.5020679831504822 -0.058510005474090576 0.2525170147418976
v 0.3823069930076599 -0.04408997297286987 0.32285499572753906
v 0.37413400411605835 -0.268809974193573 0.2703549861907959
v 0.6265559792518616 -0.3073999881744385 0.12920600175857544
v 0.71635502576828 -0.28689998388290405 0.04184500128030777
v 0.787697970867157 -0.08820998668670654 0.07318799942731857
v 0.787697970867157 -0.08820998668670654 0.07318799942731857
v 0.621828019618988 -0.06102997064590454 0.18217800557613373
v 0.6265559792518616 -0.3073999881744385 0.12920600175857544
v 0.744284987449646 -0.26534998416900635 -0.08141399919986725
v 0.812483012676239 -0.08107000589370728 -0.05038600042462349
v 0.787697970867157 -0.08820998668670654 0.07318799942731857
v 0.787697970867157 -0.08820998668670654 0.07318799942731857
v 0.71635502576828 -0.28689998388290405 0.04184500128030777
v 0.744284987449646 -0.26534998416900635 -0.08141399919986725
v 0.7452070116996765 -0.060289978981018066 -0.1863979995250702
v 0.7094950079917908 -0.24163997173309326 -0.22658100724220276
v 0.6022650003433228 -0.2216699719429016 -0.3639639914035797
v 0.6022650003433228 -0.2216699719429016 -0.3639639914035797
v 0.6017169952392578 0.14838004112243652 -0.33822500705718994
v 0.7452070116996765 -0.060289978981018066 -0.1863979995250702
v 0.4527519941329956 -0.19655001163482666 -0.4939750134944916
v 0.4193980097770691 0.1594099998474121 -0.4611620008945465
v 0.6017169952392578 0.14838004112243652 -0.33822500705718994
v 0.6017169952392578 0.14838004112243652 -0.33822500705718994
v 0.6022650003433228 -0.2216699719429016 -0.3639639914035797
v 0.4527519941329956 -0.19655001163482666 -0.4939750134944916
v 0.3207620084285736 0.19391000270843506 -0.5993549823760986
v 0.35839399695396423 -0.19655001163482666 -0.6082800030708313
v 0.0 -0.19655001163482666 -0.6323599815368652
v 0.0 -0.19655001163482666 -0.6323599815368652
v 0.0 0.33942997455596924 -0.6248469948768616
v 0.3207620084285736 0.19391000270843506 -0.5993549823760986
v 0.27358299493789673 0.6542600393295288 -0.6791859865188599
v 0.0 0.6550300121307373 -0.6613839864730835
v 0.0 0.8451399803161621 -0.5700749754905701
v 0.0 0.8451399803161621 -0.5700749754905701
v 0.26047199964523315 0.8906500339508057 -0.5705289840698242
v 0.27358299493789673 0.6542600393295288 -0.6791859865188599
v 0.0 0.7459499835968018 0.4555779993534088
v 0.17299099266529083 0.7459499835968018 0.49287399649620056
v 0.170864999294281 0.898360013961792 0.4651840031147003
v 0.170864999294281 0.898360013961792 0.4651840031147003
v 0.0 0.898360013961792 0.42788800597190857
v 0.0 0.7459499835968018 0.4555779993534088
v 0.5143939852714539 0.7459499835968018 0.49287399649620056
v 0.751052975654602 0.6705299615859985 0.4323990046977997
v 0.7519959807395935 0.8374799489974976 0.3902060091495514
v 0.7519959807395935 0.8374799489974976 0.3902060091495514
v 0.5039910078048706 0.898360013961792 0.4651840031147003
v 0.5143939852714539 0.7459499835968018 0.49287399649620056
v 1.0 0.5416200160980225 0.1663990020751953
v 1.0 0.8826700448989868 0.16884399950504303
v 1.0 0.7737599611282349 0.3152279853820801
v 1.0 0.7737599611282349 0.3152279853820801
v 0.987712025642395 0.5780800580978394 0.3719240128993988
v 1.0 0.5416200160980225 0.1663990020751953
v 1.0 0.5416200160980225 0.007321999873965979
v 1.0 0.9015500545501709 -0.0015379999531432986
v 1.0 0.8826700448989868 0.16884399950504303
v 1.0 0.8826700448989868 0.16884399950504303
v 1.0 0.5416200160980225 0.1663990020751953
v 1.0 0.5416200160980225 0.007321999873965979
v 1.0 0.5416200160980225 -0.1677660048007965
v 1.0 0.49748003482818604 -0.4276210069656372
v 1.0 0.7777400016784668 -0.39802199602127075
v 1.0 0.7777400016784668 -0.39802199602127075
v 1.0 0.8826700448989868 -0.16694800555706024
v 1.0 0.5416200160980225 -0.1677660048007965
v 0.6400330066680908 0.6200200319290161 -0.6226279735565186
v 0.6395180225372314 0.898360013961792 -0.5
v 0.8477479815483093 0.8374799489974976 -0.45035699009895325
v 0.8477479815483093 0.8374799489974976 -0.45035699009895325
v 0.8681929707527161 0.5546499490737915 -0.5370280146598816
v 0.6400330066680908 0.6200200319290161 -0.6226279735565186
v 0.5185999870300293 -0.557420015335083 -0.36520299315452576
v 0.3934270143508911 -0.5569700002670288 -0.4623740017414093
v 0.4527519941329956 -0.19655001163482666 -0.4939750134944916
v 0.4527519941329956 -0.19655001163482666 -0.4939750134944916
v 0.6022650003433228 -0.2216699719429016 -0.3639639914035797
v 0.5185999870300293 -0.557420015335083 -0.36520299315452576
v 0.6264399886131287 -0.5577800273895264 -0.2261350005865097
v 0.5185999870300293 -0.557420015335083 -0.36520299315452576
v 0.6022650003433228 -0.2216699719429016 -0.3639639914035797
v 0.6022650003433228 -0.2216699719429016 -0.3639639914035797
v 0.7094950079917908 -0.24163997173309326 -0.22658100724220276
v 0.6264399886131287 -0.5577800273895264 -0.2261350005865097
v 0.6526640057563782 -0.5582000017166138 -0.08172500133514404
v 0.744284987449646 -0.26534998416900635 -0.08141399919986725
v 0.71635502576828 -0.28689998388290405 0.04184500128030777
v 0.71635502576828 -0.28689998388290405 0.04184500128030777
v 0.6265259981155396 -0.5585800409317017 0.040846001356840134
v 0.6526640057563782 -0.5582000017166138 -0.08172500133514404
v 0.6265259981155396 -0.5585800409317017 0.040846001356840134
v 0.71635502576828 -0.28689998388290405 0.04184500128030777
v 0.6265559792518616 -0.3073999881744385 0.12920600175857544
v 0.6265559792518616 -0.3073999881744385 0.12920600175857544
v 0.5364360213279724 -0.5589599609375 0.15389199554920197
v 0.6265259981155396 -0.5585800409317017 0.040846001356840134
v 0.37413400411605835 -0.268809974193573 0.2703549861907959
v 0.3563219904899597 -0.5593999624252319 0.2960689961910248
v 0.4648439884185791 -0.5591800212860107 0.22497999668121338
v 0.4648439884185791 -0.5591800212860107 0.22497999668121338
v 0.49035999178886414 -0.288100004196167 0.19978100061416626
v 0.37413400411605835 -0.268809974193573 0.2703549861907959
v 0.0 -0.268809974193573 0.2703549861907959
v 0.0 -0.5593999624252319 0.2960689961910248
v 0.18415400385856628 -0.5593999624252319 0.2960689961910248
v 0.18415400385856628 -0.5593999624252319 0.2960689961910248
v 0.19336000084877014 -0.268809974193573 0.2703549861907959
v 0.0 -0.268809974193573 0.2703549861907959
v 0.30962100625038147 -0.5569700002670288 -0.5752630233764648
v 0.0 -0.5569700002670288 -0.5991470217704773
v 0.0 -0.19655001163482666 -0.6323599815368652
v 0.0 -0.19655001163482666 -0.6323599815368652
v 0.35839399695396423 -0.19655001163482666 -0.6082800030708313
v 0.30962100625038147 -0.5569700002670288 -0.5752630233764648
v 0.42900198698043823 0.644279956817627 -0.6665109992027283
v 0.4334790110588074 0.2344299554824829 -0.6786810159683228
v 0.2803820073604584 0.2702599763870239 -0.688273012638092
v 0.2803820073604584 0.2702599763870239 -0.688273012638092
v 0.27358299493789673 0.6542600393295288 -0.6791859865188599
v 0.42900198698043823 0.644279956817627 -0.6665109992027283
v 0.42900198698043823 0.644279956817627 -0.6665109992027283
v 0.27358299493789673 0.6542600393295288 -0.6791859865188599
v 0.26047199964523315 0.8906500339508057 -0.5705289840698242
v 0.26047199964523315 0.8906500339508057 -0.5705289840698242
v 0.4499950110912323 0.916159987449646 -0.5362290143966675
v 0.42900198698043823 0.644279956817627 -0.6665109992027283
v 0.4499950110912323 0.916159987449646 -0.5362290143966675
v 0.26047199964523315 0.8906500339508057 -0.5705289840698242
v 0.3028930127620697 1.004930019378662 -0.39676401019096375
v 0.3028930127620697 1.004930019378662 -0.39676401019096375
v 0.4798020124435425 0.9878599643707275 -0.36911800503730774
v 0.4499950110912323 0.916159987449646 -0.5362290143966675
v 0.4196789860725403 1.004930019378662 0.0006380000268109143
v 0.3028930127620697 1.004930019378662 0.4033220112323761
v 0.4798020124435425 0.9878599643707275 0.3496510088443756
v 0.4798020124435425 0.9878599643707275 0.3496510088443756
v 0.538195013999939 1.0011100769042969 0.006463999859988689
v 0.4196789860725403 1.004930019378662 0.0006380000268109143
v 0.3028930127620697 1.004930019378662 0.4033220112323761
v 0.170864999294281 0.898360013961792 0.4651840031147003
v 0.3673120141029358 0.898360013961792 0.4651840031147003
v 0.3673120141029358 0.898360013961792 0.4651840031147003
v 0.4798020124435425 0.9878599643707275 0.3496510088443756
v 0.3028930127620697 1.004930019378662 0.4033220112323761
v 0.170864999294281 0.898360013961792 0.4651840031147003
v 0.17299099266529083 0.7459499835968018 0.49287399649620056
v 0.34369200468063354 0.7459499835968018 0.49287399649620056
v 0.34369200468063354 0.7459499835968018 0.49287399649620056
v 0.3673120141029358 0.898360013961792 0.4651840031147003
v 0.170864999294281 0.898360013961792 0.4651840031147003
v 0.34369200468063354 0.7459499835968018 0.49287399649620056
v 0.17299099266529083 0.7459499835968018 0.49287399649620056
v 0.20924000442028046 0.47032999992370605 0.4962660074234009
v 0.20924000442028046 0.47032999992370605 0.4962660074234009
v 0.36839500069618225 0.40801000595092773 0.4962660074234009
v 0.34369200468063354 0.7459499835968018 0.49287399649620056
v 0.36839500069618225 0.40801000595092773 0.4962660074234009
v 0.20924000442028046 0.47032999992370605 0.4962660074234009
v 0.2034119963645935 0.23124003410339355 0.40956100821495056
v 0.2034119963645935 0.23124003410339355 0.40956100821495056
v 0.33444899320602417 0.20518994331359863 0.4158630073070526
v 0.36839500069618225 0.40801000595092773 0.4962660074234009
v 0.3823069930076599 -0.04408997297286987 0.32285499572753906
v 0.19758400321006775 -0.007839977741241455 0.32285499572753906
v 0.19336000084877014 -0.268809974193573 0.2703549861907959
v 0.19336000084877014 -0.268809974193573 0.2703549861907959
v 0.37413400411605835 -0.268809974193573 0.2703549861907959
v 0.3823069930076599 -0.04408997297286987 0.32285499572753906
v 0.19336000084877014 -0.268809974193573 0.2703549861907959
v 0.18415400385856628 -0.5593999624252319 0.2960689961910248
v 0.3563219904899597 -0.5593999624252319 0.2960689961910248
v 0.3563219904899597 -0.5593999624252319 0.2960689961910248
v 0.37413400411605835 -0.268809974193573 0.2703549861907959
v 0.19336000084877014 -0.268809974193573 0.2703549861907959
v 0.3563219904899597 -0.5593999624252319 0.2960689961910248
v 0.18415400385856628 -0.5593999624252319 0.2960689961910248
v 0.20992499589920044 -0.7342599630355835 0.3868989944458008
v 0.20992499589920044 -0.7342599630355835 0.3868989944458008
v 0.4061869978904724 -0.7342599630355835 0.3868989944458008
v 0.3563219904899597 -0.5593999624252319 0.2960689961910248
v 0.40967899560928345 -0.8799099922180176 0.410955011844635
v 0.2117300033569336 -0.8799099922180176 0.410955011844635
v 0.21321800351142883 -1.0 0.40640199184417725
v 0.21321800351142883 -1.0 0.40640199184417725
v 0.412557989358902 -1.0 0.40640199184417725
v 0.40967899560928345 -0.8799099922180176 0.410955011844635
v 0.21321800351142883 -1.0 0.40640199184417725
v 0.21321800351142883 -1.0 0.22583000361919403
v 0.412557989358902 -1.0 0.22583000361919403
v 0.412557989358902 -1.0 0.22583000361919403
v 0.412557989358902 -1.0 0.40640199184417725
v 0.21321800351142883 -1.0 0.22583000361919403
v 0.21321800351142883 -1.0 -0.011698000133037567
v 0.412557989358902 -1.0 -0.011698000133037567
v 0.412557989358902 -1.0 -0.011698000133037567
v 0.412557989358902 -1.0 0.22583000361919403
v 0.21321800351142883 -1.0 0.22583000361919403
v 0.21321800351142883 -1.0 -0.18929000198841095
v 0.15940000116825104 -1.0 -0.3932499885559082
v 0.30842500925064087 -1.0 -0.40011000633239746
v 0.30842500925064087 -1.0 -0.40011000633239746
v 0.412557989358902 -1.0 -0.20658700168132782
v 0.21321800351142883 -1.0 -0.18929000198841095
v 0.30842500925064087 -1.0 -0.40011000633239746
v 0.15940000116825104 -1.0 -0.3932499885559082
v 0.17788000404834747 -0.9220399856567383 -0.45173099637031555
v 0.17788000404834747 -0.9220399856567383 -0.45173099637031555
v 0.3259100019931793 -0.9189800024032593 -0.4342769980430603
v 0.30842500925064087 -1.0 -0.40011000633239746
v 0.34711599349975586 -0.8207200169563293 -0.4520510137081146
v 0.20029200613498688 -0.8274999856948853 -0.49899399280548096
v 0.30962100625038147 -0.5569700002670288 -0.5752630233764648
v 0.30962100625038147 -0.5569700002670288 -0.5752630233764648
v 0.3934270143508911 -0.5569700002670288 -0.4623740017414093
v 0.34711599349975586 -0.8207200169563293 -0.4520510137081146
v 0.3934270143508911 -0.5569700002670288 -0.4623740017414093
v 0.30962100625038147 -0.5569700002670288 -0.5752630233764648
v 0.35839399695396423 -0.19655001163482666 -0.6082800030708313
v 0.35839399695396423 -0.19655001163482666 -0.6082800030708313
v 0.4527519941329956 -0.19655001163482666 -0.4939750134944916
v 0.3934270143508911 -0.5569700002670288 -0.4623740017414093
v 0.35839399695396423 -0.19655001163482666 -0.6082800030708313
v 0.3207620084285736 0.19391000270843506 -0.5993549823760986
v 0.4193980097770691 0.1594099998474121 -0.4611620008945465
v 0.4193980097770691 0.1594099998474121 -0.4611620008945465
v 0.4527519941329956 -0.19655001163482666 -0.4939750134944916
v 0.35839399695396423 -0.19655001163482666 -0.6082800030708313
v 0.9972270131111145 0.2426600456237793 -0.11264500021934509
v 1.0 0.5416200160980225 -0.1677660048007965
v 1.0 0.5416200160980225 0.007321999873965979
v 1.0 0.5416200160980225 0.007321999873965979
v 0.9985929727554321 0.21842002868652344 0.026016000658273697
v 0.9972270131111145 0.2426600456237793 -0.11264500021934509
v 0.9105139970779419 0.049520015716552734 -0.14952099323272705
v 0.9972270131111145 0.2426600456237793 -0.11264500021934509
v 0.9985929727554321 0.21842002868652344 0.026016000658273697
v 0.9985929727554321 0.21842002868652344 0.026016000658273697
v 0.924767017364502 0.003489971160888672 -0.018424000591039658
v 0.9105139970779419 0.049520015716552734 -0.14952099323272705
v 0.744284987449646 -0.26534998416900635 -0.08141399919986725
v 0.7094950079917908 -0.24163997173309326 -0.22658100724220276
v 0.7452070116996765 -0.060289978981018066 -0.1863979995250702
v 0.7452070116996765 -0.060289978981018066 -0.1863979995250702
v 0.812483012676239 -0.08107000589370728 -0.05038600042462349
v 0.744284987449646 -0.26534998416900635 -0.08141399919986725
v 0.744284987449646 -0.26534998416900635 -0.08141399919986725
v 0.6526640057563782 -0.5582000017166138 -0.08172500133514404
v 0.6264399886131287 -0.5577800273895264 -0.2261350005865097
v 0.6264399886131287 -0.5577800273895264 -0.2261350005865097
v 0.7094950079917908 -0.24163997173309326 -0.22658100724220276
v 0.744284987449646 -0.26534998416900635 -0.08141399919986725
v 0.7053689956665039 -0.7713599801063538 -0.2162339985370636
v 0.6264399886131287 -0.5577800273895264 -0.2261350005865097
v 0.6526640057563782 -0.5582000017166138 -0.08172500133514404
v 0.6526640057563782 -0.5582000017166138 -0.08172500133514404
v 0.7443069815635681 -0.7695900201797485 -0.030292000621557236
v 0.7053689956665039 -0.7713599801063538 -0.2162339985370636
v 0.7624920010566711 -0.8958699703216553 -0.021922999992966652
v 0.7774869799613953 -1.0 -0.015022000297904015
v 0.7390689849853516 -1.0 -0.24025100469589233
v 0.7390689849853516 -1.0 -0.24025100469589233
v 0.7238389849662781 -0.8966699838638306 -0.2293969988822937
v 0.7624920010566711 -0.8958699703216553 -0.021922999992966652
v 0.412557989358902 -1.0 -0.011698000133037567
v 0.412557989358902 -1.0 -0.20658700168132782
v 0.7390689849853516 -1.0 -0.24025100469589233
v 0.7390689849853516 -1.0 -0.24025100469589233
v 0.7774869799613953 -1.0 -0.015022000297904015
v 0.412557989358902 -1.0 -0.011698000133037567
v 0.412557989358902 -1.0 -0.011698000133037567
v 0.21321800351142883 -1.0 -0.011698000133037567
v 0.21321800351142883 -1.0 -0.18929000198841095
v 0.21321800351142883 -1.0 -0.18929000198841095
v 0.412557989358902 -1.0 -0.20658700168132782
v 0.412557989358902 -1.0 -0.011698000133037567
v 0.0 -1.0 -0.011698000133037567
v 0.0 -1.0 -0.2123430073261261
v 0.21321800351142883 -1.0 -0.18929000198841095
v 0.21321800351142883 -1.0 -0.18929000198841095
v 0.21321800351142883 -1.0 -0.011698000133037567
v 0.0 -1.0 -0.011698000133037567
v 0.0 1.004930019378662 -0.011824999935925007
v 0.4196789860725403 1.004930019378662 0.0006380000268109143
v 0.3028930127620697 1.004930019378662 -0.39676401019096375
v 0.3028930127620697 1.004930019378662 -0.39676401019096375
v 0.0 1.004930019378662 -0.3990829885005951
v 0.0 1.004930019378662 -0.011824999935925007
v 0.4196789860725403 1.004930019378662 0.0006380000268109143
v 0.538195013999939 1.0011100769042969 0.006463999859988689
v 0.4798020124435425 0.9878599643707275 -0.36911800503730774
v 0.4798020124435425 0.9878599643707275 -0.36911800503730774
v 0.3028930127620697 1.004930019378662 -0.39676401019096375
v 0.4196789860725403 1.004930019378662 0.0006380000268109143
v 0.656711995601654 0.9972900152206421 0.01228999998420477
v 0.8283560276031494 0.9633200168609619 0.005375999957323074
v 0.8283560276031494 0.9191800355911255 -0.32830899953842163
v 0.8283560276031494 0.9191800355911255 -0.32830899953842163
v 0.656711995601654 0.9707900285720825 -0.36762601137161255
v 0.656711995601654 0.9972900152206421 0.01228999998420477
v 1.0 0.5416200160980225 0.007321999873965979
v 1.0 0.5416200160980225 -0.1677660048007965
v 1.0 0.8826700448989868 -0.16694800555706024
v 1.0 0.8826700448989868 -0.16694800555706024
v 1.0 0.9015500545501709 -0.0015379999531432986
v 1.0 0.5416200160980225 0.007321999873965979
v 0.8476439714431763 0.28436005115509033 -0.41868799924850464
v 0.8681929707527161 0.5546499490737915 -0.5370280146598816
v 1.0 0.49748003482818604 -0.4276210069656372
v 1.0 0.49748003482818604 -0.4276210069656372
v 1.002959966659546 0.29728996753692627 -0.29796499013900757
v 0.8476439714431763 0.28436005115509033 -0.41868799924850464
v 0.8681929707527161 0.5546499490737915 -0.5370280146598816
v 0.8477479815483093 0.8374799489974976 -0.45035699009895325
v 1.0 0.7777400016784668 -0.39802199602127075
v 1.0 0.7777400016784668 -0.39802199602127075
v 1.0 0.49748003482818604 -0.4276210069656372
v 0.8681929707527161 0.5546499490737915 -0.5370280146598816
v 1.0 0.7777400016784668 -0.39802199602127075
v 0.8477479815483093 0.8374799489974976 -0.45035699009895325
v 0.8283560276031494 0.9191800355911255 -0.32830899953842163
v 0.8283560276031494 0.9191800355911255 -0.32830899953842163
v 1.0 0.8826700448989868 -0.16694800555706024
v 1.0 0.7777400016784668 -0.39802199602127075
v 0.8283560276031494 0.9633200168609619 0.005375999957323074
v 1.0 0.9015500545501709 -0.0015379999531432986
v 1.0 0.8826700448989868 -0.16694800555706024
v 1.0 0.8826700448989868 -0.16694800555706024
v 0.8283560276031494 0.9191800355911255 -0.32830899953842163
v 0.8283560276031494 0.9633200168609619 0.005375999957323074
v 0.8283560276031494 0.9633200168609619 0.005375999957323074
v 0.8283560276031494 0.9191800355911255 0.32320499420166016
v 1.0 0.8826700448989868 0.16884399950504303
v 1.0 0.8826700448989868 0.16884399950504303
v 1.0 0.9015500545501709 -0.0015379999531432986
v 0.8283560276031494 0.9633200168609619 0.005375999957323074
v 0.8283560276031494 0.9191800355911255 0.32320499420166016
v 0.7519959807395935 0.8374799489974976 0.3902060091495514
v 1.0 0.7737599611282349 0.3152279853820801
v 1.0 0.7737599611282349 0.3152279853820801
v 1.0 0.8826700448989868 0.16884399950504303
v 0.8283560276031494 0.9191800355911255 0.32320499420166016
v 0.751052975654602 0.6705299615859985 0.4323990046977997
v 0.987712025642395 0.5780800580978394 0.3719240128993988
v 1.0 0.7737599611282349 0.3152279853820801
v 1.0 0.7737599611282349 0.3152279853820801
v 0.7519959807395935 0.8374799489974976 0.3902060091495514
v 0.751052975654602 0.6705299615859985 0.4323990046977997
v 0.987712025642395 0.5780800580978394 0.3719240128993988
v 0.751052975654602 0.6705299615859985 0.4323990046977997
v 0.7637749910354614 0.28551995754241943 0.4050160050392151
v 0.7637749910354614 0.28551995754241943 0.4050160050392151
v 1.0 0.32002997398376465 0.33952200412750244
v 0.987712025642395 0.5780800580978394 0.3719240128993988
v 0.7637749910354614 0.28551995754241943 0.4050160050392151
v 0.6729030013084412 0.1660599708557129 0.35206401348114014
v 0.8599280118942261 0.05771005153656006 0.24097399413585663
v 0.8599280118942261 0.05771005153656006 0.24097399413585663
v 1.0 0.32002997398376465 0.33952200412750244
v 0.7637749910354614 0.28551995754241943 0.4050160050392151
v 0.49035999178886414 -0.288100004196167 0.19978100061416626
v 0.6265559792518616 -0.3073999881744385 0.12920600175857544
v 0.621828019618988 -0.06102997064590454 0.18217800557613373
v 0.621828019618988 -0.06102997064590454 0.18217800557613373
v 0.5020679831504822 -0.058510005474090576 0.2525170147418976
v 0.49035999178886414 -0.288100004196167 0.19978100061416626
v 0.49035999178886414 -0.288100004196167 0.19978100061416626
v 0.4648439884185791 -0.5591800212860107 0.22497999668121338
v 0.5364360213279724 -0.5589599609375 0.15389199554920197
v 0.5364360213279724 -0.5589599609375 0.15389199554920197
v 0.6265559792518616 -0.3073999881744385 0.12920600175857544
v 0.49035999178886414 -0.288100004196167 0.19978100061416626
v 0.4648439884185791 -0.5591800212860107 0.22497999668121338
v 0.5335519909858704 -0.7435399889945984 0.3528960049152374
v 0.6268280148506165 -0.7528200149536133 0.26607000827789307
v 0.6268280148506165 -0.7528200149536133 0.26607000827789307
v 0.5364360213279724 -0.5589599609375 0.15389199554920197
v 0.4648439884185791 -0.5591800212860107 0.22497999668121338
v 0.6490020155906677 -0.8882899880409241 0.29867398738861084
v 0.5433099865913391 -0.8841000199317932 0.3791950047016144
v 0.5513550043106079 -1.0 0.3764919936656952
v 0.5513550043106079 -1.0 0.3764919936656952
v 0.6672859787940979 -1.0 0.3011699914932251
v 0.6490020155906677 -0.8882899880409241 0.29867398738861084
v 0.412557989358902 -1.0 0.22583000361919403
v 0.761372983455658 -1.0 0.13472899794578552
v 0.6672859787940979 -1.0 0.3011699914932251
v 0.6672859787940979 -1.0 0.3011699914932251
v 0.5513550043106079 -1.0 0.3764919936656952
v 0.412557989358902 -1.0 0.22583000361919403
v 0.7452070116996765 -0.060289978981018066 -0.1863979995250702
v 0.6017169952392578 0.14838004112243652 -0.33822500705718994
v 0.8023380041122437 0.19544005393981934 -0.30094701051712036
v 0.8023380041122437 0.19544005393981934 -0.30094701051712036
v 0.9105139970779419 0.049520015716552734 -0.14952099323272705
v 0.7452070116996765 -0.060289978981018066 -0.1863979995250702
v 0.9105139970779419 0.049520015716552734 -0.14952099323272705
v 0.924767017364502 0.003489971160888672 -0.018424000591039658
v 0.812483012676239 -0.08107000589370728 -0.05038600042462349
v 0.812483012676239 -0.08107000589370728 -0.05038600042462349
v 0.7452070116996765 -0.060289978981018066 -0.1863979995250702
v 0.9105139970779419 0.049520015716552734 -0.14952099323272705
v 0.924767017364502 0.003489971160888672 -0.018424000591039658
v 0.9061980247497559 0.004709959030151367 0.11153800040483475
v 0.787697970867157 -0.08820998668670654 0.07318799942731857
v 0.787697970867157 -0.08820998668670654 0.07318799942731857
v 0.812483012676239 -0.08107000589370728 -0.05038600042462349
v 0.924767017364502 0.003489971160888672 -0.018424000591039658
v 0.787697970867157 -0.08820998668670654 0.07318799942731857
v 0.9061980247497559 0.004709959030151367 0.11153800040483475
v 0.8599280118942261 0.05771005153656006 0.24097399413585663
v 0.8599280118942261 0.05771005153656006 0.24097399413585663
v 0.621828019618988 -0.06102997064590454 0.18217800557613373
v 0.787697970867157 -0.08820998668670654 0.07318799942731857
v 0.6729030013084412 0.1660599708557129 0.35206401348114014
v 0.5020679831504822 -0.058510005474090576 0.2525170147418976
v 0.621828019618988 -0.06102997064590454 0.18217800557613373
v 0.621828019618988 -0.06102997064590454 0.18217800557613373
v 0.8599280118942261 0.05771005153656006 0.24097399413585663
v 0.6729030013084412 0.1660599708557129 0.35206401348114014
v 0.46548500657081604 0.179129958152771 0.42216500639915466
v 0.3823069930076599 -0.04408997297286987 0.32285499572753906
v 0.5020679831504822 -0.058510005474090576 0.2525170147418976
v 0.5020679831504822 -0.058510005474090576 0.2525170147418976
v 0.6729030013084412 0.1660599708557129 0.35206401348114014
v 0.46548500657081604 0.179129958152771 0.42216500639915466
v 0.19758400321006775 -0.007839977741241455 0.32285499572753906
v 0.33444899320602417 0.20518994331359863 0.4158630073070526
v 0.2034119963645935 0.23124003410339355 0.40956100821495056
v 0.2034119963645935 0.23124003410339355 0.40956100821495056
v 0.0 0.2532600164413452 0.3909130096435547
v 0.0 0.0072100162506103516 0.32285499572753906
v 0.0 0.0072100162506103516 0.32285499572753906
v 0.19758400321006775 -0.007839977741241455 0.32285499572753906
v 0.2034119963645935 0.23124003410339355 0.40956100821495056
v 0.9105139970779419 0.049520015716552734 -0.14952099323272705
v 0.8023380041122437 0.19544005393981934 -0.30094701051712036
v 1.0000900030136108 0.264490008354187 -0.18815700709819794
v 1.0000900030136108 0.264490008354187 -0.18815700709819794
v 0.9972270131111145 0.2426600456237793 -0.11264500021934509
v 0.9105139970779419 0.049520015716552734 -0.14952099323272705
v 0.4334790110588074 0.2344299554824829 -0.6786810159683228
v 0.4193980097770691 0.1594099998474121 -0.4611620008945465
v 0.3207620084285736 0.19391000270843506 -0.5993549823760986
v 0.3207620084285736 0.19391000270843506 -0.5993549823760986
v 0.2803820073604584 0.2702599763870239 -0.688273012638092
v 0.4334790110588074 0.2344299554824829 -0.6786810159683228
v 0.6284520030021667 0.23875999450683594 -0.638625979423523
v 0.6017169952392578 0.14838004112243652 -0.33822500705718994
v 0.4193980097770691 0.1594099998474121 -0.4611620008945465
v 0.4193980097770691 0.1594099998474121 -0.4611620008945465
v 0.4334790110588074 0.2344299554824829 -0.6786810159683228
v 0.6284520030021667 0.23875999450683594 -0.638625979423523
v 0.4334790110588074 0.2344299554824829 -0.6786810159683228
v 0.42900198698043823 0.644279956817627 -0.6665109992027283
v 0.6400330066680908 0.6200200319290161 -0.6226279735565186
v 0.6400330066680908 0.6200200319290161 -0.6226279735565186
v 0.6284520030021667 0.23875999450683594 -0.638625979423523
v 0.4334790110588074 0.2344299554824829 -0.6786810159683228
v 0.6400330066680908 0.6200200319290161 -0.6226279735565186
v 0.42900198698043823 0.644279956817627 -0.6665109992027283
v 0.4499950110912323 0.916159987449646 -0.5362290143966675
v 0.4499950110912323 0.916159987449646 -0.5362290143966675
v 0.6395180225372314 0.898360013961792 -0.5
v 0.6400330066680908 0.6200200319290161 -0.6226279735565186
v 0.6395180225372314 0.898360013961792 -0.5
v 0.4499950110912323 0.916159987449646 -0.5362290143966675
v 0.4798020124435425 0.9878599643707275 -0.36911800503730774
v 0.4798020124435425 0.9878599643707275 -0.36911800503730774
v 0.656711995601654 0.9707900285720825 -0.36762601137161255
v 0.6395180225372314 0.898360013961792 -0.5
v 0.538195013999939 1.0011100769042969 0.006463999859988689
v 0.656711995601654 0.9972900152206421 0.01228999998420477
v 0.656711995601654 0.9707900285720825 -0.36762601137161255
v 0.656711995601654 0.9707900285720825 -0.36762601137161255
v 0.4798020124435425 0.9878599643707275 -0.36911800503730774
v 0.538195013999939 1.0011100769042969 0.006463999859988689
v 0.538195013999939 1.0011100769042969 0.006463999859988689
v 0.4798020124435425 0.9878599643707275 0.3496510088443756
v 0.656711995601654 0.9707900285720825 0.3613649904727936
v 0.656711995601654 0.9707900285720825 0.3613649904727936
v 0.656711995601654 0.9972900152206421 0.01228999998420477
v 0.538195013999939 1.0011100769042969 0.006463999859988689
v 0.4798020124435425 0.9878599643707275 0.3496510088443756
v 0.3673120141029358 0.898360013961792 0.4651840031147003
v 0.5039910078048706 0.898360013961792 0.4651840031147003
v 0.5039910078048706 0.898360013961792 0.4651840031147003
v 0.656711995601654 0.9707900285720825 0.3613649904727936
v 0.4798020124435425 0.9878599643707275 0.3496510088443756
v 0.3673120141029358 0.898360013961792 0.4651840031147003
v 0.34369200468063354 0.7459499835968018 0.49287399649620056
v 0.5143939852714539 0.7459499835968018 0.49287399649620056
v 0.5143939852714539 0.7459499835968018 0.49287399649620056
v 0.5039910078048706 0.898360013961792 0.4651840031147003
v 0.3673120141029358 0.898360013961792 0.4651840031147003
v 0.5143939852714539 0.7459499835968018 0.49287399649620056
v 0.34369200468063354 0.7459499835968018 0.49287399649620056
v 0.36839500069618225 0.40801000595092773 0.4962660074234009
v 0.36839500069618225 0.40801000595092773 0.4962660074234009
v 0.5275499820709229 0.3456900119781494 0.4962660074234009
v 0.5143939852714539 0.7459499835968018 0.49287399649620056
v 0.5275499820709229 0.3456900119781494 0.4962660074234009
v 0.36839500069618225 0.40801000595092773 0.4962660074234009
v 0.33444899320602417 0.20518994331359863 0.4158630073070526
v 0.33444899320602417 0.20518994331359863 0.4158630073070526
v 0.46548500657081604 0.179129958152771 0.42216500639915466
v 0.5275499820709229 0.3456900119781494 0.4962660074234009
v 0.33444899320602417 0.20518994331359863 0.4158630073070526
v 0.19758400321006775 -0.007839977741241455 0.32285499572753906
v 0.3823069930076599 -0.04408997297286987 0.32285499572753906
v 0.3823069930076599 -0.04408997297286987 0.32285499572753906
v 0.46548500657081604 0.179129958152771 0.42216500639915466
v 0.33444899320602417 0.20518994331359863 0.4158630073070526
v 0.20992499589920044 -0.7342599630355835 0.3868989944458008
v 0.0 -0.7342599630355835 0.3868989944458008
v 0.0 -0.8799099922180176 0.410955011844635
v 0.0 -0.8799099922180176 0.410955011844635
v 0.2117300033569336 -0.8799099922180176 0.410955011844635
v 0.20992499589920044 -0.7342599630355835 0.3868989944458008
v 0.2117300033569336 -0.8799099922180176 0.410955011844635
v 0.40967899560928345 -0.8799099922180176 0.410955011844635
v 0.4061869978904724 -0.7342599630355835 0.3868989944458008
v 0.4061869978904724 -0.7342599630355835 0.3868989944458008
v 0.20992499589920044 -0.7342599630355835 0.3868989944458008
v 0.2117300033569336 -0.8799099922180176 0.410955011844635
v 0.40967899560928345 -0.8799099922180176 0.410955011844635
v 0.5433099865913391 -0.8841000199317932 0.3791950047016144
v 0.5335519909858704 -0.7435399889945984 0.3528960049152374
v 0.5335519909858704 -0.7435399889945984 0.3528960049152374
v 0.4061869978904724 -0.7342599630355835 0.3868989944458008
v 0.40967899560928345 -0.8799099922180176 0.410955011844635
v 0.5433099865913391 -0.8841000199317932 0.3791950047016144
v 0.6490020155906677 -0.8882899880409241 0.29867398738861084
v 0.6268280148506165 -0.7528200149536133 0.26607000827789307
v 0.6268280148506165 -0.7528200149536133 0.26607000827789307
v 0.5335519909858704 -0.7435399889945984 0.3528960049152374
v 0.5433099865913391 -0.8841000199317932 0.3791950047016144
v 0.7469480037689209 -0.8951399922370911 0.12384100258350372
v 0.7294530272483826 -0.7679799795150757 0.11063600331544876
v 0.6268280148506165 -0.7528200149536133 0.26607000827789307
v 0.6268280148506165 -0.7528200149536133 0.26607000827789307
v 0.6490020155906677 -0.8882899880409241 0.29867398738861084
v 0.7469480037689209 -0.8951399922370911 0.12384100258350372
v 0.7624920010566711 -0.8958699703216553 -0.021922999992966652
v 0.7443069815635681 -0.7695900201797485 -0.030292000621557236
v 0.7294530272483826 -0.7679799795150757 0.11063600331544876
v 0.7294530272483826 -0.7679799795150757 0.11063600331544876
v 0.7469480037689209 -0.8951399922370911 0.12384100258350372
v 0.7624920010566711 -0.8958699703216553 -0.021922999992966652
v 0.7624920010566711 -0.8958699703216553 -0.021922999992966652
v 0.7238389849662781 -0.8966699838638306 -0.2293969988822937
v 0.7053689956665039 -0.7713599801063538 -0.2162339985370636
v 0.7053689956665039 -0.7713599801063538 -0.2162339985370636
v 0.7443069815635681 -0.7695900201797485 -0.030292000621557236
v 0.7624920010566711 -0.8958699703216553 -0.021922999992966652
v 0.7238389849662781 -0.8966699838638306 -0.2293969988822937
v 0.5738570094108582 -0.9083200097084045 -0.41409099102020264
v 0.5571479797363281 -0.7971400022506714 -0.40182098746299744
v 0.5571479797363281 -0.7971400022506714 -0.40182098746299744
v 0.7053689956665039 -0.7713599801063538 -0.2162339985370636
v 0.7238389849662781 -0.8966699838638306 -0.2293969988822937
v 0.34711599349975586 -0.8207200169563293 -0.4520510137081146
v 0.5571479797363281 -0.7971400022506714 -0.40182098746299744
v 0.5738570094108582 -0.9083200097084045 -0.41409099102020264
v 0.5738570094108582 -0.9083200097084045 -0.41409099102020264
v 0.3259100019931793 -0.9189800024032593 -0.4342769980430603
v 0.34711599349975586 -0.8207200169563293 -0.4520510137081146
v 0.3259100019931793 -0.9189800024032593 -0.4342769980430603
v 0.17788000404834747 -0.9220399856567383 -0.45173099637031555
v 0.20029200613498688 -0.8274999856948853 -0.49899399280548096
v 0.20029200613498688 -0.8274999856948853 -0.49899399280548096
v 0.34711599349975586 -0.8207200169563293 -0.4520510137081146
v 0.3259100019931793 -0.9189800024032593 -0.4342769980430603
v 0.17788000404834747 -0.9220399856567383 -0.45173099637031555
v 0.0 -0.925320029258728 -0.4816240072250366
v 0.0 -0.8347499966621399 -0.5268170237541199
v 0.0 -0.8347499966621399 -0.5268170237541199
v 0.20029200613498688 -0.8274999856948853 -0.49899399280548096
v 0.17788000404834747 -0.9220399856567383 -0.45173099637031555

vn -0.9006159901618958 0.029485000297427177 -0.4336149990558624
vn -0.6579350233078003 -0.021438999101519585 -0.7527700066566467
vn -0.5455780029296875 0.11206900328397751 -0.8305330276489258
vn -0.5455780029296875 0.11206900328397751 -0.8305330276489258
vn -0.8785319924354553 0.23238199949264526 -0.4173490107059479
vn -0.9006159901618958 0.029485000297427177 -0.4336149990558624
vn -0.0 -0.18903200328350067 -0.981971025466919
vn -0.0 -0.37224701046943665 -0.928134024143219
vn -0.2576189935207367 -0.35153600573539734 -0.9000300168991089
vn -0.2576189935207367 -0.35153600573539734 -0.9000300168991089
vn -0.3992609977722168 -0.2219880074262619 -0.8895570039749146
vn -0.0 -0.18903200328350067 -0.981971025466919
vn -0.01003899984061718 0.6515520215034485 -0.7585369944572449
vn -0.019710000604391098 0.9544969797134399 -0.2975679934024811
vn 0.0 0.9452160000801086 -0.3264470100402832
vn 0.0 0.9452160000801086 -0.3264470100402832
vn 0.0 0.6216539740562439 -0.7832919955253601
vn -0.01003899984061718 0.6515520215034485 -0.7585369944572449
vn 0.0 0.27987998723983765 0.9600350260734558
vn 0.0 0.31588101387023926 0.9487990140914917
vn 0.0 0.31588101387023926 0.9487990140914917
vn 0.0 0.31588101387023926 0.9487990140914917
vn 0.0 0.27987998723983765 0.9600350260734558
vn 0.0 0.27987998723983765 0.9600350260734558
vn -0.0 -1.0 0.0
vn -0.0 -1.0 0.0
vn -0.0 -1.0 0.0
vn -0.0 -1.0 0.0
vn -0.0 -1.0 0.0
vn -0.0 -1.0 0.0
vn 0.10044799745082855 0.09153100103139877 0.9907230138778687
vn 0.12149400264024734 -0.1597670018672943 0.9796500205993652
vn 0.0 -0.15350399911403656 0.9881479740142822
vn 0.0 -0.15350399911403656 0.9881479740142822
vn 0.0 0.08857200294733047 0.9960700273513794
vn 0.10044799745082855 0.09153100103139877 0.9907230138778687
vn -0.8066650032997131 -0.46614399552345276 -0.363319993019104
vn -0.960640013217926 -0.19514800608158112 -0.1977050006389618
vn -0.9999979734420776 -0.00030700000934302807 0.0020890000741928816
vn -0.9999979734420776 -0.00030700000934302807 0.0020890000741928816
vn -0.891631007194519 -0.06261999905109406 -0.4484109878540039
vn -0.766057014465332 -0.48359501361846924 -0.42343100905418396
vn -0.8066650032997131 -0.46614399552345276 -0.363319993019104
vn -0.9999979734420776 -0.00030700000934302807 0.0020890000741928816
vn -0.766057014465332 -0.48359501361846924 -0.42343100905418396
vn -0.01206700038164854 0.2287590056657791 -0.9734079837799072
vn -0.0 0.2269899994134903 -0.9738969802856445
vn -0.0 -0.37317898869514465 -0.9277589917182922
vn -0.0 -0.37317898869514465 -0.9277589917182922
vn 0.08591999858617783 -0.4425010085105896 -0.8926429748535156
vn -0.01206700038164854 0.2287590056657791 -0.9734079837799072
vn 0.12149400264024734 -0.1597670018672943 0.9796500205993652
vn 0.11820600181818008 -0.3197129964828491 0.9401119947433472
vn 0.0 -0.30261701345443726 0.953112006187439
vn 0.0 -0.30261701345443726 0.953112006187439
vn 0.0 -0.15350399911403656 0.9881479740142822
vn 0.12149400264024734 -0.1597670018672943 0.9796500205993652
vn -0.766057014465332 -0.48359501361846924 -0.42343100905418396
vn -0.5116779804229736 -0.6138730049133301 -0.6011199951171875
vn -0.4899500012397766 -0.6734219789505005 -0.5535799860954285
vn -0.4899500012397766 -0.6734219789505005 -0.5535799860954285
vn -0.8066650032997131 -0.46614399552345276 -0.363319993019104
vn -0.766057014465332 -0.48359501361846924 -0.42343100905418396
vn 0.08591999858617783 -0.4425010085105896 -0.8926429748535156
vn -0.0 -0.37317898869514465 -0.9277589917182922
vn -0.0 -0.37358400225639343 -0.9275959730148315
vn -0.0 -0.37358400225639343 -0.9275959730148315
vn -0.18232199549674988 -0.46721500158309937 -0.865140974521637
vn 0.08591999858617783 -0.4425010085105896 -0.8926429748535156
vn -0.4665589928627014 0.5633080005645752 -0.6819139719009399
vn -0.36013299226760864 0.8908789753913879 -0.27683699131011963
vn -0.206276997923851 0.9380220174789429 -0.27850401401519775
vn -0.206276997923851 0.9380220174789429 -0.27850401401519775
vn -0.282833993434906 0.6427929997444153 -0.7119140028953552
vn -0.4665589928627014 0.5633080005645752 -0.6819139719009399
vn -0.3024680018424988 0.08822199702262878 0.949068009853363
vn -0.2657470107078552 -0.2779049873352051 0.923117995262146
vn -0.10380200296640396 -0.22336600720882416 0.9691920280456543
vn -0.10380200296640396 -0.22336600720882416 0.9691920280456543
vn -0.15778400003910065 0.0968180000782013 0.9827160239219666
vn -0.3024680018424988 0.08822199702262878 0.949068009853363
vn -0.2528350055217743 -0.5315510034561157 0.8084110021591187
vn -0.07787500321865082 -0.44348400831222534 0.8928930163383484
vn -0.10380200296640396 -0.22336600720882416 0.9691920280456543
vn -0.10380200296640396 -0.22336600720882416 0.9691920280456543
vn -0.2657470107078552 -0.2779049873352051 0.923117995262146
vn -0.2528350055217743 -0.5315510034561157 0.8084110021591187
vn -0.534434974193573 0.3061160147190094 0.7878280282020569
vn -0.4714600145816803 0.4107869863510132 0.7803720235824585
vn -0.15550999343395233 0.35442399978637695 0.9220629930496216
vn -0.15550999343395233 0.35442399978637695 0.9220629930496216
vn -0.23592500388622284 0.30643001198768616 0.9221929907798767
vn -0.534434974193573 0.3061160147190094 0.7878280282020569
vn -0.0 -1.0 0.0
vn -0.0 -1.0 0.0
vn -0.0 -1.0 0.0
vn -0.0 -1.0 0.0
vn -0.0 -1.0 0.0
vn -0.0 -1.0 0.0
vn -0.5455780029296875 0.11206900328397751 -0.8305330276489258
vn -0.6579350233078003 -0.021438999101519585 -0.7527700066566467
vn -0.600009024143219 -0.14767000079154968 -0.7862460017204285
vn -0.600009024143219 -0.14767000079154968 -0.7862460017204285
vn -0.3389660120010376 -0.16230399906635284 -0.9266930222511292
vn -0.5455780029296875 0.11206900328397751 -0.8305330276489258
vn -0.5289919972419739 -0.5106329917907715 -0.67780601978302
vn -0.4899500012397766 -0.6734219789505005 -0.5535799860954285
vn -0.5116779804229736 -0.6138730049133301 -0.6011199951171875
vn -0.5116779804229736 -0.6138730049133301 -0.6011199951171875
vn -0.3746219873428345 -0.5835689902305603 -0.7204899787902832
vn -0.5289919972419739 -0.5106329917907715 -0.67780601978302
vn -0.3746219873428345 -0.5835689902305603 -0.7204899787902832
vn -0.5116779804229736 -0.6138730049133301 -0.6011199951171875
vn -0.52326899766922 -0.010684999637305737 -0.8521010279655457
vn -0.52326899766922 -0.010684999637305737 -0.8521010279655457
vn -0.3488500118255615 0.15978200733661652 -0.9234570264816284
vn -0.3746219873428345 -0.5835689902305603 -0.7204899787902832
vn -0.0 -1.0 0.0
vn -0.0 -1.0 0.0
vn -0.0 -1.0 0.0
vn -0.0 -1.0 0.0
vn -0.0 -1.0 0.0
vn -0.0 -1.0 0.0
vn -0.0 -1.0 0.0
vn -0.0 -1.0 0.0
vn -0.0 -1.0 0.0
vn -0.0 -1.0 0.0
vn -0.0 -1.0 0.0
vn -0.0 -1.0 0.0
vn -0.9084929823875427 0.13035699725151062 0.3970490097999573
vn -0.9979190230369568 0.05982999876141548 -0.024028999730944633
vn -0.9603080153465271 0.2767379879951477 -0.034984998404979706
vn -0.9603080153465271 0.2767379879951477 -0.034984998404979706
vn -0.8827660083770752 0.3510119915008545 0.3122729957103729
vn -0.9084929823875427 0.13035699725151062 0.3970490097999573
vn -0.7075179815292358 -0.648481011390686 0.28087499737739563
vn -0.9698789715766907 -0.2141129970550537 0.11615200340747833
vn -0.9833629727363586 -0.18108299374580383 -0.01437699981033802
vn -0.9833629727363586 -0.18108299374580383 -0.01437699981033802
vn -0.8045520186424255 -0.5876049995422363 -0.08611799776554108
vn -0.7075179815292358 -0.648481011390686 0.28087499737739563
vn -0.9698789715766907 -0.2141129970550537 0.11615200340747833
vn -0.9999129772186279 -0.000371000001905486 0.013220000080764294
vn -0.9999939799308777 -0.0024309998843818903 -0.0023419999051839113
vn -0.9999939799308777 -0.0024309998843818903 -0.0023419999051839113
vn -0.9833629727363586 -0.18108299374580383 -0.01437699981033802
vn -0.9698789715766907 -0.2141129970550537 0.11615200340747833
vn -0.38875898718833923 0.7891889810562134 0.4754450023174286
vn -0.18763099610805511 0.8756539821624756 0.44499900937080383
vn -0.1614830046892166 0.9868710041046143 0.0028619999065995216
vn -0.1614830046892166 0.9868710041046143 0.0028619999065995216
vn -0.2894729971885681 0.9571840167045593 0.0022559999488294125
vn -0.38875898718833923 0.7891889810562134 0.4754450023174286
vn -0.042552001774311066 0.859686017036438 0.5090479850769043
vn 0.0 0.84163498878479 0.5400469899177551
vn 0.0 1.0 -0.0
vn 0.0 1.0 -0.0
vn -0.037675000727176666 0.9992899894714355 0.0004199999966658652
vn -0.042552001774311066 0.859686017036438 0.5090479850769043
vn -0.0 -1.0 0.0
vn -0.0 -1.0 0.0
vn -0.0 -1.0 0.0
vn -0.0 -1.0 0.0
vn -0.0 -1.0 0.0
vn -0.0 -1.0 0.0
vn -0.0 -1.0 0.0
vn -0.0 -1.0 0.0
vn -0.0 -1.0 0.0
vn -0.695950984954834 0.23700599372386932 0.6778500080108643
vn -0.9084929823875427 0.13035699725151062 0.3970490097999573
vn -0.8827660083770752 0.3510119915008545 0.3122729957103729
vn -0.8827660083770752 0.3510119915008545 0.3122729957103729
vn -0.704259991645813 0.40734800696372986 0.5814520120620728
vn -0.695950984954834 0.23700599372386932 0.6778500080108643
vn -0.4273639917373657 -0.6263830065727234 0.6519230008125305
vn -0.6969239711761475 -0.30897700786590576 0.6471710205078125
vn -0.9698789715766907 -0.2141129970550537 0.11615200340747833
vn -0.9698789715766907 -0.2141129970550537 0.11615200340747833
vn -0.7075179815292358 -0.648481011390686 0.28087499737739563
vn -0.4273639917373657 -0.6263830065727234 0.6519230008125305
vn -0.6969239711761475 -0.30897700786590576 0.6471710205078125
vn -0.7986260056495667 0.0488630011677742 0.5998409986495972
vn -0.9999129772186279 -0.000371000001905486 0.013220000080764294
vn -0.9999129772186279 -0.000371000001905486 0.013220000080764294
vn -0.9698789715766907 -0.2141129970550537 0.11615200340747833
vn -0.6969239711761475 -0.30897700786590576 0.6471710205078125
vn -0.3784849941730499 0.36238500475883484 0.8517190217971802
vn -0.1792750060558319 0.42489200830459595 0.8873149752616882
vn -0.18763099610805511 0.8756539821624756 0.44499900937080383
vn -0.18763099610805511 0.8756539821624756 0.44499900937080383
vn -0.38875898718833923 0.7891889810562134 0.4754450023174286
vn -0.3784849941730499 0.36238500475883484 0.8517190217971802
vn 0.03533799946308136 0.3396899998188019 0.9398729801177979
vn 0.0 0.29975101351737976 0.9540179967880249
vn 0.0 0.84163498878479 0.5400469899177551
vn 0.0 0.84163498878479 0.5400469899177551
vn -0.042552001774311066 0.859686017036438 0.5090479850769043
vn 0.03533799946308136 0.3396899998188019 0.9398729801177979
vn -0.0 -0.5398340225219727 -0.8417720198631287
vn -0.0 -0.614093005657196 -0.7892339825630188
vn -0.09239199757575989 -0.560276985168457 -0.8231359720230103
vn -0.09239199757575989 -0.560276985168457 -0.8231359720230103
vn -0.13638700544834137 -0.4854559898376465 -0.863556981086731
vn -0.0 -0.5398340225219727 -0.8417720198631287
vn -0.4342469871044159 -0.07132700085639954 -0.8979650139808655
vn -0.4639419913291931 0.006076999939978123 -0.8858450055122375
vn -0.11076699942350388 -0.29034098982810974 -0.9504910111427307
vn -0.11076699942350388 -0.29034098982810974 -0.9504910111427307
vn -0.0351330004632473 -0.3810870051383972 -0.9238709807395935
vn -0.4342469871044159 -0.07132700085639954 -0.8979650139808655
vn -0.8922370076179504 0.15170300006866455 -0.4253219962120056
vn -0.4639419913291931 0.006076999939978123 -0.8858450055122375
vn -0.4342469871044159 -0.07132700085639954 -0.8979650139808655
vn -0.4342469871044159 -0.07132700085639954 -0.8979650139808655
vn -0.8936880230903625 0.13563600182533264 -0.42769700288772583
vn -0.8922370076179504 0.15170300006866455 -0.4253219962120056
vn -0.9884160161018372 0.1477469950914383 -0.034717999398708344
vn -0.9412130117416382 0.15675300359725952 0.2992449998855591
vn -0.9375540018081665 0.17070600390434265 0.3030700087547302
vn -0.9375540018081665 0.17070600390434265 0.3030700087547302
vn -0.988215982913971 0.1477690041065216 -0.03991900011897087
vn -0.9884160161018372 0.1477469950914383 -0.034717999398708344
vn -0.737151026725769 0.11580000072717667 0.6657320261001587
vn -0.7437719702720642 0.17108699679374695 0.6461679935455322
vn -0.9375540018081665 0.17070600390434265 0.3030700087547302
vn -0.9375540018081665 0.17070600390434265 0.3030700087547302
vn -0.9412130117416382 0.15675300359725952 0.2992449998855591
vn -0.737151026725769 0.11580000072717667 0.6657320261001587
vn -0.4317440092563629 0.1171329990029335 0.8943579792976379
vn -0.4057370126247406 0.02345299907028675 0.9136890172958374
vn -0.11091399937868118 -0.02901099994778633 0.9934070110321045
vn -0.11091399937868118 -0.02901099994778633 0.9934070110321045
vn -0.11882700026035309 0.07195000350475311 0.9903050065040588
vn -0.4317440092563629 0.1171329990029335 0.8943579792976379
vn 0.0 0.06285800039768219 0.9980220198631287
vn 0.0 -0.037884000688791275 0.9992820024490356
vn 0.0 -0.037884000688791275 0.9992820024490356
vn 0.0 -0.037884000688791275 0.9992820024490356
vn 0.0 0.06285800039768219 0.9980220198631287
vn 0.0 0.06285800039768219 0.9980220198631287
vn 0.06070299819111824 -0.2818700075149536 0.9575300216674805
vn 0.007147999946027994 -0.05718199908733368 0.998337984085083
vn 0.0 -0.052365001291036606 0.9986280202865601
vn 0.0 -0.052365001291036606 0.9986280202865601
vn 0.0 -0.24782399833202362 0.9688050150871277
vn 0.06070299819111824 -0.2818700075149536 0.9575300216674805
vn -0.37378600239753723 -0.39857301115989685 0.8375099897384644
vn -0.5112850069999695 -0.10738900303840637 0.8526750206947327
vn -0.2600080072879791 -0.0801130011677742 0.9622769951820374
vn -0.2600080072879791 -0.0801130011677742 0.9622769951820374
vn -0.17273500561714172 -0.34199199080467224 0.9236900210380554
vn -0.37378600239753723 -0.39857301115989685 0.8375099897384644
vn -0.5930060148239136 -0.17782899737358093 0.785315990447998
vn -0.41690999269485474 -0.4803659915924072 0.7716439962387085
vn -0.6702529788017273 -0.6040779948234558 0.43110400438308716
vn -0.6702529788017273 -0.6040779948234558 0.43110400438308716
vn -0.8376590013504028 -0.2951450049877167 0.45958399772644043
vn -0.5930060148239136 -0.17782899737358093 0.785315990447998
vn -0.6702529788017273 -0.6040779948234558 0.43110400438308716
vn -0.8173840045928955 -0.5608919858932495 -0.1314689964056015
vn -0.9553220272064209 -0.2885949909687042 -0.06382399797439575
vn -0.9553220272064209 -0.2885949909687042 -0.06382399797439575
vn -0.8376590013504028 -0.2951450049877167 0.45958399772644043
vn -0.6702529788017273 -0.6040779948234558 0.43110400438308716
vn -0.7171379923820496 -0.36201000213623047 -0.5955349802970886
vn -0.5289919972419739 -0.5106329917907715 -0.67780601978302
vn -0.7001270055770874 -0.05990000069141388 -0.7115010023117065
vn -0.7001270055770874 -0.05990000069141388 -0.7115010023117065
vn -0.867730975151062 -0.16042999923229218 -0.4704299867153168
vn -0.7171379923820496 -0.36201000213623047 -0.5955349802970886
vn -0.5289919972419739 -0.5106329917907715 -0.67780601978302
vn -0.4947640001773834 -0.5327609777450562 -0.6865670084953308
vn -0.7124339938163757 -0.033215999603271484 -0.7009519934654236
vn -0.7124339938163757 -0.033215999603271484 -0.7009519934654236
vn -0.7001270055770874 -0.05990000069141388 -0.7115010023117065
vn -0.5289919972419739 -0.5106329917907715 -0.67780601978302
vn -0.18232199549674988 -0.46721500158309937 -0.865140974521637
vn -0.0 -0.37358400225639343 -0.9275959730148315
vn -0.0 -0.037780001759529114 -0.9992859959602356
vn -0.0 -0.037780001759529114 -0.9992859959602356
vn -0.4742009937763214 -0.0377499982714653 -0.8796070218086243
vn -0.18232199549674988 -0.46721500158309937 -0.865140974521637
vn 0.0 0.6216539740562439 -0.7832919955253601
vn -0.0 0.2269899994134903 -0.9738969802856445
vn -0.01206700038164854 0.2287590056657791 -0.9734079837799072
vn -0.01206700038164854 0.2287590056657791 -0.9734079837799072
vn -0.01003899984061718 0.6515520215034485 -0.7585369944572449
vn 0.0 0.6216539740562439 -0.7832919955253601
vn 0.03533799946308136 0.3396899998188019 0.9398729801177979
vn 0.10044799745082855 0.09153100103139877 0.9907230138778687
vn 0.0 0.08857200294733047 0.9960700273513794
vn 0.0 0.08857200294733047 0.9960700273513794
vn 0.0 0.29975101351737976 0.9540179967880249
vn 0.03533799946308136 0.3396899998188019 0.9398729801177979
vn -0.3784849941730499 0.36238500475883484 0.8517190217971802
vn -0.3024680018424988 0.08822199702262878 0.949068009853363
vn -0.15778400003910065 0.0968180000782013 0.9827160239219666
vn -0.15778400003910065 0.0968180000782013 0.9827160239219666
vn -0.1792750060558319 0.42489200830459595 0.8873149752616882
vn -0.3784849941730499 0.36238500475883484 0.8517190217971802
vn -0.7151150107383728 0.3002980053424835 0.63121497631073
vn -0.8588759899139404 0.4469580054283142 0.250122994184494
vn -0.9999129772186279 -0.000371000001905486 0.013220000080764294
vn -0.9999129772186279 -0.000371000001905486 0.013220000080764294
vn -0.7986260056495667 0.0488630011677742 0.5998409986495972
vn -0.7151150107383728 0.3002980053424835 0.63121497631073
vn -0.8588759899139404 0.4469580054283142 0.250122994184494
vn -0.8157849907875061 0.5783550143241882 0.0007590000168420374
vn -0.9999939799308777 -0.0024309998843818903 -0.0023419999051839113
vn -0.9999939799308777 -0.0024309998843818903 -0.0023419999051839113
vn -0.9999129772186279 -0.000371000001905486 0.013220000080764294
vn -0.8588759899139404 0.4469580054283142 0.250122994184494
vn -0.7954350113868713 0.38034799695014954 -0.4718259871006012
vn -0.891631007194519 -0.06261999905109406 -0.4484109878540039
vn -0.9999979734420776 -0.00030700000934302807 0.0020890000741928816
vn -0.9999979734420776 -0.00030700000934302807 0.0020890000741928816
vn -0.8428090214729309 0.5164240002632141 -0.1515910029411316
vn -0.7954350113868713 0.38034799695014954 -0.4718259871006012
vn -0.4665589928627014 0.5633080005645752 -0.6819139719009399
vn -0.282833993434906 0.6427929997444153 -0.7119140028953552
vn -0.3488500118255615 0.15978200733661652 -0.9234570264816284
vn -0.3488500118255615 0.15978200733661652 -0.9234570264816284
vn -0.52326899766922 -0.010684999637305737 -0.8521010279655457
vn -0.4665589928627014 0.5633080005645752 -0.6819139719009399
vn -0.6579350233078003 -0.021438999101519585 -0.7527700066566467
vn -0.7001270055770874 -0.05990000069141388 -0.7115010023117065
vn -0.7124339938163757 -0.033215999603271484 -0.7009519934654236
vn -0.7124339938163757 -0.033215999603271484 -0.7009519934654236
vn -0.600009024143219 -0.14767000079154968 -0.7862460017204285
vn -0.6579350233078003 -0.021438999101519585 -0.7527700066566467
vn -0.7001270055770874 -0.05990000069141388 -0.7115010023117065
vn -0.6579350233078003 -0.021438999101519585 -0.7527700066566467
vn -0.9006159901618958 0.029485000297427177 -0.4336149990558624
vn -0.9006159901618958 0.029485000297427177 -0.4336149990558624
vn -0.867730975151062 -0.16042999923229218 -0.4704299867153168
vn -0.7001270055770874 -0.05990000069141388 -0.7115010023117065
vn -0.9979190230369568 0.05982999876141548 -0.024028999730944633
vn -0.9084929823875427 0.13035699725151062 0.3970490097999573
vn -0.8376590013504028 -0.2951450049877167 0.45958399772644043
vn -0.8376590013504028 -0.2951450049877167 0.45958399772644043
vn -0.9553220272064209 -0.2885949909687042 -0.06382399797439575
vn -0.9979190230369568 0.05982999876141548 -0.024028999730944633
vn -0.9084929823875427 0.13035699725151062 0.3970490097999573
vn -0.695950984954834 0.23700599372386932 0.6778500080108643
vn -0.5930060148239136 -0.17782899737358093 0.785315990447998
vn -0.5930060148239136 -0.17782899737358093 0.785315990447998
vn -0.8376590013504028 -0.2951450049877167 0.45958399772644043
vn -0.9084929823875427 0.13035699725151062 0.3970490097999573
vn -0.2600080072879791 -0.0801130011677742 0.9622769951820374
vn -0.5112850069999695 -0.10738900303840637 0.8526750206947327
vn -0.534434974193573 0.3061160147190094 0.7878280282020569
vn -0.534434974193573 0.3061160147190094 0.7878280282020569
vn -0.23592500388622284 0.30643001198768616 0.9221929907798767
vn -0.2600080072879791 -0.0801130011677742 0.9622769951820374
vn 0.0 0.27987998723983765 0.9600350260734558
vn 0.0 0.27987998723983765 0.9600350260734558
vn 0.0 -0.052365001291036606 0.9986280202865601
vn 0.0 -0.052365001291036606 0.9986280202865601
vn 0.007147999946027994 -0.05718199908733368 0.998337984085083
vn 0.0 0.27987998723983765 0.9600350260734558
vn -0.0 -0.037780001759529114 -0.9992859959602356
vn -0.0 -0.18903200328350067 -0.981971025466919
vn -0.3992609977722168 -0.2219880074262619 -0.8895570039749146
vn -0.3992609977722168 -0.2219880074262619 -0.8895570039749146
vn -0.4742009937763214 -0.0377499982714653 -0.8796070218086243
vn -0.0 -0.037780001759529114 -0.9992859959602356
vn -0.15420100092887878 0.22564400732517242 -0.9619290232658386
vn -0.01206700038164854 0.2287590056657791 -0.9734079837799072
vn 0.08591999858617783 -0.4425010085105896 -0.8926429748535156
vn 0.08591999858617783 -0.4425010085105896 -0.8926429748535156
vn -0.12233900278806686 -0.5454310178756714 -0.8291789889335632
vn -0.15420100092887878 0.22564400732517242 -0.9619290232658386
vn -0.15420100092887878 0.22564400732517242 -0.9619290232658386
vn -0.13635100424289703 0.6808840036392212 -0.7195870280265808
vn -0.01003899984061718 0.6515520215034485 -0.7585369944572449
vn -0.01003899984061718 0.6515520215034485 -0.7585369944572449
vn -0.01206700038164854 0.2287590056657791 -0.9734079837799072
vn -0.15420100092887878 0.22564400732517242 -0.9619290232658386
vn -0.13635100424289703 0.6808840036392212 -0.7195870280265808
vn -0.08686300367116928 0.9608380198478699 -0.26314398646354675
vn -0.019710000604391098 0.9544969797134399 -0.2975679934024811
vn -0.019710000604391098 0.9544969797134399 -0.2975679934024811
vn -0.01003899984061718 0.6515520215034485 -0.7585369944572449
vn -0.13635100424289703 0.6808840036392212 -0.7195870280265808
vn -0.08301500231027603 0.9068459868431091 0.4132060110569
vn -0.042552001774311066 0.859686017036438 0.5090479850769043
vn -0.037675000727176666 0.9992899894714355 0.0004199999966658652
vn -0.037675000727176666 0.9992899894714355 0.0004199999966658652
vn -0.07235799729824066 0.9973769783973694 0.0016370000084862113
vn -0.08301500231027603 0.9068459868431091 0.4132060110569
vn -0.042927999049425125 0.4495980143547058 0.8921989798545837
vn 0.03533799946308136 0.3396899998188019 0.9398729801177979
vn -0.042552001774311066 0.859686017036438 0.5090479850769043
vn -0.042552001774311066 0.859686017036438 0.5090479850769043
vn -0.08301500231027603 0.9068459868431091 0.4132060110569
vn -0.042927999049425125 0.4495980143547058 0.8921989798545837
vn 0.03533799946308136 0.3396899998188019 0.9398729801177979
vn -0.042927999049425125 0.4495980143547058 0.8921989798545837
vn -0.0009740000241436064 0.09485399723052979 0.9954910278320312
vn -0.0009740000241436064 0.09485399723052979 0.9954910278320312
vn 0.10044799745082855 0.09153100103139877 0.9907230138778687
vn 0.03533799946308136 0.3396899998188019 0.9398729801177979
vn -0.0009740000241436064 0.09485399723052979 0.9954910278320312
vn 0.06325700134038925 -0.17195799946784973 0.9830710291862488
vn 0.12149400264024734 -0.1597670018672943 0.9796500205993652
vn 0.12149400264024734 -0.1597670018672943 0.9796500205993652
vn 0.10044799745082855 0.09153100103139877 0.9907230138778687
vn -0.0009740000241436064 0.09485399723052979 0.9954910278320312
vn 0.06325700134038925 -0.17195799946784973 0.9830710291862488
vn 0.11356599628925323 -0.34882599115371704 0.9302809834480286
vn 0.11820600181818008 -0.3197129964828491 0.9401119947433472
vn 0.11820600181818008 -0.3197129964828491 0.9401119947433472
vn 0.12149400264024734 -0.1597670018672943 0.9796500205993652
vn 0.06325700134038925 -0.17195799946784973 0.9830710291862488
vn -0.17273500561714172 -0.34199199080467224 0.9236900210380554
vn -0.2600080072879791 -0.0801130011677742 0.9622769951820374
vn 0.007147999946027994 -0.05718199908733368 0.998337984085083
vn 0.007147999946027994 -0.05718199908733368 0.998337984085083
vn 0.06070299819111824 -0.2818700075149536 0.9575300216674805
vn -0.17273500561714172 -0.34199199080467224 0.9236900210380554
vn -0.23592500388622284 0.30643001198768616 0.9221929907798767
vn 0.0 0.27987998723983765 0.9600350260734558
vn 0.007147999946027994 -0.05718199908733368 0.998337984085083
vn 0.007147999946027994 -0.05718199908733368 0.998337984085083
vn -0.2600080072879791 -0.0801130011677742 0.9622769951820374
vn -0.23592500388622284 0.30643001198768616 0.9221929907798767
vn -0.23592500388622284 0.30643001198768616 0.9221929907798767
vn -0.15550999343395233 0.35442399978637695 0.9220629930496216
vn 0.0 0.31588101387023926 0.9487990140914917
vn 0.0 0.31588101387023926 0.9487990140914917
vn 0.0 0.27987998723983765 0.9600350260734558
vn -0.23592500388622284 0.30643001198768616 0.9221929907798767
vn -0.11882700026035309 0.07195000350475311 0.9903050065040588
vn -0.11091399937868118 -0.02901099994778633 0.9934070110321045
vn 0.0 -0.037884000688791275 0.9992820024490356
vn 0.0 -0.037884000688791275 0.9992820024490356
vn 0.0 0.06285800039768219 0.9980220198631287
vn -0.11882700026035309 0.07195000350475311 0.9903050065040588
vn -0.0 -1.0 0.0
vn -0.0 -1.0 0.0
vn -0.0 -1.0 0.0
vn -0.0 -1.0 0.0
vn -0.0 -1.0 0.0
vn -0.0 -1.0 0.0
vn -0.0 -1.0 0.0
vn -0.0 -1.0 0.0
vn -0.0 -1.0 0.0
vn -0.0 -1.0 0.0
vn -0.0 -1.0 0.0
vn -0.0 -1.0 -9.999999974752427e-07
vn -0.0 -1.0 -9.999999974752427e-07
vn -0.0 -1.0 -9.999999974752427e-07
vn -0.0 -1.0 -9.999999974752427e-07
vn -0.0 -1.0 -9.999999974752427e-07
vn -0.0 -1.0 -9.999999974752427e-07
vn -0.0351330004632473 -0.3810870051383972 -0.9238709807395935
vn -0.11076699942350388 -0.29034098982810974 -0.9504910111427307
vn -0.13638700544834137 -0.4854559898376465 -0.863556981086731
vn -0.13638700544834137 -0.4854559898376465 -0.863556981086731
vn -0.09239199757575989 -0.560276985168457 -0.8231359720230103
vn -0.0351330004632473 -0.3810870051383972 -0.9238709807395935
vn -0.3389660120010376 -0.16230399906635284 -0.9266930222511292
vn -0.600009024143219 -0.14767000079154968 -0.7862460017204285
vn -0.3992609977722168 -0.2219880074262619 -0.8895570039749146
vn -0.3992609977722168 -0.2219880074262619 -0.8895570039749146
vn -0.2576189935207367 -0.35153600573539734 -0.9000300168991089
vn -0.3389660120010376 -0.16230399906635284 -0.9266930222511292
vn -0.600009024143219 -0.14767000079154968 -0.7862460017204285
vn -0.7124339938163757 -0.033215999603271484 -0.7009519934654236
vn -0.4742009937763214 -0.0377499982714653 -0.8796070218086243
vn -0.4742009937763214 -0.0377499982714653 -0.8796070218086243
vn -0.3992609977722168 -0.2219880074262619 -0.8895570039749146
vn -0.600009024143219 -0.14767000079154968 -0.7862460017204285
vn -0.4947640001773834 -0.5327609777450562 -0.6865670084953308
vn -0.18232199549674988 -0.46721500158309937 -0.865140974521637
vn -0.4742009937763214 -0.0377499982714653 -0.8796070218086243
vn -0.4742009937763214 -0.0377499982714653 -0.8796070218086243
vn -0.7124339938163757 -0.033215999603271484 -0.7009519934654236
vn -0.4947640001773834 -0.5327609777450562 -0.6865670084953308
vn -0.9999939799308777 -0.0024309998843818903 -0.0023419999051839113
vn -0.9999979734420776 -0.00030700000934302807 0.0020890000741928816
vn -0.960640013217926 -0.19514800608158112 -0.1977050006389618
vn -0.960640013217926 -0.19514800608158112 -0.1977050006389618
vn -0.9833629727363586 -0.18108299374580383 -0.01437699981033802
vn -0.9999939799308777 -0.0024309998843818903 -0.0023419999051839113
vn -0.9833629727363586 -0.18108299374580383 -0.01437699981033802
vn -0.960640013217926 -0.19514800608158112 -0.1977050006389618
vn -0.6876699924468994 -0.5088719725608826 -0.5178400278091431
vn -0.6876699924468994 -0.5088719725608826 -0.5178400278091431
vn -0.8045520186424255 -0.5876049995422363 -0.08611799776554108
vn -0.9833629727363586 -0.18108299374580383 -0.01437699981033802
vn -0.9553220272064209 -0.2885949909687042 -0.06382399797439575
vn -0.8173840045928955 -0.5608919858932495 -0.1314689964056015
vn -0.7171379923820496 -0.36201000213623047 -0.5955349802970886
vn -0.7171379923820496 -0.36201000213623047 -0.5955349802970886
vn -0.867730975151062 -0.16042999923229218 -0.4704299867153168
vn -0.9553220272064209 -0.2885949909687042 -0.06382399797439575
vn -0.9006159901618958 0.029485000297427177 -0.4336149990558624
vn -0.9979190230369568 0.05982999876141548 -0.024028999730944633
vn -0.9553220272064209 -0.2885949909687042 -0.06382399797439575
vn -0.9553220272064209 -0.2885949909687042 -0.06382399797439575
vn -0.867730975151062 -0.16042999923229218 -0.4704299867153168
vn -0.9006159901618958 0.029485000297427177 -0.4336149990558624
vn -0.9979190230369568 0.05982999876141548 -0.024028999730944633
vn -0.9006159901618958 0.029485000297427177 -0.4336149990558624
vn -0.8785319924354553 0.23238199949264526 -0.4173490107059479
vn -0.8785319924354553 0.23238199949264526 -0.4173490107059479
vn -0.9603080153465271 0.2767379879951477 -0.034984998404979706
vn -0.9979190230369568 0.05982999876141548 -0.024028999730944633
vn -0.8936880230903625 0.13563600182533264 -0.42769700288772583
vn -0.9884160161018372 0.1477469950914383 -0.034717999398708344
vn -0.988215982913971 0.1477690041065216 -0.03991900011897087
vn -0.988215982913971 0.1477690041065216 -0.03991900011897087
vn -0.8922370076179504 0.15170300006866455 -0.4253219962120056
vn -0.8936880230903625 0.13563600182533264 -0.42769700288772583
vn -0.0 -1.0 0.0
vn -0.0 -1.0 0.0
vn -0.0 -1.0 0.0
vn -0.0 -1.0 0.0
vn -0.0 -1.0 0.0
vn -0.0 -1.0 0.0
vn -0.0 -1.0 0.0
vn -0.0 -1.0 0.0
vn -0.0 -1.0 0.0
vn -0.0 -1.0 0.0
vn -0.0 -1.0 0.0
vn -0.0 -1.0 0.0
vn -0.0 -1.0 0.0
vn -0.0 -1.0 0.0
vn -0.0 -1.0 0.0
vn -0.0 -1.0 0.0
vn -0.019710000604391098 0.9544969797134399 -0.2975679934024811
vn -0.037675000727176666 0.9992899894714355 0.0004199999966658652
vn 0.0 1.0 -0.0
vn 0.0 1.0 -0.0
vn 0.0 0.9452160000801086 -0.3264470100402832
vn -0.019710000604391098 0.9544969797134399 -0.2975679934024811
vn -0.08686300367116928 0.9608380198478699 -0.26314398646354675
vn -0.07235799729824066 0.9973769783973694 0.0016370000084862113
vn -0.037675000727176666 0.9992899894714355 0.0004199999966658652
vn -0.037675000727176666 0.9992899894714355 0.0004199999966658652
vn -0.019710000604391098 0.9544969797134399 -0.2975679934024811
vn -0.08686300367116928 0.9608380198478699 -0.26314398646354675
vn -0.36013299226760864 0.8908789753913879 -0.27683699131011963
vn -0.2894729971885681 0.9571840167045593 0.0022559999488294125
vn -0.1614830046892166 0.9868710041046143 0.0028619999065995216
vn -0.1614830046892166 0.9868710041046143 0.0028619999065995216
vn -0.206276997923851 0.9380220174789429 -0.27850401401519775
vn -0.36013299226760864 0.8908789753913879 -0.27683699131011963
vn -0.9999939799308777 -0.0024309998843818903 -0.0023419999051839113
vn -0.8157849907875061 0.5783550143241882 0.0007590000168420374
vn -0.8428090214729309 0.5164240002632141 -0.1515910029411316
vn -0.8428090214729309 0.5164240002632141 -0.1515910029411316
vn -0.9999979734420776 -0.00030700000934302807 0.0020890000741928816
vn -0.9999939799308777 -0.0024309998843818903 -0.0023419999051839113
vn -0.5116779804229736 -0.6138730049133301 -0.6011199951171875
vn -0.766057014465332 -0.48359501361846924 -0.42343100905418396
vn -0.891631007194519 -0.06261999905109406 -0.4484109878540039
vn -0.891631007194519 -0.06261999905109406 -0.4484109878540039
vn -0.52326899766922 -0.010684999637305737 -0.8521010279655457
vn -0.5116779804229736 -0.6138730049133301 -0.6011199951171875
vn -0.7954350113868713 0.38034799695014954 -0.4718259871006012
vn -0.4665589928627014 0.5633080005645752 -0.6819139719009399
vn -0.52326899766922 -0.010684999637305737 -0.8521010279655457
vn -0.52326899766922 -0.010684999637305737 -0.8521010279655457
vn -0.891631007194519 -0.06261999905109406 -0.4484109878540039
vn -0.7954350113868713 0.38034799695014954 -0.4718259871006012
vn -0.7954350113868713 0.38034799695014954 -0.4718259871006012
vn -0.8428090214729309 0.5164240002632141 -0.1515910029411316
vn -0.36013299226760864 0.8908789753913879 -0.27683699131011963
vn -0.36013299226760864 0.8908789753913879 -0.27683699131011963
vn -0.4665589928627014 0.5633080005645752 -0.6819139719009399
vn -0.7954350113868713 0.38034799695014954 -0.4718259871006012
vn -0.8428090214729309 0.5164240002632141 -0.1515910029411316
vn -0.8157849907875061 0.5783550143241882 0.0007590000168420374
vn -0.2894729971885681 0.9571840167045593 0.0022559999488294125
vn -0.2894729971885681 0.9571840167045593 0.0022559999488294125
vn -0.36013299226760864 0.8908789753913879 -0.27683699131011963
vn -0.8428090214729309 0.5164240002632141 -0.1515910029411316
vn -0.8588759899139404 0.4469580054283142 0.250122994184494
vn -0.38875898718833923 0.7891889810562134 0.4754450023174286
vn -0.2894729971885681 0.9571840167045593 0.0022559999488294125
vn -0.2894729971885681 0.9571840167045593 0.0022559999488294125
vn -0.8157849907875061 0.5783550143241882 0.0007590000168420374
vn -0.8588759899139404 0.4469580054283142 0.250122994184494
vn -0.7151150107383728 0.3002980053424835 0.63121497631073
vn -0.3784849941730499 0.36238500475883484 0.8517190217971802
vn -0.38875898718833923 0.7891889810562134 0.4754450023174286
vn -0.38875898718833923 0.7891889810562134 0.4754450023174286
vn -0.8588759899139404 0.4469580054283142 0.250122994184494
vn -0.7151150107383728 0.3002980053424835 0.63121497631073
vn -0.7151150107383728 0.3002980053424835 0.63121497631073
vn -0.7986260056495667 0.0488630011677742 0.5998409986495972
vn -0.3024680018424988 0.08822199702262878 0.949068009853363
vn -0.3024680018424988 0.08822199702262878 0.949068009853363
vn -0.3784849941730499 0.36238500475883484 0.8517190217971802
vn -0.7151150107383728 0.3002980053424835 0.63121497631073
vn -0.7986260056495667 0.0488630011677742 0.5998409986495972
vn -0.6969239711761475 -0.30897700786590576 0.6471710205078125
vn -0.2657470107078552 -0.2779049873352051 0.923117995262146
vn -0.2657470107078552 -0.2779049873352051 0.923117995262146
vn -0.3024680018424988 0.08822199702262878 0.949068009853363
vn -0.7986260056495667 0.0488630011677742 0.5998409986495972
vn -0.4273639917373657 -0.6263830065727234 0.6519230008125305
vn -0.2528350055217743 -0.5315510034561157 0.8084110021591187
vn -0.2657470107078552 -0.2779049873352051 0.923117995262146
vn -0.2657470107078552 -0.2779049873352051 0.923117995262146
vn -0.6969239711761475 -0.30897700786590576 0.6471710205078125
vn -0.4273639917373657 -0.6263830065727234 0.6519230008125305
vn -0.41690999269485474 -0.4803659915924072 0.7716439962387085
vn -0.5930060148239136 -0.17782899737358093 0.785315990447998
vn -0.5112850069999695 -0.10738900303840637 0.8526750206947327
vn -0.5112850069999695 -0.10738900303840637 0.8526750206947327
vn -0.37378600239753723 -0.39857301115989685 0.8375099897384644
vn -0.41690999269485474 -0.4803659915924072 0.7716439962387085
vn -0.5112850069999695 -0.10738900303840637 0.8526750206947327
vn -0.5930060148239136 -0.17782899737358093 0.785315990447998
vn -0.695950984954834 0.23700599372386932 0.6778500080108643
vn -0.695950984954834 0.23700599372386932 0.6778500080108643
vn -0.534434974193573 0.3061160147190094 0.7878280282020569
vn -0.5112850069999695 -0.10738900303840637 0.8526750206947327
vn -0.704259991645813 0.40734800696372986 0.5814520120620728
vn -0.4714600145816803 0.4107869863510132 0.7803720235824585
vn -0.534434974193573 0.3061160147190094 0.7878280282020569
vn -0.534434974193573 0.3061160147190094 0.7878280282020569
vn -0.695950984954834 0.23700599372386932 0.6778500080108643
vn -0.704259991645813 0.40734800696372986 0.5814520120620728
vn -0.7437719702720642 0.17108699679374695 0.6461679935455322
vn -0.737151026725769 0.11580000072717667 0.6657320261001587
vn -0.4057370126247406 0.02345299907028675 0.9136890172958374
vn -0.4057370126247406 0.02345299907028675 0.9136890172958374
vn -0.4317440092563629 0.1171329990029335 0.8943579792976379
vn -0.7437719702720642 0.17108699679374695 0.6461679935455322
vn -0.0 -1.0 0.0
vn -0.0 -1.0 0.0
vn -0.0 -1.0 0.0
vn -0.0 -1.0 0.0
vn -0.0 -1.0 0.0
vn -0.0 -1.0 0.0
vn -0.4899500012397766 -0.6734219789505005 -0.5535799860954285
vn -0.5289919972419739 -0.5106329917907715 -0.67780601978302
vn -0.7171379923820496 -0.36201000213623047 -0.5955349802970886
vn -0.7171379923820496 -0.36201000213623047 -0.5955349802970886
vn -0.6876699924468994 -0.5088719725608826 -0.5178400278091431
vn -0.4899500012397766 -0.6734219789505005 -0.5535799860954285
vn -0.8173840045928955 -0.5608919858932495 -0.1314689964056015
vn -0.8045520186424255 -0.5876049995422363 -0.08611799776554108
vn -0.6876699924468994 -0.5088719725608826 -0.5178400278091431
vn -0.6876699924468994 -0.5088719725608826 -0.5178400278091431
vn -0.7171379923820496 -0.36201000213623047 -0.5955349802970886
vn -0.8173840045928955 -0.5608919858932495 -0.1314689964056015
vn -0.6702529788017273 -0.6040779948234558 0.43110400438308716
vn -0.7075179815292358 -0.648481011390686 0.28087499737739563
vn -0.8045520186424255 -0.5876049995422363 -0.08611799776554108
vn -0.8045520186424255 -0.5876049995422363 -0.08611799776554108
vn -0.8173840045928955 -0.5608919858932495 -0.1314689964056015
vn -0.6702529788017273 -0.6040779948234558 0.43110400438308716
vn -0.6702529788017273 -0.6040779948234558 0.43110400438308716
vn -0.41690999269485474 -0.4803659915924072 0.7716439962387085
vn -0.4273639917373657 -0.6263830065727234 0.6519230008125305
vn -0.4273639917373657 -0.6263830065727234 0.6519230008125305
vn -0.7075179815292358 -0.648481011390686 0.28087499737739563
vn -0.6702529788017273 -0.6040779948234558 0.43110400438308716
vn -0.41690999269485474 -0.4803659915924072 0.7716439962387085
vn -0.37378600239753723 -0.39857301115989685 0.8375099897384644
vn -0.2528350055217743 -0.5315510034561157 0.8084110021591187
vn -0.2528350055217743 -0.5315510034561157 0.8084110021591187
vn -0.4273639917373657 -0.6263830065727234 0.6519230008125305
vn -0.41690999269485474 -0.4803659915924072 0.7716439962387085
vn -0.37378600239753723 -0.39857301115989685 0.8375099897384644
vn -0.17273500561714172 -0.34199199080467224 0.9236900210380554
vn -0.07787500321865082 -0.44348400831222534 0.8928930163383484
vn -0.07787500321865082 -0.44348400831222534 0.8928930163383484
vn -0.2528350055217743 -0.5315510034561157 0.8084110021591187
vn -0.37378600239753723 -0.39857301115989685 0.8375099897384644
vn 0.06070299819111824 -0.2818700075149536 0.9575300216674805
vn 0.11820600181818008 -0.3197129964828491 0.9401119947433472
vn 0.11356599628925323 -0.34882599115371704 0.9302809834480286
vn 0.11820600181818008 -0.3197129964828491 0.9401119947433472
vn 0.06070299819111824 -0.2818700075149536 0.9575300216674805
vn 0.0 -0.24782399833202362 0.9688050150871277
vn 0.0 -0.24782399833202362 0.9688050150871277
vn 0.0 -0.30261701345443726 0.953112006187439
vn 0.11820600181818008 -0.3197129964828491 0.9401119947433472
vn -0.8066650032997131 -0.46614399552345276 -0.363319993019104
vn -0.4899500012397766 -0.6734219789505005 -0.5535799860954285
vn -0.6876699924468994 -0.5088719725608826 -0.5178400278091431
vn -0.6876699924468994 -0.5088719725608826 -0.5178400278091431
vn -0.960640013217926 -0.19514800608158112 -0.1977050006389618
vn -0.8066650032997131 -0.46614399552345276 -0.363319993019104
vn -0.18232199549674988 -0.46721500158309937 -0.865140974521637
vn -0.4947640001773834 -0.5327609777450562 -0.6865670084953308
vn -0.12233900278806686 -0.5454310178756714 -0.8291789889335632
vn -0.12233900278806686 -0.5454310178756714 -0.8291789889335632
vn 0.08591999858617783 -0.4425010085105896 -0.8926429748535156
vn -0.18232199549674988 -0.46721500158309937 -0.865140974521637
vn -0.3746219873428345 -0.5835689902305603 -0.7204899787902832
vn -0.12233900278806686 -0.5454310178756714 -0.8291789889335632
vn -0.4947640001773834 -0.5327609777450562 -0.6865670084953308
vn -0.4947640001773834 -0.5327609777450562 -0.6865670084953308
vn -0.5289919972419739 -0.5106329917907715 -0.67780601978302
vn -0.3746219873428345 -0.5835689902305603 -0.7204899787902832
vn -0.3488500118255615 0.15978200733661652 -0.9234570264816284
vn -0.15420100092887878 0.22564400732517242 -0.9619290232658386
vn -0.12233900278806686 -0.5454310178756714 -0.8291789889335632
vn -0.12233900278806686 -0.5454310178756714 -0.8291789889335632
vn -0.3746219873428345 -0.5835689902305603 -0.7204899787902832
vn -0.3488500118255615 0.15978200733661652 -0.9234570264816284
vn -0.3488500118255615 0.15978200733661652 -0.9234570264816284
vn -0.282833993434906 0.6427929997444153 -0.7119140028953552
vn -0.13635100424289703 0.6808840036392212 -0.7195870280265808
vn -0.13635100424289703 0.6808840036392212 -0.7195870280265808
vn -0.15420100092887878 0.22564400732517242 -0.9619290232658386
vn -0.3488500118255615 0.15978200733661652 -0.9234570264816284
vn -0.282833993434906 0.6427929997444153 -0.7119140028953552
vn -0.206276997923851 0.9380220174789429 -0.27850401401519775
vn -0.08686300367116928 0.9608380198478699 -0.26314398646354675
vn -0.08686300367116928 0.9608380198478699 -0.26314398646354675
vn -0.13635100424289703 0.6808840036392212 -0.7195870280265808
vn -0.282833993434906 0.6427929997444153 -0.7119140028953552
vn -0.206276997923851 0.9380220174789429 -0.27850401401519775
vn -0.1614830046892166 0.9868710041046143 0.0028619999065995216
vn -0.07235799729824066 0.9973769783973694 0.0016370000084862113
vn -0.07235799729824066 0.9973769783973694 0.0016370000084862113
vn -0.08686300367116928 0.9608380198478699 -0.26314398646354675
vn -0.206276997923851 0.9380220174789429 -0.27850401401519775
vn -0.18763099610805511 0.8756539821624756 0.44499900937080383
vn -0.08301500231027603 0.9068459868431091 0.4132060110569
vn -0.07235799729824066 0.9973769783973694 0.0016370000084862113
vn -0.07235799729824066 0.9973769783973694 0.0016370000084862113
vn -0.1614830046892166 0.9868710041046143 0.0028619999065995216
vn -0.18763099610805511 0.8756539821624756 0.44499900937080383
vn -0.1792750060558319 0.42489200830459595 0.8873149752616882
vn -0.042927999049425125 0.4495980143547058 0.8921989798545837
vn -0.08301500231027603 0.9068459868431091 0.4132060110569
vn -0.08301500231027603 0.9068459868431091 0.4132060110569
vn -0.18763099610805511 0.8756539821624756 0.44499900937080383
vn -0.1792750060558319 0.42489200830459595 0.8873149752616882
vn -0.042927999049425125 0.4495980143547058 0.8921989798545837
vn -0.1792750060558319 0.42489200830459595 0.8873149752616882
vn -0.15778400003910065 0.0968180000782013 0.9827160239219666
vn -0.15778400003910065 0.0968180000782013 0.9827160239219666
vn -0.0009740000241436064 0.09485399723052979 0.9954910278320312
vn -0.042927999049425125 0.4495980143547058 0.8921989798545837
vn -0.15778400003910065 0.0968180000782013 0.9827160239219666
vn -0.10380200296640396 -0.22336600720882416 0.9691920280456543
vn 0.06325700134038925 -0.17195799946784973 0.9830710291862488
vn 0.06325700134038925 -0.17195799946784973 0.9830710291862488
vn -0.0009740000241436064 0.09485399723052979 0.9954910278320312
vn -0.15778400003910065 0.0968180000782013 0.9827160239219666
vn -0.10380200296640396 -0.22336600720882416 0.9691920280456543
vn -0.07787500321865082 -0.44348400831222534 0.8928930163383484
vn 0.11356599628925323 -0.34882599115371704 0.9302809834480286
vn 0.11356599628925323 -0.34882599115371704 0.9302809834480286
vn 0.06325700134038925 -0.17195799946784973 0.9830710291862488
vn -0.10380200296640396 -0.22336600720882416 0.9691920280456543
vn -0.17273500561714172 -0.34199199080467224 0.9236900210380554
vn 0.06070299819111824 -0.2818700075149536 0.9575300216674805
vn 0.11356599628925323 -0.34882599115371704 0.9302809834480286
vn 0.11356599628925323 -0.34882599115371704 0.9302809834480286
vn -0.07787500321865082 -0.44348400831222534 0.8928930163383484
vn -0.17273500561714172 -0.34199199080467224 0.9236900210380554
vn 0.0 0.31588101387023926 0.9487990140914917
vn 0.0 0.06285800039768219 0.9980220198631287
vn 0.0 0.06285800039768219 0.9980220198631287
vn 0.0 0.06285800039768219 0.9980220198631287
vn 0.0 0.31588101387023926 0.9487990140914917
vn 0.0 0.31588101387023926 0.9487990140914917
vn -0.15550999343395233 0.35442399978637695 0.9220629930496216
vn -0.11882700026035309 0.07195000350475311 0.9903050065040588
vn 0.0 0.06285800039768219 0.9980220198631287
vn 0.0 0.06285800039768219 0.9980220198631287
vn 0.0 0.31588101387023926 0.9487990140914917
vn -0.15550999343395233 0.35442399978637695 0.9220629930496216
vn -0.4714600145816803 0.4107869863510132 0.7803720235824585
vn -0.4317440092563629 0.1171329990029335 0.8943579792976379
vn -0.11882700026035309 0.07195000350475311 0.9903050065040588
vn -0.11882700026035309 0.07195000350475311 0.9903050065040588
vn -0.15550999343395233 0.35442399978637695 0.9220629930496216
vn -0.4714600145816803 0.4107869863510132 0.7803720235824585
vn -0.704259991645813 0.40734800696372986 0.5814520120620728
vn -0.7437719702720642 0.17108699679374695 0.6461679935455322
vn -0.4317440092563629 0.1171329990029335 0.8943579792976379
vn -0.4317440092563629 0.1171329990029335 0.8943579792976379
vn -0.4714600145816803 0.4107869863510132 0.7803720235824585
vn -0.704259991645813 0.40734800696372986 0.5814520120620728
vn -0.9375540018081665 0.17070600390434265 0.3030700087547302
vn -0.7437719702720642 0.17108699679374695 0.6461679935455322
vn -0.704259991645813 0.40734800696372986 0.5814520120620728
vn -0.704259991645813 0.40734800696372986 0.5814520120620728
vn -0.8827660083770752 0.3510119915008545 0.3122729957103729
vn -0.9375540018081665 0.17070600390434265 0.3030700087547302
vn -0.988215982913971 0.1477690041065216 -0.03991900011897087
vn -0.9375540018081665 0.17070600390434265 0.3030700087547302
vn -0.8827660083770752 0.3510119915008545 0.3122729957103729
vn -0.8827660083770752 0.3510119915008545 0.3122729957103729
vn -0.9603080153465271 0.2767379879951477 -0.034984998404979706
vn -0.988215982913971 0.1477690041065216 -0.03991900011897087
vn -0.8785319924354553 0.23238199949264526 -0.4173490107059479
vn -0.8922370076179504 0.15170300006866455 -0.4253219962120056
vn -0.988215982913971 0.1477690041065216 -0.03991900011897087
vn -0.988215982913971 0.1477690041065216 -0.03991900011897087
vn -0.9603080153465271 0.2767379879951477 -0.034984998404979706
vn -0.8785319924354553 0.23238199949264526 -0.4173490107059479
vn -0.5455780029296875 0.11206900328397751 -0.8305330276489258
vn -0.4639419913291931 0.006076999939978123 -0.8858450055122375
vn -0.8922370076179504 0.15170300006866455 -0.4253219962120056
vn -0.8922370076179504 0.15170300006866455 -0.4253219962120056
vn -0.8785319924354553 0.23238199949264526 -0.4173490107059479
vn -0.5455780029296875 0.11206900328397751 -0.8305330276489258
vn -0.4639419913291931 0.006076999939978123 -0.8858450055122375
vn -0.5455780029296875 0.11206900328397751 -0.8305330276489258
vn -0.3389660120010376 -0.16230399906635284 -0.9266930222511292
vn -0.3389660120010376 -0.16230399906635284 -0.9266930222511292
vn -0.11076699942350388 -0.29034098982810974 -0.9504910111427307
vn -0.4639419913291931 0.006076999939978123 -0.8858450055122375
vn -0.11076699942350388 -0.29034098982810974 -0.9504910111427307
vn -0.3389660120010376 -0.16230399906635284 -0.9266930222511292
vn -0.2576189935207367 -0.35153600573539734 -0.9000300168991089
vn -0.2576189935207367 -0.35153600573539734 -0.9000300168991089
vn -0.13638700544834137 -0.4854559898376465 -0.863556981086731
vn -0.11076699942350388 -0.29034098982810974 -0.9504910111427307
vn -0.0 -0.37224701046943665 -0.928134024143219
vn -0.0 -0.5398340225219727 -0.8417720198631287
vn -0.13638700544834137 -0.4854559898376465 -0.863556981086731
vn -0.13638700544834137 -0.4854559898376465 -0.863556981086731
vn -0.2576189935207367 -0.35153600573539734 -0.9000300168991089
vn -0.0 -0.37224701046943665 -0.928134024143219
vn 0.9006159901618958 0.029485000297427177 -0.4336149990558624
vn 0.8785319924354553 0.23238199949264526 -0.4173490107059479
vn 0.5455780029296875 0.11206900328397751 -0.8305330276489258
vn 0.5455780029296875 0.11206900328397751 -0.8305330276489258
vn 0.6579350233078003 -0.021438999101519585 -0.7527700066566467
vn 0.9006159901618958 0.029485000297427177 -0.4336149990558624
vn 0.2576189935207367 -0.35153600573539734 -0.9000300168991089
vn -0.0 -0.37224701046943665 -0.928134024143219
vn -0.0 -0.18903200328350067 -0.981971025466919
vn -0.0 -0.18903200328350067 -0.981971025466919
vn 0.3992609977722168 -0.2219880074262619 -0.8895570039749146
vn 0.2576189935207367 -0.35153600573539734 -0.9000300168991089
vn 0.01003899984061718 0.6515520215034485 -0.7585369944572449
vn 0.0 0.6216539740562439 -0.7832919955253601
vn 0.0 0.9452160000801086 -0.3264470100402832
vn 0.0 0.9452160000801086 -0.3264470100402832
vn 0.019710000604391098 0.9544969797134399 -0.2975679934024811
vn 0.01003899984061718 0.6515520215034485 -0.7585369944572449
vn 0.0 0.27987998723983765 0.9600350260734558
vn 0.0 0.27987998723983765 0.9600350260734558
vn 0.0 0.31588101387023926 0.9487990140914917
vn 0.0 0.31588101387023926 0.9487990140914917
vn 0.0 0.31588101387023926 0.9487990140914917
vn 0.0 0.27987998723983765 0.9600350260734558
vn -0.0 -1.0 0.0
vn -0.0 -1.0 0.0
vn -0.0 -1.0 0.0
vn -0.0 -1.0 0.0
vn -0.0 -1.0 0.0
vn -0.0 -1.0 0.0
vn -0.10044799745082855 0.09153100103139877 0.9907230138778687
vn 0.0 0.08857200294733047 0.9960700273513794
vn 0.0 -0.15350399911403656 0.9881479740142822
vn 0.0 -0.15350399911403656 0.9881479740142822
vn -0.12149400264024734 -0.1597670018672943 0.9796500205993652
vn -0.10044799745082855 0.09153100103139877 0.9907230138778687
vn 0.8916320204734802 -0.06261999905109406 -0.4484100043773651
vn 0.9999979734420776 -0.00030700000934302807 0.0020890000741928816
vn 0.960640013217926 -0.19514800608158112 -0.1977050006389618
vn 0.8916320204734802 -0.06261999905109406 -0.4484100043773651
vn 0.960640013217926 -0.19514800608158112 -0.1977050006389618
vn 0.8066650032997131 -0.46614399552345276 -0.3633210062980652
vn 0.8916320204734802 -0.06261999905109406 -0.4484100043773651
vn 0.8066650032997131 -0.46614399552345276 -0.3633210062980652
vn 0.766057014465332 -0.48359501361846924 -0.42343100905418396
vn 0.01206700038164854 0.2287590056657791 -0.9734079837799072
vn -0.08591999858617783 -0.4425010085105896 -0.8926429748535156
vn -0.0 -0.37317898869514465 -0.9277589917182922
vn -0.0 -0.37317898869514465 -0.9277589917182922
vn -0.0 0.2269899994134903 -0.9738969802856445
vn 0.01206700038164854 0.2287590056657791 -0.9734079837799072
vn -0.12149400264024734 -0.1597670018672943 0.9796500205993652
vn 0.0 -0.15350399911403656 0.9881479740142822
vn 0.0 -0.30261701345443726 0.953112006187439
vn 0.0 -0.30261701345443726 0.953112006187439
vn -0.11820600181818008 -0.3197129964828491 0.9401119947433472
vn -0.12149400264024734 -0.1597670018672943 0.9796500205993652
vn 0.766057014465332 -0.48359501361846924 -0.42343100905418396
vn 0.8066650032997131 -0.46614399552345276 -0.3633210062980652
vn 0.4899500012397766 -0.6734219789505005 -0.5535799860954285
vn 0.4899500012397766 -0.6734219789505005 -0.5535799860954285
vn 0.5116779804229736 -0.6138730049133301 -0.6011199951171875
vn 0.766057014465332 -0.48359501361846924 -0.42343100905418396
vn -0.08591999858617783 -0.4425010085105896 -0.8926429748535156
vn 0.18232199549674988 -0.46721500158309937 -0.865140974521637
vn -0.0 -0.37358400225639343 -0.9275959730148315
vn -0.0 -0.37358400225639343 -0.9275959730148315
vn -0.0 -0.37317898869514465 -0.9277589917182922
vn -0.08591999858617783 -0.4425010085105896 -0.8926429748535156
vn 0.4665589928627014 0.5633080005645752 -0.6819139719009399
vn 0.282833993434906 0.6427929997444153 -0.7119140028953552
vn 0.206276997923851 0.9380220174789429 -0.27850401401519775
vn 0.206276997923851 0.9380220174789429 -0.27850401401519775
vn 0.36013299226760864 0.8908789753913879 -0.27683699131011963
vn 0.4665589928627014 0.5633080005645752 -0.6819139719009399
vn 0.3024680018424988 0.08822199702262878 0.949068009853363
vn 0.15778400003910065 0.0968180000782013 0.9827160239219666
vn 0.10380200296640396 -0.22336600720882416 0.9691920280456543
vn 0.10380200296640396 -0.22336600720882416 0.9691920280456543
vn 0.2657470107078552 -0.2779049873352051 0.923117995262146
vn 0.3024680018424988 0.08822199702262878 0.949068009853363
vn 0.10380200296640396 -0.22336600720882416 0.9691920280456543
vn 0.07787500321865082 -0.44348299503326416 0.8928930163383484
vn 0.2528350055217743 -0.5315510034561157 0.8084110021591187
vn 0.2528350055217743 -0.5315510034561157 0.8084110021591187
vn 0.2657470107078552 -0.2779049873352051 0.923117995262146
vn 0.10380200296640396 -0.22336600720882416 0.9691920280456543
vn 0.534434974193573 0.3061160147190094 0.7878280282020569
vn 0.23592500388622284 0.30643001198768616 0.9221929907798767
vn 0.15550999343395233 0.35442399978637695 0.9220629930496216
vn 0.15550999343395233 0.35442399978637695 0.9220629930496216
vn 0.4714600145816803 0.4107869863510132 0.7803720235824585
vn 0.534434974193573 0.3061160147190094 0.7878280282020569
vn -0.0 -1.0 0.0
vn -0.0 -1.0 0.0
vn -0.0 -1.0 0.0
vn -0.0 -1.0 0.0
vn -0.0 -1.0 0.0
vn -0.0 -1.0 0.0
vn 0.5455780029296875 0.11206900328397751 -0.8305330276489258
vn 0.3389660120010376 -0.16230399906635284 -0.9266930222511292
vn 0.600009024143219 -0.14767000079154968 -0.7862460017204285
vn 0.600009024143219 -0.14767000079154968 -0.7862460017204285
vn 0.6579350233078003 -0.021438999101519585 -0.7527700066566467
vn 0.5455780029296875 0.11206900328397751 -0.8305330276489258
vn 0.5289919972419739 -0.5106329917907715 -0.67780601978302
vn 0.3746219873428345 -0.5835689902305603 -0.7204899787902832
vn 0.5116779804229736 -0.6138730049133301 -0.6011199951171875
vn 0.5116779804229736 -0.6138730049133301 -0.6011199951171875
vn 0.4899500012397766 -0.6734219789505005 -0.5535799860954285
vn 0.5289919972419739 -0.5106329917907715 -0.67780601978302
vn 0.3746219873428345 -0.5835689902305603 -0.7204899787902832
vn 0.3488500118255615 0.15978200733661652 -0.9234570264816284
vn 0.52326899766922 -0.010684999637305737 -0.8521000146865845
vn 0.52326899766922 -0.010684999637305737 -0.8521000146865845
vn 0.5116779804229736 -0.6138730049133301 -0.6011199951171875
vn 0.3746219873428345 -0.5835689902305603 -0.7204899787902832
vn -0.0 -1.0 0.0
vn -0.0 -1.0 0.0
vn -0.0 -1.0 0.0
vn -0.0 -1.0 0.0
vn -0.0 -1.0 0.0
vn -0.0 -1.0 0.0
vn -0.0 -1.0 0.0
vn -0.0 -1.0 0.0
vn -0.0 -1.0 0.0
vn -0.0 -1.0 0.0
vn -0.0 -1.0 0.0
vn -0.0 -1.0 0.0
vn 0.9603080153465271 0.2767379879951477 -0.034984998404979706
vn 0.9979190230369568 0.05982999876141548 -0.024028999730944633
vn 0.9084929823875427 0.13035699725151062 0.3970490097999573
vn 0.9084929823875427 0.13035699725151062 0.3970490097999573
vn 0.8827660083770752 0.3510110080242157 0.3122729957103729
vn 0.9603080153465271 0.2767379879951477 -0.034984998404979706
vn 0.7075179815292358 -0.648481011390686 0.28087499737739563
vn 0.8045520186424255 -0.5876049995422363 -0.08611799776554108
vn 0.9833629727363586 -0.18108299374580383 -0.01437699981033802
vn 0.9833629727363586 -0.18108299374580383 -0.01437699981033802
vn 0.9698780179023743 -0.2141129970550537 0.11615200340747833
vn 0.7075179815292358 -0.648481011390686 0.28087499737739563
vn 0.9698780179023743 -0.2141129970550537 0.11615200340747833
vn 0.9833629727363586 -0.18108299374580383 -0.01437699981033802
vn 0.9999939799308777 -0.0024309998843818903 -0.0023419999051839113
vn 0.9999939799308777 -0.0024309998843818903 -0.0023419999051839113
vn 0.9999129772186279 -0.000371000001905486 0.013220000080764294
vn 0.9698780179023743 -0.2141129970550537 0.11615200340747833
vn 0.1614830046892166 0.9868710041046143 0.0028619999065995216
vn 0.18763099610805511 0.8756549954414368 0.44499799609184265
vn 0.38875898718833923 0.7891889810562134 0.4754450023174286
vn 0.38875898718833923 0.7891889810562134 0.4754450023174286
vn 0.2894729971885681 0.9571840167045593 0.0022559999488294125
vn 0.1614830046892166 0.9868710041046143 0.0028619999065995216
vn 0.0 1.0 -0.0
vn 0.0 0.84163498878479 0.5400469899177551
vn 0.042552001774311066 0.859686017036438 0.5090469717979431
vn 0.042552001774311066 0.859686017036438 0.5090469717979431
vn 0.037675000727176666 0.9992899894714355 0.0004199999966658652
vn 0.0 1.0 -0.0
vn -0.0 -1.0 0.0
vn -0.0 -1.0 0.0
vn -0.0 -1.0 0.0
vn -0.0 -1.0 0.0
vn -0.0 -1.0 0.0
vn -0.0 -1.0 0.0
vn -0.0 -1.0 0.0
vn -0.0 -1.0 0.0
vn 0.8827660083770752 0.3510110080242157 0.3122729957103729
vn 0.9084929823875427 0.13035699725151062 0.3970490097999573
vn 0.695950984954834 0.23700599372386932 0.6778500080108643
vn 0.695950984954834 0.23700599372386932 0.6778500080108643
vn 0.704259991645813 0.40734800696372986 0.5814520120620728
vn 0.8827660083770752 0.3510110080242157 0.3122729957103729
vn 0.4273650050163269 -0.6263830065727234 0.6519230008125305
vn 0.7075179815292358 -0.648481011390686 0.28087499737739563
vn 0.9698780179023743 -0.2141129970550537 0.11615200340747833
vn 0.9698780179023743 -0.2141129970550537 0.11615200340747833
vn 0.6969239711761475 -0.30897700786590576 0.6471710205078125
vn 0.4273650050163269 -0.6263830065727234 0.6519230008125305
vn 0.6969239711761475 -0.30897700786590576 0.6471710205078125
vn 0.9698780179023743 -0.2141129970550537 0.11615200340747833
vn 0.9999129772186279 -0.000371000001905486 0.013220000080764294
vn 0.9999129772186279 -0.000371000001905486 0.013220000080764294
vn 0.7986260056495667 0.0488630011677742 0.5998409986495972
vn 0.6969239711761475 -0.30897700786590576 0.6471710205078125
vn 0.18763099610805511 0.8756549954414368 0.44499799609184265
vn 0.1792750060558319 0.42489299178123474 0.8873140215873718
vn 0.3784849941730499 0.36238598823547363 0.8517190217971802
vn 0.3784849941730499 0.36238598823547363 0.8517190217971802
vn 0.38875898718833923 0.7891889810562134 0.4754450023174286
vn 0.18763099610805511 0.8756549954414368 0.44499799609184265
vn 0.0 0.84163498878479 0.5400469899177551
vn 0.0 0.29975101351737976 0.9540179967880249
vn -0.03533799946308136 0.33969101309776306 0.9398729801177979
vn -0.03533799946308136 0.33969101309776306 0.9398729801177979
vn 0.042552001774311066 0.859686017036438 0.5090469717979431
vn 0.0 0.84163498878479 0.5400469899177551
vn 0.09239199757575989 -0.560276985168457 -0.8231359720230103
vn -0.0 -0.614093005657196 -0.7892339825630188
vn -0.0 -0.5398340225219727 -0.8417720198631287
vn -0.0 -0.5398340225219727 -0.8417720198631287
vn 0.13638700544834137 -0.4854559898376465 -0.863556981086731
vn 0.09239199757575989 -0.560276985168457 -0.8231359720230103
vn 0.11076699942350388 -0.29034098982810974 -0.9504910111427307
vn 0.4639419913291931 0.006076999939978123 -0.8858450055122375
vn 0.4342469871044159 -0.07132700085639954 -0.8979650139808655
vn 0.4342469871044159 -0.07132700085639954 -0.8979650139808655
vn 0.0351330004632473 -0.381087988615036 -0.9238709807395935
vn 0.11076699942350388 -0.29034098982810974 -0.9504910111427307
vn 0.8922370076179504 0.15170300006866455 -0.4253219962120056
vn 0.8936880230903625 0.13563600182533264 -0.42769700288772583
vn 0.4342469871044159 -0.07132700085639954 -0.8979650139808655
vn 0.4342469871044159 -0.07132700085639954 -0.8979650139808655
vn 0.4639419913291931 0.006076999939978123 -0.8858450055122375
vn 0.8922370076179504 0.15170300006866455 -0.4253219962120056
vn 0.9884160161018372 0.1477469950914383 -0.034717999398708344
vn 0.988215982913971 0.14776800572872162 -0.03991900011897087
vn 0.9375540018081665 0.17070700228214264 0.3030700087547302
vn 0.9375540018081665 0.17070700228214264 0.3030700087547302
vn 0.9412130117416382 0.15675300359725952 0.2992439866065979
vn 0.9884160161018372 0.1477469950914383 -0.034717999398708344
vn 0.9375540018081665 0.17070700228214264 0.3030700087547302
vn 0.7437719702720642 0.17108699679374695 0.6461679935455322
vn 0.737151026725769 0.11580000072717667 0.6657320261001587
vn 0.737151026725769 0.11580000072717667 0.6657320261001587
vn 0.9412130117416382 0.15675300359725952 0.2992439866065979
vn 0.9375540018081665 0.17070700228214264 0.3030700087547302
vn 0.4317440092563629 0.1171329990029335 0.8943589925765991
vn 0.11882700026035309 0.07195000350475311 0.9903050065040588
vn 0.11091399937868118 -0.02901099994778633 0.9934070110321045
vn 0.11091399937868118 -0.02901099994778633 0.9934070110321045
vn 0.4057370126247406 0.02345299907028675 0.9136890172958374
vn 0.4317440092563629 0.1171329990029335 0.8943589925765991
vn 0.0 0.06285800039768219 0.9980220198631287
vn 0.0 0.06285800039768219 0.9980220198631287
vn 0.0 -0.037884000688791275 0.9992820024490356
vn 0.0 -0.037884000688791275 0.9992820024490356
vn 0.0 -0.037884000688791275 0.9992820024490356
vn 0.0 0.06285800039768219 0.9980220198631287
vn -0.06070299819111824 -0.28186899423599243 0.9575309753417969
vn 0.0 -0.24782399833202362 0.9688050150871277
vn 0.0 -0.052365001291036606 0.9986280202865601
vn 0.0 -0.052365001291036606 0.9986280202865601
vn -0.007147999946027994 -0.05718199908733368 0.998337984085083
vn -0.06070299819111824 -0.28186899423599243 0.9575309753417969
vn 0.2600080072879791 -0.0801130011677742 0.9622769951820374
vn 0.5112850069999695 -0.10738900303840637 0.8526750206947327
vn 0.37378600239753723 -0.39857301115989685 0.8375099897384644
vn 0.37378600239753723 -0.39857301115989685 0.8375099897384644
vn 0.17273500561714172 -0.34199199080467224 0.9236900210380554
vn 0.2600080072879791 -0.0801130011677742 0.9622769951820374
vn 0.5930060148239136 -0.17782899737358093 0.785315990447998
vn 0.8376590013504028 -0.2951450049877167 0.45958399772644043
vn 0.6702529788017273 -0.6040779948234558 0.43110400438308716
vn 0.6702529788017273 -0.6040779948234558 0.43110400438308716
vn 0.41690999269485474 -0.4803670048713684 0.7716439962387085
vn 0.5930060148239136 -0.17782899737358093 0.785315990447998
vn 0.9553220272064209 -0.2885949909687042 -0.06382399797439575
vn 0.8173840045928955 -0.5608919858932495 -0.1314689964056015
vn 0.6702529788017273 -0.6040779948234558 0.43110400438308716
vn 0.6702529788017273 -0.6040779948234558 0.43110400438308716
vn 0.8376590013504028 -0.2951450049877167 0.45958399772644043
vn 0.9553220272064209 -0.2885949909687042 -0.06382399797439575
vn 0.7171379923820496 -0.36201000213623047 -0.5955349802970886
vn 0.867730975151062 -0.16042999923229218 -0.4704299867153168
vn 0.7001270055770874 -0.05990000069141388 -0.7115010023117065
vn 0.7001270055770874 -0.05990000069141388 -0.7115010023117065
vn 0.5289919972419739 -0.5106329917907715 -0.67780601978302
vn 0.7171379923820496 -0.36201000213623047 -0.5955349802970886
vn 0.7124339938163757 -0.033215999603271484 -0.7009519934654236
vn 0.4947640001773834 -0.5327619910240173 -0.6865659952163696
vn 0.5289919972419739 -0.5106329917907715 -0.67780601978302
vn 0.5289919972419739 -0.5106329917907715 -0.67780601978302
vn 0.7001270055770874 -0.05990000069141388 -0.7115010023117065
vn 0.7124339938163757 -0.033215999603271484 -0.7009519934654236
vn 0.18232199549674988 -0.46721500158309937 -0.865140974521637
vn 0.4742009937763214 -0.0377499982714653 -0.8796070218086243
vn -0.0 -0.037780001759529114 -0.9992859959602356
vn -0.0 -0.037780001759529114 -0.9992859959602356
vn -0.0 -0.37358400225639343 -0.9275959730148315
vn 0.18232199549674988 -0.46721500158309937 -0.865140974521637
vn 0.01206700038164854 0.2287590056657791 -0.9734079837799072
vn -0.0 0.2269899994134903 -0.9738969802856445
vn 0.0 0.6216539740562439 -0.7832919955253601
vn 0.0 0.6216539740562439 -0.7832919955253601
vn 0.01003899984061718 0.6515520215034485 -0.7585369944572449
vn 0.01206700038164854 0.2287590056657791 -0.9734079837799072
vn 0.0 0.08857200294733047 0.9960700273513794
vn -0.10044799745082855 0.09153100103139877 0.9907230138778687
vn -0.03533799946308136 0.33969101309776306 0.9398729801177979
vn -0.03533799946308136 0.33969101309776306 0.9398729801177979
vn 0.0 0.29975101351737976 0.9540179967880249
vn 0.0 0.08857200294733047 0.9960700273513794
vn 0.15778400003910065 0.0968180000782013 0.9827160239219666
vn 0.3024680018424988 0.08822199702262878 0.949068009853363
vn 0.3784849941730499 0.36238598823547363 0.8517190217971802
vn 0.3784849941730499 0.36238598823547363 0.8517190217971802
vn 0.1792750060558319 0.42489299178123474 0.8873140215873718
vn 0.15778400003910065 0.0968180000782013 0.9827160239219666
vn 0.9999129772186279 -0.000371000001905486 0.013220000080764294
vn 0.8588759899139404 0.4469580054283142 0.250122994184494
vn 0.7151150107383728 0.3002980053424835 0.63121497631073
vn 0.7151150107383728 0.3002980053424835 0.63121497631073
vn 0.7986260056495667 0.0488630011677742 0.5998409986495972
vn 0.9999129772186279 -0.000371000001905486 0.013220000080764294
vn 0.9999939799308777 -0.0024309998843818903 -0.0023419999051839113
vn 0.8157849907875061 0.578354001045227 0.0007590000168420374
vn 0.8588759899139404 0.4469580054283142 0.250122994184494
vn 0.8588759899139404 0.4469580054283142 0.250122994184494
vn 0.9999129772186279 -0.000371000001905486 0.013220000080764294
vn 0.9999939799308777 -0.0024309998843818903 -0.0023419999051839113
vn 0.9999979734420776 -0.00030700000934302807 0.0020890000741928816
vn 0.8916320204734802 -0.06261999905109406 -0.4484100043773651
vn 0.7954339981079102 0.38034799695014954 -0.4718259871006012
vn 0.7954339981079102 0.38034799695014954 -0.4718259871006012
vn 0.8428090214729309 0.5164240002632141 -0.1515910029411316
vn 0.9999979734420776 -0.00030700000934302807 0.0020890000741928816
vn 0.3488500118255615 0.15978200733661652 -0.9234570264816284
vn 0.282833993434906 0.6427929997444153 -0.7119140028953552
vn 0.4665589928627014 0.5633080005645752 -0.6819139719009399
vn 0.4665589928627014 0.5633080005645752 -0.6819139719009399
vn 0.52326899766922 -0.010684999637305737 -0.8521000146865845
vn 0.3488500118255615 0.15978200733661652 -0.9234570264816284
vn 0.6579350233078003 -0.021438999101519585 -0.7527700066566467
vn 0.600009024143219 -0.14767000079154968 -0.7862460017204285
vn 0.7124339938163757 -0.033215999603271484 -0.7009519934654236
vn 0.7124339938163757 -0.033215999603271484 -0.7009519934654236
vn 0.7001270055770874 -0.05990000069141388 -0.7115010023117065
vn 0.6579350233078003 -0.021438999101519585 -0.7527700066566467
vn 0.9006159901618958 0.029485000297427177 -0.4336149990558624
vn 0.6579350233078003 -0.021438999101519585 -0.7527700066566467
vn 0.7001270055770874 -0.05990000069141388 -0.7115010023117065
vn 0.7001270055770874 -0.05990000069141388 -0.7115010023117065
vn 0.867730975151062 -0.16042999923229218 -0.4704299867153168
vn 0.9006159901618958 0.029485000297427177 -0.4336149990558624
vn 0.9979190230369568 0.05982999876141548 -0.024028999730944633
vn 0.9553220272064209 -0.2885949909687042 -0.06382399797439575
vn 0.8376590013504028 -0.2951450049877167 0.45958399772644043
vn 0.8376590013504028 -0.2951450049877167 0.45958399772644043
vn 0.9084929823875427 0.13035699725151062 0.3970490097999573
vn 0.9979190230369568 0.05982999876141548 -0.024028999730944633
vn 0.9084929823875427 0.13035699725151062 0.3970490097999573
vn 0.8376590013504028 -0.2951450049877167 0.45958399772644043
vn 0.5930060148239136 -0.17782899737358093 0.785315990447998
vn 0.5930060148239136 -0.17782899737358093 0.785315990447998
vn 0.695950984954834 0.23700599372386932 0.6778500080108643
vn 0.9084929823875427 0.13035699725151062 0.3970490097999573
vn 0.2600080072879791 -0.0801130011677742 0.9622769951820374
vn 0.23592500388622284 0.30643001198768616 0.9221929907798767
vn 0.534434974193573 0.3061160147190094 0.7878280282020569
vn 0.534434974193573 0.3061160147190094 0.7878280282020569
vn 0.5112850069999695 -0.10738900303840637 0.8526750206947327
vn 0.2600080072879791 -0.0801130011677742 0.9622769951820374
vn 0.0 -0.052365001291036606 0.9986280202865601
vn 0.0 0.27987998723983765 0.9600350260734558
vn 0.0 0.27987998723983765 0.9600350260734558
vn 0.0 0.27987998723983765 0.9600350260734558
vn -0.007147999946027994 -0.05718199908733368 0.998337984085083
vn 0.0 -0.052365001291036606 0.9986280202865601
vn 0.3992609977722168 -0.2219880074262619 -0.8895570039749146
vn -0.0 -0.18903200328350067 -0.981971025466919
vn -0.0 -0.037780001759529114 -0.9992859959602356
vn -0.0 -0.037780001759529114 -0.9992859959602356
vn 0.4742009937763214 -0.0377499982714653 -0.8796070218086243
vn 0.3992609977722168 -0.2219880074262619 -0.8895570039749146
vn 0.15420100092887878 0.22564400732517242 -0.9619290232658386
vn 0.12233900278806686 -0.5454310178756714 -0.8291789889335632
vn -0.08591999858617783 -0.4425010085105896 -0.8926429748535156
vn -0.08591999858617783 -0.4425010085105896 -0.8926429748535156
vn 0.01206700038164854 0.2287590056657791 -0.9734079837799072
vn 0.15420100092887878 0.22564400732517242 -0.9619290232658386
vn 0.15420100092887878 0.22564400732517242 -0.9619290232658386
vn 0.01206700038164854 0.2287590056657791 -0.9734079837799072
vn 0.01003899984061718 0.6515520215034485 -0.7585369944572449
vn 0.01003899984061718 0.6515520215034485 -0.7585369944572449
vn 0.13635100424289703 0.6808840036392212 -0.7195870280265808
vn 0.15420100092887878 0.22564400732517242 -0.9619290232658386
vn 0.13635100424289703 0.6808840036392212 -0.7195870280265808
vn 0.01003899984061718 0.6515520215034485 -0.7585369944572449
vn 0.019710000604391098 0.9544969797134399 -0.2975679934024811
vn 0.019710000604391098 0.9544969797134399 -0.2975679934024811
vn 0.08686300367116928 0.9608380198478699 -0.26314398646354675
vn 0.13635100424289703 0.6808840036392212 -0.7195870280265808
vn 0.037675000727176666 0.9992899894714355 0.0004199999966658652
vn 0.042552001774311066 0.859686017036438 0.5090469717979431
vn 0.08301500231027603 0.9068459868431091 0.41320499777793884
vn 0.08301500231027603 0.9068459868431091 0.41320499777793884
vn 0.07235799729824066 0.9973769783973694 0.0016370000084862113
vn 0.037675000727176666 0.9992899894714355 0.0004199999966658652
vn 0.042552001774311066 0.859686017036438 0.5090469717979431
vn -0.03533799946308136 0.33969101309776306 0.9398729801177979
vn 0.042927999049425125 0.4495989978313446 0.8921980261802673
vn 0.042927999049425125 0.4495989978313446 0.8921980261802673
vn 0.08301500231027603 0.9068459868431091 0.41320499777793884
vn 0.042552001774311066 0.859686017036438 0.5090469717979431
vn -0.03533799946308136 0.33969101309776306 0.9398729801177979
vn -0.10044799745082855 0.09153100103139877 0.9907230138778687
vn 0.0009740000241436064 0.09485399723052979 0.9954910278320312
vn 0.0009740000241436064 0.09485399723052979 0.9954910278320312
vn 0.042927999049425125 0.4495989978313446 0.8921980261802673
vn -0.03533799946308136 0.33969101309776306 0.9398729801177979
vn 0.0009740000241436064 0.09485399723052979 0.9954910278320312
vn -0.10044799745082855 0.09153100103139877 0.9907230138778687
vn -0.12149400264024734 -0.1597670018672943 0.9796500205993652
vn -0.12149400264024734 -0.1597670018672943 0.9796500205993652
vn -0.06325700134038925 -0.17195799946784973 0.9830710291862488
vn 0.0009740000241436064 0.09485399723052979 0.9954910278320312
vn -0.06325700134038925 -0.17195799946784973 0.9830710291862488
vn -0.12149400264024734 -0.1597670018672943 0.9796500205993652
vn -0.11820600181818008 -0.3197129964828491 0.9401119947433472
vn -0.11820600181818008 -0.3197129964828491 0.9401119947433472
vn -0.11356599628925323 -0.34882599115371704 0.9302809834480286
vn -0.06325700134038925 -0.17195799946784973 0.9830710291862488
vn 0.17273500561714172 -0.34199199080467224 0.9236900210380554
vn -0.06070299819111824 -0.28186899423599243 0.9575309753417969
vn -0.007147999946027994 -0.05718199908733368 0.998337984085083
vn -0.007147999946027994 -0.05718199908733368 0.998337984085083
vn 0.2600080072879791 -0.0801130011677742 0.9622769951820374
vn 0.17273500561714172 -0.34199199080467224 0.9236900210380554
vn -0.007147999946027994 -0.05718199908733368 0.998337984085083
vn 0.0 0.27987998723983765 0.9600350260734558
vn 0.23592500388622284 0.30643001198768616 0.9221929907798767
vn 0.23592500388622284 0.30643001198768616 0.9221929907798767
vn 0.2600080072879791 -0.0801130011677742 0.9622769951820374
vn -0.007147999946027994 -0.05718199908733368 0.998337984085083
vn 0.23592500388622284 0.30643001198768616 0.9221929907798767
vn 0.0 0.27987998723983765 0.9600350260734558
vn 0.0 0.31588101387023926 0.9487990140914917
vn 0.0 0.31588101387023926 0.9487990140914917
vn 0.15550999343395233 0.35442399978637695 0.9220629930496216
vn 0.23592500388622284 0.30643001198768616 0.9221929907798767
vn 0.11882700026035309 0.07195000350475311 0.9903050065040588
vn 0.0 0.06285800039768219 0.9980220198631287
vn 0.0 -0.037884000688791275 0.9992820024490356
vn 0.0 -0.037884000688791275 0.9992820024490356
vn 0.11091399937868118 -0.02901099994778633 0.9934070110321045
vn 0.11882700026035309 0.07195000350475311 0.9903050065040588
vn -0.0 -1.0 0.0
vn -0.0 -1.0 0.0
vn -0.0 -1.0 0.0
vn -0.0 -1.0 0.0
vn -0.0 -1.0 0.0
vn -0.0 -1.0 0.0
vn -0.0 -1.0 0.0
vn -0.0 -1.0 0.0
vn -0.0 -1.0 0.0
vn -0.0 -1.0 0.0
vn -0.0 -1.0 0.0
vn -0.0 -1.0 9.999999974752427e-07
vn -0.0 -1.0 9.999999974752427e-07
vn -0.0 -1.0 9.999999974752427e-07
vn -0.0 -1.0 9.999999974752427e-07
vn -0.0 -1.0 9.999999974752427e-07
vn -0.0 -1.0 9.999999974752427e-07
vn 0.0351330004632473 -0.381087988615036 -0.9238709807395935
vn 0.09239199757575989 -0.560276985168457 -0.8231359720230103
vn 0.13638700544834137 -0.4854559898376465 -0.863556981086731
vn 0.13638700544834137 -0.4854559898376465 -0.863556981086731
vn 0.11076699942350388 -0.29034098982810974 -0.9504910111427307
vn 0.0351330004632473 -0.381087988615036 -0.9238709807395935
vn 0.3389660120010376 -0.16230399906635284 -0.9266930222511292
vn 0.2576189935207367 -0.35153600573539734 -0.9000300168991089
vn 0.3992609977722168 -0.2219880074262619 -0.8895570039749146
vn 0.3992609977722168 -0.2219880074262619 -0.8895570039749146
vn 0.600009024143219 -0.14767000079154968 -0.7862460017204285
vn 0.3389660120010376 -0.16230399906635284 -0.9266930222511292
vn 0.600009024143219 -0.14767000079154968 -0.7862460017204285
vn 0.3992609977722168 -0.2219880074262619 -0.8895570039749146
vn 0.4742009937763214 -0.0377499982714653 -0.8796070218086243
vn 0.4742009937763214 -0.0377499982714653 -0.8796070218086243
vn 0.7124339938163757 -0.033215999603271484 -0.7009519934654236
vn 0.600009024143219 -0.14767000079154968 -0.7862460017204285
vn 0.4742009937763214 -0.0377499982714653 -0.8796070218086243
vn 0.18232199549674988 -0.46721500158309937 -0.865140974521637
vn 0.4947640001773834 -0.5327619910240173 -0.6865659952163696
vn 0.4947640001773834 -0.5327619910240173 -0.6865659952163696
vn 0.7124339938163757 -0.033215999603271484 -0.7009519934654236
vn 0.4742009937763214 -0.0377499982714653 -0.8796070218086243
vn 0.960640013217926 -0.19514800608158112 -0.1977050006389618
vn 0.9999979734420776 -0.00030700000934302807 0.0020890000741928816
vn 0.9999939799308777 -0.0024309998843818903 -0.0023419999051839113
vn 0.9999939799308777 -0.0024309998843818903 -0.0023419999051839113
vn 0.9833629727363586 -0.18108299374580383 -0.01437699981033802
vn 0.960640013217926 -0.19514800608158112 -0.1977050006389618
vn 0.6876699924468994 -0.5088729858398438 -0.5178400278091431
vn 0.960640013217926 -0.19514800608158112 -0.1977050006389618
vn 0.9833629727363586 -0.18108299374580383 -0.01437699981033802
vn 0.9833629727363586 -0.18108299374580383 -0.01437699981033802
vn 0.8045520186424255 -0.5876049995422363 -0.08611799776554108
vn 0.6876699924468994 -0.5088729858398438 -0.5178400278091431
vn 0.9553220272064209 -0.2885949909687042 -0.06382399797439575
vn 0.867730975151062 -0.16042999923229218 -0.4704299867153168
vn 0.7171379923820496 -0.36201000213623047 -0.5955349802970886
vn 0.7171379923820496 -0.36201000213623047 -0.5955349802970886
vn 0.8173840045928955 -0.5608919858932495 -0.1314689964056015
vn 0.9553220272064209 -0.2885949909687042 -0.06382399797439575
vn 0.9553220272064209 -0.2885949909687042 -0.06382399797439575
vn 0.9979190230369568 0.05982999876141548 -0.024028999730944633
vn 0.9006159901618958 0.029485000297427177 -0.4336149990558624
vn 0.9006159901618958 0.029485000297427177 -0.4336149990558624
vn 0.867730975151062 -0.16042999923229218 -0.4704299867153168
vn 0.9553220272064209 -0.2885949909687042 -0.06382399797439575
vn 0.8785319924354553 0.23238199949264526 -0.4173490107059479
vn 0.9006159901618958 0.029485000297427177 -0.4336149990558624
vn 0.9979190230369568 0.05982999876141548 -0.024028999730944633
vn 0.9979190230369568 0.05982999876141548 -0.024028999730944633
vn 0.9603080153465271 0.2767379879951477 -0.034984998404979706
vn 0.8785319924354553 0.23238199949264526 -0.4173490107059479
vn 0.988215982913971 0.14776800572872162 -0.03991900011897087
vn 0.9884160161018372 0.1477469950914383 -0.034717999398708344
vn 0.8936880230903625 0.13563600182533264 -0.42769700288772583
vn 0.8936880230903625 0.13563600182533264 -0.42769700288772583
vn 0.8922370076179504 0.15170300006866455 -0.4253219962120056
vn 0.988215982913971 0.14776800572872162 -0.03991900011897087
vn -0.0 -1.0 0.0
vn -0.0 -1.0 0.0
vn -0.0 -1.0 0.0
vn -0.0 -1.0 0.0
vn -0.0 -1.0 0.0
vn -0.0 -1.0 0.0
vn -0.0 -1.0 0.0
vn -0.0 -1.0 0.0
vn -0.0 -1.0 0.0
vn -0.0 -1.0 0.0
vn -0.0 -1.0 0.0
vn -0.0 -1.0 0.0
vn -0.0 -1.0 0.0
vn -0.0 -1.0 0.0
vn -0.0 -1.0 0.0
vn -0.0 -1.0 0.0
vn -0.0 -1.0 0.0
vn -0.0 -1.0 0.0
vn 0.0 1.0 -0.0
vn 0.037675000727176666 0.9992899894714355 0.0004199999966658652
vn 0.019710000604391098 0.9544969797134399 -0.2975679934024811
vn 0.019710000604391098 0.9544969797134399 -0.2975679934024811
vn 0.0 0.9452160000801086 -0.3264470100402832
vn 0.0 1.0 -0.0
vn 0.037675000727176666 0.9992899894714355 0.0004199999966658652
vn 0.07235799729824066 0.9973769783973694 0.0016370000084862113
vn 0.08686300367116928 0.9608380198478699 -0.26314398646354675
vn 0.08686300367116928 0.9608380198478699 -0.26314398646354675
vn 0.019710000604391098 0.9544969797134399 -0.2975679934024811
vn 0.037675000727176666 0.9992899894714355 0.0004199999966658652
vn 0.1614830046892166 0.9868710041046143 0.0028619999065995216
vn 0.2894729971885681 0.9571840167045593 0.0022559999488294125
vn 0.36013299226760864 0.8908789753913879 -0.27683699131011963
vn 0.36013299226760864 0.8908789753913879 -0.27683699131011963
vn 0.206276997923851 0.9380220174789429 -0.27850401401519775
vn 0.1614830046892166 0.9868710041046143 0.0028619999065995216
vn 0.9999939799308777 -0.0024309998843818903 -0.0023419999051839113
vn 0.9999979734420776 -0.00030700000934302807 0.0020890000741928816
vn 0.8428090214729309 0.5164240002632141 -0.1515910029411316
vn 0.8428090214729309 0.5164240002632141 -0.1515910029411316
vn 0.8157849907875061 0.578354001045227 0.0007590000168420374
vn 0.9999939799308777 -0.0024309998843818903 -0.0023419999051839113
vn 0.5116779804229736 -0.6138730049133301 -0.6011199951171875
vn 0.52326899766922 -0.010684999637305737 -0.8521000146865845
vn 0.8916320204734802 -0.06261999905109406 -0.4484100043773651
vn 0.8916320204734802 -0.06261999905109406 -0.4484100043773651
vn 0.766057014465332 -0.48359501361846924 -0.42343100905418396
vn 0.5116779804229736 -0.6138730049133301 -0.6011199951171875
vn 0.52326899766922 -0.010684999637305737 -0.8521000146865845
vn 0.4665589928627014 0.5633080005645752 -0.6819139719009399
vn 0.7954339981079102 0.38034799695014954 -0.4718259871006012
vn 0.7954339981079102 0.38034799695014954 -0.4718259871006012
vn 0.8916320204734802 -0.06261999905109406 -0.4484100043773651
vn 0.52326899766922 -0.010684999637305737 -0.8521000146865845
vn 0.7954339981079102 0.38034799695014954 -0.4718259871006012
vn 0.4665589928627014 0.5633080005645752 -0.6819139719009399
vn 0.36013299226760864 0.8908789753913879 -0.27683699131011963
vn 0.36013299226760864 0.8908789753913879 -0.27683699131011963
vn 0.8428090214729309 0.5164240002632141 -0.1515910029411316
vn 0.7954339981079102 0.38034799695014954 -0.4718259871006012
vn 0.2894729971885681 0.9571840167045593 0.0022559999488294125
vn 0.8157849907875061 0.578354001045227 0.0007590000168420374
vn 0.8428090214729309 0.5164240002632141 -0.1515910029411316
vn 0.8428090214729309 0.5164240002632141 -0.1515910029411316
vn 0.36013299226760864 0.8908789753913879 -0.27683699131011963
vn 0.2894729971885681 0.9571840167045593 0.0022559999488294125
vn 0.2894729971885681 0.9571840167045593 0.0022559999488294125
vn 0.38875898718833923 0.7891889810562134 0.4754450023174286
vn 0.8588759899139404 0.4469580054283142 0.250122994184494
vn 0.8588759899139404 0.4469580054283142 0.250122994184494
vn 0.8157849907875061 0.578354001045227 0.0007590000168420374
vn 0.2894729971885681 0.9571840167045593 0.0022559999488294125
vn 0.38875898718833923 0.7891889810562134 0.4754450023174286
vn 0.3784849941730499 0.36238598823547363 0.8517190217971802
vn 0.7151150107383728 0.3002980053424835 0.63121497631073
vn 0.7151150107383728 0.3002980053424835 0.63121497631073
vn 0.8588759899139404 0.4469580054283142 0.250122994184494
vn 0.38875898718833923 0.7891889810562134 0.4754450023174286
vn 0.3024680018424988 0.08822199702262878 0.949068009853363
vn 0.7986260056495667 0.0488630011677742 0.5998409986495972
vn 0.7151150107383728 0.3002980053424835 0.63121497631073
vn 0.7151150107383728 0.3002980053424835 0.63121497631073
vn 0.3784849941730499 0.36238598823547363 0.8517190217971802
vn 0.3024680018424988 0.08822199702262878 0.949068009853363
vn 0.7986260056495667 0.0488630011677742 0.5998409986495972
vn 0.3024680018424988 0.08822199702262878 0.949068009853363
vn 0.2657470107078552 -0.2779049873352051 0.923117995262146
vn 0.2657470107078552 -0.2779049873352051 0.923117995262146
vn 0.6969239711761475 -0.30897700786590576 0.6471710205078125
vn 0.7986260056495667 0.0488630011677742 0.5998409986495972
vn 0.2657470107078552 -0.2779049873352051 0.923117995262146
vn 0.2528350055217743 -0.5315510034561157 0.8084110021591187
vn 0.4273650050163269 -0.6263830065727234 0.6519230008125305
vn 0.4273650050163269 -0.6263830065727234 0.6519230008125305
vn 0.6969239711761475 -0.30897700786590576 0.6471710205078125
vn 0.2657470107078552 -0.2779049873352051 0.923117995262146
vn 0.5112850069999695 -0.10738900303840637 0.8526750206947327
vn 0.5930060148239136 -0.17782899737358093 0.785315990447998
vn 0.41690999269485474 -0.4803670048713684 0.7716439962387085
vn 0.41690999269485474 -0.4803670048713684 0.7716439962387085
vn 0.37378600239753723 -0.39857301115989685 0.8375099897384644
vn 0.5112850069999695 -0.10738900303840637 0.8526750206947327
vn 0.5112850069999695 -0.10738900303840637 0.8526750206947327
vn 0.534434974193573 0.3061160147190094 0.7878280282020569
vn 0.695950984954834 0.23700599372386932 0.6778500080108643
vn 0.695950984954834 0.23700599372386932 0.6778500080108643
vn 0.5930060148239136 -0.17782899737358093 0.785315990447998
vn 0.5112850069999695 -0.10738900303840637 0.8526750206947327
vn 0.534434974193573 0.3061160147190094 0.7878280282020569
vn 0.4714600145816803 0.4107869863510132 0.7803720235824585
vn 0.704259991645813 0.40734800696372986 0.5814520120620728
vn 0.704259991645813 0.40734800696372986 0.5814520120620728
vn 0.695950984954834 0.23700599372386932 0.6778500080108643
vn 0.534434974193573 0.3061160147190094 0.7878280282020569
vn 0.7437719702720642 0.17108699679374695 0.6461679935455322
vn 0.4317440092563629 0.1171329990029335 0.8943589925765991
vn 0.4057370126247406 0.02345299907028675 0.9136890172958374
vn 0.4057370126247406 0.02345299907028675 0.9136890172958374
vn 0.737151026725769 0.11580000072717667 0.6657320261001587
vn 0.7437719702720642 0.17108699679374695 0.6461679935455322
vn -0.0 -1.0 0.0
vn -0.0 -1.0 0.0
vn -0.0 -1.0 0.0
vn -0.0 -1.0 0.0
vn -0.0 -1.0 0.0
vn -0.0 -1.0 0.0
vn 0.7171379923820496 -0.36201000213623047 -0.5955349802970886
vn 0.5289919972419739 -0.5106329917907715 -0.67780601978302
vn 0.4899500012397766 -0.6734219789505005 -0.5535799860954285
vn 0.4899500012397766 -0.6734219789505005 -0.5535799860954285
vn 0.6876699924468994 -0.5088729858398438 -0.5178400278091431
vn 0.7171379923820496 -0.36201000213623047 -0.5955349802970886
vn 0.6876699924468994 -0.5088729858398438 -0.5178400278091431
vn 0.8045520186424255 -0.5876049995422363 -0.08611799776554108
vn 0.8173840045928955 -0.5608919858932495 -0.1314689964056015
vn 0.8173840045928955 -0.5608919858932495 -0.1314689964056015
vn 0.7171379923820496 -0.36201000213623047 -0.5955349802970886
vn 0.6876699924468994 -0.5088729858398438 -0.5178400278091431
vn 0.8045520186424255 -0.5876049995422363 -0.08611799776554108
vn 0.7075179815292358 -0.648481011390686 0.28087499737739563
vn 0.6702529788017273 -0.6040779948234558 0.43110400438308716
vn 0.6702529788017273 -0.6040779948234558 0.43110400438308716
vn 0.8173840045928955 -0.5608919858932495 -0.1314689964056015
vn 0.8045520186424255 -0.5876049995422363 -0.08611799776554108
vn 0.6702529788017273 -0.6040779948234558 0.43110400438308716
vn 0.7075179815292358 -0.648481011390686 0.28087499737739563
vn 0.4273650050163269 -0.6263830065727234 0.6519230008125305
vn 0.4273650050163269 -0.6263830065727234 0.6519230008125305
vn 0.41690999269485474 -0.4803670048713684 0.7716439962387085
vn 0.6702529788017273 -0.6040779948234558 0.43110400438308716
vn 0.2528350055217743 -0.5315510034561157 0.8084110021591187
vn 0.37378600239753723 -0.39857301115989685 0.8375099897384644
vn 0.41690999269485474 -0.4803670048713684 0.7716439962387085
vn 0.41690999269485474 -0.4803670048713684 0.7716439962387085
vn 0.4273650050163269 -0.6263830065727234 0.6519230008125305
vn 0.2528350055217743 -0.5315510034561157 0.8084110021591187
vn 0.07787500321865082 -0.44348299503326416 0.8928930163383484
vn 0.17273500561714172 -0.34199199080467224 0.9236900210380554
vn 0.37378600239753723 -0.39857301115989685 0.8375099897384644
vn 0.37378600239753723 -0.39857301115989685 0.8375099897384644
vn 0.2528350055217743 -0.5315510034561157 0.8084110021591187
vn 0.07787500321865082 -0.44348299503326416 0.8928930163383484
vn -0.06070299819111824 -0.28186899423599243 0.9575309753417969
vn -0.11356599628925323 -0.34882599115371704 0.9302809834480286
vn -0.11820600181818008 -0.3197129964828491 0.9401119947433472
vn -0.11820600181818008 -0.3197129964828491 0.9401119947433472
vn 0.0 -0.30261701345443726 0.953112006187439
vn 0.0 -0.24782399833202362 0.9688050150871277
vn 0.0 -0.24782399833202362 0.9688050150871277
vn -0.06070299819111824 -0.28186899423599243 0.9575309753417969
vn -0.11820600181818008 -0.3197129964828491 0.9401119947433472
vn 0.6876699924468994 -0.5088729858398438 -0.5178400278091431
vn 0.4899500012397766 -0.6734219789505005 -0.5535799860954285
vn 0.8066650032997131 -0.46614399552345276 -0.3633210062980652
vn 0.8066650032997131 -0.46614399552345276 -0.3633210062980652
vn 0.960640013217926 -0.19514800608158112 -0.1977050006389618
vn 0.6876699924468994 -0.5088729858398438 -0.5178400278091431
vn 0.12233900278806686 -0.5454310178756714 -0.8291789889335632
vn 0.4947640001773834 -0.5327619910240173 -0.6865659952163696
vn 0.18232199549674988 -0.46721500158309937 -0.865140974521637
vn 0.18232199549674988 -0.46721500158309937 -0.865140974521637
vn -0.08591999858617783 -0.4425010085105896 -0.8926429748535156
vn 0.12233900278806686 -0.5454310178756714 -0.8291789889335632
vn 0.3746219873428345 -0.5835689902305603 -0.7204899787902832
vn 0.5289919972419739 -0.5106329917907715 -0.67780601978302
vn 0.4947640001773834 -0.5327619910240173 -0.6865659952163696
vn 0.4947640001773834 -0.5327619910240173 -0.6865659952163696
vn 0.12233900278806686 -0.5454310178756714 -0.8291789889335632
vn 0.3746219873428345 -0.5835689902305603 -0.7204899787902832
vn 0.12233900278806686 -0.5454310178756714 -0.8291789889335632
vn 0.15420100092887878 0.22564400732517242 -0.9619290232658386
vn 0.3488500118255615 0.15978200733661652 -0.9234570264816284
vn 0.3488500118255615 0.15978200733661652 -0.9234570264816284
vn 0.3746219873428345 -0.5835689902305603 -0.7204899787902832
vn 0.12233900278806686 -0.5454310178756714 -0.8291789889335632
vn 0.3488500118255615 0.15978200733661652 -0.9234570264816284
vn 0.15420100092887878 0.22564400732517242 -0.9619290232658386
vn 0.13635100424289703 0.6808840036392212 -0.7195870280265808
vn 0.13635100424289703 0.6808840036392212 -0.7195870280265808
vn 0.282833993434906 0.6427929997444153 -0.7119140028953552
vn 0.3488500118255615 0.15978200733661652 -0.9234570264816284
vn 0.282833993434906 0.6427929997444153 -0.7119140028953552
vn 0.13635100424289703 0.6808840036392212 -0.7195870280265808
vn 0.08686300367116928 0.9608380198478699 -0.26314398646354675
vn 0.08686300367116928 0.9608380198478699 -0.26314398646354675
vn 0.206276997923851 0.9380220174789429 -0.27850401401519775
vn 0.282833993434906 0.6427929997444153 -0.7119140028953552
vn 0.07235799729824066 0.9973769783973694 0.0016370000084862113
vn 0.1614830046892166 0.9868710041046143 0.0028619999065995216
vn 0.206276997923851 0.9380220174789429 -0.27850401401519775
vn 0.206276997923851 0.9380220174789429 -0.27850401401519775
vn 0.08686300367116928 0.9608380198478699 -0.26314398646354675
vn 0.07235799729824066 0.9973769783973694 0.0016370000084862113
vn 0.07235799729824066 0.9973769783973694 0.0016370000084862113
vn 0.08301500231027603 0.9068459868431091 0.41320499777793884
vn 0.18763099610805511 0.8756549954414368 0.44499799609184265
vn 0.18763099610805511 0.8756549954414368 0.44499799609184265
vn 0.1614830046892166 0.9868710041046143 0.0028619999065995216
vn 0.07235799729824066 0.9973769783973694 0.0016370000084862113
vn 0.08301500231027603 0.9068459868431091 0.41320499777793884
vn 0.042927999049425125 0.4495989978313446 0.8921980261802673
vn 0.1792750060558319 0.42489299178123474 0.8873140215873718
vn 0.1792750060558319 0.42489299178123474 0.8873140215873718
vn 0.18763099610805511 0.8756549954414368 0.44499799609184265
vn 0.08301500231027603 0.9068459868431091 0.41320499777793884
vn 0.042927999049425125 0.4495989978313446 0.8921980261802673
vn 0.0009740000241436064 0.09485399723052979 0.9954910278320312
vn 0.15778400003910065 0.0968180000782013 0.9827160239219666
vn 0.15778400003910065 0.0968180000782013 0.9827160239219666
vn 0.1792750060558319 0.42489299178123474 0.8873140215873718
vn 0.042927999049425125 0.4495989978313446 0.8921980261802673
vn 0.15778400003910065 0.0968180000782013 0.9827160239219666
vn 0.0009740000241436064 0.09485399723052979 0.9954910278320312
vn -0.06325700134038925 -0.17195799946784973 0.9830710291862488
vn -0.06325700134038925 -0.17195799946784973 0.9830710291862488
vn 0.10380200296640396 -0.22336600720882416 0.9691920280456543
vn 0.15778400003910065 0.0968180000782013 0.9827160239219666
vn 0.10380200296640396 -0.22336600720882416 0.9691920280456543
vn -0.06325700134038925 -0.17195799946784973 0.9830710291862488
vn -0.11356599628925323 -0.34882599115371704 0.9302809834480286
vn -0.11356599628925323 -0.34882599115371704 0.9302809834480286
vn 0.07787500321865082 -0.44348299503326416 0.8928930163383484
vn 0.10380200296640396 -0.22336600720882416 0.9691920280456543
vn -0.11356599628925323 -0.34882599115371704 0.9302809834480286
vn -0.06070299819111824 -0.28186899423599243 0.9575309753417969
vn 0.17273500561714172 -0.34199199080467224 0.9236900210380554
vn 0.17273500561714172 -0.34199199080467224 0.9236900210380554
vn 0.07787500321865082 -0.44348299503326416 0.8928930163383484
vn -0.11356599628925323 -0.34882599115371704 0.9302809834480286
vn 0.0 0.31588101387023926 0.9487990140914917
vn 0.0 0.31588101387023926 0.9487990140914917
vn 0.0 0.06285800039768219 0.9980220198631287
vn 0.0 0.06285800039768219 0.9980220198631287
vn 0.0 0.06285800039768219 0.9980220198631287
vn 0.0 0.31588101387023926 0.9487990140914917
vn 0.0 0.06285800039768219 0.9980220198631287
vn 0.11882700026035309 0.07195000350475311 0.9903050065040588
vn 0.15550999343395233 0.35442399978637695 0.9220629930496216
vn 0.15550999343395233 0.35442399978637695 0.9220629930496216
vn 0.0 0.31588101387023926 0.9487990140914917
vn 0.0 0.06285800039768219 0.9980220198631287
vn 0.11882700026035309 0.07195000350475311 0.9903050065040588
vn 0.4317440092563629 0.1171329990029335 0.8943589925765991
vn 0.4714600145816803 0.4107869863510132 0.7803720235824585
vn 0.4714600145816803 0.4107869863510132 0.7803720235824585
vn 0.15550999343395233 0.35442399978637695 0.9220629930496216
vn 0.11882700026035309 0.07195000350475311 0.9903050065040588
vn 0.4317440092563629 0.1171329990029335 0.8943589925765991
vn 0.7437719702720642 0.17108699679374695 0.6461679935455322
vn 0.704259991645813 0.40734800696372986 0.5814520120620728
vn 0.704259991645813 0.40734800696372986 0.5814520120620728
vn 0.4714600145816803 0.4107869863510132 0.7803720235824585
vn 0.4317440092563629 0.1171329990029335 0.8943589925765991
vn 0.9375540018081665 0.17070700228214264 0.3030700087547302
vn 0.8827660083770752 0.3510110080242157 0.3122729957103729
vn 0.704259991645813 0.40734800696372986 0.5814520120620728
vn 0.704259991645813 0.40734800696372986 0.5814520120620728
vn 0.7437719702720642 0.17108699679374695 0.6461679935455322
vn 0.9375540018081665 0.17070700228214264 0.3030700087547302
vn 0.988215982913971 0.14776800572872162 -0.03991900011897087
vn 0.9603080153465271 0.2767379879951477 -0.034984998404979706
vn 0.8827660083770752 0.3510110080242157 0.3122729957103729
vn 0.8827660083770752 0.3510110080242157 0.3122729957103729
vn 0.9375540018081665 0.17070700228214264 0.3030700087547302
vn 0.988215982913971 0.14776800572872162 -0.03991900011897087
vn 0.988215982913971 0.14776800572872162 -0.03991900011897087
vn 0.8922370076179504 0.15170300006866455 -0.4253219962120056
vn 0.8785319924354553 0.23238199949264526 -0.4173490107059479
vn 0.8785319924354553 0.23238199949264526 -0.4173490107059479
vn 0.9603080153465271 0.2767379879951477 -0.034984998404979706
vn 0.988215982913971 0.14776800572872162 -0.03991900011897087
vn 0.8922370076179504 0.15170300006866455 -0.4253219962120056
vn 0.4639419913291931 0.006076999939978123 -0.8858450055122375
vn 0.5455780029296875 0.11206900328397751 -0.8305330276489258
vn 0.5455780029296875 0.11206900328397751 -0.8305330276489258
vn 0.8785319924354553 0.23238199949264526 -0.4173490107059479
vn 0.8922370076179504 0.15170300006866455 -0.4253219962120056
vn 0.3389660120010376 -0.16230399906635284 -0.9266930222511292
vn 0.5455780029296875 0.11206900328397751 -0.8305330276489258
vn 0.4639419913291931 0.006076999939978123 -0.8858450055122375
vn 0.4639419913291931 0.006076999939978123 -0.8858450055122375
vn 0.11076699942350388 -0.29034098982810974 -0.9504910111427307
vn 0.3389660120010376 -0.16230399906635284 -0.9266930222511292
vn 0.11076699942350388 -0.29034098982810974 -0.9504910111427307
vn 0.13638700544834137 -0.4854559898376465 -0.863556981086731
vn 0.2576189935207367 -0.35153600573539734 -0.9000300168991089
vn 0.2576189935207367 -0.35153600573539734 -0.9000300168991089
vn 0.3389660120010376 -0.16230399906635284 -0.9266930222511292
vn 0.11076699942350388 -0.29034098982810974 -0.9504910111427307
vn 0.13638700544834137 -0.4854559898376465 -0.863556981086731
vn -0.0 -0.5398340225219727 -0.8417720198631287
vn -0.0 -0.37224701046943665 -0.928134024143219
vn -0.0 -0.37224701046943665 -0.928134024143219
vn 0.2576189935207367 -0.35153600573539734 -0.9000300168991089
vn 0.13638700544834137 -0.4854559898376465 -0.863556981086731

vt 0.05857900157570839 0.6249679923057556
vt 0.057583000510931015 0.6727539896965027
vt 0.043375998735427856 0.6750710010528564
vt 0.043375998735427856 0.6750710010528564
vt 0.04575499892234802 0.6249679923057556
vt 0.05857900157570839 0.6249679923057556
vt 0.06013999879360199 0.7428599894046783
vt 0.04373500123620033 0.7427490055561066
vt 0.04353699833154678 0.7190810143947601
vt 0.04353699833154678 0.7190810143947601
vt 0.060033999383449554 0.7073540091514587
vt 0.06013999879360199 0.7428599894046783
vt 0.27404800057411194 0.23460400104522705
vt 0.2760849893093109 0.2610740065574646
vt 0.25791001319885254 0.2604129910469055
vt 0.25791001319885254 0.2604129910469055
vt 0.2578830122947693 0.23460400104522705
vt 0.27404800057411194 0.23460400104522705
vt 0.0622280016541481 0.4050480127334595
vt 0.050682999193668365 0.4068859815597534
vt 0.05079299956560135 0.383417010307312
vt 0.05079299956560135 0.383417010307312
vt 0.06226300075650215 0.38331902027130127
vt 0.0622280016541481 0.4050480127334595
vt 0.40309301018714905 0.35856401920318604
vt 0.39038100838661194 0.35856401920318604
vt 0.39037999510765076 0.32550597190856934
vt 0.39037999510765076 0.32550597190856934
vt 0.4073840081691742 0.3222690224647522
vt 0.40309301018714905 0.35856401920318604
vt 0.14132800698280334 0.4028400182723999
vt 0.12511500716209412 0.40673500299453735
vt 0.1263580024242401 0.38308900594711304
vt 0.1263580024242401 0.38308900594711304
vt 0.1412229984998703 0.38322097063064575
vt 0.14132800698280334 0.4028400182723999
vt 0.1098489984869957 0.6249679923057556
vt 0.1098489984869957 0.6249679923057556
vt 0.12864500284194946 0.6094509959220886
vt 0.12864500284194946 0.6094509959220886
vt 0.13036300241947174 0.6249679923057556
vt 0.11616600304841995 0.6249679923057556
vt 0.1098489984869957 0.6249679923057556
vt 0.12864500284194946 0.6094509959220886
vt 0.11616600304841995 0.6249679923057556
vt 0.13383300602436066 0.7127299904823303
vt 0.13355499505996704 0.7426280081272125
vt 0.1171099990606308 0.7424980103969574
vt 0.1171099990606308 0.7424980103969574
vt 0.11131999641656876 0.7106760144233704
vt 0.13383300602436066 0.7127299904823303
vt 0.12511500716209412 0.40673500299453735
vt 0.10981699824333191 0.4064760208129883
vt 0.11085599660873413 0.3831149935722351
vt 0.11085599660873413 0.3831149935722351
vt 0.1263580024242401 0.38308900594711304
vt 0.12511500716209412 0.40673500299453735
vt 0.11616600304841995 0.6249679923057556
vt 0.11198700219392776 0.6460640132427216
vt 0.10264399647712708 0.6444810032844543
vt 0.10264399647712708 0.6444810032844543
vt 0.1098489984869957 0.6249679923057556
vt 0.11616600304841995 0.6249679923057556
vt 0.11131999641656876 0.7106760144233704
vt 0.1171099990606308 0.7424980103969574
vt 0.11260399967432022 0.7421869933605194
vt 0.11260399967432022 0.7421869933605194
vt 0.1042959988117218 0.7036400139331818
vt 0.11131999641656876 0.7106760144233704
vt 0.31080400943756104 0.23460400104522705
vt 0.308353990316391 0.26899898052215576
vt 0.29769399762153625 0.26478201150894165
vt 0.29769399762153625 0.26478201150894165
vt 0.29718199372291565 0.23460400104522705
vt 0.31080400943756104 0.23460400104522705
vt 0.13786600530147552 0.4696260094642639
vt 0.11557099968194962 0.47175300121307373
vt 0.11877500265836716 0.44338899850845337
vt 0.11877500265836716 0.44338899850845337
vt 0.14195199310779572 0.4414920210838318
vt 0.13786600530147552 0.4696260094642639
vt 0.10734300315380096 0.46241098642349243
vt 0.1078369989991188 0.4371650218963623
vt 0.11877500265836716 0.44338899850845337
vt 0.11877500265836716 0.44338899850845337
vt 0.11557099968194962 0.47175300121307373
vt 0.10734300315380096 0.46241098642349243
vt 0.062456998974084854 0.4406660199165344
vt 0.04872500151395798 0.4434890151023865
vt 0.04973600059747696 0.42904800176620483
vt 0.04973600059747696 0.42904800176620483
vt 0.061772000044584274 0.4257090091705322
vt 0.062456998974084854 0.4406660199165344
vt 0.45238399505615234 0.35856401920318604
vt 0.4149779975414276 0.35856401920318604
vt 0.4232810139656067 0.32469701766967773
vt 0.4232810139656067 0.32469701766967773
vt 0.45238399505615234 0.32942402362823486
vt 0.45238399505615234 0.35856401920318604
vt 0.043375998735427856 0.6750710010528564
vt 0.057583000510931015 0.6727539896965027
vt 0.05845800042152405 0.6912679970264435
vt 0.05845800042152405 0.6912679970264435
vt 0.043163001537323 0.7008509933948517
vt 0.043375998735427856 0.6750710010528564
vt 0.0977030023932457 0.6581319868564606
vt 0.10264399647712708 0.6444810032844543
vt 0.11198700219392776 0.6460640132427216
vt 0.11198700219392776 0.6460640132427216
vt 0.1124730035662651 0.6718130111694336
vt 0.0977030023932457 0.6581319868564606
vt 0.1124730035662651 0.6718130111694336
vt 0.11198700219392776 0.6460640132427216
vt 0.12967200577259064 0.6507779955863953
vt 0.12967200577259064 0.6507779955863953
vt 0.13373999297618866 0.66975998878479
vt 0.1124730035662651 0.6718130111694336
vt 0.407384991645813 0.2973340153694153
vt 0.39038100838661194 0.2973340153694153
vt 0.39038199186325073 0.2639840245246887
vt 0.39038199186325073 0.2639840245246887
vt 0.4073840081691742 0.2639809846878052
vt 0.407384991645813 0.2973340153694153
vt 0.45238399505615234 0.2767699956893921
vt 0.45238399505615234 0.2978000044822693
vt 0.4232810139656067 0.2973319888114929
vt 0.4232810139656067 0.2973319888114929
vt 0.4232810139656067 0.26398199796676636
vt 0.45238399505615234 0.2767699956893921
vt 0.05994400009512901 0.5430099964141846
vt 0.05951999872922897 0.5730380117893219
vt 0.0457490012049675 0.5676130056381226
vt 0.0457490012049675 0.5676130056381226
vt 0.04542199894785881 0.537310004234314
vt 0.05994400009512901 0.5430099964141846
vt 0.09948399662971497 0.540340006351471
vt 0.11525999754667282 0.5344560146331787
vt 0.1122329980134964 0.5664289891719818
vt 0.1122329980134964 0.5664289891719818
vt 0.09843099862337112 0.5683220028877258
vt 0.09948399662971497 0.540340006351471
vt 0.11525999754667282 0.5344560146331787
vt 0.13216499984264374 0.5433369874954224
vt 0.13050900399684906 0.5798839926719666
vt 0.13050900399684906 0.5798839926719666
vt 0.1122329980134964 0.5664289891719818
vt 0.11525999754667282 0.5344560146331787
vt 0.3072670102119446 0.33726298809051514
vt 0.29690200090408325 0.3403249979019165
vt 0.2972779870033264 0.3042359948158264
vt 0.2972779870033264 0.3042359948158264
vt 0.3077239990234375 0.3039780259132385
vt 0.3072670102119446 0.33726298809051514
vt 0.275752991437912 0.34467101097106934
vt 0.25778698921203613 0.3458930253982544
vt 0.2578440010547638 0.3012250065803528
vt 0.2578440010547638 0.3012250065803528
vt 0.28275400400161743 0.302793025970459
vt 0.275752991437912 0.34467101097106934
vt 0.4073840081691742 0.2639809846878052
vt 0.39038199186325073 0.2639840245246887
vt 0.39038100838661194 0.2345290184020996
vt 0.39038100838661194 0.2345290184020996
vt 0.4073840081691742 0.2345290184020996
vt 0.4073840081691742 0.2639809846878052
vt 0.434349000453949 0.2345290184020996
vt 0.4232810139656067 0.26398199796676636
vt 0.4232800006866455 0.2345290184020996
vt 0.06010099872946739 0.5002740025520325
vt 0.05994400009512901 0.5430099964141846
vt 0.04542199894785881 0.537310004234314
vt 0.04542199894785881 0.537310004234314
vt 0.046355001628398895 0.5002740025520325
vt 0.06010099872946739 0.5002740025520325
vt 0.10278099775314331 0.5002740025520325
vt 0.12136399745941162 0.5002740025520325
vt 0.11525999754667282 0.5344560146331787
vt 0.11525999754667282 0.5344560146331787
vt 0.09948399662971497 0.540340006351471
vt 0.10278099775314331 0.5002740025520325
vt 0.12136399745941162 0.5002740025520325
vt 0.13641799986362457 0.5002740025520325
vt 0.13216499984264374 0.5433369874954224
vt 0.13216499984264374 0.5433369874954224
vt 0.11525999754667282 0.5344560146331787
vt 0.12136399745941162 0.5002740025520325
vt 0.30452200770378113 0.3592650294303894
vt 0.28862398862838745 0.3592650294303894
vt 0.29690200090408325 0.3403249979019165
vt 0.29690200090408325 0.3403249979019165
vt 0.3072670102119446 0.33726298809051514
vt 0.30452200770378113 0.3592650294303894
vt 0.26851001381874084 0.3592650294303894
vt 0.25786298513412476 0.3592650294303894
vt 0.25778698921203613 0.3458930253982544
vt 0.25778698921203613 0.3458930253982544
vt 0.275752991437912 0.34467101097106934
vt 0.26851001381874084 0.3592650294303894
vt 0.03810599818825722 0.7428900003433228
vt 0.0315839983522892 0.7427569925785065
vt 0.0315839983522892 0.7239350080490112
vt 0.0315839983522892 0.7239350080490112
vt 0.03746499866247177 0.7217440009117126
vt 0.03810599818825722 0.7428900003433228
vt 0.0315839983522892 0.6743389964103699
vt 0.036952998489141464 0.6752960085868835
vt 0.03730800002813339 0.7041949927806854
vt 0.03730800002813339 0.7041949927806854
vt 0.0315839983522892 0.7066380083560944
vt 0.0315839983522892 0.6743389964103699
vt 0.03847600147128105 0.6249679923057556
vt 0.036952998489141464 0.6752960085868835
vt 0.0315839983522892 0.6743389964103699
vt 0.0315839983522892 0.6743389964103699
vt 0.0315839983522892 0.6249679923057556
vt 0.03847600147128105 0.6249679923057556
vt 0.0315839983522892 0.5702239871025085
vt 0.0315839983522892 0.5365419983863831
vt 0.03793900087475777 0.5364139974117279
vt 0.03793900087475777 0.5364139974117279
vt 0.03818200156092644 0.5689480006694794
vt 0.0315839983522892 0.5702239871025085
vt 0.0315839983522892 0.5002740025520325
vt 0.03833800181746483 0.5002740025520325
vt 0.03793900087475777 0.5364139974117279
vt 0.03793900087475777 0.5364139974117279
vt 0.0315839983522892 0.5365419983863831
vt 0.0315839983522892 0.5002740025520325
vt 0.04050299897789955 0.444441020488739
vt 0.0315839983522892 0.4462599754333496
vt 0.0315839983522892 0.4300270080566406
vt 0.0315839983522892 0.4300270080566406
vt 0.04100700095295906 0.4292150139808655
vt 0.04050299897789955 0.444441020488739
vt 0.041721001267433167 0.40710097551345825
vt 0.0315839983522892 0.4074000120162964
vt 0.0315839983522892 0.38356900215148926
vt 0.0315839983522892 0.38356900215148926
vt 0.041916001588106155 0.38350701332092285
vt 0.041721001267433167 0.40710097551345825
vt 0.0947209969162941 0.40644901990890503
vt 0.07890799641609192 0.4063379764556885
vt 0.07897999882698059 0.3831769824028015
vt 0.07897999882698059 0.3831769824028015
vt 0.09555599838495255 0.3831369876861572
vt 0.0947209969162941 0.40644901990890503
vt 0.0915829986333847 0.4443129897117615
vt 0.07789500057697296 0.4436420202255249
vt 0.07909700274467468 0.42753201723098755
vt 0.07909700274467468 0.42753201723098755
vt 0.09314700216054916 0.4283580183982849
vt 0.0915829986333847 0.4443129897117615
vt 0.07482399791479111 0.5002740025520325
vt 0.08818300068378448 0.5002740025520325
vt 0.08993200212717056 0.540926992893219
vt 0.08993200212717056 0.540926992893219
vt 0.07705199718475342 0.5469329953193665
vt 0.07482399791479111 0.5002740025520325
vt 0.08993200212717056 0.540926992893219
vt 0.08975599706172943 0.5716229975223541
vt 0.07788600027561188 0.5749430060386658
vt 0.07788600027561188 0.5749430060386658
vt 0.07705199718475342 0.5469329953193665
vt 0.08993200212717056 0.540926992893219
vt 0.08839999884366989 0.6249679923057556
vt 0.0977030023932457 0.6581319868564606
vt 0.07735700160264969 0.6626250147819519
vt 0.07735700160264969 0.6626250147819519
vt 0.07759200036525726 0.6249679923057556
vt 0.08839999884366989 0.6249679923057556
vt 0.0977030023932457 0.6581319868564606
vt 0.09903799742460251 0.684484988451004
vt 0.07970699667930603 0.6852500140666962
vt 0.07970699667930603 0.6852500140666962
vt 0.07735700160264969 0.6626250147819519
vt 0.0977030023932457 0.6581319868564606
vt 0.1042959988117218 0.7036400139331818
vt 0.11260399967432022 0.7421869933605194
vt 0.08255600184202194 0.7428930103778839
vt 0.08255600184202194 0.7428930103778839
vt 0.08124600350856781 0.7025069892406464
vt 0.1042959988117218 0.7036400139331818
vt 0.155799001455307 0.7430619895458221
vt 0.13355499505996704 0.7426280081272125
vt 0.13383300602436066 0.7127299904823303
vt 0.13383300602436066 0.7127299904823303
vt 0.155799001455307 0.712583988904953
vt 0.155799001455307 0.7430619895458221
vt 0.155799001455307 0.40289801359176636
vt 0.14132800698280334 0.4028400182723999
vt 0.1412229984998703 0.38322097063064575
vt 0.1412229984998703 0.38322097063064575
vt 0.155799001455307 0.38332700729370117
vt 0.155799001455307 0.40289801359176636
vt 0.155799001455307 0.4701229929924011
vt 0.13786600530147552 0.4696260094642639
vt 0.14195199310779572 0.4414920210838318
vt 0.14195199310779572 0.4414920210838318
vt 0.155799001455307 0.4403799772262573
vt 0.155799001455307 0.4701229929924011
vt 0.155799001455307 0.5002740025520325
vt 0.155799001455307 0.5525459945201874
vt 0.13216499984264374 0.5433369874954224
vt 0.13216499984264374 0.5433369874954224
vt 0.13641799986362457 0.5002740025520325
vt 0.155799001455307 0.5002740025520325
vt 0.155799001455307 0.5525459945201874
vt 0.155799001455307 0.5923010110855103
vt 0.13050900399684906 0.5798839926719666
vt 0.13050900399684906 0.5798839926719666
vt 0.13216499984264374 0.5433369874954224
vt 0.155799001455307 0.5525459945201874
vt 0.155799001455307 0.6249679923057556
vt 0.13036300241947174 0.6249679923057556
vt 0.12864500284194946 0.6094509959220886
vt 0.12864500284194946 0.6094509959220886
vt 0.155799001455307 0.61005699634552
vt 0.155799001455307 0.6249679923057556
vt 0.155799001455307 0.6510460078716278
vt 0.155799001455307 0.6670539975166321
vt 0.13373999297618866 0.66975998878479
vt 0.13373999297618866 0.66975998878479
vt 0.12967200577259064 0.6507779955863953
vt 0.155799001455307 0.6510460078716278
vt 0.057583000510931015 0.6727539896965027
vt 0.07735700160264969 0.6626250147819519
vt 0.07970699667930603 0.6852500140666962
vt 0.07970699667930603 0.6852500140666962
vt 0.05845800042152405 0.6912679970264435
vt 0.057583000510931015 0.6727539896965027
vt 0.07735700160264969 0.6626250147819519
vt 0.057583000510931015 0.6727539896965027
vt 0.05857900157570839 0.6249679923057556
vt 0.05857900157570839 0.6249679923057556
vt 0.07759200036525726 0.6249679923057556
vt 0.07735700160264969 0.6626250147819519
vt 0.05951999872922897 0.5730380117893219
vt 0.05994400009512901 0.5430099964141846
vt 0.07705199718475342 0.5469329953193665
vt 0.07705199718475342 0.5469329953193665
vt 0.07788600027561188 0.5749430060386658
vt 0.05951999872922897 0.5730380117893219
vt 0.05994400009512901 0.5430099964141846
vt 0.06010099872946739 0.5002740025520325
vt 0.07482399791479111 0.5002740025520325
vt 0.07482399791479111 0.5002740025520325
vt 0.07705199718475342 0.5469329953193665
vt 0.05994400009512901 0.5430099964141846
vt 0.07909700274467468 0.42753201723098755
vt 0.07789500057697296 0.4436420202255249
vt 0.062456998974084854 0.4406660199165344
vt 0.062456998974084854 0.4406660199165344
vt 0.061772000044584274 0.4257090091705322
vt 0.07909700274467468 0.42753201723098755
vt 0.0622280016541481 0.4050480127334595
vt 0.06226300075650215 0.38331902027130127
vt 0.07897999882698059 0.3831769824028015
vt 0.07897999882698059 0.3831769824028015
vt 0.07890799641609192 0.4063379764556885
vt 0.0622280016541481 0.4050480127334595
vt 0.08255600184202194 0.7428930103778839
vt 0.06013999879360199 0.7428599894046783
vt 0.060033999383449554 0.7073540091514587
vt 0.060033999383449554 0.7073540091514587
vt 0.08124600350856781 0.7025069892406464
vt 0.08255600184202194 0.7428930103778839
vt 0.13436000049114227 0.6948210000991821
vt 0.13383300602436066 0.7127299904823303
vt 0.11131999641656876 0.7106760144233704
vt 0.11131999641656876 0.7106760144233704
vt 0.11092700064182281 0.6932100057601929
vt 0.13436000049114227 0.6948210000991821
vt 0.13436000049114227 0.6948210000991821
vt 0.155799001455307 0.6900829970836639
vt 0.155799001455307 0.712583988904953
vt 0.155799001455307 0.712583988904953
vt 0.13383300602436066 0.7127299904823303
vt 0.13436000049114227 0.6948210000991821
vt 0.28554201126098633 0.23460400104522705
vt 0.28677499294281006 0.2639690041542053
vt 0.2760849893093109 0.2610740065574646
vt 0.2760849893093109 0.2610740065574646
vt 0.27404800057411194 0.23460400104522705
vt 0.28554201126098633 0.23460400104522705
vt 0.2863819897174835 0.33994901180267334
vt 0.275752991437912 0.34467101097106934
vt 0.28275400400161743 0.302793025970459
vt 0.28275400400161743 0.302793025970459
vt 0.28997400403022766 0.30351102352142334
vt 0.2863819897174835 0.33994901180267334
vt 0.28033798933029175 0.3592650294303894
vt 0.26851001381874084 0.3592650294303894
vt 0.275752991437912 0.34467101097106934
vt 0.275752991437912 0.34467101097106934
vt 0.2863819897174835 0.33994901180267334
vt 0.28033798933029175 0.3592650294303894
vt 0.155799001455307 0.40289801359176636
vt 0.155799001455307 0.4249889850616455
vt 0.14168399572372437 0.42228299379348755
vt 0.14168399572372437 0.42228299379348755
vt 0.14132800698280334 0.4028400182723999
vt 0.155799001455307 0.40289801359176636
vt 0.14168399572372437 0.42228299379348755
vt 0.12177799642086029 0.4250640273094177
vt 0.12511500716209412 0.40673500299453735
vt 0.12511500716209412 0.40673500299453735
vt 0.14132800698280334 0.4028400182723999
vt 0.14168399572372437 0.42228299379348755
vt 0.12177799642086029 0.4250640273094177
vt 0.10868100076913834 0.42171597480773926
vt 0.10981699824333191 0.4064760208129883
vt 0.10981699824333191 0.4064760208129883
vt 0.12511500716209412 0.40673500299453735
vt 0.12177799642086029 0.4250640273094177
vt 0.09314700216054916 0.4283580183982849
vt 0.07909700274467468 0.42753201723098755
vt 0.07890799641609192 0.4063379764556885
vt 0.07890799641609192 0.4063379764556885
vt 0.0947209969162941 0.40644901990890503
vt 0.09314700216054916 0.4283580183982849
vt 0.061772000044584274 0.4257090091705322
vt 0.0622280016541481 0.4050480127334595
vt 0.07890799641609192 0.4063379764556885
vt 0.07890799641609192 0.4063379764556885
vt 0.07909700274467468 0.42753201723098755
vt 0.061772000044584274 0.4257090091705322
vt 0.061772000044584274 0.4257090091705322
vt 0.04973600059747696 0.42904800176620483
vt 0.050682999193668365 0.4068859815597534
vt 0.050682999193668365 0.4068859815597534
vt 0.0622280016541481 0.4050480127334595
vt 0.061772000044584274 0.4257090091705322
vt 0.04100700095295906 0.4292150139808655
vt 0.0315839983522892 0.4300270080566406
vt 0.0315839983522892 0.4074000120162964
vt 0.0315839983522892 0.4074000120162964
vt 0.041721001267433167 0.40710097551345825
vt 0.04100700095295906 0.4292150139808655
vt 0.4232810139656067 0.26398199796676636
vt 0.4073840081691742 0.2639809846878052
vt 0.4073840081691742 0.2345290184020996
vt 0.4232800006866455 0.2345290184020996
vt 0.4232810139656067 0.26398199796676636
vt 0.4232810139656067 0.2973319888114929
vt 0.407384991645813 0.2973340153694153
vt 0.4073840081691742 0.2639809846878052
vt 0.4073840081691742 0.2639809846878052
vt 0.4232810139656067 0.26398199796676636
vt 0.4232810139656067 0.2973319888114929
vt 0.4149779975414276 0.35856401920318604
vt 0.40309301018714905 0.35856401920318604
vt 0.4073840081691742 0.3222690224647522
vt 0.4073840081691742 0.3222690224647522
vt 0.4232810139656067 0.32469701766967773
vt 0.4149779975414276 0.35856401920318604
vt 0.0315839983522892 0.7066380083560944
vt 0.03730800002813339 0.7041949927806854
vt 0.03746499866247177 0.7217440009117126
vt 0.03746499866247177 0.7217440009117126
vt 0.0315839983522892 0.7239350080490112
vt 0.0315839983522892 0.7066380083560944
vt 0.043163001537323 0.7008509933948517
vt 0.05845800042152405 0.6912679970264435
vt 0.060033999383449554 0.7073540091514587
vt 0.060033999383449554 0.7073540091514587
vt 0.04353699833154678 0.7190810143947601
vt 0.043163001537323 0.7008509933948517
vt 0.05845800042152405 0.6912679970264435
vt 0.07970699667930603 0.6852500140666962
vt 0.08124600350856781 0.7025069892406464
vt 0.08124600350856781 0.7025069892406464
vt 0.060033999383449554 0.7073540091514587
vt 0.05845800042152405 0.6912679970264435
vt 0.09903799742460251 0.684484988451004
vt 0.1042959988117218 0.7036400139331818
vt 0.08124600350856781 0.7025069892406464
vt 0.08124600350856781 0.7025069892406464
vt 0.07970699667930603 0.6852500140666962
vt 0.09903799742460251 0.684484988451004
vt 0.13050900399684906 0.5798839926719666
vt 0.12864500284194946 0.6094509959220886
vt 0.1098489984869957 0.6249679923057556
vt 0.1098489984869957 0.6249679923057556
vt 0.1122329980134964 0.5664289891719818
vt 0.13050900399684906 0.5798839926719666
vt 0.1122329980134964 0.5664289891719818
vt 0.1098489984869957 0.6249679923057556
vt 0.0995360016822815 0.6249679923057556
vt 0.0995360016822815 0.6249679923057556
vt 0.09843099862337112 0.5683220028877258
vt 0.1122329980134964 0.5664289891719818
vt 0.07788600027561188 0.5749430060386658
vt 0.08975599706172943 0.5716229975223541
vt 0.08839999884366989 0.6249679923057556
vt 0.08839999884366989 0.6249679923057556
vt 0.07759200036525726 0.6249679923057556
vt 0.07788600027561188 0.5749430060386658
vt 0.05857900157570839 0.6249679923057556
vt 0.05951999872922897 0.5730380117893219
vt 0.07788600027561188 0.5749430060386658
vt 0.07788600027561188 0.5749430060386658
vt 0.07759200036525726 0.6249679923057556
vt 0.05857900157570839 0.6249679923057556
vt 0.05951999872922897 0.5730380117893219
vt 0.05857900157570839 0.6249679923057556
vt 0.04575499892234802 0.6249679923057556
vt 0.04575499892234802 0.6249679923057556
vt 0.0457490012049675 0.5676130056381226
vt 0.05951999872922897 0.5730380117893219
vt 0.0315839983522892 0.6249679923057556
vt 0.0315839983522892 0.5702239871025085
vt 0.03818200156092644 0.5689480006694794
vt 0.03818200156092644 0.5689480006694794
vt 0.03847600147128105 0.6249679923057556
vt 0.0315839983522892 0.6249679923057556
vt 0.4232810139656067 0.2973319888114929
vt 0.45238399505615234 0.2978000044822693
vt 0.45238399505615234 0.32942402362823486
vt 0.45238399505615234 0.32942402362823486
vt 0.4232810139656067 0.32469701766967773
vt 0.4232810139656067 0.2973319888114929
vt 0.4232810139656067 0.2973319888114929
vt 0.4232810139656067 0.32469701766967773
vt 0.4073840081691742 0.3222690224647522
vt 0.4073840081691742 0.3222690224647522
vt 0.407384991645813 0.2973340153694153
vt 0.4232810139656067 0.2973319888114929
vt 0.4073840081691742 0.3222690224647522
vt 0.39037999510765076 0.32550597190856934
vt 0.39038100838661194 0.2973340153694153
vt 0.4073840081691742 0.3222690224647522
vt 0.2760849893093109 0.2610740065574646
vt 0.28275400400161743 0.302793025970459
vt 0.2578440010547638 0.3012250065803528
vt 0.2578440010547638 0.3012250065803528
vt 0.25791001319885254 0.2604129910469055
vt 0.2760849893093109 0.2610740065574646
vt 0.28677499294281006 0.2639690041542053
vt 0.28997400403022766 0.30351102352142334
vt 0.28275400400161743 0.302793025970459
vt 0.28275400400161743 0.302793025970459
vt 0.2760849893093109 0.2610740065574646
vt 0.28677499294281006 0.2639690041542053
vt 0.308353990316391 0.26899898052215576
vt 0.3077239990234375 0.3039780259132385
vt 0.2972779870033264 0.3042359948158264
vt 0.2972779870033264 0.3042359948158264
vt 0.29769399762153625 0.26478201150894165
vt 0.308353990316391 0.26899898052215576
vt 0.13050900399684906 0.5798839926719666
vt 0.155799001455307 0.5923010110855103
vt 0.155799001455307 0.61005699634552
vt 0.155799001455307 0.61005699634552
vt 0.12864500284194946 0.6094509959220886
vt 0.13050900399684906 0.5798839926719666
vt 0.11198700219392776 0.6460640132427216
vt 0.11616600304841995 0.6249679923057556
vt 0.13036300241947174 0.6249679923057556
vt 0.13036300241947174 0.6249679923057556
vt 0.12967200577259064 0.6507779955863953
vt 0.11198700219392776 0.6460640132427216
vt 0.155799001455307 0.6249679923057556
vt 0.155799001455307 0.6510460078716278
vt 0.12967200577259064 0.6507779955863953
vt 0.12967200577259064 0.6507779955863953
vt 0.13036300241947174 0.6249679923057556
vt 0.155799001455307 0.6249679923057556
vt 0.3203069865703583 0.23460400104522705
vt 0.3203069865703583 0.2860940098762512
vt 0.308353990316391 0.26899898052215576
vt 0.308353990316391 0.26899898052215576
vt 0.31080400943756104 0.23460400104522705
vt 0.3203069865703583 0.23460400104522705
vt 0.3203069865703583 0.2860940098762512
vt 0.3203069865703583 0.30389100313186646
vt 0.3077239990234375 0.3039780259132385
vt 0.3077239990234375 0.3039780259132385
vt 0.308353990316391 0.26899898052215576
vt 0.3203069865703583 0.2860940098762512
vt 0.3203069865703583 0.32230299711227417
vt 0.3072670102119446 0.33726298809051514
vt 0.3077239990234375 0.3039780259132385
vt 0.3077239990234375 0.3039780259132385
vt 0.3203069865703583 0.30389100313186646
vt 0.3203069865703583 0.32230299711227417
vt 0.3203069865703583 0.3592650294303894
vt 0.30452200770378113 0.3592650294303894
vt 0.3072670102119446 0.33726298809051514
vt 0.3072670102119446 0.33726298809051514
vt 0.3203069865703583 0.32230299711227417
vt 0.3203069865703583 0.3592650294303894
vt 0.155799001455307 0.5002740025520325
vt 0.13641799986362457 0.5002740025520325
vt 0.13786600530147552 0.4696260094642639
vt 0.13786600530147552 0.4696260094642639
vt 0.155799001455307 0.4701229929924011
vt 0.155799001455307 0.5002740025520325
vt 0.13641799986362457 0.5002740025520325
vt 0.12136399745941162 0.5002740025520325
vt 0.11557099968194962 0.47175300121307373
vt 0.11557099968194962 0.47175300121307373
vt 0.13786600530147552 0.4696260094642639
vt 0.13641799986362457 0.5002740025520325
vt 0.10278099775314331 0.5002740025520325
vt 0.10734300315380096 0.46241098642349243
vt 0.11557099968194962 0.47175300121307373
vt 0.11557099968194962 0.47175300121307373
vt 0.12136399745941162 0.5002740025520325
vt 0.10278099775314331 0.5002740025520325
vt 0.08818300068378448 0.5002740025520325
vt 0.07482399791479111 0.5002740025520325
vt 0.07789500057697296 0.4436420202255249
vt 0.07789500057697296 0.4436420202255249
vt 0.0915829986333847 0.4443129897117615
vt 0.08818300068378448 0.5002740025520325
vt 0.07789500057697296 0.4436420202255249
vt 0.07482399791479111 0.5002740025520325
vt 0.06010099872946739 0.5002740025520325
vt 0.06010099872946739 0.5002740025520325
vt 0.062456998974084854 0.4406660199165344
vt 0.07789500057697296 0.4436420202255249
vt 0.046355001628398895 0.5002740025520325
vt 0.04872500151395798 0.4434890151023865
vt 0.062456998974084854 0.4406660199165344
vt 0.062456998974084854 0.4406660199165344
vt 0.06010099872946739 0.5002740025520325
vt 0.046355001628398895 0.5002740025520325
vt 0.03833800181746483 0.5002740025520325
vt 0.0315839983522892 0.5002740025520325
vt 0.0315839983522892 0.4462599754333496
vt 0.0315839983522892 0.4462599754333496
vt 0.04050299897789955 0.444441020488739
vt 0.03833800181746483 0.5002740025520325
vt 0.45238399505615234 0.2345290184020996
vt 0.45238399505615234 0.2767699956893921
vt 0.4232810139656067 0.26398199796676636
vt 0.4232810139656067 0.26398199796676636
vt 0.434349000453949 0.2345290184020996
vt 0.45238399505615234 0.2345290184020996
vt 0.10264399647712708 0.6444810032844543
vt 0.0977030023932457 0.6581319868564606
vt 0.08839999884366989 0.6249679923057556
vt 0.08839999884366989 0.6249679923057556
vt 0.0995360016822815 0.6249679923057556
vt 0.10264399647712708 0.6444810032844543
vt 0.08975599706172943 0.5716229975223541
vt 0.09843099862337112 0.5683220028877258
vt 0.0995360016822815 0.6249679923057556
vt 0.0995360016822815 0.6249679923057556
vt 0.08839999884366989 0.6249679923057556
vt 0.08975599706172943 0.5716229975223541
vt 0.08993200212717056 0.540926992893219
vt 0.09948399662971497 0.540340006351471
vt 0.09843099862337112 0.5683220028877258
vt 0.09843099862337112 0.5683220028877258
vt 0.08975599706172943 0.5716229975223541
vt 0.08993200212717056 0.540926992893219
vt 0.08993200212717056 0.540926992893219
vt 0.08818300068378448 0.5002740025520325
vt 0.10278099775314331 0.5002740025520325
vt 0.10278099775314331 0.5002740025520325
vt 0.09948399662971497 0.540340006351471
vt 0.08993200212717056 0.540926992893219
vt 0.08818300068378448 0.5002740025520325
vt 0.0915829986333847 0.4443129897117615
vt 0.10734300315380096 0.46241098642349243
vt 0.10734300315380096 0.46241098642349243
vt 0.10278099775314331 0.5002740025520325
vt 0.08818300068378448 0.5002740025520325
vt 0.0915829986333847 0.4443129897117615
vt 0.09314700216054916 0.4283580183982849
vt 0.1078369989991188 0.4371650218963623
vt 0.1078369989991188 0.4371650218963623
vt 0.10734300315380096 0.46241098642349243
vt 0.0915829986333847 0.4443129897117615
vt 0.0947209969162941 0.40644901990890503
vt 0.10981699824333191 0.4064760208129883
vt 0.10868100076913834 0.42171597480773926
vt 0.10981699824333191 0.4064760208129883
vt 0.0947209969162941 0.40644901990890503
vt 0.09555599838495255 0.3831369876861572
vt 0.09555599838495255 0.3831369876861572
vt 0.11085599660873413 0.3831149935722351
vt 0.10981699824333191 0.4064760208129883
vt 0.1098489984869957 0.6249679923057556
vt 0.10264399647712708 0.6444810032844543
vt 0.0995360016822815 0.6249679923057556
vt 0.0995360016822815 0.6249679923057556
vt 0.104544997215271 0.6249679923057556
vt 0.1098489984869957 0.6249679923057556
vt 0.1042959988117218 0.7036400139331818
vt 0.09903799742460251 0.684484988451004
vt 0.11092700064182281 0.6932100057601929
vt 0.11092700064182281 0.6932100057601929
vt 0.11131999641656876 0.7106760144233704
vt 0.1042959988117218 0.7036400139331818
vt 0.1124730035662651 0.6718130111694336
vt 0.11092700064182281 0.6932100057601929
vt 0.09903799742460251 0.684484988451004
vt 0.09903799742460251 0.684484988451004
vt 0.0977030023932457 0.6581319868564606
vt 0.1124730035662651 0.6718130111694336
vt 0.13373999297618866 0.66975998878479
vt 0.13436000049114227 0.6948210000991821
vt 0.11092700064182281 0.6932100057601929
vt 0.11092700064182281 0.6932100057601929
vt 0.1124730035662651 0.6718130111694336
vt 0.13373999297618866 0.66975998878479
vt 0.13373999297618866 0.66975998878479
vt 0.155799001455307 0.6670539975166321
vt 0.155799001455307 0.6900829970836639
vt 0.155799001455307 0.6900829970836639
vt 0.13436000049114227 0.6948210000991821
vt 0.13373999297618866 0.66975998878479
vt 0.29718199372291565 0.23460400104522705
vt 0.29769399762153625 0.26478201150894165
vt 0.28677499294281006 0.2639690041542053
vt 0.28677499294281006 0.2639690041542053
vt 0.28554201126098633 0.23460400104522705
vt 0.29718199372291565 0.23460400104522705
vt 0.29769399762153625 0.26478201150894165
vt 0.2972779870033264 0.3042359948158264
vt 0.28997400403022766 0.30351102352142334
vt 0.28997400403022766 0.30351102352142334
vt 0.28677499294281006 0.2639690041542053
vt 0.29769399762153625 0.26478201150894165
vt 0.29690200090408325 0.3403249979019165
vt 0.2863819897174835 0.33994901180267334
vt 0.28997400403022766 0.30351102352142334
vt 0.28997400403022766 0.30351102352142334
vt 0.2972779870033264 0.3042359948158264
vt 0.29690200090408325 0.3403249979019165
vt 0.28862398862838745 0.3592650294303894
vt 0.28033798933029175 0.3592650294303894
vt 0.2863819897174835 0.33994901180267334
vt 0.2863819897174835 0.33994901180267334
vt 0.29690200090408325 0.3403249979019165
vt 0.28862398862838745 0.3592650294303894
vt 0.155799001455307 0.4249889850616455
vt 0.155799001455307 0.4403799772262573
vt 0.14195199310779572 0.4414920210838318
vt 0.14195199310779572 0.4414920210838318
vt 0.14168399572372437 0.42228299379348755
vt 0.155799001455307 0.4249889850616455
vt 0.14195199310779572 0.4414920210838318
vt 0.11877500265836716 0.44338899850845337
vt 0.12177799642086029 0.4250640273094177
vt 0.12177799642086029 0.4250640273094177
vt 0.14168399572372437 0.42228299379348755
vt 0.14195199310779572 0.4414920210838318
vt 0.11877500265836716 0.44338899850845337
vt 0.1078369989991188 0.4371650218963623
vt 0.10868100076913834 0.42171597480773926
vt 0.10868100076913834 0.42171597480773926
vt 0.12177799642086029 0.4250640273094177
vt 0.11877500265836716 0.44338899850845337
vt 0.09314700216054916 0.4283580183982849
vt 0.0947209969162941 0.40644901990890503
vt 0.10868100076913834 0.42171597480773926
vt 0.10868100076913834 0.42171597480773926
vt 0.1078369989991188 0.4371650218963623
vt 0.09314700216054916 0.4283580183982849
vt 0.050682999193668365 0.4068859815597534
vt 0.041721001267433167 0.40710097551345825
vt 0.041916001588106155 0.38350701332092285
vt 0.041916001588106155 0.38350701332092285
vt 0.05079299956560135 0.383417010307312
vt 0.050682999193668365 0.4068859815597534
vt 0.04973600059747696 0.42904800176620483
vt 0.04100700095295906 0.4292150139808655
vt 0.041721001267433167 0.40710097551345825
vt 0.041721001267433167 0.40710097551345825
vt 0.050682999193668365 0.4068859815597534
vt 0.04973600059747696 0.42904800176620483
vt 0.04872500151395798 0.4434890151023865
vt 0.04050299897789955 0.444441020488739
vt 0.04100700095295906 0.4292150139808655
vt 0.04100700095295906 0.4292150139808655
vt 0.04973600059747696 0.42904800176620483
vt 0.04872500151395798 0.4434890151023865
vt 0.046355001628398895 0.5002740025520325
vt 0.03833800181746483 0.5002740025520325
vt 0.04050299897789955 0.444441020488739
vt 0.04050299897789955 0.444441020488739
vt 0.04872500151395798 0.4434890151023865
vt 0.046355001628398895 0.5002740025520325
vt 0.03793900087475777 0.5364139974117279
vt 0.03833800181746483 0.5002740025520325
vt 0.046355001628398895 0.5002740025520325
vt 0.046355001628398895 0.5002740025520325
vt 0.04542199894785881 0.537310004234314
vt 0.03793900087475777 0.5364139974117279
vt 0.03818200156092644 0.5689480006694794
vt 0.03793900087475777 0.5364139974117279
vt 0.04542199894785881 0.537310004234314
vt 0.04542199894785881 0.537310004234314
vt 0.0457490012049675 0.5676130056381226
vt 0.03818200156092644 0.5689480006694794
vt 0.04575499892234802 0.6249679923057556
vt 0.03847600147128105 0.6249679923057556
vt 0.03818200156092644 0.5689480006694794
vt 0.03818200156092644 0.5689480006694794
vt 0.0457490012049675 0.5676130056381226
vt 0.04575499892234802 0.6249679923057556
vt 0.043375998735427856 0.6750710010528564
vt 0.036952998489141464 0.6752960085868835
vt 0.03847600147128105 0.6249679923057556
vt 0.03847600147128105 0.6249679923057556
vt 0.04575499892234802 0.6249679923057556
vt 0.043375998735427856 0.6750710010528564
vt 0.036952998489141464 0.6752960085868835
vt 0.043375998735427856 0.6750710010528564
vt 0.043163001537323 0.7008509933948517
vt 0.043163001537323 0.7008509933948517
vt 0.03730800002813339 0.7041949927806854
vt 0.036952998489141464 0.6752960085868835
vt 0.03730800002813339 0.7041949927806854
vt 0.043163001537323 0.7008509933948517
vt 0.04353699833154678 0.7190810143947601
vt 0.04353699833154678 0.7190810143947601
vt 0.03746499866247177 0.7217440009117126
vt 0.03730800002813339 0.7041949927806854
vt 0.04373500123620033 0.7427490055561066
vt 0.03810599818825722 0.7428900003433228
vt 0.03746499866247177 0.7217440009117126
vt 0.03746499866247177 0.7217440009117126
vt 0.04353699833154678 0.7190810143947601
vt 0.04373500123620033 0.7427490055561066
vt 0.05710799992084503 0.875399999320507
vt 0.04443199932575226 0.875399999320507
vt 0.04346900060772896 0.8100730031728745
vt 0.04346900060772896 0.8100730031728745
vt 0.05772100016474724 0.8124769926071167
vt 0.05710799992084503 0.875399999320507
vt 0.043581001460552216 0.7662079930305481
vt 0.04373500123620033 0.7427490055561066
vt 0.06013999879360199 0.7428599894046783
vt 0.06013999879360199 0.7428599894046783
vt 0.059863001108169556 0.7781870067119598
vt 0.043581001460552216 0.7662079930305481
vt 0.24177099764347076 0.23460400104522705
vt 0.2578830122947693 0.23460400104522705
vt 0.25791001319885254 0.2604129910469055
vt 0.25791001319885254 0.2604129910469055
vt 0.23972199857234955 0.2608810067176819
vt 0.24177099764347076 0.23460400104522705
vt 0.062210001051425934 0.361473023891449
vt 0.06226300075650215 0.38331902027130127
vt 0.05079299956560135 0.383417010307312
vt 0.05079299956560135 0.383417010307312
vt 0.050666000694036484 0.35994499921798706
vt 0.062210001051425934 0.361473023891449
vt 0.39037999510765076 0.32550597190856934
vt 0.39038100838661194 0.35856401920318604
vt 0.3776699900627136 0.35856401920318604
vt 0.3776699900627136 0.35856401920318604
vt 0.3733769953250885 0.3222699761390686
vt 0.39037999510765076 0.32550597190856934
vt 0.1412159949541092 0.3634030222892761
vt 0.1412229984998703 0.38322097063064575
vt 0.1263580024242401 0.38308900594711304
vt 0.1263580024242401 0.38308900594711304
vt 0.1250610053539276 0.3595839738845825
vt 0.1412159949541092 0.3634030222892761
vt 0.1257849931716919 0.8748530000448227
vt 0.12833599746227264 0.8927949965000153
vt 0.10328400135040283 0.8850170001387596
vt 0.1257849931716919 0.8748530000448227
vt 0.10328400135040283 0.8850170001387596
vt 0.10638300329446793 0.8748530000448227
vt 0.1257849931716919 0.8748530000448227
vt 0.10638300329446793 0.8748530000448227
vt 0.1118599995970726 0.8748530000448227
vt 0.13407400250434875 0.7728970050811768
vt 0.11180499941110611 0.7751490026712418
vt 0.1171099990606308 0.7424980103969574
vt 0.1171099990606308 0.7424980103969574
vt 0.13355499505996704 0.7426280081272125
vt 0.13407400250434875 0.7728970050811768
vt 0.1250610053539276 0.3595839738845825
vt 0.1263580024242401 0.38308900594711304
vt 0.11085599660873413 0.3831149935722351
vt 0.11085599660873413 0.3831149935722351
vt 0.10976599901914597 0.3600919842720032
vt 0.1250610053539276 0.3595839738845825
vt 0.1118599995970726 0.8748530000448227
vt 0.10638300329446793 0.8748530000448227
vt 0.10263200104236603 0.8511050045490265
vt 0.10263200104236603 0.8511050045490265
vt 0.11203400045633316 0.849819004535675
vt 0.1118599995970726 0.8748530000448227
vt 0.11180499941110611 0.7751490026712418
vt 0.10465700179338455 0.7823009938001633
vt 0.11260399967432022 0.7421869933605194
vt 0.11260399967432022 0.7421869933605194
vt 0.1171099990606308 0.7424980103969574
vt 0.11180499941110611 0.7751490026712418
vt 0.20489799976348877 0.23460400104522705
vt 0.21849499642848969 0.23460400104522705
vt 0.21808800101280212 0.26437997817993164
vt 0.21808800101280212 0.26437997817993164
vt 0.20727699995040894 0.26841598749160767
vt 0.20489799976348877 0.23460400104522705
vt 0.13769499957561493 0.2970150113105774
vt 0.14179599285125732 0.3250960111618042
vt 0.11854500323534012 0.3234019875526428
vt 0.11854500323534012 0.3234019875526428
vt 0.11525200307369232 0.29513001441955566
vt 0.13769499957561493 0.2970150113105774
vt 0.11854500323534012 0.3234019875526428
vt 0.10760500282049179 0.32955002784729004
vt 0.10687600076198578 0.3043850064277649
vt 0.10687600076198578 0.3043850064277649
vt 0.11525200307369232 0.29513001441955566
vt 0.11854500323534012 0.3234019875526428
vt 0.06242600083351135 0.32596397399902344
vt 0.061802998185157776 0.3410990238189697
vt 0.04982500150799751 0.3381659984588623
vt 0.04982500150799751 0.3381659984588623
vt 0.04883100092411041 0.323777973651886
vt 0.06242600083351135 0.32596397399902344
vt 0.357479989528656 0.3246989846229553
vt 0.36578500270843506 0.35856401920318604
vt 0.32837799191474915 0.35856401920318604
vt 0.32837799191474915 0.35856401920318604
vt 0.32837799191474915 0.3294280171394348
vt 0.357479989528656 0.3246989846229553
vt 0.04346900060772896 0.8100730031728745
vt 0.043244000524282455 0.7844489961862564
vt 0.05839499831199646 0.7941980063915253
vt 0.05839499831199646 0.7941980063915253
vt 0.05772100016474724 0.8124769926071167
vt 0.04346900060772896 0.8100730031728745
vt 0.09773500263690948 0.8277740031480789
vt 0.11266399919986725 0.8151649981737137
vt 0.11203400045633316 0.849819004535675
vt 0.11203400045633316 0.849819004535675
vt 0.10263200104236603 0.8511050045490265
vt 0.09773500263690948 0.8277740031480789
vt 0.11266399919986725 0.8151649981737137
vt 0.13366100192070007 0.8162530064582825
vt 0.12958300113677979 0.8453429937362671
vt 0.12958300113677979 0.8453429937362671
vt 0.11203400045633316 0.849819004535675
vt 0.11266399919986725 0.8151649981737137
vt 0.39038199186325073 0.2639840245246887
vt 0.39038100838661194 0.2973340153694153
vt 0.3733780086040497 0.29733502864837646
vt 0.3733780086040497 0.29733502864837646
vt 0.3733760118484497 0.26398199796676636
vt 0.39038199186325073 0.2639840245246887
vt 0.357479989528656 0.2973340153694153
vt 0.32837799191474915 0.2978019714355469
vt 0.32837799191474915 0.27677297592163086
vt 0.32837799191474915 0.27677297592163086
vt 0.3574810028076172 0.2639840245246887
vt 0.357479989528656 0.2973340153694153
vt 0.04552299901843071 0.9381869994103909
vt 0.059647999703884125 0.9327270016074181
vt 0.06008699908852577 0.961582999676466
vt 0.06008699908852577 0.961582999676466
vt 0.045423999428749084 0.9674450010061264
vt 0.04552299901843071 0.9381869994103909
vt 0.09954600036144257 0.962347000837326
vt 0.09842099994421005 0.9358479976654053
vt 0.11191999912261963 0.9382440000772476
vt 0.11191999912261963 0.9382440000772476
vt 0.11520600318908691 0.9684140011668205
vt 0.09954600036144257 0.962347000837326
vt 0.11520600318908691 0.9684140011668205
vt 0.11191999912261963 0.9382440000772476
vt 0.13040399551391602 0.9248720034956932
vt 0.13040399551391602 0.9248720034956932
vt 0.13218900561332703 0.9596490003168583
vt 0.11520600318908691 0.9684140011668205
vt 0.21843799948692322 0.3039630055427551
vt 0.21880699694156647 0.34022200107574463
vt 0.2083130031824112 0.33700400590896606
vt 0.2083130031824112 0.33700400590896606
vt 0.20786599814891815 0.3036400079727173
vt 0.21843799948692322 0.3039630055427551
vt 0.2578440010547638 0.3012250065803528
vt 0.25778698921203613 0.3458930253982544
vt 0.23980900645256042 0.3445580005645752
vt 0.23980900645256042 0.3445580005645752
vt 0.2330159991979599 0.3025990128517151
vt 0.2578440010547638 0.3012250065803528
vt 0.39038100838661194 0.2345290184020996
vt 0.39038199186325073 0.2639840245246887
vt 0.3733760118484497 0.26398199796676636
vt 0.3733760118484497 0.26398199796676636
vt 0.3733769953250885 0.2345290184020996
vt 0.3464129865169525 0.2345290184020996
vt 0.3574790060520172 0.2345290184020996
vt 0.3574810028076172 0.2639840245246887
vt 0.045423999428749084 0.9674450010061264
vt 0.06008699908852577 0.961582999676466
vt 0.06017399951815605 0.9993699999758974
vt 0.06017399951815605 0.9993699999758974
vt 0.046560999006032944 0.9993699999758974
vt 0.045423999428749084 0.9674450010061264
vt 0.10292600095272064 0.9993699999758974
vt 0.09954600036144257 0.962347000837326
vt 0.11520600318908691 0.9684140011668205
vt 0.11520600318908691 0.9684140011668205
vt 0.12151399999856949 0.9993699999758974
vt 0.10292600095272064 0.9993699999758974
vt 0.12151399999856949 0.9993699999758974
vt 0.11520600318908691 0.9684140011668205
vt 0.13218900561332703 0.9596490003168583
vt 0.13218900561332703 0.9596490003168583
vt 0.1366090029478073 0.9993699999758974
vt 0.12151399999856949 0.9993699999758974
vt 0.21880699694156647 0.34022200107574463
vt 0.22687900066375732 0.3592650294303894
vt 0.21090799570083618 0.3592650294303894
vt 0.21090799570083618 0.3592650294303894
vt 0.2083130031824112 0.33700400590896606
vt 0.21880699694156647 0.34022200107574463
vt 0.25778698921203613 0.3458930253982544
vt 0.25786298513412476 0.3592650294303894
vt 0.24707600474357605 0.3592650294303894
vt 0.24707600474357605 0.3592650294303894
vt 0.23980900645256042 0.3445580005645752
vt 0.25778698921203613 0.3458930253982544
vt 0.0315839983522892 0.7613999992609024
vt 0.0315839983522892 0.7427569925785065
vt 0.03810599818825722 0.7428900003433228
vt 0.03810599818825722 0.7428900003433228
vt 0.03749199956655502 0.7635589987039566
vt 0.0315839983522892 0.7613999992609024
vt 0.037400998175144196 0.7810930013656616
vt 0.037025000900030136 0.8098289966583252
vt 0.0315839983522892 0.8108420073986053
vt 0.0315839983522892 0.8108420073986053
vt 0.0315839983522892 0.7786460071802139
vt 0.037400998175144196 0.7810930013656616
vt 0.03709400072693825 0.875399999320507
vt 0.0315839983522892 0.875399999320507
vt 0.0315839983522892 0.8108420073986053
vt 0.0315839983522892 0.8108420073986053
vt 0.037025000900030136 0.8098289966583252
vt 0.03709400072693825 0.875399999320507
vt 0.0315839983522892 0.9354289993643761
vt 0.037801001220941544 0.9364230036735535
vt 0.03773399814963341 0.9678330011665821
vt 0.03773399814963341 0.9678330011665821
vt 0.0315839983522892 0.9677809998393059
vt 0.0315839983522892 0.9354289993643761
vt 0.03773399814963341 0.9678330011665821
vt 0.03842199966311455 0.9993699999758974
vt 0.0315839983522892 0.9993699999758974
vt 0.0315839983522892 0.9993699999758974
vt 0.0315839983522892 0.9677809998393059
vt 0.03773399814963341 0.9678330011665821
vt 0.040467001497745514 0.3229069709777832
vt 0.04110400006175041 0.3380339741706848
vt 0.0315839983522892 0.3373919725418091
vt 0.0315839983522892 0.3373919725418091
vt 0.0315839983522892 0.32130300998687744
vt 0.040467001497745514 0.3229069709777832
vt 0.04175800085067749 0.3601440191268921
vt 0.041916001588106155 0.38350701332092285
vt 0.0315839983522892 0.38356900215148926
vt 0.0315839983522892 0.38356900215148926
vt 0.0315839983522892 0.35986799001693726
vt 0.04175800085067749 0.3601440191268921
vt 0.09461600333452225 0.3599550127983093
vt 0.09555599838495255 0.3831369876861572
vt 0.07897999882698059 0.3831769824028015
vt 0.07897999882698059 0.3831769824028015
vt 0.07886599749326706 0.36005300283432007
vt 0.09461600333452225 0.3599550127983093
vt 0.07892999798059464 0.3388519883155823
vt 0.07765600085258484 0.32296401262283325
vt 0.09121499955654144 0.3223549723625183
vt 0.09121499955654144 0.3223549723625183
vt 0.09288399666547775 0.338005006313324
vt 0.07892999798059464 0.3388519883155823
vt 0.07516399770975113 0.9993699999758974
vt 0.07736100256443024 0.9570420011878014
vt 0.09019800275564194 0.9626169987022877
vt 0.09019800275564194 0.9626169987022877
vt 0.0886010006070137 0.9993699999758974
vt 0.07516399770975113 0.9993699999758974
vt 0.0780399963259697 0.930416002869606
vt 0.08980400115251541 0.9336640015244484
vt 0.09019800275564194 0.9626169987022877
vt 0.09019800275564194 0.9626169987022877
vt 0.07736100256443024 0.9570420011878014
vt 0.0780399963259697 0.930416002869606
vt 0.08575200289487839 0.875399999320507
vt 0.07531800121068954 0.875399999320507
vt 0.07721000164747238 0.8232789933681488
vt 0.07721000164747238 0.8232789933681488
vt 0.09773500263690948 0.8277740031480789
vt 0.08575200289487839 0.875399999320507
vt 0.07959499955177307 0.80035799741745
vt 0.09890999644994736 0.80137699842453
vt 0.09773500263690948 0.8277740031480789
vt 0.09773500263690948 0.8277740031480789
vt 0.07721000164747238 0.8232789933681488
vt 0.07959499955177307 0.80035799741745
vt 0.10465700179338455 0.7823009938001633
vt 0.08101800084114075 0.7831069976091385
vt 0.08255600184202194 0.7428930103778839
vt 0.08255600184202194 0.7428930103778839
vt 0.11260399967432022 0.7421869933605194
vt 0.10465700179338455 0.7823009938001633
vt 0.13407400250434875 0.7728970050811768
vt 0.13355499505996704 0.7426280081272125
vt 0.155799001455307 0.7430619895458221
vt 0.155799001455307 0.7430619895458221
vt 0.155799001455307 0.7726300060749054
vt 0.13407400250434875 0.7728970050811768
vt 0.1412229984998703 0.38322097063064575
vt 0.1412159949541092 0.3634030222892761
vt 0.155799001455307 0.36367297172546387
vt 0.155799001455307 0.36367297172546387
vt 0.155799001455307 0.38332700729370117
vt 0.1412229984998703 0.38322097063064575
vt 0.14179599285125732 0.3250960111618042
vt 0.13769499957561493 0.2970150113105774
vt 0.155799001455307 0.2962830066680908
vt 0.155799001455307 0.2962830066680908
vt 0.155799001455307 0.3260849714279175
vt 0.14179599285125732 0.3250960111618042
vt 0.13218900561332703 0.9596490003168583
vt 0.155799001455307 0.9505309984087944
vt 0.155799001455307 0.9993699999758974
vt 0.155799001455307 0.9993699999758974
vt 0.1366090029478073 0.9993699999758974
vt 0.13218900561332703 0.9596490003168583
vt 0.13040399551391602 0.9248720034956932
vt 0.155799001455307 0.9127189964056015
vt 0.155799001455307 0.9505309984087944
vt 0.155799001455307 0.9505309984087944
vt 0.13218900561332703 0.9596490003168583
vt 0.13040399551391602 0.9248720034956932
vt 0.12833599746227264 0.8927949965000153
vt 0.1257849931716919 0.8748530000448227
vt 0.155799001455307 0.8748530000448227
vt 0.155799001455307 0.8748530000448227
vt 0.155799001455307 0.8923249989748001
vt 0.12833599746227264 0.8927949965000153
vt 0.13366100192070007 0.8162530064582825
vt 0.155799001455307 0.8185999989509583
vt 0.155799001455307 0.8450769931077957
vt 0.155799001455307 0.8450769931077957
vt 0.12958300113677979 0.8453429937362671
vt 0.13366100192070007 0.8162530064582825
vt 0.05772100016474724 0.8124769926071167
vt 0.05839499831199646 0.7941980063915253
vt 0.07959499955177307 0.80035799741745
vt 0.07959499955177307 0.80035799741745
vt 0.07721000164747238 0.8232789933681488
vt 0.05772100016474724 0.8124769926071167
vt 0.05710799992084503 0.875399999320507
vt 0.05772100016474724 0.8124769926071167
vt 0.07721000164747238 0.8232789933681488
vt 0.07721000164747238 0.8232789933681488
vt 0.07531800121068954 0.875399999320507
vt 0.05710799992084503 0.875399999320507
vt 0.059647999703884125 0.9327270016074181
vt 0.0780399963259697 0.930416002869606
vt 0.07736100256443024 0.9570420011878014
vt 0.07736100256443024 0.9570420011878014
vt 0.06008699908852577 0.961582999676466
vt 0.059647999703884125 0.9327270016074181
vt 0.06008699908852577 0.961582999676466
vt 0.07736100256443024 0.9570420011878014
vt 0.07516399770975113 0.9993699999758974
vt 0.07516399770975113 0.9993699999758974
vt 0.06017399951815605 0.9993699999758974
vt 0.06008699908852577 0.961582999676466
vt 0.07892999798059464 0.3388519883155823
vt 0.061802998185157776 0.3410990238189697
vt 0.06242600083351135 0.32596397399902344
vt 0.06242600083351135 0.32596397399902344
vt 0.07765600085258484 0.32296401262283325
vt 0.07892999798059464 0.3388519883155823
vt 0.07897999882698059 0.3831769824028015
vt 0.06226300075650215 0.38331902027130127
vt 0.062210001051425934 0.361473023891449
vt 0.062210001051425934 0.361473023891449
vt 0.07886599749326706 0.36005300283432007
vt 0.07897999882698059 0.3831769824028015
vt 0.059863001108169556 0.7781870067119598
vt 0.06013999879360199 0.7428599894046783
vt 0.08255600184202194 0.7428930103778839
vt 0.08255600184202194 0.7428930103778839
vt 0.08101800084114075 0.7831069976091385
vt 0.059863001108169556 0.7781870067119598
vt 0.134552001953125 0.7913900017738342
vt 0.11121200025081635 0.7931859940290451
vt 0.11180499941110611 0.7751490026712418
vt 0.11180499941110611 0.7751490026712418
vt 0.13407400250434875 0.7728970050811768
vt 0.134552001953125 0.7913900017738342
vt 0.134552001953125 0.7913900017738342
vt 0.13407400250434875 0.7728970050811768
vt 0.155799001455307 0.7726300060749054
vt 0.155799001455307 0.7726300060749054
vt 0.155799001455307 0.7957170009613037
vt 0.134552001953125 0.7913900017738342
vt 0.23024100065231323 0.23460400104522705
vt 0.24177099764347076 0.23460400104522705
vt 0.23972199857234955 0.2608810067176819
vt 0.23972199857234955 0.2608810067176819
vt 0.2290409952402115 0.2636839747428894
vt 0.23024100065231323 0.23460400104522705
vt 0.2330159991979599 0.3025990128517151
vt 0.23980900645256042 0.3445580005645752
vt 0.22931499779224396 0.33983397483825684
vt 0.22931499779224396 0.33983397483825684
vt 0.2257699966430664 0.3032569885253906
vt 0.2330159991979599 0.3025990128517151
vt 0.23980900645256042 0.3445580005645752
vt 0.24707600474357605 0.3592650294303894
vt 0.23520199954509735 0.3592650294303894
vt 0.23520199954509735 0.3592650294303894
vt 0.22931499779224396 0.33983397483825684
vt 0.23980900645256042 0.3445580005645752
vt 0.155799001455307 0.36367297172546387
vt 0.1412159949541092 0.3634030222892761
vt 0.14145900309085846 0.3445039987564087
vt 0.14145900309085846 0.3445039987564087
vt 0.155799001455307 0.34152698516845703
vt 0.155799001455307 0.36367297172546387
vt 0.14145900309085846 0.3445039987564087
vt 0.1412159949541092 0.3634030222892761
vt 0.1250610053539276 0.3595839738845825
vt 0.1250610053539276 0.3595839738845825
vt 0.12165900319814682 0.341592013835907
vt 0.14145900309085846 0.3445039987564087
vt 0.12165900319814682 0.341592013835907
vt 0.1250610053539276 0.3595839738845825
vt 0.10976599901914597 0.3600919842720032
vt 0.10976599901914597 0.3600919842720032
vt 0.10856200009584427 0.34474998712539673
vt 0.12165900319814682 0.341592013835907
vt 0.09288399666547775 0.338005006313324
vt 0.09461600333452225 0.3599550127983093
vt 0.07886599749326706 0.36005300283432007
vt 0.07886599749326706 0.36005300283432007
vt 0.07892999798059464 0.3388519883155823
vt 0.09288399666547775 0.338005006313324
vt 0.07886599749326706 0.36005300283432007
vt 0.062210001051425934 0.361473023891449
vt 0.061802998185157776 0.3410990238189697
vt 0.061802998185157776 0.3410990238189697
vt 0.07892999798059464 0.3388519883155823
vt 0.07886599749326706 0.36005300283432007
vt 0.061802998185157776 0.3410990238189697
vt 0.062210001051425934 0.361473023891449
vt 0.050666000694036484 0.35994499921798706
vt 0.050666000694036484 0.35994499921798706
vt 0.04982500150799751 0.3381659984588623
vt 0.061802998185157776 0.3410990238189697
vt 0.04110400006175041 0.3380339741706848
vt 0.04175800085067749 0.3601440191268921
vt 0.0315839983522892 0.35986799001693726
vt 0.0315839983522892 0.35986799001693726
vt 0.0315839983522892 0.3373919725418091
vt 0.04110400006175041 0.3380339741706848
vt 0.3733769953250885 0.2345290184020996
vt 0.3733760118484497 0.26398199796676636
vt 0.3574810028076172 0.2639840245246887
vt 0.3574810028076172 0.2639840245246887
vt 0.3574790060520172 0.2345290184020996
vt 0.3733760118484497 0.26398199796676636
vt 0.3733780086040497 0.29733502864837646
vt 0.357479989528656 0.2973340153694153
vt 0.357479989528656 0.2973340153694153
vt 0.3574810028076172 0.2639840245246887
vt 0.3733760118484497 0.26398199796676636
vt 0.3733769953250885 0.3222699761390686
vt 0.3776699900627136 0.35856401920318604
vt 0.36578500270843506 0.35856401920318604
vt 0.36578500270843506 0.35856401920318604
vt 0.357479989528656 0.3246989846229553
vt 0.3733769953250885 0.3222699761390686
vt 0.0315839983522892 0.7786460071802139
vt 0.0315839983522892 0.7613999992609024
vt 0.03749199956655502 0.7635589987039566
vt 0.03749199956655502 0.7635589987039566
vt 0.037400998175144196 0.7810930013656616
vt 0.0315839983522892 0.7786460071802139
vt 0.043244000524282455 0.7844489961862564
vt 0.043581001460552216 0.7662079930305481
vt 0.059863001108169556 0.7781870067119598
vt 0.059863001108169556 0.7781870067119598
vt 0.05839499831199646 0.7941980063915253
vt 0.043244000524282455 0.7844489961862564
vt 0.05839499831199646 0.7941980063915253
vt 0.059863001108169556 0.7781870067119598
vt 0.08101800084114075 0.7831069976091385
vt 0.08101800084114075 0.7831069976091385
vt 0.07959499955177307 0.80035799741745
vt 0.05839499831199646 0.7941980063915253
vt 0.08101800084114075 0.7831069976091385
vt 0.10465700179338455 0.7823009938001633
vt 0.09890999644994736 0.80137699842453
vt 0.09890999644994736 0.80137699842453
vt 0.07959499955177307 0.80035799741745
vt 0.08101800084114075 0.7831069976091385
vt 0.10328400135040283 0.8850170001387596
vt 0.12833599746227264 0.8927949965000153
vt 0.13040399551391602 0.9248720034956932
vt 0.13040399551391602 0.9248720034956932
vt 0.11191999912261963 0.9382440000772476
vt 0.10328400135040283 0.8850170001387596
vt 0.09286999702453613 0.875399999320507
vt 0.10328400135040283 0.8850170001387596
vt 0.11191999912261963 0.9382440000772476
vt 0.11191999912261963 0.9382440000772476
vt 0.09842099994421005 0.9358479976654053
vt 0.09286999702453613 0.875399999320507
vt 0.0780399963259697 0.930416002869606
vt 0.07531800121068954 0.875399999320507
vt 0.08575200289487839 0.875399999320507
vt 0.08575200289487839 0.875399999320507
vt 0.08980400115251541 0.9336640015244484
vt 0.0780399963259697 0.930416002869606
vt 0.0780399963259697 0.930416002869606
vt 0.059647999703884125 0.9327270016074181
vt 0.05710799992084503 0.875399999320507
vt 0.05710799992084503 0.875399999320507
vt 0.07531800121068954 0.875399999320507
vt 0.0780399963259697 0.930416002869606
vt 0.04443199932575226 0.875399999320507
vt 0.05710799992084503 0.875399999320507
vt 0.059647999703884125 0.9327270016074181
vt 0.059647999703884125 0.9327270016074181
vt 0.04552299901843071 0.9381869994103909
vt 0.04443199932575226 0.875399999320507
vt 0.037801001220941544 0.9364230036735535
vt 0.0315839983522892 0.9354289993643761
vt 0.0315839983522892 0.875399999320507
vt 0.0315839983522892 0.875399999320507
vt 0.03709400072693825 0.875399999320507
vt 0.037801001220941544 0.9364230036735535
vt 0.357479989528656 0.2973340153694153
vt 0.357479989528656 0.3246989846229553
vt 0.32837799191474915 0.3294280171394348
vt 0.32837799191474915 0.3294280171394348
vt 0.32837799191474915 0.2978019714355469
vt 0.357479989528656 0.2973340153694153
vt 0.357479989528656 0.2973340153694153
vt 0.3733780086040497 0.29733502864837646
vt 0.3733769953250885 0.3222699761390686
vt 0.3733769953250885 0.3222699761390686
vt 0.357479989528656 0.3246989846229553
vt 0.357479989528656 0.2973340153694153
vt 0.39038100838661194 0.2973340153694153
vt 0.39037999510765076 0.32550597190856934
vt 0.3733769953250885 0.3222699761390686
vt 0.3733769953250885 0.3222699761390686
vt 0.3733780086040497 0.29733502864837646
vt 0.39038100838661194 0.2973340153694153
vt 0.2578440010547638 0.3012250065803528
vt 0.2330159991979599 0.3025990128517151
vt 0.23972199857234955 0.2608810067176819
vt 0.23972199857234955 0.2608810067176819
vt 0.25791001319885254 0.2604129910469055
vt 0.2578440010547638 0.3012250065803528
vt 0.2330159991979599 0.3025990128517151
vt 0.2257699966430664 0.3032569885253906
vt 0.2290409952402115 0.2636839747428894
vt 0.2290409952402115 0.2636839747428894
vt 0.23972199857234955 0.2608810067176819
vt 0.2330159991979599 0.3025990128517151
vt 0.21843799948692322 0.3039630055427551
vt 0.20786599814891815 0.3036400079727173
vt 0.20727699995040894 0.26841598749160767
vt 0.20727699995040894 0.26841598749160767
vt 0.21808800101280212 0.26437997817993164
vt 0.21843799948692322 0.3039630055427551
vt 0.13040399551391602 0.9248720034956932
vt 0.12833599746227264 0.8927949965000153
vt 0.155799001455307 0.8923249989748001
vt 0.155799001455307 0.8923249989748001
vt 0.155799001455307 0.9127189964056015
vt 0.13040399551391602 0.9248720034956932
vt 0.11203400045633316 0.849819004535675
vt 0.12958300113677979 0.8453429937362671
vt 0.1257849931716919 0.8748530000448227
vt 0.1257849931716919 0.8748530000448227
vt 0.1118599995970726 0.8748530000448227
vt 0.11203400045633316 0.849819004535675
vt 0.12958300113677979 0.8453429937362671
vt 0.155799001455307 0.8450769931077957
vt 0.155799001455307 0.8748530000448227
vt 0.155799001455307 0.8748530000448227
vt 0.1257849931716919 0.8748530000448227
vt 0.12958300113677979 0.8453429937362671
vt 0.19531600177288055 0.23460400104522705
vt 0.20489799976348877 0.23460400104522705
vt 0.20727699995040894 0.26841598749160767
vt 0.20727699995040894 0.26841598749160767
vt 0.19531600177288055 0.2856230139732361
vt 0.19531600177288055 0.23460400104522705
vt 0.20786599814891815 0.3036400079727173
vt 0.19531600177288055 0.3034780025482178
vt 0.19531600177288055 0.2856230139732361
vt 0.19531600177288055 0.2856230139732361
vt 0.20727699995040894 0.26841598749160767
vt 0.20786599814891815 0.3036400079727173
vt 0.20786599814891815 0.3036400079727173
vt 0.2083130031824112 0.33700400590896606
vt 0.19531600177288055 0.3219900131225586
vt 0.19531600177288055 0.3219900131225586
vt 0.19531600177288055 0.3034780025482178
vt 0.20786599814891815 0.3036400079727173
vt 0.2083130031824112 0.33700400590896606
vt 0.21090799570083618 0.3592650294303894
vt 0.19531600177288055 0.3592650294303894
vt 0.19531600177288055 0.3592650294303894
vt 0.19531600177288055 0.3219900131225586
vt 0.2083130031824112 0.33700400590896606
vt 0.13769499957561493 0.2970150113105774
vt 0.13242599368095398 0.24971002340316772
vt 0.155799001455307 0.24971002340316772
vt 0.155799001455307 0.24971002340316772
vt 0.155799001455307 0.2962830066680908
vt 0.13769499957561493 0.2970150113105774
vt 0.13242599368095398 0.24971002340316772
vt 0.13769499957561493 0.2970150113105774
vt 0.11525200307369232 0.29513001441955566
vt 0.11525200307369232 0.29513001441955566
vt 0.1174750030040741 0.24971002340316772
vt 0.13242599368095398 0.24971002340316772
vt 0.11525200307369232 0.29513001441955566
vt 0.10687600076198578 0.3043850064277649
vt 0.10051699727773666 0.24971002340316772
vt 0.10051699727773666 0.24971002340316772
vt 0.1174750030040741 0.24971002340316772
vt 0.11525200307369232 0.29513001441955566
vt 0.07765600085258484 0.32296401262283325
vt 0.07659400254487991 0.24971002340316772
vt 0.09069400280714035 0.24971002340316772
vt 0.09069400280714035 0.24971002340316772
vt 0.09121499955654144 0.3223549723625183
vt 0.07765600085258484 0.32296401262283325
vt 0.07765600085258484 0.32296401262283325
vt 0.06242600083351135 0.32596397399902344
vt 0.06267700344324112 0.24971002340316772
vt 0.06267700344324112 0.24971002340316772
vt 0.07659400254487991 0.24971002340316772
vt 0.07765600085258484 0.32296401262283325
vt 0.06242600083351135 0.32596397399902344
vt 0.04883100092411041 0.323777973651886
vt 0.048799000680446625 0.24971002340316772
vt 0.048799000680446625 0.24971002340316772
vt 0.06267700344324112 0.24971002340316772
vt 0.06242600083351135 0.32596397399902344
vt 0.040316998958587646 0.24971002340316772
vt 0.040467001497745514 0.3229069709777832
vt 0.0315839983522892 0.32130300998687744
vt 0.0315839983522892 0.32130300998687744
vt 0.0315839983522892 0.24971002340316772
vt 0.040316998958587646 0.24971002340316772
vt 0.3574810028076172 0.2639840245246887
vt 0.32837799191474915 0.27677297592163086
vt 0.32837799191474915 0.2345290184020996
vt 0.32837799191474915 0.2345290184020996
vt 0.3464129865169525 0.2345290184020996
vt 0.3574810028076172 0.2639840245246887
vt 0.08575200289487839 0.875399999320507
vt 0.09773500263690948 0.8277740031480789
vt 0.10263200104236603 0.8511050045490265
vt 0.10263200104236603 0.8511050045490265
vt 0.09286999702453613 0.875399999320507
vt 0.08575200289487839 0.875399999320507
vt 0.09286999702453613 0.875399999320507
vt 0.09842099994421005 0.9358479976654053
vt 0.08980400115251541 0.9336640015244484
vt 0.08980400115251541 0.9336640015244484
vt 0.08575200289487839 0.875399999320507
vt 0.09286999702453613 0.875399999320507
vt 0.09842099994421005 0.9358479976654053
vt 0.09954600036144257 0.962347000837326
vt 0.09019800275564194 0.9626169987022877
vt 0.09019800275564194 0.9626169987022877
vt 0.08980400115251541 0.9336640015244484
vt 0.09842099994421005 0.9358479976654053
vt 0.09019800275564194 0.9626169987022877
vt 0.09954600036144257 0.962347000837326
vt 0.10292600095272064 0.9993699999758974
vt 0.10292600095272064 0.9993699999758974
vt 0.0886010006070137 0.9993699999758974
vt 0.09019800275564194 0.9626169987022877
vt 0.10687600076198578 0.3043850064277649
vt 0.09121499955654144 0.3223549723625183
vt 0.09069400280714035 0.24971002340316772
vt 0.09069400280714035 0.24971002340316772
vt 0.10051699727773666 0.24971002340316772
vt 0.10687600076198578 0.3043850064277649
vt 0.10760500282049179 0.32955002784729004
vt 0.09288399666547775 0.338005006313324
vt 0.09121499955654144 0.3223549723625183
vt 0.09121499955654144 0.3223549723625183
vt 0.10687600076198578 0.3043850064277649
vt 0.10760500282049179 0.32955002784729004
vt 0.09461600333452225 0.3599550127983093
vt 0.10856200009584427 0.34474998712539673
vt 0.10976599901914597 0.3600919842720032
vt 0.10976599901914597 0.3600919842720032
vt 0.11085599660873413 0.3831149935722351
vt 0.09555599838495255 0.3831369876861572
vt 0.09555599838495255 0.3831369876861572
vt 0.09461600333452225 0.3599550127983093
vt 0.10976599901914597 0.3600919842720032
vt 0.09286999702453613 0.875399999320507
vt 0.10263200104236603 0.8511050045490265
vt 0.10638300329446793 0.8748530000448227
vt 0.10638300329446793 0.8748530000448227
vt 0.10328400135040283 0.8850170001387596
vt 0.09286999702453613 0.875399999320507
vt 0.11121200025081635 0.7931859940290451
vt 0.09890999644994736 0.80137699842453
vt 0.10465700179338455 0.7823009938001633
vt 0.10465700179338455 0.7823009938001633
vt 0.11180499941110611 0.7751490026712418
vt 0.11121200025081635 0.7931859940290451
vt 0.11266399919986725 0.8151649981737137
vt 0.09773500263690948 0.8277740031480789
vt 0.09890999644994736 0.80137699842453
vt 0.09890999644994736 0.80137699842453
vt 0.11121200025081635 0.7931859940290451
vt 0.11266399919986725 0.8151649981737137
vt 0.11121200025081635 0.7931859940290451
vt 0.134552001953125 0.7913900017738342
vt 0.13366100192070007 0.8162530064582825
vt 0.13366100192070007 0.8162530064582825
vt 0.11266399919986725 0.8151649981737137
vt 0.11121200025081635 0.7931859940290451
vt 0.13366100192070007 0.8162530064582825
vt 0.134552001953125 0.7913900017738342
vt 0.155799001455307 0.7957170009613037
vt 0.155799001455307 0.7957170009613037
vt 0.155799001455307 0.8185999989509583
vt 0.13366100192070007 0.8162530064582825
vt 0.21849499642848969 0.23460400104522705
vt 0.23024100065231323 0.23460400104522705
vt 0.2290409952402115 0.2636839747428894
vt 0.2290409952402115 0.2636839747428894
vt 0.21808800101280212 0.26437997817993164
vt 0.21849499642848969 0.23460400104522705
vt 0.2257699966430664 0.3032569885253906
vt 0.21843799948692322 0.3039630055427551
vt 0.21808800101280212 0.26437997817993164
vt 0.21808800101280212 0.26437997817993164
vt 0.2290409952402115 0.2636839747428894
vt 0.2257699966430664 0.3032569885253906
vt 0.2257699966430664 0.3032569885253906
vt 0.22931499779224396 0.33983397483825684
vt 0.21880699694156647 0.34022200107574463
vt 0.21880699694156647 0.34022200107574463
vt 0.21843799948692322 0.3039630055427551
vt 0.2257699966430664 0.3032569885253906
vt 0.22931499779224396 0.33983397483825684
vt 0.23520199954509735 0.3592650294303894
vt 0.22687900066375732 0.3592650294303894
vt 0.22687900066375732 0.3592650294303894
vt 0.21880699694156647 0.34022200107574463
vt 0.22931499779224396 0.33983397483825684
vt 0.155799001455307 0.34152698516845703
vt 0.14145900309085846 0.3445039987564087
vt 0.14179599285125732 0.3250960111618042
vt 0.14179599285125732 0.3250960111618042
vt 0.155799001455307 0.3260849714279175
vt 0.155799001455307 0.34152698516845703
vt 0.14179599285125732 0.3250960111618042
vt 0.14145900309085846 0.3445039987564087
vt 0.12165900319814682 0.341592013835907
vt 0.12165900319814682 0.341592013835907
vt 0.11854500323534012 0.3234019875526428
vt 0.14179599285125732 0.3250960111618042
vt 0.11854500323534012 0.3234019875526428
vt 0.12165900319814682 0.341592013835907
vt 0.10856200009584427 0.34474998712539673
vt 0.10856200009584427 0.34474998712539673
vt 0.10760500282049179 0.32955002784729004
vt 0.11854500323534012 0.3234019875526428
vt 0.10856200009584427 0.34474998712539673
vt 0.09461600333452225 0.3599550127983093
vt 0.09288399666547775 0.338005006313324
vt 0.09288399666547775 0.338005006313324
vt 0.10760500282049179 0.32955002784729004
vt 0.10856200009584427 0.34474998712539673
vt 0.050666000694036484 0.35994499921798706
vt 0.05079299956560135 0.383417010307312
vt 0.041916001588106155 0.38350701332092285
vt 0.041916001588106155 0.38350701332092285
vt 0.04175800085067749 0.3601440191268921
vt 0.050666000694036484 0.35994499921798706
vt 0.04175800085067749 0.3601440191268921
vt 0.04110400006175041 0.3380339741706848
vt 0.04982500150799751 0.3381659984588623
vt 0.04982500150799751 0.3381659984588623
vt 0.050666000694036484 0.35994499921798706
vt 0.04175800085067749 0.3601440191268921
vt 0.04110400006175041 0.3380339741706848
vt 0.040467001497745514 0.3229069709777832
vt 0.04883100092411041 0.323777973651886
vt 0.04883100092411041 0.323777973651886
vt 0.04982500150799751 0.3381659984588623
vt 0.04110400006175041 0.3380339741706848
vt 0.040467001497745514 0.3229069709777832
vt 0.040316998958587646 0.24971002340316772
vt 0.048799000680446625 0.24971002340316772
vt 0.048799000680446625 0.24971002340316772
vt 0.04883100092411041 0.323777973651886
vt 0.040467001497745514 0.3229069709777832
vt 0.03773399814963341 0.9678330011665821
vt 0.045423999428749084 0.9674450010061264
vt 0.046560999006032944 0.9993699999758974
vt 0.046560999006032944 0.9993699999758974
vt 0.03842199966311455 0.9993699999758974
vt 0.03773399814963341 0.9678330011665821
vt 0.037801001220941544 0.9364230036735535
vt 0.04552299901843071 0.9381869994103909
vt 0.045423999428749084 0.9674450010061264
vt 0.045423999428749084 0.9674450010061264
vt 0.03773399814963341 0.9678330011665821
vt 0.037801001220941544 0.9364230036735535
vt 0.037801001220941544 0.9364230036735535
vt 0.03709400072693825 0.875399999320507
vt 0.04443199932575226 0.875399999320507
vt 0.04443199932575226 0.875399999320507
vt 0.04552299901843071 0.9381869994103909
vt 0.037801001220941544 0.9364230036735535
vt 0.03709400072693825 0.875399999320507
vt 0.037025000900030136 0.8098289966583252
vt 0.04346900060772896 0.8100730031728745
vt 0.04346900060772896 0.8100730031728745
vt 0.04443199932575226 0.875399999320507
vt 0.03709400072693825 0.875399999320507
vt 0.043244000524282455 0.7844489961862564
vt 0.04346900060772896 0.8100730031728745
vt 0.037025000900030136 0.8098289966583252
vt 0.037025000900030136 0.8098289966583252
vt 0.037400998175144196 0.7810930013656616
vt 0.043244000524282455 0.7844489961862564
vt 0.037400998175144196 0.7810930013656616
vt 0.03749199956655502 0.7635589987039566
vt 0.043581001460552216 0.7662079930305481
vt 0.043581001460552216 0.7662079930305481
vt 0.043244000524282455 0.7844489961862564
vt 0.037400998175144196 0.7810930013656616
vt 0.03749199956655502 0.7635589987039566
vt 0.03810599818825722 0.7428900003433228
vt 0.04373500123620033 0.7427490055561066
vt 0.04373500123620033 0.7427490055561066
vt 0.043581001460552216 0.7662079930305481
vt 0.03749199956655502 0.7635589987039566

f 1/1/1 2/2/2 3/3/3
f 4/4/4 5/5/5 6/6/6
f 7/7/7 8/8/8 9/9/9
f 10/10/10 11/11/11 12/12/12
f 13/13/13 14/14/14 15/15/15
f 16/16/16 17/17/17 18/18/18
f 19/19/19 20/20/20 21/21/21
f 22/22/22 23/23/23 24/24/24
f 25/25/25 26/26/26 27/27/27
f 28/28/28 29/29/29 30/30/30
f 31/31/31 32/32/32 33/33/33
f 34/34/34 35/35/35 36/36/36
f 37/37/37 38/38/38 39/39/39
f 40/40/40 41/41/41 42/42/42
f 43/43/43 44/44/44 45/45/45
f 46/46/46 47/47/47 48/48/48
f 49/49/49 50/50/50 51/51/51
f 52/52/52 53/53/53 54/54/54
f 55/55/55 56/56/56 57/57/57
f 58/58/58 59/59/59 60/60/60
f 61/61/61 62/62/62 63/63/63
f 64/64/64 65/65/65 66/66/66
f 67/67/67 68/68/68 69/69/69
f 70/70/70 71/71/71 72/72/72
f 73/73/73 74/74/74 75/75/75
f 76/76/76 77/77/77 78/78/78
f 79/79/79 80/80/80 81/81/81
f 82/82/82 83/83/83 84/84/84
f 85/85/85 86/86/86 87/87/87
f 88/88/88 89/89/89 90/90/90
f 91/91/91 92/92/92 93/93/93
f 94/94/94 95/95/95 96/96/96
f 97/97/97 98/98/98 99/99/99
f 100/100/100 101/101/101 102/102/102
f 103/103/103 104/104/104 105/105/105
f 106/106/106 107/107/107 108/108/108
f 109/109/109 110/110/110 111/111/111
f 112/112/112 113/113/113 114/114/114
f 115/115/115 116/116/116 117/117/117
f 118/118/118 119/119/119 120/120/120
f 121/121/121 122/122/122 123/123/123
f 124/124/124 125/125/125 126/126/126
f 127/127/127 128/128/128 129/129/129
f 130/130/130 131/131/131 132/132/132
f 133/133/133 134/134/134 135/135/135
f 136/136/136 137/137/137 138/138/138
f 139/139/139 140/140/140 141/141/141
f 142/142/142 143/143/143 144/144/144
f 145/145/145 146/146/146 147/147/147
f 148/148/148 149/149/149 150/150/150
f 151/151/151 152/152/152 153/153/153
f 154/154/154 155/155/155 156/156/156
f 157/157/157 158/158/158 159/159/159
f 160/160/160 161/161/161 162/162/162
f 163/163/163 164/164/164 165/165/165
f 166/166/166 167/167/167 168/168/168
f 169/169/169 170/170/170 171/171/171
f 172/172/172 173/173/173 174/174/174
f 175/175/175 176/176/176 177/177/177
f 178/178/178 179/179/179 180/180/180
f 181/181/181 182/182/182 183/183/183
f 184/184/184 185/185/185 186/186/186
f 187/187/187 188/188/188 189/189/189
f 190/190/190 191/191/191 192/192/192
f 193/193/193 194/194/194 195/195/195
f 196/196/196 197/197/197 198/198/198
f 199/199/199 200/200/200 201/201/201
f 202/202/202 203/203/203 204/204/204
f 205/205/205 206/206/206 207/207/207
f 208/208/208 209/209/209 210/210/210
f 211/211/211 212/212/212 213/213/213
f 214/214/214 215/215/215 216/216/216
f 217/217/217 218/218/218 219/219/219
f 220/220/220 221/221/221 222/222/222
f 223/223/223 224/224/224 225/225/225
f 226/226/226 227/227/227 228/228/228
f 229/229/229 230/230/230 231/231/231
f 232/232/232 233/233/233 234/234/234
f 235/235/235 236/236/236 237/237/237
f 238/238/238 239/239/239 240/240/240
f 241/241/241 242/242/242 243/243/243
f 244/244/244 245/245/245 246/246/246
f 247/247/247 248/248/248 249/249/249
f 250/250/250 251/251/251 252/252/252
f 253/253/253 254/254/254 255/255/255
f 256/256/256 257/257/257 258/258/258
f 259/259/259 260/260/260 261/261/261
f 262/262/262 263/263/263 264/264/264
f 265/265/265 266/266/266 267/267/267
f 268/268/268 269/269/269 270/270/270
f 271/271/271 272/272/272 273/273/273
f 274/274/274 275/275/275 276/276/276
f 277/277/277 278/278/278 279/279/279
f 280/280/280 281/281/281 282/282/282
f 283/283/283 284/284/284 285/285/285
f 286/286/286 287/287/287 288/288/288
f 289/289/289 290/290/290 291/291/291
f 292/292/292 293/293/293 294/294/294
f 295/295/295 296/296/296 297/297/297
f 298/298/298 299/299/299 300/300/300
f 301/301/301 302/302/302 303/303/303
f 304/304/304 305/305/305 306/306/306
f 307/307/307 308/308/308 309/309/309
f 310/310/310 311/311/311 312/312/312
f 313/313/313 314/314/314 315/315/315
f 316/316/316 317/317/317 318/318/318
f 319/319/319 320/320/320 321/321/321
f 322/322/322 323/323/323 324/324/324
f 325/325/325 326/326/326 327/327/327
f 328/328/328 329/329/329 330/330/330
f 331/331/331 332/332/332 333/333/333
f 334/334/334 335/335/335 336/336/336
f 337/337/337 338/338/338 339/339/339
f 340/340/340 341/341/341 342/342/342
f 343/343/343 344/344/344 345/345/345
f 346/346/346 347/347/347 348/348/348
f 349/349/349 350/350/350 351/351/351
f 352/352/352 353/353/353 354/354/354
f 355/355/355 356/356/356 357/357/357
f 358/358/358 359/359/359 360/360/360
f 361/361/361 362/362/362 363/363/363
f 364/364/364 365/365/365 366/366/366
f 367/367/367 368/368/368 369/369/369
f 370/370/370 371/371/371 372/372/372
f 373/373/373 374/374/374 375/375/375
f 376/376/376 377/377/377 378/378/378
f 379/379/379 380/380/380 381/381/381
f 382/382/382 383/383/383 384/384/384
f 385/385/385 386/386/386 387/387/387
f 388/388/388 389/389/389 390/390/390
f 391/391/391 392/392/392 393/393/393
f 394/394/394 395/395/395 396/396/396
f 397/397/397 398/398/398 399/399/399
f 400/400/400 401/401/401 402/402/402
f 403/403/403 404/404/404 405/405/405
f 406/406/406 407/407/407 408/408/408
f 409/409/409 410/410/410 411/411/411
f 412/412/412 413/413/413 414/414/414
f 415/415/415 416/416/416 417/417/417
f 418/418/418 419/419/419 420/420/420
f 421/421/421 422/422/422 423/423/423
f 424/424/424 425/425/425 426/426/426
f 427/427/427 428/428/428 429/429/429
f 430/430/430 431/431/431 432/432/432
f 433/433/433 434/434/434 435/435/435
f 436/436/436 437/437/437 438/438/438
f 439/439/439 440/440/440 441/441/441
f 164/164/164 442/442/442 443/443/443
f 444/444/444 445/445/445 446/446/446
f 447/447/447 448/448/448 449/449/449
f 450/450/450 451/451/451 452/452/452
f 453/453/453 454/454/454 455/455/455
f 456/456/456 457/457/457 458/458/458
f 459/459/459 460/460/460 461/461/461
f 462/462/462 463/463/463 464/464/464
f 465/465/465 466/466/466 467/467/467
f 468/468/468 469/469/469 470/470/470
f 471/471/471 472/472/472 473/473/473
f 474/474/474 475/475/475 476/476/476
f 477/477/477 478/478/478 479/479/479
f 480/480/480 481/481/481 482/482/482
f 483/483/483 484/484/484 485/485/485
f 486/486/486 487/487/487 488/488/488
f 489/489/489 490/490/490 491/491/491
f 492/492/492 493/493/493 494/494/494
f 495/495/495 496/496/496 497/497/497
f 498/498/498 499/499/499 500/500/500
f 501/501/501 502/502/502 503/503/503
f 504/504/504 505/505/505 506/506/506
f 507/507/507 508/508/508 509/509/509
f 510/510/510 511/511/511 512/512/512
f 513/513/513 514/514/514 515/515/515
f 516/516/516 517/517/517 518/518/518
f 519/519/519 520/520/520 521/521/521
f 522/522/522 523/523/523 524/524/524
f 525/525/525 526/526/526 527/527/527
f 528/528/528 529/529/529 530/530/530
f 119/119/119 118/118/118 531/531/531
f 532/532/532 533/533/533 534/534/534
f 535/535/535 536/536/536 537/537/537
f 538/538/538 539/539/539 540/540/540
f 541/541/541 542/542/542 543/543/543
f 544/544/544 545/545/545 546/546/546
f 547/547/547 548/548/548 549/549/549
f 550/550/550 551/551/551 552/552/552
f 553/553/553 554/554/554 555/555/555
f 556/556/556 557/557/557 558/558/558
f 559/559/559 560/560/560 561/561/561
f 562/562/562 563/563/563 564/564/564
f 565/565/565 566/566/566 567/567/567
f 568/568/568 569/569/569 570/570/570
f 571/571/571 572/572/572 573/573/573
f 574/574/574 575/575/575 576/576/576
f 577/577/577 578/578/578 579/579/579
f 580/580/580 581/581/581 582/582/582
f 583/583/583 584/584/584 585/585/585
f 586/586/586 587/587/587 588/588/588
f 589/589/589 590/590/590 591/591/591
f 592/592/592 593/593/593 594/594/594
f 595/595/595 596/596/596 597/597/597
f 598/598/598 599/599/599 600/600/600
f 601/601/601 602/602/602 603/603/603
f 604/604/604 605/605/605 606/606/606
f 607/607/607 608/608/608 609/609/609
f 610/610/610 611/611/611 612/612/612
f 613/613/613 614/614/614 615/615/615
f 616/616/616 617/617/617 618/618/618
f 619/619/619 620/620/620 621/621/621
f 622/622/622 623/623/623 624/624/624
f 625/625/625 626/626/626 627/627/627
f 628/628/628 629/629/629 630/630/630
f 631/631/631 632/632/632 633/633/633
f 634/634/634 635/635/635 636/636/636
f 637/637/637 638/638/638 639/639/639
f 640/640/640 641/641/641 642/642/642
f 643/643/643 644/644/644 645/645/645
f 646/646/646 647/647/647 648/648/648
f 649/649/649 650/650/650 651/651/651
f 652/652/652 653/653/653 654/654/654
f 655/655/655 656/656/656 657/657/657
f 658/658/658 659/659/659 660/660/660
f 661/661/661 662/662/662 663/663/663
f 664/664/664 665/665/665 666/666/666
f 667/667/667 668/668/668 669/669/669
f 670/670/670 671/671/671 672/672/672
f 673/673/673 674/674/674 675/675/675
f 676/676/676 677/677/677 678/678/678
f 679/679/679 680/680/680 681/681/681
f 682/682/682 683/683/683 684/684/684
f 685/685/685 686/686/686 687/687/687
f 688/688/688 689/689/689 690/690/690
f 691/691/691 692/692/692 693/693/693
f 694/694/694 695/695/695 696/696/696
f 697/697/697 698/698/698 699/699/699
f 700/700/700 701/701/701 702/702/702
f 703/703/703 704/704/704 705/705/705
f 706/706/706 707/707/707 708/708/708
f 709/709/709 710/710/710 711/711/711
f 712/712/712 713/713/713 714/714/714
f 715/715/715 716/716/716 717/717/717
f 718/718/718 719/719/719 720/720/720
f 721/721/721 722/722/722 723/723/723
f 724/724/724 725/725/725 726/726/726
f 727/727/727 728/728/728 729/729/729
f 730/730/730 731/731/731 732/732/732
f 733/733/733 734/734/734 735/735/735
f 736/736/736 737/737/737 738/738/738
f 739/739/739 740/740/740 741/741/741
f 742/742/742 743/743/743 744/744/744
f 745/745/745 746/746/746 747/747/747
f 748/748/748 749/749/749 750/750/750
f 751/751/751 752/752/752 753/753/753
f 754/754/754 755/755/755 756/756/756
f 757/757/757 758/758/758 759/759/759
f 760/760/760 761/761/761 762/762/762
f 763/763/763 764/764/764 765/765/765
f 766/766/766 767/767/767 768/768/768
f 769/769/769 770/770/770 771/771/771
f 772/772/772 773/773/773 774/774/774
f 775/775/775 776/776/776 777/777/777
f 778/778/778 779/779/779 780/780/780
f 781/781/781 782/782/782 783/783/783
f 784/784/784 785/785/785 786/786/786
f 787/787/787 788/788/788 789/789/789
f 790/790/790 791/791/791 792/792/792
f 793/793/793 794/794/794 795/795/795
f 796/796/796 797/797/797 798/798/798
f 799/799/799 800/800/800 801/801/801
f 802/802/802 803/803/803 804/804/804
f 805/805/805 806/806/806 807/807/807
f 808/808/808 809/809/809 810/810/810
f 811/811/811 812/812/812 813/813/813
f 814/814/814 815/815/815 816/816/816
f 817/817/817 818/818/818 819/819/819
f 820/820/820 821/821/821 822/822/822
f 823/823/823 824/824/824 825/825/825
f 826/826/826 827/827/827 828/828/828
f 829/829/829 830/830/830 831/831/831
f 832/832/832 833/833/833 834/834/834
f 835/835/835 836/836/836 837/837/837
f 838/838/838 839/839/839 840/840/840
f 841/841/841 842/842/842 843/843/843
f 844/844/844 845/845/845 846/846/846
f 847/847/847 848/848/848 849/849/849
f 850/850/850 851/851/851 852/852/852
f 853/853/853 854/854/854 855/855/855
f 856/856/856 857/857/857 858/858/858
f 859/859/859 860/860/860 861/861/861
f 862/862/862 863/863/863 864/864/864
f 865/865/865 866/866/866 867/867/867
f 868/868/868 869/869/869 870/870/870
f 871/871/871 872/872/872 873/873/873
f 874/874/874 875/875/875 876/876/876
f 877/877/877 878/878/878 879/879/879
f 880/880/880 881/881/881 882/882/882
f 883/883/883 884/884/884 885/885/885
f 886/886/886 887/887/887 888/888/888
f 889/889/889 890/890/890 891/891/891
f 892/892/892 893/893/893 894/894/894
f 895/895/895 896/896/896 897/897/897
f 898/898/898 899/899/899 900/900/900
f 901/901/901 902/902/902 903/903/903
f 904/904/904 905/905/905 906/906/906
f 907/907/907 908/908/908 909/909/909
f 910/910/910 911/911/911 912/912/912
f 913/913/913 914/914/914 915/915/915
f 916/916/916 917/917/917 918/918/918
f 919/919/919 920/920/920 921/921/921
f 922/922/922 923/923/923 924/924/924
f 925/925/925 926/926/926 927/927/927
f 928/928/928 929/929/929 930/930/930
f 931/931/931 932/932/932 933/933/933
f 934/934/934 935/935/935 936/936/936
f 937/937/937 938/938/938 939/939/939
f 940/940/940 941/941/941 942/942/942
f 943/943/943 944/944/944 945/945/945
f 946/946/946 947/947/947 948/948/948
f 949/949/949 950/950/950 951/951/951
f 952/952/952 953/953/953 954/954/954
f 955/955/955 956/956/956 957/957/957
f 958/958/958 959/959/959 960/960/960
f 961/961/961 962/962/962 963/963/963
f 964/964/964 965/965/965 966/966/966
f 967/967/967 968/968/968 969/969/969
f 970/970/970 971/971/971 972/972/972
f 973/973/973 974/974/974 975/975/975
f 976/976/976 977/977/977 978/978/978
f 979/979/979 980/980/980 981/981/981
f 982/982/982 983/983/983 984/984/984
f 985/985/985 986/986/986 987/987/987
f 988/988/988 989/989/989 990/990/990
f 991/991/991 992/992/992 163/163/163
f 993/993/993 994/994/994 995/995/995
f 996/996/996 997/997/997 998/998/998
f 999/999/999 1000/1000/1000 1001/1001/1001
f 1002/1002/1002 1003/1003/1003 1004/1004/1004
f 1005/1005/1005 1006/1006/1006 1007/1007/1007
f 1008/1008/1008 1009/1009/1009 1010/1010/1010
f 1011/1011/1011 1012/1012/1012 1013/1013/1013
f 1014/1014/1014 1015/1015/1015 1016/1016/1016
f 1017/1017/1017 1018/1018/1018 1019/1019/1019
f 1020/1020/1020 1021/1021/1021 1022/1022/1022
f 1023/1023/1023 1024/1024/1024 1025/1025/1025
f 1026/1026/1026 1027/1027/1027 1028/1028/1028
f 1029/1029/1029 1030/1030/1030 1031/1031/1031
f 1032/1032/1032 1033/1033/1033 1034/1034/1034
f 1035/1035/1035 1036/1036/1036 1037/1037/1037
f 1038/1038/1038 1039/1039/1039 1040/1040/1040
f 1041/1041/1041 1042/1042/1042 1043/1043/1043
f 1044/1044/1044 1045/1045/1045 1046/1046/1046
f 1047/1047/1047 1048/1048/1048 1049/1049/1049
f 1050/1050/1050 1051/1051/1051 1052/1052/1052
f 1053/1053/1053 1054/1054/1054 1055/1055/1055
f 1056/1056/1056 1057/1057/1057 1058/1058/1058
f 1059/1059/1059 1060/1060/1060 1061/1061/1061
f 1062/1062/1062 1063/1063/1063 1064/1064/1064
f 1065/1065/1065 1066/1066/1066 1067/1067/1067
f 1068/1068/1068 1069/1069/1069 1070/1070/1070
f 1071/1071/1071 1072/1072/1072 1073/1073/1073
f 1074/1074/1074 1075/1075/1075 1076/1076/1076
f 1077/1077/1077 1078/1078/1078 1079/1079/1079
f 1080/1080/1080 1081/1081/1081 1082/1082/1082
f 1083/1083/1083 1084/1084/1084 1085/1085/1085
f 1086/1086/1086 1087/1087/1087 1088/1088/1088
f 1089/1089/1089 1090/1090/1090 1091/1091/1091
f 1092/1092/1092 1093/1093/1093 1094/1094/1094
f 1095/1095/1095 1096/1096/1096 1097/1097/1097
f 1098/1098/1098 1099/1099/1099 1100/1100/1100
f 1101/1101/1101 1102/1102/1102 1103/1103/1103
f 1104/1104/1104 1105/1105/1105 1106/1106/1106
f 1107/1107/1107 1108/1108/1108 1109/1109/1109
f 1110/1110/1110 1111/1111/1111 1112/1112/1112
f 1113/1113/1113 1114/1114/1114 1115/1115/1115
f 1116/1116/1116 1117/1117/1117 1118/1118/1118
f 1119/1119/1119 1120/1120/1120 1121/1121/1121
f 1122/1122/1122 1123/1123/1123 1124/1124/1124
f 1125/1125/1125 1126/1126/1126 1127/1127/1127
f 1128/1128/1128 1129/1129/1129 1130/1130/1130
f 1131/1131/1131 1132/1132/1132 1133/1133/1133
f 1134/1134/1134 1135/1135/1135 1136/1136/1136
f 1137/1137/1137 1138/1138/1138 1139/1139/1139
f 1140/1140/1140 1141/1141/1141 1142/1142/1142
f 1143/1143/1143 1144/1144/1144 1145/1145/1145
f 1146/1146/1146 1147/1147/1147 1148/1148/1148
f 1149/1149/1149 1150/1150/1150 1151/1151/1151
f 1152/1152/1152 1153/1153/1153 1154/1154/1154
f 1155/1155/1155 1156/1156/1156 1157/1157/1157
f 1158/1158/1158 1159/1159/1159 1160/1160/1160
f 1161/1161/1161 1162/1162/1162 1163/1163/1163
f 1164/1164/1164 1165/1165/1165 1166/1166/1166
f 1167/1167/1167 1168/1168/1168 1169/1169/1169
f 1170/1170/1170 1171/1171/1171 1172/1172/1172
f 1173/1173/1173 1174/1174/1174 1175/1175/1175
f 1176/1176/1176 1177/1177/1177 1178/1178/1178
f 1179/1179/1179 1180/1180/1180 1181/1181/1181
f 1182/1182/1182 1183/1183/1183 1184/1184/1184
f 1185/1185/1185 1186/1186/1186 1187/1187/1187
f 1188/1188/1188 1189/1189/1189 1190/1190/1190
f 1191/1191/1191 1192/1192/1192 1193/1193/1193
f 1194/1194/1194 1195/1195/1195 1196/1196/1196
f 1197/1197/1197 1198/1198/1198 1199/1199/1199
f 1200/1200/1200 1201/1201/1201 1202/1202/1202
f 1203/1203/1203 1204/1204/1204 1205/1205/1205
f 1206/1206/1206 1207/1207/1207 1208/1208/1208
f 1209/1209/1209 1210/1210/1210 1211/1211/1211
f 1212/1212/1212 1213/1213/1213 1214/1214/1214
f 1215/1215/1215 1216/1216/1216 1217/1217/1217
f 1218/1218/1218 1219/1219/1219 1220/1220/1220
f 1221/1221/1221 1222/1222/1222 1223/1223/1223
f 1224/1224/1224 1225/1225/1225 1226/1226/1226
f 1227/1227/1227 1228/1228/1228 1229/1229/1229
f 1230/1230/1230 1231/1231/1231 1232/1232/1232
f 1233/1233/1233 1234/1234/1234 1235/1235/1235
f 1236/1236/1236 1237/1237/1237 1238/1238/1238
f 1239/1239/1239 1240/1240/1240 1241/1241/1241
f 1242/1242/1242 1243/1243/1243 1244/1244/1244
f 1245/1245/1245 1246/1246/1246 1247/1247/1247
f 1248/1248/1248 1249/1249/1249 1250/1250/1250
f 1251/1251/1251 1252/1252/1252 1253/1253/1253
f 1254/1254/1254 1255/1255/1255 1256/1256/1256
f 1257/1257/1257 1258/1258/1258 1259/1259/1259
f 1260/1260/1260 1261/1261/1261 1262/1262/1262
f 1263/1263/1263 1264/1264/1264 1265/1265/1265
f 1266/1266/1266 1267/1267/1267 1268/1268/1268
f 1269/1269/1269 1270/1270/1270 992/992/992
f 1271/1271/1271 1272/1272/1272 1273/1273/1273
f 1274/1274/1274 1275/1275/1275 1276/1276/1276
f 1277/1277/1277 1278/1278/1278 1279/1279/1279
f 1280/1280/1280 1281/1281/1281 1282/1282/1282
f 1283/1283/1283 1284/1284/1284 1285/1285/1285
f 1286/1286/1286 1287/1287/1287 1288/1288/1288
f 1289/1289/1289 1290/1290/1290 1291/1291/1291
f 1292/1292/1292 1293/1293/1293 1294/1294/1294
f 1295/1295/1295 1296/1296/1296 1297/1297/1297
f 1298/1298/1298 1299/1299/1299 1300/1300/1300
f 1301/1301/1301 1302/1302/1302 1303/1303/1303
f 1304/1304/1304 1305/1305/1305 1306/1306/1306
f 1307/1307/1307 1308/1308/1308 1309/1309/1309
f 1310/1310/1310 1311/1311/1311 1312/1312/1312
f 1313/1313/1313 1314/1314/1314 1315/1315/1315
f 1316/1316/1316 1317/1317/1317 1318/1318/1318
f 1319/1319/1319 1320/1320/1320 1321/1321/1321
f 1322/1322/1322 1323/1323/1323 1324/1324/1324
f 1325/1325/1325 1326/1326/1326 1327/1327/1327
f 1328/1328/1328 1329/1329/1329 1330/1330/1330
f 1331/1331/1331 1332/1332/1332 1333/1333/1333
f 1334/1334/1334 1335/1335/1335 1336/1336/1336
f 1337/1337/1337 1338/1338/1338 1339/1339/1339
f 1340/1340/1340 1341/1341/1341 1342/1342/1342
f 1343/1343/1343 1344/1344/1344 1345/1345/1345
f 1346/1346/1346 1347/1347/1347 1348/1348/1348
f 1349/1349/1349 1350/1350/1350 1351/1351/1351
f 1352/1352/1352 1353/1353/1353 1354/1354/1354
f 1355/1355/1355 1356/1356/1356 1357/1357/1357
f 1358/1358/1358 1359/1359/1359 1360/1360/1360
f 1361/1361/1361 1362/1362/1362 1363/1363/1363
f 1364/1364/1364 1365/1365/1365 1366/1366/1366
f 1367/1367/1367 1368/1368/1368 1369/1369/1369
f 1370/1370/1370 1371/1371/1371 1372/1372/1372
f 1373/1373/1373 1374/1374/1374 1375/1375/1375
f 1376/1376/1376 1377/1377/1377 1378/1378/1378
f 1379/1379/1379 1380/1380/1380 1381/1381/1381
f 1382/1382/1382 1383/1383/1383 1384/1384/1384
f 1385/1385/1385 1386/1386/1386 1387/1387/1387
f 1388/1388/1388 1389/1389/1389 1390/1390/1390
f 1391/1391/1391 1392/1392/1392 1393/1393/1393
f 1394/1394/1394 1395/1395/1395 1396/1396/1396
f 1397/1397/1397 1398/1398/1398 1399/1399/1399
f 1400/1400/1400 1401/1401/1401 1402/1402/1402
f 1403/1403/1403 1404/1404/1404 1405/1405/1405
f 1406/1406/1406 1407/1407/1407 1408/1408/1408
f 1409/1409/1409 1410/1410/1410 1411/1411/1411
f 1412/1412/1412 1413/1413/1413 1414/1414/1414
f 1415/1415/1415 1416/1416/1416 1417/1417/1417
f 1418/1418/1418 1419/1419/1419 1420/1420/1420
f 1421/1421/1421 1422/1422/1422 1423/1423/1423
f 1424/1424/1424 1425/1425/1425 1426/1426/1426
f 1427/1427/1427 1428/1428/1428 1429/1429/1429
f 1430/1430/1430 1431/1431/1431 1432/1432/1432
f 1433/1433/1433 1434/1434/1434 1435/1435/1435
f 1436/1436/1436 1437/1437/1437 1438/1438/1438
f 1439/1439/1439 1440/1440/1440 1441/1441/1441
f 1442/1442/1442 1443/1443/1443 1444/1444/1444
f 1445/1445/1445 1446/1446/1446 1447/1447/1447
f 1448/1448/1448 1449/1449/1449 1450/1450/1450
f 1451/1451/1451 1452/1452/1452 1453/1453/1453
f 1454/1454/1454 1455/1455/1455 1456/1456/1456
f 1457/1457/1457 1458/1458/1458 1459/1459/1459
f 1460/1460/1460 1461/1461/1461 1462/1462/1462
f 1463/1463/1463 1464/1464/1464 1465/1465/1465
f 1466/1466/1466 1467/1467/1467 1468/1468/1468
f 1469/1469/1469 1470/1470/1470 1471/1471/1471
f 1472/1472/1472 1473/1473/1473 1474/1474/1474
f 1475/1475/1475 1476/1476/1476 1477/1477/1477
f 1478/1478/1478 1479/1479/1479 1480/1480/1480
f 1481/1481/1481 1482/1482/1482 1483/1483/1483
f 1484/1484/1484 1485/1485/1485 1486/1486/1486
f 1487/1487/1487 1488/1488/1488 1489/1489/1489
f 1490/1490/1490 1491/1491/1491 1492/1492/1492
f 1493/1493/1493 1494/1494/1494 1495/1495/1495
f 1496/1496/1496 1497/1497/1497 1498/1498/1498
f 1499/1499/1499 1500/1500/1500 1501/1501/1501
f 1502/1502/1502 1503/1503/1503 1504/1504/1504
f 1505/1505/1505 1506/1506/1506 1507/1507/1507
f 1508/1508/1508 1509/1509/1509 1510/1510/1510
f 1511/1511/1511 1512/1512/1512 1513/1513/1513
f 1514/1514/1514 1515/1515/1515 1516/1516/1516
f 1517/1517/1517 1518/1518/1518 1519/1519/1519
f 1520/1520/1520 1521/1521/1521 1522/1522/1522
f 1523/1523/1523 1524/1524/1524 1525/1525/1525
f 1526/1526/1526 1527/1527/1527 1528/1528/1528
f 1529/1529/1529 1530/1530/1530 1531/1531/1531
f 1532/1532/1532 1533/1533/1533 1534/1534/1534
f 1535/1535/1535 1536/1536/1536 1537/1537/1537
f 1538/1538/1538 1539/1539/1539 1540/1540/1540
f 1541/1541/1541 1542/1542/1542 1543/1543/1543
f 1544/1544/1544 1545/1545/1545 1546/1546/1546
f 1547/1547/1547 1548/1548/1548 1549/1549/1549
f 1550/1550/1550 1551/1551/1551 1552/1552/1552
f 1553/1553/1553 1554/1554/1554 1555/1555/1555
f 1556/1556/1556 1557/1557/1557 1558/1558/1558
f 1559/1559/1559 1560/1560/1560 1561/1561/1561
f 1562/1562/1562 1563/1563/1563 1564/1564/1564
f 1565/1565/1565 1566/1566/1566 1567/1567/1567
f 1568/1568/1568 1569/1569/1569 1570/1570/1570
f 1571/1571/1571 1572/1572/1572 1573/1573/1573
f 1574/1574/1574 1575/1575/1575 1576/1576/1576
f 1577/1577/1577 1578/1578/1578 1579/1579/1579
f 1580/1580/1580 1581/1581/1581 1582/1582/1582
f 1583/1583/1583 1584/1584/1584 1585/1585/1585
f 1586/1586/1586 1587/1587/1587 1588/1588/1588
f 1589/1589/1589 1590/1590/1590 1591/1591/1591
f 1592/1592/1592 1593/1593/1593 1594/1594/1594
f 1595/1595/1595 1596/1596/1596 1597/1597/1597
f 1598/1598/1598 1599/1599/1599 1600/1600/1600
f 1601/1601/1601 1602/1602/1602 1603/1603/1603
f 1604/1604/1604 1605/1605/1605 1606/1606/1606
f 1607/1607/1607 1608/1608/1608 1609/1609/1609
f 1610/1610/1610 1611/1611/1611 1612/1612/1612
f 1613/1613/1613 1614/1614/1614 1615/1615/1615
f 1616/1616/1616 1617/1617/1617 1618/1618/1618
f 1619/1619/1619 1620/1620/1620 1621/1621/1621
f 1622/1622/1622 1623/1623/1623 1624/1624/1624
f 1625/1625/1625 1626/1626/1626 1627/1627/1627
f 1628/1628/1628 1629/1629/1629 1630/1630/1630
f 1631/1631/1631 1632/1632/1632 1633/1633/1633
f 1634/1634/1634 1635/1635/1635 1636/1636/1636
f 1637/1637/1637 1638/1638/1638 1639/1639/1639
f 1640/1640/1640 1641/1641/1641 1642/1642/1642
f 1643/1643/1643 1644/1644/1644 1645/1645/1645
f 1646/1646/1646 1647/1647/1647 1648/1648/1648
f 1649/1649/1649 1650/1650/1650 1651/1651/1651
f 1652/1652/1652 1653/1653/1653 1654/1654/1654
f 1655/1655/1655 1656/1656/1656 1657/1657/1657