version 1.01
1364
[-0.892076,0.950743,-0.307162][-0.8744,0.3767,-0.3058][0.8716,0.3352,0][-0.894741,0.974425,-0.132981][-0.838,0.5394,-0.0824001][0.8702,0.3096,0][-0.837792,1.06162,-0.148769][-0.8375,0.5401,-0.0835001][0.8822,0.3094,0][-0.837792,1.06162,-0.148769][-0.8375,0.5401,-0.0835001][0.8822,0.3094,0][-0.835536,1.01682,-0.374979][-0.8759,0.3531,-0.3287][0.885,0.3361,0][-0.892076,0.950743,-0.307162][-0.8744,0.3767,-0.3058][0.8716,0.3352,0][-0.881004,0.31389,0.626998][-0.7067,-0.3575,0.6106][0.8791,0.1299,0][-0.820825,0.308406,0.682307][-0.7943,-0.3717,0.4806][0.8907,0.1301,0][-0.828155,0.604278,0.725058][-0.9172,0.00780005,0.3984][0.8924,0.166,0][-0.828155,0.604278,0.725058][-0.9172,0.00780005,0.3984][0.8924,0.166,0][-0.886899,0.592744,0.568972][-0.9182,0.00820005,0.396][0.8727,0.1678,0][-0.881004,0.31389,0.626998][-0.7067,-0.3575,0.6106][0.8791,0.1299,0][-0.839688,1.09422,0.130853][-0.8419,0.5393,-0.0197001][0.8825,0.275,0][-0.894536,1.00277,0.132904][-0.8419,0.5392,-0.0200001][0.8703,0.2743,0][-0.896535,0.994263,0.485828][-0.916,0.3694,0.1564][0.8727,0.2261,0][-0.896535,0.994263,0.485828][-0.916,0.3694,0.1564][0.8727,0.2261,0][-0.843071,1.06392,0.543649][-0.9286,0.3195,0.189][0.8879,0.226,0][-0.839688,1.09422,0.130853][-0.8419,0.5393,-0.0197001][0.8825,0.275,0][-0.835639,0.983652,0.697993][-0.9498,0.1009,0.2962][0.895,0.2097,0][-0.843071,1.06392,0.543649][-0.9286,0.3195,0.189][0.8879,0.226,0][-0.896535,0.994263,0.485828][-0.916,0.3694,0.1564][0.8727,0.2261,0][-0.896535,0.994263,0.485828][-0.916,0.3694,0.1564][0.8727,0.2261,0][-0.893614,0.83182,0.512073][-0.9503,0.0721,0.3029][0.8702,0.2008,0][-0.835639,0.983652,0.697993][-0.9498,0.1009,0.2962][0.895,0.2097,0][-0.893614,0.83182,0.512073][-0.9503,0.0721,0.3029][0.8702,0.2008,0][-0.886899,0.592744,0.568972][-0.9182,0.00820005,0.396][0.8727,0.1678,0][-0.828155,0.604278,0.725058][-0.9172,0.00780005,0.3984][0.8924,0.166,0][-0.828155,0.604278,0.725058][-0.9172,0.00780005,0.3984][0.8924,0.166,0][-0.835639,0.983652,0.697993][-0.9498,0.1009,0.2962][0.895,0.2097,0][-0.893614,0.83182,0.512073][-0.9503,0.0721,0.3029][0.8702,0.2008,0][-0.894536,1.00277,0.132904][-0.8419,0.5392,-0.0200001][0.8703,0.2743,0][-0.839688,1.09422,0.130853][-0.8419,0.5393,-0.0197001][0.8825,0.275,0][-0.837792,1.06162,-0.148769][-0.8375,0.5401,-0.0835001][0.8822,0.3094,0][-0.837792,1.06162,-0.148769][-0.8375,0.5401,-0.0835001][0.8822,0.3094,0][-0.894741,0.974425,-0.132981][-0.838,0.5394,-0.0824001][0.8702,0.3096,0][-0.894536,1.00277,0.132904][-0.8419,0.5392,-0.0200001][0.8703,0.2743,0][-0.68314,0.0445707,0.486546][-0.5334,-0.4505,0.716][0.8992,0.0883,0][-0.635212,0.0434942,0.586297][-0.8305,-0.3223,0.4544][0.9124,0.0929,0][-0.820825,0.308406,0.682307][-0.7943,-0.3717,0.4806][0.8907,0.1301,0][-0.820825,0.308406,0.682307][-0.7943,-0.3717,0.4806][0.8907,0.1301,0][-0.881004,0.31389,0.626998][-0.7067,-0.3575,0.6106][0.8791,0.1299,0][-0.68314,0.0445707,0.486546][-0.5334,-0.4505,0.716][0.8992,0.0883,0][-1.04744,0.848223,0.579736][-0.1077,0.2287,0.9675][0.8473,0.1999,0][-1.04703,0.590796,0.630483][-0.1407,0.1838,0.9728][0.8483,0.1665,0][-0.934775,0.602945,0.645041][-0.139,0.1855,0.9728][0.8624,0.168,0][-0.934775,0.602945,0.645041][-0.139,0.1855,0.9728][0.8624,0.168,0][-0.939132,0.850274,0.589732][-0.108,0.2282,0.9676][0.8605,0.2001,0][-1.04744,0.848223,0.579736][-0.1077,0.2287,0.9675][0.8473,0.1999,0][-0.931495,0.289747,0.700709][-0.1582,0.1663,0.9733][0.8675,0.1299,0][-0.934775,0.602945,0.645041][-0.139,0.1855,0.9728][0.8624,0.168,0][-1.04703,0.590796,0.630483][-0.1407,0.1838,0.9728][0.8483,0.1665,0][-1.04703,0.590796,0.630483][-0.1407,0.1838,0.9728][0.8483,0.1665,0][-1.04842,0.278624,0.682][-0.1582,0.1663,0.9733][0.8535,0.1279,0][-0.931495,0.289747,0.700709][-0.1582,0.1663,0.9733][0.8675,0.1299,0][-0.939132,0.850274,0.589732][-0.108,0.2282,0.9676][0.8605,0.2001,0][-0.942977,1.05347,0.535858][-0.0943,0.2538,0.9626][0.861,0.2256,0][-1.05042,1.04301,0.528015][-0.0943,0.2538,0.9626][0.8483,0.2254,0][-1.05042,1.04301,0.528015][-0.0943,0.2538,0.9626][0.8483,0.2254,0][-1.04744,0.848223,0.579736][-0.1077,0.2287,0.9675][0.8473,0.1999,0][-0.939132,0.850274,0.589732][-0.108,0.2282,0.9676][0.8605,0.2001,0][-0.709075,1.11434,-0.190526][-0.2378,0.9271,-0.2896][0.9036,0.3107,0][-0.584984,0.979236,-0.430247][-0.1067,0.9195,-0.3784][0.9189,0.3381,0][-0.835536,1.01682,-0.374979][-0.1067,0.9195,-0.3784][0.885,0.3361,0][-0.835536,1.01682,-0.374979][-0.1067,0.9195,-0.3784][0.885,0.3361,0][-0.837792,1.06162,-0.148769][-0.2724,0.9252,-0.2642][0.8822,0.3094,0][-0.709075,1.11434,-0.190526][-0.2378,0.9271,-0.2896][0.9036,0.3107,0][-0.731637,1.1753,0.129246][-0.3341,0.9424,0.0131999][0.903,0.2775,0][-0.839688,1.09422,0.130853][-0.3381,0.9411,0.00459989][0.8825,0.275,0][-0.843071,1.06392,0.543649][-0.1342,0.9239,0.3583][0.8879,0.226,0][-0.843071,1.06392,0.543649][-0.1342,0.9239,0.3583][0.8879,0.226,0][-0.579669,1.10902,0.515295][-0.1197,0.9029,0.4128][0.9242,0.2387,0][-0.731637,1.1753,0.129246][-0.3341,0.9424,0.0131999][0.903,0.2775,0][-0.731637,1.1753,0.129246][-0.3341,0.9424,0.0131999][0.903,0.2775,0][-0.709075,1.11434,-0.190526][-0.2378,0.9271,-0.2896][0.9036,0.3107,0][-0.837792,1.06162,-0.148769][-0.2724,0.9252,-0.2642][0.8822,0.3094,0][-0.837792,1.06162,-0.148769][-0.2724,0.9252,-0.2642][0.8822,0.3094,0][-0.839688,1.09422,0.130853][-0.3381,0.9411,0.00459989][0.8825,0.275,0][-0.731637,1.1753,0.129246][-0.3341,0.9424,0.0131999][0.903,0.2775,0][-0.579669,1.10902,0.515295][-0.1197,0.9029,0.4128][0.9242,0.2387,0][-0.843071,1.06392,0.543649][-0.1342,0.9239,0.3583][0.8879,0.226,0][-0.835639,0.983652,0.697993][-0.0306,0.8659,0.4993][0.895,0.2097,0][-0.835639,0.983652,0.697993][-0.0306,0.8659,0.4993][0.895,0.2097,0][-0.496606,0.98396,0.703529][-0.0445,0.8368,0.5457][0.9336,0.2106,0][-0.579669,1.10902,0.515295][-0.1197,0.9029,0.4128][0.9242,0.2387,0][-0.213087,0.982371,0.706297][-0.043,0.7649,0.6427][0.9673,0.2119,0][0,0.980115,0.707629][0,0.7361,0.6769][0.9929,0.2129,0][0,1.07095,0.64584][0,0.7361,0.6769][0.9928,0.23,0][0,1.07095,0.64584][0,0.7361,0.6769][0.9928,0.23,0][-0.311366,1.08998,0.595346][-0.0493,0.7908,0.61][0.9561,0.2333,0][-0.213087,0.982371,0.706297][-0.043,0.7649,0.6427][0.9673,0.2119,0][-0.496606,0.98396,0.703529][-0.0445,0.8368,0.5457][0.9336,0.2106,0][-0.213087,0.982371,0.706297][-0.043,0.7649,0.6427][0.9673,0.2119,0][-0.311366,1.08998,0.595346][-0.0493,0.7908,0.61][0.9561,0.2333,0][-0.311366,1.08998,0.595346][-0.0493,0.7908,0.61][0.9561,0.2333,0][-0.579669,1.10902,0.515295][-0.1197,0.9029,0.4128][0.9242,0.2387,0][-0.496606,0.98396,0.703529][-0.0445,0.8368,0.5457][0.9336,0.2106,0][-0.433351,0.600382,0.730748][-0.0058,-0.0538999,0.9985][0.9405,0.1637,0][-0.828155,0.604278,0.725058][-0.0081,-0.0443999,0.999][0.8924,0.166,0][-0.820825,0.308406,0.682307][-0.0012,-0.2238,0.9746][0.8907,0.1301,0][-0.820825,0.308406,0.682307][-0.0012,-0.2238,0.9746][0.8907,0.1301,0][-0.385987,0.311379,0.677284][0.0022,-0.2434,0.9699][0.945,0.1277,0][-0.433351,0.600382,0.730748][-0.0058,-0.0538999,0.9985][0.9405,0.1637,0][-0.385987,0.311379,0.677284][0.0022,-0.2434,0.9699][0.945,0.1277,0][-0.820825,0.308406,0.682307][-0.0012,-0.2238,0.9746][0.8907,0.1301,0][-0.635212,0.0434942,0.586297][-0.0015,-0.3204,0.9473][0.9124,0.0929,0][-0.635212,0.0434942,0.586297][-0.0015,-0.3204,0.9473][0.9124,0.0929,0][-0.350925,0.0455961,0.59414][0.0041,-0.3058,0.9521][0.9492,0.0938,0][-0.385987,0.311379,0.677284][0.0022,-0.2434,0.9699][0.945,0.1277,0][-0.496606,0.98396,0.703529][-0.0128,0.0696001,0.9975][0.9336,0.2106,0][-0.835639,0.983652,0.697993][-0.0149,0.0696001,0.9975][0.895,0.2097,0][-0.828155,0.604278,0.725058][-0.0081,-0.0443999,0.999][0.8924,0.166,0][-0.828155,0.604278,0.725058][-0.0081,-0.0443999,0.999][0.8924,0.166,0][-0.433351,0.600382,0.730748][-0.0058,-0.0538999,0.9985][0.9405,0.1637,0][-0.496606,0.98396,0.703529][-0.0128,0.0696001,0.9975][0.9336,0.2106,0][-0.191302,0.602432,0.733311][-0.002,-0.0629999,0.998][0.9697,0.1647,0][0,0.601202,0.733003][0,-0.0670999,0.9977][0.9927,0.1652,0][0,0.980115,0.707629][0,0.0688001,0.9976][0.9929,0.2129,0][0,0.980115,0.707629][0,0.0688001,0.9976][0.9929,0.2129,0][-0.213087,0.982371,0.706297][-0.0062,0.0693001,0.9976][0.9673,0.2119,0][-0.191302,0.602432,0.733311][-0.002,-0.0629999,0.998][0.9697,0.1647,0][-0.154292,0.310508,0.673593][0.0041,-0.2446,0.9696][0.9738,0.1278,0][0,0.310661,0.673337][0,-0.2459,0.9693][0.9926,0.1282,0][0,0.601202,0.733003][0,-0.0670999,0.9977][0.9927,0.1652,0][0,0.601202,0.733003][0,-0.0670999,0.9977][0.9927,0.1652,0][-0.191302,0.602432,0.733311][-0.002,-0.0629999,0.998][0.9697,0.1647,0][-0.154292,0.310508,0.673593][0.0041,-0.2446,0.9696][0.9738,0.1278,0][-0.154292,0.310508,0.673593][0.0041,-0.2446,0.9696][0.9738,0.1278,0][-0.385987,0.311379,0.677284][0.0022,-0.2434,0.9699][0.945,0.1277,0][-0.350925,0.0455961,0.59414][0.0041,-0.3058,0.9521][0.9492,0.0938,0][-0.350925,0.0455961,0.59414][0.0041,-0.3058,0.9521][0.9492,0.0938,0][-0.121178,0.0419567,0.592141][0.0058,-0.2918,0.9564][0.978,0.0929,0][-0.154292,0.310508,0.673593][0.0041,-0.2446,0.9696][0.9738,0.1278,0][-0.433351,0.600382,0.730748][-0.0058,-0.0538999,0.9985][0.9405,0.1637,0][-0.191302,0.602432,0.733311][-0.002,-0.0629999,0.998][0.9697,0.1647,0][-0.213087,0.982371,0.706297][-0.0062,0.0693001,0.9976][0.9673,0.2119,0][-0.213087,0.982371,0.706297][-0.0062,0.0693001,0.9976][0.9673,0.2119,0][-0.496606,0.98396,0.703529][-0.0128,0.0696001,0.9975][0.9336,0.2106,0][-0.433351,0.600382,0.730748][-0.0058,-0.0538999,0.9985][0.9405,0.1637,0][-0.385987,0.311379,0.677284][0.0022,-0.2434,0.9699][0.945,0.1277,0][-0.154292,0.310508,0.673593][0.0041,-0.2446,0.9696][0.9738,0.1278,0][-0.191302,0.602432,0.733311][-0.002,-0.0629999,0.998][0.9697,0.1647,0][-0.191302,0.602432,0.733311][-0.002,-0.0629999,0.998][0.9697,0.1647,0][-0.433351,0.600382,0.730748][-0.0058,-0.0538999,0.9985][0.9405,0.1637,0][-0.385987,0.311379,0.677284][0.0022,-0.2434,0.9699][0.945,0.1277,0][0,0.310661,0.673337][0,-0.2459,0.9693][0.9926,0.1282,0][-0.154292,0.310508,0.673593][0.0041,-0.2446,0.9696][0.9738,0.1278,0][-0.121178,0.0419567,0.592141][0.0058,-0.2918,0.9564][0.978,0.0929,0][-0.121178,0.0419567,0.592141][0.0058,-0.2918,0.9564][0.978,0.0929,0][0,0.0411363,0.59127][0,-0.2906,0.9568][0.9929,0.0927,0][0,0.310661,0.673337][0,-0.2459,0.9693][0.9926,0.1282,0][-1.04893,1.04911,-0.138415][-0.0936,0.9845,-0.1481][0.8459,0.3088,0][-1.04832,1.0649,0.131878][-0.1078,0.9941,-0.00680012][0.8462,0.2746,0][-0.940363,1.07956,0.131366][-0.1077,0.9942,-0.00740012][0.86,0.2746,0][-0.940363,1.07956,0.131366][-0.1077,0.9942,-0.00740012][0.86,0.2746,0][-0.939747,1.05536,-0.143592][-0.0934,0.984,-0.1517][0.8595,0.3091,0][-1.04893,1.04911,-0.138415][-0.0936,0.9845,-0.1481][0.8459,0.3088,0][-0.939747,1.05536,-0.143592][-0.0934,0.984,-0.1517][0.8595,0.3091,0][-0.939286,1.00969,-0.350887][-0.0889,0.9701,-0.2259][0.8608,0.3346,0][-1.04985,1.00262,-0.326795][-0.0889,0.9701,-0.2259][0.8473,0.3336,0][-1.04985,1.00262,-0.326795][-0.0889,0.9701,-0.2259][0.8473,0.3336,0][-1.04893,1.04911,-0.138415][-0.0936,0.9845,-0.1481][0.8459,0.3088,0][-0.939747,1.05536,-0.143592][-0.0934,0.984,-0.1517][0.8595,0.3091,0][-0.940363,1.07956,0.131366][-0.1077,0.9942,-0.00740012][0.86,0.2746,0][-1.04832,1.0649,0.131878][-0.1078,0.9941,-0.00680012][0.8462,0.2746,0][-1.05042,1.04301,0.528015][-0.1176,0.9913,0.0586999][0.8483,0.2254,0][-1.05042,1.04301,0.528015][-0.1176,0.9913,0.0586999][0.8483,0.2254,0][-0.942977,1.05347,0.535858][-0.1176,0.9913,0.0586999][0.861,0.2256,0][-0.940363,1.07956,0.131366][-0.1077,0.9942,-0.00740012][0.86,0.2746,0][-0.25149,0.895388,-0.515505][0.7902,0.3531,-0.5009][0.1998,0.0353,0][-0.268737,0.890344,-0.598486][0.7902,0.3531,-0.5009][0.2014,0.0248,0][-0.404681,1.13158,-0.575811][0.7902,0.3531,-0.5009][0.2376,0.048,0][-0.404681,1.13158,-0.575811][0.7902,0.3531,-0.5009][0.2376,0.048,0][-0.339349,1.1446,-0.519568][0.7902,0.3531,-0.5009][0.235,0.0604,0][-0.25149,0.895388,-0.515505][0.7902,0.3531,-0.5009][0.1998,0.0353,0][-0.606637,1.26088,-0.188009][0.0528,0.9794,-0.1949][0.3148,0.0529,0][-0.490964,1.19959,-0.436767][0.0637,0.9269,-0.3698][0.2672,0.0572,0][-0.620093,1.19482,-0.457954][0.0459,0.9501,-0.3086][0.2738,0.0391,0][-0.620093,1.19482,-0.457954][0.0459,0.9501,-0.3086][0.2738,0.0391,0][-0.737951,1.26782,-0.189662][0.0602,0.9832,-0.1725][0.3174,0.0327,0][-0.606637,1.26088,-0.188009][0.0528,0.9794,-0.1949][0.3148,0.0529,0][-0.566742,1.29673,0.60621][-0.0602,0.9573,-0.2826][0.4275,0.0399,0][-0.440209,1.28198,0.532026][-0.1341,0.9134,-0.3843][0.4249,0.0633,0][-0.624461,1.29109,0.121831][0.0966,0.9928,-0.0705001][0.3673,0.0506,0][-0.624461,1.29109,0.121831][0.0966,0.9928,-0.0705001][0.3673,0.0506,0][-0.760259,1.30649,0.147149][0.0958,0.9928,-0.0725001][0.3673,0.0296,0][-0.566742,1.29673,0.60621][-0.0602,0.9573,-0.2826][0.4275,0.0399,0][-0.624461,1.29109,0.121831][0.0966,0.9928,-0.0705001][0.3673,0.0506,0][-0.606637,1.26088,-0.188009][0.0528,0.9794,-0.1949][0.3148,0.0529,0][-0.737951,1.26782,-0.189662][0.0602,0.9832,-0.1725][0.3174,0.0327,0][-0.737951,1.26782,-0.189662][0.0602,0.9832,-0.1725][0.3174,0.0327,0][-0.760259,1.30649,0.147149][0.0958,0.9928,-0.0725001][0.3673,0.0296,0][-0.624461,1.29109,0.121831][0.0966,0.9928,-0.0705001][0.3673,0.0506,0][-1.04893,1.04911,-0.138415][-1,0.0018,0.0035][0.6357,0.2593,0][-1.04985,1.00262,-0.326795][-1,-0.0004,0.0015][0.6342,0.2698,0][-1.04903,0.535179,0.0967655][-1,0.0014,0.0022][0.6067,0.2474,0][-1.04842,0.278624,0.682][-1,0.0046,0.003][0.5918,0.2148,0][-1.04703,0.590796,0.630483][-1,0.0022,0.0035][0.6095,0.2185,0][-1.04903,0.535179,0.0967655][-1,0.0014,0.0022][0.6067,0.2474,0][-1.05042,1.04301,0.528015][-1,-0.0054,0.0032][0.6342,0.2209,0][-1.04832,1.0649,0.131878][-1,0.0015,-0.0017][0.6362,0.2449,0][-1.04903,0.535179,0.0967655][-1,0.0014,0.0022][0.6067,0.2474,0][-1.04837,-0.02422,0.125984][-1,-0.001,0.003][0.5768,0.2469,0][-1.05026,0.0168393,0.425188][-1,0.0016,-0.0013][0.5776,0.2308,0][-1.04903,0.535179,0.0967655][-1,0.0014,0.0022][0.6067,0.2474,0][-1.04744,0.848223,0.579736][-0.9999,-0.0079,0.0084][0.6234,0.2208,0][-1.05042,1.04301,0.528015][-1,-0.0054,0.0032][0.6342,0.2209,0][-1.04903,0.535179,0.0967655][-1,0.0014,0.0022][0.6067,0.2474,0][-1.04703,0.590796,0.630483][-1,0.0022,0.0035][0.6095,0.2185,0][-1.04744,0.848223,0.579736][-0.9999,-0.0079,0.0084][0.6234,0.2208,0][-1.04903,0.535179,0.0967655][-1,0.0014,0.0022][0.6067,0.2474,0][-1.04929,0.842226,-0.375851][-1,-0.0012,-0.0002][0.6257,0.2722,0][-1.0499,0.544713,-0.431519][-1,0.0039,0.0017][0.6089,0.2759,0][-1.04903,0.535179,0.0967655][-1,0.0014,0.0022][0.6067,0.2474,0][-1.05257,-0.00135803,-0.212793][-1,0.0026,0.0069][0.5777,0.2661,0][-1.04837,-0.02422,0.125984][-1,-0.001,0.003][0.5768,0.2469,0][-1.04903,0.535179,0.0967655][-1,0.0014,0.0022][0.6067,0.2474,0][-1.04832,1.0649,0.131878][-1,0.0015,-0.0017][0.6362,0.2449,0][-1.04893,1.04911,-0.138415][-1,0.0018,0.0035][0.6357,0.2593,0][-1.04903,0.535179,0.0967655][-1,0.0014,0.0022][0.6067,0.2474,0][-1.05026,0.0168393,0.425188][-1,0.0016,-0.0013][0.5776,0.2308,0][-1.04842,0.278624,0.682][-1,0.0046,0.003][0.5918,0.2148,0][-1.04903,0.535179,0.0967655][-1,0.0014,0.0022][0.6067,0.2474,0][-1.04903,0.535179,0.0967655][-1,0.0014,0.0022][0.6067,0.2474,0][-1.04985,1.00262,-0.326795][-1,-0.0004,0.0015][0.6342,0.2698,0][-1.04929,0.842226,-0.375851][-1,-0.0012,-0.0002][0.6257,0.2722,0][-1.04903,0.535179,0.0967655][-1,0.0014,0.0022][0.6067,0.2474,0][-1.05134,0.300665,-0.450946][-1,0.0056,0.0018][0.5966,0.2788,0][-1.05257,-0.00135803,-0.212793][-1,0.0026,0.0069][0.5777,0.2661,0][-1.04903,0.535179,0.0967655][-1,0.0014,0.0022][0.6067,0.2474,0][-1.0499,0.544713,-0.431519][-1,0.0039,0.0017][0.6089,0.2759,0][-1.05134,0.300665,-0.450946][-1,0.0056,0.0018][0.5966,0.2788,0][-0.386089,-0.791375,-0.675618][-0.2871,0.0232999,-0.9576][0.7821,0.4387,0][-0.22621,-0.855348,-0.72657][-0.2344,0.1306,-0.9633][0.7725,0.4755,0][-0.279213,-0.945565,-0.710116][-0.2759,-0.0155001,-0.9611][0.76,0.4698,0][-0.279213,-0.945565,-0.710116][-0.2759,-0.0155001,-0.9611][0.76,0.4698,0][-0.42028,-0.942079,-0.665622][-0.2828,-0.0103001,-0.9591][0.7584,0.4363,0][-0.386089,-0.791375,-0.675618][-0.2871,0.0232999,-0.9576][0.7821,0.4387,0][-0.42028,-0.942079,-0.665622][-0.2828,-0.0103001,-0.9591][0.7584,0.4363,0][-0.603072,-0.920243,-0.610005][-0.4956,0.0516999,-0.867][0.759,0.4062,0][-0.578878,-0.78138,-0.618668][-0.5056,0.0374999,-0.862][0.7801,0.4078,0][-0.578878,-0.78138,-0.618668][-0.5056,0.0374999,-0.862][0.7801,0.4078,0][-0.386089,-0.791375,-0.675618][-0.2871,0.0232999,-0.9576][0.7821,0.4387,0][-0.42028,-0.942079,-0.665622][-0.2828,-0.0103001,-0.9591][0.7584,0.4363,0][-0.207705,-0.798142,-0.717856][-0.1919,0.1893,-0.963][0.7836,0.4672,0][0,-0.801986,-0.757583][0,0.1728,-0.985][0.7904,0.4988,0][0,-0.833921,-0.761222][0,0.1728,-0.985][0.785,0.5001,0][0,-0.833921,-0.761222][0,0.1728,-0.985][0.785,0.5001,0][-0.22621,-0.855348,-0.72657][-0.2344,0.1306,-0.9633][0.7725,0.4755,0][-0.207705,-0.798142,-0.717856][-0.1919,0.1893,-0.963][0.7836,0.4672,0][-0.603072,-0.920243,-0.610005][-0.4956,0.0516999,-0.867][0.759,0.4062,0][-0.42028,-0.942079,-0.665622][-0.2828,-0.0103001,-0.9591][0.7584,0.4363,0][-0.483534,-1.22083,-0.64722][-0.272,-0.0263001,-0.9619][0.716,0.429,0][-0.483534,-1.22083,-0.64722][-0.272,-0.0263001,-0.9619][0.716,0.429,0][-0.649616,-1.1872,-0.593346][-0.4448,0.0254999,-0.8952][0.7189,0.4036,0][-0.603072,-0.920243,-0.610005][-0.4956,0.0516999,-0.867][0.759,0.4062,0][-0.212421,-1.08612,-0.701402][-0.0986,-0.2314,-0.9678][0.7367,0.4703,0][-0.483534,-1.22083,-0.64722][-0.272,-0.0263001,-0.9619][0.716,0.429,0][-0.223237,-1.03829,-0.713038][-0.1622,-0.1519,-0.975][0.7482,0.477,0][-0.603072,-0.920243,-0.610005][-0.4956,0.0516999,-0.867][0.759,0.4062,0][-0.649616,-1.1872,-0.593346][-0.4448,0.0254999,-0.8952][0.7189,0.4036,0][-0.821183,-1.00354,-0.435619][-0.717,0.1424,-0.6824][0.741,0.366,0][-0.784327,-0.743037,-0.40389][-0.7512,0.1557,-0.6415][0.7819,0.3623,0][-0.578878,-0.78138,-0.618668][-0.5056,0.0374999,-0.862][0.7801,0.4078,0][-0.603072,-0.920243,-0.610005][-0.4956,0.0516999,-0.867][0.759,0.4062,0][-0.999773,-0.961558,-0.156663][-0.9274,0.1629,-0.3367][0.7432,0.3163,0][-0.962353,-0.705823,-0.150563][-0.9233,0.1629,-0.3479][0.7832,0.3145,0][-0.784327,-0.743037,-0.40389][-0.7512,0.1557,-0.6415][0.7819,0.3623,0][-0.784327,-0.743037,-0.40389][-0.7512,0.1557,-0.6415][0.7819,0.3623,0][-0.821183,-1.00354,-0.435619][-0.717,0.1424,-0.6824][0.741,0.366,0][-0.999773,-0.961558,-0.156663][-0.9274,0.1629,-0.3367][0.7432,0.3163,0][-0.99762,-0.684909,0.169555][-0.9821,0.1609,0.0983][0.7847,0.2655,0][-0.962353,-0.705823,-0.150563][-0.9233,0.1629,-0.3479][0.7832,0.3145,0][-0.999773,-0.961558,-0.156663][-0.9274,0.1629,-0.3367][0.7432,0.3163,0][-0.999773,-0.961558,-0.156663][-0.9274,0.1629,-0.3367][0.7432,0.3163,0][-1.06518,-1.09201,0.156432][-0.9799,0.1606,0.1181][0.7225,0.2707,0][-0.99762,-0.684909,0.169555][-0.9821,0.1609,0.0983][0.7847,0.2655,0][-0.99762,-0.684909,0.169555][-0.9821,0.1609,0.0983][0.7847,0.2655,0][-1.06518,-1.09201,0.156432][-0.9799,0.1606,0.1181][0.7225,0.2707,0][-0.989162,-1.12497,0.428981][-0.8389,0.109,0.5333][0.7169,0.2313,0][-0.989162,-1.12497,0.428981][-0.8389,0.109,0.5333][0.7169,0.2313,0][-0.901456,-0.675425,0.459532][-0.7784,0.0872001,0.6216][0.7843,0.219,0][-0.99762,-0.684909,0.169555][-0.9821,0.1609,0.0983][0.7847,0.2655,0][-0.652077,-0.985548,0.640326][-0.3775,-0.0132999,0.9259][0.7359,0.1725,0][-0.641261,-0.678552,0.656472][-0.3584,-0.0167999,0.9334][0.783,0.1701,0][-0.901456,-0.675425,0.459532][-0.7784,0.0872001,0.6216][0.7843,0.219,0][-0.901456,-0.675425,0.459532][-0.7784,0.0872001,0.6216][0.7843,0.219,0][-0.989162,-1.12497,0.428981][-0.8389,0.109,0.5333][0.7169,0.2313,0][-0.652077,-0.985548,0.640326][-0.3775,-0.0132999,0.9259][0.7359,0.1725,0][-0.111644,-1.24938,0.689791][-0.003,-0.0194999,0.9998][0.6966,0.0919,0][0,-1.26061,0.687638][0,-0.0165999,0.9999][0.6939,0.0753,0][0,-0.696032,0.697788][0,-0.0165999,0.9999][0.78,0.0755,0][0,-0.696032,0.697788][0,-0.0165999,0.9999][0.78,0.0755,0][-0.106774,-0.692956,0.698249][-0.0109,-0.0211999,0.9997][0.7807,0.0925,0][-0.111644,-1.24938,0.689791][-0.003,-0.0194999,0.9998][0.6966,0.0919,0][-0.306021,-1.0529,0.682615][-0.0664,-0.0348999,0.9972][0.7247,0.1198,0][-0.111644,-1.24938,0.689791][-0.003,-0.0194999,0.9998][0.6966,0.0919,0][-0.106774,-0.692956,0.698249][-0.0109,-0.0211999,0.9997][0.7807,0.0925,0][-0.106774,-0.692956,0.698249][-0.0109,-0.0211999,0.9997][0.7807,0.0925,0][-0.37066,-0.686908,0.695891][-0.0917,-0.0417999,0.9949][0.7816,0.1289,0][-0.306021,-1.0529,0.682615][-0.0664,-0.0348999,0.9972][0.7247,0.1198,0][-0.784327,-0.743037,-0.40389][-0.7512,0.1557,-0.6415][0.7819,0.3623,0][-0.603072,-0.920243,-0.610005][-0.4956,0.0516999,-0.867][0.759,0.4062,0][-0.821183,-1.00354,-0.435619][-0.717,0.1424,-0.6824][0.741,0.366,0][-0.652077,-0.985548,0.640326][-0.3775,-0.0132999,0.9259][0.7359,0.1725,0][-0.306021,-1.0529,0.682615][-0.0664,-0.0348999,0.9972][0.7247,0.1198,0][-0.37066,-0.686908,0.695891][-0.0917,-0.0417999,0.9949][0.7816,0.1289,0][-0.37066,-0.686908,0.695891][-0.0917,-0.0417999,0.9949][0.7816,0.1289,0][-0.641261,-0.678552,0.656472][-0.3584,-0.0167999,0.9334][0.783,0.1701,0][-0.652077,-0.985548,0.640326][-0.3775,-0.0132999,0.9259][0.7359,0.1725,0][-0.767565,-0.421792,0.363573][-0.1978,-0.9528,0.2305][0.8928,0.0242,0][-0.598869,-0.41564,0.449844][-0.1289,-0.9403,0.315][0.9162,0.0275,0][-0.608506,-0.399032,0.503872][-0.1146,-0.9456,0.3045][0.917,0.0348,0][-0.608506,-0.399032,0.503872][-0.1146,-0.9456,0.3045][0.917,0.0348,0][-0.840098,-0.397341,0.376183][-0.2113,-0.967,0.1424][0.8866,0.0307,0][-0.767565,-0.421792,0.363573][-0.1978,-0.9528,0.2305][0.8928,0.0242,0][-0.800936,-0.417947,0.120653][-0.2081,-0.978,0.0160001][0.8666,0.0073,0][-0.767565,-0.421792,0.363573][-0.1978,-0.9528,0.2305][0.8928,0.0242,0][-0.840098,-0.397341,0.376183][-0.2113,-0.967,0.1424][0.8866,0.0307,0][-0.840098,-0.397341,0.376183][-0.2113,-0.967,0.1424][0.8866,0.0307,0][-0.889923,-0.404568,0.122191][-0.2071,-0.9782,0.0143001][0.86,0.0161,0][-0.800936,-0.417947,0.120653][-0.2081,-0.978,0.0160001][0.8666,0.0073,0][-0.889923,-0.404568,0.122191][-0.2071,-0.9782,0.0143001][0.8295,0.5358,0][-0.871828,-0.40016,-0.165685][-0.1542,-0.9866,-0.0533999][0.8612,0.5222,0][-0.795758,-0.41928,-0.135698][-0.1551,-0.9865,-0.0524999][0.8636,0.5321,0][-0.795758,-0.41928,-0.135698][-0.1551,-0.9865,-0.0524999][0.8636,0.5321,0][-0.800936,-0.417947,0.120653][-0.2081,-0.978,0.0160001][0.8349,0.5461,0][-0.889923,-0.404568,0.122191][-0.2071,-0.9782,0.0143001][0.8295,0.5358,0][-0.337854,-0.410053,0.531654][-0.0404,-0.9699,0.24][0.9502,0.0269,0][-0.329293,-0.39893,0.576507][-0.0275,-0.9738,0.2258][0.9522,0.032,0][-0.608506,-0.399032,0.503872][-0.1146,-0.9456,0.3045][0.917,0.0348,0][-0.608506,-0.399032,0.503872][-0.1146,-0.9456,0.3045][0.917,0.0348,0][-0.598869,-0.41564,0.449844][-0.1289,-0.9403,0.315][0.9162,0.0275,0][-0.337854,-0.410053,0.531654][-0.0404,-0.9699,0.24][0.9502,0.0269,0][-0.329293,-0.39893,0.576507][-0.0275,-0.9738,0.2258][0.9522,0.032,0][-0.337854,-0.410053,0.531654][-0.0404,-0.9699,0.24][0.9502,0.0269,0][-0.0965736,-0.410668,0.521454][0.0022,-0.983,0.1834][0.9803,0.0209,0][-0.0965736,-0.410668,0.521454][0.0022,-0.983,0.1834][0.9803,0.0209,0][-0.0999055,-0.399442,0.587271][0.0018,-0.9828,0.1846][0.9807,0.0294,0][-0.329293,-0.39893,0.576507][-0.0275,-0.9738,0.2258][0.9522,0.032,0][0,-0.399391,0.583068][0,-0.9854,0.1703][0.9935,0.0279,0][-0.0999055,-0.399442,0.587271][0.0018,-0.9828,0.1846][0.9807,0.0294,0][-0.0965736,-0.410668,0.521454][0.0022,-0.983,0.1834][0.9803,0.0209,0][-0.0965736,-0.410668,0.521454][0.0022,-0.983,0.1834][0.9803,0.0209,0][0,-0.410822,0.517661][0,-0.9854,0.1703][0.9933,0.0192,0][0,-0.399391,0.583068][0,-0.9854,0.1703][0.9935,0.0279,0][-0.735631,-0.407439,-0.338687][-0.0885,-0.9856,-0.1438][0.8868,0.5196,0][-0.638237,-0.41195,-0.336585][-0.1345,-0.9678,-0.213][0.8958,0.5293,0][-0.795758,-0.41928,-0.135698][-0.1551,-0.9865,-0.0524999][0.8636,0.5321,0][-0.795758,-0.41928,-0.135698][-0.1551,-0.9865,-0.0524999][0.8636,0.5321,0][-0.871828,-0.40016,-0.165685][-0.1542,-0.9866,-0.0533999][0.8612,0.5222,0][-0.735631,-0.407439,-0.338687][-0.0885,-0.9856,-0.1438][0.8868,0.5196,0][0,0.912555,-0.502719][0,0.9989,-0.0475001][0.159,0.0441,0][0,0.904455,-0.601702][0,0.9989,-0.0475001][0.155,0.0269,0][-0.123844,0.90871,-0.594782][-0.003,0.9992,-0.0402001][0.1759,0.024,0][-0.123844,0.90871,-0.594782][-0.003,0.9992,-0.0402001][0.1759,0.024,0][-0.115899,0.909786,-0.500002][-0.0033,0.9992,-0.0398001][0.1792,0.0393,0][0,0.912555,-0.502719][0,0.9989,-0.0475001][0.159,0.0441,0][-0.490964,1.19959,-0.436767][0.0637,0.9269,-0.3698][0.2672,0.0572,0][-0.339349,1.1446,-0.519568][0.0811,0.8998,-0.4286][0.235,0.0604,0][-0.404681,1.13158,-0.575811][0.0811,0.8998,-0.4286][0.2376,0.048,0][-0.404681,1.13158,-0.575811][0.0811,0.8998,-0.4286][0.2376,0.048,0][-0.620093,1.19482,-0.457954][0.0459,0.9501,-0.3086][0.2738,0.0391,0][-0.490964,1.19959,-0.436767][0.0637,0.9269,-0.3698][0.2672,0.0572,0][-0.835536,1.01682,-0.374979][-0.1351,0.5233,-0.8414][0.885,0.3361,0][-0.584984,0.979236,-0.430247][-0.1187,0.5915,-0.7975][0.9189,0.3381,0][-0.590821,0.884977,-0.49626][-0.1903,0.4381,-0.8786][0.9165,0.3542,0][-0.590821,0.884977,-0.49626][-0.1903,0.4381,-0.8786][0.9165,0.3542,0][-0.833742,0.866574,-0.434184][-0.2115,0.3726,-0.9036][0.8856,0.3546,0][-0.835536,1.01682,-0.374979][-0.1351,0.5233,-0.8414][0.885,0.3361,0][-0.380788,0.832312,-0.594635][-0.2196,0.3387,-0.9149][0.9458,0.3579,0][-0.590821,0.884977,-0.49626][-0.1903,0.4381,-0.8786][0.9165,0.3542,0][-0.584984,0.979236,-0.430247][-0.1187,0.5915,-0.7975][0.9189,0.3381,0][-0.164647,0.388371,-0.736874][-0.1968,0.1504,-0.9688][0.9742,0.4162,0][-0.350874,0.37776,-0.700223][-0.2804,0.1477,-0.9484][0.9552,0.4175,0][-0.319862,0.610685,-0.643683][-0.252,0.2571,-0.9329][0.9532,0.3881,0][-0.319862,0.610685,-0.643683][-0.252,0.2571,-0.9329][0.9532,0.3881,0][-0.145988,0.608532,-0.690176][-0.2032,0.2731,-0.9403][0.9757,0.3879,0][-0.164647,0.388371,-0.736874][-0.1968,0.1504,-0.9688][0.9742,0.4162,0][-0.350874,0.37776,-0.700223][-0.2804,0.1477,-0.9484][0.9552,0.4175,0][-0.589027,0.357666,-0.613543][-0.3209,0.1266,-0.9386][0.9198,0.4193,0][-0.590719,0.609301,-0.56459][-0.2872,0.2154,-0.9333][0.9181,0.3883,0][-0.590719,0.609301,-0.56459][-0.2872,0.2154,-0.9333][0.9181,0.3883,0][-0.319862,0.610685,-0.643683][-0.252,0.2571,-0.9329][0.9532,0.3881,0][-0.350874,0.37776,-0.700223][-0.2804,0.1477,-0.9484][0.9552,0.4175,0][-0.374402,0.135762,-0.703042][-0.2975,0.0625999,-0.9527][0.9479,0.4475,0][-0.568216,0.117514,-0.636507][-0.4115,-0.0614001,-0.9093][0.9229,0.4486,0][-0.589027,0.357666,-0.613543][-0.3209,0.1266,-0.9386][0.9198,0.4193,0][-0.589027,0.357666,-0.613543][-0.3209,0.1266,-0.9386][0.9198,0.4193,0][-0.350874,0.37776,-0.700223][-0.2804,0.1477,-0.9484][0.9552,0.4175,0][-0.374402,0.135762,-0.703042][-0.2975,0.0625999,-0.9527][0.9479,0.4475,0][-0.833947,0.586798,-0.489699][-0.2981,0.1887,-0.9357][0.8865,0.3899,0][-0.590719,0.609301,-0.56459][-0.2872,0.2154,-0.9333][0.9181,0.3883,0][-0.589027,0.357666,-0.613543][-0.3209,0.1266,-0.9386][0.9198,0.4193,0][-0.589027,0.357666,-0.613543][-0.3209,0.1266,-0.9386][0.9198,0.4193,0][-0.836869,0.335214,-0.531629][-0.3981,0.00719989,-0.9173][0.8877,0.4214,0][-0.833947,0.586798,-0.489699][-0.2981,0.1887,-0.9357][0.8865,0.3899,0][-0.167415,0.15032,-0.764811][-0.1854,0.0698999,-0.9802][0.9739,0.4462,0][-0.374402,0.135762,-0.703042][-0.2975,0.0625999,-0.9527][0.9479,0.4475,0][-0.350874,0.37776,-0.700223][-0.2804,0.1477,-0.9484][0.9552,0.4175,0][-0.350874,0.37776,-0.700223][-0.2804,0.1477,-0.9484][0.9552,0.4175,0][-0.164647,0.388371,-0.736874][-0.1968,0.1504,-0.9688][0.9742,0.4162,0][-0.167415,0.15032,-0.764811][-0.1854,0.0698999,-0.9802][0.9739,0.4462,0][-0.590719,0.609301,-0.56459][-0.2872,0.2154,-0.9333][0.9181,0.3883,0][-0.833947,0.586798,-0.489699][-0.2981,0.1887,-0.9357][0.8865,0.3899,0][-0.833742,0.866574,-0.434184][-0.2115,0.3726,-0.9036][0.8856,0.3546,0][-0.833742,0.866574,-0.434184][-0.2115,0.3726,-0.9036][0.8856,0.3546,0][-0.590821,0.884977,-0.49626][-0.1903,0.4381,-0.8786][0.9165,0.3542,0][-0.590719,0.609301,-0.56459][-0.2872,0.2154,-0.9333][0.9181,0.3883,0][-0.380788,0.832312,-0.594635][-0.2196,0.3387,-0.9149][0.9458,0.3579,0][-0.319862,0.610685,-0.643683][-0.252,0.2571,-0.9329][0.9532,0.3881,0][-0.590719,0.609301,-0.56459][-0.2872,0.2154,-0.9333][0.9181,0.3883,0][-0.590719,0.609301,-0.56459][-0.2872,0.2154,-0.9333][0.9181,0.3883,0][-0.590821,0.884977,-0.49626][-0.1903,0.4381,-0.8786][0.9165,0.3542,0][-0.380788,0.832312,-0.594635][-0.2196,0.3387,-0.9149][0.9458,0.3579,0][-0.319862,0.610685,-0.643683][-0.252,0.2571,-0.9329][0.9532,0.3881,0][-0.380788,0.832312,-0.594635][-0.2196,0.3387,-0.9149][0.9458,0.3579,0][-0.277577,0.81295,-0.62582][-0.2303,0.2982,-0.9263][0.9585,0.3594,0][-0.277577,0.81295,-0.62582][-0.2303,0.2982,-0.9263][0.9585,0.3594,0][-0.137223,0.813725,-0.623846][-0.2005,0.3156,-0.9275][0.9753,0.3612,0][-0.145988,0.608532,-0.690176][-0.2032,0.2731,-0.9403][0.9757,0.3879,0][-0.145988,0.608532,-0.690176][-0.2032,0.2731,-0.9403][0.9757,0.3879,0][-0.319862,0.610685,-0.643683][-0.252,0.2571,-0.9329][0.9532,0.3881,0][-0.277577,0.81295,-0.62582][-0.2303,0.2982,-0.9263][0.9585,0.3594,0][-0.164647,0.388371,-0.736874][-0.1968,0.1504,-0.9688][0.9742,0.4162,0][-0.145988,0.608532,-0.690176][-0.2032,0.2731,-0.9403][0.9757,0.3879,0][0,0.604175,-0.721906][0,0.2756,-0.9613][0.9943,0.3883,0][0,0.604175,-0.721906][0,0.2756,-0.9613][0.9943,0.3883,0][0,0.392882,-0.769014][0,0.1426,-0.9898][0.9943,0.416,0][-0.164647,0.388371,-0.736874][-0.1968,0.1504,-0.9688][0.9742,0.4162,0][0,0.167082,-0.7705][0,0.0639999,-0.9979][0.9939,0.4449,0][-0.167415,0.15032,-0.764811][-0.1854,0.0698999,-0.9802][0.9739,0.4462,0][-0.164647,0.388371,-0.736874][-0.1968,0.1504,-0.9688][0.9742,0.4162,0][-0.164647,0.388371,-0.736874][-0.1968,0.1504,-0.9688][0.9742,0.4162,0][0,0.392882,-0.769014][0,0.1426,-0.9898][0.9943,0.416,0][0,0.167082,-0.7705][0,0.0639999,-0.9979][0.9939,0.4449,0][-0.145988,0.608532,-0.690176][-0.2032,0.2731,-0.9403][0.9757,0.3879,0][-0.137223,0.813725,-0.623846][-0.2005,0.3156,-0.9275][0.9753,0.3612,0][0,0.799988,-0.646862][0,0.3356,-0.942][0.9936,0.3616,0][0,0.799988,-0.646862][0,0.3356,-0.942][0.9936,0.3616,0][0,0.604175,-0.721906][0,0.2756,-0.9613][0.9943,0.3883,0][-0.145988,0.608532,-0.690176][-0.2032,0.2731,-0.9403][0.9757,0.3879,0][-0.836869,0.335214,-0.531629][-0.3981,0.00719989,-0.9173][0.8877,0.4214,0][-0.589027,0.357666,-0.613543][-0.3209,0.1266,-0.9386][0.9198,0.4193,0][-0.568216,0.117514,-0.636507][-0.4115,-0.0614001,-0.9093][0.9229,0.4486,0][-0.892076,0.950743,-0.307162][-0.8744,0.3767,-0.3058][0.8716,0.3352,0][-0.835536,1.01682,-0.374979][-0.8759,0.3531,-0.3287][0.885,0.3361,0][-0.833742,0.866574,-0.434184][-0.8661,0.1234,-0.4844][0.8856,0.3546,0][-0.833742,0.866574,-0.434184][-0.8661,0.1234,-0.4844][0.8856,0.3546,0][-0.890128,0.839048,-0.336688][-0.8663,0.1229,-0.4842][0.8719,0.3536,0][-0.892076,0.950743,-0.307162][-0.8744,0.3767,-0.3058][0.8716,0.3352,0][-0.833947,0.586798,-0.489699][-0.883,0.0836999,-0.4618][0.8865,0.3899,0][-0.836869,0.335214,-0.531629][-0.9319,-0.2289,-0.2814][0.8877,0.4214,0][-0.887411,0.336906,-0.425726][-0.8464,-0.2518,-0.4692][0.8726,0.4215,0][-0.887411,0.336906,-0.425726][-0.8464,-0.2518,-0.4692][0.8726,0.4215,0][-0.888744,0.562603,-0.391075][-0.8835,0.0830999,-0.461][0.8727,0.3903,0][-0.833947,0.586798,-0.489699][-0.883,0.0836999,-0.4618][0.8865,0.3899,0][-0.890128,0.839048,-0.336688][-0.8663,0.1229,-0.4842][0.8719,0.3536,0][-0.833742,0.866574,-0.434184][-0.8661,0.1234,-0.4844][0.8856,0.3546,0][-0.833947,0.586798,-0.489699][-0.883,0.0836999,-0.4618][0.8865,0.3899,0][-0.833947,0.586798,-0.489699][-0.883,0.0836999,-0.4618][0.8865,0.3899,0][-0.888744,0.562603,-0.391075][-0.8835,0.0830999,-0.461][0.8727,0.3903,0][-0.890128,0.839048,-0.336688][-0.8663,0.1229,-0.4842][0.8719,0.3536,0][-0.268737,0.890344,-0.598486][-0.1788,0.2617,-0.9485][0.2014,0.0248,0][-0.277577,0.81295,-0.62582][-0.1927,0.28,-0.9405][0.1966,0.0072,0][-0.380788,0.832312,-0.594635][-0.283,0.186,-0.9409][0.2122,0.007,0][-0.380788,0.832312,-0.594635][-0.283,0.186,-0.9409][0.2122,0.007,0][-0.404681,1.13158,-0.575811][-0.4534,0.136,-0.8808][0.2376,0.048,0][-0.268737,0.890344,-0.598486][-0.1788,0.2617,-0.9485][0.2014,0.0248,0][-0.137223,0.813725,-0.623846][-0.1542,0.342,-0.927][0.1757,0.0071,0][-0.123844,0.90871,-0.594782][-0.153,0.3422,-0.9271][0.1759,0.024,0][0,0.904455,-0.601702][0,0.3537,-0.9354][0.155,0.0269,0][0,0.904455,-0.601702][0,0.3537,-0.9354][0.155,0.0269,0][0,0.799988,-0.646862][0,0.3537,-0.9354][0.1547,0.0072,0][-0.137223,0.813725,-0.623846][-0.1542,0.342,-0.927][0.1757,0.0071,0][-0.277577,0.81295,-0.62582][-0.1927,0.28,-0.9405][0.1966,0.0072,0][-0.268737,0.890344,-0.598486][-0.1788,0.2617,-0.9485][0.2014,0.0248,0][-0.123844,0.90871,-0.594782][-0.153,0.3422,-0.9271][0.1759,0.024,0][-0.123844,0.90871,-0.594782][-0.153,0.3422,-0.9271][0.1759,0.024,0][-0.137223,0.813725,-0.623846][-0.1542,0.342,-0.927][0.1757,0.0071,0][-0.277577,0.81295,-0.62582][-0.1927,0.28,-0.9405][0.1966,0.0072,0][-0.115899,0.909786,-0.500002][0.1208,0.0751001,0.9898][0.5437,0.1656,0][-0.25149,0.895388,-0.515505][0.5102,0.0939001,0.8549][0.5554,0.1669,0][-0.244356,0.754213,-0.459507][0.326,0.0752001,0.9424][0.5549,0.1899,0][-0.244356,0.754213,-0.459507][0.326,0.0752001,0.9424][0.5549,0.1899,0][-0.0890897,0.75288,-0.492621][0.1075,0.0676001,0.9919][0.5429,0.1891,0][-0.115899,0.909786,-0.500002][0.1208,0.0751001,0.9898][0.5437,0.1656,0][-0.709075,1.11434,-0.190526][-0.9319,0.1615,-0.3247][0.3097,0.0076,0][-0.737951,1.26782,-0.189662][-0.947,0.1773,-0.268][0.3174,0.0327,0][-0.620093,1.19482,-0.457954][-0.7465,0.1204,-0.6545][0.2738,0.0391,0][-0.620093,1.19482,-0.457954][-0.7465,0.1204,-0.6545][0.2738,0.0391,0][-0.584984,0.979236,-0.430247][-0.6668,0.1197,-0.7356][0.259,0.0079,0][-0.709075,1.11434,-0.190526][-0.9319,0.1615,-0.3247][0.3097,0.0076,0][-0.731637,1.1753,0.129246][-0.9431,0.2882,0.1657][0.3655,0.0073,0][-0.579669,1.10902,0.515295][-0.6146,0.3199,0.7211][0.4336,0.0065,0][-0.566742,1.29673,0.60621][-0.6042,0.3183,0.7305][0.4275,0.0399,0][-0.566742,1.29673,0.60621][-0.6042,0.3183,0.7305][0.4275,0.0399,0][-0.760259,1.30649,0.147149][-0.939,0.2918,0.1821][0.3673,0.0296,0][-0.731637,1.1753,0.129246][-0.9431,0.2882,0.1657][0.3655,0.0073,0][-0.731637,1.1753,0.129246][-0.9431,0.2882,0.1657][0.3655,0.0073,0][-0.760259,1.30649,0.147149][-0.939,0.2918,0.1821][0.3673,0.0296,0][-0.737951,1.26782,-0.189662][-0.947,0.1773,-0.268][0.3174,0.0327,0][-0.737951,1.26782,-0.189662][-0.947,0.1773,-0.268][0.3174,0.0327,0][-0.709075,1.11434,-0.190526][-0.9319,0.1615,-0.3247][0.3097,0.0076,0][-0.731637,1.1753,0.129246][-0.9431,0.2882,0.1657][0.3655,0.0073,0][-0.311366,1.08998,0.595346][-0.2611,0.2235,0.9391][0.4738,0.0086,0][0,1.07095,0.64584][0,0.1756,0.9845][0.5163,0.0095,0][-1.59995e-007,1.44978,0.752809][0,0.1756,0.9845][0.5126,0.0739,0][-1.59995e-007,1.44978,0.752809][0,0.1756,0.9845][0.5126,0.0739,0][-0.303289,1.45553,0.696211][-0.2389,0.2124,0.9475][0.4682,0.0683,0][-0.311366,1.08998,0.595346][-0.2611,0.2235,0.9391][0.4738,0.0086,0][-0.311366,1.08998,0.595346][-0.2611,0.2235,0.9391][0.4738,0.0086,0][-0.303289,1.45553,0.696211][-0.2389,0.2124,0.9475][0.4682,0.0683,0][-0.566742,1.29673,0.60621][-0.6042,0.3183,0.7305][0.4275,0.0399,0][-0.566742,1.29673,0.60621][-0.6042,0.3183,0.7305][0.4275,0.0399,0][-0.579669,1.10902,0.515295][-0.6146,0.3199,0.7211][0.4336,0.0065,0][-0.311366,1.08998,0.595346][-0.2611,0.2235,0.9391][0.4738,0.0086,0][-0.63743,0.957975,-0.0965361][0.9446,-0.1945,0.2643][0.6127,0.19,0][-0.527549,0.829437,-0.372107][0.6796,-0.0436999,0.7322][0.5915,0.1914,0][-0.490964,1.19959,-0.436767][0.7195,-0.0571999,0.6921][0.5928,0.1641,0][-0.490964,1.19959,-0.436767][0.7195,-0.0571999,0.6921][0.5928,0.1641,0][-0.606637,1.26088,-0.188009][0.9391,-0.185,0.2897][0.6112,0.1643,0][-0.63743,0.957975,-0.0965361][0.9446,-0.1945,0.2643][0.6127,0.19,0][-0.624461,1.29109,0.121831][0.9383,-0.2631,-0.2246][0.6348,0.1644,0][-0.440209,1.28198,0.532026][0.5495,-0.1692,-0.8182][0.6591,0.1649,0][-0.50759,0.912689,0.401617][0.6374,-0.1953,-0.7454][0.6581,0.1917,0][-0.50759,0.912689,0.401617][0.6374,-0.1953,-0.7454][0.6581,0.1917,0][-0.666446,0.965026,0.106196][0.9413,-0.2631,-0.2114][0.634,0.1904,0][-0.624461,1.29109,0.121831][0.9383,-0.2631,-0.2246][0.6348,0.1644,0][-0.63743,0.957975,-0.0965361][0.9446,-0.1945,0.2643][0.6127,0.19,0][-0.606637,1.26088,-0.188009][0.9391,-0.185,0.2897][0.6112,0.1643,0][-0.624461,1.29109,0.121831][0.9383,-0.2631,-0.2246][0.6348,0.1644,0][-0.624461,1.29109,0.121831][0.9383,-0.2631,-0.2246][0.6348,0.1644,0][-0.666446,0.965026,0.106196][0.9413,-0.2631,-0.2114][0.634,0.1904,0][-0.63743,0.957975,-0.0965361][0.9446,-0.1945,0.2643][0.6127,0.19,0][-0.0890897,0.75288,-0.492621][0.1075,0.0676001,0.9919][0.5429,0.1891,0][0,0.751906,-0.500207][0,0.0353001,0.9994][0.5336,0.1891,0][0,0.912555,-0.502719][0,0.0353001,0.9994][0.5333,0.1658,0][0,0.912555,-0.502719][0,0.0353001,0.9994][0.5333,0.1658,0][-0.115899,0.909786,-0.500002][0.1208,0.0751001,0.9898][0.5437,0.1656,0][-0.0890897,0.75288,-0.492621][0.1075,0.0676001,0.9919][0.5429,0.1891,0][-0.584984,0.979236,-0.430247][-0.6668,0.1197,-0.7356][0.259,0.0079,0][-0.620093,1.19482,-0.457954][-0.7465,0.1204,-0.6545][0.2738,0.0391,0][-0.404681,1.13158,-0.575811][-0.4534,0.136,-0.8808][0.2376,0.048,0][-0.404681,1.13158,-0.575811][-0.4534,0.136,-0.8808][0.2376,0.048,0][-0.380788,0.832312,-0.594635][-0.283,0.186,-0.9409][0.2122,0.007,0][-0.584984,0.979236,-0.430247][-0.6668,0.1197,-0.7356][0.259,0.0079,0][-0.527549,0.829437,-0.372107][0.6796,-0.0436999,0.7322][0.5915,0.1914,0][-0.244356,0.754213,-0.459507][0.326,0.0752001,0.9424][0.5549,0.1899,0][-0.339349,1.1446,-0.519568][0.4564,0.0315001,0.8892][0.5753,0.1628,0][-0.339349,1.1446,-0.519568][0.4564,0.0315001,0.8892][0.5753,0.1628,0][-0.490964,1.19959,-0.436767][0.7195,-0.0571999,0.6921][0.5928,0.1641,0][-0.527549,0.829437,-0.372107][0.6796,-0.0436999,0.7322][0.5915,0.1914,0][-0.199832,1.44029,0.614413][0.2479,-0.0664001,-0.9665][0.6792,0.1615,0][-1.59995e-007,1.43481,0.663457][0,-0.0481001,-0.9988][0.6935,0.1624,0][0,0.957813,0.51779][0,-0.0481001,-0.9988][0.6942,0.1925,0][0,0.957813,0.51779][0,-0.0481001,-0.9988][0.6942,0.1925,0][-0.238419,0.935251,0.47451][0.2721,-0.0778001,-0.9591][0.6774,0.1919,0][-0.199832,1.44029,0.614413][0.2479,-0.0664001,-0.9665][0.6792,0.1615,0][-0.199832,1.44029,0.614413][-0.0712,0.9432,-0.3244][0.4717,0.0859,0][-0.303289,1.45553,0.696211][-0.2018,0.8505,-0.4857][0.4682,0.0683,0][-1.59995e-007,1.44978,0.752809][0,0.9878,-0.1555][0.5126,0.0739,0][-1.59995e-007,1.44978,0.752809][0,0.9878,-0.1555][0.5126,0.0739,0][-1.59995e-007,1.43481,0.663457][0,0.9878,-0.1555][0.5068,0.0897,0][-0.199832,1.44029,0.614413][-0.0712,0.9432,-0.3244][0.4717,0.0859,0][-0.104314,-0.198965,0.643965][0.0005,-0.8188,0.5741][0.9805,0.0619,0][-0.332164,-0.198298,0.645144][-0.0211,-0.8278,0.5606][0.9527,0.063,0][-0.330729,-0.265961,0.54775][-0.0212,-0.8278,0.5606][0.9522,0.0484,0][-0.330729,-0.265961,0.54775][-0.0212,-0.8278,0.5606][0.9522,0.0484,0][-0.10211,-0.26632,0.548263][0.0006,-0.8188,0.5741][0.9808,0.0468,0][-0.104314,-0.198965,0.643965][0.0005,-0.8188,0.5741][0.9805,0.0619,0][-0.330729,-0.265961,0.54775][-0.0212,-0.8278,0.5606][0.9522,0.0484,0][-0.332164,-0.198298,0.645144][-0.0211,-0.8278,0.5606][0.9527,0.063,0][-0.615324,-0.198145,0.629715][-0.5715,-0.541,0.617][0.9194,0.0634,0][-0.615324,-0.198145,0.629715][-0.5715,-0.541,0.617][0.9194,0.0634,0][-0.663252,-0.257452,0.529912][-0.6113,-0.5023,0.6116][0.9103,0.0526,0][-0.330729,-0.265961,0.54775][-0.0212,-0.8278,0.5606][0.9522,0.0484,0][-0.10211,-0.26632,0.548263][0.0006,-0.8188,0.5741][0.9808,0.0468,0][0,-0.266628,0.54734][0,-0.818,0.5752][0.9936,0.0459,0][0,-0.199734,0.642581][0,-0.818,0.5752][0.9934,0.0612,0][0,-0.199734,0.642581][0,-0.818,0.5752][0.9934,0.0612,0][-0.104314,-0.198965,0.643965][0.0005,-0.8188,0.5741][0.9805,0.0619,0][-0.10211,-0.26632,0.548263][0.0006,-0.8188,0.5741][0.9808,0.0468,0][-0.336572,-0.629189,0.531962][0.0273,0.999,-0.0351001][0.8136,0.0196,0][-0.354103,-0.62555,0.633252][0.0271,0.999,-0.0358001][0.8136,0.006,0][-0.105031,-0.633597,0.641453][0.031,0.9993,-0.0194001][0.8357,0.006,0][-0.105031,-0.633597,0.641453][0.031,0.9993,-0.0194001][0.8357,0.006,0][-0.0953946,-0.636058,0.521659][0.0311,0.9993,-0.0189001][0.8357,0.0196,0][-0.336572,-0.629189,0.531962][0.0273,0.999,-0.0351001][0.8136,0.0196,0][-0.59769,-0.628215,0.450254][0.0321,0.9976,-0.0615001][0.7803,0.0196,0][-0.766489,-0.630009,0.364035][0.0371,0.9974,-0.0620001][0.7518,0.0196,0][-0.840816,-0.620526,0.430262][0.0372,0.9973,-0.0631001][0.7518,0.006,0][-0.840816,-0.620526,0.430262][0.0372,0.9973,-0.0631001][0.7518,0.006,0][-0.607532,-0.620116,0.585221][0.0293,0.998,-0.0563001][0.7803,0.006,0][-0.59769,-0.628215,0.450254][0.0321,0.9976,-0.0615001][0.7803,0.0196,0][-0.766489,-0.630009,0.364035][0.0371,0.9974,-0.0620001][0.7518,0.0196,0][-0.800013,-0.63857,0.122037][0.0202,0.9975,-0.0684001][0.7184,0.0196,0][-0.927855,-0.634571,0.167812][0.0252,0.9976,-0.0639001][0.7184,0.006,0][-0.927855,-0.634571,0.167812][0.0252,0.9976,-0.0639001][0.7184,0.006,0][-0.840816,-0.620526,0.430262][0.0372,0.9973,-0.0631001][0.7518,0.006,0][-0.766489,-0.630009,0.364035][0.0371,0.9974,-0.0620001][0.7518,0.0196,0][-0.742089,-0.684242,-0.34858][0.0056,0.9936,-0.1131][0.651,0.006,0][-0.894075,-0.657331,-0.125343][0.0096,0.9959,-0.0896001][0.6844,0.006,0][-0.795553,-0.659586,-0.134621][0.0107,0.995,-0.0989001][0.6844,0.0196,0][-0.795553,-0.659586,-0.134621][0.0107,0.995,-0.0989001][0.6844,0.0196,0][-0.65341,-0.681269,-0.312493][0.0028,0.9935,-0.1139][0.651,0.0196,0][-0.742089,-0.684242,-0.34858][0.0056,0.9936,-0.1131][0.651,0.006,0][-0.359639,-0.720739,-0.627331][0.0208,0.9911,-0.1312][0.5844,0.006,0][-0.539049,-0.710795,-0.570228][0.0051,0.9921,-0.1254][0.6164,0.006,0][-0.495581,-0.704643,-0.532398][0.0088,0.9915,-0.1295][0.6164,0.0196,0][-0.495581,-0.704643,-0.532398][0.0088,0.9915,-0.1295][0.6164,0.0196,0][-0.306021,-0.718586,-0.593551][0.0239,0.9932,-0.1143][0.5844,0.0196,0][-0.359639,-0.720739,-0.627331][0.0208,0.9911,-0.1312][0.5844,0.006,0][-0.65341,-0.681269,-0.312493][0.0028,0.9935,-0.1139][0.651,0.0196,0][-0.495581,-0.704643,-0.532398][0.0088,0.9915,-0.1295][0.6164,0.0196,0][-0.539049,-0.710795,-0.570228][0.0051,0.9921,-0.1254][0.6164,0.006,0][-0.539049,-0.710795,-0.570228][0.0051,0.9921,-0.1254][0.6164,0.006,0][-0.742089,-0.684242,-0.34858][0.0056,0.9936,-0.1131][0.651,0.006,0][-0.65341,-0.681269,-0.312493][0.0028,0.9935,-0.1139][0.651,0.0196,0][-0.800013,-0.63857,0.122037][0.0202,0.9975,-0.0684001][0.7184,0.0196,0][-0.795553,-0.659586,-0.134621][0.0107,0.995,-0.0989001][0.6844,0.0196,0][-0.894075,-0.657331,-0.125343][0.0096,0.9959,-0.0896001][0.6844,0.006,0][-0.894075,-0.657331,-0.125343][0.0096,0.9959,-0.0896001][0.6844,0.006,0][-0.927855,-0.634571,0.167812][0.0252,0.9976,-0.0639001][0.7184,0.006,0][-0.800013,-0.63857,0.122037][0.0202,0.9975,-0.0684001][0.7184,0.0196,0][-0.169773,-0.730171,-0.670441][0.0234,0.9938,-0.1091][0.5628,0.006,0][-0.160648,-0.726788,-0.635892][0.0234,0.9938,-0.1092][0.5628,0.0196,0][0,-0.735194,-0.683051][0,0.9934,-0.1143][0.5402,0.0196,0][0,-0.735194,-0.683051][0,0.9934,-0.1143][0.5402,0.0196,0][0,-0.738475,-0.708066][0,0.9934,-0.1143][0.5402,0.006,0][-0.169773,-0.730171,-0.670441][0.0234,0.9938,-0.1091][0.5628,0.006,0][-0.336572,-0.629189,0.531962][0.0273,0.999,-0.0351001][0.8136,0.0196,0][-0.59769,-0.628215,0.450254][0.0321,0.9976,-0.0615001][0.7803,0.0196,0][-0.607532,-0.620116,0.585221][0.0293,0.998,-0.0563001][0.7803,0.006,0][-0.607532,-0.620116,0.585221][0.0293,0.998,-0.0563001][0.7803,0.006,0][-0.354103,-0.62555,0.633252][0.0271,0.999,-0.0358001][0.8136,0.006,0][-0.336572,-0.629189,0.531962][0.0273,0.999,-0.0351001][0.8136,0.0196,0][-0.306021,-0.718586,-0.593551][0.0239,0.9932,-0.1143][0.5844,0.0196,0][-0.160648,-0.726788,-0.635892][0.0234,0.9938,-0.1092][0.5628,0.0196,0][-0.169773,-0.730171,-0.670441][0.0234,0.9938,-0.1091][0.5628,0.006,0][-0.169773,-0.730171,-0.670441][0.0234,0.9938,-0.1091][0.5628,0.006,0][-0.359639,-0.720739,-0.627331][0.0208,0.9911,-0.1312][0.5844,0.006,0][-0.306021,-0.718586,-0.593551][0.0239,0.9932,-0.1143][0.5844,0.0196,0][-0.800013,-0.63857,0.122037][-0.9983,-0.00929999,0.0574][0.6922,0.0288,0][-0.800936,-0.560706,0.120653][-0.9983,-0.00939999,0.0581][0.6924,0.0393,0][-0.795758,-0.562038,-0.135698][-0.94,-0.0127,-0.3411][0.6595,0.0392,0][-0.795758,-0.562038,-0.135698][-0.94,-0.0127,-0.3411][0.6595,0.0392,0][-0.795553,-0.659586,-0.134621][-0.9356,-0.0129,-0.3527][0.6592,0.0267,0][-0.800013,-0.63857,0.122037][-0.9983,-0.00929999,0.0574][0.6922,0.0288,0][-0.160648,-0.726788,-0.635892][-0.2797,0.0213999,-0.9599][0.5479,0.0265,0][-0.160802,-0.663482,-0.634251][-0.2795,0.0213999,-0.9599][0.5484,0.0347,0][0,-0.669582,-0.681821][0,0.0218999,-0.9998][0.5265,0.035,0][0,-0.669582,-0.681821][0,0.0218999,-0.9998][0.5265,0.035,0][0,-0.735194,-0.683051][0,0.0218999,-0.9998][0.5263,0.0265,0][-0.160648,-0.726788,-0.635892][-0.2797,0.0213999,-0.9599][0.5479,0.0265,0][-0.59769,-0.628215,0.450254][-0.3776,-0.00109989,0.926][0.7475,0.0293,0][-0.336572,-0.629189,0.531962][-0.1265,0.00180012,0.992][0.7827,0.0283,0][-0.337854,-0.552812,0.531654][-0.131,0.00180012,0.9914][0.7824,0.0382,0][-0.337854,-0.552812,0.531654][-0.131,0.00180012,0.9914][0.7824,0.0382,0][-0.598869,-0.558399,0.449844][-0.3779,-0.00109989,0.9259][0.7471,0.0385,0][-0.59769,-0.628215,0.450254][-0.3776,-0.00109989,0.926][0.7475,0.0293,0][-0.160802,-0.663482,-0.634251][-0.2795,0.0213999,-0.9599][0.5484,0.0347,0][-0.160648,-0.726788,-0.635892][-0.2797,0.0213999,-0.9599][0.5479,0.0265,0][-0.306021,-0.718586,-0.593551][-0.2829,-0.0155001,-0.959][0.5676,0.0264,0][-0.306021,-0.718586,-0.593551][-0.2829,-0.0155001,-0.959][0.5676,0.0264,0][-0.304381,-0.656459,-0.592782][-0.2838,-0.0222001,-0.9586][0.5684,0.0349,0][-0.160802,-0.663482,-0.634251][-0.2795,0.0213999,-0.9599][0.5484,0.0347,0][-0.336572,-0.629189,0.531962][-0.1265,0.00180012,0.992][0.7827,0.0283,0][-0.0953946,-0.636058,0.521659][0.041,0.00330012,0.9992][0.8142,0.0278,0][-0.0965736,-0.553427,0.521454][0.0411,0.00330012,0.9992][0.8137,0.0386,0][-0.0965736,-0.553427,0.521454][0.0411,0.00330012,0.9992][0.8137,0.0386,0][-0.337854,-0.552812,0.531654][-0.131,0.00180012,0.9914][0.7824,0.0382,0][-0.336572,-0.629189,0.531962][-0.1265,0.00180012,0.992][0.7827,0.0283,0][-0.598869,-0.558399,0.449844][-0.3779,-0.00109989,0.9259][0.7471,0.0385,0][-0.767565,-0.56455,0.363573][-0.8161,-0.00789993,0.5778][0.7234,0.0376,0][-0.766489,-0.630009,0.364035][-0.8168,-0.00789993,0.5769][0.7234,0.0293,0][-0.766489,-0.630009,0.364035][-0.8168,-0.00789993,0.5769][0.7234,0.0293,0][-0.59769,-0.628215,0.450254][-0.3776,-0.00109989,0.926][0.7475,0.0293,0][-0.598869,-0.558399,0.449844][-0.3779,-0.00109989,0.9259][0.7471,0.0385,0][-0.767565,-0.56455,0.363573][-0.8161,-0.00789993,0.5778][0.7234,0.0376,0][-0.800936,-0.560706,0.120653][-0.9983,-0.00939999,0.0581][0.6924,0.0393,0][-0.800013,-0.63857,0.122037][-0.9983,-0.00929999,0.0574][0.6922,0.0288,0][-0.800013,-0.63857,0.122037][-0.9983,-0.00929999,0.0574][0.6922,0.0288,0][-0.766489,-0.630009,0.364035][-0.8168,-0.00789993,0.5769][0.7234,0.0293,0][-0.767565,-0.56455,0.363573][-0.8161,-0.00789993,0.5778][0.7234,0.0376,0][-0.65341,-0.681269,-0.312493][-0.7895,0.00669993,-0.6137][0.6296,0.025,0][-0.795553,-0.659586,-0.134621][-0.9356,-0.0129,-0.3527][0.6592,0.0267,0][-0.795758,-0.562038,-0.135698][-0.94,-0.0127,-0.3411][0.6595,0.0392,0][-0.795758,-0.562038,-0.135698][-0.94,-0.0127,-0.3411][0.6595,0.0392,0][-0.638237,-0.554708,-0.336585][-0.7907,0.0126999,-0.6121][0.6268,0.0421,0][-0.65341,-0.681269,-0.312493][-0.7895,0.00669993,-0.6137][0.6296,0.025,0][-0.495581,-0.704643,-0.532398][-0.5995,-0.0051001,-0.8003][0.5938,0.0239,0][-0.462877,-0.559066,-0.555414][-0.5745,-0.0096001,-0.8185][0.5913,0.0424,0][-0.304381,-0.656459,-0.592782][-0.2838,-0.0222001,-0.9586][0.5684,0.0349,0][-0.304381,-0.656459,-0.592782][-0.2838,-0.0222001,-0.9586][0.5684,0.0349,0][-0.306021,-0.718586,-0.593551][-0.2829,-0.0155001,-0.959][0.5676,0.0264,0][-0.495581,-0.704643,-0.532398][-0.5995,-0.0051001,-0.8003][0.5938,0.0239,0][-0.495581,-0.704643,-0.532398][-0.5995,-0.0051001,-0.8003][0.5938,0.0239,0][-0.65341,-0.681269,-0.312493][-0.7895,0.00669993,-0.6137][0.6296,0.025,0][-0.638237,-0.554708,-0.336585][-0.7907,0.0126999,-0.6121][0.6268,0.0421,0][-0.638237,-0.554708,-0.336585][-0.7907,0.0126999,-0.6121][0.6268,0.0421,0][-0.462877,-0.559066,-0.555414][-0.5745,-0.0096001,-0.8185][0.5913,0.0424,0][-0.495581,-0.704643,-0.532398][-0.5995,-0.0051001,-0.8003][0.5938,0.0239,0][-0.162596,-0.571624,-0.633688][-0.2806,0.000299886,-0.9598][0.5487,0.0589,0][-0.162853,-0.520723,-0.633585][-0.2804,0.000299886,-0.9599][0.549,0.0656,0][0,-0.526823,-0.681821][0,0.000299881,-1][0.5268,0.0648,0][0,-0.526823,-0.681821][0,0.000299881,-1][0.5268,0.0648,0][0,-0.577724,-0.681821][0,0.000299881,-1][0.5267,0.0581,0][-0.162596,-0.571624,-0.633688][-0.2806,0.000299886,-0.9598][0.5487,0.0589,0][-0.462877,-0.467208,-0.555414][-0.4893,0,-0.8721][0.5911,0.0673,0][-0.462877,-0.416358,-0.555414][-0.5942,0,-0.8043][0.5918,0.0737,0][-0.304381,-0.513752,-0.592782][-0.2495,9.98845e-005,-0.9684][0.5687,0.0654,0][-0.304381,-0.513752,-0.592782][-0.2495,9.98845e-005,-0.9684][0.5687,0.0654,0][-0.304381,-0.564601,-0.592782][-0.2586,0.000199885,-0.966][0.5681,0.059,0][-0.462877,-0.467208,-0.555414][-0.4893,0,-0.8721][0.5911,0.0673,0][-0.800936,-0.417947,0.120653][-0.9983,0,0.0579][0.6929,0.0697,0][-0.795758,-0.41928,-0.135698][-0.9411,0,-0.3383][0.6602,0.0701,0][-0.795758,-0.470181,-0.135698][-0.9427,0,-0.3336][0.6602,0.0638,0][-0.795758,-0.470181,-0.135698][-0.9427,0,-0.3336][0.6602,0.0638,0][-0.800936,-0.468797,0.120653][-0.9983,0,0.0584][0.6929,0.0628,0][-0.800936,-0.417947,0.120653][-0.9983,0,0.0579][0.6929,0.0697,0][-0.800936,-0.468797,0.120653][-0.9983,0,0.0584][0.6929,0.0628,0][-0.767565,-0.472693,0.363573][-0.8171,0,0.5766][0.7238,0.0624,0][-0.767565,-0.421792,0.363573][-0.8139,0,0.5811][0.7239,0.0687,0][-0.767565,-0.421792,0.363573][-0.8139,0,0.5811][0.7239,0.0687,0][-0.800936,-0.417947,0.120653][-0.9983,0,0.0579][0.6929,0.0697,0][-0.800936,-0.468797,0.120653][-0.9983,0,0.0584][0.6929,0.0628,0][-0.598869,-0.466542,0.449844][-0.3799,0,0.925][0.7473,0.0619,0][-0.598869,-0.41564,0.449844][-0.3772,0,0.9261][0.7477,0.0687,0][-0.767565,-0.421792,0.363573][-0.8139,0,0.5811][0.7239,0.0687,0][-0.767565,-0.421792,0.363573][-0.8139,0,0.5811][0.7239,0.0687,0][-0.767565,-0.472693,0.363573][-0.8171,0,0.5766][0.7238,0.0624,0][-0.598869,-0.466542,0.449844][-0.3799,0,0.925][0.7473,0.0619,0][-0.0965736,-0.410668,0.521454][0.0407,0,0.9992][0.8139,0.0695,0][-0.0965736,-0.461569,0.521454][0.0407,0,0.9992][0.8137,0.0627,0][0,-0.461723,0.517661][0,1.19209e-007,1][0.8264,0.0627,0][0,-0.461723,0.517661][0,1.19209e-007,1][0.8264,0.0627,0][0,-0.410822,0.517661][0,1.19209e-007,1][0.8265,0.0693,0][-0.0965736,-0.410668,0.521454][0.0407,0,0.9992][0.8139,0.0695,0][-0.462877,-0.416358,-0.555414][-0.5942,0,-0.8043][0.5918,0.0737,0][-0.462877,-0.467208,-0.555414][-0.4893,0,-0.8721][0.5911,0.0673,0][-0.638237,-0.462851,-0.336585][-0.7837,0,-0.6212][0.6274,0.0646,0][-0.638237,-0.462851,-0.336585][-0.7837,0,-0.6212][0.6274,0.0646,0][-0.638237,-0.41195,-0.336585][-0.7836,0,-0.6212][0.6277,0.0716,0][-0.462877,-0.416358,-0.555414][-0.5942,0,-0.8043][0.5918,0.0737,0][-0.598869,-0.41564,0.449844][-0.3772,0,0.9261][0.7477,0.0687,0][-0.598869,-0.466542,0.449844][-0.3799,0,0.925][0.7473,0.0619,0][-0.337854,-0.460954,0.531654][-0.1313,0,0.9913][0.7825,0.063,0][-0.337854,-0.460954,0.531654][-0.1313,0,0.9913][0.7825,0.063,0][-0.337854,-0.410053,0.531654][-0.1294,0,0.9916][0.7827,0.0697,0][-0.598869,-0.41564,0.449844][-0.3772,0,0.9261][0.7477,0.0687,0][-0.304381,-0.564601,-0.592782][-0.2586,0.000199885,-0.966][0.5681,0.059,0][-0.304381,-0.513752,-0.592782][-0.2495,9.98845e-005,-0.9684][0.5687,0.0654,0][-0.162853,-0.520723,-0.633585][-0.2804,0.000299886,-0.9599][0.549,0.0656,0][-0.162853,-0.520723,-0.633585][-0.2804,0.000299886,-0.9599][0.549,0.0656,0][-0.162596,-0.571624,-0.633688][-0.2806,0.000299886,-0.9598][0.5487,0.0589,0][-0.304381,-0.564601,-0.592782][-0.2586,0.000199885,-0.966][0.5681,0.059,0][-0.337854,-0.410053,0.531654][-0.1294,0,0.9916][0.7827,0.0697,0][-0.337854,-0.460954,0.531654][-0.1313,0,0.9913][0.7825,0.063,0][-0.0965736,-0.461569,0.521454][0.0407,0,0.9992][0.8137,0.0627,0][-0.0965736,-0.461569,0.521454][0.0407,0,0.9992][0.8137,0.0627,0][-0.0965736,-0.410668,0.521454][0.0407,0,0.9992][0.8139,0.0695,0][-0.337854,-0.410053,0.531654][-0.1294,0,0.9916][0.7827,0.0697,0][-0.795758,-0.41928,-0.135698][-0.9411,0,-0.3383][0.6602,0.0701,0][-0.638237,-0.41195,-0.336585][-0.7836,0,-0.6212][0.6277,0.0716,0][-0.638237,-0.462851,-0.336585][-0.7837,0,-0.6212][0.6274,0.0646,0][-0.638237,-0.462851,-0.336585][-0.7837,0,-0.6212][0.6274,0.0646,0][-0.795758,-0.470181,-0.135698][-0.9427,0,-0.3336][0.6602,0.0638,0][-0.795758,-0.41928,-0.135698][-0.9411,0,-0.3383][0.6602,0.0701,0][-0.104314,-0.198965,0.643965][0.0101,0.2089,0.9779][0.9805,0.0619,0][0,-0.199734,0.642581][0,0.2097,0.9778][0.9934,0.0612,0][0,0.0411363,0.59127][0,0.2097,0.9778][0.9929,0.0927,0][0,0.0411363,0.59127][0,0.2097,0.9778][0.9929,0.0927,0][-0.121178,0.0419567,0.592141][0.0099,0.2088,0.9779][0.978,0.0929,0][-0.104314,-0.198965,0.643965][0.0101,0.2089,0.9779][0.9805,0.0619,0][-0.350925,0.0455961,0.59414][-0.0174,0.1974,0.9802][0.9492,0.0938,0][-0.635212,0.0434942,0.586297][-0.0409,0.1876,0.9814][0.9124,0.0929,0][-0.615324,-0.198145,0.629715][-0.0409,0.1876,0.9814][0.9194,0.0634,0][-0.615324,-0.198145,0.629715][-0.0409,0.1876,0.9814][0.9194,0.0634,0][-0.332164,-0.198298,0.645144][-0.0148,0.1984,0.98][0.9527,0.063,0][-0.350925,0.0455961,0.59414][-0.0174,0.1974,0.9802][0.9492,0.0938,0][-0.332164,-0.198298,0.645144][-0.0148,0.1984,0.98][0.9527,0.063,0][-0.104314,-0.198965,0.643965][0.0101,0.2089,0.9779][0.9805,0.0619,0][-0.121178,0.0419567,0.592141][0.0099,0.2088,0.9779][0.978,0.0929,0][-0.121178,0.0419567,0.592141][0.0099,0.2088,0.9779][0.978,0.0929,0][-0.350925,0.0455961,0.59414][-0.0174,0.1974,0.9802][0.9492,0.0938,0][-0.332164,-0.198298,0.645144][-0.0148,0.1984,0.98][0.9527,0.063,0][-0.615324,-0.198145,0.629715][-0.5715,-0.541,0.617][0.9194,0.0634,0][-0.635212,0.0434942,0.586297][-0.8305,-0.3223,0.4544][0.9124,0.0929,0][-0.68314,0.0445707,0.486546][-0.5334,-0.4505,0.716][0.8992,0.0883,0][-0.68314,0.0445707,0.486546][-0.5334,-0.4505,0.716][0.8992,0.0883,0][-0.663252,-0.257452,0.529912][-0.6113,-0.5023,0.6116][0.9103,0.0526,0][-0.615324,-0.198145,0.629715][-0.5715,-0.541,0.617][0.9194,0.0634,0][-1.05026,0.0168393,0.425188][-0.3426,-0.8262,0.4473][0.8539,0.0856,0][-1.04837,-0.02422,0.125984][-0.3957,-0.9177,0.0344001][0.8317,0.0588,0][-0.953178,-0.0626135,0.122806][-0.3958,-0.9178,0.0326001][0.8402,0.0513,0][-0.953178,-0.0626135,0.122806][-0.3958,-0.9178,0.0326001][0.8402,0.0513,0][-0.938056,-0.0307298,0.452714][-0.3395,-0.8201,0.4607][0.8685,0.0811,0][-1.05026,0.0168393,0.425188][-0.3426,-0.8262,0.4473][0.8539,0.0856,0][-0.953178,-0.0626135,0.122806][-0.3958,-0.9178,0.0326001][0.8117,0.4977,0][-1.04837,-0.02422,0.125984][-0.3957,-0.9177,0.0344001][0.8037,0.488,0][-1.05257,-0.00135803,-0.212793][-0.3971,-0.9164,-0.0495999][0.8368,0.4647,0][-1.05257,-0.00135803,-0.212793][-0.3971,-0.9164,-0.0495999][0.8368,0.4647,0][-0.969939,-0.0370347,-0.264822][-0.3971,-0.9164,-0.0495999][0.849,0.4687,0][-0.953178,-0.0626135,0.122806][-0.3958,-0.9178,0.0326001][0.8117,0.4977,0][-0.568216,0.117514,-0.636507][-0.3616,-0.5496,-0.7531][0.9229,0.4486,0][-0.374402,0.135762,-0.703042][-0.2599,-0.5181,-0.8148][0.9479,0.4475,0][-0.35031,-0.00422859,-0.623538][-0.2606,-0.5214,-0.8126][0.9474,0.4678,0][-0.35031,-0.00422859,-0.623538][-0.2606,-0.5214,-0.8126][0.9474,0.4678,0][-0.529156,-0.00540757,-0.54752][-0.3747,-0.547,-0.7486][0.9226,0.4676,0][-0.568216,0.117514,-0.636507][-0.3616,-0.5496,-0.7531][0.9229,0.4486,0][-0.162084,-0.00489497,-0.687101][-0.1958,-0.4092,-0.8912][0.9724,0.4681,0][-0.35031,-0.00422859,-0.623538][-0.2606,-0.5214,-0.8126][0.9474,0.4678,0][-0.374402,0.135762,-0.703042][-0.2599,-0.5181,-0.8148][0.9479,0.4475,0][-0.374402,0.135762,-0.703042][-0.2599,-0.5181,-0.8148][0.9479,0.4475,0][-0.167415,0.15032,-0.764811][-0.1873,-0.3989,-0.8977][0.9739,0.4462,0][-0.162084,-0.00489497,-0.687101][-0.1958,-0.4092,-0.8912][0.9724,0.4681,0][-0.74414,0.0886543,-0.473706][-0.4725,-0.5235,-0.709][0.894,0.4543,0][-0.568216,0.117514,-0.636507][-0.3616,-0.5496,-0.7531][0.9229,0.4486,0][-0.529156,-0.00540757,-0.54752][-0.3747,-0.547,-0.7486][0.9226,0.4676,0][-0.529156,-0.00540757,-0.54752][-0.3747,-0.547,-0.7486][0.9226,0.4676,0][-0.720253,-0.00653529,-0.443616][-0.4725,-0.5235,-0.709][0.8944,0.4677,0][-0.74414,0.0886543,-0.473706][-0.4725,-0.5235,-0.709][0.894,0.4543,0][-0.836869,0.335214,-0.531629][-0.3981,0.00719989,-0.9173][0.8877,0.4214,0][-0.568216,0.117514,-0.636507][-0.4115,-0.0614001,-0.9093][0.9229,0.4486,0][-0.74414,0.0886543,-0.473706][-0.5908,-0.3883,-0.7072][0.894,0.4543,0][0,-0.00479221,-0.733439][0,-0.333,-0.9429][0.9934,0.4677,0][-0.162084,-0.00489497,-0.687101][-0.1958,-0.4092,-0.8912][0.9724,0.4681,0][-0.167415,0.15032,-0.764811][-0.1873,-0.3989,-0.8977][0.9739,0.4462,0][-0.167415,0.15032,-0.764811][-0.1873,-0.3989,-0.8977][0.9739,0.4462,0][0,0.167082,-0.7705][0,-0.333,-0.9429][0.9939,0.4449,0][0,-0.00479221,-0.733439][0,-0.333,-0.9429][0.9934,0.4677,0][-0.268737,0.890344,-0.598486][-0.0109,0.9994,-0.0322001][0.2014,0.0248,0][-0.25149,0.895388,-0.515505][-0.0109,0.9994,-0.0322001][0.1998,0.0353,0][-0.115899,0.909786,-0.500002][-0.0033,0.9992,-0.0398001][0.1792,0.0393,0][-0.115899,0.909786,-0.500002][-0.0033,0.9992,-0.0398001][0.1792,0.0393,0][-0.123844,0.90871,-0.594782][-0.003,0.9992,-0.0402001][0.1759,0.024,0][-0.268737,0.890344,-0.598486][-0.0109,0.9994,-0.0322001][0.2014,0.0248,0][-0.48133,-0.371044,-0.594833][-0.4305,0.0728999,-0.8996][0.9312,0.513,0][-0.529156,-0.00540757,-0.54752][-0.4377,0.0715999,-0.8963][0.9226,0.4676,0][-0.35031,-0.00422859,-0.623538][-0.367,0.0861999,-0.9262][0.9474,0.4678,0][-0.35031,-0.00422859,-0.623538][-0.367,0.0861999,-0.9262][0.9474,0.4678,0][-0.312378,-0.456084,-0.683922][-0.3504,0.0896999,-0.9323][0.9547,0.5234,0][-0.48133,-0.371044,-0.594833][-0.4305,0.0728999,-0.8996][0.9312,0.513,0][-0.696724,-0.374017,-0.489135][-0.4578,0.0676999,-0.8865][0.903,0.5115,0][-0.720253,-0.00653529,-0.443616][-0.4578,0.0676999,-0.8865][0.8944,0.4677,0][-0.529156,-0.00540757,-0.54752][-0.4377,0.0715999,-0.8963][0.9226,0.4676,0][-0.529156,-0.00540757,-0.54752][-0.4377,0.0715999,-0.8963][0.9226,0.4676,0][-0.48133,-0.371044,-0.594833][-0.4305,0.0728999,-0.8996][0.9312,0.513,0][-0.696724,-0.374017,-0.489135][-0.4578,0.0676999,-0.8865][0.903,0.5115,0][-0.187611,-0.458289,-0.724213][-0.299,0.0979999,-0.9492][0.9708,0.525,0][-0.162084,-0.00489497,-0.687101][-0.2986,0.0979999,-0.9493][0.9724,0.4681,0][0,-0.00479221,-0.733439][0,0.1028,-0.9947][0.9934,0.4677,0][0,-0.00479221,-0.733439][0,0.1028,-0.9947][0.9934,0.4677,0][0,-0.461262,-0.7827][0,0.1028,-0.9947][0.9947,0.5269,0][-0.187611,-0.458289,-0.724213][-0.299,0.0979999,-0.9492][0.9708,0.525,0][-0.312378,-0.456084,-0.683922][-0.3504,0.0896999,-0.9323][0.9547,0.5234,0][-0.35031,-0.00422859,-0.623538][-0.367,0.0861999,-0.9262][0.9474,0.4678,0][-0.162084,-0.00489497,-0.687101][-0.2986,0.0979999,-0.9493][0.9724,0.4681,0][-0.162084,-0.00489497,-0.687101][-0.2986,0.0979999,-0.9493][0.9724,0.4681,0][-0.187611,-0.458289,-0.724213][-0.299,0.0979999,-0.9492][0.9708,0.525,0][-0.312378,-0.456084,-0.683922][-0.3504,0.0896999,-0.9323][0.9547,0.5234,0][-0.713691,-0.0266805,-0.36606][-0.9979,-0.0575,-0.0292][0.884,0.4724,0][-0.720253,-0.00653529,-0.443616][-0.9963,-0.0836,0.0208][0.8944,0.4677,0][-0.696724,-0.374017,-0.489135][-0.9901,0.00129998,-0.1402][0.903,0.5115,0][-0.696724,-0.374017,-0.489135][-0.9901,0.00129998,-0.1402][0.903,0.5115,0][-0.735631,-0.407439,-0.338687][-0.9901,0.00129998,-0.1402][0.8868,0.5196,0][-0.713691,-0.0266805,-0.36606][-0.9979,-0.0575,-0.0292][0.884,0.4724,0][-0.724763,0.0999317,-0.362984][-0.7549,-0.458,-0.4695][0.8817,0.458,0][-0.74414,0.0886543,-0.473706][-0.9396,-0.3423,0.00110004][0.894,0.4543,0][-0.720253,-0.00653529,-0.443616][-0.9963,-0.0836,0.0208][0.8944,0.4677,0][-0.720253,-0.00653529,-0.443616][-0.9963,-0.0836,0.0208][0.8944,0.4677,0][-0.713691,-0.0266805,-0.36606][-0.9979,-0.0575,-0.0292][0.884,0.4724,0][-0.724763,0.0999317,-0.362984][-0.7549,-0.458,-0.4695][0.8817,0.458,0][-0.887411,0.336906,-0.425726][-0.8464,-0.2518,-0.4692][0.8726,0.4215,0][-0.836869,0.335214,-0.531629][-0.9319,-0.2289,-0.2814][0.8877,0.4214,0][-0.74414,0.0886543,-0.473706][-0.9396,-0.3423,0.00110004][0.894,0.4543,0][-0.74414,0.0886543,-0.473706][-0.9396,-0.3423,0.00110004][0.894,0.4543,0][-0.724763,0.0999317,-0.362984][-0.7549,-0.458,-0.4695][0.8817,0.458,0][-0.887411,0.336906,-0.425726][-0.8464,-0.2518,-0.4692][0.8726,0.4215,0][-0.840098,-0.397341,0.376183][-0.8483,-0.0869999,0.5223][0.8866,0.0307,0][-0.608506,-0.399032,0.503872][-0.5724,-0.1601,0.8042][0.917,0.0348,0][-0.663252,-0.257452,0.529912][-0.5791,-0.0883999,0.8104][0.9103,0.0526,0][-0.663252,-0.257452,0.529912][-0.5791,-0.0883999,0.8104][0.9103,0.0526,0][-0.843738,-0.138222,0.388332][-0.794,-0.0242999,0.6075][0.8777,0.062,0][-0.840098,-0.397341,0.376183][-0.8483,-0.0869999,0.5223][0.8866,0.0307,0][-0.886386,-0.148115,0.122242][-0.9982,0.000700007,0.0604][0.8479,0.0436,0][-0.889923,-0.404568,0.122191][-0.9982,0.000800007,0.0597][0.86,0.0161,0][-0.840098,-0.397341,0.376183][-0.8483,-0.0869999,0.5223][0.8866,0.0307,0][-0.840098,-0.397341,0.376183][-0.8483,-0.0869999,0.5223][0.8866,0.0307,0][-0.843738,-0.138222,0.388332][-0.794,-0.0242999,0.6075][0.8777,0.062,0][-0.886386,-0.148115,0.122242][-0.9982,0.000700007,0.0604][0.8479,0.0436,0][-0.871828,-0.40016,-0.165685][-0.9344,-0.00490004,-0.3563][0.8612,0.5222,0][-0.889923,-0.404568,0.122191][-0.9982,0.000800007,0.0597][0.8295,0.5358,0][-0.886386,-0.148115,0.122242][-0.9982,0.000700007,0.0604][0.8186,0.5071,0][-0.886386,-0.148115,0.122242][-0.9982,0.000700007,0.0604][0.8186,0.5071,0][-0.871469,-0.137658,-0.181217][-0.8978,-0.0113001,-0.4402][0.8538,0.4897,0][-0.871828,-0.40016,-0.165685][-0.9344,-0.00490004,-0.3563][0.8612,0.5222,0][-0.608506,-0.399032,0.503872][-0.1465,-0.0201999,0.989][0.917,0.0348,0][-0.329293,-0.39893,0.576507][-0.0842,0.1181,0.9894][0.9522,0.032,0][-0.330729,-0.265961,0.54775][-0.0871,0.1118,0.9899][0.9522,0.0484,0][-0.330729,-0.265961,0.54775][-0.0871,0.1118,0.9899][0.9522,0.0484,0][-0.663252,-0.257452,0.529912][-0.1465,-0.0201999,0.989][0.9103,0.0526,0][-0.608506,-0.399032,0.503872][-0.1465,-0.0201999,0.989][0.917,0.0348,0][-0.0999055,-0.399442,0.587271][0.001,0.2588,0.9659][0.9807,0.0294,0][0,-0.399391,0.583068][0,0.2708,0.9626][0.9935,0.0279,0][0,-0.266628,0.54734][0,0.2708,0.9626][0.9936,0.0459,0][0,-0.266628,0.54734][0,0.2708,0.9626][0.9936,0.0459,0][-0.10211,-0.26632,0.548263][0.0004,0.2585,0.966][0.9808,0.0468,0][-0.0999055,-0.399442,0.587271][0.001,0.2588,0.9659][0.9807,0.0294,0][-0.735631,-0.407439,-0.338687][-0.7703,-0.0158001,-0.6374][0.8868,0.5196,0][-0.871828,-0.40016,-0.165685][-0.9344,-0.00490004,-0.3563][0.8612,0.5222,0][-0.871469,-0.137658,-0.181217][-0.8978,-0.0113001,-0.4402][0.8538,0.4897,0][-0.871469,-0.137658,-0.181217][-0.8978,-0.0113001,-0.4402][0.8538,0.4897,0][-0.713691,-0.0266805,-0.36606][-0.7541,-0.0373001,-0.6556][0.884,0.4724,0][-0.735631,-0.407439,-0.338687][-0.7703,-0.0158001,-0.6374][0.8868,0.5196,0][-0.713691,-0.0266805,-0.36606][-0.7541,-0.0373001,-0.6556][0.884,0.4724,0][-0.871469,-0.137658,-0.181217][-0.8978,-0.0113001,-0.4402][0.8538,0.4897,0][-0.724763,0.0999317,-0.362984][-0.745,-0.0490001,-0.6653][0.8817,0.458,0][-0.10211,-0.26632,0.548263][0.0004,0.2585,0.966][0.9808,0.0468,0][-0.330729,-0.265961,0.54775][-0.0871,0.1118,0.9899][0.9522,0.0484,0][-0.329293,-0.39893,0.576507][-0.0842,0.1181,0.9894][0.9522,0.032,0][-0.329293,-0.39893,0.576507][-0.0842,0.1181,0.9894][0.9522,0.032,0][-0.0999055,-0.399442,0.587271][0.001,0.2588,0.9659][0.9807,0.0294,0][-0.10211,-0.26632,0.548263][0.0004,0.2585,0.966][0.9808,0.0468,0][-0.68314,0.0445707,0.486546][-0.583,0.0777001,0.8087][0.8992,0.0883,0][-0.843738,-0.138222,0.388332][-0.794,-0.0242999,0.6075][0.8777,0.062,0][-0.663252,-0.257452,0.529912][-0.5791,-0.0883999,0.8104][0.9103,0.0526,0][-0.462877,-0.416358,-0.555414][-0.4232,-0.8221,-0.3809][0.9303,0.5212,0][-0.48133,-0.371044,-0.594833][-0.401,-0.8377,-0.3707][0.9312,0.513,0][-0.312378,-0.456084,-0.683922][-0.3659,-0.7898,-0.4922][0.9547,0.5234,0][-0.312378,-0.456084,-0.683922][-0.3659,-0.7898,-0.4922][0.9547,0.5234,0][-0.304381,-0.513752,-0.592782][-0.3793,-0.7852,-0.4895][0.9501,0.5354,0][-0.462877,-0.416358,-0.555414][-0.4232,-0.8221,-0.3809][0.9303,0.5212,0][-0.696724,-0.374017,-0.489135][-0.196,-0.9395,-0.2808][0.903,0.5115,0][-0.48133,-0.371044,-0.594833][-0.401,-0.8377,-0.3707][0.9312,0.513,0][-0.462877,-0.416358,-0.555414][-0.4232,-0.8221,-0.3809][0.9303,0.5212,0][-0.462877,-0.416358,-0.555414][-0.4232,-0.8221,-0.3809][0.9303,0.5212,0][-0.638237,-0.41195,-0.336585][-0.1345,-0.9678,-0.213][0.8958,0.5293,0][-0.696724,-0.374017,-0.489135][-0.196,-0.9395,-0.2808][0.903,0.5115,0][-0.696724,-0.374017,-0.489135][-0.196,-0.9395,-0.2808][0.903,0.5115,0][-0.638237,-0.41195,-0.336585][-0.1345,-0.9678,-0.213][0.8958,0.5293,0][-0.735631,-0.407439,-0.338687][-0.0885,-0.9856,-0.1438][0.8868,0.5196,0][-0.187611,-0.458289,-0.724213][-0.1846,-0.8314,-0.524][0.9708,0.525,0][0,-0.461262,-0.7827][0,-0.8423,-0.5389][0.9947,0.5269,0][0,-0.526823,-0.681821][0,-0.8423,-0.5389][0.9924,0.5418,0][0,-0.526823,-0.681821][0,-0.8423,-0.5389][0.9924,0.5418,0][-0.162853,-0.520723,-0.633585][-0.1846,-0.8315,-0.524][0.9694,0.5393,0][-0.187611,-0.458289,-0.724213][-0.1846,-0.8314,-0.524][0.9708,0.525,0][-0.312378,-0.456084,-0.683922][-0.3659,-0.7898,-0.4922][0.9547,0.5234,0][-0.187611,-0.458289,-0.724213][-0.1846,-0.8314,-0.524][0.9708,0.525,0][-0.162853,-0.520723,-0.633585][-0.1846,-0.8315,-0.524][0.9694,0.5393,0][-0.162853,-0.520723,-0.633585][-0.1846,-0.8315,-0.524][0.9694,0.5393,0][-0.304381,-0.513752,-0.592782][-0.3793,-0.7852,-0.4895][0.9501,0.5354,0][-0.312378,-0.456084,-0.683922][-0.3659,-0.7898,-0.4922][0.9547,0.5234,0][-0.440209,1.28198,0.532026][0.5495,-0.1692,-0.8182][0.6591,0.1649,0][-0.199832,1.44029,0.614413][0.2479,-0.0664001,-0.9665][0.6792,0.1615,0][-0.238419,0.935251,0.47451][0.2721,-0.0778001,-0.9591][0.6774,0.1919,0][-0.238419,0.935251,0.47451][0.2721,-0.0778001,-0.9591][0.6774,0.1919,0][-0.50759,0.912689,0.401617][0.6374,-0.1953,-0.7454][0.6581,0.1917,0][-0.440209,1.28198,0.532026][0.5495,-0.1692,-0.8182][0.6591,0.1649,0][-0.303289,1.45553,0.696211][-0.2018,0.8505,-0.4857][0.4682,0.0683,0][-0.199832,1.44029,0.614413][-0.0712,0.9432,-0.3244][0.4717,0.0859,0][-0.440209,1.28198,0.532026][-0.1341,0.9134,-0.3843][0.4249,0.0633,0][-0.440209,1.28198,0.532026][-0.1341,0.9134,-0.3843][0.4249,0.0633,0][-0.566742,1.29673,0.60621][-0.0602,0.9573,-0.2826][0.4275,0.0399,0][-0.303289,1.45553,0.696211][-0.2018,0.8505,-0.4857][0.4682,0.0683,0][-0.436478,-1.28762,-0.51174][0.1022,-0.9796,-0.173][0.693,0.4307,0][-0.463594,-1.27378,-0.603188][0.1002,-0.9799,-0.1725][0.7059,0.4296,0][-0.193301,-1.13528,-0.647476][0.2113,-0.9607,-0.1798][0.7233,0.473,0][-0.193301,-1.13528,-0.647476][0.2113,-0.9607,-0.1798][0.7233,0.473,0][-0.172695,-1.14753,-0.554183][0.2036,-0.9628,-0.1777][0.7084,0.4763,0][-0.436478,-1.28762,-0.51174][0.1022,-0.9796,-0.173][0.693,0.4307,0][0,-1.14625,-0.58253][0,-0.9934,-0.1149][0.7129,0.5026,0][-0.172695,-1.14753,-0.554183][0.2036,-0.9628,-0.1777][0.7084,0.4763,0][-0.193301,-1.13528,-0.647476][0.2113,-0.9607,-0.1798][0.7233,0.473,0][-0.193301,-1.13528,-0.647476][0.2113,-0.9607,-0.1798][0.7233,0.473,0][0,-1.13651,-0.676131][0,-0.9934,-0.1149][0.727,0.5029,0][0,-1.14625,-0.58253][0,-0.9934,-0.1149][0.7129,0.5026,0][-0.463594,-1.27378,-0.603188][0.1002,-0.9799,-0.1725][0.7059,0.4296,0][-0.436478,-1.28762,-0.51174][0.1022,-0.9796,-0.173][0.693,0.4307,0][-0.602406,-1.25543,-0.451305][-0.4635,-0.8828,0.0768001][0.6958,0.3982,0][-0.602406,-1.25543,-0.451305][-0.4635,-0.8828,0.0768001][0.6958,0.3982,0][-0.645721,-1.23575,-0.535115][-0.4815,-0.8717,0.0909001][0.709,0.4005,0][-0.463594,-1.27378,-0.603188][0.1002,-0.9799,-0.1725][0.7059,0.4296,0][-0.790427,-1.05916,-0.406145][-0.5189,-0.8515,0.0760001][0.7282,0.3655,0][-0.726199,-1.08837,-0.340532][-0.5285,-0.8445,0.0863001][0.7127,0.3625,0][-0.87639,-1.05716,-0.12073][-0.3205,-0.9043,-0.2821][0.716,0.3197,0][-0.87639,-1.05716,-0.12073][-0.3205,-0.9043,-0.2821][0.716,0.3197,0][-0.961225,-1.0223,-0.150307][-0.32,-0.9034,-0.2855][0.7308,0.3179,0][-0.790427,-1.05916,-0.406145][-0.5189,-0.8515,0.0760001][0.7282,0.3655,0][-0.87639,-1.05716,-0.12073][-0.3205,-0.9043,-0.2821][0.716,0.3197,0][-0.933237,-1.18397,0.126548][-0.3514,-0.905,-0.2399][0.6989,0.2749,0][-1.02243,-1.14968,0.139004][-0.3505,-0.9043,-0.2439][0.7117,0.2725,0][-1.02243,-1.14968,0.139004][-0.3505,-0.9043,-0.2439][0.7117,0.2725,0][-0.961225,-1.0223,-0.150307][-0.32,-0.9034,-0.2855][0.7308,0.3179,0][-0.87639,-1.05716,-0.12073][-0.3205,-0.9043,-0.2821][0.716,0.3197,0][-1.02243,-1.14968,0.139004][-0.3505,-0.9043,-0.2439][0.7117,0.2725,0][-0.933237,-1.18397,0.126548][-0.3514,-0.905,-0.2399][0.6989,0.2749,0][-0.870444,-1.21699,0.355372][-0.1628,-0.9522,0.2584][0.6947,0.2309,0][-0.870444,-1.21699,0.355372][-0.1628,-0.9522,0.2584][0.6947,0.2309,0][-0.944361,-1.18198,0.406324][-0.147,-0.9502,0.2746][0.707,0.2306,0][-1.02243,-1.14968,0.139004][-0.3505,-0.9043,-0.2439][0.7117,0.2725,0][-0.944361,-1.18198,0.406324][-0.147,-0.9502,0.2746][0.707,0.2306,0][-0.870444,-1.21699,0.355372][-0.1628,-0.9522,0.2584][0.6947,0.2309,0][-0.64285,-1.07725,0.516584][-0.0115,-0.9022,0.4311][0.7095,0.18,0][-0.64285,-1.07725,0.516584][-0.0115,-0.9022,0.4311][0.7095,0.18,0][-0.648438,-1.04234,0.599625][-0.0658,-0.9174,0.3924][0.724,0.1752,0][-0.944361,-1.18198,0.406324][-0.147,-0.9502,0.2746][0.707,0.2306,0][-0.64285,-1.07725,0.516584][-0.0115,-0.9022,0.4311][0.7095,0.18,0][-0.323911,-1.1241,0.536678][-0.4813,-0.8467,0.2266][0.6985,0.1315,0][-0.327038,-1.0995,0.629766][-0.4491,-0.8615,0.237][0.7129,0.1258,0][-0.327038,-1.0995,0.629766][-0.4491,-0.8615,0.237][0.7129,0.1258,0][-0.648438,-1.04234,0.599625][-0.0658,-0.9174,0.3924][0.724,0.1752,0][-0.64285,-1.07725,0.516584][-0.0115,-0.9022,0.4311][0.7095,0.18,0][-0.139119,-1.3093,0.54206][-0.4574,-0.8791,0.1341][0.6744,0.1032,0][0,-1.33309,0.5396][0,-0.9923,0.1237][0.6651,0.0829,0][0,-1.32304,0.635405][0,-0.9923,0.1237][0.6793,0.0771,0][0,-1.32304,0.635405][0,-0.9923,0.1237][0.6793,0.0771,0][-0.137428,-1.29582,0.637455][-0.4729,-0.8708,0.1345][0.6865,0.0968,0][-0.139119,-1.3093,0.54206][-0.4574,-0.8791,0.1341][0.6744,0.1032,0][-0.323911,-1.1241,0.536678][-0.4813,-0.8467,0.2266][0.6985,0.1315,0][-0.139119,-1.3093,0.54206][-0.4574,-0.8791,0.1341][0.6744,0.1032,0][-0.137428,-1.29582,0.637455][-0.4729,-0.8708,0.1345][0.6865,0.0968,0][-0.137428,-1.29582,0.637455][-0.4729,-0.8708,0.1345][0.6865,0.0968,0][-0.327038,-1.0995,0.629766][-0.4491,-0.8615,0.237][0.7129,0.1258,0][-0.323911,-1.1241,0.536678][-0.4813,-0.8467,0.2266][0.6985,0.1315,0][-0.645721,-1.23575,-0.535115][-0.4815,-0.8717,0.0909001][0.709,0.4005,0][-0.602406,-1.25543,-0.451305][-0.4635,-0.8828,0.0768001][0.6958,0.3982,0][-0.726199,-1.08837,-0.340532][-0.5285,-0.8445,0.0863001][0.7127,0.3625,0][-0.726199,-1.08837,-0.340532][-0.5285,-0.8445,0.0863001][0.7127,0.3625,0][-0.790427,-1.05916,-0.406145][-0.5189,-0.8515,0.0760001][0.7282,0.3655,0][-0.645721,-1.23575,-0.535115][-0.4815,-0.8717,0.0909001][0.709,0.4005,0][0,-0.637339,0.641043][0,0.693,0.7209][0.7935,0.076,0][-0.105031,-0.633597,0.641453][0.0149,0.698,0.716][0.794,0.0924,0][-0.106774,-0.692956,0.698249][0.015,0.6979,0.716][0.7807,0.0925,0][-0.106774,-0.692956,0.698249][0.015,0.6979,0.716][0.7807,0.0925,0][0,-0.696032,0.697788][0,0.693,0.7209][0.78,0.0755,0][0,-0.637339,0.641043][0,0.693,0.7209][0.7935,0.076,0][-0.106774,-0.692956,0.698249][0.015,0.6979,0.716][0.7807,0.0925,0][-0.105031,-0.633597,0.641453][0.0149,0.698,0.716][0.794,0.0924,0][-0.354103,-0.62555,0.633252][-0.0391,0.7307,0.6816][0.7957,0.1276,0][-0.354103,-0.62555,0.633252][-0.0391,0.7307,0.6816][0.7957,0.1276,0][-0.37066,-0.686908,0.695891][-0.0451,0.7343,0.6774][0.7816,0.1289,0][-0.106774,-0.692956,0.698249][0.015,0.6979,0.716][0.7807,0.0925,0][-0.37066,-0.686908,0.695891][-0.0451,0.7343,0.6774][0.7816,0.1289,0][-0.354103,-0.62555,0.633252][-0.0391,0.7307,0.6816][0.7957,0.1276,0][-0.607532,-0.620116,0.585221][-0.2275,0.773,0.5922][0.7976,0.1698,0][-0.607532,-0.620116,0.585221][-0.2275,0.773,0.5922][0.7976,0.1698,0][-0.641261,-0.678552,0.656472][-0.2331,0.7732,0.5897][0.783,0.1701,0][-0.37066,-0.686908,0.695891][-0.0451,0.7343,0.6774][0.7816,0.1289,0][-0.641261,-0.678552,0.656472][-0.2331,0.7732,0.5897][0.783,0.1701,0][-0.607532,-0.620116,0.585221][-0.2275,0.773,0.5922][0.7976,0.1698,0][-0.840816,-0.620526,0.430262][-0.482,0.7951,0.3681][0.7976,0.217,0][-0.840816,-0.620526,0.430262][-0.482,0.7951,0.3681][0.7976,0.217,0][-0.901456,-0.675425,0.459532][-0.5047,0.7967,0.3324][0.7843,0.219,0][-0.641261,-0.678552,0.656472][-0.2331,0.7732,0.5897][0.783,0.1701,0][-0.901456,-0.675425,0.459532][-0.5047,0.7967,0.3324][0.7843,0.219,0][-0.840816,-0.620526,0.430262][-0.482,0.7951,0.3681][0.7976,0.217,0][-0.927855,-0.634571,0.167812][-0.5869,0.8091,0.0296999][0.7981,0.2641,0][-0.927855,-0.634571,0.167812][-0.5869,0.8091,0.0296999][0.7981,0.2641,0][-0.99762,-0.684909,0.169555][-0.5849,0.811,0.0118999][0.7847,0.2655,0][-0.901456,-0.675425,0.459532][-0.5047,0.7967,0.3324][0.7843,0.219,0][-0.99762,-0.684909,0.169555][-0.5849,0.811,0.0118999][0.7847,0.2655,0][-0.927855,-0.634571,0.167812][-0.5869,0.8091,0.0296999][0.7981,0.2641,0][-0.894075,-0.657331,-0.125343][-0.5177,0.8116,-0.2706][0.7966,0.3137,0][-0.894075,-0.657331,-0.125343][-0.5177,0.8116,-0.2706][0.7966,0.3137,0][-0.962353,-0.705823,-0.150563][-0.5144,0.8106,-0.2799][0.7832,0.3145,0][-0.99762,-0.684909,0.169555][-0.5849,0.811,0.0118999][0.7847,0.2655,0][-0.962353,-0.705823,-0.150563][-0.5144,0.8106,-0.2799][0.7832,0.3145,0][-0.894075,-0.657331,-0.125343][-0.5177,0.8116,-0.2706][0.7966,0.3137,0][-0.742089,-0.684242,-0.34858][-0.4558,0.7567,-0.4687][0.7962,0.3588,0][-0.742089,-0.684242,-0.34858][-0.4558,0.7567,-0.4687][0.7962,0.3588,0][-0.784327,-0.743037,-0.40389][-0.4557,0.7453,-0.4866][0.7819,0.3623,0][-0.962353,-0.705823,-0.150563][-0.5144,0.8106,-0.2799][0.7832,0.3145,0][-0.784327,-0.743037,-0.40389][-0.4557,0.7453,-0.4866][0.7819,0.3623,0][-0.742089,-0.684242,-0.34858][-0.4558,0.7567,-0.4687][0.7962,0.3588,0][-0.539049,-0.710795,-0.570228][-0.331,0.6754,-0.6589][0.7943,0.4076,0][-0.539049,-0.710795,-0.570228][-0.331,0.6754,-0.6589][0.7943,0.4076,0][-0.578878,-0.78138,-0.618668][-0.3351,0.677,-0.6552][0.7801,0.4078,0][-0.784327,-0.743037,-0.40389][-0.4557,0.7453,-0.4866][0.7819,0.3623,0][-0.386089,-0.791375,-0.675618][-0.1788,0.6128,-0.7697][0.7821,0.4387,0][-0.578878,-0.78138,-0.618668][-0.3351,0.677,-0.6552][0.7801,0.4078,0][-0.539049,-0.710795,-0.570228][-0.331,0.6754,-0.6589][0.7943,0.4076,0][-0.539049,-0.710795,-0.570228][-0.331,0.6754,-0.6589][0.7943,0.4076,0][-0.359639,-0.720739,-0.627331][-0.1756,0.6123,-0.7709][0.7962,0.4387,0][-0.386089,-0.791375,-0.675618][-0.1788,0.6128,-0.7697][0.7821,0.4387,0][-0.207705,-0.798142,-0.717856][-0.1479,0.6107,-0.778][0.7836,0.4672,0][-0.386089,-0.791375,-0.675618][-0.1788,0.6128,-0.7697][0.7821,0.4387,0][-0.359639,-0.720739,-0.627331][-0.1756,0.6123,-0.7709][0.7962,0.4387,0][-0.359639,-0.720739,-0.627331][-0.1756,0.6123,-0.7709][0.7962,0.4387,0][-0.169773,-0.730171,-0.670441][-0.1454,0.6115,-0.7778][0.7978,0.469,0][-0.207705,-0.798142,-0.717856][-0.1479,0.6107,-0.778][0.7836,0.4672,0][0,-0.801986,-0.757583][0,0.6194,-0.7851][0.7904,0.4988,0][-0.207705,-0.798142,-0.717856][-0.1479,0.6107,-0.778][0.7836,0.4672,0][-0.169773,-0.730171,-0.670441][-0.1454,0.6115,-0.7778][0.7978,0.469,0][-0.169773,-0.730171,-0.670441][-0.1454,0.6115,-0.7778][0.7978,0.469,0][0,-0.738475,-0.708066][0,0.6194,-0.7851][0.8016,0.4946,0][0,-0.801986,-0.757583][0,0.6194,-0.7851][0.7904,0.4988,0][0,-1.12128,-0.724264][0,-0.8576,-0.5143][0.7389,0.5032,0][0,-1.13651,-0.676131][0,-0.8576,-0.5143][0.727,0.5029,0][-0.193301,-1.13528,-0.647476][0.0256,-0.7645,-0.6441][0.7233,0.473,0][-0.193301,-1.13528,-0.647476][0.0256,-0.7645,-0.6441][0.7233,0.473,0][-0.212421,-1.08612,-0.701402][0.0304,-0.7615,-0.6475][0.7367,0.4703,0][0,-1.12128,-0.724264][0,-0.8576,-0.5143][0.7389,0.5032,0][-0.483534,-1.22083,-0.64722][-0.0915,-0.7011,-0.7072][0.716,0.429,0][-0.212421,-1.08612,-0.701402][0.0304,-0.7615,-0.6475][0.7367,0.4703,0][-0.193301,-1.13528,-0.647476][0.0256,-0.7645,-0.6441][0.7233,0.473,0][-0.193301,-1.13528,-0.647476][0.0256,-0.7645,-0.6441][0.7233,0.473,0][-0.463594,-1.27378,-0.603188][-0.0883,-0.7007,-0.708][0.7059,0.4296,0][-0.483534,-1.22083,-0.64722][-0.0915,-0.7011,-0.7072][0.716,0.429,0][-0.483534,-1.22083,-0.64722][-0.0915,-0.7011,-0.7072][0.716,0.429,0][-0.463594,-1.27378,-0.603188][-0.0883,-0.7007,-0.708][0.7059,0.4296,0][-0.645721,-1.23575,-0.535115][-0.62,-0.6322,-0.4646][0.709,0.4005,0][-0.645721,-1.23575,-0.535115][-0.62,-0.6322,-0.4646][0.709,0.4005,0][-0.649616,-1.1872,-0.593346][-0.6156,-0.6341,-0.4679][0.7189,0.4036,0][-0.483534,-1.22083,-0.64722][-0.0915,-0.7011,-0.7072][0.716,0.429,0][-0.649616,-1.1872,-0.593346][-0.6156,-0.6341,-0.4679][0.7189,0.4036,0][-0.645721,-1.23575,-0.535115][-0.62,-0.6322,-0.4646][0.709,0.4005,0][-0.790427,-1.05916,-0.406145][-0.785,-0.5272,-0.3255][0.7282,0.3655,0][-0.790427,-1.05916,-0.406145][-0.785,-0.5272,-0.3255][0.7282,0.3655,0][-0.821183,-1.00354,-0.435619][-0.7685,-0.537,-0.3478][0.741,0.366,0][-0.649616,-1.1872,-0.593346][-0.6156,-0.6341,-0.4679][0.7189,0.4036,0][-0.821183,-1.00354,-0.435619][-0.7685,-0.537,-0.3478][0.741,0.366,0][-0.790427,-1.05916,-0.406145][-0.785,-0.5272,-0.3255][0.7282,0.3655,0][-0.961225,-1.0223,-0.150307][-0.7555,-0.5288,-0.3868][0.7308,0.3179,0][-0.961225,-1.0223,-0.150307][-0.7555,-0.5288,-0.3868][0.7308,0.3179,0][-0.999773,-0.961558,-0.156663][-0.7558,-0.5285,-0.3867][0.7432,0.3163,0][-0.821183,-1.00354,-0.435619][-0.7685,-0.537,-0.3478][0.741,0.366,0][-1.06518,-1.09201,0.156432][-0.8001,-0.5873,-0.1219][0.7225,0.2707,0][-0.999773,-0.961558,-0.156663][-0.7558,-0.5285,-0.3867][0.7432,0.3163,0][-0.961225,-1.0223,-0.150307][-0.7555,-0.5288,-0.3868][0.7308,0.3179,0][-0.961225,-1.0223,-0.150307][-0.7555,-0.5288,-0.3868][0.7308,0.3179,0][-1.02243,-1.14968,0.139004][-0.8001,-0.5874,-0.1216][0.7117,0.2725,0][-1.06518,-1.09201,0.156432][-0.8001,-0.5873,-0.1219][0.7225,0.2707,0][-1.02243,-1.14968,0.139004][-0.8001,-0.5874,-0.1216][0.7117,0.2725,0][-0.944361,-1.18198,0.406324][-0.5625,-0.6496,0.5115][0.707,0.2306,0][-0.989162,-1.12497,0.428981][-0.5653,-0.65,0.5079][0.7169,0.2313,0][-0.989162,-1.12497,0.428981][-0.5653,-0.65,0.5079][0.7169,0.2313,0][-1.06518,-1.09201,0.156432][-0.8001,-0.5873,-0.1219][0.7225,0.2707,0][-1.02243,-1.14968,0.139004][-0.8001,-0.5874,-0.1216][0.7117,0.2725,0][-0.989162,-1.12497,0.428981][-0.5653,-0.65,0.5079][0.7169,0.2313,0][-0.944361,-1.18198,0.406324][-0.5625,-0.6496,0.5115][0.707,0.2306,0][-0.648438,-1.04234,0.599625][-0.2351,-0.5915,0.7713][0.724,0.1752,0][-0.648438,-1.04234,0.599625][-0.2351,-0.5915,0.7713][0.724,0.1752,0][-0.652077,-0.985548,0.640326][-0.2263,-0.6037,0.7644][0.7359,0.1725,0][-0.989162,-1.12497,0.428981][-0.5653,-0.65,0.5079][0.7169,0.2313,0][-0.652077,-0.985548,0.640326][-0.2263,-0.6037,0.7644][0.7359,0.1725,0][-0.648438,-1.04234,0.599625][-0.2351,-0.5915,0.7713][0.724,0.1752,0][-0.327038,-1.0995,0.629766][-0.3748,-0.5789,0.7242][0.7129,0.1258,0][-0.327038,-1.0995,0.629766][-0.3748,-0.5789,0.7242][0.7129,0.1258,0][-0.306021,-1.0529,0.682615][-0.3757,-0.5785,0.724][0.7247,0.1198,0][-0.652077,-0.985548,0.640326][-0.2263,-0.6037,0.7644][0.7359,0.1725,0][-0.111644,-1.24938,0.689791][-0.3185,-0.6088,0.7266][0.6966,0.0919,0][-0.306021,-1.0529,0.682615][-0.3757,-0.5785,0.724][0.7247,0.1198,0][-0.327038,-1.0995,0.629766][-0.3748,-0.5789,0.7242][0.7129,0.1258,0][-0.327038,-1.0995,0.629766][-0.3748,-0.5789,0.7242][0.7129,0.1258,0][-0.137428,-1.29582,0.637455][-0.3259,-0.6058,0.7258][0.6865,0.0968,0][-0.111644,-1.24938,0.689791][-0.3185,-0.6088,0.7266][0.6966,0.0919,0][-0.111644,-1.24938,0.689791][-0.3185,-0.6088,0.7266][0.6966,0.0919,0][-0.137428,-1.29582,0.637455][-0.3259,-0.6058,0.7258][0.6865,0.0968,0][0,-1.32304,0.635405][0,-0.6812,0.7321][0.6793,0.0771,0][0,-1.32304,0.635405][0,-0.6812,0.7321][0.6793,0.0771,0][0,-1.26061,0.687638][0,-0.6812,0.7321][0.6939,0.0753,0][-0.111644,-1.24938,0.689791][-0.3185,-0.6088,0.7266][0.6966,0.0919,0][-0.938056,-0.0307298,0.452714][-0.3395,-0.8201,0.4607][0.8685,0.0811,0][-0.931495,0.289747,0.700709][-0.2486,-0.6324,0.7336][0.8675,0.1299,0][-1.04842,0.278624,0.682][-0.2486,-0.6324,0.7336][0.8535,0.1279,0][-1.04842,0.278624,0.682][-0.2486,-0.6324,0.7336][0.8535,0.1279,0][-1.05026,0.0168393,0.425188][-0.3426,-0.8262,0.4473][0.8539,0.0856,0][-0.938056,-0.0307298,0.452714][-0.3395,-0.8201,0.4607][0.8685,0.0811,0][-0.939132,0.850274,0.589732][0.8493,0.1324,0.5111][0.8605,0.2001,0][-0.934775,0.602945,0.645041][0.8413,0.1263,0.5256][0.8624,0.168,0][-0.886899,0.592744,0.568972][0.8424,0.1268,0.5237][0.8727,0.1678,0][-0.886899,0.592744,0.568972][0.8424,0.1268,0.5237][0.8727,0.1678,0][-0.893614,0.83182,0.512073][0.8495,0.1324,0.5107][0.8702,0.2008,0][-0.939132,0.850274,0.589732][0.8493,0.1324,0.5111][0.8605,0.2001,0][-0.939747,1.05536,-0.143592][0.8576,0.5099,-0.0677001][0.8595,0.3091,0][-0.940363,1.07956,0.131366][0.8508,0.5253,-0.00870006][0.86,0.2746,0][-0.894536,1.00277,0.132904][0.851,0.5251,-0.00900006][0.8703,0.2743,0][-0.894536,1.00277,0.132904][0.851,0.5251,-0.00900006][0.8703,0.2743,0][-0.894741,0.974425,-0.132981][0.8575,0.5101,-0.0679001][0.8702,0.3096,0][-0.939747,1.05536,-0.143592][0.8576,0.5099,-0.0677001][0.8595,0.3091,0][-0.892076,0.950743,-0.307162][0.8635,0.3643,-0.3488][0.8716,0.3352,0][-0.939286,1.00969,-0.350887][0.8656,0.3832,-0.3223][0.8608,0.3346,0][-0.939747,1.05536,-0.143592][0.8576,0.5099,-0.0677001][0.8595,0.3091,0][-0.939747,1.05536,-0.143592][0.8576,0.5099,-0.0677001][0.8595,0.3091,0][-0.894741,0.974425,-0.132981][0.8575,0.5101,-0.0679001][0.8702,0.3096,0][-0.892076,0.950743,-0.307162][0.8635,0.3643,-0.3488][0.8716,0.3352,0][-0.881004,0.31389,0.626998][0.8486,-0.0988999,0.5197][0.8791,0.1299,0][-0.886899,0.592744,0.568972][0.8424,0.1268,0.5237][0.8727,0.1678,0][-0.934775,0.602945,0.645041][0.8413,0.1263,0.5256][0.8624,0.168,0][-0.934775,0.602945,0.645041][0.8413,0.1263,0.5256][0.8624,0.168,0][-0.931495,0.289747,0.700709][0.8484,-0.1371,0.5112][0.8675,0.1299,0][-0.881004,0.31389,0.626998][0.8486,-0.0988999,0.5197][0.8791,0.1299,0][-0.881004,0.31389,0.626998][0.8486,-0.0988999,0.5197][0.8791,0.1299,0][-0.931495,0.289747,0.700709][0.8484,-0.1371,0.5112][0.8675,0.1299,0][-0.938056,-0.0307298,0.452714][0.8204,-0.3603,0.4439][0.8685,0.0811,0][-0.896535,0.994263,0.485828][0.8846,0.3603,0.2961][0.8727,0.2261,0][-0.894536,1.00277,0.132904][0.851,0.5251,-0.00900006][0.8703,0.2743,0][-0.940363,1.07956,0.131366][0.8508,0.5253,-0.00870006][0.86,0.2746,0][-0.940363,1.07956,0.131366][0.8508,0.5253,-0.00870006][0.86,0.2746,0][-0.942977,1.05347,0.535858][0.8846,0.3604,0.296][0.861,0.2256,0][-0.896535,0.994263,0.485828][0.8846,0.3603,0.2961][0.8727,0.2261,0][-0.939132,0.850274,0.589732][0.8493,0.1324,0.5111][0.8605,0.2001,0][-0.893614,0.83182,0.512073][0.8495,0.1324,0.5107][0.8702,0.2008,0][-0.896535,0.994263,0.485828][0.8846,0.3603,0.2961][0.8727,0.2261,0][-0.896535,0.994263,0.485828][0.8846,0.3603,0.2961][0.8727,0.2261,0][-0.942977,1.05347,0.535858][0.8846,0.3604,0.296][0.861,0.2256,0][-0.939132,0.850274,0.589732][0.8493,0.1324,0.5111][0.8605,0.2001,0][-0.892076,0.950743,-0.307162][0.8635,0.3643,-0.3488][0.8716,0.3352,0][-0.890128,0.839048,-0.336688][0.8135,0.1485,-0.5623][0.8719,0.3536,0][-0.936928,0.854118,-0.403582][0.8136,0.1479,-0.5623][0.8621,0.3541,0][-0.936928,0.854118,-0.403582][0.8136,0.1479,-0.5623][0.8621,0.3541,0][-0.939286,1.00969,-0.350887][0.8656,0.3832,-0.3223][0.8608,0.3346,0][-0.892076,0.950743,-0.307162][0.8635,0.3643,-0.3488][0.8716,0.3352,0][-0.937184,0.565525,-0.459353][0.8018,0.0951999,-0.59][0.8629,0.3903,0][-0.888744,0.562603,-0.391075][0.8039,0.0969999,-0.5869][0.8727,0.3903,0][-0.887411,0.336906,-0.425726][0.7999,-0.1299,-0.5859][0.8726,0.4215,0][-0.887411,0.336906,-0.425726][0.7999,-0.1299,-0.5859][0.8726,0.4215,0][-0.938056,0.317017,-0.486418][0.7983,-0.1762,-0.576][0.8626,0.4202,0][-0.937184,0.565525,-0.459353][0.8018,0.0951999,-0.59][0.8629,0.3903,0][-0.936928,0.854118,-0.403582][0.8136,0.1479,-0.5623][0.8621,0.3541,0][-0.890128,0.839048,-0.336688][0.8135,0.1485,-0.5623][0.8719,0.3536,0][-0.888744,0.562603,-0.391075][0.8039,0.0969999,-0.5869][0.8727,0.3903,0][-0.888744,0.562603,-0.391075][0.8039,0.0969999,-0.5869][0.8727,0.3903,0][-0.937184,0.565525,-0.459353][0.8018,0.0951999,-0.59][0.8629,0.3903,0][-0.936928,0.854118,-0.403582][0.8136,0.1479,-0.5623][0.8621,0.3541,0][-0.969939,-0.0370347,-0.264822][0.766,-0.3892,-0.5116][0.849,0.4687,0][-0.938056,0.317017,-0.486418][0.7983,-0.1762,-0.576][0.8626,0.4202,0][-0.887411,0.336906,-0.425726][0.7999,-0.1299,-0.5859][0.8726,0.4215,0][-1.04929,0.842226,-0.375851][-0.251,0.237,-0.9385][0.8476,0.3549,0][-1.04985,1.00262,-0.326795][-0.2401,0.2956,-0.9247][0.8473,0.3336,0][-0.939286,1.00969,-0.350887][-0.2401,0.2956,-0.9247][0.8608,0.3346,0][-0.939286,1.00969,-0.350887][-0.2401,0.2956,-0.9247][0.8608,0.3346,0][-0.936928,0.854118,-0.403582][-0.2505,0.2397,-0.938][0.8621,0.3541,0][-1.04929,0.842226,-0.375851][-0.251,0.237,-0.9385][0.8476,0.3549,0][-1.0499,0.544713,-0.431519][-0.2728,0.1321,-0.953][0.8486,0.3921,0][-0.937184,0.565525,-0.459353][-0.2707,0.1403,-0.9524][0.8629,0.3903,0][-0.938056,0.317017,-0.486418][-0.3464,-0.1727,-0.922][0.8626,0.4202,0][-0.938056,0.317017,-0.486418][-0.3464,-0.1727,-0.922][0.8626,0.4202,0][-1.05134,0.300665,-0.450946][-0.3629,-0.2635,-0.8938][0.849,0.4214,0][-1.0499,0.544713,-0.431519][-0.2728,0.1321,-0.953][0.8486,0.3921,0][-1.04929,0.842226,-0.375851][-0.251,0.237,-0.9385][0.8476,0.3549,0][-0.936928,0.854118,-0.403582][-0.2505,0.2397,-0.938][0.8621,0.3541,0][-0.937184,0.565525,-0.459353][-0.2707,0.1403,-0.9524][0.8629,0.3903,0][-0.937184,0.565525,-0.459353][-0.2707,0.1403,-0.9524][0.8629,0.3903,0][-1.0499,0.544713,-0.431519][-0.2728,0.1321,-0.953][0.8486,0.3921,0][-1.04929,0.842226,-0.375851][-0.251,0.237,-0.9385][0.8476,0.3549,0][-0.843738,-0.138222,0.388332][-0.5078,-0.7012,0.5004][0.8777,0.062,0][-0.938056,-0.0307298,0.452714][-0.2584,-0.6214,0.7397][0.8685,0.0811,0][-0.953178,-0.0626135,0.122806][-0.7433,-0.6676,0.0422001][0.8402,0.0513,0][-0.953178,-0.0626135,0.122806][-0.7433,-0.6676,0.0422001][0.8402,0.0513,0][-0.886386,-0.148115,0.122242][-0.7433,-0.6675,0.0440001][0.8479,0.0436,0][-0.843738,-0.138222,0.388332][-0.5078,-0.7012,0.5004][0.8777,0.062,0][-0.953178,-0.0626135,0.122806][-0.7433,-0.6676,0.0422001][0.8117,0.4977,0][-0.969939,-0.0370347,-0.264822][-0.2809,-0.6643,-0.6927][0.849,0.4687,0][-0.871469,-0.137658,-0.181217][-0.5519,-0.7615,-0.3399][0.8538,0.4897,0][-0.871469,-0.137658,-0.181217][-0.5519,-0.7615,-0.3399][0.8538,0.4897,0][-0.886386,-0.148115,0.122242][-0.7433,-0.6675,0.0440001][0.8186,0.5071,0][-0.953178,-0.0626135,0.122806][-0.7433,-0.6676,0.0422001][0.8117,0.4977,0][-0.724763,0.0999317,-0.362984][-0.7549,-0.458,-0.4695][0.8817,0.458,0][-0.969939,-0.0370347,-0.264822][-0.2809,-0.6643,-0.6927][0.849,0.4687,0][-0.887411,0.336906,-0.425726][-0.8464,-0.2518,-0.4692][0.8726,0.4215,0][-0.881004,0.31389,0.626998][-0.7067,-0.3575,0.6106][0.8791,0.1299,0][-0.938056,-0.0307298,0.452714][-0.2584,-0.6214,0.7397][0.8685,0.0811,0][-0.68314,0.0445707,0.486546][-0.5334,-0.4505,0.716][0.8992,0.0883,0][-0.68314,0.0445707,0.486546][-0.5334,-0.4505,0.716][0.8992,0.0883,0][-0.938056,-0.0307298,0.452714][-0.2584,-0.6214,0.7397][0.8685,0.0811,0][-0.843738,-0.138222,0.388332][-0.5078,-0.7012,0.5004][0.8777,0.062,0][-0.871469,-0.137658,-0.181217][-0.5519,-0.7615,-0.3399][0.8538,0.4897,0][-0.969939,-0.0370347,-0.264822][-0.2809,-0.6643,-0.6927][0.849,0.4687,0][-0.724763,0.0999317,-0.362984][-0.7549,-0.458,-0.4695][0.8817,0.458,0][-1.05134,0.300665,-0.450946][-0.3629,-0.2635,-0.8938][0.849,0.4214,0][-0.938056,0.317017,-0.486418][-0.3464,-0.1727,-0.922][0.8626,0.4202,0][-0.969939,-0.0370347,-0.264822][-0.3914,-0.5148,-0.7628][0.849,0.4687,0][-0.969939,-0.0370347,-0.264822][-0.3914,-0.5148,-0.7628][0.849,0.4687,0][-1.05257,-0.00135803,-0.212793][-0.3914,-0.5148,-0.7628][0.8368,0.4647,0][-1.05134,0.300665,-0.450946][-0.3629,-0.2635,-0.8938][0.849,0.4214,0][-0.436478,-1.28762,-0.51174][0.1653,-0.9269,0.337][0.6249,0.3191,0][-0.172695,-1.14753,-0.554183][0.29,-0.949,0.1237][0.6158,0.3012,0][0,-1.02184,0.00516436][0,-0.9998,-0.0182999][0.6412,0.2721,0][-0.602406,-1.25543,-0.451305][-0.1617,-0.7755,0.6103][0.633,0.326,0][-0.436478,-1.28762,-0.51174][0.1653,-0.9269,0.337][0.6249,0.3191,0][0,-1.02184,0.00516436][0,-0.9998,-0.0182999][0.6412,0.2721,0][-0.87639,-1.05716,-0.12073][0.0692,-0.9757,-0.2081][0.6645,0.3293,0][-0.726199,-1.08837,-0.340532][-0.117,-0.9004,0.4191][0.6477,0.3277,0][0,-1.02184,0.00516436][0,-0.9998,-0.0182999][0.6412,0.2721,0][-0.933237,-1.18397,0.126548][0.1258,-0.9465,-0.2973][0.6819,0.3245,0][-0.87639,-1.05716,-0.12073][0.0692,-0.9757,-0.2081][0.6645,0.3293,0][0,-1.02184,0.00516436][0,-0.9998,-0.0182999][0.6412,0.2721,0][-0.870444,-1.21699,0.355372][0.2263,-0.9739,0.0197001][0.6927,0.3142,0][-0.933237,-1.18397,0.126548][0.1258,-0.9465,-0.2973][0.6819,0.3245,0][0,-1.02184,0.00516436][0,-0.9998,-0.0182999][0.6412,0.2721,0][-0.64285,-1.07725,0.516584][0.2064,-0.9662,0.1547][0.6936,0.294,0][-0.870444,-1.21699,0.355372][0.2263,-0.9739,0.0197001][0.6927,0.3142,0][0,-1.02184,0.00516436][0,-0.9998,-0.0182999][0.6412,0.2721,0][0,-1.33309,0.5396][0,-0.8641,-0.5033][0.6751,0.2516,0][-0.139119,-1.3093,0.54206][-0.3927,-0.7646,-0.5111][0.6795,0.26,0][0,-1.02184,0.00516436][0,-0.9998,-0.0182999][0.6412,0.2721,0][-0.172695,-1.14753,-0.554183][0.29,-0.949,0.1237][0.6158,0.3012,0][0,-1.14625,-0.58253][0,-0.9783,0.2071][0.6081,0.2923,0][0,-1.02184,0.00516436][0,-0.9998,-0.0182999][0.6412,0.2721,0][-0.139119,-1.3093,0.54206][-0.3927,-0.7646,-0.5111][0.6795,0.26,0][-0.323911,-1.1241,0.536678][-0.3343,-0.8666,-0.3705][0.6832,0.2762,0][0,-1.02184,0.00516436][0,-0.9998,-0.0182999][0.6412,0.2721,0][-0.726199,-1.08837,-0.340532][-0.117,-0.9004,0.4191][0.6477,0.3277,0][-0.602406,-1.25543,-0.451305][-0.1617,-0.7755,0.6103][0.633,0.326,0][0,-1.02184,0.00516436][0,-0.9998,-0.0182999][0.6412,0.2721,0][-0.323911,-1.1241,0.536678][-0.3343,-0.8666,-0.3705][0.6832,0.2762,0][-0.64285,-1.07725,0.516584][0.2064,-0.9662,0.1547][0.6936,0.294,0][0,-1.02184,0.00516436][0,-0.9998,-0.0182999][0.6412,0.2721,0][-0.25149,0.895388,-0.515505][0.5102,0.0939001,0.8549][0.5554,0.1669,0][-0.339349,1.1446,-0.519568][0.4564,0.0315001,0.8892][0.5753,0.1628,0][-0.244356,0.754213,-0.459507][0.326,0.0752001,0.9424][0.5549,0.1899,0][-0.212421,-1.08612,-0.701402][-0.0986,-0.2314,-0.9678][0.7367,0.4703,0][-0.223237,-1.03829,-0.713038][-0.1622,-0.1519,-0.975][0.7482,0.477,0][0,-1.08263,-0.730159][0,-0.2142,-0.9768][0.7437,0.503,0][0,-1.08263,-0.730159][0,-0.2142,-0.9768][0.7437,0.503,0][0,-1.12128,-0.724264][0,-0.2142,-0.9768][0.7389,0.5032,0][-0.212421,-1.08612,-0.701402][-0.0986,-0.2314,-0.9678][0.7367,0.4703,0][0,-0.95228,-0.775011][0,-0.1733,-0.9849][0.5063,0.2963,0][0,-1.05265,-0.745075][0,-0.2874,-0.9578][0.5054,0.3251,0][-0.169004,-1.02461,-0.742615][-0.1456,-0.2865,-0.947][0.5574,0.3134,0][-0.169004,-1.02461,-0.742615][-0.1456,-0.2865,-0.947][0.5574,0.3134,0][-0.170285,-0.955561,-0.763478][-0.2221,-0.1619,-0.9615][0.5602,0.2923,0][0,-0.95228,-0.775011][0,-0.1733,-0.9849][0.5063,0.2963,0][-0.169004,-1.02461,-0.742615][-0.1456,-0.2865,-0.947][0.5574,0.3134,0][-0.220417,-0.955561,-0.743179][-0.371,-0.1516,-0.9162][0.5769,0.2932,0][-0.170285,-0.955561,-0.763478][-0.2221,-0.1619,-0.9615][0.5602,0.2923,0][0,-0.95228,-0.775011][0,-0.1733,-0.9849][0.5063,0.2963,0][-0.170285,-0.955561,-0.763478][-0.2221,-0.1619,-0.9615][0.5602,0.2923,0][-0.171618,-0.886411,-0.764093][-0.169,-0.0487001,-0.9844][0.5617,0.2752,0][-0.171618,-0.886411,-0.764093][-0.169,-0.0487001,-0.9844][0.5617,0.2752,0][0,-0.857654,-0.78434][0,-0.0613001,-0.9981][0.5045,0.2645,0][0,-0.95228,-0.775011][0,-0.1733,-0.9849][0.5063,0.2963,0][-0.220417,-0.955561,-0.743179][-0.371,-0.1516,-0.9162][0.5769,0.2932,0][-0.171618,-0.886411,-0.764093][-0.169,-0.0487001,-0.9844][0.5617,0.2752,0][-0.170285,-0.955561,-0.763478][-0.2221,-0.1619,-0.9615][0.5602,0.2923,0][-0.220417,-0.955561,-0.743179][-0.809,0.5264,-0.2614][0.5769,0.2932,0][-0.23759,-0.950794,-0.689407][-0.809,0.5264,-0.2614][0.586,0.2841,0][-0.185151,-0.8758,-0.691765][-0.5626,0.7888,-0.2477][0.5652,0.2612,0][-0.185151,-0.8758,-0.691765][-0.5626,0.7888,-0.2477][0.5652,0.2612,0][-0.171618,-0.886411,-0.764093][-0.4874,0.8398,-0.239][0.5617,0.2752,0][-0.220417,-0.955561,-0.743179][-0.809,0.5264,-0.2614][0.5769,0.2932,0][-0.171618,-0.886411,-0.764093][-0.4874,0.8398,-0.239][0.5617,0.2752,0][-0.185151,-0.8758,-0.691765][-0.5626,0.7888,-0.2477][0.5652,0.2612,0][0,-0.839355,-0.698634][0,0.9806,-0.1959][0.5043,0.2465,0][0,-0.839355,-0.698634][0,0.9806,-0.1959][0.5043,0.2465,0][0,-0.857654,-0.78434][0,0.9806,-0.1959][0.5045,0.2645,0][-0.171618,-0.886411,-0.764093][-0.4874,0.8398,-0.239][0.5617,0.2752,0][-0.169004,-1.02461,-0.742615][-0.1582,-0.9865,-0.0428999][0.5574,0.3134,0][0,-1.05265,-0.745075][0,-0.9991,-0.0433999][0.5054,0.3251,0][0,-1.05372,-0.696942][0,-0.9991,-0.0433999][0.5061,0.3451,0][0,-1.05372,-0.696942][0,-0.9991,-0.0433999][0.5061,0.3451,0][-0.182075,-1.02579,-0.690945][-0.1582,-0.9865,-0.0428999][0.5652,0.325,0][-0.169004,-1.02461,-0.742615][-0.1582,-0.9865,-0.0428999][0.5574,0.3134,0][-0.220417,-0.955561,-0.743179][-0.7864,-0.5824,-0.2056][0.5769,0.2932,0][-0.169004,-1.02461,-0.742615][-0.7864,-0.5824,-0.2056][0.5574,0.3134,0][-0.182075,-1.02579,-0.690945][-0.7864,-0.5824,-0.2056][0.5652,0.325,0][-0.182075,-1.02579,-0.690945][-0.7864,-0.5824,-0.2056][0.5652,0.325,0][-0.23759,-0.950794,-0.689407][-0.7864,-0.5824,-0.2056][0.5882,0.3029,0][-0.220417,-0.955561,-0.743179][-0.7864,-0.5824,-0.2056][0.5769,0.2932,0][-0.226312,-0.855348,-0.674952][0.8627,-0.5058,-0.00129994][0.7678,0.479,0][-0.279008,-0.945565,-0.671722][0.8627,-0.5058,-0.00129994][0.76,0.4734,0][-0.279213,-0.945565,-0.710116][0.8627,-0.5058,-0.00129994][0.76,0.4698,0][-0.279213,-0.945565,-0.710116][0.8627,-0.5058,-0.00129994][0.76,0.4698,0][-0.22621,-0.855348,-0.72657][0.8627,-0.5058,-0.00129994][0.7725,0.4755,0][-0.226312,-0.855348,-0.674952][0.8627,-0.5058,-0.00129994][0.7678,0.479,0][-0.222007,-1.03819,-0.673619][0.8535,0.5208,-0.0161001][0.7519,0.4792,0][-0.223237,-1.03829,-0.713038][0.8535,0.5208,-0.0161001][0.7482,0.477,0][-0.279213,-0.945565,-0.710116][0.8535,0.5208,-0.0161001][0.76,0.4698,0][-0.279213,-0.945565,-0.710116][0.8535,0.5208,-0.0161001][0.76,0.4698,0][-0.279008,-0.945565,-0.671722][0.8535,0.5208,-0.0161001][0.76,0.4734,0][-0.222007,-1.03819,-0.673619][0.8535,0.5208,-0.0161001][0.7519,0.4792,0][0,-0.816749,-0.686536][0,-0.9909,0.1347][0.7758,0.5029,0][-0.226312,-0.855348,-0.674952][0.1437,-0.9806,0.1333][0.7678,0.479,0][-0.22621,-0.855348,-0.72657][0.1437,-0.9806,0.1333][0.7725,0.4755,0][-0.22621,-0.855348,-0.72657][0.1437,-0.9806,0.1333][0.7725,0.4755,0][0,-0.833921,-0.761222][0,-0.9909,0.1347][0.785,0.5001,0][0,-0.816749,-0.686536][0,-0.9909,0.1347][0.7758,0.5029,0][0,-1.07233,-0.682333][0,0.9928,-0.1201][0.7483,0.503,0][0,-1.08263,-0.730159][0,0.9928,-0.1201][0.7437,0.503,0][-0.223237,-1.03829,-0.713038][0.1657,0.979,-0.1185][0.7482,0.477,0][-0.223237,-1.03829,-0.713038][0.1657,0.979,-0.1185][0.7482,0.477,0][-0.222007,-1.03819,-0.673619][0.1657,0.979,-0.1185][0.7519,0.4792,0][0,-1.07233,-0.682333][0,0.9928,-0.1201][0.7483,0.503,0][-0.185151,-0.8758,-0.691765][-0.2039,0.3668,-0.9077][0.8244,0.3798,0][-0.226312,-0.855348,-0.674952][-0.2743,0.2677,-0.9236][0.8369,0.3795,0][0,-0.816749,-0.686536][0,0.4713,-0.882][0.8345,0.4098,0][0,-0.816749,-0.686536][0,0.4713,-0.882][0.8345,0.4098,0][0,-0.839355,-0.698634][0,0.4713,-0.882][0.8244,0.4096,0][-0.185151,-0.8758,-0.691765][-0.2039,0.3668,-0.9077][0.8244,0.3798,0][-0.23759,-0.950794,-0.689407][-0.3583,-0.0369001,-0.9329][0.8247,0.3607,0][-0.279008,-0.945565,-0.671722][-0.355,-0.00160011,-0.9348][0.8368,0.3609,0][-0.226312,-0.855348,-0.674952][-0.2743,0.2677,-0.9236][0.8369,0.3795,0][-0.226312,-0.855348,-0.674952][-0.2743,0.2677,-0.9236][0.8369,0.3795,0][-0.185151,-0.8758,-0.691765][-0.2039,0.3668,-0.9077][0.8244,0.3798,0][-0.23759,-0.950794,-0.689407][-0.3583,-0.0369001,-0.9329][0.8247,0.3607,0][-0.23759,-0.950794,-0.689407][-0.3583,-0.0369001,-0.9329][0.8247,0.3607,0][-0.182075,-1.02579,-0.690945][-0.2099,-0.5111,-0.8335][0.8245,0.3343,0][-0.222007,-1.03819,-0.673619][-0.3169,-0.3312,-0.8887][0.8368,0.3348,0][-0.222007,-1.03819,-0.673619][-0.3169,-0.3312,-0.8887][0.8368,0.3348,0][-0.279008,-0.945565,-0.671722][-0.355,-0.00160011,-0.9348][0.8368,0.3609,0][-0.23759,-0.950794,-0.689407][-0.3583,-0.0369001,-0.9329][0.8247,0.3607,0][-0.182075,-1.02579,-0.690945][-0.2099,-0.5111,-0.8335][0.8245,0.3343,0][0,-1.05372,-0.696942][0,-0.6337,-0.7736][0.8237,0.2964,0][0,-1.07233,-0.682333][0,-0.6337,-0.7736][0.8354,0.2956,0][0,-1.07233,-0.682333][0,-0.6337,-0.7736][0.8354,0.2956,0][-0.222007,-1.03819,-0.673619][-0.3169,-0.3312,-0.8887][0.8368,0.3348,0][-0.182075,-1.02579,-0.690945][-0.2099,-0.5111,-0.8335][0.8245,0.3343,0][-0.162596,-0.571624,-0.633688][-0.1808,-0.8655,-0.4671][0.5487,0.0589,0][0,-0.577724,-0.681821][0,-0.8749,-0.4843][0.5267,0.0581,0][0,-0.623653,-0.60329][0,-0.8749,-0.4843][0.5297,0.0465,0][0,-0.623653,-0.60329][0,-0.8749,-0.4843][0.5297,0.0465,0][-0.140401,-0.617502,-0.555055][-0.1808,-0.8655,-0.4671][0.549,0.0467,0][-0.162596,-0.571624,-0.633688][-0.1808,-0.8655,-0.4671][0.5487,0.0589,0][-0.41946,-0.513137,-0.485803][-0.4987,-0.8226,-0.2731][0.5916,0.0544,0][-0.462877,-0.467208,-0.555414][-0.4851,-0.8287,-0.2794][0.5911,0.0673,0][-0.304381,-0.564601,-0.592782][-0.4005,-0.8475,-0.3484][0.5681,0.059,0][-0.304381,-0.564601,-0.592782][-0.4005,-0.8475,-0.3484][0.5681,0.059,0][-0.283518,-0.61053,-0.513432][-0.3603,-0.856,-0.3706][0.5687,0.0472,0][-0.41946,-0.513137,-0.485803][-0.4987,-0.8226,-0.2731][0.5916,0.0544,0][-0.800936,-0.468797,0.120653][-0.5068,-0.8618,0.0220001][0.6929,0.0628,0][-0.795758,-0.470181,-0.135698][-0.4518,-0.8753,-0.1727][0.6602,0.0638,0][-0.718612,-0.51611,-0.107813][-0.4529,-0.8753,-0.1694][0.6602,0.0516,0][-0.718612,-0.51611,-0.107813][-0.4529,-0.8753,-0.1694][0.6602,0.0516,0][-0.719022,-0.514726,0.115886][-0.5068,-0.8618,0.0219001][0.6928,0.051,0][-0.800936,-0.468797,0.120653][-0.5068,-0.8618,0.0220001][0.6929,0.0628,0][-0.800936,-0.468797,0.120653][-0.5068,-0.8618,0.0220001][0.6929,0.0628,0][-0.719022,-0.514726,0.115886][-0.5068,-0.8618,0.0219001][0.6928,0.051,0][-0.700671,-0.518621,0.316107][-0.3678,-0.8888,0.2733][0.7234,0.0501,0][-0.700671,-0.518621,0.316107][-0.3678,-0.8888,0.2733][0.7234,0.0501,0][-0.767565,-0.472693,0.363573][-0.3673,-0.8888,0.2741][0.7238,0.0624,0][-0.800936,-0.468797,0.120653][-0.5068,-0.8618,0.0220001][0.6929,0.0628,0][-0.598869,-0.466542,0.449844][-0.1625,-0.8632,0.478][0.7473,0.0619,0][-0.767565,-0.472693,0.363573][-0.3673,-0.8888,0.2741][0.7238,0.0624,0][-0.700671,-0.518621,0.316107][-0.3678,-0.8888,0.2733][0.7234,0.0501,0][-0.700671,-0.518621,0.316107][-0.3678,-0.8888,0.2733][0.7234,0.0501,0][-0.567806,-0.51247,0.373928][-0.1625,-0.8632,0.478][0.7467,0.0502,0][-0.598869,-0.466542,0.449844][-0.1625,-0.8632,0.478][0.7473,0.0619,0][0,-0.461723,0.517661][0,-0.8725,0.4886][0.8264,0.0627,0][-0.0965736,-0.461569,0.521454][0.0186,-0.8717,0.4897][0.8137,0.0627,0][-0.0999568,-0.507498,0.439489][0.0186,-0.8717,0.4897][0.8133,0.0507,0][-0.0999568,-0.507498,0.439489][0.0186,-0.8717,0.4897][0.8133,0.0507,0][0,-0.507652,0.435696][0,-0.8725,0.4886][0.8266,0.0507,0][0,-0.461723,0.517661][0,-0.8725,0.4886][0.8264,0.0627,0][-0.638237,-0.462851,-0.336585][-0.3997,-0.8573,-0.3243][0.6274,0.0646,0][-0.462877,-0.467208,-0.555414][-0.4851,-0.8287,-0.2794][0.5911,0.0673,0][-0.41946,-0.513137,-0.485803][-0.4987,-0.8226,-0.2731][0.5916,0.0544,0][-0.41946,-0.513137,-0.485803][-0.4987,-0.8226,-0.2731][0.5916,0.0544,0][-0.576981,-0.508574,-0.291528][-0.4001,-0.8574,-0.3239][0.6269,0.0535,0][-0.638237,-0.462851,-0.336585][-0.3997,-0.8573,-0.3243][0.6274,0.0646,0][-0.327192,-0.506883,0.450356][-0.0555,-0.8733,0.4839][0.7822,0.0506,0][-0.337854,-0.460954,0.531654][-0.0551,-0.8733,0.484][0.7825,0.063,0][-0.598869,-0.466542,0.449844][-0.1625,-0.8632,0.478][0.7473,0.0619,0][-0.598869,-0.466542,0.449844][-0.1625,-0.8632,0.478][0.7473,0.0619,0][-0.567806,-0.51247,0.373928][-0.1625,-0.8632,0.478][0.7467,0.0502,0][-0.327192,-0.506883,0.450356][-0.0555,-0.8733,0.4839][0.7822,0.0506,0][-0.283518,-0.61053,-0.513432][-0.3603,-0.856,-0.3706][0.5687,0.0472,0][-0.304381,-0.564601,-0.592782][-0.4005,-0.8475,-0.3484][0.5681,0.059,0][-0.162596,-0.571624,-0.633688][-0.1808,-0.8655,-0.4671][0.5487,0.0589,0][-0.162596,-0.571624,-0.633688][-0.1808,-0.8655,-0.4671][0.5487,0.0589,0][-0.140401,-0.617502,-0.555055][-0.1808,-0.8655,-0.4671][0.549,0.0467,0][-0.283518,-0.61053,-0.513432][-0.3603,-0.856,-0.3706][0.5687,0.0472,0][-0.0965736,-0.461569,0.521454][0.0186,-0.8717,0.4897][0.8137,0.0627,0][-0.337854,-0.460954,0.531654][-0.0551,-0.8733,0.484][0.7825,0.063,0][-0.327192,-0.506883,0.450356][-0.0555,-0.8733,0.4839][0.7822,0.0506,0][-0.327192,-0.506883,0.450356][-0.0555,-0.8733,0.4839][0.7822,0.0506,0][-0.0999568,-0.507498,0.439489][0.0186,-0.8717,0.4897][0.8133,0.0507,0][-0.0965736,-0.461569,0.521454][0.0186,-0.8717,0.4897][0.8137,0.0627,0][-0.718612,-0.51611,-0.107813][-0.4529,-0.8753,-0.1694][0.6602,0.0516,0][-0.795758,-0.470181,-0.135698][-0.4518,-0.8753,-0.1727][0.6602,0.0638,0][-0.638237,-0.462851,-0.336585][-0.3997,-0.8573,-0.3243][0.6274,0.0646,0][-0.638237,-0.462851,-0.336585][-0.3997,-0.8573,-0.3243][0.6274,0.0646,0][-0.576981,-0.508574,-0.291528][-0.4001,-0.8574,-0.3239][0.6269,0.0535,0][-0.718612,-0.51611,-0.107813][-0.4529,-0.8753,-0.1694][0.6602,0.0516,0][-0.638237,-0.554708,-0.336585][-0.4046,0.8595,-0.3122][0.6268,0.0421,0][-0.795758,-0.562038,-0.135698][-0.4637,0.8727,-0.1528][0.6595,0.0392,0][-0.718612,-0.51611,-0.107813][-0.4638,0.8727,-0.1524][0.6602,0.0516,0][-0.718612,-0.51611,-0.107813][-0.4638,0.8727,-0.1524][0.6602,0.0516,0][-0.576981,-0.508574,-0.291528][-0.404,0.8595,-0.313][0.6269,0.0535,0][-0.638237,-0.554708,-0.336585][-0.4046,0.8595,-0.3122][0.6268,0.0421,0][-0.160802,-0.663482,-0.634251][-0.1087,0.8681,-0.4844][0.5484,0.0347,0][-0.140401,-0.617502,-0.555055][-0.1079,0.8684,-0.4841][0.549,0.0467,0][0,-0.623653,-0.60329][0,0.8707,-0.4917][0.5297,0.0465,0][0,-0.623653,-0.60329][0,0.8707,-0.4917][0.5297,0.0465,0][0,-0.669582,-0.681821][0,0.8707,-0.4917][0.5265,0.035,0][-0.160802,-0.663482,-0.634251][-0.1087,0.8681,-0.4844][0.5484,0.0347,0][-0.462877,-0.559066,-0.555414][0.0205,0.8531,-0.5214][0.5913,0.0424,0][-0.41946,-0.513137,-0.485803][-0.0621,0.8684,-0.492][0.5916,0.0544,0][-0.283518,-0.61053,-0.513432][0.1488,0.8153,-0.5596][0.5687,0.0472,0][-0.283518,-0.61053,-0.513432][0.1488,0.8153,-0.5596][0.5687,0.0472,0][-0.304381,-0.656459,-0.592782][0.1076,0.829,-0.5488][0.5684,0.0349,0][-0.462877,-0.559066,-0.555414][0.0205,0.8531,-0.5214][0.5913,0.0424,0][-0.718612,-0.51611,-0.107813][-0.4638,0.8727,-0.1524][0.6602,0.0516,0][-0.795758,-0.562038,-0.135698][-0.4637,0.8727,-0.1528][0.6595,0.0392,0][-0.800936,-0.560706,0.120653][-0.5026,0.8639,0.0316999][0.6924,0.0393,0][-0.800936,-0.560706,0.120653][-0.5026,0.8639,0.0316999][0.6924,0.0393,0][-0.719022,-0.514726,0.115886][-0.5025,0.864,0.0312999][0.6928,0.051,0][-0.718612,-0.51611,-0.107813][-0.4638,0.8727,-0.1524][0.6602,0.0516,0][-0.700671,-0.518621,0.316107][-0.3854,0.8832,0.2673][0.7234,0.0501,0][-0.719022,-0.514726,0.115886][-0.5025,0.864,0.0312999][0.6928,0.051,0][-0.800936,-0.560706,0.120653][-0.5026,0.8639,0.0316999][0.6924,0.0393,0][-0.800936,-0.560706,0.120653][-0.5026,0.8639,0.0316999][0.6924,0.0393,0][-0.767565,-0.56455,0.363573][-0.3868,0.8832,0.2653][0.7234,0.0376,0][-0.700671,-0.518621,0.316107][-0.3854,0.8832,0.2673][0.7234,0.0501,0][-0.598869,-0.558399,0.449844][-0.2072,0.8662,0.4547][0.7471,0.0385,0][-0.567806,-0.51247,0.373928][-0.2058,0.8664,0.455][0.7467,0.0502,0][-0.700671,-0.518621,0.316107][-0.3854,0.8832,0.2673][0.7234,0.0501,0][-0.700671,-0.518621,0.316107][-0.3854,0.8832,0.2673][0.7234,0.0501,0][-0.767565,-0.56455,0.363573][-0.3868,0.8832,0.2653][0.7234,0.0376,0][-0.598869,-0.558399,0.449844][-0.2072,0.8662,0.4547][0.7471,0.0385,0][-0.0999568,-0.507498,0.439489][0.0223,0.8716,0.4897][0.8133,0.0507,0][-0.0965736,-0.553427,0.521454][0.0223,0.8716,0.4897][0.8137,0.0386,0][0,-0.553581,0.517661][0,0.8726,0.4885][0.8263,0.0388,0][0,-0.553581,0.517661][0,0.8726,0.4885][0.8263,0.0388,0][0,-0.507652,0.435696][0,0.8726,0.4885][0.8266,0.0507,0][-0.0999568,-0.507498,0.439489][0.0223,0.8716,0.4897][0.8133,0.0507,0][-0.638237,-0.554708,-0.336585][-0.4046,0.8595,-0.3122][0.6268,0.0421,0][-0.576981,-0.508574,-0.291528][-0.404,0.8595,-0.313][0.6269,0.0535,0][-0.41946,-0.513137,-0.485803][-0.0621,0.8684,-0.492][0.5916,0.0544,0][-0.41946,-0.513137,-0.485803][-0.0621,0.8684,-0.492][0.5916,0.0544,0][-0.462877,-0.559066,-0.555414][0.0205,0.8531,-0.5214][0.5913,0.0424,0][-0.638237,-0.554708,-0.336585][-0.4046,0.8595,-0.3122][0.6268,0.0421,0][-0.327192,-0.506883,0.450356][-0.0708,0.8744,0.4799][0.7822,0.0506,0][-0.567806,-0.51247,0.373928][-0.2058,0.8664,0.455][0.7467,0.0502,0][-0.598869,-0.558399,0.449844][-0.2072,0.8662,0.4547][0.7471,0.0385,0][-0.598869,-0.558399,0.449844][-0.2072,0.8662,0.4547][0.7471,0.0385,0][-0.337854,-0.552812,0.531654][-0.0713,0.8744,0.4799][0.7824,0.0382,0][-0.327192,-0.506883,0.450356][-0.0708,0.8744,0.4799][0.7822,0.0506,0][-0.304381,-0.656459,-0.592782][0.1076,0.829,-0.5488][0.5684,0.0349,0][-0.283518,-0.61053,-0.513432][0.1488,0.8153,-0.5596][0.5687,0.0472,0][-0.140401,-0.617502,-0.555055][-0.1079,0.8684,-0.4841][0.549,0.0467,0][-0.140401,-0.617502,-0.555055][-0.1079,0.8684,-0.4841][0.549,0.0467,0][-0.160802,-0.663482,-0.634251][-0.1087,0.8681,-0.4844][0.5484,0.0347,0][-0.304381,-0.656459,-0.592782][0.1076,0.829,-0.5488][0.5684,0.0349,0][-0.327192,-0.506883,0.450356][-0.0708,0.8744,0.4799][0.7822,0.0506,0][-0.337854,-0.552812,0.531654][-0.0713,0.8744,0.4799][0.7824,0.0382,0][-0.0965736,-0.553427,0.521454][0.0223,0.8716,0.4897][0.8137,0.0386,0][-0.0965736,-0.553427,0.521454][0.0223,0.8716,0.4897][0.8137,0.0386,0][-0.0999568,-0.507498,0.439489][0.0223,0.8716,0.4897][0.8133,0.0507,0][-0.327192,-0.506883,0.450356][-0.0708,0.8744,0.4799][0.7822,0.0506,0][-0.0953946,-0.636058,0.521659][0.0311,0.9993,-0.0189001][0.8357,0.0196,0][-0.105031,-0.633597,0.641453][0.031,0.9993,-0.0194001][0.8357,0.006,0][0,-0.637339,0.641043][0,0.9999,-0.0146001][0.8479,0.006,0][0,-0.637339,0.641043][0,0.9999,-0.0146001][0.8479,0.006,0][0,-0.638723,0.517866][0,0.9999,-0.0146001][0.8479,0.0196,0][-0.0953946,-0.636058,0.521659][0.0311,0.9993,-0.0189001][0.8357,0.0196,0][-0.0953946,-0.636058,0.521659][0.041,0.00330012,0.9992][0.8142,0.0278,0][0,-0.638723,0.517866][0,0.00270012,1][0.8268,0.0279,0][0,-0.553581,0.517661][0,0.00270012,1][0.8263,0.0388,0][0,-0.553581,0.517661][0,0.00270012,1][0.8263,0.0388,0][-0.0965736,-0.553427,0.521454][0.0411,0.00330012,0.9992][0.8137,0.0386,0][-0.0953946,-0.636058,0.521659][0.041,0.00330012,0.9992][0.8142,0.0278,0][0.892076,0.950743,-0.307162][0.8744,0.3767,-0.3058][0.8716,0.3352,0][0.835536,1.01682,-0.374979][0.8759,0.3531,-0.3287][0.885,0.3361,0][0.837792,1.06162,-0.148769][0.8375,0.5401,-0.0835001][0.8822,0.3094,0][0.837792,1.06162,-0.148769][0.8375,0.5401,-0.0835001][0.8822,0.3094,0][0.894741,0.974425,-0.132981][0.838,0.5394,-0.0824001][0.8702,0.3096,0][0.892076,0.950743,-0.307162][0.8744,0.3767,-0.3058][0.8716,0.3352,0][0.881004,0.31389,0.626998][0.7067,-0.3575,0.6106][0.8791,0.1299,0][0.886899,0.592744,0.568972][0.9182,0.00820005,0.396][0.8727,0.1678,0][0.828155,0.604278,0.725058][0.9172,0.00780005,0.3984][0.8924,0.166,0][0.828155,0.604278,0.725058][0.9172,0.00780005,0.3984][0.8924,0.166,0][0.820825,0.308406,0.682307][0.7943,-0.3717,0.4806][0.8907,0.1301,0][0.881004,0.31389,0.626998][0.7067,-0.3575,0.6106][0.8791,0.1299,0][0.839688,1.09422,0.130853][0.8419,0.5393,-0.0197001][0.8825,0.275,0][0.843071,1.06392,0.543649][0.9286,0.3195,0.189][0.8879,0.226,0][0.896535,0.994263,0.485828][0.916,0.3694,0.1564][0.8727,0.2261,0][0.896535,0.994263,0.485828][0.916,0.3694,0.1564][0.8727,0.2261,0][0.894536,1.00277,0.132904][0.8419,0.5392,-0.0200001][0.8703,0.2743,0][0.839688,1.09422,0.130853][0.8419,0.5393,-0.0197001][0.8825,0.275,0][0.835639,0.983652,0.697993][0.9498,0.1009,0.2962][0.895,0.2097,0][0.893614,0.83182,0.512073][0.9503,0.0721,0.3029][0.8702,0.2008,0][0.896535,0.994263,0.485828][0.916,0.3694,0.1564][0.8727,0.2261,0][0.896535,0.994263,0.485828][0.916,0.3694,0.1564][0.8727,0.2261,0][0.843071,1.06392,0.543649][0.9286,0.3195,0.189][0.8879,0.226,0][0.835639,0.983652,0.697993][0.9498,0.1009,0.2962][0.895,0.2097,0][0.893614,0.83182,0.512073][0.9503,0.0721,0.3029][0.8702,0.2008,0][0.835639,0.983652,0.697993][0.9498,0.1009,0.2962][0.895,0.2097,0][0.828155,0.604278,0.725058][0.9172,0.00780005,0.3984][0.8924,0.166,0][0.828155,0.604278,0.725058][0.9172,0.00780005,0.3984][0.8924,0.166,0][0.886899,0.592744,0.568972][0.9182,0.00820005,0.396][0.8727,0.1678,0][0.893614,0.83182,0.512073][0.9503,0.0721,0.3029][0.8702,0.2008,0][0.894536,1.00277,0.132904][0.8419,0.5392,-0.0200001][0.8703,0.2743,0][0.894741,0.974425,-0.132981][0.838,0.5394,-0.0824001][0.8702,0.3096,0][0.837792,1.06162,-0.148769][0.8375,0.5401,-0.0835001][0.8822,0.3094,0][0.837792,1.06162,-0.148769][0.8375,0.5401,-0.0835001][0.8822,0.3094,0][0.839688,1.09422,0.130853][0.8419,0.5393,-0.0197001][0.8825,0.275,0][0.894536,1.00277,0.132904][0.8419,0.5392,-0.0200001][0.8703,0.2743,0][0.68314,0.0445707,0.486546][0.5334,-0.4505,0.716][0.8992,0.0883,0][0.881004,0.31389,0.626998][0.7067,-0.3575,0.6106][0.8791,0.1299,0][0.820825,0.308406,0.682307][0.7943,-0.3717,0.4806][0.8907,0.1301,0][0.820825,0.308406,0.682307][0.7943,-0.3717,0.4806][0.8907,0.1301,0][0.635212,0.0434942,0.586297][0.8305,-0.3223,0.4544][0.9124,0.0929,0][0.68314,0.0445707,0.486546][0.5334,-0.4505,0.716][0.8992,0.0883,0][1.04744,0.848223,0.579736][0.1077,0.2287,0.9675][0.8473,0.1999,0][0.939132,0.850274,0.589732][0.108,0.2282,0.9676][0.8605,0.2001,0][0.934775,0.602945,0.645041][0.139,0.1855,0.9728][0.8624,0.168,0][0.934775,0.602945,0.645041][0.139,0.1855,0.9728][0.8624,0.168,0][1.04703,0.590796,0.630483][0.1407,0.1838,0.9728][0.8483,0.1665,0][1.04744,0.848223,0.579736][0.1077,0.2287,0.9675][0.8473,0.1999,0][0.931495,0.289747,0.700709][0.1582,0.1663,0.9733][0.8675,0.1299,0][1.04842,0.278624,0.682][0.1582,0.1663,0.9733][0.8535,0.1279,0][1.04703,0.590796,0.630483][0.1407,0.1838,0.9728][0.8483,0.1665,0][1.04703,0.590796,0.630483][0.1407,0.1838,0.9728][0.8483,0.1665,0][0.934775,0.602945,0.645041][0.139,0.1855,0.9728][0.8624,0.168,0][0.931495,0.289747,0.700709][0.1582,0.1663,0.9733][0.8675,0.1299,0][0.939132,0.850274,0.589732][0.108,0.2282,0.9676][0.8605,0.2001,0][1.04744,0.848223,0.579736][0.1077,0.2287,0.9675][0.8473,0.1999,0][1.05042,1.04301,0.528015][0.0943,0.2538,0.9626][0.8483,0.2254,0][1.05042,1.04301,0.528015][0.0943,0.2538,0.9626][0.8483,0.2254,0][0.942977,1.05347,0.535858][0.0943,0.2538,0.9626][0.861,0.2256,0][0.939132,0.850274,0.589732][0.108,0.2282,0.9676][0.8605,0.2001,0][0.709075,1.11434,-0.190526][0.2378,0.9271,-0.2896][0.9036,0.3107,0][0.837792,1.06162,-0.148769][0.2724,0.9252,-0.2642][0.8822,0.3094,0][0.835536,1.01682,-0.374979][0.1066,0.9195,-0.3784][0.885,0.3361,0][0.835536,1.01682,-0.374979][0.1066,0.9195,-0.3784][0.885,0.3361,0][0.584984,0.979236,-0.430247][0.1066,0.9195,-0.3784][0.9189,0.3381,0][0.709075,1.11434,-0.190526][0.2378,0.9271,-0.2896][0.9036,0.3107,0][0.731637,1.1753,0.129246][0.3341,0.9424,0.0131999][0.903,0.2775,0][0.579669,1.10902,0.515295][0.1197,0.9029,0.4128][0.9242,0.2387,0][0.843071,1.06392,0.543649][0.1342,0.9239,0.3583][0.8879,0.226,0][0.843071,1.06392,0.543649][0.1342,0.9239,0.3583][0.8879,0.226,0][0.839688,1.09422,0.130853][0.3381,0.9411,0.00459989][0.8825,0.275,0][0.731637,1.1753,0.129246][0.3341,0.9424,0.0131999][0.903,0.2775,0][0.731637,1.1753,0.129246][0.3341,0.9424,0.0131999][0.903,0.2775,0][0.839688,1.09422,0.130853][0.3381,0.9411,0.00459989][0.8825,0.275,0][0.837792,1.06162,-0.148769][0.2724,0.9252,-0.2642][0.8822,0.3094,0][0.837792,1.06162,-0.148769][0.2724,0.9252,-0.2642][0.8822,0.3094,0][0.709075,1.11434,-0.190526][0.2378,0.9271,-0.2896][0.9036,0.3107,0][0.731637,1.1753,0.129246][0.3341,0.9424,0.0131999][0.903,0.2775,0][0.579669,1.10902,0.515295][0.1197,0.9029,0.4128][0.9242,0.2387,0][0.496606,0.98396,0.703529][0.0445,0.8368,0.5457][0.9336,0.2106,0][0.835639,0.983652,0.697993][0.0306,0.8659,0.4993][0.895,0.2097,0][0.835639,0.983652,0.697993][0.0306,0.8659,0.4993][0.895,0.2097,0][0.843071,1.06392,0.543649][0.1342,0.9239,0.3583][0.8879,0.226,0][0.579669,1.10902,0.515295][0.1197,0.9029,0.4128][0.9242,0.2387,0][0.213087,0.982371,0.706297][0.043,0.7649,0.6427][0.9673,0.2119,0][0.311366,1.08998,0.595346][0.0493,0.7908,0.61][0.9561,0.2333,0][0,1.07095,0.64584][0,0.7361,0.6769][0.9928,0.23,0][0,1.07095,0.64584][0,0.7361,0.6769][0.9928,0.23,0][0,0.980115,0.707629][0,0.7361,0.6769][0.9929,0.2129,0][0.213087,0.982371,0.706297][0.043,0.7649,0.6427][0.9673,0.2119,0][0.496606,0.98396,0.703529][0.0445,0.8368,0.5457][0.9336,0.2106,0][0.579669,1.10902,0.515295][0.1197,0.9029,0.4128][0.9242,0.2387,0][0.311366,1.08998,0.595346][0.0493,0.7908,0.61][0.9561,0.2333,0][0.311366,1.08998,0.595346][0.0493,0.7908,0.61][0.9561,0.2333,0][0.213087,0.982371,0.706297][0.043,0.7649,0.6427][0.9673,0.2119,0][0.496606,0.98396,0.703529][0.0445,0.8368,0.5457][0.9336,0.2106,0][0.433351,0.600382,0.730748][0.0058,-0.0538999,0.9985][0.9405,0.1637,0][0.385987,0.311379,0.677284][-0.0022,-0.2434,0.9699][0.945,0.1277,0][0.820825,0.308406,0.682307][0.0012,-0.2238,0.9746][0.8907,0.1301,0][0.820825,0.308406,0.682307][0.0012,-0.2238,0.9746][0.8907,0.1301,0][0.828155,0.604278,0.725058][0.0081,-0.0443999,0.999][0.8924,0.166,0][0.433351,0.600382,0.730748][0.0058,-0.0538999,0.9985][0.9405,0.1637,0][0.385987,0.311379,0.677284][-0.0022,-0.2434,0.9699][0.945,0.1277,0][0.350925,0.0455961,0.59414][-0.0041,-0.3058,0.9521][0.9492,0.0938,0][0.635212,0.0434942,0.586297][0.0015,-0.3204,0.9473][0.9124,0.0929,0][0.635212,0.0434942,0.586297][0.0015,-0.3204,0.9473][0.9124,0.0929,0][0.820825,0.308406,0.682307][0.0012,-0.2238,0.9746][0.8907,0.1301,0][0.385987,0.311379,0.677284][-0.0022,-0.2434,0.9699][0.945,0.1277,0][0.496606,0.98396,0.703529][0.0128,0.0696001,0.9975][0.9336,0.2106,0][0.433351,0.600382,0.730748][0.0058,-0.0538999,0.9985][0.9405,0.1637,0][0.828155,0.604278,0.725058][0.0081,-0.0443999,0.999][0.8924,0.166,0][0.828155,0.604278,0.725058][0.0081,-0.0443999,0.999][0.8924,0.166,0][0.835639,0.983652,0.697993][0.0149,0.0696001,0.9975][0.895,0.2097,0][0.496606,0.98396,0.703529][0.0128,0.0696001,0.9975][0.9336,0.2106,0][0.191302,0.602432,0.733311][0.002,-0.0629999,0.998][0.9697,0.1647,0][0.213087,0.982371,0.706297][0.0062,0.0693001,0.9976][0.9673,0.2119,0][0,0.980115,0.707629][0,0.0688001,0.9976][0.9929,0.2129,0][0,0.980115,0.707629][0,0.0688001,0.9976][0.9929,0.2129,0][0,0.601202,0.733003][0,-0.0670999,0.9977][0.9927,0.1652,0][0.191302,0.602432,0.733311][0.002,-0.0629999,0.998][0.9697,0.1647,0][0.154292,0.310508,0.673593][-0.0041,-0.2446,0.9696][0.9738,0.1278,0][0.191302,0.602432,0.733311][0.002,-0.0629999,0.998][0.9697,0.1647,0][0,0.601202,0.733003][0,-0.0670999,0.9977][0.9927,0.1652,0][0,0.601202,0.733003][0,-0.0670999,0.9977][0.9927,0.1652,0][0,0.310661,0.673337][0,-0.2459,0.9693][0.9926,0.1282,0][0.154292,0.310508,0.673593][-0.0041,-0.2446,0.9696][0.9738,0.1278,0][0.154292,0.310508,0.673593][-0.0041,-0.2446,0.9696][0.9738,0.1278,0][0.121178,0.0419567,0.592141][-0.0058,-0.2918,0.9564][0.978,0.0929,0][0.350925,0.0455961,0.59414][-0.0041,-0.3058,0.9521][0.9492,0.0938,0][0.350925,0.0455961,0.59414][-0.0041,-0.3058,0.9521][0.9492,0.0938,0][0.385987,0.311379,0.677284][-0.0022,-0.2434,0.9699][0.945,0.1277,0][0.154292,0.310508,0.673593][-0.0041,-0.2446,0.9696][0.9738,0.1278,0][0.433351,0.600382,0.730748][0.0058,-0.0538999,0.9985][0.9405,0.1637,0][0.496606,0.98396,0.703529][0.0128,0.0696001,0.9975][0.9336,0.2106,0][0.213087,0.982371,0.706297][0.0062,0.0693001,0.9976][0.9673,0.2119,0][0.213087,0.982371,0.706297][0.0062,0.0693001,0.9976][0.9673,0.2119,0][0.191302,0.602432,0.733311][0.002,-0.0629999,0.998][0.9697,0.1647,0][0.433351,0.600382,0.730748][0.0058,-0.0538999,0.9985][0.9405,0.1637,0][0.385987,0.311379,0.677284][-0.0022,-0.2434,0.9699][0.945,0.1277,0][0.433351,0.600382,0.730748][0.0058,-0.0538999,0.9985][0.9405,0.1637,0][0.191302,0.602432,0.733311][0.002,-0.0629999,0.998][0.9697,0.1647,0][0.191302,0.602432,0.733311][0.002,-0.0629999,0.998][0.9697,0.1647,0][0.154292,0.310508,0.673593][-0.0041,-0.2446,0.9696][0.9738,0.1278,0][0.385987,0.311379,0.677284][-0.0022,-0.2434,0.9699][0.945,0.1277,0][0,0.310661,0.673337][0,-0.2459,0.9693][0.9926,0.1282,0][0,0.0411363,0.59127][0,-0.2906,0.9568][0.9929,0.0927,0][0.121178,0.0419567,0.592141][-0.0058,-0.2918,0.9564][0.978,0.0929,0][0.121178,0.0419567,0.592141][-0.0058,-0.2918,0.9564][0.978,0.0929,0][0.154292,0.310508,0.673593][-0.0041,-0.2446,0.9696][0.9738,0.1278,0][0,0.310661,0.673337][0,-0.2459,0.9693][0.9926,0.1282,0][1.04893,1.04911,-0.138415][0.0936,0.9845,-0.1481][0.8459,0.3088,0][0.939747,1.05536,-0.143592][0.0934,0.984,-0.1517][0.8595,0.3091,0][0.940363,1.07956,0.131366][0.1077,0.9942,-0.00740012][0.86,0.2746,0][0.940363,1.07956,0.131366][0.1077,0.9942,-0.00740012][0.86,0.2746,0][1.04832,1.0649,0.131878][0.1078,0.9941,-0.00680012][0.8462,0.2746,0][1.04893,1.04911,-0.138415][0.0936,0.9845,-0.1481][0.8459,0.3088,0][0.939747,1.05536,-0.143592][0.0934,0.984,-0.1517][0.8595,0.3091,0][1.04893,1.04911,-0.138415][0.0936,0.9845,-0.1481][0.8459,0.3088,0][1.04985,1.00262,-0.326795][0.0889,0.9701,-0.2259][0.8473,0.3336,0][1.04985,1.00262,-0.326795][0.0889,0.9701,-0.2259][0.8473,0.3336,0][0.939286,1.00969,-0.350887][0.0889,0.9701,-0.2259][0.8608,0.3346,0][0.939747,1.05536,-0.143592][0.0934,0.984,-0.1517][0.8595,0.3091,0][0.940363,1.07956,0.131366][0.1077,0.9942,-0.00740012][0.86,0.2746,0][0.942977,1.05347,0.535858][0.1176,0.9913,0.0586999][0.861,0.2256,0][1.05042,1.04301,0.528015][0.1176,0.9913,0.0586999][0.8483,0.2254,0][1.05042,1.04301,0.528015][0.1176,0.9913,0.0586999][0.8483,0.2254,0][1.04832,1.0649,0.131878][0.1078,0.9941,-0.00680012][0.8462,0.2746,0][0.940363,1.07956,0.131366][0.1077,0.9942,-0.00740012][0.86,0.2746,0][0.25149,0.895388,-0.515505][-0.7902,0.3531,-0.5009][0.1998,0.0353,0][0.339348,1.1446,-0.519568][-0.7902,0.3531,-0.5009][0.235,0.0604,0][0.40468,1.13158,-0.575811][-0.7902,0.3531,-0.5009][0.2376,0.048,0][0.40468,1.13158,-0.575811][-0.7902,0.3531,-0.5009][0.2376,0.048,0][0.268737,0.890344,-0.598486][-0.7902,0.3531,-0.5009][0.2014,0.0248,0][0.25149,0.895388,-0.515505][-0.7902,0.3531,-0.5009][0.1998,0.0353,0][0.606637,1.26088,-0.188009][-0.0528,0.9794,-0.1949][0.3148,0.0529,0][0.73795,1.26782,-0.189662][-0.0602,0.9832,-0.1725][0.3174,0.0327,0][0.620093,1.19482,-0.457954][-0.0459,0.9501,-0.3086][0.2738,0.0391,0][0.620093,1.19482,-0.457954][-0.0459,0.9501,-0.3086][0.2738,0.0391,0][0.490964,1.19959,-0.436767][-0.0637,0.9269,-0.3698][0.2672,0.0572,0][0.606637,1.26088,-0.188009][-0.0528,0.9794,-0.1949][0.3148,0.0529,0][0.566742,1.29673,0.60621][0.0602,0.9573,-0.2826][0.4275,0.0399,0][0.760259,1.30649,0.147149][-0.0958,0.9928,-0.0725001][0.3673,0.0296,0][0.62446,1.29109,0.121831][-0.0966,0.9928,-0.0705001][0.3673,0.0506,0][0.62446,1.29109,0.121831][-0.0966,0.9928,-0.0705001][0.3673,0.0506,0][0.440209,1.28198,0.532026][0.1341,0.9134,-0.3843][0.4249,0.0633,0][0.566742,1.29673,0.60621][0.0602,0.9573,-0.2826][0.4275,0.0399,0][0.62446,1.29109,0.121831][-0.0966,0.9928,-0.0705001][0.3673,0.0506,0][0.760259,1.30649,0.147149][-0.0958,0.9928,-0.0725001][0.3673,0.0296,0][0.73795,1.26782,-0.189662][-0.0602,0.9832,-0.1725][0.3174,0.0327,0][0.73795,1.26782,-0.189662][-0.0602,0.9832,-0.1725][0.3174,0.0327,0][0.606637,1.26088,-0.188009][-0.0528,0.9794,-0.1949][0.3148,0.0529,0][0.62446,1.29109,0.121831][-0.0966,0.9928,-0.0705001][0.3673,0.0506,0][1.04893,1.04911,-0.138415][1,0.0018,0.0035][0.6357,0.2593,0][1.04903,0.535179,0.0967655][1,0.0014,0.0022][0.6067,0.2474,0][1.04985,1.00262,-0.326795][1,-0.0004,0.0015][0.6342,0.2698,0][1.04842,0.278624,0.682][1,0.0046,0.003][0.5918,0.2148,0][1.04903,0.535179,0.0967655][1,0.0014,0.0022][0.6067,0.2474,0][1.04703,0.590796,0.630483][1,0.0022,0.0035][0.6095,0.2185,0][1.05042,1.04301,0.528015][1,-0.0054,0.0032][0.6342,0.2209,0][1.04903,0.535179,0.0967655][1,0.0014,0.0022][0.6067,0.2474,0][1.04832,1.0649,0.131878][1,0.0015,-0.0017][0.6362,0.2449,0][1.04837,-0.02422,0.125984][1,-0.001,0.003][0.5768,0.2469,0][1.04903,0.535179,0.0967655][1,0.0014,0.0022][0.6067,0.2474,0][1.05026,0.0168393,0.425188][1,0.0016,-0.0013][0.5776,0.2308,0][1.04744,0.848223,0.579736][0.9999,-0.0079,0.0084][0.6234,0.2208,0][1.04903,0.535179,0.0967655][1,0.0014,0.0022][0.6067,0.2474,0][1.05042,1.04301,0.528015][1,-0.0054,0.0032][0.6342,0.2209,0][1.04703,0.590796,0.630483][1,0.0022,0.0035][0.6095,0.2185,0][1.04903,0.535179,0.0967655][1,0.0014,0.0022][0.6067,0.2474,0][1.04744,0.848223,0.579736][0.9999,-0.0079,0.0084][0.6234,0.2208,0][1.04929,0.842226,-0.375851][1,-0.0012,-0.0002][0.6257,0.2722,0][1.04903,0.535179,0.0967655][1,0.0014,0.0022][0.6067,0.2474,0][1.0499,0.544713,-0.431519][1,0.0039,0.0017][0.6089,0.2759,0][1.05257,-0.00135803,-0.212793][1,0.0026,0.0069][0.5777,0.2661,0][1.04903,0.535179,0.0967655][1,0.0014,0.0022][0.6067,0.2474,0][1.04837,-0.02422,0.125984][1,-0.001,0.003][0.5768,0.2469,0][1.04832,1.0649,0.131878][1,0.0015,-0.0017][0.6362,0.2449,0][1.04903,0.535179,0.0967655][1,0.0014,0.0022][0.6067,0.2474,0][1.04893,1.04911,-0.138415][1,0.0018,0.0035][0.6357,0.2593,0][1.05026,0.0168393,0.425188][1,0.0016,-0.0013][0.5776,0.2308,0][1.04903,0.535179,0.0967655][1,0.0014,0.0022][0.6067,0.2474,0][1.04842,0.278624,0.682][1,0.0046,0.003][0.5918,0.2148,0][1.04903,0.535179,0.0967655][1,0.0014,0.0022][0.6067,0.2474,0][1.04929,0.842226,-0.375851][1,-0.0012,-0.0002][0.6257,0.2722,0][1.04985,1.00262,-0.326795][1,-0.0004,0.0015][0.6342,0.2698,0][1.04903,0.535179,0.0967655][1,0.0014,0.0022][0.6067,0.2474,0][1.05257,-0.00135803,-0.212793][1,0.0026,0.0069][0.5777,0.2661,0][1.05134,0.300665,-0.450946][1,0.0056,0.0018][0.5966,0.2788,0][1.04903,0.535179,0.0967655][1,0.0014,0.0022][0.6067,0.2474,0][1.05134,0.300665,-0.450946][1,0.0056,0.0018][0.5966,0.2788,0][1.0499,0.544713,-0.431519][1,0.0039,0.0017][0.6089,0.2759,0][0.386089,-0.791375,-0.675618][0.2871,0.0232999,-0.9576][0.7821,0.4387,0][0.226261,-0.855348,-0.72657][0.2344,0.1306,-0.9633][0.7725,0.4755,0][0.207705,-0.798142,-0.717856][0.1919,0.1893,-0.963][0.7836,0.4672,0][0.42028,-0.942079,-0.665622][0.2828,-0.0103001,-0.9591][0.7584,0.4363,0][0.386089,-0.791375,-0.675618][0.2871,0.0232999,-0.9576][0.7821,0.4387,0][0.578878,-0.78138,-0.618668][0.5056,0.0374999,-0.862][0.7801,0.4078,0][0.578878,-0.78138,-0.618668][0.5056,0.0374999,-0.862][0.7801,0.4078,0][0.603072,-0.920243,-0.610005][0.4956,0.0516999,-0.867][0.759,0.4062,0][0.42028,-0.942079,-0.665622][0.2828,-0.0103001,-0.9591][0.7584,0.4363,0][0,-0.833921,-0.761222][0,0.1728,-0.985][0.785,0.5001,0][0,-0.801986,-0.757583][0,0.1728,-0.985][0.7904,0.4988,0][0.207705,-0.798142,-0.717856][0.1919,0.1893,-0.963][0.7836,0.4672,0][0.207705,-0.798142,-0.717856][0.1919,0.1893,-0.963][0.7836,0.4672,0][0.226261,-0.855348,-0.72657][0.2344,0.1306,-0.9633][0.7725,0.4755,0][0,-0.833921,-0.761222][0,0.1728,-0.985][0.785,0.5001,0][0.603072,-0.920243,-0.610005][0.4956,0.0516999,-0.867][0.759,0.4062,0][0.649616,-1.1872,-0.593346][0.4448,0.0254999,-0.8952][0.7189,0.4036,0][0.483534,-1.22083,-0.64722][0.272,-0.0263001,-0.9619][0.716,0.429,0][0.483534,-1.22083,-0.64722][0.272,-0.0263001,-0.9619][0.716,0.429,0][0.42028,-0.942079,-0.665622][0.2828,-0.0103001,-0.9591][0.7584,0.4363,0][0.603072,-0.920243,-0.610005][0.4956,0.0516999,-0.867][0.759,0.4062,0][0.212421,-1.08612,-0.701402][0.0986,-0.2314,-0.9678][0.7367,0.4703,0][0.223237,-1.03829,-0.713038][0.1622,-0.1519,-0.975][0.7482,0.477,0][0.483534,-1.22083,-0.64722][0.272,-0.0263001,-0.9619][0.716,0.429,0][0.603072,-0.920243,-0.610005][0.4956,0.0516999,-0.867][0.759,0.4062,0][0.821183,-1.00354,-0.435619][0.717,0.1424,-0.6824][0.741,0.366,0][0.649616,-1.1872,-0.593346][0.4448,0.0254999,-0.8952][0.7189,0.4036,0][0.784327,-0.743037,-0.40389][0.7512,0.1557,-0.6415][0.7819,0.3623,0][0.603072,-0.920243,-0.610005][0.4956,0.0516999,-0.867][0.759,0.4062,0][0.578878,-0.78138,-0.618668][0.5056,0.0374999,-0.862][0.7801,0.4078,0][0.999773,-0.961558,-0.156663][0.9274,0.1629,-0.3367][0.7432,0.3163,0][0.821183,-1.00354,-0.435619][0.717,0.1424,-0.6824][0.741,0.366,0][0.784327,-0.743037,-0.40389][0.7512,0.1557,-0.6415][0.7819,0.3623,0][0.784327,-0.743037,-0.40389][0.7512,0.1557,-0.6415][0.7819,0.3623,0][0.962353,-0.705823,-0.150563][0.9233,0.1629,-0.3479][0.7832,0.3145,0][0.999773,-0.961558,-0.156663][0.9274,0.1629,-0.3367][0.7432,0.3163,0][0.99762,-0.684909,0.169555][0.9821,0.1609,0.0983][0.7847,0.2655,0][1.06518,-1.09201,0.156432][0.9799,0.1606,0.1181][0.7225,0.2707,0][0.999773,-0.961558,-0.156663][0.9274,0.1629,-0.3367][0.7432,0.3163,0][0.999773,-0.961558,-0.156663][0.9274,0.1629,-0.3367][0.7432,0.3163,0][0.962353,-0.705823,-0.150563][0.9233,0.1629,-0.3479][0.7832,0.3145,0][0.99762,-0.684909,0.169555][0.9821,0.1609,0.0983][0.7847,0.2655,0][0.99762,-0.684909,0.169555][0.9821,0.1609,0.0983][0.7847,0.2655,0][0.901456,-0.675425,0.459532][0.7784,0.0872001,0.6216][0.7843,0.219,0][0.989162,-1.12497,0.428981][0.8389,0.109,0.5333][0.7169,0.2313,0][0.989162,-1.12497,0.428981][0.8389,0.109,0.5333][0.7169,0.2313,0][1.06518,-1.09201,0.156432][0.9799,0.1606,0.1181][0.7225,0.2707,0][0.99762,-0.684909,0.169555][0.9821,0.1609,0.0983][0.7847,0.2655,0][0.652077,-0.985548,0.640326][0.3775,-0.0132999,0.9259][0.7359,0.1725,0][0.989162,-1.12497,0.428981][0.8389,0.109,0.5333][0.7169,0.2313,0][0.901456,-0.675425,0.459532][0.7784,0.0872001,0.6216][0.7843,0.219,0][0.901456,-0.675425,0.459532][0.7784,0.0872001,0.6216][0.7843,0.219,0][0.641261,-0.678552,0.656472][0.3584,-0.0167999,0.9334][0.783,0.1701,0][0.652077,-0.985548,0.640326][0.3775,-0.0132999,0.9259][0.7359,0.1725,0][0.111644,-1.24938,0.689791][0.003,-0.0194999,0.9998][0.6966,0.0919,0][0.106774,-0.692956,0.698249][0.0109,-0.0211999,0.9997][0.7807,0.0925,0][0,-0.696032,0.697788][0,-0.0165999,0.9999][0.78,0.0755,0][0,-0.696032,0.697788][0,-0.0165999,0.9999][0.78,0.0755,0][0,-1.26061,0.687638][0,-0.0165999,0.9999][0.6939,0.0753,0][0.111644,-1.24938,0.689791][0.003,-0.0194999,0.9998][0.6966,0.0919,0][0.306021,-1.0529,0.682615][0.0664,-0.0348999,0.9972][0.7247,0.1198,0][0.37066,-0.686908,0.695891][0.0917,-0.0417999,0.9949][0.7816,0.1289,0][0.106774,-0.692956,0.698249][0.0109,-0.0211999,0.9997][0.7807,0.0925,0][0.106774,-0.692956,0.698249][0.0109,-0.0211999,0.9997][0.7807,0.0925,0][0.111644,-1.24938,0.689791][0.003,-0.0194999,0.9998][0.6966,0.0919,0][0.306021,-1.0529,0.682615][0.0664,-0.0348999,0.9972][0.7247,0.1198,0][0.784327,-0.743037,-0.40389][0.7512,0.1557,-0.6415][0.7819,0.3623,0][0.821183,-1.00354,-0.435619][0.717,0.1424,-0.6824][0.741,0.366,0][0.603072,-0.920243,-0.610005][0.4956,0.0516999,-0.867][0.759,0.4062,0][0.652077,-0.985548,0.640326][0.3775,-0.0132999,0.9259][0.7359,0.1725,0][0.641261,-0.678552,0.656472][0.3584,-0.0167999,0.9334][0.783,0.1701,0][0.37066,-0.686908,0.695891][0.0917,-0.0417999,0.9949][0.7816,0.1289,0][0.37066,-0.686908,0.695891][0.0917,-0.0417999,0.9949][0.7816,0.1289,0][0.306021,-1.0529,0.682615][0.0664,-0.0348999,0.9972][0.7247,0.1198,0][0.652077,-0.985548,0.640326][0.3775,-0.0132999,0.9259][0.7359,0.1725,0][0.767565,-0.421792,0.363573][0.1978,-0.9528,0.2305][0.8928,0.0242,0][0.840098,-0.397341,0.376183][0.2113,-0.967,0.1424][0.8866,0.0307,0][0.608506,-0.399032,0.503872][0.1146,-0.9456,0.3045][0.917,0.0348,0][0.608506,-0.399032,0.503872][0.1146,-0.9456,0.3045][0.917,0.0348,0][0.598869,-0.41564,0.449844][0.1289,-0.9403,0.315][0.9162,0.0275,0][0.767565,-0.421792,0.363573][0.1978,-0.9528,0.2305][0.8928,0.0242,0][0.800936,-0.417947,0.120653][0.2081,-0.978,0.0160001][0.8666,0.0073,0][0.889923,-0.404568,0.122191][0.2071,-0.9782,0.0143001][0.86,0.0161,0][0.840098,-0.397341,0.376183][0.2113,-0.967,0.1424][0.8866,0.0307,0][0.840098,-0.397341,0.376183][0.2113,-0.967,0.1424][0.8866,0.0307,0][0.767565,-0.421792,0.363573][0.1978,-0.9528,0.2305][0.8928,0.0242,0][0.800936,-0.417947,0.120653][0.2081,-0.978,0.0160001][0.8666,0.0073,0][0.889923,-0.404568,0.122191][0.2071,-0.9782,0.0143001][0.8295,0.5358,0][0.800936,-0.417947,0.120653][0.2081,-0.978,0.0160001][0.8349,0.5461,0][0.795758,-0.41928,-0.135698][0.1551,-0.9865,-0.0524999][0.8636,0.5321,0][0.795758,-0.41928,-0.135698][0.1551,-0.9865,-0.0524999][0.8636,0.5321,0][0.871828,-0.40016,-0.165685][0.1542,-0.9866,-0.0533999][0.8612,0.5222,0][0.889923,-0.404568,0.122191][0.2071,-0.9782,0.0143001][0.8295,0.5358,0][0.337854,-0.410053,0.531654][0.0404,-0.9699,0.24][0.9502,0.0269,0][0.598869,-0.41564,0.449844][0.1289,-0.9403,0.315][0.9162,0.0275,0][0.608506,-0.399032,0.503872][0.1146,-0.9456,0.3045][0.917,0.0348,0][0.608506,-0.399032,0.503872][0.1146,-0.9456,0.3045][0.917,0.0348,0][0.329293,-0.39893,0.576507][0.0275,-0.9738,0.2258][0.9522,0.032,0][0.337854,-0.410053,0.531654][0.0404,-0.9699,0.24][0.9502,0.0269,0][0.329293,-0.39893,0.576507][0.0275,-0.9738,0.2258][0.9522,0.032,0][0.0999055,-0.399442,0.587271][-0.0018,-0.9828,0.1846][0.9807,0.0294,0][0.0965736,-0.410668,0.521454][-0.0022,-0.983,0.1834][0.9803,0.0209,0][0.0965736,-0.410668,0.521454][-0.0022,-0.983,0.1834][0.9803,0.0209,0][0.337854,-0.410053,0.531654][0.0404,-0.9699,0.24][0.9502,0.0269,0][0.329293,-0.39893,0.576507][0.0275,-0.9738,0.2258][0.9522,0.032,0][0,-0.399391,0.583068][0,-0.9854,0.1703][0.9935,0.0279,0][0,-0.410822,0.517661][0,-0.9854,0.1703][0.9933,0.0192,0][0.0965736,-0.410668,0.521454][-0.0022,-0.983,0.1834][0.9803,0.0209,0][0.0965736,-0.410668,0.521454][-0.0022,-0.983,0.1834][0.9803,0.0209,0][0.0999055,-0.399442,0.587271][-0.0018,-0.9828,0.1846][0.9807,0.0294,0][0,-0.399391,0.583068][0,-0.9854,0.1703][0.9935,0.0279,0][0.735631,-0.407439,-0.338687][0.0885,-0.9856,-0.1438][0.8868,0.5196,0][0.871828,-0.40016,-0.165685][0.1542,-0.9866,-0.0533999][0.8612,0.5222,0][0.795758,-0.41928,-0.135698][0.1551,-0.9865,-0.0524999][0.8636,0.5321,0][0.795758,-0.41928,-0.135698][0.1551,-0.9865,-0.0524999][0.8636,0.5321,0][0.638237,-0.41195,-0.336585][0.1345,-0.9678,-0.213][0.8958,0.5293,0][0.735631,-0.407439,-0.338687][0.0885,-0.9856,-0.1438][0.8868,0.5196,0][0.123844,0.90871,-0.594782][0.003,0.9992,-0.0402001][0.1759,0.024,0][0,0.904455,-0.601702][0,0.9989,-0.0475001][0.155,0.0269,0][0,0.912555,-0.502719][0,0.9989,-0.0475001][0.159,0.0441,0][0,0.912555,-0.502719][0,0.9989,-0.0475001][0.159,0.0441,0][0.115899,0.909786,-0.500002][0.0033,0.9992,-0.0398001][0.1792,0.0393,0][0.123844,0.90871,-0.594782][0.003,0.9992,-0.0402001][0.1759,0.024,0][0.490964,1.19959,-0.436767][-0.0637,0.9269,-0.3698][0.2672,0.0572,0][0.620093,1.19482,-0.457954][-0.0459,0.9501,-0.3086][0.2738,0.0391,0][0.40468,1.13158,-0.575811][-0.0811,0.8998,-0.4286][0.2376,0.048,0][0.40468,1.13158,-0.575811][-0.0811,0.8998,-0.4286][0.2376,0.048,0][0.339348,1.1446,-0.519568][-0.0811,0.8998,-0.4286][0.235,0.0604,0][0.490964,1.19959,-0.436767][-0.0637,0.9269,-0.3698][0.2672,0.0572,0][0.835536,1.01682,-0.374979][0.1351,0.5233,-0.8414][0.885,0.3361,0][0.833742,0.866574,-0.434184][0.2115,0.3726,-0.9036][0.8856,0.3546,0][0.590821,0.884977,-0.49626][0.1903,0.4381,-0.8786][0.9165,0.3542,0][0.590821,0.884977,-0.49626][0.1903,0.4381,-0.8786][0.9165,0.3542,0][0.584984,0.979236,-0.430247][0.1187,0.5915,-0.7975][0.9189,0.3381,0][0.835536,1.01682,-0.374979][0.1351,0.5233,-0.8414][0.885,0.3361,0][0.380788,0.832312,-0.594635][0.2196,0.3387,-0.9149][0.9458,0.3579,0][0.584984,0.979236,-0.430247][0.1187,0.5915,-0.7975][0.9189,0.3381,0][0.590821,0.884977,-0.49626][0.1903,0.4381,-0.8786][0.9165,0.3542,0][0.319913,0.610685,-0.643683][0.252,0.2571,-0.9329][0.9532,0.3881,0][0.350925,0.37776,-0.700223][0.2804,0.1477,-0.9484][0.9552,0.4175,0][0.164647,0.388371,-0.736874][0.1968,0.1504,-0.9688][0.9742,0.4162,0][0.164647,0.388371,-0.736874][0.1968,0.1504,-0.9688][0.9742,0.4162,0][0.145988,0.608532,-0.690176][0.2032,0.2731,-0.9403][0.9757,0.3879,0][0.319913,0.610685,-0.643683][0.252,0.2571,-0.9329][0.9532,0.3881,0][0.590719,0.609301,-0.56459][0.2872,0.2154,-0.9333][0.9181,0.3883,0][0.589027,0.357666,-0.613543][0.3209,0.1266,-0.9386][0.9198,0.4193,0][0.350925,0.37776,-0.700223][0.2804,0.1477,-0.9484][0.9552,0.4175,0][0.350925,0.37776,-0.700223][0.2804,0.1477,-0.9484][0.9552,0.4175,0][0.319913,0.610685,-0.643683][0.252,0.2571,-0.9329][0.9532,0.3881,0][0.590719,0.609301,-0.56459][0.2872,0.2154,-0.9333][0.9181,0.3883,0][0.589027,0.357666,-0.613543][0.3209,0.1266,-0.9386][0.9198,0.4193,0][0.568216,0.117514,-0.636507][0.4115,-0.0614001,-0.9093][0.9229,0.4486,0][0.374402,0.135762,-0.703042][0.2975,0.0625999,-0.9527][0.9479,0.4475,0][0.374402,0.135762,-0.703042][0.2975,0.0625999,-0.9527][0.9479,0.4475,0][0.350925,0.37776,-0.700223][0.2804,0.1477,-0.9484][0.9552,0.4175,0][0.589027,0.357666,-0.613543][0.3209,0.1266,-0.9386][0.9198,0.4193,0][0.833947,0.586798,-0.489699][0.2981,0.1887,-0.9357][0.8865,0.3899,0][0.836869,0.335214,-0.531629][0.3981,0.00719989,-0.9173][0.8877,0.4214,0][0.589027,0.357666,-0.613543][0.3209,0.1266,-0.9386][0.9198,0.4193,0][0.589027,0.357666,-0.613543][0.3209,0.1266,-0.9386][0.9198,0.4193,0][0.590719,0.609301,-0.56459][0.2872,0.2154,-0.9333][0.9181,0.3883,0][0.833947,0.586798,-0.489699][0.2981,0.1887,-0.9357][0.8865,0.3899,0][0.167415,0.15032,-0.764811][0.1854,0.0698999,-0.9802][0.9739,0.4462,0][0.164647,0.388371,-0.736874][0.1968,0.1504,-0.9688][0.9742,0.4162,0][0.350925,0.37776,-0.700223][0.2804,0.1477,-0.9484][0.9552,0.4175,0][0.350925,0.37776,-0.700223][0.2804,0.1477,-0.9484][0.9552,0.4175,0][0.374402,0.135762,-0.703042][0.2975,0.0625999,-0.9527][0.9479,0.4475,0][0.167415,0.15032,-0.764811][0.1854,0.0698999,-0.9802][0.9739,0.4462,0][0.590719,0.609301,-0.56459][0.2872,0.2154,-0.9333][0.9181,0.3883,0][0.590821,0.884977,-0.49626][0.1903,0.4381,-0.8786][0.9165,0.3542,0][0.833742,0.866574,-0.434184][0.2115,0.3726,-0.9036][0.8856,0.3546,0][0.833742,0.866574,-0.434184][0.2115,0.3726,-0.9036][0.8856,0.3546,0][0.833947,0.586798,-0.489699][0.2981,0.1887,-0.9357][0.8865,0.3899,0][0.590719,0.609301,-0.56459][0.2872,0.2154,-0.9333][0.9181,0.3883,0][0.380788,0.832312,-0.594635][0.2196,0.3387,-0.9149][0.9458,0.3579,0][0.590821,0.884977,-0.49626][0.1903,0.4381,-0.8786][0.9165,0.3542,0][0.590719,0.609301,-0.56459][0.2872,0.2154,-0.9333][0.9181,0.3883,0][0.590719,0.609301,-0.56459][0.2872,0.2154,-0.9333][0.9181,0.3883,0][0.319913,0.610685,-0.643683][0.252,0.2571,-0.9329][0.9532,0.3881,0][0.380788,0.832312,-0.594635][0.2196,0.3387,-0.9149][0.9458,0.3579,0][0.319913,0.610685,-0.643683][0.252,0.2571,-0.9329][0.9532,0.3881,0][0.277577,0.81295,-0.62582][0.2303,0.2982,-0.9263][0.9585,0.3594,0][0.380788,0.832312,-0.594635][0.2196,0.3387,-0.9149][0.9458,0.3579,0][0.145988,0.608532,-0.690176][0.2032,0.2731,-0.9403][0.9757,0.3879,0][0.137223,0.813725,-0.623846][0.2005,0.3156,-0.9275][0.9753,0.3612,0][0.277577,0.81295,-0.62582][0.2303,0.2982,-0.9263][0.9585,0.3594,0][0.277577,0.81295,-0.62582][0.2303,0.2982,-0.9263][0.9585,0.3594,0][0.319913,0.610685,-0.643683][0.252,0.2571,-0.9329][0.9532,0.3881,0][0.145988,0.608532,-0.690176][0.2032,0.2731,-0.9403][0.9757,0.3879,0][0,0.604175,-0.721906][0,0.2756,-0.9613][0.9943,0.3883,0][0.145988,0.608532,-0.690176][0.2032,0.2731,-0.9403][0.9757,0.3879,0][0.164647,0.388371,-0.736874][0.1968,0.1504,-0.9688][0.9742,0.4162,0][0.164647,0.388371,-0.736874][0.1968,0.1504,-0.9688][0.9742,0.4162,0][0,0.392882,-0.769014][0,0.1426,-0.9898][0.9943,0.416,0][0,0.604175,-0.721906][0,0.2756,-0.9613][0.9943,0.3883,0][0,0.167082,-0.7705][0,0.0639999,-0.9979][0.9939,0.4449,0][0,0.392882,-0.769014][0,0.1426,-0.9898][0.9943,0.416,0][0.164647,0.388371,-0.736874][0.1968,0.1504,-0.9688][0.9742,0.4162,0][0.164647,0.388371,-0.736874][0.1968,0.1504,-0.9688][0.9742,0.4162,0][0.167415,0.15032,-0.764811][0.1854,0.0698999,-0.9802][0.9739,0.4462,0][0,0.167082,-0.7705][0,0.0639999,-0.9979][0.9939,0.4449,0][0.145988,0.608532,-0.690176][0.2032,0.2731,-0.9403][0.9757,0.3879,0][0,0.604175,-0.721906][0,0.2756,-0.9613][0.9943,0.3883,0][0,0.799988,-0.646862][0,0.3356,-0.942][0.9936,0.3616,0][0,0.799988,-0.646862][0,0.3356,-0.942][0.9936,0.3616,0][0.137223,0.813725,-0.623846][0.2005,0.3156,-0.9275][0.9753,0.3612,0][0.145988,0.608532,-0.690176][0.2032,0.2731,-0.9403][0.9757,0.3879,0][0.836869,0.335214,-0.531629][0.3981,0.00719989,-0.9173][0.8877,0.4214,0][0.568216,0.117514,-0.636507][0.4115,-0.0614001,-0.9093][0.9229,0.4486,0][0.589027,0.357666,-0.613543][0.3209,0.1266,-0.9386][0.9198,0.4193,0][0.892076,0.950743,-0.307162][0.8744,0.3767,-0.3058][0.8716,0.3352,0][0.890128,0.839048,-0.336688][0.8663,0.1229,-0.4842][0.8719,0.3536,0][0.833742,0.866574,-0.434184][0.8661,0.1234,-0.4844][0.8856,0.3546,0][0.833742,0.866574,-0.434184][0.8661,0.1234,-0.4844][0.8856,0.3546,0][0.835536,1.01682,-0.374979][0.8759,0.3531,-0.3287][0.885,0.3361,0][0.892076,0.950743,-0.307162][0.8744,0.3767,-0.3058][0.8716,0.3352,0][0.833947,0.586798,-0.489699][0.883,0.0836999,-0.4618][0.8865,0.3899,0][0.888744,0.562603,-0.391075][0.8835,0.0830999,-0.461][0.8727,0.3903,0][0.887411,0.336906,-0.425726][0.8464,-0.2518,-0.4692][0.8726,0.4215,0][0.887411,0.336906,-0.425726][0.8464,-0.2518,-0.4692][0.8726,0.4215,0][0.836869,0.335214,-0.531629][0.9319,-0.2289,-0.2814][0.8877,0.4214,0][0.833947,0.586798,-0.489699][0.883,0.0836999,-0.4618][0.8865,0.3899,0][0.890128,0.839048,-0.336688][0.8663,0.1229,-0.4842][0.8719,0.3536,0][0.888744,0.562603,-0.391075][0.8835,0.0830999,-0.461][0.8727,0.3903,0][0.833947,0.586798,-0.489699][0.883,0.0836999,-0.4618][0.8865,0.3899,0][0.833947,0.586798,-0.489699][0.883,0.0836999,-0.4618][0.8865,0.3899,0][0.833742,0.866574,-0.434184][0.8661,0.1234,-0.4844][0.8856,0.3546,0][0.890128,0.839048,-0.336688][0.8663,0.1229,-0.4842][0.8719,0.3536,0][0.268737,0.890344,-0.598486][0.1788,0.2617,-0.9485][0.2014,0.0248,0][0.40468,1.13158,-0.575811][0.4534,0.136,-0.8808][0.2376,0.048,0][0.380788,0.832312,-0.594635][0.283,0.186,-0.9409][0.2122,0.007,0][0.380788,0.832312,-0.594635][0.283,0.186,-0.9409][0.2122,0.007,0][0.277577,0.81295,-0.62582][0.1927,0.28,-0.9405][0.1966,0.0072,0][0.268737,0.890344,-0.598486][0.1788,0.2617,-0.9485][0.2014,0.0248,0][0.137223,0.813725,-0.623846][0.1542,0.342,-0.927][0.1757,0.0071,0][0,0.799988,-0.646862][0,0.3537,-0.9354][0.1547,0.0072,0][0,0.904455,-0.601702][0,0.3537,-0.9354][0.155,0.0269,0][0,0.904455,-0.601702][0,0.3537,-0.9354][0.155,0.0269,0][0.123844,0.90871,-0.594782][0.153,0.3422,-0.9271][0.1759,0.024,0][0.137223,0.813725,-0.623846][0.1542,0.342,-0.927][0.1757,0.0071,0][0.277577,0.81295,-0.62582][0.1927,0.28,-0.9405][0.1966,0.0072,0][0.137223,0.813725,-0.623846][0.1542,0.342,-0.927][0.1757,0.0071,0][0.123844,0.90871,-0.594782][0.153,0.3422,-0.9271][0.1759,0.024,0][0.123844,0.90871,-0.594782][0.153,0.3422,-0.9271][0.1759,0.024,0][0.268737,0.890344,-0.598486][0.1788,0.2617,-0.9485][0.2014,0.0248,0][0.277577,0.81295,-0.62582][0.1927,0.28,-0.9405][0.1966,0.0072,0][0.115899,0.909786,-0.500002][-0.1208,0.0751001,0.9898][0.5437,0.1656,0][0.0890897,0.75288,-0.492621][-0.1075,0.0676001,0.9919][0.5429,0.1891,0][0.244356,0.754213,-0.459507][-0.326,0.0752001,0.9424][0.5549,0.1899,0][0.244356,0.754213,-0.459507][-0.326,0.0752001,0.9424][0.5549,0.1899,0][0.25149,0.895388,-0.515505][-0.5102,0.0939001,0.8549][0.5554,0.1669,0][0.115899,0.909786,-0.500002][-0.1208,0.0751001,0.9898][0.5437,0.1656,0][0.709075,1.11434,-0.190526][0.9319,0.1615,-0.3247][0.3097,0.0076,0][0.584984,0.979236,-0.430247][0.6668,0.1197,-0.7356][0.259,0.0079,0][0.620093,1.19482,-0.457954][0.7465,0.1204,-0.6545][0.2738,0.0391,0][0.620093,1.19482,-0.457954][0.7465,0.1204,-0.6545][0.2738,0.0391,0][0.73795,1.26782,-0.189662][0.947,0.1773,-0.268][0.3174,0.0327,0][0.709075,1.11434,-0.190526][0.9319,0.1615,-0.3247][0.3097,0.0076,0][0.731637,1.1753,0.129246][0.9431,0.2882,0.1657][0.3655,0.0073,0][0.760259,1.30649,0.147149][0.939,0.2918,0.1821][0.3673,0.0296,0][0.566742,1.29673,0.60621][0.6042,0.3183,0.7305][0.4275,0.0399,0][0.566742,1.29673,0.60621][0.6042,0.3183,0.7305][0.4275,0.0399,0][0.579669,1.10902,0.515295][0.6146,0.3199,0.7211][0.4336,0.0065,0][0.731637,1.1753,0.129246][0.9431,0.2882,0.1657][0.3655,0.0073,0][0.731637,1.1753,0.129246][0.9431,0.2882,0.1657][0.3655,0.0073,0][0.709075,1.11434,-0.190526][0.9319,0.1615,-0.3247][0.3097,0.0076,0][0.73795,1.26782,-0.189662][0.947,0.1773,-0.268][0.3174,0.0327,0][0.73795,1.26782,-0.189662][0.947,0.1773,-0.268][0.3174,0.0327,0][0.760259,1.30649,0.147149][0.939,0.2918,0.1821][0.3673,0.0296,0][0.731637,1.1753,0.129246][0.9431,0.2882,0.1657][0.3655,0.0073,0][0.311366,1.08998,0.595346][0.2611,0.2235,0.9391][0.4738,0.0086,0][0.303289,1.45553,0.696211][0.2389,0.2124,0.9475][0.4682,0.0683,0][-1.59995e-007,1.44978,0.752809][0,0.1756,0.9845][0.5126,0.0739,0][-1.59995e-007,1.44978,0.752809][0,0.1756,0.9845][0.5126,0.0739,0][0,1.07095,0.64584][0,0.1756,0.9845][0.5163,0.0095,0][0.311366,1.08998,0.595346][0.2611,0.2235,0.9391][0.4738,0.0086,0][0.311366,1.08998,0.595346][0.2611,0.2235,0.9391][0.4738,0.0086,0][0.579669,1.10902,0.515295][0.6146,0.3199,0.7211][0.4336,0.0065,0][0.566742,1.29673,0.60621][0.6042,0.3183,0.7305][0.4275,0.0399,0][0.566742,1.29673,0.60621][0.6042,0.3183,0.7305][0.4275,0.0399,0][0.303289,1.45553,0.696211][0.2389,0.2124,0.9475][0.4682,0.0683,0][0.311366,1.08998,0.595346][0.2611,0.2235,0.9391][0.4738,0.0086,0][0.63743,0.957975,-0.0965361][-0.9446,-0.1945,0.2643][0.6127,0.19,0][0.606637,1.26088,-0.188009][-0.9391,-0.185,0.2897][0.6112,0.1643,0][0.490964,1.19959,-0.436767][-0.7195,-0.0571999,0.6921][0.5928,0.1641,0][0.490964,1.19959,-0.436767][-0.7195,-0.0571999,0.6921][0.5928,0.1641,0][0.527549,0.829437,-0.372107][-0.6796,-0.0436999,0.7322][0.5915,0.1914,0][0.63743,0.957975,-0.0965361][-0.9446,-0.1945,0.2643][0.6127,0.19,0][0.62446,1.29109,0.121831][-0.9383,-0.2631,-0.2246][0.6348,0.1644,0][0.666446,0.965026,0.106196][-0.9413,-0.2631,-0.2114][0.634,0.1904,0][0.50759,0.912689,0.401617][-0.6374,-0.1953,-0.7454][0.6581,0.1917,0][0.50759,0.912689,0.401617][-0.6374,-0.1953,-0.7454][0.6581,0.1917,0][0.440209,1.28198,0.532026][-0.5495,-0.1692,-0.8182][0.6591,0.1649,0][0.62446,1.29109,0.121831][-0.9383,-0.2631,-0.2246][0.6348,0.1644,0][0.63743,0.957975,-0.0965361][-0.9446,-0.1945,0.2643][0.6127,0.19,0][0.666446,0.965026,0.106196][-0.9413,-0.2631,-0.2114][0.634,0.1904,0][0.62446,1.29109,0.121831][-0.9383,-0.2631,-0.2246][0.6348,0.1644,0][0.62446,1.29109,0.121831][-0.9383,-0.2631,-0.2246][0.6348,0.1644,0][0.606637,1.26088,-0.188009][-0.9391,-0.185,0.2897][0.6112,0.1643,0][0.63743,0.957975,-0.0965361][-0.9446,-0.1945,0.2643][0.6127,0.19,0][0.0890897,0.75288,-0.492621][-0.1075,0.0676001,0.9919][0.5429,0.1891,0][0.115899,0.909786,-0.500002][-0.1208,0.0751001,0.9898][0.5437,0.1656,0][0,0.912555,-0.502719][0,0.0353001,0.9994][0.5333,0.1658,0][0,0.912555,-0.502719][0,0.0353001,0.9994][0.5333,0.1658,0][0,0.751906,-0.500207][0,0.0353001,0.9994][0.5336,0.1891,0][0.0890897,0.75288,-0.492621][-0.1075,0.0676001,0.9919][0.5429,0.1891,0][0.584984,0.979236,-0.430247][0.6668,0.1197,-0.7356][0.259,0.0079,0][0.380788,0.832312,-0.594635][0.283,0.186,-0.9409][0.2122,0.007,0][0.40468,1.13158,-0.575811][0.4534,0.136,-0.8808][0.2376,0.048,0][0.40468,1.13158,-0.575811][0.4534,0.136,-0.8808][0.2376,0.048,0][0.620093,1.19482,-0.457954][0.7465,0.1204,-0.6545][0.2738,0.0391,0][0.584984,0.979236,-0.430247][0.6668,0.1197,-0.7356][0.259,0.0079,0][0.527549,0.829437,-0.372107][-0.6796,-0.0436999,0.7322][0.5915,0.1914,0][0.490964,1.19959,-0.436767][-0.7195,-0.0571999,0.6921][0.5928,0.1641,0][0.339348,1.1446,-0.519568][-0.4564,0.0315001,0.8892][0.5753,0.1628,0][0.339348,1.1446,-0.519568][-0.4564,0.0315001,0.8892][0.5753,0.1628,0][0.244356,0.754213,-0.459507][-0.326,0.0752001,0.9424][0.5549,0.1899,0][0.527549,0.829437,-0.372107][-0.6796,-0.0436999,0.7322][0.5915,0.1914,0][0.199832,1.44029,0.614413][-0.2479,-0.0664001,-0.9665][0.6792,0.1615,0][0.238419,0.935251,0.47451][-0.2721,-0.0778001,-0.9591][0.6774,0.1919,0][0,0.957813,0.51779][0,-0.0481001,-0.9988][0.6942,0.1925,0][0,0.957813,0.51779][0,-0.0481001,-0.9988][0.6942,0.1925,0][-1.59995e-007,1.43481,0.663457][0,-0.0481001,-0.9988][0.6935,0.1624,0][0.199832,1.44029,0.614413][-0.2479,-0.0664001,-0.9665][0.6792,0.1615,0][0.199832,1.44029,0.614413][0.0712,0.9432,-0.3244][0.4717,0.0859,0][-1.59995e-007,1.43481,0.663457][0,0.9878,-0.1555][0.5068,0.0897,0][-1.59995e-007,1.44978,0.752809][0,0.9878,-0.1555][0.5126,0.0739,0][-1.59995e-007,1.44978,0.752809][0,0.9878,-0.1555][0.5126,0.0739,0][0.303289,1.45553,0.696211][0.2018,0.8505,-0.4857][0.4682,0.0683,0][0.199832,1.44029,0.614413][0.0712,0.9432,-0.3244][0.4717,0.0859,0][0.104314,-0.198965,0.643965][-0.0005,-0.8188,0.5741][0.9805,0.0619,0][0.10211,-0.26632,0.548263][-0.0006,-0.8188,0.5741][0.9808,0.0468,0][0.330729,-0.265961,0.54775][0.0212,-0.8278,0.5606][0.9522,0.0484,0][0.330729,-0.265961,0.54775][0.0212,-0.8278,0.5606][0.9522,0.0484,0][0.332164,-0.198298,0.645144][0.0211,-0.8278,0.5606][0.9527,0.063,0][0.104314,-0.198965,0.643965][-0.0005,-0.8188,0.5741][0.9805,0.0619,0][0.330729,-0.265961,0.54775][0.0212,-0.8278,0.5606][0.9522,0.0484,0][0.663252,-0.257452,0.529912][0.6113,-0.5023,0.6116][0.9103,0.0526,0][0.615324,-0.198145,0.629715][0.5715,-0.541,0.617][0.9194,0.0634,0][0.615324,-0.198145,0.629715][0.5715,-0.541,0.617][0.9194,0.0634,0][0.332164,-0.198298,0.645144][0.0211,-0.8278,0.5606][0.9527,0.063,0][0.330729,-0.265961,0.54775][0.0212,-0.8278,0.5606][0.9522,0.0484,0][0.10211,-0.26632,0.548263][-0.0006,-0.8188,0.5741][0.9808,0.0468,0][0.104314,-0.198965,0.643965][-0.0005,-0.8188,0.5741][0.9805,0.0619,0][0,-0.199734,0.642581][0,-0.818,0.5752][0.9934,0.0612,0][0,-0.199734,0.642581][0,-0.818,0.5752][0.9934,0.0612,0][0,-0.266628,0.54734][0,-0.818,0.5752][0.9936,0.0459,0][0.10211,-0.26632,0.548263][-0.0006,-0.8188,0.5741][0.9808,0.0468,0][0.336572,-0.629189,0.531962][-0.0273,0.999,-0.0351001][0.8136,0.0196,0][0.0953946,-0.636058,0.521659][-0.0311,0.9993,-0.0189001][0.8357,0.0196,0][0.105031,-0.633597,0.641453][-0.031,0.9993,-0.0194001][0.8357,0.006,0][0.105031,-0.633597,0.641453][-0.031,0.9993,-0.0194001][0.8357,0.006,0][0.354103,-0.62555,0.633252][-0.0271,0.999,-0.0358001][0.8136,0.006,0][0.336572,-0.629189,0.531962][-0.0273,0.999,-0.0351001][0.8136,0.0196,0][0.59769,-0.628215,0.450254][-0.0321,0.9976,-0.0615001][0.7803,0.0196,0][0.607532,-0.620116,0.585221][-0.0293,0.998,-0.0563001][0.7803,0.006,0][0.840816,-0.620526,0.430262][-0.0372,0.9973,-0.0631001][0.7518,0.006,0][0.840816,-0.620526,0.430262][-0.0372,0.9973,-0.0631001][0.7518,0.006,0][0.766489,-0.630009,0.364035][-0.0371,0.9974,-0.0620001][0.7518,0.0196,0][0.59769,-0.628215,0.450254][-0.0321,0.9976,-0.0615001][0.7803,0.0196,0][0.766489,-0.630009,0.364035][-0.0371,0.9974,-0.0620001][0.7518,0.0196,0][0.840816,-0.620526,0.430262][-0.0372,0.9973,-0.0631001][0.7518,0.006,0][0.927855,-0.634571,0.167812][-0.0252,0.9976,-0.0639001][0.7184,0.006,0][0.927855,-0.634571,0.167812][-0.0252,0.9976,-0.0639001][0.7184,0.006,0][0.800013,-0.63857,0.122037][-0.0202,0.9975,-0.0684001][0.7184,0.0196,0][0.766489,-0.630009,0.364035][-0.0371,0.9974,-0.0620001][0.7518,0.0196,0][0.742089,-0.684242,-0.34858][-0.0056,0.9936,-0.1131][0.651,0.006,0][0.65341,-0.681269,-0.312493][-0.0028,0.9935,-0.1139][0.651,0.0196,0][0.795553,-0.659586,-0.134621][-0.0107,0.995,-0.0989001][0.6844,0.0196,0][0.795553,-0.659586,-0.134621][-0.0107,0.995,-0.0989001][0.6844,0.0196,0][0.894075,-0.657331,-0.125343][-0.0096,0.9959,-0.0896001][0.6844,0.006,0][0.742089,-0.684242,-0.34858][-0.0056,0.9936,-0.1131][0.651,0.006,0][0.359639,-0.720739,-0.627331][-0.0208,0.9911,-0.1312][0.5844,0.006,0][0.306021,-0.718586,-0.593551][-0.0239,0.9932,-0.1143][0.5844,0.0196,0][0.495581,-0.704643,-0.532398][-0.0088,0.9915,-0.1295][0.6164,0.0196,0][0.495581,-0.704643,-0.532398][-0.0088,0.9915,-0.1295][0.6164,0.0196,0][0.539049,-0.710795,-0.570228][-0.0051,0.9921,-0.1254][0.6164,0.006,0][0.359639,-0.720739,-0.627331][-0.0208,0.9911,-0.1312][0.5844,0.006,0][0.65341,-0.681269,-0.312493][-0.0028,0.9935,-0.1139][0.651,0.0196,0][0.742089,-0.684242,-0.34858][-0.0056,0.9936,-0.1131][0.651,0.006,0][0.539049,-0.710795,-0.570228][-0.0051,0.9921,-0.1254][0.6164,0.006,0][0.539049,-0.710795,-0.570228][-0.0051,0.9921,-0.1254][0.6164,0.006,0][0.495581,-0.704643,-0.532398][-0.0088,0.9915,-0.1295][0.6164,0.0196,0][0.65341,-0.681269,-0.312493][-0.0028,0.9935,-0.1139][0.651,0.0196,0][0.800013,-0.63857,0.122037][-0.0202,0.9975,-0.0684001][0.7184,0.0196,0][0.927855,-0.634571,0.167812][-0.0252,0.9976,-0.0639001][0.7184,0.006,0][0.894075,-0.657331,-0.125343][-0.0096,0.9959,-0.0896001][0.6844,0.006,0][0.894075,-0.657331,-0.125343][-0.0096,0.9959,-0.0896001][0.6844,0.006,0][0.795553,-0.659586,-0.134621][-0.0107,0.995,-0.0989001][0.6844,0.0196,0][0.800013,-0.63857,0.122037][-0.0202,0.9975,-0.0684001][0.7184,0.0196,0][0.169773,-0.730171,-0.670441][-0.0234,0.9938,-0.1091][0.5628,0.006,0][0,-0.738475,-0.708066][0,0.9934,-0.1143][0.5402,0.006,0][0,-0.735194,-0.683051][0,0.9934,-0.1143][0.5402,0.0196,0][0,-0.735194,-0.683051][0,0.9934,-0.1143][0.5402,0.0196,0][0.160648,-0.726788,-0.635892][-0.0234,0.9938,-0.1092][0.5628,0.0196,0][0.169773,-0.730171,-0.670441][-0.0234,0.9938,-0.1091][0.5628,0.006,0][0.336572,-0.629189,0.531962][-0.0273,0.999,-0.0351001][0.8136,0.0196,0][0.354103,-0.62555,0.633252][-0.0271,0.999,-0.0358001][0.8136,0.006,0][0.607532,-0.620116,0.585221][-0.0293,0.998,-0.0563001][0.7803,0.006,0][0.607532,-0.620116,0.585221][-0.0293,0.998,-0.0563001][0.7803,0.006,0][0.59769,-0.628215,0.450254][-0.0321,0.9976,-0.0615001][0.7803,0.0196,0][0.336572,-0.629189,0.531962][-0.0273,0.999,-0.0351001][0.8136,0.0196,0][0.306021,-0.718586,-0.593551][-0.0239,0.9932,-0.1143][0.5844,0.0196,0][0.359639,-0.720739,-0.627331][-0.0208,0.9911,-0.1312][0.5844,0.006,0][0.169773,-0.730171,-0.670441][-0.0234,0.9938,-0.1091][0.5628,0.006,0][0.169773,-0.730171,-0.670441][-0.0234,0.9938,-0.1091][0.5628,0.006,0][0.160648,-0.726788,-0.635892][-0.0234,0.9938,-0.1092][0.5628,0.0196,0][0.306021,-0.718586,-0.593551][-0.0239,0.9932,-0.1143][0.5844,0.0196,0][0.800013,-0.63857,0.122037][0.9983,-0.00929999,0.0574][0.6922,0.0288,0][0.795553,-0.659586,-0.134621][0.9356,-0.0129,-0.3527][0.6592,0.0267,0][0.795758,-0.562038,-0.135698][0.94,-0.0127,-0.3411][0.6595,0.0392,0][0.795758,-0.562038,-0.135698][0.94,-0.0127,-0.3411][0.6595,0.0392,0][0.800936,-0.560706,0.120653][0.9983,-0.00939999,0.0581][0.6924,0.0393,0][0.800013,-0.63857,0.122037][0.9983,-0.00929999,0.0574][0.6922,0.0288,0][0.160648,-0.726788,-0.635892][0.2797,0.0213999,-0.9599][0.5479,0.0265,0][0,-0.735194,-0.683051][0,0.0218999,-0.9998][0.5263,0.0265,0][0,-0.669582,-0.681821][0,0.0218999,-0.9998][0.5265,0.035,0][0,-0.669582,-0.681821][0,0.0218999,-0.9998][0.5265,0.035,0][0.160802,-0.663482,-0.634251][0.2795,0.0213999,-0.9599][0.5484,0.0347,0][0.160648,-0.726788,-0.635892][0.2797,0.0213999,-0.9599][0.5479,0.0265,0][0.337854,-0.552812,0.531654][0.131,0.00180012,0.9914][0.7824,0.0382,0][0.336572,-0.629189,0.531962][0.1265,0.00180012,0.992][0.7827,0.0283,0][0.59769,-0.628215,0.450254][0.3776,-0.00109989,0.926][0.7475,0.0293,0][0.59769,-0.628215,0.450254][0.3776,-0.00109989,0.926][0.7475,0.0293,0][0.598869,-0.558399,0.449844][0.3779,-0.00109989,0.9259][0.7471,0.0385,0][0.337854,-0.552812,0.531654][0.131,0.00180012,0.9914][0.7824,0.0382,0][0.160802,-0.663482,-0.634251][0.2795,0.0213999,-0.9599][0.5484,0.0347,0][0.304381,-0.656459,-0.592782][0.2838,-0.0222001,-0.9586][0.5684,0.0349,0][0.306021,-0.718586,-0.593551][0.2829,-0.0155001,-0.959][0.5676,0.0264,0][0.306021,-0.718586,-0.593551][0.2829,-0.0155001,-0.959][0.5676,0.0264,0][0.160648,-0.726788,-0.635892][0.2797,0.0213999,-0.9599][0.5479,0.0265,0][0.160802,-0.663482,-0.634251][0.2795,0.0213999,-0.9599][0.5484,0.0347,0][0.336572,-0.629189,0.531962][0.1265,0.00180012,0.992][0.7827,0.0283,0][0.337854,-0.552812,0.531654][0.131,0.00180012,0.9914][0.7824,0.0382,0][0.0965736,-0.553427,0.521454][-0.0411,0.00330012,0.9992][0.8137,0.0386,0][0.0965736,-0.553427,0.521454][-0.0411,0.00330012,0.9992][0.8137,0.0386,0][0.0953946,-0.636058,0.521659][-0.041,0.00330012,0.9992][0.8142,0.0278,0][0.336572,-0.629189,0.531962][0.1265,0.00180012,0.992][0.7827,0.0283,0][0.766489,-0.630009,0.364035][0.8168,-0.00789993,0.5769][0.7234,0.0293,0][0.767565,-0.56455,0.363573][0.8161,-0.00789993,0.5778][0.7234,0.0376,0][0.598869,-0.558399,0.449844][0.3779,-0.00109989,0.9259][0.7471,0.0385,0][0.598869,-0.558399,0.449844][0.3779,-0.00109989,0.9259][0.7471,0.0385,0][0.59769,-0.628215,0.450254][0.3776,-0.00109989,0.926][0.7475,0.0293,0][0.766489,-0.630009,0.364035][0.8168,-0.00789993,0.5769][0.7234,0.0293,0][0.800013,-0.63857,0.122037][0.9983,-0.00929999,0.0574][0.6922,0.0288,0][0.800936,-0.560706,0.120653][0.9983,-0.00939999,0.0581][0.6924,0.0393,0][0.767565,-0.56455,0.363573][0.8161,-0.00789993,0.5778][0.7234,0.0376,0][0.767565,-0.56455,0.363573][0.8161,-0.00789993,0.5778][0.7234,0.0376,0][0.766489,-0.630009,0.364035][0.8168,-0.00789993,0.5769][0.7234,0.0293,0][0.800013,-0.63857,0.122037][0.9983,-0.00929999,0.0574][0.6922,0.0288,0][0.65341,-0.681269,-0.312493][0.7895,0.00669993,-0.6137][0.6296,0.025,0][0.638237,-0.554708,-0.336585][0.7907,0.0126999,-0.6121][0.6268,0.0421,0][0.795758,-0.562038,-0.135698][0.94,-0.0127,-0.3411][0.6595,0.0392,0][0.795758,-0.562038,-0.135698][0.94,-0.0127,-0.3411][0.6595,0.0392,0][0.795553,-0.659586,-0.134621][0.9356,-0.0129,-0.3527][0.6592,0.0267,0][0.65341,-0.681269,-0.312493][0.7895,0.00669993,-0.6137][0.6296,0.025,0][0.495581,-0.704643,-0.532398][0.5995,-0.0051001,-0.8003][0.5938,0.0239,0][0.306021,-0.718586,-0.593551][0.2829,-0.0155001,-0.959][0.5676,0.0264,0][0.304381,-0.656459,-0.592782][0.2838,-0.0222001,-0.9586][0.5684,0.0349,0][0.304381,-0.656459,-0.592782][0.2838,-0.0222001,-0.9586][0.5684,0.0349,0][0.462877,-0.559066,-0.555414][0.5745,-0.0096001,-0.8185][0.5913,0.0424,0][0.495581,-0.704643,-0.532398][0.5995,-0.0051001,-0.8003][0.5938,0.0239,0][0.495581,-0.704643,-0.532398][0.5995,-0.0051001,-0.8003][0.5938,0.0239,0][0.462877,-0.559066,-0.555414][0.5745,-0.0096001,-0.8185][0.5913,0.0424,0][0.638237,-0.554708,-0.336585][0.7907,0.0126999,-0.6121][0.6268,0.0421,0][0.638237,-0.554708,-0.336585][0.7907,0.0126999,-0.6121][0.6268,0.0421,0][0.65341,-0.681269,-0.312493][0.7895,0.00669993,-0.6137][0.6296,0.025,0][0.495581,-0.704643,-0.532398][0.5995,-0.0051001,-0.8003][0.5938,0.0239,0][0.162596,-0.571624,-0.633688][0.2806,0.000299886,-0.9598][0.5487,0.0589,0][0,-0.577724,-0.681821][0,0.000299881,-1][0.5267,0.0581,0][0,-0.526823,-0.681821][0,0.000299881,-1][0.5268,0.0648,0][0,-0.526823,-0.681821][0,0.000299881,-1][0.5268,0.0648,0][0.162853,-0.520723,-0.633585][0.2804,0.000299886,-0.9599][0.549,0.0656,0][0.162596,-0.571624,-0.633688][0.2806,0.000299886,-0.9598][0.5487,0.0589,0][0.462877,-0.467208,-0.555414][0.4893,0,-0.8721][0.5911,0.0673,0][0.304381,-0.564601,-0.592782][0.2586,0.000199885,-0.966][0.5681,0.059,0][0.304381,-0.513752,-0.592782][0.2495,9.98845e-005,-0.9684][0.5687,0.0654,0][0.304381,-0.513752,-0.592782][0.2495,9.98845e-005,-0.9684][0.5687,0.0654,0][0.462877,-0.416358,-0.555414][0.5942,0,-0.8043][0.5918,0.0737,0][0.462877,-0.467208,-0.555414][0.4893,0,-0.8721][0.5911,0.0673,0][0.795758,-0.470181,-0.135698][0.9427,0,-0.3336][0.6602,0.0638,0][0.795758,-0.41928,-0.135698][0.9411,0,-0.3383][0.6602,0.0701,0][0.800936,-0.417947,0.120653][0.9983,0,0.0579][0.6929,0.0697,0][0.800936,-0.417947,0.120653][0.9983,0,0.0579][0.6929,0.0697,0][0.800936,-0.468797,0.120653][0.9983,0,0.0584][0.6929,0.0628,0][0.795758,-0.470181,-0.135698][0.9427,0,-0.3336][0.6602,0.0638,0][0.800936,-0.468797,0.120653][0.9983,0,0.0584][0.6929,0.0628,0][0.800936,-0.417947,0.120653][0.9983,0,0.0579][0.6929,0.0697,0][0.767565,-0.421792,0.363573][0.8139,0,0.5811][0.7239,0.0687,0][0.767565,-0.421792,0.363573][0.8139,0,0.5811][0.7239,0.0687,0][0.767565,-0.472693,0.363573][0.8171,0,0.5766][0.7238,0.0624,0][0.800936,-0.468797,0.120653][0.9983,0,0.0584][0.6929,0.0628,0][0.598869,-0.466542,0.449844][0.3799,0,0.925][0.7473,0.0619,0][0.767565,-0.472693,0.363573][0.8171,0,0.5766][0.7238,0.0624,0][0.767565,-0.421792,0.363573][0.8139,0,0.5811][0.7239,0.0687,0][0.767565,-0.421792,0.363573][0.8139,0,0.5811][0.7239,0.0687,0][0.598869,-0.41564,0.449844][0.3772,0,0.9261][0.7477,0.0687,0][0.598869,-0.466542,0.449844][0.3799,0,0.925][0.7473,0.0619,0][0,-0.461723,0.517661][0,1.19209e-007,1][0.8264,0.0627,0][0.0965736,-0.461569,0.521454][-0.0407,0,0.9992][0.8137,0.0627,0][0.0965736,-0.410668,0.521454][-0.0407,0,0.9992][0.8139,0.0695,0][0.0965736,-0.410668,0.521454][-0.0407,0,0.9992][0.8139,0.0695,0][0,-0.410822,0.517661][0,1.19209e-007,1][0.8265,0.0693,0][0,-0.461723,0.517661][0,1.19209e-007,1][0.8264,0.0627,0][0.462877,-0.416358,-0.555414][0.5942,0,-0.8043][0.5918,0.0737,0][0.638237,-0.41195,-0.336585][0.7836,0,-0.6212][0.6277,0.0716,0][0.638237,-0.462851,-0.336585][0.7837,0,-0.6212][0.6274,0.0646,0][0.638237,-0.462851,-0.336585][0.7837,0,-0.6212][0.6274,0.0646,0][0.462877,-0.467208,-0.555414][0.4893,0,-0.8721][0.5911,0.0673,0][0.462877,-0.416358,-0.555414][0.5942,0,-0.8043][0.5918,0.0737,0][0.598869,-0.41564,0.449844][0.3772,0,0.9261][0.7477,0.0687,0][0.337854,-0.410053,0.531654][0.1294,0,0.9916][0.7827,0.0697,0][0.337854,-0.460954,0.531654][0.1313,0,0.9913][0.7825,0.063,0][0.337854,-0.460954,0.531654][0.1313,0,0.9913][0.7825,0.063,0][0.598869,-0.466542,0.449844][0.3799,0,0.925][0.7473,0.0619,0][0.598869,-0.41564,0.449844][0.3772,0,0.9261][0.7477,0.0687,0][0.304381,-0.564601,-0.592782][0.2586,0.000199885,-0.966][0.5681,0.059,0][0.162596,-0.571624,-0.633688][0.2806,0.000299886,-0.9598][0.5487,0.0589,0][0.162853,-0.520723,-0.633585][0.2804,0.000299886,-0.9599][0.549,0.0656,0][0.162853,-0.520723,-0.633585][0.2804,0.000299886,-0.9599][0.549,0.0656,0][0.304381,-0.513752,-0.592782][0.2495,9.98845e-005,-0.9684][0.5687,0.0654,0][0.304381,-0.564601,-0.592782][0.2586,0.000199885,-0.966][0.5681,0.059,0][0.0965736,-0.461569,0.521454][-0.0407,0,0.9992][0.8137,0.0627,0][0.337854,-0.460954,0.531654][0.1313,0,0.9913][0.7825,0.063,0][0.337854,-0.410053,0.531654][0.1294,0,0.9916][0.7827,0.0697,0][0.337854,-0.410053,0.531654][0.1294,0,0.9916][0.7827,0.0697,0][0.0965736,-0.410668,0.521454][-0.0407,0,0.9992][0.8139,0.0695,0][0.0965736,-0.461569,0.521454][-0.0407,0,0.9992][0.8137,0.0627,0][0.795758,-0.41928,-0.135698][0.9411,0,-0.3383][0.6602,0.0701,0][0.795758,-0.470181,-0.135698][0.9427,0,-0.3336][0.6602,0.0638,0][0.638237,-0.462851,-0.336585][0.7837,0,-0.6212][0.6274,0.0646,0][0.638237,-0.462851,-0.336585][0.7837,0,-0.6212][0.6274,0.0646,0][0.638237,-0.41195,-0.336585][0.7836,0,-0.6212][0.6277,0.0716,0][0.795758,-0.41928,-0.135698][0.9411,0,-0.3383][0.6602,0.0701,0][0.104314,-0.198965,0.643965][-0.0101,0.2089,0.9779][0.9805,0.0619,0][0.121178,0.0419567,0.592141][-0.0099,0.2088,0.9779][0.978,0.0929,0][0,0.0411363,0.59127][0,0.2097,0.9778][0.9929,0.0927,0][0,0.0411363,0.59127][0,0.2097,0.9778][0.9929,0.0927,0][0,-0.199734,0.642581][0,0.2097,0.9778][0.9934,0.0612,0][0.104314,-0.198965,0.643965][-0.0101,0.2089,0.9779][0.9805,0.0619,0][0.350925,0.0455961,0.59414][0.0174,0.1974,0.9802][0.9492,0.0938,0][0.332164,-0.198298,0.645144][0.0148,0.1984,0.98][0.9527,0.063,0][0.615324,-0.198145,0.629715][0.0409,0.1876,0.9814][0.9194,0.0634,0][0.615324,-0.198145,0.629715][0.0409,0.1876,0.9814][0.9194,0.0634,0][0.635212,0.0434942,0.586297][0.0409,0.1876,0.9814][0.9124,0.0929,0][0.350925,0.0455961,0.59414][0.0174,0.1974,0.9802][0.9492,0.0938,0][0.332164,-0.198298,0.645144][0.0148,0.1984,0.98][0.9527,0.063,0][0.350925,0.0455961,0.59414][0.0174,0.1974,0.9802][0.9492,0.0938,0][0.121178,0.0419567,0.592141][-0.0099,0.2088,0.9779][0.978,0.0929,0][0.121178,0.0419567,0.592141][-0.0099,0.2088,0.9779][0.978,0.0929,0][0.104314,-0.198965,0.643965][-0.0101,0.2089,0.9779][0.9805,0.0619,0][0.332164,-0.198298,0.645144][0.0148,0.1984,0.98][0.9527,0.063,0][0.615324,-0.198145,0.629715][0.5715,-0.541,0.617][0.9194,0.0634,0][0.663252,-0.257452,0.529912][0.6113,-0.5023,0.6116][0.9103,0.0526,0][0.68314,0.0445707,0.486546][0.5334,-0.4505,0.716][0.8992,0.0883,0][0.68314,0.0445707,0.486546][0.5334,-0.4505,0.716][0.8992,0.0883,0][0.635212,0.0434942,0.586297][0.8305,-0.3223,0.4544][0.9124,0.0929,0][0.615324,-0.198145,0.629715][0.5715,-0.541,0.617][0.9194,0.0634,0][1.05026,0.0168393,0.425188][0.3426,-0.8262,0.4473][0.8539,0.0856,0][0.938056,-0.0307298,0.452714][0.3395,-0.8201,0.4607][0.8685,0.0811,0][0.953178,-0.0626135,0.122806][0.3958,-0.9178,0.0326001][0.8402,0.0513,0][0.953178,-0.0626135,0.122806][0.3958,-0.9178,0.0326001][0.8402,0.0513,0][1.04837,-0.02422,0.125984][0.3957,-0.9177,0.0344001][0.8317,0.0588,0][1.05026,0.0168393,0.425188][0.3426,-0.8262,0.4473][0.8539,0.0856,0][0.953178,-0.0626135,0.122806][0.3958,-0.9178,0.0326001][0.8117,0.4977,0][0.969939,-0.0370347,-0.264822][0.3971,-0.9164,-0.0495999][0.849,0.4687,0][1.05257,-0.00135803,-0.212793][0.3971,-0.9164,-0.0495999][0.8368,0.4647,0][1.05257,-0.00135803,-0.212793][0.3971,-0.9164,-0.0495999][0.8368,0.4647,0][1.04837,-0.02422,0.125984][0.3957,-0.9177,0.0344001][0.8037,0.488,0][0.953178,-0.0626135,0.122806][0.3958,-0.9178,0.0326001][0.8117,0.4977,0][0.568216,0.117514,-0.636507][0.3616,-0.5496,-0.7531][0.9229,0.4486,0][0.529156,-0.00540757,-0.54752][0.3747,-0.547,-0.7486][0.9226,0.4676,0][0.35031,-0.00422859,-0.623538][0.2606,-0.5214,-0.8126][0.9474,0.4678,0][0.35031,-0.00422859,-0.623538][0.2606,-0.5214,-0.8126][0.9474,0.4678,0][0.374402,0.135762,-0.703042][0.2599,-0.5181,-0.8148][0.9479,0.4475,0][0.568216,0.117514,-0.636507][0.3616,-0.5496,-0.7531][0.9229,0.4486,0][0.162084,-0.00489497,-0.687101][0.1958,-0.4092,-0.8912][0.9724,0.4681,0][0.167415,0.15032,-0.764811][0.1873,-0.3989,-0.8977][0.9739,0.4462,0][0.374402,0.135762,-0.703042][0.2599,-0.5181,-0.8148][0.9479,0.4475,0][0.374402,0.135762,-0.703042][0.2599,-0.5181,-0.8148][0.9479,0.4475,0][0.35031,-0.00422859,-0.623538][0.2606,-0.5214,-0.8126][0.9474,0.4678,0][0.162084,-0.00489497,-0.687101][0.1958,-0.4092,-0.8912][0.9724,0.4681,0][0.74414,0.0886543,-0.473706][0.4725,-0.5235,-0.709][0.894,0.4543,0][0.720253,-0.00653529,-0.443616][0.4725,-0.5235,-0.709][0.8944,0.4677,0][0.529156,-0.00540757,-0.54752][0.3747,-0.547,-0.7486][0.9226,0.4676,0][0.529156,-0.00540757,-0.54752][0.3747,-0.547,-0.7486][0.9226,0.4676,0][0.568216,0.117514,-0.636507][0.3616,-0.5496,-0.7531][0.9229,0.4486,0][0.74414,0.0886543,-0.473706][0.4725,-0.5235,-0.709][0.894,0.4543,0][0.836869,0.335214,-0.531629][0.3981,0.00719989,-0.9173][0.8877,0.4214,0][0.74414,0.0886543,-0.473706][0.5908,-0.3883,-0.7072][0.894,0.4543,0][0.568216,0.117514,-0.636507][0.4115,-0.0614001,-0.9093][0.9229,0.4486,0][0,-0.00479221,-0.733439][0,-0.333,-0.9429][0.9934,0.4677,0][0,0.167082,-0.7705][0,-0.333,-0.9429][0.9939,0.4449,0][0.167415,0.15032,-0.764811][0.1873,-0.3989,-0.8977][0.9739,0.4462,0][0.167415,0.15032,-0.764811][0.1873,-0.3989,-0.8977][0.9739,0.4462,0][0.162084,-0.00489497,-0.687101][0.1958,-0.4092,-0.8912][0.9724,0.4681,0][0,-0.00479221,-0.733439][0,-0.333,-0.9429][0.9934,0.4677,0][0.268737,0.890344,-0.598486][0.0109,0.9994,-0.0322001][0.2014,0.0248,0][0.123844,0.90871,-0.594782][0.003,0.9992,-0.0402001][0.1759,0.024,0][0.115899,0.909786,-0.500002][0.0033,0.9992,-0.0398001][0.1792,0.0393,0][0.115899,0.909786,-0.500002][0.0033,0.9992,-0.0398001][0.1792,0.0393,0][0.25149,0.895388,-0.515505][0.0109,0.9994,-0.0322001][0.1998,0.0353,0][0.268737,0.890344,-0.598486][0.0109,0.9994,-0.0322001][0.2014,0.0248,0][0.48133,-0.371044,-0.594833][0.4305,0.0728999,-0.8996][0.9312,0.513,0][0.312378,-0.456084,-0.683922][0.3504,0.0896999,-0.9323][0.9547,0.5234,0][0.35031,-0.00422859,-0.623538][0.367,0.0861999,-0.9262][0.9474,0.4678,0][0.35031,-0.00422859,-0.623538][0.367,0.0861999,-0.9262][0.9474,0.4678,0][0.529156,-0.00540757,-0.54752][0.4377,0.0715999,-0.8963][0.9226,0.4676,0][0.48133,-0.371044,-0.594833][0.4305,0.0728999,-0.8996][0.9312,0.513,0][0.696724,-0.374017,-0.489135][0.4578,0.0676999,-0.8865][0.903,0.5115,0][0.48133,-0.371044,-0.594833][0.4305,0.0728999,-0.8996][0.9312,0.513,0][0.529156,-0.00540757,-0.54752][0.4377,0.0715999,-0.8963][0.9226,0.4676,0][0.529156,-0.00540757,-0.54752][0.4377,0.0715999,-0.8963][0.9226,0.4676,0][0.720253,-0.00653529,-0.443616][0.4578,0.0676999,-0.8865][0.8944,0.4677,0][0.696724,-0.374017,-0.489135][0.4578,0.0676999,-0.8865][0.903,0.5115,0][0.187611,-0.458289,-0.724213][0.299,0.0979999,-0.9492][0.9708,0.525,0][0,-0.461262,-0.7827][0,0.1028,-0.9947][0.9947,0.5269,0][0,-0.00479221,-0.733439][0,0.1028,-0.9947][0.9934,0.4677,0][0,-0.00479221,-0.733439][0,0.1028,-0.9947][0.9934,0.4677,0][0.162084,-0.00489497,-0.687101][0.2986,0.0979999,-0.9493][0.9724,0.4681,0][0.187611,-0.458289,-0.724213][0.299,0.0979999,-0.9492][0.9708,0.525,0][0.312378,-0.456084,-0.683922][0.3504,0.0896999,-0.9323][0.9547,0.5234,0][0.187611,-0.458289,-0.724213][0.299,0.0979999,-0.9492][0.9708,0.525,0][0.162084,-0.00489497,-0.687101][0.2986,0.0979999,-0.9493][0.9724,0.4681,0][0.162084,-0.00489497,-0.687101][0.2986,0.0979999,-0.9493][0.9724,0.4681,0][0.35031,-0.00422859,-0.623538][0.367,0.0861999,-0.9262][0.9474,0.4678,0][0.312378,-0.456084,-0.683922][0.3504,0.0896999,-0.9323][0.9547,0.5234,0][0.713691,-0.0266805,-0.36606][0.9979,-0.0575,-0.0292][0.884,0.4724,0][0.735631,-0.407439,-0.338687][0.9901,0.00129998,-0.1402][0.8868,0.5196,0][0.696724,-0.374017,-0.489135][0.9901,0.00129998,-0.1402][0.903,0.5115,0][0.696724,-0.374017,-0.489135][0.9901,0.00129998,-0.1402][0.903,0.5115,0][0.720253,-0.00653529,-0.443616][0.9963,-0.0836,0.0208][0.8944,0.4677,0][0.713691,-0.0266805,-0.36606][0.9979,-0.0575,-0.0292][0.884,0.4724,0][0.724763,0.0999317,-0.362984][0.7549,-0.458,-0.4695][0.8817,0.458,0][0.713691,-0.0266805,-0.36606][0.9979,-0.0575,-0.0292][0.884,0.4724,0][0.720253,-0.00653529,-0.443616][0.9963,-0.0836,0.0208][0.8944,0.4677,0][0.720253,-0.00653529,-0.443616][0.9963,-0.0836,0.0208][0.8944,0.4677,0][0.74414,0.0886543,-0.473706][0.9396,-0.3423,0.00110004][0.894,0.4543,0][0.724763,0.0999317,-0.362984][0.7549,-0.458,-0.4695][0.8817,0.458,0][0.887411,0.336906,-0.425726][0.8464,-0.2518,-0.4692][0.8726,0.4215,0][0.724763,0.0999317,-0.362984][0.7549,-0.458,-0.4695][0.8817,0.458,0][0.74414,0.0886543,-0.473706][0.9396,-0.3423,0.00110004][0.894,0.4543,0][0.74414,0.0886543,-0.473706][0.9396,-0.3423,0.00110004][0.894,0.4543,0][0.836869,0.335214,-0.531629][0.9319,-0.2289,-0.2814][0.8877,0.4214,0][0.887411,0.336906,-0.425726][0.8464,-0.2518,-0.4692][0.8726,0.4215,0][0.840098,-0.397341,0.376183][0.8483,-0.0869999,0.5223][0.8866,0.0307,0][0.843738,-0.138222,0.388332][0.794,-0.0242999,0.6075][0.8777,0.062,0][0.663252,-0.257452,0.529912][0.5791,-0.0883999,0.8104][0.9103,0.0526,0][0.663252,-0.257452,0.529912][0.5791,-0.0883999,0.8104][0.9103,0.0526,0][0.608506,-0.399032,0.503872][0.5724,-0.1601,0.8042][0.917,0.0348,0][0.840098,-0.397341,0.376183][0.8483,-0.0869999,0.5223][0.8866,0.0307,0][0.886386,-0.148115,0.122242][0.9982,0.000700007,0.0604][0.8479,0.0436,0][0.843738,-0.138222,0.388332][0.794,-0.0242999,0.6075][0.8777,0.062,0][0.840098,-0.397341,0.376183][0.8483,-0.0869999,0.5223][0.8866,0.0307,0][0.840098,-0.397341,0.376183][0.8483,-0.0869999,0.5223][0.8866,0.0307,0][0.889923,-0.404568,0.122191][0.9982,0.000800007,0.0597][0.86,0.0161,0][0.886386,-0.148115,0.122242][0.9982,0.000700007,0.0604][0.8479,0.0436,0][0.871828,-0.40016,-0.165685][0.9344,-0.00490004,-0.3563][0.8612,0.5222,0][0.871469,-0.137658,-0.181217][0.8978,-0.0113001,-0.4402][0.8538,0.4897,0][0.886386,-0.148115,0.122242][0.9982,0.000700007,0.0604][0.8186,0.5071,0][0.886386,-0.148115,0.122242][0.9982,0.000700007,0.0604][0.8186,0.5071,0][0.889923,-0.404568,0.122191][0.9982,0.000800007,0.0597][0.8295,0.5358,0][0.871828,-0.40016,-0.165685][0.9344,-0.00490004,-0.3563][0.8612,0.5222,0][0.608506,-0.399032,0.503872][0.1465,-0.0201999,0.989][0.917,0.0348,0][0.663252,-0.257452,0.529912][0.1465,-0.0201999,0.989][0.9103,0.0526,0][0.330729,-0.265961,0.54775][0.0871,0.1118,0.9899][0.9522,0.0484,0][0.330729,-0.265961,0.54775][0.0871,0.1118,0.9899][0.9522,0.0484,0][0.329293,-0.39893,0.576507][0.0842,0.1181,0.9894][0.9522,0.032,0][0.608506,-0.399032,0.503872][0.1465,-0.0201999,0.989][0.917,0.0348,0][0,-0.266628,0.54734][0,0.2708,0.9626][0.9936,0.0459,0][0,-0.399391,0.583068][0,0.2708,0.9626][0.9935,0.0279,0][0.0999055,-0.399442,0.587271][-0.001,0.2588,0.9659][0.9807,0.0294,0][0.0999055,-0.399442,0.587271][-0.001,0.2588,0.9659][0.9807,0.0294,0][0.10211,-0.26632,0.548263][-0.0004,0.2585,0.966][0.9808,0.0468,0][0,-0.266628,0.54734][0,0.2708,0.9626][0.9936,0.0459,0][0.735631,-0.407439,-0.338687][0.7703,-0.0158001,-0.6374][0.8868,0.5196,0][0.713691,-0.0266805,-0.36606][0.7541,-0.0373001,-0.6556][0.884,0.4724,0][0.871469,-0.137658,-0.181217][0.8978,-0.0113001,-0.4402][0.8538,0.4897,0][0.871469,-0.137658,-0.181217][0.8978,-0.0113001,-0.4402][0.8538,0.4897,0][0.871828,-0.40016,-0.165685][0.9344,-0.00490004,-0.3563][0.8612,0.5222,0][0.735631,-0.407439,-0.338687][0.7703,-0.0158001,-0.6374][0.8868,0.5196,0][0.713691,-0.0266805,-0.36606][0.7541,-0.0373001,-0.6556][0.884,0.4724,0][0.724763,0.0999317,-0.362984][0.745,-0.0490001,-0.6653][0.8817,0.458,0][0.871469,-0.137658,-0.181217][0.8978,-0.0113001,-0.4402][0.8538,0.4897,0][0.10211,-0.26632,0.548263][-0.0004,0.2585,0.966][0.9808,0.0468,0][0.0999055,-0.399442,0.587271][-0.001,0.2588,0.9659][0.9807,0.0294,0][0.329293,-0.39893,0.576507][0.0842,0.1181,0.9894][0.9522,0.032,0][0.329293,-0.39893,0.576507][0.0842,0.1181,0.9894][0.9522,0.032,0][0.330729,-0.265961,0.54775][0.0871,0.1118,0.9899][0.9522,0.0484,0][0.10211,-0.26632,0.548263][-0.0004,0.2585,0.966][0.9808,0.0468,0][0.68314,0.0445707,0.486546][0.583,0.0777001,0.8087][0.8992,0.0883,0][0.663252,-0.257452,0.529912][0.5791,-0.0883999,0.8104][0.9103,0.0526,0][0.843738,-0.138222,0.388332][0.794,-0.0242999,0.6075][0.8777,0.062,0][0.462877,-0.416358,-0.555414][0.4232,-0.8221,-0.3809][0.9303,0.5212,0][0.304381,-0.513752,-0.592782][0.3793,-0.7852,-0.4895][0.9501,0.5354,0][0.312378,-0.456084,-0.683922][0.3659,-0.7898,-0.4922][0.9547,0.5234,0][0.312378,-0.456084,-0.683922][0.3659,-0.7898,-0.4922][0.9547,0.5234,0][0.48133,-0.371044,-0.594833][0.401,-0.8377,-0.3707][0.9312,0.513,0][0.462877,-0.416358,-0.555414][0.4232,-0.8221,-0.3809][0.9303,0.5212,0][0.696724,-0.374017,-0.489135][0.196,-0.9395,-0.2808][0.903,0.5115,0][0.638237,-0.41195,-0.336585][0.1345,-0.9678,-0.213][0.8958,0.5293,0][0.462877,-0.416358,-0.555414][0.4232,-0.8221,-0.3809][0.9303,0.5212,0][0.462877,-0.416358,-0.555414][0.4232,-0.8221,-0.3809][0.9303,0.5212,0][0.48133,-0.371044,-0.594833][0.401,-0.8377,-0.3707][0.9312,0.513,0][0.696724,-0.374017,-0.489135][0.196,-0.9395,-0.2808][0.903,0.5115,0][0.696724,-0.374017,-0.489135][0.196,-0.9395,-0.2808][0.903,0.5115,0][0.735631,-0.407439,-0.338687][0.0885,-0.9856,-0.1438][0.8868,0.5196,0][0.638237,-0.41195,-0.336585][0.1345,-0.9678,-0.213][0.8958,0.5293,0][0.187611,-0.458289,-0.724213][0.1846,-0.8314,-0.524][0.9708,0.525,0][0.162853,-0.520723,-0.633585][0.1846,-0.8315,-0.524][0.9694,0.5393,0][0,-0.526823,-0.681821][0,-0.8423,-0.5389][0.9924,0.5418,0][0,-0.526823,-0.681821][0,-0.8423,-0.5389][0.9924,0.5418,0][0,-0.461262,-0.7827][0,-0.8423,-0.5389][0.9947,0.5269,0][0.187611,-0.458289,-0.724213][0.1846,-0.8314,-0.524][0.9708,0.525,0][0.312378,-0.456084,-0.683922][0.3659,-0.7898,-0.4922][0.9547,0.5234,0][0.304381,-0.513752,-0.592782][0.3793,-0.7852,-0.4895][0.9501,0.5354,0][0.162853,-0.520723,-0.633585][0.1846,-0.8315,-0.524][0.9694,0.5393,0][0.162853,-0.520723,-0.633585][0.1846,-0.8315,-0.524][0.9694,0.5393,0][0.187611,-0.458289,-0.724213][0.1846,-0.8314,-0.524][0.9708,0.525,0][0.312378,-0.456084,-0.683922][0.3659,-0.7898,-0.4922][0.9547,0.5234,0][0.440209,1.28198,0.532026][-0.5495,-0.1692,-0.8182][0.6591,0.1649,0][0.50759,0.912689,0.401617][-0.6374,-0.1953,-0.7454][0.6581,0.1917,0][0.238419,0.935251,0.47451][-0.2721,-0.0778001,-0.9591][0.6774,0.1919,0][0.238419,0.935251,0.47451][-0.2721,-0.0778001,-0.9591][0.6774,0.1919,0][0.199832,1.44029,0.614413][-0.2479,-0.0664001,-0.9665][0.6792,0.1615,0][0.440209,1.28198,0.532026][-0.5495,-0.1692,-0.8182][0.6591,0.1649,0][0.303289,1.45553,0.696211][0.2018,0.8505,-0.4857][0.4682,0.0683,0][0.566742,1.29673,0.60621][0.0602,0.9573,-0.2826][0.4275,0.0399,0][0.440209,1.28198,0.532026][0.1341,0.9134,-0.3843][0.4249,0.0633,0][0.440209,1.28198,0.532026][0.1341,0.9134,-0.3843][0.4249,0.0633,0][0.199832,1.44029,0.614413][0.0712,0.9432,-0.3244][0.4717,0.0859,0][0.303289,1.45553,0.696211][0.2018,0.8505,-0.4857][0.4682,0.0683,0][0.436478,-1.28762,-0.51174][-0.1022,-0.9796,-0.173][0.693,0.4307,0][0.172695,-1.14753,-0.554183][-0.2036,-0.9628,-0.1777][0.7084,0.4763,0][0.193301,-1.13528,-0.647476][-0.2113,-0.9607,-0.1798][0.7233,0.473,0][0.193301,-1.13528,-0.647476][-0.2113,-0.9607,-0.1798][0.7233,0.473,0][0.463594,-1.27378,-0.603188][-0.1002,-0.9799,-0.1725][0.7059,0.4296,0][0.436478,-1.28762,-0.51174][-0.1022,-0.9796,-0.173][0.693,0.4307,0][0,-1.14625,-0.58253][0,-0.9934,-0.1149][0.7129,0.5026,0][0,-1.13651,-0.676131][0,-0.9934,-0.1149][0.727,0.5029,0][0.193301,-1.13528,-0.647476][-0.2113,-0.9607,-0.1798][0.7233,0.473,0][0.193301,-1.13528,-0.647476][-0.2113,-0.9607,-0.1798][0.7233,0.473,0][0.172695,-1.14753,-0.554183][-0.2036,-0.9628,-0.1777][0.7084,0.4763,0][0,-1.14625,-0.58253][0,-0.9934,-0.1149][0.7129,0.5026,0][0.463594,-1.27378,-0.603188][-0.1002,-0.9799,-0.1725][0.7059,0.4296,0][0.645721,-1.23575,-0.535115][0.4815,-0.8717,0.0909001][0.709,0.4005,0][0.602406,-1.25543,-0.451305][0.4635,-0.8828,0.0768001][0.6958,0.3982,0][0.602406,-1.25543,-0.451305][0.4635,-0.8828,0.0768001][0.6958,0.3982,0][0.436478,-1.28762,-0.51174][-0.1022,-0.9796,-0.173][0.693,0.4307,0][0.463594,-1.27378,-0.603188][-0.1002,-0.9799,-0.1725][0.7059,0.4296,0][0.790427,-1.05916,-0.406145][0.5189,-0.8515,0.0760001][0.7282,0.3655,0][0.961225,-1.0223,-0.150307][0.32,-0.9034,-0.2855][0.7308,0.3179,0][0.87639,-1.05716,-0.12073][0.3205,-0.9043,-0.2821][0.716,0.3197,0][0.87639,-1.05716,-0.12073][0.3205,-0.9043,-0.2821][0.716,0.3197,0][0.726199,-1.08837,-0.340532][0.5285,-0.8445,0.0863001][0.7127,0.3625,0][0.790427,-1.05916,-0.406145][0.5189,-0.8515,0.0760001][0.7282,0.3655,0][0.87639,-1.05716,-0.12073][0.3205,-0.9043,-0.2821][0.716,0.3197,0][0.961225,-1.0223,-0.150307][0.32,-0.9034,-0.2855][0.7308,0.3179,0][1.02243,-1.14968,0.139004][0.3505,-0.9043,-0.2439][0.7117,0.2725,0][1.02243,-1.14968,0.139004][0.3505,-0.9043,-0.2439][0.7117,0.2725,0][0.933237,-1.18397,0.126548][0.3514,-0.905,-0.2399][0.6989,0.2749,0][0.87639,-1.05716,-0.12073][0.3205,-0.9043,-0.2821][0.716,0.3197,0][1.02243,-1.14968,0.139004][0.3505,-0.9043,-0.2439][0.7117,0.2725,0][0.944361,-1.18198,0.406324][0.147,-0.9502,0.2746][0.707,0.2306,0][0.870444,-1.21699,0.355372][0.1628,-0.9522,0.2584][0.6947,0.2309,0][0.870444,-1.21699,0.355372][0.1628,-0.9522,0.2584][0.6947,0.2309,0][0.933237,-1.18397,0.126548][0.3514,-0.905,-0.2399][0.6989,0.2749,0][1.02243,-1.14968,0.139004][0.3505,-0.9043,-0.2439][0.7117,0.2725,0][0.944361,-1.18198,0.406324][0.147,-0.9502,0.2746][0.707,0.2306,0][0.648438,-1.04234,0.599625][0.0658,-0.9174,0.3924][0.724,0.1752,0][0.64285,-1.07725,0.516584][0.0115,-0.9022,0.4311][0.7095,0.18,0][0.64285,-1.07725,0.516584][0.0115,-0.9022,0.4311][0.7095,0.18,0][0.870444,-1.21699,0.355372][0.1628,-0.9522,0.2584][0.6947,0.2309,0][0.944361,-1.18198,0.406324][0.147,-0.9502,0.2746][0.707,0.2306,0][0.64285,-1.07725,0.516584][0.0115,-0.9022,0.4311][0.7095,0.18,0][0.648438,-1.04234,0.599625][0.0658,-0.9174,0.3924][0.724,0.1752,0][0.327038,-1.0995,0.629766][0.4491,-0.8615,0.237][0.7129,0.1258,0][0.327038,-1.0995,0.629766][0.4491,-0.8615,0.237][0.7129,0.1258,0][0.323911,-1.1241,0.536678][0.4813,-0.8467,0.2266][0.6985,0.1315,0][0.64285,-1.07725,0.516584][0.0115,-0.9022,0.4311][0.7095,0.18,0][0.139119,-1.3093,0.54206][0.4574,-0.8791,0.1341][0.6744,0.1032,0][0.137428,-1.29582,0.637455][0.4729,-0.8708,0.1345][0.6865,0.0968,0][0,-1.32304,0.635405][0,-0.9923,0.1237][0.6793,0.0771,0][0,-1.32304,0.635405][0,-0.9923,0.1237][0.6793,0.0771,0][0,-1.33309,0.5396][0,-0.9923,0.1237][0.6651,0.0829,0][0.139119,-1.3093,0.54206][0.4574,-0.8791,0.1341][0.6744,0.1032,0][0.323911,-1.1241,0.536678][0.4813,-0.8467,0.2266][0.6985,0.1315,0][0.327038,-1.0995,0.629766][0.4491,-0.8615,0.237][0.7129,0.1258,0][0.137428,-1.29582,0.637455][0.4729,-0.8708,0.1345][0.6865,0.0968,0][0.137428,-1.29582,0.637455][0.4729,-0.8708,0.1345][0.6865,0.0968,0][0.139119,-1.3093,0.54206][0.4574,-0.8791,0.1341][0.6744,0.1032,0][0.323911,-1.1241,0.536678][0.4813,-0.8467,0.2266][0.6985,0.1315,0][0.645721,-1.23575,-0.535115][0.4815,-0.8717,0.0909001][0.709,0.4005,0][0.790427,-1.05916,-0.406145][0.5189,-0.8515,0.0760001][0.7282,0.3655,0][0.726199,-1.08837,-0.340532][0.5285,-0.8445,0.0863001][0.7127,0.3625,0][0.726199,-1.08837,-0.340532][0.5285,-0.8445,0.0863001][0.7127,0.3625,0][0.602406,-1.25543,-0.451305][0.4635,-0.8828,0.0768001][0.6958,0.3982,0][0.645721,-1.23575,-0.535115][0.4815,-0.8717,0.0909001][0.709,0.4005,0][0.106774,-0.692956,0.698249][-0.015,0.6979,0.716][0.7807,0.0925,0][0.105031,-0.633597,0.641453][-0.0149,0.698,0.716][0.794,0.0924,0][0,-0.637339,0.641043][0,0.693,0.7209][0.7935,0.076,0][0,-0.637339,0.641043][0,0.693,0.7209][0.7935,0.076,0][0,-0.696032,0.697788][0,0.693,0.7209][0.78,0.0755,0][0.106774,-0.692956,0.698249][-0.015,0.6979,0.716][0.7807,0.0925,0][0.106774,-0.692956,0.698249][-0.015,0.6979,0.716][0.7807,0.0925,0][0.37066,-0.686908,0.695891][0.0451,0.7343,0.6774][0.7816,0.1289,0][0.354103,-0.62555,0.633252][0.0391,0.7307,0.6816][0.7957,0.1276,0][0.354103,-0.62555,0.633252][0.0391,0.7307,0.6816][0.7957,0.1276,0][0.105031,-0.633597,0.641453][-0.0149,0.698,0.716][0.794,0.0924,0][0.106774,-0.692956,0.698249][-0.015,0.6979,0.716][0.7807,0.0925,0][0.37066,-0.686908,0.695891][0.0451,0.7343,0.6774][0.7816,0.1289,0][0.641261,-0.678552,0.656472][0.2331,0.7732,0.5897][0.783,0.1701,0][0.607532,-0.620116,0.585221][0.2275,0.773,0.5922][0.7976,0.1698,0][0.607532,-0.620116,0.585221][0.2275,0.773,0.5922][0.7976,0.1698,0][0.354103,-0.62555,0.633252][0.0391,0.7307,0.6816][0.7957,0.1276,0][0.37066,-0.686908,0.695891][0.0451,0.7343,0.6774][0.7816,0.1289,0][0.641261,-0.678552,0.656472][0.2331,0.7732,0.5897][0.783,0.1701,0][0.901456,-0.675425,0.459532][0.5047,0.7967,0.3324][0.7843,0.219,0][0.840816,-0.620526,0.430262][0.482,0.7951,0.3681][0.7976,0.217,0][0.840816,-0.620526,0.430262][0.482,0.7951,0.3681][0.7976,0.217,0][0.607532,-0.620116,0.585221][0.2275,0.773,0.5922][0.7976,0.1698,0][0.641261,-0.678552,0.656472][0.2331,0.7732,0.5897][0.783,0.1701,0][0.901456,-0.675425,0.459532][0.5047,0.7967,0.3324][0.7843,0.219,0][0.99762,-0.684909,0.169555][0.5849,0.811,0.0118999][0.7847,0.2655,0][0.927855,-0.634571,0.167812][0.5869,0.8091,0.0296999][0.7981,0.2641,0][0.927855,-0.634571,0.167812][0.5869,0.8091,0.0296999][0.7981,0.2641,0][0.840816,-0.620526,0.430262][0.482,0.7951,0.3681][0.7976,0.217,0][0.901456,-0.675425,0.459532][0.5047,0.7967,0.3324][0.7843,0.219,0][0.99762,-0.684909,0.169555][0.5849,0.811,0.0118999][0.7847,0.2655,0][0.962353,-0.705823,-0.150563][0.5144,0.8106,-0.2799][0.7832,0.3145,0][0.894075,-0.657331,-0.125343][0.5177,0.8116,-0.2706][0.7966,0.3137,0][0.894075,-0.657331,-0.125343][0.5177,0.8116,-0.2706][0.7966,0.3137,0][0.927855,-0.634571,0.167812][0.5869,0.8091,0.0296999][0.7981,0.2641,0][0.99762,-0.684909,0.169555][0.5849,0.811,0.0118999][0.7847,0.2655,0][0.962353,-0.705823,-0.150563][0.5144,0.8106,-0.2799][0.7832,0.3145,0][0.784327,-0.743037,-0.40389][0.4557,0.7453,-0.4866][0.7819,0.3623,0][0.742089,-0.684242,-0.34858][0.4558,0.7567,-0.4687][0.7962,0.3588,0][0.742089,-0.684242,-0.34858][0.4558,0.7567,-0.4687][0.7962,0.3588,0][0.894075,-0.657331,-0.125343][0.5177,0.8116,-0.2706][0.7966,0.3137,0][0.962353,-0.705823,-0.150563][0.5144,0.8106,-0.2799][0.7832,0.3145,0][0.784327,-0.743037,-0.40389][0.4557,0.7453,-0.4866][0.7819,0.3623,0][0.578878,-0.78138,-0.618668][0.3351,0.677,-0.6552][0.7801,0.4078,0][0.539049,-0.710795,-0.570228][0.331,0.6754,-0.6589][0.7943,0.4076,0][0.539049,-0.710795,-0.570228][0.331,0.6754,-0.6589][0.7943,0.4076,0][0.742089,-0.684242,-0.34858][0.4558,0.7567,-0.4687][0.7962,0.3588,0][0.784327,-0.743037,-0.40389][0.4557,0.7453,-0.4866][0.7819,0.3623,0][0.386089,-0.791375,-0.675618][0.1788,0.6128,-0.7697][0.7821,0.4387,0][0.359639,-0.720739,-0.627331][0.1756,0.6123,-0.7709][0.7962,0.4387,0][0.539049,-0.710795,-0.570228][0.331,0.6754,-0.6589][0.7943,0.4076,0][0.539049,-0.710795,-0.570228][0.331,0.6754,-0.6589][0.7943,0.4076,0][0.578878,-0.78138,-0.618668][0.3351,0.677,-0.6552][0.7801,0.4078,0][0.386089,-0.791375,-0.675618][0.1788,0.6128,-0.7697][0.7821,0.4387,0][0.207705,-0.798142,-0.717856][0.1479,0.6107,-0.778][0.7836,0.4672,0][0.169773,-0.730171,-0.670441][0.1454,0.6115,-0.7778][0.7978,0.469,0][0.359639,-0.720739,-0.627331][0.1756,0.6123,-0.7709][0.7962,0.4387,0][0.359639,-0.720739,-0.627331][0.1756,0.6123,-0.7709][0.7962,0.4387,0][0.386089,-0.791375,-0.675618][0.1788,0.6128,-0.7697][0.7821,0.4387,0][0.207705,-0.798142,-0.717856][0.1479,0.6107,-0.778][0.7836,0.4672,0][0,-0.801986,-0.757583][0,0.6194,-0.7851][0.7904,0.4988,0][0,-0.738475,-0.708066][0,0.6194,-0.7851][0.8016,0.4946,0][0.169773,-0.730171,-0.670441][0.1454,0.6115,-0.7778][0.7978,0.469,0][0.169773,-0.730171,-0.670441][0.1454,0.6115,-0.7778][0.7978,0.469,0][0.207705,-0.798142,-0.717856][0.1479,0.6107,-0.778][0.7836,0.4672,0][0,-0.801986,-0.757583][0,0.6194,-0.7851][0.7904,0.4988,0][0,-1.12128,-0.724264][0,-0.8576,-0.5143][0.7389,0.5032,0][0.212421,-1.08612,-0.701402][-0.0304,-0.7615,-0.6475][0.7367,0.4703,0][0.193301,-1.13528,-0.647476][-0.0256,-0.7645,-0.6441][0.7233,0.473,0][0.193301,-1.13528,-0.647476][-0.0256,-0.7645,-0.6441][0.7233,0.473,0][0,-1.13651,-0.676131][0,-0.8576,-0.5143][0.727,0.5029,0][0,-1.12128,-0.724264][0,-0.8576,-0.5143][0.7389,0.5032,0][0.483534,-1.22083,-0.64722][0.0915,-0.7011,-0.7072][0.716,0.429,0][0.463594,-1.27378,-0.603188][0.0883,-0.7007,-0.708][0.7059,0.4296,0][0.193301,-1.13528,-0.647476][-0.0256,-0.7645,-0.6441][0.7233,0.473,0][0.193301,-1.13528,-0.647476][-0.0256,-0.7645,-0.6441][0.7233,0.473,0][0.212421,-1.08612,-0.701402][-0.0304,-0.7615,-0.6475][0.7367,0.4703,0][0.483534,-1.22083,-0.64722][0.0915,-0.7011,-0.7072][0.716,0.429,0][0.483534,-1.22083,-0.64722][0.0915,-0.7011,-0.7072][0.716,0.429,0][0.649616,-1.1872,-0.593346][0.6156,-0.6341,-0.4679][0.7189,0.4036,0][0.645721,-1.23575,-0.535115][0.62,-0.6322,-0.4646][0.709,0.4005,0][0.645721,-1.23575,-0.535115][0.62,-0.6322,-0.4646][0.709,0.4005,0][0.463594,-1.27378,-0.603188][0.0883,-0.7007,-0.708][0.7059,0.4296,0][0.483534,-1.22083,-0.64722][0.0915,-0.7011,-0.7072][0.716,0.429,0][0.649616,-1.1872,-0.593346][0.6156,-0.6341,-0.4679][0.7189,0.4036,0][0.821183,-1.00354,-0.435619][0.7685,-0.537,-0.3478][0.741,0.366,0][0.790427,-1.05916,-0.406145][0.785,-0.5272,-0.3255][0.7282,0.3655,0][0.790427,-1.05916,-0.406145][0.785,-0.5272,-0.3255][0.7282,0.3655,0][0.645721,-1.23575,-0.535115][0.62,-0.6322,-0.4646][0.709,0.4005,0][0.649616,-1.1872,-0.593346][0.6156,-0.6341,-0.4679][0.7189,0.4036,0][0.821183,-1.00354,-0.435619][0.7685,-0.537,-0.3478][0.741,0.366,0][0.999773,-0.961558,-0.156663][0.7558,-0.5285,-0.3867][0.7432,0.3163,0][0.961225,-1.0223,-0.150307][0.7555,-0.5288,-0.3868][0.7308,0.3179,0][0.961225,-1.0223,-0.150307][0.7555,-0.5288,-0.3868][0.7308,0.3179,0][0.790427,-1.05916,-0.406145][0.785,-0.5272,-0.3255][0.7282,0.3655,0][0.821183,-1.00354,-0.435619][0.7685,-0.537,-0.3478][0.741,0.366,0][1.06518,-1.09201,0.156432][0.8001,-0.5873,-0.1219][0.7225,0.2707,0][1.02243,-1.14968,0.139004][0.8001,-0.5874,-0.1216][0.7117,0.2725,0][0.961225,-1.0223,-0.150307][0.7555,-0.5288,-0.3868][0.7308,0.3179,0][0.961225,-1.0223,-0.150307][0.7555,-0.5288,-0.3868][0.7308,0.3179,0][0.999773,-0.961558,-0.156663][0.7558,-0.5285,-0.3867][0.7432,0.3163,0][1.06518,-1.09201,0.156432][0.8001,-0.5873,-0.1219][0.7225,0.2707,0][0.989162,-1.12497,0.428981][0.5653,-0.65,0.5079][0.7169,0.2313,0][0.944361,-1.18198,0.406324][0.5625,-0.6496,0.5115][0.707,0.2306,0][1.02243,-1.14968,0.139004][0.8001,-0.5874,-0.1216][0.7117,0.2725,0][1.02243,-1.14968,0.139004][0.8001,-0.5874,-0.1216][0.7117,0.2725,0][1.06518,-1.09201,0.156432][0.8001,-0.5873,-0.1219][0.7225,0.2707,0][0.989162,-1.12497,0.428981][0.5653,-0.65,0.5079][0.7169,0.2313,0][0.989162,-1.12497,0.428981][0.5653,-0.65,0.5079][0.7169,0.2313,0][0.652077,-0.985548,0.640326][0.2263,-0.6037,0.7644][0.7359,0.1725,0][0.648438,-1.04234,0.599625][0.2351,-0.5915,0.7713][0.724,0.1752,0][0.648438,-1.04234,0.599625][0.2351,-0.5915,0.7713][0.724,0.1752,0][0.944361,-1.18198,0.406324][0.5625,-0.6496,0.5115][0.707,0.2306,0][0.989162,-1.12497,0.428981][0.5653,-0.65,0.5079][0.7169,0.2313,0][0.652077,-0.985548,0.640326][0.2263,-0.6037,0.7644][0.7359,0.1725,0][0.306021,-1.0529,0.682615][0.3757,-0.5785,0.724][0.7247,0.1198,0][0.327038,-1.0995,0.629766][0.3748,-0.5789,0.7242][0.7129,0.1258,0][0.327038,-1.0995,0.629766][0.3748,-0.5789,0.7242][0.7129,0.1258,0][0.648438,-1.04234,0.599625][0.2351,-0.5915,0.7713][0.724,0.1752,0][0.652077,-0.985548,0.640326][0.2263,-0.6037,0.7644][0.7359,0.1725,0][0.111644,-1.24938,0.689791][0.3185,-0.6088,0.7266][0.6966,0.0919,0][0.137428,-1.29582,0.637455][0.3259,-0.6058,0.7258][0.6865,0.0968,0][0.327038,-1.0995,0.629766][0.3748,-0.5789,0.7242][0.7129,0.1258,0][0.327038,-1.0995,0.629766][0.3748,-0.5789,0.7242][0.7129,0.1258,0][0.306021,-1.0529,0.682615][0.3757,-0.5785,0.724][0.7247,0.1198,0][0.111644,-1.24938,0.689791][0.3185,-0.6088,0.7266][0.6966,0.0919,0][0.111644,-1.24938,0.689791][0.3185,-0.6088,0.7266][0.6966,0.0919,0][0,-1.26061,0.687638][0,-0.6812,0.7321][0.6939,0.0753,0][0,-1.32304,0.635405][0,-0.6812,0.7321][0.6793,0.0771,0][0,-1.32304,0.635405][0,-0.6812,0.7321][0.6793,0.0771,0][0.137428,-1.29582,0.637455][0.3259,-0.6058,0.7258][0.6865,0.0968,0][0.111644,-1.24938,0.689791][0.3185,-0.6088,0.7266][0.6966,0.0919,0][0.938056,-0.0307298,0.452714][0.3395,-0.8201,0.4607][0.8685,0.0811,0][1.05026,0.0168393,0.425188][0.3426,-0.8262,0.4473][0.8539,0.0856,0][1.04842,0.278624,0.682][0.2486,-0.6324,0.7336][0.8535,0.1279,0][1.04842,0.278624,0.682][0.2486,-0.6324,0.7336][0.8535,0.1279,0][0.931495,0.289747,0.700709][0.2486,-0.6324,0.7336][0.8675,0.1299,0][0.938056,-0.0307298,0.452714][0.3395,-0.8201,0.4607][0.8685,0.0811,0][0.939132,0.850274,0.589732][-0.8493,0.1324,0.5111][0.8605,0.2001,0][0.893614,0.83182,0.512073][-0.8495,0.1324,0.5107][0.8702,0.2008,0][0.886899,0.592744,0.568972][-0.8424,0.1268,0.5237][0.8727,0.1678,0][0.886899,0.592744,0.568972][-0.8424,0.1268,0.5237][0.8727,0.1678,0][0.934775,0.602945,0.645041][-0.8413,0.1263,0.5256][0.8624,0.168,0][0.939132,0.850274,0.589732][-0.8493,0.1324,0.5111][0.8605,0.2001,0][0.939747,1.05536,-0.143592][-0.8576,0.5099,-0.0677001][0.8595,0.3091,0][0.894741,0.974425,-0.132981][-0.8575,0.5101,-0.0679001][0.8702,0.3096,0][0.894536,1.00277,0.132904][-0.851,0.5251,-0.00900006][0.8703,0.2743,0][0.894536,1.00277,0.132904][-0.851,0.5251,-0.00900006][0.8703,0.2743,0][0.940363,1.07956,0.131366][-0.8508,0.5253,-0.00870006][0.86,0.2746,0][0.939747,1.05536,-0.143592][-0.8576,0.5099,-0.0677001][0.8595,0.3091,0][0.892076,0.950743,-0.307162][-0.8635,0.3643,-0.3488][0.8716,0.3352,0][0.894741,0.974425,-0.132981][-0.8575,0.5101,-0.0679001][0.8702,0.3096,0][0.939747,1.05536,-0.143592][-0.8576,0.5099,-0.0677001][0.8595,0.3091,0][0.939747,1.05536,-0.143592][-0.8576,0.5099,-0.0677001][0.8595,0.3091,0][0.939286,1.00969,-0.350887][-0.8656,0.3832,-0.3223][0.8608,0.3346,0][0.892076,0.950743,-0.307162][-0.8635,0.3643,-0.3488][0.8716,0.3352,0][0.881004,0.31389,0.626998][-0.8486,-0.0988999,0.5197][0.8791,0.1299,0][0.931495,0.289747,0.700709][-0.8484,-0.1371,0.5112][0.8675,0.1299,0][0.934775,0.602945,0.645041][-0.8413,0.1263,0.5256][0.8624,0.168,0][0.934775,0.602945,0.645041][-0.8413,0.1263,0.5256][0.8624,0.168,0][0.886899,0.592744,0.568972][-0.8424,0.1268,0.5237][0.8727,0.1678,0][0.881004,0.31389,0.626998][-0.8486,-0.0988999,0.5197][0.8791,0.1299,0][0.881004,0.31389,0.626998][-0.8486,-0.0988999,0.5197][0.8791,0.1299,0][0.938056,-0.0307298,0.452714][-0.8204,-0.3603,0.4439][0.8685,0.0811,0][0.931495,0.289747,0.700709][-0.8484,-0.1371,0.5112][0.8675,0.1299,0][0.896535,0.994263,0.485828][-0.8846,0.3603,0.2961][0.8727,0.2261,0][0.942977,1.05347,0.535858][-0.8846,0.3604,0.296][0.861,0.2256,0][0.940363,1.07956,0.131366][-0.8508,0.5253,-0.00870006][0.86,0.2746,0][0.940363,1.07956,0.131366][-0.8508,0.5253,-0.00870006][0.86,0.2746,0][0.894536,1.00277,0.132904][-0.851,0.5251,-0.00900006][0.8703,0.2743,0][0.896535,0.994263,0.485828][-0.8846,0.3603,0.2961][0.8727,0.2261,0][0.939132,0.850274,0.589732][-0.8493,0.1324,0.5111][0.8605,0.2001,0][0.942977,1.05347,0.535858][-0.8846,0.3604,0.296][0.861,0.2256,0][0.896535,0.994263,0.485828][-0.8846,0.3603,0.2961][0.8727,0.2261,0][0.896535,0.994263,0.485828][-0.8846,0.3603,0.2961][0.8727,0.2261,0][0.893614,0.83182,0.512073][-0.8495,0.1324,0.5107][0.8702,0.2008,0][0.939132,0.850274,0.589732][-0.8493,0.1324,0.5111][0.8605,0.2001,0][0.892076,0.950743,-0.307162][-0.8635,0.3643,-0.3488][0.8716,0.3352,0][0.939286,1.00969,-0.350887][-0.8656,0.3832,-0.3223][0.8608,0.3346,0][0.936928,0.854118,-0.403582][-0.8136,0.1479,-0.5623][0.8621,0.3541,0][0.936928,0.854118,-0.403582][-0.8136,0.1479,-0.5623][0.8621,0.3541,0][0.890128,0.839048,-0.336688][-0.8135,0.1485,-0.5623][0.8719,0.3536,0][0.892076,0.950743,-0.307162][-0.8635,0.3643,-0.3488][0.8716,0.3352,0][0.937184,0.565525,-0.459353][-0.8018,0.0951999,-0.59][0.8629,0.3903,0][0.938056,0.317017,-0.486418][-0.7983,-0.1762,-0.576][0.8626,0.4202,0][0.887411,0.336906,-0.425726][-0.7999,-0.1299,-0.5859][0.8726,0.4215,0][0.887411,0.336906,-0.425726][-0.7999,-0.1299,-0.5859][0.8726,0.4215,0][0.888744,0.562603,-0.391075][-0.8039,0.0969999,-0.5869][0.8727,0.3903,0][0.937184,0.565525,-0.459353][-0.8018,0.0951999,-0.59][0.8629,0.3903,0][0.936928,0.854118,-0.403582][-0.8136,0.1479,-0.5623][0.8621,0.3541,0][0.937184,0.565525,-0.459353][-0.8018,0.0951999,-0.59][0.8629,0.3903,0][0.888744,0.562603,-0.391075][-0.8039,0.0969999,-0.5869][0.8727,0.3903,0][0.888744,0.562603,-0.391075][-0.8039,0.0969999,-0.5869][0.8727,0.3903,0][0.890128,0.839048,-0.336688][-0.8135,0.1485,-0.5623][0.8719,0.3536,0][0.936928,0.854118,-0.403582][-0.8136,0.1479,-0.5623][0.8621,0.3541,0][0.969939,-0.0370347,-0.264822][-0.766,-0.3892,-0.5116][0.849,0.4687,0][0.887411,0.336906,-0.425726][-0.7999,-0.1299,-0.5859][0.8726,0.4215,0][0.938056,0.317017,-0.486418][-0.7983,-0.1762,-0.576][0.8626,0.4202,0][0.939286,1.00969,-0.350887][0.2401,0.2956,-0.9247][0.8608,0.3346,0][1.04985,1.00262,-0.326795][0.2401,0.2956,-0.9247][0.8473,0.3336,0][1.04929,0.842226,-0.375851][0.251,0.237,-0.9385][0.8476,0.3549,0][1.04929,0.842226,-0.375851][0.251,0.237,-0.9385][0.8476,0.3549,0][0.936928,0.854118,-0.403582][0.2505,0.2397,-0.938][0.8621,0.3541,0][0.939286,1.00969,-0.350887][0.2401,0.2956,-0.9247][0.8608,0.3346,0][1.0499,0.544713,-0.431519][0.2728,0.1321,-0.953][0.8486,0.3921,0][1.05134,0.300665,-0.450946][0.3629,-0.2635,-0.8938][0.849,0.4214,0][0.938056,0.317017,-0.486418][0.3464,-0.1727,-0.922][0.8626,0.4202,0][0.938056,0.317017,-0.486418][0.3464,-0.1727,-0.922][0.8626,0.4202,0][0.937184,0.565525,-0.459353][0.2707,0.1403,-0.9524][0.8629,0.3903,0][1.0499,0.544713,-0.431519][0.2728,0.1321,-0.953][0.8486,0.3921,0][1.04929,0.842226,-0.375851][0.251,0.237,-0.9385][0.8476,0.3549,0][1.0499,0.544713,-0.431519][0.2728,0.1321,-0.953][0.8486,0.3921,0][0.937184,0.565525,-0.459353][0.2707,0.1403,-0.9524][0.8629,0.3903,0][0.937184,0.565525,-0.459353][0.2707,0.1403,-0.9524][0.8629,0.3903,0][0.936928,0.854118,-0.403582][0.2505,0.2397,-0.938][0.8621,0.3541,0][1.04929,0.842226,-0.375851][0.251,0.237,-0.9385][0.8476,0.3549,0][0.843738,-0.138222,0.388332][0.5078,-0.7012,0.5004][0.8777,0.062,0][0.886386,-0.148115,0.122242][0.7433,-0.6675,0.0440001][0.8479,0.0436,0][0.953178,-0.0626135,0.122806][0.7433,-0.6676,0.0422001][0.8402,0.0513,0][0.953178,-0.0626135,0.122806][0.7433,-0.6676,0.0422001][0.8402,0.0513,0][0.938056,-0.0307298,0.452714][0.2584,-0.6214,0.7397][0.8685,0.0811,0][0.843738,-0.138222,0.388332][0.5078,-0.7012,0.5004][0.8777,0.062,0][0.953178,-0.0626135,0.122806][0.7433,-0.6676,0.0422001][0.8117,0.4977,0][0.886386,-0.148115,0.122242][0.7433,-0.6675,0.0440001][0.8186,0.5071,0][0.871469,-0.137658,-0.181217][0.5519,-0.7615,-0.3399][0.8538,0.4897,0][0.871469,-0.137658,-0.181217][0.5519,-0.7615,-0.3399][0.8538,0.4897,0][0.969939,-0.0370347,-0.264822][0.2809,-0.6643,-0.6927][0.849,0.4687,0][0.953178,-0.0626135,0.122806][0.7433,-0.6676,0.0422001][0.8117,0.4977,0][0.724763,0.0999317,-0.362984][0.7549,-0.458,-0.4695][0.8817,0.458,0][0.887411,0.336906,-0.425726][0.8464,-0.2518,-0.4692][0.8726,0.4215,0][0.969939,-0.0370347,-0.264822][0.2809,-0.6643,-0.6927][0.849,0.4687,0][0.881004,0.31389,0.626998][0.7067,-0.3575,0.6106][0.8791,0.1299,0][0.68314,0.0445707,0.486546][0.5334,-0.4505,0.716][0.8992,0.0883,0][0.938056,-0.0307298,0.452714][0.2584,-0.6214,0.7397][0.8685,0.0811,0][0.68314,0.0445707,0.486546][0.5334,-0.4505,0.716][0.8992,0.0883,0][0.843738,-0.138222,0.388332][0.5078,-0.7012,0.5004][0.8777,0.062,0][0.938056,-0.0307298,0.452714][0.2584,-0.6214,0.7397][0.8685,0.0811,0][0.871469,-0.137658,-0.181217][0.5519,-0.7615,-0.3399][0.8538,0.4897,0][0.724763,0.0999317,-0.362984][0.7549,-0.458,-0.4695][0.8817,0.458,0][0.969939,-0.0370347,-0.264822][0.2809,-0.6643,-0.6927][0.849,0.4687,0][1.05134,0.300665,-0.450946][0.3629,-0.2635,-0.8938][0.849,0.4214,0][1.05257,-0.00135803,-0.212793][0.3914,-0.5148,-0.7628][0.8368,0.4647,0][0.969939,-0.0370347,-0.264822][0.3914,-0.5148,-0.7628][0.849,0.4687,0][0.969939,-0.0370347,-0.264822][0.3914,-0.5148,-0.7628][0.849,0.4687,0][0.938056,0.317017,-0.486418][0.3464,-0.1727,-0.922][0.8626,0.4202,0][1.05134,0.300665,-0.450946][0.3629,-0.2635,-0.8938][0.849,0.4214,0][0.436478,-1.28762,-0.51174][-0.1653,-0.9269,0.337][0.6249,0.3191,0][0,-1.02184,0.00516436][0,-0.9998,-0.0182999][0.6412,0.2721,0][0.172695,-1.14753,-0.554183][-0.29,-0.949,0.1237][0.6158,0.3012,0][0.602406,-1.25543,-0.451305][0.1617,-0.7755,0.6103][0.633,0.326,0][0,-1.02184,0.00516436][0,-0.9998,-0.0182999][0.6412,0.2721,0][0.436478,-1.28762,-0.51174][-0.1653,-0.9269,0.337][0.6249,0.3191,0][0.87639,-1.05716,-0.12073][-0.0692,-0.9757,-0.2081][0.6645,0.3293,0][0,-1.02184,0.00516436][0,-0.9998,-0.0182999][0.6412,0.2721,0][0.726199,-1.08837,-0.340532][0.117,-0.9004,0.4191][0.6477,0.3277,0][0.933237,-1.18397,0.126548][-0.1258,-0.9465,-0.2973][0.6819,0.3245,0][0,-1.02184,0.00516436][0,-0.9998,-0.0182999][0.6412,0.2721,0][0.87639,-1.05716,-0.12073][-0.0692,-0.9757,-0.2081][0.6645,0.3293,0][0.870444,-1.21699,0.355372][-0.2263,-0.9739,0.0197001][0.6927,0.3142,0][0,-1.02184,0.00516436][0,-0.9998,-0.0182999][0.6412,0.2721,0][0.933237,-1.18397,0.126548][-0.1258,-0.9465,-0.2973][0.6819,0.3245,0][0.64285,-1.07725,0.516584][-0.2064,-0.9662,0.1547][0.6936,0.294,0][0,-1.02184,0.00516436][0,-0.9998,-0.0182999][0.6412,0.2721,0][0.870444,-1.21699,0.355372][-0.2263,-0.9739,0.0197001][0.6927,0.3142,0][0,-1.33309,0.5396][0,-0.8641,-0.5033][0.6751,0.2516,0][0,-1.02184,0.00516436][0,-0.9998,-0.0182999][0.6412,0.2721,0][0.139119,-1.3093,0.54206][0.3927,-0.7646,-0.5111][0.6795,0.26,0][0.172695,-1.14753,-0.554183][-0.29,-0.949,0.1237][0.6158,0.3012,0][0,-1.02184,0.00516436][0,-0.9998,-0.0182999][0.6412,0.2721,0][0,-1.14625,-0.58253][0,-0.9783,0.2071][0.6081,0.2923,0][0.139119,-1.3093,0.54206][0.3927,-0.7646,-0.5111][0.6795,0.26,0][0,-1.02184,0.00516436][0,-0.9998,-0.0182999][0.6412,0.2721,0][0.323911,-1.1241,0.536678][0.3343,-0.8666,-0.3705][0.6832,0.2762,0][0.726199,-1.08837,-0.340532][0.117,-0.9004,0.4191][0.6477,0.3277,0][0,-1.02184,0.00516436][0,-0.9998,-0.0182999][0.6412,0.2721,0][0.602406,-1.25543,-0.451305][0.1617,-0.7755,0.6103][0.633,0.326,0][0.323911,-1.1241,0.536678][0.3343,-0.8666,-0.3705][0.6832,0.2762,0][0,-1.02184,0.00516436][0,-0.9998,-0.0182999][0.6412,0.2721,0][0.64285,-1.07725,0.516584][-0.2064,-0.9662,0.1547][0.6936,0.294,0][0.25149,0.895388,-0.515505][-0.5102,0.0939001,0.8549][0.5554,0.1669,0][0.244356,0.754213,-0.459507][-0.326,0.0752001,0.9424][0.5549,0.1899,0][0.339348,1.1446,-0.519568][-0.4564,0.0315001,0.8892][0.5753,0.1628,0][0,-1.08263,-0.730159][0,-0.2142,-0.9768][0.7437,0.503,0][0.223237,-1.03829,-0.713038][0.1622,-0.1519,-0.975][0.7482,0.477,0][0.212421,-1.08612,-0.701402][0.0986,-0.2314,-0.9678][0.7367,0.4703,0][0.212421,-1.08612,-0.701402][0.0986,-0.2314,-0.9678][0.7367,0.4703,0][0,-1.12128,-0.724264][0,-0.2142,-0.9768][0.7389,0.5032,0][0,-1.08263,-0.730159][0,-0.2142,-0.9768][0.7437,0.503,0][0,-0.95228,-0.775011][0,-0.1733,-0.9849][0.5063,0.2963,0][0.170285,-0.955561,-0.763478][0.2221,-0.1619,-0.9615][0.4622,0.295,0][0.169004,-1.02461,-0.742615][0.1456,-0.2865,-0.947][0.4554,0.3152,0][0.169004,-1.02461,-0.742615][0.1456,-0.2865,-0.947][0.4554,0.3152,0][0,-1.05265,-0.745075][0,-0.2874,-0.9578][0.5054,0.3251,0][0,-0.95228,-0.775011][0,-0.1733,-0.9849][0.5063,0.2963,0][0.169004,-1.02461,-0.742615][0.1456,-0.2865,-0.947][0.4554,0.3152,0][0.170285,-0.955561,-0.763478][0.2221,-0.1619,-0.9615][0.4622,0.295,0][0.220469,-0.955561,-0.743179][0.371,-0.1516,-0.9162][0.4328,0.2937,0][0,-0.95228,-0.775011][0,-0.1733,-0.9849][0.5063,0.2963,0][0,-0.857654,-0.78434][0,-0.0613001,-0.9981][0.5045,0.2645,0][0.171618,-0.886411,-0.764093][0.169,-0.0487001,-0.9844][0.4592,0.2737,0][0.171618,-0.886411,-0.764093][0.169,-0.0487001,-0.9844][0.4592,0.2737,0][0.170285,-0.955561,-0.763478][0.2221,-0.1619,-0.9615][0.4622,0.295,0][0,-0.95228,-0.775011][0,-0.1733,-0.9849][0.5063,0.2963,0][0.220469,-0.955561,-0.743179][0.371,-0.1516,-0.9162][0.4328,0.2937,0][0.170285,-0.955561,-0.763478][0.2221,-0.1619,-0.9615][0.4622,0.295,0][0.171618,-0.886411,-0.764093][0.169,-0.0487001,-0.9844][0.4592,0.2737,0][0.220469,-0.955561,-0.743179][0.809,0.5264,-0.2614][0.4328,0.2937,0][0.171618,-0.886411,-0.764093][0.4874,0.8398,-0.239][0.4592,0.2737,0][0.185151,-0.8758,-0.691765][0.5626,0.7888,-0.2477][0.4447,0.2629,0][0.185151,-0.8758,-0.691765][0.5626,0.7888,-0.2477][0.4447,0.2629,0][0.23759,-0.950794,-0.689407][0.809,0.5264,-0.2614][0.422,0.2849,0][0.220469,-0.955561,-0.743179][0.809,0.5264,-0.2614][0.4328,0.2937,0][0.171618,-0.886411,-0.764093][0.4874,0.8398,-0.239][0.4592,0.2737,0][0,-0.857654,-0.78434][0,0.9806,-0.1959][0.5045,0.2645,0][0,-0.839355,-0.698634][0,0.9806,-0.1959][0.5043,0.2465,0][0,-0.839355,-0.698634][0,0.9806,-0.1959][0.5043,0.2465,0][0.185151,-0.8758,-0.691765][0.5626,0.7888,-0.2477][0.4447,0.2629,0][0.171618,-0.886411,-0.764093][0.4874,0.8398,-0.239][0.4592,0.2737,0][0.169004,-1.02461,-0.742615][0.1582,-0.9865,-0.0428999][0.4554,0.3152,0][0.182075,-1.02579,-0.690945][0.1582,-0.9865,-0.0428999][0.4446,0.3276,0][0,-1.05372,-0.696942][0,-0.9991,-0.0433999][0.5061,0.3451,0][0,-1.05372,-0.696942][0,-0.9991,-0.0433999][0.5061,0.3451,0][0,-1.05265,-0.745075][0,-0.9991,-0.0433999][0.5054,0.3251,0][0.169004,-1.02461,-0.742615][0.1582,-0.9865,-0.0428999][0.4554,0.3152,0][0.220469,-0.955561,-0.743179][0.7864,-0.5824,-0.2056][0.4328,0.2937,0][0.23759,-0.950794,-0.689407][0.7864,-0.5824,-0.2056][0.422,0.3034,0][0.182075,-1.02579,-0.690945][0.7864,-0.5824,-0.2056][0.4446,0.3276,0][0.182075,-1.02579,-0.690945][0.7864,-0.5824,-0.2056][0.4446,0.3276,0][0.169004,-1.02461,-0.742615][0.7864,-0.5824,-0.2056][0.4554,0.3152,0][0.220469,-0.955561,-0.743179][0.7864,-0.5824,-0.2056][0.4328,0.2937,0][0.226312,-0.855348,-0.674952][-0.8627,-0.5058,-0.00129994][0.7678,0.479,0][0.226261,-0.855348,-0.72657][-0.8627,-0.5058,-0.00129994][0.7725,0.4755,0][0.279213,-0.945565,-0.710116][-0.8627,-0.5058,-0.00129994][0.76,0.4698,0][0.279213,-0.945565,-0.710116][-0.8627,-0.5058,-0.00129994][0.76,0.4698,0][0.279008,-0.945565,-0.671722][-0.8627,-0.5058,-0.00129994][0.76,0.4734,0][0.226312,-0.855348,-0.674952][-0.8627,-0.5058,-0.00129994][0.7678,0.479,0][0.222007,-1.03819,-0.673619][-0.8535,0.5208,-0.0161001][0.7519,0.4792,0][0.279008,-0.945565,-0.671722][-0.8535,0.5208,-0.0161001][0.76,0.4734,0][0.279213,-0.945565,-0.710116][-0.8535,0.5208,-0.0161001][0.76,0.4698,0][0.279213,-0.945565,-0.710116][-0.8535,0.5208,-0.0161001][0.76,0.4698,0][0.223237,-1.03829,-0.713038][-0.8535,0.5208,-0.0161001][0.7482,0.477,0][0.222007,-1.03819,-0.673619][-0.8535,0.5208,-0.0161001][0.7519,0.4792,0][0,-0.816749,-0.686536][0,-0.9909,0.1347][0.7758,0.5029,0][0,-0.833921,-0.761222][0,-0.9909,0.1347][0.785,0.5001,0][0.226261,-0.855348,-0.72657][-0.1437,-0.9806,0.1333][0.7725,0.4755,0][0.226261,-0.855348,-0.72657][-0.1437,-0.9806,0.1333][0.7725,0.4755,0][0.226312,-0.855348,-0.674952][-0.1437,-0.9806,0.1333][0.7678,0.479,0][0,-0.816749,-0.686536][0,-0.9909,0.1347][0.7758,0.5029,0][0,-1.07233,-0.682333][0,0.9928,-0.1201][0.7483,0.503,0][0.222007,-1.03819,-0.673619][-0.1657,0.979,-0.1185][0.7519,0.4792,0][0.223237,-1.03829,-0.713038][-0.1657,0.979,-0.1185][0.7482,0.477,0][0.223237,-1.03829,-0.713038][-0.1657,0.979,-0.1185][0.7482,0.477,0][0,-1.08263,-0.730159][0,0.9928,-0.1201][0.7437,0.503,0][0,-1.07233,-0.682333][0,0.9928,-0.1201][0.7483,0.503,0][0.185151,-0.8758,-0.691765][0.2039,0.3668,-0.9077][0.8244,0.3798,0][0,-0.839355,-0.698634][0,0.4713,-0.882][0.8244,0.4096,0][0,-0.816749,-0.686536][0,0.4713,-0.882][0.8345,0.4098,0][0,-0.816749,-0.686536][0,0.4713,-0.882][0.8345,0.4098,0][0.226312,-0.855348,-0.674952][0.2743,0.2677,-0.9236][0.8369,0.3795,0][0.185151,-0.8758,-0.691765][0.2039,0.3668,-0.9077][0.8244,0.3798,0][0.23759,-0.950794,-0.689407][0.3583,-0.0369001,-0.9329][0.8247,0.3607,0][0.185151,-0.8758,-0.691765][0.2039,0.3668,-0.9077][0.8244,0.3798,0][0.226312,-0.855348,-0.674952][0.2743,0.2677,-0.9236][0.8369,0.3795,0][0.226312,-0.855348,-0.674952][0.2743,0.2677,-0.9236][0.8369,0.3795,0][0.279008,-0.945565,-0.671722][0.355,-0.00160011,-0.9348][0.8368,0.3609,0][0.23759,-0.950794,-0.689407][0.3583,-0.0369001,-0.9329][0.8247,0.3607,0][0.23759,-0.950794,-0.689407][0.3583,-0.0369001,-0.9329][0.8247,0.3607,0][0.279008,-0.945565,-0.671722][0.355,-0.00160011,-0.9348][0.8368,0.3609,0][0.222007,-1.03819,-0.673619][0.3169,-0.3312,-0.8887][0.8368,0.3348,0][0.222007,-1.03819,-0.673619][0.3169,-0.3312,-0.8887][0.8368,0.3348,0][0.182075,-1.02579,-0.690945][0.2099,-0.5111,-0.8335][0.8245,0.3343,0][0.23759,-0.950794,-0.689407][0.3583,-0.0369001,-0.9329][0.8247,0.3607,0][0.182075,-1.02579,-0.690945][0.2099,-0.5111,-0.8335][0.8245,0.3343,0][0.222007,-1.03819,-0.673619][0.3169,-0.3312,-0.8887][0.8368,0.3348,0][0,-1.07233,-0.682333][0,-0.6337,-0.7736][0.8354,0.2956,0][0,-1.07233,-0.682333][0,-0.6337,-0.7736][0.8354,0.2956,0][0,-1.05372,-0.696942][0,-0.6337,-0.7736][0.8237,0.2964,0][0.182075,-1.02579,-0.690945][0.2099,-0.5111,-0.8335][0.8245,0.3343,0][0.162596,-0.571624,-0.633688][0.1808,-0.8655,-0.4671][0.5487,0.0589,0][0.140401,-0.617502,-0.555055][0.1808,-0.8655,-0.4671][0.549,0.0467,0][0,-0.623653,-0.60329][0,-0.8749,-0.4843][0.5297,0.0465,0][0,-0.623653,-0.60329][0,-0.8749,-0.4843][0.5297,0.0465,0][0,-0.577724,-0.681821][0,-0.8749,-0.4843][0.5267,0.0581,0][0.162596,-0.571624,-0.633688][0.1808,-0.8655,-0.4671][0.5487,0.0589,0][0.41946,-0.513137,-0.485803][0.4987,-0.8226,-0.2731][0.5916,0.0544,0][0.283518,-0.61053,-0.513432][0.3603,-0.856,-0.3706][0.5687,0.0472,0][0.304381,-0.564601,-0.592782][0.4005,-0.8475,-0.3484][0.5681,0.059,0][0.304381,-0.564601,-0.592782][0.4005,-0.8475,-0.3484][0.5681,0.059,0][0.462877,-0.467208,-0.555414][0.4851,-0.8287,-0.2793][0.5911,0.0673,0][0.41946,-0.513137,-0.485803][0.4987,-0.8226,-0.2731][0.5916,0.0544,0][0.800936,-0.468797,0.120653][0.5068,-0.8618,0.0220001][0.6929,0.0628,0][0.719022,-0.514726,0.115886][0.5068,-0.8618,0.0219001][0.6928,0.051,0][0.718612,-0.51611,-0.107813][0.4529,-0.8753,-0.1694][0.6602,0.0516,0][0.718612,-0.51611,-0.107813][0.4529,-0.8753,-0.1694][0.6602,0.0516,0][0.795758,-0.470181,-0.135698][0.4518,-0.8753,-0.1727][0.6602,0.0638,0][0.800936,-0.468797,0.120653][0.5068,-0.8618,0.0220001][0.6929,0.0628,0][0.800936,-0.468797,0.120653][0.5068,-0.8618,0.0220001][0.6929,0.0628,0][0.767565,-0.472693,0.363573][0.3673,-0.8888,0.2741][0.7238,0.0624,0][0.700671,-0.518621,0.316107][0.3678,-0.8888,0.2733][0.7234,0.0501,0][0.700671,-0.518621,0.316107][0.3678,-0.8888,0.2733][0.7234,0.0501,0][0.719022,-0.514726,0.115886][0.5068,-0.8618,0.0219001][0.6928,0.051,0][0.800936,-0.468797,0.120653][0.5068,-0.8618,0.0220001][0.6929,0.0628,0][0.598869,-0.466542,0.449844][0.1625,-0.8632,0.478][0.7473,0.0619,0][0.567806,-0.51247,0.373928][0.1625,-0.8632,0.478][0.7467,0.0502,0][0.700671,-0.518621,0.316107][0.3678,-0.8888,0.2733][0.7234,0.0501,0][0.700671,-0.518621,0.316107][0.3678,-0.8888,0.2733][0.7234,0.0501,0][0.767565,-0.472693,0.363573][0.3673,-0.8888,0.2741][0.7238,0.0624,0][0.598869,-0.466542,0.449844][0.1625,-0.8632,0.478][0.7473,0.0619,0][0,-0.461723,0.517661][0,-0.8725,0.4886][0.8264,0.0627,0][0,-0.507652,0.435696][0,-0.8725,0.4886][0.8266,0.0507,0][0.0999568,-0.507498,0.439489][-0.0186,-0.8717,0.4897][0.8133,0.0507,0][0.0999568,-0.507498,0.439489][-0.0186,-0.8717,0.4897][0.8133,0.0507,0][0.0965736,-0.461569,0.521454][-0.0186,-0.8717,0.4897][0.8137,0.0627,0][0,-0.461723,0.517661][0,-0.8725,0.4886][0.8264,0.0627,0][0.638237,-0.462851,-0.336585][0.3997,-0.8573,-0.3243][0.6274,0.0646,0][0.576981,-0.508574,-0.291528][0.4001,-0.8574,-0.3239][0.6269,0.0535,0][0.41946,-0.513137,-0.485803][0.4987,-0.8226,-0.2731][0.5916,0.0544,0][0.41946,-0.513137,-0.485803][0.4987,-0.8226,-0.2731][0.5916,0.0544,0][0.462877,-0.467208,-0.555414][0.4851,-0.8287,-0.2793][0.5911,0.0673,0][0.638237,-0.462851,-0.336585][0.3997,-0.8573,-0.3243][0.6274,0.0646,0][0.327192,-0.506883,0.450356][0.0555,-0.8733,0.4839][0.7822,0.0506,0][0.567806,-0.51247,0.373928][0.1625,-0.8632,0.478][0.7467,0.0502,0][0.598869,-0.466542,0.449844][0.1625,-0.8632,0.478][0.7473,0.0619,0][0.598869,-0.466542,0.449844][0.1625,-0.8632,0.478][0.7473,0.0619,0][0.337854,-0.460954,0.531654][0.0551,-0.8733,0.484][0.7825,0.063,0][0.327192,-0.506883,0.450356][0.0555,-0.8733,0.4839][0.7822,0.0506,0][0.283518,-0.61053,-0.513432][0.3603,-0.856,-0.3706][0.5687,0.0472,0][0.140401,-0.617502,-0.555055][0.1808,-0.8655,-0.4671][0.549,0.0467,0][0.162596,-0.571624,-0.633688][0.1808,-0.8655,-0.4671][0.5487,0.0589,0][0.162596,-0.571624,-0.633688][0.1808,-0.8655,-0.4671][0.5487,0.0589,0][0.304381,-0.564601,-0.592782][0.4005,-0.8475,-0.3484][0.5681,0.059,0][0.283518,-0.61053,-0.513432][0.3603,-0.856,-0.3706][0.5687,0.0472,0][0.0965736,-0.461569,0.521454][-0.0186,-0.8717,0.4897][0.8137,0.0627,0][0.0999568,-0.507498,0.439489][-0.0186,-0.8717,0.4897][0.8133,0.0507,0][0.327192,-0.506883,0.450356][0.0555,-0.8733,0.4839][0.7822,0.0506,0][0.327192,-0.506883,0.450356][0.0555,-0.8733,0.4839][0.7822,0.0506,0][0.337854,-0.460954,0.531654][0.0551,-0.8733,0.484][0.7825,0.063,0][0.0965736,-0.461569,0.521454][-0.0186,-0.8717,0.4897][0.8137,0.0627,0][0.718612,-0.51611,-0.107813][0.4529,-0.8753,-0.1694][0.6602,0.0516,0][0.576981,-0.508574,-0.291528][0.4001,-0.8574,-0.3239][0.6269,0.0535,0][0.638237,-0.462851,-0.336585][0.3997,-0.8573,-0.3243][0.6274,0.0646,0][0.638237,-0.462851,-0.336585][0.3997,-0.8573,-0.3243][0.6274,0.0646,0][0.795758,-0.470181,-0.135698][0.4518,-0.8753,-0.1727][0.6602,0.0638,0][0.718612,-0.51611,-0.107813][0.4529,-0.8753,-0.1694][0.6602,0.0516,0][0.638237,-0.554708,-0.336585][0.4046,0.8595,-0.3122][0.6268,0.0421,0][0.576981,-0.508574,-0.291528][0.404,0.8595,-0.313][0.6269,0.0535,0][0.718612,-0.51611,-0.107813][0.4638,0.8727,-0.1524][0.6602,0.0516,0][0.718612,-0.51611,-0.107813][0.4638,0.8727,-0.1524][0.6602,0.0516,0][0.795758,-0.562038,-0.135698][0.4637,0.8727,-0.1528][0.6595,0.0392,0][0.638237,-0.554708,-0.336585][0.4046,0.8595,-0.3122][0.6268,0.0421,0][0.160802,-0.663482,-0.634251][0.1087,0.8681,-0.4844][0.5484,0.0347,0][0,-0.669582,-0.681821][0,0.8707,-0.4917][0.5265,0.035,0][0,-0.623653,-0.60329][0,0.8707,-0.4917][0.5297,0.0465,0][0,-0.623653,-0.60329][0,0.8707,-0.4917][0.5297,0.0465,0][0.140401,-0.617502,-0.555055][0.1079,0.8684,-0.4841][0.549,0.0467,0][0.160802,-0.663482,-0.634251][0.1087,0.8681,-0.4844][0.5484,0.0347,0][0.462877,-0.559066,-0.555414][-0.0205,0.8531,-0.5214][0.5913,0.0424,0][0.304381,-0.656459,-0.592782][-0.1076,0.829,-0.5488][0.5684,0.0349,0][0.283518,-0.61053,-0.513432][-0.1488,0.8153,-0.5596][0.5687,0.0472,0][0.283518,-0.61053,-0.513432][-0.1488,0.8153,-0.5596][0.5687,0.0472,0][0.41946,-0.513137,-0.485803][0.0621,0.8684,-0.492][0.5916,0.0544,0][0.462877,-0.559066,-0.555414][-0.0205,0.8531,-0.5214][0.5913,0.0424,0][0.718612,-0.51611,-0.107813][0.4638,0.8727,-0.1524][0.6602,0.0516,0][0.719022,-0.514726,0.115886][0.5025,0.864,0.0312999][0.6928,0.051,0][0.800936,-0.560706,0.120653][0.5026,0.8639,0.0316999][0.6924,0.0393,0][0.800936,-0.560706,0.120653][0.5026,0.8639,0.0316999][0.6924,0.0393,0][0.795758,-0.562038,-0.135698][0.4637,0.8727,-0.1528][0.6595,0.0392,0][0.718612,-0.51611,-0.107813][0.4638,0.8727,-0.1524][0.6602,0.0516,0][0.700671,-0.518621,0.316107][0.3854,0.8832,0.2673][0.7234,0.0501,0][0.767565,-0.56455,0.363573][0.3868,0.8832,0.2653][0.7234,0.0376,0][0.800936,-0.560706,0.120653][0.5026,0.8639,0.0316999][0.6924,0.0393,0][0.800936,-0.560706,0.120653][0.5026,0.8639,0.0316999][0.6924,0.0393,0][0.719022,-0.514726,0.115886][0.5025,0.864,0.0312999][0.6928,0.051,0][0.700671,-0.518621,0.316107][0.3854,0.8832,0.2673][0.7234,0.0501,0][0.598869,-0.558399,0.449844][0.2072,0.8662,0.4547][0.7471,0.0385,0][0.767565,-0.56455,0.363573][0.3868,0.8832,0.2653][0.7234,0.0376,0][0.700671,-0.518621,0.316107][0.3854,0.8832,0.2673][0.7234,0.0501,0][0.700671,-0.518621,0.316107][0.3854,0.8832,0.2673][0.7234,0.0501,0][0.567806,-0.51247,0.373928][0.2058,0.8664,0.455][0.7467,0.0502,0][0.598869,-0.558399,0.449844][0.2072,0.8662,0.4547][0.7471,0.0385,0][0.0999568,-0.507498,0.439489][-0.0223,0.8716,0.4897][0.8133,0.0507,0][0,-0.507652,0.435696][0,0.8726,0.4885][0.8266,0.0507,0][0,-0.553581,0.517661][0,0.8726,0.4885][0.8263,0.0388,0][0,-0.553581,0.517661][0,0.8726,0.4885][0.8263,0.0388,0][0.0965736,-0.553427,0.521454][-0.0223,0.8716,0.4897][0.8137,0.0386,0][0.0999568,-0.507498,0.439489][-0.0223,0.8716,0.4897][0.8133,0.0507,0][0.638237,-0.554708,-0.336585][0.4046,0.8595,-0.3122][0.6268,0.0421,0][0.462877,-0.559066,-0.555414][-0.0205,0.8531,-0.5214][0.5913,0.0424,0][0.41946,-0.513137,-0.485803][0.0621,0.8684,-0.492][0.5916,0.0544,0][0.41946,-0.513137,-0.485803][0.0621,0.8684,-0.492][0.5916,0.0544,0][0.576981,-0.508574,-0.291528][0.404,0.8595,-0.313][0.6269,0.0535,0][0.638237,-0.554708,-0.336585][0.4046,0.8595,-0.3122][0.6268,0.0421,0][0.327192,-0.506883,0.450356][0.0708,0.8744,0.4799][0.7822,0.0506,0][0.337854,-0.552812,0.531654][0.0713,0.8744,0.4799][0.7824,0.0382,0][0.598869,-0.558399,0.449844][0.2072,0.8662,0.4547][0.7471,0.0385,0][0.598869,-0.558399,0.449844][0.2072,0.8662,0.4547][0.7471,0.0385,0][0.567806,-0.51247,0.373928][0.2058,0.8664,0.455][0.7467,0.0502,0][0.327192,-0.506883,0.450356][0.0708,0.8744,0.4799][0.7822,0.0506,0][0.304381,-0.656459,-0.592782][-0.1076,0.829,-0.5488][0.5684,0.0349,0][0.160802,-0.663482,-0.634251][0.1087,0.8681,-0.4844][0.5484,0.0347,0][0.140401,-0.617502,-0.555055][0.1079,0.8684,-0.4841][0.549,0.0467,0][0.140401,-0.617502,-0.555055][0.1079,0.8684,-0.4841][0.549,0.0467,0][0.283518,-0.61053,-0.513432][-0.1488,0.8153,-0.5596][0.5687,0.0472,0][0.304381,-0.656459,-0.592782][-0.1076,0.829,-0.5488][0.5684,0.0349,0][0.327192,-0.506883,0.450356][0.0708,0.8744,0.4799][0.7822,0.0506,0][0.0999568,-0.507498,0.439489][-0.0223,0.8716,0.4897][0.8133,0.0507,0][0.0965736,-0.553427,0.521454][-0.0223,0.8716,0.4897][0.8137,0.0386,0][0.0965736,-0.553427,0.521454][-0.0223,0.8716,0.4897][0.8137,0.0386,0][0.337854,-0.552812,0.531654][0.0713,0.8744,0.4799][0.7824,0.0382,0][0.327192,-0.506883,0.450356][0.0708,0.8744,0.4799][0.7822,0.0506,0][0.0953946,-0.636058,0.521659][-0.0311,0.9993,-0.0189001][0.8357,0.0196,0][0,-0.638723,0.517866][0,0.9999,-0.0146001][0.8479,0.0196,0][0,-0.637339,0.641043][0,0.9999,-0.0146001][0.8479,0.006,0][0,-0.637339,0.641043][0,0.9999,-0.0146001][0.8479,0.006,0][0.105031,-0.633597,0.641453][-0.031,0.9993,-0.0194001][0.8357,0.006,0][0.0953946,-0.636058,0.521659][-0.0311,0.9993,-0.0189001][0.8357,0.0196,0][0.0953946,-0.636058,0.521659][-0.041,0.00330012,0.9992][0.8142,0.0278,0][0.0965736,-0.553427,0.521454][-0.0411,0.00330012,0.9992][0.8137,0.0386,0][0,-0.553581,0.517661][0,0.00270012,1][0.8263,0.0388,0][0,-0.553581,0.517661][0,0.00270012,1][0.8263,0.0388,0][0,-0.638723,0.517866][0,0.00270012,1][0.8268,0.0279,0][0.0953946,-0.636058,0.521659][-0.041,0.00330012,0.9992][0.8142,0.0278,0][-0.805908,0.836126,-0.453458][-0.9855,0.1115,-0.1279][0.0526,0.1397,0][-0.820517,0.652052,-0.496875][-0.9855,0.1115,-0.1279][0.0526,0.1048,0][-0.828924,0.657331,-0.43198][-0.9855,0.1115,-0.1279][0.0644,0.1048,0][-0.828924,0.657331,-0.43198][-0.9855,0.1115,-0.1279][0.0644,0.1048,0][-0.81252,0.848941,-0.386718][-0.9855,0.1115,-0.1279][0.0644,0.1397,0][-0.805908,0.836126,-0.453458][-0.9855,0.1115,-0.1279][0.0526,0.1397,0][-0.805908,0.836126,-0.453458][-0.2149,0.9736,-0.0765001][0.0964,0.1421,0][-0.81252,0.848941,-0.386718][-0.2149,0.9736,-0.0765001][0.0841,0.1421,0][-0.561552,0.887898,-0.480831][-0.2149,0.9736,-0.0765001][0.0841,0.0985,0][-0.561552,0.887898,-0.480831][-0.2149,0.9736,-0.0765001][0.0841,0.0985,0][-0.556272,0.894203,-0.530502][-0.2149,0.9736,-0.0765001][0.0964,0.0985,0][-0.805908,0.836126,-0.453458][-0.2149,0.9736,-0.0765001][0.0964,0.1421,0][-0.556272,0.894203,-0.530502][0.3327,0.9056,0.263][0.0964,0.0985,0][-0.561552,0.887898,-0.480831][0.3327,0.9056,0.263][0.0841,0.0985,0][-0.265475,0.805985,-0.594628][0.1689,0.9256,0.3387][0.0841,0.0511,0][-0.265475,0.805985,-0.594628][0.1689,0.9256,0.3387][0.0841,0.0511,0][-0.276445,0.835562,-0.661317][0.1497,0.9259,0.3467][0.0964,0.0511,0][-0.556272,0.894203,-0.530502][0.3327,0.9056,0.263][0.0964,0.0985,0][-0.276445,0.835562,-0.661317][0.1497,0.9259,0.3467][0.0964,0.0511,0][-0.265475,0.805985,-0.594628][0.1689,0.9256,0.3387][0.0841,0.0511,0][0,0.824797,-0.630612][0,0.9137,0.4064][0.0841,0.0038,0][0,0.824797,-0.630612][0,0.9137,0.4064][0.0841,0.0038,0][0,0.865139,-0.721394][0,0.9137,0.4064][0.0964,0.0038,0][-0.276445,0.835562,-0.661317][0.1497,0.9259,0.3467][0.0964,0.0511,0][-0.0469541,0.383091,-0.890807][-0.2121,0.201,-0.9563][0.2771,0.0787,0][-0.218162,0.348798,-0.862973][-0.2415,0.2124,-0.9469][0.2847,0.1136,0][-0.293975,0.816237,-0.744973][-0.2506,0.2159,-0.9437][0.1759,0.1368,0][-0.293975,0.816237,-0.744973][-0.2506,0.2159,-0.9437][0.1759,0.1368,0][-0.0627934,0.840073,-0.794183][-0.2121,0.201,-0.9563][0.1773,0.0861,0][-0.0469541,0.383091,-0.890807][-0.2121,0.201,-0.9563][0.2771,0.0787,0][-0.582876,0.871136,-0.627178][-0.3893,0.2395,-0.8895][0.1686,0.2058,0][-0.648694,0.405492,-0.738822][-0.3482,0.235,-0.9075][0.2721,0.2063,0][-0.79909,0.66948,-0.555414][-0.5067,0.2497,-0.8251][0.215,0.2551,0][-0.79909,0.66948,-0.555414][-0.5067,0.2497,-0.8251][0.215,0.2551,0][-0.791709,0.807062,-0.529477][-0.5067,0.2497,-0.8251][0.1848,0.2548,0][-0.582876,0.871136,-0.627178][-0.3893,0.2395,-0.8895][0.1686,0.2058,0][-0.293975,0.816237,-0.744973][-0.2506,0.2159,-0.9437][0.1759,0.1368,0][-0.218162,0.348798,-0.862973][-0.2415,0.2124,-0.9469][0.2847,0.1136,0][-0.648694,0.405492,-0.738822][-0.3482,0.235,-0.9075][0.2721,0.2063,0][-0.648694,0.405492,-0.738822][-0.3482,0.235,-0.9075][0.2721,0.2063,0][-0.582876,0.871136,-0.627178][-0.3893,0.2395,-0.8895][0.1686,0.2058,0][-0.293975,0.816237,-0.744973][-0.2506,0.2159,-0.9437][0.1759,0.1368,0][-0.195505,0.285954,-0.788288][-0.075,-0.945,-0.3183][0.0038,0.0572,0][0,0.324911,-0.847441][0,-0.9231,-0.3846][0.0038,0.0038,0][0,0.289286,-0.752098][0,-0.9231,-0.3846][0.0171,0.0038,0][0,0.289286,-0.752098][0,-0.9231,-0.3846][0.0171,0.0038,0][-0.164647,0.256274,-0.719907][-0.0449,-0.9425,-0.3312][0.0171,0.0572,0][-0.195505,0.285954,-0.788288][-0.075,-0.945,-0.3183][0.0038,0.0572,0][-0.820517,0.652052,-0.496875][-0.8372,-0.5444,0.0517001][0.0038,0.1894,0][-0.642338,0.348542,-0.661881][-0.8372,-0.5444,0.0517001][0.0038,0.1284,0][-0.622192,0.335778,-0.61549][-0.8372,-0.5444,0.0517001][0.0171,0.1284,0][-0.622192,0.335778,-0.61549][-0.8372,-0.5444,0.0517001][0.0171,0.1284,0][-0.828924,0.657331,-0.43198][-0.8372,-0.5444,0.0517001][0.0171,0.1894,0][-0.820517,0.652052,-0.496875][-0.8372,-0.5444,0.0517001][0.0038,0.1894,0][-0.195505,0.285954,-0.788288][-0.075,-0.945,-0.3183][0.0038,0.0572,0][-0.164647,0.256274,-0.719907][-0.0449,-0.9425,-0.3312][0.0171,0.0572,0][-0.622192,0.335778,-0.61549][-0.2131,-0.9434,-0.2542][0.0171,0.1284,0][-0.622192,0.335778,-0.61549][-0.2131,-0.9434,-0.2542][0.0171,0.1284,0][-0.642338,0.348542,-0.661881][-0.2131,-0.9434,-0.2542][0.0038,0.1284,0][-0.195505,0.285954,-0.788288][-0.075,-0.945,-0.3183][0.0038,0.0572,0][-0.629881,0.384731,-0.619899][-0.5272,0.0459001,0.8485][0.0366,0.1433,0][-0.63347,0.222801,-0.613338][-0.5272,0.0459001,0.8485][0.0366,0.1179,0][-0.594256,0.228235,-0.589297][-0.5272,0.0459001,0.8485][0.0477,0.1179,0][-0.594256,0.228235,-0.589297][-0.5272,0.0459001,0.8485][0.0477,0.1179,0][-0.591334,0.387346,-0.596063][-0.5272,0.0459001,0.8485][0.0477,0.1433,0][-0.629881,0.384731,-0.619899][-0.5272,0.0459001,0.8485][0.0366,0.1433,0][-0.629881,0.384731,-0.619899][0.0916,0.9898,-0.1088][0.0803,0.1065,0][-0.591334,0.387346,-0.596063][0.0916,0.9898,-0.1088][0.069,0.1065,0][-0.342621,0.348593,-0.706887][0.0937,0.9911,-0.0950001][0.069,0.0549,0][-0.342621,0.348593,-0.706887][0.0937,0.9911,-0.0950001][0.069,0.0549,0][-0.338777,0.345159,-0.767271][0.0949,0.9917,-0.0864001][0.0803,0.0549,0][-0.629881,0.384731,-0.619899][0.0916,0.9898,-0.1088][0.0803,0.1065,0][-0.0620245,0.242793,-0.882093][-0.1181,-0.0256001,-0.9927][0.1312,0.1283,0][-0.364201,0.209884,-0.845442][-0.3539,-0.0251001,-0.935][0.1209,0.0757,0][-0.364817,0.299588,-0.847544][-0.3696,-0.0250001,-0.9289][0.1367,0.0744,0][-0.364817,0.299588,-0.847544][-0.3696,-0.0250001,-0.9289][0.1367,0.0744,0][-0.0615119,0.276675,-0.88317][-0.1181,-0.0256001,-0.9927][0.1365,0.1284,0][-0.0620245,0.242793,-0.882093][-0.1181,-0.0256001,-0.9927][0.1312,0.1283,0][-0.364817,0.299588,-0.847544][-0.3696,-0.0250001,-0.9289][0.1367,0.0744,0][-0.364201,0.209884,-0.845442][-0.3539,-0.0251001,-0.935][0.1209,0.0757,0][-0.63147,0.256325,-0.659779][-0.5731,-0.0230001,-0.8192][0.1218,0.018,0][-0.63147,0.256325,-0.659779][-0.5731,-0.0230001,-0.8192][0.1218,0.018,0][-0.62983,0.334702,-0.663111][-0.5731,-0.0230001,-0.8192][0.1362,0.0174,0][-0.364817,0.299588,-0.847544][-0.3696,-0.0250001,-0.9289][0.1367,0.0744,0][-0.342519,0.169235,-0.760505][0.0649,-0.9848,0.161][0.0367,0.0653,0][0,0.218086,-0.808433][0.1646,-0.9756,0.1451][0.0367,0.0038,0][0,0.218342,-0.807305][0,-0.9891,0.1471][0.0373,0.0038,0][0,0.218342,-0.807305][0,-0.9891,0.1471][0.0373,0.0038,0][0,0.226543,-0.763632][0,-0.9891,0.1471][0.0474,0.0038,0][-0.342519,0.169235,-0.760505][0.0649,-0.9848,0.161][0.0367,0.0653,0][-0.342519,0.169235,-0.760505][0.0649,-0.9848,0.161][0.0367,0.0653,0][0,0.226543,-0.763632][0,-0.9891,0.1471][0.0474,0.0038,0][-0.345748,0.175899,-0.699916][0.0028,-0.9854,0.17][0.0474,0.0653,0][-0.345748,0.175899,-0.699916][0.0028,-0.9854,0.17][0.0474,0.0653,0][-0.594256,0.228235,-0.589297][-0.104,-0.9774,0.1839][0.0474,0.1145,0][-0.63347,0.222801,-0.613338][-0.104,-0.9774,0.1839][0.0367,0.1145,0][-0.63347,0.222801,-0.613338][-0.104,-0.9774,0.1839][0.0367,0.1145,0][-0.342519,0.169235,-0.760505][0.0649,-0.9848,0.161][0.0367,0.0653,0][-0.345748,0.175899,-0.699916][0.0028,-0.9854,0.17][0.0474,0.0653,0][-0.504346,-0.08322,-0.649476][-0.8407,-0.1865,0.5083][0.0315,0.1185,0][-0.456469,-0.0787606,-0.571202][-0.8407,-0.1865,0.5083][0.0315,0.1334,0][-0.47441,0.000897408,-0.5691][-0.8407,-0.1865,0.5083][0.0213,0.1334,0][-0.47441,0.000897408,-0.5691][-0.8407,-0.1865,0.5083][0.0213,0.1334,0][-0.522236,-0.00207567,-0.651834][-0.8407,-0.1865,0.5083][0.0213,0.1185,0][-0.504346,-0.08322,-0.649476][-0.8407,-0.1865,0.5083][0.0315,0.1185,0][-0.522236,-0.00207567,-0.651834][-0.6076,0.7617,0.2249][0.0525,0.0038,0][-0.47441,0.000897408,-0.5691][-0.6076,0.7617,0.2249][0.065,0.0038,0][-0.239896,0.221725,-0.647015][-0.6076,0.7617,0.2249][0.065,0.0579,0][-0.239896,0.221725,-0.647015][-0.6076,0.7617,0.2249][0.065,0.0579,0][-0.26773,0.225364,-0.77091][-0.6076,0.7617,0.2249][0.0525,0.0579,0][-0.522236,-0.00207567,-0.651834][-0.6076,0.7617,0.2249][0.0525,0.0038,0][-0.26773,0.225364,-0.77091][-0.0667,0.9973,0.0318999][0.0525,0.0579,0][-0.239896,0.221725,-0.647015][-0.0667,0.9973,0.0318999][0.065,0.0579,0][0,0.241921,-0.729031][0,0.9995,0.0319999][0.065,0.1018,0][0,0.241921,-0.729031][0,0.9995,0.0319999][0.065,0.1018,0][0,0.241921,-0.777113][0,0.9995,0.0319999][0.0525,0.1018,0][-0.26773,0.225364,-0.77091][-0.0667,0.9973,0.0318999][0.0525,0.0579,0][-0.0590001,-0.147808,-0.846929][0.0225,-0.0205001,-0.9995][0.1071,0.1736,0][-0.220264,-0.175898,-0.848774][-0.1874,-0.0529001,-0.9809][0.0745,0.176,0][-0.269422,0.180102,-0.858411][-0.1847,-0.0525001,-0.9814][0.0787,0.2495,0][-0.269422,0.180102,-0.858411][-0.1847,-0.0525001,-0.9814][0.0787,0.2495,0][-0.0589489,0.192865,-0.852721][0.0225,-0.0205001,-0.9995][0.1195,0.2441,0][-0.0590001,-0.147808,-0.846929][0.0225,-0.0205001,-0.9995][0.1071,0.1736,0][-0.220264,-0.175898,-0.848774][-0.1874,-0.0529001,-0.9809][0.0745,0.176,0][-0.504192,-0.0578465,-0.708988][-0.4652,-0.0938001,-0.8802][0.0146,0.2105,0][-0.511676,-0.0251937,-0.710834][-0.4652,-0.0938001,-0.8802][0.0151,0.2177,0][-0.511676,-0.0251937,-0.710834][-0.4652,-0.0938001,-0.8802][0.0151,0.2177,0][-0.269422,0.180102,-0.858411][-0.1847,-0.0525001,-0.9814][0.0787,0.2495,0][-0.220264,-0.175898,-0.848774][-0.1874,-0.0529001,-0.9809][0.0745,0.176,0][0,-0.178307,-0.773422][0,-0.9722,0.2341][0.0212,0.0038,0][0,-0.157649,-0.723546][0,-0.9722,0.2341][0.0331,0.0038,0][-0.162391,-0.186919,-0.654499][-0.0226,-0.9629,0.2689][0.0331,0.0527,0][-0.162391,-0.186919,-0.654499][-0.0226,-0.9629,0.2689][0.0331,0.0527,0][-0.206629,-0.213471,-0.758506][-0.0579,-0.9601,0.2735][0.0212,0.0527,0][0,-0.178307,-0.773422][0,-0.9722,0.2341][0.0212,0.0038,0][-0.206629,-0.213471,-0.758506][-0.0579,-0.9601,0.2735][0.0212,0.0527,0][-0.162391,-0.186919,-0.654499][-0.0226,-0.9629,0.2689][0.0331,0.0527,0][-0.456469,-0.0787606,-0.571202][-0.2734,-0.9159,0.294][0.0331,0.1139,0][-0.456469,-0.0787606,-0.571202][-0.2734,-0.9159,0.294][0.0331,0.1139,0][-0.504346,-0.08322,-0.649476][-0.2734,-0.9159,0.294][0.0212,0.1139,0][-0.206629,-0.213471,-0.758506][-0.0579,-0.9601,0.2735][0.0212,0.0527,0][-0.791709,0.807062,-0.529477][-0.9568,0.1223,-0.2639][0.1848,0.2548,0][-0.79909,0.66948,-0.555414][-0.9495,-0.1327,-0.2844][0.215,0.2551,0][-0.820517,0.652052,-0.496875][-0.955,-0.0909,-0.2823][0.2194,0.2692,0][-0.820517,0.652052,-0.496875][-0.955,-0.0909,-0.2823][0.2194,0.2692,0][-0.805908,0.836126,-0.453458][-0.9568,0.1223,-0.2639][0.1747,0.2685,0][-0.791709,0.807062,-0.529477][-0.9568,0.1223,-0.2639][0.1848,0.2548,0][-0.791709,0.807062,-0.529477][-0.3371,0.9077,-0.2498][0.1848,0.2548,0][-0.805908,0.836126,-0.453458][-0.3371,0.9077,-0.2498][0.1747,0.2685,0][-0.556272,0.894203,-0.530502][-0.1429,0.9564,-0.2546][0.1483,0.2119,0][-0.556272,0.894203,-0.530502][-0.1429,0.9564,-0.2546][0.1483,0.2119,0][-0.582876,0.871136,-0.627178][-0.1123,0.9606,-0.2544][0.1686,0.2058,0][-0.791709,0.807062,-0.529477][-0.3371,0.9077,-0.2498][0.1848,0.2548,0][-0.582876,0.871136,-0.627178][-0.1123,0.9606,-0.2544][0.1686,0.2058,0][-0.556272,0.894203,-0.530502][-0.1429,0.9564,-0.2546][0.1483,0.2119,0][-0.276445,0.835562,-0.661317][-0.0222,0.9736,-0.2273][0.1554,0.1374,0][-0.276445,0.835562,-0.661317][-0.0222,0.9736,-0.2273][0.1554,0.1374,0][-0.293975,0.816237,-0.744973][-0.0382,0.9738,-0.224][0.1759,0.1368,0][-0.582876,0.871136,-0.627178][-0.1123,0.9606,-0.2544][0.1686,0.2058,0][-0.0627934,0.840073,-0.794183][-0.1451,0.9689,-0.2004][0.1773,0.0861,0][-0.293975,0.816237,-0.744973][-0.0382,0.9738,-0.224][0.1759,0.1368,0][-0.276445,0.835562,-0.661317][-0.0222,0.9736,-0.2273][0.1554,0.1374,0][-0.276445,0.835562,-0.661317][-0.0222,0.9736,-0.2273][0.1554,0.1374,0][0,0.865139,-0.721394][0,0.9793,-0.2026][0.1644,0.0724,0][-0.0627934,0.840073,-0.794183][-0.1451,0.9689,-0.2004][0.1773,0.0861,0][-0.0469541,0.383091,-0.890807][0.7398,0.1578,-0.654][0.2771,0.0787,0][-0.0627934,0.840073,-0.794183][0.7398,0.1578,-0.654][0.1773,0.0861,0][0,0.865139,-0.721394][0.7398,0.1578,-0.654][0.1644,0.0724,0][0,0.865139,-0.721394][0.7398,0.1578,-0.654][0.1644,0.0724,0][0,0.324911,-0.847441][0.7398,0.1578,-0.654][0.2886,0.0645,0][-0.0469541,0.383091,-0.890807][0.7398,0.1578,-0.654][0.2771,0.0787,0][-0.0469541,0.383091,-0.890807][-0.0269,-0.7059,-0.7078][0.2771,0.0787,0][0,0.324911,-0.847441][0,-0.7061,-0.7081][0.2886,0.0645,0][-0.195505,0.285954,-0.788288][-0.1496,-0.7512,-0.6429][0.3063,0.1112,0][-0.195505,0.285954,-0.788288][-0.1496,-0.7512,-0.6429][0.3063,0.1112,0][-0.218162,0.348798,-0.862973][-0.1514,-0.7518,-0.6418][0.2847,0.1136,0][-0.0469541,0.383091,-0.890807][-0.0269,-0.7059,-0.7078][0.2771,0.0787,0][-0.195505,0.285954,-0.788288][-0.1496,-0.7512,-0.6429][0.3063,0.1112,0][-0.642338,0.348542,-0.661881][-0.2675,-0.7803,-0.5653][0.289,0.2151,0][-0.648694,0.405492,-0.738822][-0.2675,-0.7803,-0.5653][0.2721,0.2063,0][-0.648694,0.405492,-0.738822][-0.2675,-0.7803,-0.5653][0.2721,0.2063,0][-0.218162,0.348798,-0.862973][-0.1514,-0.7518,-0.6418][0.2847,0.1136,0][-0.195505,0.285954,-0.788288][-0.1496,-0.7512,-0.6429][0.3063,0.1112,0][-0.79909,0.66948,-0.555414][-0.9495,-0.1327,-0.2844][0.215,0.2551,0][-0.648694,0.405492,-0.738822][-0.8948,-0.3418,-0.2872][0.2721,0.2063,0][-0.642338,0.348542,-0.661881][-0.8948,-0.3418,-0.2872][0.289,0.2151,0][-0.642338,0.348542,-0.661881][-0.8948,-0.3418,-0.2872][0.289,0.2151,0][-0.820517,0.652052,-0.496875][-0.955,-0.0909,-0.2823][0.2194,0.2692,0][-0.79909,0.66948,-0.555414][-0.9495,-0.1327,-0.2844][0.215,0.2551,0][-0.62983,0.334702,-0.663111][-0.9994,0.0206,-0.0267][0.1362,0.0174,0][-0.63147,0.256325,-0.659779][-0.9994,0.0206,-0.0267][0.1218,0.018,0][-0.63347,0.222801,-0.613338][-0.9994,0.0206,-0.0267][0.1128,0.0133,0][-0.63347,0.222801,-0.613338][-0.9994,0.0206,-0.0267][0.1128,0.0133,0][-0.629881,0.384731,-0.619899][-0.9994,0.0206,-0.0267][0.1443,0.0106,0][-0.62983,0.334702,-0.663111][-0.9994,0.0206,-0.0267][0.1362,0.0174,0][-0.62983,0.334702,-0.663111][-0.2306,0.7923,-0.5649][0.1362,0.0174,0][-0.629881,0.384731,-0.619899][-0.2306,0.7923,-0.5649][0.1443,0.0106,0][-0.338777,0.345159,-0.767271][-0.1148,0.8387,-0.5323][0.153,0.0734,0][-0.338777,0.345159,-0.767271][-0.1148,0.8387,-0.5323][0.153,0.0734,0][-0.364817,0.299588,-0.847544][-0.1025,0.8428,-0.5284][0.1367,0.0744,0][-0.62983,0.334702,-0.663111][-0.2306,0.7923,-0.5649][0.1362,0.0174,0][0,0.306304,-0.82663][0,0.8731,-0.4875][0.1447,0.1405,0][0,0.304099,-0.83068][0,0.8731,-0.4875][0.1441,0.1405,0][-0.0615119,0.276675,-0.88317][0.0119,0.8731,-0.4874][0.1365,0.1284,0][-0.0615119,0.276675,-0.88317][0.0119,0.8731,-0.4874][0.1365,0.1284,0][-0.338777,0.345159,-0.767271][-0.1148,0.8387,-0.5323][0.153,0.0734,0][0,0.306304,-0.82663][0,0.8731,-0.4875][0.1447,0.1405,0][-0.338777,0.345159,-0.767271][-0.1148,0.8387,-0.5323][0.153,0.0734,0][-0.0615119,0.276675,-0.88317][0.0119,0.8731,-0.4874][0.1365,0.1284,0][-0.364817,0.299588,-0.847544][-0.1025,0.8428,-0.5284][0.1367,0.0744,0][-0.342519,0.169235,-0.760505][-0.1746,-0.8908,-0.4194][0.1046,0.0767,0][-0.364201,0.209884,-0.845442][-0.1531,-0.8948,-0.4195][0.1209,0.0757,0][-0.0620245,0.242793,-0.882093][0.0628,-0.9104,-0.4088][0.1312,0.1283,0][-0.0620245,0.242793,-0.882093][0.0628,-0.9104,-0.4088][0.1312,0.1283,0][0,0.218086,-0.808433][0.0628,-0.9104,-0.4088][0.1247,0.1426,0][-0.342519,0.169235,-0.760505][-0.1746,-0.8908,-0.4194][0.1046,0.0767,0][-0.0620245,0.242793,-0.882093][0.0628,-0.9104,-0.4088][0.1312,0.1283,0][0,0.218342,-0.807305][0,-0.9122,-0.4097][0.1247,0.1426,0][0,0.218086,-0.808433][0.0628,-0.9104,-0.4088][0.1247,0.1426,0][-0.63147,0.256325,-0.659779][-0.3908,-0.8254,-0.4074][0.1218,0.018,0][-0.364201,0.209884,-0.845442][-0.1531,-0.8948,-0.4195][0.1209,0.0757,0][-0.342519,0.169235,-0.760505][-0.1746,-0.8908,-0.4194][0.1046,0.0767,0][-0.342519,0.169235,-0.760505][-0.1746,-0.8908,-0.4194][0.1046,0.0767,0][-0.63347,0.222801,-0.613338][-0.3908,-0.8254,-0.4074][0.1128,0.0133,0][-0.63147,0.256325,-0.659779][-0.3908,-0.8254,-0.4074][0.1218,0.018,0][-0.504192,-0.0578465,-0.708988][-0.9712,-0.2199,-0.092][0.0146,0.2105,0][-0.504346,-0.08322,-0.649476][-0.9712,-0.2199,-0.092][0.0044,0.2014,0][-0.522236,-0.00207567,-0.651834][-0.9712,-0.2199,-0.092][0.0051,0.2234,0][-0.522236,-0.00207567,-0.651834][-0.9712,-0.2199,-0.092][0.0051,0.2234,0][-0.511676,-0.0251937,-0.710834][-0.9712,-0.2199,-0.092][0.0151,0.2177,0][-0.504192,-0.0578465,-0.708988][-0.9712,-0.2199,-0.092][0.0146,0.2105,0][-0.511676,-0.0251937,-0.710834][-0.7146,0.6163,-0.3309][0.0151,0.2177,0][-0.522236,-0.00207567,-0.651834][-0.7146,0.6163,-0.3309][0.0051,0.2234,0][-0.26773,0.225364,-0.77091][-0.7146,0.6163,-0.3309][0.0745,0.2672,0][-0.26773,0.225364,-0.77091][-0.7146,0.6163,-0.3309][0.0745,0.2672,0][-0.269422,0.180102,-0.858411][-0.7146,0.6163,-0.3309][0.0787,0.2495,0][-0.511676,-0.0251937,-0.710834][-0.7146,0.6163,-0.3309][0.0151,0.2177,0][-0.0589489,0.192865,-0.852721][-0.054,0.873,-0.4847][0.1195,0.2441,0][-0.269422,0.180102,-0.858411][-0.054,0.873,-0.4847][0.0787,0.2495,0][-0.26773,0.225364,-0.77091][-0.054,0.873,-0.4847][0.0745,0.2672,0][-0.26773,0.225364,-0.77091][-0.054,0.873,-0.4847][0.0745,0.2672,0][0,0.241921,-0.777113][0,0.8743,-0.4854][0.1351,0.2565,0][-0.0589489,0.192865,-0.852721][-0.054,0.873,-0.4847][0.1195,0.2441,0][-0.0589489,0.192865,-0.852721][0.7847,-0.00780007,-0.6198][0.1195,0.2441,0][0,0.241921,-0.777113][0.7847,-0.00780007,-0.6198][0.1351,0.2565,0][0,-0.178307,-0.773422][0.7847,-0.00780007,-0.6198][0.1223,0.1621,0][0,-0.178307,-0.773422][0.7847,-0.00780007,-0.6198][0.1223,0.1621,0][-0.0590001,-0.147808,-0.846929][0.7847,-0.00780007,-0.6198][0.1071,0.1736,0][-0.0589489,0.192865,-0.852721][0.7847,-0.00780007,-0.6198][0.1195,0.2441,0][-0.0590001,-0.147808,-0.846929][0.1379,-0.8914,-0.4317][0.1071,0.1736,0][0,-0.178307,-0.773422][0,-0.9,-0.4359][0.1223,0.1621,0][-0.206629,-0.213471,-0.758506][0.1379,-0.8914,-0.4317][0.0705,0.1586,0][-0.206629,-0.213471,-0.758506][0.1379,-0.8914,-0.4317][0.0705,0.1586,0][-0.220264,-0.175898,-0.848774][0.1379,-0.8914,-0.4317][0.0745,0.176,0][-0.0590001,-0.147808,-0.846929][0.1379,-0.8914,-0.4317][0.1071,0.1736,0][-0.504192,-0.0578465,-0.708988][-0.4808,-0.823,-0.3026][0.0146,0.2105,0][-0.220264,-0.175898,-0.848774][-0.4808,-0.823,-0.3026][0.0745,0.176,0][-0.206629,-0.213471,-0.758506][-0.4808,-0.823,-0.3026][0.0705,0.1586,0][-0.206629,-0.213471,-0.758506][-0.4808,-0.823,-0.3026][0.0705,0.1586,0][-0.504346,-0.08322,-0.649476][-0.4808,-0.823,-0.3026][0.0044,0.2014,0][-0.504192,-0.0578465,-0.708988][-0.4808,-0.823,-0.3026][0.0146,0.2105,0][-0.338777,0.345159,-0.767271][0.0949,0.9917,-0.0864001][0.0803,0.0549,0][-0.342621,0.348593,-0.706887][0.0937,0.9911,-0.0950001][0.069,0.0549,0][0,0.312148,-0.766912][0,0.9973,-0.0739001][0.069,0.0041,0][0,0.312148,-0.766912][0,0.9973,-0.0739001][0.069,0.0041,0][0,0.306304,-0.82663][0,0.9973,-0.0739001][0.0803,0.0044,0][-0.338777,0.345159,-0.767271][0.0949,0.9917,-0.0864001][0.0803,0.0549,0][-0.0620245,0.242793,-0.882093][0.7119,-0.1435,-0.6875][0.1312,0.1283,0][-0.0615119,0.276675,-0.88317][0.7119,-0.1435,-0.6875][0.1365,0.1284,0][0,0.304099,-0.83068][0.7119,-0.1435,-0.6875][0.1441,0.1405,0][0,0.304099,-0.83068][0.7119,-0.1435,-0.6875][0.1441,0.1405,0][0,0.218342,-0.807305][0.7119,-0.1435,-0.6875][0.1247,0.1426,0][-0.0620245,0.242793,-0.882093][0.7119,-0.1435,-0.6875][0.1312,0.1283,0][0.805908,0.836126,-0.453458][0.9855,0.1115,-0.1279][0.0526,0.1397,0][0.81252,0.848941,-0.386718][0.9855,0.1115,-0.1279][0.0644,0.1397,0][0.828924,0.657331,-0.43198][0.9855,0.1115,-0.1279][0.0644,0.1048,0][0.828924,0.657331,-0.43198][0.9855,0.1115,-0.1279][0.0644,0.1048,0][0.820517,0.652052,-0.496875][0.9855,0.1115,-0.1279][0.0526,0.1048,0][0.805908,0.836126,-0.453458][0.9855,0.1115,-0.1279][0.0526,0.1397,0][0.805908,0.836126,-0.453458][0.2149,0.9736,-0.0765001][0.0964,0.1421,0][0.556272,0.894203,-0.530502][0.2149,0.9736,-0.0765001][0.0964,0.0985,0][0.561552,0.887898,-0.480831][0.2149,0.9736,-0.0765001][0.0841,0.0985,0][0.561552,0.887898,-0.480831][0.2149,0.9736,-0.0765001][0.0841,0.0985,0][0.81252,0.848941,-0.386718][0.2149,0.9736,-0.0765001][0.0841,0.1421,0][0.805908,0.836126,-0.453458][0.2149,0.9736,-0.0765001][0.0964,0.1421,0][0.556272,0.894203,-0.530502][-0.3327,0.9056,0.263][0.0964,0.0985,0][0.276445,0.835562,-0.661317][-0.1497,0.9259,0.3467][0.0964,0.0511,0][0.265475,0.805985,-0.594628][-0.1689,0.9256,0.3387][0.0841,0.0511,0][0.265475,0.805985,-0.594628][-0.1689,0.9256,0.3387][0.0841,0.0511,0][0.561552,0.887898,-0.480831][-0.3327,0.9056,0.263][0.0841,0.0985,0][0.556272,0.894203,-0.530502][-0.3327,0.9056,0.263][0.0964,0.0985,0][0.276445,0.835562,-0.661317][-0.1497,0.9259,0.3467][0.0964,0.0511,0][0,0.865139,-0.721394][0,0.9137,0.4064][0.0964,0.0038,0][0,0.824797,-0.630612][0,0.9137,0.4064][0.0841,0.0038,0][0,0.824797,-0.630612][0,0.9137,0.4064][0.0841,0.0038,0][0.265475,0.805985,-0.594628][-0.1689,0.9256,0.3387][0.0841,0.0511,0][0.276445,0.835562,-0.661317][-0.1497,0.9259,0.3467][0.0964,0.0511,0][0.293975,0.816237,-0.744973][0.2506,0.2159,-0.9437][0.1759,0.1368,0][0.218162,0.348798,-0.862973][0.2415,0.2124,-0.9469][0.2847,0.1136,0][0.0469541,0.383091,-0.890807][0.2121,0.201,-0.9563][0.2771,0.0787,0][0.0469541,0.383091,-0.890807][0.2121,0.201,-0.9563][0.2771,0.0787,0][0.0627934,0.840073,-0.794183][0.2121,0.201,-0.9563][0.1773,0.0861,0][0.293975,0.816237,-0.744973][0.2506,0.2159,-0.9437][0.1759,0.1368,0][0.582876,0.871136,-0.627178][0.3893,0.2395,-0.8895][0.1686,0.2058,0][0.791709,0.807062,-0.529477][0.5067,0.2497,-0.8251][0.1848,0.2548,0][0.79909,0.66948,-0.555414][0.5067,0.2497,-0.8251][0.215,0.2551,0][0.79909,0.66948,-0.555414][0.5067,0.2497,-0.8251][0.215,0.2551,0][0.648694,0.405492,-0.738822][0.3482,0.235,-0.9075][0.2721,0.2063,0][0.582876,0.871136,-0.627178][0.3893,0.2395,-0.8895][0.1686,0.2058,0][0.293975,0.816237,-0.744973][0.2506,0.2159,-0.9437][0.1759,0.1368,0][0.582876,0.871136,-0.627178][0.3893,0.2395,-0.8895][0.1686,0.2058,0][0.648694,0.405492,-0.738822][0.3482,0.235,-0.9075][0.2721,0.2063,0][0.648694,0.405492,-0.738822][0.3482,0.235,-0.9075][0.2721,0.2063,0][0.218162,0.348798,-0.862973][0.2415,0.2124,-0.9469][0.2847,0.1136,0][0.293975,0.816237,-0.744973][0.2506,0.2159,-0.9437][0.1759,0.1368,0][0.195505,0.285954,-0.788288][0.075,-0.945,-0.3183][0.0038,0.0572,0][0.164647,0.256274,-0.719907][0.0449,-0.9425,-0.3312][0.0171,0.0572,0][0,0.289286,-0.752098][0,-0.9231,-0.3846][0.0171,0.0038,0][0,0.289286,-0.752098][0,-0.9231,-0.3846][0.0171,0.0038,0][0,0.324911,-0.847441][0,-0.9231,-0.3846][0.0038,0.0038,0][0.195505,0.285954,-0.788288][0.075,-0.945,-0.3183][0.0038,0.0572,0][0.820517,0.652052,-0.496875][0.8372,-0.5444,0.0517001][0.0038,0.1894,0][0.828924,0.657331,-0.43198][0.8372,-0.5444,0.0517001][0.0171,0.1894,0][0.622192,0.335778,-0.61549][0.8372,-0.5444,0.0517001][0.0171,0.1284,0][0.622192,0.335778,-0.61549][0.8372,-0.5444,0.0517001][0.0171,0.1284,0][0.642338,0.348542,-0.661881][0.8372,-0.5444,0.0517001][0.0038,0.1284,0][0.820517,0.652052,-0.496875][0.8372,-0.5444,0.0517001][0.0038,0.1894,0][0.195505,0.285954,-0.788288][0.075,-0.945,-0.3183][0.0038,0.0572,0][0.642338,0.348542,-0.661881][0.2131,-0.9434,-0.2542][0.0038,0.1284,0][0.622192,0.335778,-0.61549][0.2131,-0.9434,-0.2542][0.0171,0.1284,0][0.622192,0.335778,-0.61549][0.2131,-0.9434,-0.2542][0.0171,0.1284,0][0.164647,0.256274,-0.719907][0.0449,-0.9425,-0.3312][0.0171,0.0572,0][0.195505,0.285954,-0.788288][0.075,-0.945,-0.3183][0.0038,0.0572,0][0.629881,0.384731,-0.619899][0.5272,0.0459001,0.8485][0.0366,0.1433,0][0.591334,0.387346,-0.596063][0.5272,0.0459001,0.8485][0.0477,0.1433,0][0.594256,0.228235,-0.589297][0.5272,0.0459001,0.8485][0.0477,0.1179,0][0.594256,0.228235,-0.589297][0.5272,0.0459001,0.8485][0.0477,0.1179,0][0.63347,0.222801,-0.613338][0.5272,0.0459001,0.8485][0.0366,0.1179,0][0.629881,0.384731,-0.619899][0.5272,0.0459001,0.8485][0.0366,0.1433,0][0.629881,0.384731,-0.619899][-0.0916,0.9898,-0.1088][0.0803,0.1065,0][0.338777,0.345159,-0.767271][-0.0949,0.9917,-0.0864001][0.0803,0.0549,0][0.342621,0.348593,-0.706887][-0.0937,0.9911,-0.0950001][0.069,0.0549,0][0.342621,0.348593,-0.706887][-0.0937,0.9911,-0.0950001][0.069,0.0549,0][0.591334,0.387346,-0.596063][-0.0916,0.9898,-0.1088][0.069,0.1065,0][0.629881,0.384731,-0.619899][-0.0916,0.9898,-0.1088][0.0803,0.1065,0][0.0620245,0.242793,-0.882093][0.1181,-0.0256001,-0.9927][0.1312,0.1283,0][0.0615119,0.276675,-0.88317][0.1181,-0.0256001,-0.9927][0.1365,0.1284,0][0.364817,0.299588,-0.847544][0.3696,-0.0250001,-0.9289][0.1367,0.0744,0][0.364817,0.299588,-0.847544][0.3696,-0.0250001,-0.9289][0.1367,0.0744,0][0.364201,0.209884,-0.845442][0.3539,-0.0251001,-0.935][0.1209,0.0757,0][0.0620245,0.242793,-0.882093][0.1181,-0.0256001,-0.9927][0.1312,0.1283,0][0.364817,0.299588,-0.847544][0.3696,-0.0250001,-0.9289][0.1367,0.0744,0][0.62983,0.334702,-0.663111][0.5731,-0.0230001,-0.8192][0.1362,0.0174,0][0.63147,0.256325,-0.659779][0.5731,-0.0230001,-0.8192][0.1218,0.018,0][0.63147,0.256325,-0.659779][0.5731,-0.0230001,-0.8192][0.1218,0.018,0][0.364201,0.209884,-0.845442][0.3539,-0.0251001,-0.935][0.1209,0.0757,0][0.364817,0.299588,-0.847544][0.3696,-0.0250001,-0.9289][0.1367,0.0744,0][0.342519,0.169235,-0.760505][-0.0649,-0.9848,0.161][0.0367,0.0653,0][0.345748,0.175899,-0.699916][-0.0028,-0.9854,0.17][0.0474,0.0653,0][0,0.226543,-0.763632][0,-0.9891,0.1471][0.0474,0.0038,0][0,0.226543,-0.763632][0,-0.9891,0.1471][0.0474,0.0038,0][0,0.218086,-0.808433][-0.1646,-0.9756,0.1451][0.0367,0.0038,0][0.342519,0.169235,-0.760505][-0.0649,-0.9848,0.161][0.0367,0.0653,0][0,0.226543,-0.763632][0,-0.9891,0.1471][0.0474,0.0038,0][0,0.218342,-0.807305][0,-0.9891,0.1471][0.0373,0.0038,0][0,0.218086,-0.808433][-0.1646,-0.9756,0.1451][0.0367,0.0038,0][0.345748,0.175899,-0.699916][-0.0028,-0.9854,0.17][0.0474,0.0653,0][0.342519,0.169235,-0.760505][-0.0649,-0.9848,0.161][0.0367,0.0653,0][0.63347,0.222801,-0.613338][0.104,-0.9774,0.1839][0.0367,0.1145,0][0.63347,0.222801,-0.613338][0.104,-0.9774,0.1839][0.0367,0.1145,0][0.594256,0.228235,-0.589297][0.104,-0.9774,0.1839][0.0474,0.1145,0][0.345748,0.175899,-0.699916][-0.0028,-0.9854,0.17][0.0474,0.0653,0][0.504346,-0.08322,-0.649476][0.8407,-0.1865,0.5083][0.0315,0.1185,0][0.522236,-0.00207567,-0.651834][0.8407,-0.1865,0.5083][0.0213,0.1185,0][0.47441,0.000897408,-0.5691][0.8407,-0.1865,0.5083][0.0213,0.1334,0][0.47441,0.000897408,-0.5691][0.8407,-0.1865,0.5083][0.0213,0.1334,0][0.456469,-0.0787606,-0.571202][0.8407,-0.1865,0.5083][0.0315,0.1334,0][0.504346,-0.08322,-0.649476][0.8407,-0.1865,0.5083][0.0315,0.1185,0][0.522236,-0.00207567,-0.651834][0.6076,0.7617,0.2249][0.0525,0.0038,0][0.26773,0.225364,-0.77091][0.6076,0.7617,0.2249][0.0525,0.0579,0][0.239896,0.221725,-0.647015][0.6076,0.7617,0.2249][0.065,0.0579,0][0.239896,0.221725,-0.647015][0.6076,0.7617,0.2249][0.065,0.0579,0][0.47441,0.000897408,-0.5691][0.6076,0.7617,0.2249][0.065,0.0038,0][0.522236,-0.00207567,-0.651834][0.6076,0.7617,0.2249][0.0525,0.0038,0][0.26773,0.225364,-0.77091][0.0667,0.9973,0.0318999][0.0525,0.0579,0][0,0.241921,-0.777113][0,0.9995,0.0319999][0.0525,0.1018,0][0,0.241921,-0.729031][0,0.9995,0.0319999][0.065,0.1018,0][0,0.241921,-0.729031][0,0.9995,0.0319999][0.065,0.1018,0][0.239896,0.221725,-0.647015][0.0667,0.9973,0.0318999][0.065,0.0579,0][0.26773,0.225364,-0.77091][0.0667,0.9973,0.0318999][0.0525,0.0579,0][0.0590001,-0.147808,-0.846929][-0.0225,-0.0205001,-0.9995][0.1071,0.1736,0][0.0589489,0.192865,-0.852721][-0.0225,-0.0205001,-0.9995][0.1195,0.2441,0][0.269422,0.180102,-0.858411][0.1847,-0.0525001,-0.9814][0.0787,0.2495,0][0.269422,0.180102,-0.858411][0.1847,-0.0525001,-0.9814][0.0787,0.2495,0][0.220264,-0.175898,-0.848774][0.1874,-0.0529001,-0.9809][0.0745,0.176,0][0.0590001,-0.147808,-0.846929][-0.0225,-0.0205001,-0.9995][0.1071,0.1736,0][0.220264,-0.175898,-0.848774][0.1874,-0.0529001,-0.9809][0.0745,0.176,0][0.269422,0.180102,-0.858411][0.1847,-0.0525001,-0.9814][0.0787,0.2495,0][0.511676,-0.0251937,-0.710834][0.4652,-0.0938001,-0.8802][0.0151,0.2177,0][0.511676,-0.0251937,-0.710834][0.4652,-0.0938001,-0.8802][0.0151,0.2177,0][0.504192,-0.0578465,-0.708988][0.4652,-0.0938001,-0.8802][0.0146,0.2105,0][0.220264,-0.175898,-0.848774][0.1874,-0.0529001,-0.9809][0.0745,0.176,0][0,-0.178307,-0.773422][0,-0.9722,0.2341][0.0212,0.0038,0][0.206629,-0.213471,-0.758506][0.0579,-0.9601,0.2735][0.0212,0.0527,0][0.162391,-0.186919,-0.654499][0.0226,-0.9629,0.2689][0.0331,0.0527,0][0.162391,-0.186919,-0.654499][0.0226,-0.9629,0.2689][0.0331,0.0527,0][0,-0.157649,-0.723546][0,-0.9722,0.2341][0.0331,0.0038,0][0,-0.178307,-0.773422][0,-0.9722,0.2341][0.0212,0.0038,0][0.206629,-0.213471,-0.758506][0.0579,-0.9601,0.2735][0.0212,0.0527,0][0.504346,-0.08322,-0.649476][0.2734,-0.9159,0.294][0.0212,0.1139,0][0.456469,-0.0787606,-0.571202][0.2734,-0.9159,0.294][0.0331,0.1139,0][0.456469,-0.0787606,-0.571202][0.2734,-0.9159,0.294][0.0331,0.1139,0][0.162391,-0.186919,-0.654499][0.0226,-0.9629,0.2689][0.0331,0.0527,0][0.206629,-0.213471,-0.758506][0.0579,-0.9601,0.2735][0.0212,0.0527,0][0.791709,0.807062,-0.529477][0.9568,0.1223,-0.2639][0.1848,0.2548,0][0.805908,0.836126,-0.453458][0.9568,0.1223,-0.2639][0.1747,0.2685,0][0.820517,0.652052,-0.496875][0.955,-0.0909,-0.2823][0.2194,0.2692,0][0.820517,0.652052,-0.496875][0.955,-0.0909,-0.2823][0.2194,0.2692,0][0.79909,0.66948,-0.555414][0.9495,-0.1327,-0.2844][0.215,0.2551,0][0.791709,0.807062,-0.529477][0.9568,0.1223,-0.2639][0.1848,0.2548,0][0.791709,0.807062,-0.529477][0.3371,0.9077,-0.2498][0.1848,0.2548,0][0.582876,0.871136,-0.627178][0.1123,0.9606,-0.2544][0.1686,0.2058,0][0.556272,0.894203,-0.530502][0.1429,0.9564,-0.2546][0.1483,0.2119,0][0.556272,0.894203,-0.530502][0.1429,0.9564,-0.2546][0.1483,0.2119,0][0.805908,0.836126,-0.453458][0.3371,0.9077,-0.2498][0.1747,0.2685,0][0.791709,0.807062,-0.529477][0.3371,0.9077,-0.2498][0.1848,0.2548,0][0.582876,0.871136,-0.627178][0.1123,0.9606,-0.2544][0.1686,0.2058,0][0.293975,0.816237,-0.744973][0.0382,0.9738,-0.224][0.1759,0.1368,0][0.276445,0.835562,-0.661317][0.0222,0.9736,-0.2273][0.1554,0.1374,0][0.276445,0.835562,-0.661317][0.0222,0.9736,-0.2273][0.1554,0.1374,0][0.556272,0.894203,-0.530502][0.1429,0.9564,-0.2546][0.1483,0.2119,0][0.582876,0.871136,-0.627178][0.1123,0.9606,-0.2544][0.1686,0.2058,0][0.0627934,0.840073,-0.794183][0.1451,0.9689,-0.2004][0.1773,0.0861,0][0,0.865139,-0.721394][0,0.9793,-0.2026][0.1644,0.0724,0][0.276445,0.835562,-0.661317][0.0222,0.9736,-0.2273][0.1554,0.1374,0][0.276445,0.835562,-0.661317][0.0222,0.9736,-0.2273][0.1554,0.1374,0][0.293975,0.816237,-0.744973][0.0382,0.9738,-0.224][0.1759,0.1368,0][0.0627934,0.840073,-0.794183][0.1451,0.9689,-0.2004][0.1773,0.0861,0][0.0469541,0.383091,-0.890807][-0.7398,0.1578,-0.654][0.2771,0.0787,0][0,0.324911,-0.847441][-0.7398,0.1578,-0.654][0.2886,0.0645,0][0,0.865139,-0.721394][-0.7398,0.1578,-0.654][0.1644,0.0724,0][0,0.865139,-0.721394][-0.7398,0.1578,-0.654][0.1644,0.0724,0][0.0627934,0.840073,-0.794183][-0.7398,0.1578,-0.654][0.1773,0.0861,0][0.0469541,0.383091,-0.890807][-0.7398,0.1578,-0.654][0.2771,0.0787,0][0.0469541,0.383091,-0.890807][0.0269,-0.7059,-0.7078][0.2771,0.0787,0][0.218162,0.348798,-0.862973][0.1514,-0.7518,-0.6418][0.2847,0.1136,0][0.195505,0.285954,-0.788288][0.1496,-0.7512,-0.6429][0.3063,0.1112,0][0.195505,0.285954,-0.788288][0.1496,-0.7512,-0.6429][0.3063,0.1112,0][0,0.324911,-0.847441][0,-0.7061,-0.7081][0.2886,0.0645,0][0.0469541,0.383091,-0.890807][0.0269,-0.7059,-0.7078][0.2771,0.0787,0][0.648694,0.405492,-0.738822][0.2675,-0.7803,-0.5653][0.2721,0.2063,0][0.642338,0.348542,-0.661881][0.2675,-0.7803,-0.5653][0.289,0.2151,0][0.195505,0.285954,-0.788288][0.1496,-0.7512,-0.6429][0.3063,0.1112,0][0.195505,0.285954,-0.788288][0.1496,-0.7512,-0.6429][0.3063,0.1112,0][0.218162,0.348798,-0.862973][0.1514,-0.7518,-0.6418][0.2847,0.1136,0][0.648694,0.405492,-0.738822][0.2675,-0.7803,-0.5653][0.2721,0.2063,0][0.79909,0.66948,-0.555414][0.9495,-0.1327,-0.2844][0.215,0.2551,0][0.820517,0.652052,-0.496875][0.955,-0.0909,-0.2823][0.2194,0.2692,0][0.642338,0.348542,-0.661881][0.8948,-0.3418,-0.2872][0.289,0.2151,0][0.642338,0.348542,-0.661881][0.8948,-0.3418,-0.2872][0.289,0.2151,0][0.648694,0.405492,-0.738822][0.8948,-0.3418,-0.2872][0.2721,0.2063,0][0.79909,0.66948,-0.555414][0.9495,-0.1327,-0.2844][0.215,0.2551,0][0.62983,0.334702,-0.663111][0.9994,0.0206,-0.0267][0.1362,0.0174,0][0.629881,0.384731,-0.619899][0.9994,0.0206,-0.0267][0.1443,0.0106,0][0.63347,0.222801,-0.613338][0.9994,0.0206,-0.0267][0.1128,0.0133,0][0.63347,0.222801,-0.613338][0.9994,0.0206,-0.0267][0.1128,0.0133,0][0.63147,0.256325,-0.659779][0.9994,0.0206,-0.0267][0.1218,0.018,0][0.62983,0.334702,-0.663111][0.9994,0.0206,-0.0267][0.1362,0.0174,0][0.62983,0.334702,-0.663111][0.2306,0.7923,-0.5649][0.1362,0.0174,0][0.364817,0.299588,-0.847544][0.1025,0.8428,-0.5284][0.1367,0.0744,0][0.338777,0.345159,-0.767271][0.1148,0.8387,-0.5323][0.153,0.0734,0][0.338777,0.345159,-0.767271][0.1148,0.8387,-0.5323][0.153,0.0734,0][0.629881,0.384731,-0.619899][0.2306,0.7923,-0.5649][0.1443,0.0106,0][0.62983,0.334702,-0.663111][0.2306,0.7923,-0.5649][0.1362,0.0174,0][0.338777,0.345159,-0.767271][0.1148,0.8387,-0.5323][0.153,0.0734,0][0.364817,0.299588,-0.847544][0.1025,0.8428,-0.5284][0.1367,0.0744,0][0.0615119,0.276675,-0.88317][-0.0119,0.8731,-0.4874][0.1365,0.1284,0][0.0615119,0.276675,-0.88317][-0.0119,0.8731,-0.4874][0.1365,0.1284,0][0,0.306304,-0.82663][0,0.8731,-0.4875][0.1447,0.1405,0][0.338777,0.345159,-0.767271][0.1148,0.8387,-0.5323][0.153,0.0734,0][0.0615119,0.276675,-0.88317][-0.0119,0.8731,-0.4874][0.1365,0.1284,0][0,0.304099,-0.83068][0,0.8731,-0.4875][0.1441,0.1405,0][0,0.306304,-0.82663][0,0.8731,-0.4875][0.1447,0.1405,0][0.0620245,0.242793,-0.882093][-0.0628,-0.9104,-0.4088][0.1312,0.1283,0][0.342519,0.169235,-0.760505][0.1746,-0.8908,-0.4194][0.1046,0.0767,0][0,0.218086,-0.808433][-0.0628,-0.9104,-0.4088][0.1247,0.1426,0][0,0.218086,-0.808433][-0.0628,-0.9104,-0.4088][0.1247,0.1426,0][0,0.218342,-0.807305][0,-0.9122,-0.4097][0.1247,0.1426,0][0.0620245,0.242793,-0.882093][-0.0628,-0.9104,-0.4088][0.1312,0.1283,0][0.342519,0.169235,-0.760505][0.1746,-0.8908,-0.4194][0.1046,0.0767,0][0.0620245,0.242793,-0.882093][-0.0628,-0.9104,-0.4088][0.1312,0.1283,0][0.364201,0.209884,-0.845442][0.1531,-0.8948,-0.4195][0.1209,0.0757,0][0.63147,0.256325,-0.659779][0.3908,-0.8254,-0.4074][0.1218,0.018,0][0.63347,0.222801,-0.613338][0.3908,-0.8254,-0.4074][0.1128,0.0133,0][0.342519,0.169235,-0.760505][0.1746,-0.8908,-0.4194][0.1046,0.0767,0][0.342519,0.169235,-0.760505][0.1746,-0.8908,-0.4194][0.1046,0.0767,0][0.364201,0.209884,-0.845442][0.1531,-0.8948,-0.4195][0.1209,0.0757,0][0.63147,0.256325,-0.659779][0.3908,-0.8254,-0.4074][0.1218,0.018,0][0.504192,-0.0578465,-0.708988][0.9712,-0.2199,-0.092][0.0146,0.2105,0][0.511676,-0.0251937,-0.710834][0.9712,-0.2199,-0.092][0.0151,0.2177,0][0.522236,-0.00207567,-0.651834][0.9712,-0.2199,-0.092][0.0051,0.2234,0][0.522236,-0.00207567,-0.651834][0.9712,-0.2199,-0.092][0.0051,0.2234,0][0.504346,-0.08322,-0.649476][0.9712,-0.2199,-0.092][0.0044,0.2014,0][0.504192,-0.0578465,-0.708988][0.9712,-0.2199,-0.092][0.0146,0.2105,0][0.511676,-0.0251937,-0.710834][0.7146,0.6163,-0.3309][0.0151,0.2177,0][0.269422,0.180102,-0.858411][0.7146,0.6163,-0.3309][0.0787,0.2495,0][0.26773,0.225364,-0.77091][0.7146,0.6163,-0.3309][0.0745,0.2672,0][0.26773,0.225364,-0.77091][0.7146,0.6163,-0.3309][0.0745,0.2672,0][0.522236,-0.00207567,-0.651834][0.7146,0.6163,-0.3309][0.0051,0.2234,0][0.511676,-0.0251937,-0.710834][0.7146,0.6163,-0.3309][0.0151,0.2177,0][0.0589489,0.192865,-0.852721][0.054,0.873,-0.4847][0.1195,0.2441,0][0,0.241921,-0.777113][0,0.8743,-0.4854][0.1351,0.2565,0][0.26773,0.225364,-0.77091][0.054,0.873,-0.4847][0.0745,0.2672,0][0.26773,0.225364,-0.77091][0.054,0.873,-0.4847][0.0745,0.2672,0][0.269422,0.180102,-0.858411][0.054,0.873,-0.4847][0.0787,0.2495,0][0.0589489,0.192865,-0.852721][0.054,0.873,-0.4847][0.1195,0.2441,0][0.0589489,0.192865,-0.852721][-0.7847,-0.00780007,-0.6198][0.1195,0.2441,0][0.0590001,-0.147808,-0.846929][-0.7847,-0.00780007,-0.6198][0.1071,0.1736,0][0,-0.178307,-0.773422][-0.7847,-0.00780007,-0.6198][0.1223,0.1621,0][0,-0.178307,-0.773422][-0.7847,-0.00780007,-0.6198][0.1223,0.1621,0][0,0.241921,-0.777113][-0.7847,-0.00780007,-0.6198][0.1351,0.2565,0][0.0589489,0.192865,-0.852721][-0.7847,-0.00780007,-0.6198][0.1195,0.2441,0][0.0590001,-0.147808,-0.846929][-0.1379,-0.8914,-0.4317][0.1071,0.1736,0][0.220264,-0.175898,-0.848774][-0.1379,-0.8914,-0.4317][0.0745,0.176,0][0.206629,-0.213471,-0.758506][-0.1379,-0.8914,-0.4317][0.0705,0.1586,0][0.206629,-0.213471,-0.758506][-0.1379,-0.8914,-0.4317][0.0705,0.1586,0][0,-0.178307,-0.773422][0,-0.9,-0.4359][0.1223,0.1621,0][0.0590001,-0.147808,-0.846929][-0.1379,-0.8914,-0.4317][0.1071,0.1736,0][0.504192,-0.0578465,-0.708988][0.4808,-0.823,-0.3026][0.0146,0.2105,0][0.504346,-0.08322,-0.649476][0.4808,-0.823,-0.3026][0.0044,0.2014,0][0.206629,-0.213471,-0.758506][0.4808,-0.823,-0.3026][0.0705,0.1586,0][0.206629,-0.213471,-0.758506][0.4808,-0.823,-0.3026][0.0705,0.1586,0][0.220264,-0.175898,-0.848774][0.4808,-0.823,-0.3026][0.0745,0.176,0][0.504192,-0.0578465,-0.708988][0.4808,-0.823,-0.3026][0.0146,0.2105,0][0.338777,0.345159,-0.767271][-0.0949,0.9917,-0.0864001][0.0803,0.0549,0][0,0.306304,-0.82663][0,0.9973,-0.0739001][0.0803,0.0044,0][0,0.312148,-0.766912][0,0.9973,-0.0739001][0.069,0.0041,0][0,0.312148,-0.766912][0,0.9973,-0.0739001][0.069,0.0041,0][0.342621,0.348593,-0.706887][-0.0937,0.9911,-0.0950001][0.069,0.0549,0][0.338777,0.345159,-0.767271][-0.0949,0.9917,-0.0864001][0.0803,0.0549,0][0.0620245,0.242793,-0.882093][-0.7119,-0.1435,-0.6875][0.1312,0.1283,0][0,0.218342,-0.807305][-0.7119,-0.1435,-0.6875][0.1247,0.1426,0][0,0.304099,-0.83068][-0.7119,-0.1435,-0.6875][0.1441,0.1405,0][0,0.304099,-0.83068][-0.7119,-0.1435,-0.6875][0.1441,0.1405,0][0.0615119,0.276675,-0.88317][-0.7119,-0.1435,-0.6875][0.1365,0.1284,0][0.0620245,0.242793,-0.882093][-0.7119,-0.1435,-0.6875][0.1312,0.1283,0][-0.264809,-0.129508,-0.662342][-1,0,0][0.8477,0.9804,0][-0.264809,-0.121716,-0.726776][-1,0,0][0.836,0.9819,0][-0.264809,-0.429634,-0.76399][-1,0,0][0.836,0.9246,0][-0.264809,-0.429634,-0.76399][-1,0,0][0.836,0.9246,0][-0.264809,-0.437426,-0.699505][-1,0,0][0.8477,0.9245,0][-0.264809,-0.129508,-0.662342][-1,0,0][0.8477,0.9804,0][0,-0.404209,-0.796745][0,0.1199,-0.9928][0.787,0.9296,0][0,-0.474794,-0.805254][0,0.1198,-0.9928][0.7869,0.9164,0][-0.135377,-0.474794,-0.805254][-0.0001,0.1198,-0.9928][0.8113,0.9169,0][-0.135377,-0.474794,-0.805254][-0.0001,0.1198,-0.9928][0.8113,0.9169,0][-0.213549,-0.406977,-0.797053][-0.0001,0.1199,-0.9928][0.8253,0.929,0][0,-0.404209,-0.796745][0,0.1199,-0.9928][0.787,0.9296,0][-0.213549,-0.161955,-0.767476][-0.0001,0.1199,-0.9928][0.8256,0.9732,0][0,-0.161955,-0.767476][0,0.1199,-0.9928][0.7872,0.9743,0][0,-0.404209,-0.796745][0,0.1199,-0.9928][0.787,0.9296,0][0,-0.404209,-0.796745][0,0.1199,-0.9928][0.787,0.9296,0][-0.213549,-0.406977,-0.797053][-0.0001,0.1199,-0.9928][0.8253,0.929,0][-0.213549,-0.161955,-0.767476][-0.0001,0.1199,-0.9928][0.8256,0.9732,0][0.135377,-0.474794,-0.805254][0.0001,0.1198,-0.9928][0.7626,0.9171,0][0,-0.474794,-0.805254][0,0.1198,-0.9928][0.7869,0.9164,0][0,-0.404209,-0.796745][0,0.1199,-0.9928][0.787,0.9296,0][0,-0.404209,-0.796745][0,0.1199,-0.9928][0.787,0.9296,0][0.213549,-0.406977,-0.797053][0.0001,0.1199,-0.9928][0.7487,0.9294,0][0.135377,-0.474794,-0.805254][0.0001,0.1198,-0.9928][0.7626,0.9171,0][0,-0.404209,-0.796745][0,0.1199,-0.9928][0.787,0.9296,0][0,-0.161955,-0.767476][0,0.1199,-0.9928][0.7872,0.9743,0][0.213549,-0.161955,-0.767476][0.0001,0.1199,-0.9928][0.7488,0.9736,0][0.213549,-0.161955,-0.767476][0.0001,0.1199,-0.9928][0.7488,0.9736,0][0.213549,-0.406977,-0.797053][0.0001,0.1199,-0.9928][0.7487,0.9294,0][0,-0.404209,-0.796745][0,0.1199,-0.9928][0.787,0.9296,0][-0.264809,-0.121716,-0.726776][0,0.9928,0.12][0.836,0.9819,0][-0.264809,-0.129508,-0.662342][0,0.9928,0.12][0.8357,0.9955,0][0,-0.129508,-0.662342][0,0.9928,0.12][0.788,0.9955,0][0,-0.129508,-0.662342][0,0.9928,0.12][0.788,0.9955,0][0,-0.121716,-0.726776][0,0.9928,0.12][0.7877,0.9844,0][-0.264809,-0.121716,-0.726776][0,0.9928,0.12][0.836,0.9819,0][0.264809,-0.121716,-0.726776][0,0.9928,0.12][0.7392,0.9829,0][0,-0.121716,-0.726776][0,0.9928,0.12][0.7877,0.9844,0][0,-0.129508,-0.662342][0,0.9928,0.12][0.788,0.9955,0][0,-0.129508,-0.662342][0,0.9928,0.12][0.788,0.9955,0][0.264809,-0.129508,-0.662342][0,0.9928,0.12][0.7404,0.9955,0][0.264809,-0.121716,-0.726776][0,0.9928,0.12][0.7392,0.9829,0][-0.15665,-0.531334,-0.710885][0,-0.9928,-0.12][0.8159,0.8939,0][-0.15665,-0.523542,-0.775319][0,-0.9928,-0.12][0.816,0.9063,0][0,-0.523542,-0.775319][0,-0.9928,-0.12][0.7873,0.9058,0][0,-0.523542,-0.775319][0,-0.9928,-0.12][0.7873,0.9058,0][0,-0.531334,-0.710885][0,-0.9928,-0.12][0.7878,0.8939,0][-0.15665,-0.531334,-0.710885][0,-0.9928,-0.12][0.8159,0.8939,0][0.15665,-0.531334,-0.710885][0,-0.9928,-0.12][0.7597,0.8939,0][0,-0.531334,-0.710885][0,-0.9928,-0.12][0.7878,0.8939,0][0,-0.523542,-0.775319][0,-0.9928,-0.12][0.7873,0.9058,0][0,-0.523542,-0.775319][0,-0.9928,-0.12][0.7873,0.9058,0][0.15665,-0.523542,-0.775319][0,-0.9928,-0.12][0.7586,0.9065,0][0.15665,-0.531334,-0.710885][0,-0.9928,-0.12][0.7597,0.8939,0][-0.15665,-0.531334,-0.710885][-0.6583,-0.7473,-0.0902999][0.8159,0.8939,0][-0.264809,-0.437426,-0.699505][-0.6583,-0.7473,-0.0902999][0.8418,0.8939,0][-0.264809,-0.429634,-0.76399][-0.6583,-0.7473,-0.0902999][0.8418,0.9056,0][-0.264809,-0.429634,-0.76399][-0.6583,-0.7473,-0.0902999][0.8418,0.9056,0][-0.15665,-0.523542,-0.775319][-0.6583,-0.7473,-0.0902999][0.816,0.9063,0][-0.15665,-0.531334,-0.710885][-0.6583,-0.7473,-0.0902999][0.8159,0.8939,0][-0.135377,-0.474794,-0.805254][0,-0.5233,-0.8522][0.8113,0.9169,0][0,-0.474794,-0.805254][0,-0.5233,-0.8522][0.7869,0.9164,0][0,-0.523542,-0.775319][0,-0.5233,-0.8522][0.7873,0.9058,0][0,-0.523542,-0.775319][0,-0.5233,-0.8522][0.7873,0.9058,0][-0.15665,-0.523542,-0.775319][0,-0.5233,-0.8522][0.816,0.9063,0][-0.135377,-0.474794,-0.805254][0,-0.5233,-0.8522][0.8113,0.9169,0][0.135377,-0.474794,-0.805254][0,-0.5233,-0.8522][0.7626,0.9171,0][0.15665,-0.523542,-0.775319][0,-0.5233,-0.8522][0.7586,0.9065,0][0,-0.523542,-0.775319][0,-0.5233,-0.8522][0.7873,0.9058,0][0,-0.523542,-0.775319][0,-0.5233,-0.8522][0.7873,0.9058,0][0,-0.474794,-0.805254][0,-0.5233,-0.8522][0.7869,0.9164,0][0.135377,-0.474794,-0.805254][0,-0.5233,-0.8522][0.7626,0.9171,0][-0.213549,-0.406977,-0.797053][-0.4933,-0.1376,-0.8589][0.8253,0.929,0][-0.135377,-0.474794,-0.805254][-0.3933,-0.3505,-0.85][0.8113,0.9169,0][-0.15665,-0.523542,-0.775319][-0.3933,-0.3505,-0.85][0.816,0.9063,0][-0.15665,-0.523542,-0.775319][-0.3933,-0.3505,-0.85][0.816,0.9063,0][-0.264809,-0.429634,-0.76399][-0.5011,-0.1176,-0.8573][0.836,0.9246,0][-0.213549,-0.406977,-0.797053][-0.4933,-0.1376,-0.8589][0.8253,0.929,0][-0.213549,-0.161955,-0.767476][-0.57,0.0984999,-0.8157][0.8256,0.9732,0][-0.213549,-0.406977,-0.797053][-0.4933,-0.1376,-0.8589][0.8253,0.929,0][-0.264809,-0.429634,-0.76399][-0.5011,-0.1176,-0.8573][0.836,0.9246,0][-0.264809,-0.429634,-0.76399][-0.5011,-0.1176,-0.8573][0.836,0.9246,0][-0.264809,-0.121716,-0.726776][-0.57,0.0984999,-0.8157][0.836,0.9819,0][-0.213549,-0.161955,-0.767476][-0.57,0.0984999,-0.8157][0.8256,0.9732,0][-0.213549,-0.161955,-0.767476][0,0.7111,-0.7031][0.8256,0.9732,0][-0.264809,-0.121716,-0.726776][0,0.7111,-0.7031][0.836,0.9819,0][0,-0.121716,-0.726776][0,0.7111,-0.7031][0.7877,0.9844,0][0,-0.121716,-0.726776][0,0.7111,-0.7031][0.7877,0.9844,0][0,-0.161955,-0.767476][0,0.7111,-0.7031][0.7872,0.9743,0][-0.213549,-0.161955,-0.767476][0,0.7111,-0.7031][0.8256,0.9732,0][0,-0.121716,-0.726776][0,0.7111,-0.7031][0.7877,0.9844,0][0.264809,-0.121716,-0.726776][0,0.7111,-0.7031][0.7392,0.9829,0][0.213549,-0.161955,-0.767476][0,0.7111,-0.7031][0.7488,0.9736,0][0.213549,-0.161955,-0.767476][0,0.7111,-0.7031][0.7488,0.9736,0][0,-0.161955,-0.767476][0,0.7111,-0.7031][0.7872,0.9743,0][0,-0.121716,-0.726776][0,0.7111,-0.7031][0.7877,0.9844,0][0.264809,-0.129508,-0.662342][1,0,0][0.7265,0.9821,0][0.264809,-0.437426,-0.699505][1,0,0][0.7265,0.9262,0][0.264809,-0.429634,-0.76399][1,0,0][0.7379,0.9259,0][0.264809,-0.429634,-0.76399][1,0,0][0.7379,0.9259,0][0.264809,-0.121716,-0.726776][1,0,0][0.7392,0.9829,0][0.264809,-0.129508,-0.662342][1,0,0][0.7265,0.9821,0][0.15665,-0.531334,-0.710885][0.6583,-0.7473,-0.0902999][0.7597,0.8939,0][0.15665,-0.523542,-0.775319][0.6583,-0.7473,-0.0902999][0.7586,0.9065,0][0.264809,-0.429634,-0.76399][0.6583,-0.7473,-0.0902999][0.7339,0.9056,0][0.264809,-0.429634,-0.76399][0.6583,-0.7473,-0.0902999][0.7339,0.9056,0][0.264809,-0.437426,-0.699505][0.6583,-0.7473,-0.0902999][0.7339,0.8939,0][0.15665,-0.531334,-0.710885][0.6583,-0.7473,-0.0902999][0.7597,0.8939,0][0.213549,-0.406977,-0.797053][0.4933,-0.1376,-0.8589][0.7487,0.9294,0][0.264809,-0.429634,-0.76399][0.5011,-0.1176,-0.8573][0.7379,0.9259,0][0.15665,-0.523542,-0.775319][0.3933,-0.3505,-0.85][0.7586,0.9065,0][0.15665,-0.523542,-0.775319][0.3933,-0.3505,-0.85][0.7586,0.9065,0][0.135377,-0.474794,-0.805254][0.3933,-0.3505,-0.85][0.7626,0.9171,0][0.213549,-0.406977,-0.797053][0.4933,-0.1376,-0.8589][0.7487,0.9294,0][0.213549,-0.161955,-0.767476][0.57,0.0984999,-0.8157][0.7488,0.9736,0][0.264809,-0.121716,-0.726776][0.57,0.0984999,-0.8157][0.7392,0.9829,0][0.264809,-0.429634,-0.76399][0.5011,-0.1176,-0.8573][0.7379,0.9259,0][0.264809,-0.429634,-0.76399][0.5011,-0.1176,-0.8573][0.7379,0.9259,0][0.213549,-0.406977,-0.797053][0.4933,-0.1376,-0.8589][0.7487,0.9294,0][0.213549,-0.161955,-0.767476][0.57,0.0984999,-0.8157][0.7488,0.9736,0][-0.301281,0.644035,-0.395136][-0.9659,0,0.2588][0.1758,0.992,0][-0.327843,1.07598,-0.421176][-0.9659,0,0.2588][0.1758,0.9212,0][-0.350125,1.07598,-0.489449][-0.9659,0,0.2588][0.1898,0.9189,0][-0.350125,1.07598,-0.489449][-0.9659,0,0.2588][0.1898,0.9189,0][-0.321757,0.644035,-0.457878][-0.9659,0,0.2588][0.1912,0.992,0][-0.301281,0.644035,-0.395136][-0.9659,0,0.2588][0.1758,0.992,0][-0.196665,1.14527,-0.563245][-0.2359,-0.0115001,-0.9717][0.2195,0.9057,0][-1.2272e-006,1.14527,-0.601398][0,-0.0118001,-0.9999][0.2508,0.9061,0][-1.2272e-006,1.04626,-0.601398][0,-0.00580012,-1][0.2507,0.9223,0][-1.2272e-006,1.04626,-0.601398][0,-0.00580012,-1][0.2507,0.9223,0][-0.296662,1.05013,-0.541268][-0.2384,-0.00390012,-0.9712][0.2032,0.9216,0][-0.196665,1.14527,-0.563245][-0.2359,-0.0115001,-0.9717][0.2195,0.9057,0][-1.2272e-006,1.04626,-0.601398][0,-0.00580012,-1][0.2507,0.9223,0][-1.03772e-006,0.706463,-0.560756][0,-1.19209e-007,-1][0.2507,0.9792,0][-0.272688,0.706463,-0.505498][-0.2396,0,-0.9709][0.2037,0.9799,0][-0.272688,0.706463,-0.505498][-0.2396,0,-0.9709][0.2037,0.9799,0][-0.296662,1.05013,-0.541268][-0.2384,-0.00390012,-0.9712][0.2032,0.9216,0][-1.2272e-006,1.04626,-0.601398][0,-0.00580012,-1][0.2507,0.9223,0][-1.2272e-006,1.04626,-0.601398][0,-0.00580012,-1][0.2507,0.9223,0][-1.2272e-006,1.14527,-0.601398][0,-0.0118001,-0.9999][0.2508,0.9061,0][0.196663,1.14527,-0.563245][0.2358,-0.0114001,-0.9717][0.2819,0.9056,0][0.196663,1.14527,-0.563245][0.2358,-0.0114001,-0.9717][0.2819,0.9056,0][0.296727,1.05013,-0.541268][0.2383,-0.00390012,-0.9712][0.2982,0.9216,0][-1.2272e-006,1.04626,-0.601398][0,-0.00580012,-1][0.2507,0.9223,0][0.272686,0.706463,-0.505498][0.2396,0,-0.9709][0.2977,0.98,0][-1.03772e-006,0.706463,-0.560756][0,-1.19209e-007,-1][0.2507,0.9792,0][-1.2272e-006,1.04626,-0.601398][0,-0.00580012,-1][0.2507,0.9223,0][-1.2272e-006,1.04626,-0.601398][0,-0.00580012,-1][0.2507,0.9223,0][0.296727,1.05013,-0.541268][0.2383,-0.00390012,-0.9712][0.2982,0.9216,0][0.272686,0.706463,-0.505498][0.2396,0,-0.9709][0.2977,0.98,0][-0.211611,1.2077,-0.519905][0,1,-1.19209e-007][0.2153,0.8927,0][-0.189397,1.2077,-0.451631][0,1,-1.19209e-007][0.216,0.8777,0][-1.2272e-006,1.2077,-0.495752][0,1,-1.19209e-007][0.2514,0.8777,0][-1.2272e-006,1.2077,-0.495752][0,1,-1.19209e-007][0.2514,0.8777,0][-1.2272e-006,1.2077,-0.564026][0,1,-1.19209e-007][0.251,0.8929,0][-0.211611,1.2077,-0.519905][0,1,-1.19209e-007][0.2153,0.8927,0][-1.2272e-006,1.2077,-0.495752][0,1,-1.19209e-007][0.2514,0.8777,0][0.189394,1.2077,-0.451631][0,1,-1.19209e-007][0.2862,0.8777,0][0.211676,1.2077,-0.519905][0,1,-1.19209e-007][0.2863,0.8926,0][0.211676,1.2077,-0.519905][0,1,-1.19209e-007][0.2863,0.8926,0][-1.2272e-006,1.2077,-0.564026][0,1,-1.19209e-007][0.251,0.8929,0][-1.2272e-006,1.2077,-0.495752][0,1,-1.19209e-007][0.2514,0.8777,0][-1.2272e-006,1.2077,-0.495752][0.2679,-0.00219988,0.9635][0.9194,0.5936,0][-0.189397,1.2077,-0.451631][0.2679,-0.00219988,0.9635][0.9195,0.5696,0][-0.327843,1.07598,-0.421176][0.2679,-0.00219988,0.9635][0.937,0.5521,0][-0.327843,1.07598,-0.421176][0.2679,-0.00219988,0.9635][0.937,0.5521,0][-0.301281,0.644035,-0.395136][0.2679,-0.00219988,0.9635][0.9944,0.5521,0][-1.2272e-006,1.2077,-0.495752][0.2679,-0.00219988,0.9635][0.9194,0.5936,0][-1.03772e-006,0.644035,-0.46367][0.267,0,0.9637][0.9944,0.5936,0][-1.2272e-006,1.2077,-0.495752][0.267,0,0.9637][0.9194,0.5936,0][-0.301281,0.644035,-0.395136][0.267,0,0.9637][0.9944,0.5521,0][-1.2272e-006,1.2077,-0.495752][-0.2676,-0.00149988,0.9635][0.9194,0.5936,0][0.301279,0.644035,-0.395136][-0.2673,-0.000699885,0.9636][0.9944,0.6351,0][0.327841,1.07598,-0.421176][-0.2679,-0.00219988,0.9635][0.937,0.635,0][0.327841,1.07598,-0.421176][-0.2679,-0.00219988,0.9635][0.937,0.635,0][0.189394,1.2077,-0.451631][-0.2679,-0.00219988,0.9635][0.9195,0.6175,0][-1.2272e-006,1.2077,-0.495752][-0.2676,-0.00149988,0.9635][0.9194,0.5936,0][-1.03772e-006,0.644035,-0.46367][-0.267,0,0.9637][0.9944,0.5936,0][0.301279,0.644035,-0.395136][-0.2673,-0.000699885,0.9636][0.9944,0.6351,0][-1.2272e-006,1.2077,-0.495752][-0.2676,-0.00149988,0.9635][0.9194,0.5936,0][-0.189397,1.2077,-0.451631][-0.683,0.7072,0.1828][0.216,0.8777,0][-0.211611,1.2077,-0.519905][-0.683,0.7072,0.1828][0.2153,0.8927,0][-0.350125,1.07598,-0.489449][-0.683,0.7072,0.1828][0.1819,0.8922,0][-0.350125,1.07598,-0.489449][-0.683,0.7072,0.1828][0.1819,0.8922,0][-0.327843,1.07598,-0.421176][-0.683,0.7072,0.1828][0.1819,0.8777,0][-0.189397,1.2077,-0.451631][-0.683,0.7072,0.1828][0.216,0.8777,0][-0.196665,1.14527,-0.563245][-0.1974,0.5603,-0.8044][0.2195,0.9057,0][-0.211611,1.2077,-0.519905][-0.1974,0.5603,-0.8044][0.2153,0.8927,0][-1.2272e-006,1.2077,-0.564026][0,0.5715,-0.8206][0.251,0.8929,0][-1.2272e-006,1.2077,-0.564026][0,0.5715,-0.8206][0.251,0.8929,0][-1.2272e-006,1.14527,-0.601398][0,0.5715,-0.8206][0.2508,0.9061,0][-0.196665,1.14527,-0.563245][-0.1974,0.5603,-0.8044][0.2195,0.9057,0][-0.211611,1.2077,-0.519905][-0.6018,0.4031,-0.6894][0.2153,0.8927,0][-0.196665,1.14527,-0.563245][-0.6018,0.4031,-0.6894][0.2195,0.9057,0][-0.296662,1.05013,-0.541268][-0.6018,0.4031,-0.6894][0.2032,0.9216,0][-0.296662,1.05013,-0.541268][-0.6018,0.4031,-0.6894][0.2032,0.9216,0][-0.350125,1.07598,-0.489449][-0.6018,0.4031,-0.6894][0.1898,0.9189,0][-0.211611,1.2077,-0.519905][-0.6018,0.4031,-0.6894][0.2153,0.8927,0][-0.272688,0.706463,-0.505498][-0.7632,9.9923e-005,-0.6461][0.2037,0.9799,0][-0.321757,0.644035,-0.457878][-0.7632,9.9923e-005,-0.6461][0.1912,0.992,0][-0.350125,1.07598,-0.489449][-0.7632,9.9923e-005,-0.6461][0.1898,0.9189,0][-0.350125,1.07598,-0.489449][-0.7632,9.9923e-005,-0.6461][0.1898,0.9189,0][-0.296662,1.05013,-0.541268][-0.7632,9.9923e-005,-0.6461][0.2032,0.9216,0][-0.272688,0.706463,-0.505498][-0.7632,9.9923e-005,-0.6461][0.2037,0.9799,0][-1.03772e-006,0.644035,-0.526412][0,-0.5734,-0.8193][0.2508,0.992,0][-0.321757,0.644035,-0.457878][-0.2034,-0.5614,-0.8022][0.1912,0.992,0][-0.272688,0.706463,-0.505498][-0.2034,-0.5614,-0.8022][0.2037,0.9799,0][-0.272688,0.706463,-0.505498][-0.2034,-0.5614,-0.8022][0.2037,0.9799,0][-1.03772e-006,0.706463,-0.560756][0,-0.5734,-0.8193][0.2507,0.9792,0][-1.03772e-006,0.644035,-0.526412][0,-0.5734,-0.8193][0.2508,0.992,0][0.301279,0.644035,-0.395136][0.9659,0,0.2588][0.3247,0.992,0][0.321755,0.644035,-0.457878][0.9659,0,0.2588][0.3103,0.992,0][0.350122,1.07598,-0.489449][0.9659,0,0.2588][0.3107,0.9166,0][0.350122,1.07598,-0.489449][0.9659,0,0.2588][0.3107,0.9166,0][0.327841,1.07598,-0.421176][0.9659,0,0.2588][0.3247,0.917,0][0.301279,0.644035,-0.395136][0.9659,0,0.2588][0.3247,0.992,0][0.189394,1.2077,-0.451631][0.683,0.7071,0.183][0.2862,0.8777,0][0.327841,1.07598,-0.421176][0.683,0.7071,0.183][0.3199,0.8777,0][0.350122,1.07598,-0.489449][0.683,0.7071,0.183][0.3199,0.8922,0][0.350122,1.07598,-0.489449][0.683,0.7071,0.183][0.3199,0.8922,0][0.211676,1.2077,-0.519905][0.683,0.7071,0.183][0.2863,0.8926,0][0.189394,1.2077,-0.451631][0.683,0.7071,0.183][0.2862,0.8777,0][0.196663,1.14527,-0.563245][0.1974,0.5602,-0.8045][0.2819,0.9056,0][-1.2272e-006,1.14527,-0.601398][0,0.5715,-0.8206][0.2508,0.9061,0][-1.2272e-006,1.2077,-0.564026][0,0.5715,-0.8206][0.251,0.8929,0][-1.2272e-006,1.2077,-0.564026][0,0.5715,-0.8206][0.251,0.8929,0][0.211676,1.2077,-0.519905][0.1974,0.5602,-0.8045][0.2863,0.8926,0][0.196663,1.14527,-0.563245][0.1974,0.5602,-0.8045][0.2819,0.9056,0][0.211676,1.2077,-0.519905][0.6018,0.4031,-0.6894][0.2863,0.8926,0][0.350122,1.07598,-0.489449][0.6018,0.4031,-0.6894][0.3107,0.9166,0][0.296727,1.05013,-0.541268][0.6018,0.4031,-0.6894][0.2982,0.9216,0][0.296727,1.05013,-0.541268][0.6018,0.4031,-0.6894][0.2982,0.9216,0][0.196663,1.14527,-0.563245][0.6018,0.4031,-0.6894][0.2819,0.9056,0][0.211676,1.2077,-0.519905][0.6018,0.4031,-0.6894][0.2863,0.8926,0][0.272686,0.706463,-0.505498][0.7634,0,-0.6459][0.2977,0.98,0][0.296727,1.05013,-0.541268][0.7634,0,-0.6459][0.2982,0.9216,0][0.350122,1.07598,-0.489449][0.7634,0,-0.6459][0.3107,0.9166,0][0.350122,1.07598,-0.489449][0.7634,0,-0.6459][0.3107,0.9166,0][0.321755,0.644035,-0.457878][0.7634,0,-0.6459][0.3103,0.992,0][0.272686,0.706463,-0.505498][0.7634,0,-0.6459][0.2977,0.98,0][0.272686,0.706463,-0.505498][0.2034,-0.5614,-0.8022][0.2977,0.98,0][0.321755,0.644035,-0.457878][0.2034,-0.5614,-0.8022][0.3103,0.992,0][-1.03772e-006,0.644035,-0.526412][0,-0.5734,-0.8193][0.2508,0.992,0][-1.03772e-006,0.644035,-0.526412][0,-0.5734,-0.8193][0.2508,0.992,0][-1.03772e-006,0.706463,-0.560756][0,-0.5734,-0.8193][0.2507,0.9792,0][0.272686,0.706463,-0.505498][0.2034,-0.5614,-0.8022][0.2977,0.98,0][0.223237,-1.03829,-0.713038][0.1622,-0.1519,-0.975][0.7482,0.477,0][0.279213,-0.945565,-0.710116][0.2759,-0.0155001,-0.9611][0.76,0.4698,0][0.42028,-0.942079,-0.665622][0.2828,-0.0103001,-0.9591][0.7584,0.4363,0][0.42028,-0.942079,-0.665622][0.2828,-0.0103001,-0.9591][0.7584,0.4363,0][0.483534,-1.22083,-0.64722][0.272,-0.0263001,-0.9619][0.716,0.429,0][0.223237,-1.03829,-0.713038][0.1622,-0.1519,-0.975][0.7482,0.477,0][-0.42028,-0.942079,-0.665622][-0.2828,-0.0103001,-0.9591][0.7584,0.4363,0][-0.279213,-0.945565,-0.710116][-0.2759,-0.0155001,-0.9611][0.76,0.4698,0][-0.223237,-1.03829,-0.713038][-0.1622,-0.1519,-0.975][0.7482,0.477,0][-0.223237,-1.03829,-0.713038][-0.1622,-0.1519,-0.975][0.7482,0.477,0][-0.483534,-1.22083,-0.64722][-0.272,-0.0263001,-0.9619][0.716,0.429,0][-0.42028,-0.942079,-0.665622][-0.2828,-0.0103001,-0.9591][0.7584,0.4363,0][-0.386089,-0.791375,-0.675618][-0.2871,0.0232999,-0.9576][0.7821,0.4387,0][-0.207705,-0.798142,-0.717856][-0.1919,0.1893,-0.963][0.7836,0.4672,0][-0.22621,-0.855348,-0.72657][-0.2344,0.1306,-0.9633][0.7725,0.4755,0][0.386089,-0.791375,-0.675618][0.2871,0.0232999,-0.9576][0.7821,0.4387,0][0.42028,-0.942079,-0.665622][0.2828,-0.0103001,-0.9591][0.7584,0.4363,0][0.279213,-0.945565,-0.710116][0.2759,-0.0155001,-0.9611][0.76,0.4698,0][0.279213,-0.945565,-0.710116][0.2759,-0.0155001,-0.9611][0.76,0.4698,0][0.226261,-0.855348,-0.72657][0.2344,0.1306,-0.9633][0.7725,0.4755,0][0.386089,-0.791375,-0.675618][0.2871,0.0232999,-0.9576][0.7821,0.4387,0][-0.574674,1.11426,0.0151597][-0.5929,0.8052,0.0115999][0.5863,0.1461,0][-0.166836,1.11488,0.00129116][0,0.9996,0.0270999][0.5875,0.0966,0][-0.509011,1.12139,-0.237449][-0.5317,0.7908,-0.3031][0.6116,0.1383,0][-0.509011,1.12139,-0.237449][-0.5317,0.7908,-0.3031][0.6116,0.1383,0][-0.166836,1.11488,0.00129116][0,0.9996,0.0270999][0.5875,0.0966,0][-0.372605,1.12636,-0.441149][-0.3152,0.7562,-0.5735][0.6294,0.1201,0][-0.372605,1.12636,-0.441149][-0.3152,0.7562,-0.5735][0.6294,0.1201,0][-0.166836,1.11488,0.00129116][0,0.9996,0.0270999][0.5875,0.0966,0][-0.166389,1.12749,-0.487279][-0.1003,0.7793,-0.6185][0.6353,0.0993,0][-0.166724,1.10811,0.284259][0,0.9997,0.0260999][0.5598,0.0977,0][-0.527157,1.10832,0.243522][-0.5413,0.7821,0.3086][0.5634,0.141,0][-0.410646,1.10396,0.456561][-0.3187,0.7782,0.5411][0.5458,0.1252,0][-0.410646,1.10396,0.456561][-0.3187,0.7782,0.5411][0.5458,0.1252,0][-0.168286,1.10268,0.508937][-0.0438,0.8088,0.5865][0.5381,0.1007,0][-0.166724,1.10811,0.284259][0,0.9997,0.0260999][0.5598,0.0977,0][-0.166836,1.11488,0.00129116][0,0.9996,0.0270999][0.5875,0.0966,0][-0.574674,1.11426,0.0151597][-0.5929,0.8052,0.0115999][0.5863,0.1461,0][-0.527157,1.10832,0.243522][-0.5413,0.7821,0.3086][0.5634,0.141,0][-0.527157,1.10832,0.243522][-0.5413,0.7821,0.3086][0.5634,0.141,0][-0.166724,1.10811,0.284259][0,0.9997,0.0260999][0.5598,0.0977,0][-0.166836,1.11488,0.00129116][0,0.9996,0.0270999][0.5875,0.0966,0][-1.55584e-007,1.10796,0.29045][0,0.9997,0.0261999][0.5577,0.0802,0][-0.166724,1.10811,0.284259][0,0.9997,0.0260999][0.5598,0.0977,0][-0.168286,1.10268,0.508937][-0.0438,0.8088,0.5865][0.5381,0.1007,0][-0.168286,1.10268,0.508937][-0.0438,0.8088,0.5865][0.5381,0.1007,0][-1.55584e-007,1.10257,0.514013][0,0.8075,0.5899][0.5349,0.0834,0][-1.55584e-007,1.10796,0.29045][0,0.9997,0.0261999][0.5577,0.0802,0][-0.166836,1.11488,0.00129116][0,0.9996,0.0270999][0.5875,0.0966,0][-0.166724,1.10811,0.284259][0,0.9997,0.0260999][0.5598,0.0977,0][-1.55584e-007,1.10796,0.29045][0,0.9997,0.0261999][0.5577,0.0802,0][-1.55584e-007,1.10796,0.29045][0,0.9997,0.0261999][0.5577,0.0802,0][-1.55584e-007,1.11529,-0.014829][0,0.9996,0.0270999][0.5893,0.0789,0][-0.166836,1.11488,0.00129116][0,0.9996,0.0270999][0.5875,0.0966,0][-0.377939,0.906864,0.512432][-0.3814,0.4009,0.833][0.5305,0.1301,0][-0.148449,0.906198,0.537395][-0.065,0.3785,0.9233][0.5234,0.1036,0][-0.168286,1.10268,0.508937][-0.0438,0.8088,0.5865][0.5381,0.1007,0][-0.168286,1.10268,0.508937][-0.0438,0.8088,0.5865][0.5381,0.1007,0][-0.410646,1.10396,0.456561][-0.3187,0.7782,0.5411][0.5458,0.1252,0][-0.377939,0.906864,0.512432][-0.3814,0.4009,0.833][0.5305,0.1301,0][-0.553402,0.942131,0.306931][-0.7757,0.3626,0.5165][0.5543,0.1497,0][-0.377939,0.906864,0.512432][-0.3814,0.4009,0.833][0.5305,0.1301,0][-0.410646,1.10396,0.456561][-0.3187,0.7782,0.5411][0.5458,0.1252,0][-0.410646,1.10396,0.456561][-0.3187,0.7782,0.5411][0.5458,0.1252,0][-0.527157,1.10832,0.243522][-0.5413,0.7821,0.3086][0.5634,0.141,0][-0.553402,0.942131,0.306931][-0.7757,0.3626,0.5165][0.5543,0.1497,0][-0.421254,0.877698,-0.453714][-0.4865,0.2866,-0.8253][0.6416,0.1348,0][-0.581082,0.931879,-0.25052][-0.7991,0.3696,-0.4742][0.617,0.1522,0][-0.509011,1.12139,-0.237449][-0.5317,0.7908,-0.3031][0.6116,0.1383,0][-0.509011,1.12139,-0.237449][-0.5317,0.7908,-0.3031][0.6116,0.1383,0][-0.372605,1.12636,-0.441149][-0.3152,0.7562,-0.5735][0.6294,0.1201,0][-0.421254,0.877698,-0.453714][-0.4865,0.2866,-0.8253][0.6416,0.1348,0][-0.166389,1.12749,-0.487279][-0.1003,0.7793,-0.6185][0.6353,0.0993,0][-1.55584e-007,1.12774,-0.496984][0,0.7855,-0.6188][0.6378,0.0818,0][0,0.844738,-0.5406][0,0.24,-0.9708][0.6587,0.0859,0][0,0.844738,-0.5406][0,0.24,-0.9708][0.6587,0.0859,0][-0.195967,0.860474,-0.513791][-0.1587,0.2352,-0.9589][0.6527,0.1087,0][-0.166389,1.12749,-0.487279][-0.1003,0.7793,-0.6185][0.6353,0.0993,0][-0.64936,0.990316,0.0262831][-0.9115,0.4108,0.0201999][0.5859,0.1581,0][-0.553402,0.942131,0.306931][-0.7757,0.3626,0.5165][0.5543,0.1497,0][-0.527157,1.10832,0.243522][-0.5413,0.7821,0.3086][0.5634,0.141,0][-0.527157,1.10832,0.243522][-0.5413,0.7821,0.3086][0.5634,0.141,0][-0.574674,1.11426,0.0151597][-0.5929,0.8052,0.0115999][0.5863,0.1461,0][-0.64936,0.990316,0.0262831][-0.9115,0.4108,0.0201999][0.5859,0.1581,0][-0.581082,0.931879,-0.25052][-0.7991,0.3696,-0.4742][0.617,0.1522,0][-0.64936,0.990316,0.0262831][-0.9115,0.4108,0.0201999][0.5859,0.1581,0][-0.574674,1.11426,0.0151597][-0.5929,0.8052,0.0115999][0.5863,0.1461,0][-0.574674,1.11426,0.0151597][-0.5929,0.8052,0.0115999][0.5863,0.1461,0][-0.509011,1.12139,-0.237449][-0.5317,0.7908,-0.3031][0.6116,0.1383,0][-0.581082,0.931879,-0.25052][-0.7991,0.3696,-0.4742][0.617,0.1522,0][-0.148449,0.906198,0.537395][-0.065,0.3785,0.9233][0.5234,0.1036,0][0,0.906403,0.529348][0,0.3454,0.9384][0.5206,0.0865,0][-1.55584e-007,1.10257,0.514013][0,0.8075,0.5899][0.5349,0.0834,0][-1.55584e-007,1.10257,0.514013][0,0.8075,0.5899][0.5349,0.0834,0][-0.168286,1.10268,0.508937][-0.0438,0.8088,0.5865][0.5381,0.1007,0][-0.148449,0.906198,0.537395][-0.065,0.3785,0.9233][0.5234,0.1036,0][-0.372605,1.12636,-0.441149][-0.3152,0.7562,-0.5735][0.6294,0.1201,0][-0.166389,1.12749,-0.487279][-0.1003,0.7793,-0.6185][0.6353,0.0993,0][-0.195967,0.860474,-0.513791][-0.1587,0.2352,-0.9589][0.6527,0.1087,0][-0.195967,0.860474,-0.513791][-0.1587,0.2352,-0.9589][0.6527,0.1087,0][-0.421254,0.877698,-0.453714][-0.4865,0.2866,-0.8253][0.6416,0.1348,0][-0.372605,1.12636,-0.441149][-0.3152,0.7562,-0.5735][0.6294,0.1201,0][-0.166389,1.12749,-0.487279][-0.1003,0.7793,-0.6185][0.6353,0.0993,0][-0.166836,1.11488,0.00129116][0,0.9996,0.0270999][0.5875,0.0966,0][-1.55584e-007,1.11529,-0.014829][0,0.9996,0.0270999][0.5893,0.0789,0][-1.55584e-007,1.11529,-0.014829][0,0.9996,0.0270999][0.5893,0.0789,0][-1.55584e-007,1.12774,-0.496984][0,0.7855,-0.6188][0.6378,0.0818,0][-0.166389,1.12749,-0.487279][-0.1003,0.7793,-0.6185][0.6353,0.0993,0][0.574674,1.11426,0.0151597][0.5929,0.8052,0.0115999][0.5863,0.1461,0][0.509011,1.12139,-0.237449][0.5317,0.7908,-0.3031][0.6116,0.1383,0][0.166835,1.11488,0.00129116][0,0.9996,0.0270999][0.5875,0.0966,0][0.509011,1.12139,-0.237449][0.5317,0.7908,-0.3031][0.6116,0.1383,0][0.372605,1.12636,-0.441149][0.3152,0.7562,-0.5735][0.6294,0.1201,0][0.166835,1.11488,0.00129116][0,0.9996,0.0270999][0.5875,0.0966,0][0.372605,1.12636,-0.441149][0.3152,0.7562,-0.5735][0.6294,0.1201,0][0.166389,1.12749,-0.487279][0.1003,0.7793,-0.6185][0.6353,0.0993,0][0.166835,1.11488,0.00129116][0,0.9996,0.0270999][0.5875,0.0966,0][0.166724,1.10811,0.284259][0,0.9997,0.0260999][0.5598,0.0977,0][0.168286,1.10268,0.508937][0.0438,0.8088,0.5865][0.5381,0.1007,0][0.410646,1.10396,0.456561][0.3187,0.7782,0.5411][0.5458,0.1252,0][0.410646,1.10396,0.456561][0.3187,0.7782,0.5411][0.5458,0.1252,0][0.527157,1.10832,0.243522][0.5413,0.7821,0.3086][0.5634,0.141,0][0.166724,1.10811,0.284259][0,0.9997,0.0260999][0.5598,0.0977,0][0.166835,1.11488,0.00129116][0,0.9996,0.0270999][0.5875,0.0966,0][0.166724,1.10811,0.284259][0,0.9997,0.0260999][0.5598,0.0977,0][0.527157,1.10832,0.243522][0.5413,0.7821,0.3086][0.5634,0.141,0][0.527157,1.10832,0.243522][0.5413,0.7821,0.3086][0.5634,0.141,0][0.574674,1.11426,0.0151597][0.5929,0.8052,0.0115999][0.5863,0.1461,0][0.166835,1.11488,0.00129116][0,0.9996,0.0270999][0.5875,0.0966,0][-1.55584e-007,1.10796,0.29045][0,0.9997,0.0261999][0.5577,0.0802,0][-1.55584e-007,1.10257,0.514013][0,0.8075,0.5899][0.5349,0.0834,0][0.168286,1.10268,0.508937][0.0438,0.8088,0.5865][0.5381,0.1007,0][0.168286,1.10268,0.508937][0.0438,0.8088,0.5865][0.5381,0.1007,0][0.166724,1.10811,0.284259][0,0.9997,0.0260999][0.5598,0.0977,0][-1.55584e-007,1.10796,0.29045][0,0.9997,0.0261999][0.5577,0.0802,0][0.166835,1.11488,0.00129116][0,0.9996,0.0270999][0.5875,0.0966,0][-1.55584e-007,1.11529,-0.014829][0,0.9996,0.0270999][0.5893,0.0789,0][-1.55584e-007,1.10796,0.29045][0,0.9997,0.0261999][0.5577,0.0802,0][-1.55584e-007,1.10796,0.29045][0,0.9997,0.0261999][0.5577,0.0802,0][0.166724,1.10811,0.284259][0,0.9997,0.0260999][0.5598,0.0977,0][0.166835,1.11488,0.00129116][0,0.9996,0.0270999][0.5875,0.0966,0][0.377939,0.906864,0.512432][0.3814,0.4009,0.833][0.5305,0.1301,0][0.410646,1.10396,0.456561][0.3187,0.7782,0.5411][0.5458,0.1252,0][0.168286,1.10268,0.508937][0.0438,0.8088,0.5865][0.5381,0.1007,0][0.168286,1.10268,0.508937][0.0438,0.8088,0.5865][0.5381,0.1007,0][0.148449,0.906198,0.537395][0.065,0.3785,0.9233][0.5234,0.1036,0][0.377939,0.906864,0.512432][0.3814,0.4009,0.833][0.5305,0.1301,0][0.553402,0.942131,0.306931][0.7757,0.3626,0.5165][0.5543,0.1497,0][0.527157,1.10832,0.243522][0.5413,0.7821,0.3086][0.5634,0.141,0][0.410646,1.10396,0.456561][0.3187,0.7782,0.5411][0.5458,0.1252,0][0.410646,1.10396,0.456561][0.3187,0.7782,0.5411][0.5458,0.1252,0][0.377939,0.906864,0.512432][0.3814,0.4009,0.833][0.5305,0.1301,0][0.553402,0.942131,0.306931][0.7757,0.3626,0.5165][0.5543,0.1497,0][0.421254,0.877698,-0.453714][0.4865,0.2866,-0.8253][0.6416,0.1348,0][0.372605,1.12636,-0.441149][0.3152,0.7562,-0.5735][0.6294,0.1201,0][0.509011,1.12139,-0.237449][0.5317,0.7908,-0.3031][0.6116,0.1383,0][0.509011,1.12139,-0.237449][0.5317,0.7908,-0.3031][0.6116,0.1383,0][0.581082,0.931879,-0.25052][0.7991,0.3696,-0.4742][0.617,0.1522,0][0.421254,0.877698,-0.453714][0.4865,0.2866,-0.8253][0.6416,0.1348,0][0.166389,1.12749,-0.487279][0.1003,0.7793,-0.6185][0.6353,0.0993,0][0.195967,0.860474,-0.513791][0.1587,0.2352,-0.9589][0.6527,0.1087,0][0,0.844738,-0.5406][0,0.24,-0.9708][0.6587,0.0859,0][0,0.844738,-0.5406][0,0.24,-0.9708][0.6587,0.0859,0][-1.55584e-007,1.12774,-0.496984][0,0.7855,-0.6188][0.6378,0.0818,0][0.166389,1.12749,-0.487279][0.1003,0.7793,-0.6185][0.6353,0.0993,0][0.64936,0.990316,0.0262831][0.9115,0.4108,0.0201999][0.5859,0.1581,0][0.574674,1.11426,0.0151597][0.5929,0.8052,0.0115999][0.5863,0.1461,0][0.527157,1.10832,0.243522][0.5413,0.7821,0.3086][0.5634,0.141,0][0.527157,1.10832,0.243522][0.5413,0.7821,0.3086][0.5634,0.141,0][0.553402,0.942131,0.306931][0.7757,0.3626,0.5165][0.5543,0.1497,0][0.64936,0.990316,0.0262831][0.9115,0.4108,0.0201999][0.5859,0.1581,0][0.581082,0.931879,-0.25052][0.7991,0.3696,-0.4742][0.617,0.1522,0][0.509011,1.12139,-0.237449][0.5317,0.7908,-0.3031][0.6116,0.1383,0][0.574674,1.11426,0.0151597][0.5929,0.8052,0.0115999][0.5863,0.1461,0][0.574674,1.11426,0.0151597][0.5929,0.8052,0.0115999][0.5863,0.1461,0][0.64936,0.990316,0.0262831][0.9115,0.4108,0.0201999][0.5859,0.1581,0][0.581082,0.931879,-0.25052][0.7991,0.3696,-0.4742][0.617,0.1522,0][0.148449,0.906198,0.537395][0.065,0.3785,0.9233][0.5234,0.1036,0][0.168286,1.10268,0.508937][0.0438,0.8088,0.5865][0.5381,0.1007,0][-1.55584e-007,1.10257,0.514013][0,0.8075,0.5899][0.5349,0.0834,0][-1.55584e-007,1.10257,0.514013][0,0.8075,0.5899][0.5349,0.0834,0][0,0.906403,0.529348][0,0.3454,0.9384][0.5206,0.0865,0][0.148449,0.906198,0.537395][0.065,0.3785,0.9233][0.5234,0.1036,0][0.372605,1.12636,-0.441149][0.3152,0.7562,-0.5735][0.6294,0.1201,0][0.421254,0.877698,-0.453714][0.4865,0.2866,-0.8253][0.6416,0.1348,0][0.195967,0.860474,-0.513791][0.1587,0.2352,-0.9589][0.6527,0.1087,0][0.195967,0.860474,-0.513791][0.1587,0.2352,-0.9589][0.6527,0.1087,0][0.166389,1.12749,-0.487279][0.1003,0.7793,-0.6185][0.6353,0.0993,0][0.372605,1.12636,-0.441149][0.3152,0.7562,-0.5735][0.6294,0.1201,0][0.166389,1.12749,-0.487279][0.1003,0.7793,-0.6185][0.6353,0.0993,0][-1.55584e-007,1.12774,-0.496984][0,0.7855,-0.6188][0.6378,0.0818,0][-1.55584e-007,1.11529,-0.014829][0,0.9996,0.0270999][0.5893,0.0789,0][-1.55584e-007,1.11529,-0.014829][0,0.9996,0.0270999][0.5893,0.0789,0][0.166835,1.11488,0.00129116][0,0.9996,0.0270999][0.5875,0.0966,0][0.166389,1.12749,-0.487279][0.1003,0.7793,-0.6185][0.6353,0.0993,0]