version 1.01
834
[0.510511,0.663487,-0.364644][-0.339099,0.0456572,-0.939642][0.660043,0.234551,0][0.412422,0.649293,-0.344907][-0.191207,-0.0116955,-0.98148][0.651306,0.221697,0][0.360562,0.893798,-0.227749][-0.340567,0.690594,-0.638039][0.614702,0.239697,0][0.360562,0.893798,-0.227749][-0.340567,0.690594,-0.638039][0.614702,0.239697,0][0.5105,0.935146,-0.250218][-0.402929,0.666518,-0.627218][0.621428,0.261666,0][0.510511,0.663487,-0.364644][-0.339099,0.0456572,-0.939642][0.660043,0.234551,0][0.5105,0.353297,-0.227597][-0.424494,-0.673649,-0.60498][0.692469,0.192605,0][0.478348,0.370457,-0.204078][-0.465242,-0.725605,-0.506998][0.688427,0.187127,0][0.412422,0.649293,-0.344907][-0.191207,-0.0116955,-0.98148][0.651306,0.221697,0][0.412422,0.649293,-0.344907][-0.191207,-0.0116955,-0.98148][0.651306,0.221697,0][0.510511,0.663487,-0.364644][-0.339099,0.0456572,-0.939642][0.660043,0.234551,0][0.5105,0.353297,-0.227597][-0.424494,-0.673649,-0.60498][0.692469,0.192605,0][0.528794,0.284769,0.0674047][-0.557637,-0.828447,0.0521264][0.727558,0.164505,0][0.519648,0.291141,0.0707746][-0.557015,-0.828485,0.0578628][0.72649,0.163073,0][0.478348,0.370457,-0.204078][-0.465242,-0.725605,-0.506998][0.688427,0.187127,0][0.478348,0.370457,-0.204078][-0.465242,-0.725605,-0.506998][0.688427,0.187127,0][0.5105,0.353297,-0.227597][-0.424494,-0.673649,-0.60498][0.692469,0.192605,0][0.528794,0.284769,0.0674047][-0.557637,-0.828447,0.0521264][0.727558,0.164505,0][0.528987,0.347487,0.27842][-0.472714,-0.752732,0.458188][0.449309,0.185902,0][0.510491,0.360472,0.280316][-0.194431,-0.813682,0.54783][0.452184,0.183734,0][0.519648,0.291141,0.0707746][-0.557015,-0.828485,0.0578628][0.419009,0.171498,0][0.519648,0.291141,0.0707746][-0.557015,-0.828485,0.0578628][0.419009,0.171498,0][0.528794,0.284769,0.0674047][-0.557637,-0.828447,0.0521264][0.417556,0.172595,0][0.528987,0.347487,0.27842][-0.472714,-0.752732,0.458188][0.449309,0.185902,0][0.510495,0.663487,0.418954][-0.352103,0.00931764,0.935915][0.490893,0.222788,0][0.424774,0.650692,0.410011][-0.0329649,0.0651887,0.997328][0.499055,0.21167,0][0.478127,0.429208,0.351054][-0.259622,-0.508715,0.820857][0.467673,0.187674,0][0.478127,0.429208,0.351054][-0.259622,-0.508715,0.820857][0.467673,0.187674,0][0.510473,0.452492,0.379694][-0.377816,-0.391146,0.839202][0.468065,0.196002,0][0.510495,0.663487,0.418954][-0.352103,0.00931764,0.935915][0.490893,0.222788,0][0.510507,0.947994,0.316751][-0.435616,0.652264,0.620314][0.527949,0.255949,0][0.361614,0.904499,0.31915][-0.238508,0.696061,0.67721][0.535164,0.233676,0][0.424774,0.650692,0.410011][-0.0329649,0.0651887,0.997328][0.499055,0.21167,0][0.424774,0.650692,0.410011][-0.0329649,0.0651887,0.997328][0.499055,0.21167,0][0.510495,0.663487,0.418954][-0.352103,0.00931764,0.935915][0.490893,0.222788,0][0.510507,0.947994,0.316751][-0.435616,0.652264,0.620314][0.527949,0.255949,0][0.510487,1.0491,0.0271556][-0.319493,0.946858,-0.0372079][0.57499,0.269046,0][0.342329,0.985123,0.040726][-0.415183,0.909225,-0.0305391][0.575059,0.243223,0][0.361614,0.904499,0.31915][-0.238508,0.696061,0.67721][0.535164,0.233676,0][0.361614,0.904499,0.31915][-0.238508,0.696061,0.67721][0.535164,0.233676,0][0.510507,0.947994,0.316751][-0.435616,0.652264,0.620314][0.527949,0.255949,0][0.510487,1.0491,0.0271556][-0.319493,0.946858,-0.0372079][0.57499,0.269046,0][0.5105,0.935146,-0.250218][-0.402929,0.666518,-0.627218][0.621428,0.261666,0][0.360562,0.893798,-0.227749][-0.340567,0.690594,-0.638039][0.614702,0.239697,0][0.342329,0.985123,0.040726][-0.415183,0.909225,-0.0305391][0.575059,0.243223,0][0.342329,0.985123,0.040726][-0.415183,0.909225,-0.0305391][0.575059,0.243223,0][0.510487,1.0491,0.0271556][-0.319493,0.946858,-0.0372079][0.57499,0.269046,0][0.5105,0.935146,-0.250218][-0.402929,0.666518,-0.627218][0.621428,0.261666,0][0.341476,0.0533128,-0.0306515][0.83661,-0.131866,-0.53169][0.690487,0.112632,0][0.15708,0.148773,-0.167439][0.0874214,0.0603268,-0.994343][0.648202,0.11929,0][0.178375,0.22643,-0.194959][-0.177877,-0.447961,-0.876179][0.647732,0.13397,0][0.178375,0.22643,-0.194959][-0.177877,-0.447961,-0.876179][0.647732,0.13397,0][0.363834,0.128855,-0.0653192][0.557043,-0.594828,-0.579554][0.68735,0.126469,0][0.341476,0.0533128,-0.0306515][0.83661,-0.131866,-0.53169][0.690487,0.112632,0][0.341476,0.0533128,-0.0306515][0.83661,-0.131866,-0.53169][0.690487,0.112632,0][0.363834,0.128855,-0.0653192][0.557043,-0.594828,-0.579554][0.68735,0.126469,0][0.408519,0.0975957,0.139218][0.865169,-0.498987,-0.0499468][0.718772,0.118717,0][0.408519,0.0975957,0.139218][0.865169,-0.498987,-0.0499468][0.718772,0.118717,0][0.388822,0.0226426,0.169194][0.995665,-0.0883554,0.0290492][0.723005,0.108011,0][0.341476,0.0533128,-0.0306515][0.83661,-0.131866,-0.53169][0.690487,0.112632,0][0.351935,0.0400138,0.324147][0.825351,-0.0406034,0.563159][0.463729,0.112721,0][0.388822,0.0226426,0.169194][0.995665,-0.0883554,0.0290492][0.438711,0.112743,0][0.408519,0.0975957,0.139218][0.865169,-0.498987,-0.0499468][0.434887,0.124675,0][0.408519,0.0975957,0.139218][0.865169,-0.498987,-0.0499468][0.434887,0.124675,0][0.376102,0.114263,0.314695][0.696373,-0.469887,0.542467][0.463223,0.125395,0][0.351935,0.0400138,0.324147][0.825351,-0.0406034,0.563159][0.463729,0.112721,0][-0.0401424,0.340093,0.146042][-0.999816,0.0186036,0.00456086][0.572135,0.134198,0][0.0139896,0.313894,-0.0948158][-0.830865,-0.182749,-0.525611][0.612536,0.136304,0][-0.00935709,0.224221,-0.0650006][-0.732713,0.353735,-0.58138][0.610432,0.120475,0][-0.00935709,0.224221,-0.0650006][-0.732713,0.353735,-0.58138][0.610432,0.120475,0][-0.0677818,0.251724,0.178906][-0.865415,0.496098,0.0703112][0.567575,0.119731,0][-0.0401424,0.340093,0.146042][-0.999816,0.0186036,0.00456086][0.572135,0.134198,0][0.0139896,0.313894,-0.0948158][-0.830865,-0.182749,-0.525611][0.612536,0.136304,0][0.178375,0.22643,-0.194959][-0.177877,-0.447961,-0.876179][0.647732,0.13397,0][0.15708,0.148773,-0.167439][0.0874214,0.0603268,-0.994343][0.648202,0.11929,0][0.15708,0.148773,-0.167439][0.0874214,0.0603268,-0.994343][0.648202,0.11929,0][-0.00935709,0.224221,-0.0650006][-0.732713,0.353735,-0.58138][0.610432,0.120475,0][0.0139896,0.313894,-0.0948158][-0.830865,-0.182749,-0.525611][0.612536,0.136304,0][0.402437,0.281983,-0.0933902][0.704918,-0.425246,-0.567676][0.688339,0.155274,0][0.215073,0.382304,-0.219942][-0.0659087,-0.125064,-0.989957][0.646719,0.162737,0][0.246797,0.496212,-0.302033][-0.108852,-0.17733,-0.978113][0.644735,0.184748,0][0.246797,0.496212,-0.302033][-0.108852,-0.17733,-0.978113][0.644735,0.184748,0][0.439383,0.330788,-0.166565][0.613394,-0.483125,-0.624771][0.685563,0.171415,0][0.402437,0.281983,-0.0933902][0.704918,-0.425246,-0.567676][0.688339,0.155274,0][0.402437,0.281983,-0.0933902][0.704918,-0.425246,-0.567676][0.688339,0.155274,0][0.439383,0.330788,-0.166565][0.613394,-0.483125,-0.624771][0.685563,0.171415,0][0.490073,0.29756,0.0956103][0.984018,-0.171486,-0.0479729][0.720731,0.150131,0][0.490073,0.29756,0.0956103][0.984018,-0.171486,-0.0479729][0.720731,0.150131,0][0.447826,0.245411,0.119642][0.962344,-0.27124,-0.0179582][0.720316,0.141039,0][0.402437,0.281983,-0.0933902][0.704918,-0.425246,-0.567676][0.688339,0.155274,0][0.411959,0.26255,0.334256][0.792596,-0.167658,0.586245][0.466566,0.152256,0][0.447826,0.245411,0.119642][0.962344,-0.27124,-0.0179582][0.432589,0.14961,0][0.490073,0.29756,0.0956103][0.984018,-0.171486,-0.0479729][0.42792,0.158868,0][0.490073,0.29756,0.0956103][0.984018,-0.171486,-0.0479729][0.42792,0.158868,0][0.447407,0.329644,0.356285][0.794365,-0.15024,0.588569][0.467957,0.16544,0][0.411959,0.26255,0.334256][0.792596,-0.167658,0.586245][0.466566,0.152256,0][0.447407,0.329644,0.356285][0.794365,-0.15024,0.588569][0.467957,0.16544,0][0.280409,0.48116,0.457123][0.174408,0.122932,0.97697][0.503304,0.173944,0][0.231349,0.354107,0.434209][0.111049,0.118304,0.986748][0.502697,0.153452,0][0.231349,0.354107,0.434209][0.111049,0.118304,0.986748][0.502697,0.153452,0][0.411959,0.26255,0.334256][0.792596,-0.167658,0.586245][0.466566,0.152256,0][0.447407,0.329644,0.356285][0.794365,-0.15024,0.588569][0.467957,0.16544,0][0.280409,0.48116,0.457123][0.174408,0.122932,0.97697][0.503304,0.173944,0][0.0575831,0.657279,0.363317][-0.633673,0.398707,0.662942][0.541728,0.181672,0][0.0432281,0.459015,0.364944][-0.653992,0.287234,0.699851][0.537129,0.156737,0][0.0432281,0.459015,0.364944][-0.653992,0.287234,0.699851][0.537129,0.156737,0][0.231349,0.354107,0.434209][0.111049,0.118304,0.986748][0.502697,0.153452,0][0.280409,0.48116,0.457123][0.174408,0.122932,0.97697][0.503304,0.173944,0][0.0575831,0.657279,0.363317][-0.633673,0.398707,0.662942][0.541728,0.181672,0][0.00316989,0.699833,0.0967758][-0.889934,0.45608,0.00280186][0.574361,0.185527,0][-0.0152702,0.489969,0.123394][-0.9444,0.328786,0.00277][0.573922,0.158247,0][-0.0152702,0.489969,0.123394][-0.9444,0.328786,0.00277][0.573922,0.158247,0][0.0432281,0.459015,0.364944][-0.653992,0.287234,0.699851][0.537129,0.156737,0][0.0575831,0.657279,0.363317][-0.633673,0.398707,0.662942][0.541728,0.181672,0][0.00316989,0.699833,0.0967758][-0.889934,0.45608,0.00280186][0.574361,0.185527,0][0.0607747,0.657155,-0.179605][-0.739814,0.287543,-0.608272][0.608976,0.188742,0][0.0375891,0.46698,-0.116493][-0.786964,0.207165,-0.58118][0.610533,0.161765,0][0.0375891,0.46698,-0.116493][-0.786964,0.207165,-0.58118][0.610533,0.161765,0][-0.0152702,0.489969,0.123394][-0.9444,0.328786,0.00277][0.573922,0.158247,0][0.00316989,0.699833,0.0967758][-0.889934,0.45608,0.00280186][0.574361,0.185527,0][0.0607747,0.657155,-0.179605][-0.739814,0.287543,-0.608272][0.608976,0.188742,0][0.246797,0.496212,-0.302033][-0.108852,-0.17733,-0.978113][0.644735,0.184748,0][0.215073,0.382304,-0.219942][-0.0659087,-0.125064,-0.989957][0.646719,0.162737,0][0.215073,0.382304,-0.219942][-0.0659087,-0.125064,-0.989957][0.646719,0.162737,0][0.0375891,0.46698,-0.116493][-0.786964,0.207165,-0.58118][0.610533,0.161765,0][0.0607747,0.657155,-0.179605][-0.739814,0.287543,-0.608272][0.608976,0.188742,0][0.125992,0.0654478,-0.2151][0.0679106,0.0491342,-0.996481][0.647244,0.102967,0][0.15708,0.148773,-0.167439][0.0874214,0.0603268,-0.994343][0.648202,0.11929,0][0.341476,0.0533128,-0.0306515][0.83661,-0.131866,-0.53169][0.690487,0.112632,0][0.341476,0.0533128,-0.0306515][0.83661,-0.131866,-0.53169][0.690487,0.112632,0][0.345722,-0.0409608,-0.0540607][0.781588,-0.223401,-0.582419][0.69054,0.097306,0][0.125992,0.0654478,-0.2151][0.0679106,0.0491342,-0.996481][0.647244,0.102967,0][0.341476,0.0533128,-0.0306515][0.83661,-0.131866,-0.53169][0.690487,0.112632,0][0.388822,0.0226426,0.169194][0.995665,-0.0883554,0.0290492][0.723005,0.108011,0][0.392958,-0.0813637,0.164706][0.944768,-0.327727,0.00307305][0.724133,0.093057,0][0.392958,-0.0813637,0.164706][0.944768,-0.327727,0.00307305][0.724133,0.093057,0][0.345722,-0.0409608,-0.0540607][0.781588,-0.223401,-0.582419][0.69054,0.097306,0][0.341476,0.0533128,-0.0306515][0.83661,-0.131866,-0.53169][0.690487,0.112632,0][0.392958,-0.0813637,0.164706][0.944768,-0.327727,0.00307305][0.435315,0.096583,0][0.388822,0.0226426,0.169194][0.995665,-0.0883554,0.0290492][0.438711,0.112743,0][0.351935,0.0400138,0.324147][0.825351,-0.0406034,0.563159][0.463729,0.112721,0][0.351935,0.0400138,0.324147][0.825351,-0.0406034,0.563159][0.463729,0.112721,0][0.344148,-0.0676546,0.349902][0.741015,-0.291611,0.604864][0.463711,0.095754,0][0.392958,-0.0813637,0.164706][0.944768,-0.327727,0.00307305][0.435315,0.096583,0][0.159668,0.107581,0.458955][0.14272,0.206886,0.967899][0.501359,0.111432,0][0.12235,0.00445604,0.484424][-0.016809,-0.145464,0.989221][0.501544,0.095333,0][0.344148,-0.0676546,0.349902][0.741015,-0.291611,0.604864][0.463711,0.095754,0][0.344148,-0.0676546,0.349902][0.741015,-0.291611,0.604864][0.463711,0.095754,0][0.351935,0.0400138,0.324147][0.825351,-0.0406034,0.563159][0.463729,0.112721,0][0.159668,0.107581,0.458955][0.14272,0.206886,0.967899][0.501359,0.111432,0][-0.0151123,0.214068,0.359205][-0.572354,0.433469,0.696072][0.536277,0.117099,0][-0.0942199,0.118481,0.37569][-0.684198,0.258092,0.682101][0.538476,0.098761,0][0.12235,0.00445604,0.484424][-0.016809,-0.145464,0.989221][0.501544,0.095333,0][0.12235,0.00445604,0.484424][-0.016809,-0.145464,0.989221][0.501544,0.095333,0][0.159668,0.107581,0.458955][0.14272,0.206886,0.967899][0.501359,0.111432,0][-0.0151123,0.214068,0.359205][-0.572354,0.433469,0.696072][0.536277,0.117099,0][-0.00935709,0.224221,-0.0650006][-0.732713,0.353735,-0.58138][0.610432,0.120475,0][-0.0785111,0.134255,-0.0983889][-0.69803,0.337815,-0.631376][0.61132,0.101857,0][-0.153033,0.15137,0.178247][-0.911552,0.409634,0.035668][0.568145,0.099894,0][-0.153033,0.15137,0.178247][-0.911552,0.409634,0.035668][0.568145,0.099894,0][-0.0677818,0.251724,0.178906][-0.865415,0.496098,0.0703112][0.567575,0.119731,0][-0.00935709,0.224221,-0.0650006][-0.732713,0.353735,-0.58138][0.610432,0.120475,0][0.15708,0.148773,-0.167439][0.0874214,0.0603268,-0.994343][0.648202,0.11929,0][0.125992,0.0654478,-0.2151][0.0679106,0.0491342,-0.996481][0.647244,0.102967,0][-0.0785111,0.134255,-0.0983889][-0.69803,0.337815,-0.631376][0.61132,0.101857,0][-0.0785111,0.134255,-0.0983889][-0.69803,0.337815,-0.631376][0.61132,0.101857,0][-0.00935709,0.224221,-0.0650006][-0.732713,0.353735,-0.58138][0.610432,0.120475,0][0.15708,0.148773,-0.167439][0.0874214,0.0603268,-0.994343][0.648202,0.11929,0][0.434027,0.370028,-0.16764][0.252608,-0.604729,-0.755309][0.685497,0.177839,0][0.283701,0.567745,-0.285433][-0.23603,-0.0932873,-0.967258][0.644264,0.197094,0][0.323843,0.616803,-0.330436][-0.361669,-0.136806,-0.922215][0.645054,0.208931,0][0.323843,0.616803,-0.330436][-0.361669,-0.136806,-0.922215][0.645054,0.208931,0][0.459368,0.36729,-0.194508][-0.290389,-0.809747,-0.509887][0.686986,0.183873,0][0.434027,0.370028,-0.16764][0.252608,-0.604729,-0.755309][0.685497,0.177839,0][0.434027,0.370028,-0.16764][0.252608,-0.604729,-0.755309][0.685497,0.177839,0][0.459368,0.36729,-0.194508][-0.290389,-0.809747,-0.509887][0.686986,0.183873,0][0.510502,0.297513,0.0741439][-0.58681,-0.806814,0.0685873][0.725503,0.16167,0][0.510502,0.297513,0.0741439][-0.58681,-0.806814,0.0685873][0.725503,0.16167,0][0.473163,0.334381,0.0814108][0.546041,-0.837114,0.0328441][0.720612,0.1562,0][0.434027,0.370028,-0.16764][0.252608,-0.604729,-0.755309][0.685497,0.177839,0][0.483988,0.346879,0.265241][-0.14783,-0.931555,0.332191][0.451759,0.178828,0][0.464123,0.407134,0.33464][0.0580647,-0.571469,0.818566][0.466033,0.182632,0][0.439768,0.384622,0.321098][0.698557,-0.214485,0.682653][0.465468,0.17623,0][0.483988,0.346879,0.265241][-0.14783,-0.931555,0.332191][0.451759,0.178828,0][0.439768,0.384622,0.321098][0.698557,-0.214485,0.682653][0.465468,0.17623,0][0.473163,0.334381,0.0814108][0.546041,-0.837114,0.0328441][0.425619,0.164589,0][0.483988,0.346879,0.265241][-0.14783,-0.931555,0.332191][0.451759,0.178828,0][0.473163,0.334381,0.0814108][0.546041,-0.837114,0.0328441][0.425619,0.164589,0][0.510502,0.297513,0.0741439][-0.58681,-0.806814,0.0685873][0.420411,0.170352,0][0.464123,0.407134,0.33464][0.0580647,-0.571469,0.818566][0.466033,0.182632,0][0.34942,0.607861,0.417683][-0.0563012,-0.0200253,0.998213][0.503476,0.198714,0][0.309779,0.557347,0.404615][0.157333,0.15347,0.975548][0.503905,0.188411,0][0.309779,0.557347,0.404615][0.157333,0.15347,0.975548][0.503905,0.188411,0][0.439768,0.384622,0.321098][0.698557,-0.214485,0.682653][0.465468,0.17623,0][0.464123,0.407134,0.33464][0.0580647,-0.571469,0.818566][0.466033,0.182632,0][0.34942,0.607861,0.417683][-0.0563012,-0.0200253,0.998213][0.503476,0.198714,0][0.221249,0.835542,0.335257][-0.458219,0.577762,0.675446][0.539388,0.213105,0][0.149973,0.748244,0.323959][-0.522722,0.560355,0.642467][0.541363,0.198471,0][0.149973,0.748244,0.323959][-0.522722,0.560355,0.642467][0.541363,0.198471,0][0.309779,0.557347,0.404615][0.157333,0.15347,0.975548][0.503905,0.188411,0][0.34942,0.607861,0.417683][-0.0563012,-0.0200253,0.998213][0.503476,0.198714,0][0.221249,0.835542,0.335257][-0.458219,0.577762,0.675446][0.539388,0.213105,0][0.183793,0.895566,0.0563765][-0.654517,0.755771,-0.0204287][0.575431,0.219445,0][0.10969,0.795485,0.0739505][-0.742972,0.669292,-0.00632605][0.575024,0.203459,0][0.10969,0.795485,0.0739505][-0.742972,0.669292,-0.00632605][0.575024,0.203459,0][0.149973,0.748244,0.323959][-0.522722,0.560355,0.642467][0.541363,0.198471,0][0.221249,0.835542,0.335257][-0.458219,0.577762,0.675446][0.539388,0.213105,0][0.183793,0.895566,0.0563765][-0.654517,0.755771,-0.0204287][0.575431,0.219445,0][0.218966,0.826872,-0.214427][-0.57633,0.537409,-0.615658][0.611131,0.219279,0][0.150182,0.744068,-0.175976][-0.658832,0.469168,-0.588066][0.608919,0.204572,0][0.150182,0.744068,-0.175976][-0.658832,0.469168,-0.588066][0.608919,0.204572,0][0.10969,0.795485,0.0739505][-0.742972,0.669292,-0.00632605][0.575024,0.203459,0][0.183793,0.895566,0.0563765][-0.654517,0.755771,-0.0204287][0.575431,0.219445,0][0.218966,0.826872,-0.214427][-0.57633,0.537409,-0.615658][0.611131,0.219279,0][0.323843,0.616803,-0.330436][-0.361669,-0.136806,-0.922215][0.645054,0.208931,0][0.283701,0.567745,-0.285433][-0.23603,-0.0932873,-0.967258][0.644264,0.197094,0][0.283701,0.567745,-0.285433][-0.23603,-0.0932873,-0.967258][0.644264,0.197094,0][0.150182,0.744068,-0.175976][-0.658832,0.469168,-0.588066][0.608919,0.204572,0][0.218966,0.826872,-0.214427][-0.57633,0.537409,-0.615658][0.611131,0.219279,0][-0.28526,-0.589279,-0.146553][-0.0893953,-0.978659,-0.185029][0.826161,0.439899,0][-0.00332296,-0.506665,-0.348068][0.114839,-0.878947,-0.462887][0.852698,0.4468,0][0.00498378,-0.488257,-0.195052][0.133869,-0.976758,0.167402][0.855965,0.436645,0][0.00498378,-0.488257,-0.195052][0.133869,-0.976758,0.167402][0.855965,0.436645,0][-0.211777,-0.488257,-0.0773052][0.555911,-0.693375,0.458469][0.831161,0.426679,0][-0.28526,-0.589279,-0.146553][-0.0893953,-0.978659,-0.185029][0.826161,0.439899,0][-0.379512,-0.611539,0.0875234][-0.119385,-0.989563,-0.0806994][0.803909,0.433522,0][-0.28526,-0.589279,-0.146553][-0.0893953,-0.978659,-0.185029][0.826161,0.439899,0][-0.211777,-0.488257,-0.0773052][0.555911,-0.693375,0.458469][0.831161,0.426679,0][-0.211777,-0.488257,-0.0773052][0.555911,-0.693375,0.458469][0.831161,0.426679,0][-0.279113,-0.488257,0.0877309][0.780363,-0.622661,0.0576867][0.811606,0.418676,0][-0.379512,-0.611539,0.0875234][-0.119385,-0.989563,-0.0806994][0.803909,0.433522,0][-0.319857,-0.62582,0.34053][-0.103839,-0.986235,0.128675][0.778382,0.424613,0][-0.379512,-0.611539,0.0875234][-0.119385,-0.989563,-0.0806994][0.803909,0.433522,0][-0.279113,-0.488257,0.0877309][0.780363,-0.622661,0.0576867][0.811606,0.418676,0][-0.279113,-0.488257,0.0877309][0.780363,-0.622661,0.0576867][0.811606,0.418676,0][-0.237554,-0.488257,0.266197][0.583962,-0.63194,-0.509548][0.792484,0.40945,0][-0.319857,-0.62582,0.34053][-0.103839,-0.986235,0.128675][0.778382,0.424613,0][0.0475514,-0.598952,0.458888][0.0612244,-0.992649,0.104401][0.947354,0.433869,0][-0.319857,-0.62582,0.34053][-0.103839,-0.986235,0.128675][0.985037,0.420532,0][-0.237554,-0.488257,0.266197][0.583962,-0.63194,-0.509548][0.971395,0.405689,0][-0.237554,-0.488257,0.266197][0.583962,-0.63194,-0.509548][0.971395,0.405689,0][0.0192503,-0.488257,0.356493][0.00163648,-0.695504,-0.718521][0.943412,0.418704,0][0.0475514,-0.598952,0.458888][0.0612244,-0.992649,0.104401][0.947354,0.433869,0][0.311206,-0.565528,0.309595][0.192029,-0.981383,0.00353986][0.920592,0.441133,0][0.0475514,-0.598952,0.458888][0.0612244,-0.992649,0.104401][0.947354,0.433869,0][0.0192503,-0.488257,0.356493][0.00163648,-0.695504,-0.718521][0.943412,0.418704,0][0.0192503,-0.488257,0.356493][0.00163648,-0.695504,-0.718521][0.943412,0.418704,0][0.215294,-0.488257,0.243809][-0.496921,-0.830649,-0.251181][0.91704,0.427338,0][0.311206,-0.565528,0.309595][0.192029,-0.981383,0.00353986][0.920592,0.441133,0][0.211433,-0.488257,0.112663][-0.507692,-0.857376,-0.084589][0.900339,0.429032,0][0.31409,-0.550435,0.118645][0.0374971,-0.99097,-0.128736][0.903259,0.441694,0][0.311206,-0.565528,0.309595][0.192029,-0.981383,0.00353986][0.920592,0.441133,0][0.311206,-0.565528,0.309595][0.192029,-0.981383,0.00353986][0.920592,0.441133,0][0.215294,-0.488257,0.243809][-0.496921,-0.830649,-0.251181][0.91704,0.427338,0][0.211433,-0.488257,0.112663][-0.507692,-0.857376,-0.084589][0.900339,0.429032,0][0.00498378,-0.488257,-0.195052][0.133869,-0.976758,0.167402][0.855965,0.436645,0][-0.00332296,-0.506665,-0.348068][0.114839,-0.878947,-0.462887][0.852698,0.4468,0][0.302652,-0.500698,-0.128785][0.273539,-0.938081,-0.212559][0.885139,0.446304,0][0.302652,-0.500698,-0.128785][0.273539,-0.938081,-0.212559][0.885139,0.446304,0][0.224069,-0.488257,-0.0171367][-0.136072,-0.990591,0.014608][0.8854,0.435311,0][0.00498378,-0.488257,-0.195052][0.133869,-0.976758,0.167402][0.855965,0.436645,0][0.302652,-0.500698,-0.128785][0.273539,-0.938081,-0.212559][0.885139,0.446304,0][0.31409,-0.550435,0.118645][0.0374971,-0.99097,-0.128736][0.903259,0.441694,0][0.211433,-0.488257,0.112663][-0.507692,-0.857376,-0.084589][0.900339,0.429032,0][0.211433,-0.488257,0.112663][-0.507692,-0.857376,-0.084589][0.900339,0.429032,0][0.224069,-0.488257,-0.0171367][-0.136072,-0.990591,0.014608][0.8854,0.435311,0][0.302652,-0.500698,-0.128785][0.273539,-0.938081,-0.212559][0.885139,0.446304,0][0.0164622,0.302068,0.349854][-0.799521,-0.0332624,0.599717][0.537159,0.131623,0][-0.0401424,0.340093,0.146042][-0.999816,0.0186036,0.00456086][0.572135,0.134198,0][-0.0677818,0.251724,0.178906][-0.865415,0.496098,0.0703112][0.567575,0.119731,0][-0.0677818,0.251724,0.178906][-0.865415,0.496098,0.0703112][0.567575,0.119731,0][-0.0151123,0.214068,0.359205][-0.572354,0.433469,0.696072][0.536277,0.117099,0][0.0164622,0.302068,0.349854][-0.799521,-0.0332624,0.599717][0.537159,0.131623,0][-0.0677818,0.251724,0.178906][-0.865415,0.496098,0.0703112][0.567575,0.119731,0][-0.153033,0.15137,0.178247][-0.911552,0.409634,0.035668][0.568145,0.099894,0][-0.0942199,0.118481,0.37569][-0.684198,0.258092,0.682101][0.538476,0.098761,0][-0.0942199,0.118481,0.37569][-0.684198,0.258092,0.682101][0.538476,0.098761,0][-0.0151123,0.214068,0.359205][-0.572354,0.433469,0.696072][0.536277,0.117099,0][-0.0677818,0.251724,0.178906][-0.865415,0.496098,0.0703112][0.567575,0.119731,0][-0.0585696,0.427253,0.138206][-0.976775,0.212402,0.0282262][0.572651,0.147251,0][-0.0401424,0.340093,0.146042][-0.999816,0.0186036,0.00456086][0.572135,0.134198,0][0.0164622,0.302068,0.349854][-0.799521,-0.0332624,0.599717][0.537159,0.131623,0][0.0164622,0.302068,0.349854][-0.799521,-0.0332624,0.599717][0.537159,0.131623,0][0.00656009,0.387979,0.389305][-0.710113,0.136701,0.690689][0.535968,0.145133,0][-0.0585696,0.427253,0.138206][-0.976775,0.212402,0.0282262][0.572651,0.147251,0][0.00206041,0.399302,-0.134082][-0.781801,0.112452,-0.613304][0.612765,0.150519,0][0.0139896,0.313894,-0.0948158][-0.830865,-0.182749,-0.525611][0.612536,0.136304,0][-0.0401424,0.340093,0.146042][-0.999816,0.0186036,0.00456086][0.572135,0.134198,0][-0.0401424,0.340093,0.146042][-0.999816,0.0186036,0.00456086][0.572135,0.134198,0][-0.0585696,0.427253,0.138206][-0.976775,0.212402,0.0282262][0.572651,0.147251,0][0.00206041,0.399302,-0.134082][-0.781801,0.112452,-0.613304][0.612765,0.150519,0][0.195281,0.301732,-0.249284][-0.0260119,-0.120347,-0.992391][0.647106,0.148836,0][0.178375,0.22643,-0.194959][-0.177877,-0.447961,-0.876179][0.647732,0.13397,0][0.0139896,0.313894,-0.0948158][-0.830865,-0.182749,-0.525611][0.612536,0.136304,0][0.0139896,0.313894,-0.0948158][-0.830865,-0.182749,-0.525611][0.612536,0.136304,0][0.00206041,0.399302,-0.134082][-0.781801,0.112452,-0.613304][0.612765,0.150519,0][0.195281,0.301732,-0.249284][-0.0260119,-0.120347,-0.992391][0.647106,0.148836,0][0.178375,0.22643,-0.194959][-0.177877,-0.447961,-0.876179][0.647732,0.13397,0][0.195281,0.301732,-0.249284][-0.0260119,-0.120347,-0.992391][0.647106,0.148836,0][0.406364,0.189739,-0.104104][0.726863,-0.326926,-0.603978][0.686959,0.139901,0][0.406364,0.189739,-0.104104][0.726863,-0.326926,-0.603978][0.686959,0.139901,0][0.363834,0.128855,-0.0653192][0.557043,-0.594828,-0.579554][0.68735,0.126469,0][0.178375,0.22643,-0.194959][-0.177877,-0.447961,-0.876179][0.647732,0.13397,0][0.408519,0.0975957,0.139218][0.865169,-0.498987,-0.0499468][0.718772,0.118717,0][0.363834,0.128855,-0.0653192][0.557043,-0.594828,-0.579554][0.68735,0.126469,0][0.406364,0.189739,-0.104104][0.726863,-0.326926,-0.603978][0.686959,0.139901,0][0.406364,0.189739,-0.104104][0.726863,-0.326926,-0.603978][0.686959,0.139901,0][0.457354,0.151483,0.132125][0.944128,-0.328213,-0.029968][0.72051,0.12834,0][0.408519,0.0975957,0.139218][0.865169,-0.498987,-0.0499468][0.718772,0.118717,0][0.408519,0.0975957,0.139218][0.865169,-0.498987,-0.0499468][0.434887,0.124675,0][0.457354,0.151483,0.132125][0.944128,-0.328213,-0.029968][0.433144,0.135549,0][0.418786,0.170613,0.351882][0.728838,-0.312546,0.609188][0.465499,0.1375,0][0.418786,0.170613,0.351882][0.728838,-0.312546,0.609188][0.465499,0.1375,0][0.376102,0.114263,0.314695][0.696373,-0.469887,0.542467][0.463223,0.125395,0][0.408519,0.0975957,0.139218][0.865169,-0.498987,-0.0499468][0.434887,0.124675,0][0.187718,0.202421,0.433415][-0.0195248,-0.1627,0.986482][0.501962,0.127049,0][0.0164622,0.302068,0.349854][-0.799521,-0.0332624,0.599717][0.537159,0.131623,0][-0.0151123,0.214068,0.359205][-0.572354,0.433469,0.696072][0.536277,0.117099,0][-0.0151123,0.214068,0.359205][-0.572354,0.433469,0.696072][0.536277,0.117099,0][0.159668,0.107581,0.458955][0.14272,0.206886,0.967899][0.501359,0.111432,0][0.187718,0.202421,0.433415][-0.0195248,-0.1627,0.986482][0.501962,0.127049,0][0.376102,0.114263,0.314695][0.696373,-0.469887,0.542467][0.463223,0.125395,0][0.187718,0.202421,0.433415][-0.0195248,-0.1627,0.986482][0.501962,0.127049,0][0.159668,0.107581,0.458955][0.14272,0.206886,0.967899][0.501359,0.111432,0][0.159668,0.107581,0.458955][0.14272,0.206886,0.967899][0.501359,0.111432,0][0.351935,0.0400138,0.324147][0.825351,-0.0406034,0.563159][0.463729,0.112721,0][0.376102,0.114263,0.314695][0.696373,-0.469887,0.542467][0.463223,0.125395,0][-0.13478,-0.0478687,-0.0953008][-0.646558,0.48829,-0.586118][0.610755,0.071644,0][0.0730195,-0.0909281,-0.206492][0.143456,0.304141,-0.941763][0.647345,0.075699,0][0.0526563,-0.153406,-0.241599][0.0942445,0.162499,-0.982198][0.647049,0.064819,0][0.0526563,-0.153406,-0.241599][0.0942445,0.162499,-0.982198][0.647049,0.064819,0][-0.177928,-0.114036,-0.119572][-0.68737,0.363844,-0.628601][0.611407,0.059266,0][-0.13478,-0.0478687,-0.0953008][-0.646558,0.48829,-0.586118][0.610755,0.071644,0][-0.212875,-0.0451684,0.154805][-0.860233,0.509704,0.0142245][0.570986,0.068465,0][-0.13478,-0.0478687,-0.0953008][-0.646558,0.48829,-0.586118][0.610755,0.071644,0][-0.177928,-0.114036,-0.119572][-0.68737,0.363844,-0.628601][0.611407,0.059266,0][-0.177928,-0.114036,-0.119572][-0.68737,0.363844,-0.628601][0.611407,0.059266,0][-0.265095,-0.114288,0.146562][-0.914432,0.404726,0.00334151][0.571676,0.055466,0][-0.212875,-0.0451684,0.154805][-0.860233,0.509704,0.0142245][0.570986,0.068465,0][-0.159365,-0.0677695,0.346051][-0.623599,0.413495,0.663435][0.540586,0.06871,0][-0.212875,-0.0451684,0.154805][-0.860233,0.509704,0.0142245][0.570986,0.068465,0][-0.265095,-0.114288,0.146562][-0.914432,0.404726,0.00334151][0.571676,0.055466,0][-0.265095,-0.114288,0.146562][-0.914432,0.404726,0.00334151][0.571676,0.055466,0][-0.207547,-0.137385,0.361732][-0.667772,0.285927,0.68726][0.540966,0.056346,0][-0.159365,-0.0677695,0.346051][-0.623599,0.413495,0.663435][0.540586,0.06871,0][0.0805784,-0.15338,0.44516][0.107955,0.178132,0.978067][0.499496,0.069721,0][-0.159365,-0.0677695,0.346051][-0.623599,0.413495,0.663435][0.540586,0.06871,0][-0.207547,-0.137385,0.361732][-0.667772,0.285927,0.68726][0.540966,0.056346,0][-0.207547,-0.137385,0.361732][-0.667772,0.285927,0.68726][0.540966,0.056346,0][0.0708717,-0.219129,0.469534][0.0729535,0.0020283,0.997333][0.497908,0.059632,0][0.0805784,-0.15338,0.44516][0.107955,0.178132,0.978067][0.499496,0.069721,0][0.291817,-0.202576,0.329278][0.80213,0.0768822,0.59218][0.462174,0.072555,0][0.0805784,-0.15338,0.44516][0.107955,0.178132,0.978067][0.499496,0.069721,0][0.0708717,-0.219129,0.469534][0.0729535,0.0020283,0.997333][0.497908,0.059632,0][0.0708717,-0.219129,0.469534][0.0729535,0.0020283,0.997333][0.497908,0.059632,0][0.301544,-0.262246,0.342746][0.787787,-0.105517,0.606843][0.461274,0.063443,0][0.291817,-0.202576,0.329278][0.80213,0.0768822,0.59218][0.462174,0.072555,0][0.345166,-0.266825,0.146545][0.985196,-0.171293,0.00681518][0.431922,0.063892,0][0.335656,-0.208683,0.149389][0.99976,-0.00245423,0.0217943][0.433253,0.073338,0][0.291817,-0.202576,0.329278][0.80213,0.0768822,0.59218][0.462174,0.072555,0][0.291817,-0.202576,0.329278][0.80213,0.0768822,0.59218][0.462174,0.072555,0][0.301544,-0.262246,0.342746][0.787787,-0.105517,0.606843][0.461274,0.063443,0][0.345166,-0.266825,0.146545][0.985196,-0.171293,0.00681518][0.431922,0.063892,0][0.335656,-0.208683,0.149389][0.99976,-0.00245423,0.0217943][0.72248,0.071469,0][0.345166,-0.266825,0.146545][0.985196,-0.171293,0.00681518][0.723451,0.062317,0][0.299866,-0.229674,-0.0721084][0.825192,-0.0572416,-0.561944][0.690233,0.065429,0][0.299866,-0.229674,-0.0721084][0.825192,-0.0572416,-0.561944][0.690233,0.065429,0][0.294524,-0.171837,-0.0512393][0.84483,0.0884375,-0.527675][0.690444,0.074607,0][0.335656,-0.208683,0.149389][0.99976,-0.00245423,0.0217943][0.72248,0.071469,0][0.0526563,-0.153406,-0.241599][0.0942445,0.162499,-0.982198][0.647049,0.064819,0][0.0730195,-0.0909281,-0.206492][0.143456,0.304141,-0.941763][0.647345,0.075699,0][0.294524,-0.171837,-0.0512393][0.84483,0.0884375,-0.527675][0.690444,0.074607,0][0.294524,-0.171837,-0.0512393][0.84483,0.0884375,-0.527675][0.690444,0.074607,0][0.299866,-0.229674,-0.0721084][0.825192,-0.0572416,-0.561944][0.690233,0.065429,0][0.0526563,-0.153406,-0.241599][0.0942445,0.162499,-0.982198][0.647049,0.064819,0][0.00656009,0.387979,0.389305][-0.710113,0.136701,0.690689][0.535968,0.145133,0][0.0164622,0.302068,0.349854][-0.799521,-0.0332624,0.599717][0.537159,0.131623,0][0.187718,0.202421,0.433415][-0.0195248,-0.1627,0.986482][0.501962,0.127049,0][0.187718,0.202421,0.433415][-0.0195248,-0.1627,0.986482][0.501962,0.127049,0][0.209584,0.27229,0.476279][0.040277,-0.0610381,0.997322][0.502495,0.139548,0][0.00656009,0.387979,0.389305][-0.710113,0.136701,0.690689][0.535968,0.145133,0][0.209584,0.27229,0.476279][0.040277,-0.0610381,0.997322][0.502495,0.139548,0][0.187718,0.202421,0.433415][-0.0195248,-0.1627,0.986482][0.501962,0.127049,0][0.376102,0.114263,0.314695][0.696373,-0.469887,0.542467][0.463223,0.125395,0][0.376102,0.114263,0.314695][0.696373,-0.469887,0.542467][0.463223,0.125395,0][0.418786,0.170613,0.351882][0.728838,-0.312546,0.609188][0.465499,0.1375,0][0.209584,0.27229,0.476279][0.040277,-0.0610381,0.997322][0.502495,0.139548,0][0.0290006,-0.226257,-0.232971][-0.0197048,-0.284412,-0.9585][0.647162,0.053666,0][0.0526563,-0.153406,-0.241599][0.0942445,0.162499,-0.982198][0.647049,0.064819,0][0.299866,-0.229674,-0.0721084][0.825192,-0.0572416,-0.561944][0.690233,0.065429,0][0.299866,-0.229674,-0.0721084][0.825192,-0.0572416,-0.561944][0.690233,0.065429,0][0.273267,-0.287269,-0.0704869][0.649737,-0.51131,-0.562498][0.689804,0.056047,0][0.0290006,-0.226257,-0.232971][-0.0197048,-0.284412,-0.9585][0.647162,0.053666,0][0.345166,-0.266825,0.146545][0.985196,-0.171293,0.00681518][0.723451,0.062317,0][0.317186,-0.319088,0.138663][0.783585,-0.619591,-0.045846][0.721921,0.053016,0][0.273267,-0.287269,-0.0704869][0.649737,-0.51131,-0.562498][0.689804,0.056047,0][0.273267,-0.287269,-0.0704869][0.649737,-0.51131,-0.562498][0.689804,0.056047,0][0.299866,-0.229674,-0.0721084][0.825192,-0.0572416,-0.561944][0.690233,0.065429,0][0.345166,-0.266825,0.146545][0.985196,-0.171293,0.00681518][0.723451,0.062317,0][0.317186,-0.319088,0.138663][0.783585,-0.619591,-0.045846][0.431811,0.054165,0][0.345166,-0.266825,0.146545][0.985196,-0.171293,0.00681518][0.431922,0.063892,0][0.301544,-0.262246,0.342746][0.787787,-0.105517,0.606843][0.461274,0.063443,0][0.301544,-0.262246,0.342746][0.787787,-0.105517,0.606843][0.461274,0.063443,0][0.280604,-0.317276,0.326523][0.631208,-0.591515,0.501684][0.46014,0.054601,0][0.317186,-0.319088,0.138663][0.783585,-0.619591,-0.045846][0.431811,0.054165,0][0.280604,-0.317276,0.326523][0.631208,-0.591515,0.501684][0.46014,0.054601,0][0.301544,-0.262246,0.342746][0.787787,-0.105517,0.606843][0.461274,0.063443,0][0.0708717,-0.219129,0.469534][0.0729535,0.0020283,0.997333][0.497908,0.059632,0][0.0708717,-0.219129,0.469534][0.0729535,0.0020283,0.997333][0.497908,0.059632,0][0.0587683,-0.286219,0.448412][-0.00553724,-0.453753,0.89111][0.496395,0.049468,0][0.280604,-0.317276,0.326523][0.631208,-0.591515,0.501684][0.46014,0.054601,0][0.0587683,-0.286219,0.448412][-0.00553724,-0.453753,0.89111][0.496395,0.049468,0][0.0708717,-0.219129,0.469534][0.0729535,0.0020283,0.997333][0.497908,0.059632,0][-0.207547,-0.137385,0.361732][-0.667772,0.285927,0.68726][0.540966,0.056346,0][-0.207547,-0.137385,0.361732][-0.667772,0.285927,0.68726][0.540966,0.056346,0][-0.228481,-0.22233,0.345559][-0.755622,-0.11565,0.644717][0.541336,0.043639,0][0.0587683,-0.286219,0.448412][-0.00553724,-0.453753,0.89111][0.496395,0.049468,0][-0.228481,-0.22233,0.345559][-0.755622,-0.11565,0.644717][0.541336,0.043639,0][-0.207547,-0.137385,0.361732][-0.667772,0.285927,0.68726][0.540966,0.056346,0][-0.265095,-0.114288,0.146562][-0.914432,0.404726,0.00334151][0.571676,0.055466,0][-0.265095,-0.114288,0.146562][-0.914432,0.404726,0.00334151][0.571676,0.055466,0][-0.28257,-0.202137,0.131399][-0.998484,0.0357213,-0.0418886][0.57326,0.042044,0][-0.228481,-0.22233,0.345559][-0.755622,-0.11565,0.644717][0.541336,0.043639,0][-0.28257,-0.202137,0.131399][-0.998484,0.0357213,-0.0418886][0.57326,0.042044,0][-0.265095,-0.114288,0.146562][-0.914432,0.404726,0.00334151][0.571676,0.055466,0][-0.177928,-0.114036,-0.119572][-0.68737,0.363844,-0.628601][0.611407,0.059266,0][-0.177928,-0.114036,-0.119572][-0.68737,0.363844,-0.628601][0.611407,0.059266,0][-0.196656,-0.197941,-0.115201][-0.758276,-0.0350033,-0.650993][0.611567,0.046524,0][-0.28257,-0.202137,0.131399][-0.998484,0.0357213,-0.0418886][0.57326,0.042044,0][-0.196656,-0.197941,-0.115201][-0.758276,-0.0350033,-0.650993][0.611567,0.046524,0][-0.177928,-0.114036,-0.119572][-0.68737,0.363844,-0.628601][0.611407,0.059266,0][0.0526563,-0.153406,-0.241599][0.0942445,0.162499,-0.982198][0.647049,0.064819,0][0.0526563,-0.153406,-0.241599][0.0942445,0.162499,-0.982198][0.647049,0.064819,0][0.0290006,-0.226257,-0.232971][-0.0197048,-0.284412,-0.9585][0.647162,0.053666,0][-0.196656,-0.197941,-0.115201][-0.758276,-0.0350033,-0.650993][0.611567,0.046524,0][-0.00506973,-0.329516,-0.195852][0.0781606,0.714467,-0.695289][0.647414,0.035592,0][0.00507414,-0.29958,-0.191651][0.0104638,-0.220868,-0.975248][0.647588,0.040609,0][0.222974,-0.34001,-0.0515726][0.709314,-0.393476,-0.58485][0.688972,0.044676,0][0.222974,-0.34001,-0.0515726][0.709314,-0.393476,-0.58485][0.688972,0.044676,0][0.220794,-0.363071,-0.0553412][0.664047,0.643194,-0.38124][0.688941,0.041021,0][-0.00506973,-0.329516,-0.195852][0.0781606,0.714467,-0.695289][0.647414,0.035592,0][0.261332,-0.363626,0.12827][0.880172,-0.471516,-0.0545031][0.718375,0.042138,0][0.259561,-0.38449,0.12478][0.83183,0.555021,0.00340355][0.717884,0.038871,0][0.220794,-0.363071,-0.0553412][0.664047,0.643194,-0.38124][0.688941,0.041021,0][0.220794,-0.363071,-0.0553412][0.664047,0.643194,-0.38124][0.688941,0.041021,0][0.222974,-0.34001,-0.0515726][0.709314,-0.393476,-0.58485][0.688972,0.044676,0][0.261332,-0.363626,0.12827][0.880172,-0.471516,-0.0545031][0.718375,0.042138,0][0.259561,-0.38449,0.12478][0.83183,0.555021,0.00340355][0.432128,0.039445,0][0.261332,-0.363626,0.12827][0.880172,-0.471516,-0.0545031][0.432483,0.042736,0][0.235057,-0.364655,0.289995][0.683818,-0.501267,0.530212][0.459085,0.043367,0][0.235057,-0.364655,0.289995][0.683818,-0.501267,0.530212][0.459085,0.043367,0][0.236333,-0.387066,0.286868][0.649254,0.636859,0.415788][0.458186,0.039936,0][0.259561,-0.38449,0.12478][0.83183,0.555021,0.00340355][0.432128,0.039445,0][0.236333,-0.387066,0.286868][0.649254,0.636859,0.415788][0.458186,0.039936,0][0.235057,-0.364655,0.289995][0.683818,-0.501267,0.530212][0.459085,0.043367,0][0.0431092,-0.348213,0.395422][0.0160973,-0.418616,0.908021][0.494967,0.037083,0][0.0431092,-0.348213,0.395422][0.0160973,-0.418616,0.908021][0.494967,0.037083,0][0.0404353,-0.376487,0.392825][0.107502,0.554508,0.825205][0.494089,0.032691,0][0.236333,-0.387066,0.286868][0.649254,0.636859,0.415788][0.458186,0.039936,0][0.0404353,-0.376487,0.392825][0.107502,0.554508,0.825205][0.494089,0.032691,0][0.0431092,-0.348213,0.395422][0.0160973,-0.418616,0.908021][0.494967,0.037083,0][-0.224981,-0.307687,0.307245][-0.745641,-0.0509938,0.664394][0.541634,0.029531,0][-0.224981,-0.307687,0.307245][-0.745641,-0.0509938,0.664394][0.541634,0.029531,0][-0.240639,-0.344487,0.304669][-0.471866,0.710343,0.52226][0.542216,0.023162,0][0.0404353,-0.376487,0.392825][0.107502,0.554508,0.825205][0.494089,0.032691,0][-0.240639,-0.344487,0.304669][-0.471866,0.710343,0.52226][0.542216,0.023162,0][-0.224981,-0.307687,0.307245][-0.745641,-0.0509938,0.664394][0.541634,0.029531,0][-0.270525,-0.292238,0.114689][-0.988448,0.140653,-0.0564526][0.575498,0.028082,0][-0.270525,-0.292238,0.114689][-0.988448,0.140653,-0.0564526][0.575498,0.028082,0][-0.285681,-0.330154,0.106806][-0.676875,0.735976,-0.0134268][0.576451,0.021565,0][-0.240639,-0.344487,0.304669][-0.471866,0.710343,0.52226][0.542216,0.023162,0][-0.285681,-0.330154,0.106806][-0.676875,0.735976,-0.0134268][0.576451,0.021565,0][-0.270525,-0.292238,0.114689][-0.988448,0.140653,-0.0564526][0.575498,0.028082,0][-0.194095,-0.284645,-0.0893285][-0.750928,0.0622,-0.657449][0.611331,0.032661,0][-0.194095,-0.284645,-0.0893285][-0.750928,0.0622,-0.657449][0.611331,0.032661,0][-0.207603,-0.320172,-0.092743][-0.505409,0.744762,-0.435765][0.611446,0.026626,0][-0.285681,-0.330154,0.106806][-0.676875,0.735976,-0.0134268][0.576451,0.021565,0][-0.207603,-0.320172,-0.092743][-0.505409,0.744762,-0.435765][0.611446,0.026626,0][-0.194095,-0.284645,-0.0893285][-0.750928,0.0622,-0.657449][0.611331,0.032661,0][0.00507414,-0.29958,-0.191651][0.0104638,-0.220868,-0.975248][0.647588,0.040609,0][0.00507414,-0.29958,-0.191651][0.0104638,-0.220868,-0.975248][0.647588,0.040609,0][-0.00506973,-0.329516,-0.195852][0.0781606,0.714467,-0.695289][0.647414,0.035592,0][-0.207603,-0.320172,-0.092743][-0.505409,0.744762,-0.435765][0.611446,0.026626,0][0.218966,0.826872,-0.214427][-0.57633,0.537409,-0.615658][0.611131,0.219279,0][0.360562,0.893798,-0.227749][-0.340567,0.690594,-0.638039][0.614702,0.239697,0][0.412422,0.649293,-0.344907][-0.191207,-0.0116955,-0.98148][0.651306,0.221697,0][0.412422,0.649293,-0.344907][-0.191207,-0.0116955,-0.98148][0.651306,0.221697,0][0.323843,0.616803,-0.330436][-0.361669,-0.136806,-0.922215][0.645054,0.208931,0][0.218966,0.826872,-0.214427][-0.57633,0.537409,-0.615658][0.611131,0.219279,0][0.412422,0.649293,-0.344907][-0.191207,-0.0116955,-0.98148][0.651306,0.221697,0][0.478348,0.370457,-0.204078][-0.465242,-0.725605,-0.506998][0.688427,0.187127,0][0.459368,0.36729,-0.194508][-0.290389,-0.809747,-0.509887][0.686986,0.183873,0][0.459368,0.36729,-0.194508][-0.290389,-0.809747,-0.509887][0.686986,0.183873,0][0.323843,0.616803,-0.330436][-0.361669,-0.136806,-0.922215][0.645054,0.208931,0][0.412422,0.649293,-0.344907][-0.191207,-0.0116955,-0.98148][0.651306,0.221697,0][0.464123,0.407134,0.33464][0.0580647,-0.571469,0.818566][0.466033,0.182632,0][0.478127,0.429208,0.351054][-0.259622,-0.508715,0.820857][0.467673,0.187674,0][0.424774,0.650692,0.410011][-0.0329649,0.0651887,0.997328][0.499055,0.21167,0][0.424774,0.650692,0.410011][-0.0329649,0.0651887,0.997328][0.499055,0.21167,0][0.34942,0.607861,0.417683][-0.0563012,-0.0200253,0.998213][0.503476,0.198714,0][0.464123,0.407134,0.33464][0.0580647,-0.571469,0.818566][0.466033,0.182632,0][0.34942,0.607861,0.417683][-0.0563012,-0.0200253,0.998213][0.503476,0.198714,0][0.424774,0.650692,0.410011][-0.0329649,0.0651887,0.997328][0.499055,0.21167,0][0.361614,0.904499,0.31915][-0.238508,0.696061,0.67721][0.535164,0.233676,0][0.361614,0.904499,0.31915][-0.238508,0.696061,0.67721][0.535164,0.233676,0][0.221249,0.835542,0.335257][-0.458219,0.577762,0.675446][0.539388,0.213105,0][0.34942,0.607861,0.417683][-0.0563012,-0.0200253,0.998213][0.503476,0.198714,0][0.221249,0.835542,0.335257][-0.458219,0.577762,0.675446][0.539388,0.213105,0][0.361614,0.904499,0.31915][-0.238508,0.696061,0.67721][0.535164,0.233676,0][0.342329,0.985123,0.040726][-0.415183,0.909225,-0.0305391][0.575059,0.243223,0][0.342329,0.985123,0.040726][-0.415183,0.909225,-0.0305391][0.575059,0.243223,0][0.183793,0.895566,0.0563765][-0.654517,0.755771,-0.0204287][0.575431,0.219445,0][0.221249,0.835542,0.335257][-0.458219,0.577762,0.675446][0.539388,0.213105,0][0.183793,0.895566,0.0563765][-0.654517,0.755771,-0.0204287][0.575431,0.219445,0][0.342329,0.985123,0.040726][-0.415183,0.909225,-0.0305391][0.575059,0.243223,0][0.360562,0.893798,-0.227749][-0.340567,0.690594,-0.638039][0.614702,0.239697,0][0.360562,0.893798,-0.227749][-0.340567,0.690594,-0.638039][0.614702,0.239697,0][0.218966,0.826872,-0.214427][-0.57633,0.537409,-0.615658][0.611131,0.219279,0][0.183793,0.895566,0.0563765][-0.654517,0.755771,-0.0204287][0.575431,0.219445,0][0.283701,0.567745,-0.285433][-0.23603,-0.0932873,-0.967258][0.644264,0.197094,0][0.246797,0.496212,-0.302033][-0.108852,-0.17733,-0.978113][0.644735,0.184748,0][0.0607747,0.657155,-0.179605][-0.739814,0.287543,-0.608272][0.608976,0.188742,0][0.0607747,0.657155,-0.179605][-0.739814,0.287543,-0.608272][0.608976,0.188742,0][0.150182,0.744068,-0.175976][-0.658832,0.469168,-0.588066][0.608919,0.204572,0][0.283701,0.567745,-0.285433][-0.23603,-0.0932873,-0.967258][0.644264,0.197094,0][0.246797,0.496212,-0.302033][-0.108852,-0.17733,-0.978113][0.644735,0.184748,0][0.283701,0.567745,-0.285433][-0.23603,-0.0932873,-0.967258][0.644264,0.197094,0][0.434027,0.370028,-0.16764][0.252608,-0.604729,-0.755309][0.685497,0.177839,0][0.434027,0.370028,-0.16764][0.252608,-0.604729,-0.755309][0.685497,0.177839,0][0.439383,0.330788,-0.166565][0.613394,-0.483125,-0.624771][0.685563,0.171415,0][0.246797,0.496212,-0.302033][-0.108852,-0.17733,-0.978113][0.644735,0.184748,0][0.439383,0.330788,-0.166565][0.613394,-0.483125,-0.624771][0.685563,0.171415,0][0.434027,0.370028,-0.16764][0.252608,-0.604729,-0.755309][0.685497,0.177839,0][0.473163,0.334381,0.0814108][0.546041,-0.837114,0.0328441][0.720612,0.1562,0][0.473163,0.334381,0.0814108][0.546041,-0.837114,0.0328441][0.720612,0.1562,0][0.490073,0.29756,0.0956103][0.984018,-0.171486,-0.0479729][0.720731,0.150131,0][0.439383,0.330788,-0.166565][0.613394,-0.483125,-0.624771][0.685563,0.171415,0][0.447407,0.329644,0.356285][0.794365,-0.15024,0.588569][0.467957,0.16544,0][0.490073,0.29756,0.0956103][0.984018,-0.171486,-0.0479729][0.42792,0.158868,0][0.473163,0.334381,0.0814108][0.546041,-0.837114,0.0328441][0.425619,0.164589,0][0.473163,0.334381,0.0814108][0.546041,-0.837114,0.0328441][0.425619,0.164589,0][0.439768,0.384622,0.321098][0.698557,-0.214485,0.682653][0.465468,0.17623,0][0.447407,0.329644,0.356285][0.794365,-0.15024,0.588569][0.467957,0.16544,0][0.447407,0.329644,0.356285][0.794365,-0.15024,0.588569][0.467957,0.16544,0][0.439768,0.384622,0.321098][0.698557,-0.214485,0.682653][0.465468,0.17623,0][0.309779,0.557347,0.404615][0.157333,0.15347,0.975548][0.503905,0.188411,0][0.309779,0.557347,0.404615][0.157333,0.15347,0.975548][0.503905,0.188411,0][0.280409,0.48116,0.457123][0.174408,0.122932,0.97697][0.503304,0.173944,0][0.447407,0.329644,0.356285][0.794365,-0.15024,0.588569][0.467957,0.16544,0][0.280409,0.48116,0.457123][0.174408,0.122932,0.97697][0.503304,0.173944,0][0.309779,0.557347,0.404615][0.157333,0.15347,0.975548][0.503905,0.188411,0][0.149973,0.748244,0.323959][-0.522722,0.560355,0.642467][0.541363,0.198471,0][0.149973,0.748244,0.323959][-0.522722,0.560355,0.642467][0.541363,0.198471,0][0.0575831,0.657279,0.363317][-0.633673,0.398707,0.662942][0.541728,0.181672,0][0.280409,0.48116,0.457123][0.174408,0.122932,0.97697][0.503304,0.173944,0][0.0575831,0.657279,0.363317][-0.633673,0.398707,0.662942][0.541728,0.181672,0][0.149973,0.748244,0.323959][-0.522722,0.560355,0.642467][0.541363,0.198471,0][0.10969,0.795485,0.0739505][-0.742972,0.669292,-0.00632605][0.575024,0.203459,0][0.10969,0.795485,0.0739505][-0.742972,0.669292,-0.00632605][0.575024,0.203459,0][0.00316989,0.699833,0.0967758][-0.889934,0.45608,0.00280186][0.574361,0.185527,0][0.0575831,0.657279,0.363317][-0.633673,0.398707,0.662942][0.541728,0.181672,0][0.00316989,0.699833,0.0967758][-0.889934,0.45608,0.00280186][0.574361,0.185527,0][0.10969,0.795485,0.0739505][-0.742972,0.669292,-0.00632605][0.575024,0.203459,0][0.150182,0.744068,-0.175976][-0.658832,0.469168,-0.588066][0.608919,0.204572,0][0.150182,0.744068,-0.175976][-0.658832,0.469168,-0.588066][0.608919,0.204572,0][0.0607747,0.657155,-0.179605][-0.739814,0.287543,-0.608272][0.608976,0.188742,0][0.00316989,0.699833,0.0967758][-0.889934,0.45608,0.00280186][0.574361,0.185527,0][0.510473,0.452492,0.379694][-0.377816,-0.391146,0.839202][0.468065,0.196002,0][0.478127,0.429208,0.351054][-0.259622,-0.508715,0.820857][0.467673,0.187674,0][0.510491,0.360472,0.280316][-0.194431,-0.813682,0.54783][0.452184,0.183734,0][0.510491,0.360472,0.280316][-0.194431,-0.813682,0.54783][0.452184,0.183734,0][0.528987,0.347487,0.27842][-0.472714,-0.752732,0.458188][0.449309,0.185902,0][0.510473,0.452492,0.379694][-0.377816,-0.391146,0.839202][0.468065,0.196002,0][0.613119,0.319039,-0.182304][0.0928272,-0.888579,-0.449234][0.709896,0.197894,0][0.549536,0.327126,-0.215631][-0.0786028,-0.814411,-0.574941][0.699545,0.194438,0][0.568992,0.645732,-0.395371][-0.308735,-0.042631,-0.950192][0.66881,0.240378,0][0.568992,0.645732,-0.395371][-0.308735,-0.042631,-0.950192][0.66881,0.240378,0][0.613119,0.624831,-0.403526][-0.287615,-0.246074,-0.925595][0.675857,0.243448,0][0.613119,0.319039,-0.182304][0.0928272,-0.888579,-0.449234][0.709896,0.197894,0][0.613119,0.454785,0.376641][0.239629,-0.46923,0.849942][0.457534,0.208386,0][0.555017,0.446191,0.390154][-0.00809713,-0.483111,0.875521][0.463541,0.201488,0][0.551733,0.331518,0.276087][-0.206744,-0.831995,0.514822][0.44587,0.188678,0][0.551733,0.331518,0.276087][-0.206744,-0.831995,0.514822][0.44587,0.188678,0][0.613119,0.319534,0.252173][0.0220951,-0.89608,0.443342][0.437936,0.195026,0][0.613119,0.454785,0.376641][0.239629,-0.46923,0.849942][0.457534,0.208386,0][0.563351,0.985906,0.335459][-0.465162,0.660232,0.589677][0.524643,0.266237,0][0.555177,0.696301,0.448808][-0.327037,0.0176351,0.944847][0.488084,0.232313,0][0.613119,0.736567,0.455842][-0.222284,0.166883,0.960594][0.485491,0.243142,0][0.613119,0.736567,0.455842][-0.222284,0.166883,0.960594][0.485491,0.243142,0][0.613119,1.01125,0.336587][-0.399973,0.762879,0.507975][0.522748,0.27496,0][0.563351,0.985906,0.335459][-0.465162,0.660232,0.589677][0.524643,0.266237,0][0.613119,0.954,-0.29597][-0.246986,0.651934,-0.716924][0.630612,0.277187,0][0.569637,0.952535,-0.280215][-0.361989,0.675037,-0.642876][0.626585,0.271096,0][0.565308,1.06531,0.0322894][-0.0719063,0.997217,-0.0196819][0.573658,0.277776,0][0.565308,1.06531,0.0322894][-0.0719063,0.997217,-0.0196819][0.573658,0.277776,0][0.613119,1.05691,0.0384661][0.140061,0.990136,-0.00364181][0.572505,0.285373,0][0.613119,0.954,-0.29597][-0.246986,0.651934,-0.716924][0.630612,0.277187,0][0.613119,0.954,-0.29597][-0.246986,0.651934,-0.716924][0.630612,0.277187,0][0.613119,0.624831,-0.403526][-0.287615,-0.246074,-0.925595][0.675857,0.243448,0][0.568992,0.645732,-0.395371][-0.308735,-0.042631,-0.950192][0.66881,0.240378,0][0.568992,0.645732,-0.395371][-0.308735,-0.042631,-0.950192][0.66881,0.240378,0][0.569637,0.952535,-0.280215][-0.361989,0.675037,-0.642876][0.626585,0.271096,0][0.613119,0.954,-0.29597][-0.246986,0.651934,-0.716924][0.630612,0.277187,0][0.613119,0.319534,0.252173][0.0220951,-0.89608,0.443342][0.437936,0.195026,0][0.551733,0.331518,0.276087][-0.206744,-0.831995,0.514822][0.44587,0.188678,0][0.539715,0.27716,0.0633809][-0.277593,-0.960394,0.0241944][0.415898,0.173968,0][0.539715,0.27716,0.0633809][-0.277593,-0.960394,0.0241944][0.415898,0.173968,0][0.613118,0.280247,0.0468466][0.0345582,-0.99922,-0.0191343][0.40916,0.18325,0][0.613119,0.319534,0.252173][0.0220951,-0.89608,0.443342][0.437936,0.195026,0][0.613118,0.280247,0.0468466][0.0345582,-0.99922,-0.0191343][0.73471,0.175716,0][0.539715,0.27716,0.0633809][-0.277593,-0.960394,0.0241944][0.728849,0.166242,0][0.549536,0.327126,-0.215631][-0.0786028,-0.814411,-0.574941][0.699545,0.194438,0][0.549536,0.327126,-0.215631][-0.0786028,-0.814411,-0.574941][0.699545,0.194438,0][0.613119,0.319039,-0.182304][0.0928272,-0.888579,-0.449234][0.709896,0.197894,0][0.613118,0.280247,0.0468466][0.0345582,-0.99922,-0.0191343][0.73471,0.175716,0][0.555177,0.696301,0.448808][-0.327037,0.0176351,0.944847][0.488084,0.232313,0][0.555017,0.446191,0.390154][-0.00809713,-0.483111,0.875521][0.463541,0.201488,0][0.613119,0.454785,0.376641][0.239629,-0.46923,0.849942][0.457534,0.208386,0][0.613119,0.454785,0.376641][0.239629,-0.46923,0.849942][0.457534,0.208386,0][0.613119,0.736567,0.455842][-0.222284,0.166883,0.960594][0.485491,0.243142,0][0.555177,0.696301,0.448808][-0.327037,0.0176351,0.944847][0.488084,0.232313,0][0.613119,1.05691,0.0384661][0.140061,0.990136,-0.00364181][0.572505,0.285373,0][0.565308,1.06531,0.0322894][-0.0719063,0.997217,-0.0196819][0.573658,0.277776,0][0.563351,0.985906,0.335459][-0.465162,0.660232,0.589677][0.524643,0.266237,0][0.563351,0.985906,0.335459][-0.465162,0.660232,0.589677][0.524643,0.266237,0][0.613119,1.01125,0.336587][-0.399973,0.762879,0.507975][0.522748,0.27496,0][0.613119,1.05691,0.0384661][0.140061,0.990136,-0.00364181][0.572505,0.285373,0][0.311543,-0.0919657,-0.0388594][0.735517,-0.351383,-0.579262][0.690816,0.087512,0][0.104073,0.00435734,-0.189807][0.00394779,-0.135634,-0.990751][0.647379,0.091921,0][0.125992,0.0654478,-0.2151][0.0679106,0.0491342,-0.996481][0.647244,0.102967,0][0.125992,0.0654478,-0.2151][0.0679106,0.0491342,-0.996481][0.647244,0.102967,0][0.345722,-0.0409608,-0.0540607][0.781588,-0.223401,-0.582419][0.69054,0.097306,0][0.311543,-0.0919657,-0.0388594][0.735517,-0.351383,-0.579262][0.690816,0.087512,0][0.345722,-0.0409608,-0.0540607][0.781588,-0.223401,-0.582419][0.69054,0.097306,0][0.392958,-0.0813637,0.164706][0.944768,-0.327727,0.00307305][0.724133,0.093057,0][0.350956,-0.132294,0.156757][0.904131,-0.427254,0.000312621][0.722452,0.083372,0][0.350956,-0.132294,0.156757][0.904131,-0.427254,0.000312621][0.722452,0.083372,0][0.311543,-0.0919657,-0.0388594][0.735517,-0.351383,-0.579262][0.690816,0.087512,0][0.345722,-0.0409608,-0.0540607][0.781588,-0.223401,-0.582419][0.69054,0.097306,0][0.302127,-0.123298,0.331929][0.677035,-0.395007,0.620961][0.463825,0.084875,0][0.350956,-0.132294,0.156757][0.904131,-0.427254,0.000312621][0.434898,0.085948,0][0.392958,-0.0813637,0.164706][0.944768,-0.327727,0.00307305][0.435315,0.096583,0][0.392958,-0.0813637,0.164706][0.944768,-0.327727,0.00307305][0.435315,0.096583,0][0.344148,-0.0676546,0.349902][0.741015,-0.291611,0.604864][0.463711,0.095754,0][0.302127,-0.123298,0.331929][0.677035,-0.395007,0.620961][0.463825,0.084875,0][0.12235,0.00445604,0.484424][-0.016809,-0.145464,0.989221][0.501544,0.095333,0][0.0968345,-0.0599599,0.444191][-0.0789544,-0.237821,0.968095][0.501648,0.083814,0][0.302127,-0.123298,0.331929][0.677035,-0.395007,0.620961][0.463825,0.084875,0][0.302127,-0.123298,0.331929][0.677035,-0.395007,0.620961][0.463825,0.084875,0][0.344148,-0.0676546,0.349902][0.741015,-0.291611,0.604864][0.463711,0.095754,0][0.12235,0.00445604,0.484424][-0.016809,-0.145464,0.989221][0.501544,0.095333,0][-0.0942199,0.118481,0.37569][-0.684198,0.258092,0.682101][0.538476,0.098761,0][-0.11234,0.0404344,0.347247][-0.754353,0.114307,0.64644][0.540109,0.086442,0][0.0968345,-0.0599599,0.444191][-0.0789544,-0.237821,0.968095][0.501648,0.083814,0][0.0968345,-0.0599599,0.444191][-0.0789544,-0.237821,0.968095][0.501648,0.083814,0][0.12235,0.00445604,0.484424][-0.016809,-0.145464,0.989221][0.501544,0.095333,0][-0.0942199,0.118481,0.37569][-0.684198,0.258092,0.682101][0.538476,0.098761,0][-0.153033,0.15137,0.178247][-0.911552,0.409634,0.035668][0.568145,0.099894,0][-0.165641,0.0647178,0.170654][-0.963989,0.264833,0.0242577][0.569135,0.086762,0][-0.11234,0.0404344,0.347247][-0.754353,0.114307,0.64644][0.540109,0.086442,0][-0.11234,0.0404344,0.347247][-0.754353,0.114307,0.64644][0.540109,0.086442,0][-0.0942199,0.118481,0.37569][-0.684198,0.258092,0.682101][0.538476,0.098761,0][-0.153033,0.15137,0.178247][-0.911552,0.409634,0.035668][0.568145,0.099894,0][-0.0785111,0.134255,-0.0983889][-0.69803,0.337815,-0.631376][0.61132,0.101857,0][-0.0925075,0.057405,-0.0826334][-0.766758,0.187837,-0.613839][0.61039,0.089521,0][-0.165641,0.0647178,0.170654][-0.963989,0.264833,0.0242577][0.569135,0.086762,0][-0.165641,0.0647178,0.170654][-0.963989,0.264833,0.0242577][0.569135,0.086762,0][-0.153033,0.15137,0.178247][-0.911552,0.409634,0.035668][0.568145,0.099894,0][-0.0785111,0.134255,-0.0983889][-0.69803,0.337815,-0.631376][0.61132,0.101857,0][0.125992,0.0654478,-0.2151][0.0679106,0.0491342,-0.996481][0.647244,0.102967,0][0.104073,0.00435734,-0.189807][0.00394779,-0.135634,-0.990751][0.647379,0.091921,0][-0.0925075,0.057405,-0.0826334][-0.766758,0.187837,-0.613839][0.61039,0.089521,0][-0.0925075,0.057405,-0.0826334][-0.766758,0.187837,-0.613839][0.61039,0.089521,0][-0.0785111,0.134255,-0.0983889][-0.69803,0.337815,-0.631376][0.61132,0.101857,0][0.125992,0.0654478,-0.2151][0.0679106,0.0491342,-0.996481][0.647244,0.102967,0][0.302127,-0.123298,0.331929][0.677035,-0.395007,0.620961][0.463825,0.084875,0][0.0968345,-0.0599599,0.444191][-0.0789544,-0.237821,0.968095][0.501648,0.083814,0][0.0805784,-0.15338,0.44516][0.107955,0.178132,0.978067][0.499496,0.069721,0][0.0805784,-0.15338,0.44516][0.107955,0.178132,0.978067][0.499496,0.069721,0][0.291817,-0.202576,0.329278][0.80213,0.0768822,0.59218][0.462174,0.072555,0][0.302127,-0.123298,0.331929][0.677035,-0.395007,0.620961][0.463825,0.084875,0][0.335656,-0.208683,0.149389][0.99976,-0.00245423,0.0217943][0.433253,0.073338,0][0.350956,-0.132294,0.156757][0.904131,-0.427254,0.000312621][0.434898,0.085948,0][0.302127,-0.123298,0.331929][0.677035,-0.395007,0.620961][0.463825,0.084875,0][0.302127,-0.123298,0.331929][0.677035,-0.395007,0.620961][0.463825,0.084875,0][0.291817,-0.202576,0.329278][0.80213,0.0768822,0.59218][0.462174,0.072555,0][0.335656,-0.208683,0.149389][0.99976,-0.00245423,0.0217943][0.433253,0.073338,0][0.350956,-0.132294,0.156757][0.904131,-0.427254,0.000312621][0.722452,0.083372,0][0.335656,-0.208683,0.149389][0.99976,-0.00245423,0.0217943][0.72248,0.071469,0][0.294524,-0.171837,-0.0512393][0.84483,0.0884375,-0.527675][0.690444,0.074607,0][0.294524,-0.171837,-0.0512393][0.84483,0.0884375,-0.527675][0.690444,0.074607,0][0.311543,-0.0919657,-0.0388594][0.735517,-0.351383,-0.579262][0.690816,0.087512,0][0.350956,-0.132294,0.156757][0.904131,-0.427254,0.000312621][0.722452,0.083372,0][0.0730195,-0.0909281,-0.206492][0.143456,0.304141,-0.941763][0.647345,0.075699,0][0.104073,0.00435734,-0.189807][0.00394779,-0.135634,-0.990751][0.647379,0.091921,0][0.311543,-0.0919657,-0.0388594][0.735517,-0.351383,-0.579262][0.690816,0.087512,0][0.311543,-0.0919657,-0.0388594][0.735517,-0.351383,-0.579262][0.690816,0.087512,0][0.294524,-0.171837,-0.0512393][0.84483,0.0884375,-0.527675][0.690444,0.074607,0][0.0730195,-0.0909281,-0.206492][0.143456,0.304141,-0.941763][0.647345,0.075699,0][-0.0925075,0.057405,-0.0826334][-0.766758,0.187837,-0.613839][0.61039,0.089521,0][0.104073,0.00435734,-0.189807][0.00394779,-0.135634,-0.990751][0.647379,0.091921,0][0.0730195,-0.0909281,-0.206492][0.143456,0.304141,-0.941763][0.647345,0.075699,0][0.0730195,-0.0909281,-0.206492][0.143456,0.304141,-0.941763][0.647345,0.075699,0][-0.13478,-0.0478687,-0.0953008][-0.646558,0.48829,-0.586118][0.610755,0.071644,0][-0.0925075,0.057405,-0.0826334][-0.766758,0.187837,-0.613839][0.61039,0.089521,0][-0.165641,0.0647178,0.170654][-0.963989,0.264833,0.0242577][0.569135,0.086762,0][-0.0925075,0.057405,-0.0826334][-0.766758,0.187837,-0.613839][0.61039,0.089521,0][-0.13478,-0.0478687,-0.0953008][-0.646558,0.48829,-0.586118][0.610755,0.071644,0][-0.13478,-0.0478687,-0.0953008][-0.646558,0.48829,-0.586118][0.610755,0.071644,0][-0.212875,-0.0451684,0.154805][-0.860233,0.509704,0.0142245][0.570986,0.068465,0][-0.165641,0.0647178,0.170654][-0.963989,0.264833,0.0242577][0.569135,0.086762,0][-0.11234,0.0404344,0.347247][-0.754353,0.114307,0.64644][0.540109,0.086442,0][-0.165641,0.0647178,0.170654][-0.963989,0.264833,0.0242577][0.569135,0.086762,0][-0.212875,-0.0451684,0.154805][-0.860233,0.509704,0.0142245][0.570986,0.068465,0][-0.212875,-0.0451684,0.154805][-0.860233,0.509704,0.0142245][0.570986,0.068465,0][-0.159365,-0.0677695,0.346051][-0.623599,0.413495,0.663435][0.540586,0.06871,0][-0.11234,0.0404344,0.347247][-0.754353,0.114307,0.64644][0.540109,0.086442,0][0.0968345,-0.0599599,0.444191][-0.0789544,-0.237821,0.968095][0.501648,0.083814,0][-0.11234,0.0404344,0.347247][-0.754353,0.114307,0.64644][0.540109,0.086442,0][-0.159365,-0.0677695,0.346051][-0.623599,0.413495,0.663435][0.540586,0.06871,0][-0.159365,-0.0677695,0.346051][-0.623599,0.413495,0.663435][0.540586,0.06871,0][0.0805784,-0.15338,0.44516][0.107955,0.178132,0.978067][0.499496,0.069721,0][0.0968345,-0.0599599,0.444191][-0.0789544,-0.237821,0.968095][0.501648,0.083814,0][0.222974,-0.34001,-0.0515726][0.709314,-0.393476,-0.58485][0.688972,0.044676,0][0.00507414,-0.29958,-0.191651][0.0104638,-0.220868,-0.975248][0.647588,0.040609,0][0.0290006,-0.226257,-0.232971][-0.0197048,-0.284412,-0.9585][0.647162,0.053666,0][0.0290006,-0.226257,-0.232971][-0.0197048,-0.284412,-0.9585][0.647162,0.053666,0][0.273267,-0.287269,-0.0704869][0.649737,-0.51131,-0.562498][0.689804,0.056047,0][0.222974,-0.34001,-0.0515726][0.709314,-0.393476,-0.58485][0.688972,0.044676,0][0.317186,-0.319088,0.138663][0.783585,-0.619591,-0.045846][0.721921,0.053016,0][0.261332,-0.363626,0.12827][0.880172,-0.471516,-0.0545031][0.718375,0.042138,0][0.222974,-0.34001,-0.0515726][0.709314,-0.393476,-0.58485][0.688972,0.044676,0][0.222974,-0.34001,-0.0515726][0.709314,-0.393476,-0.58485][0.688972,0.044676,0][0.273267,-0.287269,-0.0704869][0.649737,-0.51131,-0.562498][0.689804,0.056047,0][0.317186,-0.319088,0.138663][0.783585,-0.619591,-0.045846][0.721921,0.053016,0][0.235057,-0.364655,0.289995][0.683818,-0.501267,0.530212][0.459085,0.043367,0][0.261332,-0.363626,0.12827][0.880172,-0.471516,-0.0545031][0.432483,0.042736,0][0.317186,-0.319088,0.138663][0.783585,-0.619591,-0.045846][0.431811,0.054165,0][0.317186,-0.319088,0.138663][0.783585,-0.619591,-0.045846][0.431811,0.054165,0][0.280604,-0.317276,0.326523][0.631208,-0.591515,0.501684][0.46014,0.054601,0][0.235057,-0.364655,0.289995][0.683818,-0.501267,0.530212][0.459085,0.043367,0][0.0431092,-0.348213,0.395422][0.0160973,-0.418616,0.908021][0.494967,0.037083,0][0.235057,-0.364655,0.289995][0.683818,-0.501267,0.530212][0.459085,0.043367,0][0.280604,-0.317276,0.326523][0.631208,-0.591515,0.501684][0.46014,0.054601,0][0.280604,-0.317276,0.326523][0.631208,-0.591515,0.501684][0.46014,0.054601,0][0.0587683,-0.286219,0.448412][-0.00553724,-0.453753,0.89111][0.496395,0.049468,0][0.0431092,-0.348213,0.395422][0.0160973,-0.418616,0.908021][0.494967,0.037083,0][-0.224981,-0.307687,0.307245][-0.745641,-0.0509938,0.664394][0.541634,0.029531,0][0.0431092,-0.348213,0.395422][0.0160973,-0.418616,0.908021][0.494967,0.037083,0][0.0587683,-0.286219,0.448412][-0.00553724,-0.453753,0.89111][0.496395,0.049468,0][0.0587683,-0.286219,0.448412][-0.00553724,-0.453753,0.89111][0.496395,0.049468,0][-0.228481,-0.22233,0.345559][-0.755622,-0.11565,0.644717][0.541336,0.043639,0][-0.224981,-0.307687,0.307245][-0.745641,-0.0509938,0.664394][0.541634,0.029531,0][-0.270525,-0.292238,0.114689][-0.988448,0.140653,-0.0564526][0.575498,0.028082,0][-0.224981,-0.307687,0.307245][-0.745641,-0.0509938,0.664394][0.541634,0.029531,0][-0.228481,-0.22233,0.345559][-0.755622,-0.11565,0.644717][0.541336,0.043639,0][-0.228481,-0.22233,0.345559][-0.755622,-0.11565,0.644717][0.541336,0.043639,0][-0.28257,-0.202137,0.131399][-0.998484,0.0357213,-0.0418886][0.57326,0.042044,0][-0.270525,-0.292238,0.114689][-0.988448,0.140653,-0.0564526][0.575498,0.028082,0][-0.194095,-0.284645,-0.0893285][-0.750928,0.0622,-0.657449][0.611331,0.032661,0][-0.270525,-0.292238,0.114689][-0.988448,0.140653,-0.0564526][0.575498,0.028082,0][-0.28257,-0.202137,0.131399][-0.998484,0.0357213,-0.0418886][0.57326,0.042044,0][-0.28257,-0.202137,0.131399][-0.998484,0.0357213,-0.0418886][0.57326,0.042044,0][-0.196656,-0.197941,-0.115201][-0.758276,-0.0350033,-0.650993][0.611567,0.046524,0][-0.194095,-0.284645,-0.0893285][-0.750928,0.0622,-0.657449][0.611331,0.032661,0][0.00507414,-0.29958,-0.191651][0.0104638,-0.220868,-0.975248][0.647588,0.040609,0][-0.194095,-0.284645,-0.0893285][-0.750928,0.0622,-0.657449][0.611331,0.032661,0][-0.196656,-0.197941,-0.115201][-0.758276,-0.0350033,-0.650993][0.611567,0.046524,0][-0.196656,-0.197941,-0.115201][-0.758276,-0.0350033,-0.650993][0.611567,0.046524,0][0.0290006,-0.226257,-0.232971][-0.0197048,-0.284412,-0.9585][0.647162,0.053666,0][0.00507414,-0.29958,-0.191651][0.0104638,-0.220868,-0.975248][0.647588,0.040609,0][0.0375891,0.46698,-0.116493][-0.786964,0.207165,-0.58118][0.610533,0.161765,0][0.215073,0.382304,-0.219942][-0.0659087,-0.125064,-0.989957][0.646719,0.162737,0][0.195281,0.301732,-0.249284][-0.0260119,-0.120347,-0.992391][0.647106,0.148836,0][0.195281,0.301732,-0.249284][-0.0260119,-0.120347,-0.992391][0.647106,0.148836,0][0.00206041,0.399302,-0.134082][-0.781801,0.112452,-0.613304][0.612765,0.150519,0][0.0375891,0.46698,-0.116493][-0.786964,0.207165,-0.58118][0.610533,0.161765,0][-0.0152702,0.489969,0.123394][-0.9444,0.328786,0.00277][0.573922,0.158247,0][0.0375891,0.46698,-0.116493][-0.786964,0.207165,-0.58118][0.610533,0.161765,0][0.00206041,0.399302,-0.134082][-0.781801,0.112452,-0.613304][0.612765,0.150519,0][0.00206041,0.399302,-0.134082][-0.781801,0.112452,-0.613304][0.612765,0.150519,0][-0.0585696,0.427253,0.138206][-0.976775,0.212402,0.0282262][0.572651,0.147251,0][-0.0152702,0.489969,0.123394][-0.9444,0.328786,0.00277][0.573922,0.158247,0][0.0432281,0.459015,0.364944][-0.653992,0.287234,0.699851][0.537129,0.156737,0][-0.0152702,0.489969,0.123394][-0.9444,0.328786,0.00277][0.573922,0.158247,0][-0.0585696,0.427253,0.138206][-0.976775,0.212402,0.0282262][0.572651,0.147251,0][-0.0585696,0.427253,0.138206][-0.976775,0.212402,0.0282262][0.572651,0.147251,0][0.00656009,0.387979,0.389305][-0.710113,0.136701,0.690689][0.535968,0.145133,0][0.0432281,0.459015,0.364944][-0.653992,0.287234,0.699851][0.537129,0.156737,0][0.231349,0.354107,0.434209][0.111049,0.118304,0.986748][0.502697,0.153452,0][0.0432281,0.459015,0.364944][-0.653992,0.287234,0.699851][0.537129,0.156737,0][0.00656009,0.387979,0.389305][-0.710113,0.136701,0.690689][0.535968,0.145133,0][0.00656009,0.387979,0.389305][-0.710113,0.136701,0.690689][0.535968,0.145133,0][0.209584,0.27229,0.476279][0.040277,-0.0610381,0.997322][0.502495,0.139548,0][0.231349,0.354107,0.434209][0.111049,0.118304,0.986748][0.502697,0.153452,0][0.411959,0.26255,0.334256][0.792596,-0.167658,0.586245][0.466566,0.152256,0][0.231349,0.354107,0.434209][0.111049,0.118304,0.986748][0.502697,0.153452,0][0.209584,0.27229,0.476279][0.040277,-0.0610381,0.997322][0.502495,0.139548,0][0.209584,0.27229,0.476279][0.040277,-0.0610381,0.997322][0.502495,0.139548,0][0.418786,0.170613,0.351882][0.728838,-0.312546,0.609188][0.465499,0.1375,0][0.411959,0.26255,0.334256][0.792596,-0.167658,0.586245][0.466566,0.152256,0][0.457354,0.151483,0.132125][0.944128,-0.328213,-0.029968][0.433144,0.135549,0][0.447826,0.245411,0.119642][0.962344,-0.27124,-0.0179582][0.432589,0.14961,0][0.411959,0.26255,0.334256][0.792596,-0.167658,0.586245][0.466566,0.152256,0][0.411959,0.26255,0.334256][0.792596,-0.167658,0.586245][0.466566,0.152256,0][0.418786,0.170613,0.351882][0.728838,-0.312546,0.609188][0.465499,0.1375,0][0.457354,0.151483,0.132125][0.944128,-0.328213,-0.029968][0.433144,0.135549,0][0.457354,0.151483,0.132125][0.944128,-0.328213,-0.029968][0.72051,0.12834,0][0.406364,0.189739,-0.104104][0.726863,-0.326926,-0.603978][0.686959,0.139901,0][0.402437,0.281983,-0.0933902][0.704918,-0.425246,-0.567676][0.688339,0.155274,0][0.402437,0.281983,-0.0933902][0.704918,-0.425246,-0.567676][0.688339,0.155274,0][0.447826,0.245411,0.119642][0.962344,-0.27124,-0.0179582][0.720316,0.141039,0][0.457354,0.151483,0.132125][0.944128,-0.328213,-0.029968][0.72051,0.12834,0][0.195281,0.301732,-0.249284][-0.0260119,-0.120347,-0.992391][0.647106,0.148836,0][0.215073,0.382304,-0.219942][-0.0659087,-0.125064,-0.989957][0.646719,0.162737,0][0.402437,0.281983,-0.0933902][0.704918,-0.425246,-0.567676][0.688339,0.155274,0][0.402437,0.281983,-0.0933902][0.704918,-0.425246,-0.567676][0.688339,0.155274,0][0.406364,0.189739,-0.104104][0.726863,-0.326926,-0.603978][0.686959,0.139901,0][0.195281,0.301732,-0.249284][-0.0260119,-0.120347,-0.992391][0.647106,0.148836,0][0.568992,0.645732,-0.395371][-0.308735,-0.042631,-0.950192][0.66881,0.240378,0][0.510511,0.663487,-0.364644][-0.339099,0.0456572,-0.939642][0.660043,0.234551,0][0.5105,0.935146,-0.250218][-0.402929,0.666518,-0.627218][0.621428,0.261666,0][0.5105,0.935146,-0.250218][-0.402929,0.666518,-0.627218][0.621428,0.261666,0][0.569637,0.952535,-0.280215][-0.361989,0.675037,-0.642876][0.626585,0.271096,0][0.568992,0.645732,-0.395371][-0.308735,-0.042631,-0.950192][0.66881,0.240378,0][0.568992,0.645732,-0.395371][-0.308735,-0.042631,-0.950192][0.66881,0.240378,0][0.549536,0.327126,-0.215631][-0.0786028,-0.814411,-0.574941][0.699545,0.194438,0][0.5105,0.353297,-0.227597][-0.424494,-0.673649,-0.60498][0.692469,0.192605,0][0.5105,0.353297,-0.227597][-0.424494,-0.673649,-0.60498][0.692469,0.192605,0][0.510511,0.663487,-0.364644][-0.339099,0.0456572,-0.939642][0.660043,0.234551,0][0.568992,0.645732,-0.395371][-0.308735,-0.042631,-0.950192][0.66881,0.240378,0][0.510495,0.663487,0.418954][-0.352103,0.00931764,0.935915][0.490893,0.222788,0][0.510473,0.452492,0.379694][-0.377816,-0.391146,0.839202][0.468065,0.196002,0][0.555017,0.446191,0.390154][-0.00809713,-0.483111,0.875521][0.463541,0.201488,0][0.555017,0.446191,0.390154][-0.00809713,-0.483111,0.875521][0.463541,0.201488,0][0.555177,0.696301,0.448808][-0.327037,0.0176351,0.944847][0.488084,0.232313,0][0.510495,0.663487,0.418954][-0.352103,0.00931764,0.935915][0.490893,0.222788,0][0.510507,0.947994,0.316751][-0.435616,0.652264,0.620314][0.527949,0.255949,0][0.510495,0.663487,0.418954][-0.352103,0.00931764,0.935915][0.490893,0.222788,0][0.555177,0.696301,0.448808][-0.327037,0.0176351,0.944847][0.488084,0.232313,0][0.555177,0.696301,0.448808][-0.327037,0.0176351,0.944847][0.488084,0.232313,0][0.563351,0.985906,0.335459][-0.465162,0.660232,0.589677][0.524643,0.266237,0][0.510507,0.947994,0.316751][-0.435616,0.652264,0.620314][0.527949,0.255949,0][0.565308,1.06531,0.0322894][-0.0719063,0.997217,-0.0196819][0.573658,0.277776,0][0.510487,1.0491,0.0271556][-0.319493,0.946858,-0.0372079][0.57499,0.269046,0][0.510507,0.947994,0.316751][-0.435616,0.652264,0.620314][0.527949,0.255949,0][0.510507,0.947994,0.316751][-0.435616,0.652264,0.620314][0.527949,0.255949,0][0.563351,0.985906,0.335459][-0.465162,0.660232,0.589677][0.524643,0.266237,0][0.565308,1.06531,0.0322894][-0.0719063,0.997217,-0.0196819][0.573658,0.277776,0][0.569637,0.952535,-0.280215][-0.361989,0.675037,-0.642876][0.626585,0.271096,0][0.5105,0.935146,-0.250218][-0.402929,0.666518,-0.627218][0.621428,0.261666,0][0.510487,1.0491,0.0271556][-0.319493,0.946858,-0.0372079][0.57499,0.269046,0][0.510487,1.0491,0.0271556][-0.319493,0.946858,-0.0372079][0.57499,0.269046,0][0.565308,1.06531,0.0322894][-0.0719063,0.997217,-0.0196819][0.573658,0.277776,0][0.569637,0.952535,-0.280215][-0.361989,0.675037,-0.642876][0.626585,0.271096,0][-0.0091331,-0.452437,-0.404548][0.0281419,0.0833409,-0.996124][0.851446,0.453346,0][-0.00332296,-0.506665,-0.348068][0.114839,-0.878947,-0.462887][0.852698,0.4468,0][-0.28526,-0.589279,-0.146553][-0.0893953,-0.978659,-0.185029][0.826161,0.439899,0][-0.28526,-0.589279,-0.146553][-0.0893953,-0.978659,-0.185029][0.826161,0.439899,0][-0.32758,-0.521001,-0.187695][-0.760265,-0.112966,-0.639715][0.825118,0.448113,0][-0.0091331,-0.452437,-0.404548][0.0281419,0.0833409,-0.996124][0.851446,0.453346,0][-0.32758,-0.521001,-0.187695][-0.760265,-0.112966,-0.639715][0.825118,0.448113,0][-0.28526,-0.589279,-0.146553][-0.0893953,-0.978659,-0.185029][0.826161,0.439899,0][-0.379512,-0.611539,0.0875234][-0.119385,-0.989563,-0.0806994][0.803909,0.433522,0][-0.379512,-0.611539,0.0875234][-0.119385,-0.989563,-0.0806994][0.803909,0.433522,0][-0.440046,-0.545091,0.0860335][-0.9888,-0.120788,-0.0876605][0.801699,0.441906,0][-0.32758,-0.521001,-0.187695][-0.760265,-0.112966,-0.639715][0.825118,0.448113,0][-0.440046,-0.545091,0.0860335][-0.9888,-0.120788,-0.0876605][0.801699,0.441906,0][-0.379512,-0.611539,0.0875234][-0.119385,-0.989563,-0.0806994][0.803909,0.433522,0][-0.319857,-0.62582,0.34053][-0.103839,-0.986235,0.128675][0.778382,0.424613,0][-0.319857,-0.62582,0.34053][-0.103839,-0.986235,0.128675][0.778382,0.424613,0][-0.372723,-0.562088,0.382613][-0.731414,-0.162568,0.662273][0.772801,0.433899,0][-0.440046,-0.545091,0.0860335][-0.9888,-0.120788,-0.0876605][0.801699,0.441906,0][-0.372723,-0.562088,0.382613][-0.731414,-0.162568,0.662273][0.991357,0.428795,0][-0.319857,-0.62582,0.34053][-0.103839,-0.986235,0.128675][0.985037,0.420532,0][0.0475514,-0.598952,0.458888][0.0612244,-0.992649,0.104401][0.947354,0.433869,0][0.0475514,-0.598952,0.458888][0.0612244,-0.992649,0.104401][0.947354,0.433869,0][0.0599339,-0.550662,0.51652][0.131099,-0.180202,0.974854][0.947999,0.441066,0][-0.372723,-0.562088,0.382613][-0.731414,-0.162568,0.662273][0.991357,0.428795,0][0.0599339,-0.550662,0.51652][0.131099,-0.180202,0.974854][0.947999,0.441066,0][0.0475514,-0.598952,0.458888][0.0612244,-0.992649,0.104401][0.947354,0.433869,0][0.311206,-0.565528,0.309595][0.192029,-0.981383,0.00353986][0.920592,0.441133,0][0.311206,-0.565528,0.309595][0.192029,-0.981383,0.00353986][0.920592,0.441133,0][0.361971,-0.525734,0.349828][0.843748,-0.155468,0.51373][0.921745,0.447682,0][0.0599339,-0.550662,0.51652][0.131099,-0.180202,0.974854][0.947999,0.441066,0][0.31409,-0.550435,0.118645][0.0374971,-0.99097,-0.128736][0.903259,0.441694,0][0.373334,-0.511692,0.122889][0.977818,-0.197949,-0.0684666][0.904374,0.449528,0][0.361971,-0.525734,0.349828][0.843748,-0.155468,0.51373][0.921745,0.447682,0][0.361971,-0.525734,0.349828][0.843748,-0.155468,0.51373][0.921745,0.447682,0][0.311206,-0.565528,0.309595][0.192029,-0.981383,0.00353986][0.920592,0.441133,0][0.31409,-0.550435,0.118645][0.0374971,-0.99097,-0.128736][0.903259,0.441694,0][0.373334,-0.511692,0.122889][0.977818,-0.197949,-0.0684666][0.904374,0.449528,0][0.31409,-0.550435,0.118645][0.0374971,-0.99097,-0.128736][0.903259,0.441694,0][0.302652,-0.500698,-0.128785][0.273539,-0.938081,-0.212559][0.885139,0.446304,0][0.302652,-0.500698,-0.128785][0.273539,-0.938081,-0.212559][0.885139,0.446304,0][0.343987,-0.458903,-0.168051][0.853006,0.042778,-0.520145][0.884587,0.452895,0][0.373334,-0.511692,0.122889][0.977818,-0.197949,-0.0684666][0.904374,0.449528,0][-0.00332296,-0.506665,-0.348068][0.114839,-0.878947,-0.462887][0.852698,0.4468,0][-0.0091331,-0.452437,-0.404548][0.0281419,0.0833409,-0.996124][0.851446,0.453346,0][0.343987,-0.458903,-0.168051][0.853006,0.042778,-0.520145][0.884587,0.452895,0][0.343987,-0.458903,-0.168051][0.853006,0.042778,-0.520145][0.884587,0.452895,0][0.302652,-0.500698,-0.128785][0.273539,-0.938081,-0.212559][0.885139,0.446304,0][-0.00332296,-0.506665,-0.348068][0.114839,-0.878947,-0.462887][0.852698,0.4468,0][-0.32758,-0.521001,-0.187695][-0.760265,-0.112966,-0.639715][0.825118,0.448113,0][-0.440046,-0.545091,0.0860335][-0.9888,-0.120788,-0.0876605][0.801699,0.441906,0][-0.34145,-0.354269,0.10073][-0.711503,0.702491,-0.0164321][0.798737,0.462613,0][-0.34145,-0.354269,0.10073][-0.711503,0.702491,-0.0164321][0.798737,0.462613,0][-0.249359,-0.340798,-0.127872][-0.529876,0.744254,-0.406593][0.824229,0.466903,0][-0.32758,-0.521001,-0.187695][-0.760265,-0.112966,-0.639715][0.825118,0.448113,0][-0.440046,-0.545091,0.0860335][-0.9888,-0.120788,-0.0876605][0.801699,0.441906,0][-0.372723,-0.562088,0.382613][-0.731414,-0.162568,0.662273][0.772801,0.433899,0][-0.289455,-0.370068,0.334981][-0.51087,0.659253,0.551721][0.772992,0.458539,0][-0.289455,-0.370068,0.334981][-0.51087,0.659253,0.551721][0.772992,0.458539,0][-0.34145,-0.354269,0.10073][-0.711503,0.702491,-0.0164321][0.798737,0.462613,0][-0.440046,-0.545091,0.0860335][-0.9888,-0.120788,-0.0876605][0.801699,0.441906,0][-0.372723,-0.562088,0.382613][-0.731414,-0.162568,0.662273][0.991357,0.428795,0][0.0599339,-0.550662,0.51652][0.131099,-0.180202,0.974854][0.947999,0.441066,0][0.0475504,-0.400647,0.437493][0.0925689,0.662309,0.74349][0.951642,0.456816,0][0.0475504,-0.400647,0.437493][0.0925689,0.662309,0.74349][0.951642,0.456816,0][-0.289455,-0.370068,0.334981][-0.51087,0.659253,0.551721][0.989168,0.452542,0][-0.372723,-0.562088,0.382613][-0.731414,-0.162568,0.662273][0.991357,0.428795,0][0.0599339,-0.550662,0.51652][0.131099,-0.180202,0.974854][0.947999,0.441066,0][0.361971,-0.525734,0.349828][0.843748,-0.155468,0.51373][0.921745,0.447682,0][0.278458,-0.408385,0.313849][0.532981,0.742377,0.405964][0.925035,0.460249,0][0.278458,-0.408385,0.313849][0.532981,0.742377,0.405964][0.925035,0.460249,0][0.0475504,-0.400647,0.437493][0.0925689,0.662309,0.74349][0.951642,0.456816,0][0.0599339,-0.550662,0.51652][0.131099,-0.180202,0.974854][0.947999,0.441066,0][0.361971,-0.525734,0.349828][0.843748,-0.155468,0.51373][0.921745,0.447682,0][0.373334,-0.511692,0.122889][0.977818,-0.197949,-0.0684666][0.904374,0.449528,0][0.303101,-0.404186,0.125054][0.666363,0.745556,0.0102809][0.905448,0.463417,0][0.303101,-0.404186,0.125054][0.666363,0.745556,0.0102809][0.905448,0.463417,0][0.278458,-0.408385,0.313849][0.532981,0.742377,0.405964][0.925035,0.460249,0][0.361971,-0.525734,0.349828][0.843748,-0.155468,0.51373][0.921745,0.447682,0][0.373334,-0.511692,0.122889][0.977818,-0.197949,-0.0684666][0.904374,0.449528,0][0.343987,-0.458903,-0.168051][0.853006,0.042778,-0.520145][0.884587,0.452895,0][0.257697,-0.380986,-0.0846479][0.495081,0.852163,-0.16945][0.882554,0.465685,0][0.257697,-0.380986,-0.0846479][0.495081,0.852163,-0.16945][0.882554,0.465685,0][0.303101,-0.404186,0.125054][0.666363,0.745556,0.0102809][0.905448,0.463417,0][0.373334,-0.511692,0.122889][0.977818,-0.197949,-0.0684666][0.904374,0.449528,0][0.343987,-0.458903,-0.168051][0.853006,0.042778,-0.520145][0.884587,0.452895,0][-0.0091331,-0.452437,-0.404548][0.0281419,0.0833409,-0.996124][0.851446,0.453346,0][-0.0111892,-0.347314,-0.248403][0.0627919,0.881696,-0.46762][0.850988,0.467756,0][-0.0111892,-0.347314,-0.248403][0.0627919,0.881696,-0.46762][0.850988,0.467756,0][0.257697,-0.380986,-0.0846479][0.495081,0.852163,-0.16945][0.882554,0.465685,0][0.343987,-0.458903,-0.168051][0.853006,0.042778,-0.520145][0.884587,0.452895,0][-0.0091331,-0.452437,-0.404548][0.0281419,0.0833409,-0.996124][0.851446,0.453346,0][-0.32758,-0.521001,-0.187695][-0.760265,-0.112966,-0.639715][0.825118,0.448113,0][-0.249359,-0.340798,-0.127872][-0.529876,0.744254,-0.406593][0.824229,0.466903,0][-0.249359,-0.340798,-0.127872][-0.529876,0.744254,-0.406593][0.824229,0.466903,0][-0.0111892,-0.347314,-0.248403][0.0627919,0.881696,-0.46762][0.850988,0.467756,0][-0.0091331,-0.452437,-0.404548][0.0281419,0.0833409,-0.996124][0.851446,0.453346,0][-0.0111892,-0.347314,-0.248403][0.0627919,0.881696,-0.46762][0.850988,0.467756,0][-0.00506973,-0.329516,-0.195852][0.0781606,0.714467,-0.695289][0.851975,0.473154,0][0.220794,-0.363071,-0.0553412][0.664047,0.643194,-0.38124][0.882906,0.470909,0][0.220794,-0.363071,-0.0553412][0.664047,0.643194,-0.38124][0.882906,0.470909,0][0.257697,-0.380986,-0.0846479][0.495081,0.852163,-0.16945][0.882554,0.465685,0][-0.0111892,-0.347314,-0.248403][0.0627919,0.881696,-0.46762][0.850988,0.467756,0][0.259561,-0.38449,0.12478][0.83183,0.555021,0.00340355][0.905655,0.468498,0][0.303101,-0.404186,0.125054][0.666363,0.745556,0.0102809][0.905448,0.463417,0][0.257697,-0.380986,-0.0846479][0.495081,0.852163,-0.16945][0.882554,0.465685,0][0.257697,-0.380986,-0.0846479][0.495081,0.852163,-0.16945][0.882554,0.465685,0][0.220794,-0.363071,-0.0553412][0.664047,0.643194,-0.38124][0.882906,0.470909,0][0.259561,-0.38449,0.12478][0.83183,0.555021,0.00340355][0.905655,0.468498,0][0.303101,-0.404186,0.125054][0.666363,0.745556,0.0102809][0.905448,0.463417,0][0.259561,-0.38449,0.12478][0.83183,0.555021,0.00340355][0.905655,0.468498,0][0.236333,-0.387066,0.286868][0.649254,0.636859,0.415788][0.926174,0.465779,0][0.236333,-0.387066,0.286868][0.649254,0.636859,0.415788][0.926174,0.465779,0][0.278458,-0.408385,0.313849][0.532981,0.742377,0.405964][0.925035,0.460249,0][0.303101,-0.404186,0.125054][0.666363,0.745556,0.0102809][0.905448,0.463417,0][0.278458,-0.408385,0.313849][0.532981,0.742377,0.405964][0.925035,0.460249,0][0.236333,-0.387066,0.286868][0.649254,0.636859,0.415788][0.926174,0.465779,0][0.0404353,-0.376487,0.392825][0.107502,0.554508,0.825205][0.952917,0.461922,0][0.0404353,-0.376487,0.392825][0.107502,0.554508,0.825205][0.952917,0.461922,0][0.0475504,-0.400647,0.437493][0.0925689,0.662309,0.74349][0.951642,0.456816,0][0.278458,-0.408385,0.313849][0.532981,0.742377,0.405964][0.925035,0.460249,0][0.0475504,-0.400647,0.437493][0.0925689,0.662309,0.74349][0.951642,0.456816,0][0.0404353,-0.376487,0.392825][0.107502,0.554508,0.825205][0.952917,0.461922,0][-0.240639,-0.344487,0.304669][-0.471866,0.710343,0.52226][0.985898,0.458764,0][-0.240639,-0.344487,0.304669][-0.471866,0.710343,0.52226][0.985898,0.458764,0][-0.289455,-0.370068,0.334981][-0.51087,0.659253,0.551721][0.989168,0.452542,0][0.0475504,-0.400647,0.437493][0.0925689,0.662309,0.74349][0.951642,0.456816,0][-0.289455,-0.370068,0.334981][-0.51087,0.659253,0.551721][0.772992,0.458539,0][-0.240639,-0.344487,0.304669][-0.471866,0.710343,0.52226][0.774497,0.465543,0][-0.285681,-0.330154,0.106806][-0.676875,0.735976,-0.0134268][0.797931,0.469125,0][-0.285681,-0.330154,0.106806][-0.676875,0.735976,-0.0134268][0.797931,0.469125,0][-0.34145,-0.354269,0.10073][-0.711503,0.702491,-0.0164321][0.798737,0.462613,0][-0.289455,-0.370068,0.334981][-0.51087,0.659253,0.551721][0.772992,0.458539,0][-0.34145,-0.354269,0.10073][-0.711503,0.702491,-0.0164321][0.798737,0.462613,0][-0.285681,-0.330154,0.106806][-0.676875,0.735976,-0.0134268][0.797931,0.469125,0][-0.207603,-0.320172,-0.092743][-0.505409,0.744762,-0.435765][0.824049,0.472931,0][-0.207603,-0.320172,-0.092743][-0.505409,0.744762,-0.435765][0.824049,0.472931,0][-0.249359,-0.340798,-0.127872][-0.529876,0.744254,-0.406593][0.824229,0.466903,0][-0.34145,-0.354269,0.10073][-0.711503,0.702491,-0.0164321][0.798737,0.462613,0][-0.249359,-0.340798,-0.127872][-0.529876,0.744254,-0.406593][0.824229,0.466903,0][-0.207603,-0.320172,-0.092743][-0.505409,0.744762,-0.435765][0.824049,0.472931,0][-0.00506973,-0.329516,-0.195852][0.0781606,0.714467,-0.695289][0.851975,0.473154,0][-0.00506973,-0.329516,-0.195852][0.0781606,0.714467,-0.695289][0.851975,0.473154,0][-0.0111892,-0.347314,-0.248403][0.0627919,0.881696,-0.46762][0.850988,0.467756,0][-0.249359,-0.340798,-0.127872][-0.529876,0.744254,-0.406593][0.824229,0.466903,0][0.613119,0.319534,0.252173][1,0,1.50996e-007][0.319213,0.322001,0][0.613119,0.702712,0.0532796][1,0,1.50996e-007][0.358035,0.340329,0][0.613119,0.454785,0.376641][1,0,1.50996e-007][0.332916,0.310531,0][0.613119,0.702712,0.0532796][1,-1.74141e-006,2.97446e-007][0.358035,0.340329,0][0.613119,1.01125,0.336587][1,-1.74141e-006,2.97446e-007][0.389295,0.314222,0][0.613119,0.736567,0.455842][1,-1.74141e-006,2.97446e-007][0.361465,0.303233,0][0.613119,0.702712,0.0532796][1,-7.44353e-007,1.36326e-006][0.358035,0.340329,0][0.613119,0.319039,-0.182304][1,-7.44353e-007,1.36326e-006][0.319163,0.362038,0][0.613119,0.624831,-0.403526][1,-7.44353e-007,1.36326e-006][0.350145,0.382423,0][0.613118,0.280247,0.0468466][1,-1.28265e-006,-2.32009e-006][0.315233,0.340922,0][0.613119,0.702712,0.0532796][1,-1.28265e-006,-2.32009e-006][0.358035,0.340329,0][0.613119,0.319534,0.252173][1,-1.28265e-006,-2.32009e-006][0.319213,0.322001,0][0.613119,0.702712,0.0532796][1,-3.75563e-007,1.30038e-006][0.358035,0.340329,0][0.613119,0.624831,-0.403526][1,-3.75563e-007,1.30038e-006][0.350145,0.382423,0][0.613119,0.954,-0.29597][1,-3.75563e-007,1.30038e-006][0.383495,0.372512,0][0.613119,0.319039,-0.182304][1,-1.35385e-006,2.35589e-006][0.319163,0.362038,0][0.613119,0.702712,0.0532796][1,-1.35385e-006,2.35589e-006][0.358035,0.340329,0][0.613118,0.280247,0.0468466][1,-1.35385e-006,2.35589e-006][0.315233,0.340922,0][0.613119,0.702712,0.0532796][1,0,1.50996e-007][0.358035,0.340329,0][0.613119,0.736567,0.455842][1,0,1.50996e-007][0.361465,0.303233,0][0.613119,0.454785,0.376641][1,0,1.50996e-007][0.332916,0.310531,0][0.613119,0.702712,0.0532796][1,-1.4088e-006,0][0.358035,0.340329,0][0.613119,1.05691,0.0384661][1,-1.4088e-006,0][0.393921,0.341694,0][0.613119,1.01125,0.336587][1,-1.4088e-006,0][0.389295,0.314222,0][0.613119,0.702712,0.0532796][1,-1.38199e-006,5.76248e-007][0.358035,0.340329,0][0.613119,0.954,-0.29597][1,-1.38199e-006,5.76248e-007][0.383495,0.372512,0][0.613119,1.05691,0.0384661][1,-1.38199e-006,5.76248e-007][0.393921,0.341694,0][-0.00637305,-0.488257,0.0859841][0,-1,0][0.272395,0.417488,0][-0.211777,-0.488257,-0.0773052][0,-1,0][0.24895,0.385161,0][0.00498378,-0.488257,-0.195052][0,-1,0][0.232044,0.419275,0][-0.00637305,-0.488257,0.0859841][0,-1,0][0.272395,0.417488,0][-0.279113,-0.488257,0.0877309][0,-1,0][0.272646,0.374564,0][-0.211777,-0.488257,-0.0773052][0,-1,0][0.24895,0.385161,0][-0.00637305,-0.488257,0.0859841][0,-1,0][0.272395,0.417488,0][-0.237554,-0.488257,0.266197][0,-1,0][0.29827,0.381105,0][-0.279113,-0.488257,0.0877309][0,-1,0][0.272646,0.374564,0][-0.00637305,-0.488257,0.0859841][0,-1,0][0.272395,0.417488,0][0.0192503,-0.488257,0.356493][0,-1,0][0.311235,0.42152,0][-0.237554,-0.488257,0.266197][0,-1,0][0.29827,0.381105,0][-0.00637305,-0.488257,0.0859841][0,-1,0][0.272395,0.417488,0][0.215294,-0.488257,0.243809][0,-1,0][0.295055,0.452373,0][0.0192503,-0.488257,0.356493][0,-1,0][0.311235,0.42152,0][-0.00637305,-0.488257,0.0859841][0,-1,0][0.272395,0.417488,0][0.00498378,-0.488257,-0.195052][0,-1,0][0.232044,0.419275,0][0.224069,-0.488257,-0.0171367][0,-1,0][0.257589,0.453754,0][0.211433,-0.488257,0.112663][0,-1,0][0.276226,0.451765,0][-0.00637305,-0.488257,0.0859841][0,-1,0][0.272395,0.417488,0][0.224069,-0.488257,-0.0171367][0,-1,0][0.257589,0.453754,0][-0.00637305,-0.488257,0.0859841][0,-1,0][0.272395,0.417488,0][0.211433,-0.488257,0.112663][0,-1,0][0.276226,0.451765,0][0.215294,-0.488257,0.243809][0,-1,0][0.295055,0.452373,0][0.555017,0.446191,0.390154][-0.00809713,-0.483111,0.875521][0.463541,0.201488,0][0.510473,0.452492,0.379694][-0.377816,-0.391146,0.839202][0.468065,0.196002,0][0.528987,0.347487,0.27842][-0.472714,-0.752732,0.458188][0.449309,0.185902,0][0.528987,0.347487,0.27842][-0.472714,-0.752732,0.458188][0.449309,0.185902,0][0.551733,0.331518,0.276087][-0.206744,-0.831995,0.514822][0.44587,0.188678,0][0.555017,0.446191,0.390154][-0.00809713,-0.483111,0.875521][0.463541,0.201488,0][0.551733,0.331518,0.276087][-0.206744,-0.831995,0.514822][0.44587,0.188678,0][0.528987,0.347487,0.27842][-0.472714,-0.752732,0.458188][0.449309,0.185902,0][0.528794,0.284769,0.0674047][-0.557637,-0.828447,0.0521264][0.417556,0.172595,0][0.528794,0.284769,0.0674047][-0.557637,-0.828447,0.0521264][0.417556,0.172595,0][0.539715,0.27716,0.0633809][-0.277593,-0.960394,0.0241944][0.415898,0.173968,0][0.551733,0.331518,0.276087][-0.206744,-0.831995,0.514822][0.44587,0.188678,0][0.539715,0.27716,0.0633809][-0.277593,-0.960394,0.0241944][0.728849,0.166242,0][0.528794,0.284769,0.0674047][-0.557637,-0.828447,0.0521264][0.727558,0.164505,0][0.5105,0.353297,-0.227597][-0.424494,-0.673649,-0.60498][0.692469,0.192605,0][0.5105,0.353297,-0.227597][-0.424494,-0.673649,-0.60498][0.692469,0.192605,0][0.549536,0.327126,-0.215631][-0.0786028,-0.814411,-0.574941][0.699545,0.194438,0][0.539715,0.27716,0.0633809][-0.277593,-0.960394,0.0241944][0.728849,0.166242,0][0.478348,0.370457,-0.204078][-0.465242,-0.725605,-0.506998][0.688427,0.187127,0][0.519648,0.291141,0.0707746][-0.557015,-0.828485,0.0578628][0.72649,0.163073,0][0.510502,0.297513,0.0741439][-0.58681,-0.806814,0.0685873][0.725503,0.16167,0][0.510502,0.297513,0.0741439][-0.58681,-0.806814,0.0685873][0.725503,0.16167,0][0.459368,0.36729,-0.194508][-0.290389,-0.809747,-0.509887][0.686986,0.183873,0][0.478348,0.370457,-0.204078][-0.465242,-0.725605,-0.506998][0.688427,0.187127,0][0.510491,0.360472,0.280316][-0.194431,-0.813682,0.54783][0.452184,0.183734,0][0.483988,0.346879,0.265241][-0.14783,-0.931555,0.332191][0.451759,0.178828,0][0.510502,0.297513,0.0741439][-0.58681,-0.806814,0.0685873][0.420411,0.170352,0][0.510502,0.297513,0.0741439][-0.58681,-0.806814,0.0685873][0.420411,0.170352,0][0.519648,0.291141,0.0707746][-0.557015,-0.828485,0.0578628][0.419009,0.171498,0][0.510491,0.360472,0.280316][-0.194431,-0.813682,0.54783][0.452184,0.183734,0][0.464123,0.407134,0.33464][0.0580647,-0.571469,0.818566][0.466033,0.182632,0][0.483988,0.346879,0.265241][-0.14783,-0.931555,0.332191][0.451759,0.178828,0][0.510491,0.360472,0.280316][-0.194431,-0.813682,0.54783][0.452184,0.183734,0][0.510491,0.360472,0.280316][-0.194431,-0.813682,0.54783][0.452184,0.183734,0][0.478127,0.429208,0.351054][-0.259622,-0.508715,0.820857][0.467673,0.187674,0][0.464123,0.407134,0.33464][0.0580647,-0.571469,0.818566][0.466033,0.182632,0][0.269584,-0.682034,-0.314542][0.442456,0.402031,-0.801626][0.773167,0.317556,0][0.303189,-0.757808,-0.329998][0.475094,0.304649,-0.825515][0.776923,0.315075,0][0.239188,-0.794591,-0.35222][-0.193882,0.0116367,-0.980956][0.774562,0.311036,0][0.239188,-0.794591,-0.35222][-0.193882,0.0116367,-0.980956][0.774562,0.311036,0][0.204005,-0.729179,-0.340699][-0.146635,0.082586,-0.985737][0.770904,0.313112,0][0.269584,-0.682034,-0.314542][0.442456,0.402031,-0.801626][0.773167,0.317556,0][0.318666,-0.837296,-0.345104][0.456071,0.236821,-0.857855][0.779634,0.31171,0][0.333164,-0.911809,-0.359264][0.51361,-0.261939,-0.817063][0.78213,0.308353,0][0.289049,-0.928612,-0.362347][-0.133014,-0.527312,-0.839196][0.780366,0.306235,0][0.289049,-0.928612,-0.362347][-0.133014,-0.527312,-0.839196][0.780366,0.306235,0][0.264923,-0.863768,-0.357447][-0.265951,-0.0141198,-0.963883][0.777391,0.30841,0][0.318666,-0.837296,-0.345104][0.456071,0.236821,-0.857855][0.779634,0.31171,0][0.315446,-0.951359,-0.303977][0.261362,-0.959883,-0.101562][0.75081,0.335202,0][0.333164,-0.911809,-0.359264][0.51361,-0.261939,-0.817063][0.754067,0.332557,0][0.358742,-0.905422,-0.322522][0.903211,-0.256298,-0.34427][0.751693,0.331847,0][0.170473,-0.783123,-0.308929][-0.599801,-0.499419,-0.625156][0.769876,0.309126,0][0.204005,-0.729179,-0.340699][-0.146635,0.082586,-0.985737][0.770904,0.313112,0][0.239188,-0.794591,-0.35222][-0.193882,0.0116367,-0.980956][0.774562,0.311036,0][0.239188,-0.794591,-0.35222][-0.193882,0.0116367,-0.980956][0.774562,0.311036,0][0.2019,-0.824534,-0.312978][-0.772658,-0.427233,-0.469544][0.772435,0.307747,0][0.170473,-0.783123,-0.308929][-0.599801,-0.499419,-0.625156][0.769876,0.309126,0][0.225605,-0.884779,-0.318373][-0.852767,-0.365892,-0.372708][0.775304,0.30588,0][0.264923,-0.863768,-0.357447][-0.265951,-0.0141198,-0.963883][0.777391,0.30841,0][0.289049,-0.928612,-0.362347][-0.133014,-0.527312,-0.839196][0.780366,0.306235,0][0.289049,-0.928612,-0.362347][-0.133014,-0.527312,-0.839196][0.780366,0.306235,0][0.257285,-0.935092,-0.327758][-0.599257,-0.725327,-0.338809][0.778298,0.304508,0][0.225605,-0.884779,-0.318373][-0.852767,-0.365892,-0.372708][0.775304,0.30588,0][0.257285,-0.935092,-0.327758][-0.599257,-0.725327,-0.338809][0.752782,0.337205,0][0.289049,-0.928612,-0.362347][-0.133014,-0.527312,-0.839196][0.754536,0.334912,0][0.315446,-0.951359,-0.303977][0.261362,-0.959883,-0.101562][0.75081,0.335202,0][0.175534,-0.818863,-0.222008][-0.44435,-0.894141,-0.0553581][0.740948,0.346555,0][0.170473,-0.783123,-0.308929][-0.599801,-0.499419,-0.625156][0.747012,0.347115,0][0.2019,-0.824534,-0.312978][-0.772658,-0.427233,-0.469544][0.747396,0.344692,0][0.2019,-0.824534,-0.312978][-0.772658,-0.427233,-0.469544][0.747396,0.344692,0][0.210497,-0.838928,-0.239939][-0.638414,-0.737032,0.221834][0.742859,0.344074,0][0.175534,-0.818863,-0.222008][-0.44435,-0.894141,-0.0553581][0.740948,0.346555,0][0.23197,-0.893597,-0.25445][-0.781061,-0.511135,0.358725][0.746066,0.34099,0][0.225605,-0.884779,-0.318373][-0.852767,-0.365892,-0.372708][0.74934,0.341673,0][0.257285,-0.935092,-0.327758][-0.599257,-0.725327,-0.338809][0.751883,0.338864,0][0.257285,-0.935092,-0.327758][-0.599257,-0.725327,-0.338809][0.751883,0.338864,0][0.261557,-0.938701,-0.27238][-0.534117,-0.812256,0.234433][0.748975,0.338335,0][0.23197,-0.893597,-0.25445][-0.781061,-0.511135,0.358725][0.746066,0.34099,0][0.261557,-0.938701,-0.27238][-0.534117,-0.812256,0.234433][0.748975,0.338335,0][0.257285,-0.935092,-0.327758][-0.599257,-0.725327,-0.338809][0.752782,0.337205,0][0.315446,-0.951359,-0.303977][0.261362,-0.959883,-0.101562][0.75081,0.335202,0][0.219502,-0.823482,-0.156288][0.125972,-0.911369,0.391839][0.73777,0.344304,0][0.175534,-0.818863,-0.222008][-0.44435,-0.894141,-0.0553581][0.740948,0.346555,0][0.210497,-0.838928,-0.239939][-0.638414,-0.737032,0.221834][0.742859,0.344074,0][0.210497,-0.838928,-0.239939][-0.638414,-0.737032,0.221834][0.742859,0.344074,0][0.258821,-0.827417,-0.189171][0.0869202,-0.710653,0.698153][0.74006,0.341779,0][0.219502,-0.823482,-0.156288][0.125972,-0.911369,0.391839][0.73777,0.344304,0][0.274856,-0.887325,-0.211251][-0.21678,-0.451096,0.865747][0.744237,0.339394,0][0.23197,-0.893597,-0.25445][-0.781061,-0.511135,0.358725][0.746066,0.34099,0][0.261557,-0.938701,-0.27238][-0.534117,-0.812256,0.234433][0.748975,0.338335,0][0.261557,-0.938701,-0.27238][-0.534117,-0.812256,0.234433][0.748975,0.338335,0][0.299349,-0.937323,-0.236275][-0.0348417,-0.772912,0.633556][0.747378,0.337055,0][0.274856,-0.887325,-0.211251][-0.21678,-0.451096,0.865747][0.744237,0.339394,0][0.299349,-0.937323,-0.236275][-0.0348417,-0.772912,0.633556][0.747378,0.337055,0][0.261557,-0.938701,-0.27238][-0.534117,-0.812256,0.234433][0.748975,0.338335,0][0.315446,-0.951359,-0.303977][0.261362,-0.959883,-0.101562][0.75081,0.335202,0][0.285735,-0.760007,-0.125454][0.658535,-0.453729,0.600384][0.735803,0.339662,0][0.219502,-0.823482,-0.156288][0.125972,-0.911369,0.391839][0.73777,0.344304,0][0.258821,-0.827417,-0.189171][0.0869202,-0.710653,0.698153][0.74006,0.341779,0][0.258821,-0.827417,-0.189171][0.0869202,-0.710653,0.698153][0.74006,0.341779,0][0.318582,-0.796758,-0.190417][0.621862,-0.355003,0.69804][0.739736,0.337405,0][0.285735,-0.760007,-0.125454][0.658535,-0.453729,0.600384][0.735803,0.339662,0][0.274856,-0.887325,-0.211251][-0.21678,-0.451096,0.865747][0.744237,0.339394,0][0.299349,-0.937323,-0.236275][-0.0348417,-0.772912,0.633556][0.747378,0.337055,0][0.341918,-0.921793,-0.240594][0.59236,-0.549045,0.589627][0.747001,0.334994,0][0.341918,-0.921793,-0.240594][0.59236,-0.549045,0.589627][0.747001,0.334994,0][0.330629,-0.861296,-0.216317][0.541913,-0.223546,0.810159][0.743403,0.336415,0][0.274856,-0.887325,-0.211251][-0.21678,-0.451096,0.865747][0.744237,0.339394,0][0.341918,-0.921793,-0.240594][0.59236,-0.549045,0.589627][0.747001,0.334994,0][0.299349,-0.937323,-0.236275][-0.0348417,-0.772912,0.633556][0.747378,0.337055,0][0.315446,-0.951359,-0.303977][0.261362,-0.959883,-0.101562][0.75081,0.335202,0][0.349683,-0.765952,-0.221981][0.954937,0.0582811,0.291032][0.740086,0.333743,0][0.315752,-0.693123,-0.157491][0.923976,0.148877,0.352284][0.735397,0.334627,0][0.285735,-0.760007,-0.125454][0.658535,-0.453729,0.600384][0.735803,0.339662,0][0.285735,-0.760007,-0.125454][0.658535,-0.453729,0.600384][0.735803,0.339662,0][0.318582,-0.796758,-0.190417][0.621862,-0.355003,0.69804][0.739736,0.337405,0][0.349683,-0.765952,-0.221981][0.954937,0.0582811,0.291032][0.740086,0.333743,0][0.362824,-0.908874,-0.269539][0.922638,-0.348311,0.165585][0.747103,0.332936,0][0.356469,-0.839727,-0.246529][0.953954,-0.00604166,0.299892][0.743449,0.333836,0][0.330629,-0.861296,-0.216317][0.541913,-0.223546,0.810159][0.743403,0.336415,0][0.330629,-0.861296,-0.216317][0.541913,-0.223546,0.810159][0.743403,0.336415,0][0.341918,-0.921793,-0.240594][0.59236,-0.549045,0.589627][0.747001,0.334994,0][0.362824,-0.908874,-0.269539][0.922638,-0.348311,0.165585][0.747103,0.332936,0][0.362824,-0.908874,-0.269539][0.922638,-0.348311,0.165585][0.748586,0.33295,0][0.341918,-0.921793,-0.240594][0.59236,-0.549045,0.589627][0.747001,0.334994,0][0.315446,-0.951359,-0.303977][0.261362,-0.959883,-0.101562][0.75081,0.335202,0][0.321696,-0.674637,-0.247575][0.864786,0.442308,-0.237716][0.776213,0.321453,0][0.315752,-0.693123,-0.157491][0.923976,0.148877,0.352284][0.7795,0.326324,0][0.349683,-0.765952,-0.221981][0.954937,0.0582811,0.291032][0.781975,0.320675,0][0.349683,-0.765952,-0.221981][0.954937,0.0582811,0.291032][0.781975,0.320675,0][0.346916,-0.749749,-0.277658][0.898159,0.295762,-0.325323][0.779439,0.31829,0][0.321696,-0.674637,-0.247575][0.864786,0.442308,-0.237716][0.776213,0.321453,0][0.353018,-0.83011,-0.300815][0.920148,0.179644,-0.34793][0.781906,0.314525,0][0.356469,-0.839727,-0.246529][0.953954,-0.00604166,0.299892][0.784339,0.316808,0][0.362824,-0.908874,-0.269539][0.922638,-0.348311,0.165585][0.786006,0.312891,0][0.362824,-0.908874,-0.269539][0.922638,-0.348311,0.165585][0.786006,0.312891,0][0.358742,-0.905422,-0.322522][0.903211,-0.256298,-0.34427][0.783811,0.310504,0][0.353018,-0.83011,-0.300815][0.920148,0.179644,-0.34793][0.781906,0.314525,0][0.358742,-0.905422,-0.322522][0.903211,-0.256298,-0.34427][0.751693,0.331847,0][0.362824,-0.908874,-0.269539][0.922638,-0.348311,0.165585][0.748586,0.33295,0][0.315446,-0.951359,-0.303977][0.261362,-0.959883,-0.101562][0.75081,0.335202,0][-0.138833,-1.25955,0.180238][0.0525675,-0.12687,0.990525][0.714829,0.277623,0][-0.176426,-1.17797,0.184906][0.0765293,-0.0517357,0.995724][0.714941,0.2831,0][-0.249559,-1.21392,0.158718][-0.61395,-0.35576,0.704628][0.719624,0.282806,0][-0.249559,-1.21392,0.158718][-0.61395,-0.35576,0.704628][0.719624,0.282806,0][-0.197847,-1.30025,0.147143][-0.520812,-0.544596,0.657397][0.719368,0.276958,0][-0.138833,-1.25955,0.180238][0.0525675,-0.12687,0.990525][0.714829,0.277623,0][-0.197847,-1.30025,0.147143][-0.520812,-0.544596,0.657397][0.719368,0.276958,0][-0.119295,-1.36345,0.136023][-0.405493,-0.622062,0.669787][0.718578,0.271317,0][-0.0763464,-1.32069,0.164552][0.0969997,-0.134991,0.986087][0.714612,0.272003,0][-0.0763464,-1.32069,0.164552][0.0969997,-0.134991,0.986087][0.714612,0.272003,0][-0.138833,-1.25955,0.180238][0.0525675,-0.12687,0.990525][0.714829,0.277623,0][-0.197847,-1.30025,0.147143][-0.520812,-0.544596,0.657397][0.719368,0.276958,0][-0.020573,-1.37526,0.150552][0.48901,-0.381193,0.784577][0.706652,0.390478,0][-0.0491805,-1.41984,0.126098][0.117267,-0.828311,0.547858][0.706714,0.393853,0][0.00176358,-1.38137,0.0665182][0.856553,-0.516058,0.000833979][0.710705,0.391526,0][-0.0799236,-1.21898,0.146725][0.610743,0.362393,0.704034][0.71131,0.378104,0][-0.118789,-1.14432,0.150019][0.735833,0.182035,0.652237][0.71263,0.372954,0][-0.176426,-1.17797,0.184906][0.0765293,-0.0517357,0.995724][0.7082,0.374026,0][-0.176426,-1.17797,0.184906][0.0765293,-0.0517357,0.995724][0.7082,0.374026,0][-0.138833,-1.25955,0.180238][0.0525675,-0.12687,0.990525][0.706838,0.378895,0][-0.0799236,-1.21898,0.146725][0.610743,0.362393,0.704034][0.71131,0.378104,0][-0.0799236,-1.21898,0.146725][0.610743,0.362393,0.704034][0.71131,0.378104,0][-0.138833,-1.25955,0.180238][0.0525675,-0.12687,0.990525][0.706838,0.378895,0][-0.0763464,-1.32069,0.164552][0.0969997,-0.134991,0.986087][0.706447,0.384099,0][-0.0763464,-1.32069,0.164552][0.0969997,-0.134991,0.986087][0.706447,0.384099,0][-0.0232348,-1.27095,0.135636][0.642497,0.394472,0.656955][0.710695,0.383119,0][-0.0799236,-1.21898,0.146725][0.610743,0.362393,0.704034][0.71131,0.378104,0][0.00800323,-1.3308,0.12579][0.86783,0.00687508,0.496814][0.709347,0.38754,0][-0.020573,-1.37526,0.150552][0.48901,-0.381193,0.784577][0.706652,0.390478,0][0.00176358,-1.38137,0.0665182][0.856553,-0.516058,0.000833979][0.710705,0.391526,0][-0.0556194,-1.20231,0.0662391][0.813345,0.581775,-0.00257799][0.715965,0.378277,0][-0.0918446,-1.13007,0.0662276][0.960612,0.277893,0.000202348][0.717545,0.373186,0][-0.118789,-1.14432,0.150019][0.735833,0.182035,0.652237][0.71263,0.372954,0][-0.118789,-1.14432,0.150019][0.735833,0.182035,0.652237][0.71263,0.372954,0][-0.0799236,-1.21898,0.146725][0.610743,0.362393,0.704034][0.71131,0.378104,0][-0.0556194,-1.20231,0.0662391][0.813345,0.581775,-0.00257799][0.715965,0.378277,0][-0.0556194,-1.20231,0.0662391][0.813345,0.581775,-0.00257799][0.715965,0.378277,0][-0.0799236,-1.21898,0.146725][0.610743,0.362393,0.704034][0.71131,0.378104,0][-0.0232348,-1.27095,0.135636][0.642497,0.394472,0.656955][0.710695,0.383119,0][-0.0232348,-1.27095,0.135636][0.642497,0.394472,0.656955][0.710695,0.383119,0][-0.00552726,-1.25344,0.0662531][0.824832,0.565354,-0.00519147][0.713943,0.383488,0][-0.0556194,-1.20231,0.0662391][0.813345,0.581775,-0.00257799][0.715965,0.378277,0][0.0198289,-1.31251,0.0663171][0.991206,0.132177,-0.00632999][0.712328,0.387366,0][0.00800323,-1.3308,0.12579][0.86783,0.00687508,0.496814][0.709347,0.38754,0][0.00176358,-1.38137,0.0665182][0.856553,-0.516058,0.000833979][0.710705,0.391526,0][-0.0801446,-1.21932,-0.0140731][0.600624,0.37337,-0.706998][0.718918,0.381188,0][-0.119063,-1.14466,-0.0173832][0.698087,0.188399,-0.690783][0.72194,0.375755,0][-0.0918446,-1.13007,0.0662276][0.960612,0.277893,0.000202348][0.717545,0.373186,0][-0.0918446,-1.13007,0.0662276][0.960612,0.277893,0.000202348][0.717545,0.373186,0][-0.0556194,-1.20231,0.0662391][0.813345,0.581775,-0.00257799][0.715965,0.378277,0][-0.0801446,-1.21932,-0.0140731][0.600624,0.37337,-0.706998][0.718918,0.381188,0][-0.0801446,-1.21932,-0.0140731][0.600624,0.37337,-0.706998][0.718918,0.381188,0][-0.0556194,-1.20231,0.0662391][0.813345,0.581775,-0.00257799][0.715965,0.378277,0][-0.00552726,-1.25344,0.0662531][0.824832,0.565354,-0.00519147][0.713943,0.383488,0][-0.00552726,-1.25344,0.0662531][0.824832,0.565354,-0.00519147][0.713943,0.383488,0][-0.0233716,-1.27127,-0.0029794][0.651465,0.375326,-0.659336][0.716536,0.385299,0][-0.0801446,-1.21932,-0.0140731][0.600624,0.37337,-0.706998][0.718918,0.381188,0][0.00795007,-1.33109,0.00697268][0.849836,0.0139467,-0.526862][0.714501,0.38941,0][0.0198289,-1.31251,0.0663171][0.991206,0.132177,-0.00632999][0.712328,0.387366,0][0.00176358,-1.38137,0.0665182][0.856553,-0.516058,0.000833979][0.710705,0.391526,0][-0.139149,-1.26002,-0.0471672][0.0273016,-0.113015,-0.993218][0.722222,0.384589,0][-0.184495,-1.17951,-0.0518362][-0.0534698,-0.0267504,-0.998211][0.725042,0.379556,0][-0.119063,-1.14466,-0.0173832][0.698087,0.188399,-0.690783][0.72194,0.375755,0][-0.119063,-1.14466,-0.0173832][0.698087,0.188399,-0.690783][0.72194,0.375755,0][-0.0801446,-1.21932,-0.0140731][0.600624,0.37337,-0.706998][0.718918,0.381188,0][-0.139149,-1.26002,-0.0471672][0.0273016,-0.113015,-0.993218][0.722222,0.384589,0][-0.139149,-1.26002,-0.0471672][0.0273016,-0.113015,-0.993218][0.722222,0.384589,0][-0.0801446,-1.21932,-0.0140731][0.600624,0.37337,-0.706998][0.718918,0.381188,0][-0.0233716,-1.27127,-0.0029794][0.651465,0.375326,-0.659336][0.716536,0.385299,0][-0.0233716,-1.27127,-0.0029794][0.651465,0.375326,-0.659336][0.716536,0.385299,0][-0.0765356,-1.32113,-0.0314808][0.112828,-0.149561,-0.982294][0.719029,0.388788,0][-0.139149,-1.26002,-0.0471672][0.0273016,-0.113015,-0.993218][0.722222,0.384589,0][-0.0206469,-1.37567,-0.0174809][0.490714,-0.365494,-0.790957][0.714413,0.393282,0][0.00795007,-1.33109,0.00697268][0.849836,0.0139467,-0.526862][0.714501,0.38941,0][0.00176358,-1.38137,0.0665182][0.856553,-0.516058,0.000833979][0.710705,0.391526,0][-0.139149,-1.26002,-0.0471672][0.0273016,-0.113015,-0.993218][0.732857,0.273684,0][-0.198068,-1.30059,-0.0136557][-0.545096,-0.531206,-0.648607][0.728612,0.275053,0][-0.249822,-1.21424,-0.0169476][-0.667085,-0.332074,-0.666876][0.730175,0.280553,0][-0.249822,-1.21424,-0.0169476][-0.667085,-0.332074,-0.666876][0.730175,0.280553,0][-0.184495,-1.17951,-0.0518362][-0.0534698,-0.0267504,-0.998211][0.734266,0.279107,0][-0.139149,-1.26002,-0.0471672][0.0273016,-0.113015,-0.993218][0.732857,0.273684,0][-0.119421,-1.36375,-0.0025921][-0.413989,-0.631977,-0.655147][0.727304,0.269724,0][-0.198068,-1.30059,-0.0136557][-0.545096,-0.531206,-0.648607][0.728612,0.275053,0][-0.139149,-1.26002,-0.0471672][0.0273016,-0.113015,-0.993218][0.732857,0.273684,0][-0.139149,-1.26002,-0.0471672][0.0273016,-0.113015,-0.993218][0.732857,0.273684,0][-0.0765356,-1.32113,-0.0314808][0.112828,-0.149561,-0.982294][0.731,0.268699,0][-0.119421,-1.36375,-0.0025921][-0.413989,-0.631977,-0.655147][0.727304,0.269724,0][-0.0492227,-1.42013,0.007282][0.112607,-0.832234,-0.542869][0.712265,0.39587,0][-0.0206469,-1.37567,-0.0174809][0.490714,-0.365494,-0.790957][0.714413,0.393282,0][0.00176358,-1.38137,0.0665182][0.856553,-0.516058,0.000833979][0.710705,0.391526,0][-0.222372,-1.31725,0.071324][-0.740597,-0.671697,0.0184133][0.723818,0.276127,0][-0.276767,-1.2285,0.0749403][-0.889773,-0.456007,0.0190215][0.724625,0.28176,0][-0.249822,-1.21424,-0.0169476][-0.667085,-0.332074,-0.666876][0.730175,0.280553,0][-0.249822,-1.21424,-0.0169476][-0.667085,-0.332074,-0.666876][0.730175,0.280553,0][-0.198068,-1.30059,-0.0136557][-0.545096,-0.531206,-0.648607][0.728612,0.275053,0][-0.222372,-1.31725,0.071324][-0.740597,-0.671697,0.0184133][0.723818,0.276127,0][-0.222372,-1.31725,0.071324][-0.740597,-0.671697,0.0184133][0.723818,0.276127,0][-0.198068,-1.30059,-0.0136557][-0.545096,-0.531206,-0.648607][0.728612,0.275053,0][-0.119421,-1.36375,-0.0025921][-0.413989,-0.631977,-0.655147][0.727304,0.269724,0][-0.119421,-1.36375,-0.0025921][-0.413989,-0.631977,-0.655147][0.727304,0.269724,0][-0.137128,-1.38128,0.0689086][-0.5989,-0.800758,0.0102308][0.722811,0.27051,0][-0.222372,-1.31725,0.071324][-0.740597,-0.671697,0.0184133][0.723818,0.276127,0][-0.0610484,-1.43842,0.0667537][-0.0232528,-0.999729,-0.000979159][0.709041,0.396101,0][-0.0492227,-1.42013,0.007282][0.112607,-0.832234,-0.542869][0.712265,0.39587,0][0.00176358,-1.38137,0.0665182][0.856553,-0.516058,0.000833979][0.710705,0.391526,0][-0.197847,-1.30025,0.147143][-0.520812,-0.544596,0.657397][0.719368,0.276958,0][-0.249559,-1.21392,0.158718][-0.61395,-0.35576,0.704628][0.719624,0.282806,0][-0.276767,-1.2285,0.0749403][-0.889773,-0.456007,0.0190215][0.724625,0.28176,0][-0.276767,-1.2285,0.0749403][-0.889773,-0.456007,0.0190215][0.724625,0.28176,0][-0.222372,-1.31725,0.071324][-0.740597,-0.671697,0.0184133][0.723818,0.276127,0][-0.197847,-1.30025,0.147143][-0.520812,-0.544596,0.657397][0.719368,0.276958,0][-0.197847,-1.30025,0.147143][-0.520812,-0.544596,0.657397][0.719368,0.276958,0][-0.222372,-1.31725,0.071324][-0.740597,-0.671697,0.0184133][0.723818,0.276127,0][-0.137128,-1.38128,0.0689086][-0.5989,-0.800758,0.0102308][0.722811,0.27051,0][-0.137128,-1.38128,0.0689086][-0.5989,-0.800758,0.0102308][0.722811,0.27051,0][-0.119295,-1.36345,0.136023][-0.405493,-0.622062,0.669787][0.718578,0.271317,0][-0.197847,-1.30025,0.147143][-0.520812,-0.544596,0.657397][0.719368,0.276958,0][0.00176358,-1.38137,0.0665182][0.856553,-0.516058,0.000833979][0.710705,0.391526,0][-0.0491805,-1.41984,0.126098][0.117267,-0.828311,0.547858][0.706714,0.393853,0][-0.0610484,-1.43842,0.0667537][-0.0232528,-0.999729,-0.000979159][0.709041,0.396101,0][-0.184495,-1.17951,-0.0518362][-0.0534698,-0.0267504,-0.998211][0.725042,0.379556,0][-0.194427,-1.09847,-0.0500707][-0.2346,-0.92622,-0.295092][0.727142,0.375974,0][-0.129395,-1.07453,-0.0209194][0.690155,-0.312212,-0.652847][0.72478,0.372039,0][-0.129395,-1.07453,-0.0209194][0.690155,-0.312212,-0.652847][0.72478,0.372039,0][-0.119063,-1.14466,-0.0173832][0.698087,0.188399,-0.690783][0.72194,0.375755,0][-0.184495,-1.17951,-0.0518362][-0.0534698,-0.0267504,-0.998211][0.725042,0.379556,0][-0.119063,-1.14466,-0.0173832][0.698087,0.188399,-0.690783][0.72194,0.375755,0][-0.129395,-1.07453,-0.0209194][0.690155,-0.312212,-0.652847][0.72478,0.372039,0][-0.0993148,-1.06256,0.0662151][0.85615,-0.516728,-0.000495088][0.71869,0.369407,0][-0.0993148,-1.06256,0.0662151][0.85615,-0.516728,-0.000495088][0.71869,0.369407,0][-0.0918446,-1.13007,0.0662276][0.960612,0.277893,0.000202348][0.717545,0.373186,0][-0.119063,-1.14466,-0.0173832][0.698087,0.188399,-0.690783][0.72194,0.375755,0][-0.0918446,-1.13007,0.0662276][0.960612,0.277893,0.000202348][0.717545,0.373186,0][-0.0993148,-1.06256,0.0662151][0.85615,-0.516728,-0.000495088][0.71869,0.369407,0][-0.129079,-1.07424,0.153537][0.781032,-0.468785,0.41259][0.712679,0.368835,0][-0.129079,-1.07424,0.153537][0.781032,-0.468785,0.41259][0.712679,0.368835,0][-0.118789,-1.14432,0.150019][0.735833,0.182035,0.652237][0.71263,0.372954,0][-0.0918446,-1.13007,0.0662276][0.960612,0.277893,0.000202348][0.717545,0.373186,0][-0.118789,-1.14432,0.150019][0.735833,0.182035,0.652237][0.71263,0.372954,0][-0.129079,-1.07424,0.153537][0.781032,-0.468785,0.41259][0.712679,0.368835,0][-0.177667,-1.0992,0.19112][-0.257002,-0.919369,0.297842][0.709237,0.370229,0][-0.177667,-1.0992,0.19112][-0.257002,-0.919369,0.297842][0.709237,0.370229,0][-0.176426,-1.17797,0.184906][0.0765293,-0.0517357,0.995724][0.7082,0.374026,0][-0.118789,-1.14432,0.150019][0.735833,0.182035,0.652237][0.71263,0.372954,0][-0.176426,-1.17797,0.184906][0.0765293,-0.0517357,0.995724][0.714941,0.2831,0][-0.177667,-1.0992,0.19112][-0.257002,-0.919369,0.297842][0.713837,0.2876,0][-0.281513,-1.13136,0.164746][-0.631627,-0.290183,0.718917][0.720125,0.287953,0][-0.281513,-1.13136,0.164746][-0.631627,-0.290183,0.718917][0.720125,0.287953,0][-0.249559,-1.21392,0.158718][-0.61395,-0.35576,0.704628][0.719624,0.282806,0][-0.176426,-1.17797,0.184906][0.0765293,-0.0517357,0.995724][0.714941,0.2831,0][-0.249559,-1.21392,0.158718][-0.61395,-0.35576,0.704628][0.719624,0.282806,0][-0.281513,-1.13136,0.164746][-0.631627,-0.290183,0.718917][0.720125,0.287953,0][-0.311603,-1.14334,0.0784375][-0.937038,-0.348421,0.0237338][0.725153,0.286801,0][-0.311603,-1.14334,0.0784375][-0.937038,-0.348421,0.0237338][0.725153,0.286801,0][-0.276767,-1.2285,0.0749403][-0.889773,-0.456007,0.0190215][0.724625,0.28176,0][-0.249559,-1.21392,0.158718][-0.61395,-0.35576,0.704628][0.719624,0.282806,0][-0.276767,-1.2285,0.0749403][-0.889773,-0.456007,0.0190215][0.724625,0.28176,0][-0.311603,-1.14334,0.0784375][-0.937038,-0.348421,0.0237338][0.725153,0.286801,0][-0.281828,-1.13166,-0.0204661][-0.666339,-0.296432,-0.684194][0.731443,0.28542,0][-0.281828,-1.13166,-0.0204661][-0.666339,-0.296432,-0.684194][0.731443,0.28542,0][-0.249822,-1.21424,-0.0169476][-0.667085,-0.332074,-0.666876][0.730175,0.280553,0][-0.276767,-1.2285,0.0749403][-0.889773,-0.456007,0.0190215][0.724625,0.28176,0][-0.249822,-1.21424,-0.0169476][-0.667085,-0.332074,-0.666876][0.730175,0.280553,0][-0.281828,-1.13166,-0.0204661][-0.666339,-0.296432,-0.684194][0.731443,0.28542,0][-0.194427,-1.09847,-0.0500707][-0.2346,-0.92622,-0.295092][0.736399,0.283397,0][-0.194427,-1.09847,-0.0500707][-0.2346,-0.92622,-0.295092][0.736399,0.283397,0][-0.184495,-1.17951,-0.0518362][-0.0534698,-0.0267504,-0.998211][0.734266,0.279107,0][-0.249822,-1.21424,-0.0169476][-0.667085,-0.332074,-0.666876][0.730175,0.280553,0][-0.0598594,-1.20653,0.355528][0.522957,-0.00569764,0.85234][0.696822,0.289666,0][-0.0874677,-1.14414,0.370242][0.514194,-0.0109341,0.857605][0.698561,0.293506,0][-0.142115,-1.16907,0.376231][-0.289095,-0.266433,0.919477][0.701774,0.291821,0][-0.142115,-1.16907,0.376231][-0.289095,-0.266433,0.919477][0.701774,0.291821,0][-0.109836,-1.23605,0.360808][-0.166026,-0.418394,0.892962][0.699996,0.288127,0][-0.0598594,-1.20653,0.355528][0.522957,-0.00569764,0.85234][0.696822,0.289666,0][-0.027685,-1.25096,0.333172][0.556235,-4.12033e-005,0.831025][0.695191,0.286254,0][-0.067014,-1.28234,0.336126][-0.0489014,-0.502624,0.863121][0.697994,0.284768,0][-0.0174377,-1.3359,0.307556][0.346738,-0.745931,0.568648][0.695898,0.280609,0][-0.0174377,-1.3359,0.307556][0.346738,-0.745931,0.568648][0.695898,0.280609,0][0.00956023,-1.30239,0.307292][0.794687,-0.291383,0.532511][0.693603,0.282212,0][-0.027685,-1.25096,0.333172][0.556235,-4.12033e-005,0.831025][0.695191,0.286254,0][0.00956023,-1.30239,0.307292][0.794687,-0.291383,0.532511][0.688887,0.370184,0][-0.0174377,-1.3359,0.307556][0.346738,-0.745931,0.568648][0.687259,0.372053,0][-0.000708461,-1.31582,0.244011][0.765283,-0.584698,-0.269202][0.691132,0.372202,0][-0.0298634,-1.18309,0.306036][0.868377,0.390507,0.305657][0.697042,0.365397,0][-0.0542203,-1.12499,0.312735][0.949078,0.195313,0.247194][0.700337,0.363328,0][-0.0874677,-1.14414,0.370242][0.514194,-0.0109341,0.857605][0.69651,0.361607,0][-0.0874677,-1.14414,0.370242][0.514194,-0.0109341,0.857605][0.69651,0.361607,0][-0.0598594,-1.20653,0.355528][0.522957,-0.00569764,0.85234][0.694109,0.363941,0][-0.0298634,-1.18309,0.306036][0.868377,0.390507,0.305657][0.697042,0.365397,0][-0.000939727,-1.22162,0.288564][0.864529,0.42844,0.262735][0.694696,0.36744,0][-0.027685,-1.25096,0.333172][0.556235,-4.12033e-005,0.831025][0.691966,0.366225,0][0.00956023,-1.30239,0.307292][0.794687,-0.291383,0.532511][0.689312,0.368903,0][0.00956023,-1.30239,0.307292][0.794687,-0.291383,0.532511][0.689312,0.368903,0][0.0218278,-1.27341,0.274344][0.996095,0.0264639,0.084226][0.69176,0.369578,0][-0.000939727,-1.22162,0.288564][0.864529,0.42844,0.262735][0.694696,0.36744,0][0.0218278,-1.27341,0.274344][0.996095,0.0264639,0.084226][0.69176,0.369578,0][0.00956023,-1.30239,0.307292][0.794687,-0.291383,0.532511][0.688887,0.370184,0][-0.000708461,-1.31582,0.244011][0.765283,-0.584698,-0.269202][0.691132,0.372202,0][-0.0374178,-1.17949,0.241323][0.755687,0.500952,-0.421882][0.699773,0.367474,0][-0.0610276,-1.12364,0.245167][0.878143,0.189931,-0.439079][0.703754,0.365519,0][-0.0542203,-1.12499,0.312735][0.949078,0.195313,0.247194][0.700337,0.363328,0][-0.0542203,-1.12499,0.312735][0.949078,0.195313,0.247194][0.700337,0.363328,0][-0.0298634,-1.18309,0.306036][0.868377,0.390507,0.305657][0.697042,0.365397,0][-0.0374178,-1.17949,0.241323][0.755687,0.500952,-0.421882][0.699773,0.367474,0][-0.0094732,-1.21621,0.232372][0.746949,0.51298,-0.422988][0.696806,0.369067,0][-0.000939727,-1.22162,0.288564][0.864529,0.42844,0.262735][0.694696,0.36744,0][0.0218278,-1.27341,0.274344][0.996095,0.0264639,0.084226][0.69176,0.369578,0][0.0218278,-1.27341,0.274344][0.996095,0.0264639,0.084226][0.69176,0.369578,0][0.0121695,-1.26591,0.228013][0.895644,0.0914099,-0.435277][0.693849,0.370603,0][-0.0094732,-1.21621,0.232372][0.746949,0.51298,-0.422988][0.696806,0.369067,0][0.0121695,-1.26591,0.228013][0.895644,0.0914099,-0.435277][0.693849,0.370603,0][0.0218278,-1.27341,0.274344][0.996095,0.0264639,0.084226][0.69176,0.369578,0][-0.000708461,-1.31582,0.244011][0.765283,-0.584698,-0.269202][0.691132,0.372202,0][-0.0781035,-1.19781,0.199296][0.212192,0.209297,-0.954552][0.700975,0.369976,0][-0.10447,-1.14029,0.201623][0.285162,0.0455969,-0.957394][0.70526,0.368152,0][-0.0610276,-1.12364,0.245167][0.878143,0.189931,-0.439079][0.703754,0.365519,0][-0.0610276,-1.12364,0.245167][0.878143,0.189931,-0.439079][0.703754,0.365519,0][-0.0374178,-1.17949,0.241323][0.755687,0.500952,-0.421882][0.699773,0.367474,0][-0.0781035,-1.19781,0.199296][0.212192,0.209297,-0.954552][0.700975,0.369976,0][-0.0433096,-1.23457,0.194725][0.26318,0.24407,-0.933363][0.697876,0.37096,0][-0.0094732,-1.21621,0.232372][0.746949,0.51298,-0.422988][0.696806,0.369067,0][0.0121695,-1.26591,0.228013][0.895644,0.0914099,-0.435277][0.693849,0.370603,0][0.0121695,-1.26591,0.228013][0.895644,0.0914099,-0.435277][0.693849,0.370603,0][-0.0137445,-1.28431,0.195439][0.518032,-0.107688,-0.848555][0.694463,0.372456,0][-0.0433096,-1.23457,0.194725][0.26318,0.24407,-0.933363][0.697876,0.37096,0][-0.0137445,-1.28431,0.195439][0.518032,-0.107688,-0.848555][0.694463,0.372456,0][0.0121695,-1.26591,0.228013][0.895644,0.0914099,-0.435277][0.693849,0.370603,0][-0.000708461,-1.31582,0.244011][0.765283,-0.584698,-0.269202][0.691132,0.372202,0][-0.12808,-1.22734,0.204577][-0.446339,-0.251575,-0.858773][0.701609,0.372944,0][-0.159129,-1.16521,0.207609][-0.452597,-0.246325,-0.857018][0.705655,0.371301,0][-0.10447,-1.14029,0.201623][0.285162,0.0455969,-0.957394][0.70526,0.368152,0][-0.10447,-1.14029,0.201623][0.285162,0.0455969,-0.957394][0.70526,0.368152,0][-0.0781035,-1.19781,0.199296][0.212192,0.209297,-0.954552][0.700975,0.369976,0][-0.12808,-1.22734,0.204577][-0.446339,-0.251575,-0.858773][0.701609,0.372944,0][-0.0876044,-1.26928,0.200463][-0.375016,-0.279013,-0.884033][0.698165,0.373779,0][-0.0433096,-1.23457,0.194725][0.26318,0.24407,-0.933363][0.697876,0.37096,0][-0.0137445,-1.28431,0.195439][0.518032,-0.107688,-0.848555][0.694463,0.372456,0][-0.0137445,-1.28431,0.195439][0.518032,-0.107688,-0.848555][0.694463,0.372456,0][-0.0407423,-1.31783,0.195703][0.0660959,-0.524657,-0.848744][0.694044,0.374937,0][-0.0876044,-1.26928,0.200463][-0.375016,-0.279013,-0.884033][0.698165,0.373779,0][-0.0407423,-1.31783,0.195703][0.0660959,-0.524657,-0.848744][0.692593,0.374655,0][-0.0137445,-1.28431,0.195439][0.518032,-0.107688,-0.848555][0.694463,0.372456,0][-0.000708461,-1.31582,0.244011][0.765283,-0.584698,-0.269202][0.691132,0.372202,0][-0.12808,-1.22734,0.204577][-0.446339,-0.251575,-0.858773][0.70765,0.28176,0][-0.158076,-1.25077,0.254069][-0.785789,-0.554638,-0.2737][0.705133,0.284005,0][-0.192955,-1.18379,0.259622][-0.89306,-0.375991,-0.247132][0.707722,0.287015,0][-0.192955,-1.18379,0.259622][-0.89306,-0.375991,-0.247132][0.707722,0.287015,0][-0.159129,-1.16521,0.207609][-0.452597,-0.246325,-0.857018][0.710378,0.284906,0][-0.12808,-1.22734,0.204577][-0.446339,-0.251575,-0.858773][0.70765,0.28176,0][-0.0530106,-1.34681,0.22865][-0.152688,-0.901192,-0.405634][0.700592,0.27724,0][-0.109383,-1.29528,0.242287][-0.678959,-0.663422,-0.314462][0.703163,0.280991,0][-0.0876044,-1.26928,0.200463][-0.375016,-0.279013,-0.884033][0.705507,0.278977,0][-0.0876044,-1.26928,0.200463][-0.375016,-0.279013,-0.884033][0.705507,0.278977,0][-0.0407423,-1.31783,0.195703][0.0660959,-0.524657,-0.848744][0.702871,0.275898,0][-0.0530106,-1.34681,0.22865][-0.152688,-0.901192,-0.405634][0.700592,0.27724,0][-0.0530106,-1.34681,0.22865][-0.152688,-0.901192,-0.405634][0.689852,0.375312,0][-0.0407423,-1.31783,0.195703][0.0660959,-0.524657,-0.848744][0.692593,0.374655,0][-0.000708461,-1.31582,0.244011][0.765283,-0.584698,-0.269202][0.691132,0.372202,0][-0.150522,-1.25438,0.318782][-0.679864,-0.609394,0.407951][0.702677,0.286028,0][-0.186158,-1.18515,0.32719][-0.827409,-0.375997,0.417158][0.704835,0.289339,0][-0.192955,-1.18379,0.259622][-0.89306,-0.375991,-0.247132][0.707722,0.287015,0][-0.192955,-1.18379,0.259622][-0.89306,-0.375991,-0.247132][0.707722,0.287015,0][-0.158076,-1.25077,0.254069][-0.785789,-0.554638,-0.2737][0.705133,0.284005,0][-0.150522,-1.25438,0.318782][-0.679864,-0.609394,0.407951][0.702677,0.286028,0][-0.100851,-1.3007,0.298481][-0.55022,-0.752002,0.362974][0.700653,0.282891,0][-0.109383,-1.29528,0.242287][-0.678959,-0.663422,-0.314462][0.703163,0.280991,0][-0.0530106,-1.34681,0.22865][-0.152688,-0.901192,-0.405634][0.700592,0.27724,0][-0.0530106,-1.34681,0.22865][-0.152688,-0.901192,-0.405634][0.700592,0.27724,0][-0.0433621,-1.3543,0.274983][-0.0399981,-0.987125,0.154869][0.69818,0.278876,0][-0.100851,-1.3007,0.298481][-0.55022,-0.752002,0.362974][0.700653,0.282891,0][-0.0433621,-1.3543,0.274983][-0.0399981,-0.987125,0.154869][0.687701,0.374151,0][-0.0530106,-1.34681,0.22865][-0.152688,-0.901192,-0.405634][0.689852,0.375312,0][-0.000708461,-1.31582,0.244011][0.765283,-0.584698,-0.269202][0.691132,0.372202,0][-0.109836,-1.23605,0.360808][-0.166026,-0.418394,0.892962][0.699996,0.288127,0][-0.142115,-1.16907,0.376231][-0.289095,-0.266433,0.919477][0.701774,0.291821,0][-0.186158,-1.18515,0.32719][-0.827409,-0.375997,0.417158][0.704835,0.289339,0][-0.186158,-1.18515,0.32719][-0.827409,-0.375997,0.417158][0.704835,0.289339,0][-0.150522,-1.25438,0.318782][-0.679864,-0.609394,0.407951][0.702677,0.286028,0][-0.109836,-1.23605,0.360808][-0.166026,-0.418394,0.892962][0.699996,0.288127,0][-0.067014,-1.28234,0.336126][-0.0489014,-0.502624,0.863121][0.697994,0.284768,0][-0.100851,-1.3007,0.298481][-0.55022,-0.752002,0.362974][0.700653,0.282891,0][-0.0433621,-1.3543,0.274983][-0.0399981,-0.987125,0.154869][0.69818,0.278876,0][-0.0433621,-1.3543,0.274983][-0.0399981,-0.987125,0.154869][0.69818,0.278876,0][-0.0174377,-1.3359,0.307556][0.346738,-0.745931,0.568648][0.695898,0.280609,0][-0.067014,-1.28234,0.336126][-0.0489014,-0.502624,0.863121][0.697994,0.284768,0][-0.000708461,-1.31582,0.244011][0.765283,-0.584698,-0.269202][0.691132,0.372202,0][-0.0174377,-1.3359,0.307556][0.346738,-0.745931,0.568648][0.687259,0.372053,0][-0.0433621,-1.3543,0.274983][-0.0399981,-0.987125,0.154869][0.687701,0.374151,0][-0.159129,-1.16521,0.207609][-0.452597,-0.246325,-0.857018][0.705655,0.371301,0][-0.177667,-1.0992,0.19112][-0.257002,-0.919369,0.297842][0.709237,0.370229,0][-0.110078,-1.07921,0.195879][0.384826,-0.318207,-0.866402][0.709248,0.366874,0][-0.110078,-1.07921,0.195879][0.384826,-0.318207,-0.866402][0.709248,0.366874,0][-0.10447,-1.14029,0.201623][0.285162,0.0455969,-0.957394][0.70526,0.368152,0][-0.159129,-1.16521,0.207609][-0.452597,-0.246325,-0.857018][0.705655,0.371301,0][-0.10447,-1.14029,0.201623][0.285162,0.0455969,-0.957394][0.70526,0.368152,0][-0.110078,-1.07921,0.195879][0.384826,-0.318207,-0.866402][0.709248,0.366874,0][-0.063679,-1.06434,0.241045][0.878382,-0.34241,-0.333468][0.707121,0.363893,0][-0.063679,-1.06434,0.241045][0.878382,-0.34241,-0.333468][0.707121,0.363893,0][-0.0610276,-1.12364,0.245167][0.878143,0.189931,-0.439079][0.703754,0.365519,0][-0.10447,-1.14029,0.201623][0.285162,0.0455969,-0.957394][0.70526,0.368152,0][-0.0610276,-1.12364,0.245167][0.878143,0.189931,-0.439079][0.703754,0.365519,0][-0.063679,-1.06434,0.241045][0.878382,-0.34241,-0.333468][0.707121,0.363893,0][-0.0576921,-1.06331,0.311664][0.93673,-0.237428,0.257223][0.703327,0.361472,0][-0.0576921,-1.06331,0.311664][0.93673,-0.237428,0.257223][0.703327,0.361472,0][-0.0542203,-1.12499,0.312735][0.949078,0.195313,0.247194][0.700337,0.363328,0][-0.0610276,-1.12364,0.245167][0.878143,0.189931,-0.439079][0.703754,0.365519,0][-0.0542203,-1.12499,0.312735][0.949078,0.195313,0.247194][0.700337,0.363328,0][-0.0576921,-1.06331,0.311664][0.93673,-0.237428,0.257223][0.703327,0.361472,0][-0.0946535,-1.07882,0.379539][0.545559,-0.116756,0.8299][0.698567,0.359426,0][-0.0946535,-1.07882,0.379539][0.545559,-0.116756,0.8299][0.698567,0.359426,0][-0.0874677,-1.14414,0.370242][0.514194,-0.0109341,0.857605][0.69651,0.361607,0][-0.0542203,-1.12499,0.312735][0.949078,0.195313,0.247194][0.700337,0.363328,0][-0.0874677,-1.14414,0.370242][0.514194,-0.0109341,0.857605][0.698561,0.293506,0][-0.0946535,-1.07882,0.379539][0.545559,-0.116756,0.8299][0.699297,0.297255,0][-0.162243,-1.09881,0.386282][-0.321506,-0.237906,0.916534][0.703439,0.295403,0][-0.162243,-1.09881,0.386282][-0.321506,-0.237906,0.916534][0.703439,0.295403,0][-0.142115,-1.16907,0.376231][-0.289095,-0.266433,0.919477][0.701774,0.291821,0][-0.0874677,-1.14414,0.370242][0.514194,-0.0109341,0.857605][0.698561,0.293506,0][-0.142115,-1.16907,0.376231][-0.289095,-0.266433,0.919477][0.701774,0.291821,0][-0.162243,-1.09881,0.386282][-0.321506,-0.237906,0.916534][0.703439,0.295403,0][-0.20962,-1.11157,0.327944][-0.842828,-0.367577,0.393101][0.707335,0.292768,0][-0.20962,-1.11157,0.327944][-0.842828,-0.367577,0.393101][0.707335,0.292768,0][-0.186158,-1.18515,0.32719][-0.827409,-0.375997,0.417158][0.704835,0.289339,0][-0.142115,-1.16907,0.376231][-0.289095,-0.266433,0.919477][0.701774,0.291821,0][-0.186158,-1.18515,0.32719][-0.827409,-0.375997,0.417158][0.704835,0.289339,0][-0.20962,-1.11157,0.327944][-0.842828,-0.367577,0.393101][0.707335,0.292768,0][-0.215607,-1.11261,0.257325][-0.87996,-0.430078,-0.201749][0.710649,0.290075,0][-0.215607,-1.11261,0.257325][-0.87996,-0.430078,-0.201749][0.710649,0.290075,0][-0.192955,-1.18379,0.259622][-0.89306,-0.375991,-0.247132][0.707722,0.287015,0][-0.186158,-1.18515,0.32719][-0.827409,-0.375997,0.417158][0.704835,0.289339,0][-0.192955,-1.18379,0.259622][-0.89306,-0.375991,-0.247132][0.707722,0.287015,0][-0.215607,-1.11261,0.257325][-0.87996,-0.430078,-0.201749][0.710649,0.290075,0][-0.177667,-1.0992,0.19112][-0.257002,-0.919369,0.297842][0.713837,0.2876,0][-0.177667,-1.0992,0.19112][-0.257002,-0.919369,0.297842][0.713837,0.2876,0][-0.159129,-1.16521,0.207609][-0.452597,-0.246325,-0.857018][0.710378,0.284906,0][-0.192955,-1.18379,0.259622][-0.89306,-0.375991,-0.247132][0.707722,0.287015,0][-0.123019,-1.24362,-0.0708685][-0.134018,-0.206129,0.969304][0.740903,0.274614,0][-0.166693,-1.17433,-0.0675678][-0.165107,-0.197521,0.966295][0.738806,0.279054,0][-0.218016,-1.20469,-0.111155][-0.742963,-0.420118,0.521063][0.742714,0.280525,0][-0.218016,-1.20469,-0.111155][-0.742963,-0.420118,0.521063][0.742714,0.280525,0][-0.168629,-1.27903,-0.112699][-0.609584,-0.598655,0.519634][0.744738,0.276194,0][-0.123019,-1.24362,-0.0708685][-0.134018,-0.206129,0.969304][0.740903,0.274614,0][-0.0659831,-1.2926,-0.0790436][-0.0668355,-0.230011,0.97089][0.742922,0.270443,0][-0.0985566,-1.32958,-0.114686][-0.48469,-0.689802,0.537819][0.746259,0.271576,0][-0.0307894,-1.37847,-0.116606][0.0506112,-0.867831,0.494276][0.748111,0.26713,0][-0.0307894,-1.37847,-0.116606][0.0506112,-0.867831,0.494276][0.748111,0.26713,0][-0.01083,-1.33996,-0.0869515][0.355764,-0.432188,0.828641][0.745025,0.266571,0][-0.0659831,-1.2926,-0.0790436][-0.0668355,-0.230011,0.97089][0.742922,0.270443,0][-0.01083,-1.33996,-0.0869515][0.355764,-0.432188,0.828641][0.738677,0.393849,0][-0.0307894,-1.37847,-0.116606][0.0506112,-0.867831,0.494276][0.740621,0.396506,0][0.0228068,-1.34042,-0.156624][0.87276,-0.479606,0.0909252][0.742131,0.392528,0][-0.0690551,-1.20362,-0.0871101][0.464002,0.327305,0.823149][0.735169,0.382091,0][-0.1067,-1.13917,-0.0844431][0.581004,0.144606,0.800951][0.733323,0.376896,0][-0.166693,-1.17433,-0.0675678][-0.165107,-0.197521,0.966295][0.730328,0.379413,0][-0.166693,-1.17433,-0.0675678][-0.165107,-0.197521,0.966295][0.730328,0.379413,0][-0.123019,-1.24362,-0.0708685][-0.134018,-0.206129,0.969304][0.732283,0.384478,0][-0.0690551,-1.20362,-0.0871101][0.464002,0.327305,0.823149][0.735169,0.382091,0][-0.0185211,-1.24581,-0.0921571][0.509877,0.359019,0.781749][0.737301,0.386424,0][-0.0659831,-1.2926,-0.0790436][-0.0668355,-0.230011,0.97089][0.734975,0.388776,0][-0.01083,-1.33996,-0.0869515][0.355764,-0.432188,0.828641][0.737224,0.392941,0][-0.01083,-1.33996,-0.0869515][0.355764,-0.432188,0.828641][0.737224,0.392941,0][0.015347,-1.29809,-0.100202][0.763805,0.0171602,0.645219][0.738817,0.390477,0][-0.0185211,-1.24581,-0.0921571][0.509877,0.359019,0.781749][0.737301,0.386424,0][0.015347,-1.29809,-0.100202][0.763805,0.0171602,0.645219][0.738817,0.390477,0][-0.01083,-1.33996,-0.0869515][0.355764,-0.432188,0.828641][0.738677,0.393849,0][0.0228068,-1.34042,-0.156624][0.87276,-0.479606,0.0909252][0.742131,0.392528,0][-0.0383327,-1.18247,-0.151916][0.77999,0.603777,0.164528][0.738238,0.380727,0][-0.0731372,-1.11984,-0.151893][0.936722,0.307588,0.16716][0.736357,0.376003,0][-0.1067,-1.13917,-0.0844431][0.581004,0.144606,0.800951][0.733323,0.376896,0][-0.1067,-1.13917,-0.0844431][0.581004,0.144606,0.800951][0.733323,0.376896,0][-0.0690551,-1.20362,-0.0871101][0.464002,0.327305,0.823149][0.735169,0.382091,0][-0.0383327,-1.18247,-0.151916][0.77999,0.603777,0.164528][0.738238,0.380727,0][0.00525725,-1.22488,-0.148621][0.784468,0.598492,0.162535][0.739646,0.385268,0][-0.0185211,-1.24581,-0.0921571][0.509877,0.359019,0.781749][0.737301,0.386424,0][0.015347,-1.29809,-0.100202][0.763805,0.0171602,0.645219][0.738817,0.390477,0][0.015347,-1.29809,-0.100202][0.763805,0.0171602,0.645219][0.738817,0.390477,0][0.0324126,-1.27737,-0.148596][0.966288,0.205153,0.155566][0.740682,0.388989,0][0.00525725,-1.22488,-0.148621][0.784468,0.598492,0.162535][0.739646,0.385268,0][0.0324126,-1.27737,-0.148596][0.966288,0.205153,0.155566][0.740682,0.388989,0][0.015347,-1.29809,-0.100202][0.763805,0.0171602,0.645219][0.738817,0.390477,0][0.0228068,-1.34042,-0.156624][0.87276,-0.479606,0.0909252][0.742131,0.392528,0][-0.048854,-1.19255,-0.227317][0.691275,0.443379,-0.570573][0.742316,0.381283,0][-0.0857104,-1.12763,-0.230408][0.790918,0.26788,-0.550172][0.740343,0.376666,0][-0.0731372,-1.11984,-0.151893][0.936722,0.307588,0.16716][0.736357,0.376003,0][-0.0731372,-1.11984,-0.151893][0.936722,0.307588,0.16716][0.736357,0.376003,0][-0.0383327,-1.18247,-0.151916][0.77999,0.603777,0.164528][0.738238,0.380727,0][-0.048854,-1.19255,-0.227317][0.691275,0.443379,-0.570573][0.742316,0.381283,0][-0.000961065,-1.23622,-0.213749][0.719357,0.458319,-0.521985][0.742461,0.385355,0][0.00525725,-1.22488,-0.148621][0.784468,0.598492,0.162535][0.739646,0.385268,0][0.0324126,-1.27737,-0.148596][0.966288,0.205153,0.155566][0.740682,0.388989,0][0.0324126,-1.27737,-0.148596][0.966288,0.205153,0.155566][0.740682,0.388989,0][0.0303502,-1.28993,-0.203788][0.913291,0.117699,-0.389932][0.743536,0.389384,0][-0.000961065,-1.23622,-0.213749][0.719357,0.458319,-0.521985][0.742461,0.385355,0][0.0303502,-1.28993,-0.203788][0.913291,0.117699,-0.389932][0.743536,0.389384,0][0.0324126,-1.27737,-0.148596][0.966288,0.205153,0.155566][0.740682,0.388989,0][0.0228068,-1.34042,-0.156624][0.87276,-0.479606,0.0909252][0.742131,0.392528,0][-0.0944538,-1.22796,-0.26915][0.210741,-0.0171873,-0.977391][0.746553,0.382253,0][-0.137023,-1.15799,-0.273996][0.165302,0.0291228,-0.985813][0.745252,0.377875,0][-0.0857104,-1.12763,-0.230408][0.790918,0.26788,-0.550172][0.740343,0.376666,0][-0.0857104,-1.12763,-0.230408][0.790918,0.26788,-0.550172][0.740343,0.376666,0][-0.048854,-1.19255,-0.227317][0.691275,0.443379,-0.570573][0.742316,0.381283,0][-0.0944538,-1.22796,-0.26915][0.210741,-0.0171873,-0.977391][0.746553,0.382253,0][-0.0411526,-1.27905,-0.250998][0.289048,-0.0410753,-0.956433][0.746428,0.386351,0][-0.000961065,-1.23622,-0.213749][0.719357,0.458319,-0.521985][0.742461,0.385355,0][0.0303502,-1.28993,-0.203788][0.913291,0.117699,-0.389932][0.743536,0.389384,0][0.0303502,-1.28993,-0.203788][0.913291,0.117699,-0.389932][0.743536,0.389384,0][0.010402,-1.32844,-0.233442][0.623793,-0.258865,-0.737476][0.746414,0.390626,0][-0.0411526,-1.27905,-0.250998][0.289048,-0.0410753,-0.956433][0.746428,0.386351,0][0.010402,-1.32844,-0.233442][0.623793,-0.258865,-0.737476][0.745777,0.391971,0][0.0303502,-1.28993,-0.203788][0.913291,0.117699,-0.389932][0.743536,0.389384,0][0.0228068,-1.34042,-0.156624][0.87276,-0.479606,0.0909252][0.742131,0.392528,0][-0.0944538,-1.22796,-0.26915][0.210741,-0.0171873,-0.977391][0.756453,0.279607,0][-0.148439,-1.26797,-0.252907][-0.397429,-0.486766,-0.777888][0.752214,0.278524,0][-0.197026,-1.19315,-0.257121][-0.53267,-0.301429,-0.790824][0.751059,0.28326,0][-0.197026,-1.19315,-0.257121][-0.53267,-0.301429,-0.790824][0.751059,0.28326,0][-0.137023,-1.15799,-0.273996][0.165302,0.0291228,-0.985813][0.75518,0.284628,0][-0.0944538,-1.22796,-0.26915][0.210741,-0.0171873,-0.977391][0.756453,0.279607,0][-0.0157751,-1.37032,-0.220191][0.22709,-0.770882,-0.595122][0.754789,0.269487,0][-0.0809966,-1.31999,-0.236276][-0.259084,-0.5862,-0.767623][0.753517,0.273921,0][-0.0411526,-1.27905,-0.250998][0.289048,-0.0410753,-0.956433][0.757199,0.275096,0][-0.0411526,-1.27905,-0.250998][0.289048,-0.0410753,-0.956433][0.757199,0.275096,0][0.010402,-1.32844,-0.233442][0.623793,-0.258865,-0.737476][0.757802,0.270891,0][-0.0157751,-1.37032,-0.220191][0.22709,-0.770882,-0.595122][0.754789,0.269487,0][-0.0157751,-1.37032,-0.220191][0.22709,-0.770882,-0.595122][0.745761,0.394964,0][0.010402,-1.32844,-0.233442][0.623793,-0.258865,-0.737476][0.745777,0.391971,0][0.0228068,-1.34042,-0.156624][0.87276,-0.479606,0.0909252][0.742131,0.392528,0][-0.179161,-1.28913,-0.188103][-0.700998,-0.69472,-0.161138][0.748448,0.277412,0][-0.230568,-1.21249,-0.189668][-0.865836,-0.471323,-0.167876][0.746953,0.281908,0][-0.197026,-1.19315,-0.257121][-0.53267,-0.301429,-0.790824][0.751059,0.28326,0][-0.197026,-1.19315,-0.257121][-0.53267,-0.301429,-0.790824][0.751059,0.28326,0][-0.148439,-1.26797,-0.252907][-0.397429,-0.486766,-0.777888][0.752214,0.278524,0][-0.179161,-1.28913,-0.188103][-0.700998,-0.69472,-0.161138][0.748448,0.277412,0][-0.104775,-1.34094,-0.179814][-0.552347,-0.820255,-0.148646][0.749841,0.272549,0][-0.0809966,-1.31999,-0.236276][-0.259084,-0.5862,-0.767623][0.753517,0.273921,0][-0.0157751,-1.37032,-0.220191][0.22709,-0.770882,-0.595122][0.754789,0.269487,0][-0.0157751,-1.37032,-0.220191][0.22709,-0.770882,-0.595122][0.754789,0.269487,0][-0.0328407,-1.39104,-0.171797][0.00745684,-0.996698,-0.0808573][0.75145,0.268026,0][-0.104775,-1.34094,-0.179814][-0.552347,-0.820255,-0.148646][0.749841,0.272549,0][-0.0328407,-1.39104,-0.171797][0.00745684,-0.996698,-0.0808573][0.743568,0.396829,0][-0.0157751,-1.37032,-0.220191][0.22709,-0.770882,-0.595122][0.745761,0.394964,0][0.0228068,-1.34042,-0.156624][0.87276,-0.479606,0.0909252][0.742131,0.392528,0][-0.168629,-1.27903,-0.112699][-0.609584,-0.598655,0.519634][0.744738,0.276194,0][-0.218016,-1.20469,-0.111155][-0.742963,-0.420118,0.521063][0.742714,0.280525,0][-0.230568,-1.21249,-0.189668][-0.865836,-0.471323,-0.167876][0.746953,0.281908,0][-0.230568,-1.21249,-0.189668][-0.865836,-0.471323,-0.167876][0.746953,0.281908,0][-0.179161,-1.28913,-0.188103][-0.700998,-0.69472,-0.161138][0.748448,0.277412,0][-0.168629,-1.27903,-0.112699][-0.609584,-0.598655,0.519634][0.744738,0.276194,0][-0.0985566,-1.32958,-0.114686][-0.48469,-0.689802,0.537819][0.746259,0.271576,0][-0.104775,-1.34094,-0.179814][-0.552347,-0.820255,-0.148646][0.749841,0.272549,0][-0.0328407,-1.39104,-0.171797][0.00745684,-0.996698,-0.0808573][0.75145,0.268026,0][-0.0328407,-1.39104,-0.171797][0.00745684,-0.996698,-0.0808573][0.75145,0.268026,0][-0.0307894,-1.37847,-0.116606][0.0506112,-0.867831,0.494276][0.748111,0.26713,0][-0.0985566,-1.32958,-0.114686][-0.48469,-0.689802,0.537819][0.746259,0.271576,0][-0.0307894,-1.37847,-0.116606][0.0506112,-0.867831,0.494276][0.740621,0.396506,0][-0.0328407,-1.39104,-0.171797][0.00745684,-0.996698,-0.0808573][0.743568,0.396829,0][0.0228068,-1.34042,-0.156624][0.87276,-0.479606,0.0909252][0.742131,0.392528,0][-0.137023,-1.15799,-0.273996][0.165302,0.0291228,-0.985813][0.745252,0.377875,0][-0.163547,-1.0814,-0.275516][0.0814515,0.00944372,-0.996633][0.745239,0.374172,0][-0.0981886,-1.05644,-0.230053][0.82777,-0.175812,-0.53281][0.739669,0.372501,0][-0.0981886,-1.05644,-0.230053][0.82777,-0.175812,-0.53281][0.739669,0.372501,0][-0.0857104,-1.12763,-0.230408][0.790918,0.26788,-0.550172][0.740343,0.376666,0][-0.137023,-1.15799,-0.273996][0.165302,0.0291228,-0.985813][0.745252,0.377875,0][-0.0857104,-1.12763,-0.230408][0.790918,0.26788,-0.550172][0.740343,0.376666,0][-0.0981886,-1.05644,-0.230053][0.82777,-0.175812,-0.53281][0.739669,0.372501,0][-0.0834589,-1.05109,-0.148212][0.946086,-0.318053,0.0613491][0.734636,0.371733,0][-0.0834589,-1.05109,-0.148212][0.946086,-0.318053,0.0613491][0.734636,0.371733,0][-0.0731372,-1.11984,-0.151893][0.936722,0.307588,0.16716][0.736357,0.376003,0][-0.0857104,-1.12763,-0.230408][0.790918,0.26788,-0.550172][0.740343,0.376666,0][-0.0731372,-1.11984,-0.151893][0.936722,0.307588,0.16716][0.736357,0.376003,0][-0.0834589,-1.05109,-0.148212][0.946086,-0.318053,0.0613491][0.734636,0.371733,0][-0.120031,-1.0685,-0.0779347][0.68632,-0.447649,0.573216][0.730017,0.372585,0][-0.120031,-1.0685,-0.0779347][0.68632,-0.447649,0.573216][0.730017,0.372585,0][-0.1067,-1.13917,-0.0844431][0.581004,0.144606,0.800951][0.733323,0.376896,0][-0.0731372,-1.11984,-0.151893][0.936722,0.307588,0.16716][0.736357,0.376003,0][-0.1067,-1.13917,-0.0844431][0.581004,0.144606,0.800951][0.733323,0.376896,0][-0.120031,-1.0685,-0.0779347][0.68632,-0.447649,0.573216][0.730017,0.372585,0][-0.194427,-1.09847,-0.0500707][-0.2346,-0.92622,-0.295092][0.727142,0.375974,0][-0.194427,-1.09847,-0.0500707][-0.2346,-0.92622,-0.295092][0.727142,0.375974,0][-0.166693,-1.17433,-0.0675678][-0.165107,-0.197521,0.966295][0.730328,0.379413,0][-0.1067,-1.13917,-0.0844431][0.581004,0.144606,0.800951][0.733323,0.376896,0][-0.166693,-1.17433,-0.0675678][-0.165107,-0.197521,0.966295][0.738806,0.279054,0][-0.194427,-1.09847,-0.0500707][-0.2346,-0.92622,-0.295092][0.736399,0.283397,0][-0.251832,-1.12344,-0.105845][-0.788191,-0.392228,0.474249][0.740467,0.284935,0][-0.251832,-1.12344,-0.105845][-0.788191,-0.392228,0.474249][0.740467,0.284935,0][-0.218016,-1.20469,-0.111155][-0.742963,-0.420118,0.521063][0.742714,0.280525,0][-0.166693,-1.17433,-0.0675678][-0.165107,-0.197521,0.966295][0.738806,0.279054,0][-0.218016,-1.20469,-0.111155][-0.742963,-0.420118,0.521063][0.742714,0.280525,0][-0.251832,-1.12344,-0.105845][-0.788191,-0.392228,0.474249][0.740467,0.284935,0][-0.266583,-1.12878,-0.187688][-0.921774,-0.350469,-0.165842][0.745422,0.286452,0][-0.266583,-1.12878,-0.187688][-0.921774,-0.350469,-0.165842][0.745422,0.286452,0][-0.230568,-1.21249,-0.189668][-0.865836,-0.471323,-0.167876][0.746953,0.281908,0][-0.218016,-1.20469,-0.111155][-0.742963,-0.420118,0.521063][0.742714,0.280525,0][-0.230568,-1.21249,-0.189668][-0.865836,-0.471323,-0.167876][0.746953,0.281908,0][-0.266583,-1.12878,-0.187688][-0.921774,-0.350469,-0.165842][0.745422,0.286452,0][-0.230011,-1.11138,-0.257969][-0.566671,-0.179789,-0.804089][0.749966,0.287888,0][-0.230011,-1.11138,-0.257969][-0.566671,-0.179789,-0.804089][0.749966,0.287888,0][-0.197026,-1.19315,-0.257121][-0.53267,-0.301429,-0.790824][0.751059,0.28326,0][-0.230568,-1.21249,-0.189668][-0.865836,-0.471323,-0.167876][0.746953,0.281908,0][-0.197026,-1.19315,-0.257121][-0.53267,-0.301429,-0.790824][0.751059,0.28326,0][-0.230011,-1.11138,-0.257969][-0.566671,-0.179789,-0.804089][0.749966,0.287888,0][-0.163547,-1.0814,-0.275516][0.0814515,0.00944372,-0.996633][0.754121,0.289413,0][-0.163547,-1.0814,-0.275516][0.0814515,0.00944372,-0.996633][0.754121,0.289413,0][-0.137023,-1.15799,-0.273996][0.165302,0.0291228,-0.985813][0.75518,0.284628,0][-0.197026,-1.19315,-0.257121][-0.53267,-0.301429,-0.790824][0.751059,0.28326,0][0.223764,-0.592107,0.11218][0.998232,0.0571704,-0.016257][0.685296,0.33906,0][0.220082,-0.546309,0.112277][0.98804,0.150681,0.0327482][0.687452,0.340874,0][0.235463,-0.560796,0.178544][0.969894,0.230948,-0.0772543][0.6892,0.337194,0][0.235463,-0.560796,0.178544][0.969894,0.230948,-0.0772543][0.6892,0.337194,0][0.24549,-0.617317,0.169925][0.974424,0.0749251,-0.211857][0.686321,0.335202,0][0.223764,-0.592107,0.11218][0.998232,0.0571704,-0.016257][0.685296,0.33906,0][0.254602,-0.535745,-0.170076][0.796499,0.559605,-0.228979][0.770062,0.328816,0][0.259968,-0.553831,-0.0495492][0.953443,0.276382,0.120665][0.772413,0.334806,0][0.279316,-0.629279,-0.0970392][0.960782,0.129154,0.245392][0.776483,0.330901,0][0.279316,-0.629279,-0.0970392][0.960782,0.129154,0.245392][0.776483,0.330901,0][0.293194,-0.608711,-0.218437][0.83414,0.512733,-0.203263][0.773591,0.32479,0][0.254602,-0.535745,-0.170076][0.796499,0.559605,-0.228979][0.770062,0.328816,0][0.135522,-0.67752,-0.323528][-0.187328,0.172494,-0.967034][0.766325,0.314687,0][0.0688583,-0.57116,-0.26528][-0.19138,0.421865,-0.88623][0.759936,0.320006,0][0.18595,-0.533683,-0.245087][0.276083,0.636267,-0.720376][0.765964,0.324616,0][0.18595,-0.533683,-0.245087][0.276083,0.636267,-0.720376][0.765964,0.324616,0][0.233444,-0.615507,-0.298718][0.314386,0.537428,-0.782517][0.769998,0.320068,0][0.135522,-0.67752,-0.323528][-0.187328,0.172494,-0.967034][0.766325,0.314687,0][-0.0949483,-0.606806,-0.210935][-0.483893,0.287463,-0.826567][0.751261,0.316689,0][0.0688583,-0.57116,-0.26528][-0.19138,0.421865,-0.88623][0.759936,0.320006,0][0.135522,-0.67752,-0.323528][-0.187328,0.172494,-0.967034][0.766325,0.314687,0][0.135522,-0.67752,-0.323528][-0.187328,0.172494,-0.967034][0.766325,0.314687,0][-0.0789764,-0.722573,-0.257058][-0.364115,0.186234,-0.912544][0.754702,0.31014,0][-0.0949483,-0.606806,-0.210935][-0.483893,0.287463,-0.826567][0.751261,0.316689,0][-0.259797,-0.729474,-0.120206][-0.801123,0.283884,-0.52689][0.741263,0.308876,0][-0.32444,-0.960144,-0.181193][-0.95998,0.0126641,-0.279784][0.742451,0.295385,0][-0.311519,-0.97096,-0.0621086][-0.980338,-0.109835,-0.163935][0.735582,0.294518,0][-0.0641418,-0.761659,0.420788][-0.0824371,0.0593037,0.99483][0.70397,0.314836,0][-0.249559,-0.734093,0.290827][-0.790068,0.161212,0.591442][0.717369,0.312335,0][-0.167146,-0.927812,0.415804][-0.253139,-0.000334118,0.96743][0.705706,0.304688,0][0.209876,-0.706043,0.322263][0.735275,-0.136416,0.663899][0.710911,0.338207,0][0.123012,-0.775147,0.36257][0.472045,-0.282722,0.83501][0.707735,0.343498,0][0.152903,-0.818064,0.304299][0.564497,-0.752147,0.340025][0.71174,0.345819,0][0.152903,-0.818064,0.304299][0.564497,-0.752147,0.340025][0.71174,0.345819,0][0.2031,-0.777389,0.283089][0.79201,-0.546389,0.272357][0.71327,0.342913,0][0.209876,-0.706043,0.322263][0.735275,-0.136416,0.663899][0.710911,0.338207,0][-0.110078,-1.07921,0.195879][0.384826,-0.318207,-0.866402][0.709248,0.366874,0][-0.177667,-1.0992,0.19112][-0.257002,-0.919369,0.297842][0.709237,0.370229,0][-0.0385853,-0.998599,0.174552][0.807633,-0.586829,-0.0579662][0.71379,0.362713,0][0.135522,-0.67752,-0.323528][-0.187328,0.172494,-0.967034][0.766325,0.314687,0][0.115657,-0.745498,-0.305253][-0.241892,-0.494099,-0.835078][0.766324,0.310498,0][-0.0396479,-0.787015,-0.259182][0.078855,-0.235128,-0.96876][0.758136,0.3066,0][-0.0396479,-0.787015,-0.259182][0.078855,-0.235128,-0.96876][0.758136,0.3066,0][-0.0789764,-0.722573,-0.257058][-0.364115,0.186234,-0.912544][0.754702,0.31014,0][0.135522,-0.67752,-0.323528][-0.187328,0.172494,-0.967034][0.766325,0.314687,0][-0.289277,-0.962511,0.32684][-0.872905,-0.0995804,0.47762][0.712987,0.300004,0][-0.20962,-1.11157,0.327944][-0.842828,-0.367577,0.393101][0.707335,0.292768,0][-0.162243,-1.09881,0.386282][-0.321506,-0.237906,0.916534][0.703439,0.295403,0][-0.162243,-1.09881,0.386282][-0.321506,-0.237906,0.916534][0.703439,0.295403,0][-0.167146,-0.927812,0.415804][-0.253139,-0.000334118,0.96743][0.705706,0.304688,0][-0.289277,-0.962511,0.32684][-0.872905,-0.0995804,0.47762][0.712987,0.300004,0][-0.0834589,-1.05109,-0.148212][0.946086,-0.318053,0.0613491][0.734636,0.371733,0][-0.0981886,-1.05644,-0.230053][0.82777,-0.175812,-0.53281][0.739669,0.372501,0][-0.0445724,-0.963942,-0.229955][0.698932,-0.32949,-0.634768][0.738021,0.366605,0][-0.0445724,-0.963942,-0.229955][0.698932,-0.32949,-0.634768][0.738021,0.366605,0][-0.0277485,-0.982249,-0.127199][0.811933,-0.582201,-0.0425075][0.733175,0.365464,0][-0.0834589,-1.05109,-0.148212][0.946086,-0.318053,0.0613491][0.734636,0.371733,0][-0.0690446,-0.948854,0.385913][0.426148,-0.249102,0.869682][0.701132,0.354415,0][-0.0946535,-1.07882,0.379539][0.545559,-0.116756,0.8299][0.698567,0.359426,0][-0.0576921,-1.06331,0.311664][0.93673,-0.237428,0.257223][0.703327,0.361472,0][-0.0576921,-1.06331,0.311664][0.93673,-0.237428,0.257223][0.703327,0.361472,0][-0.00853682,-0.993181,0.322838][0.776866,-0.510761,0.368242][0.705952,0.358118,0][-0.0690446,-0.948854,0.385913][0.426148,-0.249102,0.869682][0.701132,0.354415,0][0.0119693,-0.838065,-0.201035][0.637969,-0.490132,-0.593942][0.7385,0.357117,0][-0.00187671,-0.88519,-0.218239][0.766908,-0.226507,-0.600456][0.738355,0.36042,0][-0.0396479,-0.787015,-0.259182][0.078855,-0.235128,-0.96876][0.744581,0.35807,0][0.2031,-0.777389,0.283089][0.79201,-0.546389,0.272357][0.71327,0.342913,0][0.152903,-0.818064,0.304299][0.564497,-0.752147,0.340025][0.71174,0.345819,0][0.157374,-0.81376,0.176987][0.5805,-0.80178,-0.142015][0.718521,0.34763,0][0.157374,-0.81376,0.176987][0.5805,-0.80178,-0.142015][0.718521,0.34763,0][0.238504,-0.707211,0.166881][0.924993,-0.336625,-0.176271][0.7193,0.34008,0][0.2031,-0.777389,0.283089][0.79201,-0.546389,0.272357][0.71327,0.342913,0][0.026226,-0.835213,0.38247][0.426038,-0.336341,0.839861][0.704819,0.348667,0][0.0545387,-0.857592,0.326457][0.702885,-0.655311,0.276623][0.708589,0.350866,0][0.152903,-0.818064,0.304299][0.564497,-0.752147,0.340025][0.71174,0.345819,0][0.152903,-0.818064,0.304299][0.564497,-0.752147,0.340025][0.71174,0.345819,0][0.123012,-0.775147,0.36257][0.472045,-0.282722,0.83501][0.707735,0.343498,0][0.026226,-0.835213,0.38247][0.426038,-0.336341,0.839861][0.704819,0.348667,0][0.00371051,-0.882276,0.178092][0.853373,-0.518733,-0.0516834][0.716093,0.356521,0][0.0358423,-0.867482,0.0797528][0.707264,-0.705142,0.0505155][0.722505,0.356133,0][0.159973,-0.78953,0.104409][0.683666,-0.729648,-0.0146698][0.722879,0.347049,0][0.159973,-0.78953,0.104409][0.683666,-0.729648,-0.0146698][0.722879,0.347049,0][0.157374,-0.81376,0.176987][0.5805,-0.80178,-0.142015][0.718521,0.34763,0][0.00371051,-0.882276,0.178092][0.853373,-0.518733,-0.0516834][0.716093,0.356521,0][0.0385991,-0.865031,-0.102766][0.650501,-0.745736,-0.143966][0.733001,0.356588,0][0.0119693,-0.838065,-0.201035][0.637969,-0.490132,-0.593942][0.7385,0.357117,0][0.117498,-0.800683,-0.205699][-0.015172,-0.923086,-0.384295][0.739608,0.350272,0][0.117498,-0.800683,-0.205699][-0.015172,-0.923086,-0.384295][0.739608,0.350272,0][0.15749,-0.81999,-0.126368][0.308713,-0.950906,0.0217866][0.735558,0.348011,0][0.0385991,-0.865031,-0.102766][0.650501,-0.745736,-0.143966][0.733001,0.356588,0][-0.305543,-0.965152,0.207289][-0.932295,-0.128811,0.337984][0.719525,0.297889,0][-0.314612,-0.739617,0.0832656][-0.988782,0.139518,0.053338][0.72915,0.309263,0][-0.366662,-0.979314,0.0822716][-0.997947,-0.0486271,0.0416783][0.726686,0.296129,0][-0.289277,-0.962511,0.32684][-0.872905,-0.0995804,0.47762][0.712987,0.300004,0][-0.305543,-0.965152,0.207289][-0.932295,-0.128811,0.337984][0.719525,0.297889,0][-0.215607,-1.11261,0.257325][-0.87996,-0.430078,-0.201749][0.710649,0.290075,0][-0.215607,-1.11261,0.257325][-0.87996,-0.430078,-0.201749][0.710649,0.290075,0][-0.20962,-1.11157,0.327944][-0.842828,-0.367577,0.393101][0.707335,0.292768,0][-0.289277,-0.962511,0.32684][-0.872905,-0.0995804,0.47762][0.712987,0.300004,0][-0.129079,-1.07424,0.153537][0.781032,-0.468785,0.41259][0.712679,0.368835,0][-0.0385853,-0.998599,0.174552][0.807633,-0.586829,-0.0579662][0.71379,0.362713,0][-0.177667,-1.0992,0.19112][-0.257002,-0.919369,0.297842][0.709237,0.370229,0][-0.32444,-0.960144,-0.181193][-0.95998,0.0126641,-0.279784][0.742451,0.295385,0][-0.266583,-1.12878,-0.187688][-0.921774,-0.350469,-0.165842][0.745422,0.286452,0][-0.251832,-1.12344,-0.105845][-0.788191,-0.392228,0.474249][0.740467,0.284935,0][-0.251832,-1.12344,-0.105845][-0.788191,-0.392228,0.474249][0.740467,0.284935,0][-0.311519,-0.97096,-0.0621086][-0.980338,-0.109835,-0.163935][0.735582,0.294518,0][-0.32444,-0.960144,-0.181193][-0.95998,0.0126641,-0.279784][0.742451,0.295385,0][-0.0364815,-1.02266,0.0690293][0.747183,-0.66209,-0.0579073][0.720069,0.365631,0][-0.0993148,-1.06256,0.0662151][0.85615,-0.516728,-0.000495088][0.71869,0.369407,0][-0.129395,-1.07453,-0.0209194][0.690155,-0.312212,-0.652847][0.72478,0.372039,0][-0.129395,-1.07453,-0.0209194][0.690155,-0.312212,-0.652847][0.72478,0.372039,0][-0.0545676,-0.993644,-0.0226449][0.771011,-0.629368,-0.097151][0.726455,0.366275,0][-0.0364815,-1.02266,0.0690293][0.747183,-0.66209,-0.0579073][0.720069,0.365631,0][-0.32444,-0.960144,-0.181193][-0.95998,0.0126641,-0.279784][0.742451,0.295385,0][-0.251211,-0.943278,-0.263951][-0.487137,0.127308,-0.863997][0.748756,0.296743,0][-0.230011,-1.11138,-0.257969][-0.566671,-0.179789,-0.804089][0.749966,0.287888,0][-0.230011,-1.11138,-0.257969][-0.566671,-0.179789,-0.804089][0.749966,0.287888,0][-0.266583,-1.12878,-0.187688][-0.921774,-0.350469,-0.165842][0.745422,0.286452,0][-0.32444,-0.960144,-0.181193][-0.95998,0.0126641,-0.279784][0.742451,0.295385,0][-0.163547,-1.0814,-0.275516][0.0814515,0.00944372,-0.996633][0.745239,0.374172,0][-0.137844,-0.928127,-0.272387][0.11909,0.0135,-0.992792][0.744875,0.367267,0][-0.0445724,-0.963942,-0.229955][0.698932,-0.32949,-0.634768][0.738021,0.366605,0][-0.0445724,-0.963942,-0.229955][0.698932,-0.32949,-0.634768][0.738021,0.366605,0][-0.0981886,-1.05644,-0.230053][0.82777,-0.175812,-0.53281][0.739669,0.372501,0][-0.163547,-1.0814,-0.275516][0.0814515,0.00944372,-0.996633][0.745239,0.374172,0][-0.366662,-0.979314,0.0822716][-0.997947,-0.0486271,0.0416783][0.726686,0.296129,0][-0.311519,-0.97096,-0.0621086][-0.980338,-0.109835,-0.163935][0.735582,0.294518,0][-0.281828,-1.13166,-0.0204661][-0.666339,-0.296432,-0.684194][0.731443,0.28542,0][-0.281828,-1.13166,-0.0204661][-0.666339,-0.296432,-0.684194][0.731443,0.28542,0][-0.311603,-1.14334,0.0784375][-0.937038,-0.348421,0.0237338][0.725153,0.286801,0][-0.366662,-0.979314,0.0822716][-0.997947,-0.0486271,0.0416783][0.726686,0.296129,0][-0.281513,-1.13136,0.164746][-0.631627,-0.290183,0.718917][0.720125,0.287953,0][-0.177667,-1.0992,0.19112][-0.257002,-0.919369,0.297842][0.713837,0.2876,0][-0.305543,-0.965152,0.207289][-0.932295,-0.128811,0.337984][0.719525,0.297889,0][0.259968,-0.553831,-0.0495492][0.953443,0.276382,0.120665][0.772413,0.334806,0][0.220082,-0.546309,0.112277][0.98804,0.150681,0.0327482][0.773064,0.343795,0][0.223764,-0.592107,0.11218][0.998232,0.0571704,-0.016257][0.775726,0.343177,0][0.223764,-0.592107,0.11218][0.998232,0.0571704,-0.016257][0.775726,0.343177,0][0.279316,-0.629279,-0.0970392][0.960782,0.129154,0.245392][0.776483,0.330901,0][0.259968,-0.553831,-0.0495492][0.953443,0.276382,0.120665][0.772413,0.334806,0][0.255833,-0.72656,-0.0663263][0.781884,-0.457197,0.423825][0.731988,0.340743,0][0.279316,-0.629279,-0.0970392][0.960782,0.129154,0.245392][0.731382,0.33347,0][0.223764,-0.592107,0.11218][0.998232,0.0571704,-0.016257][0.721229,0.333249,0][0.223764,-0.592107,0.11218][0.998232,0.0571704,-0.016257][0.721229,0.333249,0][0.245638,-0.693176,0.0609228][0.948331,-0.231464,0.217008][0.725115,0.339948,0][0.255833,-0.72656,-0.0663263][0.781884,-0.457197,0.423825][0.731988,0.340743,0][0.245638,-0.693176,0.0609228][0.948331,-0.231464,0.217008][0.725115,0.339948,0][0.152797,-0.818369,0.0214701][0.617802,-0.779255,0.105273][0.727522,0.348672,0][0.15749,-0.81999,-0.126368][0.308713,-0.950906,0.0217866][0.735558,0.348011,0][0.15749,-0.81999,-0.126368][0.308713,-0.950906,0.0217866][0.735558,0.348011,0][0.255833,-0.72656,-0.0663263][0.781884,-0.457197,0.423825][0.731988,0.340743,0][0.245638,-0.693176,0.0609228][0.948331,-0.231464,0.217008][0.725115,0.339948,0][0.00224757,-0.886231,-0.00921016][0.804722,-0.593575,-0.0095196][0.727277,0.358583,0][0.0385991,-0.865031,-0.102766][0.650501,-0.745736,-0.143966][0.733001,0.356588,0][0.15749,-0.81999,-0.126368][0.308713,-0.950906,0.0217866][0.735558,0.348011,0][0.15749,-0.81999,-0.126368][0.308713,-0.950906,0.0217866][0.735558,0.348011,0][0.152797,-0.818369,0.0214701][0.617802,-0.779255,0.105273][0.727522,0.348672,0][0.00224757,-0.886231,-0.00921016][0.804722,-0.593575,-0.0095196][0.727277,0.358583,0][-0.0545676,-0.993644,-0.0226449][0.771011,-0.629368,-0.097151][0.726455,0.366275,0][-0.120031,-1.0685,-0.0779347][0.68632,-0.447649,0.573216][0.730017,0.372585,0][-0.0834589,-1.05109,-0.148212][0.946086,-0.318053,0.0613491][0.734636,0.371733,0][-0.0834589,-1.05109,-0.148212][0.946086,-0.318053,0.0613491][0.734636,0.371733,0][-0.0277485,-0.982249,-0.127199][0.811933,-0.582201,-0.0425075][0.733175,0.365464,0][-0.0545676,-0.993644,-0.0226449][0.771011,-0.629368,-0.097151][0.726455,0.366275,0][0.0210704,-0.908652,-0.113879][0.899932,-0.43236,-0.0564594][0.732866,0.359723,0][-0.00187671,-0.88519,-0.218239][0.766908,-0.226507,-0.600456][0.738355,0.36042,0][0.0119693,-0.838065,-0.201035][0.637969,-0.490132,-0.593942][0.7385,0.357117,0][0.0119693,-0.838065,-0.201035][0.637969,-0.490132,-0.593942][0.7385,0.357117,0][0.0385991,-0.865031,-0.102766][0.650501,-0.745736,-0.143966][0.733001,0.356588,0][0.0210704,-0.908652,-0.113879][0.899932,-0.43236,-0.0564594][0.732866,0.359723,0][0.0385991,-0.865031,-0.102766][0.650501,-0.745736,-0.143966][0.733001,0.356588,0][0.00224757,-0.886231,-0.00921016][0.804722,-0.593575,-0.0095196][0.727277,0.358583,0][-0.00982034,-0.92596,-0.0153208][0.899683,-0.435158,-0.0347538][0.727015,0.361229,0][-0.00982034,-0.92596,-0.0153208][0.899683,-0.435158,-0.0347538][0.727015,0.361229,0][0.0210704,-0.908652,-0.113879][0.899932,-0.43236,-0.0564594][0.732866,0.359723,0][0.0385991,-0.865031,-0.102766][0.650501,-0.745736,-0.143966][0.733001,0.356588,0][0.00224757,-0.886231,-0.00921016][0.804722,-0.593575,-0.0095196][0.727277,0.358583,0][0.0358423,-0.867482,0.0797528][0.707264,-0.705142,0.0505155][0.722505,0.356133,0][0.0155996,-0.92838,0.0748753][0.924029,-0.380248,-0.0397635][0.721692,0.359996,0][0.0155996,-0.92838,0.0748753][0.924029,-0.380248,-0.0397635][0.721692,0.359996,0][-0.00982034,-0.92596,-0.0153208][0.899683,-0.435158,-0.0347538][0.727015,0.361229,0][0.00224757,-0.886231,-0.00921016][0.804722,-0.593575,-0.0095196][0.727277,0.358583,0][-0.00176072,-0.926065,0.176483][0.947965,-0.315847,-0.0400397][0.715306,0.35889,0][0.00371051,-0.882276,0.178092][0.853373,-0.518733,-0.0516834][0.716093,0.356521,0][0.0545387,-0.857592,0.326457][0.702885,-0.655311,0.276623][0.708589,0.350866,0][0.0545387,-0.857592,0.326457][0.702885,-0.655311,0.276623][0.708589,0.350866,0][0.0384942,-0.909568,0.324811][0.871109,-0.415736,0.261405][0.707834,0.353815,0][-0.00176072,-0.926065,0.176483][0.947965,-0.315847,-0.0400397][0.715306,0.35889,0][0.026226,-0.835213,0.38247][0.426038,-0.336341,0.839861][0.704819,0.348667,0][0.0384942,-0.909568,0.324811][0.871109,-0.415736,0.261405][0.707834,0.353815,0][0.0545387,-0.857592,0.326457][0.702885,-0.655311,0.276623][0.708589,0.350866,0][0.238504,-0.707211,0.166881][0.924993,-0.336625,-0.176271][0.7193,0.34008,0][0.157374,-0.81376,0.176987][0.5805,-0.80178,-0.142015][0.718521,0.34763,0][0.159973,-0.78953,0.104409][0.683666,-0.729648,-0.0146698][0.722879,0.347049,0][0.159973,-0.78953,0.104409][0.683666,-0.729648,-0.0146698][0.722879,0.347049,0][0.219177,-0.704633,0.107714][0.925045,-0.379196,0.0223854][0.722521,0.340848,0][0.238504,-0.707211,0.166881][0.924993,-0.336625,-0.176271][0.7193,0.34008,0][0.0545387,-0.857592,0.326457][0.702885,-0.655311,0.276623][0.708589,0.350866,0][0.00371051,-0.882276,0.178092][0.853373,-0.518733,-0.0516834][0.716093,0.356521,0][0.157374,-0.81376,0.176987][0.5805,-0.80178,-0.142015][0.718521,0.34763,0][0.157374,-0.81376,0.176987][0.5805,-0.80178,-0.142015][0.718521,0.34763,0][0.152903,-0.818064,0.304299][0.564497,-0.752147,0.340025][0.71174,0.345819,0][0.0545387,-0.857592,0.326457][0.702885,-0.655311,0.276623][0.708589,0.350866,0][0.0358423,-0.867482,0.0797528][0.707264,-0.705142,0.0505155][0.722505,0.356133,0][0.00224757,-0.886231,-0.00921016][0.804722,-0.593575,-0.0095196][0.727277,0.358583,0][0.152797,-0.818369,0.0214701][0.617802,-0.779255,0.105273][0.727522,0.348672,0][0.152797,-0.818369,0.0214701][0.617802,-0.779255,0.105273][0.727522,0.348672,0][0.159973,-0.78953,0.104409][0.683666,-0.729648,-0.0146698][0.722879,0.347049,0][0.0358423,-0.867482,0.0797528][0.707264,-0.705142,0.0505155][0.722505,0.356133,0][0.219177,-0.704633,0.107714][0.925045,-0.379196,0.0223854][0.722521,0.340848,0][0.159973,-0.78953,0.104409][0.683666,-0.729648,-0.0146698][0.722879,0.347049,0][0.152797,-0.818369,0.0214701][0.617802,-0.779255,0.105273][0.727522,0.348672,0][0.152797,-0.818369,0.0214701][0.617802,-0.779255,0.105273][0.727522,0.348672,0][0.245638,-0.693176,0.0609228][0.948331,-0.231464,0.217008][0.725115,0.339948,0][0.219177,-0.704633,0.107714][0.925045,-0.379196,0.0223854][0.722521,0.340848,0][0.00371051,-0.882276,0.178092][0.853373,-0.518733,-0.0516834][0.716093,0.356521,0][-0.00176072,-0.926065,0.176483][0.947965,-0.315847,-0.0400397][0.715306,0.35889,0][0.0155996,-0.92838,0.0748753][0.924029,-0.380248,-0.0397635][0.721692,0.359996,0][0.0155996,-0.92838,0.0748753][0.924029,-0.380248,-0.0397635][0.721692,0.359996,0][0.0358423,-0.867482,0.0797528][0.707264,-0.705142,0.0505155][0.722505,0.356133,0][0.00371051,-0.882276,0.178092][0.853373,-0.518733,-0.0516834][0.716093,0.356521,0][-0.311519,-0.97096,-0.0621086][-0.980338,-0.109835,-0.163935][0.735582,0.294518,0][-0.251832,-1.12344,-0.105845][-0.788191,-0.392228,0.474249][0.740467,0.284935,0][-0.194427,-1.09847,-0.0500707][-0.2346,-0.92622,-0.295092][0.736399,0.283397,0][-0.194427,-1.09847,-0.0500707][-0.2346,-0.92622,-0.295092][0.736399,0.283397,0][-0.281828,-1.13166,-0.0204661][-0.666339,-0.296432,-0.684194][0.731443,0.28542,0][-0.311519,-0.97096,-0.0621086][-0.980338,-0.109835,-0.163935][0.735582,0.294518,0][-0.366662,-0.979314,0.0822716][-0.997947,-0.0486271,0.0416783][0.726686,0.296129,0][-0.311603,-1.14334,0.0784375][-0.937038,-0.348421,0.0237338][0.725153,0.286801,0][-0.281513,-1.13136,0.164746][-0.631627,-0.290183,0.718917][0.720125,0.287953,0][-0.281513,-1.13136,0.164746][-0.631627,-0.290183,0.718917][0.720125,0.287953,0][-0.305543,-0.965152,0.207289][-0.932295,-0.128811,0.337984][0.719525,0.297889,0][-0.366662,-0.979314,0.0822716][-0.997947,-0.0486271,0.0416783][0.726686,0.296129,0][-0.177667,-1.0992,0.19112][-0.257002,-0.919369,0.297842][0.713837,0.2876,0][-0.215607,-1.11261,0.257325][-0.87996,-0.430078,-0.201749][0.710649,0.290075,0][-0.305543,-0.965152,0.207289][-0.932295,-0.128811,0.337984][0.719525,0.297889,0][-0.0396479,-0.787015,-0.259182][0.078855,-0.235128,-0.96876][0.744581,0.35807,0][0.115657,-0.745498,-0.305253][-0.241892,-0.494099,-0.835078][0.747193,0.350273,0][0.117498,-0.800683,-0.205699][-0.015172,-0.923086,-0.384295][0.739608,0.350272,0][0.117498,-0.800683,-0.205699][-0.015172,-0.923086,-0.384295][0.739608,0.350272,0][0.0119693,-0.838065,-0.201035][0.637969,-0.490132,-0.593942][0.7385,0.357117,0][-0.0396479,-0.787015,-0.259182][0.078855,-0.235128,-0.96876][0.744581,0.35807,0][-0.32444,-0.960144,-0.181193][-0.95998,0.0126641,-0.279784][0.742451,0.295385,0][-0.259797,-0.729474,-0.120206][-0.801123,0.283884,-0.52689][0.741263,0.308876,0][-0.251211,-0.943278,-0.263951][-0.487137,0.127308,-0.863997][0.748756,0.296743,0][-0.259797,-0.729474,-0.120206][-0.801123,0.283884,-0.52689][0.741263,0.308876,0][-0.0949483,-0.606806,-0.210935][-0.483893,0.287463,-0.826567][0.751261,0.316689,0][-0.0789764,-0.722573,-0.257058][-0.364115,0.186234,-0.912544][0.754702,0.31014,0][-0.0789764,-0.722573,-0.257058][-0.364115,0.186234,-0.912544][0.754702,0.31014,0][-0.251211,-0.943278,-0.263951][-0.487137,0.127308,-0.863997][0.748756,0.296743,0][-0.259797,-0.729474,-0.120206][-0.801123,0.283884,-0.52689][0.741263,0.308876,0][-0.120031,-1.0685,-0.0779347][0.68632,-0.447649,0.573216][0.730017,0.372585,0][-0.0545676,-0.993644,-0.0226449][0.771011,-0.629368,-0.097151][0.726455,0.366275,0][-0.194427,-1.09847,-0.0500707][-0.2346,-0.92622,-0.295092][0.727142,0.375974,0][-0.129395,-1.07453,-0.0209194][0.690155,-0.312212,-0.652847][0.72478,0.372039,0][-0.194427,-1.09847,-0.0500707][-0.2346,-0.92622,-0.295092][0.727142,0.375974,0][-0.0545676,-0.993644,-0.0226449][0.771011,-0.629368,-0.097151][0.726455,0.366275,0][-0.0364815,-1.02266,0.0690293][0.747183,-0.66209,-0.0579073][0.720069,0.365631,0][-0.0385853,-0.998599,0.174552][0.807633,-0.586829,-0.0579662][0.71379,0.362713,0][-0.129079,-1.07424,0.153537][0.781032,-0.468785,0.41259][0.712679,0.368835,0][-0.129079,-1.07424,0.153537][0.781032,-0.468785,0.41259][0.712679,0.368835,0][-0.0993148,-1.06256,0.0662151][0.85615,-0.516728,-0.000495088][0.71869,0.369407,0][-0.0364815,-1.02266,0.0690293][0.747183,-0.66209,-0.0579073][0.720069,0.365631,0][-0.00853682,-0.993181,0.322838][0.776866,-0.510761,0.368242][0.705952,0.358118,0][-0.0576921,-1.06331,0.311664][0.93673,-0.237428,0.257223][0.703327,0.361472,0][-0.063679,-1.06434,0.241045][0.878382,-0.34241,-0.333468][0.707121,0.363893,0][-0.063679,-1.06434,0.241045][0.878382,-0.34241,-0.333468][0.707121,0.363893,0][-0.0385853,-0.998599,0.174552][0.807633,-0.586829,-0.0579662][0.71379,0.362713,0][-0.00853682,-0.993181,0.322838][0.776866,-0.510761,0.368242][0.705952,0.358118,0][-0.063679,-1.06434,0.241045][0.878382,-0.34241,-0.333468][0.707121,0.363893,0][-0.110078,-1.07921,0.195879][0.384826,-0.318207,-0.866402][0.709248,0.366874,0][-0.0385853,-0.998599,0.174552][0.807633,-0.586829,-0.0579662][0.71379,0.362713,0][-0.0946535,-1.07882,0.379539][0.545559,-0.116756,0.8299][0.699297,0.297255,0][-0.0690446,-0.948854,0.385913][0.426148,-0.249102,0.869682][0.699474,0.304841,0][-0.167146,-0.927812,0.415804][-0.253139,-0.000334118,0.96743][0.705706,0.304688,0][-0.167146,-0.927812,0.415804][-0.253139,-0.000334118,0.96743][0.705706,0.304688,0][-0.162243,-1.09881,0.386282][-0.321506,-0.237906,0.916534][0.703439,0.295403,0][-0.0946535,-1.07882,0.379539][0.545559,-0.116756,0.8299][0.699297,0.297255,0][-0.137844,-0.928127,-0.272387][0.11909,0.0135,-0.992792][0.755039,0.298175,0][-0.163547,-1.0814,-0.275516][0.0814515,0.00944372,-0.996633][0.754121,0.289413,0][-0.230011,-1.11138,-0.257969][-0.566671,-0.179789,-0.804089][0.749966,0.287888,0][-0.230011,-1.11138,-0.257969][-0.566671,-0.179789,-0.804089][0.749966,0.287888,0][-0.251211,-0.943278,-0.263951][-0.487137,0.127308,-0.863997][0.748756,0.296743,0][-0.137844,-0.928127,-0.272387][0.11909,0.0135,-0.992792][0.755039,0.298175,0][0.223764,-0.592107,0.11218][0.998232,0.0571704,-0.016257][0.721229,0.333249,0][0.219177,-0.704633,0.107714][0.925045,-0.379196,0.0223854][0.722521,0.340848,0][0.245638,-0.693176,0.0609228][0.948331,-0.231464,0.217008][0.725115,0.339948,0][0.238504,-0.707211,0.166881][0.924993,-0.336625,-0.176271][0.7193,0.34008,0][0.219177,-0.704633,0.107714][0.925045,-0.379196,0.0223854][0.722521,0.340848,0][0.223764,-0.592107,0.11218][0.998232,0.0571704,-0.016257][0.721229,0.333249,0][0.223764,-0.592107,0.11218][0.998232,0.0571704,-0.016257][0.721229,0.333249,0][0.24549,-0.617317,0.169925][0.974424,0.0749251,-0.211857][0.718557,0.334367,0][0.238504,-0.707211,0.166881][0.924993,-0.336625,-0.176271][0.7193,0.34008,0][-0.249559,-0.734093,0.290827][-0.790068,0.161212,0.591442][0.717369,0.312335,0][-0.289277,-0.962511,0.32684][-0.872905,-0.0995804,0.47762][0.712987,0.300004,0][-0.167146,-0.927812,0.415804][-0.253139,-0.000334118,0.96743][0.705706,0.304688,0][-0.305543,-0.965152,0.207289][-0.932295,-0.128811,0.337984][0.719525,0.297889,0][-0.289277,-0.962511,0.32684][-0.872905,-0.0995804,0.47762][0.712987,0.300004,0][-0.249559,-0.734093,0.290827][-0.790068,0.161212,0.591442][0.717369,0.312335,0][-0.305543,-0.965152,0.207289][-0.932295,-0.128811,0.337984][0.719525,0.297889,0][-0.283722,-0.73604,0.19942][-0.949992,0.107237,0.293283][0.722835,0.310781,0][-0.314612,-0.739617,0.0832656][-0.988782,0.139518,0.053338][0.72915,0.309263,0][-0.314612,-0.739617,0.0832656][-0.988782,0.139518,0.053338][0.72915,0.309263,0][-0.311519,-0.97096,-0.0621086][-0.980338,-0.109835,-0.163935][0.735582,0.294518,0][-0.366662,-0.979314,0.0822716][-0.997947,-0.0486271,0.0416783][0.726686,0.296129,0][-0.259797,-0.729474,-0.120206][-0.801123,0.283884,-0.52689][0.741263,0.308876,0][-0.311519,-0.97096,-0.0621086][-0.980338,-0.109835,-0.163935][0.735582,0.294518,0][-0.29842,-0.732705,-0.0269449][-0.952061,0.148694,-0.267338][0.735459,0.309005,0][-0.0641418,-0.761659,0.420788][-0.0824371,0.0593037,0.99483][0.70397,0.314836,0][0.026226,-0.835213,0.38247][0.426038,-0.336341,0.839861][0.697062,0.312982,0][0.123012,-0.775147,0.36257][0.472045,-0.282722,0.83501][0.693281,0.318694,0][0.123012,-0.775147,0.36257][0.472045,-0.282722,0.83501][0.693281,0.318694,0][0.0780228,-0.683148,0.380298][0.283922,0.102535,0.953349][0.698082,0.322401,0][-0.0641418,-0.761659,0.420788][-0.0824371,0.0593037,0.99483][0.70397,0.314836,0][0.209876,-0.706043,0.322263][0.735275,-0.136416,0.663899][0.690057,0.324733,0][0.188644,-0.609878,0.331224][0.566502,0.212956,0.796069][0.69415,0.328982,0][0.0780228,-0.683148,0.380298][0.283922,0.102535,0.953349][0.698082,0.322401,0][0.0780228,-0.683148,0.380298][0.283922,0.102535,0.953349][0.698082,0.322401,0][0.123012,-0.775147,0.36257][0.472045,-0.282722,0.83501][0.693281,0.318694,0][0.209876,-0.706043,0.322263][0.735275,-0.136416,0.663899][0.690057,0.324733,0][0.0192503,-0.520794,0.356493][0.143079,0.651924,0.744664][0.705024,0.330019,0][-0.118705,-0.522541,0.375479][-0.296757,0.561765,0.77224][0.712328,0.326793,0][-0.0641418,-0.761659,0.420788][-0.0824371,0.0593037,0.99483][0.70397,0.314836,0][-0.0641418,-0.761659,0.420788][-0.0824371,0.0593037,0.99483][0.70397,0.314836,0][0.0780228,-0.683148,0.380298][0.283922,0.102535,0.953349][0.698082,0.322401,0][0.0192503,-0.520794,0.356493][0.143079,0.651924,0.744664][0.705024,0.330019,0][0.353018,-0.83011,-0.300815][0.920148,0.179644,-0.34793][0.781906,0.314525,0][0.358742,-0.905422,-0.322522][0.903211,-0.256298,-0.34427][0.783811,0.310504,0][0.333164,-0.911809,-0.359264][0.51361,-0.261939,-0.817063][0.78213,0.308353,0][0.333164,-0.911809,-0.359264][0.51361,-0.261939,-0.817063][0.78213,0.308353,0][0.318666,-0.837296,-0.345104][0.456071,0.236821,-0.857855][0.779634,0.31171,0][0.353018,-0.83011,-0.300815][0.920148,0.179644,-0.34793][0.781906,0.314525,0][0.346916,-0.749749,-0.277658][0.898159,0.295762,-0.325323][0.779439,0.31829,0][0.303189,-0.757808,-0.329998][0.475094,0.304649,-0.825515][0.776923,0.315075,0][0.269584,-0.682034,-0.314542][0.442456,0.402031,-0.801626][0.773167,0.317556,0][0.269584,-0.682034,-0.314542][0.442456,0.402031,-0.801626][0.773167,0.317556,0][0.321696,-0.674637,-0.247575][0.864786,0.442308,-0.237716][0.776213,0.321453,0][0.346916,-0.749749,-0.277658][0.898159,0.295762,-0.325323][0.779439,0.31829,0][0.233444,-0.615507,-0.298718][0.314386,0.537428,-0.782517][0.769998,0.320068,0][0.18595,-0.533683,-0.245087][0.276083,0.636267,-0.720376][0.765964,0.324616,0][0.254602,-0.535745,-0.170076][0.796499,0.559605,-0.228979][0.770062,0.328816,0][0.254602,-0.535745,-0.170076][0.796499,0.559605,-0.228979][0.770062,0.328816,0][0.293194,-0.608711,-0.218437][0.83414,0.512733,-0.203263][0.773591,0.32479,0][0.233444,-0.615507,-0.298718][0.314386,0.537428,-0.782517][0.769998,0.320068,0][0.132733,-0.514776,0.320206][0.314225,0.688236,0.653907][0.699346,0.333163,0][0.0192503,-0.520794,0.356493][0.143079,0.651924,0.744664][0.705024,0.330019,0][0.0780228,-0.683148,0.380298][0.283922,0.102535,0.953349][0.698082,0.322401,0][0.0780228,-0.683148,0.380298][0.283922,0.102535,0.953349][0.698082,0.322401,0][0.188644,-0.609878,0.331224][0.566502,0.212956,0.796069][0.69415,0.328982,0][0.132733,-0.514776,0.320206][0.314225,0.688236,0.653907][0.699346,0.333163,0][0.220082,-0.546309,0.112277][0.98804,0.150681,0.0327482][0.687452,0.340874,0][0.211433,-0.50174,0.112663][0.721776,0.686965,0.0843692][0.689576,0.342659,0][0.220071,-0.507516,0.175031][0.737841,0.674562,0.0235941][0.691539,0.339528,0][0.220071,-0.507516,0.175031][0.737841,0.674562,0.0235941][0.691539,0.339528,0][0.235463,-0.560796,0.178544][0.969894,0.230948,-0.0772543][0.6892,0.337194,0][0.220082,-0.546309,0.112277][0.98804,0.150681,0.0327482][0.687452,0.340874,0][0.211433,-0.50174,0.112663][0.721776,0.686965,0.0843692][0.770439,0.344443,0][0.220082,-0.546309,0.112277][0.98804,0.150681,0.0327482][0.773064,0.343795,0][0.259968,-0.553831,-0.0495492][0.953443,0.276382,0.120665][0.772413,0.334806,0][0.259968,-0.553831,-0.0495492][0.953443,0.276382,0.120665][0.772413,0.334806,0][0.224069,-0.485306,-0.0171367][0.670491,0.730258,0.131012][0.768218,0.337629,0][0.211433,-0.50174,0.112663][0.721776,0.686965,0.0843692][0.770439,0.344443,0][0.224069,-0.485306,-0.0171367][0.670491,0.730258,0.131012][0.768218,0.337629,0][0.259968,-0.553831,-0.0495492][0.953443,0.276382,0.120665][0.772413,0.334806,0][0.254602,-0.535745,-0.170076][0.796499,0.559605,-0.228979][0.770062,0.328816,0][0.254602,-0.535745,-0.170076][0.796499,0.559605,-0.228979][0.770062,0.328816,0][0.214326,-0.464884,-0.119155][0.570715,0.812648,-0.117846][0.765771,0.332516,0][0.224069,-0.485306,-0.0171367][0.670491,0.730258,0.131012][0.768218,0.337629,0][0.18595,-0.533683,-0.245087][0.276083,0.636267,-0.720376][0.765964,0.324616,0][0.136773,-0.453973,-0.188896][0.154066,0.863559,-0.480134][0.761303,0.328874,0][0.214326,-0.464884,-0.119155][0.570715,0.812648,-0.117846][0.765771,0.332516,0][0.214326,-0.464884,-0.119155][0.570715,0.812648,-0.117846][0.765771,0.332516,0][0.254602,-0.535745,-0.170076][0.796499,0.559605,-0.228979][0.770062,0.328816,0][0.18595,-0.533683,-0.245087][0.276083,0.636267,-0.720376][0.765964,0.324616,0][0.0688583,-0.57116,-0.26528][-0.19138,0.421865,-0.88623][0.759936,0.320006,0][0.00498378,-0.471155,-0.195052][-0.213993,0.772469,-0.597912][0.754691,0.325878,0][0.136773,-0.453973,-0.188896][0.154066,0.863559,-0.480134][0.761303,0.328874,0][0.136773,-0.453973,-0.188896][0.154066,0.863559,-0.480134][0.761303,0.328874,0][0.18595,-0.533683,-0.245087][0.276083,0.636267,-0.720376][0.765964,0.324616,0][0.0688583,-0.57116,-0.26528][-0.19138,0.421865,-0.88623][0.759936,0.320006,0][0.0688583,-0.57116,-0.26528][-0.19138,0.421865,-0.88623][0.759936,0.320006,0][-0.0949483,-0.606806,-0.210935][-0.483893,0.287463,-0.826567][0.751261,0.316689,0][-0.11355,-0.486737,-0.155144][-0.428468,0.701686,-0.569256][0.747924,0.323932,0][-0.11355,-0.486737,-0.155144][-0.428468,0.701686,-0.569256][0.747924,0.323932,0][0.00498378,-0.471155,-0.195052][-0.213993,0.772469,-0.597912][0.754691,0.325878,0][0.0688583,-0.57116,-0.26528][-0.19138,0.421865,-0.88623][0.759936,0.320006,0][-0.29842,-0.732705,-0.0269449][-0.952061,0.148694,-0.267338][0.735459,0.309005,0][-0.257019,-0.502077,-0.00107406][-0.699056,0.663182,-0.267413][0.736184,0.322738,0][-0.211777,-0.501813,-0.0773052][-0.595843,0.659161,-0.458778][0.741148,0.322569,0][-0.211777,-0.501813,-0.0773052][-0.595843,0.659161,-0.458778][0.741148,0.322569,0][-0.259797,-0.729474,-0.120206][-0.801123,0.283884,-0.52689][0.741263,0.308876,0][-0.29842,-0.732705,-0.0269449][-0.952061,0.148694,-0.267338][0.735459,0.309005,0][-0.279113,-0.506328,0.0877309][-0.776728,0.629636,0.0159076][0.731119,0.32306,0][-0.314612,-0.739617,0.0832656][-0.988782,0.139518,0.053338][0.72915,0.309263,0][-0.283722,-0.73604,0.19942][-0.949992,0.107237,0.293283][0.722835,0.310781,0][-0.283722,-0.73604,0.19942][-0.949992,0.107237,0.293283][0.722835,0.310781,0][-0.263184,-0.513124,0.191896][-0.74845,0.620308,0.234609][0.725335,0.323804,0][-0.279113,-0.506328,0.0877309][-0.776728,0.629636,0.0159076][0.731119,0.32306,0][-0.237554,-0.520236,0.266197][-0.660533,0.574596,0.483254][0.721039,0.324342,0][-0.249559,-0.734093,0.290827][-0.790068,0.161212,0.591442][0.717369,0.312335,0][-0.0641418,-0.761659,0.420788][-0.0824371,0.0593037,0.99483][0.70397,0.314836,0][-0.0641418,-0.761659,0.420788][-0.0824371,0.0593037,0.99483][0.70397,0.314836,0][-0.118705,-0.522541,0.375479][-0.296757,0.561765,0.77224][0.712328,0.326793,0][-0.237554,-0.520236,0.266197][-0.660533,0.574596,0.483254][0.721039,0.324342,0][-0.211777,-0.501813,-0.0773052][-0.595843,0.659161,-0.458778][0.741148,0.322569,0][-0.11355,-0.486737,-0.155144][-0.428468,0.701686,-0.569256][0.747924,0.323932,0][-0.0949483,-0.606806,-0.210935][-0.483893,0.287463,-0.826567][0.751261,0.316689,0][-0.0949483,-0.606806,-0.210935][-0.483893,0.287463,-0.826567][0.751261,0.316689,0][-0.259797,-0.729474,-0.120206][-0.801123,0.283884,-0.52689][0.741263,0.308876,0][-0.211777,-0.501813,-0.0773052][-0.595843,0.659161,-0.458778][0.741148,0.322569,0][-0.263184,-0.513124,0.191896][-0.74845,0.620308,0.234609][0.725335,0.323804,0][-0.283722,-0.73604,0.19942][-0.949992,0.107237,0.293283][0.722835,0.310781,0][-0.249559,-0.734093,0.290827][-0.790068,0.161212,0.591442][0.717369,0.312335,0][-0.249559,-0.734093,0.290827][-0.790068,0.161212,0.591442][0.717369,0.312335,0][-0.237554,-0.520236,0.266197][-0.660533,0.574596,0.483254][0.721039,0.324342,0][-0.263184,-0.513124,0.191896][-0.74845,0.620308,0.234609][0.725335,0.323804,0][-0.279113,-0.506328,0.0877309][-0.776728,0.629636,0.0159076][0.731119,0.32306,0][-0.257019,-0.502077,-0.00107406][-0.699056,0.663182,-0.267413][0.736184,0.322738,0][-0.29842,-0.732705,-0.0269449][-0.952061,0.148694,-0.267338][0.735459,0.309005,0][-0.29842,-0.732705,-0.0269449][-0.952061,0.148694,-0.267338][0.735459,0.309005,0][-0.314612,-0.739617,0.0832656][-0.988782,0.139518,0.053338][0.72915,0.309263,0][-0.279113,-0.506328,0.0877309][-0.776728,0.629636,0.0159076][0.731119,0.32306,0][0.215294,-0.513882,0.243809][0.658723,0.681827,0.318113][0.693949,0.336432,0][0.132733,-0.514776,0.320206][0.314225,0.688236,0.653907][0.699346,0.333163,0][0.188644,-0.609878,0.331224][0.566502,0.212956,0.796069][0.69415,0.328982,0][0.188644,-0.609878,0.331224][0.566502,0.212956,0.796069][0.69415,0.328982,0][0.238104,-0.576757,0.251623][0.907095,0.262673,0.328909][0.691244,0.333499,0][0.215294,-0.513882,0.243809][0.658723,0.681827,0.318113][0.693949,0.336432,0][0.238104,-0.576757,0.251623][0.907095,0.262673,0.328909][0.691244,0.333499,0][0.188644,-0.609878,0.331224][0.566502,0.212956,0.796069][0.69415,0.328982,0][0.209876,-0.706043,0.322263][0.735275,-0.136416,0.663899][0.690057,0.324733,0][0.209876,-0.706043,0.322263][0.735275,-0.136416,0.663899][0.690057,0.324733,0][0.255138,-0.645125,0.233605][0.987317,-0.019778,0.157524][0.687694,0.331224,0][0.238104,-0.576757,0.251623][0.907095,0.262673,0.328909][0.691244,0.333499,0][0.255138,-0.645125,0.233605][0.987317,-0.019778,0.157524][0.715481,0.335172,0][0.209876,-0.706043,0.322263][0.735275,-0.136416,0.663899][0.710911,0.338207,0][0.2031,-0.777389,0.283089][0.79201,-0.546389,0.272357][0.71327,0.342913,0][0.2031,-0.777389,0.283089][0.79201,-0.546389,0.272357][0.71327,0.342913,0][0.238504,-0.707211,0.166881][0.924993,-0.336625,-0.176271][0.7193,0.34008,0][0.255138,-0.645125,0.233605][0.987317,-0.019778,0.157524][0.715481,0.335172,0][-0.305543,-0.965152,0.207289][-0.932295,-0.128811,0.337984][0.719525,0.297889,0][-0.249559,-0.734093,0.290827][-0.790068,0.161212,0.591442][0.717369,0.312335,0][-0.283722,-0.73604,0.19942][-0.949992,0.107237,0.293283][0.722835,0.310781,0][-0.311519,-0.97096,-0.0621086][-0.980338,-0.109835,-0.163935][0.735582,0.294518,0][-0.314612,-0.739617,0.0832656][-0.988782,0.139518,0.053338][0.72915,0.309263,0][-0.29842,-0.732705,-0.0269449][-0.952061,0.148694,-0.267338][0.735459,0.309005,0][0.315446,-0.951359,-0.303977][0.261362,-0.959883,-0.101562][0.75081,0.335202,0][0.289049,-0.928612,-0.362347][-0.133014,-0.527312,-0.839196][0.754536,0.334912,0][0.333164,-0.911809,-0.359264][0.51361,-0.261939,-0.817063][0.754067,0.332557,0][-0.251211,-0.943278,-0.263951][-0.487137,0.127308,-0.863997][0.748756,0.296743,0][-0.0789764,-0.722573,-0.257058][-0.364115,0.186234,-0.912544][0.754702,0.31014,0][-0.0396479,-0.787015,-0.259182][0.078855,-0.235128,-0.96876][0.758136,0.3066,0][-0.0396479,-0.787015,-0.259182][0.078855,-0.235128,-0.96876][0.758136,0.3066,0][-0.137844,-0.928127,-0.272387][0.11909,0.0135,-0.992792][0.755039,0.298175,0][-0.251211,-0.943278,-0.263951][-0.487137,0.127308,-0.863997][0.748756,0.296743,0][-0.137844,-0.928127,-0.272387][0.11909,0.0135,-0.992792][0.744875,0.367267,0][-0.0396479,-0.787015,-0.259182][0.078855,-0.235128,-0.96876][0.744581,0.35807,0][-0.00187671,-0.88519,-0.218239][0.766908,-0.226507,-0.600456][0.738355,0.36042,0][-0.00187671,-0.88519,-0.218239][0.766908,-0.226507,-0.600456][0.738355,0.36042,0][-0.0445724,-0.963942,-0.229955][0.698932,-0.32949,-0.634768][0.738021,0.366605,0][-0.137844,-0.928127,-0.272387][0.11909,0.0135,-0.992792][0.744875,0.367267,0][-0.0445724,-0.963942,-0.229955][0.698932,-0.32949,-0.634768][0.738021,0.366605,0][-0.00187671,-0.88519,-0.218239][0.766908,-0.226507,-0.600456][0.738355,0.36042,0][0.0210704,-0.908652,-0.113879][0.899932,-0.43236,-0.0564594][0.732866,0.359723,0][0.0210704,-0.908652,-0.113879][0.899932,-0.43236,-0.0564594][0.732866,0.359723,0][-0.0277485,-0.982249,-0.127199][0.811933,-0.582201,-0.0425075][0.733175,0.365464,0][-0.0445724,-0.963942,-0.229955][0.698932,-0.32949,-0.634768][0.738021,0.366605,0][0.0210704,-0.908652,-0.113879][0.899932,-0.43236,-0.0564594][0.732866,0.359723,0][-0.00982034,-0.92596,-0.0153208][0.899683,-0.435158,-0.0347538][0.727015,0.361229,0][-0.0545676,-0.993644,-0.0226449][0.771011,-0.629368,-0.097151][0.726455,0.366275,0][-0.0545676,-0.993644,-0.0226449][0.771011,-0.629368,-0.097151][0.726455,0.366275,0][-0.0277485,-0.982249,-0.127199][0.811933,-0.582201,-0.0425075][0.733175,0.365464,0][0.0210704,-0.908652,-0.113879][0.899932,-0.43236,-0.0564594][0.732866,0.359723,0][-0.00982034,-0.92596,-0.0153208][0.899683,-0.435158,-0.0347538][0.727015,0.361229,0][0.0155996,-0.92838,0.0748753][0.924029,-0.380248,-0.0397635][0.721692,0.359996,0][-0.0364815,-1.02266,0.0690293][0.747183,-0.66209,-0.0579073][0.720069,0.365631,0][-0.0364815,-1.02266,0.0690293][0.747183,-0.66209,-0.0579073][0.720069,0.365631,0][-0.0545676,-0.993644,-0.0226449][0.771011,-0.629368,-0.097151][0.726455,0.366275,0][-0.00982034,-0.92596,-0.0153208][0.899683,-0.435158,-0.0347538][0.727015,0.361229,0][-0.00176072,-0.926065,0.176483][0.947965,-0.315847,-0.0400397][0.715306,0.35889,0][-0.0385853,-0.998599,0.174552][0.807633,-0.586829,-0.0579662][0.71379,0.362713,0][-0.0364815,-1.02266,0.0690293][0.747183,-0.66209,-0.0579073][0.720069,0.365631,0][-0.0364815,-1.02266,0.0690293][0.747183,-0.66209,-0.0579073][0.720069,0.365631,0][0.0155996,-0.92838,0.0748753][0.924029,-0.380248,-0.0397635][0.721692,0.359996,0][-0.00176072,-0.926065,0.176483][0.947965,-0.315847,-0.0400397][0.715306,0.35889,0][-0.0385853,-0.998599,0.174552][0.807633,-0.586829,-0.0579662][0.71379,0.362713,0][-0.00176072,-0.926065,0.176483][0.947965,-0.315847,-0.0400397][0.715306,0.35889,0][0.0384942,-0.909568,0.324811][0.871109,-0.415736,0.261405][0.707834,0.353815,0][0.0384942,-0.909568,0.324811][0.871109,-0.415736,0.261405][0.707834,0.353815,0][-0.00853682,-0.993181,0.322838][0.776866,-0.510761,0.368242][0.705952,0.358118,0][-0.0385853,-0.998599,0.174552][0.807633,-0.586829,-0.0579662][0.71379,0.362713,0][0.0384942,-0.909568,0.324811][0.871109,-0.415736,0.261405][0.707834,0.353815,0][0.026226,-0.835213,0.38247][0.426038,-0.336341,0.839861][0.704819,0.348667,0][-0.0690446,-0.948854,0.385913][0.426148,-0.249102,0.869682][0.701132,0.354415,0][-0.0690446,-0.948854,0.385913][0.426148,-0.249102,0.869682][0.701132,0.354415,0][-0.00853682,-0.993181,0.322838][0.776866,-0.510761,0.368242][0.705952,0.358118,0][0.0384942,-0.909568,0.324811][0.871109,-0.415736,0.261405][0.707834,0.353815,0][-0.0690446,-0.948854,0.385913][0.426148,-0.249102,0.869682][0.699474,0.304841,0][0.026226,-0.835213,0.38247][0.426038,-0.336341,0.839861][0.697062,0.312982,0][-0.0641418,-0.761659,0.420788][-0.0824371,0.0593037,0.99483][0.70397,0.314836,0][-0.0641418,-0.761659,0.420788][-0.0824371,0.0593037,0.99483][0.70397,0.314836,0][-0.167146,-0.927812,0.415804][-0.253139,-0.000334118,0.96743][0.705706,0.304688,0][-0.0690446,-0.948854,0.385913][0.426148,-0.249102,0.869682][0.699474,0.304841,0][-0.0298634,-1.18309,0.306036][0.868377,0.390507,0.305657][0.697042,0.365397,0][-0.0598594,-1.20653,0.355528][0.522957,-0.00569764,0.85234][0.694109,0.363941,0][-0.027685,-1.25096,0.333172][0.556235,-4.12033e-005,0.831025][0.691966,0.366225,0][-0.027685,-1.25096,0.333172][0.556235,-4.12033e-005,0.831025][0.691966,0.366225,0][-0.000939727,-1.22162,0.288564][0.864529,0.42844,0.262735][0.694696,0.36744,0][-0.0298634,-1.18309,0.306036][0.868377,0.390507,0.305657][0.697042,0.365397,0][-0.0298634,-1.18309,0.306036][0.868377,0.390507,0.305657][0.697042,0.365397,0][-0.000939727,-1.22162,0.288564][0.864529,0.42844,0.262735][0.694696,0.36744,0][-0.0094732,-1.21621,0.232372][0.746949,0.51298,-0.422988][0.696806,0.369067,0][-0.0094732,-1.21621,0.232372][0.746949,0.51298,-0.422988][0.696806,0.369067,0][-0.0374178,-1.17949,0.241323][0.755687,0.500952,-0.421882][0.699773,0.367474,0][-0.0298634,-1.18309,0.306036][0.868377,0.390507,0.305657][0.697042,0.365397,0][-0.0374178,-1.17949,0.241323][0.755687,0.500952,-0.421882][0.699773,0.367474,0][-0.0094732,-1.21621,0.232372][0.746949,0.51298,-0.422988][0.696806,0.369067,0][-0.0433096,-1.23457,0.194725][0.26318,0.24407,-0.933363][0.697876,0.37096,0][-0.0433096,-1.23457,0.194725][0.26318,0.24407,-0.933363][0.697876,0.37096,0][-0.0781035,-1.19781,0.199296][0.212192,0.209297,-0.954552][0.700975,0.369976,0][-0.0374178,-1.17949,0.241323][0.755687,0.500952,-0.421882][0.699773,0.367474,0][-0.0781035,-1.19781,0.199296][0.212192,0.209297,-0.954552][0.700975,0.369976,0][-0.0433096,-1.23457,0.194725][0.26318,0.24407,-0.933363][0.697876,0.37096,0][-0.0876044,-1.26928,0.200463][-0.375016,-0.279013,-0.884033][0.698165,0.373779,0][-0.0876044,-1.26928,0.200463][-0.375016,-0.279013,-0.884033][0.698165,0.373779,0][-0.12808,-1.22734,0.204577][-0.446339,-0.251575,-0.858773][0.701609,0.372944,0][-0.0781035,-1.19781,0.199296][0.212192,0.209297,-0.954552][0.700975,0.369976,0][-0.109383,-1.29528,0.242287][-0.678959,-0.663422,-0.314462][0.703163,0.280991,0][-0.158076,-1.25077,0.254069][-0.785789,-0.554638,-0.2737][0.705133,0.284005,0][-0.12808,-1.22734,0.204577][-0.446339,-0.251575,-0.858773][0.70765,0.28176,0][-0.12808,-1.22734,0.204577][-0.446339,-0.251575,-0.858773][0.70765,0.28176,0][-0.0876044,-1.26928,0.200463][-0.375016,-0.279013,-0.884033][0.705507,0.278977,0][-0.109383,-1.29528,0.242287][-0.678959,-0.663422,-0.314462][0.703163,0.280991,0][-0.158076,-1.25077,0.254069][-0.785789,-0.554638,-0.2737][0.705133,0.284005,0][-0.109383,-1.29528,0.242287][-0.678959,-0.663422,-0.314462][0.703163,0.280991,0][-0.100851,-1.3007,0.298481][-0.55022,-0.752002,0.362974][0.700653,0.282891,0][-0.100851,-1.3007,0.298481][-0.55022,-0.752002,0.362974][0.700653,0.282891,0][-0.150522,-1.25438,0.318782][-0.679864,-0.609394,0.407951][0.702677,0.286028,0][-0.158076,-1.25077,0.254069][-0.785789,-0.554638,-0.2737][0.705133,0.284005,0][-0.150522,-1.25438,0.318782][-0.679864,-0.609394,0.407951][0.702677,0.286028,0][-0.100851,-1.3007,0.298481][-0.55022,-0.752002,0.362974][0.700653,0.282891,0][-0.067014,-1.28234,0.336126][-0.0489014,-0.502624,0.863121][0.697994,0.284768,0][-0.067014,-1.28234,0.336126][-0.0489014,-0.502624,0.863121][0.697994,0.284768,0][-0.109836,-1.23605,0.360808][-0.166026,-0.418394,0.892962][0.699996,0.288127,0][-0.150522,-1.25438,0.318782][-0.679864,-0.609394,0.407951][0.702677,0.286028,0][-0.109836,-1.23605,0.360808][-0.166026,-0.418394,0.892962][0.699996,0.288127,0][-0.067014,-1.28234,0.336126][-0.0489014,-0.502624,0.863121][0.697994,0.284768,0][-0.027685,-1.25096,0.333172][0.556235,-4.12033e-005,0.831025][0.695191,0.286254,0][-0.027685,-1.25096,0.333172][0.556235,-4.12033e-005,0.831025][0.695191,0.286254,0][-0.0598594,-1.20653,0.355528][0.522957,-0.00569764,0.85234][0.696822,0.289666,0][-0.109836,-1.23605,0.360808][-0.166026,-0.418394,0.892962][0.699996,0.288127,0][-0.119295,-1.36345,0.136023][-0.405493,-0.622062,0.669787][0.718578,0.271317,0][-0.137128,-1.38128,0.0689086][-0.5989,-0.800758,0.0102308][0.722811,0.27051,0][-0.0610484,-1.43842,0.0667537][-0.0232528,-0.999729,-0.000979159][0.721826,0.265242,0][-0.0610484,-1.43842,0.0667537][-0.0232528,-0.999729,-0.000979159][0.721826,0.265242,0][-0.0491805,-1.41984,0.126098][0.117267,-0.828311,0.547858][0.718122,0.266226,0][-0.119295,-1.36345,0.136023][-0.405493,-0.622062,0.669787][0.718578,0.271317,0][-0.137128,-1.38128,0.0689086][-0.5989,-0.800758,0.0102308][0.722811,0.27051,0][-0.119421,-1.36375,-0.0025921][-0.413989,-0.631977,-0.655147][0.727304,0.269724,0][-0.0492227,-1.42013,0.007282][0.112607,-0.832234,-0.542869][0.725596,0.264721,0][-0.0492227,-1.42013,0.007282][0.112607,-0.832234,-0.542869][0.725596,0.264721,0][-0.0610484,-1.43842,0.0667537][-0.0232528,-0.999729,-0.000979159][0.721826,0.265242,0][-0.137128,-1.38128,0.0689086][-0.5989,-0.800758,0.0102308][0.722811,0.27051,0][-0.0492227,-1.42013,0.007282][0.112607,-0.832234,-0.542869][0.725596,0.264721,0][-0.119421,-1.36375,-0.0025921][-0.413989,-0.631977,-0.655147][0.727304,0.269724,0][-0.0765356,-1.32113,-0.0314808][0.112828,-0.149561,-0.982294][0.731,0.268699,0][-0.0765356,-1.32113,-0.0314808][0.112828,-0.149561,-0.982294][0.731,0.268699,0][-0.0206469,-1.37567,-0.0174809][0.490714,-0.365494,-0.790957][0.729115,0.264368,0][-0.0492227,-1.42013,0.007282][0.112607,-0.832234,-0.542869][0.725596,0.264721,0][-0.0765356,-1.32113,-0.0314808][0.112828,-0.149561,-0.982294][0.719029,0.388788,0][-0.0233716,-1.27127,-0.0029794][0.651465,0.375326,-0.659336][0.716536,0.385299,0][0.00795007,-1.33109,0.00697268][0.849836,0.0139467,-0.526862][0.714501,0.38941,0][0.00795007,-1.33109,0.00697268][0.849836,0.0139467,-0.526862][0.714501,0.38941,0][-0.0206469,-1.37567,-0.0174809][0.490714,-0.365494,-0.790957][0.715874,0.392539,0][-0.0765356,-1.32113,-0.0314808][0.112828,-0.149561,-0.982294][0.719029,0.388788,0][-0.0233716,-1.27127,-0.0029794][0.651465,0.375326,-0.659336][0.716536,0.385299,0][-0.00552726,-1.25344,0.0662531][0.824832,0.565354,-0.00519147][0.713943,0.383488,0][0.0198289,-1.31251,0.0663171][0.991206,0.132177,-0.00632999][0.712328,0.387366,0][0.0198289,-1.31251,0.0663171][0.991206,0.132177,-0.00632999][0.712328,0.387366,0][0.00795007,-1.33109,0.00697268][0.849836,0.0139467,-0.526862][0.714501,0.38941,0][-0.0233716,-1.27127,-0.0029794][0.651465,0.375326,-0.659336][0.716536,0.385299,0][-0.00552726,-1.25344,0.0662531][0.824832,0.565354,-0.00519147][0.713943,0.383488,0][-0.0232348,-1.27095,0.135636][0.642497,0.394472,0.656955][0.710695,0.383119,0][0.00800323,-1.3308,0.12579][0.86783,0.00687508,0.496814][0.709347,0.38754,0][0.00800323,-1.3308,0.12579][0.86783,0.00687508,0.496814][0.709347,0.38754,0][0.0198289,-1.31251,0.0663171][0.991206,0.132177,-0.00632999][0.712328,0.387366,0][-0.00552726,-1.25344,0.0662531][0.824832,0.565354,-0.00519147][0.713943,0.383488,0][-0.0232348,-1.27095,0.135636][0.642497,0.394472,0.656955][0.710695,0.383119,0][-0.0763464,-1.32069,0.164552][0.0969997,-0.134991,0.986087][0.706447,0.384099,0][-0.020573,-1.37526,0.150552][0.48901,-0.381193,0.784577][0.706124,0.388953,0][-0.020573,-1.37526,0.150552][0.48901,-0.381193,0.784577][0.706124,0.388953,0][0.00800323,-1.3308,0.12579][0.86783,0.00687508,0.496814][0.709347,0.38754,0][-0.0232348,-1.27095,0.135636][0.642497,0.394472,0.656955][0.710695,0.383119,0][-0.0763464,-1.32069,0.164552][0.0969997,-0.134991,0.986087][0.714612,0.272003,0][-0.119295,-1.36345,0.136023][-0.405493,-0.622062,0.669787][0.718578,0.271317,0][-0.0491805,-1.41984,0.126098][0.117267,-0.828311,0.547858][0.718122,0.266226,0][-0.0491805,-1.41984,0.126098][0.117267,-0.828311,0.547858][0.718122,0.266226,0][-0.020573,-1.37526,0.150552][0.48901,-0.381193,0.784577][0.714736,0.267355,0][-0.0763464,-1.32069,0.164552][0.0969997,-0.134991,0.986087][0.714612,0.272003,0][-0.0383327,-1.18247,-0.151916][0.77999,0.603777,0.164528][0.738238,0.380727,0][-0.0690551,-1.20362,-0.0871101][0.464002,0.327305,0.823149][0.735169,0.382091,0][-0.0185211,-1.24581,-0.0921571][0.509877,0.359019,0.781749][0.737301,0.386424,0][-0.0185211,-1.24581,-0.0921571][0.509877,0.359019,0.781749][0.737301,0.386424,0][0.00525725,-1.22488,-0.148621][0.784468,0.598492,0.162535][0.739646,0.385268,0][-0.0383327,-1.18247,-0.151916][0.77999,0.603777,0.164528][0.738238,0.380727,0][-0.0383327,-1.18247,-0.151916][0.77999,0.603777,0.164528][0.738238,0.380727,0][0.00525725,-1.22488,-0.148621][0.784468,0.598492,0.162535][0.739646,0.385268,0][-0.000961065,-1.23622,-0.213749][0.719357,0.458319,-0.521985][0.742461,0.385355,0][-0.000961065,-1.23622,-0.213749][0.719357,0.458319,-0.521985][0.742461,0.385355,0][-0.048854,-1.19255,-0.227317][0.691275,0.443379,-0.570573][0.742316,0.381283,0][-0.0383327,-1.18247,-0.151916][0.77999,0.603777,0.164528][0.738238,0.380727,0][-0.048854,-1.19255,-0.227317][0.691275,0.443379,-0.570573][0.742316,0.381283,0][-0.000961065,-1.23622,-0.213749][0.719357,0.458319,-0.521985][0.742461,0.385355,0][-0.0411526,-1.27905,-0.250998][0.289048,-0.0410753,-0.956433][0.746428,0.386351,0][-0.0411526,-1.27905,-0.250998][0.289048,-0.0410753,-0.956433][0.746428,0.386351,0][-0.0944538,-1.22796,-0.26915][0.210741,-0.0171873,-0.977391][0.746553,0.382253,0][-0.048854,-1.19255,-0.227317][0.691275,0.443379,-0.570573][0.742316,0.381283,0][-0.0809966,-1.31999,-0.236276][-0.259084,-0.5862,-0.767623][0.753517,0.273921,0][-0.148439,-1.26797,-0.252907][-0.397429,-0.486766,-0.777888][0.752214,0.278524,0][-0.0944538,-1.22796,-0.26915][0.210741,-0.0171873,-0.977391][0.756453,0.279607,0][-0.0944538,-1.22796,-0.26915][0.210741,-0.0171873,-0.977391][0.756453,0.279607,0][-0.0411526,-1.27905,-0.250998][0.289048,-0.0410753,-0.956433][0.757199,0.275096,0][-0.0809966,-1.31999,-0.236276][-0.259084,-0.5862,-0.767623][0.753517,0.273921,0][-0.148439,-1.26797,-0.252907][-0.397429,-0.486766,-0.777888][0.752214,0.278524,0][-0.0809966,-1.31999,-0.236276][-0.259084,-0.5862,-0.767623][0.753517,0.273921,0][-0.104775,-1.34094,-0.179814][-0.552347,-0.820255,-0.148646][0.749841,0.272549,0][-0.104775,-1.34094,-0.179814][-0.552347,-0.820255,-0.148646][0.749841,0.272549,0][-0.179161,-1.28913,-0.188103][-0.700998,-0.69472,-0.161138][0.748448,0.277412,0][-0.148439,-1.26797,-0.252907][-0.397429,-0.486766,-0.777888][0.752214,0.278524,0][-0.179161,-1.28913,-0.188103][-0.700998,-0.69472,-0.161138][0.748448,0.277412,0][-0.104775,-1.34094,-0.179814][-0.552347,-0.820255,-0.148646][0.749841,0.272549,0][-0.0985566,-1.32958,-0.114686][-0.48469,-0.689802,0.537819][0.746259,0.271576,0][-0.0985566,-1.32958,-0.114686][-0.48469,-0.689802,0.537819][0.746259,0.271576,0][-0.168629,-1.27903,-0.112699][-0.609584,-0.598655,0.519634][0.744738,0.276194,0][-0.179161,-1.28913,-0.188103][-0.700998,-0.69472,-0.161138][0.748448,0.277412,0][-0.168629,-1.27903,-0.112699][-0.609584,-0.598655,0.519634][0.744738,0.276194,0][-0.0985566,-1.32958,-0.114686][-0.48469,-0.689802,0.537819][0.746259,0.271576,0][-0.0659831,-1.2926,-0.0790436][-0.0668355,-0.230011,0.97089][0.742922,0.270443,0][-0.0659831,-1.2926,-0.0790436][-0.0668355,-0.230011,0.97089][0.742922,0.270443,0][-0.123019,-1.24362,-0.0708685][-0.134018,-0.206129,0.969304][0.740903,0.274614,0][-0.168629,-1.27903,-0.112699][-0.609584,-0.598655,0.519634][0.744738,0.276194,0][-0.123019,-1.24362,-0.0708685][-0.134018,-0.206129,0.969304][0.732283,0.384478,0][-0.0659831,-1.2926,-0.0790436][-0.0668355,-0.230011,0.97089][0.734975,0.388776,0][-0.0185211,-1.24581,-0.0921571][0.509877,0.359019,0.781749][0.737301,0.386424,0][-0.0185211,-1.24581,-0.0921571][0.509877,0.359019,0.781749][0.737301,0.386424,0][-0.0690551,-1.20362,-0.0871101][0.464002,0.327305,0.823149][0.735169,0.382091,0][-0.123019,-1.24362,-0.0708685][-0.134018,-0.206129,0.969304][0.732283,0.384478,0][0.356469,-0.839727,-0.246529][0.953954,-0.00604166,0.299892][0.743449,0.333836,0][0.349683,-0.765952,-0.221981][0.954937,0.0582811,0.291032][0.740086,0.333743,0][0.318582,-0.796758,-0.190417][0.621862,-0.355003,0.69804][0.739736,0.337405,0][0.318582,-0.796758,-0.190417][0.621862,-0.355003,0.69804][0.739736,0.337405,0][0.330629,-0.861296,-0.216317][0.541913,-0.223546,0.810159][0.743403,0.336415,0][0.356469,-0.839727,-0.246529][0.953954,-0.00604166,0.299892][0.743449,0.333836,0][0.349683,-0.765952,-0.221981][0.954937,0.0582811,0.291032][0.781975,0.320675,0][0.356469,-0.839727,-0.246529][0.953954,-0.00604166,0.299892][0.784339,0.316808,0][0.353018,-0.83011,-0.300815][0.920148,0.179644,-0.34793][0.781906,0.314525,0][0.353018,-0.83011,-0.300815][0.920148,0.179644,-0.34793][0.781906,0.314525,0][0.346916,-0.749749,-0.277658][0.898159,0.295762,-0.325323][0.779439,0.31829,0][0.349683,-0.765952,-0.221981][0.954937,0.0582811,0.291032][0.781975,0.320675,0][0.346916,-0.749749,-0.277658][0.898159,0.295762,-0.325323][0.779439,0.31829,0][0.353018,-0.83011,-0.300815][0.920148,0.179644,-0.34793][0.781906,0.314525,0][0.318666,-0.837296,-0.345104][0.456071,0.236821,-0.857855][0.779634,0.31171,0][0.318666,-0.837296,-0.345104][0.456071,0.236821,-0.857855][0.779634,0.31171,0][0.303189,-0.757808,-0.329998][0.475094,0.304649,-0.825515][0.776923,0.315075,0][0.346916,-0.749749,-0.277658][0.898159,0.295762,-0.325323][0.779439,0.31829,0][0.303189,-0.757808,-0.329998][0.475094,0.304649,-0.825515][0.776923,0.315075,0][0.318666,-0.837296,-0.345104][0.456071,0.236821,-0.857855][0.779634,0.31171,0][0.264923,-0.863768,-0.357447][-0.265951,-0.0141198,-0.963883][0.777391,0.30841,0][0.264923,-0.863768,-0.357447][-0.265951,-0.0141198,-0.963883][0.777391,0.30841,0][0.239188,-0.794591,-0.35222][-0.193882,0.0116367,-0.980956][0.774562,0.311036,0][0.303189,-0.757808,-0.329998][0.475094,0.304649,-0.825515][0.776923,0.315075,0][0.239188,-0.794591,-0.35222][-0.193882,0.0116367,-0.980956][0.774562,0.311036,0][0.264923,-0.863768,-0.357447][-0.265951,-0.0141198,-0.963883][0.777391,0.30841,0][0.225605,-0.884779,-0.318373][-0.852767,-0.365892,-0.372708][0.775304,0.30588,0][0.225605,-0.884779,-0.318373][-0.852767,-0.365892,-0.372708][0.775304,0.30588,0][0.2019,-0.824534,-0.312978][-0.772658,-0.427233,-0.469544][0.772435,0.307747,0][0.239188,-0.794591,-0.35222][-0.193882,0.0116367,-0.980956][0.774562,0.311036,0][0.2019,-0.824534,-0.312978][-0.772658,-0.427233,-0.469544][0.747396,0.344692,0][0.225605,-0.884779,-0.318373][-0.852767,-0.365892,-0.372708][0.74934,0.341673,0][0.23197,-0.893597,-0.25445][-0.781061,-0.511135,0.358725][0.746066,0.34099,0][0.23197,-0.893597,-0.25445][-0.781061,-0.511135,0.358725][0.746066,0.34099,0][0.210497,-0.838928,-0.239939][-0.638414,-0.737032,0.221834][0.742859,0.344074,0][0.2019,-0.824534,-0.312978][-0.772658,-0.427233,-0.469544][0.747396,0.344692,0][0.210497,-0.838928,-0.239939][-0.638414,-0.737032,0.221834][0.742859,0.344074,0][0.23197,-0.893597,-0.25445][-0.781061,-0.511135,0.358725][0.746066,0.34099,0][0.274856,-0.887325,-0.211251][-0.21678,-0.451096,0.865747][0.744237,0.339394,0][0.274856,-0.887325,-0.211251][-0.21678,-0.451096,0.865747][0.744237,0.339394,0][0.258821,-0.827417,-0.189171][0.0869202,-0.710653,0.698153][0.74006,0.341779,0][0.210497,-0.838928,-0.239939][-0.638414,-0.737032,0.221834][0.742859,0.344074,0][0.258821,-0.827417,-0.189171][0.0869202,-0.710653,0.698153][0.74006,0.341779,0][0.274856,-0.887325,-0.211251][-0.21678,-0.451096,0.865747][0.744237,0.339394,0][0.330629,-0.861296,-0.216317][0.541913,-0.223546,0.810159][0.743403,0.336415,0][0.330629,-0.861296,-0.216317][0.541913,-0.223546,0.810159][0.743403,0.336415,0][0.318582,-0.796758,-0.190417][0.621862,-0.355003,0.69804][0.739736,0.337405,0][0.258821,-0.827417,-0.189171][0.0869202,-0.710653,0.698153][0.74006,0.341779,0][0.255833,-0.72656,-0.0663263][0.781884,-0.457197,0.423825][0.731988,0.340743,0][0.15749,-0.81999,-0.126368][0.308713,-0.950906,0.0217866][0.735558,0.348011,0][0.219502,-0.823482,-0.156288][0.125972,-0.911369,0.391839][0.73777,0.344304,0][0.219502,-0.823482,-0.156288][0.125972,-0.911369,0.391839][0.73777,0.344304,0][0.285735,-0.760007,-0.125454][0.658535,-0.453729,0.600384][0.735803,0.339662,0][0.255833,-0.72656,-0.0663263][0.781884,-0.457197,0.423825][0.731988,0.340743,0][0.315752,-0.693123,-0.157491][0.923976,0.148877,0.352284][0.735397,0.334627,0][0.279316,-0.629279,-0.0970392][0.960782,0.129154,0.245392][0.731382,0.33347,0][0.255833,-0.72656,-0.0663263][0.781884,-0.457197,0.423825][0.731988,0.340743,0][0.255833,-0.72656,-0.0663263][0.781884,-0.457197,0.423825][0.731988,0.340743,0][0.285735,-0.760007,-0.125454][0.658535,-0.453729,0.600384][0.735803,0.339662,0][0.315752,-0.693123,-0.157491][0.923976,0.148877,0.352284][0.735397,0.334627,0][0.279316,-0.629279,-0.0970392][0.960782,0.129154,0.245392][0.776483,0.330901,0][0.315752,-0.693123,-0.157491][0.923976,0.148877,0.352284][0.7795,0.326324,0][0.321696,-0.674637,-0.247575][0.864786,0.442308,-0.237716][0.776213,0.321453,0][0.321696,-0.674637,-0.247575][0.864786,0.442308,-0.237716][0.776213,0.321453,0][0.293194,-0.608711,-0.218437][0.83414,0.512733,-0.203263][0.773591,0.32479,0][0.279316,-0.629279,-0.0970392][0.960782,0.129154,0.245392][0.776483,0.330901,0][0.321696,-0.674637,-0.247575][0.864786,0.442308,-0.237716][0.776213,0.321453,0][0.269584,-0.682034,-0.314542][0.442456,0.402031,-0.801626][0.773167,0.317556,0][0.233444,-0.615507,-0.298718][0.314386,0.537428,-0.782517][0.769998,0.320068,0][0.233444,-0.615507,-0.298718][0.314386,0.537428,-0.782517][0.769998,0.320068,0][0.293194,-0.608711,-0.218437][0.83414,0.512733,-0.203263][0.773591,0.32479,0][0.321696,-0.674637,-0.247575][0.864786,0.442308,-0.237716][0.776213,0.321453,0][0.233444,-0.615507,-0.298718][0.314386,0.537428,-0.782517][0.769998,0.320068,0][0.269584,-0.682034,-0.314542][0.442456,0.402031,-0.801626][0.773167,0.317556,0][0.204005,-0.729179,-0.340699][-0.146635,0.082586,-0.985737][0.770904,0.313112,0][0.204005,-0.729179,-0.340699][-0.146635,0.082586,-0.985737][0.770904,0.313112,0][0.135522,-0.67752,-0.323528][-0.187328,0.172494,-0.967034][0.766325,0.314687,0][0.233444,-0.615507,-0.298718][0.314386,0.537428,-0.782517][0.769998,0.320068,0][0.135522,-0.67752,-0.323528][-0.187328,0.172494,-0.967034][0.766325,0.314687,0][0.204005,-0.729179,-0.340699][-0.146635,0.082586,-0.985737][0.770904,0.313112,0][0.170473,-0.783123,-0.308929][-0.599801,-0.499419,-0.625156][0.769876,0.309126,0][0.170473,-0.783123,-0.308929][-0.599801,-0.499419,-0.625156][0.769876,0.309126,0][0.115657,-0.745498,-0.305253][-0.241892,-0.494099,-0.835078][0.766324,0.310498,0][0.135522,-0.67752,-0.323528][-0.187328,0.172494,-0.967034][0.766325,0.314687,0][0.115657,-0.745498,-0.305253][-0.241892,-0.494099,-0.835078][0.747193,0.350273,0][0.170473,-0.783123,-0.308929][-0.599801,-0.499419,-0.625156][0.747012,0.347115,0][0.175534,-0.818863,-0.222008][-0.44435,-0.894141,-0.0553581][0.740948,0.346555,0][0.175534,-0.818863,-0.222008][-0.44435,-0.894141,-0.0553581][0.740948,0.346555,0][0.117498,-0.800683,-0.205699][-0.015172,-0.923086,-0.384295][0.739608,0.350272,0][0.115657,-0.745498,-0.305253][-0.241892,-0.494099,-0.835078][0.747193,0.350273,0][0.117498,-0.800683,-0.205699][-0.015172,-0.923086,-0.384295][0.739608,0.350272,0][0.175534,-0.818863,-0.222008][-0.44435,-0.894141,-0.0553581][0.740948,0.346555,0][0.219502,-0.823482,-0.156288][0.125972,-0.911369,0.391839][0.73777,0.344304,0][0.219502,-0.823482,-0.156288][0.125972,-0.911369,0.391839][0.73777,0.344304,0][0.15749,-0.81999,-0.126368][0.308713,-0.950906,0.0217866][0.735558,0.348011,0][0.117498,-0.800683,-0.205699][-0.015172,-0.923086,-0.384295][0.739608,0.350272,0][0.255138,-0.645125,0.233605][0.987317,-0.019778,0.157524][0.715481,0.335172,0][0.238504,-0.707211,0.166881][0.924993,-0.336625,-0.176271][0.7193,0.34008,0][0.24549,-0.617317,0.169925][0.974424,0.0749251,-0.211857][0.718557,0.334367,0][0.24549,-0.617317,0.169925][0.974424,0.0749251,-0.211857][0.686321,0.335202,0][0.235463,-0.560796,0.178544][0.969894,0.230948,-0.0772543][0.6892,0.337194,0][0.238104,-0.576757,0.251623][0.907095,0.262673,0.328909][0.691244,0.333499,0][0.238104,-0.576757,0.251623][0.907095,0.262673,0.328909][0.691244,0.333499,0][0.255138,-0.645125,0.233605][0.987317,-0.019778,0.157524][0.687694,0.331224,0][0.24549,-0.617317,0.169925][0.974424,0.0749251,-0.211857][0.686321,0.335202,0][0.235463,-0.560796,0.178544][0.969894,0.230948,-0.0772543][0.6892,0.337194,0][0.220071,-0.507516,0.175031][0.737841,0.674562,0.0235941][0.691539,0.339528,0][0.215294,-0.513882,0.243809][0.658723,0.681827,0.318113][0.693949,0.336432,0][0.215294,-0.513882,0.243809][0.658723,0.681827,0.318113][0.693949,0.336432,0][0.238104,-0.576757,0.251623][0.907095,0.262673,0.328909][0.691244,0.333499,0][0.235463,-0.560796,0.178544][0.969894,0.230948,-0.0772543][0.6892,0.337194,0][0.0192503,-0.520794,0.356493][0.143079,0.651924,0.744664][0.293707,0.178205,0][-0.00637305,-0.427317,0.0859841][-0.0184142,0.996398,0.0827753][0.28673,0.097887,0][-0.118705,-0.522541,0.375479][-0.296757,0.561765,0.77224][0.256141,0.183842,0][0.132733,-0.514776,0.320206][0.314225,0.688236,0.653907][0.324609,0.167431,0][-0.00637305,-0.427317,0.0859841][-0.0184142,0.996398,0.0827753][0.28673,0.097887,0][0.0192503,-0.520794,0.356493][0.143079,0.651924,0.744664][0.293707,0.178205,0][0.211433,-0.50174,0.112663][0.721776,0.686965,0.0843692][0.346039,0.105808,0][-0.00637305,-0.427317,0.0859841][-0.0184142,0.996398,0.0827753][0.28673,0.097887,0][0.220071,-0.507516,0.175031][0.737841,0.674562,0.0235941][0.348392,0.124326,0][0.224069,-0.485306,-0.0171367][0.670491,0.730258,0.131012][0.34948,0.067269,0][-0.00637305,-0.427317,0.0859841][-0.0184142,0.996398,0.0827753][0.28673,0.097887,0][0.211433,-0.50174,0.112663][0.721776,0.686965,0.0843692][0.346039,0.105808,0][0.214326,-0.464884,-0.119155][0.570715,0.812648,-0.117846][0.346827,0.036978,0][-0.00637305,-0.427317,0.0859841][-0.0184142,0.996398,0.0827753][0.28673,0.097887,0][0.224069,-0.485306,-0.0171367][0.670491,0.730258,0.131012][0.34948,0.067269,0][0.136773,-0.453973,-0.188896][0.154066,0.863559,-0.480134][0.325709,0.016271,0][-0.00637305,-0.427317,0.0859841][-0.0184142,0.996398,0.0827753][0.28673,0.097887,0][0.214326,-0.464884,-0.119155][0.570715,0.812648,-0.117846][0.346827,0.036978,0][0.00498378,-0.471155,-0.195052][-0.213993,0.772469,-0.597912][0.289822,0.014443,0][-0.00637305,-0.427317,0.0859841][-0.0184142,0.996398,0.0827753][0.28673,0.097887,0][0.136773,-0.453973,-0.188896][0.154066,0.863559,-0.480134][0.325709,0.016271,0][-0.11355,-0.486737,-0.155144][-0.428468,0.701686,-0.569256][0.257545,0.026292,0][-0.00637305,-0.427317,0.0859841][-0.0184142,0.996398,0.0827753][0.28673,0.097887,0][0.00498378,-0.471155,-0.195052][-0.213993,0.772469,-0.597912][0.289822,0.014443,0][-0.257019,-0.502077,-0.00107406][-0.699056,0.663182,-0.267413][0.218478,0.072038,0][-0.00637305,-0.427317,0.0859841][-0.0184142,0.996398,0.0827753][0.28673,0.097887,0][-0.211777,-0.501813,-0.0773052][-0.595843,0.659161,-0.458778][0.230797,0.049404,0][-0.263184,-0.513124,0.191896][-0.74845,0.620308,0.234609][0.216799,0.129334,0][-0.00637305,-0.427317,0.0859841][-0.0184142,0.996398,0.0827753][0.28673,0.097887,0][-0.279113,-0.506328,0.0877309][-0.776728,0.629636,0.0159076][0.212461,0.098406,0][-0.118705,-0.522541,0.375479][-0.296757,0.561765,0.77224][0.256141,0.183842,0][-0.00637305,-0.427317,0.0859841][-0.0184142,0.996398,0.0827753][0.28673,0.097887,0][-0.237554,-0.520236,0.266197][-0.660533,0.574596,0.483254][0.223778,0.151395,0][-0.211777,-0.501813,-0.0773052][-0.595843,0.659161,-0.458778][0.230797,0.049404,0][-0.00637305,-0.427317,0.0859841][-0.0184142,0.996398,0.0827753][0.28673,0.097887,0][-0.11355,-0.486737,-0.155144][-0.428468,0.701686,-0.569256][0.257545,0.026292,0][-0.237554,-0.520236,0.266197][-0.660533,0.574596,0.483254][0.223778,0.151395,0][-0.00637305,-0.427317,0.0859841][-0.0184142,0.996398,0.0827753][0.28673,0.097887,0][-0.263184,-0.513124,0.191896][-0.74845,0.620308,0.234609][0.216799,0.129334,0][-0.279113,-0.506328,0.0877309][-0.776728,0.629636,0.0159076][0.212461,0.098406,0][-0.00637305,-0.427317,0.0859841][-0.0184142,0.996398,0.0827753][0.28673,0.097887,0][-0.257019,-0.502077,-0.00107406][-0.699056,0.663182,-0.267413][0.218478,0.072038,0][0.215294,-0.513882,0.243809][0.658723,0.681827,0.318113][0.347091,0.144747,0][-0.00637305,-0.427317,0.0859841][-0.0184142,0.996398,0.0827753][0.28673,0.097887,0][0.132733,-0.514776,0.320206][0.314225,0.688236,0.653907][0.324609,0.167431,0][0.220071,-0.507516,0.175031][0.737841,0.674562,0.0235941][0.348392,0.124326,0][-0.00637305,-0.427317,0.0859841][-0.0184142,0.996398,0.0827753][0.28673,0.097887,0][0.215294,-0.513882,0.243809][0.658723,0.681827,0.318113][0.347091,0.144747,0]