mtllib 195955867.mtl
o Mesh

v 0.12419 0.993571 0.335617
v 0.269045 0.993571 0.199045
v 0.07142 1.07079 0.250638
v 0.178366 1.07079 0.149485
v 0.07142 1.07079 0.250638
v 0.269045 0.993571 0.199045
v 0.07142 1.07079 0.250638
v -0.074539 1.07079 0.287665
v 0.12419 0.993571 0.335617
v -0.0730321 0.993571 0.385604
v 0.12419 0.993571 0.335617
v -0.074539 1.07079 0.287665
v -0.0730321 0.993571 0.385604
v -0.074539 1.07079 0.287665
v -0.269798 0.993571 0.335617
v -0.220399 1.07079 0.250638
v -0.269798 0.993571 0.335617
v -0.074539 1.07079 0.287665
v -0.220399 1.07079 0.250638
v -0.327077 1.07079 0.149485
v -0.269798 0.993571 0.335617
v -0.413377 0.993571 0.199045
v -0.269798 0.993571 0.335617
v -0.327077 1.07079 0.149485
v -0.465232 0.993571 0.0124889
v -0.413377 0.993571 0.199045
v -0.365764 1.07079 0.011306
v -0.327077 1.07079 0.149485
v -0.365764 1.07079 0.011306
v -0.413377 0.993571 0.199045
v -0.365764 1.07079 0.011306
v -0.326049 1.07079 -0.126874
v -0.465232 0.993571 0.0124889
v -0.411463 0.993571 -0.17407
v -0.465232 0.993571 0.0124889
v -0.326049 1.07079 -0.126874
v -0.266505 0.993571 -0.31064
v -0.411463 0.993571 -0.17407
v -0.218902 1.07079 -0.22803
v -0.326049 1.07079 -0.126874
v -0.218902 1.07079 -0.22803
v -0.411463 0.993571 -0.17407
v -0.266505 0.993571 -0.31064
v -0.218902 1.07079 -0.22803
v -0.06923 0.993571 -0.392564
v -0.073247 1.07079 -0.265054
v -0.06923 0.993571 -0.392564
v -0.218902 1.07079 -0.22803
v 0.127494 0.993571 -0.31064
v -0.06923 0.993571 -0.392564
v 0.072916 1.07079 -0.22803
v -0.073247 1.07079 -0.265054
v 0.072916 1.07079 -0.22803
v -0.06923 0.993571 -0.392564
v 0.072916 1.07079 -0.22803
v 0.179395 1.07079 -0.126874
v 0.127494 0.993571 -0.31064
v 0.270941 0.993571 -0.17407
v 0.127494 0.993571 -0.31064
v 0.179395 1.07079 -0.126874
v 0.322762 0.993571 0.0124891
v 0.270941 0.993571 -0.17407
v 0.21788 1.07079 0.011306
v 0.179395 1.07079 -0.126874
v 0.21788 1.07079 0.011306
v 0.270941 0.993571 -0.17407
v 0.269045 0.993571 0.199045
v 0.322762 0.993571 0.0124891
v 0.178366 1.07079 0.149485
v 0.21788 1.07079 0.011306
v 0.178366 1.07079 0.149485
v 0.322762 0.993571 0.0124891
v 0.270941 0.993571 -0.17407
v 0.297258 0.795135 -0.172165
v 0.127494 0.993571 -0.31064
v 0.151477 0.799564 -0.308178
v 0.127494 0.993571 -0.31064
v 0.297258 0.795135 -0.172165
v -0.048227 0.799852 -0.390848
v -0.06923 0.993571 -0.392564
v 0.151477 0.799564 -0.308178
v 0.127494 0.993571 -0.31064
v 0.151477 0.799564 -0.308178
v -0.06923 0.993571 -0.392564
v -0.266505 0.993571 -0.31064
v -0.06923 0.993571 -0.392564
v -0.248203 0.799564 -0.308178
v -0.048227 0.799852 -0.390848
v -0.248203 0.799564 -0.308178
v -0.06923 0.993571 -0.392564
v -0.395092 0.795135 -0.172165
v -0.411463 0.993571 -0.17407
v -0.248203 0.799564 -0.308178
v -0.266505 0.993571 -0.31064
v -0.248203 0.799564 -0.308178
v -0.411463 0.993571 -0.17407
v -0.465232 0.993571 0.0124889
v -0.411463 0.993571 -0.17407
v -0.449328 0.790326 0.0133719
v -0.395092 0.795135 -0.172165
v -0.449328 0.790326 0.0133719
v -0.411463 0.993571 -0.17407
v -0.413377 0.993571 0.199045
v -0.465232 0.993571 0.0124889
v -0.396352 0.784262 0.199169
v -0.449328 0.790326 0.0133719
v -0.396352 0.784262 0.199169
v -0.465232 0.993571 0.0124889
v -0.250452 0.779833 0.335184
v -0.269798 0.993571 0.335617
v -0.396352 0.784262 0.199169
v -0.413377 0.993571 0.199045
v -0.396352 0.784262 0.199169
v -0.269798 0.993571 0.335617
v -0.250452 0.779833 0.335184
v -0.0507562 0.77822 0.384967
v -0.269798 0.993571 0.335617
v -0.0730321 0.993571 0.385604
v -0.269798 0.993571 0.335617
v -0.0507562 0.77822 0.384967
v -0.0507562 0.77822 0.384967
v 0.149257 0.779833 0.335184
v -0.0730321 0.993571 0.385604
v 0.12419 0.993571 0.335617
v -0.0730321 0.993571 0.385604
v 0.149257 0.779833 0.335184
v 0.12419 0.993571 0.335617
v 0.149257 0.779833 0.335184
v 0.269045 0.993571 0.199045
v 0.296027 0.784262 0.199169
v 0.269045 0.993571 0.199045
v 0.149257 0.779833 0.335184
v 0.296027 0.784262 0.199169
v 0.350241 0.790326 0.0133721
v 0.269045 0.993571 0.199045
v 0.322762 0.993571 0.0124891
v 0.269045 0.993571 0.199045
v 0.350241 0.790326 0.0133721
v 0.07142 1.07079 0.250638
v 0.178366 1.07079 0.149485
v -0.074703 1.13849 0.011677
v -0.074539 1.07079 0.287665
v 0.07142 1.07079 0.250638
v -0.074703 1.13849 0.011677
v -0.220399 1.07079 0.250638
v -0.074539 1.07079 0.287665
v -0.074703 1.13849 0.011677
v -0.327077 1.07079 0.149485
v -0.220399 1.07079 0.250638
v -0.074703 1.13849 0.011677
v -0.365764 1.07079 0.011306
v -0.327077 1.07079 0.149485
v -0.074703 1.13849 0.011677
v -0.326049 1.07079 -0.126874
v -0.365764 1.07079 0.011306
v -0.074703 1.13849 0.011677
v -0.218902 1.07079 -0.22803
v -0.326049 1.07079 -0.126874
v -0.074703 1.13849 0.011677
v -0.073247 1.07079 -0.265054
v -0.218902 1.07079 -0.22803
v -0.074703 1.13849 0.011677
v 0.072916 1.07079 -0.22803
v -0.073247 1.07079 -0.265054
v -0.074703 1.13849 0.011677
v 0.179395 1.07079 -0.126874
v 0.072916 1.07079 -0.22803
v -0.074703 1.13849 0.011677
v 0.21788 1.07079 0.011306
v 0.179395 1.07079 -0.126874
v -0.074703 1.13849 0.011677
v 0.178366 1.07079 0.149485
v 0.21788 1.07079 0.011306
v -0.074703 1.13849 0.011677
v 0.297258 0.795135 -0.172165
v 0.270941 0.993571 -0.17407
v 0.350241 0.790326 0.0133721
v 0.322762 0.993571 0.0124891
v 0.350241 0.790326 0.0133721
v 0.270941 0.993571 -0.17407
v 0.315777 0.562321 -0.161508
v 0.369565 0.557021 0.0288011
v 0.317166 0.376531 -0.148017
v 0.369854 0.368271 0.0535651
v 0.317166 0.376531 -0.148017
v 0.369565 0.557021 0.0288011
v 0.369854 0.368271 0.0535651
v 0.369565 0.557021 0.0288011
v 0.316263 0.365211 0.262403
v 0.315023 0.551001 0.222597
v 0.316263 0.365211 0.262403
v 0.369565 0.557021 0.0288011
v 0.316263 0.365211 0.262403
v 0.315023 0.551001 0.222597
v 0.170358 0.368381 0.415137
v 0.166625 0.546591 0.3644
v 0.170358 0.368381 0.415137
v 0.315023 0.551001 0.222597
v -0.0356532 0.544981 0.416289
v -0.0283223 0.376911 0.471012
v 0.166625 0.546591 0.3644
v 0.170358 0.368381 0.415137
v 0.166625 0.546591 0.3644
v -0.0283223 0.376911 0.471012
v -0.0283223 0.376911 0.471012
v -0.0356532 0.544981 0.416289
v -0.226571 0.388521 0.415137
v -0.237644 0.546591 0.3644
v -0.226571 0.388521 0.415137
v -0.0356532 0.544981 0.416289
v -0.371576 0.400111 0.262403
v -0.226571 0.388521 0.415137
v -0.385392 0.551001 0.222597
v -0.237644 0.546591 0.3644
v -0.385392 0.551001 0.222597
v -0.226571 0.388521 0.415137
v -0.424411 0.408571 0.053565
v -0.371576 0.400111 0.262403
v -0.439253 0.557021 0.028801
v -0.385392 0.551001 0.222597
v -0.439253 0.557021 0.028801
v -0.371576 0.400111 0.262403
v -0.384347 0.562321 -0.161508
v -0.370117 0.411411 -0.148017
v -0.439253 0.557021 0.028801
v -0.424411 0.408571 0.053565
v -0.439253 0.557021 0.028801
v -0.370117 0.411411 -0.148017
v -0.370117 0.411411 -0.148017
v -0.384347 0.562321 -0.161508
v -0.22321 0.408191 -0.301108
v -0.235389 0.566731 -0.303475
v -0.22321 0.408191 -0.301108
v -0.384347 0.562321 -0.161508
v -0.22321 0.408191 -0.301108
v -0.235389 0.566731 -0.303475
v -0.0248591 0.400701 -0.393784
v -0.0333231 0.568211 -0.38959
v -0.0248591 0.400701 -0.393784
v -0.235389 0.566731 -0.303475
v -0.0248591 0.400701 -0.393784
v -0.0333231 0.568211 -0.38959
v 0.172713 0.388101 -0.301108
v 0.168365 0.566731 -0.303475
v 0.172713 0.388101 -0.301108
v -0.0333231 0.568211 -0.38959
v 0.168365 0.566731 -0.303475
v 0.315777 0.562321 -0.161508
v 0.172713 0.388101 -0.301108
v 0.317166 0.376531 -0.148017
v 0.172713 0.388101 -0.301108
v 0.315777 0.562321 -0.161508
v -0.327022 0.167091 -0.10471
v -0.357831 0.222581 -0.129624
v -0.198178 0.168011 -0.2628
v -0.216036 0.224121 -0.295404
v -0.198178 0.168011 -0.2628
v -0.357831 0.222581 -0.129624
v -0.327022 0.167091 -0.10471
v -0.37416 0.165881 0.096156
v -0.357831 0.222581 -0.129624
v -0.409756 0.220541 0.084201
v -0.357831 0.222581 -0.129624
v -0.37416 0.165881 0.096156
v -0.326648 0.164631 0.266263
v -0.357609 0.218431 0.259146
v -0.37416 0.165881 0.096156
v -0.409756 0.220541 0.084201
v -0.37416 0.165881 0.096156
v -0.357609 0.218431 0.259146
v -0.197776 0.163711 0.409982
v -0.216007 0.216891 0.413378
v -0.326648 0.164631 0.266263
v -0.357609 0.218431 0.259146
v -0.326648 0.164631 0.266263
v -0.216007 0.216891 0.413378
v -0.0223413 0.163381 0.459675
v -0.0231473 0.216331 0.467152
v -0.197776 0.163711 0.409982
v -0.216007 0.216891 0.413378
v -0.197776 0.163711 0.409982
v -0.0231473 0.216331 0.467152
v 0.153167 0.163711 0.409982
v 0.169818 0.216891 0.413378
v -0.0223413 0.163381 0.459675
v -0.0231473 0.216331 0.467152
v -0.0223413 0.163381 0.459675
v 0.169818 0.216891 0.413378
v 0.169818 0.216891 0.413378
v 0.153167 0.163711 0.409982
v 0.311017 0.218431 0.259146
v 0.281535 0.164631 0.266263
v 0.311017 0.218431 0.259146
v 0.153167 0.163711 0.409982
v 0.328356 0.165881 0.0961561
v 0.362538 0.220541 0.0842011
v 0.281535 0.164631 0.266263
v 0.311017 0.218431 0.259146
v 0.281535 0.164631 0.266263
v 0.362538 0.220541 0.0842011
v 0.328356 0.165881 0.0961561
v 0.281297 0.167091 -0.10471
v 0.362538 0.220541 0.0842011
v 0.310835 0.222581 -0.129624
v 0.362538 0.220541 0.0842011
v 0.281297 0.167091 -0.10471
v 0.152855 0.168011 -0.2628
v 0.169714 0.224121 -0.295404
v 0.281297 0.167091 -0.10471
v 0.310835 0.222581 -0.129624
v 0.281297 0.167091 -0.10471
v 0.169714 0.224121 -0.295404
v 0.152855 0.168011 -0.2628
v -0.0226132 0.168561 -0.339361
v 0.169714 0.224121 -0.295404
v -0.0230792 0.225061 -0.379214
v 0.169714 0.224121 -0.295404
v -0.0226132 0.168561 -0.339361
v -0.0230792 0.225061 -0.379214
v -0.0226132 0.168561 -0.339361
v -0.216036 0.224121 -0.295404
v -0.198178 0.168011 -0.2628
v -0.216036 0.224121 -0.295404
v -0.0226132 0.168561 -0.339361
v 0.317166 0.376531 -0.148017
v 0.288544 0.315541 -0.135081
v 0.172713 0.388101 -0.301108
v 0.156113 0.310281 -0.278498
v 0.172713 0.388101 -0.301108
v 0.288544 0.315541 -0.135081
v 0.172713 0.388101 -0.301108
v 0.156113 0.310281 -0.278498
v -0.0248591 0.400701 -0.393784
v -0.0247002 0.301251 -0.357509
v -0.0248591 0.400701 -0.393784
v 0.156113 0.310281 -0.278498
v -0.20558 0.289211 -0.278498
v -0.22321 0.408191 -0.301108
v -0.0247002 0.301251 -0.357509
v -0.0248591 0.400701 -0.393784
v -0.0247002 0.301251 -0.357509
v -0.22321 0.408191 -0.301108
v -0.20558 0.289211 -0.278498
v -0.338763 0.278981 -0.135081
v -0.22321 0.408191 -0.301108
v -0.370117 0.411411 -0.148017
v -0.22321 0.408191 -0.301108
v -0.338763 0.278981 -0.135081
v -0.387474 0.272891 0.070077
v -0.424411 0.408571 0.053565
v -0.338763 0.278981 -0.135081
v -0.370117 0.411411 -0.148017
v -0.338763 0.278981 -0.135081
v -0.424411 0.408571 0.053565
v -0.424411 0.408571 0.053565
v -0.387474 0.272891 0.070077
v -0.371576 0.400111 0.262403
v -0.338481 0.272371 0.232303
v -0.371576 0.400111 0.262403
v -0.387474 0.272891 0.070077
v -0.338481 0.272371 0.232303
v -0.205578 0.277651 0.371926
v -0.371576 0.400111 0.262403
v -0.226571 0.388521 0.415137
v -0.371576 0.400111 0.262403
v -0.205578 0.277651 0.371926
v -0.205578 0.277651 0.371926
v -0.0245513 0.287291 0.421459
v -0.226571 0.388521 0.415137
v -0.0283223 0.376911 0.471012
v -0.226571 0.388521 0.415137
v -0.0245513 0.287291 0.421459
v 0.156508 0.298751 0.371926
v 0.170358 0.368381 0.415137
v -0.0245513 0.287291 0.421459
v -0.0283223 0.376911 0.471012
v -0.0245513 0.287291 0.421459
v 0.170358 0.368381 0.415137
v 0.170358 0.368381 0.415137
v 0.156508 0.298751 0.371926
v 0.316263 0.365211 0.262403
v 0.288997 0.308941 0.232303
v 0.316263 0.365211 0.262403
v 0.156508 0.298751 0.371926
v 0.337216 0.315121 0.0700771
v 0.369854 0.368271 0.0535651
v 0.288997 0.308941 0.232303
v 0.316263 0.365211 0.262403
v 0.288997 0.308941 0.232303
v 0.369854 0.368271 0.0535651
v 0.288544 0.315541 -0.135081
v 0.317166 0.376531 -0.148017
v 0.337216 0.315121 0.0700771
v 0.369854 0.368271 0.0535651
v 0.337216 0.315121 0.0700771
v 0.317166 0.376531 -0.148017
v 0.156113 0.310281 -0.278498
v 0.288544 0.315541 -0.135081
v 0.169714 0.224121 -0.295404
v 0.310835 0.222581 -0.129624
v 0.169714 0.224121 -0.295404
v 0.288544 0.315541 -0.135081
v -0.0230792 0.225061 -0.379214
v -0.0247002 0.301251 -0.357509
v 0.169714 0.224121 -0.295404
v 0.156113 0.310281 -0.278498
v 0.169714 0.224121 -0.295404
v -0.0247002 0.301251 -0.357509
v -0.20558 0.289211 -0.278498
v -0.0247002 0.301251 -0.357509
v -0.216036 0.224121 -0.295404
v -0.0230792 0.225061 -0.379214
v -0.216036 0.224121 -0.295404
v -0.0247002 0.301251 -0.357509
v -0.338763 0.278981 -0.135081
v -0.20558 0.289211 -0.278498
v -0.357831 0.222581 -0.129624
v -0.216036 0.224121 -0.295404
v -0.357831 0.222581 -0.129624
v -0.20558 0.289211 -0.278498
v -0.357831 0.222581 -0.129624
v -0.409756 0.220541 0.084201
v -0.338763 0.278981 -0.135081
v -0.387474 0.272891 0.070077
v -0.338763 0.278981 -0.135081
v -0.409756 0.220541 0.084201
v -0.338481 0.272371 0.232303
v -0.387474 0.272891 0.070077
v -0.357609 0.218431 0.259146
v -0.409756 0.220541 0.084201
v -0.357609 0.218431 0.259146
v -0.387474 0.272891 0.070077
v -0.205578 0.277651 0.371926
v -0.338481 0.272371 0.232303
v -0.216007 0.216891 0.413378
v -0.357609 0.218431 0.259146
v -0.216007 0.216891 0.413378
v -0.338481 0.272371 0.232303
v -0.0231473 0.216331 0.467152
v -0.0245513 0.287291 0.421459
v -0.216007 0.216891 0.413378
v -0.205578 0.277651 0.371926
v -0.216007 0.216891 0.413378
v -0.0245513 0.287291 0.421459
v 0.169818 0.216891 0.413378
v 0.156508 0.298751 0.371926
v -0.0231473 0.216331 0.467152
v -0.0245513 0.287291 0.421459
v -0.0231473 0.216331 0.467152
v 0.156508 0.298751 0.371926
v 0.288997 0.308941 0.232303
v 0.156508 0.298751 0.371926
v 0.311017 0.218431 0.259146
v 0.169818 0.216891 0.413378
v 0.311017 0.218431 0.259146
v 0.156508 0.298751 0.371926
v 0.337216 0.315121 0.0700771
v 0.288997 0.308941 0.232303
v 0.362538 0.220541 0.0842011
v 0.311017 0.218431 0.259146
v 0.362538 0.220541 0.0842011
v 0.288997 0.308941 0.232303
v 0.288544 0.315541 -0.135081
v 0.337216 0.315121 0.0700771
v 0.310835 0.222581 -0.129624
v 0.362538 0.220541 0.0842011
v 0.310835 0.222581 -0.129624
v 0.337216 0.315121 0.0700771
v 0.143853 0.132051 -0.239828
v 0.152855 0.168011 -0.2628
v 0.256411 0.132051 -0.101564
v 0.281297 0.167091 -0.10471
v 0.256411 0.132051 -0.101564
v 0.152855 0.168011 -0.2628
v 0.256411 0.132051 -0.101564
v 0.281297 0.167091 -0.10471
v 0.298065 0.132051 0.0765881
v 0.328356 0.165881 0.0961561
v 0.298065 0.132051 0.0765881
v 0.281297 0.167091 -0.10471
v 0.256411 0.132051 0.279365
v 0.298065 0.132051 0.0765881
v 0.281535 0.164631 0.266263
v 0.328356 0.165881 0.0961561
v 0.281535 0.164631 0.266263
v 0.298065 0.132051 0.0765881
v 0.256411 0.132051 0.279365
v 0.281535 0.164631 0.266263
v 0.14261 0.132051 0.416194
v 0.153167 0.163711 0.409982
v 0.14261 0.132051 0.416194
v 0.281535 0.164631 0.266263
v 0.153167 0.163711 0.409982
v -0.0223413 0.163381 0.459675
v 0.14261 0.132051 0.416194
v -0.0128453 0.132051 0.466878
v 0.14261 0.132051 0.416194
v -0.0223413 0.163381 0.459675
v -0.197776 0.163711 0.409982
v -0.1683 0.132051 0.416194
v -0.0223413 0.163381 0.459675
v -0.0128453 0.132051 0.466878
v -0.0223413 0.163381 0.459675
v -0.1683 0.132051 0.416194
v -0.1683 0.132051 0.416194
v -0.197776 0.163711 0.409982
v -0.282098 0.132051 0.279365
v -0.326648 0.164631 0.266263
v -0.282098 0.132051 0.279365
v -0.197776 0.163711 0.409982
v -0.37416 0.165881 0.096156
v -0.323754 0.132051 0.076588
v -0.326648 0.164631 0.266263
v -0.282098 0.132051 0.279365
v -0.326648 0.164631 0.266263
v -0.323754 0.132051 0.076588
v -0.323754 0.132051 0.076588
v -0.37416 0.165881 0.096156
v -0.282098 0.132051 -0.101564
v -0.327022 0.167091 -0.10471
v -0.282098 0.132051 -0.101564
v -0.37416 0.165881 0.096156
v -0.198178 0.168011 -0.2628
v -0.167057 0.132051 -0.239828
v -0.327022 0.167091 -0.10471
v -0.282098 0.132051 -0.101564
v -0.327022 0.167091 -0.10471
v -0.167057 0.132051 -0.239828
v -0.0226132 0.168561 -0.339361
v -0.0110242 0.132051 -0.29548
v -0.198178 0.168011 -0.2628
v -0.167057 0.132051 -0.239828
v -0.198178 0.168011 -0.2628
v -0.0110242 0.132051 -0.29548
v 0.143853 0.132051 -0.239828
v -0.0110242 0.132051 -0.29548
v 0.152855 0.168011 -0.2628
v -0.0226132 0.168561 -0.339361
v 0.152855 0.168011 -0.2628
v -0.0110242 0.132051 -0.29548
v -0.384347 0.562321 -0.161508
v -0.395092 0.795135 -0.172165
v -0.235389 0.566731 -0.303475
v -0.248203 0.799564 -0.308178
v -0.235389 0.566731 -0.303475
v -0.395092 0.795135 -0.172165
v -0.395092 0.795135 -0.172165
v -0.384347 0.562321 -0.161508
v -0.449328 0.790326 0.0133719
v -0.439253 0.557021 0.028801
v -0.449328 0.790326 0.0133719
v -0.384347 0.562321 -0.161508
v -0.396352 0.784262 0.199169
v -0.449328 0.790326 0.0133719
v -0.385392 0.551001 0.222597
v -0.439253 0.557021 0.028801
v -0.385392 0.551001 0.222597
v -0.449328 0.790326 0.0133719
v -0.396352 0.784262 0.199169
v -0.385392 0.551001 0.222597
v -0.250452 0.779833 0.335184
v -0.237644 0.546591 0.3644
v -0.250452 0.779833 0.335184
v -0.385392 0.551001 0.222597
v -0.0507562 0.77822 0.384967
v -0.250452 0.779833 0.335184
v -0.0356532 0.544981 0.416289
v -0.237644 0.546591 0.3644
v -0.0356532 0.544981 0.416289
v -0.250452 0.779833 0.335184
v -0.0356532 0.544981 0.416289
v 0.166625 0.546591 0.3644
v -0.0507562 0.77822 0.384967
v 0.149257 0.779833 0.335184
v -0.0507562 0.77822 0.384967
v 0.166625 0.546591 0.3644
v 0.149257 0.779833 0.335184
v 0.166625 0.546591 0.3644
v 0.296027 0.784262 0.199169
v 0.315023 0.551001 0.222597
v 0.296027 0.784262 0.199169
v 0.166625 0.546591 0.3644
v 0.315023 0.551001 0.222597
v 0.369565 0.557021 0.0288011
v 0.296027 0.784262 0.199169
v 0.350241 0.790326 0.0133721
v 0.296027 0.784262 0.199169
v 0.369565 0.557021 0.0288011
v 0.369565 0.557021 0.0288011
v 0.315777 0.562321 -0.161508
v 0.350241 0.790326 0.0133721
v 0.297258 0.795135 -0.172165
v 0.350241 0.790326 0.0133721
v 0.315777 0.562321 -0.161508
v 0.315777 0.562321 -0.161508
v 0.168365 0.566731 -0.303475
v 0.297258 0.795135 -0.172165
v 0.151477 0.799564 -0.308178
v 0.297258 0.795135 -0.172165
v 0.168365 0.566731 -0.303475
v -0.048227 0.799852 -0.390848
v 0.151477 0.799564 -0.308178
v -0.0333231 0.568211 -0.38959
v 0.168365 0.566731 -0.303475
v -0.0333231 0.568211 -0.38959
v 0.151477 0.799564 -0.308178
v -0.048227 0.799852 -0.390848
v -0.0333231 0.568211 -0.38959
v -0.248203 0.799564 -0.308178
v -0.235389 0.566731 -0.303475
v -0.248203 0.799564 -0.308178
v -0.0333231 0.568211 -0.38959
v 0.164553 -0.884166 0.492796
v 0.294637 -0.884166 0.340704
v 0.140334 -0.738711 0.448787
v 0.255419 -0.738711 0.31535
v 0.140334 -0.738711 0.448787
v 0.294637 -0.884166 0.340704
v 0.140334 -0.738711 0.448787
v -0.0168777 -0.738711 0.48747
v 0.164553 -0.884166 0.492796
v -0.0131467 -0.884166 0.533742
v 0.164553 -0.884166 0.492796
v -0.0168777 -0.738711 0.48747
v -0.0131467 -0.884166 0.533742
v -0.0168777 -0.738711 0.48747
v -0.190847 -0.884166 0.492796
v -0.174089 -0.738711 0.448787
v -0.190847 -0.884166 0.492796
v -0.0168777 -0.738711 0.48747
v -0.320933 -0.884166 0.340704
v -0.190847 -0.884166 0.492796
v -0.289177 -0.738711 0.31535
v -0.174089 -0.738711 0.448787
v -0.289177 -0.738711 0.31535
v -0.190847 -0.884166 0.492796
v -0.320933 -0.884166 0.340704
v -0.289177 -0.738711 0.31535
v -0.368547 -0.884166 0.146626
v -0.331302 -0.738711 0.143991
v -0.368547 -0.884166 0.146626
v -0.289177 -0.738711 0.31535
v -0.331302 -0.738711 0.143991
v -0.289177 -0.693065 -0.028656
v -0.368547 -0.884166 0.146626
v -0.320933 -0.874148 -0.043024
v -0.368547 -0.884166 0.146626
v -0.289177 -0.693065 -0.028656
v -0.344234 -0.928866 -0.4181
v -0.339127 -0.791478 -0.416683
v -0.221592 -0.925057 -0.705399
v -0.219891 -0.748227 -0.669896
v -0.221592 -0.925057 -0.705399
v -0.339127 -0.791478 -0.416683
v -0.0177404 -0.727587 -0.735328
v -0.0150845 -0.916245 -0.766176
v -0.219891 -0.748227 -0.669896
v -0.221592 -0.925057 -0.705399
v -0.219891 -0.748227 -0.669896
v -0.0150845 -0.916245 -0.766176
v -0.0177404 -0.727587 -0.735328
v 0.169806 -0.755358 -0.62151
v -0.0150845 -0.916245 -0.766176
v 0.176578 -0.916914 -0.66062
v -0.0150845 -0.916245 -0.766176
v 0.169806 -0.755358 -0.62151
v 0.176578 -0.916914 -0.66062
v 0.169806 -0.755358 -0.62151
v 0.310672 -0.916114 -0.419417
v 0.3016 -0.791296 -0.418283
v 0.310672 -0.916114 -0.419417
v 0.169806 -0.755358 -0.62151
v 0.286092 -0.724486 -0.0286559
v 0.297544 -0.738711 0.143991
v 0.337724 -0.887701 -0.0430239
v 0.342252 -0.884166 0.146626
v 0.337724 -0.887701 -0.0430239
v 0.297544 -0.738711 0.143991
v 0.342252 -0.884166 0.146626
v 0.297544 -0.738711 0.143991
v 0.294637 -0.884166 0.340704
v 0.255419 -0.738711 0.31535
v 0.294637 -0.884166 0.340704
v 0.297544 -0.738711 0.143991
v 0.295827 -1.00386 0.332425
v 0.16686 -1.00386 0.497707
v -0.00931364 -1.00386 0.121562
v 0.16686 -1.00386 0.497707
v -0.0093137 -1.00386 0.538452
v -0.00931364 -1.00386 0.121562
v -0.0093137 -1.00386 0.538452
v -0.185487 -1.00386 0.497707
v -0.00931364 -1.00386 0.121562
v -0.185487 -1.00386 0.497707
v -0.314453 -1.00386 0.332425
v -0.00931364 -1.00386 0.121562
v -0.314453 -1.00386 0.332425
v -0.361659 -1.00386 0.149662
v -0.00931364 -1.00386 0.121562
v -0.309809 -1.00382 -0.055975
v -0.00931364 -1.0039 -0.0559659
v -0.361659 -1.00386 0.149662
v -0.00931364 -1.00386 0.121562
v -0.361659 -1.00386 0.149662
v -0.00931364 -1.0039 -0.0559659
v -0.00931364 -1.00386 0.121562
v -0.00931364 -1.0039 -0.0559659
v 0.343033 -1.00386 0.149662
v 0.341953 -1.00382 -0.0559749
v 0.343033 -1.00386 0.149662
v -0.00931364 -1.0039 -0.0559659
v 0.343033 -1.00386 0.149662
v 0.295827 -1.00386 0.332425
v -0.00931364 -1.00386 0.121562
v -0.187641 -0.620941 -0.184844
v -0.184737 -0.577929 -0.178604
v -0.0168775 -0.620941 -0.223528
v -0.00968343 -0.577892 -0.22555
v -0.0168775 -0.620941 -0.223528
v -0.184737 -0.577929 -0.178604
v -0.187641 -0.620941 -0.184844
v -0.289177 -0.693065 -0.028656
v -0.184737 -0.577929 -0.178604
v -0.300981 -0.611281 -0.012224
v -0.184737 -0.577929 -0.178604
v -0.289177 -0.693065 -0.028656
v -0.359793 -0.644287 0.133985
v -0.300981 -0.611281 -0.012224
v -0.331302 -0.738711 0.143991
v -0.289177 -0.693065 -0.028656
v -0.331302 -0.738711 0.143991
v -0.300981 -0.611281 -0.012224
v -0.359793 -0.644287 0.133985
v -0.331302 -0.738711 0.143991
v -0.312887 -0.644421 0.318483
v -0.289177 -0.738711 0.31535
v -0.312887 -0.644421 0.318483
v -0.331302 -0.738711 0.143991
v -0.174089 -0.738711 0.448787
v -0.184738 -0.644519 0.459365
v -0.289177 -0.738711 0.31535
v -0.312887 -0.644421 0.318483
v -0.289177 -0.738711 0.31535
v -0.184738 -0.644519 0.459365
v -0.0168777 -0.738711 0.48747
v -0.00968355 -0.640435 0.501834
v -0.174089 -0.738711 0.448787
v -0.184738 -0.644519 0.459365
v -0.174089 -0.738711 0.448787
v -0.00968355 -0.640435 0.501834
v 0.140334 -0.738711 0.448787
v 0.165369 -0.644519 0.459365
v -0.0168777 -0.738711 0.48747
v -0.00968355 -0.640435 0.501834
v -0.0168777 -0.738711 0.48747
v 0.165369 -0.644519 0.459365
v 0.140334 -0.738711 0.448787
v 0.255419 -0.738711 0.31535
v 0.165369 -0.644519 0.459365
v 0.293516 -0.644421 0.318483
v 0.165369 -0.644519 0.459365
v 0.255419 -0.738711 0.31535
v 0.297544 -0.738711 0.143991
v 0.340423 -0.644287 0.133985
v 0.255419 -0.738711 0.31535
v 0.293516 -0.644421 0.318483
v 0.255419 -0.738711 0.31535
v 0.340423 -0.644287 0.133985
v 0.309895 -0.626658 -0.0181459
v 0.340423 -0.644287 0.133985
v 0.286092 -0.724486 -0.0286559
v 0.297544 -0.738711 0.143991
v 0.286092 -0.724486 -0.0286559
v 0.340423 -0.644287 0.133985
v 0.309895 -0.626658 -0.0181459
v 0.286092 -0.724486 -0.0286559
v 0.16537 -0.591263 -0.168396
v 0.153888 -0.652362 -0.184844
v 0.16537 -0.591263 -0.168396
v 0.286092 -0.724486 -0.0286559
v 0.153888 -0.652362 -0.184844
v -0.0168775 -0.620941 -0.223528
v 0.16537 -0.591263 -0.168396
v -0.00968343 -0.577892 -0.22555
v 0.16537 -0.591263 -0.168396
v -0.0168775 -0.620941 -0.223528
v -0.318499 -0.974514 -0.054382
v -0.363195 -1.00386 -0.222476
v -0.00931364 -0.97457 -0.0543269
v -0.26114 -1.00386 -0.358532
v -0.00931364 -0.97457 -0.0543269
v -0.363195 -1.00386 -0.222476
v -0.347174 -0.791235 -0.245683
v -0.289177 -0.693065 -0.028656
v -0.230049 -0.725218 -0.402145
v -0.187641 -0.620941 -0.184844
v -0.230049 -0.725218 -0.402145
v -0.289177 -0.693065 -0.028656
v -0.289177 -0.693065 -0.028656
v -0.347174 -0.791235 -0.245683
v -0.320933 -0.874148 -0.043024
v -0.365088 -0.914775 -0.236439
v -0.320933 -0.874148 -0.043024
v -0.347174 -0.791235 -0.245683
v -0.00931358 -1.00386 -0.384744
v -0.00931364 -0.97457 -0.0543269
v -0.26114 -1.00386 -0.358532
v -0.0168775 -0.620941 -0.223528
v -0.0163915 -0.702353 -0.444291
v -0.187641 -0.620941 -0.184844
v -0.230049 -0.725218 -0.402145
v -0.187641 -0.620941 -0.184844
v -0.0163915 -0.702353 -0.444291
v 0.242513 -1.00386 -0.358532
v -0.00931364 -0.97457 -0.0543269
v -0.00931358 -1.00386 -0.384744
v 0.153888 -0.652362 -0.184844
v 0.225671 -0.740349 -0.414807
v -0.0168775 -0.620941 -0.223528
v -0.0163915 -0.702353 -0.444291
v -0.0168775 -0.620941 -0.223528
v 0.225671 -0.740349 -0.414807
v 0.242513 -1.00386 -0.358532
v 0.344567 -1.00386 -0.222476
v -0.00931364 -0.97457 -0.0543269
v 0.345667 -0.974521 -0.0543819
v -0.00931364 -0.97457 -0.0543269
v 0.344567 -1.00386 -0.222476
v 0.286092 -0.724486 -0.0286559
v 0.337724 -0.887701 -0.0430239
v 0.339561 -0.805743 -0.264287
v 0.34909 -0.914775 -0.243943
v 0.339561 -0.805743 -0.264287
v 0.337724 -0.887701 -0.0430239
v 0.225671 -0.740349 -0.414807
v 0.153888 -0.652362 -0.184844
v 0.339561 -0.805743 -0.264287
v 0.286092 -0.724486 -0.0286559
v 0.339561 -0.805743 -0.264287
v 0.153888 -0.652362 -0.184844
v 0.20165 -0.718286 -0.53418
v 0.231682 -0.708702 -0.418633
v 0.169806 -0.755358 -0.62151
v 0.3016 -0.791296 -0.418283
v 0.169806 -0.755358 -0.62151
v 0.231682 -0.708702 -0.418633
v 0.34909 -0.914775 -0.243943
v 0.299726 -0.915851 -0.41301
v 0.339561 -0.805743 -0.264287
v 0.29151 -0.817663 -0.412793
v 0.339561 -0.805743 -0.264287
v 0.299726 -0.915851 -0.41301
v 0.344567 -1.00386 -0.222476
v 0.242513 -1.00386 -0.358532
v 0.295827 -1.00386 -0.41301
v 0.16686 -1.00386 -0.61667
v 0.295827 -1.00386 -0.41301
v 0.242513 -1.00386 -0.358532
v -0.0135905 -1.00386 -0.715655
v 0.16686 -1.00386 -0.61667
v -0.00931358 -1.00386 -0.384744
v 0.242513 -1.00386 -0.358532
v -0.00931358 -1.00386 -0.384744
v 0.16686 -1.00386 -0.61667
v -0.26114 -1.00386 -0.358532
v -0.363195 -1.00386 -0.222476
v -0.206874 -1.00386 -0.66143
v -0.323008 -1.00386 -0.412999
v -0.206874 -1.00386 -0.66143
v -0.363195 -1.00386 -0.222476
v -0.332642 -0.927915 -0.413003
v -0.365088 -0.914775 -0.236439
v -0.329026 -0.818258 -0.412887
v -0.347174 -0.791235 -0.245683
v -0.329026 -0.818258 -0.412887
v -0.365088 -0.914775 -0.236439
v -0.347174 -0.791235 -0.245683
v -0.230049 -0.725218 -0.402145
v -0.329026 -0.818258 -0.412887
v 0.169806 -0.755358 -0.62151
v -0.0177404 -0.727587 -0.735328
v 0.20165 -0.718286 -0.53418
v -0.0168164 -0.684042 -0.604084
v 0.20165 -0.718286 -0.53418
v -0.0177404 -0.727587 -0.735328
v -0.219891 -0.748227 -0.669896
v -0.227804 -0.706555 -0.550505
v -0.0177404 -0.727587 -0.735328
v -0.0168164 -0.684042 -0.604084
v -0.0177404 -0.727587 -0.735328
v -0.227804 -0.706555 -0.550505
v -0.26114 -1.00386 -0.358532
v -0.206874 -1.00386 -0.66143
v -0.00931358 -1.00386 -0.384744
v -0.0135905 -1.00386 -0.715655
v -0.00931358 -1.00386 -0.384744
v -0.206874 -1.00386 -0.66143
v 0.321545 -0.316422 0.112431
v 0.297891 -0.418407 0.113838
v 0.2796 -0.316283 -0.0429819
v 0.25922 -0.418253 -0.0380939
v 0.2796 -0.316283 -0.0429819
v 0.297891 -0.418407 0.113838
v 0.297891 -0.418407 0.113838
v 0.321545 -0.316422 0.112431
v 0.257221 -0.418517 0.29134
v 0.277601 -0.316518 0.307
v 0.257221 -0.418517 0.29134
v 0.321545 -0.316422 0.112431
v 0.277601 -0.316518 0.307
v 0.156155 -0.316064 0.445377
v 0.257221 -0.418517 0.29134
v 0.14472 -0.418074 0.428694
v 0.257221 -0.418517 0.29134
v 0.156155 -0.316064 0.445377
v -0.0108985 -0.315679 0.493807
v -0.0101115 -0.417693 0.47597
v 0.156155 -0.316064 0.445377
v 0.14472 -0.418074 0.428694
v 0.156155 -0.316064 0.445377
v -0.0101115 -0.417693 0.47597
v -0.164928 -0.418234 0.42867
v -0.0101115 -0.417693 0.47597
v -0.177934 -0.316223 0.445353
v -0.0108985 -0.315679 0.493807
v -0.177934 -0.316223 0.445353
v -0.0101115 -0.417693 0.47597
v -0.29935 -0.316779 0.306975
v -0.277397 -0.418779 0.291316
v -0.177934 -0.316223 0.445353
v -0.164928 -0.418234 0.42867
v -0.177934 -0.316223 0.445353
v -0.277397 -0.418779 0.291316
v -0.318054 -0.418699 0.113839
v -0.277397 -0.418779 0.291316
v -0.343282 -0.316714 0.112432
v -0.29935 -0.316779 0.306975
v -0.343282 -0.316714 0.112432
v -0.277397 -0.418779 0.291316
v -0.343282 -0.316714 0.112432
v -0.30134 -0.316575 -0.042965
v -0.318054 -0.418699 0.113839
v -0.279387 -0.418545 -0.038077
v -0.318054 -0.418699 0.113839
v -0.30134 -0.316575 -0.042965
v 0.341953 -1.00382 -0.0559749
v 0.345667 -0.974521 -0.0543819
v 0.343033 -1.00386 0.149662
v 0.344867 -0.974542 0.148407
v 0.343033 -1.00386 0.149662
v 0.345667 -0.974521 -0.0543819
v 0.343033 -1.00386 0.149662
v 0.344867 -0.974542 0.148407
v 0.295827 -1.00386 0.332425
v 0.29724 -0.974542 0.333125
v 0.295827 -1.00386 0.332425
v 0.344867 -0.974542 0.148407
v 0.167121 -0.974542 0.497829
v 0.16686 -1.00386 0.497707
v 0.29724 -0.974542 0.333125
v 0.295827 -1.00386 0.332425
v 0.29724 -0.974542 0.333125
v 0.16686 -1.00386 0.497707
v -0.0093137 -1.00386 0.538452
v 0.16686 -1.00386 0.497707
v -0.0106307 -0.974542 0.540304
v 0.167121 -0.974542 0.497829
v -0.0106307 -0.974542 0.540304
v 0.16686 -1.00386 0.497707
v -0.188379 -0.974542 0.497829
v -0.185487 -1.00386 0.497707
v -0.0106307 -0.974542 0.540304
v -0.0093137 -1.00386 0.538452
v -0.0106307 -0.974542 0.540304
v -0.185487 -1.00386 0.497707
v -0.314453 -1.00386 0.332425
v -0.185487 -1.00386 0.497707
v -0.318499 -0.974542 0.333125
v -0.188379 -0.974542 0.497829
v -0.318499 -0.974542 0.333125
v -0.185487 -1.00386 0.497707
v -0.314453 -1.00386 0.332425
v -0.318499 -0.974542 0.333125
v -0.361659 -1.00386 0.149662
v -0.366127 -0.974542 0.148407
v -0.361659 -1.00386 0.149662
v -0.318499 -0.974542 0.333125
v -0.309809 -1.00382 -0.055975
v -0.361659 -1.00386 0.149662
v -0.318499 -0.974514 -0.054382
v -0.366127 -0.974542 0.148407
v -0.318499 -0.974514 -0.054382
v -0.361659 -1.00386 0.149662
v -0.318499 -0.974514 -0.054382
v -0.36788 -0.976768 -0.230189
v -0.363195 -1.00386 -0.222476
v -0.36788 -0.976768 -0.230189
v -0.327054 -0.978229 -0.412999
v -0.363195 -1.00386 -0.222476
v -0.323008 -1.00386 -0.412999
v -0.363195 -1.00386 -0.222476
v -0.327054 -0.978229 -0.412999
v -0.323008 -1.00386 -0.412999
v -0.327054 -0.978229 -0.412999
v -0.206874 -1.00386 -0.66143
v -0.209766 -0.976074 -0.662789
v -0.206874 -1.00386 -0.66143
v -0.327054 -0.978229 -0.412999
v -0.206874 -1.00386 -0.66143
v -0.209766 -0.976074 -0.662789
v -0.0135905 -1.00386 -0.715655
v -0.0149075 -0.975132 -0.718744
v -0.0135905 -1.00386 -0.715655
v -0.209766 -0.976074 -0.662789
v -0.0149075 -0.975132 -0.718744
v 0.167121 -0.976956 -0.616379
v -0.0135905 -1.00386 -0.715655
v 0.16686 -1.00386 -0.61667
v -0.0135905 -1.00386 -0.715655
v 0.167121 -0.976956 -0.616379
v 0.16686 -1.00386 -0.61667
v 0.167121 -0.976956 -0.616379
v 0.295827 -1.00386 -0.41301
v 0.29724 -0.979702 -0.41301
v 0.295827 -1.00386 -0.41301
v 0.167121 -0.976956 -0.616379
v 0.346212 -0.979792 -0.230189
v 0.344567 -1.00386 -0.222476
v 0.29724 -0.979702 -0.41301
v 0.295827 -1.00386 -0.41301
v 0.29724 -0.979702 -0.41301
v 0.344567 -1.00386 -0.222476
v 0.346212 -0.979792 -0.230189
v 0.345667 -0.974521 -0.0543819
v 0.344567 -1.00386 -0.222476
v -0.0124514 -0.40532 -0.229751
v -0.00724244 -0.487218 -0.214063
v -0.154131 -0.41375 -0.163999
v -0.166353 -0.487256 -0.165286
v -0.154131 -0.41375 -0.163999
v -0.00724244 -0.487218 -0.214063
v -0.00724244 -0.487218 -0.214063
v -0.0124514 -0.40532 -0.229751
v 0.151867 -0.487256 -0.165286
v 0.133903 -0.41375 -0.163999
v 0.151867 -0.487256 -0.165286
v -0.0124514 -0.40532 -0.229751
v 0.133903 -0.41375 -0.163999
v 0.23933 -0.413793 -0.0327119
v 0.151867 -0.487256 -0.165286
v 0.268343 -0.487356 -0.0385869
v 0.151867 -0.487256 -0.165286
v 0.23933 -0.413793 -0.0327119
v 0.310978 -0.487494 0.119224
v 0.268343 -0.487356 -0.0385869
v 0.27792 -0.413853 0.114247
v 0.23933 -0.413793 -0.0327119
v 0.27792 -0.413853 0.114247
v 0.268343 -0.487356 -0.0385869
v 0.268342 -0.487633 0.292085
v 0.310978 -0.487494 0.119224
v 0.23933 -0.413915 0.28242
v 0.27792 -0.413853 0.114247
v 0.23933 -0.413915 0.28242
v 0.310978 -0.487494 0.119224
v 0.268342 -0.487633 0.292085
v 0.23933 -0.413915 0.28242
v 0.151866 -0.487734 0.4237
v 0.133902 -0.413958 0.412105
v 0.151866 -0.487734 0.4237
v 0.23933 -0.413915 0.28242
v 0.151866 -0.487734 0.4237
v 0.133902 -0.413958 0.412105
v -0.0072425 -0.48777 0.466588
v -0.0101135 -0.413974 0.456075
v -0.0072425 -0.48777 0.466588
v 0.133902 -0.413958 0.412105
v -0.0101135 -0.413974 0.456075
v -0.154132 -0.413958 0.412105
v -0.0072425 -0.48777 0.466588
v -0.166354 -0.487734 0.4237
v -0.0072425 -0.48777 0.466588
v -0.154132 -0.413958 0.412105
v -0.166354 -0.487734 0.4237
v -0.154132 -0.413958 0.412105
v -0.28283 -0.487633 0.292085
v -0.25956 -0.413915 0.28242
v -0.28283 -0.487633 0.292085
v -0.154132 -0.413958 0.412105
v -0.25956 -0.413915 0.28242
v -0.298148 -0.413853 0.114247
v -0.28283 -0.487633 0.292085
v -0.325462 -0.487494 0.119224
v -0.28283 -0.487633 0.292085
v -0.298148 -0.413853 0.114247
v -0.282829 -0.487356 -0.038587
v -0.325462 -0.487494 0.119224
v -0.25956 -0.413793 -0.032712
v -0.298148 -0.413853 0.114247
v -0.25956 -0.413793 -0.032712
v -0.325462 -0.487494 0.119224
v -0.282829 -0.487356 -0.038587
v -0.25956 -0.413793 -0.032712
v -0.166353 -0.487256 -0.165286
v -0.154131 -0.41375 -0.163999
v -0.166353 -0.487256 -0.165286
v -0.25956 -0.413793 -0.032712
v 0.268343 -0.487356 -0.0385869
v 0.23974 -0.543801 -0.0212729
v 0.151867 -0.487256 -0.165286
v 0.136625 -0.54364 -0.1561
v 0.151867 -0.487256 -0.165286
v 0.23974 -0.543801 -0.0212729
v 0.23974 -0.543801 -0.0212729
v 0.268343 -0.487356 -0.0385869
v 0.277484 -0.564652 0.123929
v 0.310978 -0.487494 0.119224
v 0.277484 -0.564652 0.123929
v 0.268343 -0.487356 -0.0385869
v 0.277484 -0.564652 0.123929
v 0.310978 -0.487494 0.119224
v 0.23974 -0.564872 0.28958
v 0.268342 -0.487633 0.292085
v 0.23974 -0.564872 0.28958
v 0.310978 -0.487494 0.119224
v 0.268342 -0.487633 0.292085
v 0.151866 -0.487734 0.4237
v 0.23974 -0.564872 0.28958
v 0.136624 -0.565034 0.413986
v 0.23974 -0.564872 0.28958
v 0.151866 -0.487734 0.4237
v -0.0042336 -0.565091 0.452731
v 0.136624 -0.565034 0.413986
v -0.0072425 -0.48777 0.466588
v 0.151866 -0.487734 0.4237
v -0.0072425 -0.48777 0.466588
v 0.136624 -0.565034 0.413986
v -0.166354 -0.487734 0.4237
v -0.145094 -0.565034 0.413986
v -0.0072425 -0.48777 0.466588
v -0.0042336 -0.565091 0.452731
v -0.0072425 -0.48777 0.466588
v -0.145094 -0.565034 0.413986
v -0.145094 -0.565034 0.413986
v -0.166354 -0.487734 0.4237
v -0.24821 -0.564872 0.28958
v -0.28283 -0.487633 0.292085
v -0.24821 -0.564872 0.28958
v -0.166354 -0.487734 0.4237
v -0.24821 -0.564872 0.28958
v -0.28283 -0.487633 0.292085
v -0.285954 -0.564652 0.123929
v -0.325462 -0.487494 0.119224
v -0.285954 -0.564652 0.123929
v -0.28283 -0.487633 0.292085
v -0.325462 -0.487494 0.119224
v -0.282829 -0.487356 -0.038587
v -0.285954 -0.564652 0.123929
v -0.248209 -0.543801 -0.030936
v -0.285954 -0.564652 0.123929
v -0.282829 -0.487356 -0.038587
v -0.145093 -0.54364 -0.180599
v -0.248209 -0.543801 -0.030936
v -0.166353 -0.487256 -0.165286
v -0.282829 -0.487356 -0.038587
v -0.166353 -0.487256 -0.165286
v -0.248209 -0.543801 -0.030936
v -0.00423348 -0.54358 -0.226713
v -0.145093 -0.54364 -0.180599
v -0.00724244 -0.487218 -0.214063
v -0.166353 -0.487256 -0.165286
v -0.00724244 -0.487218 -0.214063
v -0.145093 -0.54364 -0.180599
v 0.136625 -0.54364 -0.1561
v -0.00423348 -0.54358 -0.226713
v 0.151867 -0.487256 -0.165286
v -0.00724244 -0.487218 -0.214063
v 0.151867 -0.487256 -0.165286
v -0.00423348 -0.54358 -0.226713
v 0.136625 -0.54364 -0.1561
v 0.16537 -0.591263 -0.168396
v -0.00423348 -0.54358 -0.226713
v -0.00968343 -0.577892 -0.22555
v -0.00423348 -0.54358 -0.226713
v 0.16537 -0.591263 -0.168396
v -0.145093 -0.54364 -0.180599
v -0.00423348 -0.54358 -0.226713
v -0.184737 -0.577929 -0.178604
v -0.00968343 -0.577892 -0.22555
v -0.184737 -0.577929 -0.178604
v -0.00423348 -0.54358 -0.226713
v -0.145093 -0.54364 -0.180599
v -0.184737 -0.577929 -0.178604
v -0.248209 -0.543801 -0.030936
v -0.300981 -0.611281 -0.012224
v -0.248209 -0.543801 -0.030936
v -0.184737 -0.577929 -0.178604
v -0.285954 -0.564652 0.123929
v -0.248209 -0.543801 -0.030936
v -0.359793 -0.644287 0.133985
v -0.300981 -0.611281 -0.012224
v -0.359793 -0.644287 0.133985
v -0.248209 -0.543801 -0.030936
v -0.312887 -0.644421 0.318483
v -0.24821 -0.564872 0.28958
v -0.359793 -0.644287 0.133985
v -0.285954 -0.564652 0.123929
v -0.359793 -0.644287 0.133985
v -0.24821 -0.564872 0.28958
v -0.145094 -0.565034 0.413986
v -0.24821 -0.564872 0.28958
v -0.184738 -0.644519 0.459365
v -0.312887 -0.644421 0.318483
v -0.184738 -0.644519 0.459365
v -0.24821 -0.564872 0.28958
v -0.0042336 -0.565091 0.452731
v -0.145094 -0.565034 0.413986
v -0.00968355 -0.640435 0.501834
v -0.184738 -0.644519 0.459365
v -0.00968355 -0.640435 0.501834
v -0.145094 -0.565034 0.413986
v -0.00968355 -0.640435 0.501834
v 0.165369 -0.644519 0.459365
v -0.0042336 -0.565091 0.452731
v 0.136624 -0.565034 0.413986
v -0.0042336 -0.565091 0.452731
v 0.165369 -0.644519 0.459365
v 0.136624 -0.565034 0.413986
v 0.165369 -0.644519 0.459365
v 0.23974 -0.564872 0.28958
v 0.293516 -0.644421 0.318483
v 0.23974 -0.564872 0.28958
v 0.165369 -0.644519 0.459365
v 0.340423 -0.644287 0.133985
v 0.277484 -0.564652 0.123929
v 0.293516 -0.644421 0.318483
v 0.23974 -0.564872 0.28958
v 0.293516 -0.644421 0.318483
v 0.277484 -0.564652 0.123929
v 0.277484 -0.564652 0.123929
v 0.340423 -0.644287 0.133985
v 0.23974 -0.543801 -0.0212729
v 0.309895 -0.626658 -0.0181459
v 0.23974 -0.543801 -0.0212729
v 0.340423 -0.644287 0.133985
v 0.23974 -0.543801 -0.0212729
v 0.309895 -0.626658 -0.0181459
v 0.136625 -0.54364 -0.1561
v 0.16537 -0.591263 -0.168396
v 0.136625 -0.54364 -0.1561
v 0.309895 -0.626658 -0.0181459
v 0.30811 -0.981788 -0.419472
v 0.175336 -0.980848 -0.624631
v 0.310672 -0.916114 -0.419417
v 0.176578 -0.916914 -0.66062
v 0.310672 -0.916114 -0.419417
v 0.175336 -0.980848 -0.624631
v 0.29724 -0.979702 -0.41301
v 0.299726 -0.915851 -0.41301
v 0.346212 -0.979792 -0.230189
v 0.34909 -0.914775 -0.243943
v 0.346212 -0.979792 -0.230189
v 0.299726 -0.915851 -0.41301
v 0.345667 -0.974521 -0.0543819
v 0.346212 -0.979792 -0.230189
v 0.337724 -0.887701 -0.0430239
v 0.34909 -0.914775 -0.243943
v 0.337724 -0.887701 -0.0430239
v 0.346212 -0.979792 -0.230189
v 0.345667 -0.974521 -0.0543819
v 0.337724 -0.887701 -0.0430239
v 0.344867 -0.974542 0.148407
v 0.342252 -0.884166 0.146626
v 0.344867 -0.974542 0.148407
v 0.337724 -0.887701 -0.0430239
v 0.29724 -0.974542 0.333125
v 0.344867 -0.974542 0.148407
v 0.294637 -0.884166 0.340704
v 0.342252 -0.884166 0.146626
v 0.294637 -0.884166 0.340704
v 0.344867 -0.974542 0.148407
v 0.164553 -0.884166 0.492796
v 0.167121 -0.974542 0.497829
v 0.294637 -0.884166 0.340704
v 0.29724 -0.974542 0.333125
v 0.294637 -0.884166 0.340704
v 0.167121 -0.974542 0.497829
v -0.0131467 -0.884166 0.533742
v -0.0106307 -0.974542 0.540304
v 0.164553 -0.884166 0.492796
v 0.167121 -0.974542 0.497829
v 0.164553 -0.884166 0.492796
v -0.0106307 -0.974542 0.540304
v -0.188379 -0.974542 0.497829
v -0.0106307 -0.974542 0.540304
v -0.190847 -0.884166 0.492796
v -0.0131467 -0.884166 0.533742
v -0.190847 -0.884166 0.492796
v -0.0106307 -0.974542 0.540304
v -0.188379 -0.974542 0.497829
v -0.190847 -0.884166 0.492796
v -0.318499 -0.974542 0.333125
v -0.320933 -0.884166 0.340704
v -0.318499 -0.974542 0.333125
v -0.190847 -0.884166 0.492796
v -0.320933 -0.884166 0.340704
v -0.368547 -0.884166 0.146626
v -0.318499 -0.974542 0.333125
v -0.366127 -0.974542 0.148407
v -0.318499 -0.974542 0.333125
v -0.368547 -0.884166 0.146626
v -0.366127 -0.974542 0.148407
v -0.368547 -0.884166 0.146626
v -0.318499 -0.974514 -0.054382
v -0.320933 -0.874148 -0.043024
v -0.318499 -0.974514 -0.054382
v -0.368547 -0.884166 0.146626
v -0.36788 -0.976768 -0.230189
v -0.318499 -0.974514 -0.054382
v -0.365088 -0.914775 -0.236439
v -0.320933 -0.874148 -0.043024
v -0.365088 -0.914775 -0.236439
v -0.318499 -0.974514 -0.054382
v -0.36788 -0.976768 -0.230189
v -0.365088 -0.914775 -0.236439
v -0.327054 -0.978229 -0.412999
v -0.332642 -0.927915 -0.413003
v -0.327054 -0.978229 -0.412999
v -0.365088 -0.914775 -0.236439
v -0.338498 -0.980901 -0.418113
v -0.344234 -0.928866 -0.4181
v -0.216957 -0.980646 -0.670678
v -0.221592 -0.925057 -0.705399
v -0.216957 -0.980646 -0.670678
v -0.344234 -0.928866 -0.4181
v -0.221592 -0.925057 -0.705399
v -0.0150845 -0.916245 -0.766176
v -0.216957 -0.980646 -0.670678
v -0.0135975 -0.981218 -0.729098
v -0.216957 -0.980646 -0.670678
v -0.0150845 -0.916245 -0.766176
v -0.0150845 -0.916245 -0.766176
v 0.176578 -0.916914 -0.66062
v -0.0135975 -0.981218 -0.729098
v 0.175336 -0.980848 -0.624631
v -0.0135975 -0.981218 -0.729098
v 0.176578 -0.916914 -0.66062
v -0.00931364 -0.97457 -0.0543269
v 0.345667 -0.974521 -0.0543819
v -0.00931364 -1.0039 -0.0559659
v 0.341953 -1.00382 -0.0559749
v -0.00931364 -1.0039 -0.0559659
v 0.345667 -0.974521 -0.0543819
v -0.309809 -1.00382 -0.055975
v -0.318499 -0.974514 -0.054382
v -0.00931364 -1.0039 -0.0559659
v -0.00931364 -0.97457 -0.0543269
v -0.00931364 -1.0039 -0.0559659
v -0.318499 -0.974514 -0.054382
v -0.329245 -0.00643969 -0.07509
v -0.346445 -0.100477 -0.053445
v -0.375055 -0.0055027 0.095807
v -0.395013 -0.0995517 0.109224
v -0.375055 -0.0055027 0.095807
v -0.346445 -0.100477 -0.053445
v -0.326594 -0.00441366 0.319036
v -0.375055 -0.0055027 0.095807
v -0.343795 -0.0984747 0.339387
v -0.395013 -0.0995517 0.109224
v -0.343795 -0.0984747 0.339387
v -0.375055 -0.0055027 0.095807
v -0.343795 -0.0984747 0.339387
v -0.203822 -0.0988097 0.479976
v -0.326594 -0.00441366 0.319036
v -0.194158 -0.0047397 0.461234
v -0.326594 -0.00441366 0.319036
v -0.203822 -0.0988097 0.479976
v -0.203822 -0.0988097 0.479976
v -0.0125105 -0.0992568 0.530322
v -0.194158 -0.0047397 0.461234
v -0.0131414 -0.00518376 0.512859
v -0.194158 -0.0047397 0.461234
v -0.0125105 -0.0992568 0.530322
v 0.178786 -0.0986818 0.479953
v 0.167861 -0.00461179 0.461211
v -0.0125105 -0.0992568 0.530322
v -0.0131414 -0.00518376 0.512859
v -0.0125105 -0.0992568 0.530322
v 0.167861 -0.00461179 0.461211
v 0.300269 -0.00419384 0.319013
v 0.167861 -0.00461179 0.461211
v 0.31873 -0.0982549 0.339364
v 0.178786 -0.0986818 0.479953
v 0.31873 -0.0982549 0.339364
v 0.167861 -0.00461179 0.461211
v 0.348729 -0.00524485 0.0958061
v 0.300269 -0.00419384 0.319013
v 0.369948 -0.0992929 0.109223
v 0.31873 -0.0982549 0.339364
v 0.369948 -0.0992929 0.109223
v 0.300269 -0.00419384 0.319013
v 0.369948 -0.0992929 0.109223
v 0.32139 -0.100214 -0.0534349
v 0.348729 -0.00524485 0.0958061
v 0.302929 -0.00617689 -0.0750799
v 0.348729 -0.00524485 0.0958061
v 0.32139 -0.100214 -0.0534349
v 0.225671 -0.740349 -0.414807
v 0.339561 -0.805743 -0.264287
v 0.29151 -0.817663 -0.412793
v -0.227804 -0.706555 -0.550505
v -0.219891 -0.748227 -0.669896
v -0.235267 -0.692631 -0.40472
v -0.339127 -0.791478 -0.416683
v -0.235267 -0.692631 -0.40472
v -0.219891 -0.748227 -0.669896
v -0.329026 -0.818258 -0.412887
v -0.339127 -0.791478 -0.416683
v -0.332642 -0.927915 -0.413003
v -0.344234 -0.928866 -0.4181
v -0.332642 -0.927915 -0.413003
v -0.339127 -0.791478 -0.416683
v 0.310672 -0.916114 -0.419417
v 0.3016 -0.791296 -0.418283
v 0.299726 -0.915851 -0.41301
v 0.29151 -0.817663 -0.412793
v 0.299726 -0.915851 -0.41301
v 0.3016 -0.791296 -0.418283
v 0.231682 -0.708702 -0.418633
v 0.225671 -0.740349 -0.414807
v 0.3016 -0.791296 -0.418283
v 0.29151 -0.817663 -0.412793
v 0.3016 -0.791296 -0.418283
v 0.225671 -0.740349 -0.414807
v -0.0159454 -0.668352 -0.447121
v -0.0163915 -0.702353 -0.444291
v 0.231682 -0.708702 -0.418633
v 0.225671 -0.740349 -0.414807
v 0.231682 -0.708702 -0.418633
v -0.0163915 -0.702353 -0.444291
v -0.235267 -0.692631 -0.40472
v -0.230049 -0.725218 -0.402145
v -0.0159454 -0.668352 -0.447121
v -0.0163915 -0.702353 -0.444291
v -0.0159454 -0.668352 -0.447121
v -0.230049 -0.725218 -0.402145
v 0.29724 -0.979702 -0.41301
v 0.167121 -0.976956 -0.616379
v 0.30811 -0.981788 -0.419472
v 0.175336 -0.980848 -0.624631
v 0.30811 -0.981788 -0.419472
v 0.167121 -0.976956 -0.616379
v 0.30811 -0.981788 -0.419472
v 0.310672 -0.916114 -0.419417
v 0.29724 -0.979702 -0.41301
v 0.299726 -0.915851 -0.41301
v 0.29724 -0.979702 -0.41301
v 0.310672 -0.916114 -0.419417
v -0.209766 -0.976074 -0.662789
v -0.327054 -0.978229 -0.412999
v -0.216957 -0.980646 -0.670678
v -0.338498 -0.980901 -0.418113
v -0.216957 -0.980646 -0.670678
v -0.327054 -0.978229 -0.412999
v -0.332642 -0.927915 -0.413003
v -0.344234 -0.928866 -0.4181
v -0.327054 -0.978229 -0.412999
v -0.338498 -0.980901 -0.418113
v -0.327054 -0.978229 -0.412999
v -0.344234 -0.928866 -0.4181
v -0.209766 -0.976074 -0.662789
v -0.216957 -0.980646 -0.670678
v -0.0149075 -0.975132 -0.718744
v -0.0135975 -0.981218 -0.729098
v -0.0149075 -0.975132 -0.718744
v -0.216957 -0.980646 -0.670678
v -0.0135975 -0.981218 -0.729098
v 0.175336 -0.980848 -0.624631
v -0.0149075 -0.975132 -0.718744
v 0.167121 -0.976956 -0.616379
v -0.0149075 -0.975132 -0.718744
v 0.175336 -0.980848 -0.624631
v -0.339127 -0.791478 -0.416683
v -0.329026 -0.818258 -0.412887
v -0.235267 -0.692631 -0.40472
v -0.230049 -0.725218 -0.402145
v -0.235267 -0.692631 -0.40472
v -0.329026 -0.818258 -0.412887
v 0.20165 -0.718286 -0.53418
v -0.0168164 -0.684042 -0.604084
v 0.231682 -0.708702 -0.418633
v -0.0159454 -0.668352 -0.447121
v 0.231682 -0.708702 -0.418633
v -0.0168164 -0.684042 -0.604084
v -0.0168164 -0.684042 -0.604084
v -0.227804 -0.706555 -0.550505
v -0.0159454 -0.668352 -0.447121
v -0.235267 -0.692631 -0.40472
v -0.0159454 -0.668352 -0.447121
v -0.227804 -0.706555 -0.550505
v -0.282098 0.132051 0.279365
v -0.309194 -0.00931668 0.309745
v -0.1683 0.132051 0.416194
v -0.184067 -0.00931871 0.444155
v -0.1683 0.132051 0.416194
v -0.309194 -0.00931668 0.309745
v -0.0131394 -0.00931972 0.492917
v -0.0128453 0.132051 0.466878
v -0.184067 -0.00931871 0.444155
v -0.1683 0.132051 0.416194
v -0.184067 -0.00931871 0.444155
v -0.0128453 0.132051 0.466878
v -0.0128453 0.132051 0.466878
v -0.0131394 -0.00931972 0.492917
v 0.14261 0.132051 0.416194
v 0.157789 -0.00931883 0.444155
v 0.14261 0.132051 0.416194
v -0.0131394 -0.00931972 0.492917
v 0.14261 0.132051 0.416194
v 0.157789 -0.00931883 0.444155
v 0.256411 0.132051 0.279365
v 0.282916 -0.00931686 0.309745
v 0.256411 0.132051 0.279365
v 0.157789 -0.00931883 0.444155
v 0.282916 -0.00931686 0.309745
v 0.328716 -0.00931287 0.0965471
v 0.256411 0.132051 0.279365
v 0.298065 0.132051 0.0765881
v 0.256411 0.132051 0.279365
v 0.328716 -0.00931287 0.0965471
v 0.282916 -0.00930989 -0.0692389
v 0.256411 0.132051 -0.101564
v 0.328716 -0.00931287 0.0965471
v 0.298065 0.132051 0.0765881
v 0.328716 -0.00931287 0.0965471
v 0.256411 0.132051 -0.101564
v -0.282098 0.132051 -0.101564
v -0.309194 -0.00930971 -0.069239
v -0.323754 0.132051 0.076588
v -0.354994 -0.00931269 0.096547
v -0.323754 0.132051 0.076588
v -0.309194 -0.00930971 -0.069239
v -0.309194 -0.00931668 0.309745
v -0.282098 0.132051 0.279365
v -0.354994 -0.00931269 0.096547
v -0.323754 0.132051 0.076588
v -0.354994 -0.00931269 0.096547
v -0.282098 0.132051 0.279365
v -0.193731 -0.103388 0.462897
v -0.326395 -0.103378 0.330096
v -0.167138 -0.311947 0.428788
v -0.281513 -0.311915 0.29808
v -0.167138 -0.311947 0.428788
v -0.326395 -0.103378 0.330096
v -0.167138 -0.311947 0.428788
v -0.0109005 -0.311959 0.473912
v -0.193731 -0.103388 0.462897
v -0.0125085 -0.103392 0.51038
v -0.193731 -0.103388 0.462897
v -0.0109005 -0.311959 0.473912
v 0.145337 -0.311947 0.428788
v 0.168714 -0.103388 0.462897
v -0.0109005 -0.311959 0.473912
v -0.0125085 -0.103392 0.51038
v -0.0109005 -0.311959 0.473912
v 0.168714 -0.103388 0.462897
v 0.145337 -0.311947 0.428788
v 0.25971 -0.311915 0.29808
v 0.168714 -0.103388 0.462897
v 0.301377 -0.103378 0.330096
v 0.168714 -0.103388 0.462897
v 0.25971 -0.311915 0.29808
v 0.301575 -0.311868 0.112841
v 0.349936 -0.103362 0.109965
v 0.25971 -0.311915 0.29808
v 0.301377 -0.103378 0.330096
v 0.25971 -0.311915 0.29808
v 0.349936 -0.103362 0.109965
v 0.301575 -0.311868 0.112841
v 0.25971 -0.311823 -0.0375999
v 0.349936 -0.103362 0.109965
v 0.301377 -0.103347 -0.0475939
v 0.349936 -0.103362 0.109965
v 0.25971 -0.311823 -0.0375999
v -0.374953 -0.103362 0.109965
v -0.326395 -0.103347 -0.047594
v -0.323376 -0.311868 0.112841
v -0.281513 -0.311823 -0.0376
v -0.323376 -0.311868 0.112841
v -0.326395 -0.103347 -0.047594
v -0.374953 -0.103362 0.109965
v -0.323376 -0.311868 0.112841
v -0.326395 -0.103378 0.330096
v -0.281513 -0.311915 0.29808
v -0.326395 -0.103378 0.330096
v -0.323376 -0.311868 0.112841
v 0.27792 -0.413853 0.114247
v 0.23933 -0.413793 -0.0327119
v 0.297891 -0.418407 0.113838
v 0.25922 -0.418253 -0.0380939
v 0.297891 -0.418407 0.113838
v 0.23933 -0.413793 -0.0327119
v 0.321545 -0.316422 0.112431
v 0.2796 -0.316283 -0.0429819
v 0.301575 -0.311868 0.112841
v 0.25971 -0.311823 -0.0375999
v 0.301575 -0.311868 0.112841
v 0.2796 -0.316283 -0.0429819
v 0.23933 -0.413915 0.28242
v 0.27792 -0.413853 0.114247
v 0.257221 -0.418517 0.29134
v 0.297891 -0.418407 0.113838
v 0.257221 -0.418517 0.29134
v 0.27792 -0.413853 0.114247
v 0.25971 -0.311915 0.29808
v 0.277601 -0.316518 0.307
v 0.301575 -0.311868 0.112841
v 0.321545 -0.316422 0.112431
v 0.301575 -0.311868 0.112841
v 0.277601 -0.316518 0.307
v 0.133902 -0.413958 0.412105
v 0.23933 -0.413915 0.28242
v 0.14472 -0.418074 0.428694
v 0.257221 -0.418517 0.29134
v 0.14472 -0.418074 0.428694
v 0.23933 -0.413915 0.28242
v 0.156155 -0.316064 0.445377
v 0.277601 -0.316518 0.307
v 0.145337 -0.311947 0.428788
v 0.25971 -0.311915 0.29808
v 0.145337 -0.311947 0.428788
v 0.277601 -0.316518 0.307
v 0.14472 -0.418074 0.428694
v -0.0101115 -0.417693 0.47597
v 0.133902 -0.413958 0.412105
v -0.0101135 -0.413974 0.456075
v 0.133902 -0.413958 0.412105
v -0.0101115 -0.417693 0.47597
v 0.156155 -0.316064 0.445377
v 0.145337 -0.311947 0.428788
v -0.0108985 -0.315679 0.493807
v -0.0109005 -0.311959 0.473912
v -0.0108985 -0.315679 0.493807
v 0.145337 -0.311947 0.428788
v -0.164928 -0.418234 0.42867
v -0.154132 -0.413958 0.412105
v -0.0101115 -0.417693 0.47597
v -0.0101135 -0.413974 0.456075
v -0.0101115 -0.417693 0.47597
v -0.154132 -0.413958 0.412105
v -0.177934 -0.316223 0.445353
v -0.0108985 -0.315679 0.493807
v -0.167138 -0.311947 0.428788
v -0.0109005 -0.311959 0.473912
v -0.167138 -0.311947 0.428788
v -0.0108985 -0.315679 0.493807
v -0.164928 -0.418234 0.42867
v -0.277397 -0.418779 0.291316
v -0.154132 -0.413958 0.412105
v -0.25956 -0.413915 0.28242
v -0.154132 -0.413958 0.412105
v -0.277397 -0.418779 0.291316
v -0.281513 -0.311915 0.29808
v -0.29935 -0.316779 0.306975
v -0.167138 -0.311947 0.428788
v -0.177934 -0.316223 0.445353
v -0.167138 -0.311947 0.428788
v -0.29935 -0.316779 0.306975
v -0.25956 -0.413915 0.28242
v -0.277397 -0.418779 0.291316
v -0.298148 -0.413853 0.114247
v -0.318054 -0.418699 0.113839
v -0.298148 -0.413853 0.114247
v -0.277397 -0.418779 0.291316
v -0.323376 -0.311868 0.112841
v -0.343282 -0.316714 0.112432
v -0.281513 -0.311915 0.29808
v -0.29935 -0.316779 0.306975
v -0.281513 -0.311915 0.29808
v -0.343282 -0.316714 0.112432
v -0.25956 -0.413793 -0.032712
v -0.298148 -0.413853 0.114247
v -0.279387 -0.418545 -0.038077
v -0.318054 -0.418699 0.113839
v -0.279387 -0.418545 -0.038077
v -0.298148 -0.413853 0.114247
v -0.281513 -0.311823 -0.0376
v -0.30134 -0.316575 -0.042965
v -0.323376 -0.311868 0.112841
v -0.343282 -0.316714 0.112432
v -0.323376 -0.311868 0.112841
v -0.30134 -0.316575 -0.042965
v -0.395013 -0.0995517 0.109224
v -0.346445 -0.100477 -0.053445
v -0.374953 -0.103362 0.109965
v -0.326395 -0.103347 -0.047594
v -0.374953 -0.103362 0.109965
v -0.346445 -0.100477 -0.053445
v -0.309194 -0.00930971 -0.069239
v -0.329245 -0.00643969 -0.07509
v -0.354994 -0.00931269 0.096547
v -0.375055 -0.0055027 0.095807
v -0.354994 -0.00931269 0.096547
v -0.329245 -0.00643969 -0.07509
v -0.343795 -0.0984747 0.339387
v -0.395013 -0.0995517 0.109224
v -0.326395 -0.103378 0.330096
v -0.374953 -0.103362 0.109965
v -0.326395 -0.103378 0.330096
v -0.395013 -0.0995517 0.109224
v -0.375055 -0.0055027 0.095807
v -0.326594 -0.00441366 0.319036
v -0.354994 -0.00931269 0.096547
v -0.309194 -0.00931668 0.309745
v -0.354994 -0.00931269 0.096547
v -0.326594 -0.00441366 0.319036
v -0.203822 -0.0988097 0.479976
v -0.343795 -0.0984747 0.339387
v -0.193731 -0.103388 0.462897
v -0.326395 -0.103378 0.330096
v -0.193731 -0.103388 0.462897
v -0.343795 -0.0984747 0.339387
v -0.194158 -0.0047397 0.461234
v -0.184067 -0.00931871 0.444155
v -0.326594 -0.00441366 0.319036
v -0.309194 -0.00931668 0.309745
v -0.326594 -0.00441366 0.319036
v -0.184067 -0.00931871 0.444155
v -0.203822 -0.0988097 0.479976
v -0.193731 -0.103388 0.462897
v -0.0125105 -0.0992568 0.530322
v -0.0125085 -0.103392 0.51038
v -0.0125105 -0.0992568 0.530322
v -0.193731 -0.103388 0.462897
v -0.194158 -0.0047397 0.461234
v -0.0131414 -0.00518376 0.512859
v -0.184067 -0.00931871 0.444155
v -0.0131394 -0.00931972 0.492917
v -0.184067 -0.00931871 0.444155
v -0.0131414 -0.00518376 0.512859
v 0.178786 -0.0986818 0.479953
v -0.0125105 -0.0992568 0.530322
v 0.168714 -0.103388 0.462897
v -0.0125085 -0.103392 0.51038
v 0.168714 -0.103388 0.462897
v -0.0125105 -0.0992568 0.530322
v -0.0131414 -0.00518376 0.512859
v 0.167861 -0.00461179 0.461211
v -0.0131394 -0.00931972 0.492917
v 0.157789 -0.00931883 0.444155
v -0.0131394 -0.00931972 0.492917
v 0.167861 -0.00461179 0.461211
v 0.168714 -0.103388 0.462897
v 0.301377 -0.103378 0.330096
v 0.178786 -0.0986818 0.479953
v 0.31873 -0.0982549 0.339364
v 0.178786 -0.0986818 0.479953
v 0.301377 -0.103378 0.330096
v 0.167861 -0.00461179 0.461211
v 0.300269 -0.00419384 0.319013
v 0.157789 -0.00931883 0.444155
v 0.282916 -0.00931686 0.309745
v 0.157789 -0.00931883 0.444155
v 0.300269 -0.00419384 0.319013
v 0.31873 -0.0982549 0.339364
v 0.301377 -0.103378 0.330096
v 0.369948 -0.0992929 0.109223
v 0.349936 -0.103362 0.109965
v 0.369948 -0.0992929 0.109223
v 0.301377 -0.103378 0.330096
v 0.328716 -0.00931287 0.0965471
v 0.282916 -0.00931686 0.309745
v 0.348729 -0.00524485 0.0958061
v 0.300269 -0.00419384 0.319013
v 0.348729 -0.00524485 0.0958061
v 0.282916 -0.00931686 0.309745
v 0.369948 -0.0992929 0.109223
v 0.349936 -0.103362 0.109965
v 0.32139 -0.100214 -0.0534349
v 0.301377 -0.103347 -0.0475939
v 0.32139 -0.100214 -0.0534349
v 0.349936 -0.103362 0.109965
v 0.328716 -0.00931287 0.0965471
v 0.348729 -0.00524485 0.0958061
v 0.282916 -0.00930989 -0.0692389
v 0.302929 -0.00617689 -0.0750799
v 0.282916 -0.00930989 -0.0692389
v 0.348729 -0.00524485 0.0958061
v 0.0824786 -0.295375 -0.245337
v 0.186819 -0.297294 -0.210061
v 0.0702526 -0.4245 -0.242181
v 0.1612 -0.444797 -0.205531
v 0.0702526 -0.4245 -0.242181
v 0.186819 -0.297294 -0.210061
v 0.325141 -0.3044 -0.0444699
v 0.28147 -0.509223 -0.0430739
v 0.186819 -0.297294 -0.210061
v 0.1612 -0.444797 -0.205531
v 0.186819 -0.297294 -0.210061
v 0.28147 -0.509223 -0.0430739
v 0.203014 -0.00105906 -0.240149
v 0.331418 -0.0031091 -0.0738539
v 0.199015 -0.125295 -0.21802
v 0.347351 -0.130686 -0.0520909
v 0.199015 -0.125295 -0.21802
v 0.331418 -0.0031091 -0.0738539
v 0.203014 -0.00105906 -0.240149
v 0.199015 -0.125295 -0.21802
v 0.0857407 -0.00192904 -0.286979
v 0.0883377 -0.124591 -0.256412
v 0.0857407 -0.00192904 -0.286979
v 0.199015 -0.125295 -0.21802
v 0.347351 -0.130686 -0.0520909
v 0.325141 -0.3044 -0.0444699
v 0.199015 -0.125295 -0.21802
v 0.186819 -0.297294 -0.210061
v 0.199015 -0.125295 -0.21802
v 0.325141 -0.3044 -0.0444699
v 0.199015 -0.125295 -0.21802
v 0.186819 -0.297294 -0.210061
v 0.0883377 -0.124591 -0.256412
v 0.0824786 -0.295375 -0.245337
v 0.0883377 -0.124591 -0.256412
v 0.186819 -0.297294 -0.210061
v 0.203014 -0.00105906 -0.240149
v 0.193629 0.192651 -0.338502
v 0.331418 -0.0031091 -0.0738539
v 0.300681 0.131491 -0.150459
v 0.331418 -0.0031091 -0.0738539
v 0.193629 0.192651 -0.338502
v 0.0735856 -0.292963 -0.199156
v 0.0593616 -0.423023 -0.199494
v 0.168337 -0.294301 -0.165998
v 0.138476 -0.442526 -0.166161
v 0.168337 -0.294301 -0.165998
v 0.0593616 -0.423023 -0.199494
v 0.293508 -0.300962 -0.0022369
v 0.168337 -0.294301 -0.165998
v 0.249954 -0.505841 -0.000696898
v 0.138476 -0.442526 -0.166161
v 0.249954 -0.505841 -0.000696898
v 0.168337 -0.294301 -0.165998
v 0.298513 -0.00122905 -0.0319239
v 0.176802 0.00567091 -0.210456
v 0.315562 -0.128364 -0.0088109
v 0.175285 -0.121503 -0.177811
v 0.315562 -0.128364 -0.0088109
v 0.176802 0.00567091 -0.210456
v 0.176802 0.00567091 -0.210456
v 0.0736178 0.00715101 -0.247125
v 0.175285 -0.121503 -0.177811
v 0.0769097 -0.120111 -0.21223
v 0.175285 -0.121503 -0.177811
v 0.0736178 0.00715101 -0.247125
v 0.315562 -0.128364 -0.0088109
v 0.175285 -0.121503 -0.177811
v 0.293508 -0.300962 -0.0022369
v 0.168337 -0.294301 -0.165998
v 0.293508 -0.300962 -0.0022369
v 0.175285 -0.121503 -0.177811
v 0.175285 -0.121503 -0.177811
v 0.0769097 -0.120111 -0.21223
v 0.168337 -0.294301 -0.165998
v 0.0735856 -0.292963 -0.199156
v 0.168337 -0.294301 -0.165998
v 0.0769097 -0.120111 -0.21223
v 0.244402 0.130631 -0.0746599
v 0.166216 0.170711 -0.252297
v 0.298513 -0.00122905 -0.0319239
v 0.176802 0.00567091 -0.210456
v 0.298513 -0.00122905 -0.0319239
v 0.166216 0.170711 -0.252297
v 0.166216 0.170711 -0.252297
v 0.0631768 0.203191 -0.314554
v 0.176802 0.00567091 -0.210456
v 0.0736178 0.00715101 -0.247125
v 0.176802 0.00567091 -0.210456
v 0.0631768 0.203191 -0.314554
v 0.138476 -0.442526 -0.166161
v 0.0593616 -0.423023 -0.199494
v 0.1612 -0.444797 -0.205531
v 0.0702526 -0.4245 -0.242181
v 0.1612 -0.444797 -0.205531
v 0.0593616 -0.423023 -0.199494
v 0.1612 -0.444797 -0.205531
v 0.28147 -0.509223 -0.0430739
v 0.138476 -0.442526 -0.166161
v 0.249954 -0.505841 -0.000696898
v 0.138476 -0.442526 -0.166161
v 0.28147 -0.509223 -0.0430739
v 0.249954 -0.505841 -0.000696898
v 0.28147 -0.509223 -0.0430739
v 0.293508 -0.300962 -0.0022369
v 0.325141 -0.3044 -0.0444699
v 0.293508 -0.300962 -0.0022369
v 0.28147 -0.509223 -0.0430739
v 0.347351 -0.130686 -0.0520909
v 0.331418 -0.0031091 -0.0738539
v 0.315562 -0.128364 -0.0088109
v 0.298513 -0.00122905 -0.0319239
v 0.315562 -0.128364 -0.0088109
v 0.331418 -0.0031091 -0.0738539
v 0.315562 -0.128364 -0.0088109
v 0.293508 -0.300962 -0.0022369
v 0.347351 -0.130686 -0.0520909
v 0.325141 -0.3044 -0.0444699
v 0.347351 -0.130686 -0.0520909
v 0.293508 -0.300962 -0.0022369
v 0.300681 0.131491 -0.150459
v 0.244402 0.130631 -0.0746599
v 0.331418 -0.0031091 -0.0738539
v 0.298513 -0.00122905 -0.0319239
v 0.331418 -0.0031091 -0.0738539
v 0.244402 0.130631 -0.0746599
v 0.244402 0.130631 -0.0746599
v 0.300681 0.131491 -0.150459
v 0.166216 0.170711 -0.252297
v 0.193629 0.192651 -0.338502
v 0.166216 0.170711 -0.252297
v 0.300681 0.131491 -0.150459
v 0.0857407 -0.00192904 -0.286979
v 0.0883377 -0.124591 -0.256412
v -0.0122293 -0.00299907 -0.323884
v -0.0122293 -0.123952 -0.291261
v -0.0122293 -0.00299907 -0.323884
v 0.0883377 -0.124591 -0.256412
v -0.0122293 -0.123952 -0.291261
v 0.0883377 -0.124591 -0.256412
v -0.0122294 -0.293633 -0.277357
v 0.0824786 -0.295375 -0.245337
v -0.0122294 -0.293633 -0.277357
v 0.0883377 -0.124591 -0.256412
v -0.0122294 -0.406077 -0.275449
v -0.0122294 -0.293633 -0.277357
v 0.0702526 -0.4245 -0.242181
v 0.0824786 -0.295375 -0.245337
v 0.0702526 -0.4245 -0.242181
v -0.0122294 -0.293633 -0.277357
v 0.0593616 -0.423023 -0.199494
v -0.0122294 -0.40532 -0.229751
v 0.0702526 -0.4245 -0.242181
v -0.0122294 -0.406077 -0.275449
v 0.0702526 -0.4245 -0.242181
v -0.0122294 -0.40532 -0.229751
v -0.0122294 -0.40532 -0.229751
v 0.0593616 -0.423023 -0.199494
v -0.0122294 -0.291748 -0.229254
v 0.0735856 -0.292963 -0.199156
v -0.0122294 -0.291748 -0.229254
v 0.0593616 -0.423023 -0.199494
v 0.0735856 -0.292963 -0.199156
v 0.0769097 -0.120111 -0.21223
v -0.0122294 -0.291748 -0.229254
v -0.0122293 -0.118848 -0.243473
v -0.0122294 -0.291748 -0.229254
v 0.0769097 -0.120111 -0.21223
v 0.0736178 0.00715101 -0.247125
v -0.0122293 0.00835097 -0.277475
v 0.0769097 -0.120111 -0.21223
v -0.0122293 -0.118848 -0.243473
v 0.0769097 -0.120111 -0.21223
v -0.0122293 0.00835097 -0.277475
v 0.0631768 0.203191 -0.314554
v -0.0122292 0.211262 -0.324128
v 0.0736178 0.00715101 -0.247125
v -0.0122293 0.00835097 -0.277475
v 0.0736178 0.00715101 -0.247125
v -0.0122292 0.211262 -0.324128
v 0.0767568 0.211994 -0.374764
v 0.0857407 -0.00192904 -0.286979
v -0.0122292 0.22476 -0.399906
v -0.0122293 -0.00299907 -0.323884
v -0.0122292 0.22476 -0.399906
v 0.0857407 -0.00192904 -0.286979
v 0.0857407 -0.00192904 -0.286979
v 0.0767568 0.211994 -0.374764
v 0.203014 -0.00105906 -0.240149
v 0.193629 0.192651 -0.338502
v 0.203014 -0.00105906 -0.240149
v 0.0767568 0.211994 -0.374764
v -0.185658 -0.444797 -0.205531
v -0.211277 -0.297294 -0.210061
v -0.0947114 -0.4245 -0.242181
v -0.106937 -0.295375 -0.245337
v -0.0947114 -0.4245 -0.242181
v -0.211277 -0.297294 -0.210061
v -0.305928 -0.509223 -0.043074
v -0.349599 -0.3044 -0.04447
v -0.185658 -0.444797 -0.205531
v -0.211277 -0.297294 -0.210061
v -0.185658 -0.444797 -0.205531
v -0.349599 -0.3044 -0.04447
v -0.371809 -0.130686 -0.052091
v -0.355876 -0.00310898 -0.073854
v -0.223473 -0.125295 -0.21802
v -0.227472 -0.00105894 -0.240149
v -0.223473 -0.125295 -0.21802
v -0.355876 -0.00310898 -0.073854
v -0.110199 -0.00192893 -0.286979
v -0.112796 -0.124591 -0.256412
v -0.227472 -0.00105894 -0.240149
v -0.223473 -0.125295 -0.21802
v -0.227472 -0.00105894 -0.240149
v -0.112796 -0.124591 -0.256412
v -0.371809 -0.130686 -0.052091
v -0.223473 -0.125295 -0.21802
v -0.349599 -0.3044 -0.04447
v -0.211277 -0.297294 -0.210061
v -0.349599 -0.3044 -0.04447
v -0.223473 -0.125295 -0.21802
v -0.223473 -0.125295 -0.21802
v -0.112796 -0.124591 -0.256412
v -0.211277 -0.297294 -0.210061
v -0.106937 -0.295375 -0.245337
v -0.211277 -0.297294 -0.210061
v -0.112796 -0.124591 -0.256412
v -0.218087 0.192651 -0.338502
v -0.227472 -0.00105894 -0.240149
v -0.325139 0.131491 -0.150459
v -0.355876 -0.00310898 -0.073854
v -0.325139 0.131491 -0.150459
v -0.227472 -0.00105894 -0.240149
v -0.0838204 -0.423023 -0.199494
v -0.0980444 -0.292963 -0.199156
v -0.162934 -0.442526 -0.166161
v -0.192795 -0.294301 -0.165998
v -0.162934 -0.442526 -0.166161
v -0.0980444 -0.292963 -0.199156
v -0.192795 -0.294301 -0.165998
v -0.317966 -0.300962 -0.00223699
v -0.162934 -0.442526 -0.166161
v -0.274412 -0.505841 -0.000696976
v -0.162934 -0.442526 -0.166161
v -0.317966 -0.300962 -0.00223699
v -0.20126 0.00567102 -0.210456
v -0.322971 -0.00122893 -0.031924
v -0.199743 -0.121503 -0.177811
v -0.34002 -0.128364 -0.008811
v -0.199743 -0.121503 -0.177811
v -0.322971 -0.00122893 -0.031924
v -0.101368 -0.120111 -0.21223
v -0.0980763 0.00715113 -0.247125
v -0.199743 -0.121503 -0.177811
v -0.20126 0.00567102 -0.210456
v -0.199743 -0.121503 -0.177811
v -0.0980763 0.00715113 -0.247125
v -0.199743 -0.121503 -0.177811
v -0.34002 -0.128364 -0.008811
v -0.192795 -0.294301 -0.165998
v -0.317966 -0.300962 -0.00223699
v -0.192795 -0.294301 -0.165998
v -0.34002 -0.128364 -0.008811
v -0.101368 -0.120111 -0.21223
v -0.199743 -0.121503 -0.177811
v -0.0980444 -0.292963 -0.199156
v -0.192795 -0.294301 -0.165998
v -0.0980444 -0.292963 -0.199156
v -0.199743 -0.121503 -0.177811
v -0.190674 0.170711 -0.252297
v -0.277915 0.130631 -0.090234
v -0.20126 0.00567102 -0.210456
v -0.322971 -0.00122893 -0.031924
v -0.20126 0.00567102 -0.210456
v -0.277915 0.130631 -0.090234
v -0.0876352 0.203191 -0.314554
v -0.190674 0.170711 -0.252297
v -0.0980763 0.00715113 -0.247125
v -0.20126 0.00567102 -0.210456
v -0.0980763 0.00715113 -0.247125
v -0.190674 0.170711 -0.252297
v -0.185658 -0.444797 -0.205531
v -0.0947114 -0.4245 -0.242181
v -0.162934 -0.442526 -0.166161
v -0.0838204 -0.423023 -0.199494
v -0.162934 -0.442526 -0.166161
v -0.0947114 -0.4245 -0.242181
v -0.274412 -0.505841 -0.000696976
v -0.305928 -0.509223 -0.043074
v -0.162934 -0.442526 -0.166161
v -0.185658 -0.444797 -0.205531
v -0.162934 -0.442526 -0.166161
v -0.305928 -0.509223 -0.043074
v -0.305928 -0.509223 -0.043074
v -0.274412 -0.505841 -0.000696976
v -0.349599 -0.3044 -0.04447
v -0.317966 -0.300962 -0.00223699
v -0.349599 -0.3044 -0.04447
v -0.274412 -0.505841 -0.000696976
v -0.371809 -0.130686 -0.052091
v -0.34002 -0.128364 -0.008811
v -0.355876 -0.00310898 -0.073854
v -0.322971 -0.00122893 -0.031924
v -0.355876 -0.00310898 -0.073854
v -0.34002 -0.128364 -0.008811
v -0.34002 -0.128364 -0.008811
v -0.371809 -0.130686 -0.052091
v -0.317966 -0.300962 -0.00223699
v -0.349599 -0.3044 -0.04447
v -0.317966 -0.300962 -0.00223699
v -0.371809 -0.130686 -0.052091
v -0.325139 0.131491 -0.150459
v -0.355876 -0.00310898 -0.073854
v -0.277915 0.130631 -0.090234
v -0.322971 -0.00122893 -0.031924
v -0.277915 0.130631 -0.090234
v -0.355876 -0.00310898 -0.073854
v -0.325139 0.131491 -0.150459
v -0.277915 0.130631 -0.090234
v -0.218087 0.192651 -0.338502
v -0.190674 0.170711 -0.252297
v -0.218087 0.192651 -0.338502
v -0.277915 0.130631 -0.090234
v -0.0122293 -0.00299907 -0.323884
v -0.0122293 -0.123952 -0.291261
v -0.110199 -0.00192893 -0.286979
v -0.112796 -0.124591 -0.256412
v -0.110199 -0.00192893 -0.286979
v -0.0122293 -0.123952 -0.291261
v -0.0122294 -0.293633 -0.277357
v -0.106937 -0.295375 -0.245337
v -0.0122293 -0.123952 -0.291261
v -0.112796 -0.124591 -0.256412
v -0.0122293 -0.123952 -0.291261
v -0.106937 -0.295375 -0.245337
v -0.0122294 -0.406077 -0.275449
v -0.0947114 -0.4245 -0.242181
v -0.0122294 -0.293633 -0.277357
v -0.106937 -0.295375 -0.245337
v -0.0122294 -0.293633 -0.277357
v -0.0947114 -0.4245 -0.242181
v -0.0122294 -0.406077 -0.275449
v -0.0122294 -0.40532 -0.229751
v -0.0947114 -0.4245 -0.242181
v -0.0838204 -0.423023 -0.199494
v -0.0947114 -0.4245 -0.242181
v -0.0122294 -0.40532 -0.229751
v -0.0122294 -0.291748 -0.229254
v -0.0980444 -0.292963 -0.199156
v -0.0122294 -0.40532 -0.229751
v -0.0838204 -0.423023 -0.199494
v -0.0122294 -0.40532 -0.229751
v -0.0980444 -0.292963 -0.199156
v -0.101368 -0.120111 -0.21223
v -0.0980444 -0.292963 -0.199156
v -0.0122293 -0.118848 -0.243473
v -0.0122294 -0.291748 -0.229254
v -0.0122293 -0.118848 -0.243473
v -0.0980444 -0.292963 -0.199156
v -0.0122293 0.00835097 -0.277475
v -0.0980763 0.00715113 -0.247125
v -0.0122293 -0.118848 -0.243473
v -0.101368 -0.120111 -0.21223
v -0.0122293 -0.118848 -0.243473
v -0.0980763 0.00715113 -0.247125
v -0.0980763 0.00715113 -0.247125
v -0.0122293 0.00835097 -0.277475
v -0.0876352 0.203191 -0.314554
v -0.0122292 0.211262 -0.324128
v -0.0876352 0.203191 -0.314554
v -0.0122293 0.00835097 -0.277475
v -0.101215 0.211994 -0.374764
v -0.0122292 0.22476 -0.399906
v -0.110199 -0.00192893 -0.286979
v -0.0122293 -0.00299907 -0.323884
v -0.110199 -0.00192893 -0.286979
v -0.0122292 0.22476 -0.399906
v -0.101215 0.211994 -0.374764
v -0.110199 -0.00192893 -0.286979
v -0.218087 0.192651 -0.338502
v -0.227472 -0.00105894 -0.240149
v -0.218087 0.192651 -0.338502
v -0.110199 -0.00192893 -0.286979
v -0.218087 0.192651 -0.338502
v -0.190674 0.170711 -0.252297
v -0.101215 0.211994 -0.374764
v -0.0876352 0.203191 -0.314554
v -0.101215 0.211994 -0.374764
v -0.190674 0.170711 -0.252297
v 0.193629 0.192651 -0.338502
v 0.0767568 0.211994 -0.374764
v 0.166216 0.170711 -0.252297
v 0.0631768 0.203191 -0.314554
v 0.166216 0.170711 -0.252297
v 0.0767568 0.211994 -0.374764
v 0.0767568 0.211994 -0.374764
v -0.0122292 0.22476 -0.399906
v 0.0631768 0.203191 -0.314554
v -0.0122292 0.211262 -0.324128
v 0.0631768 0.203191 -0.314554
v -0.0122292 0.22476 -0.399906
v -0.0122292 0.22476 -0.399906
v -0.101215 0.211994 -0.374764
v -0.0122292 0.211262 -0.324128
v -0.0876352 0.203191 -0.314554
v -0.0122292 0.211262 -0.324128
v -0.101215 0.211994 -0.374764
v -0.328338 0.0450721 -0.651409
v -0.304946 -0.0771378 -0.448857
v -0.320036 -0.0214808 -0.430221
v -0.328338 0.0450721 -0.651409
v -0.259949 -0.100194 -0.471289
v -0.304946 -0.0771378 -0.448857
v -0.328338 0.0450721 -0.651409
v -0.211404 -0.0771378 -0.484373
v -0.259949 -0.100194 -0.471289
v -0.328338 0.0450721 -0.651409
v -0.187749 -0.0214809 -0.480448
v -0.211404 -0.0771378 -0.484373
v -0.328338 0.0450721 -0.651409
v -0.202842 0.034175 -0.461824
v -0.187749 -0.0214809 -0.480448
v -0.328338 0.0450721 -0.651409
v -0.247837 0.057229 -0.439387
v -0.202842 0.034175 -0.461824
v -0.328338 0.0450721 -0.651409
v -0.296384 0.034175 -0.426307
v -0.247837 0.057229 -0.439387
v -0.328338 0.0450721 -0.651409
v -0.320036 -0.0214808 -0.430221
v -0.296384 0.034175 -0.426307
v -0.320036 -0.0214808 -0.430221
v -0.304946 -0.0771378 -0.448857
v -0.277279 0.00633907 -0.224113
v -0.248484 -0.0662518 -0.23404
v -0.277279 0.00633907 -0.224113
v -0.304946 -0.0771378 -0.448857
v -0.259949 -0.100194 -0.471289
v -0.179637 -0.0963218 -0.259765
v -0.304946 -0.0771378 -0.448857
v -0.248484 -0.0662518 -0.23404
v -0.304946 -0.0771378 -0.448857
v -0.179637 -0.0963218 -0.259765
v -0.211404 -0.0771378 -0.484373
v -0.111065 -0.0662519 -0.286216
v -0.259949 -0.100194 -0.471289
v -0.179637 -0.0963218 -0.259765
v -0.259949 -0.100194 -0.471289
v -0.111065 -0.0662519 -0.286216
v -0.211404 -0.0771378 -0.484373
v -0.187749 -0.0214809 -0.480448
v -0.111065 -0.0662519 -0.286216
v -0.0829373 0.00634408 -0.297899
v -0.111065 -0.0662519 -0.286216
v -0.187749 -0.0214809 -0.480448
v -0.0829373 0.00634408 -0.297899
v -0.187749 -0.0214809 -0.480448
v -0.111732 0.078935 -0.287971
v -0.202842 0.034175 -0.461824
v -0.111732 0.078935 -0.287971
v -0.187749 -0.0214809 -0.480448
v -0.247837 0.057229 -0.439387
v -0.180579 0.109005 -0.262247
v -0.202842 0.034175 -0.461824
v -0.111732 0.078935 -0.287971
v -0.202842 0.034175 -0.461824
v -0.180579 0.109005 -0.262247
v -0.247837 0.057229 -0.439387
v -0.296384 0.034175 -0.426307
v -0.180579 0.109005 -0.262247
v -0.249151 0.078935 -0.235795
v -0.180579 0.109005 -0.262247
v -0.296384 0.034175 -0.426307
v -0.249151 0.078935 -0.235795
v -0.296384 0.034175 -0.426307
v -0.277279 0.00633907 -0.224113
v -0.320036 -0.0214808 -0.430221
v -0.277279 0.00633907 -0.224113
v -0.296384 0.034175 -0.426307
v -0.201653 -0.252325 -0.441056
v -0.187581 -0.338499 -0.329956
v -0.20369 -0.291264 -0.318533
v -0.201653 -0.252325 -0.441056
v -0.149845 -0.356559 -0.350774
v -0.187581 -0.338499 -0.329956
v -0.201653 -0.252325 -0.441056
v -0.112588 -0.334859 -0.368788
v -0.149845 -0.356559 -0.350774
v -0.201653 -0.252325 -0.441056
v -0.0976354 -0.286117 -0.373449
v -0.112588 -0.334859 -0.368788
v -0.201653 -0.252325 -0.441056
v -0.113749 -0.238884 -0.362035
v -0.0976354 -0.286117 -0.373449
v -0.201653 -0.252325 -0.441056
v -0.151482 -0.220825 -0.341213
v -0.113749 -0.238884 -0.362035
v -0.201653 -0.252325 -0.441056
v -0.188741 -0.242523 -0.323203
v -0.151482 -0.220825 -0.341213
v -0.201653 -0.252325 -0.441056
v -0.20369 -0.291264 -0.318533
v -0.188741 -0.242523 -0.323203
v -0.20369 -0.291264 -0.318533
v -0.187581 -0.338499 -0.329956
v -0.17036 -0.272563 -0.191382
v -0.140474 -0.331851 -0.195205
v -0.17036 -0.272563 -0.191382
v -0.187581 -0.338499 -0.329956
v -0.0824614 -0.354195 -0.220418
v -0.140474 -0.331851 -0.195205
v -0.149845 -0.356559 -0.350774
v -0.187581 -0.338499 -0.329956
v -0.149845 -0.356559 -0.350774
v -0.140474 -0.331851 -0.195205
v -0.112588 -0.334859 -0.368788
v -0.0303044 -0.326504 -0.252252
v -0.149845 -0.356559 -0.350774
v -0.0824614 -0.354195 -0.220418
v -0.149845 -0.356559 -0.350774
v -0.0303044 -0.326504 -0.252252
v -0.0976354 -0.286117 -0.373449
v -0.0145563 -0.264997 -0.272057
v -0.112588 -0.334859 -0.368788
v -0.0303044 -0.326504 -0.252252
v -0.112588 -0.334859 -0.368788
v -0.0145563 -0.264997 -0.272057
v -0.113749 -0.238884 -0.362035
v -0.0444423 -0.205709 -0.268234
v -0.0976354 -0.286117 -0.373449
v -0.0145563 -0.264997 -0.272057
v -0.0976354 -0.286117 -0.373449
v -0.0444423 -0.205709 -0.268234
v -0.151482 -0.220825 -0.341213
v -0.102455 -0.183365 -0.24302
v -0.113749 -0.238884 -0.362035
v -0.0444423 -0.205709 -0.268234
v -0.113749 -0.238884 -0.362035
v -0.102455 -0.183365 -0.24302
v -0.188741 -0.242523 -0.323203
v -0.154612 -0.211056 -0.211187
v -0.151482 -0.220825 -0.341213
v -0.102455 -0.183365 -0.24302
v -0.151482 -0.220825 -0.341213
v -0.154612 -0.211056 -0.211187
v -0.20369 -0.291264 -0.318533
v -0.17036 -0.272563 -0.191382
v -0.188741 -0.242523 -0.323203
v -0.154612 -0.211056 -0.211187
v -0.188741 -0.242523 -0.323203
v -0.17036 -0.272563 -0.191382
v 0.436801 -0.024808 -0.510268
v 0.271041 -0.270131 -0.370054
v 0.230786 -0.221268 -0.352118
v 0.436801 -0.024808 -0.510268
v 0.32445 -0.290372 -0.351493
v 0.271041 -0.270131 -0.370054
v 0.436801 -0.024808 -0.510268
v 0.359724 -0.270131 -0.307302
v 0.32445 -0.290372 -0.351493
v 0.436801 -0.024808 -0.510268
v 0.356202 -0.221268 -0.263372
v 0.359724 -0.270131 -0.307302
v 0.436801 -0.024808 -0.510268
v 0.315955 -0.1724 -0.245446
v 0.356202 -0.221268 -0.263372
v 0.436801 -0.024808 -0.510268
v 0.262543 -0.152163 -0.264004
v 0.315955 -0.1724 -0.245446
v 0.436801 -0.024808 -0.510268
v 0.227271 -0.1724 -0.308199
v 0.262543 -0.152163 -0.264004
v 0.436801 -0.024808 -0.510268
v 0.230786 -0.221268 -0.352118
v 0.227271 -0.1724 -0.308199
v 0.271041 -0.270131 -0.370054
v 0.122332 -0.362945 -0.204008
v 0.230786 -0.221268 -0.352118
v 0.0762366 -0.291402 -0.196091
v 0.230786 -0.221268 -0.352118
v 0.122332 -0.362945 -0.204008
v 0.19539 -0.39258 -0.169103
v 0.122332 -0.362945 -0.204008
v 0.32445 -0.290372 -0.351493
v 0.271041 -0.270131 -0.370054
v 0.32445 -0.290372 -0.351493
v 0.122332 -0.362945 -0.204008
v 0.359724 -0.270131 -0.307302
v 0.252613 -0.362945 -0.11182
v 0.32445 -0.290372 -0.351493
v 0.19539 -0.39258 -0.169103
v 0.32445 -0.290372 -0.351493
v 0.252613 -0.362945 -0.11182
v 0.356202 -0.221268 -0.263372
v 0.260481 -0.291397 -0.0657129
v 0.359724 -0.270131 -0.307302
v 0.252613 -0.362945 -0.11182
v 0.359724 -0.270131 -0.307302
v 0.260481 -0.291397 -0.0657129
v 0.315955 -0.1724 -0.245446
v 0.214386 -0.219854 -0.0577959
v 0.356202 -0.221268 -0.263372
v 0.260481 -0.291397 -0.0657129
v 0.356202 -0.221268 -0.263372
v 0.214386 -0.219854 -0.0577959
v 0.262543 -0.152163 -0.264004
v 0.141328 -0.190218 -0.0927019
v 0.315955 -0.1724 -0.245446
v 0.214386 -0.219854 -0.0577959
v 0.315955 -0.1724 -0.245446
v 0.141328 -0.190218 -0.0927019
v 0.262543 -0.152163 -0.264004
v 0.227271 -0.1724 -0.308199
v 0.141328 -0.190218 -0.0927019
v 0.0841036 -0.219854 -0.149984
v 0.141328 -0.190218 -0.0927019
v 0.227271 -0.1724 -0.308199
v 0.0841036 -0.219854 -0.149984
v 0.227271 -0.1724 -0.308199
v 0.0762366 -0.291402 -0.196091
v 0.230786 -0.221268 -0.352118
v 0.0762366 -0.291402 -0.196091
v 0.227271 -0.1724 -0.308199
v 0.0424116 -0.789485 -0.828361
v 0.0248455 -0.831528 -0.851704
v -0.0156904 -0.709753 -0.91082
v 0.0248455 -0.831528 -0.851704
v -0.0174404 -0.848657 -0.861808
v -0.0156904 -0.709753 -0.91082
v -0.0174404 -0.848657 -0.861808
v -0.0596744 -0.830832 -0.852749
v -0.0156904 -0.709753 -0.91082
v -0.0596744 -0.830832 -0.852749
v -0.0771164 -0.7885 -0.829839
v -0.0156904 -0.709753 -0.91082
v -0.0771164 -0.7885 -0.829839
v -0.0595514 -0.746454 -0.806506
v -0.0156904 -0.709753 -0.91082
v -0.0595514 -0.746454 -0.806506
v -0.0172654 -0.729329 -0.796399
v -0.0156904 -0.709753 -0.91082
v -0.0172654 -0.729329 -0.796399
v 0.0249686 -0.74715 -0.805461
v -0.0156904 -0.709753 -0.91082
v 0.0249686 -0.74715 -0.805461
v 0.0424116 -0.789485 -0.828361
v -0.0156904 -0.709753 -0.91082
v 0.0424116 -0.789485 -0.828361
v 0.0686026 -0.826863 -0.703682
v 0.0248455 -0.831528 -0.851704
v 0.0426065 -0.885676 -0.720656
v 0.0248455 -0.831528 -0.851704
v 0.0686026 -0.826863 -0.703682
v -0.0195915 -0.909615 -0.728323
v -0.0174404 -0.848657 -0.861808
v 0.0426065 -0.885676 -0.720656
v 0.0248455 -0.831528 -0.851704
v 0.0426065 -0.885676 -0.720656
v -0.0174404 -0.848657 -0.861808
v -0.0815585 -0.884654 -0.72219
v -0.0596744 -0.830832 -0.852749
v -0.0195915 -0.909615 -0.728323
v -0.0174404 -0.848657 -0.861808
v -0.0195915 -0.909615 -0.728323
v -0.0596744 -0.830832 -0.852749
v -0.0815585 -0.884654 -0.72219
v -0.106993 -0.825414 -0.70585
v -0.0596744 -0.830832 -0.852749
v -0.0771164 -0.7885 -0.829839
v -0.0596744 -0.830832 -0.852749
v -0.106993 -0.825414 -0.70585
v -0.106993 -0.825414 -0.70585
v -0.0809974 -0.7666 -0.688876
v -0.0771164 -0.7885 -0.829839
v -0.0595514 -0.746454 -0.806506
v -0.0771164 -0.7885 -0.829839
v -0.0809974 -0.7666 -0.688876
v -0.0809974 -0.7666 -0.688876
v -0.0187994 -0.742662 -0.681209
v -0.0595514 -0.746454 -0.806506
v -0.0172654 -0.729329 -0.796399
v -0.0595514 -0.746454 -0.806506
v -0.0187994 -0.742662 -0.681209
v -0.0187994 -0.742662 -0.681209
v 0.0431666 -0.767623 -0.687341
v -0.0172654 -0.729329 -0.796399
v 0.0249686 -0.74715 -0.805461
v -0.0172654 -0.729329 -0.796399
v 0.0431666 -0.767623 -0.687341
v 0.0424116 -0.789485 -0.828361
v 0.0249686 -0.74715 -0.805461
v 0.0686026 -0.826863 -0.703682
v 0.0431666 -0.767623 -0.687341
v 0.0686026 -0.826863 -0.703682
v 0.0249686 -0.74715 -0.805461
v -0.167174 -0.831677 -0.757034
v -0.178217 -0.849725 -0.762975
v -0.204645 -0.797451 -0.778731
v -0.178217 -0.849725 -0.762975
v -0.196517 -0.857077 -0.759312
v -0.204645 -0.797451 -0.778731
v -0.196517 -0.857077 -0.759312
v -0.211351 -0.849426 -0.748188
v -0.204645 -0.797451 -0.778731
v -0.211351 -0.849426 -0.748188
v -0.214031 -0.831254 -0.736122
v -0.204645 -0.797451 -0.778731
v -0.214031 -0.831254 -0.736122
v -0.20299 -0.813205 -0.730184
v -0.204645 -0.797451 -0.778731
v -0.20299 -0.813205 -0.730184
v -0.18469 -0.805854 -0.733846
v -0.204645 -0.797451 -0.778731
v -0.18469 -0.805854 -0.733846
v -0.169856 -0.813504 -0.744971
v -0.204645 -0.797451 -0.778731
v -0.169856 -0.813504 -0.744971
v -0.167174 -0.831677 -0.757034
v -0.204645 -0.797451 -0.778731
v -0.147735 -0.872968 -0.715085
v -0.178217 -0.849725 -0.762975
v -0.13455 -0.847722 -0.713142
v -0.167174 -0.831677 -0.757034
v -0.13455 -0.847722 -0.713142
v -0.178217 -0.849725 -0.762975
v -0.147735 -0.872968 -0.715085
v -0.173358 -0.883244 -0.706892
v -0.178217 -0.849725 -0.762975
v -0.196517 -0.857077 -0.759312
v -0.178217 -0.849725 -0.762975
v -0.173358 -0.883244 -0.706892
v -0.196411 -0.872529 -0.693362
v -0.211351 -0.849426 -0.748188
v -0.173358 -0.883244 -0.706892
v -0.196517 -0.857077 -0.759312
v -0.173358 -0.883244 -0.706892
v -0.211351 -0.849426 -0.748188
v -0.214031 -0.831254 -0.736122
v -0.211351 -0.849426 -0.748188
v -0.203388 -0.8471 -0.682419
v -0.196411 -0.872529 -0.693362
v -0.203388 -0.8471 -0.682419
v -0.211351 -0.849426 -0.748188
v -0.190203 -0.821854 -0.680476
v -0.20299 -0.813205 -0.730184
v -0.203388 -0.8471 -0.682419
v -0.214031 -0.831254 -0.736122
v -0.203388 -0.8471 -0.682419
v -0.20299 -0.813205 -0.730184
v -0.16458 -0.811578 -0.688669
v -0.18469 -0.805854 -0.733846
v -0.190203 -0.821854 -0.680476
v -0.20299 -0.813205 -0.730184
v -0.190203 -0.821854 -0.680476
v -0.18469 -0.805854 -0.733846
v -0.141527 -0.822293 -0.702199
v -0.169856 -0.813504 -0.744971
v -0.16458 -0.811578 -0.688669
v -0.18469 -0.805854 -0.733846
v -0.16458 -0.811578 -0.688669
v -0.169856 -0.813504 -0.744971
v -0.167174 -0.831677 -0.757034
v -0.169856 -0.813504 -0.744971
v -0.13455 -0.847722 -0.713142
v -0.141527 -0.822293 -0.702199
v -0.13455 -0.847722 -0.713142
v -0.169856 -0.813504 -0.744971
v 0.171986 -0.797451 -0.739247
v 0.145558 -0.849725 -0.723491
v 0.134514 -0.831677 -0.717549
v 0.171986 -0.797451 -0.739247
v 0.163857 -0.857077 -0.719827
v 0.145558 -0.849725 -0.723491
v 0.171986 -0.797451 -0.739247
v 0.178692 -0.849426 -0.708704
v 0.163857 -0.857077 -0.719827
v 0.171986 -0.797451 -0.739247
v 0.181372 -0.831254 -0.696638
v 0.178692 -0.849426 -0.708704
v 0.171986 -0.797451 -0.739247
v 0.170331 -0.813205 -0.6907
v 0.181372 -0.831254 -0.696638
v 0.171986 -0.797451 -0.739247
v 0.152031 -0.805854 -0.694362
v 0.170331 -0.813205 -0.6907
v 0.171986 -0.797451 -0.739247
v 0.137197 -0.813504 -0.705487
v 0.152031 -0.805854 -0.694362
v 0.171986 -0.797451 -0.739247
v 0.134514 -0.831677 -0.717549
v 0.137197 -0.813504 -0.705487
v 0.134514 -0.831677 -0.717549
v 0.145558 -0.849725 -0.723491
v 0.101891 -0.847722 -0.673658
v 0.115075 -0.872968 -0.675601
v 0.101891 -0.847722 -0.673658
v 0.145558 -0.849725 -0.723491
v 0.140698 -0.883244 -0.667408
v 0.115075 -0.872968 -0.675601
v 0.163857 -0.857077 -0.719827
v 0.145558 -0.849725 -0.723491
v 0.163857 -0.857077 -0.719827
v 0.115075 -0.872968 -0.675601
v 0.163857 -0.857077 -0.719827
v 0.178692 -0.849426 -0.708704
v 0.140698 -0.883244 -0.667408
v 0.163751 -0.872529 -0.653877
v 0.140698 -0.883244 -0.667408
v 0.178692 -0.849426 -0.708704
v 0.178692 -0.849426 -0.708704
v 0.181372 -0.831254 -0.696638
v 0.163751 -0.872529 -0.653877
v 0.170729 -0.8471 -0.642935
v 0.163751 -0.872529 -0.653877
v 0.181372 -0.831254 -0.696638
v 0.181372 -0.831254 -0.696638
v 0.170331 -0.813205 -0.6907
v 0.170729 -0.8471 -0.642935
v 0.157544 -0.821854 -0.640992
v 0.170729 -0.8471 -0.642935
v 0.170331 -0.813205 -0.6907
v 0.170331 -0.813205 -0.6907
v 0.152031 -0.805854 -0.694362
v 0.157544 -0.821854 -0.640992
v 0.131921 -0.811578 -0.649185
v 0.157544 -0.821854 -0.640992
v 0.152031 -0.805854 -0.694362
v 0.108868 -0.822293 -0.662715
v 0.131921 -0.811578 -0.649185
v 0.137197 -0.813504 -0.705487
v 0.152031 -0.805854 -0.694362
v 0.137197 -0.813504 -0.705487
v 0.131921 -0.811578 -0.649185
v 0.134514 -0.831677 -0.717549
v 0.101891 -0.847722 -0.673658
v 0.137197 -0.813504 -0.705487
v 0.108868 -0.822293 -0.662715
v 0.137197 -0.813504 -0.705487
v 0.101891 -0.847722 -0.673658

vn 0.297396 0.791229 0.534333
vn 0.513279 0.800664 0.309003
vn 0.219287 0.888164 0.40383
vn 0.383771 0.892806 0.235833
vn 0.219287 0.888164 0.40383
vn 0.513279 0.800664 0.309003
vn 0.219287 0.888164 0.40383
vn -0.000920246 0.885364 0.464897
vn 0.297396 0.791229 0.534333
vn 0.000840394 0.785291 0.619126
vn 0.297396 0.791229 0.534333
vn -0.000920246 0.885364 0.464897
vn 0.000840394 0.785291 0.619126
vn -0.000920246 0.885364 0.464897
vn -0.299828 0.786165 0.540415
vn -0.223169 0.88603 0.406381
vn -0.299828 0.786165 0.540415
vn -0.000920246 0.885364 0.464897
vn -0.223169 0.88603 0.406381
vn -0.39343 0.88809 0.237717
vn -0.299828 0.786165 0.540415
vn -0.526372 0.789828 0.314808
vn -0.299828 0.786165 0.540415
vn -0.39343 0.88809 0.237717
vn -0.613321 0.789832 -0.0016458
vn -0.526372 0.789828 0.314808
vn -0.459373 0.888239 -0.00277257
vn -0.39343 0.88809 0.237717
vn -0.459373 0.888239 -0.00277257
vn -0.526372 0.789828 0.314808
vn -0.459373 0.888239 -0.00277257
vn -0.395768 0.885503 -0.243417
vn -0.613321 0.789832 -0.0016458
vn -0.531646 0.783869 -0.320782
vn -0.613321 0.789832 -0.0016458
vn -0.395768 0.885503 -0.243417
vn -0.340137 0.776759 -0.53005
vn -0.531646 0.783869 -0.320782
vn -0.237786 0.888731 -0.391938
vn -0.395768 0.885503 -0.243417
vn -0.237786 0.888731 -0.391938
vn -0.531646 0.783869 -0.320782
vn -0.340137 0.776759 -0.53005
vn -0.237786 0.888731 -0.391938
vn 0.0024731 0.832876 -0.553454
vn -0.00168895 0.915475 -0.402372
vn 0.0024731 0.832876 -0.553454
vn -0.237786 0.888731 -0.391938
vn 0.336049 0.788432 -0.515215
vn 0.0024731 0.832876 -0.553454
vn 0.23146 0.893596 -0.384595
vn -0.00168895 0.915475 -0.402372
vn 0.23146 0.893596 -0.384595
vn 0.0024731 0.832876 -0.553454
vn 0.23146 0.893596 -0.384595
vn 0.385294 0.89227 -0.235378
vn 0.336049 0.788432 -0.515215
vn 0.517173 0.799569 -0.305321
vn 0.336049 0.788432 -0.515215
vn 0.385294 0.89227 -0.235378
vn 0.59309 0.805131 0.00300667
vn 0.517173 0.799569 -0.305321
vn 0.446034 0.895016 0.00109309
vn 0.385294 0.89227 -0.235378
vn 0.446034 0.895016 0.00109309
vn 0.517173 0.799569 -0.305321
vn 0.513279 0.800664 0.309003
vn 0.59309 0.805131 0.00300667
vn 0.383771 0.892806 0.235833
vn 0.446034 0.895016 0.00109309
vn 0.383771 0.892806 0.235833
vn 0.59309 0.805131 0.00300667
vn 0.845119 0.108047 -0.523546
vn 0.852506 0.0767391 -0.517054
vn 0.532758 0.0571444 -0.844336
vn 0.544192 0.0410242 -0.837957
vn 0.532758 0.0571444 -0.844336
vn 0.852506 0.0767391 -0.517054
vn 0.00569086 -0.00619388 -0.999965
vn -0.0258499 -0.0106107 -0.99961
vn 0.544192 0.0410242 -0.837957
vn 0.532758 0.0571444 -0.844336
vn 0.544192 0.0410242 -0.837957
vn -0.0258499 -0.0106107 -0.99961
vn -0.549274 -0.0623916 -0.83331
vn -0.0258499 -0.0106107 -0.99961
vn -0.538385 -0.0517128 -0.841111
vn 0.00569086 -0.00619388 -0.999965
vn -0.538385 -0.0517128 -0.841111
vn -0.0258499 -0.0106107 -0.99961
vn -0.846246 -0.0673444 -0.528519
vn -0.852098 -0.0763324 -0.517787
vn -0.538385 -0.0517128 -0.841111
vn -0.549274 -0.0623916 -0.83331
vn -0.538385 -0.0517128 -0.841111
vn -0.852098 -0.0763324 -0.517787
vn -0.996856 -0.0791066 -0.00440911
vn -0.852098 -0.0763324 -0.517787
vn -0.998086 -0.0610491 -0.00984585
vn -0.846246 -0.0673444 -0.528519
vn -0.998086 -0.0610491 -0.00984585
vn -0.852098 -0.0763324 -0.517787
vn -0.858838 -0.0695561 0.507504
vn -0.996856 -0.0791066 -0.00440911
vn -0.856799 -0.0301827 0.514766
vn -0.998086 -0.0610491 -0.00984585
vn -0.856799 -0.0301827 0.514766
vn -0.996856 -0.0791066 -0.00440911
vn -0.481331 0.0179874 0.876354
vn -0.491069 -0.0449455 0.86996
vn -0.856799 -0.0301827 0.514766
vn -0.858838 -0.0695561 0.507504
vn -0.856799 -0.0301827 0.514766
vn -0.491069 -0.0449455 0.86996
vn -0.481331 0.0179874 0.876354
vn 0.00280881 0.066362 0.997792
vn -0.491069 -0.0449455 0.86996
vn -0.0174189 -0.00369412 0.999842
vn -0.491069 -0.0449455 0.86996
vn 0.00280881 0.066362 0.997792
vn 0.00280881 0.066362 0.997792
vn 0.479843 0.101684 0.871442
vn -0.0174189 -0.00369412 0.999842
vn 0.465894 0.0528501 0.883261
vn -0.0174189 -0.00369412 0.999842
vn 0.479843 0.101684 0.871442
vn 0.465894 0.0528501 0.883261
vn 0.479843 0.101684 0.871442
vn 0.84049 0.107692 0.531018
vn 0.849622 0.11574 0.514535
vn 0.84049 0.107692 0.531018
vn 0.479843 0.101684 0.871442
vn 0.849622 0.11574 0.514535
vn 0.994318 0.106454 -1.75847e-05
vn 0.84049 0.107692 0.531018
vn 0.990974 0.133998 0.00401153
vn 0.84049 0.107692 0.531018
vn 0.994318 0.106454 -1.75847e-05
vn 0.219287 0.888164 0.40383
vn 0.383771 0.892806 0.235833
vn -0.000668688 1.0 0.000322881
vn -0.000920246 0.885364 0.464897
vn 0.219287 0.888164 0.40383
vn -0.000668688 1.0 0.000322881
vn -0.223169 0.88603 0.406381
vn -0.000920246 0.885364 0.464897
vn -0.000668688 1.0 0.000322881
vn -0.39343 0.88809 0.237717
vn -0.223169 0.88603 0.406381
vn -0.000668688 1.0 0.000322881
vn -0.459373 0.888239 -0.00277257
vn -0.39343 0.88809 0.237717
vn -0.000668688 1.0 0.000322881
vn -0.395768 0.885503 -0.243417
vn -0.459373 0.888239 -0.00277257
vn -0.000668688 1.0 0.000322881
vn -0.237786 0.888731 -0.391938
vn -0.395768 0.885503 -0.243417
vn -0.000668688 1.0 0.000322881
vn -0.00168895 0.915475 -0.402372
vn -0.237786 0.888731 -0.391938
vn -0.000668688 1.0 0.000322881
vn 0.23146 0.893596 -0.384595
vn -0.00168895 0.915475 -0.402372
vn -0.000668688 1.0 0.000322881
vn 0.385294 0.89227 -0.235378
vn 0.23146 0.893596 -0.384595
vn -0.000668688 1.0 0.000322881
vn 0.446034 0.895016 0.00109309
vn 0.385294 0.89227 -0.235378
vn -0.000668688 1.0 0.000322881
vn 0.383771 0.892806 0.235833
vn 0.446034 0.895016 0.00109309
vn -0.000668688 1.0 0.000322881
vn 0.852506 0.0767391 -0.517054
vn 0.845119 0.108047 -0.523546
vn 0.994318 0.106454 -1.75847e-05
vn 0.990974 0.133998 0.00401153
vn 0.994318 0.106454 -1.75847e-05
vn 0.845119 0.108047 -0.523546
vn 0.861712 0.0137726 -0.507211
vn 0.998856 0.0476368 -0.00408963
vn 0.847654 -0.249218 -0.468374
vn 0.96306 -0.269078 -0.0106164
vn 0.847654 -0.249218 -0.468374
vn 0.998856 0.0476368 -0.00408963
vn 0.96306 -0.269078 -0.0106164
vn 0.998856 0.0476368 -0.00408963
vn 0.84055 -0.227245 0.491767
vn 0.85874 0.120444 0.498056
vn 0.84055 -0.227245 0.491767
vn 0.998856 0.0476368 -0.00408963
vn 0.84055 -0.227245 0.491767
vn 0.85874 0.120444 0.498056
vn 0.491908 -0.149315 0.857748
vn 0.484183 0.201753 0.851389
vn 0.491908 -0.149315 0.857748
vn 0.85874 0.120444 0.498056
vn 0.00035871 0.224018 0.974585
vn -0.00890988 -0.0957382 0.995367
vn 0.484183 0.201753 0.851389
vn 0.491908 -0.149315 0.857748
vn 0.484183 0.201753 0.851389
vn -0.00890988 -0.0957382 0.995367
vn -0.00890988 -0.0957382 0.995367
vn 0.00035871 0.224018 0.974585
vn -0.488457 -0.0849207 0.868446
vn -0.486595 0.161173 0.858632
vn -0.488457 -0.0849207 0.868446
vn 0.00035871 0.224018 0.974585
vn -0.850616 -0.127591 0.510072
vn -0.488457 -0.0849207 0.868446
vn -0.865943 0.0338701 0.498994
vn -0.486595 0.161173 0.858632
vn -0.865943 0.0338701 0.498994
vn -0.488457 -0.0849207 0.868446
vn -0.9846 -0.174814 -0.00195838
vn -0.850616 -0.127591 0.510072
vn -0.997595 -0.0678027 -0.0143799
vn -0.865943 0.0338701 0.498994
vn -0.997595 -0.0678027 -0.0143799
vn -0.850616 -0.127591 0.510072
vn -0.853775 -0.0874432 -0.513247
vn -0.856362 -0.186587 -0.481486
vn -0.997595 -0.0678027 -0.0143799
vn -0.9846 -0.174814 -0.00195838
vn -0.997595 -0.0678027 -0.0143799
vn -0.856362 -0.186587 -0.481486
vn -0.856362 -0.186587 -0.481486
vn -0.853775 -0.0874432 -0.513247
vn -0.564376 -0.156132 -0.810618
vn -0.552271 -0.047996 -0.832282
vn -0.564376 -0.156132 -0.810618
vn -0.853775 -0.0874432 -0.513247
vn -0.564376 -0.156132 -0.810618
vn -0.552271 -0.047996 -0.832282
vn 0.00813991 -0.157718 -0.987451
vn 0.00711295 0.00203327 -0.999973
vn 0.00813991 -0.157718 -0.987451
vn -0.552271 -0.047996 -0.832282
vn 0.00813991 -0.157718 -0.987451
vn 0.00711295 0.00203327 -0.999973
vn 0.566905 -0.174698 -0.805046
vn 0.552918 0.0109999 -0.833163
vn 0.566905 -0.174698 -0.805046
vn 0.00711295 0.00203327 -0.999973
vn 0.552918 0.0109999 -0.833163
vn 0.861712 0.0137726 -0.507211
vn 0.566905 -0.174698 -0.805046
vn 0.847654 -0.249218 -0.468374
vn 0.566905 -0.174698 -0.805046
vn 0.861712 0.0137726 -0.507211
vn -0.67608 -0.666501 -0.314154
vn -0.883186 -0.159607 -0.441031
vn -0.466537 -0.636721 -0.613946
vn -0.586706 -0.136818 -0.798158
vn -0.466537 -0.636721 -0.613946
vn -0.883186 -0.159607 -0.441031
vn -0.67608 -0.666501 -0.314154
vn -0.729618 -0.682683 0.0400116
vn -0.883186 -0.159607 -0.441031
vn -0.996583 -0.076036 0.032251
vn -0.883186 -0.159607 -0.441031
vn -0.729618 -0.682683 0.0400116
vn -0.72295 -0.570317 0.389976
vn -0.875538 0.0363645 0.481779
vn -0.729618 -0.682683 0.0400116
vn -0.996583 -0.076036 0.032251
vn -0.729618 -0.682683 0.0400116
vn -0.875538 0.0363645 0.481779
vn -0.531191 -0.314895 0.78656
vn -0.531461 0.158413 0.832139
vn -0.72295 -0.570317 0.389976
vn -0.875538 0.0363645 0.481779
vn -0.72295 -0.570317 0.389976
vn -0.531461 0.158413 0.832139
vn -0.0295178 0.021257 0.999338
vn -0.00683589 0.196742 0.980431
vn -0.531191 -0.314895 0.78656
vn -0.531461 0.158413 0.832139
vn -0.531191 -0.314895 0.78656
vn -0.00683589 0.196742 0.980431
vn 0.534 -0.124524 0.836264
vn 0.529551 0.120285 0.839707
vn -0.0295178 0.021257 0.999338
vn -0.00683589 0.196742 0.980431
vn -0.0295178 0.021257 0.999338
vn 0.529551 0.120285 0.839707
vn 0.529551 0.120285 0.839707
vn 0.534 -0.124524 0.836264
vn 0.875084 -0.0230072 0.483424
vn 0.800222 -0.436755 0.410962
vn 0.875084 -0.0230072 0.483424
vn 0.534 -0.124524 0.836264
vn 0.800336 -0.597808 0.0456903
vn 0.990945 -0.132286 0.0230057
vn 0.800222 -0.436755 0.410962
vn 0.875084 -0.0230072 0.483424
vn 0.800222 -0.436755 0.410962
vn 0.990945 -0.132286 0.0230057
vn 0.800336 -0.597808 0.0456903
vn 0.748222 -0.560214 -0.355422
vn 0.990945 -0.132286 0.0230057
vn 0.876168 -0.192267 -0.442
vn 0.990945 -0.132286 0.0230057
vn 0.748222 -0.560214 -0.355422
vn 0.493692 -0.555103 -0.669425
vn 0.577823 -0.162026 -0.799918
vn 0.748222 -0.560214 -0.355422
vn 0.876168 -0.192267 -0.442
vn 0.748222 -0.560214 -0.355422
vn 0.577823 -0.162026 -0.799918
vn 0.493692 -0.555103 -0.669425
vn -0.00932114 -0.663884 -0.747777
vn 0.577823 -0.162026 -0.799918
vn 0.00214827 -0.150873 -0.988551
vn 0.577823 -0.162026 -0.799918
vn -0.00932114 -0.663884 -0.747777
vn 0.00214827 -0.150873 -0.988551
vn -0.00932114 -0.663884 -0.747777
vn -0.586706 -0.136818 -0.798158
vn -0.466537 -0.636721 -0.613946
vn -0.586706 -0.136818 -0.798158
vn -0.00932114 -0.663884 -0.747777
vn 0.847654 -0.249218 -0.468374
vn 0.866517 -0.141789 -0.478585
vn 0.566905 -0.174698 -0.805046
vn 0.578127 -0.0521769 -0.814277
vn 0.566905 -0.174698 -0.805046
vn 0.866517 -0.141789 -0.478585
vn 0.566905 -0.174698 -0.805046
vn 0.578127 -0.0521769 -0.814277
vn 0.00813991 -0.157718 -0.987451
vn -0.0061762 -0.0301217 -0.999527
vn 0.00813991 -0.157718 -0.987451
vn 0.578127 -0.0521769 -0.814277
vn -0.585104 0.0270012 -0.810509
vn -0.564376 -0.156132 -0.810618
vn -0.0061762 -0.0301217 -0.999527
vn 0.00813991 -0.157718 -0.987451
vn -0.0061762 -0.0301217 -0.999527
vn -0.564376 -0.156132 -0.810618
vn -0.585104 0.0270012 -0.810509
vn -0.867999 -0.00605995 -0.496528
vn -0.564376 -0.156132 -0.810618
vn -0.856362 -0.186587 -0.481486
vn -0.564376 -0.156132 -0.810618
vn -0.867999 -0.00605995 -0.496528
vn -0.997669 0.0672894 0.0113806
vn -0.9846 -0.174814 -0.00195838
vn -0.867999 -0.00605995 -0.496528
vn -0.856362 -0.186587 -0.481486
vn -0.867999 -0.00605995 -0.496528
vn -0.9846 -0.174814 -0.00195838
vn -0.9846 -0.174814 -0.00195838
vn -0.997669 0.0672894 0.0113806
vn -0.850616 -0.127591 0.510072
vn -0.871993 0.0947812 0.480254
vn -0.850616 -0.127591 0.510072
vn -0.997669 0.0672894 0.0113806
vn -0.871993 0.0947812 0.480254
vn -0.535872 0.10643 0.837564
vn -0.850616 -0.127591 0.510072
vn -0.488457 -0.0849207 0.868446
vn -0.850616 -0.127591 0.510072
vn -0.535872 0.10643 0.837564
vn -0.535872 0.10643 0.837564
vn -0.0174053 0.0451571 0.998828
vn -0.488457 -0.0849207 0.868446
vn -0.00890988 -0.0957382 0.995367
vn -0.488457 -0.0849207 0.868446
vn -0.0174053 0.0451571 0.998828
vn 0.539806 -0.0571789 0.839845
vn 0.491908 -0.149315 0.857748
vn -0.0174053 0.0451571 0.998828
vn -0.00890988 -0.0957382 0.995367
vn -0.0174053 0.0451571 0.998828
vn 0.491908 -0.149315 0.857748
vn 0.491908 -0.149315 0.857748
vn 0.539806 -0.0571789 0.839845
vn 0.84055 -0.227245 0.491767
vn 0.877258 -0.133467 0.461091
vn 0.84055 -0.227245 0.491767
vn 0.539806 -0.0571789 0.839845
vn 0.988951 -0.145601 0.0278545
vn 0.96306 -0.269078 -0.0106164
vn 0.877258 -0.133467 0.461091
vn 0.84055 -0.227245 0.491767
vn 0.877258 -0.133467 0.461091
vn 0.96306 -0.269078 -0.0106164
vn 0.866517 -0.141789 -0.478585
vn 0.847654 -0.249218 -0.468374
vn 0.988951 -0.145601 0.0278545
vn 0.96306 -0.269078 -0.0106164
vn 0.988951 -0.145601 0.0278545
vn 0.847654 -0.249218 -0.468374
vn 0.578127 -0.0521769 -0.814277
vn 0.866517 -0.141789 -0.478585
vn 0.577823 -0.162026 -0.799918
vn 0.876168 -0.192267 -0.442
vn 0.577823 -0.162026 -0.799918
vn 0.866517 -0.141789 -0.478585
vn 0.00214827 -0.150873 -0.988551
vn -0.0061762 -0.0301217 -0.999527
vn 0.577823 -0.162026 -0.799918
vn 0.578127 -0.0521769 -0.814277
vn 0.577823 -0.162026 -0.799918
vn -0.0061762 -0.0301217 -0.999527
vn -0.585104 0.0270012 -0.810509
vn -0.0061762 -0.0301217 -0.999527
vn -0.586706 -0.136818 -0.798158
vn 0.00214827 -0.150873 -0.988551
vn -0.586706 -0.136818 -0.798158
vn -0.0061762 -0.0301217 -0.999527
vn -0.867999 -0.00605995 -0.496528
vn -0.585104 0.0270012 -0.810509
vn -0.883186 -0.159607 -0.441031
vn -0.586706 -0.136818 -0.798158
vn -0.883186 -0.159607 -0.441031
vn -0.585104 0.0270012 -0.810509
vn -0.883186 -0.159607 -0.441031
vn -0.996583 -0.076036 0.032251
vn -0.867999 -0.00605995 -0.496528
vn -0.997669 0.0672894 0.0113806
vn -0.867999 -0.00605995 -0.496528
vn -0.996583 -0.076036 0.032251
vn -0.871993 0.0947812 0.480254
vn -0.997669 0.0672894 0.0113806
vn -0.875538 0.0363645 0.481779
vn -0.996583 -0.076036 0.032251
vn -0.875538 0.0363645 0.481779
vn -0.997669 0.0672894 0.0113806
vn -0.535872 0.10643 0.837564
vn -0.871993 0.0947812 0.480254
vn -0.531461 0.158413 0.832139
vn -0.875538 0.0363645 0.481779
vn -0.531461 0.158413 0.832139
vn -0.871993 0.0947812 0.480254
vn -0.00683589 0.196742 0.980431
vn -0.0174053 0.0451571 0.998828
vn -0.531461 0.158413 0.832139
vn -0.535872 0.10643 0.837564
vn -0.531461 0.158413 0.832139
vn -0.0174053 0.0451571 0.998828
vn 0.529551 0.120285 0.839707
vn 0.539806 -0.0571789 0.839845
vn -0.00683589 0.196742 0.980431
vn -0.0174053 0.0451571 0.998828
vn -0.00683589 0.196742 0.980431
vn 0.539806 -0.0571789 0.839845
vn 0.877258 -0.133467 0.461091
vn 0.539806 -0.0571789 0.839845
vn 0.875084 -0.0230072 0.483424
vn 0.529551 0.120285 0.839707
vn 0.875084 -0.0230072 0.483424
vn 0.539806 -0.0571789 0.839845
vn 0.988951 -0.145601 0.0278545
vn 0.877258 -0.133467 0.461091
vn 0.990945 -0.132286 0.0230057
vn 0.875084 -0.0230072 0.483424
vn 0.990945 -0.132286 0.0230057
vn 0.877258 -0.133467 0.461091
vn 0.866517 -0.141789 -0.478585
vn 0.988951 -0.145601 0.0278545
vn 0.876168 -0.192267 -0.442
vn 0.990945 -0.132286 0.0230057
vn 0.876168 -0.192267 -0.442
vn 0.988951 -0.145601 0.0278545
vn 0.500312 -0.551598 -0.667404
vn 0.493692 -0.555103 -0.669425
vn 0.847314 -0.379925 -0.3711
vn 0.748222 -0.560214 -0.355422
vn 0.847314 -0.379925 -0.3711
vn 0.493692 -0.555103 -0.669425
vn 0.847314 -0.379925 -0.3711
vn 0.748222 -0.560214 -0.355422
vn 0.965693 -0.255697 -0.0453404
vn 0.800336 -0.597808 0.0456903
vn 0.965693 -0.255697 -0.0453404
vn 0.748222 -0.560214 -0.355422
vn 0.875752 -0.0954933 0.473222
vn 0.965693 -0.255697 -0.0453404
vn 0.800222 -0.436755 0.410962
vn 0.800336 -0.597808 0.0456903
vn 0.800222 -0.436755 0.410962
vn 0.965693 -0.255697 -0.0453404
vn 0.875752 -0.0954933 0.473222
vn 0.800222 -0.436755 0.410962
vn 0.513822 0.115183 0.850129
vn 0.534 -0.124524 0.836264
vn 0.513822 0.115183 0.850129
vn 0.800222 -0.436755 0.410962
vn 0.534 -0.124524 0.836264
vn -0.0295178 0.021257 0.999338
vn 0.513822 0.115183 0.850129
vn 0.0306426 0.213966 0.97636
vn 0.513822 0.115183 0.850129
vn -0.0295178 0.021257 0.999338
vn -0.531191 -0.314895 0.78656
vn -0.488023 0.0201253 0.872599
vn -0.0295178 0.021257 0.999338
vn 0.0306426 0.213966 0.97636
vn -0.0295178 0.021257 0.999338
vn -0.488023 0.0201253 0.872599
vn -0.488023 0.0201253 0.872599
vn -0.531191 -0.314895 0.78656
vn -0.848661 -0.255633 0.463062
vn -0.72295 -0.570317 0.389976
vn -0.848661 -0.255633 0.463062
vn -0.531191 -0.314895 0.78656
vn -0.729618 -0.682683 0.0400116
vn -0.91521 -0.400756 -0.0422491
vn -0.72295 -0.570317 0.389976
vn -0.848661 -0.255633 0.463062
vn -0.72295 -0.570317 0.389976
vn -0.91521 -0.400756 -0.0422491
vn -0.91521 -0.400756 -0.0422491
vn -0.729618 -0.682683 0.0400116
vn -0.752554 -0.570041 -0.329721
vn -0.67608 -0.666501 -0.314154
vn -0.752554 -0.570041 -0.329721
vn -0.729618 -0.682683 0.0400116
vn -0.466537 -0.636721 -0.613946
vn -0.377775 -0.707214 -0.597608
vn -0.67608 -0.666501 -0.314154
vn -0.752554 -0.570041 -0.329721
vn -0.67608 -0.666501 -0.314154
vn -0.377775 -0.707214 -0.597608
vn -0.00932114 -0.663884 -0.747777
vn 0.0470564 -0.745424 -0.664927
vn -0.466537 -0.636721 -0.613946
vn -0.377775 -0.707214 -0.597608
vn -0.466537 -0.636721 -0.613946
vn 0.0470564 -0.745424 -0.664927
vn 0.500312 -0.551598 -0.667404
vn 0.0470564 -0.745424 -0.664927
vn 0.493692 -0.555103 -0.669425
vn -0.00932114 -0.663884 -0.747777
vn 0.493692 -0.555103 -0.669425
vn 0.0470564 -0.745424 -0.664927
vn -0.853775 -0.0874432 -0.513247
vn -0.846246 -0.0673444 -0.528519
vn -0.552271 -0.047996 -0.832282
vn -0.538385 -0.0517128 -0.841111
vn -0.552271 -0.047996 -0.832282
vn -0.846246 -0.0673444 -0.528519
vn -0.846246 -0.0673444 -0.528519
vn -0.853775 -0.0874432 -0.513247
vn -0.998086 -0.0610491 -0.00984585
vn -0.997595 -0.0678027 -0.0143799
vn -0.998086 -0.0610491 -0.00984585
vn -0.853775 -0.0874432 -0.513247
vn -0.856799 -0.0301827 0.514766
vn -0.998086 -0.0610491 -0.00984585
vn -0.865943 0.0338701 0.498994
vn -0.997595 -0.0678027 -0.0143799
vn -0.865943 0.0338701 0.498994
vn -0.998086 -0.0610491 -0.00984585
vn -0.856799 -0.0301827 0.514766
vn -0.865943 0.0338701 0.498994
vn -0.481331 0.0179874 0.876354
vn -0.486595 0.161173 0.858632
vn -0.481331 0.0179874 0.876354
vn -0.865943 0.0338701 0.498994
vn 0.00280881 0.066362 0.997792
vn -0.481331 0.0179874 0.876354
vn 0.00035871 0.224018 0.974585
vn -0.486595 0.161173 0.858632
vn 0.00035871 0.224018 0.974585
vn -0.481331 0.0179874 0.876354
vn 0.00035871 0.224018 0.974585
vn 0.484183 0.201753 0.851389
vn 0.00280881 0.066362 0.997792
vn 0.479843 0.101684 0.871442
vn 0.00280881 0.066362 0.997792
vn 0.484183 0.201753 0.851389
vn 0.479843 0.101684 0.871442
vn 0.484183 0.201753 0.851389
vn 0.849622 0.11574 0.514535
vn 0.85874 0.120444 0.498056
vn 0.849622 0.11574 0.514535
vn 0.484183 0.201753 0.851389
vn 0.85874 0.120444 0.498056
vn 0.998856 0.0476368 -0.00408963
vn 0.849622 0.11574 0.514535
vn 0.994318 0.106454 -1.75847e-05
vn 0.849622 0.11574 0.514535
vn 0.998856 0.0476368 -0.00408963
vn 0.998856 0.0476368 -0.00408963
vn 0.861712 0.0137726 -0.507211
vn 0.994318 0.106454 -1.75847e-05
vn 0.852506 0.0767391 -0.517054
vn 0.994318 0.106454 -1.75847e-05
vn 0.861712 0.0137726 -0.507211
vn 0.861712 0.0137726 -0.507211
vn 0.552918 0.0109999 -0.833163
vn 0.852506 0.0767391 -0.517054
vn 0.544192 0.0410242 -0.837957
vn 0.852506 0.0767391 -0.517054
vn 0.552918 0.0109999 -0.833163
vn 0.00569086 -0.00619388 -0.999965
vn 0.544192 0.0410242 -0.837957
vn 0.00711295 0.00203327 -0.999973
vn 0.552918 0.0109999 -0.833163
vn 0.00711295 0.00203327 -0.999973
vn 0.544192 0.0410242 -0.837957
vn 0.00569086 -0.00619388 -0.999965
vn 0.00711295 0.00203327 -0.999973
vn -0.538385 -0.0517128 -0.841111
vn -0.552271 -0.047996 -0.832282
vn -0.538385 -0.0517128 -0.841111
vn 0.00711295 0.00203327 -0.999973
vn 0.510907 0.190495 0.838264
vn 0.877778 0.152523 0.454139
vn 0.509611 0.0559343 0.858585
vn 0.881088 -0.0198233 0.472538
vn 0.509611 0.0559343 0.858585
vn 0.877778 0.152523 0.454139
vn 0.509611 0.0559343 0.858585
vn -0.00875825 0.0877664 0.996103
vn 0.510907 0.190495 0.838264
vn -0.00054174 0.186027 0.982545
vn 0.510907 0.190495 0.838264
vn -0.00875825 0.0877664 0.996103
vn -0.00054174 0.186027 0.982545
vn -0.00875825 0.0877664 0.996103
vn -0.521328 0.157967 0.838608
vn -0.522034 0.081631 0.849009
vn -0.521328 0.157967 0.838608
vn -0.00875825 0.0877664 0.996103
vn -0.881482 0.0999001 0.461529
vn -0.521328 0.157967 0.838608
vn -0.885282 0.0227049 0.464501
vn -0.522034 0.081631 0.849009
vn -0.885282 0.0227049 0.464501
vn -0.521328 0.157967 0.838608
vn -0.881482 0.0999001 0.461529
vn -0.885282 0.0227049 0.464501
vn -0.994733 0.10194 0.0107246
vn -0.99985 0.0171464 -0.00230861
vn -0.994733 0.10194 0.0107246
vn -0.885282 0.0227049 0.464501
vn -0.99985 0.0171464 -0.00230861
vn -0.952062 0.182931 -0.245184
vn -0.994733 0.10194 0.0107246
vn -0.996143 0.0858154 -0.0182871
vn -0.994733 0.10194 0.0107246
vn -0.952062 0.182931 -0.245184
vn -0.910964 -0.044029 -0.410128
vn -0.871959 0.357037 -0.334981
vn -0.911472 -0.0932667 -0.40065
vn -0.890003 0.259757 -0.374727
vn -0.911472 -0.0932667 -0.40065
vn -0.871959 0.357037 -0.334981
vn 0.0856533 0.600656 -0.794906
vn 0.103639 -0.148163 -0.983518
vn -0.28231 0.657012 -0.699025
vn -0.26924 -0.195081 -0.943108
vn -0.28231 0.657012 -0.699025
vn 0.103639 -0.148163 -0.983518
vn 0.0856533 0.600656 -0.794906
vn 0.625627 0.47017 -0.62252
vn 0.103639 -0.148163 -0.983518
vn 0.675495 -0.0980651 -0.730814
vn 0.103639 -0.148163 -0.983518
vn 0.625627 0.47017 -0.62252
vn 0.675495 -0.0980651 -0.730814
vn 0.625627 0.47017 -0.62252
vn 0.850612 0.012216 -0.525652
vn 0.826681 0.283639 -0.48595
vn 0.850612 0.012216 -0.525652
vn 0.625627 0.47017 -0.62252
vn 0.954894 0.190128 -0.2281
vn 0.99426 -0.0501676 0.0945044
vn 0.984777 0.172412 0.0220797
vn 0.981155 0.162874 0.103959
vn 0.984777 0.172412 0.0220797
vn 0.99426 -0.0501676 0.0945044
vn 0.981155 0.162874 0.103959
vn 0.99426 -0.0501676 0.0945044
vn 0.877778 0.152523 0.454139
vn 0.881088 -0.0198233 0.472538
vn 0.877778 0.152523 0.454139
vn 0.99426 -0.0501676 0.0945044
vn -3.01992e-07 -1.0 1.19209e-07
vn -3.01992e-07 -1.0 1.19209e-07
vn -3.01984e-07 -1.0 0.000115526
vn -3.01992e-07 -1.0 1.19209e-07
vn -3.01992e-07 -1.0 1.19209e-07
vn -3.01984e-07 -1.0 0.000115526
vn -3.01992e-07 -1.0 1.19209e-07
vn -3.01992e-07 -1.0 1.19209e-07
vn -3.01984e-07 -1.0 0.000115526
vn -3.01992e-07 -1.0 1.19209e-07
vn -3.01992e-07 -1.0 1.19209e-07
vn -3.01984e-07 -1.0 0.000115526
vn -3.01992e-07 -1.0 1.19209e-07
vn -7.54884e-05 -1.0 -3.9388e-05
vn -3.01984e-07 -1.0 0.000115526
vn -0.000259866 -1.0 -0.000254983
vn -6.61113e-06 -1.0 7.09326e-05
vn -7.54884e-05 -1.0 -3.9388e-05
vn -3.01984e-07 -1.0 0.000115526
vn -7.54884e-05 -1.0 -3.9388e-05
vn -6.61113e-06 -1.0 7.09326e-05
vn -3.01984e-07 -1.0 0.000115526
vn -6.61113e-06 -1.0 7.09326e-05
vn 7.68468e-05 -1.0 -3.43395e-05
vn 0.000221746 -1.0 -0.000190701
vn 7.68468e-05 -1.0 -3.43395e-05
vn -6.61113e-06 -1.0 7.09326e-05
vn 7.68468e-05 -1.0 -3.43395e-05
vn -3.01992e-07 -1.0 1.19209e-07
vn -3.01984e-07 -1.0 0.000115526
vn -0.613893 0.550722 -0.565545
vn -0.595079 0.351764 -0.722595
vn 0.0461186 0.595565 -0.801982
vn 0.0236642 -0.0441149 -0.998746
vn 0.0461186 0.595565 -0.801982
vn -0.595079 0.351764 -0.722595
vn -0.613893 0.550722 -0.565545
vn -0.952062 0.182931 -0.245184
vn -0.595079 0.351764 -0.722595
vn -0.894101 0.245221 -0.374768
vn -0.595079 0.351764 -0.722595
vn -0.952062 0.182931 -0.245184
vn -0.984235 0.167895 -0.0556169
vn -0.894101 0.245221 -0.374768
vn -0.99985 0.0171464 -0.00230861
vn -0.952062 0.182931 -0.245184
vn -0.99985 0.0171464 -0.00230861
vn -0.894101 0.245221 -0.374768
vn -0.984235 0.167895 -0.0556169
vn -0.99985 0.0171464 -0.00230861
vn -0.862899 0.227251 0.4514
vn -0.885282 0.0227049 0.464501
vn -0.862899 0.227251 0.4514
vn -0.99985 0.0171464 -0.00230861
vn -0.522034 0.081631 0.849009
vn -0.517049 0.226013 0.825578
vn -0.885282 0.0227049 0.464501
vn -0.862899 0.227251 0.4514
vn -0.885282 0.0227049 0.464501
vn -0.517049 0.226013 0.825578
vn -0.00875825 0.0877664 0.996103
vn -0.00138696 0.20971 0.977763
vn -0.522034 0.081631 0.849009
vn -0.517049 0.226013 0.825578
vn -0.522034 0.081631 0.849009
vn -0.00138696 0.20971 0.977763
vn 0.509611 0.0559343 0.858585
vn 0.530868 0.165077 0.831221
vn -0.00875825 0.0877664 0.996103
vn -0.00138696 0.20971 0.977763
vn -0.00875825 0.0877664 0.996103
vn 0.530868 0.165077 0.831221
vn 0.509611 0.0559343 0.858585
vn 0.881088 -0.0198233 0.472538
vn 0.530868 0.165077 0.831221
vn 0.878931 0.139982 0.455945
vn 0.530868 0.165077 0.831221
vn 0.881088 -0.0198233 0.472538
vn 0.99426 -0.0501676 0.0945044
vn 0.991207 0.12298 0.0488293
vn 0.881088 -0.0198233 0.472538
vn 0.878931 0.139982 0.455945
vn 0.881088 -0.0198233 0.472538
vn 0.991207 0.12298 0.0488293
vn 0.890764 0.231358 -0.391169
vn 0.991207 0.12298 0.0488293
vn 0.954894 0.190128 -0.2281
vn 0.99426 -0.0501676 0.0945044
vn 0.954894 0.190128 -0.2281
vn 0.991207 0.12298 0.0488293
vn 0.890764 0.231358 -0.391169
vn 0.954894 0.190128 -0.2281
vn 0.586019 0.284547 -0.758693
vn 0.554333 0.606708 -0.569755
vn 0.586019 0.284547 -0.758693
vn 0.954894 0.190128 -0.2281
vn 0.554333 0.606708 -0.569755
vn 0.0461186 0.595565 -0.801982
vn 0.586019 0.284547 -0.758693
vn 0.0236642 -0.0441149 -0.998746
vn 0.586019 0.284547 -0.758693
vn 0.0461186 0.595565 -0.801982
vn -0.000209348 -0.985092 0.172028
vn 0.0312385 -0.996359 0.0793315
vn -6.93326e-06 -0.994929 0.100584
vn 0.0143805 -0.999619 0.0235519
vn -6.93326e-06 -0.994929 0.100584
vn 0.0312385 -0.996359 0.0793315
vn -0.896632 0.43981 -0.0511605
vn -0.952062 0.182931 -0.245184
vn -0.482233 0.82902 -0.283156
vn -0.613893 0.550722 -0.565545
vn -0.482233 0.82902 -0.283156
vn -0.952062 0.182931 -0.245184
vn -0.952062 0.182931 -0.245184
vn -0.896632 0.43981 -0.0511605
vn -0.996143 0.0858154 -0.0182871
vn -0.997325 0.0697002 0.0220196
vn -0.996143 0.0858154 -0.0182871
vn -0.896632 0.43981 -0.0511605
vn -2.99956e-07 -0.999148 0.0412786
vn -6.93326e-06 -0.994929 0.100584
vn 0.0143805 -0.999619 0.0235519
vn 0.0461186 0.595565 -0.801982
vn 0.0298669 0.931336 -0.362933
vn -0.613893 0.550722 -0.565545
vn -0.482233 0.82902 -0.283156
vn -0.613893 0.550722 -0.565545
vn 0.0298669 0.931336 -0.362933
vn -0.0143811 -0.999619 0.0235518
vn -6.93326e-06 -0.994929 0.100584
vn -2.99956e-07 -0.999148 0.0412786
vn 0.554333 0.606708 -0.569755
vn 0.498364 0.830466 -0.248916
vn 0.0461186 0.595565 -0.801982
vn 0.0298669 0.931336 -0.362933
vn 0.0461186 0.595565 -0.801982
vn 0.498364 0.830466 -0.248916
vn -0.0143811 -0.999619 0.0235518
vn -0.0288653 -0.995619 0.088932
vn -6.93326e-06 -0.994929 0.100584
vn 0.000162297 -0.985109 0.171933
vn -6.93326e-06 -0.994929 0.100584
vn -0.0288653 -0.995619 0.088932
vn 0.954894 0.190128 -0.2281
vn 0.984777 0.172412 0.0220797
vn 0.895154 0.423251 -0.139847
vn 0.993221 -0.00440759 -0.116156
vn 0.895154 0.423251 -0.139847
vn 0.984777 0.172412 0.0220797
vn 0.498364 0.830466 -0.248916
vn 0.554333 0.606708 -0.569755
vn 0.895154 0.423251 -0.139847
vn 0.954894 0.190128 -0.2281
vn 0.895154 0.423251 -0.139847
vn 0.554333 0.606708 -0.569755
vn 0.932912 -0.286048 -0.218748
vn 0.932912 -0.286048 -0.218748
vn 0.932912 -0.286048 -0.218748
vn 0.826681 0.283639 -0.48595
vn 0.625627 0.47017 -0.62252
vn 0.515203 0.813817 -0.268826
vn 0.993221 -0.00440759 -0.116156
vn 0.959393 0.00506906 -0.282026
vn 0.895154 0.423251 -0.139847
vn 0.873623 0.37291 -0.312604
vn 0.895154 0.423251 -0.139847
vn 0.959393 0.00506906 -0.282026
vn -0.0288653 -0.995619 0.088932
vn -0.0143811 -0.999619 0.0235518
vn -3.01992e-07 -1.0 1.19209e-07
vn -3.01992e-07 -1.0 1.19209e-07
vn -3.01992e-07 -1.0 1.19209e-07
vn -0.0143811 -0.999619 0.0235518
vn -3.01992e-07 -1.0 1.19209e-07
vn -3.01992e-07 -1.0 1.19209e-07
vn -2.99956e-07 -0.999148 0.0412786
vn -0.0143811 -0.999619 0.0235518
vn -2.99956e-07 -0.999148 0.0412786
vn -3.01992e-07 -1.0 1.19209e-07
vn 0.0143805 -0.999619 0.0235519
vn 0.0312385 -0.996359 0.0793315
vn -3.01992e-07 -1.0 1.19209e-07
vn -3.01992e-07 -1.0 1.19209e-07
vn -3.01992e-07 -1.0 1.19209e-07
vn 0.0312385 -0.996359 0.0793315
vn -0.983221 -0.0417705 -0.177572
vn -0.997325 0.0697002 0.0220196
vn -0.897922 0.398225 -0.187493
vn -0.896632 0.43981 -0.0511605
vn -0.897922 0.398225 -0.187493
vn -0.997325 0.0697002 0.0220196
vn -0.896632 0.43981 -0.0511605
vn -0.482233 0.82902 -0.283156
vn -0.897922 0.398225 -0.187493
vn 0.625627 0.47017 -0.62252
vn 0.0856533 0.600656 -0.794906
vn 0.244125 0.943392 -0.22453
vn 0.0294705 0.973544 -0.22659
vn 0.244125 0.943392 -0.22453
vn 0.0856533 0.600656 -0.794906
vn -0.28231 0.657012 -0.699025
vn -0.15674 0.968359 -0.194198
vn 0.0856533 0.600656 -0.794906
vn 0.0294705 0.973544 -0.22659
vn 0.0856533 0.600656 -0.794906
vn -0.15674 0.968359 -0.194198
vn 0.0143805 -0.999619 0.0235519
vn -3.01992e-07 -1.0 1.19209e-07
vn -2.99956e-07 -0.999148 0.0412786
vn -3.01992e-07 -1.0 1.19209e-07
vn -2.99956e-07 -0.999148 0.0412786
vn -3.01992e-07 -1.0 1.19209e-07
vn 0.973665 -0.227036 -0.0207474
vn 0.974891 -0.222193 -0.0147437
vn 0.94634 -0.209007 -0.246487
vn 0.949214 -0.201304 -0.241806
vn 0.94634 -0.209007 -0.246487
vn 0.974891 -0.222193 -0.0147437
vn 0.974891 -0.222193 -0.0147437
vn 0.973665 -0.227036 -0.0207474
vn 0.872582 -0.229736 0.431071
vn 0.861668 -0.240753 0.446729
vn 0.872582 -0.229736 0.431071
vn 0.973665 -0.227036 -0.0207474
vn 0.861668 -0.240753 0.446729
vn 0.538186 -0.200333 0.818671
vn 0.872582 -0.229736 0.431071
vn 0.545767 -0.194471 0.815058
vn 0.872582 -0.229736 0.431071
vn 0.538186 -0.200333 0.818671
vn -0.00118172 -0.172244 0.985054
vn 0.00131902 -0.180364 0.983599
vn 0.538186 -0.200333 0.818671
vn 0.545767 -0.194471 0.815058
vn 0.538186 -0.200333 0.818671
vn 0.00131902 -0.180364 0.983599
vn -0.542967 -0.202512 0.81497
vn 0.00131902 -0.180364 0.983599
vn -0.538888 -0.208392 0.816194
vn -0.00118172 -0.172244 0.985054
vn -0.538888 -0.208392 0.816194
vn 0.00131902 -0.180364 0.983599
vn -0.859285 -0.253171 0.444448
vn -0.869366 -0.242412 0.430626
vn -0.538888 -0.208392 0.816194
vn -0.542967 -0.202512 0.81497
vn -0.538888 -0.208392 0.816194
vn -0.869366 -0.242412 0.430626
vn -0.971541 -0.236412 -0.0147569
vn -0.869366 -0.242412 0.430626
vn -0.970253 -0.241214 -0.0206271
vn -0.859285 -0.253171 0.444448
vn -0.970253 -0.241214 -0.0206271
vn -0.869366 -0.242412 0.430626
vn -0.970253 -0.241214 -0.0206271
vn -0.943355 -0.22292 -0.245739
vn -0.971541 -0.236412 -0.0147569
vn -0.946324 -0.215289 -0.241085
vn -0.971541 -0.236412 -0.0147569
vn -0.943355 -0.22292 -0.245739
vn 0.992083 -0.125473 -0.00523391
vn 0.999855 0.0170562 -3.45585e-05
vn 0.98957 -0.059183 0.131333
vn 0.992797 -0.0104365 0.119357
vn 0.98957 -0.059183 0.131333
vn 0.999855 0.0170562 -3.45585e-05
vn 0.98957 -0.059183 0.131333
vn 0.992797 -0.0104365 0.119357
vn 0.895882 -0.0535731 0.44105
vn 0.898566 -0.0310286 0.437741
vn 0.895882 -0.0535731 0.44105
vn 0.992797 -0.0104365 0.119357
vn 0.532231 0.0207321 0.846345
vn 0.537196 -0.0127344 0.843361
vn 0.898566 -0.0310286 0.437741
vn 0.895882 -0.0535731 0.44105
vn 0.898566 -0.0310286 0.437741
vn 0.537196 -0.0127344 0.843361
vn 0.00649944 -0.0627528 0.998008
vn 0.537196 -0.0127344 0.843361
vn -0.0012119 0.0044738 0.999989
vn 0.532231 0.0207321 0.846345
vn -0.0012119 0.0044738 0.999989
vn 0.537196 -0.0127344 0.843361
vn -0.540533 -0.0124182 0.841231
vn -0.52274 -0.059524 0.850412
vn -0.0012119 0.0044738 0.999989
vn 0.00649944 -0.0627528 0.998008
vn -0.0012119 0.0044738 0.999989
vn -0.52274 -0.059524 0.850412
vn -0.886821 -0.132956 0.442573
vn -0.52274 -0.059524 0.850412
vn -0.893786 -0.0883056 0.439713
vn -0.540533 -0.0124182 0.841231
vn -0.893786 -0.0883056 0.439713
vn -0.52274 -0.059524 0.850412
vn -0.886821 -0.132956 0.442573
vn -0.893786 -0.0883056 0.439713
vn -0.98775 -0.155134 0.0168511
vn -0.996093 -0.0878367 0.00917357
vn -0.98775 -0.155134 0.0168511
vn -0.893786 -0.0883056 0.439713
vn -0.935115 -0.264467 -0.235833
vn -0.98775 -0.155134 0.0168511
vn -0.992682 -0.103562 -0.0621012
vn -0.996093 -0.0878367 0.00917357
vn -0.992682 -0.103562 -0.0621012
vn -0.98775 -0.155134 0.0168511
vn -0.992682 -0.103562 -0.0621012
vn -0.997981 -0.0617852 0.0147377
vn -0.98679 -0.149864 0.061534
vn -0.997981 -0.0617852 0.0147377
vn -0.954708 -0.127875 -0.268663
vn -0.98679 -0.149864 0.061534
vn -0.936836 -0.147891 -0.316965
vn -0.98679 -0.149864 0.061534
vn -0.954708 -0.127875 -0.268663
vn -0.936836 -0.147891 -0.316965
vn -0.954708 -0.127875 -0.268663
vn -0.898769 -0.11588 -0.42283
vn -0.898875 -0.114251 -0.423049
vn -0.898769 -0.11588 -0.42283
vn -0.954708 -0.127875 -0.268663
vn -0.269358 -0.0749962 -0.960116
vn -0.269785 -0.0788239 -0.959689
vn -0.273293 -0.11171 -0.955422
vn -0.273651 -0.115226 -0.954902
vn -0.273293 -0.11171 -0.955422
vn -0.269785 -0.0788239 -0.959689
vn 0.488382 -0.0711312 -0.869726
vn 0.685233 -0.00377378 -0.728314
vn 0.487904 -0.0652181 -0.870457
vn 0.682886 0.00127604 -0.730524
vn 0.487904 -0.0652181 -0.870457
vn 0.685233 -0.00377378 -0.728314
vn 0.682886 0.00127604 -0.730524
vn 0.685233 -0.00377378 -0.728314
vn 0.914977 -0.051841 -0.400161
vn 0.934857 -0.0507659 -0.351376
vn 0.914977 -0.051841 -0.400161
vn 0.685233 -0.00377378 -0.728314
vn 0.989312 -0.0775254 -0.123495
vn 0.989273 -0.0985157 -0.107859
vn 0.934857 -0.0507659 -0.351376
vn 0.914977 -0.051841 -0.400161
vn 0.934857 -0.0507659 -0.351376
vn 0.989273 -0.0985157 -0.107859
vn 0.989312 -0.0775254 -0.123495
vn 0.999855 0.0170562 -3.45585e-05
vn 0.989273 -0.0985157 -0.107859
vn -0.0561551 -0.154653 -0.986372
vn -0.0258336 0.0319189 -0.999157
vn -0.552352 0.0609831 -0.831377
vn -0.611624 0.0200247 -0.790895
vn -0.552352 0.0609831 -0.831377
vn -0.0258336 0.0319189 -0.999157
vn -0.0258336 0.0319189 -0.999157
vn -0.0561551 -0.154653 -0.986372
vn 0.617664 -0.0579491 -0.784304
vn 0.582576 0.15634 -0.797598
vn 0.617664 -0.0579491 -0.784304
vn -0.0561551 -0.154653 -0.986372
vn 0.582576 0.15634 -0.797598
vn 0.821414 0.339472 -0.458299
vn 0.617664 -0.0579491 -0.784304
vn 0.872857 -0.0690327 -0.483069
vn 0.617664 -0.0579491 -0.784304
vn 0.821414 0.339472 -0.458299
vn 0.999864 0.00520113 -0.0156532
vn 0.872857 -0.0690327 -0.483069
vn 0.913429 0.406092 -0.0271396
vn 0.821414 0.339472 -0.458299
vn 0.913429 0.406092 -0.0271396
vn 0.872857 -0.0690327 -0.483069
vn 0.891618 0.0266732 0.452002
vn 0.999864 0.00520113 -0.0156532
vn 0.820948 0.371799 0.43337
vn 0.913429 0.406092 -0.0271396
vn 0.820948 0.371799 0.43337
vn 0.999864 0.00520113 -0.0156532
vn 0.891618 0.0266732 0.452002
vn 0.820948 0.371799 0.43337
vn 0.553679 0.0252208 0.832348
vn 0.51223 0.243505 0.823605
vn 0.553679 0.0252208 0.832348
vn 0.820948 0.371799 0.43337
vn 0.553679 0.0252208 0.832348
vn 0.51223 0.243505 0.823605
vn 0.000290866 -0.00929189 0.999957
vn -0.00736728 0.140752 0.990018
vn 0.000290866 -0.00929189 0.999957
vn 0.51223 0.243505 0.823605
vn -0.00736728 0.140752 0.990018
vn -0.513151 0.217808 0.830202
vn 0.000290866 -0.00929189 0.999957
vn -0.547309 -0.0215684 0.836653
vn 0.000290866 -0.00929189 0.999957
vn -0.513151 0.217808 0.830202
vn -0.547309 -0.0215684 0.836653
vn -0.513151 0.217808 0.830202
vn -0.896961 -0.0374991 0.440517
vn -0.849263 0.322841 0.417763
vn -0.896961 -0.0374991 0.440517
vn -0.513151 0.217808 0.830202
vn -0.849263 0.322841 0.417763
vn -0.939398 0.342279 -0.0194183
vn -0.896961 -0.0374991 0.440517
vn -0.998353 -0.0567736 -0.00824775
vn -0.896961 -0.0374991 0.440517
vn -0.939398 0.342279 -0.0194183
vn -0.874269 -0.103985 -0.474174
vn -0.998353 -0.0567736 -0.00824775
vn -0.838747 0.283589 -0.464845
vn -0.939398 0.342279 -0.0194183
vn -0.838747 0.283589 -0.464845
vn -0.998353 -0.0567736 -0.00824775
vn -0.874269 -0.103985 -0.474174
vn -0.838747 0.283589 -0.464845
vn -0.611624 0.0200247 -0.790895
vn -0.552352 0.0609831 -0.831377
vn -0.611624 0.0200247 -0.790895
vn -0.838747 0.283589 -0.464845
vn 0.872857 -0.0690327 -0.483069
vn 0.881536 0.0393258 -0.470475
vn 0.617664 -0.0579491 -0.784304
vn 0.610898 0.122716 -0.782141
vn 0.617664 -0.0579491 -0.784304
vn 0.881536 0.0393258 -0.470475
vn 0.881536 0.0393258 -0.470475
vn 0.872857 -0.0690327 -0.483069
vn 0.987794 0.155458 0.00981531
vn 0.999864 0.00520113 -0.0156532
vn 0.987794 0.155458 0.00981531
vn 0.872857 -0.0690327 -0.483069
vn 0.987794 0.155458 0.00981531
vn 0.999864 0.00520113 -0.0156532
vn 0.870923 0.171347 0.46058
vn 0.891618 0.0266732 0.452002
vn 0.870923 0.171347 0.46058
vn 0.999864 0.00520113 -0.0156532
vn 0.891618 0.0266732 0.452002
vn 0.553679 0.0252208 0.832348
vn 0.870923 0.171347 0.46058
vn 0.521749 0.20896 0.827112
vn 0.870923 0.171347 0.46058
vn 0.553679 0.0252208 0.832348
vn 0.00578362 0.214528 0.976701
vn 0.521749 0.20896 0.827112
vn 0.000290866 -0.00929189 0.999957
vn 0.553679 0.0252208 0.832348
vn 0.000290866 -0.00929189 0.999957
vn 0.521749 0.20896 0.827112
vn -0.547309 -0.0215684 0.836653
vn -0.504443 0.214171 0.836462
vn 0.000290866 -0.00929189 0.999957
vn 0.00578362 0.214528 0.976701
vn 0.000290866 -0.00929189 0.999957
vn -0.504443 0.214171 0.836462
vn -0.504443 0.214171 0.836462
vn -0.547309 -0.0215684 0.836653
vn -0.865037 0.185201 0.466274
vn -0.896961 -0.0374991 0.440517
vn -0.865037 0.185201 0.466274
vn -0.547309 -0.0215684 0.836653
vn -0.865037 0.185201 0.466274
vn -0.896961 -0.0374991 0.440517
vn -0.984636 0.173724 0.0176461
vn -0.998353 -0.0567736 -0.00824775
vn -0.984636 0.173724 0.0176461
vn -0.896961 -0.0374991 0.440517
vn -0.998353 -0.0567736 -0.00824775
vn -0.874269 -0.103985 -0.474174
vn -0.984636 0.173724 0.0176461
vn -0.887512 0.0216858 -0.460273
vn -0.984636 0.173724 0.0176461
vn -0.874269 -0.103985 -0.474174
vn -0.4744 0.256015 -0.84226
vn -0.887512 0.0216858 -0.460273
vn -0.611624 0.0200247 -0.790895
vn -0.874269 -0.103985 -0.474174
vn -0.611624 0.0200247 -0.790895
vn -0.887512 0.0216858 -0.460273
vn 0.0404108 0.0947276 -0.994683
vn -0.4744 0.256015 -0.84226
vn -0.0258336 0.0319189 -0.999157
vn -0.611624 0.0200247 -0.790895
vn -0.0258336 0.0319189 -0.999157
vn -0.4744 0.256015 -0.84226
vn 0.610898 0.122716 -0.782141
vn 0.0404108 0.0947276 -0.994683
vn 0.617664 -0.0579491 -0.784304
vn -0.0258336 0.0319189 -0.999157
vn 0.617664 -0.0579491 -0.784304
vn 0.0404108 0.0947276 -0.994683
vn 0.610898 0.122716 -0.782141
vn 0.586019 0.284547 -0.758693
vn 0.0404108 0.0947276 -0.994683
vn 0.0236642 -0.0441149 -0.998746
vn 0.0404108 0.0947276 -0.994683
vn 0.586019 0.284547 -0.758693
vn -0.4744 0.256015 -0.84226
vn 0.0404108 0.0947276 -0.994683
vn -0.595079 0.351764 -0.722595
vn 0.0236642 -0.0441149 -0.998746
vn -0.595079 0.351764 -0.722595
vn 0.0404108 0.0947276 -0.994683
vn -0.4744 0.256015 -0.84226
vn -0.595079 0.351764 -0.722595
vn -0.887512 0.0216858 -0.460273
vn -0.894101 0.245221 -0.374768
vn -0.887512 0.0216858 -0.460273
vn -0.595079 0.351764 -0.722595
vn -0.984636 0.173724 0.0176461
vn -0.887512 0.0216858 -0.460273
vn -0.984235 0.167895 -0.0556169
vn -0.894101 0.245221 -0.374768
vn -0.984235 0.167895 -0.0556169
vn -0.887512 0.0216858 -0.460273
vn -0.862899 0.227251 0.4514
vn -0.865037 0.185201 0.466274
vn -0.984235 0.167895 -0.0556169
vn -0.984636 0.173724 0.0176461
vn -0.984235 0.167895 -0.0556169
vn -0.865037 0.185201 0.466274
vn -0.504443 0.214171 0.836462
vn -0.865037 0.185201 0.466274
vn -0.517049 0.226013 0.825578
vn -0.862899 0.227251 0.4514
vn -0.517049 0.226013 0.825578
vn -0.865037 0.185201 0.466274
vn 0.00578362 0.214528 0.976701
vn -0.504443 0.214171 0.836462
vn -0.00138696 0.20971 0.977763
vn -0.517049 0.226013 0.825578
vn -0.00138696 0.20971 0.977763
vn -0.504443 0.214171 0.836462
vn -0.00138696 0.20971 0.977763
vn 0.530868 0.165077 0.831221
vn 0.00578362 0.214528 0.976701
vn 0.521749 0.20896 0.827112
vn 0.00578362 0.214528 0.976701
vn 0.530868 0.165077 0.831221
vn 0.521749 0.20896 0.827112
vn 0.530868 0.165077 0.831221
vn 0.870923 0.171347 0.46058
vn 0.878931 0.139982 0.455945
vn 0.870923 0.171347 0.46058
vn 0.530868 0.165077 0.831221
vn 0.991207 0.12298 0.0488293
vn 0.987794 0.155458 0.00981531
vn 0.878931 0.139982 0.455945
vn 0.870923 0.171347 0.46058
vn 0.878931 0.139982 0.455945
vn 0.987794 0.155458 0.00981531
vn 0.987794 0.155458 0.00981531
vn 0.991207 0.12298 0.0488293
vn 0.881536 0.0393258 -0.470475
vn 0.890764 0.231358 -0.391169
vn 0.881536 0.0393258 -0.470475
vn 0.991207 0.12298 0.0488293
vn 0.881536 0.0393258 -0.470475
vn 0.890764 0.231358 -0.391169
vn 0.610898 0.122716 -0.782141
vn 0.586019 0.284547 -0.758693
vn 0.610898 0.122716 -0.782141
vn 0.890764 0.231358 -0.391169
vn 0.83902 -0.0322763 -0.543142
vn 0.703406 -0.341114 -0.623587
vn 0.850612 0.012216 -0.525652
vn 0.675495 -0.0980651 -0.730814
vn 0.850612 0.012216 -0.525652
vn 0.703406 -0.341114 -0.623587
vn 0.934857 -0.0507659 -0.351376
vn 0.959393 0.00506906 -0.282026
vn 0.989312 -0.0775254 -0.123495
vn 0.993221 -0.00440759 -0.116156
vn 0.989312 -0.0775254 -0.123495
vn 0.959393 0.00506906 -0.282026
vn 0.999855 0.0170562 -3.45585e-05
vn 0.989312 -0.0775254 -0.123495
vn 0.984777 0.172412 0.0220797
vn 0.993221 -0.00440759 -0.116156
vn 0.984777 0.172412 0.0220797
vn 0.989312 -0.0775254 -0.123495
vn 0.999855 0.0170562 -3.45585e-05
vn 0.984777 0.172412 0.0220797
vn 0.992797 -0.0104365 0.119357
vn 0.981155 0.162874 0.103959
vn 0.992797 -0.0104365 0.119357
vn 0.984777 0.172412 0.0220797
vn 0.898566 -0.0310286 0.437741
vn 0.992797 -0.0104365 0.119357
vn 0.877778 0.152523 0.454139
vn 0.981155 0.162874 0.103959
vn 0.877778 0.152523 0.454139
vn 0.992797 -0.0104365 0.119357
vn 0.510907 0.190495 0.838264
vn 0.532231 0.0207321 0.846345
vn 0.877778 0.152523 0.454139
vn 0.898566 -0.0310286 0.437741
vn 0.877778 0.152523 0.454139
vn 0.532231 0.0207321 0.846345
vn -0.00054174 0.186027 0.982545
vn -0.0012119 0.0044738 0.999989
vn 0.510907 0.190495 0.838264
vn 0.532231 0.0207321 0.846345
vn 0.510907 0.190495 0.838264
vn -0.0012119 0.0044738 0.999989
vn -0.540533 -0.0124182 0.841231
vn -0.0012119 0.0044738 0.999989
vn -0.521328 0.157967 0.838608
vn -0.00054174 0.186027 0.982545
vn -0.521328 0.157967 0.838608
vn -0.0012119 0.0044738 0.999989
vn -0.540533 -0.0124182 0.841231
vn -0.521328 0.157967 0.838608
vn -0.893786 -0.0883056 0.439713
vn -0.881482 0.0999001 0.461529
vn -0.893786 -0.0883056 0.439713
vn -0.521328 0.157967 0.838608
vn -0.881482 0.0999001 0.461529
vn -0.994733 0.10194 0.0107246
vn -0.893786 -0.0883056 0.439713
vn -0.996093 -0.0878367 0.00917357
vn -0.893786 -0.0883056 0.439713
vn -0.994733 0.10194 0.0107246
vn -0.996093 -0.0878367 0.00917357
vn -0.994733 0.10194 0.0107246
vn -0.992682 -0.103562 -0.0621012
vn -0.996143 0.0858154 -0.0182871
vn -0.992682 -0.103562 -0.0621012
vn -0.994733 0.10194 0.0107246
vn -0.997981 -0.0617852 0.0147377
vn -0.992682 -0.103562 -0.0621012
vn -0.997325 0.0697002 0.0220196
vn -0.996143 0.0858154 -0.0182871
vn -0.997325 0.0697002 0.0220196
vn -0.992682 -0.103562 -0.0621012
vn -0.997981 -0.0617852 0.0147377
vn -0.997325 0.0697002 0.0220196
vn -0.954708 -0.127875 -0.268663
vn -0.983221 -0.0417705 -0.177572
vn -0.954708 -0.127875 -0.268663
vn -0.997325 0.0697002 0.0220196
vn -0.89665 -0.0987327 -0.431591
vn -0.910964 -0.044029 -0.410128
vn -0.877218 -0.290036 -0.382581
vn -0.911472 -0.0932667 -0.40065
vn -0.877218 -0.290036 -0.382581
vn -0.910964 -0.044029 -0.410128
vn -0.26924 -0.195081 -0.943108
vn 0.103639 -0.148163 -0.983518
vn -0.223852 -0.520339 -0.824098
vn 0.115368 -0.491301 -0.863315
vn -0.223852 -0.520339 -0.824098
vn 0.103639 -0.148163 -0.983518
vn 0.103639 -0.148163 -0.983518
vn 0.675495 -0.0980651 -0.730814
vn 0.115368 -0.491301 -0.863315
vn 0.703406 -0.341114 -0.623587
vn 0.115368 -0.491301 -0.863315
vn 0.675495 -0.0980651 -0.730814
vn 1.28287e-05 0.0557981 -0.998442
vn -4.46029e-05 0.0543809 -0.99852
vn 1.177e-05 0.0557132 -0.998447
vn -3.74738e-05 0.054295 -0.998525
vn 1.177e-05 0.0557132 -0.998447
vn -4.46029e-05 0.0543809 -0.99852
vn 4.41669e-05 0.0542903 -0.998525
vn 5.47788e-05 0.0544017 -0.998519
vn 1.177e-05 0.0557132 -0.998447
vn 1.28287e-05 0.0557981 -0.998442
vn 1.177e-05 0.0557132 -0.998447
vn 5.47788e-05 0.0544017 -0.998519
vn -0.959207 0.116116 -0.257758
vn -0.955309 0.129684 -0.265644
vn -0.980314 0.189673 -0.0548595
vn -0.978536 0.205545 -0.0147825
vn -0.980314 0.189673 -0.0548595
vn -0.955309 0.129684 -0.265644
vn -0.862518 0.243934 0.443348
vn -0.980314 0.189673 -0.0548595
vn -0.84069 0.258323 0.47593
vn -0.978536 0.205545 -0.0147825
vn -0.84069 0.258323 0.47593
vn -0.980314 0.189673 -0.0548595
vn -0.84069 0.258323 0.47593
vn -0.49314 0.228201 0.839487
vn -0.862518 0.243934 0.443348
vn -0.506243 0.21235 0.835839
vn -0.862518 0.243934 0.443348
vn -0.49314 0.228201 0.839487
vn -0.49314 0.228201 0.839487
vn 0.00100171 0.194705 0.980861
vn -0.506243 0.21235 0.835839
vn -0.00112039 0.182507 0.983204
vn -0.506243 0.21235 0.835839
vn 0.00100171 0.194705 0.980861
vn 0.485656 0.224711 0.844774
vn 0.492134 0.228437 0.840012
vn 0.00100171 0.194705 0.980861
vn -0.00112039 0.182507 0.983204
vn 0.00100171 0.194705 0.980861
vn 0.492134 0.228437 0.840012
vn 0.861365 0.264553 0.43366
vn 0.492134 0.228437 0.840012
vn 0.846309 0.256368 0.466943
vn 0.485656 0.224711 0.844774
vn 0.846309 0.256368 0.466943
vn 0.492134 0.228437 0.840012
vn 0.977444 0.20346 -0.0566265
vn 0.861365 0.264553 0.43366
vn 0.976223 0.21612 -0.0167699
vn 0.846309 0.256368 0.466943
vn 0.976223 0.21612 -0.0167699
vn 0.861365 0.264553 0.43366
vn 0.976223 0.21612 -0.0167699
vn 0.953635 0.14226 -0.26522
vn 0.977444 0.20346 -0.0566265
vn 0.957693 0.128768 -0.257378
vn 0.977444 0.20346 -0.0566265
vn 0.953635 0.14226 -0.26522
vn 0.498364 0.830466 -0.248916
vn 0.895154 0.423251 -0.139847
vn 0.873623 0.37291 -0.312604
vn -0.997206 -0.0593383 -0.0453815
vn -0.997206 -0.0593383 -0.0453815
vn -0.997206 -0.0593383 -0.0453815
vn -0.871959 0.357037 -0.334981
vn -0.665288 0.722018 -0.189952
vn -0.890003 0.259757 -0.374727
vn -0.283419 0.0277076 0.958596
vn -0.210253 0.0600895 0.975798
vn -0.399248 -0.0186482 0.916653
vn -0.401036 -0.0200866 0.915842
vn -0.399248 -0.0186482 0.916653
vn -0.210253 0.0600895 0.975798
vn 0.505437 0.00397013 0.862855
vn 0.196451 0.121915 0.972905
vn 0.502195 0.0053564 0.864738
vn 0.337245 0.0664847 0.939066
vn 0.502195 0.0053564 0.864738
vn 0.196451 0.121915 0.972905
vn -0.0221167 0.121118 0.992392
vn 0.0270199 0.119095 0.992515
vn 0.196451 0.121915 0.972905
vn 0.337245 0.0664847 0.939066
vn 0.196451 0.121915 0.972905
vn 0.0270199 0.119095 0.992515
vn 0.0432491 0.0836821 0.995553
vn 0.0419394 0.0844085 0.995548
vn -0.0221167 0.121118 0.992392
vn 0.0270199 0.119095 0.992515
vn -0.0221167 0.121118 0.992392
vn 0.0419394 0.0844085 0.995548
vn 0.0463286 0.0875906 0.995079
vn -0.0138732 0.0754354 0.997054
vn 0.0432491 0.0836821 0.995553
vn 0.0419394 0.0844085 0.995548
vn 0.0432491 0.0836821 0.995553
vn -0.0138732 0.0754354 0.997054
vn -0.142907 -0.986649 0.0781119
vn -0.218448 -0.949175 0.226599
vn -0.147227 -0.985762 0.0812269
vn -0.224323 -0.947028 0.22982
vn -0.147227 -0.985762 0.0812269
vn -0.218448 -0.949175 0.226599
vn 0.507981 -0.0205378 0.861123
vn 0.505437 0.00397013 0.862855
vn 0.507605 -0.0204358 0.861347
vn 0.502195 0.0053564 0.864738
vn 0.507605 -0.0204358 0.861347
vn 0.505437 0.00397013 0.862855
vn 0.256089 -0.919163 0.29926
vn 0.19324 -0.976854 0.0917275
vn 0.259046 -0.91982 0.294662
vn 0.188299 -0.978014 0.0896274
vn 0.259046 -0.91982 0.294662
vn 0.19324 -0.976854 0.0917275
vn -0.399248 -0.0186482 0.916653
vn -0.401036 -0.0200866 0.915842
vn -0.398983 -0.0442146 0.915892
vn -0.398969 -0.0442088 0.915898
vn -0.398983 -0.0442146 0.915892
vn -0.401036 -0.0200866 0.915842
vn 0.256089 -0.919163 0.29926
vn 0.259046 -0.91982 0.294662
vn -0.0543504 -0.86625 0.496647
vn -0.058178 -0.863839 0.500398
vn -0.0543504 -0.86625 0.496647
vn 0.259046 -0.91982 0.294662
vn -0.058178 -0.863839 0.500398
vn -0.224323 -0.947028 0.22982
vn -0.0543504 -0.86625 0.496647
vn -0.218448 -0.949175 0.226599
vn -0.0543504 -0.86625 0.496647
vn -0.224323 -0.947028 0.22982
vn -0.210253 0.0600895 0.975798
vn -0.283419 0.0277076 0.958596
vn 0.0463286 0.0875906 0.995079
vn -0.0138732 0.0754354 0.997054
vn 0.0463286 0.0875906 0.995079
vn -0.283419 0.0277076 0.958596
vn 0.244125 0.943392 -0.22453
vn 0.0294705 0.973544 -0.22659
vn 0.515203 0.813817 -0.268826
vn 0.0178506 0.994818 -0.100094
vn 0.515203 0.813817 -0.268826
vn 0.0294705 0.973544 -0.22659
vn 0.0294705 0.973544 -0.22659
vn -0.15674 0.968359 -0.194198
vn 0.0178506 0.994818 -0.100094
vn -0.128701 0.986546 -0.100814
vn 0.0178506 0.994818 -0.100094
vn -0.15674 0.968359 -0.194198
vn -0.848661 -0.255633 0.463062
vn -0.859731 0.244755 0.448283
vn -0.488023 0.0201253 0.872599
vn -0.517323 0.211566 0.829226
vn -0.488023 0.0201253 0.872599
vn -0.859731 0.244755 0.448283
vn 0.00904871 0.190905 0.981567
vn 0.0306426 0.213966 0.97636
vn -0.517323 0.211566 0.829226
vn -0.488023 0.0201253 0.872599
vn -0.517323 0.211566 0.829226
vn 0.0306426 0.213966 0.97636
vn 0.0306426 0.213966 0.97636
vn 0.00904871 0.190905 0.981567
vn 0.513822 0.115183 0.850129
vn 0.518433 0.2338 0.822536
vn 0.513822 0.115183 0.850129
vn 0.00904871 0.190905 0.981567
vn 0.513822 0.115183 0.850129
vn 0.518433 0.2338 0.822536
vn 0.875752 -0.0954933 0.473222
vn 0.849427 0.258165 0.460245
vn 0.875752 -0.0954933 0.473222
vn 0.518433 0.2338 0.822536
vn 0.849427 0.258165 0.460245
vn 0.979946 0.199262 -0.00108396
vn 0.875752 -0.0954933 0.473222
vn 0.965693 -0.255697 -0.0453404
vn 0.875752 -0.0954933 0.473222
vn 0.979946 0.199262 -0.00108396
vn 0.957047 0.118986 -0.264392
vn 0.847314 -0.379925 -0.3711
vn 0.979946 0.199262 -0.00108396
vn 0.965693 -0.255697 -0.0453404
vn 0.979946 0.199262 -0.00108396
vn 0.847314 -0.379925 -0.3711
vn -0.752554 -0.570041 -0.329721
vn -0.958738 0.150232 -0.241355
vn -0.91521 -0.400756 -0.0422491
vn -0.977285 0.211655 -0.0108161
vn -0.91521 -0.400756 -0.0422491
vn -0.958738 0.150232 -0.241355
vn -0.859731 0.244755 0.448283
vn -0.848661 -0.255633 0.463062
vn -0.977285 0.211655 -0.0108161
vn -0.91521 -0.400756 -0.0422491
vn -0.977285 0.211655 -0.0108161
vn -0.848661 -0.255633 0.463062
vn -0.49615 -0.195946 0.845837
vn -0.855472 -0.237503 0.460175
vn -0.507736 -0.217135 0.833701
vn -0.865145 -0.252707 0.4332
vn -0.507736 -0.217135 0.833701
vn -0.855472 -0.237503 0.460175
vn -0.507736 -0.217135 0.833701
vn 0.001327 -0.184171 0.982893
vn -0.49615 -0.195946 0.845837
vn -0.00115948 -0.172246 0.985053
vn -0.49615 -0.195946 0.845837
vn 0.001327 -0.184171 0.982893
vn 0.525455 -0.194366 0.828323
vn 0.505168 -0.203904 0.838587
vn 0.001327 -0.184171 0.982893
vn -0.00115948 -0.172246 0.985053
vn 0.001327 -0.184171 0.982893
vn 0.505168 -0.203904 0.838587
vn 0.525455 -0.194366 0.828323
vn 0.865569 -0.224425 0.447688
vn 0.505168 -0.203904 0.838587
vn 0.848133 -0.24183 0.471369
vn 0.505168 -0.203904 0.838587
vn 0.865569 -0.224425 0.447688
vn 0.973821 -0.226182 -0.022693
vn 0.974543 -0.221551 -0.0343618
vn 0.865569 -0.224425 0.447688
vn 0.848133 -0.24183 0.471369
vn 0.865569 -0.224425 0.447688
vn 0.974543 -0.221551 -0.0343618
vn 0.973821 -0.226182 -0.022693
vn 0.938198 -0.212929 -0.272847
vn 0.974543 -0.221551 -0.0343618
vn 0.936148 -0.200935 -0.288536
vn 0.974543 -0.221551 -0.0343618
vn 0.938198 -0.212929 -0.272847
vn -0.969824 -0.240455 -0.0402718
vn -0.933947 -0.226343 -0.276608
vn -0.971368 -0.235685 -0.0299647
vn -0.940828 -0.2151 -0.261867
vn -0.971368 -0.235685 -0.0299647
vn -0.933947 -0.226343 -0.276608
vn -0.969824 -0.240455 -0.0402718
vn -0.971368 -0.235685 -0.0299647
vn -0.855472 -0.237503 0.460175
vn -0.865145 -0.252707 0.4332
vn -0.855472 -0.237503 0.460175
vn -0.971368 -0.235685 -0.0299647
vn -0.222311 -0.974972 0.00280146
vn -0.206538 -0.977068 0.0517699
vn -0.221477 -0.975161 0.00296047
vn -0.205288 -0.977358 0.0512613
vn -0.221477 -0.975161 0.00296047
vn -0.206538 -0.977068 0.0517699
vn 0.222255 0.974981 -0.0039253
vn 0.205253 0.977069 -0.0566295
vn 0.221677 0.975112 -0.00397095
vn 0.203884 0.977367 -0.0564448
vn 0.221677 0.975112 -0.00397095
vn 0.205253 0.977069 -0.0566295
vn -0.201616 -0.974623 -0.0972672
vn -0.222311 -0.974972 0.00280146
vn -0.201766 -0.974523 -0.0979588
vn -0.221477 -0.975161 0.00296047
vn -0.201766 -0.974523 -0.0979588
vn -0.222311 -0.974972 0.00280146
vn 0.199745 0.974499 0.102244
vn 0.199393 0.974693 0.101073
vn 0.221677 0.975112 -0.00397095
vn 0.222255 0.974981 -0.0039253
vn 0.221677 0.975112 -0.00397095
vn 0.199393 0.974693 0.101073
vn -0.114839 -0.979198 -0.167283
vn -0.201616 -0.974623 -0.0972672
vn -0.114865 -0.978932 -0.168817
vn -0.201766 -0.974523 -0.0979588
vn -0.114865 -0.978932 -0.168817
vn -0.201616 -0.974623 -0.0972672
vn 0.111494 0.979069 0.170275
vn 0.199393 0.974693 0.101073
vn 0.110896 0.979078 0.170613
vn 0.199745 0.974499 0.102244
vn 0.110896 0.979078 0.170613
vn 0.199393 0.974693 0.101073
vn -0.114865 -0.978932 -0.168817
vn 0.000155404 -0.982586 -0.185808
vn -0.114839 -0.979198 -0.167283
vn 3.98515e-06 -0.982974 -0.183747
vn -0.114839 -0.979198 -0.167283
vn 0.000155404 -0.982586 -0.185808
vn 0.111494 0.979069 0.170275
vn 0.110896 0.979078 0.170613
vn -0.000134575 0.98258 0.18584
vn -3.78042e-06 0.982964 0.183796
vn -0.000134575 0.98258 0.18584
vn 0.110896 0.979078 0.170613
vn 0.120145 -0.97739 -0.173994
vn 0.121139 -0.977436 -0.173044
vn 0.000155404 -0.982586 -0.185808
vn 3.98515e-06 -0.982974 -0.183747
vn 0.000155404 -0.982586 -0.185808
vn 0.121139 -0.977436 -0.173044
vn -0.116354 0.977405 0.176469
vn -0.000134575 0.98258 0.18584
vn -0.115749 0.977436 0.176694
vn -3.78042e-06 0.982964 0.183796
vn -0.115749 0.977436 0.176694
vn -0.000134575 0.98258 0.18584
vn 0.120145 -0.97739 -0.173994
vn 0.212248 -0.971689 -0.103788
vn 0.121139 -0.977436 -0.173044
vn 0.213077 -0.971491 -0.10394
vn 0.121139 -0.977436 -0.173044
vn 0.212248 -0.971689 -0.103788
vn -0.211035 0.971491 0.108024
vn -0.210643 0.971723 0.106695
vn -0.115749 0.977436 0.176694
vn -0.116354 0.977405 0.176469
vn -0.115749 0.977436 0.176694
vn -0.210643 0.971723 0.106695
vn 0.213077 -0.971491 -0.10394
vn 0.212248 -0.971689 -0.103788
vn 0.235851 -0.971787 0.00180456
vn 0.236488 -0.971631 0.00236651
vn 0.235851 -0.971787 0.00180456
vn 0.212248 -0.971689 -0.103788
vn -0.235791 0.971794 -0.00437853
vn -0.236461 0.971631 -0.00431839
vn -0.211035 0.971491 0.108024
vn -0.210643 0.971723 0.106695
vn -0.211035 0.971491 0.108024
vn -0.236461 0.971631 -0.00431839
vn 0.218117 -0.974264 0.0568748
vn 0.235851 -0.971787 0.00180456
vn 0.219535 -0.973936 0.0570392
vn 0.236488 -0.971631 0.00236651
vn 0.219535 -0.973936 0.0570392
vn 0.235851 -0.971787 0.00180456
vn -0.217227 0.974266 -0.0601561
vn -0.218654 0.973935 -0.060348
vn -0.235791 0.971794 -0.00437853
vn -0.236461 0.971631 -0.00431839
vn -0.235791 0.971794 -0.00437853
vn -0.218654 0.973935 -0.060348
vn -0.188195 -0.982125 -0.00354574
vn -0.134232 -0.990106 -0.0408977
vn -0.184546 -0.982817 -0.00385504
vn -0.130084 -0.990688 -0.0401844
vn -0.184546 -0.982817 -0.00385504
vn -0.134232 -0.990106 -0.0408977
vn 0.13122 0.99069 0.0362685
vn 0.135215 0.99013 0.0368584
vn 0.186201 0.982511 -0.00134832
vn 0.186597 0.982436 -0.000331093
vn 0.186201 0.982511 -0.00134832
vn 0.135215 0.99013 0.0368584
vn -0.210082 -0.970633 0.117209
vn -0.188195 -0.982125 -0.00354574
vn -0.20889 -0.970771 0.11819
vn -0.184546 -0.982817 -0.00385504
vn -0.20889 -0.970771 0.11819
vn -0.188195 -0.982125 -0.00354574
vn 0.186597 0.982436 -0.000331093
vn 0.211486 0.971048 -0.111085
vn 0.186201 0.982511 -0.00134832
vn 0.214155 0.970465 -0.111066
vn 0.186201 0.982511 -0.00134832
vn 0.211486 0.971048 -0.111085
vn -0.114232 -0.974389 0.193694
vn -0.210082 -0.970633 0.117209
vn -0.113533 -0.974415 0.193972
vn -0.20889 -0.970771 0.11819
vn -0.113533 -0.974415 0.193972
vn -0.210082 -0.970633 0.117209
vn 0.118817 0.974366 -0.191033
vn 0.11992 0.974401 -0.190161
vn 0.211486 0.971048 -0.111085
vn 0.214155 0.970465 -0.111066
vn 0.211486 0.971048 -0.111085
vn 0.11992 0.974401 -0.190161
vn -0.114232 -0.974389 0.193694
vn -0.113533 -0.974415 0.193972
vn 8.38997e-05 -0.978772 0.20495
vn 4.0952e-06 -0.979172 0.203033
vn 8.38997e-05 -0.978772 0.20495
vn -0.113533 -0.974415 0.193972
vn 0.118817 0.974366 -0.191033
vn -0.00121729 0.978995 -0.203881
vn 0.11992 0.974401 -0.190161
vn -0.00168287 0.978998 -0.203861
vn 0.11992 0.974401 -0.190161
vn -0.00121729 0.978995 -0.203881
vn 0.117481 -0.972713 0.200068
vn 8.38997e-05 -0.978772 0.20495
vn 0.115684 -0.97311 0.199184
vn 4.0952e-06 -0.979172 0.203033
vn 0.115684 -0.97311 0.199184
vn 8.38997e-05 -0.978772 0.20495
vn -0.00121729 0.978995 -0.203881
vn -0.121089 0.973142 -0.195784
vn -0.00168287 0.978998 -0.203861
vn -0.12276 0.972763 -0.196625
vn -0.00168287 0.978998 -0.203861
vn -0.121089 0.973142 -0.195784
vn 0.115684 -0.97311 0.199184
vn 0.218516 -0.968206 0.121766
vn 0.117481 -0.972713 0.200068
vn 0.220665 -0.96772 0.121757
vn 0.117481 -0.972713 0.200068
vn 0.218516 -0.968206 0.121766
vn -0.121089 0.973142 -0.195784
vn -0.221619 0.96791 -0.118472
vn -0.12276 0.972763 -0.196625
vn -0.221218 0.968066 -0.117941
vn -0.12276 0.972763 -0.196625
vn -0.221619 0.96791 -0.118472
vn 0.220665 -0.96772 0.121757
vn 0.218516 -0.968206 0.121766
vn 0.200776 -0.979629 -0.00404291
vn 0.197164 -0.980361 -0.00433023
vn 0.200776 -0.979629 -0.00404291
vn 0.218516 -0.968206 0.121766
vn -0.198997 0.979985 0.00547789
vn -0.221218 0.968066 -0.117941
vn -0.198416 0.980107 0.00464644
vn -0.221619 0.96791 -0.118472
vn -0.198416 0.980107 0.00464644
vn -0.221218 0.968066 -0.117941
vn 0.200776 -0.979629 -0.00404291
vn 0.197164 -0.980361 -0.00433023
vn 0.1462 -0.98825 -0.04458
vn 0.142008 -0.988893 -0.0438601
vn 0.1462 -0.98825 -0.04458
vn 0.197164 -0.980361 -0.00433023
vn -0.198997 0.979985 0.00547789
vn -0.198416 0.980107 0.00464644
vn -0.148726 0.98826 0.0349649
vn -0.145033 0.98886 0.0334775
vn -0.148726 0.98826 0.0349649
vn -0.198416 0.980107 0.00464644
vn 0.318612 -0.0627743 -0.945804
vn 0.57127 -0.0999359 -0.814656
vn 0.343511 -0.0561789 -0.937467
vn 0.597109 -0.128028 -0.791878
vn 0.343511 -0.0561789 -0.937467
vn 0.57127 -0.0999359 -0.814656
vn 0.751307 -0.134911 -0.646016
vn 0.757795 -0.159987 -0.632575
vn 0.57127 -0.0999359 -0.814656
vn 0.597109 -0.128028 -0.791878
vn 0.57127 -0.0999359 -0.814656
vn 0.757795 -0.159987 -0.632575
vn 0.592991 -0.245001 -0.767031
vn 0.777878 -0.107554 -0.619143
vn 0.575842 -0.119159 -0.80883
vn 0.742155 -0.0757954 -0.665929
vn 0.575842 -0.119159 -0.80883
vn 0.777878 -0.107554 -0.619143
vn 0.592991 -0.245001 -0.767031
vn 0.575842 -0.119159 -0.80883
vn 0.338874 -0.270594 -0.901079
vn 0.324477 -0.150825 -0.933792
vn 0.338874 -0.270594 -0.901079
vn 0.575842 -0.119159 -0.80883
vn 0.742155 -0.0757954 -0.665929
vn 0.751307 -0.134911 -0.646016
vn 0.575842 -0.119159 -0.80883
vn 0.57127 -0.0999359 -0.814656
vn 0.575842 -0.119159 -0.80883
vn 0.751307 -0.134911 -0.646016
vn 0.575842 -0.119159 -0.80883
vn 0.57127 -0.0999359 -0.814656
vn 0.324477 -0.150825 -0.933792
vn 0.318612 -0.0627743 -0.945804
vn 0.324477 -0.150825 -0.933792
vn 0.57127 -0.0999359 -0.814656
vn 0.592991 -0.245001 -0.767031
vn 0.412096 -0.385038 -0.825786
vn 0.777878 -0.107554 -0.619143
vn 0.850396 -0.0998127 -0.51659
vn 0.777878 -0.107554 -0.619143
vn 0.412096 -0.385038 -0.825786
vn -0.329413 0.05559 0.942548
vn -0.360105 0.0376557 0.932152
vn -0.598594 0.097146 0.79514
vn -0.618282 0.123704 0.77616
vn -0.598594 0.097146 0.79514
vn -0.360105 0.0376557 0.932152
vn -0.777327 0.134611 0.614526
vn -0.598594 0.097146 0.79514
vn -0.783683 0.165482 0.598713
vn -0.618282 0.123704 0.77616
vn -0.783683 0.165482 0.598713
vn -0.598594 0.097146 0.79514
vn -0.849122 -0.0373154 0.526876
vn -0.604428 0.180159 0.776022
vn -0.781957 0.0918197 0.616533
vn -0.575319 0.152307 0.803624
vn -0.781957 0.0918197 0.616533
vn -0.604428 0.180159 0.776022
vn -0.604428 0.180159 0.776022
vn -0.30808 0.255515 0.916405
vn -0.575319 0.152307 0.803624
vn -0.324397 0.161094 0.932103
vn -0.575319 0.152307 0.803624
vn -0.30808 0.255515 0.916405
vn -0.781957 0.0918197 0.616533
vn -0.575319 0.152307 0.803624
vn -0.777327 0.134611 0.614526
vn -0.598594 0.097146 0.79514
vn -0.777327 0.134611 0.614526
vn -0.575319 0.152307 0.803624
vn -0.575319 0.152307 0.803624
vn -0.324397 0.161094 0.932103
vn -0.598594 0.097146 0.79514
vn -0.329413 0.05559 0.942548
vn -0.598594 0.097146 0.79514
vn -0.324397 0.161094 0.932103
vn -0.903865 -0.261069 0.338927
vn -0.634237 0.114359 0.764634
vn -0.849122 -0.0373154 0.526876
vn -0.604428 0.180159 0.776022
vn -0.849122 -0.0373154 0.526876
vn -0.634237 0.114359 0.764634
vn -0.634237 0.114359 0.764634
vn -0.211886 0.290144 0.933231
vn -0.604428 0.180159 0.776022
vn -0.30808 0.255515 0.916405
vn -0.604428 0.180159 0.776022
vn -0.211886 0.290144 0.933231
vn -0.27143 -0.956869 -0.10357
vn -0.219561 -0.975173 -0.0288119
vn -0.263302 -0.96059 -0.0890978
vn -0.219928 -0.975388 -0.015795
vn -0.263302 -0.96059 -0.0890978
vn -0.219561 -0.975173 -0.0288119
vn -0.263302 -0.96059 -0.0890978
vn -0.308465 -0.93924 -0.150591
vn -0.27143 -0.956869 -0.10357
vn -0.306522 -0.939489 -0.152984
vn -0.27143 -0.956869 -0.10357
vn -0.308465 -0.93924 -0.150591
vn 0.785499 -0.162496 0.597148
vn 0.78516 -0.162561 0.597577
vn 0.790527 -0.121094 0.600335
vn 0.790206 -0.117625 0.601448
vn 0.790527 -0.121094 0.600335
vn 0.78516 -0.162561 0.597577
vn 0.80534 0.0635914 0.589393
vn 0.747418 0.348965 0.565322
vn 0.803723 0.0573435 0.592234
vn 0.746876 0.341077 0.570826
vn 0.803723 0.0573435 0.592234
vn 0.747418 0.348965 0.565322
vn 0.803723 0.0573435 0.592234
vn 0.790527 -0.121094 0.600335
vn 0.80534 0.0635914 0.589393
vn 0.790206 -0.117625 0.601448
vn 0.80534 0.0635914 0.589393
vn 0.790527 -0.121094 0.600335
vn 0.708598 0.464241 0.531385
vn 0.708284 0.46404 0.531977
vn 0.747418 0.348965 0.565322
vn 0.746876 0.341077 0.570826
vn 0.747418 0.348965 0.565322
vn 0.708284 0.46404 0.531977
vn 0.176481 0.973995 0.142084
vn 0.15685 0.973276 0.167728
vn 0.101696 0.964502 0.243707
vn 0.0759423 0.960268 0.268547
vn 0.101696 0.964502 0.243707
vn 0.15685 0.973276 0.167728
vn 0.338874 -0.270594 -0.901079
vn 0.324477 -0.150825 -0.933792
vn -0.00289128 -0.286934 -0.957946
vn -0.00309681 -0.170683 -0.985321
vn -0.00289128 -0.286934 -0.957946
vn 0.324477 -0.150825 -0.933792
vn -0.00309681 -0.170683 -0.985321
vn 0.324477 -0.150825 -0.933792
vn 0.000795961 -0.0611203 -0.99813
vn 0.318612 -0.0627743 -0.945804
vn 0.000795961 -0.0611203 -0.99813
vn 0.324477 -0.150825 -0.933792
vn 2.17913e-07 -0.0169661 -0.999856
vn 0.000795961 -0.0611203 -0.99813
vn 0.343511 -0.0561789 -0.937467
vn 0.318612 -0.0627743 -0.945804
vn 0.343511 -0.0561789 -0.937467
vn 0.000795961 -0.0611203 -0.99813
vn -0.219561 -0.975173 -0.0288119
vn -3.43795e-07 -0.999987 0.00501161
vn -0.219928 -0.975388 -0.015795
vn -3.42694e-07 -0.999863 0.0165627
vn -0.219928 -0.975388 -0.015795
vn -3.43795e-07 -0.999987 0.00501161
vn -0.0150863 0.010143 0.999835
vn -0.360105 0.0376557 0.932152
vn -0.00523573 0.0461434 0.998921
vn -0.329413 0.05559 0.942548
vn -0.00523573 0.0461434 0.998921
vn -0.360105 0.0376557 0.932152
vn -0.329413 0.05559 0.942548
vn -0.324397 0.161094 0.932103
vn -0.00523573 0.0461434 0.998921
vn 0.000312308 0.174509 0.984656
vn -0.00523573 0.0461434 0.998921
vn -0.324397 0.161094 0.932103
vn -0.30808 0.255515 0.916405
vn -0.0147529 0.257603 0.966138
vn -0.324397 0.161094 0.932103
vn 0.000312308 0.174509 0.984656
vn -0.324397 0.161094 0.932103
vn -0.0147529 0.257603 0.966138
vn -0.211886 0.290144 0.933231
vn -0.0264854 0.259952 0.965258
vn -0.30808 0.255515 0.916405
vn -0.0147529 0.257603 0.966138
vn -0.30808 0.255515 0.916405
vn -0.0264854 0.259952 0.965258
vn 0.225196 -0.380796 -0.896817
vn 0.338874 -0.270594 -0.901079
vn 0.0 -0.356603 -0.934256
vn -0.00289128 -0.286934 -0.957946
vn 0.0 -0.356603 -0.934256
vn 0.338874 -0.270594 -0.901079
vn 0.338874 -0.270594 -0.901079
vn 0.225196 -0.380796 -0.896817
vn 0.592991 -0.245001 -0.767031
vn 0.412096 -0.385038 -0.825786
vn 0.592991 -0.245001 -0.767031
vn 0.225196 -0.380796 -0.896817
vn -0.592502 -0.131392 -0.794781
vn -0.569981 -0.0977885 -0.815818
vn -0.343511 -0.0561788 -0.937467
vn -0.319283 -0.0636193 -0.945521
vn -0.343511 -0.0561788 -0.937467
vn -0.569981 -0.0977885 -0.815818
vn -0.759846 -0.166293 -0.628475
vn -0.753536 -0.132558 -0.643904
vn -0.592502 -0.131392 -0.794781
vn -0.569981 -0.0977885 -0.815818
vn -0.592502 -0.131392 -0.794781
vn -0.753536 -0.132558 -0.643904
vn -0.742155 -0.0757949 -0.665929
vn -0.767712 -0.0968504 -0.633434
vn -0.571279 -0.113568 -0.812861
vn -0.609146 -0.242209 -0.755166
vn -0.571279 -0.113568 -0.812861
vn -0.767712 -0.0968504 -0.633434
vn -0.327228 -0.294845 -0.897768
vn -0.328812 -0.140195 -0.933931
vn -0.609146 -0.242209 -0.755166
vn -0.571279 -0.113568 -0.812861
vn -0.609146 -0.242209 -0.755166
vn -0.328812 -0.140195 -0.933931
vn -0.742155 -0.0757949 -0.665929
vn -0.571279 -0.113568 -0.812861
vn -0.753536 -0.132558 -0.643904
vn -0.569981 -0.0977885 -0.815818
vn -0.753536 -0.132558 -0.643904
vn -0.571279 -0.113568 -0.812861
vn -0.571279 -0.113568 -0.812861
vn -0.328812 -0.140195 -0.933931
vn -0.569981 -0.0977885 -0.815818
vn -0.319283 -0.0636193 -0.945521
vn -0.569981 -0.0977885 -0.815818
vn -0.328812 -0.140195 -0.933931
vn -0.455298 -0.349963 -0.818676
vn -0.609146 -0.242209 -0.755166
vn -0.794681 -0.197042 -0.574157
vn -0.767712 -0.0968504 -0.633434
vn -0.794681 -0.197042 -0.574157
vn -0.609146 -0.242209 -0.755166
vn 0.38022 0.0391812 0.924066
vn 0.338505 0.0567349 0.939252
vn 0.60954 0.115509 0.784295
vn 0.588571 0.104639 0.801645
vn 0.60954 0.115509 0.784295
vn 0.338505 0.0567349 0.939252
vn 0.588571 0.104639 0.801645
vn 0.785149 0.143826 0.602375
vn 0.60954 0.115509 0.784295
vn 0.785413 0.171437 0.594757
vn 0.60954 0.115509 0.784295
vn 0.785149 0.143826 0.602375
vn 0.620284 0.161251 0.767624
vn 0.801904 0.0258153 0.596895
vn 0.588505 0.129003 0.798135
vn 0.774398 0.0610314 0.629748
vn 0.588505 0.129003 0.798135
vn 0.801904 0.0258153 0.596895
vn 0.324164 0.160875 0.932221
vn 0.331253 0.251976 0.909274
vn 0.588505 0.129003 0.798135
vn 0.620284 0.161251 0.767624
vn 0.588505 0.129003 0.798135
vn 0.331253 0.251976 0.909274
vn 0.588505 0.129003 0.798135
vn 0.774398 0.0610314 0.629748
vn 0.588571 0.104639 0.801645
vn 0.785149 0.143826 0.602375
vn 0.588571 0.104639 0.801645
vn 0.774398 0.0610314 0.629748
vn 0.324164 0.160875 0.932221
vn 0.588505 0.129003 0.798135
vn 0.338505 0.0567349 0.939252
vn 0.588571 0.104639 0.801645
vn 0.338505 0.0567349 0.939252
vn 0.588505 0.129003 0.798135
vn 0.59699 0.197751 0.777494
vn 0.846643 0.00742723 0.53211
vn 0.620284 0.161251 0.767624
vn 0.801904 0.0258153 0.596895
vn 0.620284 0.161251 0.767624
vn 0.846643 0.00742723 0.53211
vn 0.263777 0.256207 0.929935
vn 0.59699 0.197751 0.777494
vn 0.331253 0.251976 0.909274
vn 0.620284 0.161251 0.767624
vn 0.331253 0.251976 0.909274
vn 0.59699 0.197751 0.777494
vn 0.254684 -0.962689 -0.09147
vn 0.224003 -0.974325 -0.02265
vn 0.267873 -0.958726 -0.0953376
vn 0.229668 -0.97295 -0.0249316
vn 0.267873 -0.958726 -0.0953376
vn 0.224003 -0.974325 -0.02265
vn 0.306522 -0.939489 -0.152984
vn 0.308464 -0.93924 -0.150591
vn 0.267873 -0.958726 -0.0953376
vn 0.254684 -0.962689 -0.09147
vn 0.267873 -0.958726 -0.0953376
vn 0.308464 -0.93924 -0.150591
vn -0.785348 -0.163377 0.597106
vn -0.785039 -0.16316 0.597572
vn -0.790416 -0.117302 0.601234
vn -0.790415 -0.120668 0.600569
vn -0.790416 -0.117302 0.601234
vn -0.785039 -0.16316 0.597572
vn -0.80534 0.0635919 0.589392
vn -0.803723 0.0573439 0.592234
vn -0.743625 0.354532 0.566858
vn -0.746642 0.341962 0.570602
vn -0.743625 0.354532 0.566858
vn -0.803723 0.0573439 0.592234
vn -0.803723 0.0573439 0.592234
vn -0.80534 0.0635919 0.589392
vn -0.790415 -0.120668 0.600569
vn -0.790416 -0.117302 0.601234
vn -0.790415 -0.120668 0.600569
vn -0.80534 0.0635919 0.589392
vn -0.691253 0.47016 0.548743
vn -0.743625 0.354532 0.566858
vn -0.693619 0.471076 0.544958
vn -0.746642 0.341962 0.570602
vn -0.693619 0.471076 0.544958
vn -0.743625 0.354532 0.566858
vn -0.220012 0.957564 0.18619
vn -0.171792 0.964702 0.199594
vn -0.0738593 0.964294 0.254328
vn -0.0337662 0.969051 0.244541
vn -0.0738593 0.964294 0.254328
vn -0.171792 0.964702 0.199594
vn -0.00289128 -0.286934 -0.957946
vn -0.00309681 -0.170683 -0.985321
vn -0.327228 -0.294845 -0.897768
vn -0.328812 -0.140195 -0.933931
vn -0.327228 -0.294845 -0.897768
vn -0.00309681 -0.170683 -0.985321
vn 0.000795961 -0.0611203 -0.99813
vn -0.319283 -0.0636193 -0.945521
vn -0.00309681 -0.170683 -0.985321
vn -0.328812 -0.140195 -0.933931
vn -0.00309681 -0.170683 -0.985321
vn -0.319283 -0.0636193 -0.945521
vn 2.17913e-07 -0.0169661 -0.999856
vn -0.343511 -0.0561788 -0.937467
vn 0.000795961 -0.0611203 -0.99813
vn -0.319283 -0.0636193 -0.945521
vn 0.000795961 -0.0611203 -0.99813
vn -0.343511 -0.0561788 -0.937467
vn -3.42694e-07 -0.999863 0.0165627
vn -3.43795e-07 -0.999987 0.00501161
vn 0.224003 -0.974325 -0.02265
vn 0.229668 -0.97295 -0.0249316
vn 0.224003 -0.974325 -0.02265
vn -3.43795e-07 -0.999987 0.00501161
vn -0.00523573 0.0461434 0.998921
vn 0.338505 0.0567349 0.939252
vn -0.0150863 0.010143 0.999835
vn 0.38022 0.0391812 0.924066
vn -0.0150863 0.010143 0.999835
vn 0.338505 0.0567349 0.939252
vn 0.324164 0.160875 0.932221
vn 0.338505 0.0567349 0.939252
vn 0.000312308 0.174509 0.984656
vn -0.00523573 0.0461434 0.998921
vn 0.000312308 0.174509 0.984656
vn 0.338505 0.0567349 0.939252
vn -0.0147529 0.257603 0.966138
vn 0.331253 0.251976 0.909274
vn 0.000312308 0.174509 0.984656
vn 0.324164 0.160875 0.932221
vn 0.000312308 0.174509 0.984656
vn 0.331253 0.251976 0.909274
vn 0.331253 0.251976 0.909274
vn -0.0147529 0.257603 0.966138
vn 0.263777 0.256207 0.929935
vn -0.0264854 0.259952 0.965258
vn 0.263777 0.256207 0.929935
vn -0.0147529 0.257603 0.966138
vn -0.211226 -0.363466 -0.907346
vn 0.0 -0.356603 -0.934256
vn -0.327228 -0.294845 -0.897768
vn -0.00289128 -0.286934 -0.957946
vn -0.327228 -0.294845 -0.897768
vn 0.0 -0.356603 -0.934256
vn -0.211226 -0.363466 -0.907346
vn -0.327228 -0.294845 -0.897768
vn -0.455298 -0.349963 -0.818676
vn -0.609146 -0.242209 -0.755166
vn -0.455298 -0.349963 -0.818676
vn -0.327228 -0.294845 -0.897768
vn -0.0738593 0.964294 0.254328
vn -0.0337662 0.969051 0.244541
vn -0.113856 0.974471 0.193504
vn -0.142757 0.97423 0.174635
vn -0.113856 0.974471 0.193504
vn -0.0337662 0.969051 0.244541
vn 0.0759423 0.960268 0.268547
vn 0.117246 0.974464 0.191505
vn 0.101696 0.964502 0.243707
vn 0.144938 0.973381 0.177548
vn 0.101696 0.964502 0.243707
vn 0.117246 0.974464 0.191505
vn 0.117246 0.974464 0.191505
vn -0.00170628 0.984887 0.173191
vn 0.144938 0.973381 0.177548
vn -0.00296642 0.984903 0.173083
vn 0.144938 0.973381 0.177548
vn -0.00170628 0.984887 0.173191
vn -0.00170628 0.984887 0.173191
vn -0.113856 0.974471 0.193504
vn -0.00296642 0.984903 0.173083
vn -0.142757 0.97423 0.174635
vn -0.00296642 0.984903 0.173083
vn -0.113856 0.974471 0.193504
vn -0.991598 0.120943 -0.0459026
vn -0.750867 -0.660417 -0.00691038
vn -0.990861 -0.00101182 0.134886
vn -0.991598 0.120943 -0.0459026
vn -0.494296 -0.862986 -0.10453
vn -0.750867 -0.660417 -0.00691038
vn 0.711262 0.120947 -0.692443
vn 0.560481 -0.656154 -0.505296
vn 0.293749 -0.8635 -0.409976
vn 0.711262 0.120947 -0.692443
vn 0.834206 -0.00637441 -0.551416
vn 0.560481 -0.656154 -0.505296
vn 0.711262 0.120947 -0.692443
vn 0.609716 0.666269 -0.42934
vn 0.834206 -0.00637441 -0.551416
vn 0.711262 0.120947 -0.692443
vn 0.318978 0.902921 -0.288075
vn 0.609716 0.666269 -0.42934
vn -0.991598 0.120943 -0.0459026
vn -0.741087 0.666161 0.0837845
vn -0.429795 0.902919 -0.00377635
vn -0.991598 0.120943 -0.0459026
vn -0.990861 -0.00101182 0.134886
vn -0.741087 0.666161 0.0837845
vn -0.990861 -0.00101182 0.134886
vn -0.750867 -0.660417 -0.00691038
vn -0.9782 0.030088 0.205472
vn -0.688109 -0.692723 0.215965
vn -0.9782 0.030088 0.205472
vn -0.750867 -0.660417 -0.00691038
vn -0.494296 -0.862986 -0.10453
vn -0.357199 -0.923006 0.143069
vn -0.750867 -0.660417 -0.00691038
vn -0.688109 -0.692723 0.215965
vn -0.750867 -0.660417 -0.00691038
vn -0.357199 -0.923006 0.143069
vn 0.560481 -0.656154 -0.505296
vn 0.661665 -0.68672 -0.301023
vn 0.293749 -0.8635 -0.409976
vn 0.359656 -0.925386 -0.119616
vn 0.293749 -0.8635 -0.409976
vn 0.661665 -0.68672 -0.301023
vn 0.560481 -0.656154 -0.505296
vn 0.834206 -0.00637441 -0.551416
vn 0.661665 -0.68672 -0.301023
vn 0.865282 0.0252038 -0.500651
vn 0.661665 -0.68672 -0.301023
vn 0.834206 -0.00637441 -0.551416
vn 0.865282 0.0252038 -0.500651
vn 0.834206 -0.00637441 -0.551416
vn 0.544952 0.697752 -0.46494
vn 0.609716 0.666269 -0.42934
vn 0.544952 0.697752 -0.46494
vn 0.834206 -0.00637441 -0.551416
vn 0.318978 0.902921 -0.288075
vn 0.258434 0.894708 -0.364293
vn 0.609716 0.666269 -0.42934
vn 0.544952 0.697752 -0.46494
vn 0.609716 0.666269 -0.42934
vn 0.258434 0.894708 -0.364293
vn -0.429795 0.902919 -0.00377635
vn -0.741087 0.666161 0.0837845
vn -0.435085 0.894709 -0.100976
vn -0.716367 0.697589 0.013711
vn -0.435085 0.894709 -0.100976
vn -0.741087 0.666161 0.0837845
vn -0.716367 0.697589 0.013711
vn -0.741087 0.666161 0.0837845
vn -0.9782 0.030088 0.205472
vn -0.990861 -0.00101182 0.134886
vn -0.9782 0.030088 0.205472
vn -0.741087 0.666161 0.0837845
vn -0.94855 -0.296863 -0.110116
vn -0.94855 -0.296863 -0.110116
vn -0.94855 -0.296863 -0.110116
vn -0.575898 -0.679698 -0.45426
vn -0.575898 -0.679698 -0.45426
vn -0.575898 -0.679698 -0.45426
vn 0.012343 -0.651144 -0.758854
vn 0.012343 -0.651144 -0.758854
vn 0.012343 -0.651144 -0.758854
vn 0.47758 -0.227658 -0.84858
vn 0.47758 -0.227658 -0.84858
vn 0.47758 -0.227658 -0.84858
vn 0.587772 0.373897 -0.717443
vn 0.587772 0.373897 -0.717443
vn 0.587772 0.373897 -0.717443
vn 0.213544 0.89575 -0.389911
vn 0.213544 0.89575 -0.389911
vn 0.213544 0.89575 -0.389911
vn -0.508881 0.860691 -0.0158322
vn -0.508881 0.860691 -0.0158322
vn -0.508881 0.860691 -0.0158322
vn -0.95088 0.299234 0.0792906
vn -0.95088 0.299234 0.0792906
vn -0.95088 0.299234 0.0792906
vn -0.883642 -0.370551 0.286128
vn -0.883642 -0.370551 0.286128
vn -0.883642 -0.370551 0.286128
vn -0.839117 -0.443309 0.315214
vn -0.839117 -0.443309 0.315214
vn -0.839117 -0.443309 0.315214
vn -0.290269 -0.942237 0.167134
vn -0.290269 -0.942237 0.167134
vn -0.290269 -0.942237 0.167134
vn -0.348907 -0.922073 0.167464
vn -0.348907 -0.922073 0.167464
vn -0.348907 -0.922073 0.167464
vn 0.40731 -0.885364 -0.224119
vn 0.40731 -0.885364 -0.224119
vn 0.40731 -0.885364 -0.224119
vn 0.374899 -0.909955 -0.177292
vn 0.374899 -0.909955 -0.177292
vn 0.374899 -0.909955 -0.177292
vn 0.768942 -0.290362 -0.569577
vn 0.768942 -0.290362 -0.569577
vn 0.768942 -0.290362 -0.569577
vn 0.772643 -0.365062 -0.519377
vn 0.772643 -0.365062 -0.519377
vn 0.772643 -0.365062 -0.519377
vn 0.67324 0.382589 -0.632751
vn 0.67324 0.382589 -0.632751
vn 0.67324 0.382589 -0.632751
vn 0.674726 0.380882 -0.632197
vn 0.674726 0.380882 -0.632197
vn 0.674726 0.380882 -0.632197
vn 0.185713 0.883611 -0.429817
vn 0.185713 0.883611 -0.429817
vn 0.185713 0.883611 -0.429817
vn 0.155812 0.88943 -0.429694
vn 0.155812 0.88943 -0.429694
vn 0.155812 0.88943 -0.429694
vn -0.529037 0.845168 -0.0762333
vn -0.529037 0.845168 -0.0762333
vn -0.529037 0.845168 -0.0762333
vn -0.503691 0.860466 -0.0767725
vn -0.503691 0.860466 -0.0767725
vn -0.503691 0.860466 -0.0767725
vn -0.931346 0.304743 0.199312
vn -0.931346 0.304743 0.199312
vn -0.931346 0.304743 0.199312
vn -0.932086 0.30271 0.198952
vn -0.932086 0.30271 0.198952
vn -0.932086 0.30271 0.198952
vn -0.526415 -0.124979 -0.840992
vn -0.526415 -0.124979 -0.840992
vn -0.526415 -0.124979 -0.840992
vn 0.0873758 -0.538166 -0.838298
vn 0.0873758 -0.538166 -0.838298
vn 0.0873757 -0.538166 -0.838298
vn 0.761463 -0.53817 -0.361313
vn 0.761463 -0.53817 -0.361313
vn 0.761463 -0.53817 -0.361313
vn 0.968221 -0.124973 0.216632
vn 0.968221 -0.124973 0.216632
vn 0.968221 -0.124973 0.216632
vn 0.73042 0.397941 0.555094
vn 0.73042 0.397941 0.555095
vn 0.73042 0.397941 0.555094
vn 0.134045 0.838347 0.5284
vn 0.134045 0.838347 0.5284
vn 0.134045 0.838347 0.5284
vn -0.54289 0.838349 0.0493977
vn -0.54289 0.838349 0.0493977
vn -0.54289 0.83835 0.0493977
vn -0.766484 0.397941 -0.504128
vn -0.766484 0.397941 -0.504128
vn -0.766484 0.397941 -0.504128
vn -0.640858 -0.263268 -0.721104
vn -0.640859 -0.263268 -0.721104
vn -0.640858 -0.263268 -0.721104
vn -0.603399 -0.307341 -0.735833
vn -0.603399 -0.307341 -0.735833
vn -0.603399 -0.307341 -0.735833
vn -0.0867405 -0.841645 -0.53302
vn -0.0867405 -0.841645 -0.53302
vn -0.0867405 -0.841645 -0.53302
vn -0.115441 -0.819436 -0.561424
vn -0.115441 -0.819436 -0.561424
vn -0.115441 -0.819436 -0.561424
vn 0.56784 -0.819442 -0.0779284
vn 0.56784 -0.819442 -0.0779284
vn 0.56784 -0.819442 -0.0779284
vn 0.531515 -0.841644 -0.0955389
vn 0.531515 -0.841644 -0.0955389
vn 0.531515 -0.841644 -0.0955389
vn 0.903402 -0.248836 0.349207
vn 0.903402 -0.248836 0.349207
vn 0.903402 -0.248836 0.349207
vn 0.887424 -0.314661 0.336849
vn 0.887424 -0.314661 0.336849
vn 0.887424 -0.314661 0.336849
vn 0.745847 0.426606 0.511586
vn 0.745847 0.426606 0.511586
vn 0.745847 0.426606 0.511586
vn 0.746689 0.424411 0.512182
vn 0.746689 0.424411 0.512182
vn 0.746689 0.424411 0.512182
vn 0.21983 0.907783 0.357219
vn 0.21983 0.907782 0.357219
vn 0.21983 0.907783 0.357219
vn 0.207266 0.915883 0.3438
vn 0.207266 0.915883 0.3438
vn 0.207266 0.915883 0.3438
vn -0.410002 0.907785 -0.0884557
vn -0.410002 0.907785 -0.0884557
vn -0.410002 0.907785 -0.0884557
vn -0.393174 0.915883 -0.0810749
vn -0.393174 0.915883 -0.0810749
vn -0.393174 0.915883 -0.0810749
vn -0.731028 0.424596 -0.534149
vn -0.731028 0.424596 -0.534149
vn -0.731028 0.424596 -0.534149
vn -0.73118 0.426157 -0.532697
vn -0.73118 0.426157 -0.532697
vn -0.73118 0.426157 -0.532697
vn 0.810935 -0.0140338 -0.584968
vn 0.810935 -0.0140338 -0.584968
vn 0.810935 -0.0140338 -0.584968
vn 0.339893 -0.316737 -0.885522
vn 0.339893 -0.316737 -0.885522
vn 0.339893 -0.316737 -0.885522
vn -0.323074 -0.311276 -0.893717
vn -0.323074 -0.311276 -0.893717
vn -0.323074 -0.311276 -0.893717
vn -0.796357 -0.000791623 -0.604826
vn -0.796357 -0.000791623 -0.604826
vn -0.796357 -0.000791623 -0.604826
vn -0.860952 0.468992 -0.196999
vn -0.860952 0.468992 -0.196999
vn -0.860952 0.468992 -0.196999
vn -0.401575 0.903613 0.149069
vn -0.401575 0.903613 0.149069
vn -0.401575 0.903613 0.149069
vn 0.4126 0.896905 0.159129
vn 0.4126 0.896905 0.159129
vn 0.4126 0.896905 0.159129
vn 0.873159 0.454724 -0.175556
vn 0.873159 0.454724 -0.175556
vn 0.873159 0.454724 -0.175556
vn 0.932785 -0.240846 -0.268152
vn 0.932785 -0.240846 -0.268152
vn 0.932785 -0.240846 -0.268152
vn 0.908946 -0.327193 -0.258383
vn 0.908946 -0.327193 -0.258383
vn 0.908946 -0.327193 -0.258383
vn 0.372658 -0.846371 -0.380503
vn 0.372658 -0.846371 -0.380503
vn 0.372658 -0.846371 -0.380503
vn 0.424399 -0.815108 -0.394315
vn 0.424399 -0.815108 -0.394315
vn 0.424399 -0.815108 -0.394315
vn -0.375719 -0.832903 -0.406335
vn -0.375719 -0.832903 -0.406335
vn -0.375719 -0.832903 -0.406335
vn -0.427687 -0.819623 -0.381185
vn -0.427687 -0.819623 -0.381185
vn -0.427687 -0.819623 -0.381185
vn -0.907559 -0.312205 -0.280828
vn -0.907559 -0.312205 -0.280828
vn -0.907559 -0.312205 -0.280828
vn -0.929718 -0.225494 -0.291164
vn -0.929718 -0.225494 -0.291164
vn -0.929718 -0.225494 -0.291164
vn -0.900918 0.424397 -0.0907384
vn -0.900918 0.424397 -0.0907384
vn -0.900918 0.424397 -0.0907384
vn -0.899913 0.426462 -0.0910316
vn -0.899913 0.426462 -0.0910316
vn -0.899913 0.426462 -0.0910316
vn -0.367482 0.925518 0.091511
vn -0.367482 0.925518 0.091511
vn -0.367482 0.925518 0.091511
vn -0.394009 0.913596 0.1005
vn -0.394009 0.913596 0.1005
vn -0.394009 0.913596 0.1005
vn 0.380779 0.917941 0.11132
vn 0.380779 0.917941 0.11132
vn 0.380779 0.917941 0.11132
vn 0.404296 0.909642 0.0953752
vn 0.404296 0.909642 0.0953752
vn 0.404296 0.909642 0.0953752
vn 0.909044 0.411165 -0.0676955
vn 0.909044 0.411165 -0.0676955
vn 0.909044 0.411165 -0.0676955
vn 0.909624 0.409638 -0.06914
vn 0.909624 0.409638 -0.06914
vn 0.909624 0.409638 -0.06914
vn 0.491417 -0.0140284 -0.870812
vn 0.491417 -0.0140284 -0.870812
vn 0.491416 -0.0140284 -0.870812
vn -0.0622055 -0.316727 -0.946475
vn -0.0622055 -0.316727 -0.946475
vn -0.0622055 -0.316727 -0.946475
vn -0.66767 -0.31126 -0.676265
vn -0.66767 -0.31126 -0.676265
vn -0.66767 -0.31126 -0.676265
vn -0.976456 -0.00077668 -0.215713
vn -0.976457 -0.00077668 -0.215713
vn -0.976457 -0.00077668 -0.215713
vn -0.864332 0.468971 0.181652
vn -0.864331 0.468971 0.181652
vn -0.864331 0.468971 0.181652
vn -0.302237 0.903614 0.303536
vn -0.302237 0.903615 0.303536
vn -0.302237 0.903615 0.303536
vn 0.441322 0.896903 -0.0282925
vn 0.441322 0.896903 -0.0282925
vn 0.441322 0.896903 -0.0282925
vn 0.719383 0.454715 -0.525092
vn 0.719383 0.454715 -0.525092
vn 0.719383 0.454715 -0.525092
vn 0.717184 -0.327203 -0.615293
vn 0.717184 -0.327203 -0.615293
vn 0.717184 -0.327203 -0.615293
vn 0.734748 -0.240818 -0.634155
vn 0.734748 -0.240818 -0.634155
vn 0.734748 -0.240818 -0.634155
vn 0.171404 -0.839061 -0.51633
vn 0.171404 -0.839061 -0.51633
vn 0.171404 -0.839061 -0.51633
vn 0.229235 -0.826643 -0.513918
vn 0.229235 -0.826643 -0.513918
vn 0.229235 -0.826643 -0.513918
vn -0.511345 -0.832908 -0.211636
vn -0.511345 -0.832908 -0.211636
vn -0.511345 -0.832908 -0.211636
vn -0.548003 -0.819629 -0.167036
vn -0.548003 -0.819629 -0.167036
vn -0.548003 -0.819629 -0.167036
vn -0.966204 -0.225466 0.124957
vn -0.966204 -0.225466 0.124957
vn -0.966204 -0.225466 0.124957
vn -0.941746 -0.312207 0.125064
vn -0.941746 -0.312207 0.125064
vn -0.941746 -0.312207 0.125064
vn -0.856284 0.424566 0.294145
vn -0.856284 0.424566 0.294145
vn -0.856284 0.424566 0.294145
vn -0.855197 0.426029 0.295192
vn -0.855197 0.426029 0.295192
vn -0.855197 0.426029 0.295192
vn -0.291657 0.924105 0.246913
vn -0.291657 0.924105 0.246913
vn -0.291657 0.924105 0.246913
vn -0.319675 0.916196 0.241648
vn -0.319675 0.916196 0.241648
vn -0.319675 0.916196 0.241648
vn 0.387543 0.919357 -0.0677658
vn 0.387543 0.919357 -0.0677658
vn 0.387543 0.919357 -0.0677658
vn 0.41529 0.906996 -0.0699431
vn 0.41529 0.906996 -0.0699431
vn 0.41529 0.906996 -0.0699431
vn 0.797131 0.41116 -0.442189
vn 0.797131 0.41116 -0.442189
vn 0.79713 0.41116 -0.442189
vn 0.797053 0.409643 -0.443734
vn 0.797053 0.409643 -0.443734
vn 0.797053 0.409643 -0.443734
vn -0.49143 -0.0140197 -0.870804
vn -0.49143 -0.0140197 -0.870804
vn -0.49143 -0.0140197 -0.870804
vn 0.0622508 -0.316748 -0.946465
vn 0.0622508 -0.316748 -0.946465
vn 0.0622508 -0.316748 -0.946465
vn 0.667621 -0.311288 -0.6763
vn 0.667621 -0.311288 -0.6763
vn 0.667621 -0.311288 -0.6763
vn 0.976457 -0.000777401 -0.215712
vn 0.976457 -0.000777401 -0.215712
vn 0.976457 -0.000777401 -0.215712
vn 0.864331 0.468971 0.181652
vn 0.864331 0.468971 0.181652
vn 0.864331 0.468971 0.181652
vn 0.302237 0.903614 0.303536
vn 0.302237 0.903614 0.303536
vn 0.302237 0.903614 0.303536
vn -0.441321 0.896903 -0.0282928
vn -0.441321 0.896903 -0.0282928
vn -0.441321 0.896903 -0.0282928
vn -0.719382 0.454724 -0.525087
vn -0.719382 0.454724 -0.525087
vn -0.719382 0.454724 -0.525087
vn -0.734747 -0.240824 -0.634154
vn -0.734747 -0.240824 -0.634154
vn -0.734747 -0.240824 -0.634154
vn -0.717185 -0.327202 -0.615293
vn -0.717184 -0.327202 -0.615293
vn -0.717185 -0.327202 -0.615293
vn -0.179046 -0.84637 -0.501598
vn -0.179046 -0.84637 -0.501598
vn -0.179046 -0.84637 -0.501598
vn -0.220216 -0.815132 -0.535784
vn -0.220216 -0.815132 -0.535785
vn -0.220216 -0.815132 -0.535784
vn 0.547981 -0.819638 -0.167063
vn 0.547981 -0.819638 -0.167063
vn 0.547981 -0.819638 -0.167063
vn 0.51135 -0.832907 -0.21163
vn 0.51135 -0.832907 -0.21163
vn 0.51135 -0.832907 -0.21163
vn 0.956569 -0.24547 0.157224
vn 0.956569 -0.24547 0.157224
vn 0.956569 -0.24547 0.157224
vn 0.948021 -0.302543 0.0986111
vn 0.948021 -0.302543 0.0986111
vn 0.948021 -0.302543 0.0986111
vn 0.855196 0.426029 0.295193
vn 0.855196 0.426029 0.295193
vn 0.855196 0.426029 0.295193
vn 0.856284 0.424565 0.294145
vn 0.856284 0.424565 0.294145
vn 0.856284 0.424565 0.294145
vn 0.319675 0.916195 0.241648
vn 0.319675 0.916195 0.241648
vn 0.319675 0.916195 0.241648
vn 0.291658 0.924105 0.246913
vn 0.291658 0.924105 0.246913
vn 0.291658 0.924105 0.246913
vn -0.387542 0.919358 -0.0677657
vn -0.387542 0.919358 -0.0677657
vn -0.387542 0.919358 -0.0677657
vn -0.41529 0.906996 -0.069943
vn -0.41529 0.906996 -0.069943
vn -0.41529 0.906996 -0.069943
vn -0.797131 0.411172 -0.442176
vn -0.797131 0.411172 -0.442176
vn -0.797131 0.411172 -0.442176
vn -0.797053 0.409642 -0.443734
vn -0.797053 0.409642 -0.443734
vn -0.797053 0.409642 -0.443734

vt 0.257912 0.718273
vt 0.2733 0.702878
vt 0.2498 0.7058
vt 0.259963 0.695806
vt 0.2498 0.7058
vt 0.2733 0.702878
vt 0.2498 0.7058
vt 0.235669 0.709678
vt 0.257912 0.718273
vt 0.236181 0.724049
vt 0.257912 0.718273
vt 0.235669 0.709678
vt 0.236181 0.724049
vt 0.235669 0.709678
vt 0.214417 0.719025
vt 0.221592 0.706305
vt 0.214417 0.719025
vt 0.235669 0.709678
vt 0.221592 0.706305
vt 0.211262 0.696728
vt 0.214417 0.719025
vt 0.198772 0.704254
vt 0.214417 0.719025
vt 0.211262 0.696728
vt 0.193032 0.684024
vt 0.198772 0.704254
vt 0.207329 0.68356
vt 0.211262 0.696728
vt 0.207329 0.68356
vt 0.198772 0.704254
vt 0.207329 0.68356
vt 0.210878 0.670257
vt 0.193032 0.684024
vt 0.198248 0.663588
vt 0.193032 0.684024
vt 0.210878 0.670257
vt 0.21354 0.648296
vt 0.198248 0.663588
vt 0.220888 0.660401
vt 0.210878 0.670257
vt 0.220888 0.660401
vt 0.198248 0.663588
vt 0.21354 0.648296
vt 0.220888 0.660401
vt 0.234888 0.639476
vt 0.234728 0.656164
vt 0.234888 0.639476
vt 0.220888 0.660401
vt 0.256654 0.647291
vt 0.234888 0.639476
vt 0.248904 0.659672
vt 0.234728 0.656164
vt 0.248904 0.659672
vt 0.234888 0.639476
vt 0.248904 0.659672
vt 0.259441 0.669156
vt 0.256654 0.647291
vt 0.272587 0.661966
vt 0.256654 0.647291
vt 0.259441 0.669156
vt 0.278481 0.682251
vt 0.272587 0.661966
vt 0.263496 0.682372
vt 0.259441 0.669156
vt 0.263496 0.682372
vt 0.272587 0.661966
vt 0.2733 0.702878
vt 0.278481 0.682251
vt 0.259963 0.695806
vt 0.263496 0.682372
vt 0.259963 0.695806
vt 0.278481 0.682251
vt 0.903052 0.269062
vt 0.903431 0.235442
vt 0.871008 0.269659
vt 0.872596 0.237313
vt 0.871008 0.269659
vt 0.903431 0.235442
vt 0.8391 0.237737
vt 0.836553 0.269505
vt 0.872596 0.237313
vt 0.871008 0.269659
vt 0.872596 0.237313
vt 0.836553 0.269505
vt 0.80266 0.269229
vt 0.836553 0.269505
vt 0.805929 0.237435
vt 0.8391 0.237737
vt 0.805929 0.237435
vt 0.836553 0.269505
vt 0.775243 0.235472
vt 0.771468 0.268082
vt 0.805929 0.237435
vt 0.80266 0.269229
vt 0.805929 0.237435
vt 0.771468 0.268082
vt 0.74124 0.266453
vt 0.771468 0.268082
vt 0.745372 0.232398
vt 0.775243 0.235472
vt 0.745372 0.232398
vt 0.771468 0.268082
vt 0.894049 0.416963
vt 0.922209 0.416755
vt 0.895043 0.38387
vt 0.923809 0.384931
vt 0.895043 0.38387
vt 0.922209 0.416755
vt 0.864779 0.382702
vt 0.86502 0.416594
vt 0.895043 0.38387
vt 0.894049 0.416963
vt 0.895043 0.38387
vt 0.86502 0.416594
vt 0.864779 0.382702
vt 0.833206 0.381686
vt 0.86502 0.416594
vt 0.835168 0.415838
vt 0.86502 0.416594
vt 0.833206 0.381686
vt 0.833206 0.381686
vt 0.801627 0.381327
vt 0.835168 0.415838
vt 0.805156 0.415079
vt 0.835168 0.415838
vt 0.801627 0.381327
vt 0.805156 0.415079
vt 0.801627 0.381327
vt 0.775781 0.414893
vt 0.771354 0.381866
vt 0.775781 0.414893
vt 0.801627 0.381327
vt 0.771354 0.381866
vt 0.742495 0.383866
vt 0.775781 0.414893
vt 0.74721 0.416162
vt 0.775781 0.414893
vt 0.742495 0.383866
vt 0.2498 0.7058
vt 0.259963 0.695806
vt 0.235051 0.683131
vt 0.235669 0.709678
vt 0.2498 0.7058
vt 0.235051 0.683131
vt 0.221592 0.706305
vt 0.235669 0.709678
vt 0.235051 0.683131
vt 0.211262 0.696728
vt 0.221592 0.706305
vt 0.235051 0.683131
vt 0.207329 0.68356
vt 0.211262 0.696728
vt 0.235051 0.683131
vt 0.210878 0.670257
vt 0.207329 0.68356
vt 0.235051 0.683131
vt 0.220888 0.660401
vt 0.210878 0.670257
vt 0.235051 0.683131
vt 0.234728 0.656164
vt 0.220888 0.660401
vt 0.235051 0.683131
vt 0.248904 0.659672
vt 0.234728 0.656164
vt 0.235051 0.683131
vt 0.259441 0.669156
vt 0.248904 0.659672
vt 0.235051 0.683131
vt 0.263496 0.682372
vt 0.259441 0.669156
vt 0.235051 0.683131
vt 0.259963 0.695806
vt 0.263496 0.682372
vt 0.235051 0.683131
vt 0.903431 0.235442
vt 0.903052 0.269062
vt 0.934046 0.233871
vt 0.934253 0.269659
vt 0.934046 0.233871
vt 0.903052 0.269062
vt 0.904115 0.198261
vt 0.935295 0.193981
vt 0.903128 0.169563
vt 0.934242 0.161804
vt 0.903128 0.169563
vt 0.935295 0.193981
vt 0.743612 0.318938
vt 0.740872 0.347922
vt 0.77487 0.318937
vt 0.77091 0.346301
vt 0.77487 0.318937
vt 0.740872 0.347922
vt 0.77487 0.318937
vt 0.77091 0.346301
vt 0.804386 0.318401
vt 0.801553 0.345426
vt 0.804386 0.318401
vt 0.77091 0.346301
vt 0.832743 0.345916
vt 0.832362 0.319737
vt 0.801553 0.345426
vt 0.804386 0.318401
vt 0.801553 0.345426
vt 0.832362 0.319737
vt 0.832362 0.319737
vt 0.832743 0.345916
vt 0.860128 0.322893
vt 0.863794 0.347069
vt 0.860128 0.322893
vt 0.832743 0.345916
vt 0.88917 0.32632
vt 0.860128 0.322893
vt 0.894123 0.348694
vt 0.863794 0.347069
vt 0.894123 0.348694
vt 0.860128 0.322893
vt 0.920402 0.327684
vt 0.88917 0.32632
vt 0.923906 0.349925
vt 0.894123 0.348694
vt 0.923906 0.349925
vt 0.88917 0.32632
vt 0.776594 0.199214
vt 0.778281 0.176289
vt 0.746518 0.194374
vt 0.747211 0.169917
vt 0.746518 0.194374
vt 0.778281 0.176289
vt 0.778281 0.176289
vt 0.776594 0.199214
vt 0.809463 0.17846
vt 0.807209 0.201986
vt 0.809463 0.17846
vt 0.776594 0.199214
vt 0.809463 0.17846
vt 0.807209 0.201986
vt 0.840874 0.179062
vt 0.839915 0.202757
vt 0.840874 0.179062
vt 0.807209 0.201986
vt 0.840874 0.179062
vt 0.839915 0.202757
vt 0.87203 0.174263
vt 0.873008 0.201283
vt 0.87203 0.174263
vt 0.839915 0.202757
vt 0.873008 0.201283
vt 0.904115 0.198261
vt 0.87203 0.174263
vt 0.903128 0.169563
vt 0.87203 0.174263
vt 0.904115 0.198261
vt 0.783418 0.136379
vt 0.782031 0.146475
vt 0.813295 0.140204
vt 0.812244 0.150103
vt 0.813295 0.140204
vt 0.782031 0.146475
vt 0.783418 0.136379
vt 0.752883 0.128231
vt 0.782031 0.146475
vt 0.750372 0.138538
vt 0.782031 0.146475
vt 0.752883 0.128231
vt 0.886613 0.289528
vt 0.889201 0.298024
vt 0.911994 0.288613
vt 0.915378 0.298477
vt 0.911994 0.288613
vt 0.889201 0.298024
vt 0.859354 0.286996
vt 0.860385 0.294923
vt 0.886613 0.289528
vt 0.889201 0.298024
vt 0.886613 0.289528
vt 0.860385 0.294923
vt 0.832709 0.284048
vt 0.832582 0.291732
vt 0.859354 0.286996
vt 0.860385 0.294923
vt 0.859354 0.286996
vt 0.832582 0.291732
vt 0.805388 0.284616
vt 0.804131 0.292701
vt 0.832709 0.284048
vt 0.832582 0.291732
vt 0.832709 0.284048
vt 0.804131 0.292701
vt 0.804131 0.292701
vt 0.805388 0.284616
vt 0.774504 0.295119
vt 0.777094 0.286604
vt 0.774504 0.295119
vt 0.805388 0.284616
vt 0.751434 0.286206
vt 0.74829 0.295628
vt 0.777094 0.286604
vt 0.774504 0.295119
vt 0.777094 0.286604
vt 0.74829 0.295628
vt 0.929438 0.125128
vt 0.898262 0.13369
vt 0.932101 0.13539
vt 0.899905 0.143872
vt 0.932101 0.13539
vt 0.898262 0.13369
vt 0.867789 0.138698
vt 0.869079 0.148601
vt 0.898262 0.13369
vt 0.899905 0.143872
vt 0.898262 0.13369
vt 0.869079 0.148601
vt 0.867789 0.138698
vt 0.84046 0.141735
vt 0.869079 0.148601
vt 0.840694 0.151091
vt 0.869079 0.148601
vt 0.84046 0.141735
vt 0.840694 0.151091
vt 0.84046 0.141735
vt 0.812244 0.150103
vt 0.813295 0.140204
vt 0.812244 0.150103
vt 0.84046 0.141735
vt 0.903128 0.169563
vt 0.90098 0.158843
vt 0.87203 0.174263
vt 0.870584 0.161894
vt 0.87203 0.174263
vt 0.90098 0.158843
vt 0.87203 0.174263
vt 0.870584 0.161894
vt 0.840874 0.179062
vt 0.840555 0.163115
vt 0.840874 0.179062
vt 0.870584 0.161894
vt 0.81099 0.159967
vt 0.809463 0.17846
vt 0.840555 0.163115
vt 0.840874 0.179062
vt 0.840555 0.163115
vt 0.809463 0.17846
vt 0.81099 0.159967
vt 0.781865 0.155442
vt 0.809463 0.17846
vt 0.778281 0.176289
vt 0.809463 0.17846
vt 0.781865 0.155442
vt 0.750995 0.147826
vt 0.747211 0.169917
vt 0.781865 0.155442
vt 0.778281 0.176289
vt 0.781865 0.155442
vt 0.747211 0.169917
vt 0.920402 0.327684
vt 0.916376 0.306926
vt 0.88917 0.32632
vt 0.890776 0.306892
vt 0.88917 0.32632
vt 0.916376 0.306926
vt 0.890776 0.306892
vt 0.861017 0.305459
vt 0.88917 0.32632
vt 0.860128 0.322893
vt 0.88917 0.32632
vt 0.861017 0.305459
vt 0.861017 0.305459
vt 0.832207 0.304303
vt 0.860128 0.322893
vt 0.832362 0.319737
vt 0.860128 0.322893
vt 0.832207 0.304303
vt 0.803131 0.306289
vt 0.804386 0.318401
vt 0.832207 0.304303
vt 0.832362 0.319737
vt 0.832207 0.304303
vt 0.804386 0.318401
vt 0.804386 0.318401
vt 0.803131 0.306289
vt 0.77487 0.318937
vt 0.773022 0.309194
vt 0.77487 0.318937
vt 0.803131 0.306289
vt 0.747441 0.309974
vt 0.743612 0.318938
vt 0.773022 0.309194
vt 0.77487 0.318937
vt 0.773022 0.309194
vt 0.743612 0.318938
vt 0.90098 0.158843
vt 0.903128 0.169563
vt 0.933224 0.151652
vt 0.934242 0.161804
vt 0.933224 0.151652
vt 0.903128 0.169563
vt 0.870584 0.161894
vt 0.90098 0.158843
vt 0.869079 0.148601
vt 0.899905 0.143872
vt 0.869079 0.148601
vt 0.90098 0.158843
vt 0.840694 0.151091
vt 0.840555 0.163115
vt 0.869079 0.148601
vt 0.870584 0.161894
vt 0.869079 0.148601
vt 0.840555 0.163115
vt 0.81099 0.159967
vt 0.840555 0.163115
vt 0.812244 0.150103
vt 0.840694 0.151091
vt 0.812244 0.150103
vt 0.840555 0.163115
vt 0.781865 0.155442
vt 0.81099 0.159967
vt 0.782031 0.146475
vt 0.812244 0.150103
vt 0.782031 0.146475
vt 0.81099 0.159967
vt 0.782031 0.146475
vt 0.750372 0.138538
vt 0.781865 0.155442
vt 0.750995 0.147826
vt 0.781865 0.155442
vt 0.750372 0.138538
vt 0.890776 0.306892
vt 0.916376 0.306926
vt 0.889201 0.298024
vt 0.915378 0.298477
vt 0.889201 0.298024
vt 0.916376 0.306926
vt 0.861017 0.305459
vt 0.890776 0.306892
vt 0.860385 0.294923
vt 0.889201 0.298024
vt 0.860385 0.294923
vt 0.890776 0.306892
vt 0.832582 0.291732
vt 0.832207 0.304303
vt 0.860385 0.294923
vt 0.861017 0.305459
vt 0.860385 0.294923
vt 0.832207 0.304303
vt 0.804131 0.292701
vt 0.803131 0.306289
vt 0.832582 0.291732
vt 0.832207 0.304303
vt 0.832582 0.291732
vt 0.803131 0.306289
vt 0.773022 0.309194
vt 0.803131 0.306289
vt 0.774504 0.295119
vt 0.804131 0.292701
vt 0.774504 0.295119
vt 0.803131 0.306289
vt 0.747441 0.309974
vt 0.773022 0.309194
vt 0.74829 0.295628
vt 0.774504 0.295119
vt 0.74829 0.295628
vt 0.773022 0.309194
vt 0.90098 0.158843
vt 0.933224 0.151652
vt 0.899905 0.143872
vt 0.932101 0.13539
vt 0.899905 0.143872
vt 0.933224 0.151652
vt 0.867461 0.13216
vt 0.867789 0.138698
vt 0.895363 0.127664
vt 0.898262 0.13369
vt 0.895363 0.127664
vt 0.867789 0.138698
vt 0.895363 0.127664
vt 0.898262 0.13369
vt 0.923537 0.119894
vt 0.929438 0.125128
vt 0.923537 0.119894
vt 0.898262 0.13369
vt 0.780353 0.28134
vt 0.750215 0.279283
vt 0.777094 0.286604
vt 0.751434 0.286206
vt 0.777094 0.286604
vt 0.750215 0.279283
vt 0.780353 0.28134
vt 0.777094 0.286604
vt 0.80676 0.279787
vt 0.805388 0.284616
vt 0.80676 0.279787
vt 0.777094 0.286604
vt 0.805388 0.284616
vt 0.832709 0.284048
vt 0.80676 0.279787
vt 0.831431 0.279031
vt 0.80676 0.279787
vt 0.832709 0.284048
vt 0.859354 0.286996
vt 0.8558 0.281767
vt 0.832709 0.284048
vt 0.831431 0.279031
vt 0.832709 0.284048
vt 0.8558 0.281767
vt 0.8558 0.281767
vt 0.859354 0.286996
vt 0.881769 0.282852
vt 0.886613 0.289528
vt 0.881769 0.282852
vt 0.859354 0.286996
vt 0.911994 0.288613
vt 0.911885 0.279031
vt 0.886613 0.289528
vt 0.881769 0.282852
vt 0.886613 0.289528
vt 0.911885 0.279031
vt 0.760291 0.120836
vt 0.752883 0.128231
vt 0.788147 0.128725
vt 0.783418 0.136379
vt 0.788147 0.128725
vt 0.752883 0.128231
vt 0.813295 0.140204
vt 0.816406 0.132559
vt 0.783418 0.136379
vt 0.788147 0.128725
vt 0.783418 0.136379
vt 0.816406 0.132559
vt 0.84046 0.141735
vt 0.842068 0.133543
vt 0.813295 0.140204
vt 0.816406 0.132559
vt 0.813295 0.140204
vt 0.842068 0.133543
vt 0.867461 0.13216
vt 0.842068 0.133543
vt 0.867789 0.138698
vt 0.84046 0.141735
vt 0.867789 0.138698
vt 0.842068 0.133543
vt 0.776594 0.199214
vt 0.775243 0.235472
vt 0.807209 0.201986
vt 0.805929 0.237435
vt 0.807209 0.201986
vt 0.775243 0.235472
vt 0.775243 0.235472
vt 0.776594 0.199214
vt 0.745372 0.232398
vt 0.746518 0.194374
vt 0.745372 0.232398
vt 0.776594 0.199214
vt 0.895043 0.38387
vt 0.923809 0.384931
vt 0.894123 0.348694
vt 0.923906 0.349925
vt 0.894123 0.348694
vt 0.923809 0.384931
vt 0.895043 0.38387
vt 0.894123 0.348694
vt 0.864779 0.382702
vt 0.863794 0.347069
vt 0.864779 0.382702
vt 0.894123 0.348694
vt 0.833206 0.381686
vt 0.864779 0.382702
vt 0.832743 0.345916
vt 0.863794 0.347069
vt 0.832743 0.345916
vt 0.864779 0.382702
vt 0.832743 0.345916
vt 0.801553 0.345426
vt 0.833206 0.381686
vt 0.801627 0.381327
vt 0.833206 0.381686
vt 0.801553 0.345426
vt 0.801627 0.381327
vt 0.801553 0.345426
vt 0.771354 0.381866
vt 0.77091 0.346301
vt 0.771354 0.381866
vt 0.801553 0.345426
vt 0.77091 0.346301
vt 0.740872 0.347922
vt 0.771354 0.381866
vt 0.742495 0.383866
vt 0.771354 0.381866
vt 0.740872 0.347922
vt 0.935295 0.193981
vt 0.904115 0.198261
vt 0.934046 0.233871
vt 0.903431 0.235442
vt 0.934046 0.233871
vt 0.904115 0.198261
vt 0.904115 0.198261
vt 0.873008 0.201283
vt 0.903431 0.235442
vt 0.872596 0.237313
vt 0.903431 0.235442
vt 0.873008 0.201283
vt 0.8391 0.237737
vt 0.872596 0.237313
vt 0.839915 0.202757
vt 0.873008 0.201283
vt 0.839915 0.202757
vt 0.872596 0.237313
vt 0.8391 0.237737
vt 0.839915 0.202757
vt 0.805929 0.237435
vt 0.807209 0.201986
vt 0.805929 0.237435
vt 0.839915 0.202757
vt 0.817749 0.017093
vt 0.849144 0.017418
vt 0.819303 0.04209
vt 0.849283 0.041754
vt 0.819303 0.04209
vt 0.849144 0.017418
vt 0.819303 0.04209
vt 0.792453 0.044122
vt 0.817749 0.017093
vt 0.788868 0.019668
vt 0.817749 0.017093
vt 0.792453 0.044122
vt 0.782721 0.019857
vt 0.778317 0.043815
vt 0.754537 0.018004
vt 0.75225 0.042281
vt 0.754537 0.018004
vt 0.778317 0.043815
vt 0.72371 0.018733
vt 0.754537 0.018004
vt 0.722868 0.042364
vt 0.75225 0.042281
vt 0.722868 0.042364
vt 0.754537 0.018004
vt 0.72371 0.018733
vt 0.722868 0.042364
vt 0.692959 0.020697
vt 0.693505 0.044438
vt 0.692959 0.020697
vt 0.722868 0.042364
vt 0.693505 0.044438
vt 0.664306 0.056739
vt 0.692959 0.020697
vt 0.662428 0.024619
vt 0.692959 0.020697
vt 0.664306 0.056739
vt 0.720822 0.111805
vt 0.697279 0.119109
vt 0.718276 0.163452
vt 0.693576 0.159306
vt 0.718276 0.163452
vt 0.697279 0.119109
vt 0.677261 0.190492
vt 0.715488 0.199943
vt 0.693576 0.159306
vt 0.718276 0.163452
vt 0.693576 0.159306
vt 0.715488 0.199943
vt 0.678365 0.209005
vt 0.690612 0.242672
vt 0.715578 0.202064
vt 0.716259 0.237903
vt 0.715578 0.202064
vt 0.690612 0.242672
vt 0.716259 0.237903
vt 0.690612 0.242672
vt 0.718019 0.284528
vt 0.69646 0.278021
vt 0.718019 0.284528
vt 0.690612 0.242672
vt 0.910049 0.049525
vt 0.879611 0.043448
vt 0.91144 0.020318
vt 0.881111 0.019133
vt 0.91144 0.020318
vt 0.879611 0.043448
vt 0.881111 0.019133
vt 0.879611 0.043448
vt 0.849144 0.017418
vt 0.849283 0.041754
vt 0.849144 0.017418
vt 0.879611 0.043448
vt 0.698258 0.287722
vt 0.685254 0.286219
vt 0.694274 0.310545
vt 0.685254 0.286219
vt 0.675722 0.292272
vt 0.694274 0.310545
vt 0.675722 0.292272
vt 0.669815 0.301894
vt 0.694274 0.310545
vt 0.669815 0.301894
vt 0.671517 0.314874
vt 0.694274 0.310545
vt 0.671517 0.314874
vt 0.677577 0.324982
vt 0.694274 0.310545
vt 0.688999 0.331689
vt 0.702174 0.318329
vt 0.677577 0.324982
vt 0.694274 0.310545
vt 0.677577 0.324982
vt 0.702174 0.318329
vt 0.694274 0.310545
vt 0.702174 0.318329
vt 0.708459 0.293629
vt 0.717561 0.302686
vt 0.708459 0.293629
vt 0.702174 0.318329
vt 0.708459 0.293629
vt 0.698258 0.287722
vt 0.694274 0.310545
vt 0.63446 0.078927
vt 0.637966 0.085816
vt 0.608955 0.098045
vt 0.612005 0.105022
vt 0.608955 0.098045
vt 0.637966 0.085816
vt 0.63446 0.078927
vt 0.664306 0.056739
vt 0.637966 0.085816
vt 0.669858 0.069739
vt 0.637966 0.085816
vt 0.664306 0.056739
vt 0.693627 0.059856
vt 0.669858 0.069739
vt 0.693505 0.044438
vt 0.664306 0.056739
vt 0.693505 0.044438
vt 0.669858 0.069739
vt 0.693627 0.059856
vt 0.693505 0.044438
vt 0.721944 0.056972
vt 0.722868 0.042364
vt 0.721944 0.056972
vt 0.693505 0.044438
vt 0.75225 0.042281
vt 0.750931 0.056592
vt 0.722868 0.042364
vt 0.721944 0.056972
vt 0.722868 0.042364
vt 0.750931 0.056592
vt 0.778317 0.043815
vt 0.778446 0.059778
vt 0.75225 0.042281
vt 0.750931 0.056592
vt 0.75225 0.042281
vt 0.778446 0.059778
vt 0.819303 0.04209
vt 0.822 0.057223
vt 0.792453 0.044122
vt 0.793761 0.060148
vt 0.792453 0.044122
vt 0.822 0.057223
vt 0.819303 0.04209
vt 0.849283 0.041754
vt 0.822 0.057223
vt 0.850749 0.057905
vt 0.822 0.057223
vt 0.849283 0.041754
vt 0.879611 0.043448
vt 0.880141 0.060357
vt 0.849283 0.041754
vt 0.850749 0.057905
vt 0.849283 0.041754
vt 0.880141 0.060357
vt 0.903824 0.066287
vt 0.880141 0.060357
vt 0.910049 0.049525
vt 0.879611 0.043448
vt 0.910049 0.049525
vt 0.880141 0.060357
vt 0.903824 0.066287
vt 0.910049 0.049525
vt 0.934978 0.082244
vt 0.942065 0.073676
vt 0.934978 0.082244
vt 0.910049 0.049525
vt 0.942065 0.073676
vt 0.965405 0.09413
vt 0.934978 0.082244
vt 0.961282 0.099436
vt 0.934978 0.082244
vt 0.965405 0.09413
vt 0.689923 0.333362
vt 0.695469 0.342874
vt 0.703481 0.319617
vt 0.706016 0.344247
vt 0.703481 0.319617
vt 0.695469 0.342874
vt 0.629193 0.036021
vt 0.664306 0.056739
vt 0.600693 0.050209
vt 0.63446 0.078927
vt 0.600693 0.050209
vt 0.664306 0.056739
vt 0.664306 0.056739
vt 0.629193 0.036021
vt 0.662428 0.024619
vt 0.631096 0.015724
vt 0.662428 0.024619
vt 0.629193 0.036021
vt 0.718226 0.334179
vt 0.703481 0.319617
vt 0.706016 0.344247
vt 0.608955 0.098045
vt 0.575494 0.07681
vt 0.63446 0.078927
vt 0.600693 0.050209
vt 0.63446 0.078927
vt 0.575494 0.07681
vt 0.728123 0.321833
vt 0.703481 0.319617
vt 0.718226 0.334179
vt 0.942065 0.073676
vt 0.974295 0.043866
vt 0.965405 0.09413
vt 0.995801 0.073607
vt 0.965405 0.09413
vt 0.974295 0.043866
vt 0.728123 0.321833
vt 0.726577 0.311324
vt 0.703481 0.319617
vt 0.71903 0.303806
vt 0.703481 0.319617
vt 0.726577 0.311324
vt 0.910049 0.049525
vt 0.91144 0.020318
vt 0.946259 0.031205
vt 0.94278 0.014113
vt 0.946259 0.031205
vt 0.91144 0.020318
vt 0.974295 0.043866
vt 0.942065 0.073676
vt 0.946259 0.031205
vt 0.910049 0.049525
vt 0.946259 0.031205
vt 0.942065 0.073676
vt 0.684459 0.256679
vt 0.681096 0.273695
vt 0.690612 0.242672
vt 0.69646 0.278021
vt 0.690612 0.242672
vt 0.681096 0.273695
vt 0.94278 0.014113
vt 0.97062 0.012799
vt 0.946259 0.031205
vt 0.970952 0.028565
vt 0.946259 0.031205
vt 0.97062 0.012799
vt 0.726577 0.311324
vt 0.728123 0.321833
vt 0.732885 0.32186
vt 0.736269 0.336519
vt 0.732885 0.32186
vt 0.728123 0.321833
vt 0.732761 0.348877
vt 0.736269 0.336519
vt 0.718226 0.334179
vt 0.728123 0.321833
vt 0.718226 0.334179
vt 0.736269 0.336519
vt 0.706016 0.344247
vt 0.695469 0.342874
vt 0.721884 0.355093
vt 0.705742 0.349392
vt 0.721884 0.355093
vt 0.695469 0.342874
vt 0.602942 0.011937
vt 0.631096 0.015724
vt 0.602446 0.029216
vt 0.629193 0.036021
vt 0.602446 0.029216
vt 0.631096 0.015724
vt 0.629193 0.036021
vt 0.600693 0.050209
vt 0.602446 0.029216
vt 0.690612 0.242672
vt 0.678365 0.209005
vt 0.684459 0.256679
vt 0.660065 0.229721
vt 0.684459 0.256679
vt 0.678365 0.209005
vt 0.693576 0.159306
vt 0.68296 0.1446
vt 0.677261 0.190492
vt 0.65638 0.169118
vt 0.677261 0.190492
vt 0.68296 0.1446
vt 0.706016 0.344247
vt 0.721884 0.355093
vt 0.718226 0.334179
vt 0.732761 0.348877
vt 0.718226 0.334179
vt 0.721884 0.355093
vt 0.982417 0.15844
vt 0.993955 0.159631
vt 0.982417 0.139866
vt 0.993955 0.141903
vt 0.982417 0.139866
vt 0.993955 0.159631
vt 0.993955 0.159631
vt 0.982417 0.15844
vt 0.993955 0.180059
vt 0.982417 0.179639
vt 0.993955 0.180059
vt 0.982417 0.15844
vt 0.982417 0.179639
vt 0.982417 0.199207
vt 0.993955 0.180059
vt 0.993955 0.199521
vt 0.993955 0.180059
vt 0.982417 0.199207
vt 0.982417 0.217347
vt 0.993955 0.217038
vt 0.982417 0.199207
vt 0.993955 0.199521
vt 0.982417 0.199207
vt 0.993955 0.217038
vt 0.993955 0.234344
vt 0.993955 0.217038
vt 0.982417 0.23517
vt 0.982417 0.217347
vt 0.982417 0.23517
vt 0.993955 0.217038
vt 0.982417 0.254029
vt 0.993955 0.253214
vt 0.982417 0.23517
vt 0.993955 0.234344
vt 0.982417 0.23517
vt 0.993955 0.253214
vt 0.993955 0.272555
vt 0.993955 0.253214
vt 0.982417 0.274324
vt 0.982417 0.254029
vt 0.982417 0.274324
vt 0.993955 0.253214
vt 0.982417 0.274324
vt 0.982417 0.291849
vt 0.993955 0.272555
vt 0.993955 0.289426
vt 0.993955 0.272555
vt 0.982417 0.291849
vt 0.906245 0.441112
vt 0.906287 0.439742
vt 0.896749 0.440297
vt 0.896922 0.438946
vt 0.896749 0.440297
vt 0.906287 0.439742
vt 0.896749 0.440297
vt 0.896922 0.438946
vt 0.888023 0.439678
vt 0.888104 0.43832
vt 0.888023 0.439678
vt 0.896922 0.438946
vt 0.878388 0.437846
vt 0.878319 0.439203
vt 0.888104 0.43832
vt 0.888023 0.439678
vt 0.888104 0.43832
vt 0.878319 0.439203
vt 0.869946 0.43884
vt 0.878319 0.439203
vt 0.869926 0.437478
vt 0.878388 0.437846
vt 0.869926 0.437478
vt 0.878319 0.439203
vt 0.861458 0.437356
vt 0.861567 0.438717
vt 0.869926 0.437478
vt 0.869946 0.43884
vt 0.869926 0.437478
vt 0.861567 0.438717
vt 0.851854 0.438941
vt 0.861567 0.438717
vt 0.851732 0.437575
vt 0.861458 0.437356
vt 0.851732 0.437575
vt 0.861567 0.438717
vt 0.851854 0.438941
vt 0.851732 0.437575
vt 0.843132 0.439618
vt 0.842918 0.438259
vt 0.843132 0.439618
vt 0.851732 0.437575
vt 0.833418 0.441112
vt 0.843132 0.439618
vt 0.833372 0.439694
vt 0.842918 0.438259
vt 0.833372 0.439694
vt 0.843132 0.439618
vt 0.910087 0.437021
vt 0.901768 0.43546
vt 0.901915 0.436775
vt 0.901768 0.43546
vt 0.89314 0.434496
vt 0.901915 0.436775
vt 0.892958 0.435685
vt 0.901915 0.436775
vt 0.89314 0.434496
vt 0.892958 0.435685
vt 0.89314 0.434496
vt 0.880296 0.434583
vt 0.880408 0.433292
vt 0.880296 0.434583
vt 0.89314 0.434496
vt 0.880296 0.434583
vt 0.880408 0.433292
vt 0.870993 0.434584
vt 0.871013 0.433244
vt 0.870993 0.434584
vt 0.880408 0.433292
vt 0.871013 0.433244
vt 0.861369 0.434075
vt 0.870993 0.434584
vt 0.861482 0.435317
vt 0.870993 0.434584
vt 0.861369 0.434075
vt 0.861482 0.435317
vt 0.861369 0.434075
vt 0.850343 0.436169
vt 0.850223 0.435054
vt 0.850343 0.436169
vt 0.861369 0.434075
vt 0.841489 0.435868
vt 0.841269 0.437021
vt 0.850223 0.435054
vt 0.850343 0.436169
vt 0.850223 0.435054
vt 0.841269 0.437021
vt 0.841489 0.435868
vt 0.833372 0.436607
vt 0.841269 0.437021
vt 0.626217 0.13012
vt 0.619813 0.117741
vt 0.647703 0.115259
vt 0.644215 0.10248
vt 0.647703 0.115259
vt 0.619813 0.117741
vt 0.954618 0.112225
vt 0.951495 0.125474
vt 0.929689 0.10131
vt 0.928143 0.114135
vt 0.929689 0.10131
vt 0.951495 0.125474
vt 0.928143 0.114135
vt 0.901046 0.10792
vt 0.929689 0.10131
vt 0.902853 0.095112
vt 0.929689 0.10131
vt 0.901046 0.10792
vt 0.877863 0.090399
vt 0.902853 0.095112
vt 0.876054 0.103505
vt 0.901046 0.10792
vt 0.876054 0.103505
vt 0.902853 0.095112
vt 0.850608 0.087216
vt 0.877863 0.090399
vt 0.848356 0.099615
vt 0.876054 0.103505
vt 0.848356 0.099615
vt 0.877863 0.090399
vt 0.850608 0.087216
vt 0.848356 0.099615
vt 0.823295 0.085803
vt 0.821723 0.097687
vt 0.823295 0.085803
vt 0.848356 0.099615
vt 0.823295 0.085803
vt 0.821723 0.097687
vt 0.797422 0.086671
vt 0.797919 0.098428
vt 0.797422 0.086671
vt 0.821723 0.097687
vt 0.775467 0.096152
vt 0.752155 0.096695
vt 0.776405 0.084717
vt 0.750964 0.084935
vt 0.776405 0.084717
vt 0.752155 0.096695
vt 0.750964 0.084935
vt 0.752155 0.096695
vt 0.723271 0.087013
vt 0.725521 0.09954
vt 0.723271 0.087013
vt 0.752155 0.096695
vt 0.725521 0.09954
vt 0.698077 0.102984
vt 0.723271 0.087013
vt 0.696042 0.090446
vt 0.723271 0.087013
vt 0.698077 0.102984
vt 0.671403 0.095116
vt 0.696042 0.090446
vt 0.673731 0.107311
vt 0.698077 0.102984
vt 0.673731 0.107311
vt 0.696042 0.090446
vt 0.671403 0.095116
vt 0.673731 0.107311
vt 0.644215 0.10248
vt 0.647703 0.115259
vt 0.644215 0.10248
vt 0.673731 0.107311
vt 0.902853 0.095112
vt 0.905183 0.084104
vt 0.929689 0.10131
vt 0.934154 0.092302
vt 0.929689 0.10131
vt 0.905183 0.084104
vt 0.905183 0.084104
vt 0.902853 0.095112
vt 0.879418 0.076806
vt 0.877863 0.090399
vt 0.879418 0.076806
vt 0.902853 0.095112
vt 0.879418 0.076806
vt 0.877863 0.090399
vt 0.849993 0.07392
vt 0.850608 0.087216
vt 0.849993 0.07392
vt 0.877863 0.090399
vt 0.850608 0.087216
vt 0.823295 0.085803
vt 0.849993 0.07392
vt 0.822084 0.072882
vt 0.849993 0.07392
vt 0.823295 0.085803
vt 0.797788 0.074571
vt 0.822084 0.072882
vt 0.797422 0.086671
vt 0.823295 0.085803
vt 0.797422 0.086671
vt 0.822084 0.072882
vt 0.750964 0.084935
vt 0.752219 0.0721
vt 0.776405 0.084717
vt 0.776255 0.073207
vt 0.776405 0.084717
vt 0.752219 0.0721
vt 0.752219 0.0721
vt 0.750964 0.084935
vt 0.724005 0.073907
vt 0.723271 0.087013
vt 0.724005 0.073907
vt 0.750964 0.084935
vt 0.724005 0.073907
vt 0.723271 0.087013
vt 0.694081 0.076706
vt 0.696042 0.090446
vt 0.694081 0.076706
vt 0.723271 0.087013
vt 0.696042 0.090446
vt 0.671403 0.095116
vt 0.694081 0.076706
vt 0.666715 0.084424
vt 0.694081 0.076706
vt 0.671403 0.095116
vt 0.636283 0.095194
vt 0.666715 0.084424
vt 0.644215 0.10248
vt 0.671403 0.095116
vt 0.644215 0.10248
vt 0.666715 0.084424
vt 0.614213 0.110416
vt 0.636283 0.095194
vt 0.619813 0.117741
vt 0.644215 0.10248
vt 0.619813 0.117741
vt 0.636283 0.095194
vt 0.934154 0.092302
vt 0.958416 0.104107
vt 0.929689 0.10131
vt 0.954618 0.112225
vt 0.929689 0.10131
vt 0.958416 0.104107
vt 0.934154 0.092302
vt 0.934978 0.082244
vt 0.958416 0.104107
vt 0.961282 0.099436
vt 0.958416 0.104107
vt 0.934978 0.082244
vt 0.636283 0.095194
vt 0.614213 0.110416
vt 0.637966 0.085816
vt 0.612005 0.105022
vt 0.637966 0.085816
vt 0.614213 0.110416
vt 0.636283 0.095194
vt 0.637966 0.085816
vt 0.666715 0.084424
vt 0.669858 0.069739
vt 0.666715 0.084424
vt 0.637966 0.085816
vt 0.694081 0.076706
vt 0.666715 0.084424
vt 0.693627 0.059856
vt 0.669858 0.069739
vt 0.693627 0.059856
vt 0.666715 0.084424
vt 0.721944 0.056972
vt 0.724005 0.073907
vt 0.693627 0.059856
vt 0.694081 0.076706
vt 0.693627 0.059856
vt 0.724005 0.073907
vt 0.752219 0.0721
vt 0.724005 0.073907
vt 0.750931 0.056592
vt 0.721944 0.056972
vt 0.750931 0.056592
vt 0.724005 0.073907
vt 0.776255 0.073207
vt 0.752219 0.0721
vt 0.778446 0.059778
vt 0.750931 0.056592
vt 0.778446 0.059778
vt 0.752219 0.0721
vt 0.793761 0.060148
vt 0.822 0.057223
vt 0.797788 0.074571
vt 0.822084 0.072882
vt 0.797788 0.074571
vt 0.822 0.057223
vt 0.822084 0.072882
vt 0.822 0.057223
vt 0.849993 0.07392
vt 0.850749 0.057905
vt 0.849993 0.07392
vt 0.822 0.057223
vt 0.880141 0.060357
vt 0.879418 0.076806
vt 0.850749 0.057905
vt 0.849993 0.07392
vt 0.850749 0.057905
vt 0.879418 0.076806
vt 0.879418 0.076806
vt 0.880141 0.060357
vt 0.905183 0.084104
vt 0.903824 0.066287
vt 0.905183 0.084104
vt 0.880141 0.060357
vt 0.905183 0.084104
vt 0.903824 0.066287
vt 0.934154 0.092302
vt 0.934978 0.082244
vt 0.934154 0.092302
vt 0.903824 0.066287
vt 0.729599 0.285457
vt 0.72736 0.242496
vt 0.718019 0.284528
vt 0.716259 0.237903
vt 0.718019 0.284528
vt 0.72736 0.242496
vt 0.970525 0.002671
vt 0.97062 0.012799
vt 0.94065 0.003769
vt 0.94278 0.014113
vt 0.94065 0.003769
vt 0.97062 0.012799
vt 0.913216 0.005932
vt 0.94065 0.003769
vt 0.91144 0.020318
vt 0.94278 0.014113
vt 0.91144 0.020318
vt 0.94065 0.003769
vt 0.913216 0.005932
vt 0.91144 0.020318
vt 0.881199 0.004523
vt 0.881111 0.019133
vt 0.881199 0.004523
vt 0.91144 0.020318
vt 0.85065 0.003071
vt 0.881199 0.004523
vt 0.849144 0.017418
vt 0.881111 0.019133
vt 0.849144 0.017418
vt 0.881199 0.004523
vt 0.817749 0.017093
vt 0.81706 0.002671
vt 0.849144 0.017418
vt 0.85065 0.003071
vt 0.849144 0.017418
vt 0.81706 0.002671
vt 0.788868 0.019668
vt 0.787643 0.004994
vt 0.817749 0.017093
vt 0.81706 0.002671
vt 0.817749 0.017093
vt 0.787643 0.004994
vt 0.755645 0.003948
vt 0.784173 0.005839
vt 0.754537 0.018004
vt 0.782721 0.019857
vt 0.754537 0.018004
vt 0.784173 0.005839
vt 0.755645 0.003948
vt 0.754537 0.018004
vt 0.722603 0.00449
vt 0.72371 0.018733
vt 0.722603 0.00449
vt 0.754537 0.018004
vt 0.72371 0.018733
vt 0.692959 0.020697
vt 0.722603 0.00449
vt 0.69288 0.006329
vt 0.722603 0.00449
vt 0.692959 0.020697
vt 0.69288 0.006329
vt 0.692959 0.020697
vt 0.660803 0.007877
vt 0.662428 0.024619
vt 0.660803 0.007877
vt 0.692959 0.020697
vt 0.632347 0.005776
vt 0.660803 0.007877
vt 0.631096 0.015724
vt 0.662428 0.024619
vt 0.631096 0.015724
vt 0.660803 0.007877
vt 0.632347 0.005776
vt 0.631096 0.015724
vt 0.6031 0.003948
vt 0.602942 0.011937
vt 0.6031 0.003948
vt 0.631096 0.015724
vt 0.730044 0.111398
vt 0.720822 0.111805
vt 0.727707 0.159482
vt 0.718276 0.163452
vt 0.727707 0.159482
vt 0.720822 0.111805
vt 0.718276 0.163452
vt 0.715488 0.199943
vt 0.727707 0.159482
vt 0.729773 0.196666
vt 0.727707 0.159482
vt 0.715488 0.199943
vt 0.715578 0.202064
vt 0.716259 0.237903
vt 0.728669 0.205798
vt 0.72736 0.242496
vt 0.728669 0.205798
vt 0.716259 0.237903
vt 0.703481 0.319617
vt 0.71903 0.303806
vt 0.702174 0.318329
vt 0.717561 0.302686
vt 0.702174 0.318329
vt 0.71903 0.303806
vt 0.688999 0.331689
vt 0.689923 0.333362
vt 0.702174 0.318329
vt 0.703481 0.319617
vt 0.702174 0.318329
vt 0.689923 0.333362
vt 0.965171 0.130484
vt 0.976018 0.131467
vt 0.965171 0.149904
vt 0.976018 0.15016
vt 0.965171 0.149904
vt 0.976018 0.131467
vt 0.965171 0.17481
vt 0.965171 0.149904
vt 0.976018 0.174772
vt 0.976018 0.15016
vt 0.976018 0.174772
vt 0.965171 0.149904
vt 0.976018 0.174772
vt 0.976018 0.195794
vt 0.965171 0.17481
vt 0.965171 0.196106
vt 0.965171 0.17481
vt 0.976018 0.195794
vt 0.976018 0.195794
vt 0.976018 0.216722
vt 0.965171 0.196106
vt 0.965171 0.216522
vt 0.965171 0.196106
vt 0.976018 0.216722
vt 0.976018 0.237506
vt 0.965171 0.236954
vt 0.976018 0.216722
vt 0.965171 0.216522
vt 0.976018 0.216722
vt 0.965171 0.236954
vt 0.965171 0.258184
vt 0.965171 0.236954
vt 0.976018 0.258275
vt 0.976018 0.237506
vt 0.976018 0.258275
vt 0.965171 0.236954
vt 0.965171 0.282939
vt 0.965171 0.258184
vt 0.976018 0.282774
vt 0.976018 0.258275
vt 0.976018 0.282774
vt 0.965171 0.258184
vt 0.976018 0.282774
vt 0.976018 0.301343
vt 0.965171 0.282939
vt 0.965171 0.302195
vt 0.965171 0.282939
vt 0.976018 0.301343
vt 0.974295 0.043866
vt 0.946259 0.031205
vt 0.970952 0.028565
vt 0.68296 0.1446
vt 0.693576 0.159306
vt 0.67645 0.123212
vt 0.697279 0.119109
vt 0.67645 0.123212
vt 0.693576 0.159306
vt 0.70072 0.115244
vt 0.697279 0.119109
vt 0.720067 0.10955
vt 0.720822 0.111805
vt 0.720067 0.10955
vt 0.697279 0.119109
vt 0.718019 0.284528
vt 0.69646 0.278021
vt 0.717355 0.286607
vt 0.699764 0.281709
vt 0.717355 0.286607
vt 0.69646 0.278021
vt 0.681096 0.273695
vt 0.681903 0.278474
vt 0.69646 0.278021
vt 0.699764 0.281709
vt 0.69646 0.278021
vt 0.681903 0.278474
vt 0.64661 0.256845
vt 0.645057 0.262358
vt 0.681096 0.273695
vt 0.681903 0.278474
vt 0.681096 0.273695
vt 0.645057 0.262358
vt 0.67645 0.123212
vt 0.676516 0.118447
vt 0.643094 0.140726
vt 0.641346 0.134548
vt 0.643094 0.140726
vt 0.676516 0.118447
vt 0.731655 0.285252
vt 0.729391 0.242526
vt 0.729599 0.285457
vt 0.72736 0.242496
vt 0.729599 0.285457
vt 0.729391 0.242526
vt 0.729599 0.285457
vt 0.718019 0.284528
vt 0.728942 0.287696
vt 0.717355 0.286607
vt 0.728942 0.287696
vt 0.718019 0.284528
vt 0.729548 0.159325
vt 0.732109 0.111608
vt 0.727707 0.159482
vt 0.730044 0.111398
vt 0.727707 0.159482
vt 0.732109 0.111608
vt 0.720067 0.10955
vt 0.720822 0.111805
vt 0.729517 0.108992
vt 0.730044 0.111398
vt 0.729517 0.108992
vt 0.720822 0.111805
vt 0.729548 0.159325
vt 0.727707 0.159482
vt 0.731662 0.195617
vt 0.729773 0.196666
vt 0.731662 0.195617
vt 0.727707 0.159482
vt 0.728669 0.205798
vt 0.72736 0.242496
vt 0.730587 0.206621
vt 0.729391 0.242526
vt 0.730587 0.206621
vt 0.72736 0.242496
vt 0.697279 0.119109
vt 0.70072 0.115244
vt 0.67645 0.123212
vt 0.676516 0.118447
vt 0.67645 0.123212
vt 0.70072 0.115244
vt 0.684459 0.256679
vt 0.660065 0.229721
vt 0.681096 0.273695
vt 0.64661 0.256845
vt 0.681096 0.273695
vt 0.660065 0.229721
vt 0.65638 0.169118
vt 0.68296 0.1446
vt 0.643094 0.140726
vt 0.67645 0.123212
vt 0.643094 0.140726
vt 0.68296 0.1446
vt 0.913576 0.457813
vt 0.93415 0.465462
vt 0.924012 0.433362
vt 0.944585 0.440091
vt 0.924012 0.433362
vt 0.93415 0.465462
vt 0.951765 0.414528
vt 0.930787 0.409895
vt 0.944585 0.440091
vt 0.924012 0.433362
vt 0.944585 0.440091
vt 0.930787 0.409895
vt 0.930787 0.409895
vt 0.951765 0.414528
vt 0.934848 0.385809
vt 0.956371 0.388378
vt 0.934848 0.385809
vt 0.951765 0.414528
vt 0.934848 0.385809
vt 0.956371 0.388378
vt 0.935912 0.359245
vt 0.957845 0.360986
vt 0.935912 0.359245
vt 0.956371 0.388378
vt 0.957845 0.360986
vt 0.955078 0.328529
vt 0.935912 0.359245
vt 0.933221 0.328439
vt 0.935912 0.359245
vt 0.955078 0.328529
vt 0.950276 0.303288
vt 0.928284 0.301558
vt 0.955078 0.328529
vt 0.933221 0.328439
vt 0.955078 0.328529
vt 0.928284 0.301558
vt 0.882315 0.506901
vt 0.902938 0.514585
vt 0.89807 0.484569
vt 0.917872 0.493677
vt 0.89807 0.484569
vt 0.902938 0.514585
vt 0.93415 0.465462
vt 0.913576 0.457813
vt 0.917872 0.493677
vt 0.89807 0.484569
vt 0.917872 0.493677
vt 0.913576 0.457813
vt 0.993095 0.397169
vt 0.99525 0.36921
vt 0.961437 0.393984
vt 0.963047 0.368089
vt 0.961437 0.393984
vt 0.99525 0.36921
vt 0.961437 0.393984
vt 0.957179 0.417901
vt 0.993095 0.397169
vt 0.98807 0.424699
vt 0.993095 0.397169
vt 0.957179 0.417901
vt 0.95066 0.441304
vt 0.980676 0.45169
vt 0.957179 0.417901
vt 0.98807 0.424699
vt 0.957179 0.417901
vt 0.980676 0.45169
vt 0.95066 0.441304
vt 0.940961 0.465367
vt 0.980676 0.45169
vt 0.970565 0.477844
vt 0.980676 0.45169
vt 0.940961 0.465367
vt 0.927327 0.490245
vt 0.954342 0.507354
vt 0.940961 0.465367
vt 0.970565 0.477844
vt 0.940961 0.465367
vt 0.954342 0.507354
vt 0.927327 0.490245
vt 0.913922 0.509337
vt 0.954342 0.507354
vt 0.940069 0.527426
vt 0.954342 0.507354
vt 0.913922 0.509337
vt 0.99305 0.335608
vt 0.988443 0.311414
vt 0.961234 0.339777
vt 0.957017 0.316834
vt 0.961234 0.339777
vt 0.988443 0.311414
vt 0.99305 0.335608
vt 0.961234 0.339777
vt 0.99525 0.36921
vt 0.963047 0.368089
vt 0.99525 0.36921
vt 0.961234 0.339777
vt 0.996201 0.160037
vt 0.996201 0.142311
vt 0.993955 0.159631
vt 0.993955 0.141903
vt 0.993955 0.159631
vt 0.996201 0.142311
vt 0.982417 0.15844
vt 0.982417 0.139866
vt 0.980284 0.158303
vt 0.980284 0.139585
vt 0.980284 0.158303
vt 0.982417 0.139866
vt 0.996201 0.180336
vt 0.996201 0.160037
vt 0.993955 0.180059
vt 0.993955 0.159631
vt 0.993955 0.180059
vt 0.996201 0.160037
vt 0.980284 0.179677
vt 0.982417 0.179639
vt 0.980284 0.158303
vt 0.982417 0.15844
vt 0.980284 0.158303
vt 0.982417 0.179639
vt 0.996201 0.199645
vt 0.996201 0.180336
vt 0.993955 0.199521
vt 0.993955 0.180059
vt 0.993955 0.199521
vt 0.996201 0.180336
vt 0.982417 0.199207
vt 0.982417 0.179639
vt 0.980284 0.1992
vt 0.980284 0.179677
vt 0.980284 0.1992
vt 0.982417 0.179639
vt 0.993955 0.199521
vt 0.993955 0.217038
vt 0.996201 0.199645
vt 0.996201 0.217106
vt 0.996201 0.199645
vt 0.993955 0.217038
vt 0.982417 0.199207
vt 0.980284 0.1992
vt 0.982417 0.217347
vt 0.980284 0.217401
vt 0.982417 0.217347
vt 0.980284 0.1992
vt 0.993955 0.234344
vt 0.996201 0.234308
vt 0.993955 0.217038
vt 0.996201 0.217106
vt 0.993955 0.217038
vt 0.996201 0.234308
vt 0.982417 0.23517
vt 0.982417 0.217347
vt 0.980284 0.235319
vt 0.980284 0.217401
vt 0.980284 0.235319
vt 0.982417 0.217347
vt 0.993955 0.234344
vt 0.993955 0.253214
vt 0.996201 0.234308
vt 0.996201 0.253022
vt 0.996201 0.234308
vt 0.993955 0.253214
vt 0.980284 0.254288
vt 0.982417 0.254029
vt 0.980284 0.235319
vt 0.982417 0.23517
vt 0.980284 0.235319
vt 0.982417 0.254029
vt 0.996201 0.253022
vt 0.993955 0.253214
vt 0.996201 0.27205
vt 0.993955 0.272555
vt 0.996201 0.27205
vt 0.993955 0.253214
vt 0.980284 0.274594
vt 0.982417 0.274324
vt 0.980284 0.254288
vt 0.982417 0.254029
vt 0.980284 0.254288
vt 0.982417 0.274324
vt 0.996201 0.288851
vt 0.996201 0.27205
vt 0.993955 0.289426
vt 0.993955 0.272555
vt 0.993955 0.289426
vt 0.996201 0.27205
vt 0.980284 0.292002
vt 0.982417 0.291849
vt 0.980284 0.274594
vt 0.982417 0.274324
vt 0.980284 0.274594
vt 0.982417 0.291849
vt 0.976018 0.15016
vt 0.976018 0.131467
vt 0.978193 0.150034
vt 0.978193 0.131253
vt 0.978193 0.150034
vt 0.976018 0.131467
vt 0.962911 0.130936
vt 0.965171 0.130484
vt 0.962911 0.150341
vt 0.965171 0.149904
vt 0.962911 0.150341
vt 0.965171 0.130484
vt 0.976018 0.174772
vt 0.976018 0.15016
vt 0.978193 0.174612
vt 0.978193 0.150034
vt 0.978193 0.174612
vt 0.976018 0.15016
vt 0.965171 0.149904
vt 0.965171 0.17481
vt 0.962911 0.150341
vt 0.962911 0.174953
vt 0.962911 0.150341
vt 0.965171 0.17481
vt 0.976018 0.195794
vt 0.976018 0.174772
vt 0.978193 0.19573
vt 0.978193 0.174612
vt 0.978193 0.19573
vt 0.976018 0.174772
vt 0.965171 0.196106
vt 0.962911 0.196184
vt 0.965171 0.17481
vt 0.962911 0.174953
vt 0.965171 0.17481
vt 0.962911 0.196184
vt 0.976018 0.195794
vt 0.978193 0.19573
vt 0.976018 0.216722
vt 0.978193 0.216729
vt 0.976018 0.216722
vt 0.978193 0.19573
vt 0.965171 0.196106
vt 0.965171 0.216522
vt 0.962911 0.196184
vt 0.962911 0.216553
vt 0.962911 0.196184
vt 0.965171 0.216522
vt 0.976018 0.237506
vt 0.976018 0.216722
vt 0.978193 0.237617
vt 0.978193 0.216729
vt 0.978193 0.237617
vt 0.976018 0.216722
vt 0.965171 0.216522
vt 0.965171 0.236954
vt 0.962911 0.216553
vt 0.962911 0.236885
vt 0.962911 0.216553
vt 0.965171 0.236954
vt 0.978193 0.237617
vt 0.978193 0.258567
vt 0.976018 0.237506
vt 0.976018 0.258275
vt 0.976018 0.237506
vt 0.978193 0.258567
vt 0.965171 0.236954
vt 0.965171 0.258184
vt 0.962911 0.236885
vt 0.962911 0.258073
vt 0.962911 0.236885
vt 0.965171 0.258184
vt 0.976018 0.258275
vt 0.978193 0.258567
vt 0.976018 0.282774
vt 0.978193 0.283018
vt 0.976018 0.282774
vt 0.978193 0.258567
vt 0.962911 0.282556
vt 0.962911 0.258073
vt 0.965171 0.282939
vt 0.965171 0.258184
vt 0.965171 0.282939
vt 0.962911 0.258073
vt 0.976018 0.282774
vt 0.978193 0.283018
vt 0.976018 0.301343
vt 0.978193 0.301483
vt 0.976018 0.301343
vt 0.978193 0.283018
vt 0.962911 0.282556
vt 0.965171 0.282939
vt 0.962911 0.301711
vt 0.965171 0.302195
vt 0.962911 0.301711
vt 0.965171 0.282939
vt 0.908742 0.872485
vt 0.936851 0.870965
vt 0.904818 0.8394
vt 0.929692 0.833244
vt 0.904818 0.8394
vt 0.936851 0.870965
vt 0.991489 0.863586
vt 0.979377 0.811365
vt 0.936851 0.870965
vt 0.929692 0.833244
vt 0.936851 0.870965
vt 0.979377 0.811365
vt 0.941226 0.947995
vt 0.994881 0.940847
vt 0.941144 0.915214
vt 0.998173 0.907807
vt 0.941144 0.915214
vt 0.994881 0.940847
vt 0.941226 0.947995
vt 0.941144 0.915214
vt 0.908578 0.948792
vt 0.910952 0.916421
vt 0.908578 0.948792
vt 0.941144 0.915214
vt 0.998173 0.907807
vt 0.991489 0.863586
vt 0.941144 0.915214
vt 0.936851 0.870965
vt 0.941144 0.915214
vt 0.991489 0.863586
vt 0.941144 0.915214
vt 0.936851 0.870965
vt 0.910952 0.916421
vt 0.908742 0.872485
vt 0.910952 0.916421
vt 0.936851 0.870965
vt 0.941226 0.947995
vt 0.934444 0.99994
vt 0.994881 0.940847
vt 0.986795 0.976509
vt 0.994881 0.940847
vt 0.934444 0.99994
vt 0.828929 0.907177
vt 0.825287 0.887115
vt 0.844489 0.905724
vt 0.838402 0.883025
vt 0.844489 0.905724
vt 0.825287 0.887115
vt 0.876145 0.900318
vt 0.844489 0.905724
vt 0.867767 0.868779
vt 0.838402 0.883025
vt 0.867767 0.868779
vt 0.844489 0.905724
vt 0.879436 0.947156
vt 0.846789 0.952907
vt 0.881119 0.927045
vt 0.847132 0.932618
vt 0.881119 0.927045
vt 0.846789 0.952907
vt 0.846789 0.952907
vt 0.83006 0.954789
vt 0.847132 0.932618
vt 0.830817 0.934113
vt 0.847132 0.932618
vt 0.83006 0.954789
vt 0.881119 0.927045
vt 0.847132 0.932618
vt 0.876145 0.900318
vt 0.844489 0.905724
vt 0.876145 0.900318
vt 0.847132 0.932618
vt 0.847132 0.932618
vt 0.830817 0.934113
vt 0.844489 0.905724
vt 0.828929 0.907177
vt 0.844489 0.905724
vt 0.830817 0.934113
vt 0.875438 0.9686
vt 0.848193 0.978339
vt 0.879436 0.947156
vt 0.846789 0.952907
vt 0.879436 0.947156
vt 0.848193 0.978339
vt 0.848193 0.978339
vt 0.827913 0.986666
vt 0.846789 0.952907
vt 0.83006 0.954789
vt 0.846789 0.952907
vt 0.827913 0.986666
vt 0.763934 0.987738
vt 0.751364 0.987738
vt 0.763669 0.998952
vt 0.749409 0.998952
vt 0.763669 0.998952
vt 0.751364 0.987738
vt 0.763669 0.998952
vt 0.792736 0.998952
vt 0.763934 0.987738
vt 0.792173 0.987738
vt 0.763934 0.987738
vt 0.792736 0.998952
vt 0.792173 0.987738
vt 0.792736 0.998952
vt 0.822535 0.987738
vt 0.823093 0.998952
vt 0.822535 0.987738
vt 0.792736 0.998952
vt 0.848493 0.998952
vt 0.867344 0.998952
vt 0.847763 0.987738
vt 0.866609 0.987738
vt 0.847763 0.987738
vt 0.867344 0.998952
vt 0.847763 0.987738
vt 0.822535 0.987738
vt 0.848493 0.998952
vt 0.823093 0.998952
vt 0.848493 0.998952
vt 0.822535 0.987738
vt 0.888097 0.998952
vt 0.88672 0.987738
vt 0.867344 0.998952
vt 0.866609 0.987738
vt 0.867344 0.998952
vt 0.88672 0.987738
vt 0.88672 0.987738
vt 0.888097 0.998952
vt 0.91302 0.987738
vt 0.919461 0.998952
vt 0.91302 0.987738
vt 0.888097 0.998952
vt 0.908578 0.948792
vt 0.910952 0.916421
vt 0.881719 0.949316
vt 0.883653 0.917366
vt 0.881719 0.949316
vt 0.910952 0.916421
vt 0.883653 0.917366
vt 0.910952 0.916421
vt 0.883172 0.873784
vt 0.908742 0.872485
vt 0.883172 0.873784
vt 0.910952 0.916421
vt 0.88223 0.844969
vt 0.883172 0.873784
vt 0.904818 0.8394
vt 0.908742 0.872485
vt 0.904818 0.8394
vt 0.883172 0.873784
vt 0.751364 0.987738
vt 0.739954 0.987738
vt 0.749409 0.998952
vt 0.736464 0.998952
vt 0.749409 0.998952
vt 0.739954 0.987738
vt 0.813391 0.89081
vt 0.825287 0.887115
vt 0.814792 0.908462
vt 0.828929 0.907177
vt 0.814792 0.908462
vt 0.825287 0.887115
vt 0.828929 0.907177
vt 0.830817 0.934113
vt 0.814792 0.908462
vt 0.816157 0.935467
vt 0.814792 0.908462
vt 0.830817 0.934113
vt 0.83006 0.954789
vt 0.815954 0.956028
vt 0.830817 0.934113
vt 0.816157 0.935467
vt 0.830817 0.934113
vt 0.815954 0.956028
vt 0.827913 0.986666
vt 0.815145 0.986638
vt 0.83006 0.954789
vt 0.815954 0.956028
vt 0.83006 0.954789
vt 0.815145 0.986638
vt 0.902592 0.979509
vt 0.908578 0.948792
vt 0.878751 0.970655
vt 0.881719 0.949316
vt 0.878751 0.970655
vt 0.908578 0.948792
vt 0.908578 0.948792
vt 0.902592 0.979509
vt 0.941226 0.947995
vt 0.934444 0.99994
vt 0.941226 0.947995
vt 0.902592 0.979509
vt 0.929692 0.833244
vt 0.936851 0.870965
vt 0.904818 0.8394
vt 0.908742 0.872485
vt 0.904818 0.8394
vt 0.936851 0.870965
vt 0.979377 0.811365
vt 0.991489 0.863586
vt 0.929692 0.833244
vt 0.936851 0.870965
vt 0.929692 0.833244
vt 0.991489 0.863586
vt 0.998173 0.907807
vt 0.994881 0.940847
vt 0.941144 0.915214
vt 0.941226 0.947995
vt 0.941144 0.915214
vt 0.994881 0.940847
vt 0.908578 0.948792
vt 0.910952 0.916421
vt 0.941226 0.947995
vt 0.941144 0.915214
vt 0.941226 0.947995
vt 0.910952 0.916421
vt 0.998173 0.907807
vt 0.941144 0.915214
vt 0.991489 0.863586
vt 0.936851 0.870965
vt 0.991489 0.863586
vt 0.941144 0.915214
vt 0.941144 0.915214
vt 0.910952 0.916421
vt 0.936851 0.870965
vt 0.908742 0.872485
vt 0.936851 0.870965
vt 0.910952 0.916421
vt 0.934444 0.99994
vt 0.941226 0.947995
vt 0.986795 0.976509
vt 0.994881 0.940847
vt 0.986795 0.976509
vt 0.941226 0.947995
vt 0.825287 0.887115
vt 0.828929 0.907177
vt 0.838402 0.883025
vt 0.844489 0.905724
vt 0.838402 0.883025
vt 0.828929 0.907177
vt 0.844489 0.905724
vt 0.876145 0.900318
vt 0.838402 0.883025
vt 0.867767 0.868779
vt 0.838402 0.883025
vt 0.876145 0.900318
vt 0.846789 0.952907
vt 0.879436 0.947156
vt 0.847132 0.932618
vt 0.881119 0.927045
vt 0.847132 0.932618
vt 0.879436 0.947156
vt 0.830817 0.934113
vt 0.83006 0.954789
vt 0.847132 0.932618
vt 0.846789 0.952907
vt 0.847132 0.932618
vt 0.83006 0.954789
vt 0.847132 0.932618
vt 0.881119 0.927045
vt 0.844489 0.905724
vt 0.876145 0.900318
vt 0.844489 0.905724
vt 0.881119 0.927045
vt 0.830817 0.934113
vt 0.847132 0.932618
vt 0.828929 0.907177
vt 0.844489 0.905724
vt 0.828929 0.907177
vt 0.847132 0.932618
vt 0.848193 0.978339
vt 0.875438 0.9686
vt 0.846789 0.952907
vt 0.879436 0.947156
vt 0.846789 0.952907
vt 0.875438 0.9686
vt 0.827913 0.986666
vt 0.848193 0.978339
vt 0.83006 0.954789
vt 0.846789 0.952907
vt 0.83006 0.954789
vt 0.848193 0.978339
vt 0.763669 0.998952
vt 0.749409 0.998952
vt 0.763934 0.987738
vt 0.751364 0.987738
vt 0.763934 0.987738
vt 0.749409 0.998952
vt 0.792173 0.987738
vt 0.792736 0.998952
vt 0.763934 0.987738
vt 0.763669 0.998952
vt 0.763934 0.987738
vt 0.792736 0.998952
vt 0.792736 0.998952
vt 0.792173 0.987738
vt 0.823093 0.998952
vt 0.822535 0.987738
vt 0.823093 0.998952
vt 0.792173 0.987738
vt 0.848493 0.998952
vt 0.847763 0.987738
vt 0.867344 0.998952
vt 0.866609 0.987738
vt 0.867344 0.998952
vt 0.847763 0.987738
vt 0.847763 0.987738
vt 0.848493 0.998952
vt 0.822535 0.987738
vt 0.823093 0.998952
vt 0.822535 0.987738
vt 0.848493 0.998952
vt 0.888097 0.998952
vt 0.867344 0.998952
vt 0.88672 0.987738
vt 0.866609 0.987738
vt 0.88672 0.987738
vt 0.867344 0.998952
vt 0.888097 0.998952
vt 0.88672 0.987738
vt 0.919461 0.998952
vt 0.91302 0.987738
vt 0.919461 0.998952
vt 0.88672 0.987738
vt 0.881719 0.949316
vt 0.883653 0.917366
vt 0.908578 0.948792
vt 0.910952 0.916421
vt 0.908578 0.948792
vt 0.883653 0.917366
vt 0.883172 0.873784
vt 0.908742 0.872485
vt 0.883653 0.917366
vt 0.910952 0.916421
vt 0.883653 0.917366
vt 0.908742 0.872485
vt 0.88223 0.844969
vt 0.904818 0.8394
vt 0.883172 0.873784
vt 0.908742 0.872485
vt 0.883172 0.873784
vt 0.904818 0.8394
vt 0.736464 0.998952
vt 0.739954 0.987738
vt 0.749409 0.998952
vt 0.751364 0.987738
vt 0.749409 0.998952
vt 0.739954 0.987738
vt 0.814792 0.908462
vt 0.828929 0.907177
vt 0.813391 0.89081
vt 0.825287 0.887115
vt 0.813391 0.89081
vt 0.828929 0.907177
vt 0.830817 0.934113
vt 0.828929 0.907177
vt 0.816157 0.935467
vt 0.814792 0.908462
vt 0.816157 0.935467
vt 0.828929 0.907177
vt 0.815954 0.956028
vt 0.83006 0.954789
vt 0.816157 0.935467
vt 0.830817 0.934113
vt 0.816157 0.935467
vt 0.83006 0.954789
vt 0.83006 0.954789
vt 0.815954 0.956028
vt 0.827913 0.986666
vt 0.815145 0.986638
vt 0.827913 0.986666
vt 0.815954 0.956028
vt 0.902592 0.979509
vt 0.878751 0.970655
vt 0.908578 0.948792
vt 0.881719 0.949316
vt 0.908578 0.948792
vt 0.878751 0.970655
vt 0.902592 0.979509
vt 0.908578 0.948792
vt 0.934444 0.99994
vt 0.941226 0.947995
vt 0.934444 0.99994
vt 0.908578 0.948792
vt 0.716736 0.987738
vt 0.716736 0.998952
vt 0.739954 0.987738
vt 0.736464 0.998952
vt 0.739954 0.987738
vt 0.716736 0.998952
vt 0.739954 0.987738
vt 0.716736 0.987738
vt 0.736464 0.998952
vt 0.716736 0.998952
vt 0.736464 0.998952
vt 0.716736 0.987738
vt 0.739954 0.987738
vt 0.716736 0.987738
vt 0.736464 0.998952
vt 0.716736 0.998952
vt 0.736464 0.998952
vt 0.716736 0.987738
vt 0.739954 0.987738
vt 0.716736 0.987738
vt 0.736464 0.998952
vt 0.716736 0.998952
vt 0.736464 0.998952
vt 0.716736 0.987738
vt 0.864583 0.604107
vt 0.938613 0.620772
vt 0.937387 0.636569
vt 0.864583 0.604107
vt 0.937571 0.604706
vt 0.938613 0.620772
vt 0.864583 0.604107
vt 0.936619 0.588644
vt 0.937571 0.604706
vt 0.864583 0.604107
vt 0.935017 0.570847
vt 0.936619 0.588644
vt 0.864583 0.604107
vt 0.932388 0.556174
vt 0.935017 0.570847
vt 0.864583 0.604107
vt 0.925622 0.543569
vt 0.932388 0.556174
vt 0.864583 0.604107
vt 0.934655 0.651587
vt 0.928829 0.665166
vt 0.864583 0.604107
vt 0.937387 0.636569
vt 0.934655 0.651587
vt 0.937387 0.636569
vt 0.938613 0.620772
vt 0.993531 0.648244
vt 0.996375 0.627782
vt 0.993531 0.648244
vt 0.938613 0.620772
vt 0.937571 0.604706
vt 0.995286 0.60199
vt 0.938613 0.620772
vt 0.996375 0.627782
vt 0.938613 0.620772
vt 0.995286 0.60199
vt 0.936619 0.588644
vt 0.99527 0.578351
vt 0.937571 0.604706
vt 0.995286 0.60199
vt 0.937571 0.604706
vt 0.99527 0.578351
vt 0.936619 0.588644
vt 0.935017 0.570847
vt 0.99527 0.578351
vt 0.99337 0.556733
vt 0.99527 0.578351
vt 0.935017 0.570847
vt 0.99337 0.556733
vt 0.935017 0.570847
vt 0.986427 0.534464
vt 0.932388 0.556174
vt 0.986427 0.534464
vt 0.935017 0.570847
vt 0.925622 0.543569
vt 0.974795 0.515283
vt 0.932388 0.556174
vt 0.986427 0.534464
vt 0.932388 0.556174
vt 0.974795 0.515283
vt 0.928829 0.665166
vt 0.934655 0.651587
vt 0.976735 0.689936
vt 0.987179 0.670084
vt 0.976735 0.689936
vt 0.934655 0.651587
vt 0.987179 0.670084
vt 0.934655 0.651587
vt 0.993531 0.648244
vt 0.937387 0.636569
vt 0.993531 0.648244
vt 0.934655 0.651587
vt 0.864583 0.604107
vt 0.938613 0.620772
vt 0.937387 0.636569
vt 0.864583 0.604107
vt 0.937571 0.604706
vt 0.938613 0.620772
vt 0.864583 0.604107
vt 0.936619 0.588644
vt 0.937571 0.604706
vt 0.864583 0.604107
vt 0.935017 0.570847
vt 0.936619 0.588644
vt 0.864583 0.604107
vt 0.932388 0.556174
vt 0.935017 0.570847
vt 0.864583 0.604107
vt 0.925622 0.543569
vt 0.932388 0.556174
vt 0.864583 0.604107
vt 0.934655 0.651587
vt 0.928829 0.665166
vt 0.864583 0.604107
vt 0.937387 0.636569
vt 0.934655 0.651587
vt 0.937387 0.636569
vt 0.938613 0.620772
vt 0.993531 0.648244
vt 0.996375 0.627782
vt 0.993531 0.648244
vt 0.938613 0.620772
vt 0.995286 0.60199
vt 0.996375 0.627782
vt 0.937571 0.604706
vt 0.938613 0.620772
vt 0.937571 0.604706
vt 0.996375 0.627782
vt 0.936619 0.588644
vt 0.99527 0.578351
vt 0.937571 0.604706
vt 0.995286 0.60199
vt 0.937571 0.604706
vt 0.99527 0.578351
vt 0.935017 0.570847
vt 0.99337 0.556733
vt 0.936619 0.588644
vt 0.99527 0.578351
vt 0.936619 0.588644
vt 0.99337 0.556733
vt 0.932388 0.556174
vt 0.986427 0.534464
vt 0.935017 0.570847
vt 0.99337 0.556733
vt 0.935017 0.570847
vt 0.986427 0.534464
vt 0.925622 0.543569
vt 0.974795 0.515283
vt 0.932388 0.556174
vt 0.986427 0.534464
vt 0.932388 0.556174
vt 0.974795 0.515283
vt 0.934655 0.651587
vt 0.987179 0.670084
vt 0.928829 0.665166
vt 0.976735 0.689936
vt 0.928829 0.665166
vt 0.987179 0.670084
vt 0.937387 0.636569
vt 0.993531 0.648244
vt 0.934655 0.651587
vt 0.987179 0.670084
vt 0.934655 0.651587
vt 0.993531 0.648244
vt 0.864583 0.604107
vt 0.938613 0.620772
vt 0.937387 0.636569
vt 0.864583 0.604107
vt 0.937571 0.604706
vt 0.938613 0.620772
vt 0.864583 0.604107
vt 0.936619 0.588644
vt 0.937571 0.604706
vt 0.864583 0.604107
vt 0.935017 0.570847
vt 0.936619 0.588644
vt 0.864583 0.604107
vt 0.932388 0.556174
vt 0.935017 0.570847
vt 0.864583 0.604107
vt 0.925622 0.543569
vt 0.932388 0.556174
vt 0.864583 0.604107
vt 0.934655 0.651587
vt 0.928829 0.665166
vt 0.864583 0.604107
vt 0.937387 0.636569
vt 0.934655 0.651587
vt 0.938613 0.620772
vt 0.996375 0.627782
vt 0.937387 0.636569
vt 0.993531 0.648244
vt 0.937387 0.636569
vt 0.996375 0.627782
vt 0.995286 0.60199
vt 0.996375 0.627782
vt 0.937571 0.604706
vt 0.938613 0.620772
vt 0.937571 0.604706
vt 0.996375 0.627782
vt 0.936619 0.588644
vt 0.99527 0.578351
vt 0.937571 0.604706
vt 0.995286 0.60199
vt 0.937571 0.604706
vt 0.99527 0.578351
vt 0.935017 0.570847
vt 0.99337 0.556733
vt 0.936619 0.588644
vt 0.99527 0.578351
vt 0.936619 0.588644
vt 0.99337 0.556733
vt 0.932388 0.556174
vt 0.986427 0.534464
vt 0.935017 0.570847
vt 0.99337 0.556733
vt 0.935017 0.570847
vt 0.986427 0.534464
vt 0.925622 0.543569
vt 0.974795 0.515283
vt 0.932388 0.556174
vt 0.986427 0.534464
vt 0.932388 0.556174
vt 0.974795 0.515283
vt 0.928829 0.665166
vt 0.934655 0.651587
vt 0.976735 0.689936
vt 0.987179 0.670084
vt 0.976735 0.689936
vt 0.934655 0.651587
vt 0.987179 0.670084
vt 0.934655 0.651587
vt 0.993531 0.648244
vt 0.937387 0.636569
vt 0.993531 0.648244
vt 0.934655 0.651587
vt 0.937387 0.636569
vt 0.938613 0.620772
vt 0.864583 0.604107
vt 0.938613 0.620772
vt 0.937571 0.604706
vt 0.864583 0.604107
vt 0.937571 0.604706
vt 0.936619 0.588644
vt 0.864583 0.604107
vt 0.936619 0.588644
vt 0.935017 0.570847
vt 0.864583 0.604107
vt 0.935017 0.570847
vt 0.932388 0.556174
vt 0.864583 0.604107
vt 0.932388 0.556174
vt 0.925622 0.543569
vt 0.864583 0.604107
vt 0.928829 0.665166
vt 0.934655 0.651587
vt 0.864583 0.604107
vt 0.934655 0.651587
vt 0.937387 0.636569
vt 0.864583 0.604107
vt 0.937387 0.636569
vt 0.993531 0.648244
vt 0.938613 0.620772
vt 0.996375 0.627782
vt 0.938613 0.620772
vt 0.993531 0.648244
vt 0.995286 0.60199
vt 0.937571 0.604706
vt 0.996375 0.627782
vt 0.938613 0.620772
vt 0.996375 0.627782
vt 0.937571 0.604706
vt 0.99527 0.578351
vt 0.936619 0.588644
vt 0.995286 0.60199
vt 0.937571 0.604706
vt 0.995286 0.60199
vt 0.936619 0.588644
vt 0.99527 0.578351
vt 0.99337 0.556733
vt 0.936619 0.588644
vt 0.935017 0.570847
vt 0.936619 0.588644
vt 0.99337 0.556733
vt 0.99337 0.556733
vt 0.986427 0.534464
vt 0.935017 0.570847
vt 0.932388 0.556174
vt 0.935017 0.570847
vt 0.986427 0.534464
vt 0.986427 0.534464
vt 0.974795 0.515283
vt 0.932388 0.556174
vt 0.925622 0.543569
vt 0.932388 0.556174
vt 0.974795 0.515283
vt 0.976735 0.689936
vt 0.987179 0.670084
vt 0.928829 0.665166
vt 0.934655 0.651587
vt 0.928829 0.665166
vt 0.987179 0.670084
vt 0.937387 0.636569
vt 0.934655 0.651587
vt 0.993531 0.648244
vt 0.987179 0.670084
vt 0.993531 0.648244
vt 0.934655 0.651587
vt 0.937387 0.636569
vt 0.938613 0.620772
vt 0.864583 0.604107
vt 0.938613 0.620772
vt 0.937571 0.604706
vt 0.864583 0.604107
vt 0.937571 0.604706
vt 0.936619 0.588644
vt 0.864583 0.604107
vt 0.936619 0.588644
vt 0.935017 0.570847
vt 0.864583 0.604107
vt 0.935017 0.570847
vt 0.932388 0.556174
vt 0.864583 0.604107
vt 0.932388 0.556174
vt 0.925622 0.543569
vt 0.864583 0.604107
vt 0.928829 0.665166
vt 0.934655 0.651587
vt 0.864583 0.604107
vt 0.934655 0.651587
vt 0.937387 0.636569
vt 0.864583 0.604107
vt 0.996375 0.627782
vt 0.938613 0.620772
vt 0.993531 0.648244
vt 0.937387 0.636569
vt 0.993531 0.648244
vt 0.938613 0.620772
vt 0.996375 0.627782
vt 0.995286 0.60199
vt 0.938613 0.620772
vt 0.937571 0.604706
vt 0.938613 0.620772
vt 0.995286 0.60199
vt 0.99527 0.578351
vt 0.936619 0.588644
vt 0.995286 0.60199
vt 0.937571 0.604706
vt 0.995286 0.60199
vt 0.936619 0.588644
vt 0.935017 0.570847
vt 0.936619 0.588644
vt 0.99337 0.556733
vt 0.99527 0.578351
vt 0.99337 0.556733
vt 0.936619 0.588644
vt 0.986427 0.534464
vt 0.932388 0.556174
vt 0.99337 0.556733
vt 0.935017 0.570847
vt 0.99337 0.556733
vt 0.932388 0.556174
vt 0.974795 0.515283
vt 0.925622 0.543569
vt 0.986427 0.534464
vt 0.932388 0.556174
vt 0.986427 0.534464
vt 0.925622 0.543569
vt 0.987179 0.670084
vt 0.934655 0.651587
vt 0.976735 0.689936
vt 0.928829 0.665166
vt 0.976735 0.689936
vt 0.934655 0.651587
vt 0.937387 0.636569
vt 0.934655 0.651587
vt 0.993531 0.648244
vt 0.987179 0.670084
vt 0.993531 0.648244
vt 0.934655 0.651587
vt 0.864583 0.604107
vt 0.938613 0.620772
vt 0.937387 0.636569
vt 0.864583 0.604107
vt 0.937571 0.604706
vt 0.938613 0.620772
vt 0.864583 0.604107
vt 0.936619 0.588644
vt 0.937571 0.604706
vt 0.864583 0.604107
vt 0.935017 0.570847
vt 0.936619 0.588644
vt 0.864583 0.604107
vt 0.932388 0.556174
vt 0.935017 0.570847
vt 0.864583 0.604107
vt 0.925622 0.543569
vt 0.932388 0.556174
vt 0.864583 0.604107
vt 0.934655 0.651587
vt 0.928829 0.665166
vt 0.864583 0.604107
vt 0.937387 0.636569
vt 0.934655 0.651587
vt 0.937387 0.636569
vt 0.938613 0.620772
vt 0.993531 0.648244
vt 0.996375 0.627782
vt 0.993531 0.648244
vt 0.938613 0.620772
vt 0.995286 0.60199
vt 0.996375 0.627782
vt 0.937571 0.604706
vt 0.938613 0.620772
vt 0.937571 0.604706
vt 0.996375 0.627782
vt 0.937571 0.604706
vt 0.936619 0.588644
vt 0.995286 0.60199
vt 0.99527 0.578351
vt 0.995286 0.60199
vt 0.936619 0.588644
vt 0.936619 0.588644
vt 0.935017 0.570847
vt 0.99527 0.578351
vt 0.99337 0.556733
vt 0.99527 0.578351
vt 0.935017 0.570847
vt 0.935017 0.570847
vt 0.932388 0.556174
vt 0.99337 0.556733
vt 0.986427 0.534464
vt 0.99337 0.556733
vt 0.932388 0.556174
vt 0.932388 0.556174
vt 0.925622 0.543569
vt 0.986427 0.534464
vt 0.974795 0.515283
vt 0.986427 0.534464
vt 0.925622 0.543569
vt 0.987179 0.670084
vt 0.976735 0.689936
vt 0.934655 0.651587
vt 0.928829 0.665166
vt 0.934655 0.651587
vt 0.976735 0.689936
vt 0.937387 0.636569
vt 0.993531 0.648244
vt 0.934655 0.651587
vt 0.987179 0.670084
vt 0.934655 0.651587
vt 0.993531 0.648244

usemtl Material

f 1/1/1 2/2/2 3/3/3
f 4/4/4 5/5/5 6/6/6
f 7/7/7 8/8/8 9/9/9
f 10/10/10 11/11/11 12/12/12
f 13/13/13 14/14/14 15/15/15
f 16/16/16 17/17/17 18/18/18
f 19/19/19 20/20/20 21/21/21
f 22/22/22 23/23/23 24/24/24
f 25/25/25 26/26/26 27/27/27
f 28/28/28 29/29/29 30/30/30
f 31/31/31 32/32/32 33/33/33
f 34/34/34 35/35/35 36/36/36
f 37/37/37 38/38/38 39/39/39
f 40/40/40 41/41/41 42/42/42
f 43/43/43 44/44/44 45/45/45
f 46/46/46 47/47/47 48/48/48
f 49/49/49 50/50/50 51/51/51
f 52/52/52 53/53/53 54/54/54
f 55/55/55 56/56/56 57/57/57
f 58/58/58 59/59/59 60/60/60
f 61/61/61 62/62/62 63/63/63
f 64/64/64 65/65/65 66/66/66
f 67/67/67 68/68/68 69/69/69
f 70/70/70 71/71/71 72/72/72
f 73/73/73 74/74/74 75/75/75
f 76/76/76 77/77/77 78/78/78
f 79/79/79 80/80/80 81/81/81
f 82/82/82 83/83/83 84/84/84
f 85/85/85 86/86/86 87/87/87
f 88/88/88 89/89/89 90/90/90
f 91/91/91 92/92/92 93/93/93
f 94/94/94 95/95/95 96/96/96
f 97/97/97 98/98/98 99/99/99
f 100/100/100 101/101/101 102/102/102
f 103/103/103 104/104/104 105/105/105
f 106/106/106 107/107/107 108/108/108
f 109/109/109 110/110/110 111/111/111
f 112/112/112 113/113/113 114/114/114
f 115/115/115 116/116/116 117/117/117
f 118/118/118 119/119/119 120/120/120
f 121/121/121 122/122/122 123/123/123
f 124/124/124 125/125/125 126/126/126
f 127/127/127 128/128/128 129/129/129
f 130/130/130 131/131/131 132/132/132
f 133/133/133 134/134/134 135/135/135
f 136/136/136 137/137/137 138/138/138
f 139/139/139 140/140/140 141/141/141
f 142/142/142 143/143/143 144/144/144
f 145/145/145 146/146/146 147/147/147
f 148/148/148 149/149/149 150/150/150
f 151/151/151 152/152/152 153/153/153
f 154/154/154 155/155/155 156/156/156
f 157/157/157 158/158/158 159/159/159
f 160/160/160 161/161/161 162/162/162
f 163/163/163 164/164/164 165/165/165
f 166/166/166 167/167/167 168/168/168
f 169/169/169 170/170/170 171/171/171
f 172/172/172 173/173/173 174/174/174
f 175/175/175 176/176/176 177/177/177
f 178/178/178 179/179/179 180/180/180
f 181/181/181 182/182/182 183/183/183
f 184/184/184 185/185/185 186/186/186
f 187/187/187 188/188/188 189/189/189
f 190/190/190 191/191/191 192/192/192
f 193/193/193 194/194/194 195/195/195
f 196/196/196 197/197/197 198/198/198
f 199/199/199 200/200/200 201/201/201
f 202/202/202 203/203/203 204/204/204
f 205/205/205 206/206/206 207/207/207
f 208/208/208 209/209/209 210/210/210
f 211/211/211 212/212/212 213/213/213
f 214/214/214 215/215/215 216/216/216
f 217/217/217 218/218/218 219/219/219
f 220/220/220 221/221/221 222/222/222
f 223/223/223 224/224/224 225/225/225
f 226/226/226 227/227/227 228/228/228
f 229/229/229 230/230/230 231/231/231
f 232/232/232 233/233/233 234/234/234
f 235/235/235 236/236/236 237/237/237
f 238/238/238 239/239/239 240/240/240
f 241/241/241 242/242/242 243/243/243
f 244/244/244 245/245/245 246/246/246
f 247/247/247 248/248/248 249/249/249
f 250/250/250 251/251/251 252/252/252
f 253/253/253 254/254/254 255/255/255
f 256/256/256 257/257/257 258/258/258
f 259/259/259 260/260/260 261/261/261
f 262/262/262 263/263/263 264/264/264
f 265/265/265 266/266/266 267/267/267
f 268/268/268 269/269/269 270/270/270
f 271/271/271 272/272/272 273/273/273
f 274/274/274 275/275/275 276/276/276
f 277/277/277 278/278/278 279/279/279
f 280/280/280 281/281/281 282/282/282
f 283/283/283 284/284/284 285/285/285
f 286/286/286 287/287/287 288/288/288
f 289/289/289 290/290/290 291/291/291
f 292/292/292 293/293/293 294/294/294
f 295/295/295 296/296/296 297/297/297
f 298/298/298 299/299/299 300/300/300
f 301/301/301 302/302/302 303/303/303
f 304/304/304 305/305/305 306/306/306
f 307/307/307 308/308/308 309/309/309
f 310/310/310 311/311/311 312/312/312
f 313/313/313 314/314/314 315/315/315
f 316/316/316 317/317/317 318/318/318
f 319/319/319 320/320/320 321/321/321
f 322/322/322 323/323/323 324/324/324
f 325/325/325 326/326/326 327/327/327
f 328/328/328 329/329/329 330/330/330
f 331/331/331 332/332/332 333/333/333
f 334/334/334 335/335/335 336/336/336
f 337/337/337 338/338/338 339/339/339
f 340/340/340 341/341/341 342/342/342
f 343/343/343 344/344/344 345/345/345
f 346/346/346 347/347/347 348/348/348
f 349/349/349 350/350/350 351/351/351
f 352/352/352 353/353/353 354/354/354
f 355/355/355 356/356/356 357/357/357
f 358/358/358 359/359/359 360/360/360
f 361/361/361 362/362/362 363/363/363
f 364/364/364 365/365/365 366/366/366
f 367/367/367 368/368/368 369/369/369
f 370/370/370 371/371/371 372/372/372
f 373/373/373 374/374/374 375/375/375
f 376/376/376 377/377/377 378/378/378
f 379/379/379 380/380/380 381/381/381
f 382/382/382 383/383/383 384/384/384
f 385/385/385 386/386/386 387/387/387
f 388/388/388 389/389/389 390/390/390
f 391/391/391 392/392/392 393/393/393
f 394/394/394 395/395/395 396/396/396
f 397/397/397 398/398/398 399/399/399
f 400/400/400 401/401/401 402/402/402
f 403/403/403 404/404/404 405/405/405
f 406/406/406 407/407/407 408/408/408
f 409/409/409 410/410/410 411/411/411
f 412/412/412 413/413/413 414/414/414
f 415/415/415 416/416/416 417/417/417
f 418/418/418 419/419/419 420/420/420
f 421/421/421 422/422/422 423/423/423
f 424/424/424 425/425/425 426/426/426
f 427/427/427 428/428/428 429/429/429
f 430/430/430 431/431/431 432/432/432
f 433/433/433 434/434/434 435/435/435
f 436/436/436 437/437/437 438/438/438
f 439/439/439 440/440/440 441/441/441
f 442/442/442 443/443/443 444/444/444
f 445/445/445 446/446/446 447/447/447
f 448/448/448 449/449/449 450/450/450
f 451/451/451 452/452/452 453/453/453
f 454/454/454 455/455/455 456/456/456
f 457/457/457 458/458/458 459/459/459
f 460/460/460 461/461/461 462/462/462
f 463/463/463 464/464/464 465/465/465
f 466/466/466 467/467/467 468/468/468
f 469/469/469 470/470/470 471/471/471
f 472/472/472 473/473/473 474/474/474
f 475/475/475 476/476/476 477/477/477
f 478/478/478 479/479/479 480/480/480
f 481/481/481 482/482/482 483/483/483
f 484/484/484 485/485/485 486/486/486
f 487/487/487 488/488/488 489/489/489
f 490/490/490 491/491/491 492/492/492
f 493/493/493 494/494/494 495/495/495
f 496/496/496 497/497/497 498/498/498
f 499/499/499 500/500/500 501/501/501
f 502/502/502 503/503/503 504/504/504
f 505/505/505 506/506/506 507/507/507
f 508/508/508 509/509/509 510/510/510
f 511/511/511 512/512/512 513/513/513
f 514/514/514 515/515/515 516/516/516
f 517/517/517 518/518/518 519/519/519
f 520/520/520 521/521/521 522/522/522
f 523/523/523 524/524/524 525/525/525
f 526/526/526 527/527/527 528/528/528
f 529/529/529 530/530/530 531/531/531
f 532/532/532 533/533/533 534/534/534
f 535/535/535 536/536/536 537/537/537
f 538/538/538 539/539/539 540/540/540
f 541/541/541 542/542/542 543/543/543
f 544/544/544 545/545/545 546/546/546
f 547/547/547 548/548/548 549/549/549
f 550/550/550 551/551/551 552/552/552
f 553/553/553 554/554/554 555/555/555
f 556/556/556 557/557/557 558/558/558
f 559/559/559 560/560/560 561/561/561
f 562/562/562 563/563/563 564/564/564
f 565/565/565 566/566/566 567/567/567
f 568/568/568 569/569/569 570/570/570
f 571/571/571 572/572/572 573/573/573
f 574/574/574 575/575/575 576/576/576
f 577/577/577 578/578/578 579/579/579
f 580/580/580 581/581/581 582/582/582
f 583/583/583 584/584/584 585/585/585
f 586/586/586 587/587/587 588/588/588
f 589/589/589 590/590/590 591/591/591
f 592/592/592 593/593/593 594/594/594
f 595/595/595 596/596/596 597/597/597
f 598/598/598 599/599/599 600/600/600
f 601/601/601 602/602/602 603/603/603
f 604/604/604 605/605/605 606/606/606
f 607/607/607 608/608/608 609/609/609
f 610/610/610 611/611/611 612/612/612
f 613/613/613 614/614/614 615/615/615
f 616/616/616 617/617/617 618/618/618
f 619/619/619 620/620/620 621/621/621
f 622/622/622 623/623/623 624/624/624
f 625/625/625 626/626/626 627/627/627
f 628/628/628 629/629/629 630/630/630
f 631/631/631 632/632/632 633/633/633
f 634/634/634 635/635/635 636/636/636
f 637/637/637 638/638/638 639/639/639
f 640/640/640 641/641/641 642/642/642
f 643/643/643 644/644/644 645/645/645
f 646/646/646 647/647/647 648/648/648
f 649/649/649 650/650/650 651/651/651
f 652/652/652 653/653/653 654/654/654
f 655/655/655 656/656/656 657/657/657
f 658/658/658 659/659/659 660/660/660
f 661/661/661 662/662/662 663/663/663
f 664/664/664 665/665/665 666/666/666
f 667/667/667 668/668/668 669/669/669
f 670/670/670 671/671/671 672/672/672
f 673/673/673 674/674/674 675/675/675
f 676/676/676 677/677/677 678/678/678
f 679/679/679 680/680/680 681/681/681
f 682/682/682 683/683/683 684/684/684
f 685/685/685 686/686/686 687/687/687
f 688/688/688 689/689/689 690/690/690
f 691/691/691 692/692/692 693/693/693
f 694/694/694 695/695/695 696/696/696
f 697/697/697 698/698/698 699/699/699
f 700/700/700 701/701/701 702/702/702
f 703/703/703 704/704/704 705/705/705
f 706/706/706 707/707/707 708/708/708
f 709/709/709 710/710/710 711/711/711
f 712/712/712 713/713/713 714/714/714
f 715/715/715 716/716/716 717/717/717
f 718/718/718 719/719/719 720/720/720
f 721/721/721 722/722/722 723/723/723
f 724/724/724 725/725/725 726/726/726
f 727/727/727 728/728/728 729/729/729
f 730/730/730 731/731/731 732/732/732
f 733/733/733 734/734/734 735/735/735
f 736/736/736 737/737/737 738/738/738
f 739/739/739 740/740/740 741/741/741
f 742/742/742 743/743/743 744/744/744
f 745/745/745 746/746/746 747/747/747
f 748/748/748 749/749/749 750/750/750
f 751/751/751 752/752/752 753/753/753
f 754/754/754 755/755/755 756/756/756
f 757/757/757 758/758/758 759/759/759
f 760/760/760 761/761/761 762/762/762
f 763/763/763 764/764/764 765/765/765
f 766/766/766 767/767/767 768/768/768
f 769/769/769 770/770/770 771/771/771
f 772/772/772 773/773/773 774/774/774
f 775/775/775 776/776/776 777/777/777
f 778/778/778 779/779/779 780/780/780
f 781/781/781 782/782/782 783/783/783
f 784/784/784 785/785/785 786/786/786
f 787/787/787 788/788/788 789/789/789
f 790/790/790 791/791/791 792/792/792
f 793/793/793 794/794/794 795/795/795
f 796/796/796 797/797/797 798/798/798
f 799/799/799 800/800/800 801/801/801
f 802/802/802 803/803/803 804/804/804
f 805/805/805 806/806/806 807/807/807
f 808/808/808 809/809/809 810/810/810
f 811/811/811 812/812/812 813/813/813
f 814/814/814 815/815/815 816/816/816
f 817/817/817 818/818/818 819/819/819
f 820/820/820 821/821/821 822/822/822
f 823/823/823 824/824/824 825/825/825
f 826/826/826 827/827/827 828/828/828
f 829/829/829 830/830/830 831/831/831
f 832/832/832 833/833/833 834/834/834
f 835/835/835 836/836/836 837/837/837
f 838/838/838 839/839/839 840/840/840
f 841/841/841 842/842/842 843/843/843
f 844/844/844 845/845/845 846/846/846
f 847/847/847 848/848/848 849/849/849
f 850/850/850 851/851/851 852/852/852
f 853/853/853 854/854/854 855/855/855
f 856/856/856 857/857/857 858/858/858
f 859/859/859 860/860/860 861/861/861
f 862/862/862 863/863/863 864/864/864
f 865/865/865 866/866/866 867/867/867
f 868/868/868 869/869/869 870/870/870
f 871/871/871 872/872/872 873/873/873
f 874/874/874 875/875/875 876/876/876
f 877/877/877 878/878/878 879/879/879
f 880/880/880 881/881/881 882/882/882
f 883/883/883 884/884/884 885/885/885
f 886/886/886 887/887/887 888/888/888
f 889/889/889 890/890/890 891/891/891
f 892/892/892 893/893/893 894/894/894
f 895/895/895 896/896/896 897/897/897
f 898/898/898 899/899/899 900/900/900
f 901/901/901 902/902/902 903/903/903
f 904/904/904 905/905/905 906/906/906
f 907/907/907 908/908/908 909/909/909
f 910/910/910 911/911/911 912/912/912
f 913/913/913 914/914/914 915/915/915
f 916/916/916 917/917/917 918/918/918
f 919/919/919 920/920/920 921/921/921
f 922/922/922 923/923/923 924/924/924
f 925/925/925 926/926/926 927/927/927
f 928/928/928 929/929/929 930/930/930
f 931/931/931 932/932/932 933/933/933
f 934/934/934 935/935/935 936/936/936
f 937/937/937 938/938/938 939/939/939
f 940/940/940 941/941/941 942/942/942
f 943/943/943 944/944/944 945/945/945
f 946/946/946 947/947/947 948/948/948
f 949/949/949 950/950/950 951/951/951
f 952/952/952 953/953/953 954/954/954
f 955/955/955 956/956/956 957/957/957
f 958/958/958 959/959/959 960/960/960
f 961/961/961 962/962/962 963/963/963
f 964/964/964 965/965/965 966/966/966
f 967/967/967 968/968/968 969/969/969
f 970/970/970 971/971/971 972/972/972
f 973/973/973 974/974/974 975/975/975
f 976/976/976 977/977/977 978/978/978
f 979/979/979 980/980/980 981/981/981
f 982/982/982 983/983/983 984/984/984
f 985/985/985 986/986/986 987/987/987
f 988/988/988 989/989/989 990/990/990
f 991/991/991 992/992/992 993/993/993
f 994/994/994 995/995/995 996/996/996
f 997/997/997 998/998/998 999/999/999
f 1000/1000/1000 1001/1001/1001 1002/1002/1002
f 1003/1003/1003 1004/1004/1004 1005/1005/1005
f 1006/1006/1006 1007/1007/1007 1008/1008/1008
f 1009/1009/1009 1010/1010/1010 1011/1011/1011
f 1012/1012/1012 1013/1013/1013 1014/1014/1014
f 1015/1015/1015 1016/1016/1016 1017/1017/1017
f 1018/1018/1018 1019/1019/1019 1020/1020/1020
f 1021/1021/1021 1022/1022/1022 1023/1023/1023
f 1024/1024/1024 1025/1025/1025 1026/1026/1026
f 1027/1027/1027 1028/1028/1028 1029/1029/1029
f 1030/1030/1030 1031/1031/1031 1032/1032/1032
f 1033/1033/1033 1034/1034/1034 1035/1035/1035
f 1036/1036/1036 1037/1037/1037 1038/1038/1038
f 1039/1039/1039 1040/1040/1040 1041/1041/1041
f 1042/1042/1042 1043/1043/1043 1044/1044/1044
f 1045/1045/1045 1046/1046/1046 1047/1047/1047
f 1048/1048/1048 1049/1049/1049 1050/1050/1050
f 1051/1051/1051 1052/1052/1052 1053/1053/1053
f 1054/1054/1054 1055/1055/1055 1056/1056/1056
f 1057/1057/1057 1058/1058/1058 1059/1059/1059
f 1060/1060/1060 1061/1061/1061 1062/1062/1062
f 1063/1063/1063 1064/1064/1064 1065/1065/1065
f 1066/1066/1066 1067/1067/1067 1068/1068/1068
f 1069/1069/1069 1070/1070/1070 1071/1071/1071
f 1072/1072/1072 1073/1073/1073 1074/1074/1074
f 1075/1075/1075 1076/1076/1076 1077/1077/1077
f 1078/1078/1078 1079/1079/1079 1080/1080/1080
f 1081/1081/1081 1082/1082/1082 1083/1083/1083
f 1084/1084/1084 1085/1085/1085 1086/1086/1086
f 1087/1087/1087 1088/1088/1088 1089/1089/1089
f 1090/1090/1090 1091/1091/1091 1092/1092/1092
f 1093/1093/1093 1094/1094/1094 1095/1095/1095
f 1096/1096/1096 1097/1097/1097 1098/1098/1098
f 1099/1099/1099 1100/1100/1100 1101/1101/1101
f 1102/1102/1102 1103/1103/1103 1104/1104/1104
f 1105/1105/1105 1106/1106/1106 1107/1107/1107
f 1108/1108/1108 1109/1109/1109 1110/1110/1110
f 1111/1111/1111 1112/1112/1112 1113/1113/1113
f 1114/1114/1114 1115/1115/1115 1116/1116/1116
f 1117/1117/1117 1118/1118/1118 1119/1119/1119
f 1120/1120/1120 1121/1121/1121 1122/1122/1122
f 1123/1123/1123 1124/1124/1124 1125/1125/1125
f 1126/1126/1126 1127/1127/1127 1128/1128/1128
f 1129/1129/1129 1130/1130/1130 1131/1131/1131
f 1132/1132/1132 1133/1133/1133 1134/1134/1134
f 1135/1135/1135 1136/1136/1136 1137/1137/1137
f 1138/1138/1138 1139/1139/1139 1140/1140/1140
f 1141/1141/1141 1142/1142/1142 1143/1143/1143
f 1144/1144/1144 1145/1145/1145 1146/1146/1146
f 1147/1147/1147 1148/1148/1148 1149/1149/1149
f 1150/1150/1150 1151/1151/1151 1152/1152/1152
f 1153/1153/1153 1154/1154/1154 1155/1155/1155
f 1156/1156/1156 1157/1157/1157 1158/1158/1158
f 1159/1159/1159 1160/1160/1160 1161/1161/1161
f 1162/1162/1162 1163/1163/1163 1164/1164/1164
f 1165/1165/1165 1166/1166/1166 1167/1167/1167
f 1168/1168/1168 1169/1169/1169 1170/1170/1170
f 1171/1171/1171 1172/1172/1172 1173/1173/1173
f 1174/1174/1174 1175/1175/1175 1176/1176/1176
f 1177/1177/1177 1178/1178/1178 1179/1179/1179
f 1180/1180/1180 1181/1181/1181 1182/1182/1182
f 1183/1183/1183 1184/1184/1184 1185/1185/1185
f 1186/1186/1186 1187/1187/1187 1188/1188/1188
f 1189/1189/1189 1190/1190/1190 1191/1191/1191
f 1192/1192/1192 1193/1193/1193 1194/1194/1194
f 1195/1195/1195 1196/1196/1196 1197/1197/1197
f 1198/1198/1198 1199/1199/1199 1200/1200/1200
f 1201/1201/1201 1202/1202/1202 1203/1203/1203
f 1204/1204/1204 1205/1205/1205 1206/1206/1206
f 1207/1207/1207 1208/1208/1208 1209/1209/1209
f 1210/1210/1210 1211/1211/1211 1212/1212/1212
f 1213/1213/1213 1214/1214/1214 1215/1215/1215
f 1216/1216/1216 1217/1217/1217 1218/1218/1218
f 1219/1219/1219 1220/1220/1220 1221/1221/1221
f 1222/1222/1222 1223/1223/1223 1224/1224/1224
f 1225/1225/1225 1226/1226/1226 1227/1227/1227
f 1228/1228/1228 1229/1229/1229 1230/1230/1230
f 1231/1231/1231 1232/1232/1232 1233/1233/1233
f 1234/1234/1234 1235/1235/1235 1236/1236/1236
f 1237/1237/1237 1238/1238/1238 1239/1239/1239
f 1240/1240/1240 1241/1241/1241 1242/1242/1242
f 1243/1243/1243 1244/1244/1244 1245/1245/1245
f 1246/1246/1246 1247/1247/1247 1248/1248/1248
f 1249/1249/1249 1250/1250/1250 1251/1251/1251
f 1252/1252/1252 1253/1253/1253 1254/1254/1254
f 1255/1255/1255 1256/1256/1256 1257/1257/1257
f 1258/1258/1258 1259/1259/1259 1260/1260/1260
f 1261/1261/1261 1262/1262/1262 1263/1263/1263
f 1264/1264/1264 1265/1265/1265 1266/1266/1266
f 1267/1267/1267 1268/1268/1268 1269/1269/1269
f 1270/1270/1270 1271/1271/1271 1272/1272/1272
f 1273/1273/1273 1274/1274/1274 1275/1275/1275
f 1276/1276/1276 1277/1277/1277 1278/1278/1278
f 1279/1279/1279 1280/1280/1280 1281/1281/1281
f 1282/1282/1282 1283/1283/1283 1284/1284/1284
f 1285/1285/1285 1286/1286/1286 1287/1287/1287
f 1288/1288/1288 1289/1289/1289 1290/1290/1290
f 1291/1291/1291 1292/1292/1292 1293/1293/1293
f 1294/1294/1294 1295/1295/1295 1296/1296/1296
f 1297/1297/1297 1298/1298/1298 1299/1299/1299
f 1300/1300/1300 1301/1301/1301 1302/1302/1302
f 1303/1303/1303 1304/1304/1304 1305/1305/1305
f 1306/1306/1306 1307/1307/1307 1308/1308/1308
f 1309/1309/1309 1310/1310/1310 1311/1311/1311
f 1312/1312/1312 1313/1313/1313 1314/1314/1314
f 1315/1315/1315 1316/1316/1316 1317/1317/1317
f 1318/1318/1318 1319/1319/1319 1320/1320/1320
f 1321/1321/1321 1322/1322/1322 1323/1323/1323
f 1324/1324/1324 1325/1325/1325 1326/1326/1326
f 1327/1327/1327 1328/1328/1328 1329/1329/1329
f 1330/1330/1330 1331/1331/1331 1332/1332/1332
f 1333/1333/1333 1334/1334/1334 1335/1335/1335
f 1336/1336/1336 1337/1337/1337 1338/1338/1338
f 1339/1339/1339 1340/1340/1340 1341/1341/1341
f 1342/1342/1342 1343/1343/1343 1344/1344/1344
f 1345/1345/1345 1346/1346/1346 1347/1347/1347
f 1348/1348/1348 1349/1349/1349 1350/1350/1350
f 1351/1351/1351 1352/1352/1352 1353/1353/1353
f 1354/1354/1354 1355/1355/1355 1356/1356/1356
f 1357/1357/1357 1358/1358/1358 1359/1359/1359
f 1360/1360/1360 1361/1361/1361 1362/1362/1362
f 1363/1363/1363 1364/1364/1364 1365/1365/1365
f 1366/1366/1366 1367/1367/1367 1368/1368/1368
f 1369/1369/1369 1370/1370/1370 1371/1371/1371
f 1372/1372/1372 1373/1373/1373 1374/1374/1374
f 1375/1375/1375 1376/1376/1376 1377/1377/1377
f 1378/1378/1378 1379/1379/1379 1380/1380/1380
f 1381/1381/1381 1382/1382/1382 1383/1383/1383
f 1384/1384/1384 1385/1385/1385 1386/1386/1386
f 1387/1387/1387 1388/1388/1388 1389/1389/1389
f 1390/1390/1390 1391/1391/1391 1392/1392/1392
f 1393/1393/1393 1394/1394/1394 1395/1395/1395
f 1396/1396/1396 1397/1397/1397 1398/1398/1398
f 1399/1399/1399 1400/1400/1400 1401/1401/1401
f 1402/1402/1402 1403/1403/1403 1404/1404/1404
f 1405/1405/1405 1406/1406/1406 1407/1407/1407
f 1408/1408/1408 1409/1409/1409 1410/1410/1410
f 1411/1411/1411 1412/1412/1412 1413/1413/1413
f 1414/1414/1414 1415/1415/1415 1416/1416/1416
f 1417/1417/1417 1418/1418/1418 1419/1419/1419
f 1420/1420/1420 1421/1421/1421 1422/1422/1422
f 1423/1423/1423 1424/1424/1424 1425/1425/1425
f 1426/1426/1426 1427/1427/1427 1428/1428/1428
f 1429/1429/1429 1430/1430/1430 1431/1431/1431
f 1432/1432/1432 1433/1433/1433 1434/1434/1434
f 1435/1435/1435 1436/1436/1436 1437/1437/1437
f 1438/1438/1438 1439/1439/1439 1440/1440/1440
f 1441/1441/1441 1442/1442/1442 1443/1443/1443
f 1444/1444/1444 1445/1445/1445 1446/1446/1446
f 1447/1447/1447 1448/1448/1448 1449/1449/1449
f 1450/1450/1450 1451/1451/1451 1452/1452/1452
f 1453/1453/1453 1454/1454/1454 1455/1455/1455
f 1456/1456/1456 1457/1457/1457 1458/1458/1458
f 1459/1459/1459 1460/1460/1460 1461/1461/1461
f 1462/1462/1462 1463/1463/1463 1464/1464/1464
f 1465/1465/1465 1466/1466/1466 1467/1467/1467
f 1468/1468/1468 1469/1469/1469 1470/1470/1470
f 1471/1471/1471 1472/1472/1472 1473/1473/1473
f 1474/1474/1474 1475/1475/1475 1476/1476/1476
f 1477/1477/1477 1478/1478/1478 1479/1479/1479
f 1480/1480/1480 1481/1481/1481 1482/1482/1482
f 1483/1483/1483 1484/1484/1484 1485/1485/1485
f 1486/1486/1486 1487/1487/1487 1488/1488/1488
f 1489/1489/1489 1490/1490/1490 1491/1491/1491
f 1492/1492/1492 1493/1493/1493 1494/1494/1494
f 1495/1495/1495 1496/1496/1496 1497/1497/1497
f 1498/1498/1498 1499/1499/1499 1500/1500/1500
f 1501/1501/1501 1502/1502/1502 1503/1503/1503
f 1504/1504/1504 1505/1505/1505 1506/1506/1506
f 1507/1507/1507 1508/1508/1508 1509/1509/1509
f 1510/1510/1510 1511/1511/1511 1512/1512/1512
f 1513/1513/1513 1514/1514/1514 1515/1515/1515
f 1516/1516/1516 1517/1517/1517 1518/1518/1518
f 1519/1519/1519 1520/1520/1520 1521/1521/1521
f 1522/1522/1522 1523/1523/1523 1524/1524/1524
f 1525/1525/1525 1526/1526/1526 1527/1527/1527
f 1528/1528/1528 1529/1529/1529 1530/1530/1530
f 1531/1531/1531 1532/1532/1532 1533/1533/1533
f 1534/1534/1534 1535/1535/1535 1536/1536/1536
f 1537/1537/1537 1538/1538/1538 1539/1539/1539
f 1540/1540/1540 1541/1541/1541 1542/1542/1542
f 1543/1543/1543 1544/1544/1544 1545/1545/1545
f 1546/1546/1546 1547/1547/1547 1548/1548/1548
f 1549/1549/1549 1550/1550/1550 1551/1551/1551
f 1552/1552/1552 1553/1553/1553 1554/1554/1554
f 1555/1555/1555 1556/1556/1556 1557/1557/1557
f 1558/1558/1558 1559/1559/1559 1560/1560/1560
f 1561/1561/1561 1562/1562/1562 1563/1563/1563
f 1564/1564/1564 1565/1565/1565 1566/1566/1566
f 1567/1567/1567 1568/1568/1568 1569/1569/1569
f 1570/1570/1570 1571/1571/1571 1572/1572/1572
f 1573/1573/1573 1574/1574/1574 1575/1575/1575
f 1576/1576/1576 1577/1577/1577 1578/1578/1578
f 1579/1579/1579 1580/1580/1580 1581/1581/1581
f 1582/1582/1582 1583/1583/1583 1584/1584/1584
f 1585/1585/1585 1586/1586/1586 1587/1587/1587
f 1588/1588/1588 1589/1589/1589 1590/1590/1590
f 1591/1591/1591 1592/1592/1592 1593/1593/1593
f 1594/1594/1594 1595/1595/1595 1596/1596/1596
f 1597/1597/1597 1598/1598/1598 1599/1599/1599
f 1600/1600/1600 1601/1601/1601 1602/1602/1602
f 1603/1603/1603 1604/1604/1604 1605/1605/1605
f 1606/1606/1606 1607/1607/1607 1608/1608/1608
f 1609/1609/1609 1610/1610/1610 1611/1611/1611
f 1612/1612/1612 1613/1613/1613 1614/1614/1614
f 1615/1615/1615 1616/1616/1616 1617/1617/1617
f 1618/1618/1618 1619/1619/1619 1620/1620/1620
f 1621/1621/1621 1622/1622/1622 1623/1623/1623
f 1624/1624/1624 1625/1625/1625 1626/1626/1626
f 1627/1627/1627 1628/1628/1628 1629/1629/1629
f 1630/1630/1630 1631/1631/1631 1632/1632/1632
f 1633/1633/1633 1634/1634/1634 1635/1635/1635
f 1636/1636/1636 1637/1637/1637 1638/1638/1638
f 1639/1639/1639 1640/1640/1640 1641/1641/1641
f 1642/1642/1642 1643/1643/1643 1644/1644/1644
f 1645/1645/1645 1646/1646/1646 1647/1647/1647
f 1648/1648/1648 1649/1649/1649 1650/1650/1650
f 1651/1651/1651 1652/1652/1652 1653/1653/1653
f 1654/1654/1654 1655/1655/1655 1656/1656/1656
f 1657/1657/1657 1658/1658/1658 1659/1659/1659
f 1660/1660/1660 1661/1661/1661 1662/1662/1662
f 1663/1663/1663 1664/1664/1664 1665/1665/1665
f 1666/1666/1666 1667/1667/1667 1668/1668/1668
f 1669/1669/1669 1670/1670/1670 1671/1671/1671
f 1672/1672/1672 1673/1673/1673 1674/1674/1674
f 1675/1675/1675 1676/1676/1676 1677/1677/1677
f 1678/1678/1678 1679/1679/1679 1680/1680/1680
f 1681/1681/1681 1682/1682/1682 1683/1683/1683
f 1684/1684/1684 1685/1685/1685 1686/1686/1686
f 1687/1687/1687 1688/1688/1688 1689/1689/1689
f 1690/1690/1690 1691/1691/1691 1692/1692/1692
f 1693/1693/1693 1694/1694/1694 1695/1695/1695
f 1696/1696/1696 1697/1697/1697 1698/1698/1698
f 1699/1699/1699 1700/1700/1700 1701/1701/1701
f 1702/1702/1702 1703/1703/1703 1704/1704/1704
f 1705/1705/1705 1706/1706/1706 1707/1707/1707
f 1708/1708/1708 1709/1709/1709 1710/1710/1710
f 1711/1711/1711 1712/1712/1712 1713/1713/1713
f 1714/1714/1714 1715/1715/1715 1716/1716/1716
f 1717/1717/1717 1718/1718/1718 1719/1719/1719
f 1720/1720/1720 1721/1721/1721 1722/1722/1722
f 1723/1723/1723 1724/1724/1724 1725/1725/1725
f 1726/1726/1726 1727/1727/1727 1728/1728/1728
f 1729/1729/1729 1730/1730/1730 1731/1731/1731
f 1732/1732/1732 1733/1733/1733 1734/1734/1734
f 1735/1735/1735 1736/1736/1736 1737/1737/1737
f 1738/1738/1738 1739/1739/1739 1740/1740/1740
f 1741/1741/1741 1742/1742/1742 1743/1743/1743
f 1744/1744/1744 1745/1745/1745 1746/1746/1746
f 1747/1747/1747 1748/1748/1748 1749/1749/1749
f 1750/1750/1750 1751/1751/1751 1752/1752/1752
f 1753/1753/1753 1754/1754/1754 1755/1755/1755
f 1756/1756/1756 1757/1757/1757 1758/1758/1758
f 1759/1759/1759 1760/1760/1760 1761/1761/1761
f 1762/1762/1762 1763/1763/1763 1764/1764/1764
f 1765/1765/1765 1766/1766/1766 1767/1767/1767
f 1768/1768/1768 1769/1769/1769 1770/1770/1770
f 1771/1771/1771 1772/1772/1772 1773/1773/1773
f 1774/1774/1774 1775/1775/1775 1776/1776/1776
f 1777/1777/1777 1778/1778/1778 1779/1779/1779
f 1780/1780/1780 1781/1781/1781 1782/1782/1782
f 1783/1783/1783 1784/1784/1784 1785/1785/1785
f 1786/1786/1786 1787/1787/1787 1788/1788/1788
f 1789/1789/1789 1790/1790/1790 1791/1791/1791
f 1792/1792/1792 1793/1793/1793 1794/1794/1794
f 1795/1795/1795 1796/1796/1796 1797/1797/1797
f 1798/1798/1798 1799/1799/1799 1800/1800/1800
f 1801/1801/1801 1802/1802/1802 1803/1803/1803
f 1804/1804/1804 1805/1805/1805 1806/1806/1806
f 1807/1807/1807 1808/1808/1808 1809/1809/1809
f 1810/1810/1810 1811/1811/1811 1812/1812/1812
f 1813/1813/1813 1814/1814/1814 1815/1815/1815
f 1816/1816/1816 1817/1817/1817 1818/1818/1818
f 1819/1819/1819 1820/1820/1820 1821/1821/1821
f 1822/1822/1822 1823/1823/1823 1824/1824/1824
f 1825/1825/1825 1826/1826/1826 1827/1827/1827
f 1828/1828/1828 1829/1829/1829 1830/1830/1830
f 1831/1831/1831 1832/1832/1832 1833/1833/1833
f 1834/1834/1834 1835/1835/1835 1836/1836/1836
f 1837/1837/1837 1838/1838/1838 1839/1839/1839
f 1840/1840/1840 1841/1841/1841 1842/1842/1842
f 1843/1843/1843 1844/1844/1844 1845/1845/1845
f 1846/1846/1846 1847/1847/1847 1848/1848/1848
f 1849/1849/1849 1850/1850/1850 1851/1851/1851
f 1852/1852/1852 1853/1853/1853 1854/1854/1854
f 1855/1855/1855 1856/1856/1856 1857/1857/1857
f 1858/1858/1858 1859/1859/1859 1860/1860/1860
f 1861/1861/1861 1862/1862/1862 1863/1863/1863
f 1864/1864/1864 1865/1865/1865 1866/1866/1866
f 1867/1867/1867 1868/1868/1868 1869/1869/1869
f 1870/1870/1870 1871/1871/1871 1872/1872/1872
f 1873/1873/1873 1874/1874/1874 1875/1875/1875
f 1876/1876/1876 1877/1877/1877 1878/1878/1878
f 1879/1879/1879 1880/1880/1880 1881/1881/1881
f 1882/1882/1882 1883/1883/1883 1884/1884/1884
f 1885/1885/1885 1886/1886/1886 1887/1887/1887
f 1888/1888/1888 1889/1889/1889 1890/1890/1890
f 1891/1891/1891 1892/1892/1892 1893/1893/1893
f 1894/1894/1894 1895/1895/1895 1896/1896/1896
f 1897/1897/1897 1898/1898/1898 1899/1899/1899
f 1900/1900/1900 1901/1901/1901 1902/1902/1902
f 1903/1903/1903 1904/1904/1904 1905/1905/1905
f 1906/1906/1906 1907/1907/1907 1908/1908/1908
f 1909/1909/1909 1910/1910/1910 1911/1911/1911
f 1912/1912/1912 1913/1913/1913 1914/1914/1914
f 1915/1915/1915 1916/1916/1916 1917/1917/1917
f 1918/1918/1918 1919/1919/1919 1920/1920/1920
f 1921/1921/1921 1922/1922/1922 1923/1923/1923
f 1924/1924/1924 1925/1925/1925 1926/1926/1926
f 1927/1927/1927 1928/1928/1928 1929/1929/1929
f 1930/1930/1930 1931/1931/1931 1932/1932/1932
f 1933/1933/1933 1934/1934/1934 1935/1935/1935
f 1936/1936/1936 1937/1937/1937 1938/1938/1938
f 1939/1939/1939 1940/1940/1940 1941/1941/1941
f 1942/1942/1942 1943/1943/1943 1944/1944/1944
f 1945/1945/1945 1946/1946/1946 1947/1947/1947
f 1948/1948/1948 1949/1949/1949 1950/1950/1950
f 1951/1951/1951 1952/1952/1952 1953/1953/1953
f 1954/1954/1954 1955/1955/1955 1956/1956/1956
f 1957/1957/1957 1958/1958/1958 1959/1959/1959
f 1960/1960/1960 1961/1961/1961 1962/1962/1962
f 1963/1963/1963 1964/1964/1964 1965/1965/1965
f 1966/1966/1966 1967/1967/1967 1968/1968/1968
f 1969/1969/1969 1970/1970/1970 1971/1971/1971
f 1972/1972/1972 1973/1973/1973 1974/1974/1974
f 1975/1975/1975 1976/1976/1976 1977/1977/1977
f 1978/1978/1978 1979/1979/1979 1980/1980/1980
f 1981/1981/1981 1982/1982/1982 1983/1983/1983
f 1984/1984/1984 1985/1985/1985 1986/1986/1986
f 1987/1987/1987 1988/1988/1988 1989/1989/1989
f 1990/1990/1990 1991/1991/1991 1992/1992/1992
f 1993/1993/1993 1994/1994/1994 1995/1995/1995
f 1996/1996/1996 1997/1997/1997 1998/1998/1998
f 1999/1999/1999 2000/2000/2000 2001/2001/2001
f 2002/2002/2002 2003/2003/2003 2004/2004/2004
f 2005/2005/2005 2006/2006/2006 2007/2007/2007
f 2008/2008/2008 2009/2009/2009 2010/2010/2010
f 2011/2011/2011 2012/2012/2012 2013/2013/2013
f 2014/2014/2014 2015/2015/2015 2016/2016/2016
f 2017/2017/2017 2018/2018/2018 2019/2019/2019
f 2020/2020/2020 2021/2021/2021 2022/2022/2022
f 2023/2023/2023 2024/2024/2024 2025/2025/2025
f 2026/2026/2026 2027/2027/2027 2028/2028/2028
f 2029/2029/2029 2030/2030/2030 2031/2031/2031
f 2032/2032/2032 2033/2033/2033 2034/2034/2034
f 2035/2035/2035 2036/2036/2036 2037/2037/2037
f 2038/2038/2038 2039/2039/2039 2040/2040/2040
f 2041/2041/2041 2042/2042/2042 2043/2043/2043
f 2044/2044/2044 2045/2045/2045 2046/2046/2046
f 2047/2047/2047 2048/2048/2048 2049/2049/2049
f 2050/2050/2050 2051/2051/2051 2052/2052/2052
f 2053/2053/2053 2054/2054/2054 2055/2055/2055
f 2056/2056/2056 2057/2057/2057 2058/2058/2058
f 2059/2059/2059 2060/2060/2060 2061/2061/2061
f 2062/2062/2062 2063/2063/2063 2064/2064/2064
f 2065/2065/2065 2066/2066/2066 2067/2067/2067
f 2068/2068/2068 2069/2069/2069 2070/2070/2070
f 2071/2071/2071 2072/2072/2072 2073/2073/2073
f 2074/2074/2074 2075/2075/2075 2076/2076/2076
f 2077/2077/2077 2078/2078/2078 2079/2079/2079
f 2080/2080/2080 2081/2081/2081 2082/2082/2082
f 2083/2083/2083 2084/2084/2084 2085/2085/2085
f 2086/2086/2086 2087/2087/2087 2088/2088/2088
f 2089/2089/2089 2090/2090/2090 2091/2091/2091
f 2092/2092/2092 2093/2093/2093 2094/2094/2094
f 2095/2095/2095 2096/2096/2096 2097/2097/2097
f 2098/2098/2098 2099/2099/2099 2100/2100/2100
f 2101/2101/2101 2102/2102/2102 2103/2103/2103
f 2104/2104/2104 2105/2105/2105 2106/2106/2106
f 2107/2107/2107 2108/2108/2108 2109/2109/2109
f 2110/2110/2110 2111/2111/2111 2112/2112/2112
f 2113/2113/2113 2114/2114/2114 2115/2115/2115
f 2116/2116/2116 2117/2117/2117 2118/2118/2118
f 2119/2119/2119 2120/2120/2120 2121/2121/2121
f 2122/2122/2122 2123/2123/2123 2124/2124/2124
f 2125/2125/2125 2126/2126/2126 2127/2127/2127
f 2128/2128/2128 2129/2129/2129 2130/2130/2130
f 2131/2131/2131 2132/2132/2132 2133/2133/2133
f 2134/2134/2134 2135/2135/2135 2136/2136/2136
f 2137/2137/2137 2138/2138/2138 2139/2139/2139
f 2140/2140/2140 2141/2141/2141 2142/2142/2142
f 2143/2143/2143 2144/2144/2144 2145/2145/2145
f 2146/2146/2146 2147/2147/2147 2148/2148/2148
f 2149/2149/2149 2150/2150/2150 2151/2151/2151
f 2152/2152/2152 2153/2153/2153 2154/2154/2154
f 2155/2155/2155 2156/2156/2156 2157/2157/2157
f 2158/2158/2158 2159/2159/2159 2160/2160/2160
f 2161/2161/2161 2162/2162/2162 2163/2163/2163
f 2164/2164/2164 2165/2165/2165 2166/2166/2166
f 2167/2167/2167 2168/2168/2168 2169/2169/2169
f 2170/2170/2170 2171/2171/2171 2172/2172/2172
f 2173/2173/2173 2174/2174/2174 2175/2175/2175
f 2176/2176/2176 2177/2177/2177 2178/2178/2178
f 2179/2179/2179 2180/2180/2180 2181/2181/2181
f 2182/2182/2182 2183/2183/2183 2184/2184/2184
f 2185/2185/2185 2186/2186/2186 2187/2187/2187
f 2188/2188/2188 2189/2189/2189 2190/2190/2190
f 2191/2191/2191 2192/2192/2192 2193/2193/2193
f 2194/2194/2194 2195/2195/2195 2196/2196/2196
f 2197/2197/2197 2198/2198/2198 2199/2199/2199
f 2200/2200/2200 2201/2201/2201 2202/2202/2202
f 2203/2203/2203 2204/2204/2204 2205/2205/2205
f 2206/2206/2206 2207/2207/2207 2208/2208/2208
f 2209/2209/2209 2210/2210/2210 2211/2211/2211
f 2212/2212/2212 2213/2213/2213 2214/2214/2214
f 2215/2215/2215 2216/2216/2216 2217/2217/2217
f 2218/2218/2218 2219/2219/2219 2220/2220/2220
f 2221/2221/2221 2222/2222/2222 2223/2223/2223
f 2224/2224/2224 2225/2225/2225 2226/2226/2226
f 2227/2227/2227 2228/2228/2228 2229/2229/2229
f 2230/2230/2230 2231/2231/2231 2232/2232/2232
f 2233/2233/2233 2234/2234/2234 2235/2235/2235
f 2236/2236/2236 2237/2237/2237 2238/2238/2238
f 2239/2239/2239 2240/2240/2240 2241/2241/2241
f 2242/2242/2242 2243/2243/2243 2244/2244/2244
f 2245/2245/2245 2246/2246/2246 2247/2247/2247
f 2248/2248/2248 2249/2249/2249 2250/2250/2250
f 2251/2251/2251 2252/2252/2252 2253/2253/2253
f 2254/2254/2254 2255/2255/2255 2256/2256/2256
f 2257/2257/2257 2258/2258/2258 2259/2259/2259
f 2260/2260/2260 2261/2261/2261 2262/2262/2262
f 2263/2263/2263 2264/2264/2264 2265/2265/2265
f 2266/2266/2266 2267/2267/2267 2268/2268/2268
f 2269/2269/2269 2270/2270/2270 2271/2271/2271
f 2272/2272/2272 2273/2273/2273 2274/2274/2274
f 2275/2275/2275 2276/2276/2276 2277/2277/2277
f 2278/2278/2278 2279/2279/2279 2280/2280/2280
f 2281/2281/2281 2282/2282/2282 2283/2283/2283
f 2284/2284/2284 2285/2285/2285 2286/2286/2286
f 2287/2287/2287 2288/2288/2288 2289/2289/2289
f 2290/2290/2290 2291/2291/2291 2292/2292/2292
f 2293/2293/2293 2294/2294/2294 2295/2295/2295
f 2296/2296/2296 2297/2297/2297 2298/2298/2298
f 2299/2299/2299 2300/2300/2300 2301/2301/2301
f 2302/2302/2302 2303/2303/2303 2304/2304/2304
f 2305/2305/2305 2306/2306/2306 2307/2307/2307
f 2308/2308/2308 2309/2309/2309 2310/2310/2310
f 2311/2311/2311 2312/2312/2312 2313/2313/2313
f 2314/2314/2314 2315/2315/2315 2316/2316/2316
f 2317/2317/2317 2318/2318/2318 2319/2319/2319
f 2320/2320/2320 2321/2321/2321 2322/2322/2322
f 2323/2323/2323 2324/2324/2324 2325/2325/2325
f 2326/2326/2326 2327/2327/2327 2328/2328/2328
f 2329/2329/2329 2330/2330/2330 2331/2331/2331
f 2332/2332/2332 2333/2333/2333 2334/2334/2334
f 2335/2335/2335 2336/2336/2336 2337/2337/2337
f 2338/2338/2338 2339/2339/2339 2340/2340/2340
f 2341/2341/2341 2342/2342/2342 2343/2343/2343
f 2344/2344/2344 2345/2345/2345 2346/2346/2346
f 2347/2347/2347 2348/2348/2348 2349/2349/2349
f 2350/2350/2350 2351/2351/2351 2352/2352/2352
f 2353/2353/2353 2354/2354/2354 2355/2355/2355
f 2356/2356/2356 2357/2357/2357 2358/2358/2358
f 2359/2359/2359 2360/2360/2360 2361/2361/2361
f 2362/2362/2362 2363/2363/2363 2364/2364/2364
f 2365/2365/2365 2366/2366/2366 2367/2367/2367
f 2368/2368/2368 2369/2369/2369 2370/2370/2370
f 2371/2371/2371 2372/2372/2372 2373/2373/2373
f 2374/2374/2374 2375/2375/2375 2376/2376/2376
f 2377/2377/2377 2378/2378/2378 2379/2379/2379
f 2380/2380/2380 2381/2381/2381 2382/2382/2382
f 2383/2383/2383 2384/2384/2384 2385/2385/2385
f 2386/2386/2386 2387/2387/2387 2388/2388/2388
f 2389/2389/2389 2390/2390/2390 2391/2391/2391
f 2392/2392/2392 2393/2393/2393 2394/2394/2394
f 2395/2395/2395 2396/2396/2396 2397/2397/2397
f 2398/2398/2398 2399/2399/2399 2400/2400/2400
f 2401/2401/2401 2402/2402/2402 2403/2403/2403
f 2404/2404/2404 2405/2405/2405 2406/2406/2406
f 2407/2407/2407 2408/2408/2408 2409/2409/2409
f 2410/2410/2410 2411/2411/2411 2412/2412/2412
f 2413/2413/2413 2414/2414/2414 2415/2415/2415
f 2416/2416/2416 2417/2417/2417 2418/2418/2418
f 2419/2419/2419 2420/2420/2420 2421/2421/2421
f 2422/2422/2422 2423/2423/2423 2424/2424/2424
f 2425/2425/2425 2426/2426/2426 2427/2427/2427
f 2428/2428/2428 2429/2429/2429 2430/2430/2430
f 2431/2431/2431 2432/2432/2432 2433/2433/2433
f 2434/2434/2434 2435/2435/2435 2436/2436/2436
f 2437/2437/2437 2438/2438/2438 2439/2439/2439
f 2440/2440/2440 2441/2441/2441 2442/2442/2442
f 2443/2443/2443 2444/2444/2444 2445/2445/2445
f 2446/2446/2446 2447/2447/2447 2448/2448/2448
f 2449/2449/2449 2450/2450/2450 2451/2451/2451
f 2452/2452/2452 2453/2453/2453 2454/2454/2454
f 2455/2455/2455 2456/2456/2456 2457/2457/2457
f 2458/2458/2458 2459/2459/2459 2460/2460/2460
f 2461/2461/2461 2462/2462/2462 2463/2463/2463
f 2464/2464/2464 2465/2465/2465 2466/2466/2466
f 2467/2467/2467 2468/2468/2468 2469/2469/2469
f 2470/2470/2470 2471/2471/2471 2472/2472/2472
f 2473/2473/2473 2474/2474/2474 2475/2475/2475
f 2476/2476/2476 2477/2477/2477 2478/2478/2478
f 2479/2479/2479 2480/2480/2480 2481/2481/2481
f 2482/2482/2482 2483/2483/2483 2484/2484/2484
f 2485/2485/2485 2486/2486/2486 2487/2487/2487
f 2488/2488/2488 2489/2489/2489 2490/2490/2490
f 2491/2491/2491 2492/2492/2492 2493/2493/2493
f 2494/2494/2494 2495/2495/2495 2496/2496/2496
f 2497/2497/2497 2498/2498/2498 2499/2499/2499
f 2500/2500/2500 2501/2501/2501 2502/2502/2502
f 2503/2503/2503 2504/2504/2504 2505/2505/2505
f 2506/2506/2506 2507/2507/2507 2508/2508/2508
f 2509/2509/2509 2510/2510/2510 2511/2511/2511
f 2512/2512/2512 2513/2513/2513 2514/2514/2514
f 2515/2515/2515 2516/2516/2516 2517/2517/2517
f 2518/2518/2518 2519/2519/2519 2520/2520/2520
f 2521/2521/2521 2522/2522/2522 2523/2523/2523
f 2524/2524/2524 2525/2525/2525 2526/2526/2526
f 2527/2527/2527 2528/2528/2528 2529/2529/2529
f 2530/2530/2530 2531/2531/2531 2532/2532/2532
f 2533/2533/2533 2534/2534/2534 2535/2535/2535
f 2536/2536/2536 2537/2537/2537 2538/2538/2538
f 2539/2539/2539 2540/2540/2540 2541/2541/2541
f 2542/2542/2542 2543/2543/2543 2544/2544/2544
f 2545/2545/2545 2546/2546/2546 2547/2547/2547
f 2548/2548/2548 2549/2549/2549 2550/2550/2550
f 2551/2551/2551 2552/2552/2552 2553/2553/2553
f 2554/2554/2554 2555/2555/2555 2556/2556/2556
f 2557/2557/2557 2558/2558/2558 2559/2559/2559
f 2560/2560/2560 2561/2561/2561 2562/2562/2562
f 2563/2563/2563 2564/2564/2564 2565/2565/2565
f 2566/2566/2566 2567/2567/2567 2568/2568/2568
f 2569/2569/2569 2570/2570/2570 2571/2571/2571
f 2572/2572/2572 2573/2573/2573 2574/2574/2574
f 2575/2575/2575 2576/2576/2576 2577/2577/2577
f 2578/2578/2578 2579/2579/2579 2580/2580/2580
f 2581/2581/2581 2582/2582/2582 2583/2583/2583
f 2584/2584/2584 2585/2585/2585 2586/2586/2586
f 2587/2587/2587 2588/2588/2588 2589/2589/2589
f 2590/2590/2590 2591/2591/2591 2592/2592/2592
f 2593/2593/2593 2594/2594/2594 2595/2595/2595
f 2596/2596/2596 2597/2597/2597 2598/2598/2598
f 2599/2599/2599 2600/2600/2600 2601/2601/2601
f 2602/2602/2602 2603/2603/2603 2604/2604/2604
f 2605/2605/2605 2606/2606/2606 2607/2607/2607
f 2608/2608/2608 2609/2609/2609 2610/2610/2610
f 2611/2611/2611 2612/2612/2612 2613/2613/2613
f 2614/2614/2614 2615/2615/2615 2616/2616/2616
f 2617/2617/2617 2618/2618/2618 2619/2619/2619
f 2620/2620/2620 2621/2621/2621 2622/2622/2622
f 2623/2623/2623 2624/2624/2624 2625/2625/2625
f 2626/2626/2626 2627/2627/2627 2628/2628/2628