version 1.01
770
[0.345983,0.0402365,-0.321808][0.113189,-0.0614927,-0.991669][0.843911,0.218351,0][0.467563,0.0402365,-0.263814][0.579152,-0.0775346,-0.811524][0.870905,0.223018,0][0.457267,-0.110536,-0.256631][0.573946,-0.109111,-0.811591][0.874324,0.191905,0][0.457267,-0.110536,-0.256631][0.573946,-0.109111,-0.811591][0.874324,0.191905,0][0.337736,-0.110536,-0.313309][0.101036,-0.0920549,-0.990615][0.848392,0.187543,0][0.345983,0.0402365,-0.321808][0.113189,-0.0614927,-0.991669][0.843911,0.218351,0][0.564119,0.040236,-0.166401][0.877286,-0.085012,-0.472379][0.898697,0.225566,0][0.617854,0.0402355,0.0859132][0.996196,-0.0851066,-0.0187][0.947423,0.225605,0][0.60499,-0.110537,0.0867868][0.992518,-0.12083,-0.0175547][0.948477,0.199152,0][0.60499,-0.110537,0.0867868][0.992518,-0.12083,-0.0175547][0.948477,0.199152,0][0.552286,-0.110536,-0.161291][0.873051,-0.11925,-0.472823][0.900659,0.195417,0][0.564119,0.040236,-0.166401][0.877286,-0.085012,-0.472379][0.898697,0.225566,0][0.60499,-0.110537,0.0867868][0.992518,-0.12083,-0.0175547][0.578434,0.193422,0][0.617854,0.0402355,0.0859132][0.996196,-0.0851066,-0.0187][0.582147,0.221976,0][0.599744,0.0402355,0.189364][0.981819,-0.0823676,0.171017][0.601919,0.219453,0][0.599744,0.0402355,0.189364][0.981819,-0.0823676,0.171017][0.601919,0.219453,0][0.587172,-0.110537,0.189085][0.978361,-0.118881,0.169346][0.598178,0.190387,0][0.60499,-0.110537,0.0867868][0.992518,-0.12083,-0.0175547][0.578434,0.193422,0][0.103213,0.0402379,-0.0745677][-0.973284,0.0212338,-0.228619][0.776641,0.203077,0][0.152486,0.0402374,-0.212454][-0.840391,0.00434633,-0.541963][0.802142,0.207127,0][0.147439,-0.110535,-0.205904][-0.844325,-0.0333085,-0.534795][0.805406,0.179353,0][0.147439,-0.110535,-0.205904][-0.844325,-0.0333085,-0.534795][0.805406,0.179353,0][0.0989614,-0.110535,-0.0706157][-0.973917,-0.0203918,-0.225987][0.778767,0.175988,0][0.103213,0.0402379,-0.0745677][-0.973284,0.0212338,-0.228619][0.776641,0.203077,0][0.235322,0.0402369,-0.295086][-0.479073,-0.02657,-0.877373][0.82282,0.212427,0][0.345983,0.0402365,-0.321808][0.113189,-0.0614927,-0.991669][0.843911,0.218351,0][0.337736,-0.110536,-0.313309][0.101036,-0.0920549,-0.990615][0.848392,0.187543,0][0.337736,-0.110536,-0.313309][0.101036,-0.0920549,-0.990615][0.848392,0.187543,0][0.228917,-0.110536,-0.287017][-0.488649,-0.0596431,-0.870439][0.827017,0.183232,0][0.235322,0.0402369,-0.295086][-0.479073,-0.02657,-0.877373][0.82282,0.212427,0][0.110939,0.0402374,0.176113][-0.959155,0.0271766,0.281572][0.733151,0.200773,0][0.0891619,0.0402379,0.0491183][-0.999261,0.0269786,0.027362][0.755252,0.201116,0][0.085114,-0.110535,0.0506693][-0.999465,-0.0167205,0.0281172][0.756298,0.174369,0][0.085114,-0.110535,0.0506693][-0.999465,-0.0167205,0.0281172][0.756298,0.174369,0][0.106427,-0.110535,0.175256][-0.960147,-0.0146117,0.279113][0.73311,0.173858,0][0.110939,0.0402374,0.176113][-0.959155,0.0271766,0.281572][0.733151,0.200773,0][0.234336,-0.110536,0.362402][-0.568062,-0.0308123,0.822408][0.69032,0.176311,0][0.24115,0.0402369,0.365465][-0.560411,0.0108668,0.828144][0.692241,0.204458,0][0.156993,0.0402369,0.28513][-0.820988,0.0206502,0.570572][0.712646,0.201837,0][0.156993,0.0402369,0.28513][-0.820988,0.0206502,0.570572][0.712646,0.201837,0][0.151673,-0.110535,0.282577][-0.825104,-0.019215,0.564655][0.711647,0.174544,0][0.234336,-0.110536,0.362402][-0.568062,-0.0308123,0.822408][0.69032,0.176311,0][0.482629,-0.110536,0.366906][0.483271,-0.0931541,0.870501][0.639897,0.183698,0][0.493392,0.040236,0.368538][0.488273,-0.04536,0.871511][0.643213,0.213085,0][0.359873,0.0402365,0.420402][-0.017231,-0.0159901,0.999724][0.669028,0.207825,0][0.359873,0.0402365,0.420402][-0.017231,-0.0159901,0.999724][0.669028,0.207825,0][0.351036,-0.110536,0.417769][-0.0354932,-0.0644146,0.997292][0.666316,0.179391,0][0.482629,-0.110536,0.366906][0.483271,-0.0931541,0.870501][0.639897,0.183698,0][0.351036,-0.110536,0.417769][-0.0354932,-0.0644146,0.997292][0.666316,0.179391,0][0.359873,0.0402365,0.420402][-0.017231,-0.0159901,0.999724][0.669028,0.207825,0][0.24115,0.0402369,0.365465][-0.560411,0.0108668,0.828144][0.692241,0.204458,0][0.24115,0.0402369,0.365465][-0.560411,0.0108668,0.828144][0.692241,0.204458,0][0.234336,-0.110536,0.362402][-0.568062,-0.0308123,0.822408][0.69032,0.176311,0][0.351036,-0.110536,0.417769][-0.0354932,-0.0644146,0.997292][0.666316,0.179391,0][0.467563,0.0402365,-0.263814][0.579152,-0.0775346,-0.811524][0.870905,0.223018,0][0.564119,0.040236,-0.166401][0.877286,-0.085012,-0.472379][0.898697,0.225566,0][0.552286,-0.110536,-0.161291][0.873051,-0.11925,-0.472823][0.900659,0.195417,0][0.552286,-0.110536,-0.161291][0.873051,-0.11925,-0.472823][0.900659,0.195417,0][0.457267,-0.110536,-0.256631][0.573946,-0.109111,-0.811591][0.874324,0.191905,0][0.467563,0.0402365,-0.263814][0.579152,-0.0775346,-0.811524][0.870905,0.223018,0][0.152486,0.0402374,-0.212454][-0.840391,0.00434633,-0.541963][0.802142,0.207127,0][0.235322,0.0402369,-0.295086][-0.479073,-0.02657,-0.877373][0.82282,0.212427,0][0.228917,-0.110536,-0.287017][-0.488649,-0.0596431,-0.870439][0.827017,0.183232,0][0.228917,-0.110536,-0.287017][-0.488649,-0.0596431,-0.870439][0.827017,0.183232,0][0.147439,-0.110535,-0.205904][-0.844325,-0.0333085,-0.534795][0.805406,0.179353,0][0.152486,0.0402374,-0.212454][-0.840391,0.00434633,-0.541963][0.802142,0.207127,0][0.151673,-0.110535,0.282577][-0.825104,-0.019215,0.564655][0.711647,0.174544,0][0.156993,0.0402369,0.28513][-0.820988,0.0206502,0.570572][0.712646,0.201837,0][0.110939,0.0402374,0.176113][-0.959155,0.0271766,0.281572][0.733151,0.200773,0][0.110939,0.0402374,0.176113][-0.959155,0.0271766,0.281572][0.733151,0.200773,0][0.106427,-0.110535,0.175256][-0.960147,-0.0146117,0.279113][0.73311,0.173858,0][0.151673,-0.110535,0.282577][-0.825104,-0.019215,0.564655][0.711647,0.174544,0][0.0891619,0.0402379,0.0491183][-0.999261,0.0269786,0.027362][0.755252,0.201116,0][0.103213,0.0402379,-0.0745677][-0.973284,0.0212338,-0.228619][0.776641,0.203077,0][0.0989614,-0.110535,-0.0706157][-0.973917,-0.0203918,-0.225987][0.778767,0.175988,0][0.0989614,-0.110535,-0.0706157][-0.973917,-0.0203918,-0.225987][0.778767,0.175988,0][0.085114,-0.110535,0.0506693][-0.999465,-0.0167205,0.0281172][0.756298,0.174369,0][0.0891619,0.0402379,0.0491183][-0.999261,0.0269786,0.027362][0.755252,0.201116,0][0.56754,-0.110537,0.303152][0.845075,-0.116881,0.521716][0.620048,0.187302,0][0.579785,0.040236,0.304309][0.853765,-0.0736601,0.515422][0.623547,0.216366,0][0.493392,0.040236,0.368538][0.488273,-0.04536,0.871511][0.643213,0.213085,0][0.493392,0.040236,0.368538][0.488273,-0.04536,0.871511][0.643213,0.213085,0][0.482629,-0.110536,0.366906][0.483271,-0.0931541,0.870501][0.639897,0.183698,0][0.56754,-0.110537,0.303152][0.845075,-0.116881,0.521716][0.620048,0.187302,0][0.587172,-0.110537,0.189085][0.978361,-0.118881,0.169346][0.598178,0.190387,0][0.599744,0.0402355,0.189364][0.981819,-0.0823676,0.171017][0.601919,0.219453,0][0.579785,0.040236,0.304309][0.853765,-0.0736601,0.515422][0.623547,0.216366,0][0.579785,0.040236,0.304309][0.853765,-0.0736601,0.515422][0.623547,0.216366,0][0.56754,-0.110537,0.303152][0.845075,-0.116881,0.521716][0.620048,0.187302,0][0.587172,-0.110537,0.189085][0.978361,-0.118881,0.169346][0.598178,0.190387,0][0.438175,-0.786274,-0.270506][0.132093,-0.976472,-0.170452][0.894812,0.051923,0][0.45824,-0.77238,-0.332986][0.119684,-0.975108,-0.186656][0.88879,0.062973,0][0.568946,-0.774412,-0.214215][0.182526,-0.9769,-0.111138][0.916598,0.067296,0][0.568946,-0.774412,-0.214215][0.182526,-0.9769,-0.111138][0.916598,0.067296,0][0.530617,-0.786274,-0.170183][0.202156,-0.975661,-0.0849638][0.923416,0.058503,0][0.438175,-0.786274,-0.270506][0.132093,-0.976472,-0.170452][0.894812,0.051923,0][0.530617,-0.786274,-0.170183][0.202156,-0.975661,-0.0849638][0.923416,0.058503,0][0.568946,-0.774412,-0.214215][0.182526,-0.9769,-0.111138][0.916598,0.067296,0][0.629394,-0.776359,0.100297][0.203694,-0.979035,0.00015912][0.975364,0.078976,0][0.629394,-0.776359,0.100297][0.203694,-0.979035,0.00015912][0.975364,0.078976,0][0.58108,-0.786274,0.0919361][0.202368,-0.979276,-0.00807028][0.97405,0.069612,0][0.530617,-0.786274,-0.170183][0.202156,-0.975661,-0.0849638][0.923416,0.058503,0][0.629394,-0.776359,0.100297][0.203694,-0.979035,0.00015912][0.555969,0.066769,0][0.608656,-0.77596,0.231398][0.2026,-0.978689,0.0334729][0.581296,0.061913,0][0.563764,-0.786274,0.200161][0.200734,-0.97908,0.0332865][0.575054,0.053265,0][0.563764,-0.786274,0.200161][0.200734,-0.97908,0.0332865][0.575054,0.053265,0][0.58108,-0.786274,0.0919361][0.202368,-0.979276,-0.00807028][0.553959,0.057345,0][0.629394,-0.776359,0.100297][0.203694,-0.979035,0.00015912][0.555969,0.066769,0][0.608656,-0.77596,0.231398][0.2026,-0.978689,0.0334729][0.581296,0.061913,0][0.585829,-0.7755,0.378258][0.132703,-0.986279,0.0982008][0.60743,0.058699,0][0.544704,-0.786274,0.320822][0.163449,-0.984287,0.066812][0.600223,0.047863,0][0.544704,-0.786274,0.320822][0.163449,-0.984287,0.066812][0.600223,0.047863,0][0.563764,-0.786274,0.200161][0.200734,-0.97908,0.0332865][0.575054,0.053265,0][0.608656,-0.77596,0.231398][0.2026,-0.978689,0.0334729][0.581296,0.061913,0][0.585829,-0.7755,0.378258][0.132703,-0.986279,0.0982008][0.60743,0.058699,0][0.487486,-0.773182,0.459495][0.0792044,-0.984256,0.158009][0.628414,0.056179,0][0.462593,-0.786274,0.388254][0.0835785,-0.985698,0.146334][0.623606,0.042814,0][0.462593,-0.786274,0.388254][0.0835785,-0.985698,0.146334][0.623606,0.042814,0][0.544704,-0.786274,0.320822][0.163449,-0.984287,0.066812][0.600223,0.047863,0][0.585829,-0.7755,0.378258][0.132703,-0.986279,0.0982008][0.60743,0.058699,0][0.487486,-0.773182,0.459495][0.0792044,-0.984256,0.158009][0.628414,0.056179,0][0.333073,-0.771306,0.521584][-0.0264437,-0.982356,0.185142][0.654992,0.053259,0][0.33364,-0.786274,0.442244][-0.0311045,-0.981642,0.188177][0.654186,0.038991,0][0.33364,-0.786274,0.442244][-0.0311045,-0.981642,0.188177][0.654186,0.038991,0][0.462593,-0.786274,0.388254][0.0835785,-0.985698,0.146334][0.623606,0.042814,0][0.487486,-0.773182,0.459495][0.0792044,-0.984256,0.158009][0.628414,0.056179,0][0.33364,-0.786274,0.442244][-0.0311045,-0.981642,0.188177][0.654186,0.038991,0][0.333073,-0.771306,0.521584][-0.0264437,-0.982356,0.185142][0.654992,0.053259,0][0.197831,-0.768189,0.447106][-0.164313,-0.964467,0.206891][0.679604,0.050899,0][0.197831,-0.768189,0.447106][-0.164313,-0.964467,0.206891][0.679604,0.050899,0][0.22072,-0.786273,0.384044][-0.18588,-0.958945,0.21418][0.682613,0.038187,0][0.33364,-0.786274,0.442244][-0.0311045,-0.981642,0.188177][0.654186,0.038991,0][0.22072,-0.786273,0.384044][-0.18588,-0.958945,0.21418][0.682613,0.038187,0][0.197831,-0.768189,0.447106][-0.164313,-0.964467,0.206891][0.679604,0.050899,0][0.102364,-0.765699,0.344365][-0.28284,-0.941969,0.180822][0.704283,0.049829,0][0.102364,-0.765699,0.344365][-0.28284,-0.941969,0.180822][0.704283,0.049829,0][0.141014,-0.786273,0.30003][-0.30526,-0.93668,0.171599][0.707378,0.038337,0][0.22072,-0.786273,0.384044][-0.18588,-0.958945,0.21418][0.682613,0.038187,0][0.141014,-0.786273,0.30003][-0.30526,-0.93668,0.171599][0.707378,0.038337,0][0.102364,-0.765699,0.344365][-0.28284,-0.941969,0.180822][0.704283,0.049829,0][0.0500536,-0.764384,0.210086][-0.374453,-0.921773,0.100589][0.730577,0.049552,0][0.0500536,-0.764384,0.210086][-0.374453,-0.921773,0.100589][0.730577,0.049552,0][0.0973392,-0.786273,0.186865][-0.381428,-0.919634,0.0937278][0.732736,0.038737,0][0.141014,-0.786273,0.30003][-0.30526,-0.93668,0.171599][0.707378,0.038337,0][0.0973392,-0.786273,0.186865][-0.381428,-0.919634,0.0937278][0.732736,0.038737,0][0.0500536,-0.764384,0.210086][-0.374453,-0.921773,0.100589][0.730577,0.049552,0][0.0258648,-0.763377,0.0556588][-0.406202,-0.913746,0.00822064][0.759748,0.050379,0][0.0258648,-0.763377,0.0556588][-0.406202,-0.913746,0.00822064][0.759748,0.050379,0][0.0771487,-0.786273,0.0554593][-0.407624,-0.913092,0.0102277][0.759919,0.039575,0][0.0973392,-0.786273,0.186865][-0.381428,-0.919634,0.0937278][0.732736,0.038737,0][0.0258648,-0.763377,0.0556588][-0.406202,-0.913746,0.00822064][0.759748,0.050379,0][0.0421064,-0.763581,-0.0947807][-0.386924,-0.917963,-0.0873685][0.787833,0.051835,0][0.0907123,-0.786273,-0.0725404][-0.392269,-0.916522,-0.0781788][0.786189,0.04074,0][0.0907123,-0.786273,-0.0725404][-0.392269,-0.916522,-0.0781788][0.786189,0.04074,0][0.0771487,-0.786273,0.0554593][-0.407624,-0.913092,0.0102277][0.759919,0.039575,0][0.0258648,-0.763377,0.0556588][-0.406202,-0.913746,0.00822064][0.759748,0.050379,0][0.0421064,-0.763581,-0.0947807][-0.386924,-0.917963,-0.0873685][0.787833,0.051835,0][0.0985353,-0.764663,-0.263776][-0.289221,-0.940393,-0.178917][0.820054,0.054545,0][0.137831,-0.786273,-0.215394][-0.317671,-0.93443,-0.161014][0.816994,0.042549,0][0.137831,-0.786273,-0.215394][-0.317671,-0.93443,-0.161014][0.816994,0.042549,0][0.0907123,-0.786273,-0.0725404][-0.392269,-0.916522,-0.0781788][0.786189,0.04074,0][0.0421064,-0.763581,-0.0947807][-0.386924,-0.917963,-0.0873685][0.787833,0.051835,0][0.0985353,-0.764663,-0.263776][-0.289221,-0.940393,-0.178917][0.820054,0.054545,0][0.193248,-0.766592,-0.366639][-0.145257,-0.962453,-0.229314][0.84311,0.057267,0][0.216915,-0.786273,-0.301321][-0.164126,-0.958422,-0.233432][0.84247,0.044117,0][0.216915,-0.786273,-0.301321][-0.164126,-0.958422,-0.233432][0.84247,0.044117,0][0.137831,-0.786273,-0.215394][-0.317671,-0.93443,-0.161014][0.816994,0.042549,0][0.0985353,-0.764663,-0.263776][-0.289221,-0.940393,-0.178917][0.820054,0.054545,0][0.193248,-0.766592,-0.366639][-0.145257,-0.962453,-0.229314][0.84311,0.057267,0][0.319597,-0.769292,-0.401871][-0.00486168,-0.973472,-0.228755][0.863651,0.059892,0][0.322413,-0.786274,-0.329661][0.0134933,-0.973295,-0.229161][0.866928,0.046802,0][0.322413,-0.786274,-0.329661][0.0134933,-0.973295,-0.229161][0.866928,0.046802,0][0.216915,-0.786273,-0.301321][-0.164126,-0.958422,-0.233432][0.84247,0.044117,0][0.193248,-0.766592,-0.366639][-0.145257,-0.962453,-0.229314][0.84311,0.057267,0][0.322413,-0.786274,-0.329661][0.0134933,-0.973295,-0.229161][0.866928,0.046802,0][0.319597,-0.769292,-0.401871][-0.00486168,-0.973472,-0.228755][0.863651,0.059892,0][0.45824,-0.77238,-0.332986][0.119684,-0.975108,-0.186656][0.88879,0.062973,0][0.45824,-0.77238,-0.332986][0.119684,-0.975108,-0.186656][0.88879,0.062973,0][0.438175,-0.786274,-0.270506][0.132093,-0.976472,-0.170452][0.894812,0.051923,0][0.322413,-0.786274,-0.329661][0.0134933,-0.973295,-0.229161][0.866928,0.046802,0][0.446043,-0.226314,-0.244742][0.58469,-0.00178552,-0.811255][0.877429,0.168019,0][0.536415,-0.226314,-0.152835][0.884011,-0.0270754,-0.466681][0.903571,0.17206,0][0.554158,-0.516052,-0.183076][0.883671,0.103886,-0.456434][0.911154,0.115558,0][0.554158,-0.516052,-0.183076][0.883671,0.103886,-0.456434][0.911154,0.115558,0][0.453858,-0.516051,-0.288368][0.588377,0.141588,-0.796094][0.884421,0.110424,0][0.446043,-0.226314,-0.244742][0.58469,-0.00178552,-0.811255][0.877429,0.168019,0][0.536415,-0.226314,-0.152835][0.884011,-0.0270754,-0.466681][0.903571,0.17206,0][0.586421,-0.226315,0.0857483][0.998954,-0.0407896,-0.02065][0.949974,0.178523,0][0.60908,-0.516052,0.0926048][0.99671,0.0790665,-0.0178218][0.962861,0.126302,0][0.60908,-0.516052,0.0926048][0.99671,0.0790665,-0.0178218][0.962861,0.126302,0][0.554158,-0.516052,-0.183076][0.883671,0.103886,-0.456434][0.911154,0.115558,0][0.536415,-0.226314,-0.152835][0.884011,-0.0270754,-0.466681][0.903571,0.17206,0][0.60908,-0.516052,0.0926048][0.99671,0.0790665,-0.0178218][0.564344,0.116303,0][0.586421,-0.226315,0.0857483][0.998954,-0.0407896,-0.02065][0.575464,0.17143,0][0.569478,-0.226314,0.184009][0.98498,-0.0372479,0.168605][0.594624,0.167931,0][0.569478,-0.226314,0.184009][0.98498,-0.0372479,0.168605][0.594624,0.167931,0][0.590288,-0.516052,0.20685][0.983447,0.0839966,0.16055][0.58621,0.111872,0][0.60908,-0.516052,0.0926048][0.99671,0.0790665,-0.0178218][0.564344,0.116303,0][0.590288,-0.516052,0.20685][0.983447,0.0839966,0.16055][0.58621,0.111872,0][0.569478,-0.226314,0.184009][0.98498,-0.0372479,0.168605][0.594624,0.167931,0][0.550812,-0.226314,0.293523][0.860303,-0.0202264,0.509381][0.616653,0.16396,0][0.550812,-0.226314,0.293523][0.860303,-0.0202264,0.509381][0.616653,0.16396,0][0.569599,-0.516052,0.334545][0.858262,0.132492,0.495814][0.610204,0.106661,0][0.590288,-0.516052,0.20685][0.983447,0.0839966,0.16055][0.58621,0.111872,0][0.569599,-0.516052,0.334545][0.858262,0.132492,0.495814][0.610204,0.106661,0][0.550812,-0.226314,0.293523][0.860303,-0.0202264,0.509381][0.616653,0.16396,0][0.470127,-0.226314,0.355029][0.492769,0.0132929,0.870059][0.637205,0.160551,0][0.470127,-0.226314,0.355029][0.492769,0.0132929,0.870059][0.637205,0.160551,0][0.480405,-0.516052,0.406089][0.499349,0.177455,0.848033][0.631381,0.103279,0][0.569599,-0.516052,0.334545][0.858262,0.132492,0.495814][0.610204,0.106661,0][0.480405,-0.516052,0.406089][0.499349,0.177455,0.848033][0.631381,0.103279,0][0.470127,-0.226314,0.355029][0.492769,0.0132929,0.870059][0.637205,0.160551,0][0.344834,-0.226314,0.404761][-0.039951,0.0425421,0.998296][0.664529,0.156227,0][0.344834,-0.226314,0.404761][-0.039951,0.0425421,0.998296][0.664529,0.156227,0][0.340683,-0.516051,0.46252][-0.0428296,0.208881,0.977003][0.658942,0.098836,0][0.480405,-0.516052,0.406089][0.499349,0.177455,0.848033][0.631381,0.103279,0][0.344834,-0.226314,0.404761][-0.039951,0.0425421,0.998296][0.664529,0.156227,0][0.233932,-0.226314,0.352401][-0.574966,0.0457457,0.816897][0.6894,0.15391,0][0.218035,-0.516051,0.400127][-0.583342,0.179155,0.792222][0.684401,0.097476,0][0.218035,-0.516051,0.400127][-0.583342,0.179155,0.792222][0.684401,0.097476,0][0.340683,-0.516051,0.46252][-0.0428296,0.208881,0.977003][0.658942,0.098836,0][0.344834,-0.226314,0.404761][-0.039951,0.0425421,0.998296][0.664529,0.156227,0][0.233932,-0.226314,0.352401][-0.574966,0.0457457,0.816897][0.6894,0.15391,0][0.155417,-0.226313,0.275911][-0.8303,0.0366674,0.55611][0.711213,0.152611,0][0.131405,-0.516051,0.311028][-0.828553,0.152834,0.538649][0.70768,0.096704,0][0.131405,-0.516051,0.311028][-0.828553,0.152834,0.538649][0.70768,0.096704,0][0.218035,-0.516051,0.400127][-0.583342,0.179155,0.792222][0.684401,0.097476,0][0.233932,-0.226314,0.352401][-0.574966,0.0457457,0.816897][0.6894,0.15391,0][0.155417,-0.226313,0.275911][-0.8303,0.0366674,0.55611][0.711213,0.152611,0][0.112435,-0.226313,0.172238][-0.961485,0.027321,0.273495][0.733218,0.152294,0][0.0839458,-0.516051,0.191947][-0.955486,0.131763,0.26398][0.73189,0.096809,0][0.0839458,-0.516051,0.191947][-0.955486,0.131763,0.26398][0.73189,0.096809,0][0.131405,-0.516051,0.311028][-0.828553,0.152834,0.538649][0.70768,0.096704,0][0.155417,-0.226313,0.275911][-0.8303,0.0366674,0.55611][0.711213,0.152611,0][0.112435,-0.226313,0.172238][-0.961485,0.027321,0.273495][0.733218,0.152294,0][0.0922446,-0.226313,0.051644][-0.99937,0.0222249,0.0276726][0.756937,0.152816,0][0.0619261,-0.516051,0.0540661][-0.991799,0.125357,0.0248918][0.75837,0.097448,0][0.0619261,-0.516051,0.0540661][-0.991799,0.125357,0.0248918][0.75837,0.097448,0][0.0839458,-0.516051,0.191947][-0.955486,0.131763,0.26398][0.73189,0.096809,0][0.112435,-0.226313,0.172238][-0.961485,0.027321,0.273495][0.733218,0.152294,0][0.0619261,-0.516051,0.0540661][-0.991799,0.125357,0.0248918][0.75837,0.097448,0][0.0922446,-0.226313,0.051644][-0.99937,0.0222249,0.0276726][0.756937,0.152816,0][0.105428,-0.226313,-0.0657136][-0.974881,0.0215752,-0.22168][0.779911,0.154261,0][0.105428,-0.226313,-0.0657136][-0.974881,0.0215752,-0.22168][0.779911,0.154261,0][0.0766237,-0.516051,-0.0802384][-0.967979,0.128298,-0.21577][0.783982,0.098723,0][0.0619261,-0.516051,0.0540661][-0.991799,0.125357,0.0248918][0.75837,0.097448,0][0.0766237,-0.516051,-0.0802384][-0.967979,0.128298,-0.21577][0.783982,0.098723,0][0.105428,-0.226313,-0.0657136][-0.974881,0.0215752,-0.22168][0.779911,0.154261,0][0.151528,-0.226313,-0.196345][-0.850862,0.0271936,-0.524686][0.807217,0.156953,0][0.151528,-0.226313,-0.196345][-0.850862,0.0271936,-0.524686][0.807217,0.156953,0][0.127757,-0.516051,-0.230309][-0.84562,0.150276,-0.512196][0.813833,0.100586,0][0.0766237,-0.516051,-0.0802384][-0.967979,0.128298,-0.21577][0.783982,0.098723,0][0.127757,-0.516051,-0.230309][-0.84562,0.150276,-0.512196][0.813833,0.100586,0][0.151528,-0.226313,-0.196345][-0.850862,0.0271936,-0.524686][0.807217,0.156953,0][0.228995,-0.226313,-0.274433][-0.4983,0.0325917,-0.866392][0.829537,0.159939,0][0.228995,-0.226313,-0.274433][-0.4983,0.0325917,-0.866392][0.829537,0.159939,0][0.213602,-0.516051,-0.320679][-0.500242,0.180515,-0.84686][0.837044,0.102622,0][0.127757,-0.516051,-0.230309][-0.84562,0.150276,-0.512196][0.813833,0.100586,0][0.213602,-0.516051,-0.320679][-0.500242,0.180515,-0.84686][0.837044,0.102622,0][0.228995,-0.226313,-0.274433][-0.4983,0.0325917,-0.866392][0.829537,0.159939,0][0.332437,-0.226314,-0.299543][0.105318,0.0229705,-0.994173][0.851495,0.163488,0][0.332437,-0.226314,-0.299543][0.105318,0.0229705,-0.994173][0.851495,0.163488,0][0.328146,-0.516051,-0.350504][0.104016,0.182367,-0.977713][0.858841,0.105463,0][0.213602,-0.516051,-0.320679][-0.500242,0.180515,-0.84686][0.837044,0.102622,0][0.332437,-0.226314,-0.299543][0.105318,0.0229705,-0.994173][0.851495,0.163488,0][0.446043,-0.226314,-0.244742][0.58469,-0.00178552,-0.811255][0.877429,0.168019,0][0.453858,-0.516051,-0.288368][0.588377,0.141588,-0.796094][0.884421,0.110424,0][0.453858,-0.516051,-0.288368][0.588377,0.141588,-0.796094][0.884421,0.110424,0][0.328146,-0.516051,-0.350504][0.104016,0.182367,-0.977713][0.858841,0.105463,0][0.332437,-0.226314,-0.299543][0.105318,0.0229705,-0.994173][0.851495,0.163488,0][0.457267,-0.110536,-0.256631][0.573946,-0.109111,-0.811591][0.874324,0.191905,0][0.552286,-0.110536,-0.161291][0.873051,-0.11925,-0.472823][0.900659,0.195417,0][0.536415,-0.226314,-0.152835][0.884011,-0.0270754,-0.466681][0.903571,0.17206,0][0.536415,-0.226314,-0.152835][0.884011,-0.0270754,-0.466681][0.903571,0.17206,0][0.446043,-0.226314,-0.244742][0.58469,-0.00178552,-0.811255][0.877429,0.168019,0][0.457267,-0.110536,-0.256631][0.573946,-0.109111,-0.811591][0.874324,0.191905,0][0.552286,-0.110536,-0.161291][0.873051,-0.11925,-0.472823][0.900659,0.195417,0][0.60499,-0.110537,0.0867868][0.992518,-0.12083,-0.0175547][0.948477,0.199152,0][0.586421,-0.226315,0.0857483][0.998954,-0.0407896,-0.02065][0.949974,0.178523,0][0.586421,-0.226315,0.0857483][0.998954,-0.0407896,-0.02065][0.949974,0.178523,0][0.536415,-0.226314,-0.152835][0.884011,-0.0270754,-0.466681][0.903571,0.17206,0][0.552286,-0.110536,-0.161291][0.873051,-0.11925,-0.472823][0.900659,0.195417,0][0.60499,-0.110537,0.0867868][0.992518,-0.12083,-0.0175547][0.578434,0.193422,0][0.587172,-0.110537,0.189085][0.978361,-0.118881,0.169346][0.598178,0.190387,0][0.569478,-0.226314,0.184009][0.98498,-0.0372479,0.168605][0.594624,0.167931,0][0.569478,-0.226314,0.184009][0.98498,-0.0372479,0.168605][0.594624,0.167931,0][0.586421,-0.226315,0.0857483][0.998954,-0.0407896,-0.02065][0.575464,0.17143,0][0.60499,-0.110537,0.0867868][0.992518,-0.12083,-0.0175547][0.578434,0.193422,0][0.587172,-0.110537,0.189085][0.978361,-0.118881,0.169346][0.598178,0.190387,0][0.56754,-0.110537,0.303152][0.845075,-0.116881,0.521716][0.620048,0.187302,0][0.550812,-0.226314,0.293523][0.860303,-0.0202264,0.509381][0.616653,0.16396,0][0.550812,-0.226314,0.293523][0.860303,-0.0202264,0.509381][0.616653,0.16396,0][0.569478,-0.226314,0.184009][0.98498,-0.0372479,0.168605][0.594624,0.167931,0][0.587172,-0.110537,0.189085][0.978361,-0.118881,0.169346][0.598178,0.190387,0][0.550812,-0.226314,0.293523][0.860303,-0.0202264,0.509381][0.616653,0.16396,0][0.56754,-0.110537,0.303152][0.845075,-0.116881,0.521716][0.620048,0.187302,0][0.482629,-0.110536,0.366906][0.483271,-0.0931541,0.870501][0.639897,0.183698,0][0.482629,-0.110536,0.366906][0.483271,-0.0931541,0.870501][0.639897,0.183698,0][0.470127,-0.226314,0.355029][0.492769,0.0132929,0.870059][0.637205,0.160551,0][0.550812,-0.226314,0.293523][0.860303,-0.0202264,0.509381][0.616653,0.16396,0][0.470127,-0.226314,0.355029][0.492769,0.0132929,0.870059][0.637205,0.160551,0][0.482629,-0.110536,0.366906][0.483271,-0.0931541,0.870501][0.639897,0.183698,0][0.351036,-0.110536,0.417769][-0.0354932,-0.0644146,0.997292][0.666316,0.179391,0][0.351036,-0.110536,0.417769][-0.0354932,-0.0644146,0.997292][0.666316,0.179391,0][0.344834,-0.226314,0.404761][-0.039951,0.0425421,0.998296][0.664529,0.156227,0][0.470127,-0.226314,0.355029][0.492769,0.0132929,0.870059][0.637205,0.160551,0][0.344834,-0.226314,0.404761][-0.039951,0.0425421,0.998296][0.664529,0.156227,0][0.351036,-0.110536,0.417769][-0.0354932,-0.0644146,0.997292][0.666316,0.179391,0][0.234336,-0.110536,0.362402][-0.568062,-0.0308123,0.822408][0.69032,0.176311,0][0.234336,-0.110536,0.362402][-0.568062,-0.0308123,0.822408][0.69032,0.176311,0][0.233932,-0.226314,0.352401][-0.574966,0.0457457,0.816897][0.6894,0.15391,0][0.344834,-0.226314,0.404761][-0.039951,0.0425421,0.998296][0.664529,0.156227,0][0.233932,-0.226314,0.352401][-0.574966,0.0457457,0.816897][0.6894,0.15391,0][0.234336,-0.110536,0.362402][-0.568062,-0.0308123,0.822408][0.69032,0.176311,0][0.151673,-0.110535,0.282577][-0.825104,-0.019215,0.564655][0.711647,0.174544,0][0.151673,-0.110535,0.282577][-0.825104,-0.019215,0.564655][0.711647,0.174544,0][0.155417,-0.226313,0.275911][-0.8303,0.0366674,0.55611][0.711213,0.152611,0][0.233932,-0.226314,0.352401][-0.574966,0.0457457,0.816897][0.6894,0.15391,0][0.155417,-0.226313,0.275911][-0.8303,0.0366674,0.55611][0.711213,0.152611,0][0.151673,-0.110535,0.282577][-0.825104,-0.019215,0.564655][0.711647,0.174544,0][0.106427,-0.110535,0.175256][-0.960147,-0.0146117,0.279113][0.73311,0.173858,0][0.106427,-0.110535,0.175256][-0.960147,-0.0146117,0.279113][0.73311,0.173858,0][0.112435,-0.226313,0.172238][-0.961485,0.027321,0.273495][0.733218,0.152294,0][0.155417,-0.226313,0.275911][-0.8303,0.0366674,0.55611][0.711213,0.152611,0][0.106427,-0.110535,0.175256][-0.960147,-0.0146117,0.279113][0.73311,0.173858,0][0.085114,-0.110535,0.0506693][-0.999465,-0.0167205,0.0281172][0.756298,0.174369,0][0.0922446,-0.226313,0.051644][-0.99937,0.0222249,0.0276726][0.756937,0.152816,0][0.0922446,-0.226313,0.051644][-0.99937,0.0222249,0.0276726][0.756937,0.152816,0][0.112435,-0.226313,0.172238][-0.961485,0.027321,0.273495][0.733218,0.152294,0][0.106427,-0.110535,0.175256][-0.960147,-0.0146117,0.279113][0.73311,0.173858,0][0.085114,-0.110535,0.0506693][-0.999465,-0.0167205,0.0281172][0.756298,0.174369,0][0.0989614,-0.110535,-0.0706157][-0.973917,-0.0203918,-0.225987][0.778767,0.175988,0][0.105428,-0.226313,-0.0657136][-0.974881,0.0215752,-0.22168][0.779911,0.154261,0][0.105428,-0.226313,-0.0657136][-0.974881,0.0215752,-0.22168][0.779911,0.154261,0][0.0922446,-0.226313,0.051644][-0.99937,0.0222249,0.0276726][0.756937,0.152816,0][0.085114,-0.110535,0.0506693][-0.999465,-0.0167205,0.0281172][0.756298,0.174369,0][0.0989614,-0.110535,-0.0706157][-0.973917,-0.0203918,-0.225987][0.778767,0.175988,0][0.147439,-0.110535,-0.205904][-0.844325,-0.0333085,-0.534795][0.805406,0.179353,0][0.151528,-0.226313,-0.196345][-0.850862,0.0271936,-0.524686][0.807217,0.156953,0][0.151528,-0.226313,-0.196345][-0.850862,0.0271936,-0.524686][0.807217,0.156953,0][0.105428,-0.226313,-0.0657136][-0.974881,0.0215752,-0.22168][0.779911,0.154261,0][0.0989614,-0.110535,-0.0706157][-0.973917,-0.0203918,-0.225987][0.778767,0.175988,0][0.147439,-0.110535,-0.205904][-0.844325,-0.0333085,-0.534795][0.805406,0.179353,0][0.228917,-0.110536,-0.287017][-0.488649,-0.0596431,-0.870439][0.827017,0.183232,0][0.228995,-0.226313,-0.274433][-0.4983,0.0325917,-0.866392][0.829537,0.159939,0][0.228995,-0.226313,-0.274433][-0.4983,0.0325917,-0.866392][0.829537,0.159939,0][0.151528,-0.226313,-0.196345][-0.850862,0.0271936,-0.524686][0.807217,0.156953,0][0.147439,-0.110535,-0.205904][-0.844325,-0.0333085,-0.534795][0.805406,0.179353,0][0.228917,-0.110536,-0.287017][-0.488649,-0.0596431,-0.870439][0.827017,0.183232,0][0.337736,-0.110536,-0.313309][0.101036,-0.0920549,-0.990615][0.848392,0.187543,0][0.332437,-0.226314,-0.299543][0.105318,0.0229705,-0.994173][0.851495,0.163488,0][0.332437,-0.226314,-0.299543][0.105318,0.0229705,-0.994173][0.851495,0.163488,0][0.228995,-0.226313,-0.274433][-0.4983,0.0325917,-0.866392][0.829537,0.159939,0][0.228917,-0.110536,-0.287017][-0.488649,-0.0596431,-0.870439][0.827017,0.183232,0][0.337736,-0.110536,-0.313309][0.101036,-0.0920549,-0.990615][0.848392,0.187543,0][0.457267,-0.110536,-0.256631][0.573946,-0.109111,-0.811591][0.874324,0.191905,0][0.446043,-0.226314,-0.244742][0.58469,-0.00178552,-0.811255][0.877429,0.168019,0][0.446043,-0.226314,-0.244742][0.58469,-0.00178552,-0.811255][0.877429,0.168019,0][0.332437,-0.226314,-0.299543][0.105318,0.0229705,-0.994173][0.851495,0.163488,0][0.337736,-0.110536,-0.313309][0.101036,-0.0920549,-0.990615][0.848392,0.187543,0][0.453858,-0.516051,-0.288368][0.588377,0.141588,-0.796094][0.884421,0.110424,0][0.554158,-0.516052,-0.183076][0.883671,0.103886,-0.456434][0.911154,0.115558,0][0.568946,-0.774412,-0.214215][0.880283,0.108613,-0.46185][0.916598,0.067296,0][0.568946,-0.774412,-0.214215][0.880283,0.108613,-0.46185][0.916598,0.067296,0][0.45824,-0.77238,-0.332986][0.586063,0.149689,-0.796319][0.88879,0.062973,0][0.453858,-0.516051,-0.288368][0.588377,0.141588,-0.796094][0.884421,0.110424,0][0.554158,-0.516052,-0.183076][0.883671,0.103886,-0.456434][0.911154,0.115558,0][0.60908,-0.516052,0.0926048][0.99671,0.0790665,-0.0178218][0.962861,0.126302,0][0.629394,-0.776359,0.100297][0.996675,0.0802944,-0.0138214][0.975364,0.078976,0][0.629394,-0.776359,0.100297][0.996675,0.0802944,-0.0138214][0.975364,0.078976,0][0.568946,-0.774412,-0.214215][0.880283,0.108613,-0.46185][0.916598,0.067296,0][0.554158,-0.516052,-0.183076][0.883671,0.103886,-0.456434][0.911154,0.115558,0][0.629394,-0.776359,0.100297][0.996675,0.0802944,-0.0138214][0.555969,0.066769,0][0.60908,-0.516052,0.0926048][0.99671,0.0790665,-0.0178218][0.564344,0.116303,0][0.590288,-0.516052,0.20685][0.983447,0.0839966,0.16055][0.58621,0.111872,0][0.590288,-0.516052,0.20685][0.983447,0.0839966,0.16055][0.58621,0.111872,0][0.608656,-0.77596,0.231398][0.98421,0.0854392,0.155018][0.581296,0.061913,0][0.629394,-0.776359,0.100297][0.996675,0.0802944,-0.0138214][0.555969,0.066769,0][0.608656,-0.77596,0.231398][0.98421,0.0854392,0.155018][0.581296,0.061913,0][0.590288,-0.516052,0.20685][0.983447,0.0839966,0.16055][0.58621,0.111872,0][0.569599,-0.516052,0.334545][0.858262,0.132492,0.495814][0.610204,0.106661,0][0.569599,-0.516052,0.334545][0.858262,0.132492,0.495814][0.610204,0.106661,0][0.585829,-0.7755,0.378258][0.8491,0.142058,0.508773][0.60743,0.058699,0][0.608656,-0.77596,0.231398][0.98421,0.0854392,0.155018][0.581296,0.061913,0][0.585829,-0.7755,0.378258][0.8491,0.142058,0.508773][0.60743,0.058699,0][0.569599,-0.516052,0.334545][0.858262,0.132492,0.495814][0.610204,0.106661,0][0.480405,-0.516052,0.406089][0.499349,0.177455,0.848033][0.631381,0.103279,0][0.480405,-0.516052,0.406089][0.499349,0.177455,0.848033][0.631381,0.103279,0][0.487486,-0.773182,0.459495][0.498716,0.189557,0.845784][0.628414,0.056179,0][0.585829,-0.7755,0.378258][0.8491,0.142058,0.508773][0.60743,0.058699,0][0.487486,-0.773182,0.459495][0.498716,0.189557,0.845784][0.628414,0.056179,0][0.480405,-0.516052,0.406089][0.499349,0.177455,0.848033][0.631381,0.103279,0][0.340683,-0.516051,0.46252][-0.0428296,0.208881,0.977003][0.658942,0.098836,0][0.340683,-0.516051,0.46252][-0.0428296,0.208881,0.977003][0.658942,0.098836,0][0.333073,-0.771306,0.521584][-0.0545662,0.226646,0.972448][0.654992,0.053259,0][0.487486,-0.773182,0.459495][0.498716,0.189557,0.845784][0.628414,0.056179,0][0.340683,-0.516051,0.46252][-0.0428296,0.208881,0.977003][0.658942,0.098836,0][0.218035,-0.516051,0.400127][-0.583342,0.179155,0.792222][0.684401,0.097476,0][0.197831,-0.768189,0.447106][-0.591251,0.198573,0.781659][0.679604,0.050899,0][0.197831,-0.768189,0.447106][-0.591251,0.198573,0.781659][0.679604,0.050899,0][0.333073,-0.771306,0.521584][-0.0545662,0.226646,0.972448][0.654992,0.053259,0][0.340683,-0.516051,0.46252][-0.0428296,0.208881,0.977003][0.658942,0.098836,0][0.218035,-0.516051,0.400127][-0.583342,0.179155,0.792222][0.684401,0.097476,0][0.131405,-0.516051,0.311028][-0.828553,0.152834,0.538649][0.70768,0.096704,0][0.102364,-0.765699,0.344365][-0.828007,0.171203,0.533941][0.704283,0.049829,0][0.102364,-0.765699,0.344365][-0.828007,0.171203,0.533941][0.704283,0.049829,0][0.197831,-0.768189,0.447106][-0.591251,0.198573,0.781659][0.679604,0.050899,0][0.218035,-0.516051,0.400127][-0.583342,0.179155,0.792222][0.684401,0.097476,0][0.131405,-0.516051,0.311028][-0.828553,0.152834,0.538649][0.70768,0.096704,0][0.0839458,-0.516051,0.191947][-0.955486,0.131763,0.26398][0.73189,0.096809,0][0.0500536,-0.764384,0.210086][-0.953215,0.15042,0.262212][0.730577,0.049552,0][0.0500536,-0.764384,0.210086][-0.953215,0.15042,0.262212][0.730577,0.049552,0][0.102364,-0.765699,0.344365][-0.828007,0.171203,0.533941][0.704283,0.049829,0][0.131405,-0.516051,0.311028][-0.828553,0.152834,0.538649][0.70768,0.096704,0][0.0839458,-0.516051,0.191947][-0.955486,0.131763,0.26398][0.73189,0.096809,0][0.0619261,-0.516051,0.0540661][-0.991799,0.125357,0.0248918][0.75837,0.097448,0][0.0258648,-0.763377,0.0556588][-0.989125,0.145003,0.0246079][0.759748,0.050379,0][0.0258648,-0.763377,0.0556588][-0.989125,0.145003,0.0246079][0.759748,0.050379,0][0.0500536,-0.764384,0.210086][-0.953215,0.15042,0.262212][0.730577,0.049552,0][0.0839458,-0.516051,0.191947][-0.955486,0.131763,0.26398][0.73189,0.096809,0][0.0258648,-0.763377,0.0556588][-0.989125,0.145003,0.0246079][0.759748,0.050379,0][0.0619261,-0.516051,0.0540661][-0.991799,0.125357,0.0248918][0.75837,0.097448,0][0.0766237,-0.516051,-0.0802384][-0.967979,0.128298,-0.21577][0.783982,0.098723,0][0.0766237,-0.516051,-0.0802384][-0.967979,0.128298,-0.21577][0.783982,0.098723,0][0.0421064,-0.763581,-0.0947807][-0.965429,0.148302,-0.214366][0.787833,0.051835,0][0.0258648,-0.763377,0.0556588][-0.989125,0.145003,0.0246079][0.759748,0.050379,0][0.0421064,-0.763581,-0.0947807][-0.965429,0.148302,-0.214366][0.787833,0.051835,0][0.0766237,-0.516051,-0.0802384][-0.967979,0.128298,-0.21577][0.783982,0.098723,0][0.127757,-0.516051,-0.230309][-0.84562,0.150276,-0.512196][0.813833,0.100586,0][0.127757,-0.516051,-0.230309][-0.84562,0.150276,-0.512196][0.813833,0.100586,0][0.0985353,-0.764663,-0.263776][-0.842467,0.170265,-0.511136][0.820054,0.054545,0][0.0421064,-0.763581,-0.0947807][-0.965429,0.148302,-0.214366][0.787833,0.051835,0][0.0985353,-0.764663,-0.263776][-0.842467,0.170265,-0.511136][0.820054,0.054545,0][0.127757,-0.516051,-0.230309][-0.84562,0.150276,-0.512196][0.813833,0.100586,0][0.213602,-0.516051,-0.320679][-0.500242,0.180515,-0.84686][0.837044,0.102622,0][0.213602,-0.516051,-0.320679][-0.500242,0.180515,-0.84686][0.837044,0.102622,0][0.193248,-0.766592,-0.366639][-0.502954,0.195313,-0.841956][0.84311,0.057267,0][0.0985353,-0.764663,-0.263776][-0.842467,0.170265,-0.511136][0.820054,0.054545,0][0.213602,-0.516051,-0.320679][-0.500242,0.180515,-0.84686][0.837044,0.102622,0][0.328146,-0.516051,-0.350504][0.104016,0.182367,-0.977713][0.858841,0.105463,0][0.319597,-0.769292,-0.401871][0.0921351,0.192685,-0.976926][0.863651,0.059892,0][0.319597,-0.769292,-0.401871][0.0921351,0.192685,-0.976926][0.863651,0.059892,0][0.193248,-0.766592,-0.366639][-0.502954,0.195313,-0.841956][0.84311,0.057267,0][0.213602,-0.516051,-0.320679][-0.500242,0.180515,-0.84686][0.837044,0.102622,0][0.328146,-0.516051,-0.350504][0.104016,0.182367,-0.977713][0.858841,0.105463,0][0.453858,-0.516051,-0.288368][0.588377,0.141588,-0.796094][0.884421,0.110424,0][0.45824,-0.77238,-0.332986][0.586063,0.149689,-0.796319][0.88879,0.062973,0][0.45824,-0.77238,-0.332986][0.586063,0.149689,-0.796319][0.88879,0.062973,0][0.319597,-0.769292,-0.401871][0.0921351,0.192685,-0.976926][0.863651,0.059892,0][0.328146,-0.516051,-0.350504][0.104016,0.182367,-0.977713][0.858841,0.105463,0][0.459984,-0.874164,-0.314426][-0.00106456,-0.999998,0.00148758][0.542751,0.323663,0][0.325078,-0.873455,0.0659211][0.000104649,-1,-1.72586e-005][0.558595,0.352397,0][0.329544,-0.874163,-0.380841][-0.000135137,-0.999999,0.0015854][0.55807,0.318645,0][0.620999,-0.874164,0.0992261][-0.00239843,-0.999997,9.60329e-006][0.523842,0.354913,0][0.325078,-0.873455,0.0659211][0.000104649,-1,-1.72586e-005][0.558595,0.352397,0][0.564172,-0.874164,-0.200653][-0.00181653,-0.999998,0.00103198][0.530516,0.332258,0][0.601484,-0.874164,0.223898][-0.00235778,-0.999997,-0.000365368][0.526134,0.364332,0][0.325078,-0.873455,0.0659211][0.000104649,-1,-1.72586e-005][0.558595,0.352397,0][0.620999,-0.874164,0.0992261][-0.00239843,-0.999997,9.60329e-006][0.523842,0.354913,0][0.12154,-0.874163,-0.249358][0.00173043,-0.999998,0.00113129][0.582498,0.328578,0][0.325078,-0.873455,0.0659211][0.000104649,-1,-1.72586e-005][0.558595,0.352397,0][0.0684369,-0.874163,-0.0870817][0.00242285,-0.999997,0.000569085][0.588735,0.340838,0][0.329544,-0.874163,-0.380841][-0.000135137,-0.999999,0.0015854][0.55807,0.318645,0][0.325078,-0.873455,0.0659211][0.000104649,-1,-1.72586e-005][0.558595,0.352397,0][0.210661,-0.874163,-0.347648][0.000835977,-0.999999,0.0014828][0.572032,0.321153,0][0.0531445,-0.874163,0.0578116][0.00260829,-0.999997,-5.04738e-005][0.590531,0.351785,0][0.325078,-0.873455,0.0659211][0.000104649,-1,-1.72586e-005][0.558595,0.352397,0][0.0758679,-0.874163,0.206581][0.00245511,-0.999997,-0.000689865][0.587862,0.363024,0][0.125073,-0.874163,0.335451][0.00185605,-0.999997,-0.00125277][0.582083,0.37276,0][0.325078,-0.873455,0.0659211][0.000104649,-1,-1.72586e-005][0.558595,0.352397,0][0.214864,-0.874163,0.432766][0.00115208,-0.999998,-0.00158626][0.571538,0.380112,0][0.342098,-0.874163,0.501885][5.21532e-005,-0.999999,-0.00162809][0.556596,0.385334,0][0.325078,-0.873455,0.0659211][0.000104649,-1,-1.72586e-005][0.558595,0.352397,0][0.487489,-0.874164,0.441122][-0.000894504,-0.999999,-0.00150356][0.539521,0.380743,0][0.214864,-0.874163,0.432766][0.00115208,-0.999998,-0.00158626][0.571538,0.380112,0][0.325078,-0.873455,0.0659211][0.000104649,-1,-1.72586e-005][0.558595,0.352397,0][0.342098,-0.874163,0.501885][5.21532e-005,-0.999999,-0.00162809][0.556596,0.385334,0][0.564172,-0.874164,-0.200653][-0.00181653,-0.999998,0.00103198][0.530516,0.332258,0][0.325078,-0.873455,0.0659211][0.000104649,-1,-1.72586e-005][0.558595,0.352397,0][0.459984,-0.874164,-0.314426][-0.00106456,-0.999998,0.00148758][0.542751,0.323663,0][0.210661,-0.874163,-0.347648][0.000835977,-0.999999,0.0014828][0.572032,0.321153,0][0.325078,-0.873455,0.0659211][0.000104649,-1,-1.72586e-005][0.558595,0.352397,0][0.12154,-0.874163,-0.249358][0.00173043,-0.999998,0.00113129][0.582498,0.328578,0][0.0758679,-0.874163,0.206581][0.00245511,-0.999997,-0.000689865][0.587862,0.363024,0][0.325078,-0.873455,0.0659211][0.000104649,-1,-1.72586e-005][0.558595,0.352397,0][0.125073,-0.874163,0.335451][0.00185605,-0.999997,-0.00125277][0.582083,0.37276,0][0.0684369,-0.874163,-0.0870817][0.00242285,-0.999997,0.000569085][0.588735,0.340838,0][0.325078,-0.873455,0.0659211][0.000104649,-1,-1.72586e-005][0.558595,0.352397,0][0.0531445,-0.874163,0.0578116][0.00260829,-0.999997,-5.04738e-005][0.590531,0.351785,0][0.487489,-0.874164,0.441122][-0.000894504,-0.999999,-0.00150356][0.539521,0.380743,0][0.325078,-0.873455,0.0659211][0.000104649,-1,-1.72586e-005][0.558595,0.352397,0][0.580004,-0.874164,0.363384][-0.0015896,-0.999998,-0.00102263][0.528656,0.37487,0][0.580004,-0.874164,0.363384][-0.0015896,-0.999998,-0.00102263][0.528656,0.37487,0][0.325078,-0.873455,0.0659211][0.000104649,-1,-1.72586e-005][0.558595,0.352397,0][0.601484,-0.874164,0.223898][-0.00235778,-0.999997,-0.000365368][0.526134,0.364332,0][0.438175,-0.786274,-0.270506][0.539308,0.479007,-0.692603][0.545313,0.326981,0][0.530617,-0.786274,-0.170183][0.811,0.441701,-0.383639][0.534456,0.33456,0][0.564172,-0.874164,-0.200653][0.791309,0.447496,-0.416625][0.530516,0.332258,0][0.564172,-0.874164,-0.200653][0.791309,0.447496,-0.416625][0.530516,0.332258,0][0.459984,-0.874164,-0.314426][0.524263,0.480862,-0.702794][0.542751,0.323663,0][0.438175,-0.786274,-0.270506][0.539308,0.479007,-0.692603][0.545313,0.326981,0][0.530617,-0.786274,-0.170183][0.811,0.441701,-0.383639][0.534456,0.33456,0][0.58108,-0.786274,0.0919361][0.910964,0.411833,-0.0232022][0.52853,0.354363,0][0.620999,-0.874164,0.0992261][0.909991,0.414568,-0.00707399][0.523842,0.354913,0][0.620999,-0.874164,0.0992261][0.909991,0.414568,-0.00707399][0.523842,0.354913,0][0.564172,-0.874164,-0.200653][0.791309,0.447496,-0.416625][0.530516,0.332258,0][0.530617,-0.786274,-0.170183][0.811,0.441701,-0.383639][0.534456,0.33456,0][0.620999,-0.874164,0.0992261][0.909991,0.414568,-0.00707399][0.523842,0.354913,0][0.58108,-0.786274,0.0919361][0.910964,0.411833,-0.0232022][0.52853,0.354363,0][0.563764,-0.786274,0.200161][0.895677,0.421596,0.141492][0.530563,0.362539,0][0.563764,-0.786274,0.200161][0.895677,0.421596,0.141492][0.530563,0.362539,0][0.601484,-0.874164,0.223898][0.895175,0.42316,0.139993][0.526134,0.364332,0][0.620999,-0.874164,0.0992261][0.909991,0.414568,-0.00707399][0.523842,0.354913,0][0.601484,-0.874164,0.223898][0.895175,0.42316,0.139993][0.526134,0.364332,0][0.563764,-0.786274,0.200161][0.895677,0.421596,0.141492][0.530563,0.362539,0][0.544704,-0.786274,0.320822][0.773883,0.498644,0.39046][0.532802,0.371655,0][0.544704,-0.786274,0.320822][0.773883,0.498644,0.39046][0.532802,0.371655,0][0.580004,-0.874164,0.363384][0.730259,0.514395,0.449577][0.528656,0.37487,0][0.601484,-0.874164,0.223898][0.895175,0.42316,0.139993][0.526134,0.364332,0][0.580004,-0.874164,0.363384][0.730259,0.514395,0.449577][0.528656,0.37487,0][0.544704,-0.786274,0.320822][0.773883,0.498644,0.39046][0.532802,0.371655,0][0.462593,-0.786274,0.388254][0.437623,0.549148,0.711985][0.542445,0.376749,0][0.462593,-0.786274,0.388254][0.437623,0.549148,0.711985][0.542445,0.376749,0][0.487489,-0.874164,0.441122][0.430466,0.551539,0.714495][0.539521,0.380743,0][0.580004,-0.874164,0.363384][0.730259,0.514395,0.449577][0.528656,0.37487,0][0.487489,-0.874164,0.441122][0.430466,0.551539,0.714495][0.539521,0.380743,0][0.462593,-0.786274,0.388254][0.437623,0.549148,0.711985][0.542445,0.376749,0][0.33364,-0.786274,0.442244][-0.0702424,0.550842,0.831648][0.557589,0.380828,0][0.33364,-0.786274,0.442244][-0.0702424,0.550842,0.831648][0.557589,0.380828,0][0.342098,-0.874163,0.501885][-0.022054,0.559923,0.828251][0.556596,0.385334,0][0.487489,-0.874164,0.441122][0.430466,0.551539,0.714495][0.539521,0.380743,0][0.33364,-0.786274,0.442244][-0.0702424,0.550842,0.831648][0.557589,0.380828,0][0.22072,-0.786273,0.384044][-0.567302,0.424493,0.705673][0.57085,0.376431,0][0.214864,-0.874163,0.432766][-0.528108,0.443534,0.72414][0.571538,0.380112,0][0.214864,-0.874163,0.432766][-0.528108,0.443534,0.72414][0.571538,0.380112,0][0.342098,-0.874163,0.501885][-0.022054,0.559923,0.828251][0.556596,0.385334,0][0.33364,-0.786274,0.442244][-0.0702424,0.550842,0.831648][0.557589,0.380828,0][0.22072,-0.786273,0.384044][-0.567302,0.424493,0.705673][0.57085,0.376431,0][0.141014,-0.786273,0.30003][-0.810593,0.338462,0.477893][0.580211,0.370084,0][0.125073,-0.874163,0.335451][-0.779782,0.353888,0.516433][0.582083,0.37276,0][0.125073,-0.874163,0.335451][-0.779782,0.353888,0.516433][0.582083,0.37276,0][0.214864,-0.874163,0.432766][-0.528108,0.443534,0.72414][0.571538,0.380112,0][0.22072,-0.786273,0.384044][-0.567302,0.424493,0.705673][0.57085,0.376431,0][0.141014,-0.786273,0.30003][-0.810593,0.338462,0.477893][0.580211,0.370084,0][0.0973392,-0.786273,0.186865][-0.930171,0.280179,0.237236][0.58534,0.361534,0][0.0758679,-0.874163,0.206581][-0.924338,0.28404,0.254794][0.587862,0.363024,0][0.0758679,-0.874163,0.206581][-0.924338,0.28404,0.254794][0.587862,0.363024,0][0.125073,-0.874163,0.335451][-0.779782,0.353888,0.516433][0.582083,0.37276,0][0.141014,-0.786273,0.30003][-0.810593,0.338462,0.477893][0.580211,0.370084,0][0.0973392,-0.786273,0.186865][-0.930171,0.280179,0.237236][0.58534,0.361534,0][0.0771487,-0.786273,0.0554593][-0.964312,0.263932,0.0210078][0.587712,0.351607,0][0.0531445,-0.874163,0.0578116][-0.964133,0.264332,0.0240229][0.590531,0.351785,0][0.0531445,-0.874163,0.0578116][-0.964133,0.264332,0.0240229][0.590531,0.351785,0][0.0758679,-0.874163,0.206581][-0.924338,0.28404,0.254794][0.587862,0.363024,0][0.0973392,-0.786273,0.186865][-0.930171,0.280179,0.237236][0.58534,0.361534,0][0.0531445,-0.874163,0.0578116][-0.964133,0.264332,0.0240229][0.590531,0.351785,0][0.0771487,-0.786273,0.0554593][-0.964312,0.263932,0.0210078][0.587712,0.351607,0][0.0907123,-0.786273,-0.0725404][-0.942451,0.271109,-0.195669][0.586119,0.341937,0][0.0907123,-0.786273,-0.0725404][-0.942451,0.271109,-0.195669][0.586119,0.341937,0][0.0684369,-0.874163,-0.0870817][-0.939123,0.273202,-0.208346][0.588735,0.340838,0][0.0531445,-0.874163,0.0578116][-0.964133,0.264332,0.0240229][0.590531,0.351785,0][0.0684369,-0.874163,-0.0870817][-0.939123,0.273202,-0.208346][0.588735,0.340838,0][0.0907123,-0.786273,-0.0725404][-0.942451,0.271109,-0.195669][0.586119,0.341937,0][0.137831,-0.786273,-0.215394][-0.829877,0.327585,-0.451655][0.580585,0.331144,0][0.137831,-0.786273,-0.215394][-0.829877,0.327585,-0.451655][0.580585,0.331144,0][0.12154,-0.874163,-0.249358][-0.797928,0.34202,-0.496319][0.582498,0.328578,0][0.0684369,-0.874163,-0.0870817][-0.939123,0.273202,-0.208346][0.588735,0.340838,0][0.12154,-0.874163,-0.249358][-0.797928,0.34202,-0.496319][0.582498,0.328578,0][0.137831,-0.786273,-0.215394][-0.829877,0.327585,-0.451655][0.580585,0.331144,0][0.216915,-0.786273,-0.301321][-0.498716,0.429847,-0.752671][0.571297,0.324653,0][0.216915,-0.786273,-0.301321][-0.498716,0.429847,-0.752671][0.571297,0.324653,0][0.210661,-0.874163,-0.347648][-0.445307,0.444376,-0.777323][0.572032,0.321153,0][0.12154,-0.874163,-0.249358][-0.797928,0.34202,-0.496319][0.582498,0.328578,0][0.210661,-0.874163,-0.347648][-0.445307,0.444376,-0.777323][0.572032,0.321153,0][0.216915,-0.786273,-0.301321][-0.498716,0.429847,-0.752671][0.571297,0.324653,0][0.322413,-0.786274,-0.329661][0.0830603,0.504721,-0.859277][0.558908,0.322512,0][0.322413,-0.786274,-0.329661][0.0830603,0.504721,-0.859277][0.558908,0.322512,0][0.329544,-0.874163,-0.380841][0.0888618,0.506602,-0.857588][0.55807,0.318645,0][0.210661,-0.874163,-0.347648][-0.445307,0.444376,-0.777323][0.572032,0.321153,0][0.322413,-0.786274,-0.329661][0.0830603,0.504721,-0.859277][0.558908,0.322512,0][0.438175,-0.786274,-0.270506][0.539308,0.479007,-0.692603][0.545313,0.326981,0][0.459984,-0.874164,-0.314426][0.524263,0.480862,-0.702794][0.542751,0.323663,0][0.459984,-0.874164,-0.314426][0.524263,0.480862,-0.702794][0.542751,0.323663,0][0.329544,-0.874163,-0.380841][0.0888618,0.506602,-0.857588][0.55807,0.318645,0][0.322413,-0.786274,-0.329661][0.0830603,0.504721,-0.859277][0.558908,0.322512,0][0.300325,-0.713478,-0.0964502][1.70367e-007,1,2.55526e-006][0.517972,0.191206,0][0.223408,-0.713478,-0.0833171][1.19697e-006,1,2.29276e-006][0.531801,0.193389,0][0.297491,-0.713478,0.102872][8.94363e-007,1,1.35576e-006][0.518481,0.224339,0][0.166208,-0.713478,-0.0292957][2.18378e-006,1,1.76949e-006][0.542085,0.202369,0][0.129438,-0.713478,0.0274101][2.62897e-006,1,1.08625e-006][0.548696,0.211795,0][0.297491,-0.713478,0.102872][8.94363e-007,1,1.35576e-006][0.518481,0.224339,0][0.114077,-0.713478,0.093393][2.67303e-006,1,3.67634e-006][0.551458,0.222764,0][0.118044,-0.713478,0.169499][1.19324e-006,1,2.97833e-006][0.550745,0.235415,0][0.297491,-0.713478,0.102872][8.94363e-007,1,1.35576e-006][0.518481,0.224339,0][0.142386,-0.713478,0.226871][0,1,0][0.546368,0.244952,0][0.232234,-0.713478,0.300064][0,1,0][0.530214,0.257119,0][0.297491,-0.713478,0.102872][8.94363e-007,1,1.35576e-006][0.518481,0.224339,0][0.338614,-0.713478,0.283443][0,1,0][0.511087,0.254356,0][0.412554,-0.713478,0.258972][0,1,0][0.497793,0.250288,0][0.297491,-0.713478,0.102872][8.94363e-007,1,1.35576e-006][0.518481,0.224339,0][0.48068,-0.713478,0.159966][0,1,0][0.485545,0.23383,0][0.480393,-0.713478,0.110267][0,1,0][0.485596,0.225569,0][0.297491,-0.713478,0.102872][8.94363e-007,1,1.35576e-006][0.518481,0.224339,0][0.399823,-0.713478,-0.0868049][1.37999e-006,1,3.38131e-006][0.500082,0.192809,0][0.300325,-0.713478,-0.0964502][1.70367e-007,1,2.55526e-006][0.517972,0.191206,0][0.297491,-0.713478,0.102872][8.94363e-007,1,1.35576e-006][0.518481,0.224339,0][0.480393,-0.713478,0.110267][0,1,0][0.485596,0.225569,0][0.455009,-0.713478,-0.00571291][1.77061e-006,1,2.44171e-006][0.49016,0.206289,0][0.297491,-0.713478,0.102872][8.94363e-007,1,1.35576e-006][0.518481,0.224339,0][0.232234,-0.713478,0.300064][0,1,0][0.530214,0.257119,0][0.338614,-0.713478,0.283443][0,1,0][0.511087,0.254356,0][0.297491,-0.713478,0.102872][8.94363e-007,1,1.35576e-006][0.518481,0.224339,0][0.455009,-0.713478,-0.00571291][1.77061e-006,1,2.44171e-006][0.49016,0.206289,0][0.399823,-0.713478,-0.0868049][1.37999e-006,1,3.38131e-006][0.500082,0.192809,0][0.297491,-0.713478,0.102872][8.94363e-007,1,1.35576e-006][0.518481,0.224339,0][0.223408,-0.713478,-0.0833171][1.19697e-006,1,2.29276e-006][0.531801,0.193389,0][0.166208,-0.713478,-0.0292957][2.18378e-006,1,1.76949e-006][0.542085,0.202369,0][0.297491,-0.713478,0.102872][8.94363e-007,1,1.35576e-006][0.518481,0.224339,0][0.118044,-0.713478,0.169499][1.19324e-006,1,2.97833e-006][0.550745,0.235415,0][0.142386,-0.713478,0.226871][0,1,0][0.546368,0.244952,0][0.297491,-0.713478,0.102872][8.94363e-007,1,1.35576e-006][0.518481,0.224339,0][0.129438,-0.713478,0.0274101][2.62897e-006,1,1.08625e-006][0.548696,0.211795,0][0.114077,-0.713478,0.093393][2.67303e-006,1,3.67634e-006][0.551458,0.222764,0][0.297491,-0.713478,0.102872][8.94363e-007,1,1.35576e-006][0.518481,0.224339,0][0.412554,-0.713478,0.258972][0,1,0][0.497793,0.250288,0][0.46918,-0.713478,0.214772][0,1,0][0.487612,0.242941,0][0.297491,-0.713478,0.102872][8.94363e-007,1,1.35576e-006][0.518481,0.224339,0][0.46918,-0.713478,0.214772][0,1,0][0.487612,0.242941,0][0.48068,-0.713478,0.159966][0,1,0][0.485545,0.23383,0][0.297491,-0.713478,0.102872][8.94363e-007,1,1.35576e-006][0.518481,0.224339,0][0.574658,-0.991114,-0.25662][0.483092,0.307748,-0.819703][0.5241,0.375473,0][0.521868,-1.02145,-0.274949][-0.209888,0.0177533,-0.977564][0.52589,0.372411,0][0.492846,-0.9675,-0.265446][-0.122807,0.0860129,-0.988696][0.528663,0.373985,0][0.492846,-0.9675,-0.265446][-0.122807,0.0860129,-0.988696][0.528663,0.373985,0][0.546939,-0.928612,-0.243871][0.442606,0.402944,-0.801085][0.526947,0.377354,0][0.574658,-0.991114,-0.25662][0.483092,0.307748,-0.819703][0.5241,0.375473,0][0.599383,-1.11814,-0.280759][0.53701,-0.269161,-0.799483][0.520153,0.370377,0][0.562994,-1.132,-0.283303][-0.157424,-0.540976,-0.826173][0.521491,0.368772,0][0.543095,-1.07851,-0.279261][-0.291851,-0.0311236,-0.955957][0.523746,0.37042,0][0.543095,-1.07851,-0.279261][-0.291851,-0.0311236,-0.955957][0.523746,0.37042,0][0.587424,-1.05668,-0.26908][0.483493,0.235359,-0.843114][0.522045,0.372922,0][0.599383,-1.11814,-0.280759][0.53701,-0.269161,-0.799483][0.520153,0.370377,0][0.584769,-1.15076,-0.235156][0.261366,-0.959881,-0.101568][0.543896,0.39073,0][0.599383,-1.11814,-0.280759][0.53701,-0.269161,-0.799483][0.541427,0.388725,0][0.62048,-1.11287,-0.250453][0.902449,-0.248966,-0.351569][0.543226,0.388187,0][0.465189,-1.01199,-0.239241][-0.564007,-0.523296,-0.638794][0.529443,0.370963,0][0.492846,-0.9675,-0.265446][-0.122807,0.0860129,-0.988696][0.528663,0.373985,0][0.521868,-1.02145,-0.274949][-0.209888,0.0177533,-0.977564][0.52589,0.372411,0][0.521868,-1.02145,-0.274949][-0.209888,0.0177533,-0.977564][0.52589,0.372411,0][0.491111,-1.04615,-0.24258][-0.773262,-0.426227,-0.469464][0.527503,0.369918,0][0.465189,-1.01199,-0.239241][-0.564007,-0.523296,-0.638794][0.529443,0.370963,0][0.543095,-1.07851,-0.279261][-0.291851,-0.0311236,-0.955957][0.523746,0.37042,0][0.562994,-1.132,-0.283303][-0.157424,-0.540976,-0.826173][0.521491,0.368772,0][0.536794,-1.13734,-0.254772][-0.608225,-0.708954,-0.356997][0.523058,0.367463,0][0.536794,-1.13734,-0.254772][-0.608225,-0.708954,-0.356997][0.523058,0.367463,0][0.510664,-1.09584,-0.247031][-0.844533,-0.376842,-0.380465][0.525327,0.368502,0][0.543095,-1.07851,-0.279261][-0.291851,-0.0311236,-0.955957][0.523746,0.37042,0][0.536794,-1.13734,-0.254772][-0.608225,-0.708954,-0.356997][0.542401,0.392249,0][0.562994,-1.132,-0.283303][-0.157424,-0.540976,-0.826173][0.541071,0.390511,0][0.584769,-1.15076,-0.235156][0.261366,-0.959881,-0.101568][0.543896,0.39073,0][0.469363,-1.04147,-0.167545][-0.405834,-0.909587,-0.0891626][0.551372,0.399337,0][0.465189,-1.01199,-0.239241][-0.564007,-0.523296,-0.638794][0.546775,0.399761,0][0.491111,-1.04615,-0.24258][-0.773262,-0.426227,-0.469464][0.546484,0.397924,0][0.491111,-1.04615,-0.24258][-0.773262,-0.426227,-0.469464][0.546484,0.397924,0][0.498202,-1.05802,-0.182335][-0.638614,-0.736611,0.222656][0.549923,0.397456,0][0.469363,-1.04147,-0.167545][-0.405834,-0.909587,-0.0891626][0.551372,0.399337,0][0.510664,-1.09584,-0.247031][-0.844533,-0.376842,-0.380465][0.54501,0.395636,0][0.536794,-1.13734,-0.254772][-0.608225,-0.708954,-0.356997][0.543082,0.393507,0][0.540318,-1.14032,-0.209094][-0.538245,-0.810292,0.231775][0.545287,0.393105,0][0.540318,-1.14032,-0.209094][-0.538245,-0.810292,0.231775][0.545287,0.393105,0][0.515914,-1.10312,-0.194304][-0.780203,-0.513805,0.356775][0.547492,0.395118,0][0.510664,-1.09584,-0.247031][-0.844533,-0.376842,-0.380465][0.54501,0.395636,0][0.540318,-1.14032,-0.209094][-0.538245,-0.810292,0.231775][0.545287,0.393105,0][0.536794,-1.13734,-0.254772][-0.608225,-0.708954,-0.356997][0.542401,0.392249,0][0.584769,-1.15076,-0.235156][0.261366,-0.959881,-0.101568][0.543896,0.39073,0][0.50563,-1.04528,-0.113336][0.154354,-0.904672,0.397169][0.553781,0.39763,0][0.469363,-1.04147,-0.167545][-0.405834,-0.909587,-0.0891626][0.551372,0.399337,0][0.498202,-1.05802,-0.182335][-0.638614,-0.736611,0.222656][0.549923,0.397456,0][0.498202,-1.05802,-0.182335][-0.638614,-0.736611,0.222656][0.549923,0.397456,0][0.538062,-1.04853,-0.14046][0.086931,-0.710648,0.698156][0.552045,0.395717,0][0.50563,-1.04528,-0.113336][0.154354,-0.904672,0.397169][0.553781,0.39763,0][0.551287,-1.09795,-0.158672][-0.216786,-0.451094,0.865747][0.548879,0.393908,0][0.515914,-1.10312,-0.194304][-0.780203,-0.513805,0.356775][0.547492,0.395118,0][0.540318,-1.14032,-0.209094][-0.538245,-0.810292,0.231775][0.545287,0.393105,0][0.540318,-1.14032,-0.209094][-0.538245,-0.810292,0.231775][0.545287,0.393105,0][0.571491,-1.13918,-0.179313][-0.0348301,-0.772915,0.633553][0.546497,0.392135,0][0.551287,-1.09795,-0.158672][-0.216786,-0.451094,0.865747][0.548879,0.393908,0][0.571491,-1.13918,-0.179313][-0.0348301,-0.772915,0.633553][0.546497,0.392135,0][0.540318,-1.14032,-0.209094][-0.538245,-0.810292,0.231775][0.545287,0.393105,0][0.584769,-1.15076,-0.235156][0.261366,-0.959881,-0.101568][0.543896,0.39073,0][0.560261,-0.992927,-0.0879036][0.667879,-0.45265,0.590801][0.555272,0.394111,0][0.50563,-1.04528,-0.113336][0.154354,-0.904672,0.397169][0.553781,0.39763,0][0.538062,-1.04853,-0.14046][0.086931,-0.710648,0.698156][0.552045,0.395717,0][0.538062,-1.04853,-0.14046][0.086931,-0.710648,0.698156][0.552045,0.395717,0][0.587355,-1.02324,-0.141487][0.627457,-0.325692,0.707264][0.552291,0.392401,0][0.560261,-0.992927,-0.0879036][0.667879,-0.45265,0.590801][0.555272,0.394111,0][0.551287,-1.09795,-0.158672][-0.216786,-0.451094,0.865747][0.548879,0.393908,0][0.571491,-1.13918,-0.179313][-0.0348301,-0.772915,0.633553][0.546497,0.392135,0][0.606603,-1.12638,-0.182876][0.592365,-0.54904,0.589626][0.546783,0.390573,0][0.606603,-1.12638,-0.182876][0.592365,-0.54904,0.589626][0.546783,0.390573,0][0.597292,-1.07647,-0.162851][0.541915,-0.223547,0.810157][0.549511,0.39165,0][0.551287,-1.09795,-0.158672][-0.216786,-0.451094,0.865747][0.548879,0.393908,0][0.606603,-1.12638,-0.182876][0.592365,-0.54904,0.589626][0.546783,0.390573,0][0.571491,-1.13918,-0.179313][-0.0348301,-0.772915,0.633553][0.546497,0.392135,0][0.584769,-1.15076,-0.235156][0.261366,-0.959881,-0.101568][0.543896,0.39073,0][0.585021,-0.937759,-0.114329][0.926216,0.127628,0.354732][0.55558,0.390295,0][0.560261,-0.992927,-0.0879036][0.667879,-0.45265,0.590801][0.555272,0.394111,0][0.587355,-1.02324,-0.141487][0.627457,-0.325692,0.707264][0.552291,0.392401,0][0.587355,-1.02324,-0.141487][0.627457,-0.325692,0.707264][0.552291,0.392401,0][0.613008,-0.997831,-0.167522][0.949476,0.0615438,0.307744][0.552025,0.389625,0][0.585021,-0.937759,-0.114329][0.926216,0.127628,0.354732][0.55558,0.390295,0][0.623847,-1.11572,-0.206751][0.922638,-0.348313,0.165582][0.546706,0.389013,0][0.618605,-1.05868,-0.187771][0.953379,-0.00993664,0.301612][0.549476,0.389695,0][0.597292,-1.07647,-0.162851][0.541915,-0.223547,0.810157][0.549511,0.39165,0][0.597292,-1.07647,-0.162851][0.541915,-0.223547,0.810157][0.549511,0.39165,0][0.606603,-1.12638,-0.182876][0.592365,-0.54904,0.589626][0.546783,0.390573,0][0.623847,-1.11572,-0.206751][0.922638,-0.348313,0.165582][0.546706,0.389013,0][0.623847,-1.11572,-0.206751][0.922638,-0.348313,0.165582][0.545582,0.389023,0][0.606603,-1.12638,-0.182876][0.592365,-0.54904,0.589626][0.546783,0.390573,0][0.584769,-1.15076,-0.235156][0.261366,-0.959881,-0.101568][0.543896,0.39073,0][0.589924,-0.922511,-0.188634][0.86495,0.439439,-0.242393][0.524639,0.380308,0][0.585021,-0.937759,-0.114329][0.926216,0.127628,0.354732][0.522147,0.384,0][0.613008,-0.997831,-0.167522][0.949476,0.0615438,0.307744][0.520271,0.379718,0][0.613008,-0.997831,-0.167522][0.949476,0.0615438,0.307744][0.520271,0.379718,0][0.610726,-0.984466,-0.213447][0.896523,0.296411,-0.329222][0.522193,0.37791,0][0.589924,-0.922511,-0.188634][0.86495,0.439439,-0.242393][0.524639,0.380308,0][0.615759,-1.05075,-0.232548][0.916417,0.180552,-0.357184][0.520323,0.375056,0][0.618605,-1.05868,-0.187771][0.953379,-0.00993664,0.301612][0.518479,0.376787,0][0.623847,-1.11572,-0.206751][0.922638,-0.348313,0.165582][0.517215,0.373818,0][0.623847,-1.11572,-0.206751][0.922638,-0.348313,0.165582][0.517215,0.373818,0][0.62048,-1.11287,-0.250453][0.902449,-0.248966,-0.351569][0.518879,0.372008,0][0.615759,-1.05075,-0.232548][0.916417,0.180552,-0.357184][0.520323,0.375056,0][0.62048,-1.11287,-0.250453][0.902449,-0.248966,-0.351569][0.543226,0.388187,0][0.623847,-1.11572,-0.206751][0.922638,-0.348313,0.165582][0.545582,0.389023,0][0.584769,-1.15076,-0.235156][0.261366,-0.959881,-0.101568][0.543896,0.39073,0][0.210061,-1.40497,0.164243][0.0524037,-0.122635,0.991067][0.571171,0.347082,0][0.179053,-1.33768,0.168094][0.0765309,-0.0517362,0.995724][0.571086,0.351234,0][0.118729,-1.36733,0.146494][-0.61395,-0.355759,0.704628][0.567537,0.351011,0][0.118729,-1.36733,0.146494][-0.61395,-0.355759,0.704628][0.567537,0.351011,0][0.161383,-1.43854,0.136946][-0.523209,-0.543752,0.65619][0.567731,0.346578,0][0.210061,-1.40497,0.164243][0.0524037,-0.122635,0.991067][0.571171,0.347082,0][0.226177,-1.49067,0.127773][-0.400963,-0.625934,0.668907][0.56833,0.342302,0][0.261602,-1.4554,0.151305][0.117451,-0.140793,0.983048][0.571336,0.342822,0][0.210061,-1.40497,0.164243][0.0524037,-0.122635,0.991067][0.571171,0.347082,0][0.210061,-1.40497,0.164243][0.0524037,-0.122635,0.991067][0.571171,0.347082,0][0.161383,-1.43854,0.136946][-0.523209,-0.543752,0.65619][0.567731,0.346578,0][0.226177,-1.49067,0.127773][-0.400963,-0.625934,0.668907][0.56833,0.342302,0][0.307605,-1.50042,0.139757][0.486956,-0.363857,0.794029][0.57737,0.432633,0][0.284009,-1.53719,0.119587][0.116646,-0.825823,0.551733][0.577324,0.435192,0][0.32603,-1.50545,0.0704429][0.856553,-0.516059,0.0008341][0.574297,0.433428,0][0.258651,-1.37151,0.136601][0.610745,0.362395,0.704032][0.573839,0.423253,0][0.226593,-1.30992,0.139318][0.735834,0.182032,0.652236][0.572839,0.419349,0][0.179053,-1.33768,0.168094][0.0765309,-0.0517362,0.995724][0.576197,0.420162,0][0.179053,-1.33768,0.168094][0.0765309,-0.0517362,0.995724][0.576197,0.420162,0][0.210061,-1.40497,0.164243][0.0524037,-0.122635,0.991067][0.577229,0.423852,0][0.258651,-1.37151,0.136601][0.610745,0.362395,0.704032][0.573839,0.423253,0][0.258651,-1.37151,0.136601][0.610745,0.362395,0.704032][0.573839,0.423253,0][0.210061,-1.40497,0.164243][0.0524037,-0.122635,0.991067][0.577229,0.423852,0][0.261602,-1.4554,0.151305][0.117451,-0.140793,0.983048][0.577526,0.427797,0][0.261602,-1.4554,0.151305][0.117451,-0.140793,0.983048][0.577526,0.427797,0][0.30541,-1.41438,0.127454][0.648074,0.378729,0.66073][0.574306,0.427054,0][0.258651,-1.37151,0.136601][0.610745,0.362395,0.704032][0.573839,0.423253,0][0.331177,-1.46374,0.119333][0.851055,0.0158223,0.524839][0.575327,0.430406,0][0.307605,-1.50042,0.139757][0.486956,-0.363857,0.794029][0.57737,0.432633,0][0.32603,-1.50545,0.0704429][0.856553,-0.516059,0.0008341][0.574297,0.433428,0][0.278697,-1.35776,0.0702127][0.813114,0.582098,-0.00251512][0.570311,0.423384,0][0.248818,-1.29817,0.0702032][0.960046,0.279831,-0.00234993][0.569113,0.419525,0][0.226593,-1.30992,0.139318][0.735834,0.182032,0.652236][0.572839,0.419349,0][0.226593,-1.30992,0.139318][0.735834,0.182032,0.652236][0.572839,0.419349,0][0.258651,-1.37151,0.136601][0.610745,0.362395,0.704032][0.573839,0.423253,0][0.278697,-1.35776,0.0702127][0.813114,0.582098,-0.00251512][0.570311,0.423384,0][0.278697,-1.35776,0.0702127][0.813114,0.582098,-0.00251512][0.570311,0.423384,0][0.258651,-1.37151,0.136601][0.610745,0.362395,0.704032][0.573839,0.423253,0][0.30541,-1.41438,0.127454][0.648074,0.378729,0.66073][0.574306,0.427054,0][0.30541,-1.41438,0.127454][0.648074,0.378729,0.66073][0.574306,0.427054,0][0.320016,-1.39993,0.0702243][0.826729,0.562597,-0.00219611][0.571844,0.427334,0][0.278697,-1.35776,0.0702127][0.813114,0.582098,-0.00251512][0.570311,0.423384,0][0.340931,-1.44866,0.0702771][0.990716,0.135944,-0.00114208][0.573068,0.430274,0][0.331177,-1.46374,0.119333][0.851055,0.0158223,0.524839][0.575327,0.430406,0][0.32603,-1.50545,0.0704429][0.856553,-0.516059,0.0008341][0.574297,0.433428,0][0.226367,-1.3102,0.00123748][0.689481,0.197031,-0.69699][0.565781,0.421472,0][0.248818,-1.29817,0.0702032][0.960046,0.279831,-0.00234993][0.569113,0.419525,0][0.278697,-1.35776,0.0702127][0.813114,0.582098,-0.00251512][0.570311,0.423384,0][0.278697,-1.35776,0.0702127][0.813114,0.582098,-0.00251512][0.570311,0.423384,0][0.258468,-1.37178,0.00396809][0.6013,0.363287,-0.71166][0.568072,0.425591,0][0.226367,-1.3102,0.00123748][0.689481,0.197031,-0.69699][0.565781,0.421472,0][0.278697,-1.35776,0.0702127][0.813114,0.582098,-0.00251512][0.570311,0.423384,0][0.320016,-1.39993,0.0702243][0.826729,0.562597,-0.00219611][0.571844,0.427334,0][0.305297,-1.41464,0.0131185][0.645799,0.376433,-0.664261][0.569878,0.428707,0][0.305297,-1.41464,0.0131185][0.645799,0.376433,-0.664261][0.569878,0.428707,0][0.258468,-1.37178,0.00396809][0.6013,0.363287,-0.71166][0.568072,0.425591,0][0.278697,-1.35776,0.0702127][0.813114,0.582098,-0.00251512][0.570311,0.423384,0][0.331133,-1.46398,0.0213275][0.849834,0.0139518,-0.526866][0.57142,0.431823,0][0.340931,-1.44866,0.0702771][0.990716,0.135944,-0.00114208][0.573068,0.430274,0][0.32603,-1.50545,0.0704429][0.856553,-0.516059,0.0008341][0.574297,0.433428,0][0.172395,-1.33895,-0.0271805][-0.0139346,-0.0413198,-0.999049][0.56343,0.424354,0][0.226367,-1.3102,0.00123748][0.689481,0.197031,-0.69699][0.565781,0.421472,0][0.258468,-1.37178,0.00396809][0.6013,0.363287,-0.71166][0.568072,0.425591,0][0.258468,-1.37178,0.00396809][0.6013,0.363287,-0.71166][0.568072,0.425591,0][0.2098,-1.40536,-0.023329][0.0334771,-0.113305,-0.992996][0.565567,0.428169,0][0.172395,-1.33895,-0.0271805][-0.0139346,-0.0413198,-0.999049][0.56343,0.424354,0][0.258468,-1.37178,0.00396809][0.6013,0.363287,-0.71166][0.568072,0.425591,0][0.305297,-1.41464,0.0131185][0.645799,0.376433,-0.664261][0.569878,0.428707,0][0.261446,-1.45576,-0.0103904][0.113476,-0.144732,-0.982942][0.567988,0.431352,0][0.261446,-1.45576,-0.0103904][0.113476,-0.144732,-0.982942][0.567988,0.431352,0][0.2098,-1.40536,-0.023329][0.0334771,-0.113305,-0.992996][0.565567,0.428169,0][0.258468,-1.37178,0.00396809][0.6013,0.363287,-0.71166][0.568072,0.425591,0][0.307545,-1.50075,0.0011571][0.484762,-0.367642,-0.793628][0.571487,0.434758,0][0.331133,-1.46398,0.0213275][0.849834,0.0139518,-0.526866][0.57142,0.431823,0][0.32603,-1.50545,0.0704429][0.856553,-0.516059,0.0008341][0.574297,0.433428,0][0.2098,-1.40536,-0.023329][0.0334771,-0.113305,-0.992996][0.557505,0.344096,0][0.161201,-1.43882,0.00431272][-0.547731,-0.528468,-0.648624][0.560723,0.345134,0][0.118512,-1.3676,0.0015972][-0.670714,-0.353158,-0.652244][0.559539,0.349303,0][0.118512,-1.3676,0.0015972][-0.670714,-0.353158,-0.652244][0.559539,0.349303,0][0.172395,-1.33895,-0.0271805][-0.0139346,-0.0413198,-0.999049][0.556436,0.348207,0][0.2098,-1.40536,-0.023329][0.0334771,-0.113305,-0.992996][0.557505,0.344096,0][0.226072,-1.49092,0.0134381][-0.408007,-0.633099,-0.657812][0.561715,0.341094,0][0.161201,-1.43882,0.00431272][-0.547731,-0.528468,-0.648624][0.560723,0.345134,0][0.2098,-1.40536,-0.023329][0.0334771,-0.113305,-0.992996][0.557505,0.344096,0][0.2098,-1.40536,-0.023329][0.0334771,-0.113305,-0.992996][0.557505,0.344096,0][0.261446,-1.45576,-0.0103904][0.113476,-0.144732,-0.982942][0.558913,0.340317,0][0.226072,-1.49092,0.0134381][-0.408007,-0.633099,-0.657812][0.561715,0.341094,0][0.283975,-1.53742,0.0215827][0.111809,-0.829823,-0.546711][0.573115,0.436721,0][0.307545,-1.50075,0.0011571][0.484762,-0.367642,-0.793628][0.571487,0.434758,0][0.32603,-1.50545,0.0704429][0.856553,-0.516059,0.0008341][0.574297,0.433428,0][0.0962865,-1.37936,0.0773902][-0.889475,-0.456676,0.0167591][0.563746,0.350218,0][0.118512,-1.3676,0.0015972][-0.670714,-0.353158,-0.652244][0.559539,0.349303,0][0.161201,-1.43882,0.00431272][-0.547731,-0.528468,-0.648624][0.560723,0.345134,0][0.161201,-1.43882,0.00431272][-0.547731,-0.528468,-0.648624][0.560723,0.345134,0][0.141154,-1.45256,0.0744073][-0.742776,-0.669298,0.0179977][0.564357,0.345948,0][0.0962865,-1.37936,0.0773902][-0.889475,-0.456676,0.0167591][0.563746,0.350218,0][0.161201,-1.43882,0.00431272][-0.547731,-0.528468,-0.648624][0.560723,0.345134,0][0.226072,-1.49092,0.0134381][-0.408007,-0.633099,-0.657812][0.561715,0.341094,0][0.211466,-1.50538,0.0724148][-0.597423,-0.801837,0.011948][0.565121,0.34169,0][0.211466,-1.50538,0.0724148][-0.597423,-0.801837,0.011948][0.565121,0.34169,0][0.141154,-1.45256,0.0744073][-0.742776,-0.669298,0.0179977][0.564357,0.345948,0][0.161201,-1.43882,0.00431272][-0.547731,-0.528468,-0.648624][0.560723,0.345134,0][0.27422,-1.55251,0.0706373][-0.0231729,-0.999731,-0.00109637][0.575559,0.436895,0][0.283975,-1.53742,0.0215827][0.111809,-0.829823,-0.546711][0.573115,0.436721,0][0.32603,-1.50545,0.0704429][0.856553,-0.516059,0.0008341][0.574297,0.433428,0][0.161383,-1.43854,0.136946][-0.523209,-0.543752,0.65619][0.567731,0.346578,0][0.118729,-1.36733,0.146494][-0.61395,-0.355759,0.704628][0.567537,0.351011,0][0.0962865,-1.37936,0.0773902][-0.889475,-0.456676,0.0167591][0.563746,0.350218,0][0.0962865,-1.37936,0.0773902][-0.889475,-0.456676,0.0167591][0.563746,0.350218,0][0.141154,-1.45256,0.0744073][-0.742776,-0.669298,0.0179977][0.564357,0.345948,0][0.161383,-1.43854,0.136946][-0.523209,-0.543752,0.65619][0.567731,0.346578,0][0.161383,-1.43854,0.136946][-0.523209,-0.543752,0.65619][0.567731,0.346578,0][0.141154,-1.45256,0.0744073][-0.742776,-0.669298,0.0179977][0.564357,0.345948,0][0.211466,-1.50538,0.0724148][-0.597423,-0.801837,0.011948][0.565121,0.34169,0][0.211466,-1.50538,0.0724148][-0.597423,-0.801837,0.011948][0.565121,0.34169,0][0.226177,-1.49067,0.127773][-0.400963,-0.625934,0.668907][0.56833,0.342302,0][0.161383,-1.43854,0.136946][-0.523209,-0.543752,0.65619][0.567731,0.346578,0][0.32603,-1.50545,0.0704429][0.856553,-0.516059,0.0008341][0.574297,0.433428,0][0.284009,-1.53719,0.119587][0.116646,-0.825823,0.551733][0.577324,0.435192,0][0.27422,-1.55251,0.0706373][-0.0231729,-0.999731,-0.00109637][0.575559,0.436895,0][0.164204,-1.2721,-0.0257245][-0.189872,-0.932519,-0.307176][0.561837,0.421639,0][0.217845,-1.25236,-0.00167905][0.706091,-0.308415,-0.637429][0.563628,0.418655,0][0.226367,-1.3102,0.00123748][0.689481,0.197031,-0.69699][0.565781,0.421472,0][0.226367,-1.3102,0.00123748][0.689481,0.197031,-0.69699][0.565781,0.421472,0][0.172395,-1.33895,-0.0271805][-0.0139346,-0.0413198,-0.999049][0.56343,0.424354,0][0.164204,-1.2721,-0.0257245][-0.189872,-0.932519,-0.307176][0.561837,0.421639,0][0.217845,-1.25236,-0.00167905][0.706091,-0.308415,-0.637429][0.563628,0.418655,0][0.242656,-1.24248,0.0701931][0.87702,-0.47607,-0.0647533][0.568245,0.41666,0][0.248818,-1.29817,0.0702032][0.960046,0.279831,-0.00234993][0.569113,0.419525,0][0.248818,-1.29817,0.0702032][0.960046,0.279831,-0.00234993][0.569113,0.419525,0][0.226367,-1.3102,0.00123748][0.689481,0.197031,-0.69699][0.565781,0.421472,0][0.217845,-1.25236,-0.00167905][0.706091,-0.308415,-0.637429][0.563628,0.418655,0][0.248818,-1.29817,0.0702032][0.960046,0.279831,-0.00234993][0.569113,0.419525,0][0.242656,-1.24248,0.0701931][0.87702,-0.47607,-0.0647533][0.568245,0.41666,0][0.218106,-1.25212,0.14222][0.78103,-0.468788,0.41259][0.572801,0.416226,0][0.218106,-1.25212,0.14222][0.78103,-0.468788,0.41259][0.572801,0.416226,0][0.226593,-1.30992,0.139318][0.735834,0.182032,0.652236][0.572839,0.419349,0][0.248818,-1.29817,0.0702032][0.960046,0.279831,-0.00234993][0.569113,0.419525,0][0.226593,-1.30992,0.139318][0.735834,0.182032,0.652236][0.572839,0.419349,0][0.218106,-1.25212,0.14222][0.78103,-0.468788,0.41259][0.572801,0.416226,0][0.178029,-1.27271,0.173219][-0.304227,-0.903176,0.302851][0.575411,0.417283,0][0.178029,-1.27271,0.173219][-0.304227,-0.903176,0.302851][0.575411,0.417283,0][0.179053,-1.33768,0.168094][0.0765309,-0.0517362,0.995724][0.576197,0.420162,0][0.226593,-1.30992,0.139318][0.735834,0.182032,0.652236][0.572839,0.419349,0][0.179053,-1.33768,0.168094][0.0765309,-0.0517362,0.995724][0.571086,0.351234,0][0.178029,-1.27271,0.173219][-0.304227,-0.903176,0.302851][0.571924,0.354645,0][0.0923722,-1.29923,0.151465][-0.631627,-0.290183,0.718917][0.567157,0.354912,0][0.0923722,-1.29923,0.151465][-0.631627,-0.290183,0.718917][0.567157,0.354912,0][0.118729,-1.36733,0.146494][-0.61395,-0.355759,0.704628][0.567537,0.351011,0][0.179053,-1.33768,0.168094][0.0765309,-0.0517362,0.995724][0.571086,0.351234,0][0.118729,-1.36733,0.146494][-0.61395,-0.355759,0.704628][0.567537,0.351011,0][0.0923722,-1.29923,0.151465][-0.631627,-0.290183,0.718917][0.567157,0.354912,0][0.0675526,-1.30912,0.0802746][-0.936799,-0.349112,0.0229933][0.563345,0.35404,0][0.0675526,-1.30912,0.0802746][-0.936799,-0.349112,0.0229933][0.563345,0.35404,0][0.0962865,-1.37936,0.0773902][-0.889475,-0.456676,0.0167591][0.563746,0.350218,0][0.118729,-1.36733,0.146494][-0.61395,-0.355759,0.704628][0.567537,0.351011,0][0.0675526,-1.30912,0.0802746][-0.936799,-0.349112,0.0229933][0.563345,0.35404,0][0.0921123,-1.29948,-0.00130527][-0.684132,-0.283602,-0.671962][0.558578,0.352993,0][0.118512,-1.3676,0.0015972][-0.670714,-0.353158,-0.652244][0.559539,0.349303,0][0.118512,-1.3676,0.0015972][-0.670714,-0.353158,-0.652244][0.559539,0.349303,0][0.0962865,-1.37936,0.0773902][-0.889475,-0.456676,0.0167591][0.563746,0.350218,0][0.0675526,-1.30912,0.0802746][-0.936799,-0.349112,0.0229933][0.563345,0.35404,0][0.0921123,-1.29948,-0.00130527][-0.684132,-0.283602,-0.671962][0.558578,0.352993,0][0.164204,-1.2721,-0.0257245][-0.189872,-0.932519,-0.307176][0.55482,0.351459,0][0.172395,-1.33895,-0.0271805][-0.0139346,-0.0413198,-0.999049][0.556436,0.348207,0][0.172395,-1.33895,-0.0271805][-0.0139346,-0.0413198,-0.999049][0.556436,0.348207,0][0.118512,-1.3676,0.0015972][-0.670714,-0.353158,-0.652244][0.559539,0.349303,0][0.0921123,-1.29948,-0.00130527][-0.684132,-0.283602,-0.671962][0.558578,0.352993,0][0.275201,-1.36124,0.30883][0.525267,0.00657497,0.850912][0.584823,0.356211,0][0.252428,-1.30978,0.320967][0.519542,-0.0139425,0.854331][0.583504,0.359122,0][0.207353,-1.33034,0.325907][-0.289094,-0.266434,0.919477][0.581068,0.357845,0][0.207353,-1.33034,0.325907][-0.289094,-0.266434,0.919477][0.581068,0.357845,0][0.233978,-1.38559,0.313185][-0.168532,-0.417589,0.89287][0.582416,0.355045,0][0.275201,-1.36124,0.30883][0.525267,0.00657497,0.850912][0.584823,0.356211,0][0.269299,-1.42377,0.292826][-0.0453575,-0.508158,0.860068][0.583934,0.352499,0][0.310192,-1.46795,0.269261][0.345755,-0.743362,0.572597][0.585523,0.349346,0][0.332461,-1.44031,0.269043][0.795586,-0.276425,0.539102][0.587262,0.350561,0][0.332461,-1.44031,0.269043][0.795586,-0.276425,0.539102][0.587262,0.350561,0][0.301739,-1.39789,0.29039][0.569026,-0.00742512,0.822286][0.586059,0.353625,0][0.269299,-1.42377,0.292826][-0.0453575,-0.508158,0.860068][0.583934,0.352499,0][0.332461,-1.44031,0.269043][0.795586,-0.276425,0.539102][0.590838,0.417249,0][0.310192,-1.46795,0.269261][0.345755,-0.743362,0.572597][0.592071,0.418665,0][0.323991,-1.45138,0.216846][0.765283,-0.584698,-0.269202][0.589135,0.418778,0][0.279852,-1.29398,0.273533][0.949302,0.188286,0.25174][0.582157,0.412052,0][0.252428,-1.30978,0.320967][0.519542,-0.0139425,0.854331][0.585059,0.410747,0][0.275201,-1.36124,0.30883][0.525267,0.00657497,0.850912][0.586879,0.412517,0][0.275201,-1.36124,0.30883][0.525267,0.00657497,0.850912][0.586879,0.412517,0][0.299943,-1.3419,0.268007][0.863678,0.395087,0.312997][0.584656,0.41362,0][0.279852,-1.29398,0.273533][0.949302,0.188286,0.25174][0.582157,0.412052,0][0.301739,-1.39789,0.29039][0.569026,-0.00742512,0.822286][0.588503,0.414248,0][0.332461,-1.44031,0.269043][0.795586,-0.276425,0.539102][0.590515,0.416278,0][0.34258,-1.4164,0.241866][0.993788,0.037032,0.104949][0.588659,0.416789,0][0.34258,-1.4164,0.241866][0.993788,0.037032,0.104949][0.588659,0.416789,0][0.3238,-1.37368,0.253595][0.87029,0.414526,0.266013][0.586434,0.415168,0][0.301739,-1.39789,0.29039][0.569026,-0.00742512,0.822286][0.588503,0.414248,0][0.34258,-1.4164,0.241866][0.993788,0.037032,0.104949][0.588659,0.416789,0][0.332461,-1.44031,0.269043][0.795586,-0.276425,0.539102][0.590838,0.417249,0][0.323991,-1.45138,0.216846][0.765283,-0.584698,-0.269202][0.589135,0.418778,0][0.274238,-1.29286,0.2178][0.876469,0.191923,-0.441551][0.579567,0.413712,0][0.279852,-1.29398,0.273533][0.949302,0.188286,0.25174][0.582157,0.412052,0][0.299943,-1.3419,0.268007][0.863678,0.395087,0.312997][0.584656,0.41362,0][0.299943,-1.3419,0.268007][0.863678,0.395087,0.312997][0.584656,0.41362,0][0.293712,-1.33894,0.21463][0.755181,0.501276,-0.422403][0.582585,0.415194,0][0.274238,-1.29286,0.2178][0.876469,0.191923,-0.441551][0.579567,0.413712,0][0.3238,-1.37368,0.253595][0.87029,0.414526,0.266013][0.586434,0.415168,0][0.34258,-1.4164,0.241866][0.993788,0.037032,0.104949][0.588659,0.416789,0][0.334613,-1.41022,0.203651][0.897009,0.0950643,-0.431668][0.587076,0.417567,0][0.334613,-1.41022,0.203651][0.897009,0.0950643,-0.431668][0.587076,0.417567,0][0.316762,-1.36922,0.207246][0.749464,0.510484,-0.421556][0.584834,0.416402,0][0.3238,-1.37368,0.253595][0.87029,0.414526,0.266013][0.586434,0.415168,0][0.334613,-1.41022,0.203651][0.897009,0.0950643,-0.431668][0.587076,0.417567,0][0.34258,-1.4164,0.241866][0.993788,0.037032,0.104949][0.588659,0.416789,0][0.323991,-1.45138,0.216846][0.765283,-0.584698,-0.269202][0.589135,0.418778,0][0.238404,-1.3066,0.181884][0.320427,0.0254931,-0.94693][0.578425,0.415709,0][0.274238,-1.29286,0.2178][0.876469,0.191923,-0.441551][0.579567,0.413712,0][0.293712,-1.33894,0.21463][0.755181,0.501276,-0.422403][0.582585,0.415194,0][0.293712,-1.33894,0.21463][0.755181,0.501276,-0.422403][0.582585,0.415194,0][0.260152,-1.35405,0.179964][0.211487,0.20979,-0.9546][0.581674,0.417091,0][0.238404,-1.3066,0.181884][0.320427,0.0254931,-0.94693][0.578425,0.415709,0][0.288852,-1.38437,0.176194][0.26318,0.244076,-0.933361][0.584023,0.417837,0][0.316762,-1.36922,0.207246][0.749464,0.510484,-0.421556][0.584834,0.416402,0][0.334613,-1.41022,0.203651][0.897009,0.0950643,-0.431668][0.587076,0.417567,0][0.334613,-1.41022,0.203651][0.897009,0.0950643,-0.431668][0.587076,0.417567,0][0.313238,-1.42539,0.176782][0.518033,-0.107684,-0.848555][0.58661,0.418971,0][0.288852,-1.38437,0.176194][0.26318,0.244076,-0.933361][0.584023,0.417837,0][0.313238,-1.42539,0.176782][0.518033,-0.107684,-0.848555][0.58661,0.418971,0][0.334613,-1.41022,0.203651][0.897009,0.0950643,-0.431668][0.587076,0.417567,0][0.323991,-1.45138,0.216846][0.765283,-0.584698,-0.269202][0.589135,0.418778,0][0.19332,-1.32716,0.18682][-0.479263,-0.251763,-0.840787][0.578126,0.418096,0][0.238404,-1.3066,0.181884][0.320427,0.0254931,-0.94693][0.578425,0.415709,0][0.260152,-1.35405,0.179964][0.211487,0.20979,-0.9546][0.581674,0.417091,0][0.260152,-1.35405,0.179964][0.211487,0.20979,-0.9546][0.581674,0.417091,0][0.21893,-1.37841,0.184319][-0.446254,-0.250972,-0.858994][0.581193,0.419342,0][0.19332,-1.32716,0.18682][-0.479263,-0.251763,-0.840787][0.578126,0.418096,0][0.252316,-1.413,0.180926][-0.374304,-0.283132,-0.883025][0.583804,0.419974,0][0.288852,-1.38437,0.176194][0.26318,0.244076,-0.933361][0.584023,0.417837,0][0.313238,-1.42539,0.176782][0.518033,-0.107684,-0.848555][0.58661,0.418971,0][0.313238,-1.42539,0.176782][0.518033,-0.107684,-0.848555][0.58661,0.418971,0][0.290969,-1.45304,0.177][0.0598236,-0.526481,-0.848079][0.586928,0.420852,0][0.252316,-1.413,0.180926][-0.374304,-0.283132,-0.883025][0.583804,0.419974,0][0.290969,-1.45304,0.177][0.0598236,-0.526481,-0.848079][0.588028,0.420638,0][0.313238,-1.42539,0.176782][0.518033,-0.107684,-0.848555][0.58661,0.418971,0][0.323991,-1.45138,0.216846][0.765283,-0.584698,-0.269202][0.589135,0.418778,0][0.21893,-1.37841,0.184319][-0.446254,-0.250972,-0.858994][0.576614,0.350218,0][0.194188,-1.39773,0.225143][-0.785792,-0.554635,-0.273698][0.578522,0.35192,0][0.165419,-1.34248,0.229723][-0.8943,-0.366102,-0.257288][0.576559,0.354202,0][0.165419,-1.34248,0.229723][-0.8943,-0.366102,-0.257288][0.576559,0.354202,0][0.19332,-1.32716,0.18682][-0.479263,-0.251763,-0.840787][0.574546,0.352603,0][0.21893,-1.37841,0.184319][-0.446254,-0.250972,-0.858994][0.576614,0.350218,0][0.234351,-1.43444,0.215425][-0.677362,-0.663558,-0.317603][0.580016,0.349635,0][0.252316,-1.413,0.180926][-0.374304,-0.283132,-0.883025][0.578239,0.348108,0][0.290969,-1.45304,0.177][0.0598236,-0.526481,-0.848079][0.580236,0.345774,0][0.290969,-1.45304,0.177][0.0598236,-0.526481,-0.848079][0.580236,0.345774,0][0.28085,-1.47695,0.204176][-0.153915,-0.898793,-0.410464][0.581965,0.346792,0][0.234351,-1.43444,0.215425][-0.677362,-0.663558,-0.317603][0.580016,0.349635,0][0.28085,-1.47695,0.204176][-0.153915,-0.898793,-0.410464][0.590106,0.421136,0][0.290969,-1.45304,0.177][0.0598236,-0.526481,-0.848079][0.588028,0.420638,0][0.323991,-1.45138,0.216846][0.765283,-0.584698,-0.269202][0.589135,0.418778,0][0.200419,-1.40071,0.278521][-0.679865,-0.609391,0.407954][0.580383,0.353454,0][0.171025,-1.3436,0.285456][-0.82699,-0.376442,0.417586][0.578748,0.355963,0][0.165419,-1.34248,0.229723][-0.8943,-0.366102,-0.257288][0.576559,0.354202,0][0.165419,-1.34248,0.229723][-0.8943,-0.366102,-0.257288][0.576559,0.354202,0][0.194188,-1.39773,0.225143][-0.785792,-0.554635,-0.273698][0.578522,0.35192,0][0.200419,-1.40071,0.278521][-0.679865,-0.609391,0.407954][0.580383,0.353454,0][0.234351,-1.43444,0.215425][-0.677362,-0.663558,-0.317603][0.580016,0.349635,0][0.28085,-1.47695,0.204176][-0.153915,-0.898793,-0.410464][0.581965,0.346792,0][0.288808,-1.48313,0.242393][-0.038767,-0.986789,0.157307][0.583793,0.348031,0][0.288808,-1.48313,0.242393][-0.038767,-0.986789,0.157307][0.583793,0.348031,0][0.241389,-1.43891,0.261775][-0.549422,-0.751933,0.364325][0.581918,0.351076,0][0.234351,-1.43444,0.215425][-0.677362,-0.663558,-0.317603][0.580016,0.349635,0][0.288808,-1.48313,0.242393][-0.038767,-0.986789,0.157307][0.591737,0.420256,0][0.28085,-1.47695,0.204176][-0.153915,-0.898793,-0.410464][0.590106,0.421136,0][0.323991,-1.45138,0.216846][0.765283,-0.584698,-0.269202][0.589135,0.418778,0][0.233978,-1.38559,0.313185][-0.168532,-0.417589,0.89287][0.582416,0.355045,0][0.207353,-1.33034,0.325907][-0.289094,-0.266434,0.919477][0.581068,0.357845,0][0.171025,-1.3436,0.285456][-0.82699,-0.376442,0.417586][0.578748,0.355963,0][0.171025,-1.3436,0.285456][-0.82699,-0.376442,0.417586][0.578748,0.355963,0][0.200419,-1.40071,0.278521][-0.679865,-0.609391,0.407954][0.580383,0.353454,0][0.233978,-1.38559,0.313185][-0.168532,-0.417589,0.89287][0.582416,0.355045,0][0.241389,-1.43891,0.261775][-0.549422,-0.751933,0.364325][0.581918,0.351076,0][0.288808,-1.48313,0.242393][-0.038767,-0.986789,0.157307][0.583793,0.348031,0][0.310192,-1.46795,0.269261][0.345755,-0.743362,0.572597][0.585523,0.349346,0][0.310192,-1.46795,0.269261][0.345755,-0.743362,0.572597][0.585523,0.349346,0][0.269299,-1.42377,0.292826][-0.0453575,-0.508158,0.860068][0.583934,0.352499,0][0.241389,-1.43891,0.261775][-0.549422,-0.751933,0.364325][0.581918,0.351076,0][0.323991,-1.45138,0.216846][0.765283,-0.584698,-0.269202][0.589135,0.418778,0][0.310192,-1.46795,0.269261][0.345755,-0.743362,0.572597][0.592071,0.418665,0][0.288808,-1.48313,0.242393][-0.038767,-0.986789,0.157307][0.591737,0.420256,0][0.178029,-1.27271,0.173219][-0.304227,-0.903176,0.302851][0.575411,0.417283,0][0.233778,-1.25622,0.177145][0.397926,-0.302747,-0.866025][0.575403,0.41474,0][0.238404,-1.3066,0.181884][0.320427,0.0254931,-0.94693][0.578425,0.415709,0][0.238404,-1.3066,0.181884][0.320427,0.0254931,-0.94693][0.578425,0.415709,0][0.19332,-1.32716,0.18682][-0.479263,-0.251763,-0.840787][0.578126,0.418096,0][0.178029,-1.27271,0.173219][-0.304227,-0.903176,0.302851][0.575411,0.417283,0][0.233778,-1.25622,0.177145][0.397926,-0.302747,-0.866025][0.575403,0.41474,0][0.27205,-1.24395,0.2144][0.877303,-0.344264,-0.334396][0.577015,0.41248,0][0.274238,-1.29286,0.2178][0.876469,0.191923,-0.441551][0.579567,0.413712,0][0.274238,-1.29286,0.2178][0.876469,0.191923,-0.441551][0.579567,0.413712,0][0.238404,-1.3066,0.181884][0.320427,0.0254931,-0.94693][0.578425,0.415709,0][0.233778,-1.25622,0.177145][0.397926,-0.302747,-0.866025][0.575403,0.41474,0][0.274238,-1.29286,0.2178][0.876469,0.191923,-0.441551][0.579567,0.413712,0][0.27205,-1.24395,0.2144][0.877303,-0.344264,-0.334396][0.577015,0.41248,0][0.276989,-1.2431,0.272649][0.934226,-0.319954,0.157643][0.579891,0.410645,0][0.276989,-1.2431,0.272649][0.934226,-0.319954,0.157643][0.579891,0.410645,0][0.279852,-1.29398,0.273533][0.949302,0.188286,0.25174][0.582157,0.412052,0][0.274238,-1.29286,0.2178][0.876469,0.191923,-0.441551][0.579567,0.413712,0][0.279852,-1.29398,0.273533][0.949302,0.188286,0.25174][0.582157,0.412052,0][0.276989,-1.2431,0.272649][0.934226,-0.319954,0.157643][0.579891,0.410645,0][0.246501,-1.2559,0.328635][0.507781,-0.157795,0.846912][0.583499,0.409094,0][0.246501,-1.2559,0.328635][0.507781,-0.157795,0.846912][0.583499,0.409094,0][0.252428,-1.30978,0.320967][0.519542,-0.0139425,0.854331][0.585059,0.410747,0][0.279852,-1.29398,0.273533][0.949302,0.188286,0.25174][0.582157,0.412052,0][0.252428,-1.30978,0.320967][0.519542,-0.0139425,0.854331][0.583504,0.359122,0][0.246501,-1.2559,0.328635][0.507781,-0.157795,0.846912][0.582946,0.361964,0][0.190751,-1.27239,0.334198][-0.321504,-0.237906,0.916535][0.579806,0.36056,0][0.190751,-1.27239,0.334198][-0.321504,-0.237906,0.916535][0.579806,0.36056,0][0.207353,-1.33034,0.325907][-0.289094,-0.266434,0.919477][0.581068,0.357845,0][0.252428,-1.30978,0.320967][0.519542,-0.0139425,0.854331][0.583504,0.359122,0][0.207353,-1.33034,0.325907][-0.289094,-0.266434,0.919477][0.581068,0.357845,0][0.190751,-1.27239,0.334198][-0.321504,-0.237906,0.916535][0.579806,0.36056,0][0.151672,-1.28291,0.286077][-0.84285,-0.367004,0.393589][0.576852,0.358563,0][0.151672,-1.28291,0.286077][-0.84285,-0.367004,0.393589][0.576852,0.358563,0][0.171025,-1.3436,0.285456][-0.82699,-0.376442,0.417586][0.578748,0.355963,0][0.207353,-1.33034,0.325907][-0.289094,-0.266434,0.919477][0.581068,0.357845,0][0.151672,-1.28291,0.286077][-0.84285,-0.367004,0.393589][0.576852,0.358563,0][0.146734,-1.28377,0.227829][-0.872879,-0.439529,-0.211888][0.57434,0.356522,0][0.165419,-1.34248,0.229723][-0.8943,-0.366102,-0.257288][0.576559,0.354202,0][0.165419,-1.34248,0.229723][-0.8943,-0.366102,-0.257288][0.576559,0.354202,0][0.171025,-1.3436,0.285456][-0.82699,-0.376442,0.417586][0.578748,0.355963,0][0.151672,-1.28291,0.286077][-0.84285,-0.367004,0.393589][0.576852,0.358563,0][0.146734,-1.28377,0.227829][-0.872879,-0.439529,-0.211888][0.57434,0.356522,0][0.178029,-1.27271,0.173219][-0.304227,-0.903176,0.302851][0.571924,0.354645,0][0.19332,-1.32716,0.18682][-0.479263,-0.251763,-0.840787][0.574546,0.352603,0][0.19332,-1.32716,0.18682][-0.479263,-0.251763,-0.840787][0.574546,0.352603,0][0.165419,-1.34248,0.229723][-0.8943,-0.366102,-0.257288][0.576559,0.354202,0][0.146734,-1.28377,0.227829][-0.872879,-0.439529,-0.211888][0.57434,0.356522,0][0.223104,-1.39183,-0.0428789][-0.129719,-0.202634,0.970625][0.551406,0.344801,0][0.187079,-1.33467,-0.0401563][-0.165108,-0.19752,0.966295][0.552995,0.348167,0][0.144747,-1.35972,-0.0761085][-0.742962,-0.420121,0.521061][0.550033,0.349282,0][0.144747,-1.35972,-0.0761085][-0.742962,-0.420121,0.521061][0.550033,0.349282,0][0.185483,-1.42104,-0.0773826][-0.612004,-0.59697,0.518728][0.548498,0.345999,0][0.223104,-1.39183,-0.0428789][-0.129719,-0.202634,0.970625][0.551406,0.344801,0][0.243281,-1.46273,-0.079021][-0.478487,-0.694458,0.537382][0.547346,0.342498,0][0.299179,-1.50306,-0.0806051][0.0476123,-0.86635,0.497162][0.545942,0.339127,0][0.315642,-1.4713,-0.0561446][0.350734,-0.418247,0.837887][0.548282,0.338704,0][0.315642,-1.4713,-0.0561446][0.350734,-0.418247,0.837887][0.548282,0.338704,0][0.27015,-1.43223,-0.0496223][-0.0483961,-0.228132,0.972427][0.549875,0.341639,0][0.243281,-1.46273,-0.079021][-0.478487,-0.694458,0.537382][0.547346,0.342498,0][0.315642,-1.4713,-0.0561446][0.350734,-0.418247,0.837887][0.553094,0.435189,0][0.299179,-1.50306,-0.0806051][0.0476123,-0.86635,0.497162][0.55162,0.437203,0][0.343387,-1.47167,-0.113614][0.872758,-0.479611,0.0909247][0.550475,0.434187,0][0.267616,-1.35884,-0.0562757][0.464929,0.319075,0.825852][0.555753,0.426275,0][0.236564,-1.30568,-0.0540757][0.581001,0.144606,0.800954][0.557152,0.422337,0][0.187079,-1.33467,-0.0401563][-0.165108,-0.19752,0.966295][0.559423,0.424245,0][0.187079,-1.33467,-0.0401563][-0.165108,-0.19752,0.966295][0.559423,0.424245,0][0.223104,-1.39183,-0.0428789][-0.129719,-0.202634,0.970625][0.557941,0.428084,0][0.267616,-1.35884,-0.0562757][0.464929,0.319075,0.825852][0.555753,0.426275,0][0.27015,-1.43223,-0.0496223][-0.0483961,-0.228132,0.972427][0.5559,0.431343,0][0.315642,-1.4713,-0.0561446][0.350734,-0.418247,0.837887][0.554195,0.4345,0][0.337234,-1.43676,-0.0670746][0.744759,0.0229378,0.666939][0.552987,0.432632,0][0.337234,-1.43676,-0.0670746][0.744759,0.0229378,0.666939][0.552987,0.432632,0][0.309298,-1.39364,-0.0604387][0.510351,0.345394,0.787556][0.554136,0.42956,0][0.27015,-1.43223,-0.0496223][-0.0483961,-0.228132,0.972427][0.5559,0.431343,0][0.337234,-1.43676,-0.0670746][0.744759,0.0229378,0.666939][0.552987,0.432632,0][0.315642,-1.4713,-0.0561446][0.350734,-0.418247,0.837887][0.553094,0.435189,0][0.343387,-1.47167,-0.113614][0.872758,-0.479611,0.0909247][0.550475,0.434187,0][0.292957,-1.34139,-0.10973][0.779905,0.603934,0.164353][0.553426,0.425241,0][0.264249,-1.28973,-0.109711][0.936464,0.309614,0.164847][0.554852,0.42166,0][0.236564,-1.30568,-0.0540757][0.581001,0.144606,0.800954][0.557152,0.422337,0][0.236564,-1.30568,-0.0540757][0.581001,0.144606,0.800954][0.557152,0.422337,0][0.267616,-1.35884,-0.0562757][0.464929,0.319075,0.825852][0.555753,0.426275,0][0.292957,-1.34139,-0.10973][0.779905,0.603934,0.164353][0.553426,0.425241,0][0.309298,-1.39364,-0.0604387][0.510351,0.345394,0.787556][0.554136,0.42956,0][0.337234,-1.43676,-0.0670746][0.744759,0.0229378,0.666939][0.552987,0.432632,0][0.351311,-1.41967,-0.106992][0.964769,0.208384,0.160613][0.551573,0.431505,0][0.351311,-1.41967,-0.106992][0.964769,0.208384,0.160613][0.551573,0.431505,0][0.328911,-1.37637,-0.107012][0.785908,0.595863,0.165215][0.552359,0.428684,0][0.309298,-1.39364,-0.0604387][0.510351,0.345394,0.787556][0.554136,0.42956,0][0.351311,-1.41967,-0.106992][0.964769,0.208384,0.160613][0.551573,0.431505,0][0.337234,-1.43676,-0.0670746][0.744759,0.0229378,0.666939][0.552987,0.432632,0][0.343387,-1.47167,-0.113614][0.872758,-0.479611,0.0909247][0.550475,0.434187,0][0.253878,-1.29616,-0.174474][0.77965,0.279498,-0.560381][0.55183,0.422162,0][0.264249,-1.28973,-0.109711][0.936464,0.309614,0.164847][0.554852,0.42166,0][0.292957,-1.34139,-0.10973][0.779905,0.603934,0.164353][0.553426,0.425241,0][0.292957,-1.34139,-0.10973][0.779905,0.603934,0.164353][0.553426,0.425241,0][0.284278,-1.34971,-0.171925][0.690701,0.44386,-0.570895][0.550335,0.425662,0][0.253878,-1.29616,-0.174474][0.77965,0.279498,-0.560381][0.55183,0.422162,0][0.323783,-1.38573,-0.160733][0.719355,0.458318,-0.521989][0.550225,0.428749,0][0.328911,-1.37637,-0.107012][0.785908,0.595863,0.165215][0.552359,0.428684,0][0.351311,-1.41967,-0.106992][0.964769,0.208384,0.160613][0.551573,0.431505,0][0.351311,-1.41967,-0.106992][0.964769,0.208384,0.160613][0.551573,0.431505,0][0.34961,-1.43003,-0.152517][0.913292,0.117693,-0.389932][0.54941,0.431804,0][0.323783,-1.38573,-0.160733][0.719355,0.458318,-0.521989][0.550225,0.428749,0][0.34961,-1.43003,-0.152517][0.913292,0.117693,-0.389932][0.54941,0.431804,0][0.351311,-1.41967,-0.106992][0.964769,0.208384,0.160613][0.551573,0.431505,0][0.343387,-1.47167,-0.113614][0.872758,-0.479611,0.0909247][0.550475,0.434187,0][0.211553,-1.3212,-0.210427][0.170315,0.0392175,-0.984609][0.548109,0.423079,0][0.253878,-1.29616,-0.174474][0.77965,0.279498,-0.560381][0.55183,0.422162,0][0.284278,-1.34971,-0.171925][0.690701,0.44386,-0.570895][0.550335,0.425662,0][0.284278,-1.34971,-0.171925][0.690701,0.44386,-0.570895][0.550335,0.425662,0][0.246666,-1.37892,-0.20643][0.210849,-0.0165691,-0.977378][0.547123,0.426398,0][0.211553,-1.3212,-0.210427][0.170315,0.0392175,-0.984609][0.548109,0.423079,0][0.29063,-1.42105,-0.191457][0.289752,-0.0453567,-0.956027][0.547218,0.429504,0][0.323783,-1.38573,-0.160733][0.719355,0.458318,-0.521989][0.550225,0.428749,0][0.34961,-1.43003,-0.152517][0.913292,0.117693,-0.389932][0.54941,0.431804,0][0.34961,-1.43003,-0.152517][0.913292,0.117693,-0.389932][0.54941,0.431804,0][0.333156,-1.4618,-0.176976][0.618322,-0.26085,-0.741374][0.547229,0.432745,0][0.29063,-1.42105,-0.191457][0.289752,-0.0453567,-0.956027][0.547218,0.429504,0][0.333156,-1.4618,-0.176976][0.618322,-0.26085,-0.741374][0.547711,0.433765,0][0.34961,-1.43003,-0.152517][0.913292,0.117693,-0.389932][0.54941,0.431804,0][0.343387,-1.47167,-0.113614][0.872758,-0.479611,0.0909247][0.550475,0.434187,0][0.246666,-1.37892,-0.20643][0.210849,-0.0165691,-0.977378][0.539618,0.348586,0][0.202137,-1.41191,-0.193032][-0.397877,-0.486643,-0.777736][0.542832,0.347765,0][0.16206,-1.3502,-0.196508][-0.532003,-0.302673,-0.790798][0.543707,0.351356,0][0.16206,-1.3502,-0.196508][-0.532003,-0.302673,-0.790798][0.543707,0.351356,0][0.211553,-1.3212,-0.210427][0.170315,0.0392175,-0.984609][0.540583,0.352392,0][0.246666,-1.37892,-0.20643][0.210849,-0.0165691,-0.977378][0.539618,0.348586,0][0.257766,-1.45483,-0.179314][-0.255167,-0.586737,-0.768524][0.541844,0.344276,0][0.29063,-1.42105,-0.191457][0.289752,-0.0453567,-0.956027][0.539052,0.345166,0][0.333156,-1.4618,-0.176976][0.618322,-0.26085,-0.741374][0.538595,0.341979,0][0.333156,-1.4618,-0.176976][0.618322,-0.26085,-0.741374][0.538595,0.341979,0][0.311563,-1.49634,-0.166046][0.226711,-0.768081,-0.598877][0.54088,0.340915,0][0.257766,-1.45483,-0.179314][-0.255167,-0.586737,-0.768524][0.541844,0.344276,0][0.311563,-1.49634,-0.166046][0.226711,-0.768081,-0.598877][0.547724,0.436034,0][0.333156,-1.4618,-0.176976][0.618322,-0.26085,-0.741374][0.547711,0.433765,0][0.343387,-1.47167,-0.113614][0.872758,-0.479611,0.0909247][0.550475,0.434187,0][0.134393,-1.36615,-0.14087][-0.865436,-0.472145,-0.167626][0.54682,0.35033,0][0.16206,-1.3502,-0.196508][-0.532003,-0.302673,-0.790798][0.543707,0.351356,0][0.202137,-1.41191,-0.193032][-0.397877,-0.486643,-0.777736][0.542832,0.347765,0][0.202137,-1.41191,-0.193032][-0.397877,-0.486643,-0.777736][0.542832,0.347765,0][0.176796,-1.42937,-0.139579][-0.701578,-0.693914,-0.162083][0.545687,0.346922,0][0.134393,-1.36615,-0.14087][-0.865436,-0.472145,-0.167626][0.54682,0.35033,0][0.238152,-1.47211,-0.132741][-0.550847,-0.821268,-0.148614][0.544629,0.343235,0][0.257766,-1.45483,-0.179314][-0.255167,-0.586737,-0.768524][0.541844,0.344276,0][0.311563,-1.49634,-0.166046][0.226711,-0.768081,-0.598877][0.54088,0.340915,0][0.311563,-1.49634,-0.166046][0.226711,-0.768081,-0.598877][0.54088,0.340915,0][0.297487,-1.51343,-0.126128][0.00633022,-0.996794,-0.0797612][0.543411,0.339807,0][0.238152,-1.47211,-0.132741][-0.550847,-0.821268,-0.148614][0.544629,0.343235,0][0.297487,-1.51343,-0.126128][0.00633022,-0.996794,-0.0797612][0.549386,0.437447,0][0.311563,-1.49634,-0.166046][0.226711,-0.768081,-0.598877][0.547724,0.436034,0][0.343387,-1.47167,-0.113614][0.872758,-0.479611,0.0909247][0.550475,0.434187,0][0.185483,-1.42104,-0.0773826][-0.612004,-0.59697,0.518728][0.548498,0.345999,0][0.144747,-1.35972,-0.0761085][-0.742962,-0.420121,0.521061][0.550033,0.349282,0][0.134393,-1.36615,-0.14087][-0.865436,-0.472145,-0.167626][0.54682,0.35033,0][0.134393,-1.36615,-0.14087][-0.865436,-0.472145,-0.167626][0.54682,0.35033,0][0.176796,-1.42937,-0.139579][-0.701578,-0.693914,-0.162083][0.545687,0.346922,0][0.185483,-1.42104,-0.0773826][-0.612004,-0.59697,0.518728][0.548498,0.345999,0][0.238152,-1.47211,-0.132741][-0.550847,-0.821268,-0.148614][0.544629,0.343235,0][0.297487,-1.51343,-0.126128][0.00633022,-0.996794,-0.0797612][0.543411,0.339807,0][0.299179,-1.50306,-0.0806051][0.0476123,-0.86635,0.497162][0.545942,0.339127,0][0.299179,-1.50306,-0.0806051][0.0476123,-0.86635,0.497162][0.545942,0.339127,0][0.243281,-1.46273,-0.079021][-0.478487,-0.694458,0.537382][0.547346,0.342498,0][0.238152,-1.47211,-0.132741][-0.550847,-0.821268,-0.148614][0.544629,0.343235,0][0.299179,-1.50306,-0.0806051][0.0476123,-0.86635,0.497162][0.55162,0.437203,0][0.297487,-1.51343,-0.126128][0.00633022,-0.996794,-0.0797612][0.549386,0.437447,0][0.343387,-1.47167,-0.113614][0.872758,-0.479611,0.0909247][0.550475,0.434187,0][0.189676,-1.25803,-0.211681][0.146286,-0.0123041,-0.989166][0.548119,0.420272,0][0.243585,-1.23743,-0.174181][0.789977,-0.100314,-0.604875][0.552342,0.419005,0][0.253878,-1.29616,-0.174474][0.77965,0.279498,-0.560381][0.55183,0.422162,0][0.253878,-1.29616,-0.174474][0.77965,0.279498,-0.560381][0.55183,0.422162,0][0.211553,-1.3212,-0.210427][0.170315,0.0392175,-0.984609][0.548109,0.423079,0][0.189676,-1.25803,-0.211681][0.146286,-0.0123041,-0.989166][0.548119,0.420272,0][0.243585,-1.23743,-0.174181][0.789977,-0.100314,-0.604875][0.552342,0.419005,0][0.255735,-1.23302,-0.106675][0.947571,-0.309437,0.0797321][0.556157,0.418423,0][0.264249,-1.28973,-0.109711][0.936464,0.309614,0.164847][0.554852,0.42166,0][0.264249,-1.28973,-0.109711][0.936464,0.309614,0.164847][0.554852,0.42166,0][0.253878,-1.29616,-0.174474][0.77965,0.279498,-0.560381][0.55183,0.422162,0][0.243585,-1.23743,-0.174181][0.789977,-0.100314,-0.604875][0.552342,0.419005,0][0.264249,-1.28973,-0.109711][0.936464,0.309614,0.164847][0.554852,0.42166,0][0.255735,-1.23302,-0.106675][0.947571,-0.309437,0.0797321][0.556157,0.418423,0][0.225569,-1.24739,-0.0487074][0.69755,-0.436946,0.567893][0.559659,0.419069,0][0.225569,-1.24739,-0.0487074][0.69755,-0.436946,0.567893][0.559659,0.419069,0][0.236564,-1.30568,-0.0540757][0.581001,0.144606,0.800954][0.557152,0.422337,0][0.264249,-1.28973,-0.109711][0.936464,0.309614,0.164847][0.554852,0.42166,0][0.236564,-1.30568,-0.0540757][0.581001,0.144606,0.800954][0.557152,0.422337,0][0.225569,-1.24739,-0.0487074][0.69755,-0.436946,0.567893][0.559659,0.419069,0][0.164204,-1.2721,-0.0257245][-0.189872,-0.932519,-0.307176][0.561837,0.421639,0][0.164204,-1.2721,-0.0257245][-0.189872,-0.932519,-0.307176][0.561837,0.421639,0][0.187079,-1.33467,-0.0401563][-0.165108,-0.19752,0.966295][0.559423,0.424245,0][0.236564,-1.30568,-0.0540757][0.581001,0.144606,0.800954][0.557152,0.422337,0][0.187079,-1.33467,-0.0401563][-0.165108,-0.19752,0.966295][0.552995,0.348167,0][0.164204,-1.2721,-0.0257245][-0.189872,-0.932519,-0.307176][0.55482,0.351459,0][0.116855,-1.2927,-0.0717285][-0.788191,-0.392224,0.474253][0.551736,0.352625,0][0.116855,-1.2927,-0.0717285][-0.788191,-0.392224,0.474253][0.551736,0.352625,0][0.144747,-1.35972,-0.0761085][-0.742962,-0.420121,0.521061][0.550033,0.349282,0][0.187079,-1.33467,-0.0401563][-0.165108,-0.19752,0.966295][0.552995,0.348167,0][0.144747,-1.35972,-0.0761085][-0.742962,-0.420121,0.521061][0.550033,0.349282,0][0.116855,-1.2927,-0.0717285][-0.788191,-0.392224,0.474253][0.551736,0.352625,0][0.104687,-1.29711,-0.139236][-0.922072,-0.349953,-0.165278][0.54798,0.353775,0][0.104687,-1.29711,-0.139236][-0.922072,-0.349953,-0.165278][0.54798,0.353775,0][0.134393,-1.36615,-0.14087][-0.865436,-0.472145,-0.167626][0.54682,0.35033,0][0.144747,-1.35972,-0.0761085][-0.742962,-0.420121,0.521061][0.550033,0.349282,0][0.104687,-1.29711,-0.139236][-0.922072,-0.349953,-0.165278][0.54798,0.353775,0][0.134853,-1.28275,-0.197207][-0.572672,-0.195247,-0.796194][0.544536,0.354864,0][0.16206,-1.3502,-0.196508][-0.532003,-0.302673,-0.790798][0.543707,0.351356,0][0.16206,-1.3502,-0.196508][-0.532003,-0.302673,-0.790798][0.543707,0.351356,0][0.134393,-1.36615,-0.14087][-0.865436,-0.472145,-0.167626][0.54682,0.35033,0][0.104687,-1.29711,-0.139236][-0.922072,-0.349953,-0.165278][0.54798,0.353775,0][0.134853,-1.28275,-0.197207][-0.572672,-0.195247,-0.796194][0.544536,0.354864,0][0.189676,-1.25803,-0.211681][0.146286,-0.0123041,-0.989166][0.541386,0.356019,0][0.211553,-1.3212,-0.210427][0.170315,0.0392175,-0.984609][0.540583,0.352392,0][0.211553,-1.3212,-0.210427][0.170315,0.0392175,-0.984609][0.540583,0.352392,0][0.16206,-1.3502,-0.196508][-0.532003,-0.302673,-0.790798][0.543707,0.351356,0][0.134853,-1.28275,-0.197207][-0.572672,-0.195247,-0.796194][0.544536,0.354864,0][0.509145,-0.854437,0.108107][0.997453,0.0710203,-0.0065999][0.593559,0.393655,0][0.506107,-0.81666,0.108186][0.985768,0.167751,0.011033][0.591925,0.39503,0][0.518796,-0.82861,0.162846][0.969896,0.230942,-0.0772545][0.5906,0.39224,0][0.518796,-0.82861,0.162846][0.969896,0.230942,-0.0772545][0.5906,0.39224,0][0.527065,-0.875231,0.155737][0.975829,0.0819158,-0.202604][0.592783,0.390731,0][0.509145,-0.854437,0.108107][0.997453,0.0710203,-0.0065999][0.593559,0.393655,0][0.534581,-0.807947,-0.124709][0.794528,0.561753,-0.230562][0.529302,0.38589,0][0.539008,-0.822865,-0.0252939][0.950256,0.285159,0.125294][0.52752,0.39043,0][0.554967,-0.885098,-0.0644656][0.964174,0.142105,0.223999][0.524434,0.38747,0][0.554967,-0.885098,-0.0644656][0.964174,0.142105,0.223999][0.524434,0.38747,0][0.566414,-0.868132,-0.1646][0.826809,0.522293,-0.2088][0.526626,0.382837,0][0.534581,-0.807947,-0.124709][0.794528,0.561753,-0.230562][0.529302,0.38589,0][0.436359,-0.924889,-0.251283][-0.192378,0.187125,-0.963315][0.532135,0.375179,0][0.381373,-0.837159,-0.203238][-0.189597,0.428701,-0.883328][0.536978,0.379211,0][0.477955,-0.806246,-0.186582][0.280092,0.636387,-0.718721][0.532407,0.382705,0][0.477955,-0.806246,-0.186582][0.280092,0.636387,-0.718721][0.532407,0.382705,0][0.517129,-0.873738,-0.230819][0.315063,0.539635,-0.780723][0.52935,0.379258,0][0.436359,-0.924889,-0.251283][-0.192378,0.187125,-0.963315][0.532135,0.375179,0][0.381373,-0.837159,-0.203238][-0.189597,0.428701,-0.883328][0.536978,0.379211,0][0.436359,-0.924889,-0.251283][-0.192378,0.187125,-0.963315][0.532135,0.375179,0][0.259432,-0.96205,-0.196455][-0.362668,0.189721,-0.912402][0.540945,0.371732,0][0.259432,-0.96205,-0.196455][-0.362668,0.189721,-0.912402][0.540945,0.371732,0][0.246258,-0.866561,-0.158411][-0.484511,0.293213,-0.824182][0.543554,0.376696,0][0.381373,-0.837159,-0.203238][-0.189597,0.428701,-0.883328][0.536978,0.379211,0][0.110285,-0.967743,-0.0835749][-0.801123,0.283883,-0.526889][0.551133,0.370773,0][0.0569642,-1.15801,-0.133879][-0.95998,0.0126646,-0.279782][0.550232,0.360547,0][0.0676219,-1.16693,-0.0356532][-0.980338,-0.109835,-0.163935][0.55544,0.359889,0][0.271669,-0.99429,0.362659][-0.066911,0.0522372,0.996391][0.579404,0.375292,0][0.118729,-0.971553,0.255462][-0.801771,0.141619,0.580609][0.569246,0.373396,0][0.186707,-1.13134,0.358548][-0.253141,-0.000333123,0.967429][0.578088,0.367599,0][0.426041,-1.00542,0.314639][0.449944,-0.306745,0.838724][0.57655,0.397019,0][0.450696,-1.04081,0.266574][0.549874,-0.758079,0.350649][0.573514,0.398779,0][0.4921,-1.00726,0.249079][0.793878,-0.546241,0.267168][0.572354,0.396576,0][0.4921,-1.00726,0.249079][0.793878,-0.546241,0.267168][0.572354,0.396576,0][0.497689,-0.948416,0.281392][0.738014,-0.129313,0.662279][0.574142,0.393009,0][0.426041,-1.00542,0.314639][0.449944,-0.306745,0.838724][0.57655,0.397019,0][0.233778,-1.25622,0.177145][0.397926,-0.302747,-0.866025][0.575403,0.41474,0][0.178029,-1.27271,0.173219][-0.304227,-0.903176,0.302851][0.575411,0.417283,0][0.292748,-1.18973,0.159554][0.806708,-0.589017,-0.0477619][0.571959,0.411586,0][0.419974,-0.98096,-0.236209][-0.29727,-0.48148,-0.824504][0.532135,0.372003,0][0.291873,-1.0152,-0.198208][0.102707,-0.226513,-0.968578][0.538342,0.369048,0][0.259432,-0.96205,-0.196455][-0.362668,0.189721,-0.912402][0.540945,0.371732,0][0.259432,-0.96205,-0.196455][-0.362668,0.189721,-0.912402][0.540945,0.371732,0][0.436359,-0.924889,-0.251283][-0.192378,0.187125,-0.963315][0.532135,0.375179,0][0.419974,-0.98096,-0.236209][-0.29727,-0.48148,-0.824504][0.532135,0.372003,0][0.0859678,-1.15996,0.285167][-0.872905,-0.0995801,0.477619][0.572568,0.364048,0][0.151672,-1.28291,0.286077][-0.84285,-0.367004,0.393589][0.576852,0.358563,0][0.190751,-1.27239,0.334198][-0.321504,-0.237906,0.916535][0.579806,0.36056,0][0.190751,-1.27239,0.334198][-0.321504,-0.237906,0.916535][0.579806,0.36056,0][0.186707,-1.13134,0.358548][-0.253141,-0.000333123,0.967429][0.578088,0.367599,0][0.0859678,-1.15996,0.285167][-0.872905,-0.0995801,0.477619][0.572568,0.364048,0][0.255735,-1.23302,-0.106675][0.947571,-0.309437,0.0797321][0.556157,0.418423,0][0.243585,-1.23743,-0.174181][0.789977,-0.100314,-0.604875][0.552342,0.419005,0][0.28781,-1.16114,-0.1741][0.683068,-0.345281,-0.643583][0.553591,0.414536,0][0.28781,-1.16114,-0.1741][0.683068,-0.345281,-0.643583][0.553591,0.414536,0][0.301687,-1.17624,-0.0893425][0.81155,-0.582655,-0.0435777][0.557265,0.413671,0][0.255735,-1.23302,-0.106675][0.947571,-0.309437,0.0797321][0.556157,0.418423,0][0.246501,-1.2559,0.328635][0.507781,-0.157795,0.846912][0.583499,0.409094,0][0.276989,-1.2431,0.272649][0.934226,-0.319954,0.157643][0.579891,0.410645,0][0.317533,-1.18526,0.281866][0.835413,-0.453672,0.310268][0.577901,0.408102,0][0.317533,-1.18526,0.281866][0.835413,-0.453672,0.310268][0.577901,0.408102,0][0.267625,-1.1487,0.333893][0.415674,-0.212139,0.884428][0.581555,0.405295,0][0.246501,-1.2559,0.328635][0.507781,-0.157795,0.846912][0.583499,0.409094,0][0.334448,-1.05731,-0.150246][0.637972,-0.490131,-0.593939][0.553227,0.407343,0][0.323028,-1.09618,-0.164436][0.767899,-0.239001,-0.594315][0.553338,0.409847,0][0.291873,-1.0152,-0.198208][0.102707,-0.226513,-0.968578][0.548618,0.408066,0][0.4921,-1.00726,0.249079][0.793878,-0.546241,0.267168][0.572354,0.396576,0][0.450696,-1.04081,0.266574][0.549874,-0.758079,0.350649][0.573514,0.398779,0][0.454384,-1.03727,0.161562][0.608264,-0.786526,-0.106732][0.568373,0.400151,0][0.454384,-1.03727,0.161562][0.608264,-0.786526,-0.106732][0.568373,0.400151,0][0.521304,-0.94938,0.153226][0.923836,-0.342721,-0.170495][0.567782,0.394428,0][0.4921,-1.00726,0.249079][0.793878,-0.546241,0.267168][0.572354,0.396576,0][0.369561,-1.07342,0.284851][0.72049,-0.62817,0.293762][0.575902,0.402605,0][0.450696,-1.04081,0.266574][0.549874,-0.758079,0.350649][0.573514,0.398779,0][0.426041,-1.00542,0.314639][0.449944,-0.306745,0.838724][0.57655,0.397019,0][0.426041,-1.00542,0.314639][0.449944,-0.306745,0.838724][0.57655,0.397019,0][0.346207,-1.05496,0.331053][0.446496,-0.317843,0.836431][0.57876,0.400938,0][0.369561,-1.07342,0.284851][0.72049,-0.62817,0.293762][0.575902,0.402605,0][0.354139,-1.08158,0.0813593][0.690831,-0.722818,0.016967][0.565353,0.406597,0][0.456528,-1.01728,0.101696][0.696111,-0.7177,-0.0183523][0.565069,0.399711,0][0.454384,-1.03727,0.161562][0.608264,-0.786526,-0.106732][0.568373,0.400151,0][0.454384,-1.03727,0.161562][0.608264,-0.786526,-0.106732][0.568373,0.400151,0][0.327636,-1.09378,0.162474][0.839987,-0.542223,-0.0204195][0.570213,0.406892,0][0.354139,-1.08158,0.0813593][0.690831,-0.722818,0.016967][0.565353,0.406597,0][0.356413,-1.07956,-0.0691893][0.661127,-0.741633,-0.113544][0.557396,0.406942,0][0.334448,-1.05731,-0.150246][0.637972,-0.490131,-0.593939][0.553227,0.407343,0][0.421492,-1.02648,-0.154093][-0.0526475,-0.924404,-0.377765][0.552387,0.402154,0][0.421492,-1.02648,-0.154093][-0.0526475,-0.924404,-0.377765][0.552387,0.402154,0][0.45448,-1.0424,-0.0886578][0.281739,-0.958515,0.043271][0.555458,0.40044,0][0.356413,-1.07956,-0.0691893][0.661127,-0.741633,-0.113544][0.557396,0.406942,0][0.072551,-1.16214,0.186556][-0.932295,-0.128811,0.337986][0.567612,0.362445,0][0.0650702,-0.976109,0.0842572][-0.990089,0.132169,0.0474916][0.560315,0.371067,0][0.0221379,-1.17382,0.0834372][-0.997947,-0.0486281,0.0416781][0.562183,0.361111,0][0.0859678,-1.15996,0.285167][-0.872905,-0.0995801,0.477619][0.572568,0.364048,0][0.072551,-1.16214,0.186556][-0.932295,-0.128811,0.337986][0.567612,0.362445,0][0.146734,-1.28377,0.227829][-0.872879,-0.439529,-0.211888][0.57434,0.356522,0][0.146734,-1.28377,0.227829][-0.872879,-0.439529,-0.211888][0.57434,0.356522,0][0.151672,-1.28291,0.286077][-0.84285,-0.367004,0.393589][0.576852,0.358563,0][0.0859678,-1.15996,0.285167][-0.872905,-0.0995801,0.477619][0.572568,0.364048,0][0.218106,-1.25212,0.14222][0.78103,-0.468788,0.41259][0.572801,0.416226,0][0.292748,-1.18973,0.159554][0.806708,-0.589017,-0.0477619][0.571959,0.411586,0][0.178029,-1.27271,0.173219][-0.304227,-0.903176,0.302851][0.575411,0.417283,0][0.230915,-0.767523,-0.112393][-0.459506,0.36919,-0.807808][0.546083,0.382187,0][0.223408,-0.713478,-0.0833171][-0.449081,0.387654,-0.805016][0.547444,0.386027,0][0.300325,-0.713478,-0.0964502][-0.148953,0.660218,-0.736155][0.543526,0.386878,0][0.300325,-0.713478,-0.0964502][-0.148953,0.660218,-0.736155][0.543526,0.386878,0][0.328686,-0.75467,-0.14531][-0.18416,0.602882,-0.776285][0.540954,0.383662,0][0.230915,-0.767523,-0.112393][-0.459506,0.36919,-0.807808][0.546083,0.382187,0][0.112576,-0.780176,0.01469][-0.894712,0.253321,-0.367857][0.554984,0.381282,0][0.129438,-0.713478,0.0274101][-0.882669,0.293594,-0.367012][0.554937,0.385539,0][0.166208,-0.713478,-0.0292957][-0.732781,0.337003,-0.591152][0.551436,0.38569,0][0.166208,-0.713478,-0.0292957][-0.732781,0.337003,-0.591152][0.551436,0.38569,0][0.149893,-0.779959,-0.0481885][-0.739172,0.288297,-0.608695][0.55122,0.381154,0][0.112576,-0.780176,0.01469][-0.894712,0.253321,-0.367857][0.554984,0.381282,0][0.0943513,-0.783682,0.0879403][-0.977481,0.206717,-0.0424158][0.558823,0.381526,0][0.10749,-0.789288,0.17386][-0.955349,0.138354,0.261086][0.563207,0.38209,0][0.118044,-0.713478,0.169499][-0.952275,0.176519,0.249026][0.562371,0.386072,0][0.118044,-0.713478,0.169499][-0.952275,0.176519,0.249026][0.562371,0.386072,0][0.114077,-0.713478,0.093393][-0.957966,0.275404,-0.0803336][0.558439,0.385678,0][0.0943513,-0.783682,0.0879403][-0.977481,0.206717,-0.0424158][0.558823,0.381526,0][0.232234,-0.713478,0.300064][-0.279684,0.284434,0.916992][0.571564,0.388374,0][0.142386,-0.713478,0.226871][-0.7916,0.180155,0.583879][0.565567,0.386663,0][0.128631,-0.795155,0.235146][-0.820302,0.157783,0.549736][0.566464,0.382498,0][0.128631,-0.795155,0.235146][-0.820302,0.157783,0.549736][0.566464,0.382498,0][0.226662,-0.797056,0.325286][-0.304386,0.213262,0.928369][0.573067,0.384356,0][0.232234,-0.713478,0.300064][-0.279684,0.284434,0.916992][0.571564,0.388374,0][0.412554,-0.713478,0.258972][0.426467,0.336533,0.839566][0.580635,0.392155,0][0.338614,-0.713478,0.283443][0.226736,0.30041,0.926469][0.576928,0.390426,0][0.340454,-0.795615,0.309626][0.202539,0.255256,0.945422][0.578604,0.386801,0][0.340454,-0.795615,0.309626][0.202539,0.255256,0.945422][0.578604,0.386801,0][0.434059,-0.790651,0.279695][0.435583,0.328636,0.838013][0.582909,0.389185,0][0.412554,-0.713478,0.258972][0.426467,0.336533,0.839566][0.580635,0.392155,0][0.498974,-0.779898,0.108506][0.97035,0.241086,0.0172845][0.590315,0.396384,0][0.480393,-0.713478,0.110267][0.932988,0.359807,0.00849947][0.587798,0.398376,0][0.48068,-0.713478,0.159966][0.945561,0.315941,0.0780783][0.586148,0.396267,0][0.48068,-0.713478,0.159966][0.945561,0.315941,0.0780783][0.586148,0.396267,0][0.506099,-0.784662,0.159949][0.951498,0.307569,-0.007244][0.588827,0.39401,0][0.498974,-0.779898,0.108506][0.97035,0.241086,0.0172845][0.590315,0.396384,0][0.509396,-0.766343,0.00144097][0.852437,0.519421,0.059613][0.5307,0.39257,0][0.50136,-0.749498,-0.0827077][0.655021,0.731093,-0.19092][0.532554,0.388694,0][0.455009,-0.713478,-0.00571291][0.590652,0.798853,-0.113859][0.535081,0.393034,0][0.328686,-0.75467,-0.14531][-0.18416,0.602882,-0.776285][0.540954,0.383662,0][0.300325,-0.713478,-0.0964502][-0.148953,0.660218,-0.736155][0.543526,0.386878,0][0.399823,-0.713478,-0.0868049][0.145581,0.902972,-0.404286][0.538589,0.389006,0][0.399823,-0.713478,-0.0868049][0.145581,0.902972,-0.404286][0.538589,0.389006,0][0.437392,-0.740499,-0.140233][0.2074,0.790844,-0.575805][0.535942,0.385933,0][0.328686,-0.75467,-0.14531][-0.18416,0.602882,-0.776285][0.540954,0.383662,0][0.0569642,-1.15801,-0.133879][-0.95998,0.0126646,-0.279782][0.550232,0.360547,0][0.104687,-1.29711,-0.139236][-0.922072,-0.349953,-0.165278][0.54798,0.353775,0][0.116855,-1.2927,-0.0717285][-0.788191,-0.392224,0.474253][0.551736,0.352625,0][0.116855,-1.2927,-0.0717285][-0.788191,-0.392224,0.474253][0.551736,0.352625,0][0.0676219,-1.16693,-0.0356532][-0.980338,-0.109835,-0.163935][0.55544,0.359889,0][0.0569642,-1.15801,-0.133879][-0.95998,0.0126646,-0.279782][0.550232,0.360547,0][0.242656,-1.24248,0.0701931][0.87702,-0.47607,-0.0647533][0.568245,0.41666,0][0.217845,-1.25236,-0.00167905][0.706091,-0.308415,-0.637429][0.563628,0.418655,0][0.279566,-1.18564,-0.00310236][0.75491,-0.650383,-0.0843405][0.562358,0.414285,0][0.279566,-1.18564,-0.00310236][0.75491,-0.650383,-0.0843405][0.562358,0.414285,0][0.294484,-1.20958,0.0725143][0.722283,-0.685161,-0.0941354][0.567199,0.413798,0][0.242656,-1.24248,0.0701931][0.87702,-0.47607,-0.0647533][0.568245,0.41666,0][0.0569642,-1.15801,-0.133879][-0.95998,0.0126646,-0.279782][0.550232,0.360547,0][0.117366,-1.1441,-0.202141][-0.501196,0.138267,-0.854216][0.545453,0.361576,0][0.134853,-1.28275,-0.197207][-0.572672,-0.195247,-0.796194][0.544536,0.354864,0][0.134853,-1.28275,-0.197207][-0.572672,-0.195247,-0.796194][0.544536,0.354864,0][0.104687,-1.29711,-0.139236][-0.922072,-0.349953,-0.165278][0.54798,0.353775,0][0.0569642,-1.15801,-0.133879][-0.95998,0.0126646,-0.279782][0.550232,0.360547,0][0.210876,-1.1316,-0.209099][0.148983,-0.024491,-0.988536][0.548395,0.415038,0][0.28781,-1.16114,-0.1741][0.683068,-0.345281,-0.643583][0.553591,0.414536,0][0.243585,-1.23743,-0.174181][0.789977,-0.100314,-0.604875][0.552342,0.419005,0][0.243585,-1.23743,-0.174181][0.789977,-0.100314,-0.604875][0.552342,0.419005,0][0.189676,-1.25803,-0.211681][0.146286,-0.0123041,-0.989166][0.548119,0.420272,0][0.210876,-1.1316,-0.209099][0.148983,-0.024491,-0.988536][0.548395,0.415038,0][0.0221379,-1.17382,0.0834372][-0.997947,-0.0486281,0.0416781][0.562183,0.361111,0][0.0676219,-1.16693,-0.0356532][-0.980338,-0.109835,-0.163935][0.55544,0.359889,0][0.0921123,-1.29948,-0.00130527][-0.684132,-0.283602,-0.671962][0.558578,0.352993,0][0.0921123,-1.29948,-0.00130527][-0.684132,-0.283602,-0.671962][0.558578,0.352993,0][0.0675526,-1.30912,0.0802746][-0.936799,-0.349112,0.0229933][0.563345,0.35404,0][0.0221379,-1.17382,0.0834372][-0.997947,-0.0486281,0.0416781][0.562183,0.361111,0][0.0923722,-1.29923,0.151465][-0.631627,-0.290183,0.718917][0.567157,0.354912,0][0.178029,-1.27271,0.173219][-0.304227,-0.903176,0.302851][0.571924,0.354645,0][0.072551,-1.16214,0.186556][-0.932295,-0.128811,0.337986][0.567612,0.362445,0][0.480393,-0.713478,0.110267][0.932988,0.359807,0.00849947][0.532174,0.398376,0][0.498974,-0.779898,0.108506][0.97035,0.241086,0.0172845][0.529016,0.397736,0][0.509396,-0.766343,0.00144097][0.852437,0.519421,0.059613][0.5307,0.39257,0][0.509396,-0.766343,0.00144097][0.852437,0.519421,0.059613][0.5307,0.39257,0][0.455009,-0.713478,-0.00571291][0.590652,0.798853,-0.113859][0.535081,0.393034,0][0.480393,-0.713478,0.110267][0.932988,0.359807,0.00849947][0.532174,0.398376,0][0.539008,-0.822865,-0.0252939][0.950256,0.285159,0.125294][0.52752,0.39043,0][0.506107,-0.81666,0.108186][0.985768,0.167751,0.011033][0.527026,0.397245,0][0.509145,-0.854437,0.108107][0.997453,0.0710203,-0.0065999][0.525008,0.396776,0][0.509145,-0.854437,0.108107][0.997453,0.0710203,-0.0065999][0.525008,0.396776,0][0.554967,-0.885098,-0.0644656][0.964174,0.142105,0.223999][0.524434,0.38747,0][0.539008,-0.822865,-0.0252939][0.950256,0.285159,0.125294][0.52752,0.39043,0][0.554967,-0.885098,-0.0644656][0.964174,0.142105,0.223999][0.558623,0.389418,0][0.509145,-0.854437,0.108107][0.997453,0.0710203,-0.0065999][0.56632,0.38925,0][0.527187,-0.937802,0.0658277][0.917326,-0.270475,0.292158][0.563374,0.394328,0][0.527187,-0.937802,0.0658277][0.917326,-0.270475,0.292158][0.563374,0.394328,0][0.535597,-0.965339,-0.0391324][0.818078,-0.454541,0.352336][0.558165,0.39493,0][0.554967,-0.885098,-0.0644656][0.964174,0.142105,0.223999][0.558623,0.389418,0][0.450609,-1.04107,0.0332854][0.580252,-0.805629,0.119455][0.561549,0.400942,0][0.45448,-1.0424,-0.0886578][0.281739,-0.958515,0.043271][0.555458,0.40044,0][0.535597,-0.965339,-0.0391324][0.818078,-0.454541,0.352336][0.558165,0.39493,0][0.535597,-0.965339,-0.0391324][0.818078,-0.454541,0.352336][0.558165,0.39493,0][0.527187,-0.937802,0.0658277][0.917326,-0.270475,0.292158][0.563374,0.394328,0][0.450609,-1.04107,0.0332854][0.580252,-0.805629,0.119455][0.561549,0.400942,0][0.356413,-1.07956,-0.0691893][0.661127,-0.741633,-0.113544][0.557396,0.406942,0][0.45448,-1.0424,-0.0886578][0.281739,-0.958515,0.043271][0.555458,0.40044,0][0.450609,-1.04107,0.0332854][0.580252,-0.805629,0.119455][0.561549,0.400942,0][0.450609,-1.04107,0.0332854][0.580252,-0.805629,0.119455][0.561549,0.400942,0][0.326429,-1.09704,0.00797933][0.806566,-0.590432,-0.0289876][0.561735,0.408454,0][0.356413,-1.07956,-0.0691893][0.661127,-0.741633,-0.113544][0.557396,0.406942,0][0.225569,-1.24739,-0.0487074][0.69755,-0.436946,0.567893][0.559659,0.419069,0][0.255735,-1.23302,-0.106675][0.947571,-0.309437,0.0797321][0.556157,0.418423,0][0.301687,-1.17624,-0.0893425][0.81155,-0.582655,-0.0435777][0.557265,0.413671,0][0.301687,-1.17624,-0.0893425][0.81155,-0.582655,-0.0435777][0.557265,0.413671,0][0.279566,-1.18564,-0.00310236][0.75491,-0.650383,-0.0843405][0.562358,0.414285,0][0.225569,-1.24739,-0.0487074][0.69755,-0.436946,0.567893][0.559659,0.419069,0][0.341955,-1.11554,-0.0783553][0.898303,-0.435859,-0.0554797][0.557499,0.409319,0][0.323028,-1.09618,-0.164436][0.767899,-0.239001,-0.594315][0.553338,0.409847,0][0.334448,-1.05731,-0.150246][0.637972,-0.490131,-0.593939][0.553227,0.407343,0][0.334448,-1.05731,-0.150246][0.637972,-0.490131,-0.593939][0.553227,0.407343,0][0.356413,-1.07956,-0.0691893][0.661127,-0.741633,-0.113544][0.557396,0.406942,0][0.341955,-1.11554,-0.0783553][0.898303,-0.435859,-0.0554797][0.557499,0.409319,0][0.326429,-1.09704,0.00797933][0.806566,-0.590432,-0.0289876][0.561735,0.408454,0][0.316476,-1.12981,0.00293863][0.902434,-0.428698,-0.0428007][0.561933,0.41046,0][0.341955,-1.11554,-0.0783553][0.898303,-0.435859,-0.0554797][0.557499,0.409319,0][0.341955,-1.11554,-0.0783553][0.898303,-0.435859,-0.0554797][0.557499,0.409319,0][0.356413,-1.07956,-0.0691893][0.661127,-0.741633,-0.113544][0.557396,0.406942,0][0.326429,-1.09704,0.00797933][0.806566,-0.590432,-0.0289876][0.561735,0.408454,0][0.326429,-1.09704,0.00797933][0.806566,-0.590432,-0.0289876][0.561735,0.408454,0][0.354139,-1.08158,0.0813593][0.690831,-0.722818,0.016967][0.565353,0.406597,0][0.337443,-1.13181,0.0773359][0.925539,-0.376089,-0.0439774][0.565969,0.409526,0][0.337443,-1.13181,0.0773359][0.925539,-0.376089,-0.0439774][0.565969,0.409526,0][0.316476,-1.12981,0.00293863][0.902434,-0.428698,-0.0428007][0.561933,0.41046,0][0.326429,-1.09704,0.00797933][0.806566,-0.590432,-0.0289876][0.561735,0.408454,0][0.327636,-1.09378,0.162474][0.839987,-0.542223,-0.0204195][0.570213,0.406892,0][0.369561,-1.07342,0.284851][0.72049,-0.62817,0.293762][0.575902,0.402605,0][0.356327,-1.11629,0.283493][0.877203,-0.412342,0.245947][0.576474,0.40484,0][0.356327,-1.11629,0.283493][0.877203,-0.412342,0.245947][0.576474,0.40484,0][0.323123,-1.1299,0.161146][0.951401,-0.307328,-0.0196357][0.57081,0.408687,0][0.327636,-1.09378,0.162474][0.839987,-0.542223,-0.0204195][0.570213,0.406892,0][0.346207,-1.05496,0.331053][0.446496,-0.317843,0.836431][0.57876,0.400938,0][0.356327,-1.11629,0.283493][0.877203,-0.412342,0.245947][0.576474,0.40484,0][0.369561,-1.07342,0.284851][0.72049,-0.62817,0.293762][0.575902,0.402605,0][0.521304,-0.94938,0.153226][0.923836,-0.342721,-0.170495][0.567782,0.394428,0][0.454384,-1.03727,0.161562][0.608264,-0.786526,-0.106732][0.568373,0.400151,0][0.456528,-1.01728,0.101696][0.696111,-0.7177,-0.0183523][0.565069,0.399711,0][0.456528,-1.01728,0.101696][0.696111,-0.7177,-0.0183523][0.565069,0.399711,0][0.505361,-0.947253,0.104423][0.930017,-0.364994,0.0429833][0.565341,0.39501,0][0.521304,-0.94938,0.153226][0.923836,-0.342721,-0.170495][0.567782,0.394428,0][0.369561,-1.07342,0.284851][0.72049,-0.62817,0.293762][0.575902,0.402605,0][0.327636,-1.09378,0.162474][0.839987,-0.542223,-0.0204195][0.570213,0.406892,0][0.454384,-1.03727,0.161562][0.608264,-0.786526,-0.106732][0.568373,0.400151,0][0.454384,-1.03727,0.161562][0.608264,-0.786526,-0.106732][0.568373,0.400151,0][0.450696,-1.04081,0.266574][0.549874,-0.758079,0.350649][0.573514,0.398779,0][0.369561,-1.07342,0.284851][0.72049,-0.62817,0.293762][0.575902,0.402605,0][0.354139,-1.08158,0.0813593][0.690831,-0.722818,0.016967][0.565353,0.406597,0][0.326429,-1.09704,0.00797933][0.806566,-0.590432,-0.0289876][0.561735,0.408454,0][0.450609,-1.04107,0.0332854][0.580252,-0.805629,0.119455][0.561549,0.400942,0][0.450609,-1.04107,0.0332854][0.580252,-0.805629,0.119455][0.561549,0.400942,0][0.456528,-1.01728,0.101696][0.696111,-0.7177,-0.0183523][0.565069,0.399711,0][0.354139,-1.08158,0.0813593][0.690831,-0.722818,0.016967][0.565353,0.406597,0][0.456528,-1.01728,0.101696][0.696111,-0.7177,-0.0183523][0.565069,0.399711,0][0.450609,-1.04107,0.0332854][0.580252,-0.805629,0.119455][0.561549,0.400942,0][0.527187,-0.937802,0.0658277][0.917326,-0.270475,0.292158][0.563374,0.394328,0][0.527187,-0.937802,0.0658277][0.917326,-0.270475,0.292158][0.563374,0.394328,0][0.505361,-0.947253,0.104423][0.930017,-0.364994,0.0429833][0.565341,0.39501,0][0.456528,-1.01728,0.101696][0.696111,-0.7177,-0.0183523][0.565069,0.399711,0][0.327636,-1.09378,0.162474][0.839987,-0.542223,-0.0204195][0.570213,0.406892,0][0.323123,-1.1299,0.161146][0.951401,-0.307328,-0.0196357][0.57081,0.408687,0][0.337443,-1.13181,0.0773359][0.925539,-0.376089,-0.0439774][0.565969,0.409526,0][0.337443,-1.13181,0.0773359][0.925539,-0.376089,-0.0439774][0.565969,0.409526,0][0.354139,-1.08158,0.0813593][0.690831,-0.722818,0.016967][0.565353,0.406597,0][0.327636,-1.09378,0.162474][0.839987,-0.542223,-0.0204195][0.570213,0.406892,0][0.0676219,-1.16693,-0.0356532][-0.980338,-0.109835,-0.163935][0.55544,0.359889,0][0.116855,-1.2927,-0.0717285][-0.788191,-0.392224,0.474253][0.551736,0.352625,0][0.164204,-1.2721,-0.0257245][-0.189872,-0.932519,-0.307176][0.55482,0.351459,0][0.164204,-1.2721,-0.0257245][-0.189872,-0.932519,-0.307176][0.55482,0.351459,0][0.0921123,-1.29948,-0.00130527][-0.684132,-0.283602,-0.671962][0.558578,0.352993,0][0.0676219,-1.16693,-0.0356532][-0.980338,-0.109835,-0.163935][0.55544,0.359889,0][0.0221379,-1.17382,0.0834372][-0.997947,-0.0486281,0.0416781][0.562183,0.361111,0][0.0675526,-1.30912,0.0802746][-0.936799,-0.349112,0.0229933][0.563345,0.35404,0][0.0923722,-1.29923,0.151465][-0.631627,-0.290183,0.718917][0.567157,0.354912,0][0.0923722,-1.29923,0.151465][-0.631627,-0.290183,0.718917][0.567157,0.354912,0][0.072551,-1.16214,0.186556][-0.932295,-0.128811,0.337986][0.567612,0.362445,0][0.0221379,-1.17382,0.0834372][-0.997947,-0.0486281,0.0416781][0.562183,0.361111,0][0.178029,-1.27271,0.173219][-0.304227,-0.903176,0.302851][0.571924,0.354645,0][0.146734,-1.28377,0.227829][-0.872879,-0.439529,-0.211888][0.57434,0.356522,0][0.072551,-1.16214,0.186556][-0.932295,-0.128811,0.337986][0.567612,0.362445,0][0.291873,-1.0152,-0.198208][0.102707,-0.226513,-0.968578][0.548618,0.408066,0][0.419974,-0.98096,-0.236209][-0.29727,-0.48148,-0.824504][0.546638,0.402155,0][0.421492,-1.02648,-0.154093][-0.0526475,-0.924404,-0.377765][0.552387,0.402154,0][0.421492,-1.02648,-0.154093][-0.0526475,-0.924404,-0.377765][0.552387,0.402154,0][0.334448,-1.05731,-0.150246][0.637972,-0.490131,-0.593939][0.553227,0.407343,0][0.291873,-1.0152,-0.198208][0.102707,-0.226513,-0.968578][0.548618,0.408066,0][0.0569642,-1.15801,-0.133879][-0.95998,0.0126646,-0.279782][0.550232,0.360547,0][0.110285,-0.967743,-0.0835749][-0.801123,0.283883,-0.526889][0.551133,0.370773,0][0.117366,-1.1441,-0.202141][-0.501196,0.138267,-0.854216][0.545453,0.361576,0][0.110285,-0.967743,-0.0835749][-0.801123,0.283883,-0.526889][0.551133,0.370773,0][0.246258,-0.866561,-0.158411][-0.484511,0.293213,-0.824182][0.543554,0.376696,0][0.259432,-0.96205,-0.196455][-0.362668,0.189721,-0.912402][0.540945,0.371732,0][0.259432,-0.96205,-0.196455][-0.362668,0.189721,-0.912402][0.540945,0.371732,0][0.117366,-1.1441,-0.202141][-0.501196,0.138267,-0.854216][0.545453,0.361576,0][0.110285,-0.967743,-0.0835749][-0.801123,0.283883,-0.526889][0.551133,0.370773,0][0.225569,-1.24739,-0.0487074][0.69755,-0.436946,0.567893][0.559659,0.419069,0][0.279566,-1.18564,-0.00310236][0.75491,-0.650383,-0.0843405][0.562358,0.414285,0][0.164204,-1.2721,-0.0257245][-0.189872,-0.932519,-0.307176][0.561837,0.421639,0][0.217845,-1.25236,-0.00167905][0.706091,-0.308415,-0.637429][0.563628,0.418655,0][0.164204,-1.2721,-0.0257245][-0.189872,-0.932519,-0.307176][0.561837,0.421639,0][0.279566,-1.18564,-0.00310236][0.75491,-0.650383,-0.0843405][0.562358,0.414285,0][0.294484,-1.20958,0.0725143][0.722283,-0.685161,-0.0941354][0.567199,0.413798,0][0.292748,-1.18973,0.159554][0.806708,-0.589017,-0.0477619][0.571959,0.411586,0][0.218106,-1.25212,0.14222][0.78103,-0.468788,0.41259][0.572801,0.416226,0][0.218106,-1.25212,0.14222][0.78103,-0.468788,0.41259][0.572801,0.416226,0][0.242656,-1.24248,0.0701931][0.87702,-0.47607,-0.0647533][0.568245,0.41666,0][0.294484,-1.20958,0.0725143][0.722283,-0.685161,-0.0941354][0.567199,0.413798,0][0.317533,-1.18526,0.281866][0.835413,-0.453672,0.310268][0.577901,0.408102,0][0.276989,-1.2431,0.272649][0.934226,-0.319954,0.157643][0.579891,0.410645,0][0.27205,-1.24395,0.2144][0.877303,-0.344264,-0.334396][0.577015,0.41248,0][0.27205,-1.24395,0.2144][0.877303,-0.344264,-0.334396][0.577015,0.41248,0][0.292748,-1.18973,0.159554][0.806708,-0.589017,-0.0477619][0.571959,0.411586,0][0.317533,-1.18526,0.281866][0.835413,-0.453672,0.310268][0.577901,0.408102,0][0.27205,-1.24395,0.2144][0.877303,-0.344264,-0.334396][0.577015,0.41248,0][0.233778,-1.25622,0.177145][0.397926,-0.302747,-0.866025][0.575403,0.41474,0][0.292748,-1.18973,0.159554][0.806708,-0.589017,-0.0477619][0.571959,0.411586,0][0.246501,-1.2559,0.328635][0.507781,-0.157795,0.846912][0.582946,0.361964,0][0.267625,-1.1487,0.333893][0.415674,-0.212139,0.884428][0.582812,0.367715,0][0.186707,-1.13134,0.358548][-0.253141,-0.000333123,0.967429][0.578088,0.367599,0][0.186707,-1.13134,0.358548][-0.253141,-0.000333123,0.967429][0.578088,0.367599,0][0.190751,-1.27239,0.334198][-0.321504,-0.237906,0.916535][0.579806,0.36056,0][0.246501,-1.2559,0.328635][0.507781,-0.157795,0.846912][0.582946,0.361964,0][0.189676,-1.25803,-0.211681][0.146286,-0.0123041,-0.989166][0.541386,0.356019,0][0.134853,-1.28275,-0.197207][-0.572672,-0.195247,-0.796194][0.544536,0.354864,0][0.117366,-1.1441,-0.202141][-0.501196,0.138267,-0.854216][0.545453,0.361576,0][0.117366,-1.1441,-0.202141][-0.501196,0.138267,-0.854216][0.545453,0.361576,0][0.210876,-1.1316,-0.209099][0.148983,-0.024491,-0.988536][0.54069,0.362662,0][0.189676,-1.25803,-0.211681][0.146286,-0.0123041,-0.989166][0.541386,0.356019,0][0.509145,-0.854437,0.108107][0.997453,0.0710203,-0.0065999][0.56632,0.38925,0][0.505361,-0.947253,0.104423][0.930017,-0.364994,0.0429833][0.565341,0.39501,0][0.527187,-0.937802,0.0658277][0.917326,-0.270475,0.292158][0.563374,0.394328,0][0.505361,-0.947253,0.104423][0.930017,-0.364994,0.0429833][0.565341,0.39501,0][0.509145,-0.854437,0.108107][0.997453,0.0710203,-0.0065999][0.56632,0.38925,0][0.527065,-0.875231,0.155737][0.975829,0.0819158,-0.202604][0.568345,0.390098,0][0.527065,-0.875231,0.155737][0.975829,0.0819158,-0.202604][0.568345,0.390098,0][0.521304,-0.94938,0.153226][0.923836,-0.342721,-0.170495][0.567782,0.394428,0][0.505361,-0.947253,0.104423][0.930017,-0.364994,0.0429833][0.565341,0.39501,0][0.118729,-0.971553,0.255462][-0.801771,0.141619,0.580609][0.569246,0.373396,0][0.0859678,-1.15996,0.285167][-0.872905,-0.0995801,0.477619][0.572568,0.364048,0][0.186707,-1.13134,0.358548][-0.253141,-0.000333123,0.967429][0.578088,0.367599,0][0.072551,-1.16214,0.186556][-0.932295,-0.128811,0.337986][0.567612,0.362445,0][0.0859678,-1.15996,0.285167][-0.872905,-0.0995801,0.477619][0.572568,0.364048,0][0.118729,-0.971553,0.255462][-0.801771,0.141619,0.580609][0.569246,0.373396,0][0.072551,-1.16214,0.186556][-0.932295,-0.128811,0.337986][0.567612,0.362445,0][0.0905499,-0.973158,0.180066][-0.949084,0.0980827,0.299364][0.565102,0.372218,0][0.0650702,-0.976109,0.0842572][-0.990089,0.132169,0.0474916][0.560315,0.371067,0][0.0650702,-0.976109,0.0842572][-0.990089,0.132169,0.0474916][0.560315,0.371067,0][0.0676219,-1.16693,-0.0356532][-0.980338,-0.109835,-0.163935][0.55544,0.359889,0][0.0221379,-1.17382,0.0834372][-0.997947,-0.0486281,0.0416781][0.562183,0.361111,0][0.110285,-0.967743,-0.0835749][-0.801123,0.283883,-0.526889][0.551133,0.370773,0][0.0676219,-1.16693,-0.0356532][-0.980338,-0.109835,-0.163935][0.55544,0.359889,0][0.0784268,-0.970407,-0.00664945][-0.952061,0.148694,-0.26734][0.555533,0.370872,0][0.346207,-1.05496,0.331053][0.446496,-0.317843,0.836431][0.58464,0.373886,0][0.426041,-1.00542,0.314639][0.449944,-0.306745,0.838724][0.587506,0.378217,0][0.388932,-0.929532,0.329261][0.27642,0.0945117,0.956378][0.583867,0.381027,0][0.388932,-0.929532,0.329261][0.27642,0.0945117,0.956378][0.583867,0.381027,0][0.271669,-0.99429,0.362659][-0.066911,0.0522372,0.996391][0.579404,0.375292,0][0.346207,-1.05496,0.331053][0.446496,-0.317843,0.836431][0.58464,0.373886,0][0.497689,-0.948416,0.281392][0.738014,-0.129313,0.662279][0.58995,0.382795,0][0.480176,-0.869095,0.288783][0.575514,0.208536,0.790757][0.586848,0.386015,0][0.388932,-0.929532,0.329261][0.27642,0.0945117,0.956378][0.583867,0.381027,0][0.388932,-0.929532,0.329261][0.27642,0.0945117,0.956378][0.583867,0.381027,0][0.426041,-1.00542,0.314639][0.449944,-0.306745,0.838724][0.587506,0.378217,0][0.497689,-0.948416,0.281392][0.738014,-0.129313,0.662279][0.58995,0.382795,0][0.232234,-0.713478,0.300064][-0.279684,0.284434,0.916992][0.571564,0.388374,0][0.226662,-0.797056,0.325286][-0.304386,0.213262,0.928369][0.573067,0.384356,0][0.340454,-0.795615,0.309626][0.202539,0.255256,0.945422][0.578604,0.386801,0][0.340454,-0.795615,0.309626][0.202539,0.255256,0.945422][0.578604,0.386801,0][0.338614,-0.713478,0.283443][0.226736,0.30041,0.926469][0.576928,0.390426,0][0.232234,-0.713478,0.300064][-0.279684,0.284434,0.916992][0.571564,0.388374,0][0.226662,-0.797056,0.325286][-0.304386,0.213262,0.928369][0.573067,0.384356,0][0.271669,-0.99429,0.362659][-0.066911,0.0522372,0.996391][0.579404,0.375292,0][0.388932,-0.929532,0.329261][0.27642,0.0945117,0.956378][0.583867,0.381027,0][0.388932,-0.929532,0.329261][0.27642,0.0945117,0.956378][0.583867,0.381027,0][0.340454,-0.795615,0.309626][0.202539,0.255256,0.945422][0.578604,0.386801,0][0.226662,-0.797056,0.325286][-0.304386,0.213262,0.928369][0.573067,0.384356,0][0.62048,-1.11287,-0.250453][0.902449,-0.248966,-0.351569][0.518879,0.372008,0][0.599383,-1.11814,-0.280759][0.53701,-0.269161,-0.799483][0.520153,0.370377,0][0.587424,-1.05668,-0.26908][0.483493,0.235359,-0.843114][0.522045,0.372922,0][0.587424,-1.05668,-0.26908][0.483493,0.235359,-0.843114][0.522045,0.372922,0][0.615759,-1.05075,-0.232548][0.916417,0.180552,-0.357184][0.520323,0.375056,0][0.62048,-1.11287,-0.250453][0.902449,-0.248966,-0.351569][0.518879,0.372008,0][0.610726,-0.984466,-0.213447][0.896523,0.296411,-0.329222][0.522193,0.37791,0][0.574658,-0.991114,-0.25662][0.483092,0.307748,-0.819703][0.5241,0.375473,0][0.546939,-0.928612,-0.243871][0.442606,0.402944,-0.801085][0.526947,0.377354,0][0.546939,-0.928612,-0.243871][0.442606,0.402944,-0.801085][0.526947,0.377354,0][0.589924,-0.922511,-0.188634][0.86495,0.439439,-0.242393][0.524639,0.380308,0][0.610726,-0.984466,-0.213447][0.896523,0.296411,-0.329222][0.522193,0.37791,0][0.477955,-0.806246,-0.186582][0.280092,0.636387,-0.718721][0.532407,0.382705,0][0.534581,-0.807947,-0.124709][0.794528,0.561753,-0.230562][0.529302,0.38589,0][0.566414,-0.868132,-0.1646][0.826809,0.522293,-0.2088][0.526626,0.382837,0][0.566414,-0.868132,-0.1646][0.826809,0.522293,-0.2088][0.526626,0.382837,0][0.517129,-0.873738,-0.230819][0.315063,0.539635,-0.780723][0.52935,0.379258,0][0.477955,-0.806246,-0.186582][0.280092,0.636387,-0.718721][0.532407,0.382705,0][0.399823,-0.713478,-0.0868049][0.145581,0.902972,-0.404286][0.538589,0.389006,0][0.455009,-0.713478,-0.00571291][0.590652,0.798853,-0.113859][0.535081,0.393034,0][0.50136,-0.749498,-0.0827077][0.655021,0.731093,-0.19092][0.532554,0.388694,0][0.50136,-0.749498,-0.0827077][0.655021,0.731093,-0.19092][0.532554,0.388694,0][0.437392,-0.740499,-0.140233][0.2074,0.790844,-0.575805][0.535942,0.385933,0][0.399823,-0.713478,-0.0868049][0.145581,0.902972,-0.404286][0.538589,0.389006,0][0.434059,-0.790651,0.279695][0.435583,0.328636,0.838013][0.582909,0.389185,0][0.340454,-0.795615,0.309626][0.202539,0.255256,0.945422][0.578604,0.386801,0][0.388932,-0.929532,0.329261][0.27642,0.0945117,0.956378][0.583867,0.381027,0][0.388932,-0.929532,0.329261][0.27642,0.0945117,0.956378][0.583867,0.381027,0][0.480176,-0.869095,0.288783][0.575514,0.208536,0.790757][0.586848,0.386015,0][0.434059,-0.790651,0.279695][0.435583,0.328636,0.838013][0.582909,0.389185,0][0.506107,-0.81666,0.108186][0.985768,0.167751,0.011033][0.591925,0.39503,0][0.498974,-0.779898,0.108506][0.97035,0.241086,0.0172845][0.590315,0.396384,0][0.506099,-0.784662,0.159949][0.951498,0.307569,-0.007244][0.588827,0.39401,0][0.506099,-0.784662,0.159949][0.951498,0.307569,-0.007244][0.588827,0.39401,0][0.518796,-0.82861,0.162846][0.969896,0.230942,-0.0772545][0.5906,0.39224,0][0.506107,-0.81666,0.108186][0.985768,0.167751,0.011033][0.591925,0.39503,0][0.506107,-0.81666,0.108186][0.985768,0.167751,0.011033][0.527026,0.397245,0][0.539008,-0.822865,-0.0252939][0.950256,0.285159,0.125294][0.52752,0.39043,0][0.509396,-0.766343,0.00144097][0.852437,0.519421,0.059613][0.5307,0.39257,0][0.509396,-0.766343,0.00144097][0.852437,0.519421,0.059613][0.5307,0.39257,0][0.498974,-0.779898,0.108506][0.97035,0.241086,0.0172845][0.529016,0.397736,0][0.506107,-0.81666,0.108186][0.985768,0.167751,0.011033][0.527026,0.397245,0][0.539008,-0.822865,-0.0252939][0.950256,0.285159,0.125294][0.52752,0.39043,0][0.534581,-0.807947,-0.124709][0.794528,0.561753,-0.230562][0.529302,0.38589,0][0.50136,-0.749498,-0.0827077][0.655021,0.731093,-0.19092][0.532554,0.388694,0][0.50136,-0.749498,-0.0827077][0.655021,0.731093,-0.19092][0.532554,0.388694,0][0.509396,-0.766343,0.00144097][0.852437,0.519421,0.059613][0.5307,0.39257,0][0.539008,-0.822865,-0.0252939][0.950256,0.285159,0.125294][0.52752,0.39043,0][0.437392,-0.740499,-0.140233][0.2074,0.790844,-0.575805][0.535942,0.385933,0][0.50136,-0.749498,-0.0827077][0.655021,0.731093,-0.19092][0.532554,0.388694,0][0.534581,-0.807947,-0.124709][0.794528,0.561753,-0.230562][0.529302,0.38589,0][0.534581,-0.807947,-0.124709][0.794528,0.561753,-0.230562][0.529302,0.38589,0][0.477955,-0.806246,-0.186582][0.280092,0.636387,-0.718721][0.532407,0.382705,0][0.437392,-0.740499,-0.140233][0.2074,0.790844,-0.575805][0.535942,0.385933,0][0.381373,-0.837159,-0.203238][-0.189597,0.428701,-0.883328][0.536978,0.379211,0][0.328686,-0.75467,-0.14531][-0.18416,0.602882,-0.776285][0.540954,0.383662,0][0.437392,-0.740499,-0.140233][0.2074,0.790844,-0.575805][0.535942,0.385933,0][0.437392,-0.740499,-0.140233][0.2074,0.790844,-0.575805][0.535942,0.385933,0][0.477955,-0.806246,-0.186582][0.280092,0.636387,-0.718721][0.532407,0.382705,0][0.381373,-0.837159,-0.203238][-0.189597,0.428701,-0.883328][0.536978,0.379211,0][0.246258,-0.866561,-0.158411][-0.484511,0.293213,-0.824182][0.543554,0.376696,0][0.230915,-0.767523,-0.112393][-0.459506,0.36919,-0.807808][0.546083,0.382187,0][0.328686,-0.75467,-0.14531][-0.18416,0.602882,-0.776285][0.540954,0.383662,0][0.328686,-0.75467,-0.14531][-0.18416,0.602882,-0.776285][0.540954,0.383662,0][0.381373,-0.837159,-0.203238][-0.189597,0.428701,-0.883328][0.536978,0.379211,0][0.246258,-0.866561,-0.158411][-0.484511,0.293213,-0.824182][0.543554,0.376696,0][0.0784268,-0.970407,-0.00664945][-0.952061,0.148694,-0.26734][0.555533,0.370872,0][0.112576,-0.780176,0.01469][-0.894712,0.253321,-0.367857][0.554984,0.381282,0][0.149893,-0.779959,-0.0481885][-0.739172,0.288297,-0.608695][0.55122,0.381154,0][0.149893,-0.779959,-0.0481885][-0.739172,0.288297,-0.608695][0.55122,0.381154,0][0.110285,-0.967743,-0.0835749][-0.801123,0.283883,-0.526889][0.551133,0.370773,0][0.0784268,-0.970407,-0.00664945][-0.952061,0.148694,-0.26734][0.555533,0.370872,0][0.0650702,-0.976109,0.0842572][-0.990089,0.132169,0.0474916][0.560315,0.371067,0][0.0905499,-0.973158,0.180066][-0.949084,0.0980827,0.299364][0.565102,0.372218,0][0.10749,-0.789288,0.17386][-0.955349,0.138354,0.261086][0.563207,0.38209,0][0.10749,-0.789288,0.17386][-0.955349,0.138354,0.261086][0.563207,0.38209,0][0.0943513,-0.783682,0.0879403][-0.977481,0.206717,-0.0424158][0.558823,0.381526,0][0.0650702,-0.976109,0.0842572][-0.990089,0.132169,0.0474916][0.560315,0.371067,0][0.118729,-0.971553,0.255462][-0.801771,0.141619,0.580609][0.569246,0.373396,0][0.271669,-0.99429,0.362659][-0.066911,0.0522372,0.996391][0.579404,0.375292,0][0.226662,-0.797056,0.325286][-0.304386,0.213262,0.928369][0.573067,0.384356,0][0.226662,-0.797056,0.325286][-0.304386,0.213262,0.928369][0.573067,0.384356,0][0.128631,-0.795155,0.235146][-0.820302,0.157783,0.549736][0.566464,0.382498,0][0.118729,-0.971553,0.255462][-0.801771,0.141619,0.580609][0.569246,0.373396,0][0.223408,-0.713478,-0.0833171][-0.449081,0.387654,-0.805016][0.547444,0.386027,0][0.230915,-0.767523,-0.112393][-0.459506,0.36919,-0.807808][0.546083,0.382187,0][0.149893,-0.779959,-0.0481885][-0.739172,0.288297,-0.608695][0.55122,0.381154,0][0.149893,-0.779959,-0.0481885][-0.739172,0.288297,-0.608695][0.55122,0.381154,0][0.166208,-0.713478,-0.0292957][-0.732781,0.337003,-0.591152][0.551436,0.38569,0][0.223408,-0.713478,-0.0833171][-0.449081,0.387654,-0.805016][0.547444,0.386027,0][0.149893,-0.779959,-0.0481885][-0.739172,0.288297,-0.608695][0.55122,0.381154,0][0.230915,-0.767523,-0.112393][-0.459506,0.36919,-0.807808][0.546083,0.382187,0][0.246258,-0.866561,-0.158411][-0.484511,0.293213,-0.824182][0.543554,0.376696,0][0.246258,-0.866561,-0.158411][-0.484511,0.293213,-0.824182][0.543554,0.376696,0][0.110285,-0.967743,-0.0835749][-0.801123,0.283883,-0.526889][0.551133,0.370773,0][0.149893,-0.779959,-0.0481885][-0.739172,0.288297,-0.608695][0.55122,0.381154,0][0.10749,-0.789288,0.17386][-0.955349,0.138354,0.261086][0.563207,0.38209,0][0.128631,-0.795155,0.235146][-0.820302,0.157783,0.549736][0.566464,0.382498,0][0.142386,-0.713478,0.226871][-0.7916,0.180155,0.583879][0.565567,0.386663,0][0.142386,-0.713478,0.226871][-0.7916,0.180155,0.583879][0.565567,0.386663,0][0.118044,-0.713478,0.169499][-0.952275,0.176519,0.249026][0.562371,0.386072,0][0.10749,-0.789288,0.17386][-0.955349,0.138354,0.261086][0.563207,0.38209,0][0.0905499,-0.973158,0.180066][-0.949084,0.0980827,0.299364][0.565102,0.372218,0][0.118729,-0.971553,0.255462][-0.801771,0.141619,0.580609][0.569246,0.373396,0][0.128631,-0.795155,0.235146][-0.820302,0.157783,0.549736][0.566464,0.382498,0][0.128631,-0.795155,0.235146][-0.820302,0.157783,0.549736][0.566464,0.382498,0][0.10749,-0.789288,0.17386][-0.955349,0.138354,0.261086][0.563207,0.38209,0][0.0905499,-0.973158,0.180066][-0.949084,0.0980827,0.299364][0.565102,0.372218,0][0.129438,-0.713478,0.0274101][-0.882669,0.293594,-0.367012][0.554937,0.385539,0][0.112576,-0.780176,0.01469][-0.894712,0.253321,-0.367857][0.554984,0.381282,0][0.0943513,-0.783682,0.0879403][-0.977481,0.206717,-0.0424158][0.558823,0.381526,0][0.0943513,-0.783682,0.0879403][-0.977481,0.206717,-0.0424158][0.558823,0.381526,0][0.114077,-0.713478,0.093393][-0.957966,0.275404,-0.0803336][0.558439,0.385678,0][0.129438,-0.713478,0.0274101][-0.882669,0.293594,-0.367012][0.554937,0.385539,0][0.0943513,-0.783682,0.0879403][-0.977481,0.206717,-0.0424158][0.558823,0.381526,0][0.112576,-0.780176,0.01469][-0.894712,0.253321,-0.367857][0.554984,0.381282,0][0.0784268,-0.970407,-0.00664945][-0.952061,0.148694,-0.26734][0.555533,0.370872,0][0.0784268,-0.970407,-0.00664945][-0.952061,0.148694,-0.26734][0.555533,0.370872,0][0.0650702,-0.976109,0.0842572][-0.990089,0.132169,0.0474916][0.560315,0.371067,0][0.0943513,-0.783682,0.0879403][-0.977481,0.206717,-0.0424158][0.558823,0.381526,0][0.46918,-0.713478,0.214772][0.792298,0.359007,0.493334][0.584053,0.3941,0][0.412554,-0.713478,0.258972][0.426467,0.336533,0.839566][0.580635,0.392155,0][0.434059,-0.790651,0.279695][0.435583,0.328636,0.838013][0.582909,0.389185,0][0.434059,-0.790651,0.279695][0.435583,0.328636,0.838013][0.582909,0.389185,0][0.502159,-0.789914,0.21668][0.845183,0.373086,0.382717][0.586999,0.391663,0][0.46918,-0.713478,0.214772][0.792298,0.359007,0.493334][0.584053,0.3941,0][0.502159,-0.789914,0.21668][0.845183,0.373086,0.382717][0.586999,0.391663,0][0.434059,-0.790651,0.279695][0.435583,0.328636,0.838013][0.582909,0.389185,0][0.480176,-0.869095,0.288783][0.575514,0.208536,0.790757][0.586848,0.386015,0][0.480176,-0.869095,0.288783][0.575514,0.208536,0.790757][0.586848,0.386015,0][0.520973,-0.841775,0.223125][0.9077,0.252805,0.334919][0.589051,0.389439,0][0.502159,-0.789914,0.21668][0.845183,0.373086,0.382717][0.586999,0.391663,0][0.480176,-0.869095,0.288783][0.575514,0.208536,0.790757][0.586848,0.386015,0][0.497689,-0.948416,0.281392][0.738014,-0.129313,0.662279][0.58995,0.382795,0][0.535024,-0.898168,0.208263][0.985277,-0.0151025,0.170297][0.591742,0.387715,0][0.535024,-0.898168,0.208263][0.985277,-0.0151025,0.170297][0.591742,0.387715,0][0.520973,-0.841775,0.223125][0.9077,0.252805,0.334919][0.589051,0.389439,0][0.480176,-0.869095,0.288783][0.575514,0.208536,0.790757][0.586848,0.386015,0][0.535024,-0.898168,0.208263][0.985277,-0.0151025,0.170297][0.570678,0.390708,0][0.497689,-0.948416,0.281392][0.738014,-0.129313,0.662279][0.574142,0.393009,0][0.4921,-1.00726,0.249079][0.793878,-0.546241,0.267168][0.572354,0.396576,0][0.4921,-1.00726,0.249079][0.793878,-0.546241,0.267168][0.572354,0.396576,0][0.521304,-0.94938,0.153226][0.923836,-0.342721,-0.170495][0.567782,0.394428,0][0.535024,-0.898168,0.208263][0.985277,-0.0151025,0.170297][0.570678,0.390708,0][0.072551,-1.16214,0.186556][-0.932295,-0.128811,0.337986][0.567612,0.362445,0][0.118729,-0.971553,0.255462][-0.801771,0.141619,0.580609][0.569246,0.373396,0][0.0905499,-0.973158,0.180066][-0.949084,0.0980827,0.299364][0.565102,0.372218,0][0.0676219,-1.16693,-0.0356532][-0.980338,-0.109835,-0.163935][0.55544,0.359889,0][0.0650702,-0.976109,0.0842572][-0.990089,0.132169,0.0474916][0.560315,0.371067,0][0.0784268,-0.970407,-0.00664945][-0.952061,0.148694,-0.26734][0.555533,0.370872,0][0.584769,-1.15076,-0.235156][0.261366,-0.959881,-0.101568][0.543896,0.39073,0][0.562994,-1.132,-0.283303][-0.157424,-0.540976,-0.826173][0.541071,0.390511,0][0.599383,-1.11814,-0.280759][0.53701,-0.269161,-0.799483][0.541427,0.388725,0][0.259432,-0.96205,-0.196455][-0.362668,0.189721,-0.912402][0.540945,0.371732,0][0.291873,-1.0152,-0.198208][0.102707,-0.226513,-0.968578][0.538342,0.369048,0][0.210876,-1.1316,-0.209099][0.148983,-0.024491,-0.988536][0.54069,0.362662,0][0.210876,-1.1316,-0.209099][0.148983,-0.024491,-0.988536][0.54069,0.362662,0][0.117366,-1.1441,-0.202141][-0.501196,0.138267,-0.854216][0.545453,0.361576,0][0.259432,-0.96205,-0.196455][-0.362668,0.189721,-0.912402][0.540945,0.371732,0][0.210876,-1.1316,-0.209099][0.148983,-0.024491,-0.988536][0.548395,0.415038,0][0.291873,-1.0152,-0.198208][0.102707,-0.226513,-0.968578][0.548618,0.408066,0][0.323028,-1.09618,-0.164436][0.767899,-0.239001,-0.594315][0.553338,0.409847,0][0.323028,-1.09618,-0.164436][0.767899,-0.239001,-0.594315][0.553338,0.409847,0][0.28781,-1.16114,-0.1741][0.683068,-0.345281,-0.643583][0.553591,0.414536,0][0.210876,-1.1316,-0.209099][0.148983,-0.024491,-0.988536][0.548395,0.415038,0][0.323028,-1.09618,-0.164436][0.767899,-0.239001,-0.594315][0.553338,0.409847,0][0.341955,-1.11554,-0.0783553][0.898303,-0.435859,-0.0554797][0.557499,0.409319,0][0.301687,-1.17624,-0.0893425][0.81155,-0.582655,-0.0435777][0.557265,0.413671,0][0.301687,-1.17624,-0.0893425][0.81155,-0.582655,-0.0435777][0.557265,0.413671,0][0.28781,-1.16114,-0.1741][0.683068,-0.345281,-0.643583][0.553591,0.414536,0][0.323028,-1.09618,-0.164436][0.767899,-0.239001,-0.594315][0.553338,0.409847,0][0.316476,-1.12981,0.00293863][0.902434,-0.428698,-0.0428007][0.561933,0.41046,0][0.279566,-1.18564,-0.00310236][0.75491,-0.650383,-0.0843405][0.562358,0.414285,0][0.301687,-1.17624,-0.0893425][0.81155,-0.582655,-0.0435777][0.557265,0.413671,0][0.301687,-1.17624,-0.0893425][0.81155,-0.582655,-0.0435777][0.557265,0.413671,0][0.341955,-1.11554,-0.0783553][0.898303,-0.435859,-0.0554797][0.557499,0.409319,0][0.316476,-1.12981,0.00293863][0.902434,-0.428698,-0.0428007][0.561933,0.41046,0][0.316476,-1.12981,0.00293863][0.902434,-0.428698,-0.0428007][0.561933,0.41046,0][0.337443,-1.13181,0.0773359][0.925539,-0.376089,-0.0439774][0.565969,0.409526,0][0.294484,-1.20958,0.0725143][0.722283,-0.685161,-0.0941354][0.567199,0.413798,0][0.294484,-1.20958,0.0725143][0.722283,-0.685161,-0.0941354][0.567199,0.413798,0][0.279566,-1.18564,-0.00310236][0.75491,-0.650383,-0.0843405][0.562358,0.414285,0][0.316476,-1.12981,0.00293863][0.902434,-0.428698,-0.0428007][0.561933,0.41046,0][0.292748,-1.18973,0.159554][0.806708,-0.589017,-0.0477619][0.571959,0.411586,0][0.294484,-1.20958,0.0725143][0.722283,-0.685161,-0.0941354][0.567199,0.413798,0][0.337443,-1.13181,0.0773359][0.925539,-0.376089,-0.0439774][0.565969,0.409526,0][0.337443,-1.13181,0.0773359][0.925539,-0.376089,-0.0439774][0.565969,0.409526,0][0.323123,-1.1299,0.161146][0.951401,-0.307328,-0.0196357][0.57081,0.408687,0][0.292748,-1.18973,0.159554][0.806708,-0.589017,-0.0477619][0.571959,0.411586,0][0.323123,-1.1299,0.161146][0.951401,-0.307328,-0.0196357][0.57081,0.408687,0][0.356327,-1.11629,0.283493][0.877203,-0.412342,0.245947][0.576474,0.40484,0][0.317533,-1.18526,0.281866][0.835413,-0.453672,0.310268][0.577901,0.408102,0][0.317533,-1.18526,0.281866][0.835413,-0.453672,0.310268][0.577901,0.408102,0][0.292748,-1.18973,0.159554][0.806708,-0.589017,-0.0477619][0.571959,0.411586,0][0.323123,-1.1299,0.161146][0.951401,-0.307328,-0.0196357][0.57081,0.408687,0][0.356327,-1.11629,0.283493][0.877203,-0.412342,0.245947][0.576474,0.40484,0][0.346207,-1.05496,0.331053][0.446496,-0.317843,0.836431][0.57876,0.400938,0][0.267625,-1.1487,0.333893][0.415674,-0.212139,0.884428][0.581555,0.405295,0][0.267625,-1.1487,0.333893][0.415674,-0.212139,0.884428][0.581555,0.405295,0][0.317533,-1.18526,0.281866][0.835413,-0.453672,0.310268][0.577901,0.408102,0][0.356327,-1.11629,0.283493][0.877203,-0.412342,0.245947][0.576474,0.40484,0][0.267625,-1.1487,0.333893][0.415674,-0.212139,0.884428][0.582812,0.367715,0][0.346207,-1.05496,0.331053][0.446496,-0.317843,0.836431][0.58464,0.373886,0][0.271669,-0.99429,0.362659][-0.066911,0.0522372,0.996391][0.579404,0.375292,0][0.271669,-0.99429,0.362659][-0.066911,0.0522372,0.996391][0.579404,0.375292,0][0.186707,-1.13134,0.358548][-0.253141,-0.000333123,0.967429][0.578088,0.367599,0][0.267625,-1.1487,0.333893][0.415674,-0.212139,0.884428][0.582812,0.367715,0][0.299943,-1.3419,0.268007][0.863678,0.395087,0.312997][0.584656,0.41362,0][0.275201,-1.36124,0.30883][0.525267,0.00657497,0.850912][0.586879,0.412517,0][0.301739,-1.39789,0.29039][0.569026,-0.00742512,0.822286][0.588503,0.414248,0][0.301739,-1.39789,0.29039][0.569026,-0.00742512,0.822286][0.588503,0.414248,0][0.3238,-1.37368,0.253595][0.87029,0.414526,0.266013][0.586434,0.415168,0][0.299943,-1.3419,0.268007][0.863678,0.395087,0.312997][0.584656,0.41362,0][0.3238,-1.37368,0.253595][0.87029,0.414526,0.266013][0.586434,0.415168,0][0.316762,-1.36922,0.207246][0.749464,0.510484,-0.421556][0.584834,0.416402,0][0.293712,-1.33894,0.21463][0.755181,0.501276,-0.422403][0.582585,0.415194,0][0.293712,-1.33894,0.21463][0.755181,0.501276,-0.422403][0.582585,0.415194,0][0.299943,-1.3419,0.268007][0.863678,0.395087,0.312997][0.584656,0.41362,0][0.3238,-1.37368,0.253595][0.87029,0.414526,0.266013][0.586434,0.415168,0][0.293712,-1.33894,0.21463][0.755181,0.501276,-0.422403][0.582585,0.415194,0][0.316762,-1.36922,0.207246][0.749464,0.510484,-0.421556][0.584834,0.416402,0][0.288852,-1.38437,0.176194][0.26318,0.244076,-0.933361][0.584023,0.417837,0][0.288852,-1.38437,0.176194][0.26318,0.244076,-0.933361][0.584023,0.417837,0][0.260152,-1.35405,0.179964][0.211487,0.20979,-0.9546][0.581674,0.417091,0][0.293712,-1.33894,0.21463][0.755181,0.501276,-0.422403][0.582585,0.415194,0][0.260152,-1.35405,0.179964][0.211487,0.20979,-0.9546][0.581674,0.417091,0][0.288852,-1.38437,0.176194][0.26318,0.244076,-0.933361][0.584023,0.417837,0][0.252316,-1.413,0.180926][-0.374304,-0.283132,-0.883025][0.583804,0.419974,0][0.252316,-1.413,0.180926][-0.374304,-0.283132,-0.883025][0.583804,0.419974,0][0.21893,-1.37841,0.184319][-0.446254,-0.250972,-0.858994][0.581193,0.419342,0][0.260152,-1.35405,0.179964][0.211487,0.20979,-0.9546][0.581674,0.417091,0][0.234351,-1.43444,0.215425][-0.677362,-0.663558,-0.317603][0.580016,0.349635,0][0.194188,-1.39773,0.225143][-0.785792,-0.554635,-0.273698][0.578522,0.35192,0][0.21893,-1.37841,0.184319][-0.446254,-0.250972,-0.858994][0.576614,0.350218,0][0.21893,-1.37841,0.184319][-0.446254,-0.250972,-0.858994][0.576614,0.350218,0][0.252316,-1.413,0.180926][-0.374304,-0.283132,-0.883025][0.578239,0.348108,0][0.234351,-1.43444,0.215425][-0.677362,-0.663558,-0.317603][0.580016,0.349635,0][0.194188,-1.39773,0.225143][-0.785792,-0.554635,-0.273698][0.578522,0.35192,0][0.234351,-1.43444,0.215425][-0.677362,-0.663558,-0.317603][0.580016,0.349635,0][0.241389,-1.43891,0.261775][-0.549422,-0.751933,0.364325][0.581918,0.351076,0][0.241389,-1.43891,0.261775][-0.549422,-0.751933,0.364325][0.581918,0.351076,0][0.200419,-1.40071,0.278521][-0.679865,-0.609391,0.407954][0.580383,0.353454,0][0.194188,-1.39773,0.225143][-0.785792,-0.554635,-0.273698][0.578522,0.35192,0][0.200419,-1.40071,0.278521][-0.679865,-0.609391,0.407954][0.580383,0.353454,0][0.241389,-1.43891,0.261775][-0.549422,-0.751933,0.364325][0.581918,0.351076,0][0.269299,-1.42377,0.292826][-0.0453575,-0.508158,0.860068][0.583934,0.352499,0][0.269299,-1.42377,0.292826][-0.0453575,-0.508158,0.860068][0.583934,0.352499,0][0.233978,-1.38559,0.313185][-0.168532,-0.417589,0.89287][0.582416,0.355045,0][0.200419,-1.40071,0.278521][-0.679865,-0.609391,0.407954][0.580383,0.353454,0][0.269299,-1.42377,0.292826][-0.0453575,-0.508158,0.860068][0.583934,0.352499,0][0.301739,-1.39789,0.29039][0.569026,-0.00742512,0.822286][0.586059,0.353625,0][0.275201,-1.36124,0.30883][0.525267,0.00657497,0.850912][0.584823,0.356211,0][0.275201,-1.36124,0.30883][0.525267,0.00657497,0.850912][0.584823,0.356211,0][0.233978,-1.38559,0.313185][-0.168532,-0.417589,0.89287][0.582416,0.355045,0][0.269299,-1.42377,0.292826][-0.0453575,-0.508158,0.860068][0.583934,0.352499,0][0.211466,-1.50538,0.0724148][-0.597423,-0.801837,0.011948][0.565121,0.34169,0][0.27422,-1.55251,0.0706373][-0.0231729,-0.999731,-0.00109637][0.565868,0.337696,0][0.284009,-1.53719,0.119587][0.116646,-0.825823,0.551733][0.568675,0.338443,0][0.284009,-1.53719,0.119587][0.116646,-0.825823,0.551733][0.568675,0.338443,0][0.226177,-1.49067,0.127773][-0.400963,-0.625934,0.668907][0.56833,0.342302,0][0.211466,-1.50538,0.0724148][-0.597423,-0.801837,0.011948][0.565121,0.34169,0][0.211466,-1.50538,0.0724148][-0.597423,-0.801837,0.011948][0.565121,0.34169,0][0.226072,-1.49092,0.0134381][-0.408007,-0.633099,-0.657812][0.561715,0.341094,0][0.283975,-1.53742,0.0215827][0.111809,-0.829823,-0.546711][0.56301,0.337302,0][0.283975,-1.53742,0.0215827][0.111809,-0.829823,-0.546711][0.56301,0.337302,0][0.27422,-1.55251,0.0706373][-0.0231729,-0.999731,-0.00109637][0.565868,0.337696,0][0.211466,-1.50538,0.0724148][-0.597423,-0.801837,0.011948][0.565121,0.34169,0][0.226072,-1.49092,0.0134381][-0.408007,-0.633099,-0.657812][0.561715,0.341094,0][0.261446,-1.45576,-0.0103904][0.113476,-0.144732,-0.982942][0.558913,0.340317,0][0.307545,-1.50075,0.0011571][0.484762,-0.367642,-0.793628][0.560342,0.337034,0][0.307545,-1.50075,0.0011571][0.484762,-0.367642,-0.793628][0.560342,0.337034,0][0.283975,-1.53742,0.0215827][0.111809,-0.829823,-0.546711][0.56301,0.337302,0][0.226072,-1.49092,0.0134381][-0.408007,-0.633099,-0.657812][0.561715,0.341094,0][0.261446,-1.45576,-0.0103904][0.113476,-0.144732,-0.982942][0.567988,0.431352,0][0.305297,-1.41464,0.0131185][0.645799,0.376433,-0.664261][0.569878,0.428707,0][0.331133,-1.46398,0.0213275][0.849834,0.0139518,-0.526866][0.57142,0.431823,0][0.331133,-1.46398,0.0213275][0.849834,0.0139518,-0.526866][0.57142,0.431823,0][0.307545,-1.50075,0.0011571][0.484762,-0.367642,-0.793628][0.570379,0.434195,0][0.261446,-1.45576,-0.0103904][0.113476,-0.144732,-0.982942][0.567988,0.431352,0][0.305297,-1.41464,0.0131185][0.645799,0.376433,-0.664261][0.569878,0.428707,0][0.320016,-1.39993,0.0702243][0.826729,0.562597,-0.00219611][0.571844,0.427334,0][0.340931,-1.44866,0.0702771][0.990716,0.135944,-0.00114208][0.573068,0.430274,0][0.340931,-1.44866,0.0702771][0.990716,0.135944,-0.00114208][0.573068,0.430274,0][0.331133,-1.46398,0.0213275][0.849834,0.0139518,-0.526866][0.57142,0.431823,0][0.305297,-1.41464,0.0131185][0.645799,0.376433,-0.664261][0.569878,0.428707,0][0.30541,-1.41438,0.127454][0.648074,0.378729,0.66073][0.574306,0.427054,0][0.331177,-1.46374,0.119333][0.851055,0.0158223,0.524839][0.575327,0.430406,0][0.340931,-1.44866,0.0702771][0.990716,0.135944,-0.00114208][0.573068,0.430274,0][0.340931,-1.44866,0.0702771][0.990716,0.135944,-0.00114208][0.573068,0.430274,0][0.320016,-1.39993,0.0702243][0.826729,0.562597,-0.00219611][0.571844,0.427334,0][0.30541,-1.41438,0.127454][0.648074,0.378729,0.66073][0.574306,0.427054,0][0.261602,-1.4554,0.151305][0.117451,-0.140793,0.983048][0.577526,0.427797,0][0.307605,-1.50042,0.139757][0.486956,-0.363857,0.794029][0.577771,0.431477,0][0.331177,-1.46374,0.119333][0.851055,0.0158223,0.524839][0.575327,0.430406,0][0.331177,-1.46374,0.119333][0.851055,0.0158223,0.524839][0.575327,0.430406,0][0.30541,-1.41438,0.127454][0.648074,0.378729,0.66073][0.574306,0.427054,0][0.261602,-1.4554,0.151305][0.117451,-0.140793,0.983048][0.577526,0.427797,0][0.226177,-1.49067,0.127773][-0.400963,-0.625934,0.668907][0.56833,0.342302,0][0.284009,-1.53719,0.119587][0.116646,-0.825823,0.551733][0.568675,0.338443,0][0.307605,-1.50042,0.139757][0.486956,-0.363857,0.794029][0.571242,0.339298,0][0.307605,-1.50042,0.139757][0.486956,-0.363857,0.794029][0.571242,0.339298,0][0.261602,-1.4554,0.151305][0.117451,-0.140793,0.983048][0.571336,0.342822,0][0.226177,-1.49067,0.127773][-0.400963,-0.625934,0.668907][0.56833,0.342302,0][0.292957,-1.34139,-0.10973][0.779905,0.603934,0.164353][0.553426,0.425241,0][0.267616,-1.35884,-0.0562757][0.464929,0.319075,0.825852][0.555753,0.426275,0][0.309298,-1.39364,-0.0604387][0.510351,0.345394,0.787556][0.554136,0.42956,0][0.309298,-1.39364,-0.0604387][0.510351,0.345394,0.787556][0.554136,0.42956,0][0.328911,-1.37637,-0.107012][0.785908,0.595863,0.165215][0.552359,0.428684,0][0.292957,-1.34139,-0.10973][0.779905,0.603934,0.164353][0.553426,0.425241,0][0.292957,-1.34139,-0.10973][0.779905,0.603934,0.164353][0.553426,0.425241,0][0.328911,-1.37637,-0.107012][0.785908,0.595863,0.165215][0.552359,0.428684,0][0.323783,-1.38573,-0.160733][0.719355,0.458318,-0.521989][0.550225,0.428749,0][0.323783,-1.38573,-0.160733][0.719355,0.458318,-0.521989][0.550225,0.428749,0][0.284278,-1.34971,-0.171925][0.690701,0.44386,-0.570895][0.550335,0.425662,0][0.292957,-1.34139,-0.10973][0.779905,0.603934,0.164353][0.553426,0.425241,0][0.284278,-1.34971,-0.171925][0.690701,0.44386,-0.570895][0.550335,0.425662,0][0.323783,-1.38573,-0.160733][0.719355,0.458318,-0.521989][0.550225,0.428749,0][0.29063,-1.42105,-0.191457][0.289752,-0.0453567,-0.956027][0.547218,0.429504,0][0.29063,-1.42105,-0.191457][0.289752,-0.0453567,-0.956027][0.547218,0.429504,0][0.246666,-1.37892,-0.20643][0.210849,-0.0165691,-0.977378][0.547123,0.426398,0][0.284278,-1.34971,-0.171925][0.690701,0.44386,-0.570895][0.550335,0.425662,0][0.257766,-1.45483,-0.179314][-0.255167,-0.586737,-0.768524][0.541844,0.344276,0][0.202137,-1.41191,-0.193032][-0.397877,-0.486643,-0.777736][0.542832,0.347765,0][0.246666,-1.37892,-0.20643][0.210849,-0.0165691,-0.977378][0.539618,0.348586,0][0.246666,-1.37892,-0.20643][0.210849,-0.0165691,-0.977378][0.539618,0.348586,0][0.29063,-1.42105,-0.191457][0.289752,-0.0453567,-0.956027][0.539052,0.345166,0][0.257766,-1.45483,-0.179314][-0.255167,-0.586737,-0.768524][0.541844,0.344276,0][0.202137,-1.41191,-0.193032][-0.397877,-0.486643,-0.777736][0.542832,0.347765,0][0.257766,-1.45483,-0.179314][-0.255167,-0.586737,-0.768524][0.541844,0.344276,0][0.238152,-1.47211,-0.132741][-0.550847,-0.821268,-0.148614][0.544629,0.343235,0][0.238152,-1.47211,-0.132741][-0.550847,-0.821268,-0.148614][0.544629,0.343235,0][0.176796,-1.42937,-0.139579][-0.701578,-0.693914,-0.162083][0.545687,0.346922,0][0.202137,-1.41191,-0.193032][-0.397877,-0.486643,-0.777736][0.542832,0.347765,0][0.238152,-1.47211,-0.132741][-0.550847,-0.821268,-0.148614][0.544629,0.343235,0][0.243281,-1.46273,-0.079021][-0.478487,-0.694458,0.537382][0.547346,0.342498,0][0.185483,-1.42104,-0.0773826][-0.612004,-0.59697,0.518728][0.548498,0.345999,0][0.185483,-1.42104,-0.0773826][-0.612004,-0.59697,0.518728][0.548498,0.345999,0][0.176796,-1.42937,-0.139579][-0.701578,-0.693914,-0.162083][0.545687,0.346922,0][0.238152,-1.47211,-0.132741][-0.550847,-0.821268,-0.148614][0.544629,0.343235,0][0.243281,-1.46273,-0.079021][-0.478487,-0.694458,0.537382][0.547346,0.342498,0][0.27015,-1.43223,-0.0496223][-0.0483961,-0.228132,0.972427][0.549875,0.341639,0][0.223104,-1.39183,-0.0428789][-0.129719,-0.202634,0.970625][0.551406,0.344801,0][0.223104,-1.39183,-0.0428789][-0.129719,-0.202634,0.970625][0.551406,0.344801,0][0.185483,-1.42104,-0.0773826][-0.612004,-0.59697,0.518728][0.548498,0.345999,0][0.243281,-1.46273,-0.079021][-0.478487,-0.694458,0.537382][0.547346,0.342498,0][0.27015,-1.43223,-0.0496223][-0.0483961,-0.228132,0.972427][0.5559,0.431343,0][0.309298,-1.39364,-0.0604387][0.510351,0.345394,0.787556][0.554136,0.42956,0][0.267616,-1.35884,-0.0562757][0.464929,0.319075,0.825852][0.555753,0.426275,0][0.267616,-1.35884,-0.0562757][0.464929,0.319075,0.825852][0.555753,0.426275,0][0.223104,-1.39183,-0.0428789][-0.129719,-0.202634,0.970625][0.557941,0.428084,0][0.27015,-1.43223,-0.0496223][-0.0483961,-0.228132,0.972427][0.5559,0.431343,0][0.618605,-1.05868,-0.187771][0.953379,-0.00993664,0.301612][0.549476,0.389695,0][0.613008,-0.997831,-0.167522][0.949476,0.0615438,0.307744][0.552025,0.389625,0][0.587355,-1.02324,-0.141487][0.627457,-0.325692,0.707264][0.552291,0.392401,0][0.587355,-1.02324,-0.141487][0.627457,-0.325692,0.707264][0.552291,0.392401,0][0.597292,-1.07647,-0.162851][0.541915,-0.223547,0.810157][0.549511,0.39165,0][0.618605,-1.05868,-0.187771][0.953379,-0.00993664,0.301612][0.549476,0.389695,0][0.618605,-1.05868,-0.187771][0.953379,-0.00993664,0.301612][0.518479,0.376787,0][0.615759,-1.05075,-0.232548][0.916417,0.180552,-0.357184][0.520323,0.375056,0][0.610726,-0.984466,-0.213447][0.896523,0.296411,-0.329222][0.522193,0.37791,0][0.610726,-0.984466,-0.213447][0.896523,0.296411,-0.329222][0.522193,0.37791,0][0.613008,-0.997831,-0.167522][0.949476,0.0615438,0.307744][0.520271,0.379718,0][0.618605,-1.05868,-0.187771][0.953379,-0.00993664,0.301612][0.518479,0.376787,0][0.615759,-1.05075,-0.232548][0.916417,0.180552,-0.357184][0.520323,0.375056,0][0.587424,-1.05668,-0.26908][0.483493,0.235359,-0.843114][0.522045,0.372922,0][0.574658,-0.991114,-0.25662][0.483092,0.307748,-0.819703][0.5241,0.375473,0][0.574658,-0.991114,-0.25662][0.483092,0.307748,-0.819703][0.5241,0.375473,0][0.610726,-0.984466,-0.213447][0.896523,0.296411,-0.329222][0.522193,0.37791,0][0.615759,-1.05075,-0.232548][0.916417,0.180552,-0.357184][0.520323,0.375056,0][0.587424,-1.05668,-0.26908][0.483493,0.235359,-0.843114][0.522045,0.372922,0][0.543095,-1.07851,-0.279261][-0.291851,-0.0311236,-0.955957][0.523746,0.37042,0][0.521868,-1.02145,-0.274949][-0.209888,0.0177533,-0.977564][0.52589,0.372411,0][0.521868,-1.02145,-0.274949][-0.209888,0.0177533,-0.977564][0.52589,0.372411,0][0.574658,-0.991114,-0.25662][0.483092,0.307748,-0.819703][0.5241,0.375473,0][0.587424,-1.05668,-0.26908][0.483493,0.235359,-0.843114][0.522045,0.372922,0][0.543095,-1.07851,-0.279261][-0.291851,-0.0311236,-0.955957][0.523746,0.37042,0][0.510664,-1.09584,-0.247031][-0.844533,-0.376842,-0.380465][0.525327,0.368502,0][0.491111,-1.04615,-0.24258][-0.773262,-0.426227,-0.469464][0.527503,0.369918,0][0.491111,-1.04615,-0.24258][-0.773262,-0.426227,-0.469464][0.527503,0.369918,0][0.521868,-1.02145,-0.274949][-0.209888,0.0177533,-0.977564][0.52589,0.372411,0][0.543095,-1.07851,-0.279261][-0.291851,-0.0311236,-0.955957][0.523746,0.37042,0][0.510664,-1.09584,-0.247031][-0.844533,-0.376842,-0.380465][0.54501,0.395636,0][0.515914,-1.10312,-0.194304][-0.780203,-0.513805,0.356775][0.547492,0.395118,0][0.498202,-1.05802,-0.182335][-0.638614,-0.736611,0.222656][0.549923,0.397456,0][0.498202,-1.05802,-0.182335][-0.638614,-0.736611,0.222656][0.549923,0.397456,0][0.491111,-1.04615,-0.24258][-0.773262,-0.426227,-0.469464][0.546484,0.397924,0][0.510664,-1.09584,-0.247031][-0.844533,-0.376842,-0.380465][0.54501,0.395636,0][0.498202,-1.05802,-0.182335][-0.638614,-0.736611,0.222656][0.549923,0.397456,0][0.515914,-1.10312,-0.194304][-0.780203,-0.513805,0.356775][0.547492,0.395118,0][0.551287,-1.09795,-0.158672][-0.216786,-0.451094,0.865747][0.548879,0.393908,0][0.551287,-1.09795,-0.158672][-0.216786,-0.451094,0.865747][0.548879,0.393908,0][0.538062,-1.04853,-0.14046][0.086931,-0.710648,0.698156][0.552045,0.395717,0][0.498202,-1.05802,-0.182335][-0.638614,-0.736611,0.222656][0.549923,0.397456,0][0.538062,-1.04853,-0.14046][0.086931,-0.710648,0.698156][0.552045,0.395717,0][0.551287,-1.09795,-0.158672][-0.216786,-0.451094,0.865747][0.548879,0.393908,0][0.597292,-1.07647,-0.162851][0.541915,-0.223547,0.810157][0.549511,0.39165,0][0.597292,-1.07647,-0.162851][0.541915,-0.223547,0.810157][0.549511,0.39165,0][0.587355,-1.02324,-0.141487][0.627457,-0.325692,0.707264][0.552291,0.392401,0][0.538062,-1.04853,-0.14046][0.086931,-0.710648,0.698156][0.552045,0.395717,0][0.535597,-0.965339,-0.0391324][0.818078,-0.454541,0.352336][0.558165,0.39493,0][0.45448,-1.0424,-0.0886578][0.281739,-0.958515,0.043271][0.555458,0.40044,0][0.50563,-1.04528,-0.113336][0.154354,-0.904672,0.397169][0.553781,0.39763,0][0.50563,-1.04528,-0.113336][0.154354,-0.904672,0.397169][0.553781,0.39763,0][0.560261,-0.992927,-0.0879036][0.667879,-0.45265,0.590801][0.555272,0.394111,0][0.535597,-0.965339,-0.0391324][0.818078,-0.454541,0.352336][0.558165,0.39493,0][0.585021,-0.937759,-0.114329][0.926216,0.127628,0.354732][0.55558,0.390295,0][0.554967,-0.885098,-0.0644656][0.964174,0.142105,0.223999][0.558623,0.389418,0][0.535597,-0.965339,-0.0391324][0.818078,-0.454541,0.352336][0.558165,0.39493,0][0.535597,-0.965339,-0.0391324][0.818078,-0.454541,0.352336][0.558165,0.39493,0][0.560261,-0.992927,-0.0879036][0.667879,-0.45265,0.590801][0.555272,0.394111,0][0.585021,-0.937759,-0.114329][0.926216,0.127628,0.354732][0.55558,0.390295,0][0.585021,-0.937759,-0.114329][0.926216,0.127628,0.354732][0.522147,0.384,0][0.589924,-0.922511,-0.188634][0.86495,0.439439,-0.242393][0.524639,0.380308,0][0.566414,-0.868132,-0.1646][0.826809,0.522293,-0.2088][0.526626,0.382837,0][0.566414,-0.868132,-0.1646][0.826809,0.522293,-0.2088][0.526626,0.382837,0][0.554967,-0.885098,-0.0644656][0.964174,0.142105,0.223999][0.524434,0.38747,0][0.585021,-0.937759,-0.114329][0.926216,0.127628,0.354732][0.522147,0.384,0][0.589924,-0.922511,-0.188634][0.86495,0.439439,-0.242393][0.524639,0.380308,0][0.546939,-0.928612,-0.243871][0.442606,0.402944,-0.801085][0.526947,0.377354,0][0.517129,-0.873738,-0.230819][0.315063,0.539635,-0.780723][0.52935,0.379258,0][0.517129,-0.873738,-0.230819][0.315063,0.539635,-0.780723][0.52935,0.379258,0][0.566414,-0.868132,-0.1646][0.826809,0.522293,-0.2088][0.526626,0.382837,0][0.589924,-0.922511,-0.188634][0.86495,0.439439,-0.242393][0.524639,0.380308,0][0.517129,-0.873738,-0.230819][0.315063,0.539635,-0.780723][0.52935,0.379258,0][0.546939,-0.928612,-0.243871][0.442606,0.402944,-0.801085][0.526947,0.377354,0][0.492846,-0.9675,-0.265446][-0.122807,0.0860129,-0.988696][0.528663,0.373985,0][0.492846,-0.9675,-0.265446][-0.122807,0.0860129,-0.988696][0.528663,0.373985,0][0.436359,-0.924889,-0.251283][-0.192378,0.187125,-0.963315][0.532135,0.375179,0][0.517129,-0.873738,-0.230819][0.315063,0.539635,-0.780723][0.52935,0.379258,0][0.492846,-0.9675,-0.265446][-0.122807,0.0860129,-0.988696][0.528663,0.373985,0][0.465189,-1.01199,-0.239241][-0.564007,-0.523296,-0.638794][0.529443,0.370963,0][0.419974,-0.98096,-0.236209][-0.29727,-0.48148,-0.824504][0.532135,0.372003,0][0.419974,-0.98096,-0.236209][-0.29727,-0.48148,-0.824504][0.532135,0.372003,0][0.436359,-0.924889,-0.251283][-0.192378,0.187125,-0.963315][0.532135,0.375179,0][0.492846,-0.9675,-0.265446][-0.122807,0.0860129,-0.988696][0.528663,0.373985,0][0.465189,-1.01199,-0.239241][-0.564007,-0.523296,-0.638794][0.546775,0.399761,0][0.469363,-1.04147,-0.167545][-0.405834,-0.909587,-0.0891626][0.551372,0.399337,0][0.421492,-1.02648,-0.154093][-0.0526475,-0.924404,-0.377765][0.552387,0.402154,0][0.421492,-1.02648,-0.154093][-0.0526475,-0.924404,-0.377765][0.552387,0.402154,0][0.419974,-0.98096,-0.236209][-0.29727,-0.48148,-0.824504][0.546638,0.402155,0][0.465189,-1.01199,-0.239241][-0.564007,-0.523296,-0.638794][0.546775,0.399761,0][0.469363,-1.04147,-0.167545][-0.405834,-0.909587,-0.0891626][0.551372,0.399337,0][0.50563,-1.04528,-0.113336][0.154354,-0.904672,0.397169][0.553781,0.39763,0][0.45448,-1.0424,-0.0886578][0.281739,-0.958515,0.043271][0.555458,0.40044,0][0.45448,-1.0424,-0.0886578][0.281739,-0.958515,0.043271][0.555458,0.40044,0][0.421492,-1.02648,-0.154093][-0.0526475,-0.924404,-0.377765][0.552387,0.402154,0][0.469363,-1.04147,-0.167545][-0.405834,-0.909587,-0.0891626][0.551372,0.399337,0][0.535024,-0.898168,0.208263][0.985277,-0.0151025,0.170297][0.570678,0.390708,0][0.521304,-0.94938,0.153226][0.923836,-0.342721,-0.170495][0.567782,0.394428,0][0.527065,-0.875231,0.155737][0.975829,0.0819158,-0.202604][0.568345,0.390098,0][0.527065,-0.875231,0.155737][0.975829,0.0819158,-0.202604][0.592783,0.390731,0][0.518796,-0.82861,0.162846][0.969896,0.230942,-0.0772545][0.5906,0.39224,0][0.520973,-0.841775,0.223125][0.9077,0.252805,0.334919][0.589051,0.389439,0][0.520973,-0.841775,0.223125][0.9077,0.252805,0.334919][0.589051,0.389439,0][0.535024,-0.898168,0.208263][0.985277,-0.0151025,0.170297][0.591742,0.387715,0][0.527065,-0.875231,0.155737][0.975829,0.0819158,-0.202604][0.592783,0.390731,0][0.518796,-0.82861,0.162846][0.969896,0.230942,-0.0772545][0.5906,0.39224,0][0.506099,-0.784662,0.159949][0.951498,0.307569,-0.007244][0.588827,0.39401,0][0.502159,-0.789914,0.21668][0.845183,0.373086,0.382717][0.586999,0.391663,0][0.502159,-0.789914,0.21668][0.845183,0.373086,0.382717][0.586999,0.391663,0][0.520973,-0.841775,0.223125][0.9077,0.252805,0.334919][0.589051,0.389439,0][0.518796,-0.82861,0.162846][0.969896,0.230942,-0.0772545][0.5906,0.39224,0][0.506099,-0.784662,0.159949][0.951498,0.307569,-0.007244][0.588827,0.39401,0][0.48068,-0.713478,0.159966][0.945561,0.315941,0.0780783][0.586148,0.396267,0][0.46918,-0.713478,0.214772][0.792298,0.359007,0.493334][0.584053,0.3941,0][0.46918,-0.713478,0.214772][0.792298,0.359007,0.493334][0.584053,0.3941,0][0.502159,-0.789914,0.21668][0.845183,0.373086,0.382717][0.586999,0.391663,0][0.506099,-0.784662,0.159949][0.951498,0.307569,-0.007244][0.588827,0.39401,0][0.532341,0.283195,-0.348554][-0.0278938,-0.486171,-0.873418][0.862961,0.275665,0][0.467563,0.0402365,-0.263814][0.526679,-0.403908,-0.747975][0.870905,0.223018,0][0.345983,0.0402365,-0.321808][0.00747731,-0.223376,-0.974704][0.843911,0.218351,0][0.345983,0.0402365,-0.321808][0.00747731,-0.223376,-0.974704][0.843911,0.218351,0][0.461074,0.398898,-0.389554][-0.234885,-0.0694326,-0.96954][0.840376,0.290174,0][0.532341,0.283195,-0.348554][-0.0278938,-0.486171,-0.873418][0.862961,0.275665,0][0.599789,0.173693,0.0245243][0.351475,-0.930451,-0.10357][0.936365,0.248168,0][0.617854,0.0402355,0.0859132][0.994987,0.100004,0.000793641][0.947423,0.225605,0][0.564119,0.040236,-0.166401][0.91216,-0.219407,-0.346156][0.898697,0.225566,0][0.564119,0.040236,-0.166401][0.91216,-0.219407,-0.346156][0.898697,0.225566,0][0.577931,0.209179,-0.258748][0.102968,-0.83917,-0.534033][0.885102,0.262119,0][0.599789,0.173693,0.0245243][0.351475,-0.930451,-0.10357][0.936365,0.248168,0][0.580592,0.204861,0.207337][0.523083,-0.758347,0.388964][0.610775,0.251002,0][0.599744,0.0402355,0.189364][0.980636,0.0954123,0.171028][0.601919,0.219453,0][0.617854,0.0402355,0.0859132][0.994987,0.100004,0.000793641][0.582147,0.221976,0][0.617854,0.0402355,0.0859132][0.994987,0.100004,0.000793641][0.582147,0.221976,0][0.599789,0.173693,0.0245243][0.351475,-0.930451,-0.10357][0.574493,0.248197,0][0.580592,0.204861,0.207337][0.523083,-0.758347,0.388964][0.610775,0.251002,0][0.359873,0.0402365,0.420402][-0.093659,0.149214,0.984359][0.669028,0.207825,0][0.493392,0.040236,0.368538][0.485024,0.0167577,0.87434][0.643213,0.213085,0][0.511053,0.317756,0.356733][0.191915,-0.21173,0.9583][0.653177,0.266315,0][0.511053,0.317756,0.356733][0.191915,-0.21173,0.9583][0.653177,0.266315,0][0.464718,0.39298,0.378817][-0.0855409,0.0149393,0.996223][0.668141,0.275595,0][0.359873,0.0402365,0.420402][-0.093659,0.149214,0.984359][0.669028,0.207825,0][0.156993,0.0402369,0.28513][-0.815857,0.190252,0.54606][0.712646,0.201837,0][0.24115,0.0402369,0.365465][-0.539666,0.177816,0.822886][0.692241,0.204458,0][0.339668,0.595997,0.334069][-0.413203,0.337543,0.84577][0.701288,0.297365,0][0.339668,0.595997,0.334069][-0.413203,0.337543,0.84577][0.701288,0.297365,0][0.289056,0.678164,0.251273][-0.605271,0.565135,0.560598][0.717839,0.305102,0][0.156993,0.0402369,0.28513][-0.815857,0.190252,0.54606][0.712646,0.201837,0][0.0891619,0.0402379,0.0491183][-0.971198,0.237759,0.0156494][0.755252,0.201116,0][0.110939,0.0402374,0.176113][-0.93832,0.215498,0.2704][0.733151,0.200773,0][0.259506,0.726138,0.128032][-0.697938,0.679157,0.22722][0.735799,0.310066,0][0.259506,0.726138,0.128032][-0.697938,0.679157,0.22722][0.735799,0.310066,0][0.253718,0.735536,-0.0197484][-0.704526,0.689025,-0.169961][0.755738,0.312551,0][0.0891619,0.0402379,0.0491183][-0.971198,0.237759,0.0156494][0.755252,0.201116,0][0.339712,0.595925,-0.277363][-0.621536,0.466534,-0.629317][0.799495,0.306226,0][0.152486,0.0402374,-0.212454][-0.845987,0.218232,-0.486498][0.802142,0.207127,0][0.103213,0.0402379,-0.0745677][-0.940511,0.258785,-0.220158][0.776641,0.203077,0][0.103213,0.0402379,-0.0745677][-0.940511,0.258785,-0.220158][0.776641,0.203077,0][0.284967,0.684804,-0.144302][-0.667473,0.571967,-0.476795][0.77473,0.310892,0][0.339712,0.595925,-0.277363][-0.621536,0.466534,-0.629317][0.799495,0.306226,0][0.461074,0.398898,-0.389554][-0.234885,-0.0694326,-0.96954][0.840376,0.290174,0][0.345983,0.0402365,-0.321808][0.00747731,-0.223376,-0.974704][0.843911,0.218351,0][0.235322,0.0402369,-0.295086][-0.546971,0.0435234,-0.836019][0.82282,0.212427,0][0.235322,0.0402369,-0.295086][-0.546971,0.0435234,-0.836019][0.82282,0.212427,0][0.384348,0.523459,-0.356861][-0.483503,0.29217,-0.825144][0.817542,0.301396,0][0.461074,0.398898,-0.389554][-0.234885,-0.0694326,-0.96954][0.840376,0.290174,0][0.24115,0.0402369,0.365465][-0.539666,0.177816,0.822886][0.692241,0.204458,0][0.359873,0.0402365,0.420402][-0.093659,0.149214,0.984359][0.669028,0.207825,0][0.464718,0.39298,0.378817][-0.0855409,0.0149393,0.996223][0.668141,0.275595,0][0.464718,0.39298,0.378817][-0.0855409,0.0149393,0.996223][0.668141,0.275595,0][0.339668,0.595997,0.334069][-0.413203,0.337543,0.84577][0.701288,0.297365,0][0.24115,0.0402369,0.365465][-0.539666,0.177816,0.822886][0.692241,0.204458,0][0.577931,0.209179,-0.258748][0.102968,-0.83917,-0.534033][0.885102,0.262119,0][0.564119,0.040236,-0.166401][0.91216,-0.219407,-0.346156][0.898697,0.225566,0][0.467563,0.0402365,-0.263814][0.526679,-0.403908,-0.747975][0.870905,0.223018,0][0.467563,0.0402365,-0.263814][0.526679,-0.403908,-0.747975][0.870905,0.223018,0][0.532341,0.283195,-0.348554][-0.0278938,-0.486171,-0.873418][0.862961,0.275665,0][0.577931,0.209179,-0.258748][0.102968,-0.83917,-0.534033][0.885102,0.262119,0][0.384348,0.523459,-0.356861][-0.483503,0.29217,-0.825144][0.817542,0.301396,0][0.235322,0.0402369,-0.295086][-0.546971,0.0435234,-0.836019][0.82282,0.212427,0][0.152486,0.0402374,-0.212454][-0.845987,0.218232,-0.486498][0.802142,0.207127,0][0.152486,0.0402374,-0.212454][-0.845987,0.218232,-0.486498][0.802142,0.207127,0][0.339712,0.595925,-0.277363][-0.621536,0.466534,-0.629317][0.799495,0.306226,0][0.384348,0.523459,-0.356861][-0.483503,0.29217,-0.825144][0.817542,0.301396,0][0.110939,0.0402374,0.176113][-0.93832,0.215498,0.2704][0.733151,0.200773,0][0.156993,0.0402369,0.28513][-0.815857,0.190252,0.54606][0.712646,0.201837,0][0.289056,0.678164,0.251273][-0.605271,0.565135,0.560598][0.717839,0.305102,0][0.289056,0.678164,0.251273][-0.605271,0.565135,0.560598][0.717839,0.305102,0][0.259506,0.726138,0.128032][-0.697938,0.679157,0.22722][0.735799,0.310066,0][0.110939,0.0402374,0.176113][-0.93832,0.215498,0.2704][0.733151,0.200773,0][0.284967,0.684804,-0.144302][-0.667473,0.571967,-0.476795][0.77473,0.310892,0][0.103213,0.0402379,-0.0745677][-0.940511,0.258785,-0.220158][0.776641,0.203077,0][0.0891619,0.0402379,0.0491183][-0.971198,0.237759,0.0156494][0.755252,0.201116,0][0.0891619,0.0402379,0.0491183][-0.971198,0.237759,0.0156494][0.755252,0.201116,0][0.253718,0.735536,-0.0197484][-0.704526,0.689025,-0.169961][0.755738,0.312551,0][0.284967,0.684804,-0.144302][-0.667473,0.571967,-0.476795][0.77473,0.310892,0][0.493392,0.040236,0.368538][0.485024,0.0167577,0.87434][0.643213,0.213085,0][0.579785,0.040236,0.304309][0.861313,0.069496,0.503299][0.623547,0.216366,0][0.553649,0.248603,0.317777][0.387642,-0.426549,0.817184][0.636573,0.257057,0][0.553649,0.248603,0.317777][0.387642,-0.426549,0.817184][0.636573,0.257057,0][0.511053,0.317756,0.356733][0.191915,-0.21173,0.9583][0.653177,0.266315,0][0.493392,0.040236,0.368538][0.485024,0.0167577,0.87434][0.643213,0.213085,0][0.579785,0.040236,0.304309][0.861313,0.069496,0.503299][0.623547,0.216366,0][0.599744,0.0402355,0.189364][0.980636,0.0954123,0.171028][0.601919,0.219453,0][0.580592,0.204861,0.207337][0.523083,-0.758347,0.388964][0.610775,0.251002,0][0.580592,0.204861,0.207337][0.523083,-0.758347,0.388964][0.610775,0.251002,0][0.553649,0.248603,0.317777][0.387642,-0.426549,0.817184][0.636573,0.257057,0][0.579785,0.040236,0.304309][0.861313,0.069496,0.503299][0.623547,0.216366,0][0.461074,0.398898,-0.389554][-0.234885,-0.0694326,-0.96954][0.840376,0.290174,0][0.384348,0.523459,-0.356861][-0.483503,0.29217,-0.825144][0.817542,0.301396,0][0.649344,0.604756,-0.404937][-0.314724,0.384993,-0.8676][0.841782,0.345449,0][0.649344,0.604756,-0.404937][-0.314724,0.384993,-0.8676][0.841782,0.345449,0][0.649344,0.47217,-0.436134][-0.260254,0.0559386,-0.963918][0.860116,0.324415,0][0.461074,0.398898,-0.389554][-0.234885,-0.0694326,-0.96954][0.840376,0.290174,0][0.339712,0.595925,-0.277363][-0.621536,0.466534,-0.629317][0.799495,0.306226,0][0.649344,0.735345,-0.320318][-0.392923,0.682882,-0.61586][0.815803,0.364065,0][0.649344,0.604756,-0.404937][-0.314724,0.384993,-0.8676][0.841782,0.345449,0][0.649344,0.604756,-0.404937][-0.314724,0.384993,-0.8676][0.841782,0.345449,0][0.384348,0.523459,-0.356861][-0.483503,0.29217,-0.825144][0.817542,0.301396,0][0.339712,0.595925,-0.277363][-0.621536,0.466534,-0.629317][0.799495,0.306226,0][0.339712,0.595925,-0.277363][-0.621536,0.466534,-0.629317][0.799495,0.306226,0][0.284967,0.684804,-0.144302][-0.667473,0.571967,-0.476795][0.77473,0.310892,0][0.649344,0.817956,-0.177419][-0.376721,0.860747,-0.342338][0.78405,0.374734,0][0.649344,0.817956,-0.177419][-0.376721,0.860747,-0.342338][0.78405,0.374734,0][0.649344,0.735345,-0.320318][-0.392923,0.682882,-0.61586][0.815803,0.364065,0][0.339712,0.595925,-0.277363][-0.621536,0.466534,-0.629317][0.799495,0.306226,0][0.284967,0.684804,-0.144302][-0.667473,0.571967,-0.476795][0.77473,0.310892,0][0.253718,0.735536,-0.0197484][-0.704526,0.689025,-0.169961][0.755738,0.312551,0][0.649344,0.84574,-0.0342922][-0.308233,0.946491,-0.0956358][0.754523,0.376991,0][0.649344,0.84574,-0.0342922][-0.308233,0.946491,-0.0956358][0.754523,0.376991,0][0.649344,0.817956,-0.177419][-0.376721,0.860747,-0.342338][0.78405,0.374734,0][0.284967,0.684804,-0.144302][-0.667473,0.571967,-0.476795][0.77473,0.310892,0][0.259506,0.726138,0.128032][-0.697938,0.679157,0.22722][0.735799,0.310066,0][0.649344,0.838994,0.13945][-0.256273,0.927811,0.271093][0.720137,0.371905,0][0.649344,0.84574,-0.0342922][-0.308233,0.946491,-0.0956358][0.754523,0.376991,0][0.649344,0.84574,-0.0342922][-0.308233,0.946491,-0.0956358][0.754523,0.376991,0][0.253718,0.735536,-0.0197484][-0.704526,0.689025,-0.169961][0.755738,0.312551,0][0.259506,0.726138,0.128032][-0.697938,0.679157,0.22722][0.735799,0.310066,0][0.289056,0.678164,0.251273][-0.605271,0.565135,0.560598][0.717839,0.305102,0][0.649227,0.74779,0.279323][-0.188457,0.735134,0.651201][0.689732,0.356808,0][0.649344,0.838994,0.13945][-0.256273,0.927811,0.271093][0.720137,0.371905,0][0.649344,0.838994,0.13945][-0.256273,0.927811,0.271093][0.720137,0.371905,0][0.259506,0.726138,0.128032][-0.697938,0.679157,0.22722][0.735799,0.310066,0][0.289056,0.678164,0.251273][-0.605271,0.565135,0.560598][0.717839,0.305102,0][0.339668,0.595997,0.334069][-0.413203,0.337543,0.84577][0.701288,0.297365,0][0.649226,0.623317,0.379573][-0.163584,0.385106,0.908259][0.664402,0.334916,0][0.649227,0.74779,0.279323][-0.188457,0.735134,0.651201][0.689732,0.356808,0][0.649227,0.74779,0.279323][-0.188457,0.735134,0.651201][0.689732,0.356808,0][0.289056,0.678164,0.251273][-0.605271,0.565135,0.560598][0.717839,0.305102,0][0.339668,0.595997,0.334069][-0.413203,0.337543,0.84577][0.701288,0.297365,0][0.464718,0.39298,0.378817][-0.0855409,0.0149393,0.996223][0.668141,0.275595,0][0.649226,0.47217,0.395968][-0.107242,0.0346615,0.993629][0.647189,0.308994,0][0.649226,0.623317,0.379573][-0.163584,0.385106,0.908259][0.664402,0.334916,0][0.649226,0.623317,0.379573][-0.163584,0.385106,0.908259][0.664402,0.334916,0][0.339668,0.595997,0.334069][-0.413203,0.337543,0.84577][0.701288,0.297365,0][0.464718,0.39298,0.378817][-0.0855409,0.0149393,0.996223][0.668141,0.275595,0][0.464718,0.39298,0.378817][-0.0855409,0.0149393,0.996223][0.668141,0.275595,0][0.511053,0.317756,0.356733][0.191915,-0.21173,0.9583][0.653177,0.266315,0][0.649227,0.365504,0.386548][-0.0736859,-0.221355,0.972405][0.63712,0.290648,0][0.649227,0.365504,0.386548][-0.0736859,-0.221355,0.972405][0.63712,0.290648,0][0.649226,0.47217,0.395968][-0.107242,0.0346615,0.993629][0.647189,0.308994,0][0.464718,0.39298,0.378817][-0.0855409,0.0149393,0.996223][0.668141,0.275595,0][0.511053,0.317756,0.356733][0.191915,-0.21173,0.9583][0.653177,0.266315,0][0.553649,0.248603,0.317777][0.387642,-0.426549,0.817184][0.636573,0.257057,0][0.649226,0.267767,0.352166][-0.102465,-0.571246,0.814358][0.628844,0.275245,0][0.649226,0.267767,0.352166][-0.102465,-0.571246,0.814358][0.628844,0.275245,0][0.649227,0.365504,0.386548][-0.0736859,-0.221355,0.972405][0.63712,0.290648,0][0.511053,0.317756,0.356733][0.191915,-0.21173,0.9583][0.653177,0.266315,0][0.553649,0.248603,0.317777][0.387642,-0.426549,0.817184][0.636573,0.257057,0][0.580592,0.204861,0.207337][0.523083,-0.758347,0.388964][0.610775,0.251002,0][0.649226,0.178622,0.240511][-0.361752,-0.86838,0.339193][0.611135,0.265474,0][0.649226,0.178622,0.240511][-0.361752,-0.86838,0.339193][0.611135,0.265474,0][0.649226,0.267767,0.352166][-0.102465,-0.571246,0.814358][0.628844,0.275245,0][0.553649,0.248603,0.317777][0.387642,-0.426549,0.817184][0.636573,0.257057,0][0.649344,0.117629,0.0158094][-0.698753,-0.715204,0.0151192][0.568994,0.26101,0][0.649226,0.178622,0.240511][-0.361752,-0.86838,0.339193][0.611135,0.265474,0][0.580592,0.204861,0.207337][0.523083,-0.758347,0.388964][0.610775,0.251002,0][0.580592,0.204861,0.207337][0.523083,-0.758347,0.388964][0.610775,0.251002,0][0.599789,0.173693,0.0245243][0.351475,-0.930451,-0.10357][0.574493,0.248197,0][0.649344,0.117629,0.0158094][-0.698753,-0.715204,0.0151192][0.568994,0.26101,0][0.577931,0.209179,-0.258748][0.102968,-0.83917,-0.534033][0.885102,0.262119,0][0.649344,0.171671,-0.299298][-0.489019,-0.783465,-0.383461][0.889481,0.27692,0][0.649344,0.117629,0.0158094][-0.698753,-0.715204,0.0151192][0.940161,0.260616,0][0.649344,0.117629,0.0158094][-0.698753,-0.715204,0.0151192][0.940161,0.260616,0][0.599789,0.173693,0.0245243][0.351475,-0.930451,-0.10357][0.936365,0.248168,0][0.577931,0.209179,-0.258748][0.102968,-0.83917,-0.534033][0.885102,0.262119,0][0.532341,0.283195,-0.348554][-0.0278938,-0.486171,-0.873418][0.862961,0.275665,0][0.649344,0.289029,-0.39704][-0.248779,-0.452546,-0.856336][0.877923,0.29397,0][0.649344,0.171671,-0.299298][-0.489019,-0.783465,-0.383461][0.889481,0.27692,0][0.649344,0.171671,-0.299298][-0.489019,-0.783465,-0.383461][0.889481,0.27692,0][0.577931,0.209179,-0.258748][0.102968,-0.83917,-0.534033][0.885102,0.262119,0][0.532341,0.283195,-0.348554][-0.0278938,-0.486171,-0.873418][0.862961,0.275665,0][0.461074,0.398898,-0.389554][-0.234885,-0.0694326,-0.96954][0.840376,0.290174,0][0.649344,0.47217,-0.436134][-0.260254,0.0559386,-0.963918][0.860116,0.324415,0][0.649344,0.289029,-0.39704][-0.248779,-0.452546,-0.856336][0.877923,0.29397,0][0.649344,0.289029,-0.39704][-0.248779,-0.452546,-0.856336][0.877923,0.29397,0][0.532341,0.283195,-0.348554][-0.0278938,-0.486171,-0.873418][0.862961,0.275665,0][0.461074,0.398898,-0.389554][-0.234885,-0.0694326,-0.96954][0.840376,0.290174,0][0.649344,0.838994,0.13945][1,-7.02884e-005,0.000209342][0.720137,0.371905,0][0.649227,0.74779,0.279323][0.999997,0.00141745,0.00176499][0.689732,0.356808,0][0.649226,0.623317,0.379573][1,0.000102791,0.000569334][0.664402,0.334916,0][0.649226,0.623317,0.379573][1,0.000102791,0.000569334][0.664402,0.334916,0][0.649226,0.47217,0.395968][1,2.38867e-006,2.2978e-005][0.647189,0.308994,0][0.649227,0.365504,0.386548][1,-8.16578e-005,0.000184307][0.63712,0.290648,0][0.649344,0.838994,0.13945][1,-7.02884e-005,0.000209342][0.720137,0.371905,0][0.649226,0.623317,0.379573][1,0.000102791,0.000569334][0.664402,0.334916,0][0.649227,0.365504,0.386548][1,-8.16578e-005,0.000184307][0.63712,0.290648,0][0.649227,0.365504,0.386548][1,-8.16578e-005,0.000184307][0.63712,0.290648,0][0.649226,0.267767,0.352166][1,-6.9043e-006,5.59351e-006][0.628844,0.275245,0][0.649226,0.178622,0.240511][1,-3.52914e-005,0.000201045][0.611135,0.265474,0][0.649226,0.178622,0.240511][1,-3.52914e-005,0.000201045][0.611135,0.265474,0][0.649344,0.117629,0.0158094][0.999999,0.00118597,0.000203562][0.568994,0.26101,0][0.649344,0.171671,-0.299298][1,7.34817e-005,0.000132071][0.889481,0.27692,0][0.649227,0.365504,0.386548][1,-8.16578e-005,0.000184307][0.63712,0.290648,0][0.649226,0.178622,0.240511][1,-3.52914e-005,0.000201045][0.611135,0.265474,0][0.649344,0.171671,-0.299298][1,7.34817e-005,0.000132071][0.889481,0.27692,0][0.649344,0.171671,-0.299298][1,7.34817e-005,0.000132071][0.889481,0.27692,0][0.649344,0.289029,-0.39704][1,0,1.50996e-007][0.877923,0.29397,0][0.649344,0.47217,-0.436134][1,0,1.50996e-007][0.860116,0.324415,0][0.649344,0.47217,-0.436134][1,0,1.50996e-007][0.860116,0.324415,0][0.649344,0.604756,-0.404937][1,0,1.50996e-007][0.841782,0.345449,0][0.649344,0.735345,-0.320318][1,-5.61576e-005,8.01586e-005][0.815803,0.364065,0][0.649344,0.171671,-0.299298][1,7.34817e-005,0.000132071][0.889481,0.27692,0][0.649344,0.47217,-0.436134][1,0,1.50996e-007][0.860116,0.324415,0][0.649344,0.735345,-0.320318][1,-5.61576e-005,8.01586e-005][0.815803,0.364065,0][0.649227,0.365504,0.386548][1,-8.16578e-005,0.000184307][0.63712,0.290648,0][0.649344,0.171671,-0.299298][1,7.34817e-005,0.000132071][0.889481,0.27692,0][0.649344,0.735345,-0.320318][1,-5.61576e-005,8.01586e-005][0.815803,0.364065,0][0.649344,0.838994,0.13945][1,-7.02884e-005,0.000209342][0.720137,0.371905,0][0.649227,0.365504,0.386548][1,-8.16578e-005,0.000184307][0.63712,0.290648,0][0.649344,0.735345,-0.320318][1,-5.61576e-005,8.01586e-005][0.815803,0.364065,0][0.649344,0.838994,0.13945][1,-7.02884e-005,0.000209342][0.720137,0.371905,0][0.649344,0.735345,-0.320318][1,-5.61576e-005,8.01586e-005][0.815803,0.364065,0][0.649344,0.817956,-0.177419][1,0,1.50996e-007][0.78405,0.374734,0][0.649344,0.84574,-0.0342922][1,0,1.50996e-007][0.754523,0.376991,0][0.649344,0.838994,0.13945][1,-7.02884e-005,0.000209342][0.720137,0.371905,0][0.649344,0.817956,-0.177419][1,0,1.50996e-007][0.78405,0.374734,0]