mtllib 1377862683.mtl
o Mesh

v 1.69991e-07 1.11358 0.097908
v 0.269827 1.02278 -0.343845
v 2.35578e-07 1.00391 -0.399946
v 1.69991e-07 1.11358 0.097908
v 0.378035 1.11236 0.440866
v 0.467962 1.09464 0.238385
v 0.189863 1.11358 0.538023
v 0.190997 1.10209 0.553243
v 0.389742 1.10031 0.458282
v 0.389742 1.10031 0.458282
v 0.378035 1.11236 0.440866
v 0.189863 1.11358 0.538023
v 0.378035 1.11236 0.440866
v 0.389742 1.10031 0.458282
v 0.491734 1.084 0.24226
v 0.491734 1.084 0.24226
v 0.467962 1.09464 0.238385
v 0.378035 1.11236 0.440866
v 0.433591 1.03472 -0.198614
v 0.295234 1.01226 -0.383627
v 0.269827 1.02278 -0.343845
v 0.269827 1.02278 -0.343845
v 0.408388 1.04133 -0.196175
v 0.433591 1.03472 -0.198614
v 1.69991e-07 1.11358 0.097908
v 0.467962 1.09464 0.238385
v 0.483902 1.06705 -0.0183009
v 0.491734 1.084 0.24226
v 0.513673 1.05939 -0.0166329
v 0.483902 1.06705 -0.0183009
v 0.483902 1.06705 -0.0183009
v 0.467962 1.09464 0.238385
v 0.491734 1.084 0.24226
v 0.483902 1.06705 -0.0183009
v 0.513673 1.05939 -0.0166329
v 0.433591 1.03472 -0.198614
v 0.433591 1.03472 -0.198614
v 0.408388 1.04133 -0.196175
v 0.483902 1.06705 -0.0183009
v 1.69991e-07 1.11358 0.097908
v 0.483902 1.06705 -0.0183009
v 0.408388 1.04133 -0.196175
v 0.190997 1.10209 0.553243
v 0.189863 1.11358 0.538023
v 0.0 1.11476 0.552848
v 0.0 1.11476 0.552848
v 0.0 1.10332 0.568067
v 0.190997 1.10209 0.553243
v 0.0 1.11476 0.552848
v 0.189863 1.11358 0.538023
v 1.69991e-07 1.11358 0.097908
v 0.499476 0.99316 -0.194449
v 0.389726 0.86489 -0.403787
v 0.387752 0.88176 -0.41625
v 0.387752 0.88176 -0.41625
v 0.496899 1.00621 -0.194182
v 0.499476 0.99316 -0.194449
v 0.540378 1.03358 -0.0121809
v 0.499476 0.99316 -0.194449
v 0.496899 1.00621 -0.194182
v 0.496899 1.00621 -0.194182
v 0.541772 1.04496 -0.0131659
v 0.540378 1.03358 -0.0121809
v 0.540378 1.03358 -0.0121809
v 0.541772 1.04496 -0.0131659
v 0.506874 1.07083 0.245947
v 0.506874 1.07083 0.245947
v 0.503892 1.06054 0.249593
v 0.540378 1.03358 -0.0121809
v 0.503892 1.06054 0.249593
v 0.506874 1.07083 0.245947
v 0.403989 1.08578 0.468181
v 0.403989 1.08578 0.468181
v 0.399442 1.07595 0.465999
v 0.503892 1.06054 0.249593
v 0.403989 1.08578 0.468181
v 0.194919 1.08734 0.562073
v 0.200353 1.07675 0.55989
v 0.200353 1.07675 0.55989
v 0.399442 1.07595 0.465999
v 0.403989 1.08578 0.468181
v 0.0 1.07751 0.573313
v 0.200353 1.07675 0.55989
v 0.194919 1.08734 0.562073
v 0.194919 1.08734 0.562073
v 0.0 1.08872 0.576895
v 0.0 1.07751 0.573313
v 0.0531352 0.99187 -0.476475
v 2.35578e-07 1.00391 -0.399946
v 0.269827 1.02278 -0.343845
v 0.269827 1.02278 -0.343845
v 0.295234 1.01226 -0.383627
v 0.0531352 0.99187 -0.476475
v 1.69991e-07 1.11358 0.097908
v 0.408388 1.04133 -0.196175
v 0.269827 1.02278 -0.343845
v 1.69991e-07 1.11358 0.097908
v 0.189863 1.11358 0.538023
v 0.378035 1.11236 0.440866
v 0.182328 0.71524 -0.531774
v 0.12041 0.82587 -0.470988
v 0.14759 0.84073 -0.521508
v 0.14759 0.84073 -0.521508
v 0.188957 0.73672 -0.550731
v 0.182328 0.71524 -0.531774
v 0.188957 0.73672 -0.550731
v 0.387752 0.88176 -0.41625
v 0.389726 0.86489 -0.403787
v 0.389726 0.86489 -0.403787
v 0.182328 0.71524 -0.531774
v 0.188957 0.73672 -0.550731
v 0.387752 0.88176 -0.41625
v 0.188957 0.73672 -0.550731
v 0.14759 0.84073 -0.521508
v 0.14759 0.84073 -0.521508
v 0.358943 0.92034 -0.393508
v 0.387752 0.88176 -0.41625
v 0.496899 1.00621 -0.194182
v 0.387752 0.88176 -0.41625
v 0.358943 0.92034 -0.393508
v 0.358943 0.92034 -0.393508
v 0.46036 1.02182 -0.197616
v 0.496899 1.00621 -0.194182
v 0.513673 1.05939 -0.0166329
v 0.541772 1.04496 -0.0131659
v 0.496899 1.00621 -0.194182
v 0.496899 1.00621 -0.194182
v 0.46036 1.02182 -0.197616
v 0.513673 1.05939 -0.0166329
v 0.506874 1.07083 0.245947
v 0.541772 1.04496 -0.0131659
v 0.513673 1.05939 -0.0166329
v 0.513673 1.05939 -0.0166329
v 0.491734 1.084 0.24226
v 0.506874 1.07083 0.245947
v 0.403989 1.08578 0.468181
v 0.506874 1.07083 0.245947
v 0.491734 1.084 0.24226
v 0.491734 1.084 0.24226
v 0.389742 1.10031 0.458282
v 0.403989 1.08578 0.468181
v 0.194919 1.08734 0.562073
v 0.403989 1.08578 0.468181
v 0.389742 1.10031 0.458282
v 0.389742 1.10031 0.458282
v 0.190997 1.10209 0.553243
v 0.194919 1.08734 0.562073
v 0.0 1.08872 0.576895
v 0.194919 1.08734 0.562073
v 0.190997 1.10209 0.553243
v 0.190997 1.10209 0.553243
v 0.0 1.10332 0.568067
v 0.0 1.08872 0.576895
v 0.0661592 0.9278 -0.430402
v 2.35578e-07 1.00391 -0.399946
v 0.0531352 0.99187 -0.476475
v 0.0531352 0.99187 -0.476475
v 0.107257 0.93164 -0.490302
v 0.0661592 0.9278 -0.430402
v 0.182328 0.71524 -0.531774
v 0.389726 0.86489 -0.403787
v 0.305417 0.69306 -0.494147
v 0.305417 0.69306 -0.494147
v 0.150189 0.637967 -0.558581
v 0.182328 0.71524 -0.531774
v 0.112575 0.54753 -0.589955
v 0.219601 0.54593 -0.571651
v 0.151956 0.42249 -0.610925
v 0.151956 0.42249 -0.610925
v 0.0612692 0.42326 -0.623495
v 0.112575 0.54753 -0.589955
v 2.01911e-07 0.168436 -0.660704
v 0.0342262 0.344392 -0.637805
v 0.0916752 0.316462 -0.63433
v 0.0612692 0.42326 -0.623495
v 0.151956 0.42249 -0.610925
v 0.0916752 0.316462 -0.63433
v 0.0916752 0.316462 -0.63433
v 0.0342262 0.344392 -0.637805
v 0.0612692 0.42326 -0.623495
v 2.36352e-07 0.92339 -0.451693
v 2.35578e-07 1.00391 -0.399946
v 0.0661592 0.9278 -0.430402
v 0.107257 0.93164 -0.490302
v 0.0531352 0.99187 -0.476475
v 0.295234 1.01226 -0.383627
v 0.295234 1.01226 -0.383627
v 0.319284 0.97667 -0.377489
v 0.107257 0.93164 -0.490302
v 0.433591 1.03472 -0.198614
v 0.46036 1.02182 -0.197616
v 0.319284 0.97667 -0.377489
v 0.319284 0.97667 -0.377489
v 0.295234 1.01226 -0.383627
v 0.433591 1.03472 -0.198614
v 0.513673 1.05939 -0.0166329
v 0.46036 1.02182 -0.197616
v 0.433591 1.03472 -0.198614
v 0.46036 1.02182 -0.197616
v 0.358943 0.92034 -0.393508
v 0.319284 0.97667 -0.377489
v 0.14759 0.84073 -0.521508
v 0.107257 0.93164 -0.490302
v 0.319284 0.97667 -0.377489
v 0.319284 0.97667 -0.377489
v 0.358943 0.92034 -0.393508
v 0.14759 0.84073 -0.521508
v 0.12041 0.82587 -0.470988
v 0.0661592 0.9278 -0.430402
v 0.107257 0.93164 -0.490302
v 0.107257 0.93164 -0.490302
v 0.14759 0.84073 -0.521508
v 0.12041 0.82587 -0.470988
v 2.36352e-07 0.92339 -0.451693
v 0.0661592 0.9278 -0.430402
v 0.12041 0.82587 -0.470988
v 0.12041 0.82587 -0.470988
v 2.37385e-07 0.81592 -0.520756
v 2.36352e-07 0.92339 -0.451693
v 0.12041 0.82587 -0.470988
v 0.182328 0.71524 -0.531774
v 2.37385e-07 0.81592 -0.520756
v 2.33098e-07 0.693 -0.563531
v 2.37385e-07 0.81592 -0.520756
v 0.182328 0.71524 -0.531774
v 0.182328 0.71524 -0.531774
v 0.150189 0.637967 -0.558581
v 2.33098e-07 0.693 -0.563531
v 2.2808e-07 0.54914 -0.613592
v 0.112575 0.54753 -0.589955
v 0.0612692 0.42326 -0.623495
v 0.0612692 0.42326 -0.623495
v 2.20535e-07 0.42402 -0.636065
v 2.2808e-07 0.54914 -0.613592
v 2.20535e-07 0.42402 -0.636065
v 0.0612692 0.42326 -0.623495
v 0.0342262 0.344392 -0.637805
v 0.0342262 0.344392 -0.637805
v 2.14502e-07 0.346002 -0.641281
v 2.20535e-07 0.42402 -0.636065
v 2.01911e-07 0.168436 -0.660704
v 2.14502e-07 0.346002 -0.641281
v 0.0342262 0.344392 -0.637805
v 2.2808e-07 0.54914 -0.613592
v 2.33098e-07 0.693 -0.563531
v 0.150189 0.637967 -0.558581
v 0.150189 0.637967 -0.558581
v 0.112575 0.54753 -0.589955
v 2.2808e-07 0.54914 -0.613592
v 0.219601 0.54593 -0.571651
v 0.112575 0.54753 -0.589955
v 0.150189 0.637967 -0.558581
v 0.150189 0.637967 -0.558581
v 0.305417 0.69306 -0.494147
v 0.219601 0.54593 -0.571651
v 1.69991e-07 1.11358 0.097908
v 2.35578e-07 1.00391 -0.399946
v -0.269827 1.02278 -0.343845
v 1.69991e-07 1.11358 0.097908
v -0.467962 1.09464 0.238385
v -0.378035 1.11236 0.440866
v -0.189863 1.11358 0.538023
v -0.378035 1.11236 0.440866
v -0.389742 1.10031 0.458282
v -0.389742 1.10031 0.458282
v -0.190997 1.10209 0.553243
v -0.189863 1.11358 0.538023
v -0.378035 1.11236 0.440866
v -0.467962 1.09464 0.238385
v -0.491734 1.084 0.24226
v -0.491734 1.084 0.24226
v -0.389742 1.10031 0.458282
v -0.378035 1.11236 0.440866
v -0.269827 1.02278 -0.343845
v -0.295234 1.01226 -0.383627
v -0.433591 1.03472 -0.198614
v -0.433591 1.03472 -0.198614
v -0.408388 1.04133 -0.196175
v -0.269827 1.02278 -0.343845
v 1.69991e-07 1.11358 0.097908
v -0.483902 1.06705 -0.0183011
v -0.467962 1.09464 0.238385
v -0.483902 1.06705 -0.0183011
v -0.513673 1.05939 -0.0166331
v -0.491734 1.084 0.24226
v -0.491734 1.084 0.24226
v -0.467962 1.09464 0.238385
v -0.483902 1.06705 -0.0183011
v -0.483902 1.06705 -0.0183011
v -0.408388 1.04133 -0.196175
v -0.433591 1.03472 -0.198614
v -0.433591 1.03472 -0.198614
v -0.513673 1.05939 -0.0166331
v -0.483902 1.06705 -0.0183011
v 1.69991e-07 1.11358 0.097908
v -0.408388 1.04133 -0.196175
v -0.483902 1.06705 -0.0183011
v 0.0 1.11476 0.552848
v -0.189863 1.11358 0.538023
v -0.190997 1.10209 0.553243
v -0.190997 1.10209 0.553243
v 0.0 1.10332 0.568067
v 0.0 1.11476 0.552848
v 0.0 1.11476 0.552848
v 1.69991e-07 1.11358 0.097908
v -0.189863 1.11358 0.538023
v -0.387752 0.88176 -0.41625
v -0.389726 0.86489 -0.403787
v -0.499476 0.99316 -0.194449
v -0.499476 0.99316 -0.194449
v -0.496899 1.00621 -0.194182
v -0.387752 0.88176 -0.41625
v -0.496899 1.00621 -0.194182
v -0.499476 0.99316 -0.194449
v -0.540378 1.03358 -0.0121811
v -0.540378 1.03358 -0.0121811
v -0.541772 1.04496 -0.0131661
v -0.496899 1.00621 -0.194182
v -0.540378 1.03358 -0.0121811
v -0.503892 1.06054 0.249593
v -0.506874 1.07083 0.245947
v -0.506874 1.07083 0.245947
v -0.541772 1.04496 -0.0131661
v -0.540378 1.03358 -0.0121811
v -0.503892 1.06054 0.249593
v -0.399442 1.07595 0.465999
v -0.403989 1.08578 0.468181
v -0.403989 1.08578 0.468181
v -0.506874 1.07083 0.245947
v -0.503892 1.06054 0.249593
v -0.200353 1.07675 0.55989
v -0.194919 1.08734 0.562073
v -0.403989 1.08578 0.468181
v -0.403989 1.08578 0.468181
v -0.399442 1.07595 0.465999
v -0.200353 1.07675 0.55989
v -0.194919 1.08734 0.562073
v -0.200353 1.07675 0.55989
v 0.0 1.07751 0.573313
v 0.0 1.07751 0.573313
v 0.0 1.08872 0.576895
v -0.194919 1.08734 0.562073
v -0.269827 1.02278 -0.343845
v 2.35578e-07 1.00391 -0.399946
v -0.0531348 0.99187 -0.476475
v -0.0531348 0.99187 -0.476475
v -0.295234 1.01226 -0.383627
v -0.269827 1.02278 -0.343845
v 1.69991e-07 1.11358 0.097908
v -0.269827 1.02278 -0.343845
v -0.408388 1.04133 -0.196175
v 1.69991e-07 1.11358 0.097908
v -0.378035 1.11236 0.440866
v -0.189863 1.11358 0.538023
v -0.182328 0.71524 -0.531774
v -0.188957 0.73672 -0.550731
v -0.14759 0.84073 -0.521508
v -0.14759 0.84073 -0.521508
v -0.12041 0.82587 -0.470988
v -0.182328 0.71524 -0.531774
v -0.389726 0.86489 -0.403787
v -0.387752 0.88176 -0.41625
v -0.188957 0.73672 -0.550731
v -0.188957 0.73672 -0.550731
v -0.182328 0.71524 -0.531774
v -0.389726 0.86489 -0.403787
v -0.387752 0.88176 -0.41625
v -0.358943 0.92034 -0.393508
v -0.14759 0.84073 -0.521508
v -0.14759 0.84073 -0.521508
v -0.188957 0.73672 -0.550731
v -0.387752 0.88176 -0.41625
v -0.358943 0.92034 -0.393508
v -0.387752 0.88176 -0.41625
v -0.496899 1.00621 -0.194182
v -0.496899 1.00621 -0.194182
v -0.46036 1.02182 -0.197616
v -0.358943 0.92034 -0.393508
v -0.513673 1.05939 -0.0166331
v -0.46036 1.02182 -0.197616
v -0.496899 1.00621 -0.194182
v -0.496899 1.00621 -0.194182
v -0.541772 1.04496 -0.0131661
v -0.513673 1.05939 -0.0166331
v -0.513673 1.05939 -0.0166331
v -0.541772 1.04496 -0.0131661
v -0.506874 1.07083 0.245947
v -0.506874 1.07083 0.245947
v -0.491734 1.084 0.24226
v -0.513673 1.05939 -0.0166331
v -0.491734 1.084 0.24226
v -0.506874 1.07083 0.245947
v -0.403989 1.08578 0.468181
v -0.403989 1.08578 0.468181
v -0.389742 1.10031 0.458282
v -0.491734 1.084 0.24226
v -0.389742 1.10031 0.458282
v -0.403989 1.08578 0.468181
v -0.194919 1.08734 0.562073
v -0.194919 1.08734 0.562073
v -0.190997 1.10209 0.553243
v -0.389742 1.10031 0.458282
v 0.0 1.08872 0.576895
v 0.0 1.10332 0.568067
v -0.190997 1.10209 0.553243
v -0.190997 1.10209 0.553243
v -0.194919 1.08734 0.562073
v 0.0 1.08872 0.576895
v -0.0661588 0.9278 -0.430402
v -0.107257 0.93164 -0.490302
v -0.0531348 0.99187 -0.476475
v -0.0531348 0.99187 -0.476475
v 2.35578e-07 1.00391 -0.399946
v -0.0661588 0.9278 -0.430402
v -0.182328 0.71524 -0.531774
v -0.150189 0.637967 -0.558581
v -0.305417 0.69306 -0.494147
v -0.305417 0.69306 -0.494147
v -0.389726 0.86489 -0.403787
v -0.182328 0.71524 -0.531774
v -0.151956 0.42249 -0.610925
v -0.219601 0.54593 -0.571651
v -0.112575 0.54753 -0.589955
v -0.112575 0.54753 -0.589955
v -0.0612688 0.42326 -0.623495
v -0.151956 0.42249 -0.610925
v 2.01911e-07 0.168436 -0.660704
v -0.0916748 0.316462 -0.63433
v -0.0342258 0.344392 -0.637805
v -0.0916748 0.316462 -0.63433
v -0.151956 0.42249 -0.610925
v -0.0612688 0.42326 -0.623495
v -0.0612688 0.42326 -0.623495
v -0.0342258 0.344392 -0.637805
v -0.0916748 0.316462 -0.63433
v 2.36352e-07 0.92339 -0.451693
v -0.0661588 0.9278 -0.430402
v 2.35578e-07 1.00391 -0.399946
v -0.295234 1.01226 -0.383627
v -0.0531348 0.99187 -0.476475
v -0.107257 0.93164 -0.490302
v -0.107257 0.93164 -0.490302
v -0.319284 0.97667 -0.377489
v -0.295234 1.01226 -0.383627
v -0.433591 1.03472 -0.198614
v -0.295234 1.01226 -0.383627
v -0.319284 0.97667 -0.377489
v -0.319284 0.97667 -0.377489
v -0.46036 1.02182 -0.197616
v -0.433591 1.03472 -0.198614
v -0.513673 1.05939 -0.0166331
v -0.433591 1.03472 -0.198614
v -0.46036 1.02182 -0.197616
v -0.46036 1.02182 -0.197616
v -0.319284 0.97667 -0.377489
v -0.358943 0.92034 -0.393508
v -0.14759 0.84073 -0.521508
v -0.358943 0.92034 -0.393508
v -0.319284 0.97667 -0.377489
v -0.319284 0.97667 -0.377489
v -0.107257 0.93164 -0.490302
v -0.14759 0.84073 -0.521508
v -0.12041 0.82587 -0.470988
v -0.14759 0.84073 -0.521508
v -0.107257 0.93164 -0.490302
v -0.107257 0.93164 -0.490302
v -0.0661588 0.9278 -0.430402
v -0.12041 0.82587 -0.470988
v -0.12041 0.82587 -0.470988
v -0.0661588 0.9278 -0.430402
v 2.36352e-07 0.92339 -0.451693
v 2.36352e-07 0.92339 -0.451693
v 2.37385e-07 0.81592 -0.520756
v -0.12041 0.82587 -0.470988
v -0.12041 0.82587 -0.470988
v 2.37385e-07 0.81592 -0.520756
v -0.182328 0.71524 -0.531774
v -0.182328 0.71524 -0.531774
v 2.37385e-07 0.81592 -0.520756
v 2.33098e-07 0.693 -0.563531
v 2.33098e-07 0.693 -0.563531
v -0.150189 0.637967 -0.558581
v -0.182328 0.71524 -0.531774
v -0.0612688 0.42326 -0.623495
v -0.112575 0.54753 -0.589955
v 2.2808e-07 0.54914 -0.613592
v 2.2808e-07 0.54914 -0.613592
v 2.20535e-07 0.42402 -0.636065
v -0.0612688 0.42326 -0.623495
v -0.0342258 0.344392 -0.637805
v -0.0612688 0.42326 -0.623495
v 2.20535e-07 0.42402 -0.636065
v 2.20535e-07 0.42402 -0.636065
v 2.14502e-07 0.346002 -0.641281
v -0.0342258 0.344392 -0.637805
v 2.01911e-07 0.168436 -0.660704
v -0.0342258 0.344392 -0.637805
v 2.14502e-07 0.346002 -0.641281
v -0.150189 0.637967 -0.558581
v 2.33098e-07 0.693 -0.563531
v 2.2808e-07 0.54914 -0.613592
v 2.2808e-07 0.54914 -0.613592
v -0.112575 0.54753 -0.589955
v -0.150189 0.637967 -0.558581
v -0.150189 0.637967 -0.558581
v -0.112575 0.54753 -0.589955
v -0.219601 0.54593 -0.571651
v -0.219601 0.54593 -0.571651
v -0.305417 0.69306 -0.494147
v -0.150189 0.637967 -0.558581
v 0.425905 -0.72506 0.389419
v 0.214564 -0.72489 0.4428
v 0.0 -0.72478 -0.111016
v 0.630054 -0.72508 0.294424
v 0.425905 -0.72506 0.389419
v 0.0 -0.72478 -0.111016
v 0.763567 -0.72494 0.0976402
v 0.630054 -0.72508 0.294424
v 0.0 -0.72478 -0.111016
v 0.824752 -0.72472 -0.0829868
v 0.763567 -0.72494 0.0976402
v 0.0 -0.72478 -0.111016
v 0.769016 -0.72469 -0.272202
v 0.824752 -0.72472 -0.0829868
v 0.0 -0.72478 -0.111016
v 0.579343 -0.72449 -0.481243
v 0.769016 -0.72469 -0.272202
v 0.0 -0.72478 -0.111016
v 0.391202 -0.72453 -0.583424
v 0.579343 -0.72449 -0.481243
v 0.0 -0.72478 -0.111016
v 1.25173e-07 -0.72462 -0.669542
v 0.1755 -0.72461 -0.647932
v 0.0 -0.72478 -0.111016
v 0.214564 -0.72489 0.4428
v 0.104898 -0.72487 0.44751
v 0.0 -0.72478 -0.111016
v 0.104898 -0.72487 0.44751
v 0.0 -0.72487 0.444362
v 0.0 -0.72478 -0.111016
v 0.1755 -0.72461 -0.647932
v 0.391202 -0.72453 -0.583424
v 0.0 -0.72478 -0.111016
v -0.214564 -0.72489 0.4428
v -0.425905 -0.72506 0.389419
v 0.0 -0.72478 -0.111016
v -0.425905 -0.72506 0.389419
v -0.630054 -0.72508 0.294424
v 0.0 -0.72478 -0.111016
v -0.630054 -0.72508 0.294424
v -0.763567 -0.72494 0.09764
v 0.0 -0.72478 -0.111016
v -0.763567 -0.72494 0.09764
v -0.824752 -0.72472 -0.0829871
v 0.0 -0.72478 -0.111016
v -0.824752 -0.72472 -0.0829871
v -0.769016 -0.72469 -0.272202
v 0.0 -0.72478 -0.111016
v -0.769016 -0.72469 -0.272202
v -0.579343 -0.72449 -0.481243
v 0.0 -0.72478 -0.111016
v -0.579343 -0.72449 -0.481243
v -0.391202 -0.72453 -0.583424
v 0.0 -0.72478 -0.111016
v -0.1755 -0.72461 -0.647932
v 1.25173e-07 -0.72462 -0.669542
v 0.0 -0.72478 -0.111016
v -0.104898 -0.72487 0.44751
v -0.214564 -0.72489 0.4428
v 0.0 -0.72478 -0.111016
v 0.0 -0.72487 0.444362
v -0.104898 -0.72487 0.44751
v 0.0 -0.72478 -0.111016
v -0.391202 -0.72453 -0.583424
v -0.1755 -0.72461 -0.647932
v 0.0 -0.72478 -0.111016
v 0.408364 -0.18561 0.368237
v 0.448881 -0.00841999 0.36515
v 0.233299 -0.00519991 0.432227
v 0.233299 -0.00519991 0.432227
v 0.226235 -0.18308 0.430245
v 0.408364 -0.18561 0.368237
v 0.638112 0.06236 -0.466806
v 0.849132 -0.03933 -0.191386
v 0.760845 -0.16013 -0.205015
v 0.760845 -0.16013 -0.205015
v 0.602349 -0.10642 -0.460313
v 0.638112 0.06236 -0.466806
v 0.379769 -0.5034 -0.608176
v 0.180146 -0.49674 -0.685055
v 0.19412 -0.42616 -0.730132
v 0.19412 -0.42616 -0.730132
v 0.411223 -0.43598 -0.646442
v 0.379769 -0.5034 -0.608176
v 1.92271e-07 -0.0307 -0.712151
v 2.06535e-07 0.16914 -0.690914
v 0.183002 0.14692 -0.67516
v 0.183002 0.14692 -0.67516
v 0.184751 -0.04743 -0.686766
v 1.92271e-07 -0.0307 -0.712151
v 0.226235 -0.18308 0.430245
v 0.233299 -0.00519991 0.432227
v 0.103535 -0.00197005 0.442473
v 0.103535 -0.00197005 0.442473
v 0.101473 -0.18291 0.440456
v 0.226235 -0.18308 0.430245
v 0.811148 -0.17519 -0.0486978
v 0.885105 -0.06126 -0.0293368
v 0.840603 -0.0562501 0.134971
v 0.840603 -0.0562501 0.134971
v 0.775214 -0.19079 0.118206
v 0.811148 -0.17519 -0.0486978
v 0.699813 -0.00939012 0.297558
v 0.602846 -0.18934 0.269871
v 0.775214 -0.19079 0.118206
v 0.775214 -0.19079 0.118206
v 0.840603 -0.0562501 0.134971
v 0.699813 -0.00939012 0.297558
v 0.384206 0.40641 0.604998
v 0.451961 0.64935 0.627824
v 0.219302 0.66883 0.64969
v 0.219302 0.66883 0.64969
v 0.147514 0.40717 0.607801
v 0.384206 0.40641 0.604998
v 0.585897 0.3948 0.567197
v 0.617537 0.61998 0.60016
v 0.451961 0.64935 0.627824
v 0.451961 0.64935 0.627824
v 0.384206 0.40641 0.604998
v 0.585897 0.3948 0.567197
v 0.868253 0.33927 0.431182
v 0.959171 0.33166 0.385113
v 0.959235 0.47437 0.434655
v 0.959235 0.47437 0.434655
v 0.878461 0.50973 0.475252
v 0.868253 0.33927 0.431182
v 0.959225 0.46778 -0.00302783
v 0.959171 0.34853 -0.338447
v 0.959235 0.46844 -0.35771
v 0.959235 0.46844 -0.35771
v 0.959171 0.34853 -0.338447
v 0.868901 0.34711 -0.377559
v 0.868901 0.34711 -0.377559
v 0.870155 0.49971 -0.383764
v 0.959235 0.46844 -0.35771
v 0.376794 0.53727 -0.557008
v 0.584554 0.54848 -0.491031
v 0.533458 0.4112 -0.530534
v 0.533458 0.4112 -0.530534
v 0.302623 0.41195 -0.619141
v 0.376794 0.53727 -0.557008
v 0.234177 0.92495 0.602503
v 0.244084 0.8314 0.624983
v 0.474381 0.80178 0.595321
v 0.474381 0.80178 0.595321
v 0.480691 0.95143 0.508293
v 0.234177 0.92495 0.602503
v 0.474381 0.80178 0.595321
v 0.642049 0.77013 0.553941
v 0.661045 0.84898 0.448008
v 0.661045 0.84898 0.448008
v 0.480691 0.95143 0.508293
v 0.474381 0.80178 0.595321
v 0.889028 0.74514 0.361693
v 0.885438 0.65664 0.448912
v 0.959286 0.63569 0.416513
v 0.959286 0.63569 0.416513
v 0.959349 0.72096 0.336092
v 0.889028 0.74514 0.361693
v 0.959349 0.70696 -0.240497
v 0.959287 0.5866 -0.319975
v 0.876493 0.60873 -0.34305
v 0.876493 0.60873 -0.34305
v 0.883097 0.73653 -0.256134
v 0.959349 0.70696 -0.240497
v 0.471096 0.67046 -0.502851
v 0.300505 0.69436 -0.549614
v 0.415863 0.86819 -0.420938
v 0.415863 0.86819 -0.420938
v 0.57559 0.83671 -0.343827
v 0.471096 0.67046 -0.502851
v 0.918101 0.0881901 0.143667
v 0.923262 0.06796 -0.0127098
v 0.959038 0.1364 -0.00272282
v 0.959038 0.1364 -0.00272282
v 0.959389 0.14721 0.130855
v 0.918101 0.0881901 0.143667
v 0.638112 0.06236 -0.466806
v 0.439161 0.10325 -0.5929
v 0.484941 0.26945 -0.57801
v 0.484941 0.26945 -0.57801
v 0.692012 0.22883 -0.481358
v 0.638112 0.06236 -0.466806
v 0.959225 0.46778 -0.00302783
v 0.959367 0.79101 -0.112188
v 0.95938 0.82007 0.0373972
v 0.884792 0.1487 -0.249401
v 0.870805 0.2258 -0.326669
v 0.959131 0.23965 -0.281203
v 0.959131 0.23965 -0.281203
v 0.959108 0.19167 -0.190482
v 0.884792 0.1487 -0.249401
v 0.811148 -0.17519 -0.0486978
v 0.760845 -0.16013 -0.205015
v 0.849132 -0.03933 -0.191386
v 0.849132 -0.03933 -0.191386
v 0.885105 -0.06126 -0.0293368
v 0.811148 -0.17519 -0.0486978
v 0.959171 0.33166 0.385113
v 0.959225 0.46778 -0.00302783
v 0.959235 0.47437 0.434655
v 0.959286 0.63569 0.416513
v 0.959225 0.46778 -0.00302783
v 0.959349 0.72096 0.336092
v 0.886896 0.81472 -0.118253
v 0.889126 0.84132 0.0397111
v 0.95938 0.82007 0.0373972
v 0.95938 0.82007 0.0373972
v 0.959367 0.79101 -0.112188
v 0.886896 0.81472 -0.118253
v 0.891858 0.82714 0.22402
v 0.889028 0.74514 0.361693
v 0.959349 0.72096 0.336092
v 0.959349 0.72096 0.336092
v 0.959365 0.80385 0.212108
v 0.891858 0.82714 0.22402
v 0.661045 0.84898 0.448008
v 0.707995 0.92803 0.258479
v 0.604438 0.98792 0.279375
v 0.604438 0.98792 0.279375
v 0.480691 0.95143 0.508293
v 0.661045 0.84898 0.448008
v 0.518528 1.00344 -0.204057
v 0.415863 0.86819 -0.420938
v 0.389726 0.86489 -0.403787
v 0.389726 0.86489 -0.403787
v 0.499476 1.00077 -0.195634
v 0.518528 1.00344 -0.204057
v 0.395291 1.13104 0.455398
v 0.200353 1.13184 0.561698
v 0.208701 1.12872 0.578222
v 0.208701 1.12872 0.578222
v 0.412339 1.12506 0.469203
v 0.395291 1.13104 0.455398
v 0.522884 1.10752 0.2577
v 0.503892 1.10886 0.24628
v 0.395291 1.13104 0.455398
v 0.395291 1.13104 0.455398
v 0.412339 1.12506 0.469203
v 0.522884 1.10752 0.2577
v 0.415863 0.86819 -0.420938
v 0.300505 0.69436 -0.549614
v 0.283568 0.69306 -0.494147
v 0.283568 0.69306 -0.494147
v 0.389726 0.86489 -0.403787
v 0.415863 0.86819 -0.420938
v 0.197254 0.50847 -0.615269
v 0.141031 0.40249 -0.654294
v 0.117152 0.40704 -0.601838
v 0.117152 0.40704 -0.601838
v 0.177774 0.50914 -0.567102
v 0.197254 0.50847 -0.615269
v 0.57559 0.83671 -0.343827
v 0.689641 0.80791 -0.315204
v 0.628642 0.65805 -0.440966
v 0.628642 0.65805 -0.440966
v 0.471096 0.67046 -0.502851
v 0.57559 0.83671 -0.343827
v 0.643954 0.9629 0.0552361
v 0.729632 0.91941 0.0521851
v 0.721547 0.88952 -0.143966
v 0.721547 0.88952 -0.143966
v 0.632279 0.92717 -0.156369
v 0.643954 0.9629 0.0552361
v 0.800162 0.71286 0.497209
v 0.807822 0.79796 0.408525
v 0.661045 0.84898 0.448008
v 0.661045 0.84898 0.448008
v 0.642049 0.77013 0.553941
v 0.800162 0.71286 0.497209
v 0.77411 0.56111 0.54185
v 0.617537 0.61998 0.60016
v 0.585897 0.3948 0.567197
v 0.585897 0.3948 0.567197
v 0.751665 0.36453 0.503103
v 0.77411 0.56111 0.54185
v 0.602846 -0.18934 0.269871
v 0.699813 -0.00939012 0.297558
v 0.448881 -0.00841999 0.36515
v 0.448881 -0.00841999 0.36515
v 0.408364 -0.18561 0.368237
v 0.602846 -0.18934 0.269871
v 0.56133 1.06165 -0.0138829
v 0.540378 1.05831 -0.0148309
v 0.503892 1.10886 0.24628
v 0.503892 1.10886 0.24628
v 0.522884 1.10752 0.2577
v 0.56133 1.06165 -0.0138829
v 0.707995 0.92803 0.258479
v 0.729632 0.91941 0.0521851
v 0.643954 0.9629 0.0552361
v 0.643954 0.9629 0.0552361
v 0.604438 0.98792 0.279375
v 0.707995 0.92803 0.258479
v 0.889126 0.84132 0.0397111
v 0.891858 0.82714 0.22402
v 0.959365 0.80385 0.212108
v 0.959365 0.80385 0.212108
v 0.95938 0.82007 0.0373972
v 0.889126 0.84132 0.0397111
v 0.959225 0.46778 -0.00302783
v 0.95938 0.82007 0.0373972
v 0.959365 0.80385 0.212108
v 0.300505 0.69436 -0.549614
v 0.197254 0.50847 -0.615269
v 0.177774 0.50914 -0.567102
v 0.177774 0.50914 -0.567102
v 0.283568 0.69306 -0.494147
v 0.300505 0.69436 -0.549614
v 0.376794 0.53727 -0.557008
v 0.197254 0.50847 -0.615269
v 0.300505 0.69436 -0.549614
v 0.300505 0.69436 -0.549614
v 0.471096 0.67046 -0.502851
v 0.376794 0.53727 -0.557008
v 0.471096 0.67046 -0.502851
v 0.628642 0.65805 -0.440966
v 0.584554 0.54848 -0.491031
v 0.584554 0.54848 -0.491031
v 0.376794 0.53727 -0.557008
v 0.471096 0.67046 -0.502851
v 0.959287 0.5866 -0.319975
v 0.959235 0.46844 -0.35771
v 0.870155 0.49971 -0.383764
v 0.870155 0.49971 -0.383764
v 0.876493 0.60873 -0.34305
v 0.959287 0.5866 -0.319975
v 0.959225 0.46778 -0.00302783
v 0.959235 0.46844 -0.35771
v 0.959287 0.5866 -0.319975
v 0.632279 0.92717 -0.156369
v 0.721547 0.88952 -0.143966
v 0.689641 0.80791 -0.315204
v 0.689641 0.80791 -0.315204
v 0.57559 0.83671 -0.343827
v 0.632279 0.92717 -0.156369
v 0.959367 0.79101 -0.112188
v 0.959349 0.70696 -0.240497
v 0.883097 0.73653 -0.256134
v 0.883097 0.73653 -0.256134
v 0.886896 0.81472 -0.118253
v 0.959367 0.79101 -0.112188
v 0.959225 0.46778 -0.00302783
v 0.959349 0.70696 -0.240497
v 0.959367 0.79101 -0.112188
v 0.540378 1.05831 -0.0148309
v 0.56133 1.06165 -0.0138829
v 0.518528 1.00344 -0.204057
v 0.518528 1.00344 -0.204057
v 0.499476 1.00077 -0.195634
v 0.540378 1.05831 -0.0148309
v 0.234177 0.92495 0.602503
v 0.480691 0.95143 0.508293
v 0.412339 1.12506 0.469203
v 0.412339 1.12506 0.469203
v 0.208701 1.12872 0.578222
v 0.234177 0.92495 0.602503
v 0.480691 0.95143 0.508293
v 0.604438 0.98792 0.279375
v 0.522884 1.10752 0.2577
v 0.522884 1.10752 0.2577
v 0.412339 1.12506 0.469203
v 0.480691 0.95143 0.508293
v 0.522884 1.10752 0.2577
v 0.604438 0.98792 0.279375
v 0.643954 0.9629 0.0552361
v 0.643954 0.9629 0.0552361
v 0.56133 1.06165 -0.0138829
v 0.522884 1.10752 0.2577
v 0.56133 1.06165 -0.0138829
v 0.643954 0.9629 0.0552361
v 0.632279 0.92717 -0.156369
v 0.632279 0.92717 -0.156369
v 0.518528 1.00344 -0.204057
v 0.56133 1.06165 -0.0138829
v 0.518528 1.00344 -0.204057
v 0.632279 0.92717 -0.156369
v 0.57559 0.83671 -0.343827
v 0.57559 0.83671 -0.343827
v 0.415863 0.86819 -0.420938
v 0.518528 1.00344 -0.204057
v 0.302623 0.41195 -0.619141
v 0.141031 0.40249 -0.654294
v 0.197254 0.50847 -0.615269
v 0.197254 0.50847 -0.615269
v 0.376794 0.53727 -0.557008
v 0.302623 0.41195 -0.619141
v 0.180146 -0.49674 -0.685055
v 1.50949e-07 -0.49584 -0.707793
v 1.64259e-07 -0.42497 -0.754909
v 1.64259e-07 -0.42497 -0.754909
v 0.19412 -0.42616 -0.730132
v 0.180146 -0.49674 -0.685055
v 0.0 -0.00124002 0.427822
v 0.0 -0.18398 0.424115
v 0.101473 -0.18291 0.440456
v 0.101473 -0.18291 0.440456
v 0.103535 -0.00197005 0.442473
v 0.0 -0.00124002 0.427822
v 0.0 0.66821 0.625868
v 0.0 0.40786 0.593691
v 0.147514 0.40717 0.607801
v 0.147514 0.40717 0.607801
v 0.219302 0.66883 0.64969
v 0.0 0.66821 0.625868
v 0.0 0.83062 0.62418
v 0.244084 0.8314 0.624983
v 0.234177 0.92495 0.602503
v 0.234177 0.92495 0.602503
v 0.0 0.92397 0.616723
v 0.0 0.83062 0.62418
v 0.208701 1.12872 0.578222
v 0.0 1.13223 0.598047
v 0.0 0.92397 0.616723
v 0.0 0.92397 0.616723
v 0.234177 0.92495 0.602503
v 0.208701 1.12872 0.578222
v 0.200353 1.13184 0.561698
v 0.0 1.1326 0.578915
v 0.0 1.13223 0.598047
v 0.0 1.13223 0.598047
v 0.208701 1.12872 0.578222
v 0.200353 1.13184 0.561698
v 0.959235 0.47437 0.434655
v 0.959225 0.46778 -0.00302783
v 0.959286 0.63569 0.416513
v 0.878461 0.50973 0.475252
v 0.959235 0.47437 0.434655
v 0.959286 0.63569 0.416513
v 0.959286 0.63569 0.416513
v 0.885438 0.65664 0.448912
v 0.878461 0.50973 0.475252
v 0.617537 0.61998 0.60016
v 0.77411 0.56111 0.54185
v 0.800162 0.71286 0.497209
v 0.800162 0.71286 0.497209
v 0.642049 0.77013 0.553941
v 0.617537 0.61998 0.60016
v 0.474381 0.80178 0.595321
v 0.451961 0.64935 0.627824
v 0.617537 0.61998 0.60016
v 0.617537 0.61998 0.60016
v 0.642049 0.77013 0.553941
v 0.474381 0.80178 0.595321
v 0.244084 0.8314 0.624983
v 0.219302 0.66883 0.64969
v 0.451961 0.64935 0.627824
v 0.451961 0.64935 0.627824
v 0.474381 0.80178 0.595321
v 0.244084 0.8314 0.624983
v 0.0 0.83062 0.62418
v 0.0 0.66821 0.625868
v 0.219302 0.66883 0.64969
v 0.219302 0.66883 0.64969
v 0.244084 0.8314 0.624983
v 0.0 0.83062 0.62418
v 0.484941 0.26945 -0.57801
v 0.235615 0.29776 -0.653852
v 0.302623 0.41195 -0.619141
v 0.302623 0.41195 -0.619141
v 0.533458 0.4112 -0.530534
v 0.484941 0.26945 -0.57801
v 0.959171 0.34853 -0.338447
v 0.959131 0.23965 -0.281203
v 0.870805 0.2258 -0.326669
v 0.870805 0.2258 -0.326669
v 0.868901 0.34711 -0.377559
v 0.959171 0.34853 -0.338447
v 0.959225 0.46778 -0.00302783
v 0.959131 0.23965 -0.281203
v 0.959171 0.34853 -0.338447
v 0.959389 0.14721 0.130855
v 0.959038 0.1364 -0.00272282
v 0.959225 0.46778 -0.00302783
v 0.869138 0.21213 0.354875
v 0.95974 0.21841 0.326857
v 0.959171 0.33166 0.385113
v 0.959171 0.33166 0.385113
v 0.868253 0.33927 0.431182
v 0.869138 0.21213 0.354875
v 0.730379 0.19865 0.417101
v 0.751665 0.36453 0.503103
v 0.585897 0.3948 0.567197
v 0.585897 0.3948 0.567197
v 0.520941 0.19345 0.474855
v 0.730379 0.19865 0.417101
v 0.520941 0.19345 0.474855
v 0.585897 0.3948 0.567197
v 0.384206 0.40641 0.604998
v 0.384206 0.40641 0.604998
v 0.310634 0.19678 0.520529
v 0.520941 0.19345 0.474855
v 0.147514 0.40717 0.607801
v 0.126442 0.19928 0.533729
v 0.310634 0.19678 0.520529
v 0.310634 0.19678 0.520529
v 0.384206 0.40641 0.604998
v 0.147514 0.40717 0.607801
v 0.0 0.40786 0.593691
v 0.0 0.20042 0.522542
v 0.126442 0.19928 0.533729
v 0.126442 0.19928 0.533729
v 0.147514 0.40717 0.607801
v 0.0 0.40786 0.593691
v 0.141031 0.40249 -0.654294
v 0.0746452 0.29948 -0.672745
v 0.0629502 0.3037 -0.637208
v 0.0629502 0.3037 -0.637208
v 0.117152 0.40704 -0.601838
v 0.141031 0.40249 -0.654294
v 0.235615 0.29776 -0.653852
v 0.0746452 0.29948 -0.672745
v 0.141031 0.40249 -0.654294
v 0.141031 0.40249 -0.654294
v 0.302623 0.41195 -0.619141
v 0.235615 0.29776 -0.653852
v 0.699813 -0.00939012 0.297558
v 0.730379 0.19865 0.417101
v 0.520941 0.19345 0.474855
v 0.520941 0.19345 0.474855
v 0.448881 -0.00841999 0.36515
v 0.699813 -0.00939012 0.297558
v 0.448881 -0.00841999 0.36515
v 0.520941 0.19345 0.474855
v 0.310634 0.19678 0.520529
v 0.310634 0.19678 0.520529
v 0.233299 -0.00519991 0.432227
v 0.448881 -0.00841999 0.36515
v 0.233299 -0.00519991 0.432227
v 0.310634 0.19678 0.520529
v 0.126442 0.19928 0.533729
v 0.126442 0.19928 0.533729
v 0.103535 -0.00197005 0.442473
v 0.233299 -0.00519991 0.432227
v 0.0 0.20042 0.522542
v 0.0 -0.00124002 0.427822
v 0.103535 -0.00197005 0.442473
v 0.103535 -0.00197005 0.442473
v 0.126442 0.19928 0.533729
v 0.0 0.20042 0.522542
v 0.235615 0.29776 -0.653852
v 0.484941 0.26945 -0.57801
v 0.439161 0.10325 -0.5929
v 0.439161 0.10325 -0.5929
v 0.183002 0.14692 -0.67516
v 0.235615 0.29776 -0.653852
v 0.409007 -0.5416 0.390379
v 0.218017 -0.54126 0.438925
v 0.214564 -0.72489 0.4428
v 0.214564 -0.72489 0.4428
v 0.425905 -0.72506 0.389419
v 0.409007 -0.5416 0.390379
v 0.620946 -0.55978 0.289367
v 0.409007 -0.5416 0.390379
v 0.425905 -0.72506 0.389419
v 0.425905 -0.72506 0.389419
v 0.630054 -0.72508 0.294424
v 0.620946 -0.55978 0.289367
v 0.763567 -0.72494 0.0976402
v 0.775509 -0.55826 0.0873452
v 0.620946 -0.55978 0.289367
v 0.620946 -0.55978 0.289367
v 0.630054 -0.72508 0.294424
v 0.763567 -0.72494 0.0976402
v 0.824752 -0.72472 -0.0829868
v 0.826379 -0.55313 -0.0803518
v 0.775509 -0.55826 0.0873452
v 0.775509 -0.55826 0.0873452
v 0.763567 -0.72494 0.0976402
v 0.824752 -0.72472 -0.0829868
v 0.602349 -0.10642 -0.460313
v 0.395654 -0.0740499 -0.601837
v 0.439161 0.10325 -0.5929
v 0.439161 0.10325 -0.5929
v 0.638112 0.06236 -0.466806
v 0.602349 -0.10642 -0.460313
v 0.439161 0.10325 -0.5929
v 0.395654 -0.0740499 -0.601837
v 0.184751 -0.04743 -0.686766
v 0.184751 -0.04743 -0.686766
v 0.183002 0.14692 -0.67516
v 0.439161 0.10325 -0.5929
v 0.769986 -0.54974 -0.243157
v 0.826379 -0.55313 -0.0803518
v 0.824752 -0.72472 -0.0829868
v 0.824752 -0.72472 -0.0829868
v 0.769016 -0.72469 -0.272202
v 0.769986 -0.54974 -0.243157
v 0.583655 -0.52988 -0.483866
v 0.769986 -0.54974 -0.243157
v 0.769016 -0.72469 -0.272202
v 0.769016 -0.72469 -0.272202
v 0.579343 -0.72449 -0.481243
v 0.583655 -0.52988 -0.483866
v 0.583655 -0.52988 -0.483866
v 0.579343 -0.72449 -0.481243
v 0.391202 -0.72453 -0.583424
v 0.391202 -0.72453 -0.583424
v 0.379769 -0.5034 -0.608176
v 0.583655 -0.52988 -0.483866
v 0.0746452 0.29948 -0.672745
v 0.235615 0.29776 -0.653852
v 0.183002 0.14692 -0.67516
v 0.183002 0.14692 -0.67516
v 2.06535e-07 0.16914 -0.690914
v 0.0746452 0.29948 -0.672745
v 0.0746452 0.29948 -0.672745
v 2.06535e-07 0.16914 -0.690914
v 2.02053e-07 0.19093 -0.648621
v 2.02053e-07 0.19093 -0.648621
v 0.0629502 0.3037 -0.637208
v 0.0746452 0.29948 -0.672745
v 0.180146 -0.49674 -0.685055
v 0.1755 -0.72461 -0.647932
v 1.25173e-07 -0.72462 -0.669542
v 1.25173e-07 -0.72462 -0.669542
v 1.50949e-07 -0.49584 -0.707793
v 0.180146 -0.49674 -0.685055
v 0.411223 -0.43598 -0.646442
v 0.62999 -0.46567 -0.511079
v 0.583655 -0.52988 -0.483866
v 0.583655 -0.52988 -0.483866
v 0.379769 -0.5034 -0.608176
v 0.411223 -0.43598 -0.646442
v 0.62999 -0.46567 -0.511079
v 0.830019 -0.48944 -0.249865
v 0.769986 -0.54974 -0.243157
v 0.769986 -0.54974 -0.243157
v 0.583655 -0.52988 -0.483866
v 0.62999 -0.46567 -0.511079
v 0.826379 -0.55313 -0.0803518
v 0.769986 -0.54974 -0.243157
v 0.830019 -0.48944 -0.249865
v 0.830019 -0.48944 -0.249865
v 0.890684 -0.49384 -0.0744518
v 0.826379 -0.55313 -0.0803518
v 0.836581 -0.50004 0.106871
v 0.775509 -0.55826 0.0873452
v 0.826379 -0.55313 -0.0803518
v 0.826379 -0.55313 -0.0803518
v 0.890684 -0.49384 -0.0744518
v 0.836581 -0.50004 0.106871
v 0.775509 -0.55826 0.0873452
v 0.836581 -0.50004 0.106871
v 0.668377 -0.5015 0.322308
v 0.668377 -0.5015 0.322308
v 0.620946 -0.55978 0.289367
v 0.775509 -0.55826 0.0873452
v 0.620946 -0.55978 0.289367
v 0.668377 -0.5015 0.322308
v 0.440112 -0.48131 0.431744
v 0.440112 -0.48131 0.431744
v 0.409007 -0.5416 0.390379
v 0.620946 -0.55978 0.289367
v 0.236081 -0.48153 0.484556
v 0.218017 -0.54126 0.438925
v 0.409007 -0.5416 0.390379
v 0.409007 -0.5416 0.390379
v 0.440112 -0.48131 0.431744
v 0.236081 -0.48153 0.484556
v 0.109788 -0.54052 0.445727
v 0.104898 -0.72487 0.44751
v 0.214564 -0.72489 0.4428
v 0.214564 -0.72489 0.4428
v 0.218017 -0.54126 0.438925
v 0.109788 -0.54052 0.445727
v 0.0 -0.5408 0.446394
v 0.0 -0.72487 0.444362
v 0.104898 -0.72487 0.44751
v 0.104898 -0.72487 0.44751
v 0.109788 -0.54052 0.445727
v 0.0 -0.5408 0.446394
v 0.101473 -0.18291 0.440456
v 0.0 -0.18398 0.424115
v 0.0 -0.31903 0.437156
v 0.0 -0.31903 0.437156
v 0.105419 -0.31836 0.447258
v 0.101473 -0.18291 0.440456
v 0.226235 -0.18308 0.430245
v 0.101473 -0.18291 0.440456
v 0.105419 -0.31836 0.447258
v 0.105419 -0.31836 0.447258
v 0.222111 -0.31853 0.438526
v 0.226235 -0.18308 0.430245
v 0.604986 -0.35456 0.284108
v 0.602846 -0.18934 0.269871
v 0.408364 -0.18561 0.368237
v 0.408364 -0.18561 0.368237
v 0.397552 -0.33259 0.38739
v 0.604986 -0.35456 0.284108
v 0.775214 -0.19079 0.118206
v 0.602846 -0.18934 0.269871
v 0.604986 -0.35456 0.284108
v 0.604986 -0.35456 0.284108
v 0.768189 -0.35433 0.101141
v 0.775214 -0.19079 0.118206
v 0.811148 -0.17519 -0.0486978
v 0.775214 -0.19079 0.118206
v 0.768189 -0.35433 0.101141
v 0.768189 -0.35433 0.101141
v 0.813263 -0.34463 -0.0678638
v 0.811148 -0.17519 -0.0486978
v 0.813263 -0.34463 -0.0678638
v 0.75857 -0.33617 -0.227663
v 0.760845 -0.16013 -0.205015
v 0.760845 -0.16013 -0.205015
v 0.811148 -0.17519 -0.0486978
v 0.813263 -0.34463 -0.0678638
v 0.580701 -0.30039 -0.476747
v 0.602349 -0.10642 -0.460313
v 0.760845 -0.16013 -0.205015
v 0.760845 -0.16013 -0.205015
v 0.75857 -0.33617 -0.227663
v 0.580701 -0.30039 -0.476747
v 0.176982 -0.24171 -0.689924
v 0.184751 -0.04743 -0.686766
v 0.395654 -0.0740499 -0.601837
v 0.395654 -0.0740499 -0.601837
v 0.386815 -0.26645 -0.608568
v 0.176982 -0.24171 -0.689924
v 1.74338e-07 -0.23929 -0.714154
v 1.92271e-07 -0.0307 -0.712151
v 0.184751 -0.04743 -0.686766
v 0.184751 -0.04743 -0.686766
v 0.176982 -0.24171 -0.689924
v 1.74338e-07 -0.23929 -0.714154
v 0.499476 1.00077 -0.195634
v 0.540378 1.00319 -0.0148309
v 0.540378 1.05831 -0.0148309
v 0.540378 1.05831 -0.0148309
v 0.540378 1.00319 -0.0148309
v 0.503892 1.00595 0.24628
v 0.503892 1.00595 0.24628
v 0.503892 1.10886 0.24628
v 0.540378 1.05831 -0.0148309
v 0.503892 1.00595 0.24628
v 0.42301 1.00716 0.481471
v 0.395291 1.13104 0.455398
v 0.395291 1.13104 0.455398
v 0.503892 1.10886 0.24628
v 0.503892 1.00595 0.24628
v 0.395291 1.13104 0.455398
v 0.42301 1.00716 0.481471
v 0.200353 1.0072 0.561698
v 0.200353 1.0072 0.561698
v 0.200353 1.13184 0.561698
v 0.395291 1.13104 0.455398
v 0.200353 1.0072 0.561698
v 0.0 1.00724 0.552939
v 0.0 1.1326 0.578915
v 0.0 1.1326 0.578915
v 0.200353 1.13184 0.561698
v 0.200353 1.0072 0.561698
v 0.117949 -0.48081 0.492184
v 0.109788 -0.54052 0.445727
v 0.218017 -0.54126 0.438925
v 0.218017 -0.54126 0.438925
v 0.236081 -0.48153 0.484556
v 0.117949 -0.48081 0.492184
v 0.0 -0.48117 0.491338
v 0.0 -0.5408 0.446394
v 0.109788 -0.54052 0.445727
v 0.109788 -0.54052 0.445727
v 0.117949 -0.48081 0.492184
v 0.0 -0.48117 0.491338
v 0.959225 0.46778 -0.00302783
v 0.959108 0.19167 -0.190482
v 0.959131 0.23965 -0.281203
v 0.959171 0.33166 0.385113
v 0.95974 0.21841 0.326857
v 0.959225 0.46778 -0.00302783
v 0.386815 -0.26645 -0.608568
v 0.395654 -0.0740499 -0.601837
v 0.602349 -0.10642 -0.460313
v 0.602349 -0.10642 -0.460313
v 0.580701 -0.30039 -0.476747
v 0.386815 -0.26645 -0.608568
v 0.397552 -0.33259 0.38739
v 0.408364 -0.18561 0.368237
v 0.226235 -0.18308 0.430245
v 0.226235 -0.18308 0.430245
v 0.222111 -0.31853 0.438526
v 0.397552 -0.33259 0.38739
v 0.379769 -0.5034 -0.608176
v 0.391202 -0.72453 -0.583424
v 0.1755 -0.72461 -0.647932
v 0.1755 -0.72461 -0.647932
v 0.180146 -0.49674 -0.685055
v 0.379769 -0.5034 -0.608176
v 0.533458 0.4112 -0.530534
v 0.727161 0.38567 -0.465434
v 0.692012 0.22883 -0.481358
v 0.692012 0.22883 -0.481358
v 0.484941 0.26945 -0.57801
v 0.533458 0.4112 -0.530534
v 0.584554 0.54848 -0.491031
v 0.754797 0.5451 -0.431814
v 0.727161 0.38567 -0.465434
v 0.727161 0.38567 -0.465434
v 0.533458 0.4112 -0.530534
v 0.584554 0.54848 -0.491031
v 0.628642 0.65805 -0.440966
v 0.77697 0.64563 -0.382839
v 0.754797 0.5451 -0.431814
v 0.754797 0.5451 -0.431814
v 0.584554 0.54848 -0.491031
v 0.628642 0.65805 -0.440966
v 0.689641 0.80791 -0.315204
v 0.803692 0.77911 -0.286581
v 0.77697 0.64563 -0.382839
v 0.77697 0.64563 -0.382839
v 0.628642 0.65805 -0.440966
v 0.689641 0.80791 -0.315204
v 0.721547 0.88952 -0.143966
v 0.810815 0.85187 -0.131564
v 0.803692 0.77911 -0.286581
v 0.803692 0.77911 -0.286581
v 0.689641 0.80791 -0.315204
v 0.721547 0.88952 -0.143966
v 0.81531 0.87592 0.0460401
v 0.810815 0.85187 -0.131564
v 0.721547 0.88952 -0.143966
v 0.721547 0.88952 -0.143966
v 0.729632 0.91941 0.0521851
v 0.81531 0.87592 0.0460401
v 0.811551 0.86815 0.237583
v 0.81531 0.87592 0.0460401
v 0.729632 0.91941 0.0521851
v 0.729632 0.91941 0.0521851
v 0.707995 0.92803 0.258479
v 0.811551 0.86815 0.237583
v 0.807822 0.79796 0.408525
v 0.811551 0.86815 0.237583
v 0.707995 0.92803 0.258479
v 0.707995 0.92803 0.258479
v 0.661045 0.84898 0.448008
v 0.807822 0.79796 0.408525
v 0.873479 0.75135 -0.282217
v 0.866133 0.61217 -0.376919
v 0.77697 0.64563 -0.382839
v 0.77697 0.64563 -0.382839
v 0.803692 0.77911 -0.286581
v 0.873479 0.75135 -0.282217
v 0.754797 0.5451 -0.431814
v 0.77697 0.64563 -0.382839
v 0.866133 0.61217 -0.376919
v 0.866133 0.61217 -0.376919
v 0.859693 0.49566 -0.420933
v 0.754797 0.5451 -0.431814
v 0.727161 0.38567 -0.465434
v 0.754797 0.5451 -0.431814
v 0.859693 0.49566 -0.420933
v 0.859693 0.49566 -0.420933
v 0.859172 0.33065 -0.41684
v 0.727161 0.38567 -0.465434
v 0.859172 0.33065 -0.41684
v 0.862288 0.19662 -0.364809
v 0.692012 0.22883 -0.481358
v 0.692012 0.22883 -0.481358
v 0.727161 0.38567 -0.465434
v 0.859172 0.33065 -0.41684
v 0.862288 0.19662 -0.364809
v 0.87797 0.10691 -0.280589
v 0.638112 0.06236 -0.466806
v 0.638112 0.06236 -0.466806
v 0.692012 0.22883 -0.481358
v 0.862288 0.19662 -0.364809
v 0.885105 -0.06126 -0.0293368
v 0.849132 -0.03933 -0.191386
v 0.900098 0.0415499 -0.18196
v 0.900098 0.0415499 -0.18196
v 0.922918 0.0131299 -0.0192338
v 0.885105 -0.06126 -0.0293368
v 0.840603 -0.0562501 0.134971
v 0.885105 -0.06126 -0.0293368
v 0.922918 0.0131299 -0.0192338
v 0.922918 0.0131299 -0.0192338
v 0.91593 0.03601 0.153682
v 0.840603 -0.0562501 0.134971
v 0.730379 0.19865 0.417101
v 0.699813 -0.00939012 0.297558
v 0.863808 0.10117 0.279808
v 0.863808 0.10117 0.279808
v 0.857885 0.18035 0.382931
v 0.730379 0.19865 0.417101
v 0.730379 0.19865 0.417101
v 0.857885 0.18035 0.382931
v 0.858047 0.32097 0.467323
v 0.858047 0.32097 0.467323
v 0.751665 0.36453 0.503103
v 0.730379 0.19865 0.417101
v 0.751665 0.36453 0.503103
v 0.858047 0.32097 0.467323
v 0.869626 0.50715 0.514424
v 0.869626 0.50715 0.514424
v 0.77411 0.56111 0.54185
v 0.751665 0.36453 0.503103
v 0.77411 0.56111 0.54185
v 0.869626 0.50715 0.514424
v 0.876963 0.66596 0.485278
v 0.876963 0.66596 0.485278
v 0.800162 0.71286 0.497209
v 0.77411 0.56111 0.54185
v 0.800162 0.71286 0.497209
v 0.876963 0.66596 0.485278
v 0.880609 0.76151 0.390448
v 0.880609 0.76151 0.390448
v 0.807822 0.79796 0.408525
v 0.800162 0.71286 0.497209
v 0.807822 0.79796 0.408525
v 0.880609 0.76151 0.390448
v 0.882536 0.84843 0.238509
v 0.882536 0.84843 0.238509
v 0.811551 0.86815 0.237583
v 0.807822 0.79796 0.408525
v 0.81531 0.87592 0.0460401
v 0.811551 0.86815 0.237583
v 0.882536 0.84843 0.238509
v 0.882536 0.84843 0.238509
v 0.879471 0.86317 0.0384731
v 0.81531 0.87592 0.0460401
v 0.810815 0.85187 -0.131564
v 0.81531 0.87592 0.0460401
v 0.879471 0.86317 0.0384731
v 0.879471 0.86317 0.0384731
v 0.877153 0.83487 -0.132116
v 0.810815 0.85187 -0.131564
v 0.803692 0.77911 -0.286581
v 0.810815 0.85187 -0.131564
v 0.877153 0.83487 -0.132116
v 0.877153 0.83487 -0.132116
v 0.873479 0.75135 -0.282217
v 0.803692 0.77911 -0.286581
v 0.87797 0.10691 -0.280589
v 0.900098 0.0415499 -0.18196
v 0.849132 -0.03933 -0.191386
v 0.849132 -0.03933 -0.191386
v 0.638112 0.06236 -0.466806
v 0.87797 0.10691 -0.280589
v 0.840603 -0.0562501 0.134971
v 0.91593 0.03601 0.153682
v 0.863808 0.10117 0.279808
v 0.863808 0.10117 0.279808
v 0.699813 -0.00939012 0.297558
v 0.840603 -0.0562501 0.134971
v 0.959564 0.17066 0.248275
v 0.874515 0.14194 0.261195
v 0.918101 0.0881901 0.143667
v 0.918101 0.0881901 0.143667
v 0.959389 0.14721 0.130855
v 0.959564 0.17066 0.248275
v 0.923262 0.06796 -0.0127098
v 0.903598 0.09249 -0.160837
v 0.959085 0.16356 -0.127896
v 0.959085 0.16356 -0.127896
v 0.959038 0.1364 -0.00272282
v 0.923262 0.06796 -0.0127098
v 0.903598 0.09249 -0.160837
v 0.884792 0.1487 -0.249401
v 0.959108 0.19167 -0.190482
v 0.959108 0.19167 -0.190482
v 0.959085 0.16356 -0.127896
v 0.903598 0.09249 -0.160837
v 0.959225 0.46778 -0.00302783
v 0.959085 0.16356 -0.127896
v 0.959108 0.19167 -0.190482
v 0.95974 0.21841 0.326857
v 0.869138 0.21213 0.354875
v 0.874515 0.14194 0.261195
v 0.874515 0.14194 0.261195
v 0.959564 0.17066 0.248275
v 0.95974 0.21841 0.326857
v 0.95974 0.21841 0.326857
v 0.959564 0.17066 0.248275
v 0.959225 0.46778 -0.00302783
v 0.862288 0.19662 -0.364809
v 0.870805 0.2258 -0.326669
v 0.884792 0.1487 -0.249401
v 0.884792 0.1487 -0.249401
v 0.87797 0.10691 -0.280589
v 0.862288 0.19662 -0.364809
v 0.87797 0.10691 -0.280589
v 0.884792 0.1487 -0.249401
v 0.903598 0.09249 -0.160837
v 0.903598 0.09249 -0.160837
v 0.900098 0.0415499 -0.18196
v 0.87797 0.10691 -0.280589
v 0.922918 0.0131299 -0.0192338
v 0.900098 0.0415499 -0.18196
v 0.903598 0.09249 -0.160837
v 0.903598 0.09249 -0.160837
v 0.923262 0.06796 -0.0127098
v 0.922918 0.0131299 -0.0192338
v 0.91593 0.03601 0.153682
v 0.922918 0.0131299 -0.0192338
v 0.923262 0.06796 -0.0127098
v 0.923262 0.06796 -0.0127098
v 0.918101 0.0881901 0.143667
v 0.91593 0.03601 0.153682
v 0.863808 0.10117 0.279808
v 0.91593 0.03601 0.153682
v 0.918101 0.0881901 0.143667
v 0.918101 0.0881901 0.143667
v 0.874515 0.14194 0.261195
v 0.863808 0.10117 0.279808
v 0.857885 0.18035 0.382931
v 0.863808 0.10117 0.279808
v 0.874515 0.14194 0.261195
v 0.874515 0.14194 0.261195
v 0.869138 0.21213 0.354875
v 0.857885 0.18035 0.382931
v 0.869138 0.21213 0.354875
v 0.868253 0.33927 0.431182
v 0.858047 0.32097 0.467323
v 0.858047 0.32097 0.467323
v 0.857885 0.18035 0.382931
v 0.869138 0.21213 0.354875
v 0.869626 0.50715 0.514424
v 0.858047 0.32097 0.467323
v 0.868253 0.33927 0.431182
v 0.868253 0.33927 0.431182
v 0.878461 0.50973 0.475252
v 0.869626 0.50715 0.514424
v 0.876963 0.66596 0.485278
v 0.869626 0.50715 0.514424
v 0.878461 0.50973 0.475252
v 0.878461 0.50973 0.475252
v 0.885438 0.65664 0.448912
v 0.876963 0.66596 0.485278
v 0.880609 0.76151 0.390448
v 0.876963 0.66596 0.485278
v 0.885438 0.65664 0.448912
v 0.885438 0.65664 0.448912
v 0.889028 0.74514 0.361693
v 0.880609 0.76151 0.390448
v 0.882536 0.84843 0.238509
v 0.880609 0.76151 0.390448
v 0.889028 0.74514 0.361693
v 0.889028 0.74514 0.361693
v 0.891858 0.82714 0.22402
v 0.882536 0.84843 0.238509
v 0.879471 0.86317 0.0384731
v 0.882536 0.84843 0.238509
v 0.891858 0.82714 0.22402
v 0.891858 0.82714 0.22402
v 0.889126 0.84132 0.0397111
v 0.879471 0.86317 0.0384731
v 0.879471 0.86317 0.0384731
v 0.889126 0.84132 0.0397111
v 0.886896 0.81472 -0.118253
v 0.886896 0.81472 -0.118253
v 0.877153 0.83487 -0.132116
v 0.879471 0.86317 0.0384731
v 0.877153 0.83487 -0.132116
v 0.886896 0.81472 -0.118253
v 0.883097 0.73653 -0.256134
v 0.883097 0.73653 -0.256134
v 0.873479 0.75135 -0.282217
v 0.877153 0.83487 -0.132116
v 0.876493 0.60873 -0.34305
v 0.866133 0.61217 -0.376919
v 0.873479 0.75135 -0.282217
v 0.873479 0.75135 -0.282217
v 0.883097 0.73653 -0.256134
v 0.876493 0.60873 -0.34305
v 0.870155 0.49971 -0.383764
v 0.859693 0.49566 -0.420933
v 0.866133 0.61217 -0.376919
v 0.866133 0.61217 -0.376919
v 0.876493 0.60873 -0.34305
v 0.870155 0.49971 -0.383764
v 0.868901 0.34711 -0.377559
v 0.859172 0.33065 -0.41684
v 0.859693 0.49566 -0.420933
v 0.859693 0.49566 -0.420933
v 0.870155 0.49971 -0.383764
v 0.868901 0.34711 -0.377559
v 0.859172 0.33065 -0.41684
v 0.868901 0.34711 -0.377559
v 0.870805 0.2258 -0.326669
v 0.870805 0.2258 -0.326669
v 0.862288 0.19662 -0.364809
v 0.859172 0.33065 -0.41684
v 0.959225 0.46778 -0.00302783
v 0.959038 0.1364 -0.00272282
v 0.959085 0.16356 -0.127896
v 0.959564 0.17066 0.248275
v 0.959389 0.14721 0.130855
v 0.959225 0.46778 -0.00302783
v 0.959225 0.46778 -0.00302783
v 0.959287 0.5866 -0.319975
v 0.959349 0.70696 -0.240497
v 0.959225 0.46778 -0.00302783
v 0.959365 0.80385 0.212108
v 0.959349 0.72096 0.336092
v 0.0 -0.48117 0.491338
v 0.117949 -0.48081 0.492184
v 0.105419 -0.31836 0.447258
v 0.105419 -0.31836 0.447258
v 0.0 -0.31903 0.437156
v 0.0 -0.48117 0.491338
v 0.117949 -0.48081 0.492184
v 0.236081 -0.48153 0.484556
v 0.222111 -0.31853 0.438526
v 0.222111 -0.31853 0.438526
v 0.105419 -0.31836 0.447258
v 0.117949 -0.48081 0.492184
v 0.397552 -0.33259 0.38739
v 0.222111 -0.31853 0.438526
v 0.236081 -0.48153 0.484556
v 0.236081 -0.48153 0.484556
v 0.440112 -0.48131 0.431744
v 0.397552 -0.33259 0.38739
v 0.604986 -0.35456 0.284108
v 0.397552 -0.33259 0.38739
v 0.440112 -0.48131 0.431744
v 0.440112 -0.48131 0.431744
v 0.668377 -0.5015 0.322308
v 0.604986 -0.35456 0.284108
v 0.768189 -0.35433 0.101141
v 0.604986 -0.35456 0.284108
v 0.668377 -0.5015 0.322308
v 0.668377 -0.5015 0.322308
v 0.836581 -0.50004 0.106871
v 0.768189 -0.35433 0.101141
v 0.836581 -0.50004 0.106871
v 0.890684 -0.49384 -0.0744518
v 0.813263 -0.34463 -0.0678638
v 0.813263 -0.34463 -0.0678638
v 0.768189 -0.35433 0.101141
v 0.836581 -0.50004 0.106871
v 0.813263 -0.34463 -0.0678638
v 0.890684 -0.49384 -0.0744518
v 0.830019 -0.48944 -0.249865
v 0.830019 -0.48944 -0.249865
v 0.75857 -0.33617 -0.227663
v 0.813263 -0.34463 -0.0678638
v 0.62999 -0.46567 -0.511079
v 0.580701 -0.30039 -0.476747
v 0.75857 -0.33617 -0.227663
v 0.75857 -0.33617 -0.227663
v 0.830019 -0.48944 -0.249865
v 0.62999 -0.46567 -0.511079
v 0.411223 -0.43598 -0.646442
v 0.386815 -0.26645 -0.608568
v 0.580701 -0.30039 -0.476747
v 0.580701 -0.30039 -0.476747
v 0.62999 -0.46567 -0.511079
v 0.411223 -0.43598 -0.646442
v 0.386815 -0.26645 -0.608568
v 0.411223 -0.43598 -0.646442
v 0.19412 -0.42616 -0.730132
v 0.19412 -0.42616 -0.730132
v 0.176982 -0.24171 -0.689924
v 0.386815 -0.26645 -0.608568
v 1.64259e-07 -0.42497 -0.754909
v 1.74338e-07 -0.23929 -0.714154
v 0.176982 -0.24171 -0.689924
v 0.176982 -0.24171 -0.689924
v 0.19412 -0.42616 -0.730132
v 1.64259e-07 -0.42497 -0.754909
v -0.408364 -0.18561 0.368237
v -0.226235 -0.18308 0.430245
v -0.233299 -0.00519991 0.432227
v -0.233299 -0.00519991 0.432227
v -0.448881 -0.00841999 0.36515
v -0.408364 -0.18561 0.368237
v -0.760845 -0.16013 -0.205015
v -0.849132 -0.03933 -0.191386
v -0.638112 0.06236 -0.466806
v -0.638112 0.06236 -0.466806
v -0.602349 -0.10642 -0.460313
v -0.760845 -0.16013 -0.205015
v -0.19412 -0.42616 -0.730132
v -0.180146 -0.49674 -0.685055
v -0.379769 -0.5034 -0.608176
v -0.379769 -0.5034 -0.608176
v -0.411223 -0.43598 -0.646442
v -0.19412 -0.42616 -0.730132
v -0.183002 0.14692 -0.67516
v 2.06535e-07 0.16914 -0.690914
v 1.92271e-07 -0.0307 -0.712151
v 1.92271e-07 -0.0307 -0.712151
v -0.184751 -0.04743 -0.686766
v -0.183002 0.14692 -0.67516
v -0.226235 -0.18308 0.430245
v -0.101473 -0.18291 0.440456
v -0.103535 -0.00197005 0.442473
v -0.103535 -0.00197005 0.442473
v -0.233299 -0.00519991 0.432227
v -0.226235 -0.18308 0.430245
v -0.840603 -0.0562501 0.134971
v -0.885105 -0.06126 -0.0293371
v -0.811148 -0.17519 -0.0486981
v -0.811148 -0.17519 -0.0486981
v -0.775214 -0.19079 0.118206
v -0.840603 -0.0562501 0.134971
v -0.775214 -0.19079 0.118206
v -0.602846 -0.18934 0.269871
v -0.699813 -0.00939012 0.297558
v -0.699813 -0.00939012 0.297558
v -0.840603 -0.0562501 0.134971
v -0.775214 -0.19079 0.118206
v -0.384206 0.40641 0.604998
v -0.147514 0.40717 0.607801
v -0.219302 0.66883 0.64969
v -0.219302 0.66883 0.64969
v -0.451961 0.64935 0.627824
v -0.384206 0.40641 0.604998
v -0.585897 0.3948 0.567197
v -0.384206 0.40641 0.604998
v -0.451961 0.64935 0.627824
v -0.451961 0.64935 0.627824
v -0.617537 0.61998 0.60016
v -0.585897 0.3948 0.567197
v -0.959235 0.47437 0.434655
v -0.959171 0.33166 0.385113
v -0.868253 0.33927 0.431182
v -0.868253 0.33927 0.431182
v -0.878461 0.50973 0.475252
v -0.959235 0.47437 0.434655
v -0.959225 0.46778 -0.00302812
v -0.959235 0.46844 -0.35771
v -0.959171 0.34853 -0.338447
v -0.959235 0.46844 -0.35771
v -0.870155 0.49971 -0.383764
v -0.868901 0.34711 -0.377559
v -0.868901 0.34711 -0.377559
v -0.959171 0.34853 -0.338447
v -0.959235 0.46844 -0.35771
v -0.533458 0.4112 -0.530534
v -0.584554 0.54848 -0.491031
v -0.376794 0.53727 -0.557008
v -0.376794 0.53727 -0.557008
v -0.302623 0.41195 -0.619141
v -0.533458 0.4112 -0.530534
v -0.234177 0.92495 0.602503
v -0.480691 0.95143 0.508293
v -0.474381 0.80178 0.595321
v -0.474381 0.80178 0.595321
v -0.244084 0.8314 0.624983
v -0.234177 0.92495 0.602503
v -0.661045 0.84898 0.448008
v -0.642049 0.77013 0.553941
v -0.474381 0.80178 0.595321
v -0.474381 0.80178 0.595321
v -0.480691 0.95143 0.508293
v -0.661045 0.84898 0.448008
v -0.889028 0.74514 0.361693
v -0.959349 0.72096 0.336092
v -0.959286 0.63569 0.416513
v -0.959286 0.63569 0.416513
v -0.885438 0.65664 0.448912
v -0.889028 0.74514 0.361693
v -0.959349 0.70696 -0.240497
v -0.883097 0.73653 -0.256134
v -0.876493 0.60873 -0.34305
v -0.876493 0.60873 -0.34305
v -0.959287 0.5866 -0.319975
v -0.959349 0.70696 -0.240497
v -0.471096 0.67046 -0.502851
v -0.57559 0.83671 -0.343827
v -0.415863 0.86819 -0.420938
v -0.415863 0.86819 -0.420938
v -0.300505 0.69436 -0.549614
v -0.471096 0.67046 -0.502851
v -0.959038 0.1364 -0.00272311
v -0.923262 0.06796 -0.0127101
v -0.918101 0.0881901 0.143667
v -0.918101 0.0881901 0.143667
v -0.959389 0.14721 0.130855
v -0.959038 0.1364 -0.00272311
v -0.484941 0.26945 -0.57801
v -0.439161 0.10325 -0.5929
v -0.638112 0.06236 -0.466806
v -0.638112 0.06236 -0.466806
v -0.692012 0.22883 -0.481358
v -0.484941 0.26945 -0.57801
v -0.959225 0.46778 -0.00302812
v -0.95938 0.82007 0.0373969
v -0.959367 0.79101 -0.112188
v -0.884792 0.1487 -0.249401
v -0.959108 0.19167 -0.190482
v -0.959131 0.23965 -0.281203
v -0.959131 0.23965 -0.281203
v -0.870805 0.2258 -0.326669
v -0.884792 0.1487 -0.249401
v -0.811148 -0.17519 -0.0486981
v -0.885105 -0.06126 -0.0293371
v -0.849132 -0.03933 -0.191386
v -0.849132 -0.03933 -0.191386
v -0.760845 -0.16013 -0.205015
v -0.811148 -0.17519 -0.0486981
v -0.959171 0.33166 0.385113
v -0.959235 0.47437 0.434655
v -0.959225 0.46778 -0.00302812
v -0.959286 0.63569 0.416513
v -0.959349 0.72096 0.336092
v -0.959225 0.46778 -0.00302812
v -0.886896 0.81472 -0.118253
v -0.959367 0.79101 -0.112188
v -0.95938 0.82007 0.0373969
v -0.95938 0.82007 0.0373969
v -0.889126 0.84132 0.0397109
v -0.886896 0.81472 -0.118253
v -0.891858 0.82714 0.22402
v -0.959365 0.80385 0.212108
v -0.959349 0.72096 0.336092
v -0.959349 0.72096 0.336092
v -0.889028 0.74514 0.361693
v -0.891858 0.82714 0.22402
v -0.661045 0.84898 0.448008
v -0.480691 0.95143 0.508293
v -0.604438 0.98792 0.279375
v -0.604438 0.98792 0.279375
v -0.707995 0.92803 0.258479
v -0.661045 0.84898 0.448008
v -0.389726 0.86489 -0.403787
v -0.415863 0.86819 -0.420938
v -0.518528 1.00344 -0.204057
v -0.518528 1.00344 -0.204057
v -0.499476 1.00077 -0.195634
v -0.389726 0.86489 -0.403787
v -0.208701 1.12872 0.578222
v -0.200353 1.13184 0.561698
v -0.395291 1.13104 0.455398
v -0.395291 1.13104 0.455398
v -0.412339 1.12506 0.469203
v -0.208701 1.12872 0.578222
v -0.522884 1.10752 0.2577
v -0.412339 1.12506 0.469203
v -0.395291 1.13104 0.455398
v -0.395291 1.13104 0.455398
v -0.503892 1.10886 0.24628
v -0.522884 1.10752 0.2577
v -0.415863 0.86819 -0.420938
v -0.389726 0.86489 -0.403787
v -0.283568 0.69306 -0.494147
v -0.283568 0.69306 -0.494147
v -0.300505 0.69436 -0.549614
v -0.415863 0.86819 -0.420938
v -0.117152 0.40704 -0.601838
v -0.141031 0.40249 -0.654294
v -0.197254 0.50847 -0.615269
v -0.197254 0.50847 -0.615269
v -0.177774 0.50914 -0.567102
v -0.117152 0.40704 -0.601838
v -0.628642 0.65805 -0.440966
v -0.689641 0.80791 -0.315204
v -0.57559 0.83671 -0.343827
v -0.57559 0.83671 -0.343827
v -0.471096 0.67046 -0.502851
v -0.628642 0.65805 -0.440966
v -0.643954 0.9629 0.0552359
v -0.632279 0.92717 -0.156369
v -0.721547 0.88952 -0.143966
v -0.721547 0.88952 -0.143966
v -0.729632 0.91941 0.0521849
v -0.643954 0.9629 0.0552359
v -0.661045 0.84898 0.448008
v -0.807822 0.79796 0.408525
v -0.800162 0.71286 0.497209
v -0.800162 0.71286 0.497209
v -0.642049 0.77013 0.553941
v -0.661045 0.84898 0.448008
v -0.585897 0.3948 0.567197
v -0.617537 0.61998 0.60016
v -0.77411 0.56111 0.54185
v -0.77411 0.56111 0.54185
v -0.751665 0.36453 0.503103
v -0.585897 0.3948 0.567197
v -0.602846 -0.18934 0.269871
v -0.408364 -0.18561 0.368237
v -0.448881 -0.00841999 0.36515
v -0.448881 -0.00841999 0.36515
v -0.699813 -0.00939012 0.297558
v -0.602846 -0.18934 0.269871
v -0.56133 1.06165 -0.0138831
v -0.522884 1.10752 0.2577
v -0.503892 1.10886 0.24628
v -0.503892 1.10886 0.24628
v -0.540378 1.05831 -0.0148311
v -0.56133 1.06165 -0.0138831
v -0.707995 0.92803 0.258479
v -0.604438 0.98792 0.279375
v -0.643954 0.9629 0.0552359
v -0.643954 0.9629 0.0552359
v -0.729632 0.91941 0.0521849
v -0.707995 0.92803 0.258479
v -0.889126 0.84132 0.0397109
v -0.95938 0.82007 0.0373969
v -0.959365 0.80385 0.212108
v -0.959365 0.80385 0.212108
v -0.891858 0.82714 0.22402
v -0.889126 0.84132 0.0397109
v -0.959225 0.46778 -0.00302812
v -0.959365 0.80385 0.212108
v -0.95938 0.82007 0.0373969
v -0.300505 0.69436 -0.549614
v -0.283568 0.69306 -0.494147
v -0.177774 0.50914 -0.567102
v -0.177774 0.50914 -0.567102
v -0.197254 0.50847 -0.615269
v -0.300505 0.69436 -0.549614
v -0.376794 0.53727 -0.557008
v -0.471096 0.67046 -0.502851
v -0.300505 0.69436 -0.549614
v -0.300505 0.69436 -0.549614
v -0.197254 0.50847 -0.615269
v -0.376794 0.53727 -0.557008
v -0.584554 0.54848 -0.491031
v -0.628642 0.65805 -0.440966
v -0.471096 0.67046 -0.502851
v -0.471096 0.67046 -0.502851
v -0.376794 0.53727 -0.557008
v -0.584554 0.54848 -0.491031
v -0.959287 0.5866 -0.319975
v -0.876493 0.60873 -0.34305
v -0.870155 0.49971 -0.383764
v -0.870155 0.49971 -0.383764
v -0.959235 0.46844 -0.35771
v -0.959287 0.5866 -0.319975
v -0.959225 0.46778 -0.00302812
v -0.959287 0.5866 -0.319975
v -0.959235 0.46844 -0.35771
v -0.632279 0.92717 -0.156369
v -0.57559 0.83671 -0.343827
v -0.689641 0.80791 -0.315204
v -0.689641 0.80791 -0.315204
v -0.721547 0.88952 -0.143966
v -0.632279 0.92717 -0.156369
v -0.883097 0.73653 -0.256134
v -0.959349 0.70696 -0.240497
v -0.959367 0.79101 -0.112188
v -0.959367 0.79101 -0.112188
v -0.886896 0.81472 -0.118253
v -0.883097 0.73653 -0.256134
v -0.959225 0.46778 -0.00302812
v -0.959367 0.79101 -0.112188
v -0.959349 0.70696 -0.240497
v -0.540378 1.05831 -0.0148311
v -0.499476 1.00077 -0.195634
v -0.518528 1.00344 -0.204057
v -0.518528 1.00344 -0.204057
v -0.56133 1.06165 -0.0138831
v -0.540378 1.05831 -0.0148311
v -0.412339 1.12506 0.469203
v -0.480691 0.95143 0.508293
v -0.234177 0.92495 0.602503
v -0.234177 0.92495 0.602503
v -0.208701 1.12872 0.578222
v -0.412339 1.12506 0.469203
v -0.522884 1.10752 0.2577
v -0.604438 0.98792 0.279375
v -0.480691 0.95143 0.508293
v -0.480691 0.95143 0.508293
v -0.412339 1.12506 0.469203
v -0.522884 1.10752 0.2577
v -0.522884 1.10752 0.2577
v -0.56133 1.06165 -0.0138831
v -0.643954 0.9629 0.0552359
v -0.643954 0.9629 0.0552359
v -0.604438 0.98792 0.279375
v -0.522884 1.10752 0.2577
v -0.56133 1.06165 -0.0138831
v -0.518528 1.00344 -0.204057
v -0.632279 0.92717 -0.156369
v -0.632279 0.92717 -0.156369
v -0.643954 0.9629 0.0552359
v -0.56133 1.06165 -0.0138831
v -0.518528 1.00344 -0.204057
v -0.415863 0.86819 -0.420938
v -0.57559 0.83671 -0.343827
v -0.57559 0.83671 -0.343827
v -0.632279 0.92717 -0.156369
v -0.518528 1.00344 -0.204057
v -0.302623 0.41195 -0.619141
v -0.376794 0.53727 -0.557008
v -0.197254 0.50847 -0.615269
v -0.197254 0.50847 -0.615269
v -0.141031 0.40249 -0.654294
v -0.302623 0.41195 -0.619141
v -0.180146 -0.49674 -0.685055
v -0.19412 -0.42616 -0.730132
v 1.64259e-07 -0.42497 -0.754909
v 1.64259e-07 -0.42497 -0.754909
v 1.50949e-07 -0.49584 -0.707793
v -0.180146 -0.49674 -0.685055
v -0.101473 -0.18291 0.440456
v 0.0 -0.18398 0.424115
v 0.0 -0.00124002 0.427822
v 0.0 -0.00124002 0.427822
v -0.103535 -0.00197005 0.442473
v -0.101473 -0.18291 0.440456
v -0.147514 0.40717 0.607801
v 0.0 0.40786 0.593691
v 0.0 0.66821 0.625868
v 0.0 0.66821 0.625868
v -0.219302 0.66883 0.64969
v -0.147514 0.40717 0.607801
v -0.234177 0.92495 0.602503
v -0.244084 0.8314 0.624983
v 0.0 0.83062 0.62418
v 0.0 0.83062 0.62418
v 0.0 0.92397 0.616723
v -0.234177 0.92495 0.602503
v -0.208701 1.12872 0.578222
v -0.234177 0.92495 0.602503
v 0.0 0.92397 0.616723
v 0.0 0.92397 0.616723
v 0.0 1.13223 0.598047
v -0.208701 1.12872 0.578222
v -0.200353 1.13184 0.561698
v -0.208701 1.12872 0.578222
v 0.0 1.13223 0.598047
v 0.0 1.13223 0.598047
v 0.0 1.1326 0.578915
v -0.200353 1.13184 0.561698
v -0.959235 0.47437 0.434655
v -0.959286 0.63569 0.416513
v -0.959225 0.46778 -0.00302812
v -0.959286 0.63569 0.416513
v -0.959235 0.47437 0.434655
v -0.878461 0.50973 0.475252
v -0.878461 0.50973 0.475252
v -0.885438 0.65664 0.448912
v -0.959286 0.63569 0.416513
v -0.617537 0.61998 0.60016
v -0.642049 0.77013 0.553941
v -0.800162 0.71286 0.497209
v -0.800162 0.71286 0.497209
v -0.77411 0.56111 0.54185
v -0.617537 0.61998 0.60016
v -0.474381 0.80178 0.595321
v -0.642049 0.77013 0.553941
v -0.617537 0.61998 0.60016
v -0.617537 0.61998 0.60016
v -0.451961 0.64935 0.627824
v -0.474381 0.80178 0.595321
v -0.244084 0.8314 0.624983
v -0.474381 0.80178 0.595321
v -0.451961 0.64935 0.627824
v -0.451961 0.64935 0.627824
v -0.219302 0.66883 0.64969
v -0.244084 0.8314 0.624983
v 0.0 0.83062 0.62418
v -0.244084 0.8314 0.624983
v -0.219302 0.66883 0.64969
v -0.219302 0.66883 0.64969
v 0.0 0.66821 0.625868
v 0.0 0.83062 0.62418
v -0.484941 0.26945 -0.57801
v -0.533458 0.4112 -0.530534
v -0.302623 0.41195 -0.619141
v -0.302623 0.41195 -0.619141
v -0.235615 0.29776 -0.653852
v -0.484941 0.26945 -0.57801
v -0.870805 0.2258 -0.326669
v -0.959131 0.23965 -0.281203
v -0.959171 0.34853 -0.338447
v -0.959171 0.34853 -0.338447
v -0.868901 0.34711 -0.377559
v -0.870805 0.2258 -0.326669
v -0.959225 0.46778 -0.00302812
v -0.959171 0.34853 -0.338447
v -0.959131 0.23965 -0.281203
v -0.959389 0.14721 0.130855
v -0.959225 0.46778 -0.00302812
v -0.959038 0.1364 -0.00272311
v -0.869138 0.21213 0.354875
v -0.868253 0.33927 0.431182
v -0.959171 0.33166 0.385113
v -0.959171 0.33166 0.385113
v -0.95974 0.21841 0.326857
v -0.869138 0.21213 0.354875
v -0.585897 0.3948 0.567197
v -0.751665 0.36453 0.503103
v -0.730379 0.19865 0.417101
v -0.730379 0.19865 0.417101
v -0.520941 0.19345 0.474855
v -0.585897 0.3948 0.567197
v -0.384206 0.40641 0.604998
v -0.585897 0.3948 0.567197
v -0.520941 0.19345 0.474855
v -0.520941 0.19345 0.474855
v -0.310634 0.19678 0.520529
v -0.384206 0.40641 0.604998
v -0.147514 0.40717 0.607801
v -0.384206 0.40641 0.604998
v -0.310634 0.19678 0.520529
v -0.310634 0.19678 0.520529
v -0.126442 0.19928 0.533729
v -0.147514 0.40717 0.607801
v 0.0 0.40786 0.593691
v -0.147514 0.40717 0.607801
v -0.126442 0.19928 0.533729
v -0.126442 0.19928 0.533729
v 0.0 0.20042 0.522542
v 0.0 0.40786 0.593691
v -0.0629498 0.3037 -0.637208
v -0.0746448 0.29948 -0.672745
v -0.141031 0.40249 -0.654294
v -0.141031 0.40249 -0.654294
v -0.117152 0.40704 -0.601838
v -0.0629498 0.3037 -0.637208
v -0.141031 0.40249 -0.654294
v -0.0746448 0.29948 -0.672745
v -0.235615 0.29776 -0.653852
v -0.235615 0.29776 -0.653852
v -0.302623 0.41195 -0.619141
v -0.141031 0.40249 -0.654294
v -0.699813 -0.00939012 0.297558
v -0.448881 -0.00841999 0.36515
v -0.520941 0.19345 0.474855
v -0.520941 0.19345 0.474855
v -0.730379 0.19865 0.417101
v -0.699813 -0.00939012 0.297558
v -0.448881 -0.00841999 0.36515
v -0.233299 -0.00519991 0.432227
v -0.310634 0.19678 0.520529
v -0.310634 0.19678 0.520529
v -0.520941 0.19345 0.474855
v -0.448881 -0.00841999 0.36515
v -0.233299 -0.00519991 0.432227
v -0.103535 -0.00197005 0.442473
v -0.126442 0.19928 0.533729
v -0.126442 0.19928 0.533729
v -0.310634 0.19678 0.520529
v -0.233299 -0.00519991 0.432227
v 0.0 0.20042 0.522542
v -0.126442 0.19928 0.533729
v -0.103535 -0.00197005 0.442473
v -0.103535 -0.00197005 0.442473
v 0.0 -0.00124002 0.427822
v 0.0 0.20042 0.522542
v -0.235615 0.29776 -0.653852
v -0.183002 0.14692 -0.67516
v -0.439161 0.10325 -0.5929
v -0.439161 0.10325 -0.5929
v -0.484941 0.26945 -0.57801
v -0.235615 0.29776 -0.653852
v -0.214564 -0.72489 0.4428
v -0.218017 -0.54126 0.438925
v -0.409007 -0.5416 0.390379
v -0.409007 -0.5416 0.390379
v -0.425905 -0.72506 0.389419
v -0.214564 -0.72489 0.4428
v -0.425905 -0.72506 0.389419
v -0.409007 -0.5416 0.390379
v -0.620946 -0.55978 0.289367
v -0.620946 -0.55978 0.289367
v -0.630054 -0.72508 0.294424
v -0.425905 -0.72506 0.389419
v -0.763567 -0.72494 0.09764
v -0.630054 -0.72508 0.294424
v -0.620946 -0.55978 0.289367
v -0.620946 -0.55978 0.289367
v -0.775509 -0.55826 0.0873449
v -0.763567 -0.72494 0.09764
v -0.824752 -0.72472 -0.0829871
v -0.763567 -0.72494 0.09764
v -0.775509 -0.55826 0.0873449
v -0.775509 -0.55826 0.0873449
v -0.826379 -0.55313 -0.0803521
v -0.824752 -0.72472 -0.0829871
v -0.602349 -0.10642 -0.460313
v -0.638112 0.06236 -0.466806
v -0.439161 0.10325 -0.5929
v -0.439161 0.10325 -0.5929
v -0.395654 -0.0740499 -0.601837
v -0.602349 -0.10642 -0.460313
v -0.184751 -0.04743 -0.686766
v -0.395654 -0.0740499 -0.601837
v -0.439161 0.10325 -0.5929
v -0.439161 0.10325 -0.5929
v -0.183002 0.14692 -0.67516
v -0.184751 -0.04743 -0.686766
v -0.824752 -0.72472 -0.0829871
v -0.826379 -0.55313 -0.0803521
v -0.769986 -0.54974 -0.243157
v -0.769986 -0.54974 -0.243157
v -0.769016 -0.72469 -0.272202
v -0.824752 -0.72472 -0.0829871
v -0.769016 -0.72469 -0.272202
v -0.769986 -0.54974 -0.243157
v -0.583655 -0.52988 -0.483866
v -0.583655 -0.52988 -0.483866
v -0.579343 -0.72449 -0.481243
v -0.769016 -0.72469 -0.272202
v -0.391202 -0.72453 -0.583424
v -0.579343 -0.72449 -0.481243
v -0.583655 -0.52988 -0.483866
v -0.583655 -0.52988 -0.483866
v -0.379769 -0.5034 -0.608176
v -0.391202 -0.72453 -0.583424
v -0.183002 0.14692 -0.67516
v -0.235615 0.29776 -0.653852
v -0.0746448 0.29948 -0.672745
v -0.0746448 0.29948 -0.672745
v 2.06535e-07 0.16914 -0.690914
v -0.183002 0.14692 -0.67516
v -0.0746448 0.29948 -0.672745
v -0.0629498 0.3037 -0.637208
v 2.02053e-07 0.19093 -0.648621
v 2.02053e-07 0.19093 -0.648621
v 2.06535e-07 0.16914 -0.690914
v -0.0746448 0.29948 -0.672745
v -0.180146 -0.49674 -0.685055
v 1.50949e-07 -0.49584 -0.707793
v 1.25173e-07 -0.72462 -0.669542
v 1.25173e-07 -0.72462 -0.669542
v -0.1755 -0.72461 -0.647932
v -0.180146 -0.49674 -0.685055
v -0.583655 -0.52988 -0.483866
v -0.62999 -0.46567 -0.511079
v -0.411223 -0.43598 -0.646442
v -0.411223 -0.43598 -0.646442
v -0.379769 -0.5034 -0.608176
v -0.583655 -0.52988 -0.483866
v -0.769986 -0.54974 -0.243157
v -0.830019 -0.48944 -0.249865
v -0.62999 -0.46567 -0.511079
v -0.62999 -0.46567 -0.511079
v -0.583655 -0.52988 -0.483866
v -0.769986 -0.54974 -0.243157
v -0.830019 -0.48944 -0.249865
v -0.769986 -0.54974 -0.243157
v -0.826379 -0.55313 -0.0803521
v -0.826379 -0.55313 -0.0803521
v -0.890684 -0.49384 -0.0744521
v -0.830019 -0.48944 -0.249865
v -0.836581 -0.50004 0.106871
v -0.890684 -0.49384 -0.0744521
v -0.826379 -0.55313 -0.0803521
v -0.826379 -0.55313 -0.0803521
v -0.775509 -0.55826 0.0873449
v -0.836581 -0.50004 0.106871
v -0.775509 -0.55826 0.0873449
v -0.620946 -0.55978 0.289367
v -0.668377 -0.5015 0.322308
v -0.668377 -0.5015 0.322308
v -0.836581 -0.50004 0.106871
v -0.775509 -0.55826 0.0873449
v -0.620946 -0.55978 0.289367
v -0.409007 -0.5416 0.390379
v -0.440112 -0.48131 0.431744
v -0.440112 -0.48131 0.431744
v -0.668377 -0.5015 0.322308
v -0.620946 -0.55978 0.289367
v -0.409007 -0.5416 0.390379
v -0.218017 -0.54126 0.438925
v -0.236081 -0.48153 0.484556
v -0.236081 -0.48153 0.484556
v -0.440112 -0.48131 0.431744
v -0.409007 -0.5416 0.390379
v -0.109788 -0.54052 0.445727
v -0.218017 -0.54126 0.438925
v -0.214564 -0.72489 0.4428
v -0.214564 -0.72489 0.4428
v -0.104898 -0.72487 0.44751
v -0.109788 -0.54052 0.445727
v 0.0 -0.5408 0.446394
v -0.109788 -0.54052 0.445727
v -0.104898 -0.72487 0.44751
v -0.104898 -0.72487 0.44751
v 0.0 -0.72487 0.444362
v 0.0 -0.5408 0.446394
v -0.101473 -0.18291 0.440456
v -0.105419 -0.31836 0.447258
v 0.0 -0.31903 0.437156
v 0.0 -0.31903 0.437156
v 0.0 -0.18398 0.424115
v -0.101473 -0.18291 0.440456
v -0.105419 -0.31836 0.447258
v -0.101473 -0.18291 0.440456
v -0.226235 -0.18308 0.430245
v -0.226235 -0.18308 0.430245
v -0.222111 -0.31853 0.438526
v -0.105419 -0.31836 0.447258
v -0.604986 -0.35456 0.284108
v -0.397552 -0.33259 0.38739
v -0.408364 -0.18561 0.368237
v -0.408364 -0.18561 0.368237
v -0.602846 -0.18934 0.269871
v -0.604986 -0.35456 0.284108
v -0.604986 -0.35456 0.284108
v -0.602846 -0.18934 0.269871
v -0.775214 -0.19079 0.118206
v -0.775214 -0.19079 0.118206
v -0.768189 -0.35433 0.101141
v -0.604986 -0.35456 0.284108
v -0.811148 -0.17519 -0.0486981
v -0.813263 -0.34463 -0.0678641
v -0.768189 -0.35433 0.101141
v -0.768189 -0.35433 0.101141
v -0.775214 -0.19079 0.118206
v -0.811148 -0.17519 -0.0486981
v -0.760845 -0.16013 -0.205015
v -0.75857 -0.33617 -0.227663
v -0.813263 -0.34463 -0.0678641
v -0.813263 -0.34463 -0.0678641
v -0.811148 -0.17519 -0.0486981
v -0.760845 -0.16013 -0.205015
v -0.580701 -0.30039 -0.476747
v -0.75857 -0.33617 -0.227663
v -0.760845 -0.16013 -0.205015
v -0.760845 -0.16013 -0.205015
v -0.602349 -0.10642 -0.460313
v -0.580701 -0.30039 -0.476747
v -0.176982 -0.24171 -0.689924
v -0.386815 -0.26645 -0.608568
v -0.395654 -0.0740499 -0.601837
v -0.395654 -0.0740499 -0.601837
v -0.184751 -0.04743 -0.686766
v -0.176982 -0.24171 -0.689924
v 1.74338e-07 -0.23929 -0.714154
v -0.176982 -0.24171 -0.689924
v -0.184751 -0.04743 -0.686766
v -0.184751 -0.04743 -0.686766
v 1.92271e-07 -0.0307 -0.712151
v 1.74338e-07 -0.23929 -0.714154
v -0.499476 1.00077 -0.195634
v -0.540378 1.05831 -0.0148311
v -0.540378 1.00319 -0.0148311
v -0.540378 1.05831 -0.0148311
v -0.503892 1.10886 0.24628
v -0.503892 1.00595 0.24628
v -0.503892 1.00595 0.24628
v -0.540378 1.00319 -0.0148311
v -0.540378 1.05831 -0.0148311
v -0.395291 1.13104 0.455398
v -0.42301 1.00716 0.481471
v -0.503892 1.00595 0.24628
v -0.503892 1.00595 0.24628
v -0.503892 1.10886 0.24628
v -0.395291 1.13104 0.455398
v -0.395291 1.13104 0.455398
v -0.200353 1.13184 0.561698
v -0.200353 1.0072 0.561698
v -0.200353 1.0072 0.561698
v -0.42301 1.00716 0.481471
v -0.395291 1.13104 0.455398
v 0.0 1.1326 0.578915
v 0.0 1.00724 0.552939
v -0.200353 1.0072 0.561698
v -0.200353 1.0072 0.561698
v -0.200353 1.13184 0.561698
v 0.0 1.1326 0.578915
v -0.117949 -0.48081 0.492184
v -0.236081 -0.48153 0.484556
v -0.218017 -0.54126 0.438925
v -0.218017 -0.54126 0.438925
v -0.109788 -0.54052 0.445727
v -0.117949 -0.48081 0.492184
v 0.0 -0.48117 0.491338
v -0.117949 -0.48081 0.492184
v -0.109788 -0.54052 0.445727
v -0.109788 -0.54052 0.445727
v 0.0 -0.5408 0.446394
v 0.0 -0.48117 0.491338
v -0.959225 0.46778 -0.00302812
v -0.959131 0.23965 -0.281203
v -0.959108 0.19167 -0.190482
v -0.959171 0.33166 0.385113
v -0.959225 0.46778 -0.00302812
v -0.95974 0.21841 0.326857
v -0.386815 -0.26645 -0.608568
v -0.580701 -0.30039 -0.476747
v -0.602349 -0.10642 -0.460313
v -0.602349 -0.10642 -0.460313
v -0.395654 -0.0740499 -0.601837
v -0.386815 -0.26645 -0.608568
v -0.397552 -0.33259 0.38739
v -0.222111 -0.31853 0.438526
v -0.226235 -0.18308 0.430245
v -0.226235 -0.18308 0.430245
v -0.408364 -0.18561 0.368237
v -0.397552 -0.33259 0.38739
v -0.379769 -0.5034 -0.608176
v -0.180146 -0.49674 -0.685055
v -0.1755 -0.72461 -0.647932
v -0.1755 -0.72461 -0.647932
v -0.391202 -0.72453 -0.583424
v -0.379769 -0.5034 -0.608176
v -0.692012 0.22883 -0.481358
v -0.727161 0.38567 -0.465434
v -0.533458 0.4112 -0.530534
v -0.533458 0.4112 -0.530534
v -0.484941 0.26945 -0.57801
v -0.692012 0.22883 -0.481358
v -0.584554 0.54848 -0.491031
v -0.533458 0.4112 -0.530534
v -0.727161 0.38567 -0.465434
v -0.727161 0.38567 -0.465434
v -0.754797 0.5451 -0.431814
v -0.584554 0.54848 -0.491031
v -0.628642 0.65805 -0.440966
v -0.584554 0.54848 -0.491031
v -0.754797 0.5451 -0.431814
v -0.754797 0.5451 -0.431814
v -0.77697 0.64563 -0.382839
v -0.628642 0.65805 -0.440966
v -0.689641 0.80791 -0.315204
v -0.628642 0.65805 -0.440966
v -0.77697 0.64563 -0.382839
v -0.77697 0.64563 -0.382839
v -0.803692 0.77911 -0.286581
v -0.689641 0.80791 -0.315204
v -0.721547 0.88952 -0.143966
v -0.689641 0.80791 -0.315204
v -0.803692 0.77911 -0.286581
v -0.803692 0.77911 -0.286581
v -0.810815 0.85187 -0.131564
v -0.721547 0.88952 -0.143966
v -0.721547 0.88952 -0.143966
v -0.810815 0.85187 -0.131564
v -0.81531 0.87592 0.0460399
v -0.81531 0.87592 0.0460399
v -0.729632 0.91941 0.0521849
v -0.721547 0.88952 -0.143966
v -0.811551 0.86815 0.237583
v -0.707995 0.92803 0.258479
v -0.729632 0.91941 0.0521849
v -0.729632 0.91941 0.0521849
v -0.81531 0.87592 0.0460399
v -0.811551 0.86815 0.237583
v -0.707995 0.92803 0.258479
v -0.811551 0.86815 0.237583
v -0.807822 0.79796 0.408525
v -0.807822 0.79796 0.408525
v -0.661045 0.84898 0.448008
v -0.707995 0.92803 0.258479
v -0.873479 0.75135 -0.282217
v -0.803692 0.77911 -0.286581
v -0.77697 0.64563 -0.382839
v -0.77697 0.64563 -0.382839
v -0.866133 0.61217 -0.376919
v -0.873479 0.75135 -0.282217
v -0.866133 0.61217 -0.376919
v -0.77697 0.64563 -0.382839
v -0.754797 0.5451 -0.431814
v -0.754797 0.5451 -0.431814
v -0.859693 0.49566 -0.420933
v -0.866133 0.61217 -0.376919
v -0.859693 0.49566 -0.420933
v -0.754797 0.5451 -0.431814
v -0.727161 0.38567 -0.465434
v -0.727161 0.38567 -0.465434
v -0.859172 0.33065 -0.41684
v -0.859693 0.49566 -0.420933
v -0.692012 0.22883 -0.481358
v -0.862288 0.19662 -0.364809
v -0.859172 0.33065 -0.41684
v -0.859172 0.33065 -0.41684
v -0.727161 0.38567 -0.465434
v -0.692012 0.22883 -0.481358
v -0.638112 0.06236 -0.466806
v -0.87797 0.10691 -0.280589
v -0.862288 0.19662 -0.364809
v -0.862288 0.19662 -0.364809
v -0.692012 0.22883 -0.481358
v -0.638112 0.06236 -0.466806
v -0.900098 0.0415499 -0.18196
v -0.849132 -0.03933 -0.191386
v -0.885105 -0.06126 -0.0293371
v -0.885105 -0.06126 -0.0293371
v -0.922918 0.0131299 -0.0192341
v -0.900098 0.0415499 -0.18196
v -0.922918 0.0131299 -0.0192341
v -0.885105 -0.06126 -0.0293371
v -0.840603 -0.0562501 0.134971
v -0.840603 -0.0562501 0.134971
v -0.91593 0.03601 0.153682
v -0.922918 0.0131299 -0.0192341
v -0.730379 0.19865 0.417101
v -0.857885 0.18035 0.382931
v -0.863808 0.10117 0.279808
v -0.863808 0.10117 0.279808
v -0.699813 -0.00939012 0.297558
v -0.730379 0.19865 0.417101
v -0.730379 0.19865 0.417101
v -0.751665 0.36453 0.503103
v -0.858047 0.32097 0.467323
v -0.858047 0.32097 0.467323
v -0.857885 0.18035 0.382931
v -0.730379 0.19865 0.417101
v -0.869626 0.50715 0.514424
v -0.858047 0.32097 0.467323
v -0.751665 0.36453 0.503103
v -0.751665 0.36453 0.503103
v -0.77411 0.56111 0.54185
v -0.869626 0.50715 0.514424
v -0.876963 0.66596 0.485278
v -0.869626 0.50715 0.514424
v -0.77411 0.56111 0.54185
v -0.77411 0.56111 0.54185
v -0.800162 0.71286 0.497209
v -0.876963 0.66596 0.485278
v -0.880609 0.76151 0.390448
v -0.876963 0.66596 0.485278
v -0.800162 0.71286 0.497209
v -0.800162 0.71286 0.497209
v -0.807822 0.79796 0.408525
v -0.880609 0.76151 0.390448
v -0.882536 0.84843 0.238509
v -0.880609 0.76151 0.390448
v -0.807822 0.79796 0.408525
v -0.807822 0.79796 0.408525
v -0.811551 0.86815 0.237583
v -0.882536 0.84843 0.238509
v -0.81531 0.87592 0.0460399
v -0.879471 0.86317 0.0384729
v -0.882536 0.84843 0.238509
v -0.882536 0.84843 0.238509
v -0.811551 0.86815 0.237583
v -0.81531 0.87592 0.0460399
v -0.810815 0.85187 -0.131564
v -0.877153 0.83487 -0.132116
v -0.879471 0.86317 0.0384729
v -0.879471 0.86317 0.0384729
v -0.81531 0.87592 0.0460399
v -0.810815 0.85187 -0.131564
v -0.803692 0.77911 -0.286581
v -0.873479 0.75135 -0.282217
v -0.877153 0.83487 -0.132116
v -0.877153 0.83487 -0.132116
v -0.810815 0.85187 -0.131564
v -0.803692 0.77911 -0.286581
v -0.87797 0.10691 -0.280589
v -0.638112 0.06236 -0.466806
v -0.849132 -0.03933 -0.191386
v -0.849132 -0.03933 -0.191386
v -0.900098 0.0415499 -0.18196
v -0.87797 0.10691 -0.280589
v -0.863808 0.10117 0.279808
v -0.91593 0.03601 0.153682
v -0.840603 -0.0562501 0.134971
v -0.840603 -0.0562501 0.134971
v -0.699813 -0.00939012 0.297558
v -0.863808 0.10117 0.279808
v -0.959564 0.17066 0.248275
v -0.959389 0.14721 0.130855
v -0.918101 0.0881901 0.143667
v -0.918101 0.0881901 0.143667
v -0.874515 0.14194 0.261195
v -0.959564 0.17066 0.248275
v -0.959085 0.16356 -0.127896
v -0.903598 0.09249 -0.160837
v -0.923262 0.06796 -0.0127101
v -0.923262 0.06796 -0.0127101
v -0.959038 0.1364 -0.00272311
v -0.959085 0.16356 -0.127896
v -0.903598 0.09249 -0.160837
v -0.959085 0.16356 -0.127896
v -0.959108 0.19167 -0.190482
v -0.959108 0.19167 -0.190482
v -0.884792 0.1487 -0.249401
v -0.903598 0.09249 -0.160837
v -0.959225 0.46778 -0.00302812
v -0.959108 0.19167 -0.190482
v -0.959085 0.16356 -0.127896
v -0.95974 0.21841 0.326857
v -0.959564 0.17066 0.248275
v -0.874515 0.14194 0.261195
v -0.874515 0.14194 0.261195
v -0.869138 0.21213 0.354875
v -0.95974 0.21841 0.326857
v -0.95974 0.21841 0.326857
v -0.959225 0.46778 -0.00302812
v -0.959564 0.17066 0.248275
v -0.884792 0.1487 -0.249401
v -0.870805 0.2258 -0.326669
v -0.862288 0.19662 -0.364809
v -0.862288 0.19662 -0.364809
v -0.87797 0.10691 -0.280589
v -0.884792 0.1487 -0.249401
v -0.903598 0.09249 -0.160837
v -0.884792 0.1487 -0.249401
v -0.87797 0.10691 -0.280589
v -0.87797 0.10691 -0.280589
v -0.900098 0.0415499 -0.18196
v -0.903598 0.09249 -0.160837
v -0.903598 0.09249 -0.160837
v -0.900098 0.0415499 -0.18196
v -0.922918 0.0131299 -0.0192341
v -0.922918 0.0131299 -0.0192341
v -0.923262 0.06796 -0.0127101
v -0.903598 0.09249 -0.160837
v -0.923262 0.06796 -0.0127101
v -0.922918 0.0131299 -0.0192341
v -0.91593 0.03601 0.153682
v -0.91593 0.03601 0.153682
v -0.918101 0.0881901 0.143667
v -0.923262 0.06796 -0.0127101
v -0.918101 0.0881901 0.143667
v -0.91593 0.03601 0.153682
v -0.863808 0.10117 0.279808
v -0.863808 0.10117 0.279808
v -0.874515 0.14194 0.261195
v -0.918101 0.0881901 0.143667
v -0.874515 0.14194 0.261195
v -0.863808 0.10117 0.279808
v -0.857885 0.18035 0.382931
v -0.857885 0.18035 0.382931
v -0.869138 0.21213 0.354875
v -0.874515 0.14194 0.261195
v -0.858047 0.32097 0.467323
v -0.868253 0.33927 0.431182
v -0.869138 0.21213 0.354875
v -0.869138 0.21213 0.354875
v -0.857885 0.18035 0.382931
v -0.858047 0.32097 0.467323
v -0.869626 0.50715 0.514424
v -0.878461 0.50973 0.475252
v -0.868253 0.33927 0.431182
v -0.868253 0.33927 0.431182
v -0.858047 0.32097 0.467323
v -0.869626 0.50715 0.514424
v -0.876963 0.66596 0.485278
v -0.885438 0.65664 0.448912
v -0.878461 0.50973 0.475252
v -0.878461 0.50973 0.475252
v -0.869626 0.50715 0.514424
v -0.876963 0.66596 0.485278
v -0.880609 0.76151 0.390448
v -0.889028 0.74514 0.361693
v -0.885438 0.65664 0.448912
v -0.885438 0.65664 0.448912
v -0.876963 0.66596 0.485278
v -0.880609 0.76151 0.390448
v -0.882536 0.84843 0.238509
v -0.891858 0.82714 0.22402
v -0.889028 0.74514 0.361693
v -0.889028 0.74514 0.361693
v -0.880609 0.76151 0.390448
v -0.882536 0.84843 0.238509
v -0.879471 0.86317 0.0384729
v -0.889126 0.84132 0.0397109
v -0.891858 0.82714 0.22402
v -0.891858 0.82714 0.22402
v -0.882536 0.84843 0.238509
v -0.879471 0.86317 0.0384729
v -0.886896 0.81472 -0.118253
v -0.889126 0.84132 0.0397109
v -0.879471 0.86317 0.0384729
v -0.879471 0.86317 0.0384729
v -0.877153 0.83487 -0.132116
v -0.886896 0.81472 -0.118253
v -0.877153 0.83487 -0.132116
v -0.873479 0.75135 -0.282217
v -0.883097 0.73653 -0.256134
v -0.883097 0.73653 -0.256134
v -0.886896 0.81472 -0.118253
v -0.877153 0.83487 -0.132116
v -0.876493 0.60873 -0.34305
v -0.883097 0.73653 -0.256134
v -0.873479 0.75135 -0.282217
v -0.873479 0.75135 -0.282217
v -0.866133 0.61217 -0.376919
v -0.876493 0.60873 -0.34305
v -0.870155 0.49971 -0.383764
v -0.876493 0.60873 -0.34305
v -0.866133 0.61217 -0.376919
v -0.866133 0.61217 -0.376919
v -0.859693 0.49566 -0.420933
v -0.870155 0.49971 -0.383764
v -0.868901 0.34711 -0.377559
v -0.870155 0.49971 -0.383764
v -0.859693 0.49566 -0.420933
v -0.859693 0.49566 -0.420933
v -0.859172 0.33065 -0.41684
v -0.868901 0.34711 -0.377559
v -0.859172 0.33065 -0.41684
v -0.862288 0.19662 -0.364809
v -0.870805 0.2258 -0.326669
v -0.870805 0.2258 -0.326669
v -0.868901 0.34711 -0.377559
v -0.859172 0.33065 -0.41684
v -0.959225 0.46778 -0.00302812
v -0.959085 0.16356 -0.127896
v -0.959038 0.1364 -0.00272311
v -0.959564 0.17066 0.248275
v -0.959225 0.46778 -0.00302812
v -0.959389 0.14721 0.130855
v -0.959225 0.46778 -0.00302812
v -0.959349 0.70696 -0.240497
v -0.959287 0.5866 -0.319975
v -0.959225 0.46778 -0.00302812
v -0.959349 0.72096 0.336092
v -0.959365 0.80385 0.212108
v -0.105419 -0.31836 0.447258
v -0.117949 -0.48081 0.492184
v 0.0 -0.48117 0.491338
v 0.0 -0.48117 0.491338
v 0.0 -0.31903 0.437156
v -0.105419 -0.31836 0.447258
v -0.222111 -0.31853 0.438526
v -0.236081 -0.48153 0.484556
v -0.117949 -0.48081 0.492184
v -0.117949 -0.48081 0.492184
v -0.105419 -0.31836 0.447258
v -0.222111 -0.31853 0.438526
v -0.397552 -0.33259 0.38739
v -0.440112 -0.48131 0.431744
v -0.236081 -0.48153 0.484556
v -0.236081 -0.48153 0.484556
v -0.222111 -0.31853 0.438526
v -0.397552 -0.33259 0.38739
v -0.440112 -0.48131 0.431744
v -0.397552 -0.33259 0.38739
v -0.604986 -0.35456 0.284108
v -0.604986 -0.35456 0.284108
v -0.668377 -0.5015 0.322308
v -0.440112 -0.48131 0.431744
v -0.668377 -0.5015 0.322308
v -0.604986 -0.35456 0.284108
v -0.768189 -0.35433 0.101141
v -0.768189 -0.35433 0.101141
v -0.836581 -0.50004 0.106871
v -0.668377 -0.5015 0.322308
v -0.813263 -0.34463 -0.0678641
v -0.890684 -0.49384 -0.0744521
v -0.836581 -0.50004 0.106871
v -0.836581 -0.50004 0.106871
v -0.768189 -0.35433 0.101141
v -0.813263 -0.34463 -0.0678641
v -0.813263 -0.34463 -0.0678641
v -0.75857 -0.33617 -0.227663
v -0.830019 -0.48944 -0.249865
v -0.830019 -0.48944 -0.249865
v -0.890684 -0.49384 -0.0744521
v -0.813263 -0.34463 -0.0678641
v -0.62999 -0.46567 -0.511079
v -0.830019 -0.48944 -0.249865
v -0.75857 -0.33617 -0.227663
v -0.75857 -0.33617 -0.227663
v -0.580701 -0.30039 -0.476747
v -0.62999 -0.46567 -0.511079
v -0.411223 -0.43598 -0.646442
v -0.62999 -0.46567 -0.511079
v -0.580701 -0.30039 -0.476747
v -0.580701 -0.30039 -0.476747
v -0.386815 -0.26645 -0.608568
v -0.411223 -0.43598 -0.646442
v -0.386815 -0.26645 -0.608568
v -0.176982 -0.24171 -0.689924
v -0.19412 -0.42616 -0.730132
v -0.19412 -0.42616 -0.730132
v -0.411223 -0.43598 -0.646442
v -0.386815 -0.26645 -0.608568
v 1.64259e-07 -0.42497 -0.754909
v -0.19412 -0.42616 -0.730132
v -0.176982 -0.24171 -0.689924
v -0.176982 -0.24171 -0.689924
v 1.74338e-07 -0.23929 -0.714154
v 1.64259e-07 -0.42497 -0.754909
v 0.795665 0.339707 -0.464526
v 0.784122 0.603594 -0.464696
v 0.812018 0.602181 -0.370663
v 0.812018 0.602181 -0.370663
v 0.824727 0.314655 -0.374249
v 0.795665 0.339707 -0.464526
v 0.784122 0.603594 -0.464696
v 0.542143 0.773206 -0.499117
v 0.557262 0.79202 -0.40404
v 0.557262 0.79202 -0.40404
v 0.812018 0.602181 -0.370663
v 0.784122 0.603594 -0.464696
v 0.542143 0.773206 -0.499117
v 0.387383 0.715444 -0.516257
v 0.381534 0.745683 -0.42312
v 0.381534 0.745683 -0.42312
v 0.557262 0.79202 -0.40404
v 0.542143 0.773206 -0.499117
v 0.387383 0.715444 -0.516257
v 0.255376 0.65079 -0.56332
v 0.224407 0.682689 -0.487261
v 0.224407 0.682689 -0.487261
v 0.381534 0.745683 -0.42312
v 0.387383 0.715444 -0.516257
v 0.115641 0.554317 -0.627176
v 0.0685292 0.391439 -0.678915
v 0.00858221 0.388297 -0.601337
v 0.00858221 0.388297 -0.601337
v 0.0720192 0.565761 -0.53421
v 0.115641 0.554317 -0.627176
v 0.00858221 0.388297 -0.601337
v 0.0685292 0.391439 -0.678915
v 0.0463652 0.267534 -0.709632
v 0.0463652 0.267534 -0.709632
v -0.0107368 0.238495 -0.622351
v 0.00858221 0.388297 -0.601337
v -0.0107368 0.238495 -0.622351
v 0.0463652 0.267534 -0.709632
v 0.108051 0.168078 -0.704755
v 0.108051 0.168078 -0.704755
v 0.0620482 0.121071 -0.631975
v -0.0107368 0.238495 -0.622351
v 0.0620482 0.121071 -0.631975
v 0.108051 0.168078 -0.704755
v 0.287475 0.05779 -0.643733
v 0.287475 0.05779 -0.643733
v 0.26244 -0.000619888 -0.56901
v 0.0620482 0.121071 -0.631975
v 0.26244 -0.000619888 -0.56901
v 0.287475 0.05779 -0.643733
v 0.532107 0.027844 -0.567908
v 0.532107 0.027844 -0.567908
v 0.530609 -0.030102 -0.488777
v 0.26244 -0.000619888 -0.56901
v 0.662924 0.0627561 -0.478223
v 0.795665 0.339707 -0.464526
v 0.824727 0.314655 -0.374249
v 0.824727 0.314655 -0.374249
v 0.681125 -0.0163779 -0.375027
v 0.662924 0.0627561 -0.478223
v 0.752748 0.579475 -0.425108
v 0.3089 0.420077 -0.574033
v 0.763763 0.330283 -0.428216
v 0.531959 0.743991 -0.454036
v 0.3089 0.420077 -0.574033
v 0.752748 0.579475 -0.425108
v 0.379662 0.703834 -0.470572
v 0.3089 0.420077 -0.574033
v 0.531959 0.743991 -0.454036
v 0.243486 0.649237 -0.526161
v 0.3089 0.420077 -0.574033
v 0.379662 0.703834 -0.470572
v 0.3089 0.420077 -0.574033
v 0.243486 0.649237 -0.526161
v 0.111415 0.547901 -0.56685
v 0.111415 0.547901 -0.56685
v 0.0564382 0.394096 -0.625027
v 0.3089 0.420077 -0.574033
v 0.0396932 0.264272 -0.643239
v 0.3089 0.420077 -0.574033
v 0.0564382 0.394096 -0.625027
v 0.102774 0.162498 -0.651581
v 0.3089 0.420077 -0.574033
v 0.0396932 0.264272 -0.643239
v 0.276448 0.0570419 -0.597009
v 0.3089 0.420077 -0.574033
v 0.102774 0.162498 -0.651581
v 0.508861 0.031491 -0.527474
v 0.3089 0.420077 -0.574033
v 0.276448 0.0570419 -0.597009
v 0.763763 0.330283 -0.428216
v 0.3089 0.420077 -0.574033
v 0.508861 0.031491 -0.527474
v 0.508861 0.031491 -0.527474
v 0.639307 0.0433841 -0.428891
v 0.763763 0.330283 -0.428216
v 0.738576 0.351994 -0.506456
v 0.450486 0.367273 -0.671335
v 0.728572 0.580694 -0.506604
v 0.728572 0.580694 -0.506604
v 0.450486 0.367273 -0.671335
v 0.518856 0.727689 -0.536436
v 0.518856 0.727689 -0.536436
v 0.450486 0.367273 -0.671335
v 0.390017 0.680806 -0.568427
v 0.390017 0.680806 -0.568427
v 0.450486 0.367273 -0.671335
v 0.268955 0.623443 -0.603057
v 0.450486 0.367273 -0.671335
v 0.149057 0.538207 -0.648737
v 0.268955 0.623443 -0.603057
v 0.108391 0.396823 -0.692262
v 0.450486 0.367273 -0.671335
v 0.0889582 0.289749 -0.720674
v 0.0889582 0.289749 -0.720674
v 0.450486 0.367273 -0.671335
v 0.142644 0.203238 -0.714657
v 0.142644 0.203238 -0.714657
v 0.450486 0.367273 -0.671335
v 0.298145 0.107663 -0.661769
v 0.298145 0.107663 -0.661769
v 0.450486 0.367273 -0.671335
v 0.51016 0.081701 -0.596055
v 0.450486 0.367273 -0.671335
v 0.623534 0.111965 -0.518328
v 0.51016 0.081701 -0.596055
v 0.662924 0.0627561 -0.478223
v 0.681125 -0.0163779 -0.375027
v 0.530609 -0.030102 -0.488777
v 0.530609 -0.030102 -0.488777
v 0.532107 0.027844 -0.567908
v 0.662924 0.0627561 -0.478223
v 0.450486 0.367273 -0.671335
v 0.738576 0.351994 -0.506456
v 0.623534 0.111965 -0.518328
v 0.255376 0.65079 -0.56332
v 0.115641 0.554317 -0.627176
v 0.0720192 0.565761 -0.53421
v 0.0720192 0.565761 -0.53421
v 0.224407 0.682689 -0.487261
v 0.255376 0.65079 -0.56332
v 0.450486 0.367273 -0.671335
v 0.108391 0.396823 -0.692262
v 0.149057 0.538207 -0.648737
v 0.752748 0.579475 -0.425108
v 0.763763 0.330283 -0.428216
v 0.824727 0.314655 -0.374249
v 0.824727 0.314655 -0.374249
v 0.812018 0.602181 -0.370663
v 0.752748 0.579475 -0.425108
v 0.557262 0.79202 -0.40404
v 0.531959 0.743991 -0.454036
v 0.752748 0.579475 -0.425108
v 0.752748 0.579475 -0.425108
v 0.812018 0.602181 -0.370663
v 0.557262 0.79202 -0.40404
v 0.381534 0.745683 -0.42312
v 0.379662 0.703834 -0.470572
v 0.531959 0.743991 -0.454036
v 0.531959 0.743991 -0.454036
v 0.557262 0.79202 -0.40404
v 0.381534 0.745683 -0.42312
v 0.224407 0.682689 -0.487261
v 0.243486 0.649237 -0.526161
v 0.379662 0.703834 -0.470572
v 0.379662 0.703834 -0.470572
v 0.381534 0.745683 -0.42312
v 0.224407 0.682689 -0.487261
v 0.00858221 0.388297 -0.601337
v 0.0564382 0.394096 -0.625027
v 0.111415 0.547901 -0.56685
v 0.111415 0.547901 -0.56685
v 0.0720192 0.565761 -0.53421
v 0.00858221 0.388297 -0.601337
v 0.0720192 0.565761 -0.53421
v 0.111415 0.547901 -0.56685
v 0.243486 0.649237 -0.526161
v 0.243486 0.649237 -0.526161
v 0.224407 0.682689 -0.487261
v 0.0720192 0.565761 -0.53421
v 0.0396932 0.264272 -0.643239
v 0.0564382 0.394096 -0.625027
v 0.00858221 0.388297 -0.601337
v 0.00858221 0.388297 -0.601337
v -0.0107368 0.238495 -0.622351
v 0.0396932 0.264272 -0.643239
v 0.102774 0.162498 -0.651581
v 0.0396932 0.264272 -0.643239
v -0.0107368 0.238495 -0.622351
v -0.0107368 0.238495 -0.622351
v 0.0620482 0.121071 -0.631975
v 0.102774 0.162498 -0.651581
v 0.276448 0.0570419 -0.597009
v 0.102774 0.162498 -0.651581
v 0.0620482 0.121071 -0.631975
v 0.0620482 0.121071 -0.631975
v 0.26244 -0.000619888 -0.56901
v 0.276448 0.0570419 -0.597009
v 0.508861 0.031491 -0.527474
v 0.276448 0.0570419 -0.597009
v 0.26244 -0.000619888 -0.56901
v 0.26244 -0.000619888 -0.56901
v 0.530609 -0.030102 -0.488777
v 0.508861 0.031491 -0.527474
v 0.824727 0.314655 -0.374249
v 0.763763 0.330283 -0.428216
v 0.639307 0.0433841 -0.428891
v 0.639307 0.0433841 -0.428891
v 0.681125 -0.0163779 -0.375027
v 0.824727 0.314655 -0.374249
v 0.639307 0.0433841 -0.428891
v 0.508861 0.031491 -0.527474
v 0.530609 -0.030102 -0.488777
v 0.530609 -0.030102 -0.488777
v 0.681125 -0.0163779 -0.375027
v 0.639307 0.0433841 -0.428891
v 0.795665 0.339707 -0.464526
v 0.738576 0.351994 -0.506456
v 0.728572 0.580694 -0.506604
v 0.728572 0.580694 -0.506604
v 0.784122 0.603594 -0.464696
v 0.795665 0.339707 -0.464526
v 0.728572 0.580694 -0.506604
v 0.518856 0.727689 -0.536436
v 0.542143 0.773206 -0.499117
v 0.542143 0.773206 -0.499117
v 0.784122 0.603594 -0.464696
v 0.728572 0.580694 -0.506604
v 0.518856 0.727689 -0.536436
v 0.390017 0.680806 -0.568427
v 0.387383 0.715444 -0.516257
v 0.387383 0.715444 -0.516257
v 0.542143 0.773206 -0.499117
v 0.518856 0.727689 -0.536436
v 0.390017 0.680806 -0.568427
v 0.268955 0.623443 -0.603057
v 0.255376 0.65079 -0.56332
v 0.255376 0.65079 -0.56332
v 0.387383 0.715444 -0.516257
v 0.390017 0.680806 -0.568427
v 0.268955 0.623443 -0.603057
v 0.149057 0.538207 -0.648737
v 0.115641 0.554317 -0.627176
v 0.115641 0.554317 -0.627176
v 0.255376 0.65079 -0.56332
v 0.268955 0.623443 -0.603057
v 0.0685292 0.391439 -0.678915
v 0.108391 0.396823 -0.692262
v 0.0889582 0.289749 -0.720674
v 0.0889582 0.289749 -0.720674
v 0.0463652 0.267534 -0.709632
v 0.0685292 0.391439 -0.678915
v 0.0463652 0.267534 -0.709632
v 0.0889582 0.289749 -0.720674
v 0.142644 0.203238 -0.714657
v 0.142644 0.203238 -0.714657
v 0.108051 0.168078 -0.704755
v 0.0463652 0.267534 -0.709632
v 0.108051 0.168078 -0.704755
v 0.142644 0.203238 -0.714657
v 0.298145 0.107663 -0.661769
v 0.298145 0.107663 -0.661769
v 0.287475 0.05779 -0.643733
v 0.108051 0.168078 -0.704755
v 0.287475 0.05779 -0.643733
v 0.298145 0.107663 -0.661769
v 0.51016 0.081701 -0.596055
v 0.51016 0.081701 -0.596055
v 0.532107 0.027844 -0.567908
v 0.287475 0.05779 -0.643733
v 0.532107 0.027844 -0.567908
v 0.51016 0.081701 -0.596055
v 0.623534 0.111965 -0.518328
v 0.623534 0.111965 -0.518328
v 0.662924 0.0627561 -0.478223
v 0.532107 0.027844 -0.567908
v 0.623534 0.111965 -0.518328
v 0.738576 0.351994 -0.506456
v 0.795665 0.339707 -0.464526
v 0.795665 0.339707 -0.464526
v 0.662924 0.0627561 -0.478223
v 0.623534 0.111965 -0.518328
v 0.149057 0.538207 -0.648737
v 0.108391 0.396823 -0.692262
v 0.0685292 0.391439 -0.678915
v 0.0685292 0.391439 -0.678915
v 0.115641 0.554317 -0.627176
v 0.149057 0.538207 -0.648737
v 0.400573 0.334021 0.630948
v 0.635817 0.591771 0.624062
v 0.379927 0.616265 0.686695
v 0.379927 0.616265 0.686695
v 0.128257 0.342683 0.666837
v 0.400573 0.334021 0.630948
v 0.671697 0.951118 0.30651
v 0.616336 0.880994 0.547092
v 0.835718 0.819257 0.474838
v 0.835718 0.819257 0.474838
v 0.879057 0.882064 0.216607
v 0.671697 0.951118 0.30651
v -0.702168 -0.732848 0.294545
v -0.557763 -0.63626 0.387612
v -0.720595 -0.513527 0.340468
v -0.720595 -0.513527 0.340468
v -0.557763 -0.63626 0.387612
v -0.54809 -0.341849 0.422743
v -0.54809 -0.341849 0.422743
v -0.557763 -0.63626 0.387612
v -0.467369 -0.525322 0.48138
v -0.702168 -0.732848 0.294545
v -0.720595 -0.513527 0.340468
v -0.817168 -0.689717 0.147172
v -0.817168 -0.689717 0.147172
v -0.817161 -0.711531 0.148258
v -0.702168 -0.732848 0.294545
v -0.766542 -0.711658 -0.28349
v -0.791901 -0.711584 -0.197132
v -0.76653 -0.690204 -0.282327
v -0.688197 -0.753678 -0.453063
v -0.766542 -0.711658 -0.28349
v -0.76653 -0.690204 -0.282327
v -0.76653 -0.690204 -0.282327
v -0.686979 -0.509524 -0.490301
v -0.688197 -0.753678 -0.453063
v -0.00905999 -0.095938 0.480932
v 0.400573 0.334021 0.630948
v 0.128257 0.342683 0.666837
v 0.128257 0.342683 0.666837
v -0.290728 -0.094497 0.469859
v -0.00905999 -0.095938 0.480932
v -0.174454 -0.258519 0.454316
v -0.00905999 -0.095938 0.480932
v -0.290728 -0.094497 0.469859
v -0.290728 -0.094497 0.469859
v -0.45855 -0.258583 0.411967
v -0.174454 -0.258519 0.454316
v -0.842895 -0.711658 0.0616479
v -0.817161 -0.711531 0.148258
v -0.817168 -0.689717 0.147172
v 0.32738 0.258384 -0.585652
v 0.0521542 0.267416 -0.676854
v 0.318768 0.554875 -0.585971
v 0.318768 0.554875 -0.585971
v 0.582608 0.536314 -0.510865
v 0.32738 0.258384 -0.585652
v 0.635817 0.591771 0.624062
v 0.835718 0.819257 0.474838
v 0.616336 0.880994 0.547092
v 0.616336 0.880994 0.547092
v 0.379927 0.616265 0.686695
v 0.635817 0.591771 0.624062
v 0.466831 0.715154 -0.503285
v 0.725127 0.689149 -0.394998
v 0.582608 0.536314 -0.510865
v 0.582608 0.536314 -0.510865
v 0.318768 0.554875 -0.585971
v 0.466831 0.715154 -0.503285
v 0.832126 0.815752 -0.359041
v 0.610402 0.875064 -0.4733
v 0.654881 0.934249 -0.246826
v 0.654881 0.934249 -0.246826
v 0.878832 0.877616 -0.180681
v 0.832126 0.815752 -0.359041
v 0.690464 0.972869 0.00300611
v 0.671697 0.951118 0.30651
v 0.879057 0.882064 0.216607
v 0.879057 0.882064 0.216607
v 0.890323 0.890874 0.00501514
v 0.690464 0.972869 0.00300611
v 0.690464 0.972869 0.00300611
v 0.890323 0.890874 0.00501514
v 0.878832 0.877616 -0.180681
v 0.878832 0.877616 -0.180681
v 0.654881 0.934249 -0.246826
v 0.690464 0.972869 0.00300611
v 0.610402 0.875064 -0.4733
v 0.832126 0.815752 -0.359041
v 0.725127 0.689149 -0.394998
v 0.725127 0.689149 -0.394998
v 0.466831 0.715154 -0.503285
v 0.610402 0.875064 -0.4733
v -0.160876 0.0493939 -0.772678
v -0.0416598 0.16966 -0.799396
v 0.114847 0.0368879 -0.733717
v 0.114847 0.0368879 -0.733717
v -0.163516 -0.242582 -0.745468
v -0.160876 0.0493939 -0.772678
v -0.163516 -0.242582 -0.745468
v -0.477686 -0.272413 -0.653348
v -0.160876 0.0493939 -0.772678
v -0.45855 -0.258583 0.411967
v -0.54809 -0.341849 0.422743
v -0.467369 -0.525322 0.48138
v -0.467369 -0.525322 0.48138
v -0.174454 -0.258519 0.454316
v -0.45855 -0.258583 0.411967
v -0.688197 -0.753678 -0.453063
v -0.686979 -0.509524 -0.490301
v -0.588433 -0.77905 -0.530437
v -0.686979 -0.509524 -0.490301
v -0.477686 -0.272413 -0.653348
v -0.588433 -0.77905 -0.530437
v -0.588433 -0.77905 -0.530437
v -0.477686 -0.272413 -0.653348
v -0.484591 -0.630267 -0.610874
v -0.484591 -0.630267 -0.610874
v -0.477686 -0.272413 -0.653348
v -0.163516 -0.242582 -0.745468
v 0.128257 0.342683 0.666837
v 0.379927 0.616265 0.686695
v 0.371751 0.615185 0.647005
v 0.371751 0.615185 0.647005
v 0.124842 0.354586 0.628197
v 0.128257 0.342683 0.666837
v 0.635817 0.591771 0.624062
v 0.400573 0.334021 0.630948
v 0.397158 0.345924 0.592307
v 0.397158 0.345924 0.592307
v 0.627641 0.590691 0.584371
v 0.635817 0.591771 0.624062
v 0.823411 0.798596 0.449032
v 0.865228 0.848092 0.208467
v 0.879057 0.882064 0.216607
v 0.879057 0.882064 0.216607
v 0.835718 0.819257 0.474838
v 0.823411 0.798596 0.449032
v 0.604027 0.860334 0.521284
v 0.616336 0.880994 0.547092
v 0.671697 0.951118 0.30651
v 0.671697 0.951118 0.30651
v 0.657869 0.917157 0.298371
v 0.604027 0.860334 0.521284
v -0.720595 -0.513527 0.340468
v -0.54809 -0.341849 0.422743
v -0.536275 -0.343173 0.383857
v -0.536275 -0.343173 0.383857
v -0.698787 -0.514692 0.275124
v -0.720595 -0.513527 0.340468
v -0.455554 -0.526645 0.395517
v -0.467369 -0.525322 0.48138
v -0.557763 -0.63626 0.387612
v -0.557763 -0.63626 0.387612
v -0.513278 -0.712156 0.320108
v -0.455554 -0.526645 0.395517
v -0.513278 -0.712156 0.320108
v -0.557763 -0.63626 0.387612
v -0.702168 -0.732848 0.294545
v -0.702168 -0.732848 0.294545
v -0.68036 -0.734013 0.261141
v -0.513278 -0.712156 0.320108
v -0.817168 -0.689717 0.147172
v -0.720595 -0.513527 0.340468
v -0.698787 -0.514692 0.275124
v -0.698787 -0.514692 0.275124
v -0.786117 -0.69031 0.126244
v -0.817168 -0.689717 0.147172
v -0.68036 -0.734013 0.261141
v -0.702168 -0.732848 0.294545
v -0.817161 -0.711531 0.148258
v -0.817161 -0.711531 0.148258
v -0.78611 -0.712124 0.12733
v -0.68036 -0.734013 0.261141
v -0.735426 -0.69067 -0.261503
v -0.76653 -0.690204 -0.282327
v -0.791901 -0.711584 -0.197132
v -0.791901 -0.711584 -0.197132
v -0.755752 -0.712124 -0.185513
v -0.735426 -0.69067 -0.261503
v -0.791901 -0.711584 -0.197132
v -0.766542 -0.711658 -0.28349
v -0.735438 -0.712124 -0.262667
v -0.735438 -0.712124 -0.262667
v -0.755752 -0.712124 -0.185513
v -0.791901 -0.711584 -0.197132
v -0.664213 -0.510064 -0.45749
v -0.686979 -0.509524 -0.490301
v -0.76653 -0.690204 -0.282327
v -0.76653 -0.690204 -0.282327
v -0.735426 -0.69067 -0.261503
v -0.664213 -0.510064 -0.45749
v -0.766542 -0.711658 -0.28349
v -0.688197 -0.753678 -0.453063
v -0.665432 -0.754229 -0.420252
v -0.665432 -0.754229 -0.420252
v -0.735438 -0.712124 -0.262667
v -0.766542 -0.711658 -0.28349
v -0.290728 -0.094497 0.469859
v 0.128257 0.342683 0.666837
v 0.124842 0.354586 0.628197
v 0.124842 0.354586 0.628197
v -0.28965 -0.08287 0.430991
v -0.290728 -0.094497 0.469859
v 0.397158 0.345924 0.592307
v 0.400573 0.334021 0.630948
v -0.00905999 -0.095938 0.480932
v -0.00905999 -0.095938 0.480932
v -0.00798199 -0.084321 0.442065
v 0.397158 0.345924 0.592307
v -0.45855 -0.258583 0.411967
v -0.290728 -0.094497 0.469859
v -0.28965 -0.08287 0.430991
v -0.28965 -0.08287 0.430991
v -0.453956 -0.256285 0.370949
v -0.45855 -0.258583 0.411967
v -0.00798199 -0.084321 0.442065
v -0.00905999 -0.095938 0.480932
v -0.174454 -0.258519 0.454316
v -0.174454 -0.258519 0.454316
v -0.169861 -0.256232 0.390104
v -0.00798199 -0.084321 0.442065
v -0.842895 -0.711658 0.0616479
v -0.817168 -0.689717 0.147172
v -0.786117 -0.69031 0.126244
v -0.786117 -0.69031 0.126244
v -0.806784 -0.712124 0.049879
v -0.842895 -0.711658 0.0616479
v -0.78611 -0.712124 0.12733
v -0.817161 -0.711531 0.148258
v -0.842895 -0.711658 0.0616479
v -0.842895 -0.711658 0.0616479
v -0.806784 -0.712124 0.049879
v -0.78611 -0.712124 0.12733
v 0.32738 0.258384 -0.585652
v 0.582608 0.536314 -0.510865
v 0.571856 0.531453 -0.471716
v 0.571856 0.531453 -0.471716
v 0.31901 0.260327 -0.545357
v 0.32738 0.258384 -0.585652
v 0.318768 0.554875 -0.585971
v 0.0521542 0.267416 -0.676854
v 0.0437842 0.269358 -0.63656
v 0.0437842 0.269358 -0.63656
v 0.308016 0.550015 -0.546823
v 0.318768 0.554875 -0.585971
v 0.379927 0.616265 0.686695
v 0.616336 0.880994 0.547092
v 0.604027 0.860334 0.521284
v 0.604027 0.860334 0.521284
v 0.371751 0.615185 0.647005
v 0.379927 0.616265 0.686695
v 0.835718 0.819257 0.474838
v 0.635817 0.591771 0.624062
v 0.627641 0.590691 0.584371
v 0.627641 0.590691 0.584371
v 0.823411 0.798596 0.449032
v 0.835718 0.819257 0.474838
v 0.571856 0.531453 -0.471716
v 0.582608 0.536314 -0.510865
v 0.725127 0.689149 -0.394998
v 0.725127 0.689149 -0.394998
v 0.711906 0.67653 -0.358924
v 0.571856 0.531453 -0.471716
v 0.466831 0.715154 -0.503285
v 0.318768 0.554875 -0.585971
v 0.308016 0.550015 -0.546823
v 0.308016 0.550015 -0.546823
v 0.453611 0.702535 -0.467211
v 0.466831 0.715154 -0.503285
v 0.817399 0.792211 -0.334684
v 0.832126 0.815752 -0.359041
v 0.878832 0.877616 -0.180681
v 0.878832 0.877616 -0.180681
v 0.865981 0.843804 -0.169951
v 0.817399 0.792211 -0.334684
v 0.654881 0.934249 -0.246826
v 0.610402 0.875064 -0.4733
v 0.595675 0.851513 -0.448943
v 0.595675 0.851513 -0.448943
v 0.642029 0.900437 -0.236097
v 0.654881 0.934249 -0.246826
v 0.865228 0.848092 0.208467
v 0.877352 0.855876 0.00664114
v 0.890323 0.890874 0.00501514
v 0.890323 0.890874 0.00501514
v 0.879057 0.882064 0.216607
v 0.865228 0.848092 0.208467
v 0.671697 0.951118 0.30651
v 0.690464 0.972869 0.00300611
v 0.677491 0.937871 0.0046311
v 0.677491 0.937871 0.0046311
v 0.657869 0.917157 0.298371
v 0.671697 0.951118 0.30651
v 0.865981 0.843804 -0.169951
v 0.878832 0.877616 -0.180681
v 0.890323 0.890874 0.00501514
v 0.890323 0.890874 0.00501514
v 0.877352 0.855876 0.00664114
v 0.865981 0.843804 -0.169951
v 0.677491 0.937871 0.0046311
v 0.690464 0.972869 0.00300611
v 0.654881 0.934249 -0.246826
v 0.654881 0.934249 -0.246826
v 0.642029 0.900437 -0.236097
v 0.677491 0.937871 0.0046311
v 0.725127 0.689149 -0.394998
v 0.832126 0.815752 -0.359041
v 0.817399 0.792211 -0.334684
v 0.817399 0.792211 -0.334684
v 0.711906 0.67653 -0.358924
v 0.725127 0.689149 -0.394998
v 0.595675 0.851513 -0.448943
v 0.610402 0.875064 -0.4733
v 0.466831 0.715154 -0.503285
v 0.466831 0.715154 -0.503285
v 0.453611 0.702535 -0.467211
v 0.595675 0.851513 -0.448943
v -0.158251 -0.239882 -0.705359
v -0.163516 -0.242582 -0.745468
v 0.114847 0.0368879 -0.733717
v 0.114847 0.0368879 -0.733717
v 0.109939 0.0409119 -0.693718
v -0.158251 -0.239882 -0.705359
v -0.0465668 0.173684 -0.759397
v -0.0416598 0.16966 -0.799396
v -0.160876 0.0493939 -0.772678
v -0.160876 0.0493939 -0.772678
v -0.160019 0.053937 -0.732582
v -0.0465668 0.173684 -0.759397
v -0.160019 0.053937 -0.732582
v -0.160876 0.0493939 -0.772678
v -0.477686 -0.272413 -0.653348
v -0.477686 -0.272413 -0.653348
v -0.465558 -0.272498 -0.614345
v -0.160019 0.053937 -0.732582
v -0.174454 -0.258519 0.454316
v -0.467369 -0.525322 0.48138
v -0.455554 -0.526645 0.395517
v -0.455554 -0.526645 0.395517
v -0.169861 -0.256232 0.390104
v -0.174454 -0.258519 0.454316
v -0.536275 -0.343173 0.383857
v -0.54809 -0.341849 0.422743
v -0.45855 -0.258583 0.411967
v -0.45855 -0.258583 0.411967
v -0.453956 -0.256285 0.370949
v -0.536275 -0.343173 0.383857
v -0.588433 -0.77905 -0.530437
v -0.484591 -0.630267 -0.610874
v -0.470005 -0.631294 -0.572989
v -0.470005 -0.631294 -0.572989
v -0.56896 -0.779749 -0.49484
v -0.588433 -0.77905 -0.530437
v -0.465558 -0.272498 -0.614345
v -0.477686 -0.272413 -0.653348
v -0.686979 -0.509524 -0.490301
v -0.686979 -0.509524 -0.490301
v -0.664213 -0.510064 -0.45749
v -0.465558 -0.272498 -0.614345
v -0.688197 -0.753678 -0.453063
v -0.588433 -0.77905 -0.530437
v -0.56896 -0.779749 -0.49484
v -0.56896 -0.779749 -0.49484
v -0.665432 -0.754229 -0.420252
v -0.688197 -0.753678 -0.453063
v -0.484591 -0.630267 -0.610874
v -0.163516 -0.242582 -0.745468
v -0.158251 -0.239882 -0.705359
v -0.158251 -0.239882 -0.705359
v -0.470005 -0.631294 -0.572989
v -0.484591 -0.630267 -0.610874
v 0.0521542 0.267416 -0.676854
v -0.0416598 0.16966 -0.799396
v -0.0465668 0.173684 -0.759397
v -0.0465668 0.173684 -0.759397
v 0.0437842 0.269358 -0.63656
v 0.0521542 0.267416 -0.676854
v 0.32738 0.258384 -0.585652
v 0.31901 0.260327 -0.545357
v 0.109939 0.0409119 -0.693718
v 0.109939 0.0409119 -0.693718
v 0.114847 0.0368879 -0.733717
v 0.32738 0.258384 -0.585652
v 0.0521542 0.267416 -0.676854
v 0.32738 0.258384 -0.585652
v 0.114847 0.0368879 -0.733717
v 0.114847 0.0368879 -0.733717
v -0.0416598 0.16966 -0.799396
v 0.0521542 0.267416 -0.676854
v -0.786117 -0.69031 0.126244
v -0.78611 -0.712124 0.12733
v -0.806784 -0.712124 0.049879
v -0.68036 -0.734013 0.261141
v -0.78611 -0.712124 0.12733
v -0.786117 -0.69031 0.126244
v -0.786117 -0.69031 0.126244
v -0.698787 -0.514692 0.275124
v -0.68036 -0.734013 0.261141
v -0.513278 -0.712156 0.320108
v -0.68036 -0.734013 0.261141
v -0.698787 -0.514692 0.275124
v -0.698787 -0.514692 0.275124
v -0.536275 -0.343173 0.383857
v -0.513278 -0.712156 0.320108
v -0.513278 -0.712156 0.320108
v -0.536275 -0.343173 0.383857
v -0.455554 -0.526645 0.395517
v -0.453956 -0.256285 0.370949
v -0.169861 -0.256232 0.390104
v -0.455554 -0.526645 0.395517
v -0.455554 -0.526645 0.395517
v -0.536275 -0.343173 0.383857
v -0.453956 -0.256285 0.370949
v -0.28965 -0.08287 0.430991
v -0.00798199 -0.084321 0.442065
v -0.169861 -0.256232 0.390104
v -0.169861 -0.256232 0.390104
v -0.453956 -0.256285 0.370949
v -0.28965 -0.08287 0.430991
v 0.124842 0.354586 0.628197
v 0.397158 0.345924 0.592307
v -0.00798199 -0.084321 0.442065
v -0.00798199 -0.084321 0.442065
v -0.28965 -0.08287 0.430991
v 0.124842 0.354586 0.628197
v 0.371751 0.615185 0.647005
v 0.627641 0.590691 0.584371
v 0.397158 0.345924 0.592307
v 0.397158 0.345924 0.592307
v 0.124842 0.354586 0.628197
v 0.371751 0.615185 0.647005
v 0.604027 0.860334 0.521284
v 0.823411 0.798596 0.449032
v 0.627641 0.590691 0.584371
v 0.627641 0.590691 0.584371
v 0.371751 0.615185 0.647005
v 0.604027 0.860334 0.521284
v 0.823411 0.798596 0.449032
v 0.604027 0.860334 0.521284
v 0.657869 0.917157 0.298371
v 0.657869 0.917157 0.298371
v 0.865228 0.848092 0.208467
v 0.823411 0.798596 0.449032
v 0.677491 0.937871 0.0046311
v 0.877352 0.855876 0.00664114
v 0.865228 0.848092 0.208467
v 0.865228 0.848092 0.208467
v 0.657869 0.917157 0.298371
v 0.677491 0.937871 0.0046311
v 0.865981 0.843804 -0.169951
v 0.877352 0.855876 0.00664114
v 0.677491 0.937871 0.0046311
v 0.677491 0.937871 0.0046311
v 0.642029 0.900437 -0.236097
v 0.865981 0.843804 -0.169951
v 0.817399 0.792211 -0.334684
v 0.865981 0.843804 -0.169951
v 0.642029 0.900437 -0.236097
v 0.642029 0.900437 -0.236097
v 0.595675 0.851513 -0.448943
v 0.817399 0.792211 -0.334684
v 0.711906 0.67653 -0.358924
v 0.817399 0.792211 -0.334684
v 0.595675 0.851513 -0.448943
v 0.595675 0.851513 -0.448943
v 0.453611 0.702535 -0.467211
v 0.711906 0.67653 -0.358924
v 0.571856 0.531453 -0.471716
v 0.711906 0.67653 -0.358924
v 0.453611 0.702535 -0.467211
v 0.453611 0.702535 -0.467211
v 0.308016 0.550015 -0.546823
v 0.571856 0.531453 -0.471716
v 0.31901 0.260327 -0.545357
v 0.571856 0.531453 -0.471716
v 0.308016 0.550015 -0.546823
v 0.308016 0.550015 -0.546823
v 0.0437842 0.269358 -0.63656
v 0.31901 0.260327 -0.545357
v 0.0437842 0.269358 -0.63656
v -0.0465668 0.173684 -0.759397
v 0.109939 0.0409119 -0.693718
v 0.109939 0.0409119 -0.693718
v 0.31901 0.260327 -0.545357
v 0.0437842 0.269358 -0.63656
v 0.109939 0.0409119 -0.693718
v -0.0465668 0.173684 -0.759397
v -0.160019 0.053937 -0.732582
v -0.160019 0.053937 -0.732582
v -0.158251 -0.239882 -0.705359
v 0.109939 0.0409119 -0.693718
v -0.160019 0.053937 -0.732582
v -0.465558 -0.272498 -0.614345
v -0.158251 -0.239882 -0.705359
v -0.465558 -0.272498 -0.614345
v -0.664213 -0.510064 -0.45749
v -0.470005 -0.631294 -0.572989
v -0.470005 -0.631294 -0.572989
v -0.158251 -0.239882 -0.705359
v -0.465558 -0.272498 -0.614345
v -0.664213 -0.510064 -0.45749
v -0.735426 -0.69067 -0.261503
v -0.56896 -0.779749 -0.49484
v -0.56896 -0.779749 -0.49484
v -0.470005 -0.631294 -0.572989
v -0.664213 -0.510064 -0.45749
v -0.735426 -0.69067 -0.261503
v -0.735438 -0.712124 -0.262667
v -0.665432 -0.754229 -0.420252
v -0.665432 -0.754229 -0.420252
v -0.56896 -0.779749 -0.49484
v -0.735426 -0.69067 -0.261503
v -0.755752 -0.712124 -0.185513
v -0.735438 -0.712124 -0.262667
v -0.735426 -0.69067 -0.261503
v 0.802943 -0.551575 0.726709
v 0.727253 -0.422252 0.690138
v 0.880139 -0.353725 0.655105
v 0.880139 -0.353725 0.655105
v 0.957657 -0.518466 0.668604
v 0.802943 -0.551575 0.726709
v 0.464457 -0.84424 0.767268
v 0.596657 -0.524271 0.700956
v 0.662373 -0.780283 0.779084
v 0.662373 -0.780283 0.779084
v 0.506858 -1.22539 0.886623
v 0.464457 -0.84424 0.767268
v 0.0759569 -0.995497 0.764289
v 0.250558 -0.829879 0.732519
v 0.265841 -1.32155 0.875866
v 0.265841 -1.32155 0.875866
v 0.0772838 -1.61091 0.958599
v 0.0759569 -0.995497 0.764289
v 0.0 -0.0886259 0.620928
v 0.176894 -0.038377 0.608493
v 0.196788 -0.827936 0.67515
v 0.196788 -0.827936 0.67515
v 0.0 -0.936727 0.700546
v 0.0 -0.0886259 0.620928
v 0.250558 -0.829879 0.732519
v 0.464457 -0.84424 0.767268
v 0.506858 -1.22539 0.886623
v 0.506858 -1.22539 0.886623
v 0.265841 -1.32155 0.875866
v 0.250558 -0.829879 0.732519
v 0.880139 -0.353725 0.655105
v 1.00289 -0.129968 0.582023
v 0.999412 -0.281633 0.589768
v 0.999412 -0.281633 0.589768
v 0.957657 -0.518466 0.668604
v 0.880139 -0.353725 0.655105
v 0.826762 0.0678229 0.570418
v 0.988757 0.156065 0.494018
v 1.00289 -0.129968 0.582023
v 1.00289 -0.129968 0.582023
v 0.880139 -0.353725 0.655105
v 0.826762 0.0678229 0.570418
v 0.803898 0.852536 0.356986
v 0.907465 0.812403 0.423214
v 0.901019 0.690913 0.538351
v 0.901019 0.690913 0.538351
v 0.776887 0.596523 0.578431
v 0.803898 0.852536 0.356986
v 0.803898 0.852536 0.356986
v 0.854324 0.816108 0.262722
v 0.907465 0.812403 0.423214
v 0.434744 0.00521302 0.596384
v 0.826762 0.0678229 0.570418
v 0.884868 -0.605325 0.592617
v 0.884868 -0.605325 0.592617
v 0.495712 -0.733577 0.663583
v 0.434744 0.00521302 0.596384
v 0.596657 -0.524271 0.700956
v 0.727253 -0.422252 0.690138
v 0.802943 -0.551575 0.726709
v 0.802943 -0.551575 0.726709
v 0.662373 -0.780283 0.779084
v 0.596657 -0.524271 0.700956
v 0.810393 -0.538661 0.774585
v 0.986895 -0.508286 0.713608
v 0.907557 -0.345109 0.701526
v 0.907557 -0.345109 0.701526
v 0.734506 -0.412102 0.739621
v 0.810393 -0.538661 0.774585
v 0.7288 0.921403 0.465857
v 0.818298 0.881373 0.475763
v 0.825819 0.929283 0.286322
v 0.825819 0.929283 0.286322
v 0.727736 0.953593 0.295324
v 0.7288 0.921403 0.465857
v 0.799296 0.724494 0.636818
v 0.818298 0.881373 0.475763
v 0.7288 0.921403 0.465857
v 0.7288 0.921403 0.465857
v 0.674689 0.735255 0.680915
v 0.799296 0.724494 0.636818
v 0.729287 0.092593 0.65675
v 0.734506 -0.412102 0.739621
v 0.907557 -0.345109 0.701526
v 0.907557 -0.345109 0.701526
v 0.881049 0.106983 0.608867
v 0.729287 0.092593 0.65675
v 0.653306 -0.767016 0.827284
v 0.595316 -0.513945 0.750496
v 0.454376 -0.832067 0.815691
v 0.454376 -0.832067 0.815691
v 0.494467 -1.21165 0.934302
v 0.653306 -0.767016 0.827284
v 0.417097 -0.181556 0.692774
v 0.454376 -0.832067 0.815691
v 0.595316 -0.513945 0.750496
v 0.595316 -0.513945 0.750496
v 0.573664 -0.00716496 0.665658
v 0.417097 -0.181556 0.692774
v 0.257533 -1.30727 0.923825
v 0.246531 -0.819988 0.782021
v 0.0739389 -0.982287 0.813115
v 0.0739389 -0.982287 0.813115
v 0.0752618 -1.59619 1.00697
v 0.257533 -1.30727 0.923825
v 0.0 -0.308587 0.706816
v 0.0739389 -0.982287 0.813115
v 0.246531 -0.819988 0.782021
v 0.246531 -0.819988 0.782021
v 0.178687 -0.236427 0.693281
v 0.0 -0.308587 0.706816
v 0.588363 0.389608 0.685775
v 0.499851 0.494768 0.680087
v 0.495847 0.301497 0.690636
v 0.494467 -1.21165 0.934302
v 0.454376 -0.832067 0.815691
v 0.246531 -0.819988 0.782021
v 0.246531 -0.819988 0.782021
v 0.257533 -1.30727 0.923825
v 0.494467 -1.21165 0.934302
v 1.03715 -0.274193 0.632692
v 1.03525 -0.122961 0.626919
v 0.907557 -0.345109 0.701526
v 0.907557 -0.345109 0.701526
v 0.986895 -0.508286 0.713608
v 1.03715 -0.274193 0.632692
v 0.881049 0.106983 0.608867
v 0.907557 -0.345109 0.701526
v 1.03525 -0.122961 0.626919
v 1.03525 -0.122961 0.626919
v 1.01747 0.175123 0.549371
v 0.881049 0.106983 0.608867
v 0.818298 0.881373 0.475763
v 0.799296 0.724494 0.636818
v 0.923903 0.713743 0.592721
v 0.923903 0.713743 0.592721
v 0.923903 0.866633 0.454491
v 0.818298 0.881373 0.475763
v 0.818298 0.881373 0.475763
v 0.923903 0.866633 0.454491
v 0.870174 0.879948 0.27732
v 0.870174 0.879948 0.27732
v 0.825819 0.929283 0.286322
v 0.818298 0.881373 0.475763
v 0.495847 0.301497 0.690636
v 0.499851 0.494768 0.680087
v 0.368275 0.362013 0.700172
v 0.368275 0.362013 0.700172
v 0.271237 0.148833 0.703287
v 0.495847 0.301497 0.690636
v 0.190941 0.242137 0.699084
v 0.110836 0.125924 0.704609
v 0.271237 0.148833 0.703287
v 0.271237 0.148833 0.703287
v 0.368275 0.362013 0.700172
v 0.190941 0.242137 0.699084
v 0.674689 0.735255 0.680915
v 0.600751 0.711388 0.639711
v 0.499851 0.494768 0.680087
v 0.499851 0.494768 0.680087
v 0.588363 0.389608 0.685775
v 0.674689 0.735255 0.680915
v 0.573664 -0.00716496 0.665658
v 0.595316 -0.513945 0.750496
v 0.734506 -0.412102 0.739621
v 0.734506 -0.412102 0.739621
v 0.729287 0.092593 0.65675
v 0.573664 -0.00716496 0.665658
v 0.810393 -0.538661 0.774585
v 0.734506 -0.412102 0.739621
v 0.595316 -0.513945 0.750496
v 0.595316 -0.513945 0.750496
v 0.653306 -0.767016 0.827284
v 0.810393 -0.538661 0.774585
v 0.810393 -0.538661 0.774585
v 0.802943 -0.551575 0.726709
v 0.957657 -0.518466 0.668604
v 0.957657 -0.518466 0.668604
v 0.986895 -0.508286 0.713608
v 0.810393 -0.538661 0.774585
v 0.653306 -0.767016 0.827284
v 0.494467 -1.21165 0.934302
v 0.506858 -1.22539 0.886623
v 0.506858 -1.22539 0.886623
v 0.662373 -0.780283 0.779084
v 0.653306 -0.767016 0.827284
v 0.257533 -1.30727 0.923825
v 0.0752618 -1.59619 1.00697
v 0.0772838 -1.61091 0.958599
v 0.0772838 -1.61091 0.958599
v 0.265841 -1.32155 0.875866
v 0.257533 -1.30727 0.923825
v 0.494467 -1.21165 0.934302
v 0.257533 -1.30727 0.923825
v 0.265841 -1.32155 0.875866
v 0.265841 -1.32155 0.875866
v 0.506858 -1.22539 0.886623
v 0.494467 -1.21165 0.934302
v 1.03715 -0.274193 0.632692
v 0.999412 -0.281633 0.589768
v 1.00289 -0.129968 0.582023
v 1.00289 -0.129968 0.582023
v 1.03525 -0.122961 0.626919
v 1.03715 -0.274193 0.632692
v 0.986895 -0.508286 0.713608
v 0.957657 -0.518466 0.668604
v 0.999412 -0.281633 0.589768
v 0.999412 -0.281633 0.589768
v 1.03715 -0.274193 0.632692
v 0.986895 -0.508286 0.713608
v 1.01747 0.175123 0.549371
v 1.03525 -0.122961 0.626919
v 1.00289 -0.129968 0.582023
v 1.00289 -0.129968 0.582023
v 0.988757 0.156065 0.494018
v 1.01747 0.175123 0.549371
v 0.923903 0.713743 0.592721
v 0.901019 0.690913 0.538351
v 0.907465 0.812403 0.423214
v 0.907465 0.812403 0.423214
v 0.923903 0.866633 0.454491
v 0.923903 0.713743 0.592721
v 0.870174 0.879948 0.27732
v 0.923903 0.866633 0.454491
v 0.907465 0.812403 0.423214
v 0.907465 0.812403 0.423214
v 0.854324 0.816108 0.262722
v 0.870174 0.879948 0.27732
v 0.653306 -0.767016 0.827284
v 0.662373 -0.780283 0.779084
v 0.802943 -0.551575 0.726709
v 0.802943 -0.551575 0.726709
v 0.810393 -0.538661 0.774585
v 0.653306 -0.767016 0.827284
v 0.246531 -0.819988 0.782021
v 0.454376 -0.832067 0.815691
v 0.417097 -0.181556 0.692774
v 0.417097 -0.181556 0.692774
v 0.178687 -0.236427 0.693281
v 0.246531 -0.819988 0.782021
v 0.196788 -0.827936 0.67515
v 0.250558 -0.829879 0.732519
v 0.0759569 -0.995497 0.764289
v 0.0759569 -0.995497 0.764289
v 0.0 -0.936727 0.700546
v 0.196788 -0.827936 0.67515
v 0.250558 -0.829879 0.732519
v 0.196788 -0.827936 0.67515
v 0.495712 -0.733577 0.663583
v 0.495712 -0.733577 0.663583
v 0.464457 -0.84424 0.767268
v 0.250558 -0.829879 0.732519
v 0.495712 -0.733577 0.663583
v 0.596657 -0.524271 0.700956
v 0.464457 -0.84424 0.767268
v 0.596657 -0.524271 0.700956
v 0.495712 -0.733577 0.663583
v 0.884868 -0.605325 0.592617
v 0.884868 -0.605325 0.592617
v 0.727253 -0.422252 0.690138
v 0.596657 -0.524271 0.700956
v 0.880139 -0.353725 0.655105
v 0.727253 -0.422252 0.690138
v 0.884868 -0.605325 0.592617
v 0.0 -0.028512 0.735842
v 0.0 -0.308587 0.706816
v 0.178687 -0.236427 0.693281
v 0.178687 -0.236427 0.693281
v 0.166698 0.011358 0.730315
v 0.0 -0.028512 0.735842
v 0.417097 -0.181556 0.692774
v 0.396059 0.08342 0.721845
v 0.166698 0.011358 0.730315
v 0.166698 0.011358 0.730315
v 0.178687 -0.236427 0.693281
v 0.417097 -0.181556 0.692774
v 0.396059 0.08342 0.721845
v 0.417097 -0.181556 0.692774
v 0.573664 -0.00716496 0.665658
v 0.573664 -0.00716496 0.665658
v 0.544936 0.20123 0.709322
v 0.396059 0.08342 0.721845
v 0.729287 0.092593 0.65675
v 0.693488 0.513963 0.703068
v 0.544936 0.20123 0.709322
v 0.544936 0.20123 0.709322
v 0.573664 -0.00716496 0.665658
v 0.729287 0.092593 0.65675
v 0.827446 0.511873 0.657667
v 0.693488 0.513963 0.703068
v 0.729287 0.092593 0.65675
v 0.729287 0.092593 0.65675
v 0.881049 0.106983 0.608867
v 0.827446 0.511873 0.657667
v 1.01747 0.175123 0.549371
v 0.956122 0.528285 0.608268
v 0.827446 0.511873 0.657667
v 0.827446 0.511873 0.657667
v 0.881049 0.106983 0.608867
v 1.01747 0.175123 0.549371
v 1.01747 0.175123 0.549371
v 0.988757 0.156065 0.494018
v 0.93123 0.506753 0.55356
v 0.93123 0.506753 0.55356
v 0.956122 0.528285 0.608268
v 1.01747 0.175123 0.549371
v 0.79406 0.446673 0.606145
v 0.93123 0.506753 0.55356
v 0.988757 0.156065 0.494018
v 0.988757 0.156065 0.494018
v 0.826762 0.0678229 0.570418
v 0.79406 0.446673 0.606145
v 0.826762 0.0678229 0.570418
v 0.434744 0.00521302 0.596384
v 0.511267 0.0918939 0.606786
v 0.511267 0.0918939 0.606786
v 0.79406 0.446673 0.606145
v 0.826762 0.0678229 0.570418
v 0.276534 0.0768731 0.6192
v 0.511267 0.0918939 0.606786
v 0.434744 0.00521302 0.596384
v 0.434744 0.00521302 0.596384
v 0.176894 -0.038377 0.608493
v 0.276534 0.0768731 0.6192
v 0.110836 0.0595739 0.62434
v 0.276534 0.0768731 0.6192
v 0.176894 -0.038377 0.608493
v 0.176894 -0.038377 0.608493
v 0.0 -0.0886259 0.620928
v 0.110836 0.0595739 0.62434
v 0.110836 0.125924 0.704609
v 0.0 -0.028512 0.735842
v 0.166698 0.011358 0.730315
v 0.166698 0.011358 0.730315
v 0.271237 0.148833 0.703287
v 0.110836 0.125924 0.704609
v 0.396059 0.08342 0.721845
v 0.495847 0.301497 0.690636
v 0.271237 0.148833 0.703287
v 0.271237 0.148833 0.703287
v 0.166698 0.011358 0.730315
v 0.396059 0.08342 0.721845
v 0.495847 0.301497 0.690636
v 0.396059 0.08342 0.721845
v 0.544936 0.20123 0.709322
v 0.544936 0.20123 0.709322
v 0.588363 0.389608 0.685775
v 0.495847 0.301497 0.690636
v 0.693488 0.513963 0.703068
v 0.674689 0.735255 0.680915
v 0.588363 0.389608 0.685775
v 0.588363 0.389608 0.685775
v 0.544936 0.20123 0.709322
v 0.693488 0.513963 0.703068
v 0.799296 0.724494 0.636818
v 0.674689 0.735255 0.680915
v 0.693488 0.513963 0.703068
v 0.693488 0.513963 0.703068
v 0.827446 0.511873 0.657667
v 0.799296 0.724494 0.636818
v 0.923903 0.713743 0.592721
v 0.799296 0.724494 0.636818
v 0.827446 0.511873 0.657667
v 0.827446 0.511873 0.657667
v 0.956122 0.528285 0.608268
v 0.923903 0.713743 0.592721
v 0.956122 0.528285 0.608268
v 0.93123 0.506753 0.55356
v 0.901019 0.690913 0.538351
v 0.901019 0.690913 0.538351
v 0.923903 0.713743 0.592721
v 0.956122 0.528285 0.608268
v 0.776887 0.596523 0.578431
v 0.901019 0.690913 0.538351
v 0.93123 0.506753 0.55356
v 0.93123 0.506753 0.55356
v 0.79406 0.446673 0.606145
v 0.776887 0.596523 0.578431
v 0.493248 0.332726 0.565772
v 0.776887 0.596523 0.578431
v 0.79406 0.446673 0.606145
v 0.79406 0.446673 0.606145
v 0.511267 0.0918939 0.606786
v 0.493248 0.332726 0.565772
v 0.350759 0.261132 0.578346
v 0.493248 0.332726 0.565772
v 0.511267 0.0918939 0.606786
v 0.511267 0.0918939 0.606786
v 0.276534 0.0768731 0.6192
v 0.350759 0.261132 0.578346
v 0.190941 0.159256 0.579655
v 0.350759 0.261132 0.578346
v 0.276534 0.0768731 0.6192
v 0.276534 0.0768731 0.6192
v 0.110836 0.0595739 0.62434
v 0.190941 0.159256 0.579655
v 0.495712 -0.733577 0.663583
v 0.196788 -0.827936 0.67515
v 0.176894 -0.038377 0.608493
v 0.176894 -0.038377 0.608493
v 0.434744 0.00521302 0.596384
v 0.495712 -0.733577 0.663583
v 0.803898 0.852536 0.356986
v 0.825819 0.929283 0.286322
v 0.870174 0.879948 0.27732
v 0.870174 0.879948 0.27732
v 0.854324 0.816108 0.262722
v 0.803898 0.852536 0.356986
v 0.190941 0.242137 0.699084
v 0.368275 0.362013 0.700172
v 0.350759 0.261132 0.578346
v 0.350759 0.261132 0.578346
v 0.190941 0.159256 0.579655
v 0.190941 0.242137 0.699084
v 0.368275 0.362013 0.700172
v 0.499851 0.494768 0.680087
v 0.493248 0.332726 0.565772
v 0.493248 0.332726 0.565772
v 0.350759 0.261132 0.578346
v 0.368275 0.362013 0.700172
v 0.499851 0.494768 0.680087
v 0.600751 0.711388 0.639711
v 0.776887 0.596523 0.578431
v 0.776887 0.596523 0.578431
v 0.493248 0.332726 0.565772
v 0.499851 0.494768 0.680087
v 0.7288 0.921403 0.465857
v 0.727736 0.953593 0.295324
v 0.803898 0.852536 0.356986
v 0.803898 0.852536 0.356986
v 0.776887 0.596523 0.578431
v 0.7288 0.921403 0.465857
v 0.825819 0.929283 0.286322
v 0.803898 0.852536 0.356986
v 0.727736 0.953593 0.295324
v 0.0772838 -1.61091 0.958599
v 0.0752618 -1.59619 1.00697
v 0.0739389 -0.982287 0.813115
v 0.0739389 -0.982287 0.813115
v 0.0759569 -0.995497 0.764289
v 0.0772838 -1.61091 0.958599
v 0.0 -0.936727 0.700546
v 0.0759569 -0.995497 0.764289
v 0.0739389 -0.982287 0.813115
v 0.0739389 -0.982287 0.813115
v 0.0 -0.308587 0.706816
v 0.0 -0.936727 0.700546
v 0.190941 0.159256 0.579655
v 0.110836 0.0595739 0.62434
v 0.110836 0.125924 0.704609
v 0.110836 0.125924 0.704609
v 0.190941 0.242137 0.699084
v 0.190941 0.159256 0.579655
v 0.110836 0.0595739 0.62434
v 0.0 -0.0886259 0.620928
v 0.0 -0.028512 0.735842
v 0.0 -0.028512 0.735842
v 0.110836 0.125924 0.704609
v 0.110836 0.0595739 0.62434
v 0.0 -0.308587 0.706816
v 0.0 -0.028512 0.735842
v 0.0 -0.0886259 0.620928
v 0.0 -0.0886259 0.620928
v 0.0 -0.936727 0.700546
v 0.0 -0.308587 0.706816
v 0.674689 0.735255 0.680915
v 0.7288 0.921403 0.465857
v 0.600751 0.711388 0.639711
v 0.776887 0.596523 0.578431
v 0.600751 0.711388 0.639711
v 0.7288 0.921403 0.465857
v 0.648742 -0.65827 -0.24317
v 0.648731 -0.63801 -0.242189
v 0.672689 -0.69107 -0.15384
v 0.480412 -0.69106 -0.387887
v 0.479262 -0.4836 -0.403416
v 0.648731 -0.63801 -0.242189
v 0.648731 -0.63801 -0.242189
v 0.648742 -0.65827 -0.24317
v 0.480412 -0.69106 -0.387887
v 0.480412 -0.69106 -0.387887
v 0.386203 -0.73523 -0.427533
v 0.479262 -0.4836 -0.403416
v 0.479262 -0.4836 -0.403416
v 0.386203 -0.73523 -0.427533
v 0.293554 -0.24348 -0.526502
v 0.386203 -0.73523 -0.427533
v 0.262977 -0.55519 -0.534989
v 0.293554 -0.24348 -0.526502
v 0.0952372 -0.04229 -0.58648
v -0.0215768 -0.20256 -0.591546
v -0.0861958 -0.13813 -0.594134
v -0.0861958 -0.13813 -0.594134
v 0.0553962 -0.00186992 -0.589755
v 0.0952372 -0.04229 -0.58648
v 0.638552 -0.65871 -0.160548
v 0.672689 -0.69107 -0.15384
v 0.648731 -0.63801 -0.242189
v 0.648731 -0.63801 -0.242189
v 0.619359 -0.63845 -0.224629
v 0.638552 -0.65871 -0.160548
v 0.638552 -0.65871 -0.160548
v 0.619371 -0.65871 -0.22561
v 0.648742 -0.65827 -0.24317
v 0.648742 -0.65827 -0.24317
v 0.672689 -0.69107 -0.15384
v 0.638552 -0.65871 -0.160548
v 0.619359 -0.63845 -0.224629
v 0.648731 -0.63801 -0.242189
v 0.479262 -0.4836 -0.403416
v 0.479262 -0.4836 -0.403416
v 0.457765 -0.48412 -0.375747
v 0.619359 -0.63845 -0.224629
v 0.619371 -0.65871 -0.22561
v 0.458915 -0.69158 -0.360218
v 0.480412 -0.69106 -0.387887
v 0.480412 -0.69106 -0.387887
v 0.648742 -0.65827 -0.24317
v 0.619371 -0.65871 -0.22561
v 0.0926472 -0.0387299 -0.552822
v 0.0952372 -0.04229 -0.58648
v 0.0553962 -0.00186992 -0.589755
v 0.0553962 -0.00186992 -0.589755
v 0.0545862 0.00241995 -0.555943
v 0.0926472 -0.0387299 -0.552822
v 0.249204 -0.55615 -0.503042
v 0.262977 -0.55519 -0.534989
v 0.386203 -0.73523 -0.427533
v 0.386203 -0.73523 -0.427533
v 0.367814 -0.7359 -0.397514
v 0.249204 -0.55615 -0.503042
v 0.2821 -0.24356 -0.493612
v 0.457765 -0.48412 -0.375747
v 0.479262 -0.4836 -0.403416
v 0.479262 -0.4836 -0.403416
v 0.293554 -0.24348 -0.526502
v 0.2821 -0.24356 -0.493612
v 0.458915 -0.69158 -0.360218
v 0.367814 -0.7359 -0.397514
v 0.386203 -0.73523 -0.427533
v 0.386203 -0.73523 -0.427533
v 0.480412 -0.69106 -0.387887
v 0.458915 -0.69158 -0.360218
v -0.0280208 -0.2006 -0.558037
v -0.0911678 -0.13558 -0.560311
v -0.0861958 -0.13813 -0.594134
v -0.0861958 -0.13813 -0.594134
v -0.0215768 -0.20256 -0.591546
v -0.0280208 -0.2006 -0.558037
v 0.0926472 -0.0387299 -0.552822
v 0.2821 -0.24356 -0.493612
v 0.293554 -0.24348 -0.526502
v 0.293554 -0.24348 -0.526502
v 0.0952372 -0.04229 -0.58648
v 0.0926472 -0.0387299 -0.552822
v 0.293554 -0.24348 -0.526502
v 0.262977 -0.55519 -0.534989
v -0.0215768 -0.20256 -0.591546
v -0.0215768 -0.20256 -0.591546
v 0.0952372 -0.04229 -0.58648
v 0.293554 -0.24348 -0.526502
v 0.249204 -0.55615 -0.503042
v -0.0280208 -0.2006 -0.558037
v -0.0215768 -0.20256 -0.591546
v -0.0215768 -0.20256 -0.591546
v 0.262977 -0.55519 -0.534989
v 0.249204 -0.55615 -0.503042
v -0.0911678 -0.13558 -0.560311
v -0.0280208 -0.2006 -0.558037
v 0.0926472 -0.0387299 -0.552822
v 0.0926472 -0.0387299 -0.552822
v 0.0545862 0.00241995 -0.555943
v -0.0911678 -0.13558 -0.560311
v -0.0280208 -0.2006 -0.558037
v 0.249204 -0.55615 -0.503042
v 0.2821 -0.24356 -0.493612
v 0.2821 -0.24356 -0.493612
v 0.0926472 -0.0387299 -0.552822
v -0.0280208 -0.2006 -0.558037
v 0.249204 -0.55615 -0.503042
v 0.367814 -0.7359 -0.397514
v 0.457765 -0.48412 -0.375747
v 0.457765 -0.48412 -0.375747
v 0.2821 -0.24356 -0.493612
v 0.249204 -0.55615 -0.503042
v 0.367814 -0.7359 -0.397514
v 0.458915 -0.69158 -0.360218
v 0.457765 -0.48412 -0.375747
v 0.458915 -0.69158 -0.360218
v 0.619371 -0.65871 -0.22561
v 0.619359 -0.63845 -0.224629
v 0.619359 -0.63845 -0.224629
v 0.457765 -0.48412 -0.375747
v 0.458915 -0.69158 -0.360218
v 0.619359 -0.63845 -0.224629
v 0.619371 -0.65871 -0.22561
v 0.638552 -0.65871 -0.160548
v 0.343822 0.85285 -0.432174
v 0.39343 0.8902 -0.399077
v 0.376402 0.80835 -0.48879
v 0.376402 0.80835 -0.48879
v 0.32828 0.79376 -0.500871
v 0.343822 0.85285 -0.432174
v 0.39343 0.8902 -0.399077
v 0.394015 0.86545 -0.383876
v 0.378472 0.79592 -0.467517
v 0.378472 0.79592 -0.467517
v 0.376402 0.80835 -0.48879
v 0.39343 0.8902 -0.399077
v 0.345893 0.84042 -0.410901
v 0.33035 0.78133 -0.479599
v 0.378472 0.79592 -0.467517
v 0.378472 0.79592 -0.467517
v 0.394015 0.86545 -0.383876
v 0.345893 0.84042 -0.410901
v 0.343822 0.85285 -0.432174
v 0.32828 0.79376 -0.500871
v 0.33035 0.78133 -0.479599
v 0.33035 0.78133 -0.479599
v 0.345893 0.84042 -0.410901
v 0.343822 0.85285 -0.432174
v 0.365794 0.1208 -0.611671
v 0.367865 0.10838 -0.590398
v 0.305171 0.1919 -0.58855
v 0.305171 0.1919 -0.58855
v 0.3031 0.20432 -0.609822
v 0.365794 0.1208 -0.611671
v 0.345893 0.84042 -0.410901
v 0.394015 0.86545 -0.383876
v 0.39343 0.8902 -0.399077
v 0.39343 0.8902 -0.399077
v 0.343822 0.85285 -0.432174
v 0.345893 0.84042 -0.410901
v 0.315865 0.64622 -0.543621
v 0.310098 0.41639 -0.618222
v 0.358224 0.42125 -0.620068
v 0.358224 0.42125 -0.620068
v 0.363987 0.65108 -0.545465
v 0.315865 0.64622 -0.543621
v 0.308028 0.42881 -0.639494
v 0.310098 0.41639 -0.618222
v 0.315865 0.64622 -0.543621
v 0.315865 0.64622 -0.543621
v 0.313795 0.65864 -0.564894
v 0.308028 0.42881 -0.639494
v 0.356153 0.43367 -0.641341
v 0.308028 0.42881 -0.639494
v 0.313795 0.65864 -0.564894
v 0.313795 0.65864 -0.564894
v 0.361916 0.6635 -0.566738
v 0.356153 0.43367 -0.641341
v 0.363987 0.65108 -0.545465
v 0.358224 0.42125 -0.620068
v 0.356153 0.43367 -0.641341
v 0.356153 0.43367 -0.641341
v 0.361916 0.6635 -0.566738
v 0.363987 0.65108 -0.545465
v 0.358224 0.42125 -0.620068
v 0.367865 0.10838 -0.590398
v 0.365794 0.1208 -0.611671
v 0.365794 0.1208 -0.611671
v 0.356153 0.43367 -0.641341
v 0.358224 0.42125 -0.620068
v 0.305171 0.1919 -0.58855
v 0.367865 0.10838 -0.590398
v 0.358224 0.42125 -0.620068
v 0.358224 0.42125 -0.620068
v 0.310098 0.41639 -0.618222
v 0.305171 0.1919 -0.58855
v 0.3031 0.20432 -0.609822
v 0.305171 0.1919 -0.58855
v 0.310098 0.41639 -0.618222
v 0.310098 0.41639 -0.618222
v 0.308028 0.42881 -0.639494
v 0.3031 0.20432 -0.609822
v 0.356153 0.43367 -0.641341
v 0.365794 0.1208 -0.611671
v 0.3031 0.20432 -0.609822
v 0.3031 0.20432 -0.609822
v 0.308028 0.42881 -0.639494
v 0.356153 0.43367 -0.641341
v 0.378472 0.79592 -0.467517
v 0.363987 0.65108 -0.545465
v 0.361916 0.6635 -0.566738
v 0.361916 0.6635 -0.566738
v 0.376402 0.80835 -0.48879
v 0.378472 0.79592 -0.467517
v 0.33035 0.78133 -0.479599
v 0.315865 0.64622 -0.543621
v 0.363987 0.65108 -0.545465
v 0.363987 0.65108 -0.545465
v 0.378472 0.79592 -0.467517
v 0.33035 0.78133 -0.479599
v 0.313795 0.65864 -0.564894
v 0.315865 0.64622 -0.543621
v 0.33035 0.78133 -0.479599
v 0.33035 0.78133 -0.479599
v 0.32828 0.79376 -0.500871
v 0.313795 0.65864 -0.564894
v 0.361916 0.6635 -0.566738
v 0.313795 0.65864 -0.564894
v 0.32828 0.79376 -0.500871
v 0.32828 0.79376 -0.500871
v 0.376402 0.80835 -0.48879
v 0.361916 0.6635 -0.566738
v 2.43939e-07 0.86252 -0.537181
v 2.43915e-07 0.90434 -0.512809
v 0.171654 0.86289 -0.492504
v 0.171654 0.86289 -0.492504
v 0.171654 0.82107 -0.516876
v 2.43939e-07 0.86252 -0.537181
v 0.171654 0.86289 -0.492504
v 2.43915e-07 0.90434 -0.512809
v 2.39601e-07 0.89189 -0.49145
v 2.39601e-07 0.89189 -0.49145
v 0.171654 0.85044 -0.471145
v 0.171654 0.86289 -0.492504
v 0.171654 0.85044 -0.471145
v 2.39601e-07 0.89189 -0.49145
v 2.39625e-07 0.85007 -0.515822
v 2.39625e-07 0.85007 -0.515822
v 0.171654 0.80862 -0.495517
v 0.171654 0.85044 -0.471145
v 2.39625e-07 0.85007 -0.515822
v 2.43939e-07 0.86252 -0.537181
v 0.171654 0.82107 -0.516876
v 0.171654 0.82107 -0.516876
v 0.171654 0.80862 -0.495517
v 2.39625e-07 0.85007 -0.515822
v -0.171654 0.80862 -0.495517
v -0.171654 0.85044 -0.471145
v -0.171654 0.86289 -0.492504
v -0.171654 0.86289 -0.492504
v -0.171654 0.82107 -0.516876
v -0.171654 0.80862 -0.495517
v 0.171654 0.82107 -0.516876
v 0.171654 0.86289 -0.492504
v 0.171654 0.85044 -0.471145
v 0.171654 0.85044 -0.471145
v 0.171654 0.80862 -0.495517
v 0.171654 0.82107 -0.516876
v -0.171654 0.85044 -0.471145
v -0.171654 0.80862 -0.495517
v 2.39625e-07 0.85007 -0.515822
v 2.39625e-07 0.85007 -0.515822
v 2.39601e-07 0.89189 -0.49145
v -0.171654 0.85044 -0.471145
v 2.39625e-07 0.85007 -0.515822
v -0.171654 0.80862 -0.495517
v -0.171654 0.82107 -0.516876
v -0.171654 0.82107 -0.516876
v 2.43939e-07 0.86252 -0.537181
v 2.39625e-07 0.85007 -0.515822
v 2.43939e-07 0.86252 -0.537181
v -0.171654 0.82107 -0.516876
v -0.171654 0.86289 -0.492504
v -0.171654 0.86289 -0.492504
v 2.43915e-07 0.90434 -0.512809
v 2.43939e-07 0.86252 -0.537181
v 2.39601e-07 0.89189 -0.49145
v 2.43915e-07 0.90434 -0.512809
v -0.171654 0.86289 -0.492504
v -0.171654 0.86289 -0.492504
v -0.171654 0.85044 -0.471145
v 2.39601e-07 0.89189 -0.49145
v -0.00271276 0.74882 -0.581891
v 0.0169552 0.78573 -0.55752
v 0.279655 0.65123 -0.551317
v 0.279655 0.65123 -0.551317
v 0.259987 0.61053 -0.568636
v -0.00271276 0.74882 -0.581891
v 0.0169552 0.78573 -0.55752
v 0.0111012 0.77475 -0.53616
v 0.273801 0.64427 -0.528328
v 0.273801 0.64427 -0.528328
v 0.279655 0.65123 -0.551317
v 0.0169552 0.78573 -0.55752
v 0.0111012 0.77475 -0.53616
v -0.00856676 0.73784 -0.560532
v 0.254134 0.60358 -0.545647
v 0.254134 0.60358 -0.545647
v 0.273801 0.64427 -0.528328
v 0.0111012 0.77475 -0.53616
v -0.00856676 0.73784 -0.560532
v -0.00271276 0.74882 -0.581891
v 0.259987 0.61053 -0.568636
v 0.259987 0.61053 -0.568636
v 0.254134 0.60358 -0.545647
v -0.00856676 0.73784 -0.560532
v -0.179549 0.78217 -0.50379
v -0.159882 0.82325 -0.487403
v -0.154028 0.82968 -0.510545
v -0.154028 0.82968 -0.510545
v -0.173695 0.7886 -0.526932
v -0.179549 0.78217 -0.50379
v 0.259987 0.61053 -0.568636
v 0.279655 0.65123 -0.551317
v 0.273801 0.64427 -0.528328
v 0.273801 0.64427 -0.528328
v 0.254134 0.60358 -0.545647
v 0.259987 0.61053 -0.568636
v -0.159882 0.82325 -0.487403
v -0.179549 0.78217 -0.50379
v -0.00856676 0.73784 -0.560532
v -0.00856676 0.73784 -0.560532
v 0.0111012 0.77475 -0.53616
v -0.159882 0.82325 -0.487403
v -0.00856676 0.73784 -0.560532
v -0.179549 0.78217 -0.50379
v -0.173695 0.7886 -0.526932
v -0.173695 0.7886 -0.526932
v -0.00271276 0.74882 -0.581891
v -0.00856676 0.73784 -0.560532
v -0.00271276 0.74882 -0.581891
v -0.173695 0.7886 -0.526932
v -0.154028 0.82968 -0.510545
v -0.154028 0.82968 -0.510545
v 0.0169552 0.78573 -0.55752
v -0.00271276 0.74882 -0.581891
v 0.0111012 0.77475 -0.53616
v 0.0169552 0.78573 -0.55752
v -0.154028 0.82968 -0.510545
v -0.154028 0.82968 -0.510545
v -0.159882 0.82325 -0.487403
v 0.0111012 0.77475 -0.53616
v -0.279655 0.65123 -0.551317
v -0.0169548 0.78089 -0.543004
v 0.00271324 0.74398 -0.567376
v 0.00271324 0.74398 -0.567376
v -0.259987 0.61053 -0.568636
v -0.279655 0.65123 -0.551317
v -0.273801 0.64427 -0.528328
v -0.0111008 0.7699 -0.521645
v -0.0169548 0.78089 -0.543004
v -0.0169548 0.78089 -0.543004
v -0.279655 0.65123 -0.551317
v -0.273801 0.64427 -0.528328
v -0.254134 0.60358 -0.545647
v 0.00856723 0.73299 -0.546017
v -0.0111008 0.7699 -0.521645
v -0.0111008 0.7699 -0.521645
v -0.273801 0.64427 -0.528328
v -0.254134 0.60358 -0.545647
v -0.254134 0.60358 -0.545647
v -0.259987 0.61053 -0.568636
v 0.00271324 0.74398 -0.567376
v 0.00271324 0.74398 -0.567376
v 0.00856723 0.73299 -0.546017
v -0.254134 0.60358 -0.545647
v 0.154028 0.82968 -0.510545
v 0.159882 0.82325 -0.487403
v 0.179549 0.78217 -0.50379
v 0.179549 0.78217 -0.50379
v 0.173695 0.7886 -0.526932
v 0.154028 0.82968 -0.510545
v -0.273801 0.64427 -0.528328
v -0.279655 0.65123 -0.551317
v -0.259987 0.61053 -0.568636
v -0.259987 0.61053 -0.568636
v -0.254134 0.60358 -0.545647
v -0.273801 0.64427 -0.528328
v 0.00856723 0.73299 -0.546017
v 0.179549 0.78217 -0.50379
v 0.159882 0.82325 -0.487403
v 0.159882 0.82325 -0.487403
v -0.0111008 0.7699 -0.521645
v 0.00856723 0.73299 -0.546017
v 0.173695 0.7886 -0.526932
v 0.179549 0.78217 -0.50379
v 0.00856723 0.73299 -0.546017
v 0.00856723 0.73299 -0.546017
v 0.00271324 0.74398 -0.567376
v 0.173695 0.7886 -0.526932
v 0.154028 0.82968 -0.510545
v 0.173695 0.7886 -0.526932
v 0.00271324 0.74398 -0.567376
v 0.00271324 0.74398 -0.567376
v -0.0169548 0.78089 -0.543004
v 0.154028 0.82968 -0.510545
v -0.0111008 0.7699 -0.521645
v 0.159882 0.82325 -0.487403
v 0.154028 0.82968 -0.510545
v 0.154028 0.82968 -0.510545
v -0.0169548 0.78089 -0.543004
v -0.0111008 0.7699 -0.521645
v -0.181692 0.44296 -0.630843
v -0.201359 0.48253 -0.611095
v -0.00348677 0.57455 -0.62271
v -0.00348677 0.57455 -0.62271
v 0.0161802 0.53498 -0.642457
v -0.181692 0.44296 -0.630843
v -0.195506 0.4742 -0.588568
v 0.00236623 0.56622 -0.600183
v -0.00348677 0.57455 -0.62271
v -0.00348677 0.57455 -0.62271
v -0.201359 0.48253 -0.611095
v -0.195506 0.4742 -0.588568
v -0.175838 0.43463 -0.608316
v 0.0220342 0.52664 -0.61993
v 0.00236623 0.56622 -0.600183
v 0.00236623 0.56622 -0.600183
v -0.195506 0.4742 -0.588568
v -0.175838 0.43463 -0.608316
v -0.175838 0.43463 -0.608316
v -0.181692 0.44296 -0.630843
v 0.0161802 0.53498 -0.642457
v 0.0161802 0.53498 -0.642457
v 0.0220342 0.52664 -0.61993
v -0.175838 0.43463 -0.608316
v 0.253095 0.61495 -0.565897
v 0.257313 0.60953 -0.542149
v 0.260705 0.56259 -0.553467
v 0.260705 0.56259 -0.553467
v 0.256487 0.56801 -0.577215
v 0.253095 0.61495 -0.565897
v -0.195506 0.4742 -0.588568
v -0.201359 0.48253 -0.611095
v -0.181692 0.44296 -0.630843
v -0.181692 0.44296 -0.630843
v -0.175838 0.43463 -0.608316
v -0.195506 0.4742 -0.588568
v 0.0220342 0.52664 -0.61993
v 0.260705 0.56259 -0.553467
v 0.257313 0.60953 -0.542149
v 0.257313 0.60953 -0.542149
v 0.00236623 0.56622 -0.600183
v 0.0220342 0.52664 -0.61993
v 0.256487 0.56801 -0.577215
v 0.260705 0.56259 -0.553467
v 0.0220342 0.52664 -0.61993
v 0.0220342 0.52664 -0.61993
v 0.0161802 0.53498 -0.642457
v 0.256487 0.56801 -0.577215
v 0.253095 0.61495 -0.565897
v 0.256487 0.56801 -0.577215
v 0.0161802 0.53498 -0.642457
v 0.0161802 0.53498 -0.642457
v -0.00348677 0.57455 -0.62271
v 0.253095 0.61495 -0.565897
v 0.00236623 0.56622 -0.600183
v 0.257313 0.60953 -0.542149
v 0.253095 0.61495 -0.565897
v 0.253095 0.61495 -0.565897
v -0.00348677 0.57455 -0.62271
v 0.00236623 0.56622 -0.600183
v 0.181692 0.44296 -0.630843
v -0.0161798 0.53498 -0.626204
v 0.00348723 0.57455 -0.606457
v 0.00348723 0.57455 -0.606457
v 0.201359 0.48253 -0.611095
v 0.181692 0.44296 -0.630843
v 0.00348723 0.57455 -0.606457
v -0.00236577 0.56622 -0.58393
v 0.195506 0.4742 -0.588568
v 0.195506 0.4742 -0.588568
v 0.201359 0.48253 -0.611095
v 0.00348723 0.57455 -0.606457
v -0.00236577 0.56622 -0.58393
v -0.0220338 0.52664 -0.603678
v 0.175838 0.43463 -0.608316
v 0.175838 0.43463 -0.608316
v 0.195506 0.4742 -0.588568
v -0.00236577 0.56622 -0.58393
v 0.175838 0.43463 -0.608316
v -0.0220338 0.52664 -0.603678
v -0.0161798 0.53498 -0.626204
v -0.0161798 0.53498 -0.626204
v 0.181692 0.44296 -0.630843
v 0.175838 0.43463 -0.608316
v -0.260705 0.56259 -0.553467
v -0.257313 0.60953 -0.542149
v -0.253095 0.61495 -0.565897
v -0.253095 0.61495 -0.565897
v -0.256487 0.56801 -0.577215
v -0.260705 0.56259 -0.553467
v 0.181692 0.44296 -0.630843
v 0.201359 0.48253 -0.611095
v 0.195506 0.4742 -0.588568
v 0.195506 0.4742 -0.588568
v 0.175838 0.43463 -0.608316
v 0.181692 0.44296 -0.630843
v -0.257313 0.60953 -0.542149
v -0.260705 0.56259 -0.553467
v -0.0220338 0.52664 -0.603678
v -0.0220338 0.52664 -0.603678
v -0.00236577 0.56622 -0.58393
v -0.257313 0.60953 -0.542149
v -0.0220338 0.52664 -0.603678
v -0.260705 0.56259 -0.553467
v -0.256487 0.56801 -0.577215
v -0.256487 0.56801 -0.577215
v -0.0161798 0.53498 -0.626204
v -0.0220338 0.52664 -0.603678
v -0.0161798 0.53498 -0.626204
v -0.256487 0.56801 -0.577215
v -0.253095 0.61495 -0.565897
v -0.253095 0.61495 -0.565897
v 0.00348723 0.57455 -0.606457
v -0.0161798 0.53498 -0.626204
v -0.00236577 0.56622 -0.58393
v 0.00348723 0.57455 -0.606457
v -0.253095 0.61495 -0.565897
v -0.253095 0.61495 -0.565897
v -0.257313 0.60953 -0.542149
v -0.00236577 0.56622 -0.58393
v -0.00568978 0.34985 -0.689575
v 0.0139782 0.39237 -0.677424
v 0.179549 0.27945 -0.631554
v 0.179549 0.27945 -0.631554
v 0.159882 0.23692 -0.643705
v -0.00568978 0.34985 -0.689575
v 0.179549 0.27945 -0.631554
v 0.0139782 0.39237 -0.677424
v 0.00812422 0.38832 -0.653751
v 0.00812422 0.38832 -0.653751
v 0.173696 0.27539 -0.607881
v 0.179549 0.27945 -0.631554
v 0.173696 0.27539 -0.607881
v 0.00812422 0.38832 -0.653751
v -0.0115428 0.34579 -0.665901
v -0.0115428 0.34579 -0.665901
v 0.154028 0.23287 -0.620032
v 0.173696 0.27539 -0.607881
v -0.0115428 0.34579 -0.665901
v -0.00568978 0.34985 -0.689575
v 0.159882 0.23692 -0.643705
v 0.159882 0.23692 -0.643705
v 0.154028 0.23287 -0.620032
v -0.0115428 0.34579 -0.665901
v -0.16398 0.40363 -0.605978
v -0.162681 0.4519 -0.602696
v -0.156957 0.45338 -0.6267
v -0.156957 0.45338 -0.6267
v -0.158255 0.4051 -0.629982
v -0.16398 0.40363 -0.605978
v 0.159882 0.23692 -0.643705
v 0.179549 0.27945 -0.631554
v 0.173696 0.27539 -0.607881
v 0.173696 0.27539 -0.607881
v 0.154028 0.23287 -0.620032
v 0.159882 0.23692 -0.643705
v 0.00812422 0.38832 -0.653751
v -0.162681 0.4519 -0.602696
v -0.16398 0.40363 -0.605978
v -0.16398 0.40363 -0.605978
v -0.0115428 0.34579 -0.665901
v 0.00812422 0.38832 -0.653751
v -0.0115428 0.34579 -0.665901
v -0.16398 0.40363 -0.605978
v -0.158255 0.4051 -0.629982
v -0.158255 0.4051 -0.629982
v -0.00568978 0.34985 -0.689575
v -0.0115428 0.34579 -0.665901
v 0.0139782 0.39237 -0.677424
v -0.00568978 0.34985 -0.689575
v -0.158255 0.4051 -0.629982
v -0.158255 0.4051 -0.629982
v -0.156957 0.45338 -0.6267
v 0.0139782 0.39237 -0.677424
v 0.00812422 0.38832 -0.653751
v 0.0139782 0.39237 -0.677424
v -0.156957 0.45338 -0.6267
v -0.156957 0.45338 -0.6267
v -0.162681 0.4519 -0.602696
v 0.00812422 0.38832 -0.653751
v -0.173229 0.27945 -0.631554
v -0.00765678 0.39237 -0.657244
v 0.0120102 0.34985 -0.669395
v 0.0120102 0.34985 -0.669395
v -0.153561 0.23692 -0.643705
v -0.173229 0.27945 -0.631554
v -0.167375 0.27539 -0.607881
v -0.00180378 0.38832 -0.633571
v -0.00765678 0.39237 -0.657244
v -0.00765678 0.39237 -0.657244
v -0.173229 0.27945 -0.631554
v -0.167375 0.27539 -0.607881
v -0.167375 0.27539 -0.607881
v -0.147708 0.23287 -0.620032
v 0.0178642 0.34579 -0.645721
v 0.0178642 0.34579 -0.645721
v -0.00180378 0.38832 -0.633571
v -0.167375 0.27539 -0.607881
v -0.153561 0.23692 -0.643705
v 0.0120102 0.34985 -0.669395
v 0.0178642 0.34579 -0.645721
v 0.0178642 0.34579 -0.645721
v -0.147708 0.23287 -0.620032
v -0.153561 0.23692 -0.643705
v 0.163277 0.45338 -0.6267
v 0.169002 0.4519 -0.602696
v 0.1703 0.40363 -0.605978
v 0.1703 0.40363 -0.605978
v 0.164576 0.4051 -0.629982
v 0.163277 0.45338 -0.6267
v -0.167375 0.27539 -0.607881
v -0.173229 0.27945 -0.631554
v -0.153561 0.23692 -0.643705
v -0.153561 0.23692 -0.643705
v -0.147708 0.23287 -0.620032
v -0.167375 0.27539 -0.607881
v -0.00180378 0.38832 -0.633571
v 0.0178642 0.34579 -0.645721
v 0.1703 0.40363 -0.605978
v 0.1703 0.40363 -0.605978
v 0.169002 0.4519 -0.602696
v -0.00180378 0.38832 -0.633571
v 0.164576 0.4051 -0.629982
v 0.1703 0.40363 -0.605978
v 0.0178642 0.34579 -0.645721
v 0.0178642 0.34579 -0.645721
v 0.0120102 0.34985 -0.669395
v 0.164576 0.4051 -0.629982
v -0.00765678 0.39237 -0.657244
v 0.163277 0.45338 -0.6267
v 0.164576 0.4051 -0.629982
v 0.164576 0.4051 -0.629982
v 0.0120102 0.34985 -0.669395
v -0.00765678 0.39237 -0.657244
v -0.00180378 0.38832 -0.633571
v 0.169002 0.4519 -0.602696
v 0.163277 0.45338 -0.6267
v 0.163277 0.45338 -0.6267
v -0.00765678 0.39237 -0.657244
v -0.00180378 0.38832 -0.633571
v -0.343822 0.85285 -0.432174
v -0.32828 0.79376 -0.500871
v -0.376402 0.80835 -0.48879
v -0.376402 0.80835 -0.48879
v -0.39343 0.8902 -0.399077
v -0.343822 0.85285 -0.432174
v -0.39343 0.8902 -0.399077
v -0.376402 0.80835 -0.48879
v -0.378472 0.79592 -0.467517
v -0.378472 0.79592 -0.467517
v -0.394015 0.86545 -0.383876
v -0.39343 0.8902 -0.399077
v -0.378472 0.79592 -0.467517
v -0.33035 0.78133 -0.479599
v -0.345893 0.84042 -0.410901
v -0.345893 0.84042 -0.410901
v -0.394015 0.86545 -0.383876
v -0.378472 0.79592 -0.467517
v -0.33035 0.78133 -0.479599
v -0.32828 0.79376 -0.500871
v -0.343822 0.85285 -0.432174
v -0.343822 0.85285 -0.432174
v -0.345893 0.84042 -0.410901
v -0.33035 0.78133 -0.479599
v -0.305171 0.1919 -0.664145
v -0.367865 0.10838 -0.665993
v -0.365794 0.1208 -0.687266
v -0.365794 0.1208 -0.687266
v -0.3031 0.20432 -0.685417
v -0.305171 0.1919 -0.664145
v -0.345893 0.84042 -0.410901
v -0.343822 0.85285 -0.432174
v -0.39343 0.8902 -0.399077
v -0.39343 0.8902 -0.399077
v -0.394015 0.86545 -0.383876
v -0.345893 0.84042 -0.410901
v -0.358224 0.42125 -0.620068
v -0.310098 0.41639 -0.618222
v -0.315865 0.64622 -0.543621
v -0.315865 0.64622 -0.543621
v -0.363987 0.65108 -0.545465
v -0.358224 0.42125 -0.620068
v -0.315865 0.64622 -0.543621
v -0.310098 0.41639 -0.618222
v -0.308028 0.42881 -0.639494
v -0.308028 0.42881 -0.639494
v -0.313795 0.65864 -0.564894
v -0.315865 0.64622 -0.543621
v -0.313795 0.65864 -0.564894
v -0.308028 0.42881 -0.639494
v -0.356153 0.43367 -0.641341
v -0.356153 0.43367 -0.641341
v -0.361916 0.6635 -0.566738
v -0.313795 0.65864 -0.564894
v -0.363987 0.65108 -0.545465
v -0.361916 0.6635 -0.566738
v -0.356153 0.43367 -0.641341
v -0.356153 0.43367 -0.641341
v -0.358224 0.42125 -0.620068
v -0.363987 0.65108 -0.545465
v -0.358224 0.42125 -0.620068
v -0.356153 0.43367 -0.641341
v -0.365794 0.1208 -0.687266
v -0.365794 0.1208 -0.687266
v -0.367865 0.10838 -0.665993
v -0.358224 0.42125 -0.620068
v -0.358224 0.42125 -0.620068
v -0.367865 0.10838 -0.665993
v -0.305171 0.1919 -0.664145
v -0.305171 0.1919 -0.664145
v -0.310098 0.41639 -0.618222
v -0.358224 0.42125 -0.620068
v -0.310098 0.41639 -0.618222
v -0.305171 0.1919 -0.664145
v -0.3031 0.20432 -0.685417
v -0.3031 0.20432 -0.685417
v -0.308028 0.42881 -0.639494
v -0.310098 0.41639 -0.618222
v -0.356153 0.43367 -0.641341
v -0.308028 0.42881 -0.639494
v -0.3031 0.20432 -0.685417
v -0.3031 0.20432 -0.685417
v -0.365794 0.1208 -0.687266
v -0.356153 0.43367 -0.641341
v -0.361916 0.6635 -0.566738
v -0.363987 0.65108 -0.545465
v -0.378472 0.79592 -0.467517
v -0.378472 0.79592 -0.467517
v -0.376402 0.80835 -0.48879
v -0.361916 0.6635 -0.566738
v -0.33035 0.78133 -0.479599
v -0.378472 0.79592 -0.467517
v -0.363987 0.65108 -0.545465
v -0.363987 0.65108 -0.545465
v -0.315865 0.64622 -0.543621
v -0.33035 0.78133 -0.479599
v -0.33035 0.78133 -0.479599
v -0.315865 0.64622 -0.543621
v -0.313795 0.65864 -0.564894
v -0.313795 0.65864 -0.564894
v -0.32828 0.79376 -0.500871
v -0.33035 0.78133 -0.479599
v -0.32828 0.79376 -0.500871
v -0.313795 0.65864 -0.564894
v -0.361916 0.6635 -0.566738
v -0.361916 0.6635 -0.566738
v -0.376402 0.80835 -0.48879
v -0.32828 0.79376 -0.500871
v 0.884868 -0.605325 0.592617
v 0.826762 0.0678229 0.570418
v 0.880139 -0.353725 0.655105
v -0.000378043 -0.640578 0.491921
v -0.000378061 -0.683559 0.589198
v 0.0437439 -0.700147 0.589198
v 0.0437439 -0.700147 0.589198
v 0.077229 -0.669755 0.491921
v -0.000378043 -0.640578 0.491921
v 0.077229 -0.669755 0.491921
v 0.0437439 -0.700147 0.589198
v 0.0620199 -0.740193 0.589198
v 0.0620199 -0.740193 0.589198
v 0.109376 -0.740193 0.491921
v 0.077229 -0.669755 0.491921
v 0.0620199 -0.740193 0.589198
v 0.0437439 -0.78024 0.589198
v 0.0772289 -0.810632 0.491921
v 0.0772289 -0.810632 0.491921
v 0.109376 -0.740193 0.491921
v 0.0620199 -0.740193 0.589198
v 0.0437439 -0.78024 0.589198
v -0.000378071 -0.796828 0.589198
v -0.00037806 -0.839808 0.491921
v -0.00037806 -0.839808 0.491921
v 0.0772289 -0.810632 0.491921
v 0.0437439 -0.78024 0.589198
v -0.000378061 -0.683559 0.589198
v -0.000378076 -0.740193 0.655064
v 0.0437439 -0.700147 0.589198
v 0.0437439 -0.700147 0.589198
v -0.000378076 -0.740193 0.655064
v 0.0620199 -0.740193 0.589198
v 0.0620199 -0.740193 0.589198
v -0.000378076 -0.740193 0.655064
v 0.0437439 -0.78024 0.589198
v 0.0437439 -0.78024 0.589198
v -0.000378076 -0.740193 0.655064
v -0.000378071 -0.796828 0.589198
v -0.000378043 -0.640578 0.491921
v -0.077985 -0.669755 0.491921
v -0.0445001 -0.700147 0.589198
v -0.0445001 -0.700147 0.589198
v -0.000378061 -0.683559 0.589198
v -0.000378043 -0.640578 0.491921
v -0.077985 -0.669755 0.491921
v -0.110132 -0.740193 0.491921
v -0.0627761 -0.740193 0.589198
v -0.0627761 -0.740193 0.589198
v -0.0445001 -0.700147 0.589198
v -0.077985 -0.669755 0.491921
v -0.0779851 -0.810632 0.491921
v -0.0445001 -0.78024 0.589198
v -0.0627761 -0.740193 0.589198
v -0.0627761 -0.740193 0.589198
v -0.110132 -0.740193 0.491921
v -0.0779851 -0.810632 0.491921
v -0.00037806 -0.839808 0.491921
v -0.000378071 -0.796828 0.589198
v -0.0445001 -0.78024 0.589198
v -0.0445001 -0.78024 0.589198
v -0.0779851 -0.810632 0.491921
v -0.00037806 -0.839808 0.491921
v -0.000378061 -0.683559 0.589198
v -0.0445001 -0.700147 0.589198
v -0.000378076 -0.740193 0.655064
v -0.0445001 -0.700147 0.589198
v -0.0627761 -0.740193 0.589198
v -0.000378076 -0.740193 0.655064
v -0.0627761 -0.740193 0.589198
v -0.0445001 -0.78024 0.589198
v -0.000378076 -0.740193 0.655064
v -0.0445001 -0.78024 0.589198
v -0.000378071 -0.796828 0.589198
v -0.000378076 -0.740193 0.655064
v -0.824908 -0.667986 -0.319883
v -0.906359 -0.710968 -0.390821
v -0.936314 -0.727554 -0.35725
v -0.936314 -0.727554 -0.35725
v -0.865571 -0.697163 -0.251993
v -0.824908 -0.667986 -0.319883
v -0.784244 -0.697163 -0.387775
v -0.876405 -0.727554 -0.424393
v -0.906359 -0.710968 -0.390821
v -0.906359 -0.710968 -0.390821
v -0.824908 -0.667986 -0.319883
v -0.784244 -0.697163 -0.387775
v -0.767401 -0.767601 -0.415897
v -0.863996 -0.767601 -0.438298
v -0.876405 -0.727554 -0.424393
v -0.876405 -0.727554 -0.424393
v -0.784244 -0.697163 -0.387775
v -0.767401 -0.767601 -0.415897
v -0.767401 -0.767601 -0.415897
v -0.784244 -0.83804 -0.387775
v -0.876405 -0.807647 -0.424393
v -0.876405 -0.807647 -0.424393
v -0.863996 -0.767601 -0.438298
v -0.767401 -0.767601 -0.415897
v -0.784244 -0.83804 -0.387775
v -0.824908 -0.867217 -0.319883
v -0.906359 -0.824235 -0.390821
v -0.906359 -0.824235 -0.390821
v -0.876405 -0.807647 -0.424393
v -0.784244 -0.83804 -0.387775
v -0.824908 -0.867217 -0.319883
v -0.865571 -0.83804 -0.251993
v -0.936314 -0.807647 -0.35725
v -0.936314 -0.807647 -0.35725
v -0.906359 -0.824235 -0.390821
v -0.824908 -0.867217 -0.319883
v -0.865571 -0.83804 -0.251993
v -0.882414 -0.767601 -0.223871
v -0.948721 -0.767601 -0.343345
v -0.948721 -0.767601 -0.343345
v -0.936314 -0.807647 -0.35725
v -0.865571 -0.83804 -0.251993
v -0.865571 -0.697163 -0.251993
v -0.936314 -0.727554 -0.35725
v -0.948721 -0.767601 -0.343345
v -0.948721 -0.767601 -0.343345
v -0.882414 -0.767601 -0.223871
v -0.865571 -0.697163 -0.251993
v -0.936314 -0.727554 -0.35725
v -0.906359 -0.710968 -0.390821
v -0.953027 -0.767601 -0.435539
v -0.906359 -0.710968 -0.390821
v -0.876405 -0.727554 -0.424393
v -0.953027 -0.767601 -0.435539
v -0.876405 -0.727554 -0.424393
v -0.863996 -0.767601 -0.438298
v -0.953027 -0.767601 -0.435539
v -0.863996 -0.767601 -0.438298
v -0.876405 -0.807647 -0.424393
v -0.953027 -0.767601 -0.435539
v -0.876405 -0.807647 -0.424393
v -0.906359 -0.824235 -0.390821
v -0.953027 -0.767601 -0.435539
v -0.906359 -0.824235 -0.390821
v -0.936314 -0.807647 -0.35725
v -0.953027 -0.767601 -0.435539
v -0.936314 -0.807647 -0.35725
v -0.948721 -0.767601 -0.343345
v -0.953027 -0.767601 -0.435539
v -0.948721 -0.767601 -0.343345
v -0.936314 -0.727554 -0.35725
v -0.953027 -0.767601 -0.435539
v 0.0522501 -0.698596 -0.778218
v 0.0522501 -0.675583 -0.778218
v 0.147879 -0.675583 -0.743767
v 0.147879 -0.675583 -0.743767
v 0.147879 -0.698596 -0.743767
v 0.0522501 -0.698596 -0.778218
v 0.147879 -0.675583 -0.743767
v 0.0522501 -0.675583 -0.778218
v 0.0484401 -0.675583 -0.761133
v 0.0484401 -0.675583 -0.761133
v 0.14407 -0.675583 -0.726681
v 0.147879 -0.675583 -0.743767
v 0.0484401 -0.675583 -0.761133
v 0.0484401 -0.698596 -0.761133
v 0.14407 -0.698596 -0.726681
v 0.14407 -0.698596 -0.726681
v 0.14407 -0.675583 -0.726681
v 0.0484401 -0.675583 -0.761133
v 0.0484401 -0.698596 -0.761133
v 0.0522501 -0.698596 -0.778218
v 0.147879 -0.698596 -0.743767
v 0.147879 -0.698596 -0.743767
v 0.14407 -0.698596 -0.726681
v 0.0484401 -0.698596 -0.761133
v -0.0409419 -0.698596 -0.784105
v -0.0409419 -0.675583 -0.784105
v -0.0371318 -0.675583 -0.801191
v -0.0371318 -0.675583 -0.801191
v -0.0371319 -0.698596 -0.801191
v -0.0409419 -0.698596 -0.784105
v -0.0371319 -0.698596 -0.801191
v -0.0371318 -0.675583 -0.801191
v 0.0522501 -0.675583 -0.778218
v 0.0522501 -0.675583 -0.778218
v 0.0522501 -0.698596 -0.778218
v -0.0371319 -0.698596 -0.801191
v 0.0522501 -0.675583 -0.778218
v -0.0371318 -0.675583 -0.801191
v -0.0409419 -0.675583 -0.784105
v -0.0409419 -0.675583 -0.784105
v 0.0484401 -0.675583 -0.761133
v 0.0522501 -0.675583 -0.778218
v 0.0484401 -0.675583 -0.761133
v -0.0409419 -0.675583 -0.784105
v -0.0409419 -0.698596 -0.784105
v -0.0409419 -0.698596 -0.784105
v 0.0484401 -0.698596 -0.761133
v 0.0484401 -0.675583 -0.761133
v 0.0522501 -0.698596 -0.778218
v 0.0484401 -0.698596 -0.761133
v -0.0409419 -0.698596 -0.784105
v -0.0409419 -0.698596 -0.784105
v -0.0371319 -0.698596 -0.801191
v 0.0522501 -0.698596 -0.778218
v 0.0522501 -0.784859 -0.778218
v 0.0522501 -0.761846 -0.778218
v 0.147879 -0.761846 -0.743767
v 0.147879 -0.761846 -0.743767
v 0.147879 -0.784859 -0.743767
v 0.0522501 -0.784859 -0.778218
v 0.147879 -0.761846 -0.743767
v 0.0522501 -0.761846 -0.778218
v 0.0484401 -0.761846 -0.761133
v 0.0484401 -0.761846 -0.761133
v 0.14407 -0.761846 -0.726681
v 0.147879 -0.761846 -0.743767
v 0.0484401 -0.761846 -0.761133
v 0.0484401 -0.784859 -0.761133
v 0.14407 -0.784859 -0.726681
v 0.14407 -0.784859 -0.726681
v 0.14407 -0.761846 -0.726681
v 0.0484401 -0.761846 -0.761133
v 0.0484401 -0.784859 -0.761133
v 0.0522501 -0.784859 -0.778218
v 0.147879 -0.784859 -0.743767
v 0.147879 -0.784859 -0.743767
v 0.14407 -0.784859 -0.726681
v 0.0484401 -0.784859 -0.761133
v -0.0409419 -0.784859 -0.784105
v -0.0409419 -0.761846 -0.784105
v -0.0371319 -0.761846 -0.801191
v -0.0371319 -0.761846 -0.801191
v -0.0371319 -0.784859 -0.801191
v -0.0409419 -0.784859 -0.784105
v -0.0371319 -0.784859 -0.801191
v -0.0371319 -0.761846 -0.801191
v 0.0522501 -0.761846 -0.778218
v 0.0522501 -0.761846 -0.778218
v 0.0522501 -0.784859 -0.778218
v -0.0371319 -0.784859 -0.801191
v 0.0522501 -0.761846 -0.778218
v -0.0371319 -0.761846 -0.801191
v -0.0409419 -0.761846 -0.784105
v -0.0409419 -0.761846 -0.784105
v 0.0484401 -0.761846 -0.761133
v 0.0522501 -0.761846 -0.778218
v 0.0484401 -0.761846 -0.761133
v -0.0409419 -0.761846 -0.784105
v -0.0409419 -0.784859 -0.784105
v -0.0409419 -0.784859 -0.784105
v 0.0484401 -0.784859 -0.761133
v 0.0484401 -0.761846 -0.761133
v 0.0522501 -0.784859 -0.778218
v 0.0484401 -0.784859 -0.761133
v -0.0409419 -0.784859 -0.784105
v -0.0409419 -0.784859 -0.784105
v -0.0371319 -0.784859 -0.801191
v 0.0522501 -0.784859 -0.778218
v 0.936314 -0.727554 -0.35725
v 0.906359 -0.710968 -0.390821
v 0.824908 -0.667986 -0.319883
v 0.824908 -0.667986 -0.319883
v 0.865571 -0.697163 -0.251993
v 0.936314 -0.727554 -0.35725
v 0.906359 -0.710968 -0.390821
v 0.876405 -0.727554 -0.424393
v 0.784244 -0.697163 -0.387775
v 0.784244 -0.697163 -0.387775
v 0.824908 -0.667986 -0.319883
v 0.906359 -0.710968 -0.390821
v 0.876405 -0.727554 -0.424393
v 0.863996 -0.767601 -0.438298
v 0.767401 -0.767601 -0.415897
v 0.767401 -0.767601 -0.415897
v 0.784244 -0.697163 -0.387775
v 0.876405 -0.727554 -0.424393
v 0.767401 -0.767601 -0.415897
v 0.863996 -0.767601 -0.438298
v 0.876405 -0.807647 -0.424393
v 0.876405 -0.807647 -0.424393
v 0.784244 -0.83804 -0.387775
v 0.767401 -0.767601 -0.415897
v 0.784244 -0.83804 -0.387775
v 0.876405 -0.807647 -0.424393
v 0.906359 -0.824235 -0.390821
v 0.906359 -0.824235 -0.390821
v 0.824908 -0.867217 -0.319883
v 0.784244 -0.83804 -0.387775
v 0.824908 -0.867217 -0.319883
v 0.906359 -0.824235 -0.390821
v 0.936314 -0.807647 -0.35725
v 0.936314 -0.807647 -0.35725
v 0.865571 -0.83804 -0.251993
v 0.824908 -0.867217 -0.319883
v 0.865571 -0.83804 -0.251993
v 0.936314 -0.807647 -0.35725
v 0.948721 -0.767601 -0.343345
v 0.948721 -0.767601 -0.343345
v 0.882414 -0.767601 -0.223871
v 0.865571 -0.83804 -0.251993
v 0.948721 -0.767601 -0.343345
v 0.936314 -0.727554 -0.35725
v 0.865571 -0.697163 -0.251993
v 0.865571 -0.697163 -0.251993
v 0.882414 -0.767601 -0.223871
v 0.948721 -0.767601 -0.343345
v 0.936314 -0.727554 -0.35725
v 0.953027 -0.767601 -0.435539
v 0.906359 -0.710968 -0.390821
v 0.906359 -0.710968 -0.390821
v 0.953027 -0.767601 -0.435539
v 0.876405 -0.727554 -0.424393
v 0.876405 -0.727554 -0.424393
v 0.953027 -0.767601 -0.435539
v 0.863996 -0.767601 -0.438298
v 0.863996 -0.767601 -0.438298
v 0.953027 -0.767601 -0.435539
v 0.876405 -0.807647 -0.424393
v 0.876405 -0.807647 -0.424393
v 0.953027 -0.767601 -0.435539
v 0.906359 -0.824235 -0.390821
v 0.906359 -0.824235 -0.390821
v 0.953027 -0.767601 -0.435539
v 0.936314 -0.807647 -0.35725
v 0.936314 -0.807647 -0.35725
v 0.953027 -0.767601 -0.435539
v 0.948721 -0.767601 -0.343345
v 0.948721 -0.767601 -0.343345
v 0.953027 -0.767601 -0.435539
v 0.936314 -0.727554 -0.35725
v -0.788687 -0.639797 0.216146
v -0.856472 -0.682778 0.282659
v -0.825891 -0.699366 0.315969
v -0.825891 -0.699366 0.315969
v -0.734896 -0.668974 0.274737
v -0.788687 -0.639797 0.216146
v -0.788687 -0.639797 0.216146
v -0.84248 -0.668974 0.157557
v -0.887055 -0.699366 0.249348
v -0.887055 -0.699366 0.249348
v -0.856472 -0.682778 0.282659
v -0.788687 -0.639797 0.216146
v -0.84248 -0.668974 0.157557
v -0.864761 -0.739412 0.133289
v -0.899723 -0.739412 0.235551
v -0.899723 -0.739412 0.235551
v -0.887055 -0.699366 0.249348
v -0.84248 -0.668974 0.157557
v -0.84248 -0.80985 0.157557
v -0.887055 -0.779459 0.249348
v -0.899723 -0.739412 0.235551
v -0.899723 -0.739412 0.235551
v -0.864761 -0.739412 0.133289
v -0.84248 -0.80985 0.157557
v -0.788687 -0.839027 0.216146
v -0.856472 -0.796047 0.282659
v -0.887055 -0.779459 0.249348
v -0.887055 -0.779459 0.249348
v -0.84248 -0.80985 0.157557
v -0.788687 -0.839027 0.216146
v -0.734896 -0.80985 0.274737
v -0.825891 -0.779459 0.315969
v -0.856472 -0.796047 0.282659
v -0.856472 -0.796047 0.282659
v -0.788687 -0.839027 0.216146
v -0.734896 -0.80985 0.274737
v -0.734896 -0.80985 0.274737
v -0.712614 -0.739412 0.299005
v -0.813222 -0.739412 0.329766
v -0.813222 -0.739412 0.329766
v -0.825891 -0.779459 0.315969
v -0.734896 -0.80985 0.274737
v -0.734896 -0.668974 0.274737
v -0.825891 -0.699366 0.315969
v -0.813222 -0.739412 0.329766
v -0.813222 -0.739412 0.329766
v -0.712614 -0.739412 0.299005
v -0.734896 -0.668974 0.274737
v -0.825891 -0.699366 0.315969
v -0.856472 -0.682778 0.282659
v -0.90237 -0.739412 0.327695
v -0.856472 -0.682778 0.282659
v -0.887055 -0.699366 0.249348
v -0.90237 -0.739412 0.327695
v -0.887055 -0.699366 0.249348
v -0.899723 -0.739412 0.235551
v -0.90237 -0.739412 0.327695
v -0.899723 -0.739412 0.235551
v -0.887055 -0.779459 0.249348
v -0.90237 -0.739412 0.327695
v -0.887055 -0.779459 0.249348
v -0.856472 -0.796047 0.282659
v -0.90237 -0.739412 0.327695
v -0.856472 -0.796047 0.282659
v -0.825891 -0.779459 0.315969
v -0.90237 -0.739412 0.327695
v -0.825891 -0.779459 0.315969
v -0.813222 -0.739412 0.329766
v -0.90237 -0.739412 0.327695
v -0.813222 -0.739412 0.329766
v -0.825891 -0.699366 0.315969
v -0.90237 -0.739412 0.327695
v 0.0 -0.96241 0.372264
v 0.0 -1.16276 0.325132
v 0.163477 -1.16276 0.325132
v 0.163477 -1.16276 0.325132
v 0.227718 -0.96241 0.372264
v 0.0 -0.96241 0.372264
v 0.0 -1.16276 0.325132
v 0.0 -1.30942 0.196363
v 0.114826 -1.30942 0.196363
v 0.114826 -1.30942 0.196363
v 0.163477 -1.16276 0.325132
v 0.0 -1.16276 0.325132
v 0.0 -1.30942 0.196363
v 0.0 -1.36311 0.0204641
v 0.0897 -1.36311 0.0204641
v 0.0897 -1.36311 0.0204641
v 0.114826 -1.30942 0.196363
v 0.0 -1.30942 0.196363
v 0.0897 -1.36311 0.0204641
v 0.0 -1.36311 0.0204641
v 0.0 -1.30942 -0.155437
v 0.0 -1.30942 -0.155437
v 0.106717 -1.30942 -0.147835
v 0.0897 -1.36311 0.0204641
v 0.106717 -1.30942 -0.147835
v 0.0 -1.30942 -0.155437
v 0.0 -1.16276 -0.284205
v 0.0 -1.16276 -0.284205
v 0.134166 -1.16276 -0.276603
v 0.106717 -1.30942 -0.147835
v 0.134166 -1.16276 -0.276603
v 0.0 -1.16276 -0.284205
v 0.0 -0.96241 -0.331338
v 0.0 -0.96241 -0.331338
v 0.168552 -0.96241 -0.323735
v 0.134166 -1.16276 -0.276603
v 0.168552 -0.96241 -0.323735
v 0.227718 -0.96241 0.372264
v 0.163477 -1.16276 0.325132
v 0.163477 -1.16276 0.325132
v 0.134166 -1.16276 -0.276603
v 0.168552 -0.96241 -0.323735
v 0.114826 -1.30942 0.196363
v 0.106717 -1.30942 -0.147835
v 0.134166 -1.16276 -0.276603
v 0.134166 -1.16276 -0.276603
v 0.163477 -1.16276 0.325132
v 0.114826 -1.30942 0.196363
v 0.106717 -1.30942 -0.147835
v 0.114826 -1.30942 0.196363
v 0.0897 -1.36311 0.0204641
v -0.163477 -1.16276 0.325132
v 0.0 -1.16276 0.325132
v 0.0 -0.96241 0.372264
v 0.0 -0.96241 0.372264
v -0.227718 -0.96241 0.372264
v -0.163477 -1.16276 0.325132
v -0.114826 -1.30942 0.196363
v 0.0 -1.30942 0.196363
v 0.0 -1.16276 0.325132
v 0.0 -1.16276 0.325132
v -0.163477 -1.16276 0.325132
v -0.114826 -1.30942 0.196363
v -0.0897 -1.36311 0.0204641
v 0.0 -1.36311 0.0204641
v 0.0 -1.30942 0.196363
v 0.0 -1.30942 0.196363
v -0.114826 -1.30942 0.196363
v -0.0897 -1.36311 0.0204641
v -0.0897 -1.36311 0.0204641
v -0.106717 -1.30942 -0.147835
v 0.0 -1.30942 -0.155437
v 0.0 -1.30942 -0.155437
v 0.0 -1.36311 0.0204641
v -0.0897 -1.36311 0.0204641
v -0.106717 -1.30942 -0.147835
v -0.134166 -1.16276 -0.276603
v 0.0 -1.16276 -0.284205
v 0.0 -1.16276 -0.284205
v 0.0 -1.30942 -0.155437
v -0.106717 -1.30942 -0.147835
v -0.134166 -1.16276 -0.276603
v -0.168552 -0.96241 -0.323735
v 0.0 -0.96241 -0.331338
v 0.0 -0.96241 -0.331338
v 0.0 -1.16276 -0.284205
v -0.134166 -1.16276 -0.276603
v -0.168552 -0.96241 -0.323735
v -0.134166 -1.16276 -0.276603
v -0.163477 -1.16276 0.325132
v -0.163477 -1.16276 0.325132
v -0.227718 -0.96241 0.372264
v -0.168552 -0.96241 -0.323735
v -0.114826 -1.30942 0.196363
v -0.163477 -1.16276 0.325132
v -0.134166 -1.16276 -0.276603
v -0.134166 -1.16276 -0.276603
v -0.106717 -1.30942 -0.147835
v -0.114826 -1.30942 0.196363
v -0.106717 -1.30942 -0.147835
v -0.0897 -1.36311 0.0204641
v -0.114826 -1.30942 0.196363
v 0.0 -0.60331 0.5031
v -0.097957 -0.6033 0.496127
v -0.0983951 -0.865319 0.503549
v -0.0983951 -0.865319 0.503549
v 0.0 -0.865298 0.509593
v 0.0 -0.60331 0.5031
v 0.0 -0.60331 0.5031
v 0.0 -0.60331 -0.109335
v -0.097957 -0.6033 0.496127
v -0.0983951 -0.865319 0.503549
v 0.0 -0.86533 -0.101328
v 0.0 -0.865298 0.509593
v 0.377403 -0.86534 0.467691
v 0.66284 -0.865351 0.378897
v 0.60961 -0.603279 0.376118
v 0.60961 -0.603279 0.376118
v 0.344023 -0.603289 0.462704
v 0.377403 -0.86534 0.467691
v 0.66284 -0.865351 0.378897
v 0.85352 -0.865351 0.210121
v 0.819938 -0.603269 0.213338
v 0.819938 -0.603269 0.213338
v 0.60961 -0.603279 0.376118
v 0.66284 -0.865351 0.378897
v 0.85352 -0.865351 0.210121
v 0.949715 -0.865351 -0.0522468
v 0.917023 -0.603269 -0.0299868
v 0.917023 -0.603269 -0.0299868
v 0.819938 -0.603269 0.213338
v 0.85352 -0.865351 0.210121
v 0.949715 -0.865351 -0.0522468
v 0.86521 -0.865351 -0.339887
v 0.845509 -0.603279 -0.311583
v 0.845509 -0.603279 -0.311583
v 0.917023 -0.603269 -0.0299868
v 0.949715 -0.865351 -0.0522468
v 0.86521 -0.865351 -0.339887
v 0.620536 -0.86534 -0.56306
v 0.620536 -0.603279 -0.55388
v 0.620536 -0.603279 -0.55388
v 0.845509 -0.603279 -0.311583
v 0.86521 -0.865351 -0.339887
v 0.620536 -0.86534 -0.56306
v 0.282778 -0.865309 -0.726276
v 0.282778 -0.60331 -0.732449
v 0.282778 -0.60331 -0.732449
v 0.620536 -0.603279 -0.55388
v 0.620536 -0.86534 -0.56306
v 0.0983949 -0.865319 0.503549
v 0.377403 -0.86534 0.467691
v 0.344023 -0.603289 0.462704
v 0.344023 -0.603289 0.462704
v 0.097957 -0.6033 0.496127
v 0.0983949 -0.865319 0.503549
v 0.282778 -0.865309 -0.726276
v 1.27165e-07 -0.865245 -0.764153
v 1.51318e-07 -0.603353 -0.772483
v 1.51318e-07 -0.603353 -0.772483
v 0.282778 -0.60331 -0.732449
v 0.282778 -0.865309 -0.726276
v 0.0983949 -0.865319 0.503549
v 0.097957 -0.6033 0.496127
v 0.0 -0.60331 0.5031
v 0.0 -0.60331 0.5031
v 0.0 -0.865298 0.509593
v 0.0983949 -0.865319 0.503549
v 0.344023 -0.603289 0.462704
v 0.60961 -0.603279 0.376118
v 0.0 -0.60331 -0.109335
v 0.60961 -0.603279 0.376118
v 0.819938 -0.603269 0.213338
v 0.0 -0.60331 -0.109335
v 0.819938 -0.603269 0.213338
v 0.917023 -0.603269 -0.0299868
v 0.0 -0.60331 -0.109335
v 0.917023 -0.603269 -0.0299868
v 0.845509 -0.603279 -0.311583
v 0.0 -0.60331 -0.109335
v 0.845509 -0.603279 -0.311583
v 0.620536 -0.603279 -0.55388
v 0.0 -0.60331 -0.109335
v 0.620536 -0.603279 -0.55388
v 0.282778 -0.60331 -0.732449
v 0.0 -0.60331 -0.109335
v 0.097957 -0.6033 0.496127
v 0.344023 -0.603289 0.462704
v 0.0 -0.60331 -0.109335
v 0.282778 -0.60331 -0.732449
v 1.51318e-07 -0.603353 -0.772483
v 0.0 -0.60331 -0.109335
v 0.0 -0.60331 0.5031
v 0.097957 -0.6033 0.496127
v 0.0 -0.60331 -0.109335
v 0.66284 -0.865351 0.378897
v 0.377403 -0.86534 0.467691
v 0.0 -0.86533 -0.101328
v 0.85352 -0.865351 0.210121
v 0.66284 -0.865351 0.378897
v 0.0 -0.86533 -0.101328
v 0.949715 -0.865351 -0.0522468
v 0.85352 -0.865351 0.210121
v 0.0 -0.86533 -0.101328
v 0.86521 -0.865351 -0.339887
v 0.949715 -0.865351 -0.0522468
v 0.0 -0.86533 -0.101328
v 0.620536 -0.86534 -0.56306
v 0.86521 -0.865351 -0.339887
v 0.0 -0.86533 -0.101328
v 0.282778 -0.865309 -0.726276
v 0.620536 -0.86534 -0.56306
v 0.0 -0.86533 -0.101328
v 0.377403 -0.86534 0.467691
v 0.0983949 -0.865319 0.503549
v 0.0 -0.86533 -0.101328
v 1.27165e-07 -0.865245 -0.764153
v 0.282778 -0.865309 -0.726276
v 0.0 -0.86533 -0.101328
v 0.0983949 -0.865319 0.503549
v 0.0 -0.865298 0.509593
v 0.0 -0.86533 -0.101328
v 0.0983949 -0.865319 0.503549
v 0.097957 -0.6033 0.496127
v 0.0 -0.60331 0.5031
v 0.0 -0.60331 0.5031
v 0.0 -0.865298 0.509593
v 0.0983949 -0.865319 0.503549
v 0.0 -0.60331 0.5031
v 0.097957 -0.6033 0.496127
v 0.0 -0.60331 -0.109335
v 0.0983949 -0.865319 0.503549
v 0.0 -0.865298 0.509593
v 0.0 -0.86533 -0.101328
v -0.60961 -0.603279 0.376118
v -0.66284 -0.865351 0.378897
v -0.377403 -0.86534 0.467691
v -0.377403 -0.86534 0.467691
v -0.344023 -0.603289 0.462704
v -0.60961 -0.603279 0.376118
v -0.819938 -0.603269 0.213338
v -0.85352 -0.865351 0.210121
v -0.66284 -0.865351 0.378897
v -0.66284 -0.865351 0.378897
v -0.60961 -0.603279 0.376118
v -0.819938 -0.603269 0.213338
v -0.917023 -0.603269 -0.0299871
v -0.949715 -0.865351 -0.0522471
v -0.85352 -0.865351 0.210121
v -0.85352 -0.865351 0.210121
v -0.819938 -0.603269 0.213338
v -0.917023 -0.603269 -0.0299871
v -0.845509 -0.603279 -0.311583
v -0.86521 -0.865351 -0.339887
v -0.949715 -0.865351 -0.0522471
v -0.949715 -0.865351 -0.0522471
v -0.917023 -0.603269 -0.0299871
v -0.845509 -0.603279 -0.311583
v -0.620536 -0.603279 -0.55388
v -0.620536 -0.86534 -0.56306
v -0.86521 -0.865351 -0.339887
v -0.86521 -0.865351 -0.339887
v -0.845509 -0.603279 -0.311583
v -0.620536 -0.603279 -0.55388
v -0.282778 -0.60331 -0.732449
v -0.282778 -0.865309 -0.726276
v -0.620536 -0.86534 -0.56306
v -0.620536 -0.86534 -0.56306
v -0.620536 -0.603279 -0.55388
v -0.282778 -0.60331 -0.732449
v -0.344023 -0.603289 0.462704
v -0.377403 -0.86534 0.467691
v -0.0983951 -0.865319 0.503549
v -0.0983951 -0.865319 0.503549
v -0.097957 -0.6033 0.496127
v -0.344023 -0.603289 0.462704
v 1.51318e-07 -0.603353 -0.772483
v 1.27165e-07 -0.865245 -0.764153
v -0.282778 -0.865309 -0.726276
v -0.282778 -0.865309 -0.726276
v -0.282778 -0.60331 -0.732449
v 1.51318e-07 -0.603353 -0.772483
v 0.0 -0.60331 0.5031
v -0.097957 -0.6033 0.496127
v -0.0983951 -0.865319 0.503549
v -0.0983951 -0.865319 0.503549
v 0.0 -0.865298 0.509593
v 0.0 -0.60331 0.5031
v -0.344023 -0.603289 0.462704
v 0.0 -0.60331 -0.109335
v -0.60961 -0.603279 0.376118
v -0.60961 -0.603279 0.376118
v 0.0 -0.60331 -0.109335
v -0.819938 -0.603269 0.213338
v -0.819938 -0.603269 0.213338
v 0.0 -0.60331 -0.109335
v -0.917023 -0.603269 -0.0299871
v -0.917023 -0.603269 -0.0299871
v 0.0 -0.60331 -0.109335
v -0.845509 -0.603279 -0.311583
v -0.845509 -0.603279 -0.311583
v 0.0 -0.60331 -0.109335
v -0.620536 -0.603279 -0.55388
v -0.620536 -0.603279 -0.55388
v 0.0 -0.60331 -0.109335
v -0.282778 -0.60331 -0.732449
v -0.097957 -0.6033 0.496127
v 0.0 -0.60331 -0.109335
v -0.344023 -0.603289 0.462704
v -0.282778 -0.60331 -0.732449
v 0.0 -0.60331 -0.109335
v 1.51318e-07 -0.603353 -0.772483
v 0.0 -0.60331 0.5031
v 0.0 -0.60331 -0.109335
v -0.097957 -0.6033 0.496127
v -0.66284 -0.865351 0.378897
v 0.0 -0.86533 -0.101328
v -0.377403 -0.86534 0.467691
v -0.85352 -0.865351 0.210121
v 0.0 -0.86533 -0.101328
v -0.66284 -0.865351 0.378897
v -0.949715 -0.865351 -0.0522471
v 0.0 -0.86533 -0.101328
v -0.85352 -0.865351 0.210121
v -0.86521 -0.865351 -0.339887
v 0.0 -0.86533 -0.101328
v -0.949715 -0.865351 -0.0522471
v -0.620536 -0.86534 -0.56306
v 0.0 -0.86533 -0.101328
v -0.86521 -0.865351 -0.339887
v -0.282778 -0.865309 -0.726276
v 0.0 -0.86533 -0.101328
v -0.620536 -0.86534 -0.56306
v -0.377403 -0.86534 0.467691
v 0.0 -0.86533 -0.101328
v -0.0983951 -0.865319 0.503549
v 1.27165e-07 -0.865245 -0.764153
v 0.0 -0.86533 -0.101328
v -0.282778 -0.865309 -0.726276
v -0.0983951 -0.865319 0.503549
v 0.0 -0.86533 -0.101328
v 0.0 -0.865298 0.509593
v 0.825891 -0.699366 0.315969
v 0.856472 -0.682778 0.282659
v 0.788687 -0.639797 0.216146
v 0.788687 -0.639797 0.216146
v 0.734896 -0.668974 0.274737
v 0.825891 -0.699366 0.315969
v 0.788687 -0.639797 0.216146
v 0.856472 -0.682778 0.282659
v 0.887055 -0.699366 0.249348
v 0.887055 -0.699366 0.249348
v 0.84248 -0.668974 0.157557
v 0.788687 -0.639797 0.216146
v 0.84248 -0.668974 0.157557
v 0.887055 -0.699366 0.249348
v 0.899723 -0.739412 0.235551
v 0.899723 -0.739412 0.235551
v 0.864761 -0.739412 0.133289
v 0.84248 -0.668974 0.157557
v 0.899723 -0.739412 0.235551
v 0.887055 -0.779459 0.249348
v 0.84248 -0.80985 0.157557
v 0.84248 -0.80985 0.157557
v 0.864761 -0.739412 0.133289
v 0.899723 -0.739412 0.235551
v 0.887055 -0.779459 0.249348
v 0.856472 -0.796047 0.282659
v 0.788687 -0.839027 0.216146
v 0.788687 -0.839027 0.216146
v 0.84248 -0.80985 0.157557
v 0.887055 -0.779459 0.249348
v 0.856472 -0.796047 0.282659
v 0.825891 -0.779459 0.315969
v 0.734896 -0.80985 0.274737
v 0.734896 -0.80985 0.274737
v 0.788687 -0.839027 0.216146
v 0.856472 -0.796047 0.282659
v 0.734896 -0.80985 0.274737
v 0.825891 -0.779459 0.315969
v 0.813222 -0.739412 0.329766
v 0.813222 -0.739412 0.329766
v 0.712614 -0.739412 0.299005
v 0.734896 -0.80985 0.274737
v 0.813222 -0.739412 0.329766
v 0.825891 -0.699366 0.315969
v 0.734896 -0.668974 0.274737
v 0.734896 -0.668974 0.274737
v 0.712614 -0.739412 0.299005
v 0.813222 -0.739412 0.329766
v 0.825891 -0.699366 0.315969
v 0.90237 -0.739412 0.327695
v 0.856472 -0.682778 0.282659
v 0.856472 -0.682778 0.282659
v 0.90237 -0.739412 0.327695
v 0.887055 -0.699366 0.249348
v 0.887055 -0.699366 0.249348
v 0.90237 -0.739412 0.327695
v 0.899723 -0.739412 0.235551
v 0.899723 -0.739412 0.235551
v 0.90237 -0.739412 0.327695
v 0.887055 -0.779459 0.249348
v 0.887055 -0.779459 0.249348
v 0.90237 -0.739412 0.327695
v 0.856472 -0.796047 0.282659
v 0.856472 -0.796047 0.282659
v 0.90237 -0.739412 0.327695
v 0.825891 -0.779459 0.315969
v 0.825891 -0.779459 0.315969
v 0.90237 -0.739412 0.327695
v 0.813222 -0.739412 0.329766
v 0.813222 -0.739412 0.329766
v 0.90237 -0.739412 0.327695
v 0.825891 -0.699366 0.315969
v -0.245438 -0.611234 -0.671802
v -0.135095 -0.611244 -0.685147
v -0.135095 -0.588223 -0.685147
v -0.135095 -0.588223 -0.685147
v -0.245438 -0.588212 -0.671802
v -0.245438 -0.611234 -0.671802
v -0.146945 -0.588223 -0.77409
v -0.149528 -0.611244 -0.793478
v -0.25987 -0.611234 -0.780133
v -0.25987 -0.611234 -0.780133
v -0.257288 -0.588212 -0.760745
v -0.146945 -0.588223 -0.77409
v -0.245438 -0.588212 -0.671802
v -0.135095 -0.588223 -0.685147
v -0.146945 -0.588223 -0.77409
v -0.146945 -0.588223 -0.77409
v -0.257288 -0.588212 -0.760745
v -0.245438 -0.588212 -0.671802
v -0.146945 -0.588223 -0.77409
v -0.135095 -0.588223 -0.685147
v -0.135095 -0.611244 -0.685147
v -0.135095 -0.611244 -0.685147
v -0.149528 -0.611244 -0.793478
v -0.146945 -0.588223 -0.77409
v -0.146945 -0.880376 -0.77409
v -0.135095 -0.880376 -0.685147
v -0.245438 -0.880407 -0.671802
v -0.245438 -0.880407 -0.671802
v -0.257288 -0.880407 -0.760745
v -0.146945 -0.880376 -0.77409
v -0.245438 -0.611234 -0.671802
v -0.245438 -0.588212 -0.671802
v -0.257288 -0.588212 -0.760745
v -0.257288 -0.588212 -0.760745
v -0.25987 -0.611234 -0.780133
v -0.245438 -0.611234 -0.671802
v -0.149528 -0.857354 -0.793478
v -0.146945 -0.880376 -0.77409
v -0.257288 -0.880407 -0.760745
v -0.257288 -0.880407 -0.760745
v -0.25987 -0.857375 -0.780133
v -0.149528 -0.857354 -0.793478
v -0.257288 -0.880407 -0.760745
v -0.245438 -0.880407 -0.671802
v -0.245438 -0.857375 -0.671802
v -0.245438 -0.857375 -0.671802
v -0.25987 -0.857375 -0.780133
v -0.257288 -0.880407 -0.760745
v -0.245438 -0.857375 -0.671802
v -0.245438 -0.880407 -0.671802
v -0.135095 -0.880376 -0.685147
v -0.135095 -0.880376 -0.685147
v -0.135095 -0.857354 -0.685147
v -0.245438 -0.857375 -0.671802
v -0.135095 -0.857354 -0.685147
v -0.135095 -0.880376 -0.685147
v -0.146945 -0.880376 -0.77409
v -0.146945 -0.880376 -0.77409
v -0.149528 -0.857354 -0.793478
v -0.135095 -0.857354 -0.685147
v -0.149528 -0.611244 -0.793478
v -0.149528 -0.857354 -0.793478
v -0.25987 -0.857375 -0.780133
v -0.25987 -0.857375 -0.780133
v -0.25987 -0.611234 -0.780133
v -0.149528 -0.611244 -0.793478
v -0.245438 -0.857375 -0.671802
v -0.245438 -0.611234 -0.671802
v -0.25987 -0.611234 -0.780133
v -0.25987 -0.611234 -0.780133
v -0.25987 -0.857375 -0.780133
v -0.245438 -0.857375 -0.671802
v -0.245438 -0.611234 -0.671802
v -0.245438 -0.857375 -0.671802
v -0.135095 -0.857354 -0.685147
v -0.135095 -0.857354 -0.685147
v -0.135095 -0.611244 -0.685147
v -0.245438 -0.611234 -0.671802
v -0.135095 -0.611244 -0.685147
v -0.135095 -0.857354 -0.685147
v -0.149528 -0.857354 -0.793478
v -0.149528 -0.857354 -0.793478
v -0.149528 -0.611244 -0.793478
v -0.135095 -0.611244 -0.685147
v 0.276801 -0.609751 -0.655736
v 0.287441 -0.609751 -0.732014
v 0.268798 -0.58413 -0.732404
v 0.268798 -0.58413 -0.732404
v 0.258745 -0.58413 -0.6582
v 0.276801 -0.609751 -0.655736
v -0.0828989 -0.884398 -0.697906
v -0.0788229 -0.884398 -0.772111
v 0.268798 -0.88448 -0.732404
v 0.268798 -0.88448 -0.732404
v 0.258745 -0.88448 -0.6582
v -0.0828989 -0.884398 -0.697906
v -0.101362 -0.609771 -0.699079
v -0.0828989 -0.584192 -0.697906
v -0.0788228 -0.584192 -0.772111
v -0.0788228 -0.584192 -0.772111
v -0.0966968 -0.609771 -0.775357
v -0.101362 -0.609771 -0.699079
v -0.0828989 -0.584192 -0.697906
v 0.258745 -0.58413 -0.6582
v 0.268798 -0.58413 -0.732404
v 0.268798 -0.58413 -0.732404
v -0.0788228 -0.584192 -0.772111
v -0.0828989 -0.584192 -0.697906
v -0.101362 -0.858777 -0.699079
v -0.0966969 -0.858777 -0.775357
v -0.0788229 -0.884398 -0.772111
v -0.0788229 -0.884398 -0.772111
v -0.0828989 -0.884398 -0.697906
v -0.101362 -0.858777 -0.699079
v 0.276801 -0.85887 -0.655736
v 0.258745 -0.88448 -0.6582
v 0.268798 -0.88448 -0.732404
v 0.268798 -0.88448 -0.732404
v 0.287441 -0.85887 -0.732014
v 0.276801 -0.85887 -0.655736
v -0.114403 -0.672015 -0.699381
v -0.109739 -0.672015 -0.775658
v -0.11573 -0.734269 -0.775521
v -0.11573 -0.734269 -0.775521
v -0.120394 -0.734269 -0.699245
v -0.114403 -0.672015 -0.699381
v 0.287274 -0.672025 -0.653689
v 0.291434 -0.73431 -0.652536
v 0.302074 -0.73431 -0.728814
v 0.302074 -0.73431 -0.728814
v 0.297914 -0.672025 -0.729966
v 0.287274 -0.672025 -0.653689
v 0.268798 -0.58413 -0.732404
v 0.287441 -0.609751 -0.732014
v 0.24892 -0.609658 -0.76272
v -0.0966968 -0.609771 -0.775357
v -0.0788228 -0.584192 -0.772111
v -0.0521298 -0.609689 -0.797246
v 0.268798 -0.58413 -0.732404
v 0.24892 -0.609658 -0.76272
v -0.0521298 -0.609689 -0.797246
v -0.0521298 -0.609689 -0.797246
v -0.0788228 -0.584192 -0.772111
v 0.268798 -0.58413 -0.732404
v -0.0788229 -0.884398 -0.772111
v -0.0521299 -0.85888 -0.797246
v 0.24892 -0.858962 -0.76272
v 0.24892 -0.858962 -0.76272
v 0.268798 -0.88448 -0.732404
v -0.0788229 -0.884398 -0.772111
v -0.0788229 -0.884398 -0.772111
v -0.0966969 -0.858777 -0.775357
v -0.0521299 -0.85888 -0.797246
v 0.287441 -0.85887 -0.732014
v 0.268798 -0.88448 -0.732404
v 0.24892 -0.858962 -0.76272
v -0.109739 -0.672015 -0.775658
v -0.0612519 -0.671984 -0.797809
v -0.0663859 -0.73429 -0.798373
v -0.0663859 -0.73429 -0.798373
v -0.11573 -0.734269 -0.775521
v -0.109739 -0.672015 -0.775658
v 0.297914 -0.672025 -0.729966
v 0.302074 -0.73431 -0.728814
v 0.259762 -0.73431 -0.761189
v 0.259762 -0.73431 -0.761189
v 0.256334 -0.671984 -0.761955
v 0.297914 -0.672025 -0.729966
v 0.24892 -0.609658 -0.76272
v 0.22885 -0.62627 -0.765021
v -0.0320608 -0.626301 -0.794944
v -0.0320608 -0.626301 -0.794944
v -0.0521298 -0.609689 -0.797246
v 0.24892 -0.609658 -0.76272
v -0.0521299 -0.85888 -0.797246
v -0.0320609 -0.842279 -0.794944
v 0.22885 -0.84234 -0.765021
v 0.22885 -0.84234 -0.765021
v 0.24892 -0.858962 -0.76272
v -0.0521299 -0.85888 -0.797246
v -0.0663859 -0.73429 -0.798373
v -0.0612519 -0.671984 -0.797809
v -0.0345389 -0.680295 -0.79422
v -0.0345389 -0.680295 -0.79422
v -0.0353559 -0.73429 -0.793495
v -0.0663859 -0.73429 -0.798373
v 0.259762 -0.73431 -0.761189
v 0.233184 -0.73431 -0.762802
v 0.231891 -0.680295 -0.763912
v 0.231891 -0.680295 -0.763912
v 0.256334 -0.671984 -0.761955
v 0.259762 -0.73431 -0.761189
v 0.22885 -0.62627 -0.765021
v 0.22204 -0.62627 -0.704658
v -0.0388709 -0.626301 -0.734581
v -0.0388709 -0.626301 -0.734581
v -0.0320608 -0.626301 -0.794944
v 0.22885 -0.62627 -0.765021
v -0.0320609 -0.842279 -0.794944
v -0.0388709 -0.842279 -0.734581
v 0.22204 -0.84234 -0.704658
v 0.22204 -0.84234 -0.704658
v 0.22885 -0.84234 -0.765021
v -0.0320609 -0.842279 -0.794944
v -0.0353559 -0.73429 -0.793495
v -0.0345389 -0.680295 -0.79422
v -0.0413499 -0.680295 -0.733856
v -0.0413499 -0.680295 -0.733856
v -0.0420809 -0.73429 -0.733132
v -0.0353559 -0.73429 -0.793495
v 0.233184 -0.73431 -0.762802
v 0.226458 -0.73431 -0.702439
v 0.225079 -0.680295 -0.703548
v 0.225079 -0.680295 -0.703548
v 0.231891 -0.680295 -0.763912
v 0.233184 -0.73431 -0.762802
v -0.0345389 -0.788284 -0.79422
v -0.0413499 -0.788284 -0.733856
v -0.0388709 -0.842279 -0.734581
v -0.0388709 -0.842279 -0.734581
v -0.0320609 -0.842279 -0.794944
v -0.0345389 -0.788284 -0.79422
v -0.0612519 -0.796585 -0.797809
v -0.0345389 -0.788284 -0.79422
v -0.0320609 -0.842279 -0.794944
v -0.0320609 -0.842279 -0.794944
v -0.0521299 -0.85888 -0.797246
v -0.0612519 -0.796585 -0.797809
v -0.0966969 -0.858777 -0.775357
v -0.109739 -0.796523 -0.775658
v -0.0612519 -0.796585 -0.797809
v -0.0612519 -0.796585 -0.797809
v -0.0521299 -0.85888 -0.797246
v -0.0966969 -0.858777 -0.775357
v -0.101362 -0.858777 -0.699079
v -0.114403 -0.796523 -0.699381
v -0.109739 -0.796523 -0.775658
v -0.109739 -0.796523 -0.775658
v -0.0966969 -0.858777 -0.775357
v -0.101362 -0.858777 -0.699079
v 0.297914 -0.796585 -0.729966
v 0.287274 -0.796585 -0.653689
v 0.276801 -0.85887 -0.655736
v 0.276801 -0.85887 -0.655736
v 0.287441 -0.85887 -0.732014
v 0.297914 -0.796585 -0.729966
v 0.256334 -0.796636 -0.761955
v 0.297914 -0.796585 -0.729966
v 0.287441 -0.85887 -0.732014
v 0.287441 -0.85887 -0.732014
v 0.24892 -0.858962 -0.76272
v 0.256334 -0.796636 -0.761955
v 0.256334 -0.796636 -0.761955
v 0.24892 -0.858962 -0.76272
v 0.22885 -0.84234 -0.765021
v 0.22885 -0.84234 -0.765021
v 0.231891 -0.788325 -0.763912
v 0.256334 -0.796636 -0.761955
v 0.231891 -0.788325 -0.763912
v 0.22885 -0.84234 -0.765021
v 0.22204 -0.84234 -0.704658
v 0.22204 -0.84234 -0.704658
v 0.225079 -0.788325 -0.703548
v 0.231891 -0.788325 -0.763912
v 0.231891 -0.680295 -0.763912
v 0.225079 -0.680295 -0.703548
v 0.22204 -0.62627 -0.704658
v 0.22204 -0.62627 -0.704658
v 0.22885 -0.62627 -0.765021
v 0.231891 -0.680295 -0.763912
v 0.256334 -0.671984 -0.761955
v 0.231891 -0.680295 -0.763912
v 0.22885 -0.62627 -0.765021
v 0.22885 -0.62627 -0.765021
v 0.24892 -0.609658 -0.76272
v 0.256334 -0.671984 -0.761955
v 0.287441 -0.609751 -0.732014
v 0.297914 -0.672025 -0.729966
v 0.256334 -0.671984 -0.761955
v 0.256334 -0.671984 -0.761955
v 0.24892 -0.609658 -0.76272
v 0.287441 -0.609751 -0.732014
v 0.276801 -0.609751 -0.655736
v 0.287274 -0.672025 -0.653689
v 0.297914 -0.672025 -0.729966
v 0.297914 -0.672025 -0.729966
v 0.287441 -0.609751 -0.732014
v 0.276801 -0.609751 -0.655736
v -0.109739 -0.672015 -0.775658
v -0.114403 -0.672015 -0.699381
v -0.101362 -0.609771 -0.699079
v -0.101362 -0.609771 -0.699079
v -0.0966968 -0.609771 -0.775357
v -0.109739 -0.672015 -0.775658
v -0.0612519 -0.671984 -0.797809
v -0.109739 -0.672015 -0.775658
v -0.0966968 -0.609771 -0.775357
v -0.0966968 -0.609771 -0.775357
v -0.0521298 -0.609689 -0.797246
v -0.0612519 -0.671984 -0.797809
v -0.0612519 -0.671984 -0.797809
v -0.0521298 -0.609689 -0.797246
v -0.0320608 -0.626301 -0.794944
v -0.0320608 -0.626301 -0.794944
v -0.0345389 -0.680295 -0.79422
v -0.0612519 -0.671984 -0.797809
v -0.0345389 -0.680295 -0.79422
v -0.0320608 -0.626301 -0.794944
v -0.0388709 -0.626301 -0.734581
v -0.0388709 -0.626301 -0.734581
v -0.0413499 -0.680295 -0.733856
v -0.0345389 -0.680295 -0.79422
v 0.233184 -0.73431 -0.762802
v 0.231891 -0.788325 -0.763912
v 0.225079 -0.788325 -0.703548
v 0.225079 -0.788325 -0.703548
v 0.226458 -0.73431 -0.702439
v 0.233184 -0.73431 -0.762802
v 0.259762 -0.73431 -0.761189
v 0.256334 -0.796636 -0.761955
v 0.231891 -0.788325 -0.763912
v 0.231891 -0.788325 -0.763912
v 0.233184 -0.73431 -0.762802
v 0.259762 -0.73431 -0.761189
v 0.259762 -0.73431 -0.761189
v 0.302074 -0.73431 -0.728814
v 0.297914 -0.796585 -0.729966
v 0.297914 -0.796585 -0.729966
v 0.256334 -0.796636 -0.761955
v 0.259762 -0.73431 -0.761189
v 0.302074 -0.73431 -0.728814
v 0.291434 -0.73431 -0.652536
v 0.287274 -0.796585 -0.653689
v 0.287274 -0.796585 -0.653689
v 0.297914 -0.796585 -0.729966
v 0.302074 -0.73431 -0.728814
v -0.114403 -0.796523 -0.699381
v -0.120394 -0.734269 -0.699245
v -0.11573 -0.734269 -0.775521
v -0.11573 -0.734269 -0.775521
v -0.109739 -0.796523 -0.775658
v -0.114403 -0.796523 -0.699381
v -0.109739 -0.796523 -0.775658
v -0.11573 -0.734269 -0.775521
v -0.0663859 -0.73429 -0.798373
v -0.0663859 -0.73429 -0.798373
v -0.0612519 -0.796585 -0.797809
v -0.109739 -0.796523 -0.775658
v -0.0345389 -0.788284 -0.79422
v -0.0612519 -0.796585 -0.797809
v -0.0663859 -0.73429 -0.798373
v -0.0663859 -0.73429 -0.798373
v -0.0353559 -0.73429 -0.793495
v -0.0345389 -0.788284 -0.79422
v -0.0413499 -0.788284 -0.733856
v -0.0345389 -0.788284 -0.79422
v -0.0353559 -0.73429 -0.793495
v -0.0353559 -0.73429 -0.793495
v -0.0420809 -0.73429 -0.733132
v -0.0413499 -0.788284 -0.733856
v 1.19537e-07 -0.88833 -0.727003
v 1.5035e-07 -0.5199 -0.717756
v 0.284499 -0.52734 -0.692537
v 0.284499 -0.52734 -0.692537
v 0.280121 -0.88885 -0.706631
v 1.19537e-07 -0.88833 -0.727003
v 0.506301 -0.89048 -0.593327
v 0.280121 -0.88885 -0.706631
v 0.284499 -0.52734 -0.692537
v 0.284499 -0.52734 -0.692537
v 0.506963 -0.53273 -0.584328
v 0.506301 -0.89048 -0.593327
v 0.506301 -0.89048 -0.593327
v 0.506963 -0.53273 -0.584328
v 0.755505 -0.55159 -0.385699
v 0.755505 -0.55159 -0.385699
v 0.7831 -0.89143 -0.405535
v 0.506301 -0.89048 -0.593327
v 0.7831 -0.89143 -0.405535
v 0.755505 -0.55159 -0.385699
v 0.851891 -0.55831 -0.243333
v 0.851891 -0.55831 -0.243333
v 0.890822 -0.89192 -0.252413
v 0.7831 -0.89143 -0.405535
v 0.890822 -0.89192 -0.252413
v 0.851891 -0.55831 -0.243333
v 0.894964 -0.56519 -0.0651018
v 0.894964 -0.56519 -0.0651018
v 0.931189 -0.89398 -0.0751408
v 0.890822 -0.89192 -0.252413
v 0.892788 -0.8947 0.100711
v 0.931189 -0.89398 -0.0751408
v 0.894964 -0.56519 -0.0651018
v 0.894964 -0.56519 -0.0651018
v 0.85734 -0.56209 0.10491
v 0.892788 -0.8947 0.100711
v 0.784289 -0.89606 0.255336
v 0.892788 -0.8947 0.100711
v 0.85734 -0.56209 0.10491
v 0.85734 -0.56209 0.10491
v 0.754907 -0.56267 0.250991
v 0.784289 -0.89606 0.255336
v 0.615427 -0.89692 0.37836
v 0.784289 -0.89606 0.255336
v 0.754907 -0.56267 0.250991
v 0.754907 -0.56267 0.250991
v 0.588708 -0.56098 0.375357
v 0.615427 -0.89692 0.37836
v 0.27612 -0.89676 0.46116
v 0.615427 -0.89692 0.37836
v 0.588708 -0.56098 0.375357
v 0.588708 -0.56098 0.375357
v 0.266753 -0.55881 0.450753
v 0.27612 -0.89676 0.46116
v 0.0 -0.89566 0.478495
v 0.27612 -0.89676 0.46116
v 0.266753 -0.55881 0.450753
v 0.266753 -0.55881 0.450753
v 0.0 -0.55721 0.462333
v 0.0 -0.89566 0.478495
v 0.0 -0.63745 -0.0788729
v 0.0 -0.97781 -0.709941
v 0.269064 -0.97643 -0.691611
v 0.0 -0.55786 -0.0814359
v 0.506963 -0.53273 -0.584328
v 0.284499 -0.52734 -0.692537
v 0.0 -0.63745 -0.0788729
v 0.488296 -0.97698 -0.57855
v 0.763071 -0.973 -0.399439
v 0.0 -0.55786 -0.0814359
v 0.755505 -0.55159 -0.385699
v 0.506963 -0.53273 -0.584328
v 0.763071 -0.973 -0.399439
v 0.870099 -0.97176 -0.248768
v 0.0 -0.63745 -0.0788729
v 0.851891 -0.55831 -0.243333
v 0.755505 -0.55159 -0.385699
v 0.0 -0.55786 -0.0814359
v 0.870099 -0.97176 -0.248768
v 0.908305 -0.97244 -0.0779988
v 0.0 -0.63745 -0.0788729
v 0.894964 -0.56519 -0.0651018
v 0.851891 -0.55831 -0.243333
v 0.0 -0.55786 -0.0814359
v 0.908305 -0.97244 -0.0779988
v 0.871044 -0.97417 0.0932582
v 0.0 -0.63745 -0.0788729
v 0.85734 -0.56209 0.10491
v 0.894964 -0.56519 -0.0651018
v 0.0 -0.55786 -0.0814359
v 0.871044 -0.97417 0.0932582
v 0.764707 -0.9757 0.244774
v 0.0 -0.63745 -0.0788729
v 0.754907 -0.56267 0.250991
v 0.85734 -0.56209 0.10491
v 0.0 -0.55786 -0.0814359
v 0.764707 -0.9757 0.244774
v 0.601062 -0.97723 0.3631
v 0.0 -0.63745 -0.0788729
v 0.588708 -0.56098 0.375357
v 0.754907 -0.56267 0.250991
v 0.0 -0.55786 -0.0814359
v 0.0 -0.63745 -0.0788729
v 0.601062 -0.97723 0.3631
v 0.268959 -0.97762 0.445008
v 0.0 -0.55786 -0.0814359
v 0.266753 -0.55881 0.450753
v 0.588708 -0.56098 0.375357
v 0.0 -0.55786 -0.0814359
v 0.0 -0.55721 0.462333
v 0.266753 -0.55881 0.450753
v 0.0 -0.63745 -0.0788729
v 0.268959 -0.97762 0.445008
v 0.0 -0.97669 0.463306
v 0.0 -0.55786 -0.0814359
v 0.284499 -0.52734 -0.692537
v 1.5035e-07 -0.5199 -0.717756
v 0.0 -0.63745 -0.0788729
v 0.269064 -0.97643 -0.691611
v 0.488296 -0.97698 -0.57855
v 0.0 -0.92903 -0.711652
v 0.27116 -0.9286 -0.692551
v 0.269064 -0.97643 -0.691611
v 0.269064 -0.97643 -0.691611
v 0.0 -0.97781 -0.709941
v 0.0 -0.92903 -0.711652
v 0.0 -0.93205 0.464081
v 0.0 -0.97669 0.463306
v 0.268959 -0.97762 0.445008
v 0.268959 -0.97762 0.445008
v 0.269157 -0.93305 0.446477
v 0.0 -0.93205 0.464081
v 0.600706 -0.93294 0.365136
v 0.269157 -0.93305 0.446477
v 0.268959 -0.97762 0.445008
v 0.268959 -0.97762 0.445008
v 0.601062 -0.97723 0.3631
v 0.600706 -0.93294 0.365136
v 0.764891 -0.93175 0.245969
v 0.600706 -0.93294 0.365136
v 0.601062 -0.97723 0.3631
v 0.601062 -0.97723 0.3631
v 0.764707 -0.9757 0.244774
v 0.764891 -0.93175 0.245969
v 0.87098 -0.93032 0.0947922
v 0.764891 -0.93175 0.245969
v 0.764707 -0.9757 0.244774
v 0.764707 -0.9757 0.244774
v 0.871044 -0.97417 0.0932582
v 0.87098 -0.93032 0.0947922
v 0.908341 -0.9291 -0.0766078
v 0.87098 -0.93032 0.0947922
v 0.871044 -0.97417 0.0932582
v 0.871044 -0.97417 0.0932582
v 0.908305 -0.97244 -0.0779988
v 0.908341 -0.9291 -0.0766078
v 0.869549 -0.92776 -0.248456
v 0.908341 -0.9291 -0.0766078
v 0.908305 -0.97244 -0.0779988
v 0.908305 -0.97244 -0.0779988
v 0.870099 -0.97176 -0.248768
v 0.869549 -0.92776 -0.248456
v 0.763493 -0.92814 -0.398478
v 0.869549 -0.92776 -0.248456
v 0.870099 -0.97176 -0.248768
v 0.870099 -0.97176 -0.248768
v 0.763071 -0.973 -0.399439
v 0.763493 -0.92814 -0.398478
v 0.491095 -0.92967 -0.579937
v 0.763493 -0.92814 -0.398478
v 0.763071 -0.973 -0.399439
v 0.763071 -0.973 -0.399439
v 0.488296 -0.97698 -0.57855
v 0.491095 -0.92967 -0.579937
v 0.27116 -0.9286 -0.692551
v 0.491095 -0.92967 -0.579937
v 0.488296 -0.97698 -0.57855
v 0.488296 -0.97698 -0.57855
v 0.269064 -0.97643 -0.691611
v 0.27116 -0.9286 -0.692551
v 1.19537e-07 -0.88833 -0.727003
v 0.280121 -0.88885 -0.706631
v 0.27116 -0.9286 -0.692551
v 0.27116 -0.9286 -0.692551
v 0.0 -0.92903 -0.711652
v 1.19537e-07 -0.88833 -0.727003
v 0.0 -0.89566 0.478495
v 0.0 -0.93205 0.464081
v 0.269157 -0.93305 0.446477
v 0.269157 -0.93305 0.446477
v 0.27612 -0.89676 0.46116
v 0.0 -0.89566 0.478495
v 0.600706 -0.93294 0.365136
v 0.615427 -0.89692 0.37836
v 0.27612 -0.89676 0.46116
v 0.27612 -0.89676 0.46116
v 0.269157 -0.93305 0.446477
v 0.600706 -0.93294 0.365136
v 0.615427 -0.89692 0.37836
v 0.600706 -0.93294 0.365136
v 0.764891 -0.93175 0.245969
v 0.764891 -0.93175 0.245969
v 0.784289 -0.89606 0.255336
v 0.615427 -0.89692 0.37836
v 0.784289 -0.89606 0.255336
v 0.764891 -0.93175 0.245969
v 0.87098 -0.93032 0.0947922
v 0.87098 -0.93032 0.0947922
v 0.892788 -0.8947 0.100711
v 0.784289 -0.89606 0.255336
v 0.892788 -0.8947 0.100711
v 0.87098 -0.93032 0.0947922
v 0.908341 -0.9291 -0.0766078
v 0.908341 -0.9291 -0.0766078
v 0.931189 -0.89398 -0.0751408
v 0.892788 -0.8947 0.100711
v 0.890822 -0.89192 -0.252413
v 0.931189 -0.89398 -0.0751408
v 0.908341 -0.9291 -0.0766078
v 0.908341 -0.9291 -0.0766078
v 0.869549 -0.92776 -0.248456
v 0.890822 -0.89192 -0.252413
v 0.7831 -0.89143 -0.405535
v 0.890822 -0.89192 -0.252413
v 0.869549 -0.92776 -0.248456
v 0.869549 -0.92776 -0.248456
v 0.763493 -0.92814 -0.398478
v 0.7831 -0.89143 -0.405535
v 0.506301 -0.89048 -0.593327
v 0.7831 -0.89143 -0.405535
v 0.763493 -0.92814 -0.398478
v 0.763493 -0.92814 -0.398478
v 0.491095 -0.92967 -0.579937
v 0.506301 -0.89048 -0.593327
v 0.280121 -0.88885 -0.706631
v 0.506301 -0.89048 -0.593327
v 0.491095 -0.92967 -0.579937
v 0.491095 -0.92967 -0.579937
v 0.27116 -0.9286 -0.692551
v 0.280121 -0.88885 -0.706631
v -0.284499 -0.52734 -0.692537
v 1.5035e-07 -0.5199 -0.717756
v 1.19537e-07 -0.88833 -0.727003
v 1.19537e-07 -0.88833 -0.727003
v -0.280121 -0.88885 -0.706631
v -0.284499 -0.52734 -0.692537
v -0.506301 -0.89048 -0.593327
v -0.506963 -0.53273 -0.584328
v -0.284499 -0.52734 -0.692537
v -0.284499 -0.52734 -0.692537
v -0.280121 -0.88885 -0.706631
v -0.506301 -0.89048 -0.593327
v -0.755505 -0.55159 -0.385699
v -0.506963 -0.53273 -0.584328
v -0.506301 -0.89048 -0.593327
v -0.506301 -0.89048 -0.593327
v -0.7831 -0.89143 -0.405535
v -0.755505 -0.55159 -0.385699
v -0.851891 -0.55831 -0.243333
v -0.755505 -0.55159 -0.385699
v -0.7831 -0.89143 -0.405535
v -0.7831 -0.89143 -0.405535
v -0.890822 -0.89192 -0.252413
v -0.851891 -0.55831 -0.243333
v -0.894964 -0.56519 -0.0651021
v -0.851891 -0.55831 -0.243333
v -0.890822 -0.89192 -0.252413
v -0.890822 -0.89192 -0.252413
v -0.931189 -0.89398 -0.0751411
v -0.894964 -0.56519 -0.0651021
v -0.892788 -0.8947 0.100711
v -0.85734 -0.56209 0.10491
v -0.894964 -0.56519 -0.0651021
v -0.894964 -0.56519 -0.0651021
v -0.931189 -0.89398 -0.0751411
v -0.892788 -0.8947 0.100711
v -0.784289 -0.89606 0.255336
v -0.754907 -0.56267 0.250991
v -0.85734 -0.56209 0.10491
v -0.85734 -0.56209 0.10491
v -0.892788 -0.8947 0.100711
v -0.784289 -0.89606 0.255336
v -0.615427 -0.89692 0.37836
v -0.588708 -0.56098 0.375357
v -0.754907 -0.56267 0.250991
v -0.754907 -0.56267 0.250991
v -0.784289 -0.89606 0.255336
v -0.615427 -0.89692 0.37836
v -0.27612 -0.89676 0.46116
v -0.266753 -0.55881 0.450753
v -0.588708 -0.56098 0.375357
v -0.588708 -0.56098 0.375357
v -0.615427 -0.89692 0.37836
v -0.27612 -0.89676 0.46116
v 0.0 -0.89566 0.478495
v 0.0 -0.55721 0.462333
v -0.266753 -0.55881 0.450753
v -0.266753 -0.55881 0.450753
v -0.27612 -0.89676 0.46116
v 0.0 -0.89566 0.478495
v 0.0 -0.63745 -0.0788729
v -0.269064 -0.97643 -0.691611
v 0.0 -0.97781 -0.709941
v 0.0 -0.55786 -0.0814359
v -0.284499 -0.52734 -0.692537
v -0.506963 -0.53273 -0.584328
v 0.0 -0.63745 -0.0788729
v -0.763071 -0.973 -0.399439
v -0.488296 -0.97698 -0.57855
v 0.0 -0.55786 -0.0814359
v -0.506963 -0.53273 -0.584328
v -0.755505 -0.55159 -0.385699
v -0.763071 -0.973 -0.399439
v 0.0 -0.63745 -0.0788729
v -0.870099 -0.97176 -0.248768
v -0.851891 -0.55831 -0.243333
v 0.0 -0.55786 -0.0814359
v -0.755505 -0.55159 -0.385699
v -0.870099 -0.97176 -0.248768
v 0.0 -0.63745 -0.0788729
v -0.908305 -0.97244 -0.0779991
v -0.894964 -0.56519 -0.0651021
v 0.0 -0.55786 -0.0814359
v -0.851891 -0.55831 -0.243333
v -0.908305 -0.97244 -0.0779991
v 0.0 -0.63745 -0.0788729
v -0.871044 -0.97417 0.0932579
v -0.85734 -0.56209 0.10491
v 0.0 -0.55786 -0.0814359
v -0.894964 -0.56519 -0.0651021
v -0.871044 -0.97417 0.0932579
v 0.0 -0.63745 -0.0788729
v -0.764707 -0.9757 0.244774
v -0.754907 -0.56267 0.250991
v 0.0 -0.55786 -0.0814359
v -0.85734 -0.56209 0.10491
v -0.764707 -0.9757 0.244774
v 0.0 -0.63745 -0.0788729
v -0.601062 -0.97723 0.3631
v -0.588708 -0.56098 0.375357
v 0.0 -0.55786 -0.0814359
v -0.754907 -0.56267 0.250991
v 0.0 -0.63745 -0.0788729
v -0.268959 -0.97762 0.445008
v -0.601062 -0.97723 0.3631
v 0.0 -0.55786 -0.0814359
v -0.588708 -0.56098 0.375357
v -0.266753 -0.55881 0.450753
v 0.0 -0.55786 -0.0814359
v -0.266753 -0.55881 0.450753
v 0.0 -0.55721 0.462333
v 0.0 -0.63745 -0.0788729
v 0.0 -0.97669 0.463306
v -0.268959 -0.97762 0.445008
v 0.0 -0.55786 -0.0814359
v 1.5035e-07 -0.5199 -0.717756
v -0.284499 -0.52734 -0.692537
v 0.0 -0.63745 -0.0788729
v -0.488296 -0.97698 -0.57855
v -0.269064 -0.97643 -0.691611
v -0.269064 -0.97643 -0.691611
v -0.27116 -0.9286 -0.692551
v 0.0 -0.92903 -0.711652
v 0.0 -0.92903 -0.711652
v 0.0 -0.97781 -0.709941
v -0.269064 -0.97643 -0.691611
v -0.268959 -0.97762 0.445008
v 0.0 -0.97669 0.463306
v 0.0 -0.93205 0.464081
v 0.0 -0.93205 0.464081
v -0.269157 -0.93305 0.446477
v -0.268959 -0.97762 0.445008
v -0.268959 -0.97762 0.445008
v -0.269157 -0.93305 0.446477
v -0.600706 -0.93294 0.365136
v -0.600706 -0.93294 0.365136
v -0.601062 -0.97723 0.3631
v -0.268959 -0.97762 0.445008
v -0.764891 -0.93175 0.245969
v -0.764707 -0.9757 0.244774
v -0.601062 -0.97723 0.3631
v -0.601062 -0.97723 0.3631
v -0.600706 -0.93294 0.365136
v -0.764891 -0.93175 0.245969
v -0.87098 -0.93032 0.0947919
v -0.871044 -0.97417 0.0932579
v -0.764707 -0.9757 0.244774
v -0.764707 -0.9757 0.244774
v -0.764891 -0.93175 0.245969
v -0.87098 -0.93032 0.0947919
v -0.908341 -0.9291 -0.0766081
v -0.908305 -0.97244 -0.0779991
v -0.871044 -0.97417 0.0932579
v -0.871044 -0.97417 0.0932579
v -0.87098 -0.93032 0.0947919
v -0.908341 -0.9291 -0.0766081
v -0.869549 -0.92776 -0.248456
v -0.870099 -0.97176 -0.248768
v -0.908305 -0.97244 -0.0779991
v -0.908305 -0.97244 -0.0779991
v -0.908341 -0.9291 -0.0766081
v -0.869549 -0.92776 -0.248456
v -0.763493 -0.92814 -0.398478
v -0.763071 -0.973 -0.399439
v -0.870099 -0.97176 -0.248768
v -0.870099 -0.97176 -0.248768
v -0.869549 -0.92776 -0.248456
v -0.763493 -0.92814 -0.398478
v -0.763071 -0.973 -0.399439
v -0.763493 -0.92814 -0.398478
v -0.491095 -0.92967 -0.579937
v -0.491095 -0.92967 -0.579937
v -0.488296 -0.97698 -0.57855
v -0.763071 -0.973 -0.399439
v -0.27116 -0.9286 -0.692551
v -0.269064 -0.97643 -0.691611
v -0.488296 -0.97698 -0.57855
v -0.488296 -0.97698 -0.57855
v -0.491095 -0.92967 -0.579937
v -0.27116 -0.9286 -0.692551
v -0.27116 -0.9286 -0.692551
v -0.280121 -0.88885 -0.706631
v 1.19537e-07 -0.88833 -0.727003
v 1.19537e-07 -0.88833 -0.727003
v 0.0 -0.92903 -0.711652
v -0.27116 -0.9286 -0.692551
v -0.269157 -0.93305 0.446477
v 0.0 -0.93205 0.464081
v 0.0 -0.89566 0.478495
v 0.0 -0.89566 0.478495
v -0.27612 -0.89676 0.46116
v -0.269157 -0.93305 0.446477
v -0.600706 -0.93294 0.365136
v -0.269157 -0.93305 0.446477
v -0.27612 -0.89676 0.46116
v -0.27612 -0.89676 0.46116
v -0.615427 -0.89692 0.37836
v -0.600706 -0.93294 0.365136
v -0.764891 -0.93175 0.245969
v -0.600706 -0.93294 0.365136
v -0.615427 -0.89692 0.37836
v -0.615427 -0.89692 0.37836
v -0.784289 -0.89606 0.255336
v -0.764891 -0.93175 0.245969
v -0.87098 -0.93032 0.0947919
v -0.764891 -0.93175 0.245969
v -0.784289 -0.89606 0.255336
v -0.784289 -0.89606 0.255336
v -0.892788 -0.8947 0.100711
v -0.87098 -0.93032 0.0947919
v -0.908341 -0.9291 -0.0766081
v -0.87098 -0.93032 0.0947919
v -0.892788 -0.8947 0.100711
v -0.892788 -0.8947 0.100711
v -0.931189 -0.89398 -0.0751411
v -0.908341 -0.9291 -0.0766081
v -0.890822 -0.89192 -0.252413
v -0.869549 -0.92776 -0.248456
v -0.908341 -0.9291 -0.0766081
v -0.908341 -0.9291 -0.0766081
v -0.931189 -0.89398 -0.0751411
v -0.890822 -0.89192 -0.252413
v -0.7831 -0.89143 -0.405535
v -0.763493 -0.92814 -0.398478
v -0.869549 -0.92776 -0.248456
v -0.869549 -0.92776 -0.248456
v -0.890822 -0.89192 -0.252413
v -0.7831 -0.89143 -0.405535
v -0.763493 -0.92814 -0.398478
v -0.7831 -0.89143 -0.405535
v -0.506301 -0.89048 -0.593327
v -0.506301 -0.89048 -0.593327
v -0.491095 -0.92967 -0.579937
v -0.763493 -0.92814 -0.398478
v -0.280121 -0.88885 -0.706631
v -0.27116 -0.9286 -0.692551
v -0.491095 -0.92967 -0.579937
v -0.491095 -0.92967 -0.579937
v -0.506301 -0.89048 -0.593327
v -0.280121 -0.88885 -0.706631
v -0.758227 -0.97967 0.222517
v -0.844301 -0.97967 0.072937
v -0.873175 -1.1194 0.104599
v -0.873175 -1.1194 0.104599
v -0.839305 -1.11413 0.277653
v -0.758227 -0.97967 0.222517
v -0.758227 -0.97967 0.222517
v -0.839305 -1.11413 0.277653
v -0.578983 -1.10994 0.363747
v -0.578983 -1.10994 0.363747
v -0.590464 -0.97967 0.341284
v -0.758227 -0.97967 0.222517
v -0.360856 -0.97967 0.426846
v -0.590464 -0.97967 0.341284
v -0.578983 -1.10994 0.363747
v -0.578983 -1.10994 0.363747
v -0.385456 -1.10726 0.459968
v -0.360856 -0.97967 0.426846
v -0.360856 -0.97967 0.426846
v -0.385456 -1.10726 0.459968
v -0.192725 -1.1068 0.431122
v -0.192725 -1.1068 0.431122
v -0.180239 -0.97967 0.430711
v -0.360856 -0.97967 0.426846
v -0.178825 -0.97967 -0.615323
v 0.0 -0.97967 -0.628421
v 5.08545e-06 -1.14416 -0.649352
v 5.08545e-06 -1.14416 -0.649352
v -0.192724 -1.1437 -0.633399
v -0.178825 -0.97967 -0.615323
v -0.482258 -0.97967 -0.560923
v -0.357951 -0.97967 -0.602226
v -0.366069 -1.14324 -0.624111
v -0.366069 -1.14324 -0.624111
v -0.495135 -1.14177 -0.561121
v -0.482258 -0.97967 -0.560923
v -0.742762 -0.97967 -0.407732
v -0.670587 -0.97967 -0.462756
v -0.718066 -1.13769 -0.44447
v -0.718066 -1.13769 -0.44447
v -0.790751 -1.13636 -0.396708
v -0.742762 -0.97967 -0.407732
v -0.843418 -0.97967 -0.2584
v -0.793371 -0.97967 -0.331675
v -0.842401 -1.13351 -0.327627
v -0.842401 -1.13351 -0.327627
v -0.885707 -1.13109 -0.220222
v -0.843418 -0.97967 -0.2584
v -0.878685 -0.97967 -0.092778
v -0.843418 -0.97967 -0.2584
v -0.885707 -1.13109 -0.220222
v -0.885707 -1.13109 -0.220222
v -0.932964 -1.12524 -0.055921
v -0.878685 -0.97967 -0.092778
v -0.844301 -0.97967 0.072937
v -0.878685 -0.97967 -0.092778
v -0.932964 -1.12524 -0.055921
v -0.932964 -1.12524 -0.055921
v -0.873175 -1.1194 0.104599
v -0.844301 -0.97967 0.072937
v -0.758227 -0.97967 0.222517
v -0.658336 -0.9198 0.199742
v -0.74328 -0.9198 0.060983
v -0.74328 -0.9198 0.060983
v -0.844301 -0.97967 0.072937
v -0.758227 -0.97967 0.222517
v -0.590464 -0.97967 0.341284
v -0.525874 -0.9198 0.309917
v -0.658336 -0.9198 0.199742
v -0.658336 -0.9198 0.199742
v -0.758227 -0.97967 0.222517
v -0.590464 -0.97967 0.341284
v -0.360856 -0.97967 0.426846
v -0.326671 -0.9198 0.380679
v -0.525874 -0.9198 0.309917
v -0.525874 -0.9198 0.309917
v -0.590464 -0.97967 0.341284
v -0.360856 -0.97967 0.426846
v -0.180239 -0.97967 0.430711
v -0.163336 -0.9198 0.392874
v -0.326671 -0.9198 0.380679
v -0.326671 -0.9198 0.380679
v -0.360856 -0.97967 0.426846
v -0.180239 -0.97967 0.430711
v 0.0 -0.97967 -0.628421
v -0.178825 -0.97967 -0.615323
v -0.163178 -0.9198 -0.577482
v -0.163178 -0.9198 -0.577482
v 0.0 -0.9198 -0.589633
v 0.0 -0.97967 -0.628421
v -0.357951 -0.97967 -0.602226
v -0.482258 -0.97967 -0.560923
v -0.434459 -0.9198 -0.527018
v -0.434459 -0.9198 -0.527018
v -0.326355 -0.9198 -0.565332
v -0.357951 -0.97967 -0.602226
v -0.670587 -0.97967 -0.462756
v -0.742762 -0.97967 -0.407732
v -0.657825 -0.9198 -0.38491
v -0.657825 -0.9198 -0.38491
v -0.61543 -0.9198 -0.420081
v -0.670587 -0.97967 -0.462756
v -0.793371 -0.97967 -0.331675
v -0.843418 -0.97967 -0.2584
v -0.742965 -0.9198 -0.246383
v -0.742965 -0.9198 -0.246383
v -0.703886 -0.9198 -0.309966
v -0.793371 -0.97967 -0.331675
v -0.843418 -0.97967 -0.2584
v -0.878685 -0.97967 -0.092778
v -0.772425 -0.9198 -0.092743
v -0.772425 -0.9198 -0.092743
v -0.742965 -0.9198 -0.246383
v -0.843418 -0.97967 -0.2584
v -0.844301 -0.97967 0.072937
v -0.74328 -0.9198 0.060983
v -0.772425 -0.9198 -0.092743
v -0.772425 -0.9198 -0.092743
v -0.878685 -0.97967 -0.092778
v -0.844301 -0.97967 0.072937
v 0.0 -0.97967 -0.628421
v -1.91635e-06 -0.97967 -0.542186
v 1.4071e-05 -1.14189 -0.552377
v 1.4071e-05 -1.14189 -0.552377
v 5.08545e-06 -1.14416 -0.649352
v 0.0 -0.97967 -0.628421
v 0.0 -0.9198 -0.589633
v -1.91445e-06 -0.9198 -0.520139
v -1.91635e-06 -0.97967 -0.542186
v -1.91635e-06 -0.97967 -0.542186
v 0.0 -0.97967 -0.628421
v 0.0 -0.9198 -0.589633
v 0.0 -0.97967 0.443857
v 4.9232e-06 -1.10633 0.447075
v 1.29391e-05 -1.1159 0.336341
v 1.29391e-05 -1.1159 0.336341
v -1.0406e-06 -0.97967 0.280678
v 0.0 -0.97967 0.443857
v 0.0 -0.9198 0.405068
v 0.0 -0.97967 0.443857
v -1.0406e-06 -0.97967 0.280678
v -1.0406e-06 -0.97967 0.280678
v -1.03007e-06 -0.9198 0.245582
v 0.0 -0.9198 0.405068
v -1.0406e-06 -0.97967 0.280678
v 1.29391e-05 -1.1159 0.336341
v 9.99913e-06 -1.12524 -0.0667319
v 9.99913e-06 -1.12524 -0.0667319
v 2.01644e-06 -0.97967 -0.0970869
v -1.0406e-06 -0.97967 0.280678
v -1.03007e-06 -0.9198 0.245582
v -1.0406e-06 -0.97967 0.280678
v 2.01644e-06 -0.97967 -0.0970869
v 2.01644e-06 -0.97967 -0.0970869
v 2.02167e-06 -0.9198 -0.0970889
v -1.03007e-06 -0.9198 0.245582
v -1.91445e-06 -0.9198 -0.520139
v 2.02167e-06 -0.9198 -0.0970889
v 2.01644e-06 -0.97967 -0.0970869
v 2.01644e-06 -0.97967 -0.0970869
v -1.91635e-06 -0.97967 -0.542186
v -1.91445e-06 -0.9198 -0.520139
v 2.01644e-06 -0.97967 -0.0970869
v 9.99913e-06 -1.12524 -0.0667319
v 1.4071e-05 -1.14189 -0.552377
v 1.4071e-05 -1.14189 -0.552377
v -1.91635e-06 -0.97967 -0.542186
v 2.01644e-06 -0.97967 -0.0970869
v -0.658336 -0.9198 0.199742
v -0.617054 -0.8599 0.172885
v -0.694185 -0.8599 0.046889
v -0.694185 -0.8599 0.046889
v -0.74328 -0.9198 0.060983
v -0.658336 -0.9198 0.199742
v -0.525874 -0.9198 0.309917
v -0.496775 -0.8599 0.272926
v -0.617054 -0.8599 0.172885
v -0.617054 -0.8599 0.172885
v -0.658336 -0.9198 0.199742
v -0.525874 -0.9198 0.309917
v -0.326671 -0.9198 0.380679
v -0.312931 -0.8599 0.337183
v -0.496775 -0.8599 0.272926
v -0.496775 -0.8599 0.272926
v -0.525874 -0.9198 0.309917
v -0.326671 -0.9198 0.380679
v -0.163336 -0.9198 0.392874
v -0.156467 -0.8599 0.348255
v -0.312931 -0.8599 0.337183
v -0.312931 -0.8599 0.337183
v -0.326671 -0.9198 0.380679
v -0.163336 -0.9198 0.392874
v -0.163178 -0.9198 -0.577482
v -0.156323 -0.8599 -0.53286
v -9.05627e-07 -0.8599 -0.543892
v -9.05627e-07 -0.8599 -0.543892
v 0.0 -0.9198 -0.589633
v -0.163178 -0.9198 -0.577482
v -0.326355 -0.9198 -0.565332
v -0.434459 -0.9198 -0.527018
v -0.412414 -0.8599 -0.487036
v -0.412414 -0.8599 -0.487036
v -0.312644 -0.8599 -0.521827
v -0.326355 -0.9198 -0.565332
v -0.61543 -0.9198 -0.420081
v -0.657825 -0.9198 -0.38491
v -0.616591 -0.8599 -0.357997
v -0.616591 -0.8599 -0.357997
v -0.572142 -0.8599 -0.394872
v -0.61543 -0.9198 -0.420081
v -0.703886 -0.9198 -0.309966
v -0.742965 -0.9198 -0.246383
v -0.6939 -0.8599 -0.232209
v -0.6939 -0.8599 -0.232209
v -0.658415 -0.8599 -0.289946
v -0.703886 -0.9198 -0.309966
v -0.742965 -0.9198 -0.246383
v -0.772425 -0.9198 -0.092743
v -0.72065 -0.8599 -0.092701
v -0.72065 -0.8599 -0.092701
v -0.6939 -0.8599 -0.232209
v -0.742965 -0.9198 -0.246383
v -0.74328 -0.9198 0.060983
v -0.694185 -0.8599 0.046889
v -0.72065 -0.8599 -0.092701
v -0.72065 -0.8599 -0.092701
v -0.772425 -0.9198 -0.092743
v -0.74328 -0.9198 0.060983
v -1.91445e-06 -0.9198 -0.520139
v 0.0 -0.9198 -0.589633
v -9.05627e-07 -0.8599 -0.543892
v -9.05627e-07 -0.8599 -0.543892
v -1.91515e-06 -0.8599 -0.48079
v -1.91445e-06 -0.9198 -0.520139
v -1.03007e-06 -0.9198 0.245582
v 1.97986e-06 -0.8599 0.21451
v -1.04201e-06 -0.8599 0.359328
v -1.04201e-06 -0.8599 0.359328
v 0.0 -0.9198 0.405068
v -1.03007e-06 -0.9198 0.245582
v 1.97986e-06 -0.8599 0.21451
v -1.03007e-06 -0.9198 0.245582
v 2.02167e-06 -0.9198 -0.0970889
v 2.02167e-06 -0.9198 -0.0970889
v 6.20268e-05 -0.8599 -0.0966469
v 1.97986e-06 -0.8599 0.21451
v 2.02167e-06 -0.9198 -0.0970889
v -1.91445e-06 -0.9198 -0.520139
v -1.91515e-06 -0.8599 -0.48079
v -1.91515e-06 -0.8599 -0.48079
v 6.20268e-05 -0.8599 -0.0966469
v 2.02167e-06 -0.9198 -0.0970889
v -0.545867 -0.78946 0.116999
v -0.460388 -0.72941 0.049892
v -0.501743 -0.72941 -0.017663
v -0.501743 -0.72941 -0.017663
v -0.606743 -0.78946 0.017557
v -0.545867 -0.78946 0.116999
v -0.450937 -0.78946 0.195957
v -0.395897 -0.72941 0.103532
v -0.460388 -0.72941 0.049892
v -0.460388 -0.72941 0.049892
v -0.545867 -0.78946 0.116999
v -0.450937 -0.78946 0.195957
v -0.299056 -0.78946 0.246669
v -0.282397 -0.72941 0.137983
v -0.395897 -0.72941 0.103532
v -0.395897 -0.72941 0.103532
v -0.450937 -0.78946 0.195957
v -0.299056 -0.78946 0.246669
v -0.149528 -0.78946 0.255408
v -0.141197 -0.72941 0.143921
v -0.282397 -0.72941 0.137983
v -0.282397 -0.72941 0.137983
v -0.299056 -0.78946 0.246669
v -0.149528 -0.78946 0.255408
v -0.149414 -0.78946 -0.440005
v -0.141121 -0.72941 -0.328504
v -2.99258e-05 -0.72941 -0.33442
v -2.99258e-05 -0.72941 -0.33442
v 0.0 -0.78946 -0.448712
v -0.149414 -0.78946 -0.440005
v -0.282243 -0.72941 -0.322589
v -0.29883 -0.78946 -0.431297
v -0.381257 -0.78946 -0.403839
v -0.381257 -0.78946 -0.403839
v -0.343847 -0.72941 -0.303936
v -0.282243 -0.72941 -0.322589
v -0.51042 -0.78946 -0.3311
v -0.545501 -0.78946 -0.301996
v -0.460139 -0.72941 -0.234749
v -0.460139 -0.72941 -0.234749
v -0.436307 -0.72941 -0.25452
v -0.51042 -0.78946 -0.3311
v -0.578511 -0.78946 -0.248288
v -0.606517 -0.78946 -0.20272
v -0.50159 -0.72941 -0.167306
v -0.50159 -0.72941 -0.167306
v -0.482564 -0.72941 -0.198263
v -0.578511 -0.78946 -0.248288
v -0.606517 -0.78946 -0.20272
v -0.62763 -0.78946 -0.092612
v -0.515933 -0.72941 -0.092506
v -0.515933 -0.72941 -0.092506
v -0.50159 -0.72941 -0.167306
v -0.606517 -0.78946 -0.20272
v -0.606743 -0.78946 0.017557
v -0.501743 -0.72941 -0.017663
v -0.515933 -0.72941 -0.092506
v -0.515933 -0.72941 -0.092506
v -0.62763 -0.78946 -0.092612
v -0.606743 -0.78946 0.017557
v -3.79214e-05 -0.78946 -0.398908
v 0.0 -0.78946 -0.448712
v -2.99258e-05 -0.72941 -0.33442
v -2.30042e-05 -0.78946 0.149851
v -5.29872e-05 -0.72941 0.0722091
v 2.00103e-06 -0.72941 0.149857
v 2.00103e-06 -0.72941 0.149857
v 0.0 -0.78946 0.264148
v -2.30042e-05 -0.78946 0.149851
v -2.30042e-05 -0.78946 0.149851
v 1.70336e-05 -0.78946 -0.100953
v -2.79771e-05 -0.72941 0.00492708
v -2.79771e-05 -0.72941 0.00492708
v -5.29872e-05 -0.72941 0.0722091
v -2.30042e-05 -0.78946 0.149851
v -3.79214e-05 -0.78946 -0.398908
v -2.99258e-05 -0.72941 -0.33442
v -2.7946e-05 -0.72941 -0.201268
v -2.7946e-05 -0.72941 -0.201268
v 1.70336e-05 -0.78946 -0.100953
v -3.79214e-05 -0.78946 -0.398908
v 1.70336e-05 -0.78946 -0.100953
v -2.7946e-05 -0.72941 -0.201268
v -1.99621e-05 -0.72941 -0.0946219
v 1.70336e-05 -0.78946 -0.100953
v -1.99621e-05 -0.72941 -0.0946219
v -2.79771e-05 -0.72941 0.00492708
v 6.20268e-05 -0.8599 -0.0966469
v -1.91515e-06 -0.8599 -0.48079
v -3.79214e-05 -0.78946 -0.398908
v -3.79214e-05 -0.78946 -0.398908
v 1.70336e-05 -0.78946 -0.100953
v 6.20268e-05 -0.8599 -0.0966469
v 6.20268e-05 -0.8599 -0.0966469
v 1.70336e-05 -0.78946 -0.100953
v -2.30042e-05 -0.78946 0.149851
v -2.30042e-05 -0.78946 0.149851
v 1.97986e-06 -0.8599 0.21451
v 6.20268e-05 -0.8599 -0.0966469
v 1.97986e-06 -0.8599 0.21451
v -2.30042e-05 -0.78946 0.149851
v 0.0 -0.78946 0.264148
v 0.0 -0.78946 0.264148
v -1.04201e-06 -0.8599 0.359328
v 1.97986e-06 -0.8599 0.21451
v -0.156467 -0.8599 0.348255
v -0.149528 -0.78946 0.255408
v -0.299056 -0.78946 0.246669
v -0.299056 -0.78946 0.246669
v -0.312931 -0.8599 0.337183
v -0.156467 -0.8599 0.348255
v -0.312931 -0.8599 0.337183
v -0.299056 -0.78946 0.246669
v -0.450937 -0.78946 0.195957
v -0.450937 -0.78946 0.195957
v -0.496775 -0.8599 0.272926
v -0.312931 -0.8599 0.337183
v -0.496775 -0.8599 0.272926
v -0.450937 -0.78946 0.195957
v -0.545867 -0.78946 0.116999
v -0.545867 -0.78946 0.116999
v -0.617054 -0.8599 0.172885
v -0.496775 -0.8599 0.272926
v -0.617054 -0.8599 0.172885
v -0.545867 -0.78946 0.116999
v -0.606743 -0.78946 0.017557
v -0.606743 -0.78946 0.017557
v -0.694185 -0.8599 0.046889
v -0.617054 -0.8599 0.172885
v -0.694185 -0.8599 0.046889
v -0.606743 -0.78946 0.017557
v -0.62763 -0.78946 -0.092612
v -0.62763 -0.78946 -0.092612
v -0.72065 -0.8599 -0.092701
v -0.694185 -0.8599 0.046889
v -0.6939 -0.8599 -0.232209
v -0.72065 -0.8599 -0.092701
v -0.62763 -0.78946 -0.092612
v -0.62763 -0.78946 -0.092612
v -0.606517 -0.78946 -0.20272
v -0.6939 -0.8599 -0.232209
v -0.658415 -0.8599 -0.289946
v -0.6939 -0.8599 -0.232209
v -0.606517 -0.78946 -0.20272
v -0.606517 -0.78946 -0.20272
v -0.578511 -0.78946 -0.248288
v -0.658415 -0.8599 -0.289946
v -0.572142 -0.8599 -0.394872
v -0.616591 -0.8599 -0.357997
v -0.545501 -0.78946 -0.301996
v -0.545501 -0.78946 -0.301996
v -0.51042 -0.78946 -0.3311
v -0.572142 -0.8599 -0.394872
v -0.29883 -0.78946 -0.431297
v -0.312644 -0.8599 -0.521827
v -0.412414 -0.8599 -0.487036
v -0.412414 -0.8599 -0.487036
v -0.381257 -0.78946 -0.403839
v -0.29883 -0.78946 -0.431297
v -0.156323 -0.8599 -0.53286
v -0.149414 -0.78946 -0.440005
v 0.0 -0.78946 -0.448712
v 0.0 -0.78946 -0.448712
v -9.05627e-07 -0.8599 -0.543892
v -0.156323 -0.8599 -0.53286
v -1.91515e-06 -0.8599 -0.48079
v -9.05627e-07 -0.8599 -0.543892
v 0.0 -0.78946 -0.448712
v 0.0 -0.78946 -0.448712
v -3.79214e-05 -0.78946 -0.398908
v -1.91515e-06 -0.8599 -0.48079
v -0.501743 -0.72941 -0.017663
v -0.460388 -0.72941 0.049892
v -0.142748 -0.69533 -0.092283
v -0.460388 -0.72941 0.049892
v -0.395897 -0.72941 0.103532
v -0.142748 -0.69533 -0.092283
v -0.395897 -0.72941 0.103532
v -0.282397 -0.72941 0.137983
v -0.142748 -0.69533 -0.092283
v -0.282397 -0.72941 0.137983
v -0.141197 -0.72941 0.143921
v -0.142748 -0.69533 -0.092283
v -2.99258e-05 -0.72941 -0.33442
v -0.141121 -0.72941 -0.328504
v -0.142748 -0.69533 -0.092283
v -0.142748 -0.69533 -0.092283
v -0.282243 -0.72941 -0.322589
v -0.343847 -0.72941 -0.303936
v -0.142748 -0.69533 -0.092283
v -0.436307 -0.72941 -0.25452
v -0.460139 -0.72941 -0.234749
v -0.460139 -0.72941 -0.234749
v -0.482564 -0.72941 -0.198263
v -0.142748 -0.69533 -0.092283
v -0.50159 -0.72941 -0.167306
v -0.515933 -0.72941 -0.092506
v -0.142748 -0.69533 -0.092283
v -0.515933 -0.72941 -0.092506
v -0.501743 -0.72941 -0.017663
v -0.142748 -0.69533 -0.092283
v 2.00103e-06 -0.72941 0.149857
v -5.29872e-05 -0.72941 0.0722091
v -0.142748 -0.69533 -0.092283
v -5.29872e-05 -0.72941 0.0722091
v -2.79771e-05 -0.72941 0.00492708
v -0.142748 -0.69533 -0.092283
v -2.7946e-05 -0.72941 -0.201268
v -2.99258e-05 -0.72941 -0.33442
v -0.142748 -0.69533 -0.092283
v -1.99621e-05 -0.72941 -0.0946219
v -2.7946e-05 -0.72941 -0.201268
v -0.142748 -0.69533 -0.092283
v -2.79771e-05 -0.72941 0.00492708
v -1.99621e-05 -0.72941 -0.0946219
v -0.142748 -0.69533 -0.092283
v -0.866442 -1.31899 0.286914
v -0.891492 -1.31883 0.126919
v 9.97806e-06 -1.31883 -0.0393089
v -0.602409 -1.31911 0.411874
v -0.866442 -1.31899 0.286914
v 9.97806e-06 -1.31883 -0.0393089
v -0.381257 -1.31919 0.530665
v -0.602409 -1.31911 0.411874
v 9.97806e-06 -1.31883 -0.0393089
v -0.377865 -1.31812 -0.663503
v -0.21155 -1.3181 -0.624034
v 9.97806e-06 -1.31883 -0.0393089
v -0.522601 -1.31816 -0.571654
v -0.377865 -1.31812 -0.663503
v 9.97806e-06 -1.31883 -0.0393089
v 9.97806e-06 -1.31883 -0.0393089
v -0.6363 -1.3182 -0.562418
v -0.522601 -1.31816 -0.571654
v -0.863182 -1.31832 -0.434665
v -0.794043 -1.31829 -0.456687
v 9.97806e-06 -1.31883 -0.0393089
v -0.914626 -1.31848 -0.187936
v -0.9214 -1.31841 -0.320834
v -0.863182 -1.31832 -0.434665
v -0.863182 -1.31832 -0.434665
v 9.97806e-06 -1.31883 -0.0393089
v -0.914626 -1.31848 -0.187936
v -0.959259 -1.31865 -0.042138
v -0.914626 -1.31848 -0.187936
v 9.97806e-06 -1.31883 -0.0393089
v -0.891492 -1.31883 0.126919
v -0.959259 -1.31865 -0.042138
v 9.97806e-06 -1.31883 -0.0393089
v -0.600379 -1.24038 0.385854
v -0.578983 -1.10994 0.363747
v -0.839305 -1.11413 0.277653
v -0.839305 -1.11413 0.277653
v -0.863649 -1.24067 0.286067
v -0.600379 -1.24038 0.385854
v -0.600379 -1.24038 0.385854
v -0.371356 -1.2402 0.500569
v -0.385456 -1.10726 0.459968
v -0.385456 -1.10726 0.459968
v -0.578983 -1.10994 0.363747
v -0.600379 -1.24038 0.385854
v -0.371356 -1.2402 0.500569
v -0.190579 -1.24017 0.479982
v -0.192725 -1.1068 0.431122
v -0.192725 -1.1068 0.431122
v -0.385456 -1.10726 0.459968
v -0.371356 -1.2402 0.500569
v 0.0 -1.24272 -0.661055
v -0.211016 -1.24269 -0.624859
v -0.192724 -1.1437 -0.633399
v -0.192724 -1.1437 -0.633399
v 5.08545e-06 -1.14416 -0.649352
v 0.0 -1.24272 -0.661055
v -0.376798 -1.24266 -0.654273
v -0.515774 -1.24256 -0.575786
v -0.495135 -1.14177 -0.561121
v -0.495135 -1.14177 -0.561121
v -0.366069 -1.14324 -0.624111
v -0.376798 -1.24266 -0.654273
v -0.778847 -1.24226 -0.44643
v -0.831765 -1.24219 -0.410299
v -0.790751 -1.13636 -0.396708
v -0.790751 -1.13636 -0.396708
v -0.718066 -1.13769 -0.44447
v -0.778847 -1.24226 -0.44643
v -0.918341 -1.24199 -0.323497
v -0.911342 -1.24183 -0.178461
v -0.885707 -1.13109 -0.220222
v -0.885707 -1.13109 -0.220222
v -0.842401 -1.13351 -0.327627
v -0.918341 -1.24199 -0.323497
v -0.911342 -1.24183 -0.178461
v -0.95336 -1.24143 -0.0462931
v -0.932964 -1.12524 -0.055921
v -0.932964 -1.12524 -0.055921
v -0.885707 -1.13109 -0.220222
v -0.911342 -1.24183 -0.178461
v -0.95336 -1.24143 -0.0462931
v -0.888209 -1.24103 0.122442
v -0.873175 -1.1194 0.104599
v -0.873175 -1.1194 0.104599
v -0.932964 -1.12524 -0.055921
v -0.95336 -1.24143 -0.0462931
v -0.888209 -1.24103 0.122442
v -0.863649 -1.24067 0.286067
v -0.839305 -1.11413 0.277653
v -0.839305 -1.11413 0.277653
v -0.873175 -1.1194 0.104599
v -0.888209 -1.24103 0.122442
v -0.863649 -1.24067 0.286067
v -0.888209 -1.24103 0.122442
v -0.891492 -1.31883 0.126919
v -0.891492 -1.31883 0.126919
v -0.866442 -1.31899 0.286914
v -0.863649 -1.24067 0.286067
v -0.600379 -1.24038 0.385854
v -0.863649 -1.24067 0.286067
v -0.866442 -1.31899 0.286914
v -0.866442 -1.31899 0.286914
v -0.602409 -1.31911 0.411874
v -0.600379 -1.24038 0.385854
v -0.371356 -1.2402 0.500569
v -0.600379 -1.24038 0.385854
v -0.602409 -1.31911 0.411874
v -0.602409 -1.31911 0.411874
v -0.381257 -1.31919 0.530665
v -0.371356 -1.2402 0.500569
v -0.371356 -1.2402 0.500569
v -0.381257 -1.31919 0.530665
v -0.193207 -1.31921 0.503332
v -0.193207 -1.31921 0.503332
v -0.190579 -1.24017 0.479982
v -0.371356 -1.2402 0.500569
v 0.0 -1.24272 -0.661055
v 8.07394e-06 -1.31809 -0.673855
v -0.21155 -1.3181 -0.624034
v -0.21155 -1.3181 -0.624034
v -0.211016 -1.24269 -0.624859
v 0.0 -1.24272 -0.661055
v -0.515774 -1.24256 -0.575786
v -0.376798 -1.24266 -0.654273
v -0.377865 -1.31812 -0.663503
v -0.377865 -1.31812 -0.663503
v -0.522601 -1.31816 -0.571654
v -0.515774 -1.24256 -0.575786
v -0.831765 -1.24219 -0.410299
v -0.778847 -1.24226 -0.44643
v -0.794043 -1.31829 -0.456687
v -0.794043 -1.31829 -0.456687
v -0.863182 -1.31832 -0.434665
v -0.831765 -1.24219 -0.410299
v -0.918341 -1.24199 -0.323497
v -0.9214 -1.31841 -0.320834
v -0.914626 -1.31848 -0.187936
v -0.914626 -1.31848 -0.187936
v -0.911342 -1.24183 -0.178461
v -0.918341 -1.24199 -0.323497
v -0.911342 -1.24183 -0.178461
v -0.914626 -1.31848 -0.187936
v -0.959259 -1.31865 -0.042138
v -0.959259 -1.31865 -0.042138
v -0.95336 -1.24143 -0.0462931
v -0.911342 -1.24183 -0.178461
v -0.888209 -1.24103 0.122442
v -0.95336 -1.24143 -0.0462931
v -0.959259 -1.31865 -0.042138
v -0.959259 -1.31865 -0.042138
v -0.891492 -1.31883 0.126919
v -0.888209 -1.24103 0.122442
v 1.40623e-05 -1.24216 -0.553045
v 0.0 -1.24272 -0.661055
v 5.08545e-06 -1.14416 -0.649352
v 5.08545e-06 -1.14416 -0.649352
v 1.4071e-05 -1.14189 -0.552377
v 1.40623e-05 -1.24216 -0.553045
v 8.07394e-06 -1.31809 -0.673855
v 0.0 -1.24272 -0.661055
v 1.40623e-05 -1.24216 -0.553045
v 1.29302e-05 -1.24079 0.322948
v 1.29391e-05 -1.1159 0.336341
v 4.9232e-06 -1.10633 0.447075
v 4.9232e-06 -1.10633 0.447075
v 0.0 -1.24013 0.511555
v 1.29302e-05 -1.24079 0.322948
v 0.0 -1.24013 0.511555
v 5.89486e-06 -1.31922 0.51152
v 1.29302e-05 -1.24079 0.322948
v 1.29302e-05 -1.24079 0.322948
v 5.89486e-06 -1.31922 0.51152
v 9.97806e-06 -1.31883 -0.0393089
v 9.97806e-06 -1.31883 -0.0393089
v 9.98567e-06 -1.24147 -0.0449299
v 1.29302e-05 -1.24079 0.322948
v 9.98567e-06 -1.24147 -0.0449299
v 9.99913e-06 -1.12524 -0.0667319
v 1.29391e-05 -1.1159 0.336341
v 1.29391e-05 -1.1159 0.336341
v 1.29302e-05 -1.24079 0.322948
v 9.98567e-06 -1.24147 -0.0449299
v 1.40623e-05 -1.24216 -0.553045
v 1.4071e-05 -1.14189 -0.552377
v 9.99913e-06 -1.12524 -0.0667319
v 9.99913e-06 -1.12524 -0.0667319
v 9.98567e-06 -1.24147 -0.0449299
v 1.40623e-05 -1.24216 -0.553045
v 1.40623e-05 -1.24216 -0.553045
v 9.98567e-06 -1.24147 -0.0449299
v 9.97806e-06 -1.31883 -0.0393089
v 9.97806e-06 -1.31883 -0.0393089
v 8.07394e-06 -1.31809 -0.673855
v 1.40623e-05 -1.24216 -0.553045
v 9.97806e-06 -1.31883 -0.0393089
v 5.89486e-06 -1.31922 0.51152
v -0.193207 -1.31921 0.503332
v -0.193207 -1.31921 0.503332
v -0.381257 -1.31919 0.530665
v 9.97806e-06 -1.31883 -0.0393089
v -0.21155 -1.3181 -0.624034
v -0.377865 -1.31812 -0.663503
v -0.376798 -1.24266 -0.654273
v -0.376798 -1.24266 -0.654273
v -0.211016 -1.24269 -0.624859
v -0.21155 -1.3181 -0.624034
v -0.366069 -1.14324 -0.624111
v -0.192724 -1.1437 -0.633399
v -0.211016 -1.24269 -0.624859
v -0.211016 -1.24269 -0.624859
v -0.376798 -1.24266 -0.654273
v -0.366069 -1.14324 -0.624111
v -0.357951 -0.97967 -0.602226
v -0.178825 -0.97967 -0.615323
v -0.192724 -1.1437 -0.633399
v -0.192724 -1.1437 -0.633399
v -0.366069 -1.14324 -0.624111
v -0.357951 -0.97967 -0.602226
v -0.326355 -0.9198 -0.565332
v -0.163178 -0.9198 -0.577482
v -0.178825 -0.97967 -0.615323
v -0.178825 -0.97967 -0.615323
v -0.357951 -0.97967 -0.602226
v -0.326355 -0.9198 -0.565332
v -0.312644 -0.8599 -0.521827
v -0.156323 -0.8599 -0.53286
v -0.163178 -0.9198 -0.577482
v -0.163178 -0.9198 -0.577482
v -0.326355 -0.9198 -0.565332
v -0.312644 -0.8599 -0.521827
v -0.29883 -0.78946 -0.431297
v -0.149414 -0.78946 -0.440005
v -0.156323 -0.8599 -0.53286
v -0.156323 -0.8599 -0.53286
v -0.312644 -0.8599 -0.521827
v -0.29883 -0.78946 -0.431297
v -0.282243 -0.72941 -0.322589
v -0.141121 -0.72941 -0.328504
v -0.149414 -0.78946 -0.440005
v -0.149414 -0.78946 -0.440005
v -0.29883 -0.78946 -0.431297
v -0.282243 -0.72941 -0.322589
v -0.190579 -1.24017 0.479982
v -0.193207 -1.31921 0.503332
v 5.89486e-06 -1.31922 0.51152
v 5.89486e-06 -1.31922 0.51152
v 0.0 -1.24013 0.511555
v -0.190579 -1.24017 0.479982
v -0.190579 -1.24017 0.479982
v 0.0 -1.24013 0.511555
v 4.9232e-06 -1.10633 0.447075
v 4.9232e-06 -1.10633 0.447075
v -0.192725 -1.1068 0.431122
v -0.190579 -1.24017 0.479982
v -0.180239 -0.97967 0.430711
v -0.192725 -1.1068 0.431122
v 4.9232e-06 -1.10633 0.447075
v 4.9232e-06 -1.10633 0.447075
v 0.0 -0.97967 0.443857
v -0.180239 -0.97967 0.430711
v -0.163336 -0.9198 0.392874
v -0.180239 -0.97967 0.430711
v 0.0 -0.97967 0.443857
v 0.0 -0.97967 0.443857
v 0.0 -0.9198 0.405068
v -0.163336 -0.9198 0.392874
v -0.163336 -0.9198 0.392874
v 0.0 -0.9198 0.405068
v -1.04201e-06 -0.8599 0.359328
v -1.04201e-06 -0.8599 0.359328
v -0.156467 -0.8599 0.348255
v -0.163336 -0.9198 0.392874
v -0.156467 -0.8599 0.348255
v -1.04201e-06 -0.8599 0.359328
v 0.0 -0.78946 0.264148
v 0.0 -0.78946 0.264148
v -0.149528 -0.78946 0.255408
v -0.156467 -0.8599 0.348255
v -0.149528 -0.78946 0.255408
v 0.0 -0.78946 0.264148
v 2.00103e-06 -0.72941 0.149857
v 2.00103e-06 -0.72941 0.149857
v -0.141197 -0.72941 0.143921
v -0.149528 -0.78946 0.255408
v -0.51042 -0.78946 -0.3311
v -0.436307 -0.72941 -0.25452
v -0.395649 -0.72941 -0.28825
v -0.395649 -0.72941 -0.28825
v -0.450571 -0.78946 -0.38075
v -0.51042 -0.78946 -0.3311
v -0.572142 -0.8599 -0.394872
v -0.51042 -0.78946 -0.3311
v -0.450571 -0.78946 -0.38075
v -0.450571 -0.78946 -0.38075
v -0.496311 -0.8599 -0.457781
v -0.572142 -0.8599 -0.394872
v -0.572142 -0.8599 -0.394872
v -0.496311 -0.8599 -0.457781
v -0.525364 -0.9198 -0.4948
v -0.525364 -0.9198 -0.4948
v -0.61543 -0.9198 -0.420081
v -0.572142 -0.8599 -0.394872
v -0.587848 -0.97967 -0.526192
v -0.670587 -0.97967 -0.462756
v -0.61543 -0.9198 -0.420081
v -0.61543 -0.9198 -0.420081
v -0.525364 -0.9198 -0.4948
v -0.587848 -0.97967 -0.526192
v -0.670587 -0.97967 -0.462756
v -0.587848 -0.97967 -0.526192
v -0.611536 -1.14055 -0.530624
v -0.611536 -1.14055 -0.530624
v -0.69414 -1.13814 -0.458338
v -0.670587 -0.97967 -0.462756
v -0.62035 -1.23993 -0.55089
v -0.725293 -1.24232 -0.445806
v -0.69414 -1.13814 -0.458338
v -0.69414 -1.13814 -0.458338
v -0.611536 -1.14055 -0.530624
v -0.62035 -1.23993 -0.55089
v -0.725293 -1.24232 -0.445806
v -0.62035 -1.23993 -0.55089
v -0.6363 -1.3182 -0.562418
v -0.6363 -1.3182 -0.562418
v -0.730882 -1.31826 -0.433783
v -0.725293 -1.24232 -0.445806
v -0.578511 -0.78946 -0.248288
v -0.482564 -0.72941 -0.198263
v -0.460139 -0.72941 -0.234749
v -0.460139 -0.72941 -0.234749
v -0.545501 -0.78946 -0.301996
v -0.578511 -0.78946 -0.248288
v -0.658415 -0.8599 -0.289946
v -0.578511 -0.78946 -0.248288
v -0.545501 -0.78946 -0.301996
v -0.545501 -0.78946 -0.301996
v -0.616591 -0.8599 -0.357997
v -0.658415 -0.8599 -0.289946
v -0.657825 -0.9198 -0.38491
v -0.703886 -0.9198 -0.309966
v -0.658415 -0.8599 -0.289946
v -0.658415 -0.8599 -0.289946
v -0.616591 -0.8599 -0.357997
v -0.657825 -0.9198 -0.38491
v -0.742762 -0.97967 -0.407732
v -0.793371 -0.97967 -0.331675
v -0.703886 -0.9198 -0.309966
v -0.703886 -0.9198 -0.309966
v -0.657825 -0.9198 -0.38491
v -0.742762 -0.97967 -0.407732
v -0.793371 -0.97967 -0.331675
v -0.742762 -0.97967 -0.407732
v -0.790751 -1.13636 -0.396708
v -0.790751 -1.13636 -0.396708
v -0.842401 -1.13351 -0.327627
v -0.793371 -0.97967 -0.331675
v -0.831765 -1.24219 -0.410299
v -0.918341 -1.24199 -0.323497
v -0.842401 -1.13351 -0.327627
v -0.842401 -1.13351 -0.327627
v -0.790751 -1.13636 -0.396708
v -0.831765 -1.24219 -0.410299
v -0.918341 -1.24199 -0.323497
v -0.831765 -1.24219 -0.410299
v -0.863182 -1.31832 -0.434665
v -0.863182 -1.31832 -0.434665
v -0.9214 -1.31841 -0.320834
v -0.918341 -1.24199 -0.323497
v -0.62035 -1.23993 -0.55089
v -0.515774 -1.24256 -0.575786
v -0.522601 -1.31816 -0.571654
v -0.522601 -1.31816 -0.571654
v -0.6363 -1.3182 -0.562418
v -0.62035 -1.23993 -0.55089
v -0.515774 -1.24256 -0.575786
v -0.62035 -1.23993 -0.55089
v -0.611536 -1.14055 -0.530624
v -0.611536 -1.14055 -0.530624
v -0.495135 -1.14177 -0.561121
v -0.515774 -1.24256 -0.575786
v -0.587848 -0.97967 -0.526192
v -0.482258 -0.97967 -0.560923
v -0.495135 -1.14177 -0.561121
v -0.495135 -1.14177 -0.561121
v -0.611536 -1.14055 -0.530624
v -0.587848 -0.97967 -0.526192
v -0.482258 -0.97967 -0.560923
v -0.587848 -0.97967 -0.526192
v -0.525364 -0.9198 -0.4948
v -0.525364 -0.9198 -0.4948
v -0.434459 -0.9198 -0.527018
v -0.482258 -0.97967 -0.560923
v -0.434459 -0.9198 -0.527018
v -0.525364 -0.9198 -0.4948
v -0.496311 -0.8599 -0.457781
v -0.496311 -0.8599 -0.457781
v -0.412414 -0.8599 -0.487036
v -0.434459 -0.9198 -0.527018
v -0.412414 -0.8599 -0.487036
v -0.496311 -0.8599 -0.457781
v -0.450571 -0.78946 -0.38075
v -0.450571 -0.78946 -0.38075
v -0.381257 -0.78946 -0.403839
v -0.412414 -0.8599 -0.487036
v -0.381257 -0.78946 -0.403839
v -0.450571 -0.78946 -0.38075
v -0.395649 -0.72941 -0.28825
v -0.395649 -0.72941 -0.28825
v -0.343847 -0.72941 -0.303936
v -0.381257 -0.78946 -0.403839
v -0.395649 -0.72941 -0.28825
v -0.436307 -0.72941 -0.25452
v -0.142748 -0.69533 -0.092283
v -0.69414 -1.13814 -0.458338
v -0.718066 -1.13769 -0.44447
v -0.670587 -0.97967 -0.462756
v -0.718066 -1.13769 -0.44447
v -0.69414 -1.13814 -0.458338
v -0.725293 -1.24232 -0.445806
v -0.725293 -1.24232 -0.445806
v -0.778847 -1.24226 -0.44643
v -0.718066 -1.13769 -0.44447
v -0.778847 -1.24226 -0.44643
v -0.725293 -1.24232 -0.445806
v -0.730882 -1.31826 -0.433783
v -0.730882 -1.31826 -0.433783
v -0.794043 -1.31829 -0.456687
v -0.778847 -1.24226 -0.44643
v 9.97806e-06 -1.31883 -0.0393089
v -0.794043 -1.31829 -0.456687
v -0.730882 -1.31826 -0.433783
v -0.142748 -0.69533 -0.092283
v -0.343847 -0.72941 -0.303936
v -0.395649 -0.72941 -0.28825
v -0.142748 -0.69533 -0.092283
v -0.141121 -0.72941 -0.328504
v -0.282243 -0.72941 -0.322589
v -0.142748 -0.69533 -0.092283
v -0.482564 -0.72941 -0.198263
v -0.50159 -0.72941 -0.167306
v 9.97806e-06 -1.31883 -0.0393089
v -0.21155 -1.3181 -0.624034
v 8.07394e-06 -1.31809 -0.673855
v -0.142748 -0.69533 -0.092283
v -0.141197 -0.72941 0.143921
v 2.00103e-06 -0.72941 0.149857
v 9.97806e-06 -1.31883 -0.0393089
v -0.730882 -1.31826 -0.433783
v -0.6363 -1.3182 -0.562418
v 0.383882 -0.611234 -0.541971
v 0.481856 -0.611244 -0.491803
v 0.481856 -0.588223 -0.491803
v 0.481856 -0.588223 -0.491803
v 0.383882 -0.588212 -0.541971
v 0.383882 -0.611234 -0.541971
v 0.526405 -0.588223 -0.570776
v 0.536117 -0.611244 -0.587991
v 0.438142 -0.611234 -0.63816
v 0.438142 -0.611234 -0.63816
v 0.428432 -0.588212 -0.620945
v 0.526405 -0.588223 -0.570776
v 0.428432 -0.588212 -0.620945
v 0.383882 -0.588212 -0.541971
v 0.481856 -0.588223 -0.491803
v 0.481856 -0.588223 -0.491803
v 0.526405 -0.588223 -0.570776
v 0.428432 -0.588212 -0.620945
v 0.526405 -0.588223 -0.570776
v 0.481856 -0.588223 -0.491803
v 0.481856 -0.611244 -0.491803
v 0.481856 -0.611244 -0.491803
v 0.536117 -0.611244 -0.587991
v 0.526405 -0.588223 -0.570776
v 0.481856 -0.880376 -0.491803
v 0.383882 -0.880407 -0.541971
v 0.428432 -0.880407 -0.620945
v 0.428432 -0.880407 -0.620945
v 0.526405 -0.880376 -0.570776
v 0.481856 -0.880376 -0.491803
v 0.383882 -0.611234 -0.541971
v 0.383882 -0.588212 -0.541971
v 0.428432 -0.588212 -0.620945
v 0.428432 -0.588212 -0.620945
v 0.438142 -0.611234 -0.63816
v 0.383882 -0.611234 -0.541971
v 0.438142 -0.857375 -0.63816
v 0.536117 -0.857354 -0.587991
v 0.526405 -0.880376 -0.570776
v 0.526405 -0.880376 -0.570776
v 0.428432 -0.880407 -0.620945
v 0.438142 -0.857375 -0.63816
v 0.428432 -0.880407 -0.620945
v 0.383882 -0.880407 -0.541971
v 0.383882 -0.857375 -0.541971
v 0.383882 -0.857375 -0.541971
v 0.438142 -0.857375 -0.63816
v 0.428432 -0.880407 -0.620945
v 0.383882 -0.857375 -0.541971
v 0.383882 -0.880407 -0.541971
v 0.481856 -0.880376 -0.491803
v 0.481856 -0.880376 -0.491803
v 0.481856 -0.857354 -0.491803
v 0.383882 -0.857375 -0.541971
v 0.481856 -0.857354 -0.491803
v 0.481856 -0.880376 -0.491803
v 0.526405 -0.880376 -0.570776
v 0.526405 -0.880376 -0.570776
v 0.536117 -0.857354 -0.587991
v 0.481856 -0.857354 -0.491803
v 0.536117 -0.611244 -0.587991
v 0.536117 -0.857354 -0.587991
v 0.438142 -0.857375 -0.63816
v 0.438142 -0.857375 -0.63816
v 0.438142 -0.611234 -0.63816
v 0.536117 -0.611244 -0.587991
v 0.383882 -0.857375 -0.541971
v 0.383882 -0.611234 -0.541971
v 0.438142 -0.611234 -0.63816
v 0.438142 -0.611234 -0.63816
v 0.438142 -0.857375 -0.63816
v 0.383882 -0.857375 -0.541971
v 0.383882 -0.611234 -0.541971
v 0.383882 -0.857375 -0.541971
v 0.481856 -0.857354 -0.491803
v 0.481856 -0.857354 -0.491803
v 0.481856 -0.611244 -0.491803
v 0.383882 -0.611234 -0.541971
v 0.481856 -0.611244 -0.491803
v 0.481856 -0.857354 -0.491803
v 0.536117 -0.857354 -0.587991
v 0.536117 -0.857354 -0.587991
v 0.536117 -0.611244 -0.587991
v 0.481856 -0.611244 -0.491803

vn -0.0235609 0.976315 -0.215069
vn -0.0235609 0.976315 -0.215069
vn -0.0235609 0.976315 -0.215069
vn 0.0 0.993527 -0.1136
vn 0.0332801 0.998897 -0.033133
vn 0.0649861 0.994478 -0.0824
vn 0.174059 0.822046 0.542167
vn 0.154838 0.819352 0.551985
vn 0.367339 0.868432 0.332999
vn 0.367339 0.868432 0.332999
vn 0.389308 0.872104 0.296435
vn 0.174059 0.822046 0.542167
vn 0.389308 0.872104 0.296435
vn 0.367339 0.868432 0.332999
vn 0.386123 0.922379 0.0112381
vn 0.386123 0.922379 0.0112381
vn 0.396822 0.917487 0.0273841
vn 0.389308 0.872104 0.296435
vn 0.193222 0.952882 -0.233839
vn 0.0225641 0.977606 -0.209233
vn 0.0258071 0.977385 -0.209885
vn 0.0258071 0.977385 -0.209885
vn 0.166522 0.958265 -0.232377
vn 0.193222 0.952882 -0.233839
vn 0.0 0.993527 -0.1136
vn 0.0649861 0.994478 -0.0824
vn 0.0634341 0.989226 -0.131941
vn 0.386123 0.922379 0.0112381
vn 0.299346 0.945286 -0.129713
vn 0.289168 0.94561 -0.149011
vn 0.289168 0.94561 -0.149011
vn 0.396822 0.917487 0.0273841
vn 0.386123 0.922379 0.0112381
vn 0.289168 0.94561 -0.149011
vn 0.299346 0.945286 -0.129713
vn 0.193222 0.952882 -0.233839
vn 0.193222 0.952882 -0.233839
vn 0.166522 0.958265 -0.232377
vn 0.289168 0.94561 -0.149011
vn 0.0 0.993527 -0.1136
vn 0.0634341 0.989226 -0.131941
vn 0.0526721 0.984265 -0.168668
vn 0.154838 0.819352 0.551985
vn 0.174059 0.822046 0.542167
vn 0.0 0.799655 0.60046
vn 0.0 0.799655 0.60046
vn 0.0 0.799655 0.60046
vn 0.154838 0.819352 0.551985
vn 0.0 0.999997 -0.002593
vn 0.00559609 0.999981 -0.002414
vn 0.0 0.993527 -0.1136
vn 0.923365 -0.0187011 -0.383468
vn 0.802226 -0.331248 -0.496697
vn 0.79783 -0.339948 -0.497899
vn 0.79783 -0.339948 -0.497899
vn 0.936435 -0.00520708 -0.350802
vn 0.923365 -0.0187011 -0.383468
vn 0.996964 -0.0721821 -0.0292018
vn 0.923365 -0.0187011 -0.383468
vn 0.936435 -0.00520708 -0.350802
vn 0.936435 -0.00520708 -0.350802
vn 0.996579 -0.0819741 -0.0105378
vn 0.996964 -0.0721821 -0.0292018
vn 0.996964 -0.0721821 -0.0292018
vn 0.996579 -0.0819741 -0.0105378
vn 0.943327 -0.213249 0.254282
vn 0.943327 -0.213249 0.254282
vn 0.92068 -0.238284 0.309143
vn 0.996964 -0.0721821 -0.0292018
vn 0.92068 -0.238284 0.309143
vn 0.943327 -0.213249 0.254282
vn 0.702736 -0.253427 0.664783
vn 0.702736 -0.253427 0.664783
vn 0.668168 -0.244495 0.70269
vn 0.92068 -0.238284 0.309143
vn 0.702736 -0.253427 0.664783
vn 0.190865 -0.219384 0.956787
vn 0.300793 -0.198221 0.932862
vn 0.300793 -0.198221 0.932862
vn 0.668168 -0.244495 0.70269
vn 0.702736 -0.253427 0.664783
vn -1.67553e-07 -0.239769 0.97083
vn 0.300793 -0.198221 0.932862
vn 0.190865 -0.219384 0.956787
vn 0.190865 -0.219384 0.956787
vn -1.67553e-07 -0.239769 0.97083
vn -1.67553e-07 -0.239769 0.97083
vn -0.0165809 0.979415 -0.201175
vn -0.0165809 0.979415 -0.201175
vn 0.0258071 0.977385 -0.209885
vn 0.0258071 0.977385 -0.209885
vn 0.0225641 0.977606 -0.209233
vn -0.0165809 0.979415 -0.201175
vn 0.0 0.993527 -0.1136
vn 0.0526721 0.984265 -0.168668
vn 0.00885812 0.980537 -0.196135
vn 0.0 0.993527 -0.1136
vn 0.00559609 0.999981 -0.002414
vn 0.0332801 0.998897 -0.033133
vn -0.839687 -0.190848 -0.508431
vn -0.825243 -0.197124 -0.52926
vn -0.828871 -0.195583 -0.524138
vn -0.828871 -0.195583 -0.524138
vn -0.839687 -0.190848 -0.508431
vn -0.839687 -0.190848 -0.508431
vn 0.696047 -0.503695 -0.511674
vn 0.79783 -0.339948 -0.497899
vn 0.802226 -0.331248 -0.496697
vn 0.802226 -0.331248 -0.496697
vn 0.696047 -0.503695 -0.511674
vn 0.696047 -0.503695 -0.511674
vn 0.324556 0.517933 -0.79146
vn 0.292447 0.4512 -0.843145
vn 0.313824 0.450315 -0.835901
vn 0.313824 0.450315 -0.835901
vn 0.368632 0.527594 -0.765346
vn 0.324556 0.517933 -0.79146
vn 0.423021 0.77968 -0.461684
vn 0.324556 0.517933 -0.79146
vn 0.368632 0.527594 -0.765346
vn 0.368632 0.527594 -0.765346
vn 0.466259 0.727191 -0.503782
vn 0.423021 0.77968 -0.461684
vn 0.485125 0.857259 -0.172514
vn 0.493664 0.856296 -0.151835
vn 0.423021 0.77968 -0.461684
vn 0.423021 0.77968 -0.461684
vn 0.466259 0.727191 -0.503782
vn 0.485125 0.857259 -0.172514
vn 0.573377 0.815349 0.0802741
vn 0.493664 0.856296 -0.151835
vn 0.485125 0.857259 -0.172514
vn 0.485125 0.857259 -0.172514
vn 0.576923 0.811503 0.0928591
vn 0.573377 0.815349 0.0802741
vn 0.516196 0.741429 0.428748
vn 0.573377 0.815349 0.0802741
vn 0.576923 0.811503 0.0928591
vn 0.576923 0.811503 0.0928591
vn 0.487022 0.730608 0.478562
vn 0.516196 0.741429 0.428748
vn 0.224698 0.602376 0.765933
vn 0.516196 0.741429 0.428748
vn 0.487022 0.730608 0.478562
vn 0.487022 0.730608 0.478562
vn 0.209455 0.595254 0.775759
vn 0.224698 0.602376 0.765933
vn 0.0 0.522279 0.852775
vn 0.224698 0.602376 0.765933
vn 0.209455 0.595254 0.775759
vn 0.209455 0.595254 0.775759
vn 0.0 0.522279 0.852775
vn 0.0 0.522279 0.852775
vn -0.770061 -0.391657 -0.503599
vn -0.730649 -0.490244 -0.475197
vn -0.730649 -0.490244 -0.475197
vn -0.730649 -0.490244 -0.475197
vn -0.79775 -0.298207 -0.524088
vn -0.770061 -0.391657 -0.503599
vn 0.249838 0.309672 -0.917434
vn 0.32591 0.273332 -0.905026
vn 0.308903 0.279114 -0.909216
vn 0.308903 0.279114 -0.909216
vn 0.198197 0.300612 -0.932926
vn 0.249838 0.309672 -0.917434
vn 0.180905 0.257657 -0.94915
vn 0.207136 0.276746 -0.938353
vn 0.148672 0.193492 -0.969772
vn 0.148672 0.193492 -0.969772
vn 0.169095 0.167837 -0.971204
vn 0.180905 0.257657 -0.94915
vn 1.5954e-07 0.107795 -0.994173
vn 0.132015 0.116375 -0.984393
vn 0.124568 0.12536 -0.98426
vn 0.169095 0.167837 -0.971204
vn 0.148672 0.193492 -0.969772
vn 0.124568 0.12536 -0.98426
vn 0.124568 0.12536 -0.98426
vn 0.132015 0.116375 -0.984393
vn 0.169095 0.167837 -0.971204
vn 1.74414e-07 0.524231 -0.851576
vn 1.7429e-07 0.540637 -0.841256
vn 0.267917 0.504464 -0.820815
vn 0.341294 0.405631 -0.847928
vn 0.343995 0.350539 -0.871085
vn 0.413504 0.405617 -0.815162
vn 0.413504 0.405617 -0.815162
vn 0.428625 0.474457 -0.768877
vn 0.341294 0.405631 -0.847928
vn 0.583659 0.616439 -0.528531
vn 0.466259 0.727191 -0.503782
vn 0.428625 0.474457 -0.768877
vn 0.428625 0.474457 -0.768877
vn 0.413504 0.405617 -0.815162
vn 0.583659 0.616439 -0.528531
vn 0.485125 0.857259 -0.172514
vn 0.466259 0.727191 -0.503782
vn 0.583659 0.616439 -0.528531
vn 0.466259 0.727191 -0.503782
vn 0.368632 0.527594 -0.765346
vn 0.428625 0.474457 -0.768877
vn 0.313824 0.450315 -0.835901
vn 0.341294 0.405631 -0.847928
vn 0.428625 0.474457 -0.768877
vn 0.428625 0.474457 -0.768877
vn 0.368632 0.527594 -0.765346
vn 0.313824 0.450315 -0.835901
vn -0.825243 -0.197124 -0.52926
vn -0.770061 -0.391657 -0.503599
vn -0.79775 -0.298207 -0.524088
vn -0.79775 -0.298207 -0.524088
vn -0.828871 -0.195583 -0.524138
vn -0.825243 -0.197124 -0.52926
vn 1.74414e-07 0.524231 -0.851576
vn 0.267917 0.504464 -0.820815
vn 0.272992 0.538185 -0.797391
vn 0.272992 0.538185 -0.797391
vn 1.73973e-07 0.433848 -0.900986
vn 1.74414e-07 0.524231 -0.851576
vn 0.272992 0.538185 -0.797391
vn 0.249838 0.309672 -0.917434
vn 1.73973e-07 0.433848 -0.900986
vn 1.70571e-07 0.307732 -0.951473
vn 1.73973e-07 0.433848 -0.900986
vn 0.249838 0.309672 -0.917434
vn 0.249838 0.309672 -0.917434
vn 0.198197 0.300612 -0.932926
vn 1.70571e-07 0.307732 -0.951473
vn 1.68201e-07 0.252996 -0.967467
vn 0.180905 0.257657 -0.94915
vn 0.169095 0.167837 -0.971204
vn 0.169095 0.167837 -0.971204
vn 1.6284e-07 0.156865 -0.98762
vn 1.68201e-07 0.252996 -0.967467
vn 1.6284e-07 0.156865 -0.98762
vn 0.169095 0.167837 -0.971204
vn 0.132015 0.116375 -0.984393
vn 0.132015 0.116375 -0.984393
vn 1.59038e-07 0.100792 -0.994908
vn 1.6284e-07 0.156865 -0.98762
vn 1.5954e-07 0.107795 -0.994173
vn 1.59038e-07 0.100792 -0.994908
vn 0.132015 0.116375 -0.984393
vn 1.68201e-07 0.252996 -0.967467
vn 1.70571e-07 0.307732 -0.951473
vn 0.198197 0.300612 -0.932926
vn 0.198197 0.300612 -0.932926
vn 0.180905 0.257657 -0.94915
vn 1.68201e-07 0.252996 -0.967467
vn 0.207136 0.276746 -0.938353
vn 0.180905 0.257657 -0.94915
vn 0.198197 0.300612 -0.932926
vn 0.198197 0.300612 -0.932926
vn 0.308903 0.279114 -0.909216
vn 0.207136 0.276746 -0.938353
vn 0.0 0.993527 -0.1136
vn 0.0 0.976586 -0.215128
vn -0.00885788 0.980537 -0.196134
vn 0.0 0.993527 -0.1136
vn -0.0649859 0.994478 -0.082399
vn -0.0332799 0.998897 -0.033131
vn -0.174058 0.822044 0.542169
vn -0.389308 0.872103 0.296438
vn -0.367339 0.868431 0.333002
vn -0.367339 0.868431 0.333002
vn -0.154838 0.819351 0.551987
vn -0.174058 0.822044 0.542169
vn -0.389308 0.872103 0.296438
vn -0.396822 0.917487 0.0273849
vn -0.386122 0.922379 0.0112379
vn -0.386122 0.922379 0.0112379
vn -0.367339 0.868431 0.333002
vn -0.389308 0.872103 0.296438
vn -0.0258069 0.977385 -0.209886
vn -0.0225639 0.977605 -0.209233
vn -0.193222 0.952882 -0.233839
vn -0.193222 0.952882 -0.233839
vn -0.166522 0.958265 -0.232378
vn -0.0258069 0.977385 -0.209886
vn 0.0 0.993527 -0.1136
vn -0.0634339 0.989226 -0.131941
vn -0.0649859 0.994478 -0.082399
vn -0.289168 0.94561 -0.14901
vn -0.299346 0.945287 -0.129712
vn -0.386122 0.922379 0.0112379
vn -0.386122 0.922379 0.0112379
vn -0.396822 0.917487 0.0273849
vn -0.289168 0.94561 -0.14901
vn -0.289168 0.94561 -0.14901
vn -0.166522 0.958265 -0.232378
vn -0.193222 0.952882 -0.233839
vn -0.193222 0.952882 -0.233839
vn -0.299346 0.945287 -0.129712
vn -0.289168 0.94561 -0.14901
vn 0.0 0.993527 -0.1136
vn -0.0526719 0.984265 -0.168667
vn -0.0634339 0.989226 -0.131941
vn 0.0 0.799655 0.60046
vn -0.174058 0.822044 0.542169
vn -0.154838 0.819351 0.551987
vn -0.154838 0.819351 0.551987
vn 0.0 0.799655 0.60046
vn 0.0 0.799655 0.60046
vn 0.0 0.999997 -0.002593
vn 0.0 0.993527 -0.1136
vn -0.00559591 0.999981 -0.002414
vn -0.797831 -0.339948 -0.497896
vn -0.802228 -0.331248 -0.496694
vn -0.923365 -0.0186989 -0.383467
vn -0.923365 -0.0186989 -0.383467
vn -0.936435 -0.00520592 -0.350802
vn -0.797831 -0.339948 -0.497896
vn -0.936435 -0.00520592 -0.350802
vn -0.923365 -0.0186989 -0.383467
vn -0.996964 -0.0721799 -0.0292022
vn -0.996964 -0.0721799 -0.0292022
vn -0.996579 -0.0819719 -0.0105382
vn -0.936435 -0.00520592 -0.350802
vn -0.996964 -0.0721799 -0.0292022
vn -0.920681 -0.238283 0.309141
vn -0.943327 -0.213248 0.254281
vn -0.943327 -0.213248 0.254281
vn -0.996579 -0.0819719 -0.0105382
vn -0.996964 -0.0721799 -0.0292022
vn -0.920681 -0.238283 0.309141
vn -0.66817 -0.244495 0.702688
vn -0.702738 -0.253428 0.664781
vn -0.702738 -0.253428 0.664781
vn -0.943327 -0.213248 0.254281
vn -0.920681 -0.238283 0.309141
vn -0.300792 -0.198221 0.932863
vn -0.190864 -0.219384 0.956787
vn -0.702738 -0.253428 0.664781
vn -0.702738 -0.253428 0.664781
vn -0.66817 -0.244495 0.702688
vn -0.300792 -0.198221 0.932863
vn -0.190864 -0.219384 0.956787
vn -0.300792 -0.198221 0.932863
vn -1.67553e-07 -0.239769 0.97083
vn -1.67553e-07 -0.239769 0.97083
vn -1.67553e-07 -0.239769 0.97083
vn -0.190864 -0.219384 0.956787
vn -0.0258069 0.977385 -0.209886
vn 0.0165811 0.979415 -0.201175
vn 0.0165811 0.979415 -0.201175
vn 0.0165811 0.979415 -0.201175
vn -0.0225639 0.977605 -0.209233
vn -0.0258069 0.977385 -0.209886
vn 0.0 0.993527 -0.1136
vn -0.00885788 0.980537 -0.196134
vn -0.0526719 0.984265 -0.168667
vn 0.0 0.993527 -0.1136
vn -0.0332799 0.998897 -0.033131
vn -0.00559591 0.999981 -0.002414
vn 0.839686 -0.190847 -0.508434
vn 0.839686 -0.190847 -0.508434
vn 0.82887 -0.195583 -0.52414
vn 0.82887 -0.195583 -0.52414
vn 0.825242 -0.197124 -0.529262
vn 0.839686 -0.190847 -0.508434
vn -0.802228 -0.331248 -0.496694
vn -0.797831 -0.339948 -0.497896
vn -0.696048 -0.503696 -0.511671
vn -0.696048 -0.503696 -0.511671
vn -0.696048 -0.503696 -0.511671
vn -0.802228 -0.331248 -0.496694
vn -0.324556 0.517932 -0.79146
vn -0.368632 0.527594 -0.765346
vn -0.313824 0.450315 -0.835901
vn -0.313824 0.450315 -0.835901
vn -0.292447 0.4512 -0.843145
vn -0.324556 0.517932 -0.79146
vn -0.368632 0.527594 -0.765346
vn -0.324556 0.517932 -0.79146
vn -0.42302 0.77968 -0.461685
vn -0.42302 0.77968 -0.461685
vn -0.466258 0.727191 -0.503783
vn -0.368632 0.527594 -0.765346
vn -0.485126 0.857258 -0.172514
vn -0.466258 0.727191 -0.503783
vn -0.42302 0.77968 -0.461685
vn -0.42302 0.77968 -0.461685
vn -0.493664 0.856295 -0.151835
vn -0.485126 0.857258 -0.172514
vn -0.485126 0.857258 -0.172514
vn -0.493664 0.856295 -0.151835
vn -0.573377 0.815349 0.0802739
vn -0.573377 0.815349 0.0802739
vn -0.576923 0.811503 0.0928579
vn -0.485126 0.857258 -0.172514
vn -0.576923 0.811503 0.0928579
vn -0.573377 0.815349 0.0802739
vn -0.516196 0.74143 0.428746
vn -0.516196 0.74143 0.428746
vn -0.487023 0.730609 0.47856
vn -0.576923 0.811503 0.0928579
vn -0.487023 0.730609 0.47856
vn -0.516196 0.74143 0.428746
vn -0.224698 0.602377 0.765933
vn -0.224698 0.602377 0.765933
vn -0.209455 0.595255 0.775758
vn -0.487023 0.730609 0.47856
vn 0.0 0.522279 0.852775
vn 0.0 0.522279 0.852775
vn -0.209455 0.595255 0.775758
vn -0.209455 0.595255 0.775758
vn -0.224698 0.602377 0.765933
vn 0.0 0.522279 0.852775
vn 0.770061 -0.391656 -0.503599
vn 0.797749 -0.298207 -0.524088
vn 0.730649 -0.490244 -0.475197
vn 0.730649 -0.490244 -0.475197
vn 0.730649 -0.490244 -0.475197
vn 0.770061 -0.391656 -0.503599
vn -0.249838 0.309672 -0.917434
vn -0.198197 0.300612 -0.932926
vn -0.308903 0.279114 -0.909216
vn -0.308903 0.279114 -0.909216
vn -0.325909 0.273331 -0.905027
vn -0.249838 0.309672 -0.917434
vn -0.148672 0.193491 -0.969772
vn -0.207136 0.276746 -0.938353
vn -0.180905 0.257656 -0.949151
vn -0.180905 0.257656 -0.949151
vn -0.169095 0.167837 -0.971204
vn -0.148672 0.193491 -0.969772
vn 1.5954e-07 0.107795 -0.994173
vn -0.124568 0.12536 -0.98426
vn -0.132015 0.116375 -0.984393
vn -0.124568 0.12536 -0.98426
vn -0.148672 0.193491 -0.969772
vn -0.169095 0.167837 -0.971204
vn -0.169095 0.167837 -0.971204
vn -0.132015 0.116375 -0.984393
vn -0.124568 0.12536 -0.98426
vn 1.74414e-07 0.524231 -0.851576
vn -0.267917 0.504464 -0.820815
vn 1.7429e-07 0.540637 -0.841256
vn -0.413504 0.405617 -0.815162
vn -0.343996 0.35054 -0.871085
vn -0.341294 0.405631 -0.847928
vn -0.341294 0.405631 -0.847928
vn -0.428625 0.474456 -0.768877
vn -0.413504 0.405617 -0.815162
vn -0.583658 0.616438 -0.528534
vn -0.413504 0.405617 -0.815162
vn -0.428625 0.474456 -0.768877
vn -0.428625 0.474456 -0.768877
vn -0.466258 0.727191 -0.503783
vn -0.583658 0.616438 -0.528534
vn -0.485126 0.857258 -0.172514
vn -0.583658 0.616438 -0.528534
vn -0.466258 0.727191 -0.503783
vn -0.466258 0.727191 -0.503783
vn -0.428625 0.474456 -0.768877
vn -0.368632 0.527594 -0.765346
vn -0.313824 0.450315 -0.835901
vn -0.368632 0.527594 -0.765346
vn -0.428625 0.474456 -0.768877
vn -0.428625 0.474456 -0.768877
vn -0.341294 0.405631 -0.847928
vn -0.313824 0.450315 -0.835901
vn 0.825242 -0.197124 -0.529262
vn 0.82887 -0.195583 -0.52414
vn 0.797749 -0.298207 -0.524088
vn 0.797749 -0.298207 -0.524088
vn 0.770061 -0.391656 -0.503599
vn 0.825242 -0.197124 -0.529262
vn -0.272992 0.538185 -0.797391
vn -0.267917 0.504464 -0.820815
vn 1.74414e-07 0.524231 -0.851576
vn 1.74414e-07 0.524231 -0.851576
vn 1.73973e-07 0.433848 -0.900986
vn -0.272992 0.538185 -0.797391
vn -0.272992 0.538185 -0.797391
vn 1.73973e-07 0.433848 -0.900986
vn -0.249838 0.309672 -0.917434
vn -0.249838 0.309672 -0.917434
vn 1.73973e-07 0.433848 -0.900986
vn 1.70571e-07 0.307732 -0.951473
vn 1.70571e-07 0.307732 -0.951473
vn -0.198197 0.300612 -0.932926
vn -0.249838 0.309672 -0.917434
vn -0.169095 0.167837 -0.971204
vn -0.180905 0.257656 -0.949151
vn 1.68201e-07 0.252996 -0.967467
vn 1.68201e-07 0.252996 -0.967467
vn 1.6284e-07 0.156865 -0.98762
vn -0.169095 0.167837 -0.971204
vn -0.132015 0.116375 -0.984393
vn -0.169095 0.167837 -0.971204
vn 1.6284e-07 0.156865 -0.98762
vn 1.6284e-07 0.156865 -0.98762
vn 1.59038e-07 0.100792 -0.994908
vn -0.132015 0.116375 -0.984393
vn 1.5954e-07 0.107795 -0.994173
vn -0.132015 0.116375 -0.984393
vn 1.59038e-07 0.100792 -0.994908
vn -0.198197 0.300612 -0.932926
vn 1.70571e-07 0.307732 -0.951473
vn 1.68201e-07 0.252996 -0.967467
vn 1.68201e-07 0.252996 -0.967467
vn -0.180905 0.257656 -0.949151
vn -0.198197 0.300612 -0.932926
vn -0.198197 0.300612 -0.932926
vn -0.180905 0.257656 -0.949151
vn -0.207136 0.276746 -0.938353
vn -0.207136 0.276746 -0.938353
vn -0.308903 0.279114 -0.909216
vn -0.198197 0.300612 -0.932926
vn -0.000438087 -1.0 -0.000177
vn -0.000623087 -1.0 5.09999e-05
vn 0.0 -1.0 -0.000449
vn -9.00873e-05 -1.0 -0.000587
vn -0.000438087 -1.0 -0.000177
vn 0.0 -1.0 -0.000449
vn 5.89127e-05 -1.0 -0.000959
vn -9.00873e-05 -1.0 -0.000587
vn 0.0 -1.0 -0.000449
vn 0.000101913 -1.0 -0.00068
vn 5.89127e-05 -1.0 -0.000959
vn 0.0 -1.0 -0.000449
vn 1.89127e-05 -1.0 -0.000496
vn 0.000101913 -1.0 -0.00068
vn 0.0 -1.0 -0.000449
vn 5.59127e-05 -1.0 -0.000708
vn 1.89127e-05 -1.0 -0.000496
vn 0.0 -1.0 -0.000449
vn 0.000379913 -1.0 -0.000225
vn 5.59127e-05 -1.0 -0.000708
vn 0.0 -1.0 -0.000449
vn 0.0 -1.0 -0.000295
vn 0.000293913 -1.0 -0.00023
vn 0.0 -1.0 -0.000449
vn -0.000623087 -1.0 5.09999e-05
vn -0.000105087 -1.0 -0.000133
vn 0.0 -1.0 -0.000449
vn -0.000105087 -1.0 -0.000133
vn 0.0 -1.0 -0.000154
vn 0.0 -1.0 -0.000449
vn 0.000293913 -1.0 -0.00023
vn 0.000379913 -1.0 -0.000225
vn 0.0 -1.0 -0.000449
vn 0.000622913 -1.0 5.10001e-05
vn 0.000437913 -1.0 -0.000177
vn 0.0 -1.0 -0.000449
vn 0.000437913 -1.0 -0.000177
vn 8.99127e-05 -1.0 -0.000587
vn 0.0 -1.0 -0.000449
vn 8.99127e-05 -1.0 -0.000587
vn -5.90873e-05 -1.0 -0.000959
vn 0.0 -1.0 -0.000449
vn -5.90873e-05 -1.0 -0.000959
vn -0.000102087 -1.0 -0.00068
vn 0.0 -1.0 -0.000449
vn -0.000102087 -1.0 -0.00068
vn -1.90873e-05 -1.0 -0.000496
vn 0.0 -1.0 -0.000449
vn -1.90873e-05 -1.0 -0.000496
vn -5.60873e-05 -1.0 -0.000709
vn 0.0 -1.0 -0.000449
vn -5.60873e-05 -1.0 -0.000709
vn -0.000380087 -1.0 -0.000226
vn 0.0 -1.0 -0.000449
vn -0.000294087 -1.0 -0.00023
vn 0.0 -1.0 -0.000295
vn 0.0 -1.0 -0.000449
vn 0.000104913 -1.0 -0.000133
vn 0.000622913 -1.0 5.10001e-05
vn 0.0 -1.0 -0.000449
vn 0.0 -1.0 -0.000154
vn 0.000104913 -1.0 -0.000133
vn 0.0 -1.0 -0.000449
vn -0.000380087 -1.0 -0.000226
vn -0.000294087 -1.0 -0.00023
vn 0.0 -1.0 -0.000449
vn 0.356828 -0.028285 0.933742
vn 0.273679 -0.35109 0.895453
vn 0.179797 -0.289609 0.940106
vn 0.179797 -0.289609 0.940106
vn 0.221237 0.012174 0.975144
vn 0.356828 -0.028285 0.933742
vn 0.590829 -0.239976 -0.770281
vn 0.748958 -0.430731 -0.503521
vn 0.84265 -0.167177 -0.511852
vn 0.84265 -0.167177 -0.511852
vn 0.695556 -0.108383 -0.71025
vn 0.590829 -0.239976 -0.770281
vn 0.324202 -0.571633 -0.753743
vn 0.196966 -0.558856 -0.805534
vn 0.198304 -0.55894 -0.805147
vn 0.198304 -0.55894 -0.805147
vn 0.328472 -0.57245 -0.751271
vn 0.324202 -0.571633 -0.753743
vn 1.55077e-07 0.048739 -0.998812
vn 1.57984e-07 0.086388 -0.996262
vn 0.227312 0.047851 -0.972646
vn 0.227312 0.047851 -0.972646
vn 0.25539 0.026194 -0.966483
vn 1.55077e-07 0.048739 -0.998812
vn 0.221237 0.012174 0.975144
vn 0.179797 -0.289609 0.940106
vn -0.0188422 -0.26125 0.965087
vn -0.0188422 -0.26125 0.965087
vn -0.0222681 0.018489 0.999581
vn 0.221237 0.012174 0.975144
vn 0.964384 -0.260131 -0.0479179
vn 0.849485 -0.526977 -0.0259179
vn 0.693986 -0.532603 0.484477
vn 0.693986 -0.532603 0.484477
vn 0.802961 -0.249453 0.541319
vn 0.964384 -0.260131 -0.0479179
vn 0.398031 -0.463725 0.791537
vn 0.528204 -0.138783 0.837699
vn 0.802961 -0.249453 0.541319
vn 0.802961 -0.249453 0.541319
vn 0.693986 -0.532603 0.484477
vn 0.398031 -0.463725 0.791537
vn 0.0977998 -0.265536 0.959128
vn 0.128839 -0.015329 0.991547
vn 0.00745085 -0.028471 0.999567
vn 0.00745085 -0.028471 0.999567
vn -0.0236552 -0.224819 0.974113
vn 0.0977998 -0.265536 0.959128
vn 0.215617 -0.313976 0.924623
vn 0.26559 -0.010288 0.964031
vn 0.128839 -0.015329 0.991547
vn 0.128839 -0.015329 0.991547
vn 0.0977998 -0.265536 0.959128
vn 0.215617 -0.313976 0.924623
vn 0.361406 -0.349501 0.864427
vn 0.354767 -0.377311 0.85544
vn 0.413062 -0.141884 0.899583
vn 0.413062 -0.141884 0.899583
vn 0.433154 -0.047668 0.900059
vn 0.361406 -0.349501 0.864427
vn 1.0 -0.000195087 -0.000146849
vn 1.0 -0.000453087 1.50996e-07
vn 1.0 -0.000491087 2.7151e-05
vn 0.340411 0.055404 -0.938643
vn 0.381993 -0.24662 -0.890651
vn 0.37632 -0.229147 -0.897705
vn 0.37632 -0.229147 -0.897705
vn 0.344234 0.122617 -0.930843
vn 0.340411 0.055404 -0.938643
vn 0.296249 0.203196 -0.933246
vn 0.328249 0.198807 -0.923433
vn 0.34474 0.145991 -0.927276
vn 0.34474 0.145991 -0.927276
vn 0.282702 0.195449 -0.939084
vn 0.296249 0.203196 -0.933246
vn 0.208542 0.23277 0.94991
vn 0.0946229 0.211225 0.972847
vn 0.251946 0.33273 0.908743
vn 0.251946 0.33273 0.908743
vn 0.509193 0.474482 0.718045
vn 0.208542 0.23277 0.94991
vn 0.251946 0.33273 0.908743
vn 0.383239 0.410346 0.827493
vn 0.47799 0.697192 0.534274
vn 0.47799 0.697192 0.534274
vn 0.509193 0.474482 0.718045
vn 0.251946 0.33273 0.908743
vn 0.428285 0.700799 0.570485
vn 0.473686 0.338358 0.813102
vn 0.47353 0.327627 0.817576
vn 0.47353 0.327627 0.817576
vn 0.425945 0.707758 0.563605
vn 0.428285 0.700799 0.570485
vn 0.36418 0.656263 -0.660827
vn 0.354406 0.408732 -0.841032
vn 0.354915 0.420144 -0.835173
vn 0.354915 0.420144 -0.835173
vn 0.364202 0.67314 -0.643614
vn 0.36418 0.656263 -0.660827
vn 0.346039 0.353678 -0.869005
vn 0.324379 0.290978 -0.900061
vn 0.423174 0.508727 -0.749747
vn 0.423174 0.508727 -0.749747
vn 0.422586 0.602547 -0.677022
vn 0.346039 0.353678 -0.869005
vn 0.739656 -0.638884 0.211508
vn 0.856085 -0.513396 -0.0595239
vn 0.856617 -0.514025 -0.0445589
vn 0.856617 -0.514025 -0.0445589
vn 0.749366 -0.630799 0.201355
vn 0.739656 -0.638884 0.211508
vn 0.590829 -0.239976 -0.770281
vn 0.407102 -0.052128 -0.911894
vn 0.371644 0.021916 -0.928117
vn 0.371644 0.021916 -0.928117
vn 0.470619 -0.147131 -0.869983
vn 0.590829 -0.239976 -0.770281
vn 1.0 -0.000195087 -0.000146849
vn 1.0 -0.000420087 5.6151e-05
vn 1.0 -0.000443087 2.6151e-05
vn 0.631834 -0.608186 -0.480516
vn 0.484347 -0.490639 -0.724349
vn 0.50366 -0.526155 -0.685192
vn 0.50366 -0.526155 -0.685192
vn 0.670517 -0.586953 -0.453754
vn 0.631834 -0.608186 -0.480516
vn 0.964384 -0.260131 -0.0479179
vn 0.84265 -0.167177 -0.511852
vn 0.748958 -0.430731 -0.503521
vn 0.748958 -0.430731 -0.503521
vn 0.849485 -0.526977 -0.0259179
vn 0.964384 -0.260131 -0.0479179
vn 0.999999 0.00156491 0.000688151
vn 1.0 -0.000195087 -0.000146849
vn 1.0 -0.000370087 -1.6849e-05
vn 1.0 -0.000441087 3.2151e-05
vn 1.0 -0.000195087 -0.000146849
vn 1.0 -0.000502087 9.151e-06
vn 0.334183 0.879059 -0.339966
vn 0.309973 0.949987 -0.037978
vn 0.30965 0.949832 -0.044008
vn 0.30965 0.949832 -0.044008
vn 0.335113 0.876633 -0.345273
vn 0.334183 0.879059 -0.339966
vn 0.365911 0.884853 0.288348
vn 0.428285 0.700799 0.570485
vn 0.425945 0.707758 0.563605
vn 0.425945 0.707758 0.563605
vn 0.362859 0.890656 0.273981
vn 0.365911 0.884853 0.288348
vn 0.47799 0.697192 0.534274
vn 0.500363 0.829361 0.24859
vn 0.687218 0.669164 0.282755
vn 0.687218 0.669164 0.282755
vn 0.509193 0.474482 0.718045
vn 0.47799 0.697192 0.534274
vn -0.282761 0.897043 -0.339647
vn -0.529977 0.760422 -0.375343
vn -0.547313 0.748939 -0.37355
vn -0.547313 0.748939 -0.37355
vn -0.350037 0.882141 -0.315122
vn -0.282761 0.897043 -0.339647
vn -0.694551 0.0510981 -0.717626
vn -0.222561 0.149291 -0.96342
vn 0.0782911 0.984739 0.155435
vn 0.0782911 0.984739 0.155435
vn 0.161899 0.982969 0.086953
vn -0.694551 0.0510981 -0.717626
vn 0.112077 0.990953 -0.073831
vn -0.935259 0.15557 -0.317943
vn -0.694551 0.0510981 -0.717626
vn -0.694551 0.0510981 -0.717626
vn 0.161899 0.982969 0.086953
vn 0.112077 0.990953 -0.073831
vn -0.529977 0.760422 -0.375343
vn -0.748202 0.589319 -0.304791
vn -0.73124 0.604311 -0.316381
vn -0.73124 0.604311 -0.316381
vn -0.547313 0.748939 -0.37355
vn -0.529977 0.760422 -0.375343
vn -0.77707 0.550006 -0.306031
vn -0.758465 0.544743 -0.357752
vn -0.758147 0.545488 -0.35729
vn -0.758147 0.545488 -0.35729
vn -0.779271 0.54989 -0.300595
vn -0.77707 0.550006 -0.306031
vn 0.422586 0.602547 -0.677022
vn 0.356839 0.662762 -0.658341
vn 0.341083 0.417088 -0.842437
vn 0.341083 0.417088 -0.842437
vn 0.346039 0.353678 -0.869005
vn 0.422586 0.602547 -0.677022
vn 0.657003 0.751177 -0.0638739
vn 0.455489 0.88799 -0.0632739
vn 0.39374 0.864155 -0.313376
vn 0.39374 0.864155 -0.313376
vn 0.542928 0.747173 -0.383356
vn 0.657003 0.751177 -0.0638739
vn 0.423142 0.415883 0.80498
vn 0.4374 0.74802 0.499146
vn 0.47799 0.697192 0.534274
vn 0.47799 0.697192 0.534274
vn 0.383239 0.410346 0.827493
vn 0.423142 0.415883 0.80498
vn 0.320127 -0.035656 0.946703
vn 0.26559 -0.010288 0.964031
vn 0.215617 -0.313976 0.924623
vn 0.215617 -0.313976 0.924623
vn 0.23558 -0.350136 0.906591
vn 0.320127 -0.035656 0.946703
vn 0.528204 -0.138783 0.837699
vn 0.398031 -0.463725 0.791537
vn 0.273679 -0.35109 0.895453
vn 0.273679 -0.35109 0.895453
vn 0.356828 -0.028285 0.933742
vn 0.528204 -0.138783 0.837699
vn -0.0688729 0.975869 -0.20721
vn -0.927008 0.342994 -0.151695
vn -0.935259 0.15557 -0.317943
vn -0.935259 0.15557 -0.317943
vn 0.112077 0.990953 -0.073831
vn -0.0688729 0.975869 -0.20721
vn 0.500363 0.829361 0.24859
vn 0.455489 0.88799 -0.0632739
vn 0.657003 0.751177 -0.0638739
vn 0.657003 0.751177 -0.0638739
vn 0.687218 0.669164 0.282755
vn 0.500363 0.829361 0.24859
vn 0.309973 0.949987 -0.037978
vn 0.365911 0.884853 0.288348
vn 0.362859 0.890656 0.273981
vn 0.362859 0.890656 0.273981
vn 0.30965 0.949832 -0.044008
vn 0.309973 0.949987 -0.037978
vn 1.0 -0.000195087 -0.000146849
vn 1.0 -0.000443087 2.6151e-05
vn 1.0 -0.000391087 -4.0849e-05
vn -0.748202 0.589319 -0.304791
vn -0.77707 0.550006 -0.306031
vn -0.779271 0.54989 -0.300595
vn -0.779271 0.54989 -0.300595
vn -0.73124 0.604311 -0.316381
vn -0.748202 0.589319 -0.304791
vn 0.296249 0.203196 -0.933246
vn 0.244572 0.245706 -0.937984
vn 0.324379 0.290978 -0.900061
vn 0.324379 0.290978 -0.900061
vn 0.346039 0.353678 -0.869005
vn 0.296249 0.203196 -0.933246
vn 0.346039 0.353678 -0.869005
vn 0.341083 0.417088 -0.842437
vn 0.328249 0.198807 -0.923433
vn 0.328249 0.198807 -0.923433
vn 0.296249 0.203196 -0.933246
vn 0.346039 0.353678 -0.869005
vn 0.354406 0.408732 -0.841032
vn 0.340411 0.055404 -0.938643
vn 0.344234 0.122617 -0.930843
vn 0.344234 0.122617 -0.930843
vn 0.354915 0.420144 -0.835173
vn 0.354406 0.408732 -0.841032
vn 1.0 -0.000195087 -0.000146849
vn 1.0 -0.000491087 2.7151e-05
vn 1.0 -0.000482087 1.5151e-05
vn 0.542928 0.747173 -0.383356
vn 0.39374 0.864155 -0.313376
vn 0.356839 0.662762 -0.658341
vn 0.356839 0.662762 -0.658341
vn 0.422586 0.602547 -0.677022
vn 0.542928 0.747173 -0.383356
vn 0.335113 0.876633 -0.345273
vn 0.36418 0.656263 -0.660827
vn 0.364202 0.67314 -0.643614
vn 0.364202 0.67314 -0.643614
vn 0.334183 0.879059 -0.339966
vn 0.335113 0.876633 -0.345273
vn 1.0 -0.000195087 -0.000146849
vn 1.0 -0.000456087 6.3151e-05
vn 1.0 -0.000420087 5.6151e-05
vn -0.927008 0.342994 -0.151695
vn -0.0688729 0.975869 -0.20721
vn -0.282761 0.897043 -0.339647
vn -0.282761 0.897043 -0.339647
vn -0.350037 0.882141 -0.315122
vn -0.927008 0.342994 -0.151695
vn 0.208542 0.23277 0.94991
vn 0.509193 0.474482 0.718045
vn 0.576617 0.362855 0.732017
vn 0.576617 0.362855 0.732017
vn 0.230705 0.17724 0.956745
vn 0.208542 0.23277 0.94991
vn 0.509193 0.474482 0.718045
vn 0.687218 0.669164 0.282755
vn 0.793269 0.547104 0.26721
vn 0.793269 0.547104 0.26721
vn 0.576617 0.362855 0.732017
vn 0.509193 0.474482 0.718045
vn 0.793269 0.547104 0.26721
vn 0.687218 0.669164 0.282755
vn 0.657003 0.751177 -0.0638739
vn 0.657003 0.751177 -0.0638739
vn 0.762673 0.635907 -0.118119
vn 0.793269 0.547104 0.26721
vn 0.762673 0.635907 -0.118119
vn 0.657003 0.751177 -0.0638739
vn 0.542928 0.747173 -0.383356
vn 0.542928 0.747173 -0.383356
vn 0.595468 0.657602 -0.461495
vn 0.762673 0.635907 -0.118119
vn 0.595468 0.657602 -0.461495
vn 0.542928 0.747173 -0.383356
vn 0.422586 0.602547 -0.677022
vn 0.422586 0.602547 -0.677022
vn 0.423174 0.508727 -0.749747
vn 0.595468 0.657602 -0.461495
vn 0.282702 0.195449 -0.939084
vn 0.18206 0.188329 -0.965084
vn 0.244572 0.245706 -0.937984
vn 0.244572 0.245706 -0.937984
vn 0.296249 0.203196 -0.933246
vn 0.282702 0.195449 -0.939084
vn 0.196966 -0.558856 -0.805534
vn 0.0 -0.553129 -0.833095
vn 0.0 -0.553129 -0.833095
vn 0.0 -0.553129 -0.833095
vn 0.198304 -0.55894 -0.805147
vn 0.196966 -0.558856 -0.805534
vn -1.6793e-07 -0.247399 0.968914
vn -1.49012e-07 0.022265 0.999752
vn -0.0222681 0.018489 0.999581
vn -0.0222681 0.018489 0.999581
vn -0.0188422 -0.26125 0.965087
vn -1.6793e-07 -0.247399 0.968914
vn -1.53922e-07 -0.034495 0.999405
vn -1.65724e-07 -0.205247 0.97871
vn -0.0236552 -0.224819 0.974113
vn -0.0236552 -0.224819 0.974113
vn 0.00745085 -0.028471 0.999567
vn -1.53922e-07 -0.034495 0.999405
vn -1.40156e-07 0.112939 0.993602
vn 0.0946229 0.211225 0.972847
vn 0.208542 0.23277 0.94991
vn 0.208542 0.23277 0.94991
vn -1.38832e-07 0.125482 0.992096
vn -1.40156e-07 0.112939 0.993602
vn 0.230705 0.17724 0.956745
vn -1.40629e-07 0.108406 0.994107
vn -1.38832e-07 0.125482 0.992096
vn -1.38832e-07 0.125482 0.992096
vn 0.208542 0.23277 0.94991
vn 0.230705 0.17724 0.956745
vn -0.222561 0.149291 -0.96342
vn 1.68428e-07 0.257769 -0.966207
vn 0.0 0.99566 0.093064
vn 0.0 0.99566 0.093064
vn 0.0782911 0.984739 0.155435
vn -0.222561 0.149291 -0.96342
vn 1.0 -0.000370087 -1.6849e-05
vn 1.0 -0.000195087 -0.000146849
vn 1.0 -0.000441087 3.2151e-05
vn 0.433154 -0.047668 0.900059
vn 0.413062 -0.141884 0.899583
vn 0.47353 0.327627 0.817576
vn 0.47353 0.327627 0.817576
vn 0.473686 0.338358 0.813102
vn 0.433154 -0.047668 0.900059
vn 0.26559 -0.010288 0.964031
vn 0.320127 -0.035656 0.946703
vn 0.423142 0.415883 0.80498
vn 0.423142 0.415883 0.80498
vn 0.383239 0.410346 0.827493
vn 0.26559 -0.010288 0.964031
vn 0.251946 0.33273 0.908743
vn 0.128839 -0.015329 0.991547
vn 0.26559 -0.010288 0.964031
vn 0.26559 -0.010288 0.964031
vn 0.383239 0.410346 0.827493
vn 0.251946 0.33273 0.908743
vn 0.0946229 0.211225 0.972847
vn 0.00745085 -0.028471 0.999567
vn 0.128839 -0.015329 0.991547
vn 0.128839 -0.015329 0.991547
vn 0.251946 0.33273 0.908743
vn 0.0946229 0.211225 0.972847
vn -1.40156e-07 0.112939 0.993602
vn -1.53922e-07 -0.034495 0.999405
vn 0.00745085 -0.028471 0.999567
vn 0.00745085 -0.028471 0.999567
vn 0.0946229 0.211225 0.972847
vn -1.40156e-07 0.112939 0.993602
vn 0.371644 0.021916 -0.928117
vn 0.246895 0.081075 -0.965645
vn 0.282702 0.195449 -0.939084
vn 0.282702 0.195449 -0.939084
vn 0.34474 0.145991 -0.927276
vn 0.371644 0.021916 -0.928117
vn 0.381993 -0.24662 -0.890651
vn 0.50366 -0.526155 -0.685192
vn 0.484347 -0.490639 -0.724349
vn 0.484347 -0.490639 -0.724349
vn 0.37632 -0.229147 -0.897705
vn 0.381993 -0.24662 -0.890651
vn 1.0 -0.000195087 -0.000146849
vn 1.0 -0.000404087 -6.849e-06
vn 1.0 -0.000453087 1.50996e-07
vn 0.999998 -0.000304087 -0.00195385
vn 0.999999 -0.000565087 -0.00127685
vn 1.0 -0.000195087 -0.000146849
vn 0.32222 -0.591395 0.739206
vn 0.317822 -0.625818 0.712278
vn 0.354767 -0.377311 0.85544
vn 0.354767 -0.377311 0.85544
vn 0.361406 -0.349501 0.864427
vn 0.32222 -0.591395 0.739206
vn 0.234311 -0.51532 0.824344
vn 0.23558 -0.350136 0.906591
vn 0.215617 -0.313976 0.924623
vn 0.215617 -0.313976 0.924623
vn 0.211331 -0.481971 0.85032
vn 0.234311 -0.51532 0.824344
vn 0.211331 -0.481971 0.85032
vn 0.215617 -0.313976 0.924623
vn 0.0977998 -0.265536 0.959128
vn 0.0977998 -0.265536 0.959128
vn 0.125459 -0.431183 0.8935
vn 0.211331 -0.481971 0.85032
vn -0.0236552 -0.224819 0.974113
vn -0.0122602 -0.37763 0.925875
vn 0.125459 -0.431183 0.8935
vn 0.125459 -0.431183 0.8935
vn 0.0977998 -0.265536 0.959128
vn -0.0236552 -0.224819 0.974113
vn -1.65724e-07 -0.205247 0.97871
vn -1.72557e-07 -0.367493 0.930026
vn -0.0122602 -0.37763 0.925875
vn -0.0122602 -0.37763 0.925875
vn -0.0236552 -0.224819 0.974113
vn -1.65724e-07 -0.205247 0.97871
vn -0.758465 0.544743 -0.357752
vn -0.790714 0.51873 -0.325101
vn -0.787359 0.521144 -0.329354
vn -0.787359 0.521144 -0.329354
vn -0.758147 0.545488 -0.35729
vn -0.758465 0.544743 -0.357752
vn 0.246895 0.081075 -0.965645
vn 0.119769 0.103546 -0.987387
vn 0.18206 0.188329 -0.965084
vn 0.18206 0.188329 -0.965084
vn 0.282702 0.195449 -0.939084
vn 0.246895 0.081075 -0.965645
vn 0.398031 -0.463725 0.791537
vn 0.234311 -0.51532 0.824344
vn 0.211331 -0.481971 0.85032
vn 0.211331 -0.481971 0.85032
vn 0.273679 -0.35109 0.895453
vn 0.398031 -0.463725 0.791537
vn 0.273679 -0.35109 0.895453
vn 0.211331 -0.481971 0.85032
vn 0.125459 -0.431183 0.8935
vn 0.125459 -0.431183 0.8935
vn 0.179797 -0.289609 0.940106
vn 0.273679 -0.35109 0.895453
vn 0.179797 -0.289609 0.940106
vn 0.125459 -0.431183 0.8935
vn -0.0122602 -0.37763 0.925875
vn -0.0122602 -0.37763 0.925875
vn -0.0188422 -0.26125 0.965087
vn 0.179797 -0.289609 0.940106
vn -1.72557e-07 -0.367493 0.930026
vn -1.6793e-07 -0.247399 0.968914
vn -0.0188422 -0.26125 0.965087
vn -0.0188422 -0.26125 0.965087
vn -0.0122602 -0.37763 0.925875
vn -1.72557e-07 -0.367493 0.930026
vn 0.246895 0.081075 -0.965645
vn 0.371644 0.021916 -0.928117
vn 0.407102 -0.052128 -0.911894
vn 0.407102 -0.052128 -0.911894
vn 0.227312 0.047851 -0.972646
vn 0.246895 0.081075 -0.965645
vn 0.332737 0.02897 0.942575
vn 0.180774 0.015896 0.983396
vn 0.178638 0.015869 0.983787
vn 0.178638 0.015869 0.983787
vn 0.345437 0.030772 0.937937
vn 0.332737 0.02897 0.942575
vn 0.633815 0.0326329 0.772796
vn 0.332737 0.02897 0.942575
vn 0.345437 0.030772 0.937937
vn 0.345437 0.030772 0.937937
vn 0.643606 0.0320629 0.764685
vn 0.633815 0.0326329 0.772796
vn 0.878239 -0.000631077 0.478222
vn 0.887092 -0.00372508 0.461578
vn 0.633815 0.0326329 0.772796
vn 0.633815 0.0326329 0.772796
vn 0.643606 0.0320629 0.764685
vn 0.878239 -0.000631077 0.478222
vn 0.999963 -0.00488909 -0.00711085
vn 0.999968 -0.00495909 -0.00629085
vn 0.887092 -0.00372508 0.461578
vn 0.887092 -0.00372508 0.461578
vn 0.878239 -0.000631077 0.478222
vn 0.999963 -0.00488909 -0.00711085
vn 0.695556 -0.108383 -0.71025
vn 0.448963 -0.019024 -0.893348
vn 0.407102 -0.052128 -0.911894
vn 0.407102 -0.052128 -0.911894
vn 0.590829 -0.239976 -0.770281
vn 0.695556 -0.108383 -0.71025
vn 0.407102 -0.052128 -0.911894
vn 0.448963 -0.019024 -0.893348
vn 0.25539 0.026194 -0.966483
vn 0.25539 0.026194 -0.966483
vn 0.227312 0.047851 -0.972646
vn 0.407102 -0.052128 -0.911894
vn 0.857226 0.0296209 -0.514087
vn 0.999968 -0.00495909 -0.00629085
vn 0.999963 -0.00488909 -0.00711085
vn 0.999963 -0.00488909 -0.00711085
vn 0.842381 0.0306189 -0.538012
vn 0.857226 0.0296209 -0.514087
vn 0.645986 -0.00605306 -0.763325
vn 0.857226 0.0296209 -0.514087
vn 0.842381 0.0306189 -0.538012
vn 0.842381 0.0306189 -0.538012
vn 0.652126 -0.00414706 -0.758099
vn 0.645986 -0.00605306 -0.763325
vn 0.645986 -0.00605306 -0.763325
vn 0.652126 -0.00414706 -0.758099
vn 0.412487 -0.085957 -0.906899
vn 0.412487 -0.085957 -0.906899
vn 0.397598 -0.09226 -0.91291
vn 0.645986 -0.00605306 -0.763325
vn 0.119769 0.103546 -0.987387
vn 0.246895 0.081075 -0.965645
vn 0.227312 0.047851 -0.972646
vn 0.227312 0.047851 -0.972646
vn 1.57984e-07 0.086388 -0.996262
vn 0.119769 0.103546 -0.987387
vn -0.790714 0.51873 -0.325101
vn -0.817564 0.497921 -0.289249
vn -0.817564 0.49792 -0.289249
vn -0.817564 0.49792 -0.289249
vn -0.787359 0.521144 -0.329354
vn -0.790714 0.51873 -0.325101
vn 0.227392 -0.143283 -0.963205
vn 0.230575 -0.14266 -0.96254
vn 1.34606e-07 -0.164069 -0.986449
vn 1.34606e-07 -0.164069 -0.986449
vn 1.34606e-07 -0.164069 -0.986449
vn 0.227392 -0.143283 -0.963205
vn 0.328472 -0.57245 -0.751271
vn 0.503357 -0.620753 -0.601081
vn 0.487051 -0.616676 -0.618459
vn 0.487051 -0.616676 -0.618459
vn 0.324202 -0.571633 -0.753743
vn 0.328472 -0.57245 -0.751271
vn 0.503357 -0.620753 -0.601081
vn 0.62804 -0.670238 -0.395407
vn 0.615064 -0.660559 -0.430532
vn 0.615064 -0.660559 -0.430532
vn 0.487051 -0.616676 -0.618459
vn 0.503357 -0.620753 -0.601081
vn 0.6781 -0.73382 -0.0411079
vn 0.615064 -0.660559 -0.430532
vn 0.62804 -0.670238 -0.395407
vn 0.62804 -0.670238 -0.395407
vn 0.677365 -0.735265 -0.0237159
vn 0.6781 -0.73382 -0.0411079
vn 0.608669 -0.729788 0.311338
vn 0.600203 -0.727398 0.33264
vn 0.6781 -0.73382 -0.0411079
vn 0.6781 -0.73382 -0.0411079
vn 0.677365 -0.735265 -0.0237159
vn 0.608669 -0.729788 0.311338
vn 0.600203 -0.727398 0.33264
vn 0.608669 -0.729788 0.311338
vn 0.45537 -0.695191 0.55619
vn 0.45537 -0.695191 0.55619
vn 0.425975 -0.687545 0.588071
vn 0.600203 -0.727398 0.33264
vn 0.425975 -0.687545 0.588071
vn 0.45537 -0.695191 0.55619
vn 0.249877 -0.634088 0.731775
vn 0.249877 -0.634088 0.731775
vn 0.240476 -0.632985 0.735868
vn 0.425975 -0.687545 0.588071
vn 0.147571 -0.624845 0.766676
vn 0.135929 -0.624198 0.769351
vn 0.240476 -0.632985 0.735868
vn 0.240476 -0.632985 0.735868
vn 0.249877 -0.634088 0.731775
vn 0.147571 -0.624845 0.766676
vn 0.0213868 0.006992 0.999747
vn 0.0203368 0.006752 0.99977
vn 0.178638 0.015869 0.983787
vn 0.178638 0.015869 0.983787
vn 0.180774 0.015896 0.983396
vn 0.0213868 0.006992 0.999747
vn -1.51041e-07 -0.000522 1.0
vn -1.51041e-07 -0.000522 1.0
vn 0.0203368 0.006752 0.99977
vn 0.0203368 0.006752 0.99977
vn 0.0213868 0.006992 0.999747
vn -1.51041e-07 -0.000522 1.0
vn -0.0222681 0.018489 0.999581
vn -1.49012e-07 0.022265 0.999752
vn -1.30766e-07 0.197411 0.980321
vn -1.30766e-07 0.197411 0.980321
vn -0.00179113 0.187611 0.982242
vn -0.0222681 0.018489 0.999581
vn 0.221237 0.012174 0.975144
vn -0.0222681 0.018489 0.999581
vn -0.00179113 0.187611 0.982242
vn -0.00179113 0.187611 0.982242
vn 0.20177 0.193681 0.960092
vn 0.221237 0.012174 0.975144
vn 0.589318 0.235549 0.772801
vn 0.528204 -0.138783 0.837699
vn 0.356828 -0.028285 0.933742
vn 0.356828 -0.028285 0.933742
vn 0.368613 0.224554 0.902053
vn 0.589318 0.235549 0.772801
vn 0.802961 -0.249453 0.541319
vn 0.528204 -0.138783 0.837699
vn 0.589318 0.235549 0.772801
vn 0.589318 0.235549 0.772801
vn 0.834005 0.219904 0.506041
vn 0.802961 -0.249453 0.541319
vn 0.964384 -0.260131 -0.0479179
vn 0.802961 -0.249453 0.541319
vn 0.834005 0.219904 0.506041
vn 0.834005 0.219904 0.506041
vn 0.968721 0.246231 -0.0308249
vn 0.964384 -0.260131 -0.0479179
vn 0.968721 0.246231 -0.0308249
vn 0.853043 0.222427 -0.472064
vn 0.84265 -0.167177 -0.511852
vn 0.84265 -0.167177 -0.511852
vn 0.964384 -0.260131 -0.0479179
vn 0.968721 0.246231 -0.0308249
vn 0.706744 0.172919 -0.686011
vn 0.695556 -0.108383 -0.71025
vn 0.84265 -0.167177 -0.511852
vn 0.84265 -0.167177 -0.511852
vn 0.853043 0.222427 -0.472064
vn 0.706744 0.172919 -0.686011
vn 0.261231 0.115629 -0.958326
vn 0.25539 0.026194 -0.966483
vn 0.448963 -0.019024 -0.893348
vn 0.448963 -0.019024 -0.893348
vn 0.470417 0.131392 -0.872608
vn 0.261231 0.115629 -0.958326
vn 1.59955e-07 0.11368 -0.993517
vn 1.55077e-07 0.048739 -0.998812
vn 0.25539 0.026194 -0.966483
vn 0.25539 0.026194 -0.966483
vn 0.261231 0.115629 -0.958326
vn 1.59955e-07 0.11368 -0.993517
vn -0.350037 0.882141 -0.315122
vn -0.997718 0.0 -0.0675251
vn -0.927008 0.342994 -0.151695
vn -0.927008 0.342994 -0.151695
vn -0.997718 0.0 -0.0675251
vn -0.95603 -0.0893149 -0.279337
vn -0.95603 -0.0893149 -0.279337
vn -0.935259 0.15557 -0.317943
vn -0.927008 0.342994 -0.151695
vn -0.95603 -0.0893149 -0.279337
vn -0.703783 -0.158367 -0.692538
vn -0.694551 0.0510981 -0.717626
vn -0.694551 0.0510981 -0.717626
vn -0.935259 0.15557 -0.317943
vn -0.95603 -0.0893149 -0.279337
vn -0.694551 0.0510981 -0.717626
vn -0.703783 -0.158367 -0.692538
vn -0.231178 -0.026957 -0.972538
vn -0.231178 -0.026957 -0.972538
vn -0.222561 0.149291 -0.96342
vn -0.694551 0.0510981 -0.717626
vn -0.231178 -0.026957 -0.972538
vn 1.59222e-07 0.103347 -0.994645
vn 1.68428e-07 0.257769 -0.966207
vn 1.68428e-07 0.257769 -0.966207
vn -0.222561 0.149291 -0.96342
vn -0.231178 -0.026957 -0.972538
vn 0.0249808 -0.612593 0.790004
vn 0.0224908 -0.612141 0.790429
vn 0.135929 -0.624198 0.769351
vn 0.135929 -0.624198 0.769351
vn 0.147571 -0.624845 0.766676
vn 0.0249808 -0.612593 0.790004
vn -1.73032e-07 -0.608089 0.793869
vn -1.73032e-07 -0.608089 0.793869
vn 0.0224908 -0.612141 0.790429
vn 0.0224908 -0.612141 0.790429
vn 0.0249808 -0.612593 0.790004
vn -1.73032e-07 -0.608089 0.793869
vn 1.0 -0.000195087 -0.000146849
vn 1.0 -0.000465087 6.2151e-05
vn 1.0 -0.000404087 -6.849e-06
vn 0.999999 0.00156491 0.000688151
vn 0.999997 0.00246991 0.000306151
vn 1.0 -0.000195087 -0.000146849
vn 0.470417 0.131392 -0.872608
vn 0.448963 -0.019024 -0.893348
vn 0.695556 -0.108383 -0.71025
vn 0.695556 -0.108383 -0.71025
vn 0.706744 0.172919 -0.686011
vn 0.470417 0.131392 -0.872608
vn 0.368613 0.224554 0.902053
vn 0.356828 -0.028285 0.933742
vn 0.221237 0.012174 0.975144
vn 0.221237 0.012174 0.975144
vn 0.20177 0.193681 0.960092
vn 0.368613 0.224554 0.902053
vn 0.397598 -0.09226 -0.91291
vn 0.412487 -0.085957 -0.906899
vn 0.230575 -0.14266 -0.96254
vn 0.230575 -0.14266 -0.96254
vn 0.227392 -0.143283 -0.963205
vn 0.397598 -0.09226 -0.91291
vn 0.34474 0.145991 -0.927276
vn 0.359574 0.045915 -0.931986
vn 0.470619 -0.147131 -0.869983
vn 0.470619 -0.147131 -0.869983
vn 0.371644 0.021916 -0.928117
vn 0.34474 0.145991 -0.927276
vn 0.328249 0.198807 -0.923433
vn 0.305703 0.211656 -0.928303
vn 0.359574 0.045915 -0.931986
vn 0.359574 0.045915 -0.931986
vn 0.34474 0.145991 -0.927276
vn 0.328249 0.198807 -0.923433
vn 0.341083 0.417088 -0.842437
vn 0.308275 0.449965 -0.838152
vn 0.305703 0.211656 -0.928303
vn 0.305703 0.211656 -0.928303
vn 0.328249 0.198807 -0.923433
vn 0.341083 0.417088 -0.842437
vn 0.356839 0.662762 -0.658341
vn 0.33138 0.692893 -0.64038
vn 0.308275 0.449965 -0.838152
vn 0.308275 0.449965 -0.838152
vn 0.341083 0.417088 -0.842437
vn 0.356839 0.662762 -0.658341
vn 0.39374 0.864155 -0.313376
vn 0.341962 0.891712 -0.296499
vn 0.33138 0.692893 -0.64038
vn 0.33138 0.692893 -0.64038
vn 0.356839 0.662762 -0.658341
vn 0.39374 0.864155 -0.313376
vn 0.367728 0.928783 -0.0462489
vn 0.341962 0.891712 -0.296499
vn 0.39374 0.864155 -0.313376
vn 0.39374 0.864155 -0.313376
vn 0.455489 0.88799 -0.0632739
vn 0.367728 0.928783 -0.0462489
vn 0.418675 0.877958 0.232164
vn 0.367728 0.928783 -0.0462489
vn 0.455489 0.88799 -0.0632739
vn 0.455489 0.88799 -0.0632739
vn 0.500363 0.829361 0.24859
vn 0.418675 0.877958 0.232164
vn 0.4374 0.74802 0.499146
vn 0.418675 0.877958 0.232164
vn 0.500363 0.829361 0.24859
vn 0.500363 0.829361 0.24859
vn 0.47799 0.697192 0.534274
vn 0.4374 0.74802 0.499146
vn 0.279177 0.682006 -0.675964
vn 0.244304 0.439973 -0.864141
vn 0.308275 0.449965 -0.838152
vn 0.308275 0.449965 -0.838152
vn 0.33138 0.692893 -0.64038
vn 0.279177 0.682006 -0.675964
vn 0.305703 0.211656 -0.928303
vn 0.308275 0.449965 -0.838152
vn 0.244304 0.439973 -0.864141
vn 0.244304 0.439973 -0.864141
vn 0.261459 0.144207 -0.954381
vn 0.305703 0.211656 -0.928303
vn 0.359574 0.045915 -0.931986
vn 0.305703 0.211656 -0.928303
vn 0.261459 0.144207 -0.954381
vn 0.261459 0.144207 -0.954381
vn 0.387741 -0.088092 -0.917549
vn 0.359574 0.045915 -0.931986
vn 0.387741 -0.088092 -0.917549
vn 0.529017 -0.312194 -0.789099
vn 0.470619 -0.147131 -0.869983
vn 0.470619 -0.147131 -0.869983
vn 0.359574 0.045915 -0.931986
vn 0.387741 -0.088092 -0.917549
vn 0.529017 -0.312194 -0.789099
vn 0.601292 -0.449698 -0.660469
vn 0.590829 -0.239976 -0.770281
vn 0.590829 -0.239976 -0.770281
vn 0.470619 -0.147131 -0.869983
vn 0.529017 -0.312194 -0.789099
vn 0.849485 -0.526977 -0.0259179
vn 0.748958 -0.430731 -0.503521
vn 0.704296 -0.494728 -0.509129
vn 0.704296 -0.494728 -0.509129
vn 0.843475 -0.537168 0.000110127
vn 0.849485 -0.526977 -0.0259179
vn 0.693986 -0.532603 0.484477
vn 0.849485 -0.526977 -0.0259179
vn 0.843475 -0.537168 0.000110127
vn 0.843475 -0.537168 0.000110127
vn 0.626404 -0.621443 0.47056
vn 0.693986 -0.532603 0.484477
vn 0.234311 -0.51532 0.824344
vn 0.398031 -0.463725 0.791537
vn 0.421405 -0.612314 0.668947
vn 0.421405 -0.612314 0.668947
vn 0.255817 -0.564011 0.785143
vn 0.234311 -0.51532 0.824344
vn 0.234311 -0.51532 0.824344
vn 0.255817 -0.564011 0.785143
vn 0.151705 -0.397707 0.904884
vn 0.151705 -0.397707 0.904884
vn 0.23558 -0.350136 0.906591
vn 0.234311 -0.51532 0.824344
vn 0.23558 -0.350136 0.906591
vn 0.151705 -0.397707 0.904884
vn 0.231141 -0.111106 0.966555
vn 0.231141 -0.111106 0.966555
vn 0.320127 -0.035656 0.946703
vn 0.23558 -0.350136 0.906591
vn 0.320127 -0.035656 0.946703
vn 0.231141 -0.111106 0.966555
vn 0.380567 0.333174 0.86265
vn 0.380567 0.333174 0.86265
vn 0.423142 0.415883 0.80498
vn 0.320127 -0.035656 0.946703
vn 0.423142 0.415883 0.80498
vn 0.380567 0.333174 0.86265
vn 0.42402 0.740315 0.521671
vn 0.42402 0.740315 0.521671
vn 0.4374 0.74802 0.499146
vn 0.423142 0.415883 0.80498
vn 0.4374 0.74802 0.499146
vn 0.42402 0.740315 0.521671
vn 0.315975 0.915066 0.250629
vn 0.315975 0.915066 0.250629
vn 0.418675 0.877958 0.232164
vn 0.4374 0.74802 0.499146
vn 0.367728 0.928783 -0.0462489
vn 0.418675 0.877958 0.232164
vn 0.315975 0.915066 0.250629
vn 0.315975 0.915066 0.250629
vn 0.224662 0.973335 -0.046328
vn 0.367728 0.928783 -0.0462489
vn 0.341962 0.891712 -0.296499
vn 0.367728 0.928783 -0.0462489
vn 0.224662 0.973335 -0.046328
vn 0.224662 0.973335 -0.046328
vn 0.257012 0.915192 -0.310432
vn 0.341962 0.891712 -0.296499
vn 0.33138 0.692893 -0.64038
vn 0.341962 0.891712 -0.296499
vn 0.257012 0.915192 -0.310432
vn 0.257012 0.915192 -0.310432
vn 0.279177 0.682006 -0.675964
vn 0.33138 0.692893 -0.64038
vn 0.601292 -0.449698 -0.660469
vn 0.704296 -0.494728 -0.509129
vn 0.748958 -0.430731 -0.503521
vn 0.748958 -0.430731 -0.503521
vn 0.590829 -0.239976 -0.770281
vn 0.601292 -0.449698 -0.660469
vn 0.693986 -0.532603 0.484477
vn 0.626404 -0.621443 0.47056
vn 0.421405 -0.612314 0.668947
vn 0.421405 -0.612314 0.668947
vn 0.398031 -0.463725 0.791537
vn 0.693986 -0.532603 0.484477
vn 0.443007 -0.773198 0.453772
vn 0.42697 -0.775907 0.464398
vn 0.739656 -0.638884 0.211508
vn 0.739656 -0.638884 0.211508
vn 0.749366 -0.630799 0.201355
vn 0.443007 -0.773198 0.453772
vn 0.856085 -0.513396 -0.0595239
vn 0.808302 -0.524358 -0.267762
vn 0.815835 -0.521848 -0.249173
vn 0.815835 -0.521848 -0.249173
vn 0.856617 -0.514025 -0.0445589
vn 0.856085 -0.513396 -0.0595239
vn 0.808302 -0.524358 -0.267762
vn 0.631834 -0.608186 -0.480516
vn 0.670517 -0.586953 -0.453754
vn 0.670517 -0.586953 -0.453754
vn 0.815835 -0.521848 -0.249173
vn 0.808302 -0.524358 -0.267762
vn 1.0 -0.000195087 -0.000146849
vn 1.0 -0.000546087 0.000209151
vn 1.0 -0.000465087 6.2151e-05
vn 0.317822 -0.625818 0.712278
vn 0.32222 -0.591395 0.739206
vn 0.42697 -0.775907 0.464398
vn 0.42697 -0.775907 0.464398
vn 0.443007 -0.773198 0.453772
vn 0.317822 -0.625818 0.712278
vn 0.999997 0.00246991 0.000306151
vn 0.999998 -0.000334087 -0.00174285
vn 1.0 -0.000195087 -0.000146849
vn 0.979634 -0.0382171 -0.197119
vn 0.97959 -0.0399521 -0.196997
vn 0.979076 -0.00452809 -0.203447
vn 0.979076 -0.00452809 -0.203447
vn 0.979042 -0.00406509 -0.203617
vn 0.979634 -0.0382171 -0.197119
vn 0.979042 -0.00406509 -0.203617
vn 0.979076 -0.00452809 -0.203447
vn 0.986321 0.00310991 -0.164805
vn 0.986321 0.00310991 -0.164805
vn 0.986084 0.00328791 -0.166216
vn 0.979042 -0.00406509 -0.203617
vn 0.998526 -0.0107971 -0.0531949
vn 0.986084 0.00328791 -0.166216
vn 0.986321 0.00310991 -0.164805
vn 0.986321 0.00310991 -0.164805
vn 0.999047 -0.0121851 -0.0419248
vn 0.998526 -0.0107971 -0.0531949
vn 0.983893 -0.0191831 0.177729
vn 0.998526 -0.0107971 -0.0531949
vn 0.999047 -0.0121851 -0.0419248
vn 0.999047 -0.0121851 -0.0419248
vn 0.980322 -0.0187391 0.196516
vn 0.983893 -0.0191831 0.177729
vn 0.951243 -0.0797351 0.297959
vn 0.983893 -0.0191831 0.177729
vn 0.980322 -0.0187391 0.196516
vn 0.980322 -0.0187391 0.196516
vn 0.953277 -0.0872971 0.289211
vn 0.951243 -0.0797351 0.297959
vn 0.967148 -0.151396 0.204214
vn 0.951243 -0.0797351 0.297959
vn 0.953277 -0.0872971 0.289211
vn 0.953277 -0.0872971 0.289211
vn 0.967093 -0.148495 0.206591
vn 0.967148 -0.151396 0.204214
vn 0.967093 -0.148495 0.206591
vn 0.968579 -0.121218 0.217165
vn 0.96839 -0.122037 0.21755
vn 0.96839 -0.122037 0.21755
vn 0.967148 -0.151396 0.204214
vn 0.967093 -0.148495 0.206591
vn 0.973563 -0.0669211 0.218394
vn 0.96839 -0.122037 0.21755
vn 0.968579 -0.121218 0.217165
vn 0.968579 -0.121218 0.217165
vn 0.973698 -0.0640141 0.218667
vn 0.973563 -0.0669211 0.218394
vn 0.97575 0.0468989 0.213805
vn 0.973563 -0.0669211 0.218394
vn 0.973698 -0.0640141 0.218667
vn 0.973698 -0.0640141 0.218667
vn 0.975373 0.0699889 0.209163
vn 0.97575 0.0468989 0.213805
vn 0.964123 0.19326 0.181984
vn 0.97575 0.0468989 0.213805
vn 0.975373 0.0699889 0.209163
vn 0.975373 0.0699889 0.209163
vn 0.959653 0.219634 0.175576
vn 0.964123 0.19326 0.181984
vn 0.943174 0.314187 0.108206
vn 0.964123 0.19326 0.181984
vn 0.959653 0.219634 0.175576
vn 0.959653 0.219634 0.175576
vn 0.937081 0.339515 0.0812971
vn 0.943174 0.314187 0.108206
vn 0.917351 0.397071 -0.0283129
vn 0.943174 0.314187 0.108206
vn 0.937081 0.339515 0.0812971
vn 0.937081 0.339515 0.0812971
vn 0.917364 0.39711 -0.0273359
vn 0.917351 0.397071 -0.0283129
vn 0.917351 0.397071 -0.0283129
vn 0.917364 0.39711 -0.0273359
vn 0.926886 0.352013 -0.130269
vn 0.926886 0.352013 -0.130269
vn 0.929908 0.336471 -0.14852
vn 0.917351 0.397071 -0.0283129
vn 0.929908 0.336471 -0.14852
vn 0.926886 0.352013 -0.130269
vn 0.94626 0.227148 -0.230208
vn 0.94626 0.227148 -0.230208
vn 0.949243 0.195232 -0.246623
vn 0.929908 0.336471 -0.14852
vn 0.954624 0.108029 -0.27753
vn 0.956293 0.0875139 -0.279006
vn 0.949243 0.195232 -0.246623
vn 0.949243 0.195232 -0.246623
vn 0.94626 0.227148 -0.230208
vn 0.954624 0.108029 -0.27753
vn 0.963839 0.0170439 -0.26594
vn 0.965305 0.00628792 -0.26105
vn 0.956293 0.0875139 -0.279006
vn 0.956293 0.0875139 -0.279006
vn 0.954624 0.108029 -0.27753
vn 0.963839 0.0170439 -0.26594
vn 0.973328 -0.0341871 -0.226857
vn 0.974649 -0.0396191 -0.220203
vn 0.965305 0.00628792 -0.26105
vn 0.965305 0.00628792 -0.26105
vn 0.963839 0.0170439 -0.26594
vn 0.973328 -0.0341871 -0.226857
vn 0.974649 -0.0396191 -0.220203
vn 0.973328 -0.0341871 -0.226857
vn 0.97959 -0.0399521 -0.196997
vn 0.97959 -0.0399521 -0.196997
vn 0.979634 -0.0382171 -0.197119
vn 0.974649 -0.0396191 -0.220203
vn 1.0 -0.000195087 -0.000146849
vn 0.999999 -0.000565087 -0.00127685
vn 1.0 -0.000546087 0.000209151
vn 0.999998 -0.000334087 -0.00174285
vn 0.999998 -0.000304087 -0.00195385
vn 1.0 -0.000195087 -0.000146849
vn 1.0 -0.000195087 -0.000146849
vn 1.0 -0.000482087 1.5151e-05
vn 1.0 -0.000456087 6.3151e-05
vn 1.0 -0.000195087 -0.000146849
vn 1.0 -0.000391087 -4.0849e-05
vn 1.0 -0.000502087 9.151e-06
vn 0.0 0.29032 0.95693
vn 0.0137899 0.281756 0.959387
vn -0.00179113 0.187611 0.982242
vn -0.00179113 0.187611 0.982242
vn -1.30766e-07 0.197411 0.980321
vn 0.0 0.29032 0.95693
vn 0.0137899 0.281756 0.959387
vn 0.190829 0.299411 0.934846
vn 0.20177 0.193681 0.960092
vn 0.20177 0.193681 0.960092
vn -0.00179113 0.187611 0.982242
vn 0.0137899 0.281756 0.959387
vn 0.368613 0.224554 0.902053
vn 0.20177 0.193681 0.960092
vn 0.190829 0.299411 0.934846
vn 0.190829 0.299411 0.934846
vn 0.36789 0.356974 0.858619
vn 0.368613 0.224554 0.902053
vn 0.589318 0.235549 0.772801
vn 0.368613 0.224554 0.902053
vn 0.36789 0.356974 0.858619
vn 0.36789 0.356974 0.858619
vn 0.600556 0.401677 0.691367
vn 0.589318 0.235549 0.772801
vn 0.834005 0.219904 0.506041
vn 0.589318 0.235549 0.772801
vn 0.600556 0.401677 0.691367
vn 0.600556 0.401677 0.691367
vn 0.791133 0.421678 0.443054
vn 0.834005 0.219904 0.506041
vn 0.791133 0.421678 0.443054
vn 0.89147 0.453031 -0.00668587
vn 0.968721 0.246231 -0.0308249
vn 0.968721 0.246231 -0.0308249
vn 0.834005 0.219904 0.506041
vn 0.791133 0.421678 0.443054
vn 0.968721 0.246231 -0.0308249
vn 0.89147 0.453031 -0.00668587
vn 0.805259 0.410478 -0.427862
vn 0.805259 0.410478 -0.427862
vn 0.853043 0.222427 -0.472064
vn 0.968721 0.246231 -0.0308249
vn 0.691576 0.351487 -0.631014
vn 0.706744 0.172919 -0.686011
vn 0.853043 0.222427 -0.472064
vn 0.853043 0.222427 -0.472064
vn 0.805259 0.410478 -0.427862
vn 0.691576 0.351487 -0.631014
vn 0.46914 0.269218 -0.841088
vn 0.470417 0.131392 -0.872608
vn 0.706744 0.172919 -0.686011
vn 0.706744 0.172919 -0.686011
vn 0.691576 0.351487 -0.631014
vn 0.46914 0.269218 -0.841088
vn 0.470417 0.131392 -0.872608
vn 0.46914 0.269218 -0.841088
vn 0.264283 0.232584 -0.93598
vn 0.264283 0.232584 -0.93598
vn 0.261231 0.115629 -0.958326
vn 0.470417 0.131392 -0.872608
vn 1.66501e-07 0.219473 -0.975619
vn 1.59955e-07 0.11368 -0.993517
vn 0.261231 0.115629 -0.958326
vn 0.261231 0.115629 -0.958326
vn 0.264283 0.232584 -0.93598
vn 1.66501e-07 0.219473 -0.975619
vn -0.356828 -0.028285 0.933742
vn -0.221237 0.012174 0.975144
vn -0.179798 -0.28961 0.940106
vn -0.179798 -0.28961 0.940106
vn -0.273679 -0.351091 0.895452
vn -0.356828 -0.028285 0.933742
vn -0.84265 -0.167177 -0.511852
vn -0.748958 -0.430731 -0.503521
vn -0.590829 -0.239976 -0.770281
vn -0.590829 -0.239976 -0.770281
vn -0.695555 -0.108383 -0.710251
vn -0.84265 -0.167177 -0.511852
vn -0.198304 -0.55894 -0.805147
vn -0.196966 -0.558856 -0.805534
vn -0.324202 -0.571633 -0.753743
vn -0.324202 -0.571633 -0.753743
vn -0.328472 -0.572449 -0.751271
vn -0.198304 -0.55894 -0.805147
vn -0.227312 0.047851 -0.972646
vn 1.57984e-07 0.086388 -0.996262
vn 1.55077e-07 0.048739 -0.998812
vn 1.55077e-07 0.048739 -0.998812
vn -0.255391 0.026194 -0.966483
vn -0.227312 0.047851 -0.972646
vn -0.221237 0.012174 0.975144
vn 0.0222679 0.018489 0.999581
vn 0.0188418 -0.26125 0.965087
vn 0.0188418 -0.26125 0.965087
vn -0.179798 -0.28961 0.940106
vn -0.221237 0.012174 0.975144
vn -0.693986 -0.532603 0.484476
vn -0.849485 -0.526977 -0.0259181
vn -0.964383 -0.260132 -0.0479191
vn -0.964383 -0.260132 -0.0479191
vn -0.802961 -0.249453 0.541319
vn -0.693986 -0.532603 0.484476
vn -0.802961 -0.249453 0.541319
vn -0.528204 -0.138783 0.837699
vn -0.398031 -0.463725 0.791537
vn -0.398031 -0.463725 0.791537
vn -0.693986 -0.532603 0.484476
vn -0.802961 -0.249453 0.541319
vn -0.0978002 -0.265536 0.959128
vn 0.0236548 -0.224819 0.974113
vn -0.00745115 -0.028471 0.999567
vn -0.00745115 -0.028471 0.999567
vn -0.128839 -0.015329 0.991547
vn -0.0978002 -0.265536 0.959128
vn -0.215617 -0.313976 0.924623
vn -0.0978002 -0.265536 0.959128
vn -0.128839 -0.015329 0.991547
vn -0.128839 -0.015329 0.991547
vn -0.26559 -0.010288 0.964031
vn -0.215617 -0.313976 0.924623
vn -0.413062 -0.141883 0.899583
vn -0.354766 -0.37731 0.85544
vn -0.361406 -0.349501 0.864428
vn -0.361406 -0.349501 0.864428
vn -0.433154 -0.047668 0.900059
vn -0.413062 -0.141883 0.899583
vn -1.0 -0.000194913 -0.000147151
vn -1.0 -0.000490913 2.6849e-05
vn -1.0 -0.000453913 -1.50996e-07
vn -0.340411 0.055404 -0.938643
vn -0.344234 0.122617 -0.930843
vn -0.376321 -0.229147 -0.897705
vn -0.376321 -0.229147 -0.897705
vn -0.381993 -0.24662 -0.890651
vn -0.340411 0.055404 -0.938643
vn -0.34474 0.145991 -0.927276
vn -0.328249 0.198807 -0.923433
vn -0.296249 0.203196 -0.933246
vn -0.296249 0.203196 -0.933246
vn -0.282702 0.195449 -0.939084
vn -0.34474 0.145991 -0.927276
vn -0.208542 0.23277 0.94991
vn -0.509193 0.474482 0.718045
vn -0.251946 0.332731 0.908743
vn -0.251946 0.332731 0.908743
vn -0.0946241 0.211225 0.972847
vn -0.208542 0.23277 0.94991
vn -0.47799 0.697192 0.534275
vn -0.383239 0.410346 0.827492
vn -0.251946 0.332731 0.908743
vn -0.251946 0.332731 0.908743
vn -0.509193 0.474482 0.718045
vn -0.47799 0.697192 0.534275
vn -0.428285 0.700799 0.570485
vn -0.425945 0.707757 0.563605
vn -0.47353 0.327626 0.817576
vn -0.47353 0.327626 0.817576
vn -0.473686 0.338358 0.813102
vn -0.428285 0.700799 0.570485
vn -0.36418 0.656263 -0.660827
vn -0.364202 0.67314 -0.643614
vn -0.354915 0.420144 -0.835173
vn -0.354915 0.420144 -0.835173
vn -0.354406 0.408732 -0.841032
vn -0.36418 0.656263 -0.660827
vn -0.346039 0.353678 -0.869005
vn -0.422586 0.602546 -0.677022
vn -0.423174 0.508727 -0.749747
vn -0.423174 0.508727 -0.749747
vn -0.324379 0.290978 -0.900061
vn -0.346039 0.353678 -0.869005
vn -0.856617 -0.514025 -0.0445601
vn -0.856085 -0.513396 -0.0595241
vn -0.739657 -0.638884 0.211507
vn -0.739657 -0.638884 0.211507
vn -0.749366 -0.630799 0.201354
vn -0.856617 -0.514025 -0.0445601
vn -0.371644 0.021916 -0.928117
vn -0.407102 -0.052128 -0.911894
vn -0.590829 -0.239976 -0.770281
vn -0.590829 -0.239976 -0.770281
vn -0.470619 -0.147131 -0.869983
vn -0.371644 0.021916 -0.928117
vn -1.0 -0.000194913 -0.000147151
vn -1.0 -0.000442913 2.5849e-05
vn -1.0 -0.000419913 5.5849e-05
vn -0.631834 -0.608186 -0.480515
vn -0.670517 -0.586953 -0.453754
vn -0.50366 -0.526155 -0.685192
vn -0.50366 -0.526155 -0.685192
vn -0.484347 -0.490638 -0.724349
vn -0.631834 -0.608186 -0.480515
vn -0.964383 -0.260132 -0.0479191
vn -0.849485 -0.526977 -0.0259181
vn -0.748958 -0.430731 -0.503521
vn -0.748958 -0.430731 -0.503521
vn -0.84265 -0.167177 -0.511852
vn -0.964383 -0.260132 -0.0479191
vn -0.999999 0.00156509 0.000687849
vn -1.0 -0.000369913 -1.7151e-05
vn -1.0 -0.000194913 -0.000147151
vn -1.0 -0.000440913 3.1849e-05
vn -1.0 -0.000501913 8.849e-06
vn -1.0 -0.000194913 -0.000147151
vn -0.334183 0.879059 -0.339966
vn -0.335113 0.876633 -0.345274
vn -0.30965 0.949832 -0.044009
vn -0.30965 0.949832 -0.044009
vn -0.309973 0.949987 -0.037978
vn -0.334183 0.879059 -0.339966
vn -0.365911 0.884853 0.288348
vn -0.362859 0.890656 0.273981
vn -0.425945 0.707757 0.563605
vn -0.425945 0.707757 0.563605
vn -0.428285 0.700799 0.570485
vn -0.365911 0.884853 0.288348
vn -0.47799 0.697192 0.534275
vn -0.509193 0.474482 0.718045
vn -0.687218 0.669164 0.282755
vn -0.687218 0.669164 0.282755
vn -0.500363 0.829361 0.24859
vn -0.47799 0.697192 0.534275
vn 0.547312 0.748938 -0.373553
vn 0.529977 0.760421 -0.375345
vn 0.282761 0.897043 -0.339648
vn 0.282761 0.897043 -0.339648
vn 0.350037 0.882141 -0.315123
vn 0.547312 0.748938 -0.373553
vn -0.0782909 0.984739 0.155436
vn 0.222561 0.149291 -0.96342
vn 0.694552 0.0510979 -0.717626
vn 0.694552 0.0510979 -0.717626
vn -0.161899 0.982969 0.086958
vn -0.0782909 0.984739 0.155436
vn -0.112077 0.990953 -0.073828
vn -0.161899 0.982969 0.086958
vn 0.694552 0.0510979 -0.717626
vn 0.694552 0.0510979 -0.717626
vn 0.935259 0.15557 -0.317943
vn -0.112077 0.990953 -0.073828
vn 0.529977 0.760421 -0.375345
vn 0.547312 0.748938 -0.373553
vn 0.731239 0.60431 -0.316383
vn 0.731239 0.60431 -0.316383
vn 0.748201 0.589319 -0.304792
vn 0.529977 0.760421 -0.375345
vn 0.758147 0.545487 -0.357291
vn 0.758465 0.544743 -0.357752
vn 0.77707 0.550006 -0.306032
vn 0.77707 0.550006 -0.306032
vn 0.779271 0.54989 -0.300596
vn 0.758147 0.545487 -0.357291
vn -0.341082 0.417088 -0.842437
vn -0.356839 0.662762 -0.658341
vn -0.422586 0.602546 -0.677022
vn -0.422586 0.602546 -0.677022
vn -0.346039 0.353678 -0.869005
vn -0.341082 0.417088 -0.842437
vn -0.657003 0.751177 -0.0638741
vn -0.542928 0.747173 -0.383356
vn -0.39374 0.864155 -0.313376
vn -0.39374 0.864155 -0.313376
vn -0.455489 0.88799 -0.0632741
vn -0.657003 0.751177 -0.0638741
vn -0.47799 0.697192 0.534275
vn -0.4374 0.74802 0.499146
vn -0.423142 0.415883 0.804979
vn -0.423142 0.415883 0.804979
vn -0.383239 0.410346 0.827492
vn -0.47799 0.697192 0.534275
vn -0.215617 -0.313976 0.924623
vn -0.26559 -0.010288 0.964031
vn -0.320127 -0.035655 0.946703
vn -0.320127 -0.035655 0.946703
vn -0.23558 -0.350136 0.906591
vn -0.215617 -0.313976 0.924623
vn -0.528204 -0.138783 0.837699
vn -0.356828 -0.028285 0.933742
vn -0.273679 -0.351091 0.895452
vn -0.273679 -0.351091 0.895452
vn -0.398031 -0.463725 0.791537
vn -0.528204 -0.138783 0.837699
vn 0.0688731 0.975869 -0.20721
vn -0.112077 0.990953 -0.073828
vn 0.935259 0.15557 -0.317943
vn 0.935259 0.15557 -0.317943
vn 0.927008 0.342994 -0.151695
vn 0.0688731 0.975869 -0.20721
vn -0.500363 0.829361 0.24859
vn -0.687218 0.669164 0.282755
vn -0.657003 0.751177 -0.0638741
vn -0.657003 0.751177 -0.0638741
vn -0.455489 0.88799 -0.0632741
vn -0.500363 0.829361 0.24859
vn -0.309973 0.949987 -0.037978
vn -0.30965 0.949832 -0.044009
vn -0.362859 0.890656 0.273981
vn -0.362859 0.890656 0.273981
vn -0.365911 0.884853 0.288348
vn -0.309973 0.949987 -0.037978
vn -1.0 -0.000194913 -0.000147151
vn -1.0 -0.000390913 -4.1151e-05
vn -1.0 -0.000442913 2.5849e-05
vn 0.748201 0.589319 -0.304792
vn 0.731239 0.60431 -0.316383
vn 0.779271 0.54989 -0.300596
vn 0.779271 0.54989 -0.300596
vn 0.77707 0.550006 -0.306032
vn 0.748201 0.589319 -0.304792
vn -0.296249 0.203196 -0.933246
vn -0.346039 0.353678 -0.869005
vn -0.324379 0.290978 -0.900061
vn -0.324379 0.290978 -0.900061
vn -0.244572 0.245706 -0.937984
vn -0.296249 0.203196 -0.933246
vn -0.328249 0.198807 -0.923433
vn -0.341082 0.417088 -0.842437
vn -0.346039 0.353678 -0.869005
vn -0.346039 0.353678 -0.869005
vn -0.296249 0.203196 -0.933246
vn -0.328249 0.198807 -0.923433
vn -0.354406 0.408732 -0.841032
vn -0.354915 0.420144 -0.835173
vn -0.344234 0.122617 -0.930843
vn -0.344234 0.122617 -0.930843
vn -0.340411 0.055404 -0.938643
vn -0.354406 0.408732 -0.841032
vn -1.0 -0.000194913 -0.000147151
vn -1.0 -0.000481913 1.4849e-05
vn -1.0 -0.000490913 2.6849e-05
vn -0.542928 0.747173 -0.383356
vn -0.422586 0.602546 -0.677022
vn -0.356839 0.662762 -0.658341
vn -0.356839 0.662762 -0.658341
vn -0.39374 0.864155 -0.313376
vn -0.542928 0.747173 -0.383356
vn -0.364202 0.67314 -0.643614
vn -0.36418 0.656263 -0.660827
vn -0.335113 0.876633 -0.345274
vn -0.335113 0.876633 -0.345274
vn -0.334183 0.879059 -0.339966
vn -0.364202 0.67314 -0.643614
vn -1.0 -0.000194913 -0.000147151
vn -1.0 -0.000419913 5.5849e-05
vn -1.0 -0.000455913 6.2849e-05
vn 0.927008 0.342994 -0.151695
vn 0.350037 0.882141 -0.315123
vn 0.282761 0.897043 -0.339648
vn 0.282761 0.897043 -0.339648
vn 0.0688731 0.975869 -0.20721
vn 0.927008 0.342994 -0.151695
vn -0.576616 0.362855 0.732018
vn -0.509193 0.474482 0.718045
vn -0.208542 0.23277 0.94991
vn -0.208542 0.23277 0.94991
vn -0.230705 0.17724 0.956745
vn -0.576616 0.362855 0.732018
vn -0.793269 0.547104 0.26721
vn -0.687218 0.669164 0.282755
vn -0.509193 0.474482 0.718045
vn -0.509193 0.474482 0.718045
vn -0.576616 0.362855 0.732018
vn -0.793269 0.547104 0.26721
vn -0.793269 0.547104 0.26721
vn -0.762673 0.635907 -0.118119
vn -0.657003 0.751177 -0.0638741
vn -0.657003 0.751177 -0.0638741
vn -0.687218 0.669164 0.282755
vn -0.793269 0.547104 0.26721
vn -0.762673 0.635907 -0.118119
vn -0.595468 0.657601 -0.461495
vn -0.542928 0.747173 -0.383356
vn -0.542928 0.747173 -0.383356
vn -0.657003 0.751177 -0.0638741
vn -0.762673 0.635907 -0.118119
vn -0.595468 0.657601 -0.461495
vn -0.423174 0.508727 -0.749747
vn -0.422586 0.602546 -0.677022
vn -0.422586 0.602546 -0.677022
vn -0.542928 0.747173 -0.383356
vn -0.595468 0.657601 -0.461495
vn -0.282702 0.195449 -0.939084
vn -0.296249 0.203196 -0.933246
vn -0.244572 0.245706 -0.937984
vn -0.244572 0.245706 -0.937984
vn -0.18206 0.188329 -0.965084
vn -0.282702 0.195449 -0.939084
vn -0.196966 -0.558856 -0.805534
vn -0.198304 -0.55894 -0.805147
vn 0.0 -0.553129 -0.833095
vn 0.0 -0.553129 -0.833095
vn 0.0 -0.553129 -0.833095
vn -0.196966 -0.558856 -0.805534
vn 0.0222679 0.018489 0.999581
vn -1.49012e-07 0.022265 0.999752
vn -1.6793e-07 -0.247399 0.968914
vn -1.6793e-07 -0.247399 0.968914
vn 0.0188418 -0.26125 0.965087
vn 0.0222679 0.018489 0.999581
vn 0.0236548 -0.224819 0.974113
vn -1.65724e-07 -0.205247 0.97871
vn -1.53922e-07 -0.034495 0.999405
vn -1.53922e-07 -0.034495 0.999405
vn -0.00745115 -0.028471 0.999567
vn 0.0236548 -0.224819 0.974113
vn -0.208542 0.23277 0.94991
vn -0.0946241 0.211225 0.972847
vn -1.40156e-07 0.112939 0.993602
vn -1.40156e-07 0.112939 0.993602
vn -1.38832e-07 0.125482 0.992096
vn -0.208542 0.23277 0.94991
vn -0.230705 0.17724 0.956745
vn -0.208542 0.23277 0.94991
vn -1.38832e-07 0.125482 0.992096
vn -1.38832e-07 0.125482 0.992096
vn -1.40629e-07 0.108406 0.994107
vn -0.230705 0.17724 0.956745
vn 0.222561 0.149291 -0.96342
vn -0.0782909 0.984739 0.155436
vn 0.0 0.99566 0.093064
vn 0.0 0.99566 0.093064
vn 1.68428e-07 0.257769 -0.966207
vn 0.222561 0.149291 -0.96342
vn -1.0 -0.000369913 -1.7151e-05
vn -1.0 -0.000440913 3.1849e-05
vn -1.0 -0.000194913 -0.000147151
vn -0.47353 0.327626 0.817576
vn -0.413062 -0.141883 0.899583
vn -0.433154 -0.047668 0.900059
vn -0.433154 -0.047668 0.900059
vn -0.473686 0.338358 0.813102
vn -0.47353 0.327626 0.817576
vn -0.26559 -0.010288 0.964031
vn -0.383239 0.410346 0.827492
vn -0.423142 0.415883 0.804979
vn -0.423142 0.415883 0.804979
vn -0.320127 -0.035655 0.946703
vn -0.26559 -0.010288 0.964031
vn -0.251946 0.332731 0.908743
vn -0.383239 0.410346 0.827492
vn -0.26559 -0.010288 0.964031
vn -0.26559 -0.010288 0.964031
vn -0.128839 -0.015329 0.991547
vn -0.251946 0.332731 0.908743
vn -0.0946241 0.211225 0.972847
vn -0.251946 0.332731 0.908743
vn -0.128839 -0.015329 0.991547
vn -0.128839 -0.015329 0.991547
vn -0.00745115 -0.028471 0.999567
vn -0.0946241 0.211225 0.972847
vn -1.40156e-07 0.112939 0.993602
vn -0.0946241 0.211225 0.972847
vn -0.00745115 -0.028471 0.999567
vn -0.00745115 -0.028471 0.999567
vn -1.53922e-07 -0.034495 0.999405
vn -1.40156e-07 0.112939 0.993602
vn -0.371644 0.021916 -0.928117
vn -0.34474 0.145991 -0.927276
vn -0.282702 0.195449 -0.939084
vn -0.282702 0.195449 -0.939084
vn -0.246895 0.081076 -0.965645
vn -0.371644 0.021916 -0.928117
vn -0.484347 -0.490638 -0.724349
vn -0.50366 -0.526155 -0.685192
vn -0.381993 -0.24662 -0.890651
vn -0.381993 -0.24662 -0.890651
vn -0.376321 -0.229147 -0.897705
vn -0.484347 -0.490638 -0.724349
vn -1.0 -0.000194913 -0.000147151
vn -1.0 -0.000453913 -1.50996e-07
vn -1.0 -0.000403913 -7.151e-06
vn -0.999998 -0.000303913 -0.00195415
vn -1.0 -0.000194913 -0.000147151
vn -0.999999 -0.000564913 -0.00127715
vn -0.32222 -0.591395 0.739207
vn -0.361406 -0.349501 0.864428
vn -0.354766 -0.37731 0.85544
vn -0.354766 -0.37731 0.85544
vn -0.317822 -0.625818 0.712278
vn -0.32222 -0.591395 0.739207
vn -0.215617 -0.313976 0.924623
vn -0.23558 -0.350136 0.906591
vn -0.234311 -0.51532 0.824344
vn -0.234311 -0.51532 0.824344
vn -0.211331 -0.481971 0.85032
vn -0.215617 -0.313976 0.924623
vn -0.0978002 -0.265536 0.959128
vn -0.215617 -0.313976 0.924623
vn -0.211331 -0.481971 0.85032
vn -0.211331 -0.481971 0.85032
vn -0.125459 -0.431183 0.8935
vn -0.0978002 -0.265536 0.959128
vn 0.0236548 -0.224819 0.974113
vn -0.0978002 -0.265536 0.959128
vn -0.125459 -0.431183 0.8935
vn -0.125459 -0.431183 0.8935
vn 0.0122598 -0.37763 0.925875
vn 0.0236548 -0.224819 0.974113
vn -1.65724e-07 -0.205247 0.97871
vn 0.0236548 -0.224819 0.974113
vn 0.0122598 -0.37763 0.925875
vn 0.0122598 -0.37763 0.925875
vn -1.72557e-07 -0.367493 0.930026
vn -1.65724e-07 -0.205247 0.97871
vn 0.787359 0.521144 -0.329354
vn 0.790714 0.51873 -0.3251
vn 0.758465 0.544743 -0.357752
vn 0.758465 0.544743 -0.357752
vn 0.758147 0.545487 -0.357291
vn 0.787359 0.521144 -0.329354
vn -0.18206 0.188329 -0.965084
vn -0.119769 0.103547 -0.987387
vn -0.246895 0.081076 -0.965645
vn -0.246895 0.081076 -0.965645
vn -0.282702 0.195449 -0.939084
vn -0.18206 0.188329 -0.965084
vn -0.398031 -0.463725 0.791537
vn -0.273679 -0.351091 0.895452
vn -0.211331 -0.481971 0.85032
vn -0.211331 -0.481971 0.85032
vn -0.234311 -0.51532 0.824344
vn -0.398031 -0.463725 0.791537
vn -0.273679 -0.351091 0.895452
vn -0.179798 -0.28961 0.940106
vn -0.125459 -0.431183 0.8935
vn -0.125459 -0.431183 0.8935
vn -0.211331 -0.481971 0.85032
vn -0.273679 -0.351091 0.895452
vn -0.179798 -0.28961 0.940106
vn 0.0188418 -0.26125 0.965087
vn 0.0122598 -0.37763 0.925875
vn 0.0122598 -0.37763 0.925875
vn -0.125459 -0.431183 0.8935
vn -0.179798 -0.28961 0.940106
vn -1.72557e-07 -0.367493 0.930026
vn 0.0122598 -0.37763 0.925875
vn 0.0188418 -0.26125 0.965087
vn 0.0188418 -0.26125 0.965087
vn -1.6793e-07 -0.247399 0.968914
vn -1.72557e-07 -0.367493 0.930026
vn -0.246895 0.081076 -0.965645
vn -0.227312 0.047851 -0.972646
vn -0.407102 -0.052128 -0.911894
vn -0.407102 -0.052128 -0.911894
vn -0.371644 0.021916 -0.928117
vn -0.246895 0.081076 -0.965645
vn -0.178639 0.015869 0.983787
vn -0.180774 0.015896 0.983396
vn -0.332737 0.02897 0.942575
vn -0.332737 0.02897 0.942575
vn -0.345437 0.030772 0.937937
vn -0.178639 0.015869 0.983787
vn -0.345437 0.030772 0.937937
vn -0.332737 0.02897 0.942575
vn -0.633815 0.0326331 0.772796
vn -0.633815 0.0326331 0.772796
vn -0.643606 0.0320631 0.764685
vn -0.345437 0.030772 0.937937
vn -0.878239 -0.000630923 0.478222
vn -0.643606 0.0320631 0.764685
vn -0.633815 0.0326331 0.772796
vn -0.633815 0.0326331 0.772796
vn -0.887092 -0.00372492 0.461578
vn -0.878239 -0.000630923 0.478222
vn -0.999963 -0.00488891 -0.00711115
vn -0.878239 -0.000630923 0.478222
vn -0.887092 -0.00372492 0.461578
vn -0.887092 -0.00372492 0.461578
vn -0.999968 -0.00495891 -0.00629115
vn -0.999963 -0.00488891 -0.00711115
vn -0.695555 -0.108383 -0.710251
vn -0.590829 -0.239976 -0.770281
vn -0.407102 -0.052128 -0.911894
vn -0.407102 -0.052128 -0.911894
vn -0.448963 -0.019024 -0.893348
vn -0.695555 -0.108383 -0.710251
vn -0.255391 0.026194 -0.966483
vn -0.448963 -0.019024 -0.893348
vn -0.407102 -0.052128 -0.911894
vn -0.407102 -0.052128 -0.911894
vn -0.227312 0.047851 -0.972646
vn -0.255391 0.026194 -0.966483
vn -0.999963 -0.00488891 -0.00711115
vn -0.999968 -0.00495891 -0.00629115
vn -0.857226 0.0296211 -0.514087
vn -0.857226 0.0296211 -0.514087
vn -0.842381 0.0306191 -0.538012
vn -0.999963 -0.00488891 -0.00711115
vn -0.842381 0.0306191 -0.538012
vn -0.857226 0.0296211 -0.514087
vn -0.645986 -0.00605294 -0.763325
vn -0.645986 -0.00605294 -0.763325
vn -0.652126 -0.00414694 -0.758099
vn -0.842381 0.0306191 -0.538012
vn -0.412487 -0.085957 -0.906899
vn -0.652126 -0.00414694 -0.758099
vn -0.645986 -0.00605294 -0.763325
vn -0.645986 -0.00605294 -0.763325
vn -0.397598 -0.09226 -0.91291
vn -0.412487 -0.085957 -0.906899
vn -0.227312 0.047851 -0.972646
vn -0.246895 0.081076 -0.965645
vn -0.119769 0.103547 -0.987387
vn -0.119769 0.103547 -0.987387
vn 1.57984e-07 0.086388 -0.996262
vn -0.227312 0.047851 -0.972646
vn 0.790714 0.51873 -0.3251
vn 0.787359 0.521144 -0.329354
vn 0.817564 0.49792 -0.289249
vn 0.817564 0.49792 -0.289249
vn 0.817564 0.49792 -0.289249
vn 0.790714 0.51873 -0.3251
vn -0.227392 -0.143283 -0.963205
vn 1.34606e-07 -0.164069 -0.986449
vn 1.34606e-07 -0.164069 -0.986449
vn 1.34606e-07 -0.164069 -0.986449
vn -0.230575 -0.14266 -0.96254
vn -0.227392 -0.143283 -0.963205
vn -0.487051 -0.616676 -0.61846
vn -0.503357 -0.620752 -0.601081
vn -0.328472 -0.572449 -0.751271
vn -0.328472 -0.572449 -0.751271
vn -0.324202 -0.571633 -0.753743
vn -0.487051 -0.616676 -0.61846
vn -0.615064 -0.660559 -0.430532
vn -0.62804 -0.670238 -0.395408
vn -0.503357 -0.620752 -0.601081
vn -0.503357 -0.620752 -0.601081
vn -0.487051 -0.616676 -0.61846
vn -0.615064 -0.660559 -0.430532
vn -0.62804 -0.670238 -0.395408
vn -0.615064 -0.660559 -0.430532
vn -0.6781 -0.73382 -0.0411081
vn -0.6781 -0.73382 -0.0411081
vn -0.677365 -0.735265 -0.0237161
vn -0.62804 -0.670238 -0.395408
vn -0.608669 -0.729788 0.311338
vn -0.677365 -0.735265 -0.0237161
vn -0.6781 -0.73382 -0.0411081
vn -0.6781 -0.73382 -0.0411081
vn -0.600203 -0.727398 0.33264
vn -0.608669 -0.729788 0.311338
vn -0.600203 -0.727398 0.33264
vn -0.425975 -0.687545 0.588071
vn -0.45537 -0.695191 0.55619
vn -0.45537 -0.695191 0.55619
vn -0.608669 -0.729788 0.311338
vn -0.600203 -0.727398 0.33264
vn -0.425975 -0.687545 0.588071
vn -0.240476 -0.632986 0.735867
vn -0.249877 -0.634088 0.731775
vn -0.249877 -0.634088 0.731775
vn -0.45537 -0.695191 0.55619
vn -0.425975 -0.687545 0.588071
vn -0.240476 -0.632986 0.735867
vn -0.135929 -0.624197 0.769351
vn -0.147571 -0.624845 0.766676
vn -0.147571 -0.624845 0.766676
vn -0.249877 -0.634088 0.731775
vn -0.240476 -0.632986 0.735867
vn -0.0213872 0.006992 0.999747
vn -0.180774 0.015896 0.983396
vn -0.178639 0.015869 0.983787
vn -0.178639 0.015869 0.983787
vn -0.0203372 0.006752 0.99977
vn -0.0213872 0.006992 0.999747
vn -1.51041e-07 -0.000522 1.0
vn -0.0213872 0.006992 0.999747
vn -0.0203372 0.006752 0.99977
vn -0.0203372 0.006752 0.99977
vn -1.51041e-07 -0.000522 1.0
vn -1.51041e-07 -0.000522 1.0
vn 0.0222679 0.018489 0.999581
vn 0.00179087 0.187611 0.982242
vn -1.30766e-07 0.197411 0.980321
vn -1.30766e-07 0.197411 0.980321
vn -1.49012e-07 0.022265 0.999752
vn 0.0222679 0.018489 0.999581
vn 0.00179087 0.187611 0.982242
vn 0.0222679 0.018489 0.999581
vn -0.221237 0.012174 0.975144
vn -0.221237 0.012174 0.975144
vn -0.20177 0.193681 0.960092
vn 0.00179087 0.187611 0.982242
vn -0.589318 0.235549 0.772801
vn -0.368614 0.224554 0.902053
vn -0.356828 -0.028285 0.933742
vn -0.356828 -0.028285 0.933742
vn -0.528204 -0.138783 0.837699
vn -0.589318 0.235549 0.772801
vn -0.589318 0.235549 0.772801
vn -0.528204 -0.138783 0.837699
vn -0.802961 -0.249453 0.541319
vn -0.802961 -0.249453 0.541319
vn -0.834005 0.219904 0.506041
vn -0.589318 0.235549 0.772801
vn -0.964383 -0.260132 -0.0479191
vn -0.968721 0.246231 -0.0308251
vn -0.834005 0.219904 0.506041
vn -0.834005 0.219904 0.506041
vn -0.802961 -0.249453 0.541319
vn -0.964383 -0.260132 -0.0479191
vn -0.84265 -0.167177 -0.511852
vn -0.853042 0.222427 -0.472065
vn -0.968721 0.246231 -0.0308251
vn -0.968721 0.246231 -0.0308251
vn -0.964383 -0.260132 -0.0479191
vn -0.84265 -0.167177 -0.511852
vn -0.706744 0.172919 -0.686011
vn -0.853042 0.222427 -0.472065
vn -0.84265 -0.167177 -0.511852
vn -0.84265 -0.167177 -0.511852
vn -0.695555 -0.108383 -0.710251
vn -0.706744 0.172919 -0.686011
vn -0.261231 0.115629 -0.958326
vn -0.470417 0.131393 -0.872608
vn -0.448963 -0.019024 -0.893348
vn -0.448963 -0.019024 -0.893348
vn -0.255391 0.026194 -0.966483
vn -0.261231 0.115629 -0.958326
vn 1.59955e-07 0.11368 -0.993517
vn -0.261231 0.115629 -0.958326
vn -0.255391 0.026194 -0.966483
vn -0.255391 0.026194 -0.966483
vn 1.55077e-07 0.048739 -0.998812
vn 1.59955e-07 0.11368 -0.993517
vn 0.350037 0.882141 -0.315123
vn 0.927008 0.342994 -0.151695
vn 0.997718 0.0 -0.0675249
vn 0.927008 0.342994 -0.151695
vn 0.935259 0.15557 -0.317943
vn 0.95603 -0.0893151 -0.279337
vn 0.95603 -0.0893151 -0.279337
vn 0.997718 0.0 -0.0675249
vn 0.927008 0.342994 -0.151695
vn 0.694552 0.0510979 -0.717626
vn 0.703783 -0.158367 -0.692538
vn 0.95603 -0.0893151 -0.279337
vn 0.95603 -0.0893151 -0.279337
vn 0.935259 0.15557 -0.317943
vn 0.694552 0.0510979 -0.717626
vn 0.694552 0.0510979 -0.717626
vn 0.222561 0.149291 -0.96342
vn 0.231178 -0.026957 -0.972538
vn 0.231178 -0.026957 -0.972538
vn 0.703783 -0.158367 -0.692538
vn 0.694552 0.0510979 -0.717626
vn 1.68428e-07 0.257769 -0.966207
vn 1.59222e-07 0.103347 -0.994645
vn 0.231178 -0.026957 -0.972538
vn 0.231178 -0.026957 -0.972538
vn 0.222561 0.149291 -0.96342
vn 1.68428e-07 0.257769 -0.966207
vn -0.0249812 -0.612593 0.790004
vn -0.147571 -0.624845 0.766676
vn -0.135929 -0.624197 0.769351
vn -0.135929 -0.624197 0.769351
vn -0.0224922 -0.612141 0.790429
vn -0.0249812 -0.612593 0.790004
vn -1.73032e-07 -0.608089 0.793869
vn -0.0249812 -0.612593 0.790004
vn -0.0224922 -0.612141 0.790429
vn -0.0224922 -0.612141 0.790429
vn -1.73032e-07 -0.608089 0.793869
vn -1.73032e-07 -0.608089 0.793869
vn -1.0 -0.000194913 -0.000147151
vn -1.0 -0.000403913 -7.151e-06
vn -1.0 -0.000465913 6.1849e-05
vn -0.999999 0.00156509 0.000687849
vn -1.0 -0.000194913 -0.000147151
vn -0.999997 0.00247009 0.000305849
vn -0.470417 0.131393 -0.872608
vn -0.706744 0.172919 -0.686011
vn -0.695555 -0.108383 -0.710251
vn -0.695555 -0.108383 -0.710251
vn -0.448963 -0.019024 -0.893348
vn -0.470417 0.131393 -0.872608
vn -0.368614 0.224554 0.902053
vn -0.20177 0.193681 0.960092
vn -0.221237 0.012174 0.975144
vn -0.221237 0.012174 0.975144
vn -0.356828 -0.028285 0.933742
vn -0.368614 0.224554 0.902053
vn -0.397598 -0.09226 -0.91291
vn -0.227392 -0.143283 -0.963205
vn -0.230575 -0.14266 -0.96254
vn -0.230575 -0.14266 -0.96254
vn -0.412487 -0.085957 -0.906899
vn -0.397598 -0.09226 -0.91291
vn -0.470619 -0.147131 -0.869983
vn -0.359574 0.045915 -0.931986
vn -0.34474 0.145991 -0.927276
vn -0.34474 0.145991 -0.927276
vn -0.371644 0.021916 -0.928117
vn -0.470619 -0.147131 -0.869983
vn -0.328249 0.198807 -0.923433
vn -0.34474 0.145991 -0.927276
vn -0.359574 0.045915 -0.931986
vn -0.359574 0.045915 -0.931986
vn -0.305703 0.211656 -0.928303
vn -0.328249 0.198807 -0.923433
vn -0.341082 0.417088 -0.842437
vn -0.328249 0.198807 -0.923433
vn -0.305703 0.211656 -0.928303
vn -0.305703 0.211656 -0.928303
vn -0.308275 0.449965 -0.838152
vn -0.341082 0.417088 -0.842437
vn -0.356839 0.662762 -0.658341
vn -0.341082 0.417088 -0.842437
vn -0.308275 0.449965 -0.838152
vn -0.308275 0.449965 -0.838152
vn -0.33138 0.692894 -0.64038
vn -0.356839 0.662762 -0.658341
vn -0.39374 0.864155 -0.313376
vn -0.356839 0.662762 -0.658341
vn -0.33138 0.692894 -0.64038
vn -0.33138 0.692894 -0.64038
vn -0.341962 0.891712 -0.296499
vn -0.39374 0.864155 -0.313376
vn -0.39374 0.864155 -0.313376
vn -0.341962 0.891712 -0.296499
vn -0.367728 0.928783 -0.0462481
vn -0.367728 0.928783 -0.0462481
vn -0.455489 0.88799 -0.0632741
vn -0.39374 0.864155 -0.313376
vn -0.418675 0.877959 0.232164
vn -0.500363 0.829361 0.24859
vn -0.455489 0.88799 -0.0632741
vn -0.455489 0.88799 -0.0632741
vn -0.367728 0.928783 -0.0462481
vn -0.418675 0.877959 0.232164
vn -0.500363 0.829361 0.24859
vn -0.418675 0.877959 0.232164
vn -0.4374 0.74802 0.499146
vn -0.4374 0.74802 0.499146
vn -0.47799 0.697192 0.534275
vn -0.500363 0.829361 0.24859
vn -0.279177 0.682007 -0.675964
vn -0.33138 0.692894 -0.64038
vn -0.308275 0.449965 -0.838152
vn -0.308275 0.449965 -0.838152
vn -0.244303 0.439973 -0.864141
vn -0.279177 0.682007 -0.675964
vn -0.244303 0.439973 -0.864141
vn -0.308275 0.449965 -0.838152
vn -0.305703 0.211656 -0.928303
vn -0.305703 0.211656 -0.928303
vn -0.261459 0.144207 -0.954381
vn -0.244303 0.439973 -0.864141
vn -0.261459 0.144207 -0.954381
vn -0.305703 0.211656 -0.928303
vn -0.359574 0.045915 -0.931986
vn -0.359574 0.045915 -0.931986
vn -0.387741 -0.088092 -0.917549
vn -0.261459 0.144207 -0.954381
vn -0.470619 -0.147131 -0.869983
vn -0.529016 -0.312194 -0.789099
vn -0.387741 -0.088092 -0.917549
vn -0.387741 -0.088092 -0.917549
vn -0.359574 0.045915 -0.931986
vn -0.470619 -0.147131 -0.869983
vn -0.590829 -0.239976 -0.770281
vn -0.601292 -0.449698 -0.660469
vn -0.529016 -0.312194 -0.789099
vn -0.529016 -0.312194 -0.789099
vn -0.470619 -0.147131 -0.869983
vn -0.590829 -0.239976 -0.770281
vn -0.704295 -0.494728 -0.509129
vn -0.748958 -0.430731 -0.503521
vn -0.849485 -0.526977 -0.0259181
vn -0.849485 -0.526977 -0.0259181
vn -0.843475 -0.537168 0.000109873
vn -0.704295 -0.494728 -0.509129
vn -0.843475 -0.537168 0.000109873
vn -0.849485 -0.526977 -0.0259181
vn -0.693986 -0.532603 0.484476
vn -0.693986 -0.532603 0.484476
vn -0.626405 -0.621443 0.470559
vn -0.843475 -0.537168 0.000109873
vn -0.234311 -0.51532 0.824344
vn -0.255817 -0.564011 0.785143
vn -0.421405 -0.612314 0.668947
vn -0.421405 -0.612314 0.668947
vn -0.398031 -0.463725 0.791537
vn -0.234311 -0.51532 0.824344
vn -0.234311 -0.51532 0.824344
vn -0.23558 -0.350136 0.906591
vn -0.151705 -0.397707 0.904884
vn -0.151705 -0.397707 0.904884
vn -0.255817 -0.564011 0.785143
vn -0.234311 -0.51532 0.824344
vn -0.231141 -0.111105 0.966555
vn -0.151705 -0.397707 0.904884
vn -0.23558 -0.350136 0.906591
vn -0.23558 -0.350136 0.906591
vn -0.320127 -0.035655 0.946703
vn -0.231141 -0.111105 0.966555
vn -0.380566 0.333174 0.86265
vn -0.231141 -0.111105 0.966555
vn -0.320127 -0.035655 0.946703
vn -0.320127 -0.035655 0.946703
vn -0.423142 0.415883 0.804979
vn -0.380566 0.333174 0.86265
vn -0.42402 0.740315 0.521672
vn -0.380566 0.333174 0.86265
vn -0.423142 0.415883 0.804979
vn -0.423142 0.415883 0.804979
vn -0.4374 0.74802 0.499146
vn -0.42402 0.740315 0.521672
vn -0.315975 0.915066 0.250628
vn -0.42402 0.740315 0.521672
vn -0.4374 0.74802 0.499146
vn -0.4374 0.74802 0.499146
vn -0.418675 0.877959 0.232164
vn -0.315975 0.915066 0.250628
vn -0.367728 0.928783 -0.0462481
vn -0.224662 0.973335 -0.046328
vn -0.315975 0.915066 0.250628
vn -0.315975 0.915066 0.250628
vn -0.418675 0.877959 0.232164
vn -0.367728 0.928783 -0.0462481
vn -0.341962 0.891712 -0.296499
vn -0.257012 0.915193 -0.310431
vn -0.224662 0.973335 -0.046328
vn -0.224662 0.973335 -0.046328
vn -0.367728 0.928783 -0.0462481
vn -0.341962 0.891712 -0.296499
vn -0.33138 0.692894 -0.64038
vn -0.279177 0.682007 -0.675964
vn -0.257012 0.915193 -0.310431
vn -0.257012 0.915193 -0.310431
vn -0.341962 0.891712 -0.296499
vn -0.33138 0.692894 -0.64038
vn -0.601292 -0.449698 -0.660469
vn -0.590829 -0.239976 -0.770281
vn -0.748958 -0.430731 -0.503521
vn -0.748958 -0.430731 -0.503521
vn -0.704295 -0.494728 -0.509129
vn -0.601292 -0.449698 -0.660469
vn -0.421405 -0.612314 0.668947
vn -0.626405 -0.621443 0.470559
vn -0.693986 -0.532603 0.484476
vn -0.693986 -0.532603 0.484476
vn -0.398031 -0.463725 0.791537
vn -0.421405 -0.612314 0.668947
vn -0.443007 -0.773199 0.453771
vn -0.749366 -0.630799 0.201354
vn -0.739657 -0.638884 0.211507
vn -0.739657 -0.638884 0.211507
vn -0.42697 -0.775907 0.464397
vn -0.443007 -0.773199 0.453771
vn -0.815835 -0.521848 -0.249173
vn -0.808302 -0.524358 -0.267762
vn -0.856085 -0.513396 -0.0595241
vn -0.856085 -0.513396 -0.0595241
vn -0.856617 -0.514025 -0.0445601
vn -0.815835 -0.521848 -0.249173
vn -0.808302 -0.524358 -0.267762
vn -0.815835 -0.521848 -0.249173
vn -0.670517 -0.586953 -0.453754
vn -0.670517 -0.586953 -0.453754
vn -0.631834 -0.608186 -0.480515
vn -0.808302 -0.524358 -0.267762
vn -1.0 -0.000194913 -0.000147151
vn -1.0 -0.000465913 6.1849e-05
vn -1.0 -0.000545913 0.000208849
vn -0.317822 -0.625818 0.712278
vn -0.443007 -0.773199 0.453771
vn -0.42697 -0.775907 0.464397
vn -0.42697 -0.775907 0.464397
vn -0.32222 -0.591395 0.739207
vn -0.317822 -0.625818 0.712278
vn -0.999997 0.00247009 0.000305849
vn -1.0 -0.000194913 -0.000147151
vn -0.999998 -0.000332913 -0.00174315
vn -0.979076 -0.00452791 -0.203447
vn -0.97959 -0.0399519 -0.196997
vn -0.979634 -0.0382169 -0.19712
vn -0.979634 -0.0382169 -0.19712
vn -0.979042 -0.00406491 -0.203617
vn -0.979076 -0.00452791 -0.203447
vn -0.986321 0.00311009 -0.164805
vn -0.979076 -0.00452791 -0.203447
vn -0.979042 -0.00406491 -0.203617
vn -0.979042 -0.00406491 -0.203617
vn -0.986084 0.00328809 -0.166216
vn -0.986321 0.00311009 -0.164805
vn -0.986321 0.00311009 -0.164805
vn -0.986084 0.00328809 -0.166216
vn -0.998526 -0.0107969 -0.0531951
vn -0.998526 -0.0107969 -0.0531951
vn -0.999047 -0.0121849 -0.0419251
vn -0.986321 0.00311009 -0.164805
vn -0.999047 -0.0121849 -0.0419251
vn -0.998526 -0.0107969 -0.0531951
vn -0.983893 -0.0191819 0.177729
vn -0.983893 -0.0191819 0.177729
vn -0.980322 -0.0187389 0.196516
vn -0.999047 -0.0121849 -0.0419251
vn -0.980322 -0.0187389 0.196516
vn -0.983893 -0.0191819 0.177729
vn -0.951243 -0.0797349 0.297958
vn -0.951243 -0.0797349 0.297958
vn -0.953277 -0.0872969 0.289211
vn -0.980322 -0.0187389 0.196516
vn -0.953277 -0.0872969 0.289211
vn -0.951243 -0.0797349 0.297958
vn -0.967148 -0.151396 0.204214
vn -0.967148 -0.151396 0.204214
vn -0.967093 -0.148495 0.206592
vn -0.953277 -0.0872969 0.289211
vn -0.96839 -0.122037 0.217551
vn -0.968579 -0.121218 0.217165
vn -0.967093 -0.148495 0.206592
vn -0.967093 -0.148495 0.206592
vn -0.967148 -0.151396 0.204214
vn -0.96839 -0.122037 0.217551
vn -0.973563 -0.0669209 0.218394
vn -0.973698 -0.0640139 0.218667
vn -0.968579 -0.121218 0.217165
vn -0.968579 -0.121218 0.217165
vn -0.96839 -0.122037 0.217551
vn -0.973563 -0.0669209 0.218394
vn -0.97575 0.0468991 0.213805
vn -0.975373 0.0699891 0.209163
vn -0.973698 -0.0640139 0.218667
vn -0.973698 -0.0640139 0.218667
vn -0.973563 -0.0669209 0.218394
vn -0.97575 0.0468991 0.213805
vn -0.964123 0.19326 0.181984
vn -0.959653 0.219633 0.175576
vn -0.975373 0.0699891 0.209163
vn -0.975373 0.0699891 0.209163
vn -0.97575 0.0468991 0.213805
vn -0.964123 0.19326 0.181984
vn -0.943175 0.314187 0.108206
vn -0.937081 0.339514 0.0812969
vn -0.959653 0.219633 0.175576
vn -0.959653 0.219633 0.175576
vn -0.964123 0.19326 0.181984
vn -0.943175 0.314187 0.108206
vn -0.917351 0.39707 -0.0283141
vn -0.917364 0.397109 -0.0273361
vn -0.937081 0.339514 0.0812969
vn -0.937081 0.339514 0.0812969
vn -0.943175 0.314187 0.108206
vn -0.917351 0.39707 -0.0283141
vn -0.926885 0.352014 -0.13027
vn -0.917364 0.397109 -0.0273361
vn -0.917351 0.39707 -0.0283141
vn -0.917351 0.39707 -0.0283141
vn -0.929908 0.336472 -0.148521
vn -0.926885 0.352014 -0.13027
vn -0.929908 0.336472 -0.148521
vn -0.949243 0.195232 -0.246623
vn -0.94626 0.227149 -0.230208
vn -0.94626 0.227149 -0.230208
vn -0.926885 0.352014 -0.13027
vn -0.929908 0.336472 -0.148521
vn -0.954624 0.108029 -0.27753
vn -0.94626 0.227149 -0.230208
vn -0.949243 0.195232 -0.246623
vn -0.949243 0.195232 -0.246623
vn -0.956293 0.0875141 -0.279006
vn -0.954624 0.108029 -0.27753
vn -0.963839 0.0170441 -0.26594
vn -0.954624 0.108029 -0.27753
vn -0.956293 0.0875141 -0.279006
vn -0.956293 0.0875141 -0.279006
vn -0.965305 0.00628808 -0.26105
vn -0.963839 0.0170441 -0.26594
vn -0.973328 -0.0341869 -0.226857
vn -0.963839 0.0170441 -0.26594
vn -0.965305 0.00628808 -0.26105
vn -0.965305 0.00628808 -0.26105
vn -0.974649 -0.0396189 -0.220203
vn -0.973328 -0.0341869 -0.226857
vn -0.974649 -0.0396189 -0.220203
vn -0.979634 -0.0382169 -0.19712
vn -0.97959 -0.0399519 -0.196997
vn -0.97959 -0.0399519 -0.196997
vn -0.973328 -0.0341869 -0.226857
vn -0.974649 -0.0396189 -0.220203
vn -1.0 -0.000194913 -0.000147151
vn -1.0 -0.000545913 0.000208849
vn -0.999999 -0.000564913 -0.00127715
vn -0.999998 -0.000332913 -0.00174315
vn -1.0 -0.000194913 -0.000147151
vn -0.999998 -0.000303913 -0.00195415
vn -1.0 -0.000194913 -0.000147151
vn -1.0 -0.000455913 6.2849e-05
vn -1.0 -0.000481913 1.4849e-05
vn -1.0 -0.000194913 -0.000147151
vn -1.0 -0.000501913 8.849e-06
vn -1.0 -0.000390913 -4.1151e-05
vn 0.00179087 0.187611 0.982242
vn -0.0137901 0.281756 0.959387
vn 0.0 0.29032 0.95693
vn 0.0 0.29032 0.95693
vn -1.30766e-07 0.197411 0.980321
vn 0.00179087 0.187611 0.982242
vn -0.20177 0.193681 0.960092
vn -0.190829 0.299411 0.934846
vn -0.0137901 0.281756 0.959387
vn -0.0137901 0.281756 0.959387
vn 0.00179087 0.187611 0.982242
vn -0.20177 0.193681 0.960092
vn -0.368614 0.224554 0.902053
vn -0.36789 0.356974 0.858619
vn -0.190829 0.299411 0.934846
vn -0.190829 0.299411 0.934846
vn -0.20177 0.193681 0.960092
vn -0.368614 0.224554 0.902053
vn -0.36789 0.356974 0.858619
vn -0.368614 0.224554 0.902053
vn -0.589318 0.235549 0.772801
vn -0.589318 0.235549 0.772801
vn -0.600556 0.401677 0.691367
vn -0.36789 0.356974 0.858619
vn -0.600556 0.401677 0.691367
vn -0.589318 0.235549 0.772801
vn -0.834005 0.219904 0.506041
vn -0.834005 0.219904 0.506041
vn -0.791132 0.421677 0.443055
vn -0.600556 0.401677 0.691367
vn -0.968721 0.246231 -0.0308251
vn -0.89147 0.45303 -0.00668613
vn -0.791132 0.421677 0.443055
vn -0.791132 0.421677 0.443055
vn -0.834005 0.219904 0.506041
vn -0.968721 0.246231 -0.0308251
vn -0.968721 0.246231 -0.0308251
vn -0.853042 0.222427 -0.472065
vn -0.805259 0.410478 -0.427862
vn -0.805259 0.410478 -0.427862
vn -0.89147 0.45303 -0.00668613
vn -0.968721 0.246231 -0.0308251
vn -0.691576 0.351487 -0.631014
vn -0.805259 0.410478 -0.427862
vn -0.853042 0.222427 -0.472065
vn -0.853042 0.222427 -0.472065
vn -0.706744 0.172919 -0.686011
vn -0.691576 0.351487 -0.631014
vn -0.46914 0.269218 -0.841088
vn -0.691576 0.351487 -0.631014
vn -0.706744 0.172919 -0.686011
vn -0.706744 0.172919 -0.686011
vn -0.470417 0.131393 -0.872608
vn -0.46914 0.269218 -0.841088
vn -0.470417 0.131393 -0.872608
vn -0.261231 0.115629 -0.958326
vn -0.264283 0.232584 -0.93598
vn -0.264283 0.232584 -0.93598
vn -0.46914 0.269218 -0.841088
vn -0.470417 0.131393 -0.872608
vn 1.66501e-07 0.219473 -0.975619
vn -0.264283 0.232584 -0.93598
vn -0.261231 0.115629 -0.958326
vn -0.261231 0.115629 -0.958326
vn 1.59955e-07 0.11368 -0.993517
vn 1.66501e-07 0.219473 -0.975619
vn 0.916633 -0.177393 -0.358212
vn 0.816258 0.513746 -0.264174
vn 0.865245 0.418892 -0.275465
vn 0.865245 0.418892 -0.275465
vn 0.901573 -0.223508 -0.370418
vn 0.916633 -0.177393 -0.358212
vn 0.816258 0.513746 -0.264174
vn 0.250132 0.937925 -0.240274
vn 0.36478 0.90144 -0.233111
vn 0.36478 0.90144 -0.233111
vn 0.865245 0.418892 -0.275465
vn 0.816258 0.513746 -0.264174
vn 0.250132 0.937925 -0.240274
vn -0.257704 0.913601 -0.314519
vn -0.261468 0.92094 -0.288971
vn -0.261468 0.92094 -0.288971
vn 0.36478 0.90144 -0.233111
vn 0.250132 0.937925 -0.240274
vn -0.257704 0.913601 -0.314519
vn -0.362454 0.844562 -0.394135
vn -0.344201 0.852951 -0.392428
vn -0.344201 0.852951 -0.392428
vn -0.261468 0.92094 -0.288971
vn -0.257704 0.913601 -0.314519
vn -0.641704 0.611358 -0.463095
vn -0.792605 0.333197 -0.510643
vn -0.791555 0.337275 -0.509594
vn -0.791555 0.337275 -0.509594
vn -0.612863 0.645613 -0.455613
vn -0.641704 0.611358 -0.463095
vn -0.791555 0.337275 -0.509594
vn -0.792605 0.333197 -0.510643
vn -0.791627 -0.0644899 -0.607592
vn -0.791627 -0.0644899 -0.607592
vn -0.785687 -0.0919669 -0.61175
vn -0.791555 0.337275 -0.509594
vn -0.785687 -0.0919669 -0.61175
vn -0.791627 -0.0644899 -0.607592
vn -0.43089 -0.619818 -0.655866
vn -0.43089 -0.619818 -0.655866
vn -0.402905 -0.638971 -0.655274
vn -0.785687 -0.0919669 -0.61175
vn -0.402905 -0.638971 -0.655274
vn -0.43089 -0.619818 -0.655866
vn -0.081524 -0.776952 -0.624259
vn -0.081524 -0.776952 -0.624259
vn -0.045664 -0.784224 -0.618795
vn -0.402905 -0.638971 -0.655274
vn -0.045664 -0.784224 -0.618795
vn -0.081524 -0.776952 -0.624259
vn 0.227169 -0.774878 -0.58988
vn 0.227169 -0.774878 -0.58988
vn 0.315287 -0.74914 -0.582567
vn -0.045664 -0.784224 -0.618795
vn 0.745835 -0.479654 -0.462236
vn 0.916633 -0.177393 -0.358212
vn 0.901573 -0.223508 -0.370418
vn 0.901573 -0.223508 -0.370418
vn 0.747965 -0.47743 -0.461096
vn 0.745835 -0.479654 -0.462236
vn -0.409214 -0.173122 0.895864
vn -0.281268 -0.098551 0.954556
vn -0.440351 0.037775 0.897031
vn -0.238088 -0.359721 0.902172
vn -0.281268 -0.098551 0.954556
vn -0.409214 -0.173122 0.895864
vn -0.0302812 -0.48847 0.872055
vn -0.281268 -0.098551 0.954556
vn -0.238088 -0.359721 0.902172
vn -0.0920862 -0.406926 0.908808
vn -0.281268 -0.098551 0.954556
vn -0.0302812 -0.48847 0.872055
vn -0.281268 -0.098551 0.954556
vn -0.0920862 -0.406926 0.908808
vn -0.00834717 -0.355501 0.934639
vn -0.00834717 -0.355501 0.934639
vn 0.0113308 -0.25633 0.966523
vn -0.281268 -0.098551 0.954556
vn 0.0578538 -0.115022 0.991677
vn -0.281268 -0.098551 0.954556
vn 0.0113308 -0.25633 0.966523
vn -0.142525 0.061637 0.98787
vn -0.281268 -0.098551 0.954556
vn 0.0578538 -0.115022 0.991677
vn -0.245818 0.130494 0.960492
vn -0.281268 -0.098551 0.954556
vn -0.142525 0.061637 0.98787
vn -0.362749 0.078103 0.928608
vn -0.281268 -0.098551 0.954556
vn -0.245818 0.130494 0.960492
vn -0.440351 0.037775 0.897031
vn -0.281268 -0.098551 0.954556
vn -0.362749 0.078103 0.928608
vn -0.362749 0.078103 0.928608
vn -0.451209 0.090088 0.88786
vn -0.440351 0.037775 0.897031
vn 0.492127 -0.077507 -0.867066
vn 0.322829 0.050311 -0.945119
vn 0.397024 0.177693 -0.900443
vn 0.397024 0.177693 -0.900443
vn 0.322829 0.050311 -0.945119
vn 0.264683 0.293592 -0.918557
vn 0.264683 0.293592 -0.918557
vn 0.322829 0.050311 -0.945119
vn 0.112578 0.329402 -0.937454
vn 0.112578 0.329402 -0.937454
vn 0.322829 0.050311 -0.945119
vn 0.115862 0.331646 -0.936262
vn 0.322829 0.050311 -0.945119
vn 0.0991532 0.300264 -0.948689
vn 0.115862 0.331646 -0.936262
vn 0.0811462 0.257522 -0.962859
vn 0.322829 0.050311 -0.945119
vn 0.106702 0.129795 -0.985783
vn 0.106702 0.129795 -0.985783
vn 0.322829 0.050311 -0.945119
vn 0.179191 -0.077258 -0.980776
vn 0.179191 -0.077258 -0.980776
vn 0.322829 0.050311 -0.945119
vn 0.244667 -0.178686 -0.953
vn 0.244667 -0.178686 -0.953
vn 0.322829 0.050311 -0.945119
vn 0.426567 -0.146153 -0.892569
vn 0.322829 0.050311 -0.945119
vn 0.513747 -0.157236 -0.84341
vn 0.426567 -0.146153 -0.892569
vn 0.745835 -0.479654 -0.462236
vn 0.747965 -0.47743 -0.461096
vn 0.315287 -0.74914 -0.582567
vn 0.315287 -0.74914 -0.582567
vn 0.227169 -0.774878 -0.58988
vn 0.745835 -0.479654 -0.462236
vn 0.322829 0.050311 -0.945119
vn 0.492127 -0.077507 -0.867066
vn 0.513747 -0.157236 -0.84341
vn -0.362454 0.844562 -0.394135
vn -0.641704 0.611358 -0.463095
vn -0.612863 0.645613 -0.455613
vn -0.612863 0.645613 -0.455613
vn -0.344201 0.852951 -0.392428
vn -0.362454 0.844562 -0.394135
vn 0.322829 0.050311 -0.945119
vn 0.0811462 0.257522 -0.962859
vn 0.0991532 0.300264 -0.948689
vn -0.409214 -0.173122 0.895864
vn -0.440351 0.037775 0.897031
vn -0.637231 0.134622 0.758824
vn -0.637231 0.134622 0.758824
vn -0.598138 -0.257954 0.758743
vn -0.409214 -0.173122 0.895864
vn -0.346514 -0.582708 0.735105
vn -0.238088 -0.359721 0.902172
vn -0.409214 -0.173122 0.895864
vn -0.409214 -0.173122 0.895864
vn -0.598138 -0.257954 0.758743
vn -0.346514 -0.582708 0.735105
vn 0.0950028 -0.748454 0.656347
vn -0.0302812 -0.48847 0.872055
vn -0.238088 -0.359721 0.902172
vn -0.238088 -0.359721 0.902172
vn -0.346514 -0.582708 0.735105
vn 0.0950028 -0.748454 0.656347
vn 0.145782 -0.71364 0.685175
vn -0.0920862 -0.406926 0.908808
vn -0.0302812 -0.48847 0.872055
vn -0.0302812 -0.48847 0.872055
vn 0.0950028 -0.748454 0.656347
vn 0.145782 -0.71364 0.685175
vn 0.451239 -0.319261 0.83334
vn 0.0113308 -0.25633 0.966523
vn -0.00834717 -0.355501 0.934639
vn -0.00834717 -0.355501 0.934639
vn 0.364184 -0.558573 0.745229
vn 0.451239 -0.319261 0.83334
vn 0.364184 -0.558573 0.745229
vn -0.00834717 -0.355501 0.934639
vn -0.0920862 -0.406926 0.908808
vn -0.0920862 -0.406926 0.908808
vn 0.145782 -0.71364 0.685175
vn 0.364184 -0.558573 0.745229
vn 0.0578538 -0.115022 0.991677
vn 0.0113308 -0.25633 0.966523
vn 0.451239 -0.319261 0.83334
vn 0.451239 -0.319261 0.83334
vn 0.383708 -0.00237103 0.923451
vn 0.0578538 -0.115022 0.991677
vn -0.142525 0.061637 0.98787
vn 0.0578538 -0.115022 0.991677
vn 0.383708 -0.00237103 0.923451
vn 0.383708 -0.00237103 0.923451
vn 0.105775 0.33846 0.935017
vn -0.142525 0.061637 0.98787
vn -0.245818 0.130494 0.960492
vn -0.142525 0.061637 0.98787
vn 0.105775 0.33846 0.935017
vn 0.105775 0.33846 0.935017
vn -0.134926 0.459155 0.87805
vn -0.245818 0.130494 0.960492
vn -0.362749 0.078103 0.928608
vn -0.245818 0.130494 0.960492
vn -0.134926 0.459155 0.87805
vn -0.134926 0.459155 0.87805
vn -0.441806 0.360205 0.82162
vn -0.362749 0.078103 0.928608
vn -0.637231 0.134622 0.758824
vn -0.440351 0.037775 0.897031
vn -0.451209 0.090088 0.88786
vn -0.451209 0.090088 0.88786
vn -0.600747 0.260766 0.755714
vn -0.637231 0.134622 0.758824
vn -0.451209 0.090088 0.88786
vn -0.362749 0.078103 0.928608
vn -0.441806 0.360205 0.82162
vn -0.441806 0.360205 0.82162
vn -0.600747 0.260766 0.755714
vn -0.451209 0.090088 0.88786
vn 0.573357 -0.107727 -0.812192
vn 0.573203 -0.108472 -0.812202
vn 0.5145 0.251928 -0.819648
vn 0.5145 0.251928 -0.819648
vn 0.529581 0.216359 -0.820203
vn 0.573357 -0.107727 -0.812192
vn 0.5145 0.251928 -0.819648
vn 0.19456 0.599444 -0.776411
vn 0.31118 0.522747 -0.793664
vn 0.31118 0.522747 -0.793664
vn 0.529581 0.216359 -0.820203
vn 0.5145 0.251928 -0.819648
vn 0.19456 0.599444 -0.776411
vn -0.186923 0.77971 -0.597589
vn -0.179442 0.769536 -0.612874
vn -0.179442 0.769536 -0.612874
vn 0.31118 0.522747 -0.793664
vn 0.19456 0.599444 -0.776411
vn -0.186923 0.77971 -0.597589
vn -0.208788 0.749196 -0.62858
vn -0.20584 0.764442 -0.610949
vn -0.20584 0.764442 -0.610949
vn -0.179442 0.769536 -0.612874
vn -0.186923 0.77971 -0.597589
vn -0.208788 0.749196 -0.62858
vn -0.288697 0.559196 -0.777144
vn -0.286308 0.564935 -0.773871
vn -0.286308 0.564935 -0.773871
vn -0.20584 0.764442 -0.610949
vn -0.208788 0.749196 -0.62858
vn -0.35752 0.331102 -0.873242
vn -0.3567 0.343137 -0.86892
vn -0.274982 0.095173 -0.956727
vn -0.274982 0.095173 -0.956727
vn -0.239981 0.021045 -0.970549
vn -0.35752 0.331102 -0.873242
vn -0.239981 0.021045 -0.970549
vn -0.274982 0.095173 -0.956727
vn 0.00797712 -0.287114 -0.957863
vn 0.00797712 -0.287114 -0.957863
vn 0.0143111 -0.292213 -0.956246
vn -0.239981 0.021045 -0.970549
vn 0.0143111 -0.292213 -0.956246
vn 0.00797712 -0.287114 -0.957863
vn 0.165143 -0.366517 -0.915638
vn 0.165143 -0.366517 -0.915638
vn 0.183406 -0.368829 -0.911223
vn 0.0143111 -0.292213 -0.956246
vn 0.183406 -0.368829 -0.911223
vn 0.165143 -0.366517 -0.915638
vn 0.341259 -0.322365 -0.882963
vn 0.341259 -0.322365 -0.882963
vn 0.447586 -0.264091 -0.854355
vn 0.183406 -0.368829 -0.911223
vn 0.447586 -0.264091 -0.854355
vn 0.341259 -0.322365 -0.882963
vn 0.56055 -0.205164 -0.802304
vn 0.56055 -0.205164 -0.802304
vn 0.55714 -0.209013 -0.803684
vn 0.447586 -0.264091 -0.854355
vn 0.56055 -0.205164 -0.802304
vn 0.573203 -0.108472 -0.812202
vn 0.573357 -0.107727 -0.812192
vn 0.573357 -0.107727 -0.812192
vn 0.55714 -0.209013 -0.803684
vn 0.56055 -0.205164 -0.802304
vn -0.288697 0.559196 -0.777144
vn -0.3567 0.343137 -0.86892
vn -0.35752 0.331102 -0.873242
vn -0.35752 0.331102 -0.873242
vn -0.286308 0.564935 -0.773871
vn -0.288697 0.559196 -0.777144
vn 0.115051 -0.271141 0.955639
vn 0.271934 0.132823 0.953105
vn 0.213873 -0.053212 0.975411
vn 0.213873 -0.053212 0.975411
vn 0.0590838 -0.360341 0.930948
vn 0.115051 -0.271141 0.955639
vn 0.378105 0.898014 0.22496
vn 0.359331 0.484632 0.797505
vn 0.38865 0.681461 0.620131
vn 0.38865 0.681461 0.620131
vn 0.372133 0.913643 0.163628
vn 0.378105 0.898014 0.22496
vn -0.64181 0.212618 0.7368
vn -0.425498 0.110463 0.898192
vn -0.520805 0.130622 0.843623
vn -0.520805 0.130622 0.843623
vn -0.425498 0.110463 0.898192
vn -0.218656 0.068317 0.973408
vn -0.218656 0.068317 0.973408
vn -0.425498 0.110463 0.898192
vn -0.303523 0.076265 0.949767
vn -0.64181 0.212618 0.7368
vn -0.520805 0.130622 0.843623
vn -0.757117 0.23657 0.60894
vn -0.757117 0.23657 0.60894
vn -0.757117 0.23657 0.60894
vn -0.64181 0.212618 0.7368
vn -0.959365 0.0157941 -0.281724
vn -0.959365 0.0157941 -0.281724
vn -0.959365 0.0157941 -0.281724
vn -0.679102 -0.100033 -0.727196
vn -0.705714 -0.0921409 -0.70248
vn -0.705714 -0.0921409 -0.70248
vn -0.705714 -0.0921409 -0.70248
vn -0.594449 -0.0845329 -0.799678
vn -0.679102 -0.100033 -0.727196
vn 0.0202898 -0.37475 0.926904
vn 0.115051 -0.271141 0.955639
vn 0.0590838 -0.360341 0.930948
vn 0.0590838 -0.360341 0.930948
vn -0.0297712 -0.282279 0.95887
vn 0.0202898 -0.37475 0.926904
vn -0.124787 -0.084152 0.988608
vn 0.0202898 -0.37475 0.926904
vn -0.0297712 -0.282279 0.95887
vn -0.0297712 -0.282279 0.95887
vn -0.169565 0.026788 0.985155
vn -0.124787 -0.084152 0.988608
vn -0.958496 0.0138591 0.284768
vn -0.958496 0.0138591 0.284768
vn -0.958496 0.0138591 0.284768
vn 0.320562 -0.056853 -0.94552
vn 0.312959 -0.116758 -0.942563
vn 0.333376 0.012559 -0.94271
vn 0.333376 0.012559 -0.94271
vn 0.35426 0.119605 -0.927467
vn 0.320562 -0.056853 -0.94552
vn 0.271934 0.132823 0.953105
vn 0.38865 0.681461 0.620131
vn 0.359331 0.484632 0.797505
vn 0.359331 0.484632 0.797505
vn 0.213873 -0.053212 0.975411
vn 0.271934 0.132823 0.953105
vn 0.396475 0.279839 -0.874356
vn 0.4353 0.376466 -0.817794
vn 0.35426 0.119605 -0.927467
vn 0.35426 0.119605 -0.927467
vn 0.333376 0.012559 -0.94271
vn 0.396475 0.279839 -0.874356
vn 0.412094 0.755775 -0.508903
vn 0.445594 0.591383 -0.672096
vn 0.351765 0.897413 -0.26629
vn 0.351765 0.897413 -0.26629
vn 0.34373 0.912559 -0.221553
vn 0.412094 0.755775 -0.508903
vn 0.347971 0.937026 -0.0299649
vn 0.378105 0.898014 0.22496
vn 0.372133 0.913643 0.163628
vn 0.372133 0.913643 0.163628
vn 0.348345 0.936967 -0.0273469
vn 0.347971 0.937026 -0.0299649
vn 0.347971 0.937026 -0.0299649
vn 0.348345 0.936967 -0.0273469
vn 0.34373 0.912559 -0.221553
vn 0.34373 0.912559 -0.221553
vn 0.351765 0.897413 -0.26629
vn 0.347971 0.937026 -0.0299649
vn 0.445594 0.591383 -0.672096
vn 0.412094 0.755775 -0.508903
vn 0.4353 0.376466 -0.817794
vn 0.4353 0.376466 -0.817794
vn 0.396475 0.279839 -0.874356
vn 0.445594 0.591383 -0.672096
vn 0.0469531 -0.151954 -0.987272
vn 0.206329 -0.168448 -0.963874
vn 0.214454 -0.168605 -0.962072
vn 0.214454 -0.168605 -0.962072
vn -0.17125 -0.078178 -0.982121
vn 0.0469531 -0.151954 -0.987272
vn -0.17125 -0.078178 -0.982121
vn -0.358911 -0.00840097 -0.933334
vn 0.0469531 -0.151954 -0.987272
vn -0.169565 0.026788 0.985155
vn -0.218656 0.068317 0.973408
vn -0.303523 0.076265 0.949767
vn -0.303523 0.076265 0.949767
vn -0.124787 -0.084152 0.988608
vn -0.169565 0.026788 0.985155
vn -0.679102 -0.100033 -0.727196
vn -0.594449 -0.0845329 -0.799678
vn -0.642807 -0.0611819 -0.763581
vn -0.594449 -0.0845329 -0.799678
vn -0.358911 -0.00840097 -0.933334
vn -0.642807 -0.0611819 -0.763581
vn -0.642807 -0.0611819 -0.763581
vn -0.358911 -0.00840097 -0.933334
vn -0.646365 0.0339101 -0.762275
vn -0.646365 0.0339101 -0.762275
vn -0.358911 -0.00840097 -0.933334
vn -0.17125 -0.078178 -0.982121
vn -0.742955 0.636529 0.207
vn -0.732646 0.672554 0.104403
vn -0.732373 0.672152 0.108822
vn -0.732373 0.672152 0.108822
vn -0.742692 0.636874 0.206882
vn -0.742955 0.636529 0.207
vn 0.729105 -0.674976 -0.113196
vn 0.735817 -0.644148 -0.208916
vn 0.7345 -0.645876 -0.208215
vn 0.7345 -0.645876 -0.208215
vn 0.729656 -0.675132 -0.108622
vn 0.729105 -0.674976 -0.113196
vn 0.811172 -0.584535 0.0178281
vn 0.909603 -0.413154 0.0438861
vn 0.909216 -0.413994 0.0439891
vn 0.909216 -0.413994 0.0439891
vn 0.807395 -0.589781 0.0164681
vn 0.811172 -0.584535 0.0178281
vn -0.796408 0.604156 -0.0270331
vn -0.800261 0.598942 -0.0291711
vn -0.910958 0.40914 -0.0525431
vn -0.910958 0.40914 -0.0525431
vn -0.909774 0.411628 -0.0536001
vn -0.796408 0.604156 -0.0270331
vn -0.573251 0.773407 -0.270603
vn -0.650301 0.7331 -0.19918
vn -0.649799 0.73326 -0.200228
vn -0.649799 0.73326 -0.200228
vn -0.560555 0.779635 -0.279189
vn -0.573251 0.773407 -0.270603
vn 0.714049 -0.694919 0.0849781
vn 0.71394 -0.694981 0.0853871
vn 0.355866 -0.924517 0.136483
vn 0.355866 -0.924517 0.136483
vn 0.430777 -0.890262 0.147866
vn 0.714049 -0.694919 0.0849781
vn 0.430777 -0.890262 0.147866
vn 0.355866 -0.924517 0.136483
vn -0.00537809 -0.999914 0.011971
vn -0.00537809 -0.999914 0.011971
vn -0.00122109 -0.999882 0.0153
vn 0.430777 -0.890262 0.147866
vn -0.428774 0.849026 -0.30872
vn -0.573251 0.773407 -0.270603
vn -0.560555 0.779635 -0.279189
vn -0.560555 0.779635 -0.279189
vn -0.435717 0.845021 -0.309984
vn -0.428774 0.849026 -0.30872
vn -0.00122109 -0.999882 0.0153
vn -0.00537809 -0.999914 0.011971
vn -0.0713871 -0.996598 -0.041196
vn -0.0713871 -0.996598 -0.041196
vn -0.0695571 -0.996786 -0.039746
vn -0.00122109 -0.999882 0.0153
vn -0.329508 0.867842 0.371854
vn -0.332164 0.866172 0.373382
vn -0.434567 -0.046094 0.899459
vn -0.434567 -0.046094 0.899459
vn -0.434539 -0.049389 0.899298
vn -0.329508 0.867842 0.371854
vn -0.434567 -0.046094 0.899459
vn -0.100031 -0.991576 0.08228
vn -0.102838 -0.991055 0.085057
vn -0.102838 -0.991055 0.085057
vn -0.434539 -0.049389 0.899298
vn -0.434567 -0.046094 0.899459
vn -0.507731 0.784697 0.355612
vn -0.514581 0.781638 0.352488
vn -0.332164 0.866172 0.373382
vn -0.332164 0.866172 0.373382
vn -0.329508 0.867842 0.371854
vn -0.507731 0.784697 0.355612
vn -0.100031 -0.991576 0.08228
vn -0.148998 -0.98308 0.106554
vn -0.149335 -0.983043 0.106423
vn -0.149335 -0.983043 0.106423
vn -0.102838 -0.991055 0.085057
vn -0.100031 -0.991576 0.08228
vn -0.746812 0.642393 0.172054
vn -0.742955 0.636529 0.207
vn -0.742692 0.636874 0.206882
vn -0.742692 0.636874 0.206882
vn -0.746881 0.642211 0.172432
vn -0.746812 0.642393 0.172054
vn 0.7345 -0.645876 -0.208215
vn 0.735817 -0.644148 -0.208916
vn 0.738861 -0.655279 -0.15714
vn 0.738861 -0.655279 -0.15714
vn 0.739718 -0.652774 -0.163414
vn 0.7345 -0.645876 -0.208215
vn -0.712762 0.701392 0.00458589
vn -0.746812 0.642393 0.172054
vn -0.746881 0.642211 0.172432
vn -0.746881 0.642211 0.172432
vn -0.711578 0.702604 -0.00177011
vn -0.712762 0.701392 0.00458589
vn 0.739718 -0.652774 -0.163414
vn 0.738861 -0.655279 -0.15714
vn 0.718679 -0.693908 0.0446291
vn 0.718679 -0.693908 0.0446291
vn 0.718603 -0.693886 0.0461811
vn 0.739718 -0.652774 -0.163414
vn -0.437868 -0.042332 -0.898042
vn -0.428774 0.849026 -0.30872
vn -0.435717 0.845021 -0.309984
vn -0.435717 0.845021 -0.309984
vn -0.437847 -0.045528 -0.897896
vn -0.437868 -0.042332 -0.898042
vn -0.0695571 -0.996786 -0.039746
vn -0.0713871 -0.996598 -0.041196
vn -0.437868 -0.042332 -0.898042
vn -0.437868 -0.042332 -0.898042
vn -0.437847 -0.045528 -0.897896
vn -0.0695571 -0.996786 -0.039746
vn 0.692809 -0.695162 0.191744
vn 0.691267 -0.704576 0.160381
vn 0.691246 -0.704807 0.159457
vn 0.691246 -0.704807 0.159457
vn 0.69276 -0.695209 0.191751
vn 0.692809 -0.695162 0.191744
vn -0.690631 0.705055 -0.161017
vn -0.689061 0.699167 -0.190683
vn -0.689046 0.699183 -0.190682
vn -0.689046 0.699183 -0.190682
vn -0.69035 0.70496 -0.16263
vn -0.690631 0.705055 -0.161017
vn -0.732646 0.672554 0.104403
vn -0.800261 0.598942 -0.0291711
vn -0.796408 0.604156 -0.0270331
vn -0.796408 0.604156 -0.0270331
vn -0.732373 0.672152 0.108822
vn -0.732646 0.672554 0.104403
vn 0.807395 -0.589781 0.0164681
vn 0.729105 -0.674976 -0.113196
vn 0.729656 -0.675132 -0.108622
vn 0.729656 -0.675132 -0.108622
vn 0.811172 -0.584535 0.0178281
vn 0.807395 -0.589781 0.0164681
vn 0.691246 -0.704807 0.159457
vn 0.691267 -0.704576 0.160381
vn 0.719333 -0.692587 0.0536881
vn 0.719333 -0.692587 0.0536881
vn 0.721698 -0.690448 0.0493341
vn 0.691246 -0.704807 0.159457
vn -0.726692 0.685636 -0.0426831
vn -0.690631 0.705055 -0.161017
vn -0.69035 0.70496 -0.16263
vn -0.69035 0.70496 -0.16263
vn -0.724563 0.687517 -0.0482541
vn -0.726692 0.685636 -0.0426831
vn 0.814233 -0.578678 -0.0464399
vn 0.814483 -0.578314 -0.0465869
vn 0.907368 -0.416 -0.0602289
vn 0.907368 -0.416 -0.0602289
vn 0.907228 -0.416286 -0.0603569
vn 0.814233 -0.578678 -0.0464399
vn -0.908714 0.410885 0.0735699
vn -0.816313 0.576111 0.0415759
vn -0.815752 0.57692 0.0413729
vn -0.815752 0.57692 0.0413729
vn -0.908334 0.411739 0.0734839
vn -0.908714 0.410885 0.0735699
vn 0.909603 -0.413154 0.0438861
vn 0.932422 -0.361339 0.00480614
vn 0.932473 -0.36122 0.00379614
vn 0.932473 -0.36122 0.00379614
vn 0.909216 -0.413994 0.0439891
vn 0.909603 -0.413154 0.0438861
vn -0.910958 0.40914 -0.0525431
vn -0.931105 0.364374 0.0165749
vn -0.93109 0.364349 0.0179369
vn -0.93109 0.364349 0.0179369
vn -0.909774 0.411628 -0.0536001
vn -0.910958 0.40914 -0.0525431
vn 0.907228 -0.416286 -0.0603569
vn 0.907368 -0.416 -0.0602289
vn 0.932473 -0.36122 0.00379614
vn 0.932473 -0.36122 0.00379614
vn 0.932422 -0.361339 0.00480614
vn 0.907228 -0.416286 -0.0603569
vn -0.93109 0.364349 0.0179369
vn -0.931105 0.364374 0.0165749
vn -0.908714 0.410885 0.0735699
vn -0.908714 0.410885 0.0735699
vn -0.908334 0.411739 0.0734839
vn -0.93109 0.364349 0.0179369
vn 0.719333 -0.692587 0.0536881
vn 0.814483 -0.578314 -0.0465869
vn 0.814233 -0.578678 -0.0464399
vn 0.814233 -0.578678 -0.0464399
vn 0.721698 -0.690448 0.0493341
vn 0.719333 -0.692587 0.0536881
vn -0.815752 0.57692 0.0413729
vn -0.816313 0.576111 0.0415759
vn -0.726692 0.685636 -0.0426831
vn -0.726692 0.685636 -0.0426831
vn -0.724563 0.687517 -0.0482541
vn -0.815752 0.57692 0.0413729
vn 0.73624 -0.673131 -0.0696099
vn 0.737993 -0.669636 -0.0833919
vn 0.706963 -0.698069 0.113593
vn 0.706963 -0.698069 0.113593
vn 0.706325 -0.697937 0.118271
vn 0.73624 -0.673131 -0.0696099
vn -0.7156 0.683367 -0.144657
vn -0.714481 0.68375 -0.148333
vn -0.713742 0.700042 0.0226629
vn -0.713742 0.700042 0.0226629
vn -0.71269 0.700836 0.0300329
vn -0.7156 0.683367 -0.144657
vn -0.71269 0.700836 0.0300329
vn -0.713742 0.700042 0.0226629
vn -0.67322 0.72028 0.167246
vn -0.67322 0.72028 0.167246
vn -0.667613 0.722067 0.181417
vn -0.71269 0.700836 0.0300329
vn 0.718679 -0.693908 0.0446291
vn 0.71394 -0.694981 0.0853871
vn 0.714049 -0.694919 0.0849781
vn 0.714049 -0.694919 0.0849781
vn 0.718603 -0.693886 0.0461811
vn 0.718679 -0.693908 0.0446291
vn -0.649799 0.73326 -0.200228
vn -0.650301 0.7331 -0.19918
vn -0.712762 0.701392 0.00458589
vn -0.712762 0.701392 0.00458589
vn -0.711578 0.702604 -0.00177011
vn -0.649799 0.73326 -0.200228
vn 0.402754 -0.894238 -0.195261
vn 0.719636 -0.661449 -0.211209
vn 0.712625 -0.6661 -0.220174
vn 0.712625 -0.6661 -0.220174
vn 0.32803 -0.931338 -0.15813
vn 0.402754 -0.894238 -0.195261
vn -0.667613 0.722067 0.181417
vn -0.67322 0.72028 0.167246
vn -0.514581 0.781638 0.352488
vn -0.514581 0.781638 0.352488
vn -0.507731 0.784697 0.355612
vn -0.667613 0.722067 0.181417
vn -0.148998 -0.98308 0.106554
vn 0.402754 -0.894238 -0.195261
vn 0.32803 -0.931338 -0.15813
vn 0.32803 -0.931338 -0.15813
vn -0.149335 -0.983043 0.106423
vn -0.148998 -0.98308 0.106554
vn 0.719636 -0.661449 -0.211209
vn 0.737993 -0.669636 -0.0833919
vn 0.73624 -0.673131 -0.0696099
vn 0.73624 -0.673131 -0.0696099
vn 0.712625 -0.6661 -0.220174
vn 0.719636 -0.661449 -0.211209
vn -0.689061 0.699167 -0.190683
vn -0.714481 0.68375 -0.148333
vn -0.7156 0.683367 -0.144657
vn -0.7156 0.683367 -0.144657
vn -0.689046 0.699183 -0.190682
vn -0.689061 0.699167 -0.190683
vn 0.692809 -0.695162 0.191744
vn 0.69276 -0.695209 0.191751
vn 0.706325 -0.697937 0.118271
vn 0.706325 -0.697937 0.118271
vn 0.706963 -0.698069 0.113593
vn 0.692809 -0.695162 0.191744
vn 0.312959 -0.116758 -0.942563
vn 0.320562 -0.056853 -0.94552
vn 0.214454 -0.168605 -0.962072
vn 0.214454 -0.168605 -0.962072
vn 0.206329 -0.168448 -0.963874
vn 0.312959 -0.116758 -0.942563
vn 0.966095 -0.0125561 -0.257881
vn 0.966095 -0.0125561 -0.257881
vn 0.966095 -0.0125561 -0.257881
vn 0.728059 -0.309568 -0.611636
vn 0.728059 -0.309568 -0.611636
vn 0.728059 -0.309568 -0.611636
vn 0.728059 -0.309568 -0.611636
vn 0.728059 -0.309568 -0.611636
vn 0.728059 -0.309568 -0.611636
vn 0.507788 -0.169899 -0.844563
vn 0.507788 -0.169899 -0.844563
vn 0.507788 -0.169899 -0.844563
vn 0.507788 -0.169899 -0.844563
vn 0.507788 -0.169899 -0.844563
vn 0.507788 -0.169899 -0.844563
vn -0.299741 0.052892 -0.952553
vn -0.299741 0.052892 -0.952553
vn -0.299741 0.052892 -0.952553
vn 0.0902452 0.071334 -0.993362
vn 0.0902452 0.071334 -0.993362
vn 0.0902452 0.071334 -0.993362
vn 0.0902452 0.071334 -0.993362
vn 0.0902452 0.071334 -0.993362
vn 0.0902452 0.071334 -0.993362
vn 0.0521222 0.263213 -0.963329
vn 0.0521222 0.263213 -0.963329
vn 0.0521222 0.263213 -0.963329
vn 0.0521222 0.263213 -0.963329
vn 0.0521222 0.263213 -0.963329
vn 0.0521222 0.263213 -0.963329
vn -0.0337678 0.398844 -0.916397
vn -0.0337678 0.398844 -0.916397
vn -0.0337678 0.398845 -0.916397
vn -0.0337678 0.398845 -0.916397
vn -0.0337678 0.398844 -0.916397
vn -0.0337678 0.398844 -0.916397
vn -0.169358 0.180828 -0.968824
vn -0.169358 0.180828 -0.968824
vn -0.169358 0.180828 -0.968824
vn -0.169358 0.180828 -0.968824
vn -0.169358 0.180828 -0.968824
vn -0.169358 0.180828 -0.968824
vn -0.305313 -0.242204 -0.920935
vn -0.305313 -0.242204 -0.920935
vn -0.305313 -0.242204 -0.920935
vn -0.305313 -0.242204 -0.920935
vn -0.305313 -0.242204 -0.920935
vn -0.305313 -0.242204 -0.920935
vn -0.37709 -0.882736 -0.280323
vn -0.37709 -0.882736 -0.280323
vn -0.37709 -0.882736 -0.280323
vn -0.37709 -0.882736 -0.280323
vn -0.37709 -0.882736 -0.280323
vn -0.37709 -0.882736 -0.280323
vn -0.361264 -0.929314 -0.0765811
vn -0.361264 -0.929314 -0.0765811
vn -0.361264 -0.929314 -0.0765811
vn -0.361264 -0.929314 -0.0765811
vn -0.361264 -0.929314 -0.0765811
vn -0.361264 -0.929314 -0.0765811
vn -0.328843 -0.932785 0.147559
vn -0.328843 -0.932785 0.147559
vn -0.328843 -0.932785 0.147559
vn -0.328843 -0.932785 0.147559
vn -0.328843 -0.932785 0.147559
vn -0.328843 -0.932785 0.147559
vn -0.358664 -0.875692 0.323301
vn -0.358664 -0.875692 0.323301
vn -0.358664 -0.875692 0.323301
vn -0.358664 -0.875692 0.323301
vn -0.358664 -0.875692 0.323301
vn -0.358664 -0.875692 0.323301
vn -0.456116 -0.4107 0.789483
vn -0.456116 -0.4107 0.789483
vn -0.456116 -0.4107 0.789483
vn -0.456116 -0.4107 0.789483
vn -0.456116 -0.4107 0.789483
vn -0.456116 -0.4107 0.789483
vn -0.369946 -0.219075 0.902854
vn -0.369946 -0.219075 0.902854
vn -0.369946 -0.219075 0.902854
vn -0.369946 -0.219075 0.902854
vn -0.369946 -0.219075 0.902854
vn -0.369946 -0.219075 0.902854
vn -0.323174 0.034305 0.945718
vn -0.323174 0.034305 0.945718
vn -0.323174 0.034305 0.945718
vn -0.323174 0.034305 0.945718
vn -0.323174 0.034305 0.945718
vn -0.323174 0.034305 0.945718
vn -0.307403 0.163509 0.937426
vn -0.307403 0.163509 0.937426
vn -0.307403 0.163509 0.937426
vn -0.307403 0.163509 0.937426
vn -0.307403 0.163509 0.937426
vn -0.307403 0.163509 0.937426
vn -0.13284 0.163602 0.977542
vn -0.13284 0.163602 0.977542
vn -0.13284 0.163602 0.977542
vn -0.13284 0.163602 0.977542
vn -0.13284 0.163602 0.977542
vn -0.13284 0.163602 0.977542
vn 0.273982 0.090363 0.95748
vn 0.273982 0.090363 0.95748
vn 0.273982 0.090363 0.95748
vn 0.454011 -0.033377 0.890371
vn 0.589226 0.0639849 0.805431
vn 0.540247 0.027226 0.841066
vn 0.540247 0.027226 0.841066
vn 0.454011 -0.033377 0.890371
vn 0.454011 -0.033377 0.890371
vn 0.589226 0.0639849 0.805431
vn 0.68667 0.143845 0.712596
vn 0.68667 0.143845 0.712596
vn 0.68667 0.143845 0.712596
vn 0.540247 0.027226 0.841066
vn 0.589226 0.0639849 0.805431
vn 0.547952 -0.387231 0.741485
vn 0.547952 -0.387231 0.741485
vn 0.547952 -0.387231 0.741485
vn 0.547952 -0.387231 0.741485
vn 0.547952 -0.387231 0.741485
vn 0.547952 -0.387231 0.741485
vn 0.966943 -0.0143311 0.25459
vn 0.966943 -0.0143311 0.25459
vn 0.966943 -0.0143311 0.25459
vn -0.0613739 -0.253427 -0.965406
vn -0.107572 -0.154162 -0.982172
vn -0.29446 -0.179253 -0.938702
vn -0.29446 -0.179253 -0.938702
vn -0.295888 -0.223696 -0.928661
vn -0.0613739 -0.253427 -0.965406
vn 0.0729941 -0.200669 -0.976936
vn -0.0889739 -0.163273 -0.982561
vn 0.0961971 -0.26306 -0.959972
vn 0.0961971 -0.26306 -0.959972
vn 0.105049 -0.270474 -0.956979
vn 0.0729941 -0.200669 -0.976936
vn -0.00875087 -0.241724 -0.970306
vn 0.00623714 -0.154576 -0.987961
vn 0.0495571 -0.28009 -0.958694
vn 0.0495571 -0.28009 -0.958694
vn 1.19938e-07 -0.284096 -0.958796
vn -0.00875087 -0.241724 -0.970306
vn 1.45261e-07 -0.062247 -0.998061
vn -0.0553939 -0.02999 -0.998014
vn -0.0115739 -0.103015 -0.994613
vn -0.0115739 -0.103015 -0.994613
vn -0.0130049 -0.099184 -0.994984
vn 1.45261e-07 -0.062247 -0.998061
vn 0.00623714 -0.154576 -0.987961
vn 0.0729941 -0.200669 -0.976936
vn 0.105049 -0.270474 -0.956979
vn 0.105049 -0.270474 -0.956979
vn 0.0495571 -0.28009 -0.958694
vn 0.00623714 -0.154576 -0.987961
vn -0.29446 -0.179253 -0.938702
vn -0.325174 -0.195527 -0.925219
vn -0.436909 -0.142267 -0.888184
vn -0.436909 -0.142267 -0.888184
vn -0.295888 -0.223696 -0.928661
vn -0.29446 -0.179253 -0.938702
vn -0.207208 -0.026236 -0.977945
vn -0.434265 -0.00864196 -0.900744
vn -0.325174 -0.195527 -0.925219
vn -0.325174 -0.195527 -0.925219
vn -0.29446 -0.179253 -0.938702
vn -0.207208 -0.026236 -0.977945
vn 0.185883 -0.894195 -0.407262
vn 0.507734 -0.726262 -0.463411
vn 0.313108 -0.594965 -0.740257
vn 0.313108 -0.594965 -0.740257
vn 0.10638 -0.737462 -0.666958
vn 0.185883 -0.894195 -0.407262
vn 0.185883 -0.894195 -0.407262
vn 0.397944 -0.885704 -0.239101
vn 0.507734 -0.726262 -0.463411
vn -0.0760449 -0.02193 -0.996863
vn -0.207208 -0.026236 -0.977945
vn -0.199261 -0.111076 -0.973631
vn -0.199261 -0.111076 -0.973631
vn -0.0497589 -0.101803 -0.993559
vn -0.0760449 -0.02193 -0.996863
vn -0.0889739 -0.163273 -0.982561
vn -0.107572 -0.154162 -0.982172
vn -0.0613739 -0.253427 -0.965406
vn -0.0613739 -0.253427 -0.965406
vn 0.0961971 -0.26306 -0.959972
vn -0.0889739 -0.163273 -0.982561
vn 0.0731579 0.251739 0.965026
vn 0.296934 0.217337 0.929836
vn 0.256999 0.194143 0.94671
vn 0.256999 0.194143 0.94671
vn 0.0770399 0.193595 0.978052
vn 0.0731579 0.251739 0.965026
vn 0.594871 0.330215 0.732862
vn 0.278406 0.793874 0.540605
vn 0.258515 0.942149 0.213367
vn 0.258515 0.942149 0.213367
vn 0.285961 0.935111 0.20927
vn 0.594871 0.330215 0.732862
vn 0.318176 0.416043 0.851864
vn 0.278406 0.793874 0.540605
vn 0.594871 0.330215 0.732862
vn 0.594871 0.330215 0.732862
vn 0.122629 0.463607 0.877514
vn 0.318176 0.416043 0.851864
vn 0.194612 -0.02181 0.980638
vn 0.0770399 0.193595 0.978052
vn 0.256999 0.194143 0.94671
vn 0.256999 0.194143 0.94671
vn 0.34556 0.00807097 0.938362
vn 0.194612 -0.02181 0.980638
vn -0.0944691 0.263919 0.959908
vn 0.147116 0.176914 0.973169
vn -0.107345 0.208301 0.972156
vn -0.107345 0.208301 0.972156
vn -0.106344 0.270878 0.956722
vn -0.0944691 0.263919 0.959908
vn 0.150168 -0.00818801 0.988627
vn -0.107345 0.208301 0.972156
vn 0.147116 0.176914 0.973169
vn 0.147116 0.176914 0.973169
vn 0.129638 -0.019204 0.991376
vn 0.150168 -0.00818801 0.988627
vn -0.0492141 0.280297 0.958651
vn -0.0817961 0.185718 0.979193
vn 0.00308488 0.260737 0.965405
vn 0.00308488 0.260737 0.965405
vn -1.19929e-07 0.284163 0.958776
vn -0.0492141 0.280297 0.958651
vn -1.50224e-07 0.008762 0.999962
vn 0.00308488 0.260737 0.965405
vn -0.0817961 0.185718 0.979193
vn -0.0817961 0.185718 0.979193
vn 0.0645658 -0.025066 0.997599
vn -1.50224e-07 0.008762 0.999962
vn 0.00441589 0.337227 0.941413
vn 0.20014 0.082291 0.976305
vn 0.0182479 0.082112 0.996456
vn -0.106344 0.270878 0.956722
vn -0.107345 0.208301 0.972156
vn -0.0817961 0.185718 0.979193
vn -0.0817961 0.185718 0.979193
vn -0.0492141 0.280297 0.958651
vn -0.106344 0.270878 0.956722
vn 0.432313 0.141664 0.890526
vn 0.254811 0.204594 0.945099
vn 0.256999 0.194143 0.94671
vn 0.256999 0.194143 0.94671
vn 0.296934 0.217337 0.929836
vn 0.432313 0.141664 0.890526
vn 0.34556 0.00807097 0.938362
vn 0.256999 0.194143 0.94671
vn 0.254811 0.204594 0.945099
vn 0.254811 0.204594 0.945099
vn 0.399756 0.000649965 0.916621
vn 0.34556 0.00807097 0.938362
vn 0.278406 0.793874 0.540605
vn 0.318176 0.416043 0.851864
vn 0.321216 0.403909 0.85655
vn 0.321216 0.403909 0.85655
vn 0.256057 0.826431 0.501444
vn 0.278406 0.793874 0.540605
vn 0.278406 0.793874 0.540605
vn 0.256057 0.826431 0.501444
vn 0.234984 0.947514 0.216793
vn 0.234984 0.947514 0.216793
vn 0.258515 0.942149 0.213367
vn 0.278406 0.793874 0.540605
vn 0.0182479 0.082112 0.996456
vn 0.20014 0.082291 0.976305
vn 0.0780168 -0.038 0.996228
vn 0.0780168 -0.038 0.996228
vn 0.0135379 0.078685 0.996808
vn 0.0182479 0.082112 0.996456
vn -1.5546e-07 -0.053546 0.998565
vn -1.44053e-07 0.074606 0.997213
vn 0.0135379 0.078685 0.996808
vn 0.0135379 0.078685 0.996808
vn 0.0780168 -0.038 0.996228
vn -1.5546e-07 -0.053546 0.998565
vn 0.122629 0.463607 0.877514
vn -0.206001 0.146436 0.967533
vn 0.20014 0.082291 0.976305
vn 0.20014 0.082291 0.976305
vn 0.00441589 0.337227 0.941413
vn 0.122629 0.463607 0.877514
vn 0.129638 -0.019204 0.991376
vn 0.147116 0.176914 0.973169
vn 0.0770399 0.193595 0.978052
vn 0.0770399 0.193595 0.978052
vn 0.194612 -0.02181 0.980638
vn 0.129638 -0.019204 0.991376
vn 0.0731579 0.251739 0.965026
vn 0.0770399 0.193595 0.978052
vn 0.147116 0.176914 0.973169
vn 0.147116 0.176914 0.973169
vn -0.0944691 0.263919 0.959908
vn 0.0731579 0.251739 0.965026
vn 0.644433 -0.753086 0.132544
vn 0.639968 -0.756858 0.132693
vn 0.624809 -0.715925 -0.311554
vn 0.624809 -0.715925 -0.311554
vn 0.666045 -0.646155 -0.372651
vn 0.644433 -0.753086 0.132544
vn 0.908843 -0.364881 0.202156
vn 0.783981 -0.546524 0.294425
vn 0.803531 -0.519687 0.290283
vn 0.803531 -0.519687 0.290283
vn 0.906811 -0.371625 0.198968
vn 0.908843 -0.364881 0.202156
vn 0.67577 -0.690025 0.259229
vn -1.37813e-07 -0.926511 0.376268
vn -1.37813e-07 -0.926511 0.376268
vn -1.37813e-07 -0.926511 0.376268
vn 0.66199 -0.701971 0.262689
vn 0.67577 -0.690025 0.259229
vn 0.783981 -0.546524 0.294425
vn 0.67577 -0.690025 0.259229
vn 0.66199 -0.701971 0.262689
vn 0.66199 -0.701971 0.262689
vn 0.803531 -0.519687 0.290283
vn 0.783981 -0.546524 0.294425
vn 0.766483 -0.223482 -0.602129
vn 0.766087 -0.232845 -0.599078
vn 0.78337 0.113283 -0.611145
vn 0.78337 0.113283 -0.611145
vn 0.782799 0.107438 -0.612929
vn 0.766483 -0.223482 -0.602129
vn 0.666045 -0.646155 -0.372651
vn 0.624809 -0.715925 -0.311554
vn 0.766087 -0.232845 -0.599078
vn 0.766087 -0.232845 -0.599078
vn 0.766483 -0.223482 -0.602129
vn 0.666045 -0.646155 -0.372651
vn 0.838134 0.186596 -0.512555
vn 0.782799 0.107438 -0.612929
vn 0.78337 0.113283 -0.611145
vn 0.78337 0.113283 -0.611145
vn 0.837018 0.174941 -0.518455
vn 0.838134 0.186596 -0.512555
vn 0.937538 -0.0512321 -0.344091
vn 0.939226 -0.0617251 -0.337706
vn 0.96105 -0.239782 -0.137432
vn 0.96105 -0.239782 -0.137432
vn 0.960933 -0.239701 -0.138391
vn 0.937538 -0.0512321 -0.344091
vn 0.968893 -0.242119 -0.0512299
vn 0.960933 -0.239701 -0.138391
vn 0.96105 -0.239782 -0.137432
vn 0.96105 -0.239782 -0.137432
vn 0.968911 -0.242028 -0.0513149
vn 0.968893 -0.242119 -0.0512299
vn 0.908843 -0.364881 0.202156
vn 0.906811 -0.371625 0.198968
vn 0.639968 -0.756858 0.132693
vn 0.639968 -0.756858 0.132693
vn 0.644433 -0.753086 0.132544
vn 0.908843 -0.364881 0.202156
vn -0.0817961 0.185718 0.979193
vn -0.107345 0.208301 0.972156
vn -0.0884941 0.161052 0.982971
vn -0.0884941 0.161052 0.982971
vn -0.0884941 0.161052 0.982971
vn -0.0817961 0.185718 0.979193
vn -0.0115739 -0.103015 -0.994613
vn 0.00623714 -0.154576 -0.987961
vn -0.00875087 -0.241724 -0.970306
vn -0.00875087 -0.241724 -0.970306
vn -0.0130049 -0.099184 -0.994984
vn -0.0115739 -0.103015 -0.994613
vn 0.00623714 -0.154576 -0.987961
vn -0.0115739 -0.103015 -0.994613
vn -0.0497589 -0.101803 -0.993559
vn -0.0497589 -0.101803 -0.993559
vn 0.0729941 -0.200669 -0.976936
vn 0.00623714 -0.154576 -0.987961
vn -0.0497589 -0.101803 -0.993559
vn -0.0889739 -0.163273 -0.982561
vn 0.0729941 -0.200669 -0.976936
vn -0.0889739 -0.163273 -0.982561
vn -0.0497589 -0.101803 -0.993559
vn -0.199261 -0.111076 -0.973631
vn -0.199261 -0.111076 -0.973631
vn -0.107572 -0.154162 -0.982172
vn -0.0889739 -0.163273 -0.982561
vn -0.29446 -0.179253 -0.938702
vn -0.107572 -0.154162 -0.982172
vn -0.199261 -0.111076 -0.973631
vn -1.52579e-07 -0.018403 0.999831
vn -1.50224e-07 0.008762 0.999962
vn 0.0645658 -0.025066 0.997599
vn 0.0645658 -0.025066 0.997599
vn 0.0363008 -0.00994 0.999292
vn -1.52579e-07 -0.018403 0.999831
vn 0.150168 -0.00818801 0.988627
vn 0.0824319 -0.010982 0.996536
vn 0.0363008 -0.00994 0.999292
vn 0.0363008 -0.00994 0.999292
vn 0.0645658 -0.025066 0.997599
vn 0.150168 -0.00818801 0.988627
vn 0.0824319 -0.010982 0.996536
vn 0.150168 -0.00818801 0.988627
vn 0.129638 -0.019204 0.991376
vn 0.129638 -0.019204 0.991376
vn 0.0823549 -0.017562 0.996448
vn 0.0824319 -0.010982 0.996536
vn 0.194612 -0.02181 0.980638
vn 0.181484 -0.00286502 0.98339
vn 0.0823549 -0.017562 0.996448
vn 0.0823549 -0.017562 0.996448
vn 0.129638 -0.019204 0.991376
vn 0.194612 -0.02181 0.980638
vn 0.347643 -0.0107 0.937566
vn 0.181484 -0.00286502 0.98339
vn 0.194612 -0.02181 0.980638
vn 0.194612 -0.02181 0.980638
vn 0.34556 0.00807097 0.938362
vn 0.347643 -0.0107 0.937566
vn 0.399756 0.000649965 0.916621
vn 0.382223 -0.00656903 0.924047
vn 0.347643 -0.0107 0.937566
vn 0.347643 -0.0107 0.937566
vn 0.34556 0.00807097 0.938362
vn 0.399756 0.000649965 0.916621
vn 0.838134 0.186596 -0.512555
vn 0.837018 0.174941 -0.518455
vn 0.85622 0.195222 -0.478305
vn 0.85622 0.195222 -0.478305
vn 0.865888 0.17529 -0.46852
vn 0.838134 0.186596 -0.512555
vn -0.133669 -0.00774699 -0.990996
vn -0.366406 -0.00956997 -0.930406
vn -0.434265 -0.00864196 -0.900744
vn -0.434265 -0.00864196 -0.900744
vn -0.207208 -0.026236 -0.977945
vn -0.133669 -0.00774699 -0.990996
vn -0.207208 -0.026236 -0.977945
vn -0.0760449 -0.02193 -0.996863
vn -0.0331149 -0.0332 -0.9989
vn -0.0331149 -0.0332 -0.9989
vn -0.133669 -0.00774699 -0.990996
vn -0.207208 -0.026236 -0.977945
vn -0.0462639 -0.050856 -0.997634
vn -0.0331149 -0.0332 -0.9989
vn -0.0760449 -0.02193 -0.996863
vn -0.0760449 -0.02193 -0.996863
vn -0.0553939 -0.02999 -0.998014
vn -0.0462639 -0.050856 -0.997634
vn 1.46797e-07 -0.046191 -0.998933
vn -0.0462639 -0.050856 -0.997634
vn -0.0553939 -0.02999 -0.998014
vn -0.0553939 -0.02999 -0.998014
vn 1.45261e-07 -0.062247 -0.998061
vn 1.46797e-07 -0.046191 -0.998933
vn -1.44053e-07 0.074606 0.997213
vn -1.52579e-07 -0.018403 0.999831
vn 0.0363008 -0.00994 0.999292
vn 0.0363008 -0.00994 0.999292
vn 0.0135379 0.078685 0.996808
vn -1.44053e-07 0.074606 0.997213
vn 0.0824319 -0.010982 0.996536
vn 0.0182479 0.082112 0.996456
vn 0.0135379 0.078685 0.996808
vn 0.0135379 0.078685 0.996808
vn 0.0363008 -0.00994 0.999292
vn 0.0824319 -0.010982 0.996536
vn 0.0182479 0.082112 0.996456
vn 0.0824319 -0.010982 0.996536
vn 0.0823549 -0.017562 0.996448
vn 0.0823549 -0.017562 0.996448
vn 0.00441589 0.337227 0.941413
vn 0.0182479 0.082112 0.996456
vn 0.181484 -0.00286502 0.98339
vn 0.122629 0.463607 0.877514
vn 0.00441589 0.337227 0.941413
vn 0.00441589 0.337227 0.941413
vn 0.0823549 -0.017562 0.996448
vn 0.181484 -0.00286502 0.98339
vn 0.318176 0.416043 0.851864
vn 0.122629 0.463607 0.877514
vn 0.181484 -0.00286502 0.98339
vn 0.181484 -0.00286502 0.98339
vn 0.347643 -0.0107 0.937566
vn 0.318176 0.416043 0.851864
vn 0.321216 0.403909 0.85655
vn 0.318176 0.416043 0.851864
vn 0.347643 -0.0107 0.937566
vn 0.347643 -0.0107 0.937566
vn 0.382223 -0.00656903 0.924047
vn 0.321216 0.403909 0.85655
vn 0.865888 0.17529 -0.46852
vn 0.85622 0.195222 -0.478305
vn 0.939226 -0.0617251 -0.337706
vn 0.939226 -0.0617251 -0.337706
vn 0.937538 -0.0512321 -0.344091
vn 0.865888 0.17529 -0.46852
vn 0.10638 -0.737462 -0.666958
vn 0.313108 -0.594965 -0.740257
vn -0.366406 -0.00956997 -0.930406
vn -0.366406 -0.00956997 -0.930406
vn -0.133669 -0.00774699 -0.990996
vn 0.10638 -0.737462 -0.666958
vn 0.101366 -0.79569 -0.597162
vn 0.10638 -0.737462 -0.666958
vn -0.133669 -0.00774699 -0.990996
vn -0.133669 -0.00774699 -0.990996
vn -0.0331149 -0.0332 -0.9989
vn 0.101366 -0.79569 -0.597162
vn -0.020952 -0.762726 -0.646382
vn 0.101366 -0.79569 -0.597162
vn -0.0331149 -0.0332 -0.9989
vn -0.0331149 -0.0332 -0.9989
vn -0.0462639 -0.050856 -0.997634
vn -0.020952 -0.762726 -0.646382
vn 0.0 -0.746648 -0.66522
vn -0.020952 -0.762726 -0.646382
vn -0.0462639 -0.050856 -0.997634
vn -0.0462639 -0.050856 -0.997634
vn 1.46797e-07 -0.046191 -0.998933
vn 0.0 -0.746648 -0.66522
vn -0.0204699 -0.088305 -0.995883
vn -0.0204699 -0.088305 -0.995883
vn -0.0204699 -0.088305 -0.995883
vn -0.0204699 -0.088305 -0.995883
vn -0.0204699 -0.088305 -0.995883
vn -0.0204699 -0.088305 -0.995883
vn -0.758107 -0.0554489 -0.649769
vn -0.758107 -0.0554489 -0.649769
vn -0.758107 -0.0554489 -0.649769
vn -0.758107 -0.0554489 -0.649769
vn -0.758107 -0.0554489 -0.649769
vn -0.758107 -0.0554489 -0.649769
vn -0.472201 0.717427 -0.512177
vn -0.472201 0.717427 -0.512177
vn -0.472201 0.717427 -0.512177
vn -0.472201 0.717427 -0.512177
vn -0.472201 0.717427 -0.512177
vn -0.472201 0.717427 -0.512177
vn -0.518284 0.597276 -0.612081
vn -0.518284 0.597276 -0.612081
vn -0.518284 0.597276 -0.612081
vn -0.518284 0.597276 -0.612081
vn -0.518284 0.597276 -0.612081
vn -0.518284 0.597276 -0.612081
vn -0.421242 0.28755 -0.860157
vn -0.421242 0.28755 -0.860157
vn -0.421242 0.28755 -0.860157
vn -0.421242 0.28755 -0.860157
vn -0.421242 0.28755 -0.860157
vn -0.421242 0.28755 -0.860157
vn -0.854678 -0.389652 -0.343068
vn -0.854678 -0.389652 -0.343068
vn -0.854678 -0.389652 -0.343068
vn -0.854678 -0.389652 -0.343068
vn -0.854678 -0.389652 -0.343068
vn -0.854678 -0.389652 -0.343068
vn -0.223534 -0.624889 -0.748028
vn -0.223534 -0.624889 -0.748028
vn -0.223534 -0.624889 -0.748028
vn -0.999198 -0.0139989 -0.0375122
vn -0.999198 -0.0139989 -0.0375122
vn -0.999198 -0.0139989 -0.0375122
vn -0.999198 -0.0139989 -0.0375122
vn -0.999198 -0.0139989 -0.0375122
vn -0.999198 -0.0139989 -0.0375122
vn -0.843748 -0.0485749 0.534537
vn -0.843748 -0.0485749 0.534538
vn -0.843748 -0.0485749 0.534537
vn -0.843748 -0.0485749 0.534537
vn -0.843748 -0.0485749 0.534537
vn -0.843748 -0.0485749 0.534537
vn -0.78498 0.496263 -0.37085
vn -0.78498 0.496263 -0.37085
vn -0.78498 0.496263 -0.37085
vn -0.78498 0.496263 -0.37085
vn -0.78498 0.496263 -0.37085
vn -0.78498 0.496263 -0.37085
vn -0.771859 0.533581 -0.345723
vn -0.771859 0.533581 -0.345723
vn -0.771859 0.533581 -0.345723
vn -0.771859 0.533581 -0.345723
vn -0.771859 0.533581 -0.345723
vn -0.771859 0.533581 -0.345723
vn -1.0 0.0 -1.50996e-07
vn -1.0 0.0 -1.50996e-07
vn -1.0 0.0 -1.50996e-07
vn -1.0 0.0 -1.50996e-07
vn -1.0 0.0 -1.50996e-07
vn -1.0 0.0 -1.50996e-07
vn 0.122629 0.463607 0.877514
vn 0.594871 0.330215 0.732862
vn -0.50287 0.712138 0.489879
vn -0.502557 -0.348535 -0.791176
vn -0.502557 -0.348535 -0.791176
vn -0.502557 -0.348535 -0.791176
vn 0.966985 0.0128539 -0.254507
vn 0.966985 0.0128539 -0.254507
vn 0.966985 0.0128539 -0.254507
vn 0.579058 -0.0525411 -0.813592
vn 0.511166 -0.078498 -0.85589
vn 0.661795 -0.0444331 -0.748367
vn 0.661795 -0.0444331 -0.748367
vn 0.661795 -0.0444331 -0.748367
vn 0.579058 -0.0525411 -0.813592
vn 0.579058 -0.0525411 -0.813592
vn 0.504674 -0.070617 -0.860417
vn 0.511166 -0.078498 -0.85589
vn 0.511166 -0.078498 -0.85589
vn 0.504674 -0.070617 -0.860417
vn 0.245851 -0.039415 -0.968506
vn 0.504674 -0.070617 -0.860417
vn 0.426682 -0.037865 -0.903609
vn 0.245851 -0.039415 -0.968506
vn 0.170437 -0.029192 -0.984936
vn 0.179221 -0.030621 -0.983332
vn 0.0469391 -0.009089 -0.998856
vn 0.0469391 -0.009089 -0.998856
vn 0.0469391 -0.009089 -0.998856
vn 0.170437 -0.029192 -0.984936
vn 0.304899 0.299222 0.904159
vn -0.0962242 -0.486664 0.868274
vn 0.39184 0.832228 0.392248
vn 0.39184 0.832228 0.392248
vn 0.392416 0.832347 0.391418
vn 0.304899 0.299222 0.904159
vn 0.304899 0.299222 0.904159
vn -0.0467471 -0.997095 0.060139
vn -0.0570741 -0.996727 0.057261
vn -0.0570741 -0.996727 0.057261
vn -0.0962242 -0.486664 0.868274
vn 0.304899 0.299222 0.904159
vn 0.392416 0.832347 0.391418
vn 0.39184 0.832228 0.392248
vn 0.529981 0.749661 0.396393
vn 0.529981 0.749661 0.396393
vn 0.52545 0.752245 0.397529
vn 0.392416 0.832347 0.391418
vn -0.0467471 -0.997095 0.060139
vn 0.198148 -0.96908 0.147045
vn 0.18384 -0.972951 0.139893
vn 0.18384 -0.972951 0.139893
vn -0.0570741 -0.996727 0.057261
vn -0.0467471 -0.997095 0.060139
vn 0.706942 0.702 0.0861981
vn 0.706981 0.701987 0.0859801
vn 0.724197 0.688215 -0.0435759
vn 0.724197 0.688215 -0.0435759
vn 0.724197 0.688215 -0.0435759
vn 0.706942 0.702 0.0861981
vn -0.717962 -0.64044 -0.272705
vn -0.720819 -0.639284 -0.267836
vn -0.413232 -0.885275 -0.213371
vn -0.413232 -0.885275 -0.213371
vn -0.419483 -0.881437 -0.217032
vn -0.717962 -0.64044 -0.272705
vn 0.678695 0.689988 0.251574
vn 0.52545 0.752245 0.397529
vn 0.529981 0.749661 0.396393
vn 0.529981 0.749661 0.396393
vn 0.681207 0.691652 0.239947
vn 0.678695 0.689988 0.251574
vn 0.198148 -0.96908 0.147045
vn -0.419483 -0.881437 -0.217032
vn -0.413232 -0.885275 -0.213371
vn -0.413232 -0.885275 -0.213371
vn 0.18384 -0.972951 0.139893
vn 0.198148 -0.96908 0.147045
vn -0.741405 -0.642239 -0.194545
vn -0.708442 -0.701973 -0.0730961
vn -0.708442 -0.701973 -0.0730961
vn -0.708442 -0.701973 -0.0730961
vn -0.742439 -0.639552 -0.199392
vn -0.741405 -0.642239 -0.194545
vn 0.706942 0.702 0.0861981
vn 0.678695 0.689988 0.251574
vn 0.681207 0.691652 0.239947
vn 0.681207 0.691652 0.239947
vn 0.706981 0.701987 0.0859801
vn 0.706942 0.702 0.0861981
vn 0.245851 -0.039415 -0.968506
vn 0.426682 -0.037865 -0.903609
vn 0.179221 -0.030621 -0.983332
vn 0.179221 -0.030621 -0.983332
vn 0.170437 -0.029192 -0.984936
vn 0.245851 -0.039415 -0.968506
vn -0.717962 -0.64044 -0.272705
vn -0.741405 -0.642239 -0.194545
vn -0.742439 -0.639552 -0.199392
vn -0.742439 -0.639552 -0.199392
vn -0.720819 -0.639284 -0.267836
vn -0.717962 -0.64044 -0.272705
vn -0.0448951 0.007964 0.99896
vn -0.179627 0.030848 0.983251
vn -0.169832 0.029185 0.985041
vn -0.169832 0.029185 0.985041
vn -0.0448951 0.007964 0.99896
vn -0.0448951 0.007964 0.99896
vn -0.179627 0.030848 0.983251
vn -0.19875 0.034096 0.979457
vn -0.19875 0.034096 0.979457
vn -0.19875 0.034096 0.979457
vn -0.169832 0.029185 0.985041
vn -0.179627 0.030848 0.983251
vn -0.537307 0.070499 0.840435
vn -0.537307 0.070499 0.840435
vn -0.537307 0.070499 0.840435
vn -0.537307 0.070499 0.840435
vn -0.537307 0.070499 0.840435
vn -0.537307 0.070499 0.840435
vn -0.405382 0.066001 0.911762
vn -0.405382 0.066001 0.911762
vn -0.405382 0.066001 0.911762
vn -0.653452 0.0449421 0.755632
vn -0.653453 0.0449421 0.755632
vn -0.653452 0.0449421 0.755632
vn -0.653452 0.0449421 0.755632
vn -0.653453 0.0449421 0.755632
vn -0.653452 0.0449421 0.755632
vn -0.959085 -0.0142199 0.282763
vn -0.959084 -0.0142199 0.282763
vn -0.959085 -0.0142199 0.282763
vn -0.100058 0.75348 -0.649813
vn -0.100058 0.75348 -0.649813
vn -0.0534468 0.627313 -0.776931
vn -0.0534468 0.627313 -0.776931
vn -0.0218768 0.532898 -0.845897
vn -0.100058 0.75348 -0.649813
vn 0.989244 -0.0601601 -0.133334
vn 0.989244 -0.0601601 -0.133334
vn 0.99102 -0.0473851 -0.125036
vn 0.99102 -0.0473851 -0.125036
vn 0.991314 -0.0450901 -0.123543
vn 0.989244 -0.0601601 -0.133334
vn 0.0574838 -0.768572 0.637175
vn 0.0107268 -0.533255 0.845886
vn 0.0290828 -0.631478 0.774848
vn 0.0290828 -0.631478 0.774848
vn 0.0574838 -0.768572 0.637175
vn 0.0574838 -0.768572 0.637175
vn -0.985181 0.0879231 0.147266
vn -0.989448 0.0605171 0.131644
vn -0.989004 0.0637061 0.133467
vn -0.989004 0.0637061 0.133467
vn -0.985181 0.0879231 0.147266
vn -0.985181 0.0879231 0.147266
vn -0.774842 -0.575859 -0.26078
vn -0.774842 -0.575859 -0.26078
vn -0.774842 -0.575859 -0.26078
vn -0.774842 -0.575859 -0.26078
vn -0.774842 -0.575859 -0.26078
vn -0.774842 -0.575859 -0.26078
vn -0.662367 0.500005 0.557912
vn -0.662367 0.500005 0.557912
vn -0.662367 0.500005 0.557912
vn -0.662367 0.500005 0.557912
vn -0.662367 0.500004 0.557912
vn -0.662367 0.500005 0.557912
vn 0.0431058 -0.360081 0.931925
vn -0.0250012 -0.226424 0.973708
vn -0.0155772 -0.235067 0.971854
vn -0.0155772 -0.235067 0.971854
vn 0.0372308 -0.371957 0.927503
vn 0.0431058 -0.360081 0.931925
vn -0.99544 -0.00259691 0.0953588
vn -0.995373 -0.00136391 0.0960769
vn -0.994461 0.0129091 0.104311
vn -0.994461 0.0129091 0.104311
vn -0.994106 0.0175461 0.106985
vn -0.99544 -0.00259691 0.0953588
vn 0.0155632 0.235065 -0.971855
vn 0.0249862 0.226422 -0.973709
vn -0.0431148 0.360074 -0.931927
vn -0.0431148 0.360074 -0.931927
vn -0.0372388 0.371948 -0.927506
vn 0.0155632 0.235065 -0.971855
vn 0.994655 -0.0101561 -0.102756
vn 0.996359 0.0285019 -0.0803578
vn 0.996204 0.0217289 -0.0842969
vn 0.996204 0.0217289 -0.0842969
vn 0.994434 -0.0132231 -0.104525
vn 0.994655 -0.0101561 -0.102756
vn 0.996359 0.0285019 -0.0803578
vn 0.996484 0.0413989 -0.0728409
vn 0.996484 0.0413989 -0.0728409
vn 0.996484 0.0413989 -0.0728409
vn 0.996204 0.0217289 -0.0842969
vn 0.996359 0.0285019 -0.0803578
vn -0.0869332 -0.168584 0.981846
vn -0.0869332 -0.168584 0.981846
vn -0.0155772 -0.235067 0.971854
vn -0.0155772 -0.235067 0.971854
vn -0.0250012 -0.226424 0.973708
vn -0.0869332 -0.168584 0.981846
vn -0.995192 0.00181209 0.0979249
vn -0.995192 0.00181209 0.0979249
vn -0.995373 -0.00136391 0.0960769
vn -0.995373 -0.00136391 0.0960769
vn -0.99544 -0.00259691 0.0953588
vn -0.995192 0.00181209 0.0979249
vn 0.0155632 0.235065 -0.971855
vn 0.0869162 0.168584 -0.981848
vn 0.0869162 0.168584 -0.981848
vn 0.0869162 0.168584 -0.981848
vn 0.0249862 0.226422 -0.973709
vn 0.0155632 0.235065 -0.971855
vn 0.99102 -0.0473851 -0.125036
vn 0.994655 -0.0101561 -0.102756
vn 0.994434 -0.0132231 -0.104525
vn 0.994434 -0.0132231 -0.104525
vn 0.991314 -0.0450901 -0.123543
vn 0.99102 -0.0473851 -0.125036
vn 0.0107268 -0.533255 0.845886
vn 0.0431058 -0.360081 0.931925
vn 0.0372308 -0.371957 0.927503
vn 0.0372308 -0.371957 0.927503
vn 0.0290828 -0.631478 0.774848
vn 0.0107268 -0.533255 0.845886
vn -0.994106 0.0175461 0.106985
vn -0.994461 0.0129091 0.104311
vn -0.989004 0.0637061 0.133467
vn -0.989004 0.0637061 0.133467
vn -0.989448 0.0605171 0.131644
vn -0.994106 0.0175461 0.106985
vn -0.0372388 0.371948 -0.927506
vn -0.0431148 0.360074 -0.931927
vn -0.0218768 0.532898 -0.845897
vn -0.0218768 0.532898 -0.845897
vn -0.0534468 0.627313 -0.776931
vn -0.0372388 0.371948 -0.927506
vn 1.74477e-07 0.503515 -0.863987
vn 1.74477e-07 0.503515 -0.863987
vn 0.218385 0.491361 -0.843132
vn 0.218385 0.491361 -0.843132
vn 0.218385 0.491361 -0.843132
vn 1.74477e-07 0.503515 -0.863987
vn 0.147422 0.854502 0.49809
vn 0.0 0.863941 0.503593
vn 0.0 0.863941 0.503593
vn 0.0 0.863941 0.503593
vn 0.147422 0.854502 0.49809
vn 0.147422 0.854502 0.49809
vn -0.218386 -0.491364 0.843131
vn -1.74477e-07 -0.503518 0.863985
vn -1.74477e-07 -0.503518 0.863985
vn -1.74477e-07 -0.503518 0.863985
vn -0.218386 -0.491364 0.84313
vn -0.218386 -0.491364 0.843131
vn 0.0 -0.863948 -0.503582
vn 0.0 -0.863948 -0.503582
vn -0.147423 -0.854508 -0.498079
vn -0.147423 -0.854508 -0.498079
vn -0.147423 -0.854508 -0.498079
vn 0.0 -0.863948 -0.503582
vn -1.0 0.0 -1.50996e-07
vn -1.0 0.0 -1.50996e-07
vn -1.0 0.0 -1.50996e-07
vn -1.0 0.0 -1.50996e-07
vn -1.0 0.0 -1.50996e-07
vn -1.0 0.0 -1.50996e-07
vn 1.0 0.0 1.50996e-07
vn 1.0 0.0 1.50996e-07
vn 1.0 0.0 1.50996e-07
vn 1.0 0.0 1.50996e-07
vn 1.0 0.0 1.50996e-07
vn 1.0 0.0 1.50996e-07
vn 0.218386 -0.491364 0.843131
vn 0.218386 -0.491364 0.843131
vn -1.74477e-07 -0.503518 0.863985
vn -1.74477e-07 -0.503518 0.863985
vn -1.74477e-07 -0.503518 0.863985
vn 0.218386 -0.491364 0.843131
vn 0.0 -0.863948 -0.503582
vn 0.147423 -0.854508 -0.498079
vn 0.147423 -0.854508 -0.498079
vn 0.147423 -0.854508 -0.498079
vn 0.0 -0.863948 -0.503582
vn 0.0 -0.863948 -0.503582
vn 1.74477e-07 0.503515 -0.863987
vn -0.218385 0.491361 -0.843132
vn -0.218385 0.491361 -0.843132
vn -0.218385 0.491361 -0.843132
vn 1.74477e-07 0.503515 -0.863987
vn 1.74477e-07 0.503515 -0.863987
vn 0.0 0.863941 0.503593
vn 0.0 0.863941 0.503593
vn -0.147422 0.854502 0.49809
vn -0.147422 0.854502 0.49809
vn -0.147422 0.854502 0.49809
vn 0.0 0.863941 0.503593
vn 0.0871792 0.432714 -0.897306
vn 0.0969672 0.428624 -0.898265
vn 0.225432 0.369898 -0.901308
vn 0.225432 0.369898 -0.901308
vn 0.225432 0.369898 -0.901308
vn 0.0871792 0.432714 -0.897306
vn 0.380596 0.819519 0.42841
vn 0.375435 0.822557 0.427139
vn 0.396821 0.80971 0.432323
vn 0.396821 0.80971 0.432323
vn 0.396821 0.80971 0.432323
vn 0.380596 0.819519 0.42841
vn -0.0963682 -0.428869 0.898212
vn -0.0878172 -0.432439 0.897377
vn -0.225392 -0.369974 0.901287
vn -0.225392 -0.369974 0.901287
vn -0.225393 -0.369974 0.901287
vn -0.0963682 -0.428869 0.898212
vn -0.375309 -0.822656 -0.42706
vn -0.380901 -0.819382 -0.428402
vn -0.396911 -0.809753 -0.432161
vn -0.396911 -0.809753 -0.432161
vn -0.396911 -0.809753 -0.43216
vn -0.375309 -0.822656 -0.42706
vn -0.882521 0.460517 -0.0952951
vn -0.882521 0.460517 -0.0952951
vn -0.882521 0.460517 -0.0952951
vn -0.882521 0.460517 -0.0952951
vn -0.882521 0.460517 -0.0952951
vn -0.882521 0.460517 -0.0952951
vn 0.882515 -0.462582 0.0847631
vn 0.882515 -0.462582 0.0847631
vn 0.882515 -0.462582 0.0847631
vn 0.882515 -0.462582 0.0847631
vn 0.882515 -0.462582 0.0847631
vn 0.882515 -0.462582 0.0847631
vn 0.124889 -0.508298 0.852077
vn 0.124889 -0.508298 0.852077
vn -0.0878172 -0.432439 0.897377
vn -0.0878172 -0.432439 0.897377
vn -0.0963682 -0.428869 0.898212
vn 0.124889 -0.508298 0.852077
vn -0.375309 -0.822656 -0.42706
vn -0.34362 -0.840363 -0.419184
vn -0.34362 -0.840363 -0.419184
vn -0.34362 -0.840363 -0.419184
vn -0.380901 -0.819382 -0.428402
vn -0.375309 -0.822656 -0.42706
vn 0.0871792 0.432714 -0.897306
vn -0.128821 0.509571 -0.850731
vn -0.128821 0.509571 -0.850731
vn -0.128821 0.509571 -0.850731
vn 0.0969672 0.428624 -0.898265
vn 0.0871792 0.432714 -0.897306
vn 0.375435 0.822557 0.427139
vn 0.380596 0.819519 0.42841
vn 0.344454 0.839988 0.419252
vn 0.344454 0.839988 0.419252
vn 0.344454 0.839988 0.419252
vn 0.375435 0.822557 0.427139
vn -0.180358 0.392961 -0.901694
vn -0.180358 0.392961 -0.901694
vn -0.180358 0.392961 -0.901694
vn -0.180358 0.392961 -0.901694
vn -0.180358 0.392961 -0.901694
vn -0.180358 0.392961 -0.901694
vn -0.403938 0.8059 0.432851
vn -0.403938 0.8059 0.432851
vn -0.403938 0.8059 0.432851
vn -0.403938 0.8059 0.432851
vn -0.403938 0.8059 0.432851
vn -0.403938 0.8059 0.432851
vn 0.180022 -0.393177 0.901667
vn 0.180022 -0.393177 0.901667
vn 0.180022 -0.393177 0.901667
vn 0.180022 -0.393177 0.901667
vn 0.180022 -0.393177 0.901667
vn 0.180022 -0.393177 0.901667
vn 0.403967 -0.805978 -0.432677
vn 0.403967 -0.805978 -0.432677
vn 0.403967 -0.805978 -0.432677
vn 0.403967 -0.805978 -0.432677
vn 0.403968 -0.805978 -0.432677
vn 0.403967 -0.805978 -0.432677
vn 0.88252 0.460518 -0.0952949
vn 0.882521 0.460517 -0.0952949
vn 0.882521 0.460517 -0.0952949
vn 0.882521 0.460517 -0.0952949
vn 0.882521 0.460517 -0.0952949
vn 0.88252 0.460518 -0.0952949
vn -0.882515 -0.462583 0.0847639
vn -0.882515 -0.462583 0.0847639
vn -0.882515 -0.462583 0.0847639
vn -0.882515 -0.462583 0.0847639
vn -0.882515 -0.462583 0.0847639
vn -0.882515 -0.462583 0.0847639
vn -0.0508282 -0.482596 0.874367
vn -0.0508282 -0.482596 0.874367
vn -0.0508282 -0.482596 0.874367
vn -0.0508282 -0.482596 0.874367
vn -0.0508282 -0.482596 0.874367
vn -0.0508282 -0.482596 0.874367
vn 0.332939 -0.845043 -0.418394
vn 0.332939 -0.845043 -0.418394
vn 0.33294 -0.845043 -0.418394
vn 0.33294 -0.845043 -0.418394
vn 0.332939 -0.845043 -0.418394
vn 0.332939 -0.845043 -0.418394
vn 0.0540742 0.483788 -0.873513
vn 0.0540742 0.483788 -0.873513
vn 0.0540742 0.483788 -0.873513
vn 0.0540742 0.483788 -0.873513
vn 0.0540742 0.483788 -0.873513
vn 0.0540742 0.483788 -0.873513
vn -0.333899 0.84462 0.418484
vn -0.333899 0.84462 0.418484
vn -0.333899 0.84462 0.418484
vn -0.333899 0.84462 0.418484
vn -0.333899 0.84462 0.418484
vn -0.333899 0.84462 0.418484
vn -0.21548 0.3482 -0.912319
vn -0.21548 0.3482 -0.912319
vn -0.0240698 0.367307 -0.929788
vn -0.0240698 0.367307 -0.929788
vn 0.00386417 0.368947 -0.929442
vn -0.21548 0.3482 -0.912319
vn -0.365914 0.837942 0.404919
vn -0.28291 0.890007 0.357561
vn -0.301681 0.879328 0.368472
vn -0.301681 0.879328 0.368472
vn -0.365914 0.837942 0.404919
vn -0.365914 0.837942 0.404919
vn 0.215457 -0.348167 0.912337
vn -0.00347917 -0.36901 0.929419
vn 0.0228548 -0.367454 0.929761
vn 0.0228548 -0.367454 0.929761
vn 0.215457 -0.348167 0.912337
vn 0.215457 -0.348167 0.912337
vn 0.365858 -0.837884 -0.40509
vn 0.365858 -0.837884 -0.40509
vn 0.305203 -0.877021 -0.371059
vn 0.305203 -0.877021 -0.371059
vn 0.283717 -0.889289 -0.358707
vn 0.365858 -0.837884 -0.40509
vn 0.982841 0.107213 -0.150098
vn 0.982841 0.107213 -0.150098
vn 0.982841 0.107213 -0.150098
vn 0.982841 0.107213 -0.150098
vn 0.982841 0.107213 -0.150098
vn 0.982841 0.107213 -0.150098
vn -0.882493 -0.466901 0.0566499
vn -0.882493 -0.466901 0.0566499
vn -0.882493 -0.466901 0.0566499
vn -0.882493 -0.466901 0.0566499
vn -0.882493 -0.466901 0.0566499
vn -0.882493 -0.466901 0.0566499
vn -0.00347917 -0.36901 0.929419
vn -0.170186 -0.372866 0.912145
vn -0.170186 -0.372866 0.912145
vn -0.170186 -0.372866 0.912145
vn 0.0228548 -0.367454 0.929761
vn -0.00347917 -0.36901 0.929419
vn 0.221087 -0.920607 -0.321875
vn 0.221087 -0.920607 -0.321875
vn 0.283717 -0.889289 -0.358707
vn 0.283717 -0.889289 -0.358707
vn 0.305203 -0.877021 -0.371059
vn 0.221087 -0.920607 -0.321875
vn 0.169048 0.372705 -0.912422
vn 0.169048 0.372705 -0.912422
vn 0.00386417 0.368947 -0.929442
vn 0.00386417 0.368947 -0.929442
vn -0.0240698 0.367307 -0.929788
vn 0.169048 0.372705 -0.912422
vn -0.28291 0.890007 0.357561
vn -0.222857 0.920165 0.321917
vn -0.222857 0.920165 0.321917
vn -0.222857 0.920165 0.321917
vn -0.301681 0.879328 0.368472
vn -0.28291 0.890007 0.357561
vn 0.154654 0.378555 -0.912567
vn 0.00302117 0.372711 -0.927943
vn 0.0222152 0.37393 -0.927191
vn 0.0222152 0.37393 -0.927191
vn 0.154654 0.378555 -0.912567
vn 0.154654 0.378555 -0.912567
vn 0.307179 0.877237 0.368913
vn 0.281608 0.890622 0.357057
vn 0.392999 0.824558 0.407008
vn 0.392999 0.824558 0.407008
vn 0.392999 0.824558 0.407008
vn 0.307179 0.877237 0.368913
vn -0.0212702 -0.373997 0.927186
vn -0.00318217 -0.372865 0.92788
vn -0.154634 -0.378527 0.912582
vn -0.154634 -0.378527 0.912582
vn -0.154634 -0.378527 0.912582
vn -0.0212702 -0.373997 0.927186
vn -0.392953 -0.824492 -0.407186
vn -0.282085 -0.890021 -0.358178
vn -0.311231 -0.874719 -0.371487
vn -0.311231 -0.874719 -0.371487
vn -0.392953 -0.824492 -0.407186
vn -0.392953 -0.824492 -0.407186
vn -0.982841 0.107213 -0.150098
vn -0.982841 0.107213 -0.150098
vn -0.982841 0.107213 -0.150098
vn -0.982841 0.107213 -0.150098
vn -0.982841 0.107213 -0.150098
vn -0.982841 0.107213 -0.150098
vn 0.882493 -0.466901 0.0566531
vn 0.882493 -0.466901 0.0566531
vn 0.882493 -0.466901 0.0566531
vn 0.882493 -0.466901 0.0566531
vn 0.882493 -0.466901 0.0566531
vn 0.882493 -0.466901 0.0566531
vn 0.114164 -0.362541 0.924949
vn 0.114164 -0.362541 0.924949
vn -0.00318217 -0.372865 0.92788
vn -0.00318217 -0.372865 0.92788
vn -0.0212702 -0.373997 0.927186
vn 0.114164 -0.362541 0.924949
vn -0.282085 -0.890021 -0.358178
vn -0.19949 -0.926539 -0.31895
vn -0.19949 -0.926539 -0.31895
vn -0.19949 -0.926539 -0.31895
vn -0.311231 -0.874719 -0.371487
vn -0.282085 -0.890021 -0.358178
vn 0.00302117 0.372711 -0.927943
vn -0.113176 0.362377 -0.925135
vn -0.113176 0.362377 -0.925135
vn -0.113176 0.362377 -0.925135
vn 0.0222152 0.37393 -0.927191
vn 0.00302117 0.372711 -0.927943
vn 0.281608 0.890622 0.357057
vn 0.307179 0.877237 0.368913
vn 0.202873 0.925712 0.319218
vn 0.202873 0.925712 0.319218
vn 0.202873 0.925712 0.319218
vn 0.281608 0.890622 0.357057
vn 0.0823972 0.165817 -0.982708
vn 0.0641172 0.169214 -0.983492
vn 0.335558 0.112067 -0.93533
vn 0.335558 0.112067 -0.93533
vn 0.335558 0.112067 -0.93533
vn 0.0823972 0.165817 -0.982708
vn 0.492536 0.829333 0.263848
vn 0.452245 0.859354 0.238717
vn 0.441396 0.866809 0.231974
vn 0.441396 0.866809 0.231974
vn 0.492536 0.829333 0.263848
vn 0.492536 0.829333 0.263848
vn -0.335552 -0.11206 0.935333
vn -0.0630642 -0.169367 0.983533
vn -0.0839012 -0.165497 0.982635
vn -0.0839012 -0.165497 0.982635
vn -0.335552 -0.11206 0.935333
vn -0.335552 -0.11206 0.935333
vn -0.453846 -0.85948 -0.235197
vn -0.464305 -0.851714 -0.242908
vn -0.492538 -0.829334 -0.263839
vn -0.492538 -0.829334 -0.263839
vn -0.492538 -0.829334 -0.263839
vn -0.453846 -0.85948 -0.235197
vn -0.972449 0.0417491 -0.229346
vn -0.972449 0.0417491 -0.229346
vn -0.972449 0.0417491 -0.229346
vn -0.972449 0.0417491 -0.229346
vn -0.972449 0.0417491 -0.229346
vn -0.972449 0.0417491 -0.229346
vn 0.882505 -0.448551 0.141378
vn 0.882505 -0.448551 0.141378
vn 0.882505 -0.448551 0.141378
vn 0.882505 -0.448551 0.141378
vn 0.882505 -0.448551 0.141378
vn 0.882505 -0.448551 0.141378
vn -0.0630642 -0.169367 0.983533
vn 0.243152 -0.216829 0.945443
vn 0.243152 -0.216829 0.945443
vn 0.243152 -0.216829 0.945443
vn -0.0839012 -0.165497 0.982635
vn -0.0630642 -0.169367 0.983533
vn -0.453846 -0.85948 -0.235197
vn -0.409248 -0.889654 -0.202565
vn -0.409248 -0.889654 -0.202565
vn -0.409248 -0.889654 -0.202565
vn -0.464305 -0.851714 -0.242908
vn -0.453846 -0.85948 -0.235197
vn 0.0641172 0.169214 -0.983492
vn 0.0823972 0.165817 -0.982708
vn -0.244289 0.217043 -0.945101
vn -0.244289 0.217043 -0.945101
vn -0.244289 0.217043 -0.945101
vn 0.0641172 0.169214 -0.983492
vn 0.441396 0.866809 0.231974
vn 0.452245 0.859354 0.238717
vn 0.387347 0.90031 0.198507
vn 0.387347 0.90031 0.198507
vn 0.387347 0.90031 0.198507
vn 0.441396 0.866809 0.231974
vn -0.254036 0.15529 -0.954647
vn -0.0700318 0.178503 -0.981444
vn -0.0818608 0.177208 -0.980763
vn -0.0818608 0.177208 -0.980763
vn -0.254036 0.15529 -0.954647
vn -0.254036 0.15529 -0.954647
vn -0.514439 0.81497 0.266789
vn -0.441665 0.866853 0.231296
vn -0.456327 0.857265 0.238458
vn -0.456327 0.857265 0.238458
vn -0.514439 0.81497 0.266789
vn -0.514439 0.81497 0.266789
vn 0.254027 -0.155282 0.954651
vn 0.254027 -0.155282 0.954651
vn 0.0829288 -0.177025 0.980706
vn 0.0829288 -0.177025 0.980706
vn 0.0693568 -0.178507 0.981491
vn 0.254027 -0.155282 0.954651
vn 0.514439 -0.814968 -0.266795
vn 0.469109 -0.849157 -0.24263
vn 0.453767 -0.859724 -0.234458
vn 0.453767 -0.859724 -0.234458
vn 0.514439 -0.814968 -0.266795
vn 0.514439 -0.814968 -0.266795
vn 0.972449 0.0417489 -0.229345
vn 0.972449 0.0417489 -0.229345
vn 0.972449 0.0417489 -0.229345
vn 0.972449 0.0417489 -0.229345
vn 0.972449 0.0417489 -0.229345
vn 0.972449 0.0417489 -0.229345
vn -0.882505 -0.448551 0.141377
vn -0.882505 -0.448551 0.141377
vn -0.882505 -0.448551 0.141377
vn -0.882505 -0.448551 0.141377
vn -0.882505 -0.448551 0.141377
vn -0.882505 -0.448551 0.141377
vn 0.0693568 -0.178507 0.981491
vn 0.0829288 -0.177025 0.980706
vn -0.138113 -0.19686 0.970655
vn -0.138113 -0.19686 0.970655
vn -0.138113 -0.19686 0.970655
vn 0.0693568 -0.178507 0.981491
vn 0.38556 -0.901153 -0.198159
vn 0.38556 -0.901153 -0.198159
vn 0.453767 -0.859724 -0.234458
vn 0.453767 -0.859724 -0.234458
vn 0.469109 -0.849157 -0.24263
vn 0.38556 -0.901153 -0.198159
vn -0.0700318 0.178503 -0.981444
vn 0.139049 0.197057 -0.970481
vn 0.139049 0.197057 -0.970481
vn 0.139049 0.197057 -0.970481
vn -0.0818608 0.177208 -0.980763
vn -0.0700318 0.178503 -0.981444
vn -0.441665 0.866853 0.231296
vn -0.366653 0.909785 0.194569
vn -0.366653 0.909785 0.194569
vn -0.366653 0.909785 0.194569
vn -0.456327 0.857265 0.238458
vn -0.441665 0.866853 0.231296
vn 0.100057 0.75348 -0.649812
vn 0.0218772 0.532898 -0.845897
vn 0.0534472 0.627313 -0.776931
vn 0.0534472 0.627313 -0.776931
vn 0.100057 0.75348 -0.649812
vn 0.100057 0.75348 -0.649812
vn -0.989244 -0.0601599 -0.133333
vn -0.991314 -0.0450899 -0.123542
vn -0.99102 -0.0473859 -0.125036
vn -0.99102 -0.0473859 -0.125036
vn -0.989244 -0.0601599 -0.133333
vn -0.989244 -0.0601599 -0.133333
vn -0.0290832 -0.631479 0.774848
vn -0.0107272 -0.533255 0.845886
vn -0.0574852 -0.768573 0.637175
vn -0.0574852 -0.768573 0.637175
vn -0.0574852 -0.768573 0.637175
vn -0.0290832 -0.631479 0.774848
vn 0.989003 0.0637059 0.133468
vn 0.989448 0.0605169 0.131645
vn 0.985181 0.0879229 0.147268
vn 0.985181 0.0879229 0.147268
vn 0.985181 0.0879229 0.147268
vn 0.989003 0.0637059 0.133468
vn 0.774841 -0.57586 -0.260781
vn 0.774841 -0.57586 -0.260781
vn 0.774841 -0.57586 -0.260781
vn 0.774841 -0.57586 -0.260781
vn 0.774841 -0.57586 -0.260781
vn 0.774841 -0.57586 -0.260781
vn 0.662367 0.500004 0.557912
vn 0.662367 0.500004 0.557912
vn 0.662367 0.500004 0.557912
vn 0.662367 0.500004 0.557912
vn 0.662367 0.500004 0.557912
vn 0.662367 0.500004 0.557912
vn 0.0155768 -0.235067 0.971854
vn 0.0250008 -0.226424 0.973708
vn -0.0431052 -0.360082 0.931924
vn -0.0431052 -0.360082 0.931924
vn -0.0372312 -0.371957 0.927503
vn 0.0155768 -0.235067 0.971854
vn 0.994461 0.0129089 0.104311
vn 0.995373 -0.00136409 0.0960772
vn 0.99544 -0.00259709 0.0953591
vn 0.99544 -0.00259709 0.0953591
vn 0.994106 0.0175459 0.106985
vn 0.994461 0.0129089 0.104311
vn 0.0431142 0.360074 -0.931927
vn -0.0249868 0.226422 -0.973709
vn -0.0155628 0.235065 -0.971855
vn -0.0155628 0.235065 -0.971855
vn 0.0372392 0.371948 -0.927506
vn 0.0431142 0.360074 -0.931927
vn -0.994655 -0.0101549 -0.102757
vn -0.994434 -0.0132229 -0.104525
vn -0.996204 0.0217291 -0.0842972
vn -0.996204 0.0217291 -0.0842972
vn -0.996359 0.0285021 -0.0803581
vn -0.994655 -0.0101549 -0.102757
vn -0.996359 0.0285021 -0.0803581
vn -0.996204 0.0217291 -0.0842972
vn -0.996484 0.0413991 -0.0728412
vn -0.996484 0.0413991 -0.0728412
vn -0.996484 0.0413991 -0.0728412
vn -0.996359 0.0285021 -0.0803581
vn 0.0155768 -0.235067 0.971854
vn 0.0869318 -0.168584 0.981846
vn 0.0869318 -0.168584 0.981846
vn 0.0869318 -0.168584 0.981846
vn 0.0250008 -0.226424 0.973708
vn 0.0155768 -0.235067 0.971854
vn 0.995373 -0.00136409 0.0960772
vn 0.995192 0.00181191 0.0979251
vn 0.995192 0.00181191 0.0979251
vn 0.995192 0.00181191 0.0979251
vn 0.99544 -0.00259709 0.0953591
vn 0.995373 -0.00136409 0.0960772
vn -0.0155628 0.235065 -0.971855
vn -0.0249868 0.226422 -0.973709
vn -0.0869158 0.168584 -0.981848
vn -0.0869158 0.168584 -0.981848
vn -0.0869158 0.168584 -0.981848
vn -0.0155628 0.235065 -0.971855
vn -0.994434 -0.0132229 -0.104525
vn -0.994655 -0.0101549 -0.102757
vn -0.99102 -0.0473859 -0.125036
vn -0.99102 -0.0473859 -0.125036
vn -0.991314 -0.0450899 -0.123542
vn -0.994434 -0.0132229 -0.104525
vn -0.0107272 -0.533255 0.845886
vn -0.0290832 -0.631479 0.774848
vn -0.0372312 -0.371957 0.927503
vn -0.0372312 -0.371957 0.927503
vn -0.0431052 -0.360082 0.931924
vn -0.0107272 -0.533255 0.845886
vn 0.989003 0.0637059 0.133468
vn 0.994461 0.0129089 0.104311
vn 0.994106 0.0175459 0.106985
vn 0.994106 0.0175459 0.106985
vn 0.989448 0.0605169 0.131645
vn 0.989003 0.0637059 0.133468
vn 0.0218772 0.532898 -0.845897
vn 0.0431142 0.360074 -0.931927
vn 0.0372392 0.371948 -0.927506
vn 0.0372392 0.371948 -0.927506
vn 0.0534472 0.627313 -0.776931
vn 0.0218772 0.532898 -0.845897
vn -0.199261 -0.111076 -0.973631
vn -0.207208 -0.026236 -0.977945
vn -0.29446 -0.179253 -0.938702
vn 0.0 0.914691 0.404155
vn 0.0 0.891152 0.453705
vn 0.31825 0.846511 0.426773
vn 0.31825 0.846511 0.426773
vn 0.325192 0.864975 0.382189
vn 0.0 0.914691 0.404155
vn 0.831813 0.37962 0.40494
vn 0.809807 0.369577 0.455659
vn 0.873681 0.0 0.4865
vn 0.873681 0.0 0.4865
vn 0.899119 0.0 0.437704
vn 0.831813 0.37962 0.40494
vn 0.873681 0.0 0.4865
vn 0.80981 -0.369574 0.455656
vn 0.831815 -0.379617 0.404938
vn 0.831815 -0.379617 0.404938
vn 0.899119 0.0 0.437704
vn 0.873681 0.0 0.4865
vn 0.318252 -0.846514 0.426766
vn -1.46414e-07 -0.891155 0.453699
vn -1.40989e-07 -0.914696 0.404143
vn -1.40989e-07 -0.914696 0.404143
vn 0.325194 -0.86498 0.382176
vn 0.318252 -0.846514 0.426766
vn 0.0 0.891152 0.453705
vn 0.0 0.758251 0.651962
vn 0.31825 0.846511 0.426773
vn 0.809807 0.369577 0.455659
vn 0.725961 -3.06347e-06 0.687736
vn 0.873681 0.0 0.4865
vn 0.873681 0.0 0.4865
vn 0.725961 -3.06347e-06 0.687736
vn 0.80981 -0.369574 0.455656
vn 0.318252 -0.846514 0.426766
vn -1.64733e-07 -0.758242 0.651974
vn -1.46414e-07 -0.891155 0.453699
vn 0.0 0.914691 0.404155
vn -0.325192 0.864976 0.382187
vn -0.318251 0.846512 0.426772
vn -0.318251 0.846512 0.426772
vn 0.0 0.891152 0.453705
vn 0.0 0.914691 0.404155
vn -0.831813 0.379619 0.40494
vn -0.899119 0.0 0.437705
vn -0.87368 0.0 0.486501
vn -0.87368 0.0 0.486501
vn -0.809807 0.369577 0.455659
vn -0.831813 0.379619 0.40494
vn -0.831815 -0.379617 0.404939
vn -0.80981 -0.369574 0.455657
vn -0.87368 0.0 0.486501
vn -0.87368 0.0 0.486501
vn -0.899119 0.0 0.437705
vn -0.831815 -0.379617 0.404939
vn -1.40989e-07 -0.914696 0.404143
vn -1.46414e-07 -0.891155 0.453699
vn -0.318252 -0.846514 0.426767
vn -0.318252 -0.846514 0.426767
vn -0.325194 -0.864979 0.382178
vn -1.40989e-07 -0.914696 0.404143
vn 0.0 0.891152 0.453705
vn -0.318251 0.846512 0.426772
vn 0.0 0.758251 0.651962
vn -0.809807 0.369577 0.455659
vn -0.87368 0.0 0.486501
vn -0.725961 -2.93653e-06 0.687736
vn -0.87368 0.0 0.486501
vn -0.80981 -0.369574 0.455657
vn -0.725961 -2.93653e-06 0.687736
vn -0.318252 -0.846514 0.426767
vn -1.46414e-07 -0.891155 0.453699
vn -1.64733e-07 -0.758242 0.651974
vn -0.337107 0.926189 -0.168916
vn -0.350985 0.904949 -0.240577
vn -0.515598 0.856738 0.0125599
vn -0.515598 0.856738 0.0125599
vn -0.48528 0.872576 0.0558099
vn -0.337107 0.926189 -0.168916
vn -0.0884019 0.883499 -0.460016
vn -0.122742 0.863287 -0.489561
vn -0.350985 0.904949 -0.240577
vn -0.350985 0.904949 -0.240577
vn -0.337107 0.926189 -0.168916
vn -0.0884019 0.883499 -0.460016
vn 0.234427 0.0 -0.972134
vn 0.185924 -1.01625e-06 -0.982564
vn 0.167633 0.383345 -0.908265
vn 0.167633 0.383345 -0.908265
vn 0.215216 0.396459 -0.89247
vn 0.234427 0.0 -0.972134
vn 0.234427 0.0 -0.972134
vn 0.215215 -0.396465 -0.892467
vn 0.167632 -0.383352 -0.908263
vn 0.167632 -0.383352 -0.908263
vn 0.185924 -1.01625e-06 -0.982564
vn 0.234427 0.0 -0.972134
vn -0.088402 -0.883494 -0.460025
vn -0.337113 -0.926186 -0.16892
vn -0.350989 -0.904947 -0.24058
vn -0.350989 -0.904947 -0.24058
vn -0.12274 -0.863282 -0.489571
vn -0.088402 -0.883494 -0.460025
vn -0.337113 -0.926186 -0.16892
vn -0.485288 -0.872571 0.0558109
vn -0.515607 -0.856733 0.0125629
vn -0.515607 -0.856733 0.0125629
vn -0.350989 -0.904947 -0.24058
vn -0.337113 -0.926186 -0.16892
vn -0.810776 -0.383028 0.442642
vn -0.877712 0.0 0.479188
vn -0.908632 0.0 0.417598
vn -0.908632 0.0 0.417598
vn -0.844674 -0.375642 0.381337
vn -0.810776 -0.383028 0.442642
vn -0.810775 0.383025 0.442646
vn -0.844675 0.375638 0.38134
vn -0.908632 0.0 0.417598
vn -0.908632 0.0 0.417598
vn -0.877712 0.0 0.479188
vn -0.810775 0.383025 0.442646
vn -0.515598 0.856738 0.0125599
vn -0.350985 0.904949 -0.240577
vn -0.490389 0.751953 -0.440551
vn -0.350985 0.904949 -0.240577
vn -0.122742 0.863287 -0.489561
vn -0.490389 0.751953 -0.440551
vn 0.167633 0.383345 -0.908265
vn 0.185924 -1.01625e-06 -0.982564
vn -0.0309768 4.00271e-06 -0.99952
vn 0.185924 -1.01625e-06 -0.982564
vn 0.167632 -0.383352 -0.908263
vn -0.0309768 4.00271e-06 -0.99952
vn -0.12274 -0.863282 -0.489571
vn -0.350989 -0.904947 -0.24058
vn -0.490389 -0.751953 -0.440552
vn -0.350989 -0.904947 -0.24058
vn -0.515607 -0.856733 0.0125629
vn -0.490389 -0.751953 -0.440552
vn -0.844674 -0.375642 0.381337
vn -0.908632 0.0 0.417598
vn -0.998912 4.08733e-06 0.0466449
vn -0.908632 0.0 0.417598
vn -0.844675 0.375638 0.38134
vn -0.998912 4.08733e-06 0.0466449
vn 0.338933 0.0 -0.940811
vn 0.338933 0.0 -0.940811
vn 0.338933 0.0 -0.940811
vn 0.338933 0.0 -0.940811
vn 0.338933 0.0 -0.940811
vn 0.338933 0.0 -0.940811
vn 0.0 1.0 1e-06
vn 0.0 1.0 1e-06
vn 0.0 1.0 1e-06
vn 0.0 1.0 1e-06
vn 0.0 1.0 1e-06
vn 0.0 1.0 1e-06
vn -0.338939 0.0 0.940808
vn -0.338939 0.0 0.940808
vn -0.338939 0.0 0.940808
vn -0.338939 0.0 0.940808
vn -0.338939 0.0 0.940808
vn -0.338939 0.0 0.940808
vn 0.0 -1.0 3e-06
vn 0.0 -1.0 3e-06
vn 0.0 -1.0 3e-06
vn 0.0 -1.0 3e-06
vn 0.0 -1.0 3e-06
vn 0.0 -1.0 3e-06
vn -0.976028 0.0 -0.217645
vn -0.976028 0.0 -0.217645
vn -0.976028 0.0 -0.217645
vn -0.976028 0.0 -0.217645
vn -0.976028 0.0 -0.217645
vn -0.976028 0.0 -0.217645
vn 0.24893 0.0 -0.968522
vn 0.24893 0.0 -0.968522
vn 0.24893 0.0 -0.968522
vn 0.24893 0.0 -0.968522
vn 0.24893 0.0 -0.968522
vn 0.24893 0.0 -0.968522
vn 0.0 1.0 0.0
vn 0.0 1.0 0.0
vn 0.0 1.0 0.0
vn 0.0 1.0 0.0
vn 0.0 1.0 0.0
vn 0.0 1.0 0.0
vn -0.24892 0.0 0.968524
vn -0.24892 0.0 0.968524
vn -0.24892 0.0 0.968524
vn -0.24892 0.0 0.968524
vn -0.24892 0.0 0.968524
vn -0.24892 0.0 0.968524
vn 0.0 -1.0 0.0
vn 0.0 -1.0 0.0
vn 0.0 -1.0 0.0
vn 0.0 -1.0 0.0
vn 0.0 -1.0 0.0
vn 0.0 -1.0 0.0
vn 0.338932 0.0 -0.940811
vn 0.338932 0.0 -0.940811
vn 0.338932 0.0 -0.940811
vn 0.338932 0.0 -0.940811
vn 0.338932 0.0 -0.940811
vn 0.338932 0.0 -0.940811
vn 0.0 1.0 -4e-06
vn 0.0 1.0 -4e-06
vn 0.0 1.0 -4e-06
vn 0.0 1.0 -4e-06
vn 0.0 1.0 -4e-06
vn 0.0 1.0 -4e-06
vn -0.338938 0.0 0.940809
vn -0.338938 0.0 0.940809
vn -0.338938 0.0 0.940809
vn -0.338938 0.0 0.940809
vn -0.338938 0.0 0.940809
vn -0.338938 0.0 0.940809
vn 0.0 -1.0 8e-06
vn 0.0 -1.0 8e-06
vn 0.0 -1.0 8e-06
vn 0.0 -1.0 8e-06
vn 0.0 -1.0 8e-06
vn 0.0 -1.0 8e-06
vn -0.976029 0.0 -0.217642
vn -0.976029 0.0 -0.217642
vn -0.976029 0.0 -0.217642
vn -0.976029 0.0 -0.217642
vn -0.976029 0.0 -0.217642
vn -0.976029 0.0 -0.217642
vn 0.248929 0.0 -0.968522
vn 0.248929 0.0 -0.968522
vn 0.248929 0.0 -0.968522
vn 0.248929 0.0 -0.968522
vn 0.248929 0.0 -0.968522
vn 0.248929 0.0 -0.968522
vn 0.0 1.0 1.8e-05
vn 0.0 1.0 1.8e-05
vn 0.0 1.0 1.8e-05
vn 0.0 1.0 1.8e-05
vn 0.0 1.0 1.8e-05
vn 0.0 1.0 1.8e-05
vn -0.24892 0.0 0.968524
vn -0.24892 0.0 0.968524
vn -0.24892 0.0 0.968524
vn -0.24892 0.0 0.968524
vn -0.24892 0.0 0.968524
vn -0.24892 0.0 0.968524
vn 0.0 -1.0 -9e-06
vn 0.0 -1.0 -9e-06
vn 0.0 -1.0 -9e-06
vn 0.0 -1.0 -9e-06
vn 0.0 -1.0 -9e-06
vn 0.0 -1.0 -9e-06
vn 0.515598 0.856738 0.0125591
vn 0.350985 0.904949 -0.240577
vn 0.337108 0.926189 -0.168917
vn 0.337108 0.926189 -0.168917
vn 0.48528 0.872576 0.0558091
vn 0.515598 0.856738 0.0125591
vn 0.350985 0.904949 -0.240577
vn 0.122743 0.863287 -0.489561
vn 0.0884022 0.883499 -0.460016
vn 0.0884022 0.883499 -0.460016
vn 0.337108 0.926189 -0.168917
vn 0.350985 0.904949 -0.240577
vn -0.167633 0.383345 -0.908265
vn -0.185924 0.0 -0.982564
vn -0.234426 0.0 -0.972134
vn -0.234426 0.0 -0.972134
vn -0.215217 0.39646 -0.892469
vn -0.167633 0.383345 -0.908265
vn -0.234426 0.0 -0.972134
vn -0.185924 0.0 -0.982564
vn -0.167631 -0.383351 -0.908263
vn -0.167631 -0.383351 -0.908263
vn -0.215214 -0.396464 -0.892468
vn -0.234426 0.0 -0.972134
vn 0.088402 -0.883494 -0.460026
vn 0.12274 -0.863282 -0.489571
vn 0.350989 -0.904947 -0.240579
vn 0.350989 -0.904947 -0.240579
vn 0.337113 -0.926186 -0.168919
vn 0.088402 -0.883494 -0.460026
vn 0.337113 -0.926186 -0.168919
vn 0.350989 -0.904947 -0.240579
vn 0.515607 -0.856733 0.0125641
vn 0.515607 -0.856733 0.0125641
vn 0.485288 -0.872571 0.0558121
vn 0.337113 -0.926186 -0.168919
vn 0.810776 -0.383028 0.442642
vn 0.844674 -0.375642 0.381338
vn 0.908632 0.0 0.417599
vn 0.908632 0.0 0.417599
vn 0.877712 0.0 0.479189
vn 0.810776 -0.383028 0.442642
vn 0.908632 0.0 0.417599
vn 0.844675 0.375638 0.381341
vn 0.810775 0.383025 0.442646
vn 0.810775 0.383025 0.442646
vn 0.877712 0.0 0.479189
vn 0.908632 0.0 0.417599
vn 0.515598 0.856738 0.0125591
vn 0.490389 0.751953 -0.440551
vn 0.350985 0.904949 -0.240577
vn 0.350985 0.904949 -0.240577
vn 0.490389 0.751953 -0.440551
vn 0.122743 0.863287 -0.489561
vn -0.167633 0.383345 -0.908265
vn 0.0309772 3.99729e-06 -0.99952
vn -0.185924 0.0 -0.982564
vn -0.185924 0.0 -0.982564
vn 0.0309772 3.99729e-06 -0.99952
vn -0.167631 -0.383351 -0.908263
vn 0.12274 -0.863282 -0.489571
vn 0.490389 -0.751953 -0.440552
vn 0.350989 -0.904947 -0.240579
vn 0.350989 -0.904947 -0.240579
vn 0.490389 -0.751953 -0.440552
vn 0.515607 -0.856733 0.0125641
vn 0.844674 -0.375642 0.381338
vn 0.998912 3.91267e-06 0.0466451
vn 0.908632 0.0 0.417599
vn 0.908632 0.0 0.417599
vn 0.998912 3.91267e-06 0.0466451
vn 0.844675 0.375638 0.381341
vn -0.308536 0.910846 0.274163
vn -0.33828 0.88658 0.315504
vn -0.105076 0.84834 0.518921
vn -0.105076 0.84834 0.518921
vn -0.066382 0.867522 0.49295
vn -0.308536 0.910846 0.274163
vn -0.308536 0.910846 0.274163
vn -0.508181 0.860407 0.0381059
vn -0.534986 0.841788 0.0719879
vn -0.534986 0.841788 0.0719879
vn -0.33828 0.88658 0.315504
vn -0.308536 0.910846 0.274163
vn -0.875261 0.379968 -0.299238
vn -0.946228 0.0 -0.3235
vn -0.962247 0.0 -0.272179
vn -0.962247 0.0 -0.272179
vn -0.896258 0.36854 -0.246781
vn -0.875261 0.379968 -0.299238
vn -0.875262 -0.379965 -0.299238
vn -0.896259 -0.368536 -0.246781
vn -0.962247 0.0 -0.272179
vn -0.962247 0.0 -0.272179
vn -0.946228 0.0 -0.3235
vn -0.875262 -0.379965 -0.299238
vn -0.308529 -0.91085 0.274158
vn -0.338276 -0.886582 0.315502
vn -0.534983 -0.841791 0.0719819
vn -0.534983 -0.841791 0.0719819
vn -0.508176 -0.86041 0.0380969
vn -0.308529 -0.91085 0.274158
vn -0.0663741 -0.867523 0.492949
vn -0.105071 -0.84834 0.518922
vn -0.338276 -0.886582 0.315502
vn -0.338276 -0.886582 0.315502
vn -0.308529 -0.91085 0.274158
vn -0.0663741 -0.867523 0.492949
vn 0.269396 -0.388772 0.881069
vn 0.292395 -1.02556e-06 0.956298
vn 0.236676 0.0 0.971589
vn 0.236676 0.0 0.971589
vn 0.21491 -0.378205 0.90043
vn 0.269396 -0.388772 0.881069
vn 0.269391 0.388773 0.88107
vn 0.214907 0.378208 0.90043
vn 0.236676 0.0 0.971589
vn 0.236676 0.0 0.971589
vn 0.292395 -1.02556e-06 0.956298
vn 0.269391 0.388773 0.88107
vn -0.105076 0.84834 0.518921
vn -0.33828 0.88658 0.315504
vn -0.485574 0.750295 0.448638
vn -0.33828 0.88658 0.315504
vn -0.534986 0.841788 0.0719879
vn -0.485574 0.750295 0.448638
vn -0.896258 0.36854 -0.246781
vn -0.962247 0.0 -0.272179
vn -0.999588 -3.91261e-06 -0.0287162
vn -0.962247 0.0 -0.272179
vn -0.896259 -0.368536 -0.246781
vn -0.999588 -3.91261e-06 -0.0287162
vn -0.534983 -0.841791 0.0719819
vn -0.338276 -0.886582 0.315502
vn -0.485579 -0.750287 0.448644
vn -0.338276 -0.886582 0.315502
vn -0.105071 -0.84834 0.518922
vn -0.485579 -0.750287 0.448644
vn 0.21491 -0.378205 0.90043
vn 0.236676 0.0 0.971589
vn -0.0232282 -3.99797e-06 0.99973
vn 0.236676 0.0 0.971589
vn 0.214907 0.378208 0.90043
vn -0.0232282 -3.99797e-06 0.99973
vn -1.67003e-07 -0.228997 0.973427
vn -1.73649e-07 -0.414414 0.910089
vn -1.72841e-07 -0.378096 0.925766
vn -1.72841e-07 -0.378096 0.925766
vn -1.67003e-07 -0.228997 0.973427
vn -1.67003e-07 -0.228997 0.973427
vn -1.73649e-07 -0.414414 0.910089
vn -1.59234e-07 -0.811043 0.584987
vn -1.61391e-07 -0.792315 0.610112
vn -1.61391e-07 -0.792315 0.610112
vn -1.72841e-07 -0.378096 0.925766
vn -1.73649e-07 -0.414414 0.910089
vn -1.59234e-07 -0.811043 0.584987
vn -1.27695e-07 -0.956438 0.291935
vn -1.27695e-07 -0.956438 0.291935
vn -1.27695e-07 -0.956438 0.291935
vn -1.61391e-07 -0.792315 0.610112
vn -1.59234e-07 -0.811043 0.584987
vn 0.011506 -0.954723 -0.297275
vn 0.0 -0.954786 -0.297295
vn 0.0 -0.811606 -0.584205
vn 0.0 -0.811606 -0.584205
vn 0.033774 -0.811003 -0.584066
vn 0.011506 -0.954723 -0.297275
vn 0.033774 -0.811003 -0.584066
vn 0.0 -0.811606 -0.584205
vn 0.0 -0.426784 -0.904354
vn 0.0 -0.426784 -0.904354
vn 0.0495811 -0.412369 -0.909667
vn 0.033774 -0.811003 -0.584066
vn 0.0495811 -0.412369 -0.909667
vn 0.0 -0.426784 -0.904354
vn 1.26474e-07 -0.232969 -0.972484
vn 1.26474e-07 -0.232969 -0.972484
vn 0.0487881 -0.232692 -0.971326
vn 0.0495811 -0.412369 -0.909667
vn 0.968898 -0.238481 -0.0660579
vn 0.968898 -0.238481 -0.0660579
vn 0.968635 -0.241032 -0.0604139
vn 0.968635 -0.241032 -0.0604139
vn 0.968631 -0.241067 -0.0603379
vn 0.968898 -0.238481 -0.0660579
vn 0.966693 -0.25311 -0.0379599
vn 0.966668 -0.253205 -0.0379469
vn 0.968631 -0.241067 -0.0603379
vn 0.968631 -0.241067 -0.0603379
vn 0.968635 -0.241032 -0.0604139
vn 0.966693 -0.25311 -0.0379599
vn 0.966668 -0.253205 -0.0379469
vn 0.966693 -0.25311 -0.0379599
vn 0.931178 -0.363903 -0.0219379
vn -1.72841e-07 -0.378096 0.925766
vn -1.73649e-07 -0.414414 0.910089
vn -1.67003e-07 -0.228997 0.973427
vn -1.67003e-07 -0.228997 0.973427
vn -1.67003e-07 -0.228997 0.973427
vn -1.72841e-07 -0.378096 0.925766
vn -1.61391e-07 -0.792315 0.610112
vn -1.59234e-07 -0.811043 0.584987
vn -1.73649e-07 -0.414414 0.910089
vn -1.73649e-07 -0.414414 0.910089
vn -1.72841e-07 -0.378096 0.925766
vn -1.61391e-07 -0.792315 0.610112
vn -1.27695e-07 -0.956438 0.291935
vn -1.27695e-07 -0.956438 0.291935
vn -1.59234e-07 -0.811043 0.584987
vn -1.59234e-07 -0.811043 0.584987
vn -1.61391e-07 -0.792315 0.610112
vn -1.27695e-07 -0.956438 0.291935
vn -0.011506 -0.954723 -0.297275
vn -0.033774 -0.811003 -0.584066
vn 0.0 -0.811606 -0.584205
vn 0.0 -0.811606 -0.584205
vn 0.0 -0.954786 -0.297295
vn -0.011506 -0.954723 -0.297275
vn -0.033774 -0.811003 -0.584066
vn -0.0495809 -0.412369 -0.909667
vn 0.0 -0.426784 -0.904354
vn 0.0 -0.426784 -0.904354
vn 0.0 -0.811606 -0.584205
vn -0.033774 -0.811003 -0.584066
vn -0.0495809 -0.412369 -0.909667
vn -0.0487879 -0.232692 -0.971326
vn 1.26474e-07 -0.232969 -0.972484
vn 1.26474e-07 -0.232969 -0.972484
vn 0.0 -0.426784 -0.904354
vn -0.0495809 -0.412369 -0.909667
vn -0.968898 -0.238481 -0.0660582
vn -0.968631 -0.241067 -0.0603381
vn -0.968635 -0.241032 -0.0604141
vn -0.968635 -0.241032 -0.0604141
vn -0.968898 -0.238481 -0.0660582
vn -0.968898 -0.238481 -0.0660582
vn -0.966693 -0.25311 -0.0379601
vn -0.968635 -0.241032 -0.0604141
vn -0.968631 -0.241067 -0.0603381
vn -0.968631 -0.241067 -0.0603381
vn -0.966668 -0.253205 -0.0379471
vn -0.966693 -0.25311 -0.0379601
vn -0.966668 -0.253205 -0.0379471
vn -0.931178 -0.363903 -0.0219381
vn -0.966693 -0.25311 -0.0379601
vn -0.0661272 0.026543 0.997458
vn -0.0661272 0.026543 0.997458
vn -0.0661272 0.026543 0.997458
vn -0.0661272 0.026543 0.997458
vn -0.0661272 0.026543 0.997458
vn -0.0661272 0.026543 0.997458
vn 0.000102087 1.0 0.0
vn 0.000102087 1.0 0.0
vn 0.000102087 1.0 0.0
vn 0.000209913 -1.0 5.3e-05
vn 0.000209913 -1.0 5.3e-05
vn 0.000209913 -1.0 5.3e-05
vn 0.227966 0.050141 0.972377
vn 0.486373 0.086929 0.869416
vn 0.450298 0.082536 0.889055
vn 0.450298 0.082536 0.889055
vn 0.214929 0.047699 0.975464
vn 0.227966 0.050141 0.972377
vn 0.486373 0.086929 0.869416
vn 0.818585 0.105562 0.564602
vn 0.80289 0.105794 0.586664
vn 0.80289 0.105794 0.586664
vn 0.450298 0.082536 0.889055
vn 0.486373 0.086929 0.869416
vn 0.818585 0.105562 0.564602
vn 0.99295 0.117347 0.0167451
vn 0.991856 0.116218 0.0521102
vn 0.991856 0.116218 0.0521102
vn 0.80289 0.105794 0.586664
vn 0.818585 0.105562 0.564602
vn 0.99295 0.117347 0.0167451
vn 0.846963 0.100485 -0.522069
vn 0.856086 0.102044 -0.50666
vn 0.856086 0.102044 -0.50666
vn 0.991856 0.116218 0.0521102
vn 0.99295 0.117347 0.0167451
vn 0.846963 0.100485 -0.522069
vn 0.574156 0.03875 -0.817829
vn 0.577428 0.0396839 -0.815477
vn 0.577428 0.0396839 -0.815477
vn 0.856086 0.102044 -0.50666
vn 0.846963 0.100485 -0.522069
vn 0.574156 0.03875 -0.817829
vn 0.321036 -0.00891903 -0.947025
vn 0.319663 -0.00906203 -0.947488
vn 0.319663 -0.00906203 -0.947488
vn 0.577428 0.0396839 -0.815477
vn 0.574156 0.03875 -0.817829
vn 0.130745 0.0319 0.990903
vn 0.227966 0.050141 0.972377
vn 0.214929 0.047699 0.975464
vn 0.214929 0.047699 0.975464
vn 0.130745 0.0319 0.990903
vn 0.130745 0.0319 0.990903
vn 0.321036 -0.00891903 -0.947025
vn 1.48519e-07 -0.027673 -0.999617
vn 1.48519e-07 -0.027673 -0.999617
vn 1.48519e-07 -0.027673 -0.999617
vn 0.319663 -0.00906203 -0.947488
vn 0.321036 -0.00891903 -0.947025
vn 0.0661269 0.026543 0.997458
vn 0.0661269 0.026543 0.997458
vn 0.0661269 0.026543 0.997458
vn 0.0661269 0.026543 0.997458
vn 0.0661269 0.026543 0.997458
vn 0.0661269 0.026543 0.997458
vn -4.09126e-05 1.0 -1.2e-05
vn -4.09126e-05 1.0 -1.2e-05
vn -4.09126e-05 1.0 -1.2e-05
vn -4.89126e-05 1.0 -2.00001e-06
vn -4.89126e-05 1.0 -2.00001e-06
vn -4.89126e-05 1.0 -2.00001e-06
vn -4.29126e-05 1.0 -1.8e-05
vn -4.29126e-05 1.0 -1.8e-05
vn -4.29126e-05 1.0 -1.8e-05
vn -4.29126e-05 1.0 -2.5e-05
vn -4.29126e-05 1.0 -2.5e-05
vn -4.29126e-05 1.0 -2.5e-05
vn -2.99126e-05 1.0 2.9e-05
vn -2.99126e-05 1.0 2.9e-05
vn -2.99126e-05 1.0 2.9e-05
vn -7.39126e-05 1.0 -3.4e-05
vn -7.39126e-05 1.0 -3.4e-05
vn -7.39126e-05 1.0 -3.4e-05
vn -4.69126e-05 1.0 -9.00001e-06
vn -4.69126e-05 1.0 -9.00001e-06
vn -4.69126e-05 1.0 -9.00001e-06
vn -0.000142913 1.0 -6.5e-05
vn -0.000142913 1.0 -6.5e-05
vn -0.000142913 1.0 -6.5e-05
vn -0.000101913 1.0 0.0
vn -0.000101913 1.0 0.0
vn -0.000101913 1.0 0.0
vn -3.60874e-05 -1.0 6.99999e-06
vn -3.60874e-05 -1.0 6.99999e-06
vn -3.60874e-05 -1.0 6.99999e-06
vn -1.70874e-05 -1.0 -2e-05
vn -1.70874e-05 -1.0 -2e-05
vn -1.70874e-05 -1.0 -2e-05
vn -2.20874e-05 -1.0 -8e-06
vn -2.20874e-05 -1.0 -8e-06
vn -2.20874e-05 -1.0 -8e-06
vn -2.20874e-05 -1.0 7e-06
vn -2.20874e-05 -1.0 7e-06
vn -2.20874e-05 -1.0 7e-06
vn -2.90874e-05 -1.0 -1.8e-05
vn -2.90874e-05 -1.0 -1.8e-05
vn -2.90874e-05 -1.0 -1.8e-05
vn -6.20874e-05 -1.0 -6.2e-05
vn -6.20874e-05 -1.0 -6.2e-05
vn -6.20874e-05 -1.0 -6.2e-05
vn -7.10874e-05 -1.0 3e-05
vn -7.10874e-05 -1.0 3e-05
vn -7.10874e-05 -1.0 3e-05
vn -0.000209087 -1.0 -0.000128
vn -0.000209087 -1.0 -0.000128
vn -0.000209087 -1.0 -0.000128
vn -0.000210087 -1.0 5.3e-05
vn -0.000210087 -1.0 5.3e-05
vn -0.000210087 -1.0 5.3e-05
vn 0.0661269 0.026543 0.997458
vn 0.0661269 0.026543 0.997458
vn 0.0661269 0.026543 0.997458
vn 0.0661269 0.026543 0.997458
vn 0.0661269 0.026543 0.997458
vn 0.0661269 0.026543 0.997458
vn -0.000101913 1.0 0.0
vn -0.000101913 1.0 0.0
vn -0.000101913 1.0 0.0
vn -0.000210087 -1.0 5.3e-05
vn -0.000210087 -1.0 5.3e-05
vn -0.000210087 -1.0 5.3e-05
vn -0.450298 0.082536 0.889055
vn -0.486373 0.086929 0.869416
vn -0.227965 0.050141 0.972377
vn -0.227965 0.050141 0.972377
vn -0.214929 0.047699 0.975464
vn -0.450298 0.082536 0.889055
vn -0.80289 0.105794 0.586664
vn -0.818585 0.105562 0.564602
vn -0.486373 0.086929 0.869416
vn -0.486373 0.086929 0.869416
vn -0.450298 0.082536 0.889055
vn -0.80289 0.105794 0.586664
vn -0.991856 0.116218 0.0521099
vn -0.99295 0.117347 0.0167449
vn -0.818585 0.105562 0.564602
vn -0.818585 0.105562 0.564602
vn -0.80289 0.105794 0.586664
vn -0.991856 0.116218 0.0521099
vn -0.856086 0.102044 -0.50666
vn -0.846963 0.100485 -0.522069
vn -0.99295 0.117347 0.0167449
vn -0.99295 0.117347 0.0167449
vn -0.991856 0.116218 0.0521099
vn -0.856086 0.102044 -0.50666
vn -0.577428 0.0396841 -0.815476
vn -0.574156 0.03875 -0.817829
vn -0.846963 0.100485 -0.522069
vn -0.846963 0.100485 -0.522069
vn -0.856086 0.102044 -0.50666
vn -0.577428 0.0396841 -0.815476
vn -0.319663 -0.00906197 -0.947488
vn -0.321036 -0.00891897 -0.947025
vn -0.574156 0.03875 -0.817829
vn -0.574156 0.03875 -0.817829
vn -0.577428 0.0396841 -0.815476
vn -0.319663 -0.00906197 -0.947488
vn -0.214929 0.047699 0.975464
vn -0.227965 0.050141 0.972377
vn -0.130745 0.0319 0.990903
vn -0.130745 0.0319 0.990903
vn -0.130745 0.0319 0.990903
vn -0.214929 0.047699 0.975464
vn 1.48519e-07 -0.027673 -0.999617
vn 1.48519e-07 -0.027673 -0.999617
vn -0.321036 -0.00891897 -0.947025
vn -0.321036 -0.00891897 -0.947025
vn -0.319663 -0.00906197 -0.947488
vn 1.48519e-07 -0.027673 -0.999617
vn -0.0661272 0.026543 0.997458
vn -0.0661272 0.026543 0.997458
vn -0.0661272 0.026543 0.997458
vn -0.0661272 0.026543 0.997458
vn -0.0661272 0.026543 0.997458
vn -0.0661272 0.026543 0.997458
vn 4.10874e-05 1.0 -1.2e-05
vn 4.10874e-05 1.0 -1.2e-05
vn 4.10874e-05 1.0 -1.2e-05
vn 4.90874e-05 1.0 -1.99999e-06
vn 4.90874e-05 1.0 -1.99999e-06
vn 4.90874e-05 1.0 -1.99999e-06
vn 4.30874e-05 1.0 -1.7e-05
vn 4.30874e-05 1.0 -1.7e-05
vn 4.30874e-05 1.0 -1.7e-05
vn 4.30874e-05 1.0 -2.5e-05
vn 4.30874e-05 1.0 -2.5e-05
vn 4.30874e-05 1.0 -2.5e-05
vn 3.00874e-05 1.0 2.9e-05
vn 3.00874e-05 1.0 2.9e-05
vn 3.00874e-05 1.0 2.9e-05
vn 7.40874e-05 1.0 -3.4e-05
vn 7.40874e-05 1.0 -3.4e-05
vn 7.40874e-05 1.0 -3.4e-05
vn 4.70874e-05 1.0 -8.99999e-06
vn 4.70874e-05 1.0 -8.99999e-06
vn 4.70874e-05 1.0 -8.99999e-06
vn 0.000143087 1.0 -6.5e-05
vn 0.000143087 1.0 -6.5e-05
vn 0.000143087 1.0 -6.5e-05
vn 0.000102087 1.0 0.0
vn 0.000102087 1.0 0.0
vn 0.000102087 1.0 0.0
vn 3.59126e-05 -1.0 7.00001e-06
vn 3.59126e-05 -1.0 7.00001e-06
vn 3.59126e-05 -1.0 7.00001e-06
vn 1.69126e-05 -1.0 -2e-05
vn 1.69126e-05 -1.0 -2e-05
vn 1.69126e-05 -1.0 -2e-05
vn 2.19126e-05 -1.0 -8e-06
vn 2.19126e-05 -1.0 -8e-06
vn 2.19126e-05 -1.0 -8e-06
vn 2.19126e-05 -1.0 7e-06
vn 2.19126e-05 -1.0 7e-06
vn 2.19126e-05 -1.0 7e-06
vn 2.89126e-05 -1.0 -1.8e-05
vn 2.89126e-05 -1.0 -1.8e-05
vn 2.89126e-05 -1.0 -1.8e-05
vn 6.19126e-05 -1.0 -6.2e-05
vn 6.19126e-05 -1.0 -6.2e-05
vn 6.19126e-05 -1.0 -6.2e-05
vn 7.09126e-05 -1.0 3e-05
vn 7.09126e-05 -1.0 3e-05
vn 7.09126e-05 -1.0 3e-05
vn 0.000208913 -1.0 -0.000128
vn 0.000208913 -1.0 -0.000128
vn 0.000208913 -1.0 -0.000128
vn 0.000209913 -1.0 5.3e-05
vn 0.000209913 -1.0 5.3e-05
vn 0.000209913 -1.0 5.3e-05
vn 0.105076 0.848338 0.518924
vn 0.33828 0.886579 0.315506
vn 0.308536 0.910845 0.274165
vn 0.308536 0.910845 0.274165
vn 0.066382 0.867519 0.492954
vn 0.105076 0.848338 0.518924
vn 0.308536 0.910845 0.274165
vn 0.33828 0.886579 0.315506
vn 0.534986 0.841789 0.0719881
vn 0.534986 0.841789 0.0719881
vn 0.508181 0.860407 0.0381061
vn 0.308536 0.910845 0.274165
vn 0.875261 0.379967 -0.299238
vn 0.896258 0.368539 -0.246781
vn 0.962247 0.0 -0.272179
vn 0.962247 0.0 -0.272179
vn 0.946228 0.0 -0.323501
vn 0.875261 0.379967 -0.299238
vn 0.962247 0.0 -0.272179
vn 0.896259 -0.368535 -0.246782
vn 0.875262 -0.379965 -0.299239
vn 0.875262 -0.379965 -0.299239
vn 0.946228 0.0 -0.323501
vn 0.962247 0.0 -0.272179
vn 0.534983 -0.841791 0.0719811
vn 0.338276 -0.886583 0.3155
vn 0.308529 -0.91085 0.274156
vn 0.308529 -0.91085 0.274156
vn 0.508175 -0.860411 0.0380961
vn 0.534983 -0.841791 0.0719811
vn 0.338276 -0.886583 0.3155
vn 0.105071 -0.848341 0.51892
vn 0.0663749 -0.867524 0.492946
vn 0.0663749 -0.867524 0.492946
vn 0.308529 -0.91085 0.274156
vn 0.338276 -0.886583 0.3155
vn -0.269394 -0.388771 0.88107
vn -0.214908 -0.378205 0.900431
vn -0.236675 0.0 0.971589
vn -0.236675 0.0 0.971589
vn -0.292395 0.0 0.956298
vn -0.269394 -0.388771 0.88107
vn -0.236675 0.0 0.971589
vn -0.214907 0.378208 0.90043
vn -0.269392 0.388773 0.881069
vn -0.269392 0.388773 0.881069
vn -0.292395 0.0 0.956298
vn -0.236675 0.0 0.971589
vn 0.105076 0.848338 0.518924
vn 0.485573 0.750295 0.448639
vn 0.33828 0.886579 0.315506
vn 0.33828 0.886579 0.315506
vn 0.485573 0.750295 0.448639
vn 0.534986 0.841789 0.0719881
vn 0.896258 0.368539 -0.246781
vn 0.999588 -3.08739e-06 -0.0287158
vn 0.962247 0.0 -0.272179
vn 0.962247 0.0 -0.272179
vn 0.999588 -3.08739e-06 -0.0287158
vn 0.896259 -0.368535 -0.246782
vn 0.534983 -0.841791 0.0719811
vn 0.485579 -0.750288 0.448644
vn 0.338276 -0.886583 0.3155
vn 0.338276 -0.886583 0.3155
vn 0.485579 -0.750288 0.448644
vn 0.105071 -0.848341 0.51892
vn -0.214908 -0.378205 0.900431
vn 0.0232278 -3.00203e-06 0.99973
vn -0.236675 0.0 0.971589
vn -0.236675 0.0 0.971589
vn 0.0232278 -3.00203e-06 0.99973
vn -0.214907 0.378208 0.90043
vn 0.120066 0.0 0.992766
vn 0.120066 0.0 0.992766
vn 0.120066 0.0 0.992766
vn 0.120066 0.0 0.992766
vn 0.120066 0.0 0.992766
vn 0.120066 0.0 0.992766
vn -0.0914438 0.647449 -0.756602
vn -0.0914438 0.647449 -0.756602
vn -0.0914438 0.647449 -0.756603
vn -0.0914438 0.647449 -0.756603
vn -0.0914438 0.647449 -0.756603
vn -0.0914438 0.647449 -0.756602
vn 9.80874e-05 1.0 -1.5e-05
vn 9.80874e-05 1.0 -1.5e-05
vn 9.80874e-05 1.0 -1.5e-05
vn 9.80874e-05 1.0 -1.5e-05
vn 9.80874e-05 1.0 -1.5e-05
vn 9.80874e-05 1.0 -1.5e-05
vn 0.991241 1.91334e-06 -0.132064
vn 0.991241 1.91334e-06 -0.132064
vn 0.991241 1.91334e-06 -0.132064
vn 0.991241 1.91334e-06 -0.132064
vn 0.991241 1.91334e-06 -0.132064
vn 0.991241 1.91334e-06 -0.132064
vn 0.000275913 -1.0 -3.9e-05
vn 0.000275913 -1.0 -3.9e-05
vn 0.000275913 -1.0 -3.9e-05
vn 0.000275913 -1.0 -3.9e-05
vn 0.000275913 -1.0 -3.9e-05
vn 0.000275913 -1.0 -3.9e-05
vn -0.991242 -2.19133e-05 0.132059
vn -0.991242 -2.19133e-05 0.132059
vn -0.991242 -2.19133e-05 0.132059
vn -0.991242 -2.19133e-05 0.132059
vn -0.991242 -2.19133e-05 0.132059
vn -0.991242 -2.19133e-05 0.132059
vn -0.0913629 -0.647354 -0.756694
vn -0.0913629 -0.647354 -0.756694
vn -0.0913629 -0.647354 -0.756694
vn -0.0913629 -0.647354 -0.756694
vn -0.0913629 -0.647354 -0.756694
vn -0.0913629 -0.647354 -0.756694
vn -0.991242 2.20867e-05 0.132059
vn -0.991242 2.20867e-05 0.132059
vn -0.991242 2.20867e-05 0.132059
vn -0.991242 2.20867e-05 0.132059
vn -0.991242 2.20867e-05 0.132059
vn -0.991242 2.20867e-05 0.132059
vn 0.120066 0.0 0.992766
vn 0.120066 0.0 0.992766
vn 0.120066 0.0 0.992766
vn 0.120066 0.0 0.992766
vn 0.120066 0.0 0.992766
vn 0.120066 0.0 0.992766
vn 0.991241 -2.08666e-06 -0.132064
vn 0.991241 -2.08666e-06 -0.132064
vn 0.991241 -2.08666e-06 -0.132064
vn 0.991241 -2.08666e-06 -0.132064
vn 0.991241 -2.08666e-06 -0.132064
vn 0.991241 -2.08666e-06 -0.132064
vn -0.120067 0.0 -0.992766
vn -0.120067 0.0 -0.992766
vn -0.120067 0.0 -0.992766
vn -0.120067 0.0 -0.992766
vn -0.120067 0.0 -0.992766
vn -0.120067 0.0 -0.992766
vn -0.991242 0.0 0.132055
vn -0.991242 0.0 0.132055
vn -0.991242 0.0 0.132055
vn -0.991242 0.0 0.132055
vn -0.991242 0.0 0.132055
vn -0.991242 0.0 0.132055
vn 0.120066 0.0 0.992766
vn 0.120066 0.0 0.992766
vn 0.120066 0.0 0.992766
vn 0.120066 0.0 0.992766
vn 0.120066 0.0 0.992766
vn 0.120066 0.0 0.992766
vn 0.991241 0.0 -0.132064
vn 0.991241 0.0 -0.132064
vn 0.991241 0.0 -0.132064
vn 0.991241 0.0 -0.132064
vn 0.991241 0.0 -0.132064
vn 0.991241 0.0 -0.132064
vn 0.805073 0.582753 0.110708
vn 0.805073 0.582753 0.110708
vn 0.805073 0.582753 0.110708
vn 0.805073 0.582753 0.110708
vn 0.805073 0.582753 0.110708
vn 0.805073 0.582753 0.110708
vn -0.000235087 -1.0 -2.1e-05
vn -0.000235087 -1.0 -2.1e-05
vn -0.000235087 -1.0 -2.1e-05
vn -0.000235087 -1.0 -2.1e-05
vn -0.000235087 -1.0 -2.1e-05
vn -0.000235087 -1.0 -2.1e-05
vn -0.812434 0.581141 -0.0471921
vn -0.812434 0.58114 -0.0471921
vn -0.812434 0.581141 -0.0471921
vn -0.812434 0.581141 -0.0471921
vn -0.812434 0.581141 -0.0471921
vn -0.812434 0.581141 -0.0471921
vn -0.000177913 1.0 -1.5e-05
vn -0.000177913 1.0 -1.5e-05
vn -0.000177913 1.0 -1.5e-05
vn -0.000177913 1.0 -1.5e-05
vn -0.000177913 1.0 -1.5e-05
vn -0.000177913 1.0 -1.5e-05
vn -0.812884 -0.580509 -0.0472181
vn -0.812883 -0.580509 -0.0472181
vn -0.812883 -0.580509 -0.0472181
vn -0.812883 -0.580509 -0.0472181
vn -0.812883 -0.580509 -0.0472181
vn -0.812884 -0.580509 -0.0472181
vn 0.804956 -0.582918 0.110689
vn 0.804956 -0.582918 0.110689
vn 0.804956 -0.582918 0.110689
vn 0.804956 -0.582918 0.110689
vn 0.804956 -0.582918 0.110689
vn 0.804956 -0.582918 0.110689
vn -0.993575 0.0954831 -0.0607531
vn -0.993575 0.0954831 -0.0607531
vn -0.993575 0.0954831 -0.0607531
vn -0.993575 0.0954831 -0.0607531
vn -0.993575 0.0954831 -0.0607531
vn -0.993575 0.0954831 -0.0607531
vn 0.988082 0.0685439 0.137828
vn 0.988082 0.0685439 0.137828
vn 0.988082 0.0685439 0.137828
vn 0.988082 0.0685439 0.137828
vn 0.988082 0.0685439 0.137828
vn 0.988082 0.0685439 0.137828
vn 0.570687 0.404376 -0.714701
vn 0.570687 0.404376 -0.7147
vn 0.570687 0.404376 -0.714701
vn -0.406685 0.389074 -0.826576
vn -0.406685 0.389074 -0.826576
vn -0.406685 0.389074 -0.826576
vn 0.0765712 0.738378 -0.670026
vn 0.0765712 0.738378 -0.670026
vn 0.0765712 0.738378 -0.670026
vn 0.0765712 0.738378 -0.670026
vn 0.0765712 0.738378 -0.670026
vn 0.0765712 0.738378 -0.670026
vn 0.0765 -0.738302 -0.670117
vn 0.0765 -0.738302 -0.670117
vn 0.0765 -0.738302 -0.670117
vn 0.0765 -0.738302 -0.670117
vn 0.0765 -0.738302 -0.670117
vn 0.0765 -0.738302 -0.670117
vn -0.406918 -0.388614 -0.826678
vn -0.406918 -0.388614 -0.826678
vn -0.406918 -0.388614 -0.826678
vn 0.57064 -0.404517 -0.714658
vn 0.57064 -0.404517 -0.714658
vn 0.57064 -0.404517 -0.714658
vn -0.417573 0.040408 -0.907744
vn -0.417573 0.040408 -0.907744
vn -0.417573 0.040408 -0.907744
vn -0.417573 0.040408 -0.907744
vn -0.417573 0.040408 -0.907744
vn -0.417573 0.040408 -0.907744
vn 0.608529 0.0248479 -0.793142
vn 0.608529 0.0248479 -0.793142
vn 0.608529 0.0248479 -0.793142
vn 0.608529 0.0248479 -0.793142
vn 0.608529 0.0248479 -0.793142
vn 0.608529 0.0248479 -0.793142
vn 0.113939 -3.401e-05 -0.993488
vn 0.113939 -3.401e-05 -0.993488
vn 0.113939 -3.401e-05 -0.993488
vn 0.113939 -3.401e-05 -0.993488
vn 0.113939 -3.401e-05 -0.993488
vn 0.113939 -3.401e-05 -0.993488
vn 0.11394 3.399e-05 -0.993488
vn 0.11394 3.399e-05 -0.993488
vn 0.11394 3.399e-05 -0.993488
vn 0.11394 3.399e-05 -0.993488
vn 0.11394 3.399e-05 -0.993488
vn 0.11394 3.399e-05 -0.993488
vn 0.143846 -0.00873001 -0.989562
vn 0.143846 -0.00873001 -0.989562
vn 0.143846 -0.00873001 -0.989562
vn 0.143846 -0.00873001 -0.989562
vn 0.143846 -0.00873001 -0.989562
vn 0.143846 -0.00873001 -0.989562
vn 0.0719301 -0.013163 -0.997323
vn 0.0719301 -0.013163 -0.997323
vn 0.0719301 -0.013163 -0.997323
vn 0.0719301 -0.013163 -0.997323
vn 0.0719301 -0.013163 -0.997323
vn 0.0719301 -0.013163 -0.997323
vn 0.000116913 -1.0 1.1e-05
vn 0.000116913 -1.0 1.1e-05
vn 0.000116913 -1.0 1.1e-05
vn 0.000116913 -1.0 1.1e-05
vn 0.000116913 -1.0 1.1e-05
vn 0.000116913 -1.0 1.1e-05
vn 0.000231087 1.0 2.9e-05
vn 0.000231087 1.0 2.9e-05
vn 0.000231087 1.0 2.9e-05
vn 0.000231087 1.0 2.9e-05
vn 0.000231087 1.0 2.9e-05
vn 0.000231087 1.0 2.9e-05
vn 0.993692 -0.0127491 0.111413
vn 0.993692 -0.0127491 0.111413
vn 0.993692 -0.0127491 0.111413
vn 0.993692 -0.0127491 0.111413
vn 0.993692 -0.0127491 0.111413
vn 0.993692 -0.0127491 0.111413
vn -0.993413 -0.0268589 -0.111398
vn -0.993413 -0.0268589 -0.111398
vn -0.993413 -0.0268589 -0.111398
vn -0.993413 -0.0268589 -0.111398
vn -0.993413 -0.0268589 -0.111398
vn -0.993413 -0.0268589 -0.111398
vn 0.99273 0.0440659 0.112005
vn 0.99273 0.0440659 0.112005
vn 0.99273 0.0440659 0.112005
vn 0.99273 0.0440659 0.112005
vn 0.99273 0.0440659 0.112005
vn 0.99273 0.0440659 0.112005
vn 0.118035 0.013149 -0.992922
vn 0.118035 0.013149 -0.992922
vn 0.118035 0.013149 -0.992922
vn 0.118035 0.013149 -0.992922
vn 0.118035 0.013149 -0.992922
vn 0.118035 0.013149 -0.992922
vn -0.426458 -0.082138 -0.90077
vn -0.426458 -0.082138 -0.90077
vn -0.426458 -0.082138 -0.90077
vn -0.426458 -0.082138 -0.90077
vn -0.426458 -0.082138 -0.90077
vn -0.426458 -0.082138 -0.90077
vn -0.976948 -0.204949 -0.0597421
vn -0.976948 -0.204949 -0.0597421
vn -0.976948 -0.204949 -0.0597421
vn -0.976948 -0.204949 -0.0597421
vn -0.976948 -0.204949 -0.0597421
vn -0.976948 -0.204949 -0.0597421
vn 0.976228 -0.168626 0.136175
vn 0.976228 -0.168626 0.136175
vn 0.976228 -0.168626 0.136175
vn 0.976228 -0.168626 0.136175
vn 0.976228 -0.168626 0.136175
vn 0.976228 -0.168626 0.136175
vn 0.614896 -0.0705331 -0.785448
vn 0.614896 -0.0705331 -0.785448
vn 0.614896 -0.0705331 -0.785448
vn 0.614896 -0.0705331 -0.785448
vn 0.614896 -0.0705331 -0.785448
vn 0.614896 -0.0705331 -0.785448
vn 0.0991642 0.00711599 -0.995046
vn 0.0991642 0.00711599 -0.995046
vn 0.0991642 0.00711599 -0.995046
vn 0.0991642 0.00711599 -0.995046
vn 0.0991642 0.00711599 -0.995046
vn 0.0991642 0.00711599 -0.995046
vn -0.992014 0.0581311 -0.111932
vn -0.992014 0.0581311 -0.111932
vn -0.992014 0.0581311 -0.111932
vn -0.992014 0.0581311 -0.111932
vn -0.992014 0.0581311 -0.111932
vn -0.992014 0.0581311 -0.111932
vn -0.992015 -0.0581199 -0.111932
vn -0.992015 -0.0581199 -0.111932
vn -0.992015 -0.0581199 -0.111932
vn -0.992015 -0.0581199 -0.111932
vn -0.992015 -0.0581199 -0.111932
vn -0.992015 -0.0581199 -0.111932
vn 0.0991642 -0.00711601 -0.995046
vn 0.0991642 -0.00711601 -0.995046
vn 0.0991642 -0.00711601 -0.995046
vn 0.0991642 -0.00711601 -0.995046
vn 0.0991642 -0.00711601 -0.995046
vn 0.0991642 -0.00711601 -0.995046
vn 0.614891 0.0705379 -0.785451
vn 0.614891 0.0705379 -0.785451
vn 0.614891 0.0705379 -0.785451
vn 0.614891 0.0705379 -0.785451
vn 0.614891 0.0705379 -0.785451
vn 0.614891 0.0705379 -0.785451
vn 0.976223 0.168655 0.136174
vn 0.976223 0.168655 0.136174
vn 0.976223 0.168655 0.136174
vn 0.976223 0.168655 0.136174
vn 0.976223 0.168655 0.136174
vn 0.976223 0.168655 0.136174
vn -0.976941 0.204981 -0.0597421
vn -0.976941 0.204981 -0.0597421
vn -0.976941 0.20498 -0.0597421
vn -0.976941 0.20498 -0.0597421
vn -0.976941 0.204981 -0.0597421
vn -0.976941 0.204981 -0.0597421
vn -0.42642 0.082138 -0.900788
vn -0.42642 0.082138 -0.900788
vn -0.42642 0.082138 -0.900788
vn -0.42642 0.082138 -0.900788
vn -0.42642 0.082138 -0.900788
vn -0.42642 0.082138 -0.900788
vn 0.118031 -0.013149 -0.992923
vn 0.118031 -0.013149 -0.992923
vn 0.118031 -0.013149 -0.992923
vn 0.118031 -0.013149 -0.992923
vn 0.118031 -0.013149 -0.992923
vn 0.118031 -0.013149 -0.992923
vn 0.99273 -0.0440671 0.112005
vn 0.99273 -0.0440671 0.112005
vn 0.99273 -0.0440671 0.112005
vn 0.99273 -0.0440671 0.112005
vn 0.99273 -0.0440671 0.112005
vn 0.99273 -0.0440671 0.112005
vn -0.993413 0.0268591 -0.111398
vn -0.993413 0.0268591 -0.111398
vn -0.993413 0.0268591 -0.111398
vn -0.993413 0.0268591 -0.111398
vn -0.993413 0.0268591 -0.111398
vn -0.993413 0.0268591 -0.111398
vn 0.0719301 0.013163 -0.997323
vn 0.0719301 0.013163 -0.997323
vn 0.0719301 0.013163 -0.997323
vn 0.0719301 0.013163 -0.997323
vn 0.0719301 0.013163 -0.997323
vn 0.0719301 0.013163 -0.997323
vn 0.608532 -0.0248501 -0.79314
vn 0.608532 -0.0248501 -0.793141
vn 0.608532 -0.0248501 -0.79314
vn 0.608532 -0.0248501 -0.79314
vn 0.608532 -0.0248501 -0.79314
vn 0.608532 -0.0248501 -0.79314
vn 0.988081 -0.0685551 0.137828
vn 0.988081 -0.0685551 0.137828
vn 0.988081 -0.0685551 0.137828
vn 0.988081 -0.0685551 0.137828
vn 0.988081 -0.0685551 0.137828
vn 0.988081 -0.0685551 0.137828
vn -0.993575 -0.0954829 -0.0607531
vn -0.993576 -0.0954829 -0.0607531
vn -0.993576 -0.0954829 -0.0607531
vn -0.993576 -0.0954829 -0.0607531
vn -0.993575 -0.0954829 -0.0607531
vn -0.993575 -0.0954829 -0.0607531
vn -0.417598 -0.040413 -0.907733
vn -0.417598 -0.040413 -0.907733
vn -0.417598 -0.040413 -0.907733
vn -0.417598 -0.040413 -0.907733
vn -0.417598 -0.040413 -0.907733
vn -0.417598 -0.040413 -0.907733
vn 0.143848 0.00873099 -0.989561
vn 0.143848 0.00873099 -0.989561
vn 0.143848 0.00873099 -0.989561
vn 0.143848 0.00873099 -0.989561
vn 0.143848 0.00873099 -0.989561
vn 0.143848 0.00873099 -0.989561
vn 0.993692 0.0127489 0.111414
vn 0.993692 0.0127489 0.111414
vn 0.993692 0.0127489 0.111414
vn 0.993692 0.0127489 0.111414
vn 0.993692 0.0127489 0.111414
vn 0.993692 0.0127489 0.111414
vn 0.0808842 0.031371 -0.99623
vn 0.0808842 0.031371 -0.99623
vn 0.0808842 0.031371 -0.99623
vn 0.0808842 0.031371 -0.99623
vn 0.0808842 0.031371 -0.99623
vn 0.0808842 0.031371 -0.99623
vn 0.528355 0.042742 -0.847947
vn 0.251792 0.029267 -0.967339
vn 0.253584 0.02924 -0.966871
vn 0.253584 0.02924 -0.966871
vn 0.527592 0.042586 -0.84843
vn 0.528355 0.042742 -0.847947
vn 0.528355 0.042742 -0.847947
vn 0.527592 0.042586 -0.84843
vn 0.676263 0.0732279 -0.733011
vn 0.676263 0.0732279 -0.733011
vn 0.681772 0.0743909 -0.727773
vn 0.528355 0.042742 -0.847947
vn 0.681772 0.0743909 -0.727773
vn 0.676263 0.0732279 -0.733011
vn 0.906454 0.112435 -0.407063
vn 0.906454 0.112435 -0.407063
vn 0.910704 0.112755 -0.397373
vn 0.681772 0.0743909 -0.727773
vn 0.910704 0.112755 -0.397373
vn 0.906454 0.112435 -0.407063
vn 0.99377 0.111229 -0.00701185
vn 0.99377 0.111229 -0.00701185
vn 0.993691 0.111429 -0.0127228
vn 0.910704 0.112755 -0.397373
vn 0.912354 0.0920289 0.398925
vn 0.993691 0.111429 -0.0127228
vn 0.99377 0.111229 -0.00701185
vn 0.99377 0.111229 -0.00701185
vn 0.90682 0.0912799 0.411516
vn 0.912354 0.0920289 0.398925
vn 0.709756 0.0695669 0.701004
vn 0.912354 0.0920289 0.398925
vn 0.90682 0.0912799 0.411516
vn 0.90682 0.0912799 0.411516
vn 0.702572 0.0688889 0.708271
vn 0.709756 0.0695669 0.701004
vn 0.383626 0.043281 0.922474
vn 0.709756 0.0695669 0.701004
vn 0.702572 0.0688889 0.708271
vn 0.702572 0.0688889 0.708271
vn 0.36801 0.042111 0.928868
vn 0.383626 0.043281 0.922474
vn 0.154836 0.035502 0.987302
vn 0.383626 0.043281 0.922474
vn 0.36801 0.042111 0.928868
vn 0.36801 0.042111 0.928868
vn 0.151764 0.035643 0.987774
vn 0.154836 0.035502 0.987302
vn -1.47379e-07 0.039988 0.9992
vn 0.154836 0.035502 0.987302
vn 0.151764 0.035643 0.987774
vn 0.151764 0.035643 0.987774
vn -1.47379e-07 0.039988 0.9992
vn -1.47379e-07 0.039988 0.9992
vn 0.0 -0.999953 -0.00966
vn -1.48622e-07 -0.880149 0.474698
vn -0.125323 -0.890411 0.437564
vn 0.0 0.999574 0.029203
vn 0.0128661 0.997941 0.062838
vn 0.00958408 0.998477 0.054328
vn 0.0 -0.999953 -0.00966
vn -0.225421 -0.894016 0.387197
vn -0.275166 -0.913126 0.300806
vn 0.0 0.999574 0.029203
vn 0.0140781 0.998358 0.055529
vn 0.0128661 0.997941 0.062838
vn -0.275166 -0.913126 0.300806
vn -0.331519 -0.933226 0.138511
vn 0.0 -0.999953 -0.00966
vn 0.00785608 0.999225 0.038559
vn 0.0140781 0.998358 0.055529
vn 0.0 0.999574 0.029203
vn -0.331519 -0.933226 0.138511
vn -0.346014 -0.93821 -0.00600605
vn 0.0 -0.999953 -0.00966
vn 0.00800409 0.999916 0.010176
vn 0.00785608 0.999225 0.038559
vn 0.0 0.999574 0.029203
vn -0.346014 -0.93821 -0.00600605
vn -0.331584 -0.932138 -0.145502
vn 0.0 -0.999953 -0.00966
vn 0.00644109 0.999955 -0.006934
vn 0.00800409 0.999916 0.010176
vn 0.0 0.999574 0.029203
vn -0.331584 -0.932138 -0.145502
vn -0.28867 -0.916765 -0.276066
vn 0.0 -0.999953 -0.00966
vn 0.00515409 0.999983 0.002766
vn 0.00644109 0.999955 -0.006934
vn 0.0 0.999574 0.029203
vn -0.28867 -0.916765 -0.276066
vn -0.19543 -0.887775 -0.416729
vn 0.0 -0.999953 -0.00966
vn 0.00725209 0.999971 -0.002517
vn 0.00515409 0.999983 0.002766
vn 0.0 0.999574 0.029203
vn 0.0 -0.999953 -0.00966
vn -0.19543 -0.887775 -0.416729
vn -0.093241 -0.856233 -0.508105
vn 0.0 0.999574 0.029203
vn 0.00625709 0.999979 -0.00135
vn 0.00725209 0.999971 -0.002517
vn 0.0 0.999574 0.029203
vn 0.0 0.999999 -0.001194
vn 0.00625709 0.999979 -0.00135
vn 0.0 -0.999953 -0.00966
vn -0.093241 -0.856233 -0.508105
vn 0.0 -0.847733 -0.530424
vn 0.0 0.999574 0.029203
vn 0.00958408 0.998477 0.054328
vn 0.0 0.998225 0.059549
vn 0.0 -0.999953 -0.00966
vn -0.125323 -0.890411 0.437564
vn -0.225421 -0.894016 0.387197
vn 1.48403e-07 -0.028933 -0.999581
vn 0.26215 -0.037555 -0.964296
vn 0.253048 -0.037167 -0.966739
vn 0.253048 -0.037167 -0.966739
vn 1.48403e-07 -0.028933 -0.999581
vn 1.48403e-07 -0.028933 -0.999581
vn -1.53159e-07 -0.025293 0.99968
vn -1.53159e-07 -0.025293 0.99968
vn 0.163308 -0.032406 0.986043
vn 0.163308 -0.032406 0.986043
vn 0.163083 -0.032389 0.986081
vn -1.53159e-07 -0.025293 0.99968
vn 0.371538 -0.03505 0.927756
vn 0.163083 -0.032389 0.986081
vn 0.163308 -0.032406 0.986043
vn 0.163308 -0.032406 0.986043
vn 0.376341 -0.034933 0.925822
vn 0.371538 -0.03505 0.927756
vn 0.705971 -0.0243201 0.707823
vn 0.371538 -0.03505 0.927756
vn 0.376341 -0.034933 0.925822
vn 0.376341 -0.034933 0.925822
vn 0.707302 -0.0242661 0.706495
vn 0.705971 -0.0243201 0.707823
vn 0.912082 -0.0134371 0.409788
vn 0.705971 -0.0243201 0.707823
vn 0.707302 -0.0242661 0.706495
vn 0.707302 -0.0242661 0.706495
vn 0.914562 -0.0132501 0.404228
vn 0.912082 -0.0134371 0.409788
vn 0.999999 0.00151591 -0.000251849
vn 0.912082 -0.0134371 0.409788
vn 0.914562 -0.0132501 0.404228
vn 0.914562 -0.0132501 0.404228
vn 0.999973 0.00178191 -0.00707385
vn 0.999999 0.00151591 -0.000251849
vn 0.910786 0.00992192 -0.41276
vn 0.999999 0.00151591 -0.000251849
vn 0.999973 0.00178191 -0.00707385
vn 0.999973 0.00178191 -0.00707385
vn 0.910714 0.00992192 -0.412919
vn 0.910786 0.00992192 -0.41276
vn 0.655991 -0.0115961 -0.75468
vn 0.910786 0.00992192 -0.41276
vn 0.910714 0.00992192 -0.412919
vn 0.910714 0.00992192 -0.412919
vn 0.651441 -0.0121221 -0.758602
vn 0.655991 -0.0115961 -0.75468
vn 0.511019 -0.032574 -0.858952
vn 0.655991 -0.0115961 -0.75468
vn 0.651441 -0.0121221 -0.758602
vn 0.651441 -0.0121221 -0.758602
vn 0.508745 -0.033114 -0.86028
vn 0.511019 -0.032574 -0.858952
vn 0.26215 -0.037555 -0.964296
vn 0.511019 -0.032574 -0.858952
vn 0.508745 -0.033114 -0.86028
vn 0.508745 -0.033114 -0.86028
vn 0.253048 -0.037167 -0.966739
vn 0.26215 -0.037555 -0.964296
vn 0.0 -0.350135 -0.936699
vn 0.247351 -0.386691 -0.888419
vn 0.223095 -0.382391 -0.896664
vn 0.223095 -0.382391 -0.896664
vn 0.0 -0.350135 -0.936699
vn 0.0 -0.350135 -0.936699
vn -1.72798e-07 -0.376444 0.926439
vn -1.72798e-07 -0.376444 0.926439
vn 0.141872 -0.393777 0.908192
vn 0.141872 -0.393777 0.908192
vn 0.153407 -0.396023 0.905335
vn -1.72798e-07 -0.376444 0.926439
vn 0.320695 -0.434593 0.841596
vn 0.356613 -0.442854 0.822622
vn 0.153407 -0.396023 0.905335
vn 0.153407 -0.396023 0.905335
vn 0.141872 -0.393777 0.908192
vn 0.320695 -0.434593 0.841596
vn 0.356613 -0.442854 0.822622
vn 0.320695 -0.434593 0.841596
vn 0.606046 -0.494453 0.623077
vn 0.606046 -0.494453 0.623077
vn 0.626415 -0.498994 0.59884
vn 0.356613 -0.442854 0.822622
vn 0.626415 -0.498994 0.59884
vn 0.606046 -0.494453 0.623077
vn 0.771283 -0.532142 0.349209
vn 0.771283 -0.532142 0.349209
vn 0.777762 -0.53358 0.332233
vn 0.626415 -0.498994 0.59884
vn 0.777762 -0.53358 0.332233
vn 0.771283 -0.532142 0.349209
vn 0.84162 -0.539941 -0.0118029
vn 0.84162 -0.539941 -0.0118029
vn 0.841494 -0.540247 -0.00450987
vn 0.777762 -0.53358 0.332233
vn 0.788018 -0.510248 -0.344492
vn 0.841494 -0.540247 -0.00450987
vn 0.84162 -0.539941 -0.0118029
vn 0.84162 -0.539941 -0.0118029
vn 0.779562 -0.50708 -0.367633
vn 0.788018 -0.510248 -0.344492
vn 0.601412 -0.458768 -0.654092
vn 0.788018 -0.510248 -0.344492
vn 0.779562 -0.50708 -0.367633
vn 0.779562 -0.50708 -0.367633
vn 0.573165 -0.451772 -0.683655
vn 0.601412 -0.458768 -0.654092
vn 0.467544 -0.423987 -0.775653
vn 0.601412 -0.458768 -0.654092
vn 0.573165 -0.451772 -0.683655
vn 0.573165 -0.451772 -0.683655
vn 0.459256 -0.421945 -0.781695
vn 0.467544 -0.423987 -0.775653
vn 0.247351 -0.386691 -0.888419
vn 0.467544 -0.423987 -0.775653
vn 0.459256 -0.421945 -0.781695
vn 0.459256 -0.421945 -0.781695
vn 0.223095 -0.382391 -0.896664
vn 0.247351 -0.386691 -0.888419
vn -0.253584 0.02924 -0.966871
vn 1.53673e-07 0.031474 -0.999505
vn 1.53673e-07 0.031474 -0.999505
vn 1.53673e-07 0.031474 -0.999505
vn -0.251792 0.029267 -0.967339
vn -0.253584 0.02924 -0.966871
vn -0.528355 0.042742 -0.847947
vn -0.527591 0.042586 -0.84843
vn -0.253584 0.02924 -0.966871
vn -0.253584 0.02924 -0.966871
vn -0.251792 0.029267 -0.967339
vn -0.528355 0.042742 -0.847947
vn -0.676263 0.0732281 -0.733011
vn -0.527591 0.042586 -0.84843
vn -0.528355 0.042742 -0.847947
vn -0.528355 0.042742 -0.847947
vn -0.681772 0.0743911 -0.727773
vn -0.676263 0.0732281 -0.733011
vn -0.906454 0.112435 -0.407063
vn -0.676263 0.0732281 -0.733011
vn -0.681772 0.0743911 -0.727773
vn -0.681772 0.0743911 -0.727773
vn -0.910704 0.112755 -0.397373
vn -0.906454 0.112435 -0.407063
vn -0.99377 0.111229 -0.00701215
vn -0.906454 0.112435 -0.407063
vn -0.910704 0.112755 -0.397373
vn -0.910704 0.112755 -0.397373
vn -0.993691 0.111429 -0.0127231
vn -0.99377 0.111229 -0.00701215
vn -0.912354 0.0920291 0.398925
vn -0.90682 0.0912801 0.411516
vn -0.99377 0.111229 -0.00701215
vn -0.99377 0.111229 -0.00701215
vn -0.993691 0.111429 -0.0127231
vn -0.912354 0.0920291 0.398925
vn -0.709756 0.0695671 0.701004
vn -0.702572 0.0688891 0.708271
vn -0.90682 0.0912801 0.411516
vn -0.90682 0.0912801 0.411516
vn -0.912354 0.0920291 0.398925
vn -0.709756 0.0695671 0.701004
vn -0.383626 0.043281 0.922474
vn -0.36801 0.042111 0.928868
vn -0.702572 0.0688891 0.708271
vn -0.702572 0.0688891 0.708271
vn -0.709756 0.0695671 0.701004
vn -0.383626 0.043281 0.922474
vn -0.154836 0.035502 0.987302
vn -0.151764 0.035643 0.987774
vn -0.36801 0.042111 0.928868
vn -0.36801 0.042111 0.928868
vn -0.383626 0.043281 0.922474
vn -0.154836 0.035502 0.987302
vn -1.47379e-07 0.039988 0.9992
vn -1.47379e-07 0.039988 0.9992
vn -0.151764 0.035643 0.987774
vn -0.151764 0.035643 0.987774
vn -0.154836 0.035502 0.987302
vn -1.47379e-07 0.039988 0.9992
vn 0.0 -0.999953 -0.00966
vn 0.125323 -0.890411 0.437564
vn -1.48622e-07 -0.880149 0.474698
vn 0.0 0.999574 0.029203
vn -0.00958392 0.998477 0.054328
vn -0.0128659 0.997941 0.062838
vn 0.0 -0.999953 -0.00966
vn 0.275166 -0.913127 0.300805
vn 0.225421 -0.894016 0.387197
vn 0.0 0.999574 0.029203
vn -0.0128659 0.997941 0.062838
vn -0.0140779 0.998358 0.05553
vn 0.275166 -0.913127 0.300805
vn 0.0 -0.999953 -0.00966
vn 0.331519 -0.933226 0.13851
vn -0.00785592 0.999225 0.03856
vn 0.0 0.999574 0.029203
vn -0.0140779 0.998358 0.05553
vn 0.331519 -0.933226 0.13851
vn 0.0 -0.999953 -0.00966
vn 0.346014 -0.93821 -0.00600595
vn -0.00800391 0.999916 0.010176
vn 0.0 0.999574 0.029203
vn -0.00785592 0.999225 0.03856
vn 0.346014 -0.93821 -0.00600595
vn 0.0 -0.999953 -0.00966
vn 0.331584 -0.932138 -0.145502
vn -0.00644091 0.999955 -0.006935
vn 0.0 0.999574 0.029203
vn -0.00800391 0.999916 0.010176
vn 0.331584 -0.932138 -0.145502
vn 0.0 -0.999953 -0.00966
vn 0.28867 -0.916765 -0.276066
vn -0.00515391 0.999983 0.002766
vn 0.0 0.999574 0.029203
vn -0.00644091 0.999955 -0.006935
vn 0.28867 -0.916765 -0.276066
vn 0.0 -0.999953 -0.00966
vn 0.19543 -0.887774 -0.41673
vn -0.00725191 0.999971 -0.002517
vn 0.0 0.999574 0.029203
vn -0.00515391 0.999983 0.002766
vn 0.0 -0.999953 -0.00966
vn 0.093241 -0.856233 -0.508105
vn 0.19543 -0.887774 -0.41673
vn 0.0 0.999574 0.029203
vn -0.00725191 0.999971 -0.002517
vn -0.00625691 0.999979 -0.001351
vn 0.0 0.999574 0.029203
vn -0.00625691 0.999979 -0.001351
vn 0.0 0.999999 -0.001194
vn 0.0 -0.999953 -0.00966
vn 0.0 -0.847733 -0.530424
vn 0.093241 -0.856233 -0.508105
vn 0.0 0.999574 0.029203
vn 0.0 0.998225 0.059549
vn -0.00958392 0.998477 0.054328
vn 0.0 -0.999953 -0.00966
vn 0.225421 -0.894016 0.387197
vn 0.125323 -0.890411 0.437564
vn -0.253048 -0.037167 -0.96674
vn -0.26215 -0.037555 -0.964296
vn 1.48403e-07 -0.028933 -0.999581
vn 1.48403e-07 -0.028933 -0.999581
vn 1.48403e-07 -0.028933 -0.999581
vn -0.253048 -0.037167 -0.96674
vn -0.163308 -0.032406 0.986043
vn -1.53159e-07 -0.025293 0.99968
vn -1.53159e-07 -0.025293 0.99968
vn -1.53159e-07 -0.025293 0.99968
vn -0.163082 -0.032389 0.986081
vn -0.163308 -0.032406 0.986043
vn -0.163308 -0.032406 0.986043
vn -0.163082 -0.032389 0.986081
vn -0.371538 -0.03505 0.927756
vn -0.371538 -0.03505 0.927756
vn -0.376341 -0.034933 0.925822
vn -0.163308 -0.032406 0.986043
vn -0.705971 -0.0243199 0.707823
vn -0.707302 -0.0242659 0.706495
vn -0.376341 -0.034933 0.925822
vn -0.376341 -0.034933 0.925822
vn -0.371538 -0.03505 0.927756
vn -0.705971 -0.0243199 0.707823
vn -0.912082 -0.0134379 0.409788
vn -0.914562 -0.0132509 0.404228
vn -0.707302 -0.0242659 0.706495
vn -0.707302 -0.0242659 0.706495
vn -0.705971 -0.0243199 0.707823
vn -0.912082 -0.0134379 0.409788
vn -0.999999 0.00151609 -0.000252151
vn -0.999973 0.00178209 -0.00707415
vn -0.914562 -0.0132509 0.404228
vn -0.914562 -0.0132509 0.404228
vn -0.912082 -0.0134379 0.409788
vn -0.999999 0.00151609 -0.000252151
vn -0.910786 0.00992308 -0.41276
vn -0.910714 0.00992208 -0.412919
vn -0.999973 0.00178209 -0.00707415
vn -0.999973 0.00178209 -0.00707415
vn -0.999999 0.00151609 -0.000252151
vn -0.910786 0.00992308 -0.41276
vn -0.655991 -0.0115959 -0.75468
vn -0.651441 -0.0121219 -0.758602
vn -0.910714 0.00992208 -0.412919
vn -0.910714 0.00992208 -0.412919
vn -0.910786 0.00992308 -0.41276
vn -0.655991 -0.0115959 -0.75468
vn -0.651441 -0.0121219 -0.758602
vn -0.655991 -0.0115959 -0.75468
vn -0.511019 -0.032574 -0.858952
vn -0.511019 -0.032574 -0.858952
vn -0.508745 -0.033114 -0.86028
vn -0.651441 -0.0121219 -0.758602
vn -0.26215 -0.037555 -0.964296
vn -0.253048 -0.037167 -0.96674
vn -0.508745 -0.033114 -0.86028
vn -0.508745 -0.033114 -0.86028
vn -0.511019 -0.032574 -0.858952
vn -0.26215 -0.037555 -0.964296
vn -0.223094 -0.382391 -0.896664
vn -0.24735 -0.38669 -0.888419
vn 0.0 -0.350135 -0.936699
vn 0.0 -0.350135 -0.936699
vn 0.0 -0.350135 -0.936699
vn -0.223094 -0.382391 -0.896664
vn -0.141872 -0.393777 0.908192
vn -1.72798e-07 -0.376444 0.926439
vn -1.72798e-07 -0.376444 0.926439
vn -1.72798e-07 -0.376444 0.926439
vn -0.153408 -0.396023 0.905335
vn -0.141872 -0.393777 0.908192
vn -0.320695 -0.434594 0.841596
vn -0.141872 -0.393777 0.908192
vn -0.153408 -0.396023 0.905335
vn -0.153408 -0.396023 0.905335
vn -0.356613 -0.442854 0.822622
vn -0.320695 -0.434594 0.841596
vn -0.606046 -0.494453 0.623076
vn -0.320695 -0.434594 0.841596
vn -0.356613 -0.442854 0.822622
vn -0.356613 -0.442854 0.822622
vn -0.626415 -0.498994 0.598839
vn -0.606046 -0.494453 0.623076
vn -0.771283 -0.532143 0.349208
vn -0.606046 -0.494453 0.623076
vn -0.626415 -0.498994 0.598839
vn -0.626415 -0.498994 0.598839
vn -0.777762 -0.533581 0.332232
vn -0.771283 -0.532143 0.349208
vn -0.84162 -0.539942 -0.0118031
vn -0.771283 -0.532143 0.349208
vn -0.777762 -0.533581 0.332232
vn -0.777762 -0.533581 0.332232
vn -0.841494 -0.540247 -0.00451013
vn -0.84162 -0.539942 -0.0118031
vn -0.788018 -0.510249 -0.344492
vn -0.779561 -0.50708 -0.367633
vn -0.84162 -0.539942 -0.0118031
vn -0.84162 -0.539942 -0.0118031
vn -0.841494 -0.540247 -0.00451013
vn -0.788018 -0.510249 -0.344492
vn -0.601412 -0.458767 -0.654092
vn -0.573164 -0.451772 -0.683655
vn -0.779561 -0.50708 -0.367633
vn -0.779561 -0.50708 -0.367633
vn -0.788018 -0.510249 -0.344492
vn -0.601412 -0.458767 -0.654092
vn -0.573164 -0.451772 -0.683655
vn -0.601412 -0.458767 -0.654092
vn -0.467544 -0.423987 -0.775653
vn -0.467544 -0.423987 -0.775653
vn -0.459256 -0.421945 -0.781695
vn -0.573164 -0.451772 -0.683655
vn -0.24735 -0.38669 -0.888419
vn -0.223094 -0.382391 -0.896664
vn -0.459256 -0.421945 -0.781695
vn -0.459256 -0.421945 -0.781695
vn -0.467544 -0.423987 -0.775653
vn -0.24735 -0.38669 -0.888419
vn -0.845669 0.436387 0.307262
vn -0.881905 0.37862 0.280874
vn -0.914844 0.294823 0.275934
vn -0.914844 0.294823 0.275934
vn -0.918843 0.311938 0.241706
vn -0.845669 0.436387 0.307262
vn -0.406566 0.353796 0.842338
vn -0.36233 0.242082 0.900063
vn -0.39142 0.237642 0.888998
vn -0.39142 0.237642 0.888998
vn -0.399264 0.294577 0.868224
vn -0.406566 0.353796 0.842338
vn -0.386799 0.213084 0.897208
vn -0.399264 0.294577 0.868224
vn -0.39142 0.237642 0.888998
vn -0.39142 0.237642 0.888998
vn -0.41367 0.216736 0.884253
vn -0.386799 0.213084 0.897208
vn 0.0661249 0.120765 0.990476
vn 0.0986219 0.234006 0.96722
vn 0.000536873 0.225642 0.97421
vn 0.000536873 0.225642 0.97421
vn -0.00995414 0.066772 0.997719
vn 0.0661249 0.120765 0.990476
vn -0.0705308 0.122729 -0.989931
vn -0.0772308 0.120776 -0.989671
vn -0.0976048 0.083802 -0.991691
vn -0.0976048 0.083802 -0.991691
vn -0.0636348 0.097599 -0.993189
vn -0.0705308 0.122729 -0.989931
vn -0.337253 0.069177 -0.938869
vn -0.378763 0.086896 -0.921405
vn -0.410616 0.161594 -0.897375
vn -0.410616 0.161594 -0.897375
vn -0.348778 0.136628 -0.927193
vn -0.337253 0.069177 -0.938869
vn -0.678979 0.153059 -0.718026
vn -0.57524 0.098877 -0.811987
vn -0.564372 0.157633 -0.810331
vn -0.564372 0.157633 -0.810331
vn -0.674754 0.256562 -0.692014
vn -0.678979 0.153059 -0.718026
vn -0.912305 0.223945 -0.342854
vn -0.86981 0.197673 -0.452057
vn -0.902699 0.287324 -0.320279
vn -0.902699 0.287324 -0.320279
vn -0.931096 0.255426 -0.26042
vn -0.912305 0.223945 -0.342854
vn -0.956915 0.288895 -0.0291991
vn -0.912305 0.223945 -0.342854
vn -0.931096 0.255426 -0.26042
vn -0.931096 0.255426 -0.26042
vn -0.970117 0.238512 0.0445499
vn -0.956915 0.288895 -0.0291991
vn -0.881905 0.37862 0.280874
vn -0.956915 0.288895 -0.0291991
vn -0.970117 0.238512 0.0445499
vn -0.970117 0.238512 0.0445499
vn -0.914844 0.294823 0.275934
vn -0.881905 0.37862 0.280874
vn -0.457676 0.846667 0.271455
vn -0.552067 0.764434 0.332961
vn -0.563296 0.79527 0.224148
vn -0.563296 0.79527 0.224148
vn -0.480335 0.86013 0.171627
vn -0.457676 0.846667 0.271455
vn -0.345227 0.736238 0.582042
vn -0.337672 0.67181 0.659279
vn -0.427515 0.722627 0.543177
vn -0.427515 0.722627 0.543177
vn -0.389628 0.766242 0.510943
vn -0.345227 0.736238 0.582042
vn -0.255736 0.665198 0.701506
vn -0.260762 0.63473 0.727407
vn -0.337672 0.67181 0.659279
vn -0.337672 0.67181 0.659279
vn -0.345227 0.736238 0.582042
vn -0.255736 0.665198 0.701506
vn -0.0480251 0.567614 0.821893
vn -0.0544971 0.581308 0.811857
vn -0.0461581 0.590168 0.80596
vn -0.0461581 0.590168 0.80596
vn -0.0378391 0.584674 0.810386
vn -0.0480251 0.567614 0.821893
vn -0.0617928 0.543718 -0.83699
vn -0.0617028 0.54491 -0.836221
vn -0.0598478 0.572671 -0.817598
vn -0.0598478 0.572671 -0.817598
vn -0.0598668 0.57282 -0.817492
vn -0.0617928 0.543718 -0.83699
vn -0.256252 0.612199 -0.748029
vn -0.252643 0.623496 -0.739881
vn -0.259284 0.610531 -0.748347
vn -0.259284 0.610531 -0.748347
vn -0.260481 0.607693 -0.750239
vn -0.256252 0.612199 -0.748029
vn -0.41354 0.746741 -0.520925
vn -0.463284 0.805081 -0.370422
vn -0.509054 0.735867 -0.446502
vn -0.509054 0.735867 -0.446502
vn -0.453042 0.694619 -0.5588
vn -0.41354 0.746741 -0.520925
vn -0.468505 0.829104 -0.305105
vn -0.490062 0.858624 -0.150346
vn -0.579194 0.791334 -0.195767
vn -0.579194 0.791334 -0.195767
vn -0.558565 0.750628 -0.352935
vn -0.468505 0.829104 -0.305105
vn -0.490062 0.858624 -0.150346
vn -0.49639 0.868099 -0.000789075
vn -0.590994 0.806676 -0.000909089
vn -0.590994 0.806676 -0.000909089
vn -0.579194 0.791334 -0.195767
vn -0.490062 0.858624 -0.150346
vn -0.480335 0.86013 0.171627
vn -0.563296 0.79527 0.224148
vn -0.590994 0.806676 -0.000909089
vn -0.590994 0.806676 -0.000909089
vn -0.49639 0.868099 -0.000789075
vn -0.480335 0.86013 0.171627
vn 1.0 6.79126e-05 -3.8849e-05
vn 1.0 6.79126e-05 -3.8849e-05
vn 1.0 3.49126e-05 -6.6849e-05
vn 1.0 3.49126e-05 -6.6849e-05
vn 1.0 2.89126e-05 -7.1849e-05
vn 1.0 6.79126e-05 -3.8849e-05
vn 1.0 -1.20874e-05 2.5151e-05
vn 1.0 -1.00874e-05 2.4151e-05
vn 1.0 -1.30874e-05 2.6151e-05
vn 1.0 -1.30874e-05 2.6151e-05
vn 1.0 -1.30874e-05 2.6151e-05
vn 1.0 -1.20874e-05 2.5151e-05
vn 1.0 7.69126e-05 2.3151e-05
vn 1.0 3.09126e-05 4.9151e-05
vn 1.0 3.79126e-05 1.3151e-05
vn 1.0 3.79126e-05 1.3151e-05
vn 1.0 7.79126e-05 3.151e-06
vn 1.0 7.69126e-05 2.3151e-05
vn 1.0 -6.08742e-06 -2.849e-06
vn 1.0 -4.08742e-06 -5.849e-06
vn 1.0 -1.08742e-06 1.151e-06
vn 1.0 -1.08742e-06 1.151e-06
vn 1.0 -0.000114087 2.6151e-05
vn 1.0 -6.08742e-06 -2.849e-06
vn 1.0 7.79126e-05 3.151e-06
vn 1.0 3.79126e-05 1.3151e-05
vn 1.0 4.29126e-05 1.50996e-07
vn 1.0 4.29126e-05 1.50996e-07
vn 1.0 7.79126e-05 -8.49004e-07
vn 1.0 7.79126e-05 3.151e-06
vn 1.0 -0.000114087 2.6151e-05
vn 1.0 -1.08742e-06 1.151e-06
vn 1.0 1.91258e-06 -8.49004e-07
vn 1.0 1.91258e-06 -8.49004e-07
vn 1.0 -0.000232087 -1.849e-06
vn 1.0 -0.000114087 2.6151e-05
vn 1.0 -0.000152087 -3.2849e-05
vn 1.0 -0.000232087 -1.849e-06
vn 1.0 1.91258e-06 -8.49004e-07
vn 1.0 1.91258e-06 -8.49004e-07
vn 1.0 1.91258e-06 -8.849e-06
vn 1.0 -0.000152087 -3.2849e-05
vn 1.0 7.79126e-05 -8.49004e-07
vn 1.0 4.29126e-05 1.50996e-07
vn 1.0 4.29126e-05 3.151e-06
vn 1.0 4.29126e-05 3.151e-06
vn 1.0 7.79126e-05 -8.49004e-07
vn 1.0 7.79126e-05 -8.49004e-07
vn -0.552067 0.764434 0.332961
vn -0.590817 0.721196 0.36168
vn -0.639252 0.727127 0.250287
vn -0.639252 0.727127 0.250287
vn -0.563296 0.79527 0.224148
vn -0.552067 0.764434 0.332961
vn -0.337672 0.67181 0.659279
vn -0.331032 0.710643 0.620809
vn -0.453405 0.705167 0.545126
vn -0.453405 0.705167 0.545126
vn -0.427515 0.722627 0.543177
vn -0.337672 0.67181 0.659279
vn -0.260762 0.63473 0.727407
vn -0.232568 0.705996 0.668941
vn -0.331032 0.710643 0.620809
vn -0.331032 0.710643 0.620809
vn -0.337672 0.67181 0.659279
vn -0.260762 0.63473 0.727407
vn -0.0544971 0.581308 0.811857
vn -0.047064 0.725208 0.686919
vn -0.047894 0.716015 0.69644
vn -0.047894 0.716015 0.69644
vn -0.0461581 0.590168 0.80596
vn -0.0544971 0.581308 0.811857
vn -0.0598478 0.572671 -0.817598
vn -0.0469338 0.725233 -0.686902
vn -0.0470138 0.72531 -0.686815
vn -0.0470138 0.72531 -0.686815
vn -0.0598668 0.57282 -0.817492
vn -0.0598478 0.572671 -0.817598
vn -0.260481 0.607693 -0.750239
vn -0.259284 0.610531 -0.748347
vn -0.230409 0.710638 -0.664759
vn -0.230409 0.710638 -0.664759
vn -0.231402 0.708096 -0.667124
vn -0.260481 0.607693 -0.750239
vn -0.453042 0.694619 -0.5588
vn -0.509054 0.735867 -0.446502
vn -0.536046 0.720377 -0.440127
vn -0.536046 0.720377 -0.440127
vn -0.448181 0.712234 -0.540238
vn -0.453042 0.694619 -0.5588
vn -0.558565 0.750628 -0.352935
vn -0.579194 0.791334 -0.195767
vn -0.652853 0.728711 -0.20679
vn -0.652853 0.728711 -0.20679
vn -0.584785 0.727221 -0.359411
vn -0.558565 0.750628 -0.352935
vn -0.579194 0.791334 -0.195767
vn -0.590994 0.806676 -0.000909089
vn -0.681907 0.731439 -0.000701103
vn -0.681907 0.731439 -0.000701103
vn -0.652853 0.728711 -0.20679
vn -0.579194 0.791334 -0.195767
vn -0.563296 0.79527 0.224148
vn -0.639252 0.727127 0.250287
vn -0.681907 0.731439 -0.000701103
vn -0.681907 0.731439 -0.000701103
vn -0.590994 0.806676 -0.000909089
vn -0.563296 0.79527 0.224148
vn 1.0 -1.00874e-05 2.4151e-05
vn 1.0 -1.20874e-05 2.5151e-05
vn 1.0 -4.70874e-05 9.5151e-05
vn 1.0 -4.70874e-05 9.5151e-05
vn 1.0 -0.000134087 0.000252151
vn 1.0 -1.00874e-05 2.4151e-05
vn 1.0 -0.000114087 2.6151e-05
vn 1.0 -0.000102087 6.0151e-05
vn 1.0 8.91258e-06 -1.1849e-05
vn 1.0 8.91258e-06 -1.1849e-05
vn 1.0 -6.08742e-06 -2.849e-06
vn 1.0 -0.000114087 2.6151e-05
vn 1.0 -0.000102087 6.0151e-05
vn 1.0 -0.000114087 2.6151e-05
vn 1.0 -0.000232087 -1.849e-06
vn 1.0 -0.000232087 -1.849e-06
vn 1.0 7.19126e-05 -5.849e-06
vn 1.0 -0.000102087 6.0151e-05
vn 1.0 -0.000232087 -1.849e-06
vn 1.0 -0.000152087 -3.2849e-05
vn 1.0 -0.000190087 -0.000106849
vn 1.0 -0.000190087 -0.000106849
vn 1.0 7.19126e-05 -5.849e-06
vn 1.0 -0.000232087 -1.849e-06
vn -0.481304 0.82555 0.294641
vn -0.242456 0.958741 0.148426
vn -0.277025 0.954762 0.10811
vn -0.277025 0.954762 0.10811
vn -0.518895 0.830422 0.202848
vn -0.481304 0.82555 0.294641
vn -0.262605 0.825574 0.499466
vn -0.152947 0.942994 0.295584
vn -0.221204 0.938264 0.265952
vn -0.221204 0.938264 0.265952
vn -0.366778 0.819155 0.440975
vn -0.262605 0.825574 0.499466
vn -0.18049 0.822572 0.539257
vn -0.09603 0.948258 0.30263
vn -0.152947 0.942994 0.295584
vn -0.152947 0.942994 0.295584
vn -0.262605 0.825574 0.499466
vn -0.18049 0.822572 0.539257
vn -0.0314 0.842358 0.538004
vn -0.01558 0.947227 0.320186
vn -0.01761 0.933628 0.357811
vn -0.01761 0.933628 0.357811
vn -0.032012 0.837677 0.545227
vn -0.0314 0.842358 0.538004
vn -0.0313078 0.842379 -0.537975
vn -0.0155329 0.947236 -0.320161
vn 0.524134 0.806194 -0.274473
vn 0.524134 0.806194 -0.274473
vn -0.0313158 0.843585 -0.536081
vn -0.0313078 0.842379 -0.537975
vn -0.0954949 0.948619 -0.301667
vn -0.179238 0.824471 -0.536769
vn -0.177852 0.826522 -0.53407
vn -0.177852 0.826522 -0.53407
vn -0.0986249 0.945186 -0.311281
vn -0.0954949 0.948619 -0.301667
vn -0.362092 0.823642 -0.436466
vn -0.434746 0.826352 -0.357965
vn -0.234789 0.952842 -0.192264
vn -0.234789 0.952842 -0.192264
vn -0.197855 0.950775 -0.238495
vn -0.362092 0.823642 -0.436466
vn -0.475393 0.829841 -0.292175
vn -0.530318 0.831046 -0.167706
vn -0.277529 0.956715 -0.087606
vn -0.277529 0.956715 -0.087606
vn -0.227932 0.963546 -0.140091
vn -0.475393 0.829841 -0.292175
vn -0.530318 0.831046 -0.167706
vn -0.553648 0.832751 -0.000567084
vn -0.29282 0.956167 -0.000299044
vn -0.29282 0.956167 -0.000299044
vn -0.277529 0.956715 -0.087606
vn -0.530318 0.831046 -0.167706
vn -0.518895 0.830422 0.202848
vn -0.277025 0.954762 0.10811
vn -0.29282 0.956167 -0.000299044
vn -0.29282 0.956167 -0.000299044
vn -0.553648 0.832751 -0.000567084
vn -0.518895 0.830422 0.202848
vn 1.0 -0.000614087 0.000579151
vn 1.0 -0.000238087 0.000374151
vn 0.999999 -0.000953087 0.000763151
vn 1.0 0.000338913 4.1151e-05
vn 0.881741 0.471734 3.71331e-05
vn 0.982883 0.184231 -0.000412852
vn 0.982883 0.184231 -0.000412852
vn 1.0 2.89126e-05 -0.000112849
vn 1.0 0.000338913 4.1151e-05
vn 1.0 0.000338913 4.1151e-05
vn 1.0 0.000599913 -1.6849e-05
vn 0.870768 0.491694 0.000178131
vn 0.870768 0.491694 0.000178131
vn 0.881741 0.471734 3.71331e-05
vn 1.0 0.000338913 4.1151e-05
vn 1.0 0.000613913 -0.000167849
vn 0.524134 0.806194 -0.274473
vn 0.83186 0.554986 -9.48744e-05
vn 0.83186 0.554986 -9.48744e-05
vn 1.0 0.000599913 -1.6849e-05
vn 1.0 0.000613913 -0.000167849
vn 1.0 0.000599913 -1.6849e-05
vn 0.83186 0.554986 -9.48744e-05
vn 0.549819 0.835284 2.08302e-06
vn 1.0 0.000599913 -1.6849e-05
vn 0.549819 0.835284 2.08302e-06
vn 0.870768 0.491694 0.000178131
vn 1.0 7.19126e-05 -5.849e-06
vn 1.0 -0.000190087 -0.000106849
vn 1.0 0.000613913 -0.000167849
vn 1.0 0.000613913 -0.000167849
vn 1.0 0.000599913 -1.6849e-05
vn 1.0 7.19126e-05 -5.849e-06
vn 1.0 7.19126e-05 -5.849e-06
vn 1.0 0.000599913 -1.6849e-05
vn 1.0 0.000338913 4.1151e-05
vn 1.0 0.000338913 4.1151e-05
vn 1.0 -0.000102087 6.0151e-05
vn 1.0 7.19126e-05 -5.849e-06
vn 1.0 -0.000102087 6.0151e-05
vn 1.0 0.000338913 4.1151e-05
vn 1.0 2.89126e-05 -0.000112849
vn 1.0 2.89126e-05 -0.000112849
vn 1.0 8.91258e-06 -1.1849e-05
vn 1.0 -0.000102087 6.0151e-05
vn -0.047064 0.725208 0.686919
vn -0.0314 0.842358 0.538004
vn -0.032012 0.837677 0.545227
vn -0.032012 0.837677 0.545227
vn -0.047894 0.716015 0.69644
vn -0.047064 0.725208 0.686919
vn -0.232568 0.705996 0.668941
vn -0.18049 0.822572 0.539257
vn -0.262605 0.825574 0.499466
vn -0.262605 0.825574 0.499466
vn -0.331032 0.710643 0.620809
vn -0.232568 0.705996 0.668941
vn -0.331032 0.710643 0.620809
vn -0.262605 0.825574 0.499466
vn -0.366778 0.819155 0.440975
vn -0.366778 0.819155 0.440975
vn -0.453405 0.705167 0.545126
vn -0.331032 0.710643 0.620809
vn -0.590817 0.721196 0.36168
vn -0.481304 0.82555 0.294641
vn -0.518895 0.830422 0.202848
vn -0.518895 0.830422 0.202848
vn -0.639252 0.727127 0.250287
vn -0.590817 0.721196 0.36168
vn -0.639252 0.727127 0.250287
vn -0.518895 0.830422 0.202848
vn -0.553648 0.832751 -0.000567084
vn -0.553648 0.832751 -0.000567084
vn -0.681907 0.731439 -0.000701103
vn -0.639252 0.727127 0.250287
vn -0.652853 0.728711 -0.20679
vn -0.681907 0.731439 -0.000701103
vn -0.553648 0.832751 -0.000567084
vn -0.553648 0.832751 -0.000567084
vn -0.530318 0.831046 -0.167706
vn -0.652853 0.728711 -0.20679
vn -0.584785 0.727221 -0.359411
vn -0.652853 0.728711 -0.20679
vn -0.530318 0.831046 -0.167706
vn -0.530318 0.831046 -0.167706
vn -0.475393 0.829841 -0.292175
vn -0.584785 0.727221 -0.359411
vn -0.448181 0.712234 -0.540238
vn -0.536046 0.720377 -0.440127
vn -0.434746 0.826352 -0.357965
vn -0.434746 0.826352 -0.357965
vn -0.362092 0.823642 -0.436466
vn -0.448181 0.712234 -0.540238
vn -0.179238 0.824471 -0.536769
vn -0.231402 0.708096 -0.667124
vn -0.230409 0.710638 -0.664759
vn -0.230409 0.710638 -0.664759
vn -0.177852 0.826522 -0.53407
vn -0.179238 0.824471 -0.536769
vn -0.0469338 0.725233 -0.686902
vn -0.0313078 0.842379 -0.537975
vn -0.0313158 0.843585 -0.536081
vn -0.0313158 0.843585 -0.536081
vn -0.0470138 0.72531 -0.686815
vn -0.0469338 0.725233 -0.686902
vn 1.0 -0.000134087 0.000252151
vn 1.0 -4.70874e-05 9.5151e-05
vn 1.0 -0.000238087 0.000374151
vn 1.0 -0.000238087 0.000374151
vn 1.0 -0.000614087 0.000579151
vn 1.0 -0.000134087 0.000252151
vn -0.277025 0.954762 0.10811
vn -0.242456 0.958741 0.148426
vn -0.0882469 0.996015 0.012906
vn -0.221204 0.938264 0.265952
vn -0.152947 0.942994 0.295584
vn -0.0488479 0.992771 0.109633
vn -0.152947 0.942994 0.295584
vn -0.09603 0.948258 0.30263
vn -0.0488479 0.992771 0.109633
vn -0.01761 0.933628 0.357811
vn -0.01558 0.947227 0.320186
vn -0.00600594 0.989728 0.142839
vn 0.524134 0.806194 -0.274473
vn -0.0155329 0.947236 -0.320161
vn 0.104787 0.991448 -0.077783
vn -0.0375439 0.991573 -0.123991
vn -0.0954949 0.948619 -0.301667
vn -0.0986249 0.945186 -0.311281
vn -0.0742759 0.994602 -0.072451
vn -0.197855 0.950775 -0.238495
vn -0.234789 0.952842 -0.192264
vn -0.234789 0.952842 -0.192264
vn -0.261269 0.951815 -0.160581
vn -0.0742759 0.994602 -0.072451
vn -0.277529 0.956715 -0.087606
vn -0.29282 0.956167 -0.000299044
vn -0.0882469 0.996015 0.012906
vn -0.29282 0.956167 -0.000299044
vn -0.277025 0.954762 0.10811
vn -0.0882469 0.996015 0.012906
vn 0.982883 0.184231 -0.000412852
vn 0.881741 0.471734 3.71331e-05
vn 0.104787 0.991448 -0.077783
vn 0.881741 0.471734 3.71331e-05
vn 0.870768 0.491694 0.000178131
vn 0.104787 0.991448 -0.077783
vn 0.83186 0.554986 -9.48744e-05
vn 0.524134 0.806194 -0.274473
vn 0.104787 0.991448 -0.077783
vn 0.549819 0.835284 2.08302e-06
vn 0.83186 0.554986 -9.48744e-05
vn 0.104787 0.991448 -0.077783
vn 0.870768 0.491694 0.000178131
vn 0.549819 0.835284 2.08302e-06
vn 0.104787 0.991448 -0.077783
vn -0.000145087 -1.0 -0.000875
vn -0.000183087 -1.0 -0.000982
vn -0.000133087 -1.0 -0.000788
vn -7.20873e-05 -1.0 -0.000716
vn -0.000145087 -1.0 -0.000875
vn -0.000133087 -1.0 -0.000788
vn -5.40873e-05 -1.0 -0.00068
vn -7.20873e-05 -1.0 -0.000716
vn -0.000133087 -1.0 -0.000788
vn -1.90872e-05 -0.999999 -0.001185
vn 0.000110913 -0.999999 -0.001289
vn -0.000135087 -0.999999 -0.00111
vn -0.000132087 -0.999999 -0.00113
vn -1.90872e-05 -0.999999 -0.001185
vn -0.000135087 -0.999999 -0.00111
vn -0.000135087 -0.999999 -0.00111
vn -0.000274087 -1.0 -0.000907
vn -0.000132087 -0.999999 -0.00113
vn -0.000222087 -1.0 -0.000749
vn 1.39128e-05 -0.999999 -0.001317
vn -0.000133087 -1.0 -0.000788
vn -0.000221087 -1.0 -0.000886
vn -0.000242087 -1.0 -0.000699
vn -0.000222087 -1.0 -0.000749
vn -0.000222087 -1.0 -0.000749
vn -0.000133087 -1.0 -0.000788
vn -0.000221087 -1.0 -0.000886
vn -0.000184087 -0.999999 -0.001103
vn -0.000221087 -1.0 -0.000886
vn -0.000133087 -1.0 -0.000788
vn -0.000183087 -1.0 -0.000982
vn -0.000184087 -0.999999 -0.001103
vn -0.000133087 -1.0 -0.000788
vn -0.390998 0.211325 0.895803
vn -0.39142 0.237642 0.888998
vn -0.36233 0.242082 0.900063
vn -0.36233 0.242082 0.900063
vn -0.354326 0.168356 0.919842
vn -0.390998 0.211325 0.895803
vn -0.390998 0.211325 0.895803
vn -0.436598 0.269617 0.858306
vn -0.41367 0.216736 0.884253
vn -0.41367 0.216736 0.884253
vn -0.39142 0.237642 0.888998
vn -0.390998 0.211325 0.895803
vn 0.123294 0.317623 0.940167
vn 0.00300088 0.314432 0.949275
vn 0.000536873 0.225642 0.97421
vn 0.000536873 0.225642 0.97421
vn 0.0986219 0.234006 0.96722
vn 0.123294 0.317623 0.940167
vn -0.160424 0.050796 -0.98574
vn -0.0281468 0.066484 -0.99739
vn -0.0636348 0.097599 -0.993189
vn -0.0636348 0.097599 -0.993189
vn -0.0976048 0.083802 -0.991691
vn -0.160424 0.050796 -0.98574
vn -0.481789 0.168061 -0.86002
vn -0.367839 0.160138 -0.915997
vn -0.348778 0.136628 -0.927193
vn -0.348778 0.136628 -0.927193
vn -0.410616 0.161594 -0.897375
vn -0.481789 0.168061 -0.86002
vn -0.487797 0.315464 -0.813964
vn -0.643138 0.337597 -0.687315
vn -0.674754 0.256562 -0.692014
vn -0.674754 0.256562 -0.692014
vn -0.564372 0.157633 -0.810331
vn -0.487797 0.315464 -0.813964
vn -0.965106 0.254599 -0.0612401
vn -0.966508 0.158334 -0.201972
vn -0.931096 0.255426 -0.26042
vn -0.931096 0.255426 -0.26042
vn -0.902699 0.287324 -0.320279
vn -0.965106 0.254599 -0.0612401
vn -0.966508 0.158334 -0.201972
vn -0.989106 0.128559 0.0717079
vn -0.970117 0.238512 0.0445499
vn -0.970117 0.238512 0.0445499
vn -0.931096 0.255426 -0.26042
vn -0.966508 0.158334 -0.201972
vn -0.989106 0.128559 0.0717079
vn -0.957239 0.131666 0.257601
vn -0.914844 0.294823 0.275934
vn -0.914844 0.294823 0.275934
vn -0.970117 0.238512 0.0445499
vn -0.989106 0.128559 0.0717079
vn -0.957239 0.131666 0.257601
vn -0.979273 0.123452 0.160575
vn -0.918843 0.311938 0.241706
vn -0.918843 0.311938 0.241706
vn -0.914844 0.294823 0.275934
vn -0.957239 0.131666 0.257601
vn -0.979273 0.123452 0.160575
vn -0.957239 0.131666 0.257601
vn -0.963174 0.0601471 0.262064
vn -0.963174 0.0601471 0.262064
vn -0.987518 0.0435951 0.151356
vn -0.979273 0.123452 0.160575
vn -0.390998 0.211325 0.895803
vn -0.354326 0.168356 0.919842
vn -0.386628 0.167034 0.906983
vn -0.386628 0.167034 0.906983
vn -0.413287 0.253245 0.874678
vn -0.390998 0.211325 0.895803
vn -0.436598 0.269617 0.858306
vn -0.390998 0.211325 0.895803
vn -0.413287 0.253245 0.874678
vn -0.413287 0.253245 0.874678
vn -0.434563 0.330905 0.837649
vn -0.436598 0.269617 0.858306
vn 0.123294 0.317623 0.940167
vn 0.122519 0.309231 0.943062
vn 0.0137689 0.232708 0.972449
vn 0.0137689 0.232708 0.972449
vn 0.00300088 0.314432 0.949275
vn 0.123294 0.317623 0.940167
vn -0.160424 0.050796 -0.98574
vn -0.198849 0.078279 -0.976899
vn -0.0216848 0.068178 -0.997438
vn -0.0216848 0.068178 -0.997438
vn -0.0281468 0.066484 -0.99739
vn -0.160424 0.050796 -0.98574
vn -0.367839 0.160138 -0.915997
vn -0.481789 0.168061 -0.86002
vn -0.513928 0.055745 -0.85602
vn -0.513928 0.055745 -0.85602
vn -0.363135 0.063152 -0.929594
vn -0.367839 0.160138 -0.915997
vn -0.643138 0.337597 -0.687315
vn -0.487797 0.315464 -0.813964
vn -0.407489 0.319494 -0.855498
vn -0.407489 0.319494 -0.855498
vn -0.677456 0.285155 -0.678042
vn -0.643138 0.337597 -0.687315
vn -0.965106 0.254599 -0.0612401
vn -0.998009 0.0391541 0.0494429
vn -0.991633 0.0533111 -0.11757
vn -0.991633 0.0533111 -0.11757
vn -0.966508 0.158334 -0.201972
vn -0.965106 0.254599 -0.0612401
vn -0.966508 0.158334 -0.201972
vn -0.991633 0.0533111 -0.11757
vn -0.993328 0.0759931 0.0867459
vn -0.993328 0.0759931 0.0867459
vn -0.989106 0.128559 0.0717079
vn -0.966508 0.158334 -0.201972
vn -0.957239 0.131666 0.257601
vn -0.989106 0.128559 0.0717079
vn -0.993328 0.0759931 0.0867459
vn -0.993328 0.0759931 0.0867459
vn -0.963174 0.0601471 0.262064
vn -0.957239 0.131666 0.257601
vn 1.0 0.0 -0.000113849
vn 1.0 2.89126e-05 -0.000117849
vn 1.0 2.89126e-05 -7.1849e-05
vn 1.0 2.89126e-05 -7.1849e-05
vn 1.0 3.49126e-05 -6.6849e-05
vn 1.0 0.0 -0.000113849
vn 1.0 0.000127913 -0.000129849
vn 1.0 2.89126e-05 -0.000117849
vn 1.0 0.0 -0.000113849
vn 1.0 -2.00874e-05 8.151e-06
vn 1.0 3.79126e-05 1.3151e-05
vn 1.0 3.09126e-05 4.9151e-05
vn 1.0 3.09126e-05 4.9151e-05
vn 1.0 2.29126e-05 7.0151e-05
vn 1.0 -2.00874e-05 8.151e-06
vn 1.0 2.29126e-05 7.0151e-05
vn 1.0 1.91258e-06 2.7151e-05
vn 1.0 -2.00874e-05 8.151e-06
vn 1.0 -2.00874e-05 8.151e-06
vn 1.0 1.91258e-06 2.7151e-05
vn 1.0 -4.20874e-05 1.151e-06
vn 1.0 -4.20874e-05 1.151e-06
vn 1.0 -1.80874e-05 1.151e-06
vn 1.0 -2.00874e-05 8.151e-06
vn 1.0 -1.80874e-05 1.151e-06
vn 1.0 4.29126e-05 1.50996e-07
vn 1.0 3.79126e-05 1.3151e-05
vn 1.0 3.79126e-05 1.3151e-05
vn 1.0 -2.00874e-05 8.151e-06
vn 1.0 -1.80874e-05 1.151e-06
vn 1.0 -2.30874e-05 4.151e-06
vn 1.0 4.29126e-05 3.151e-06
vn 1.0 4.29126e-05 1.50996e-07
vn 1.0 4.29126e-05 1.50996e-07
vn 1.0 -1.80874e-05 1.151e-06
vn 1.0 -2.30874e-05 4.151e-06
vn 1.0 -2.30874e-05 4.151e-06
vn 1.0 -1.80874e-05 1.151e-06
vn 1.0 -4.20874e-05 1.151e-06
vn 1.0 -4.20874e-05 1.151e-06
vn 1.0 -4.00874e-05 2.151e-06
vn 1.0 -2.30874e-05 4.151e-06
vn -0.000133087 -1.0 -0.000788
vn -0.000116087 -1.0 -0.000742
vn -0.000116087 -1.0 -0.000742
vn -0.000116087 -1.0 -0.000742
vn -5.40873e-05 -1.0 -0.00068
vn -0.000133087 -1.0 -0.000788
vn -0.0216848 0.068178 -0.997438
vn 0.202819 0.052323 -0.977817
vn 0.125735 0.078022 -0.988991
vn 0.125735 0.078022 -0.988991
vn -0.0281468 0.066484 -0.99739
vn -0.0216848 0.068178 -0.997438
vn -0.0157598 0.115412 -0.993193
vn -0.0636348 0.097599 -0.993189
vn -0.0281468 0.066484 -0.99739
vn -0.0281468 0.066484 -0.99739
vn 0.125735 0.078022 -0.988991
vn -0.0157598 0.115412 -0.993193
vn -0.0627218 0.124998 -0.990173
vn -0.0705308 0.122729 -0.989931
vn -0.0636348 0.097599 -0.993189
vn -0.0636348 0.097599 -0.993189
vn -0.0157598 0.115412 -0.993193
vn -0.0627218 0.124998 -0.990173
vn -0.0601488 0.567886 -0.820907
vn -0.0598478 0.572671 -0.817598
vn -0.0617028 0.54491 -0.836221
vn -0.0617028 0.54491 -0.836221
vn -0.0616318 0.545857 -0.835609
vn -0.0601488 0.567886 -0.820907
vn -0.0477618 0.716069 -0.696394
vn -0.0469338 0.725233 -0.686902
vn -0.0598478 0.572671 -0.817598
vn -0.0598478 0.572671 -0.817598
vn -0.0601488 0.567886 -0.820907
vn -0.0477618 0.716069 -0.696394
vn -0.0319158 0.837719 -0.545168
vn -0.0313078 0.842379 -0.537975
vn -0.0469338 0.725233 -0.686902
vn -0.0469338 0.725233 -0.686902
vn -0.0477618 0.716069 -0.696394
vn -0.0319158 0.837719 -0.545168
vn -0.0175509 0.933663 -0.357722
vn -0.0155329 0.947236 -0.320161
vn -0.0313078 0.842379 -0.537975
vn -0.0313078 0.842379 -0.537975
vn -0.0319158 0.837719 -0.545168
vn -0.0175509 0.933663 -0.357722
vn 0.00300088 0.314432 0.949275
vn 0.0137689 0.232708 0.972449
vn -0.101944 0.146759 0.983905
vn -0.101944 0.146759 0.983905
vn -0.110366 0.30144 0.947076
vn 0.00300088 0.314432 0.949275
vn 0.00300088 0.314432 0.949275
vn -0.110366 0.30144 0.947076
vn -0.0993391 0.223755 0.96957
vn -0.0993391 0.223755 0.96957
vn 0.000536873 0.225642 0.97421
vn 0.00300088 0.314432 0.949275
vn -0.00995414 0.066772 0.997719
vn 0.000536873 0.225642 0.97421
vn -0.0993391 0.223755 0.96957
vn -0.0993391 0.223755 0.96957
vn -0.0777941 0.018079 0.996806
vn -0.00995414 0.066772 0.997719
vn -0.0544971 0.581308 0.811857
vn -0.0480251 0.567614 0.821893
vn -0.0617111 0.544154 0.836713
vn -0.0617111 0.544154 0.836713
vn -0.0599021 0.572974 0.817382
vn -0.0544971 0.581308 0.811857
vn -0.0544971 0.581308 0.811857
vn -0.0599021 0.572974 0.817382
vn -0.047147 0.725285 0.686832
vn -0.047147 0.725285 0.686832
vn -0.047064 0.725208 0.686919
vn -0.0544971 0.581308 0.811857
vn -0.047064 0.725208 0.686919
vn -0.047147 0.725285 0.686832
vn -0.031407 0.843572 0.536097
vn -0.031407 0.843572 0.536097
vn -0.0314 0.842358 0.538004
vn -0.047064 0.725208 0.686919
vn -0.0314 0.842358 0.538004
vn -0.031407 0.843572 0.536097
vn -0.017544 0.934219 0.356267
vn -0.017544 0.934219 0.356267
vn -0.01558 0.947227 0.320186
vn -0.0314 0.842358 0.538004
vn -0.362092 0.823642 -0.436466
vn -0.197855 0.950775 -0.238495
vn -0.190285 0.954557 -0.229373
vn -0.190285 0.954557 -0.229373
vn -0.365032 0.82045 -0.440015
vn -0.362092 0.823642 -0.436466
vn -0.448181 0.712234 -0.540238
vn -0.362092 0.823642 -0.436466
vn -0.365032 0.82045 -0.440015
vn -0.365032 0.82045 -0.440015
vn -0.450267 0.708997 -0.542755
vn -0.448181 0.712234 -0.540238
vn -0.448181 0.712234 -0.540238
vn -0.450267 0.708997 -0.542755
vn -0.463635 0.679752 -0.568313
vn -0.463635 0.679752 -0.568313
vn -0.453042 0.694619 -0.5588
vn -0.448181 0.712234 -0.540238
vn -0.420753 0.738916 -0.52628
vn -0.41354 0.746741 -0.520925
vn -0.453042 0.694619 -0.5588
vn -0.453042 0.694619 -0.5588
vn -0.463635 0.679752 -0.568313
vn -0.420753 0.738916 -0.52628
vn -0.630889 0.0933601 -0.770236
vn -0.630889 0.0933601 -0.770236
vn -0.652441 0.122952 -0.747799
vn -0.652441 0.122952 -0.747799
vn -0.655041 0.126622 -0.744908
vn -0.630889 0.0933601 -0.770236
vn -0.716838 0.133769 -0.684288
vn -0.723017 0.129308 -0.678621
vn -0.655041 0.126622 -0.744908
vn -0.655041 0.126622 -0.744908
vn -0.652441 0.122952 -0.747799
vn -0.716838 0.133769 -0.684288
vn -0.723017 0.129308 -0.678621
vn -0.716838 0.133769 -0.684288
vn -0.75699 0.103659 -0.645152
vn -0.75699 0.103659 -0.645152
vn -0.75699 0.103659 -0.645152
vn -0.723017 0.129308 -0.678621
vn -0.479477 0.826594 -0.294692
vn -0.261269 0.951815 -0.160581
vn -0.234789 0.952842 -0.192264
vn -0.234789 0.952842 -0.192264
vn -0.434746 0.826352 -0.357965
vn -0.479477 0.826594 -0.294692
vn -0.590832 0.720455 -0.363128
vn -0.479477 0.826594 -0.294692
vn -0.434746 0.826352 -0.357965
vn -0.434746 0.826352 -0.357965
vn -0.536046 0.720377 -0.440127
vn -0.590832 0.720455 -0.363128
vn -0.509054 0.735867 -0.446502
vn -0.551004 0.759108 -0.346626
vn -0.590832 0.720455 -0.363128
vn -0.590832 0.720455 -0.363128
vn -0.536046 0.720377 -0.440127
vn -0.509054 0.735867 -0.446502
vn -0.463284 0.805081 -0.370422
vn -0.483252 0.818996 -0.309374
vn -0.551004 0.759108 -0.346626
vn -0.551004 0.759108 -0.346626
vn -0.509054 0.735867 -0.446502
vn -0.463284 0.805081 -0.370422
vn -0.795206 0.221042 -0.564613
vn -0.678979 0.153059 -0.718026
vn -0.674754 0.256562 -0.692014
vn -0.674754 0.256562 -0.692014
vn -0.738226 0.319475 -0.594102
vn -0.795206 0.221042 -0.564613
vn -0.643138 0.337597 -0.687315
vn -0.7392 0.324944 -0.589911
vn -0.738226 0.319475 -0.594102
vn -0.738226 0.319475 -0.594102
vn -0.674754 0.256562 -0.692014
vn -0.643138 0.337597 -0.687315
vn -0.7392 0.324944 -0.589911
vn -0.643138 0.337597 -0.687315
vn -0.677456 0.285155 -0.678042
vn -0.677456 0.285155 -0.678042
vn -0.783469 0.257524 -0.565559
vn -0.7392 0.324944 -0.589911
vn -0.199193 0.142888 -0.969487
vn -0.367839 0.160138 -0.915997
vn -0.363135 0.063152 -0.929594
vn -0.363135 0.063152 -0.929594
vn -0.153303 0.070072 -0.985692
vn -0.199193 0.142888 -0.969487
vn -0.367839 0.160138 -0.915997
vn -0.199193 0.142888 -0.969487
vn -0.263309 0.109014 -0.958532
vn -0.263309 0.109014 -0.958532
vn -0.348778 0.136628 -0.927193
vn -0.367839 0.160138 -0.915997
vn -0.28139 0.045597 -0.95851
vn -0.337253 0.069177 -0.938869
vn -0.348778 0.136628 -0.927193
vn -0.348778 0.136628 -0.927193
vn -0.263309 0.109014 -0.958532
vn -0.28139 0.045597 -0.95851
vn -0.252643 0.623496 -0.739881
vn -0.250217 0.630932 -0.734382
vn -0.25581 0.619568 -0.74209
vn -0.25581 0.619568 -0.74209
vn -0.259284 0.610531 -0.748347
vn -0.252643 0.623496 -0.739881
vn -0.259284 0.610531 -0.748347
vn -0.25581 0.619568 -0.74209
vn -0.23478 0.6982 -0.67631
vn -0.23478 0.6982 -0.67631
vn -0.230409 0.710638 -0.664759
vn -0.259284 0.610531 -0.748347
vn -0.230409 0.710638 -0.664759
vn -0.23478 0.6982 -0.67631
vn -0.181685 0.819353 -0.543738
vn -0.181685 0.819353 -0.543738
vn -0.177852 0.826522 -0.53407
vn -0.230409 0.710638 -0.664759
vn -0.177852 0.826522 -0.53407
vn -0.181685 0.819353 -0.543738
vn -0.11508 0.925158 -0.361718
vn -0.11508 0.925158 -0.361718
vn -0.0986249 0.945186 -0.311281
vn -0.177852 0.826522 -0.53407
vn -0.190285 0.954557 -0.229373
vn -0.197855 0.950775 -0.238495
vn -0.0742759 0.994602 -0.072451
vn -0.310711 0.035548 -0.949839
vn -0.256034 0.031222 -0.966164
vn -0.500136 0.050232 -0.864489
vn -0.256034 0.031222 -0.966164
vn -0.310711 0.035548 -0.949839
vn 0.00394215 -0.005351 -0.999978
vn 0.00394215 -0.005351 -0.999978
vn 0.0706602 -0.016762 -0.99736
vn -0.256034 0.031222 -0.966164
vn 0.0706602 -0.016762 -0.99736
vn 0.00394215 -0.005351 -0.999978
vn 0.197455 -0.038389 -0.97956
vn 0.197455 -0.038389 -0.97956
vn 0.197455 -0.038389 -0.97956
vn 0.0706602 -0.016762 -0.99736
vn 0.00304691 -0.99997 -0.007087
vn 0.00304691 -0.99997 -0.007087
vn 0.00304691 -0.99997 -0.007087
vn -0.0375439 0.991573 -0.123991
vn -0.0986249 0.945186 -0.311281
vn -0.11508 0.925158 -0.361718
vn 0.104787 0.991448 -0.077783
vn -0.0155329 0.947236 -0.320161
vn -0.0175509 0.933663 -0.357722
vn -0.0882469 0.996015 0.012906
vn -0.227932 0.963546 -0.140091
vn -0.277529 0.956715 -0.087606
vn -0.000135087 -0.999999 -0.00111
vn 0.000110913 -0.999999 -0.001289
vn -0.000227087 -0.999999 -0.001167
vn -0.00600594 0.989728 0.142839
vn -0.01558 0.947227 0.320186
vn -0.017544 0.934219 0.356267
vn -0.000135087 -0.999999 -0.00111
vn -0.000378087 -1.0 -0.000743
vn -0.000274087 -1.0 -0.000907
vn -0.455775 0.0 0.890095
vn -0.455775 0.0 0.890095
vn -0.455775 0.0 0.890095
vn -0.455775 0.0 0.890095
vn -0.455775 0.0 0.890095
vn -0.455775 0.0 0.890095
vn 0.345991 0.651103 -0.67554
vn 0.345991 0.651103 -0.67554
vn 0.345991 0.651103 -0.67554
vn 0.345991 0.651103 -0.67554
vn 0.345991 0.651103 -0.67554
vn 0.345991 0.651103 -0.67554
vn 8.70874e-05 1.0 4.9e-05
vn 8.70874e-05 1.0 4.9e-05
vn 8.70874e-05 1.0 4.9e-05
vn 8.70874e-05 1.0 4.9e-05
vn 8.70874e-05 1.0 4.9e-05
vn 8.70874e-05 1.0 4.9e-05
vn 0.870976 1.49239e-05 0.491326
vn 0.870976 1.49239e-05 0.491326
vn 0.870976 1.49239e-05 0.491326
vn 0.870976 1.49239e-05 0.491326
vn 0.870976 1.49239e-05 0.491326
vn 0.870976 1.49239e-05 0.491326
vn 0.000244913 -1.0 0.000139
vn 0.000244913 -1.0 0.000139
vn 0.000244913 -1.0 0.000139
vn 0.000244913 -1.0 0.000139
vn 0.000244913 -1.0 0.000139
vn 0.000244913 -1.0 0.000139
vn -0.870979 1.80761e-05 -0.49132
vn -0.870979 1.80761e-05 -0.49132
vn -0.870979 1.80761e-05 -0.49132
vn -0.870979 1.80761e-05 -0.49132
vn -0.870979 1.80761e-05 -0.49132
vn -0.870979 1.80761e-05 -0.49132
vn 0.346107 -0.651011 -0.67557
vn 0.346107 -0.651011 -0.67557
vn 0.346107 -0.651011 -0.67557
vn 0.346107 -0.651011 -0.67557
vn 0.346107 -0.651011 -0.67557
vn 0.346107 -0.651011 -0.67557
vn -0.870979 -1.79239e-05 -0.49132
vn -0.870979 -1.79239e-05 -0.49132
vn -0.870979 -1.79239e-05 -0.49132
vn -0.870979 -1.79239e-05 -0.49132
vn -0.870979 -1.79239e-05 -0.49132
vn -0.870979 -1.79239e-05 -0.49132
vn -0.455777 0.0 0.890094
vn -0.455777 0.0 0.890094
vn -0.455777 0.0 0.890094
vn -0.455777 0.0 0.890094
vn -0.455777 0.0 0.890094
vn -0.455777 0.0 0.890094
vn 0.870976 -1.50761e-05 0.491326
vn 0.870976 -1.50761e-05 0.491326
vn 0.870976 -1.50761e-05 0.491326
vn 0.870976 -1.50761e-05 0.491326
vn 0.870976 -1.50761e-05 0.491326
vn 0.870976 -1.50761e-05 0.491326
vn 0.45578 0.0 -0.890092
vn 0.45578 0.0 -0.890092
vn 0.45578 0.0 -0.890092
vn 0.45578 0.0 -0.890092
vn 0.45578 0.0 -0.890092
vn 0.45578 0.0 -0.890092
vn -0.87098 0.0 -0.491318
vn -0.87098 0.0 -0.491318
vn -0.87098 0.0 -0.491318
vn -0.87098 0.0 -0.491318
vn -0.87098 0.0 -0.491318
vn -0.87098 0.0 -0.491318
vn -0.455776 0.0 0.890094
vn -0.455776 0.0 0.890094
vn -0.455776 0.0 0.890095
vn -0.455776 0.0 0.890095
vn -0.455776 0.0 0.890094
vn -0.455776 0.0 0.890094
vn 0.870974 0.0 0.491329
vn 0.870974 0.0 0.491329
vn 0.870974 0.0 0.491329
vn 0.870974 0.0 0.491329
vn 0.870974 0.0 0.491329
vn 0.870974 0.0 0.491329

vt 0.883171 0.234118
vt 0.893699 0.216954
vt 0.883237 0.214593
vt 0.883171 0.234118
vt 0.897848 0.247556
vt 0.901407 0.239736
vt 0.903405 0.636014
vt 0.901627 0.637887
vt 0.886018 0.613868
vt 0.886018 0.613868
vt 0.88882 0.611799
vt 0.903405 0.636014
vt 0.88882 0.611799
vt 0.886018 0.613868
vt 0.876137 0.582943
vt 0.876137 0.582943
vt 0.87979 0.582158
vt 0.88882 0.611799
vt 0.877701 0.521482
vt 0.889468 0.492095
vt 0.895188 0.496464
vt 0.895188 0.496464
vt 0.881507 0.521236
vt 0.877701 0.521482
vt 0.883171 0.234118
vt 0.901407 0.239736
vt 0.902011 0.229644
vt 0.876137 0.582943
vt 0.872186 0.54833
vt 0.876424 0.547688
vt 0.876424 0.547688
vt 0.87979 0.582158
vt 0.876137 0.582943
vt 0.876424 0.547688
vt 0.872186 0.54833
vt 0.877701 0.521482
vt 0.877701 0.521482
vt 0.881507 0.521236
vt 0.876424 0.547688
vt 0.883171 0.234118
vt 0.902011 0.229644
vt 0.899033 0.222664
vt 0.901627 0.637887
vt 0.903405 0.636014
vt 0.920914 0.655482
vt 0.920914 0.655482
vt 0.919018 0.657385
vt 0.901627 0.637887
vt 0.88309 0.251995
vt 0.89051 0.251331
vt 0.883171 0.234118
vt 0.866213 0.522723
vt 0.864538 0.484774
vt 0.867472 0.485669
vt 0.867472 0.485669
vt 0.868083 0.523223
vt 0.866213 0.522723
vt 0.86611 0.549009
vt 0.866213 0.522723
vt 0.868083 0.523223
vt 0.868083 0.523223
vt 0.867794 0.548992
vt 0.86611 0.549009
vt 0.86611 0.549009
vt 0.867794 0.548992
vt 0.873267 0.583699
vt 0.873267 0.583699
vt 0.87183 0.584657
vt 0.86611 0.549009
vt 0.87183 0.584657
vt 0.873267 0.583699
vt 0.882987 0.614954
vt 0.882987 0.614954
vt 0.881752 0.615701
vt 0.87183 0.584657
vt 0.882987 0.614954
vt 0.899629 0.639156
vt 0.897973 0.639455
vt 0.897973 0.639455
vt 0.881752 0.615701
vt 0.882987 0.614954
vt 0.916015 0.660118
vt 0.897973 0.639455
vt 0.899629 0.639156
vt 0.899629 0.639156
vt 0.917291 0.659033
vt 0.916015 0.660118
vt 0.908606 0.467029
vt 0.920914 0.467407
vt 0.895188 0.496464
vt 0.895188 0.496464
vt 0.889468 0.492095
vt 0.908606 0.467029
vt 0.883171 0.234118
vt 0.899033 0.222664
vt 0.893699 0.216954
vt 0.883171 0.234118
vt 0.89051 0.251331
vt 0.897848 0.247556
vt 0.871868 0.443061
vt 0.891004 0.44802
vt 0.886111 0.454589
vt 0.886111 0.454589
vt 0.871617 0.447174
vt 0.871868 0.443061
vt 0.871617 0.447174
vt 0.867472 0.485669
vt 0.864538 0.484774
vt 0.864538 0.484774
vt 0.867635 0.446206
vt 0.871617 0.447174
vt 0.867472 0.485669
vt 0.871617 0.447174
vt 0.886111 0.454589
vt 0.886111 0.454589
vt 0.874024 0.488609
vt 0.867472 0.485669
vt 0.868083 0.523223
vt 0.867472 0.485669
vt 0.874024 0.488609
vt 0.874024 0.488609
vt 0.873542 0.522056
vt 0.868083 0.523223
vt 0.872186 0.54833
vt 0.867794 0.548992
vt 0.868083 0.523223
vt 0.868083 0.523223
vt 0.873542 0.522056
vt 0.872186 0.54833
vt 0.873267 0.583699
vt 0.867794 0.548992
vt 0.872186 0.54833
vt 0.872186 0.54833
vt 0.876137 0.582943
vt 0.873267 0.583699
vt 0.882987 0.614954
vt 0.873267 0.583699
vt 0.876137 0.582943
vt 0.876137 0.582943
vt 0.886018 0.613868
vt 0.882987 0.614954
vt 0.899629 0.639156
vt 0.882987 0.614954
vt 0.886018 0.613868
vt 0.886018 0.613868
vt 0.901627 0.637887
vt 0.899629 0.639156
vt 0.917291 0.659033
vt 0.899629 0.639156
vt 0.901627 0.637887
vt 0.901627 0.637887
vt 0.919018 0.657385
vt 0.917291 0.659033
vt 0.908154 0.45614
vt 0.920914 0.467407
vt 0.908606 0.467029
vt 0.908606 0.467029
vt 0.898486 0.461395
vt 0.908154 0.45614
vt 0.529749 0.231496
vt 0.562042 0.261899
vt 0.548264 0.234824
vt 0.548264 0.234824
vt 0.525317 0.2177
vt 0.529749 0.231496
vt 0.520131 0.201551
vt 0.532138 0.203137
vt 0.522947 0.181448
vt 0.522947 0.181448
vt 0.512829 0.180742
vt 0.520131 0.201551
vt 0.504826 0.141956
vt 0.509243 0.164188
vt 0.514846 0.164293
vt 0.512829 0.180742
vt 0.522947 0.181448
vt 0.514846 0.164293
vt 0.514846 0.164293
vt 0.509243 0.164188
vt 0.512829 0.180742
vt 0.498032 0.265492
vt 0.497202 0.280749
vt 0.509101 0.268531
vt 0.898486 0.461395
vt 0.908606 0.467029
vt 0.889468 0.492095
vt 0.889468 0.492095
vt 0.883508 0.491489
vt 0.898486 0.461395
vt 0.877701 0.521482
vt 0.873542 0.522056
vt 0.883508 0.491489
vt 0.883508 0.491489
vt 0.889468 0.492095
vt 0.877701 0.521482
vt 0.872186 0.54833
vt 0.873542 0.522056
vt 0.877701 0.521482
vt 0.873542 0.522056
vt 0.874024 0.488609
vt 0.883508 0.491489
vt 0.886111 0.454589
vt 0.898486 0.461395
vt 0.883508 0.491489
vt 0.883508 0.491489
vt 0.874024 0.488609
vt 0.886111 0.454589
vt 0.891004 0.44802
vt 0.908154 0.45614
vt 0.898486 0.461395
vt 0.898486 0.461395
vt 0.886111 0.454589
vt 0.891004 0.44802
vt 0.498032 0.265492
vt 0.509101 0.268531
vt 0.519468 0.251825
vt 0.519468 0.251825
vt 0.499106 0.245282
vt 0.498032 0.265492
vt 0.519468 0.251825
vt 0.529749 0.231496
vt 0.499106 0.245282
vt 0.500275 0.224403
vt 0.499106 0.245282
vt 0.529749 0.231496
vt 0.529749 0.231496
vt 0.525317 0.2177
vt 0.500275 0.224403
vt 0.501644 0.199968
vt 0.520131 0.201551
vt 0.512829 0.180742
vt 0.512829 0.180742
vt 0.502692 0.180139
vt 0.501644 0.199968
vt 0.502692 0.180139
vt 0.512829 0.180742
vt 0.509243 0.164188
vt 0.509243 0.164188
vt 0.503593 0.164115
vt 0.502692 0.180139
vt 0.504826 0.141956
vt 0.503593 0.164115
vt 0.509243 0.164188
vt 0.501644 0.199968
vt 0.500275 0.224403
vt 0.525317 0.2177
vt 0.525317 0.2177
vt 0.520131 0.201551
vt 0.501644 0.199968
vt 0.532138 0.203137
vt 0.520131 0.201551
vt 0.525317 0.2177
vt 0.525317 0.2177
vt 0.548264 0.234824
vt 0.532138 0.203137
vt 0.567781 0.069393
vt 0.567847 0.049868
vt 0.578309 0.052229
vt 0.567781 0.069393
vt 0.586017 0.075011
vt 0.582458 0.082831
vt 0.933089 0.468859
vt 0.918504 0.444644
vt 0.915701 0.446713
vt 0.915701 0.446713
vt 0.931311 0.470732
vt 0.933089 0.468859
vt 0.918504 0.444644
vt 0.909474 0.415004
vt 0.905821 0.415788
vt 0.905821 0.415788
vt 0.915701 0.446713
vt 0.918504 0.444644
vt 0.924872 0.329309
vt 0.919152 0.32494
vt 0.907384 0.354328
vt 0.907384 0.354328
vt 0.911191 0.354081
vt 0.924872 0.329309
vt 0.567781 0.069393
vt 0.586621 0.064919
vt 0.586017 0.075011
vt 0.906108 0.380533
vt 0.90187 0.381176
vt 0.905821 0.415788
vt 0.905821 0.415788
vt 0.909474 0.415004
vt 0.906108 0.380533
vt 0.906108 0.380533
vt 0.911191 0.354081
vt 0.907384 0.354328
vt 0.907384 0.354328
vt 0.90187 0.381176
vt 0.906108 0.380533
vt 0.567781 0.069393
vt 0.583643 0.057939
vt 0.586621 0.064919
vt 0.950597 0.488328
vt 0.933089 0.468859
vt 0.931311 0.470732
vt 0.931311 0.470732
vt 0.948701 0.49023
vt 0.950597 0.488328
vt 0.567701 0.08727
vt 0.567781 0.069393
vt 0.57512 0.086606
vt 0.897156 0.318514
vt 0.894222 0.317619
vt 0.895897 0.355569
vt 0.895897 0.355569
vt 0.897767 0.356068
vt 0.897156 0.318514
vt 0.897767 0.356068
vt 0.895897 0.355569
vt 0.895794 0.381854
vt 0.895794 0.381854
vt 0.897478 0.381838
vt 0.897767 0.356068
vt 0.895794 0.381854
vt 0.901514 0.417502
vt 0.90295 0.416544
vt 0.90295 0.416544
vt 0.897478 0.381838
vt 0.895794 0.381854
vt 0.901514 0.417502
vt 0.911436 0.448546
vt 0.912671 0.4478
vt 0.912671 0.4478
vt 0.90295 0.416544
vt 0.901514 0.417502
vt 0.927657 0.4723
vt 0.929313 0.472001
vt 0.912671 0.4478
vt 0.912671 0.4478
vt 0.911436 0.448546
vt 0.927657 0.4723
vt 0.929313 0.472001
vt 0.927657 0.4723
vt 0.945698 0.492963
vt 0.945698 0.492963
vt 0.946975 0.491879
vt 0.929313 0.472001
vt 0.924872 0.329309
vt 0.950597 0.300252
vt 0.93829 0.299874
vt 0.93829 0.299874
vt 0.919152 0.32494
vt 0.924872 0.329309
vt 0.567781 0.069393
vt 0.578309 0.052229
vt 0.583643 0.057939
vt 0.567781 0.069393
vt 0.582458 0.082831
vt 0.57512 0.086606
vt 0.901552 0.275906
vt 0.901301 0.280019
vt 0.915795 0.287434
vt 0.915795 0.287434
vt 0.920688 0.280866
vt 0.901552 0.275906
vt 0.894222 0.317619
vt 0.897156 0.318514
vt 0.901301 0.280019
vt 0.901301 0.280019
vt 0.897319 0.279052
vt 0.894222 0.317619
vt 0.897156 0.318514
vt 0.903708 0.321455
vt 0.915795 0.287434
vt 0.915795 0.287434
vt 0.901301 0.280019
vt 0.897156 0.318514
vt 0.903708 0.321455
vt 0.897156 0.318514
vt 0.897767 0.356068
vt 0.897767 0.356068
vt 0.903226 0.354901
vt 0.903708 0.321455
vt 0.90187 0.381176
vt 0.903226 0.354901
vt 0.897767 0.356068
vt 0.897767 0.356068
vt 0.897478 0.381838
vt 0.90187 0.381176
vt 0.90187 0.381176
vt 0.897478 0.381838
vt 0.90295 0.416544
vt 0.90295 0.416544
vt 0.905821 0.415788
vt 0.90187 0.381176
vt 0.905821 0.415788
vt 0.90295 0.416544
vt 0.912671 0.4478
vt 0.912671 0.4478
vt 0.915701 0.446713
vt 0.905821 0.415788
vt 0.915701 0.446713
vt 0.912671 0.4478
vt 0.929313 0.472001
vt 0.929313 0.472001
vt 0.931311 0.470732
vt 0.915701 0.446713
vt 0.946975 0.491879
vt 0.948701 0.49023
vt 0.931311 0.470732
vt 0.931311 0.470732
vt 0.929313 0.472001
vt 0.946975 0.491879
vt 0.937837 0.288985
vt 0.92817 0.29424
vt 0.93829 0.299874
vt 0.93829 0.299874
vt 0.950597 0.300252
vt 0.937837 0.288985
vt 0.867401 0.390891
vt 0.862969 0.377094
vt 0.885916 0.394219
vt 0.885916 0.394219
vt 0.899694 0.421294
vt 0.867401 0.390891
vt 0.860599 0.340843
vt 0.86979 0.362532
vt 0.857783 0.360946
vt 0.857783 0.360946
vt 0.850481 0.340137
vt 0.860599 0.340843
vt 0.842478 0.301351
vt 0.852498 0.323687
vt 0.846895 0.323583
vt 0.852498 0.323687
vt 0.860599 0.340843
vt 0.850481 0.340137
vt 0.850481 0.340137
vt 0.846895 0.323583
vt 0.852498 0.323687
vt 0.835684 0.424886
vt 0.846753 0.427926
vt 0.834854 0.440144
vt 0.919152 0.32494
vt 0.93829 0.299874
vt 0.92817 0.29424
vt 0.92817 0.29424
vt 0.913192 0.324334
vt 0.919152 0.32494
vt 0.907384 0.354328
vt 0.919152 0.32494
vt 0.913192 0.324334
vt 0.913192 0.324334
vt 0.903226 0.354901
vt 0.907384 0.354328
vt 0.90187 0.381176
vt 0.907384 0.354328
vt 0.903226 0.354901
vt 0.903226 0.354901
vt 0.913192 0.324334
vt 0.903708 0.321455
vt 0.915795 0.287434
vt 0.903708 0.321455
vt 0.913192 0.324334
vt 0.913192 0.324334
vt 0.92817 0.29424
vt 0.915795 0.287434
vt 0.920688 0.280866
vt 0.915795 0.287434
vt 0.92817 0.29424
vt 0.92817 0.29424
vt 0.937837 0.288985
vt 0.920688 0.280866
vt 0.85712 0.41122
vt 0.846753 0.427926
vt 0.835684 0.424886
vt 0.835684 0.424886
vt 0.836759 0.404677
vt 0.85712 0.41122
vt 0.85712 0.41122
vt 0.836759 0.404677
vt 0.867401 0.390891
vt 0.867401 0.390891
vt 0.836759 0.404677
vt 0.837927 0.383798
vt 0.837927 0.383798
vt 0.862969 0.377094
vt 0.867401 0.390891
vt 0.850481 0.340137
vt 0.857783 0.360946
vt 0.839296 0.359362
vt 0.839296 0.359362
vt 0.840345 0.339534
vt 0.850481 0.340137
vt 0.846895 0.323583
vt 0.850481 0.340137
vt 0.840345 0.339534
vt 0.840345 0.339534
vt 0.841246 0.32351
vt 0.846895 0.323583
vt 0.842478 0.301351
vt 0.846895 0.323583
vt 0.841246 0.32351
vt 0.862969 0.377094
vt 0.837927 0.383798
vt 0.839296 0.359362
vt 0.839296 0.359362
vt 0.857783 0.360946
vt 0.862969 0.377094
vt 0.862969 0.377094
vt 0.857783 0.360946
vt 0.86979 0.362532
vt 0.86979 0.362532
vt 0.885916 0.394219
vt 0.862969 0.377094
vt 0.002487 0.186219
vt 0.000202 0.177172
vt 0.023909 0.167987
vt 0.006553 0.194958
vt 0.002487 0.186219
vt 0.023909 0.167987
vt 0.014977 0.200673
vt 0.006553 0.194958
vt 0.023909 0.167987
vt 0.022709 0.203292
vt 0.014977 0.200673
vt 0.023909 0.167987
vt 0.030808 0.200906
vt 0.022709 0.203292
vt 0.023909 0.167987
vt 0.039757 0.192787
vt 0.030808 0.200906
vt 0.023909 0.167987
vt 0.044131 0.184733
vt 0.039757 0.192787
vt 0.023909 0.167987
vt 0.047818 0.167987
vt 0.046892 0.1755
vt 0.023909 0.167987
vt 0.000202 0.177172
vt 0.0 0.172477
vt 0.023909 0.167987
vt 0.0 0.172477
vt 0.000135 0.167987
vt 0.023909 0.167987
vt 0.046892 0.1755
vt 0.044131 0.184733
vt 0.023909 0.167987
vt 0.000202 0.158803
vt 0.002487 0.149756
vt 0.023909 0.167987
vt 0.002487 0.149756
vt 0.006553 0.141017
vt 0.023909 0.167987
vt 0.006553 0.141017
vt 0.014977 0.135301
vt 0.023909 0.167987
vt 0.014977 0.135301
vt 0.022709 0.132683
vt 0.023909 0.167987
vt 0.022709 0.132683
vt 0.030808 0.135068
vt 0.023909 0.167987
vt 0.030808 0.135068
vt 0.039757 0.143187
vt 0.023909 0.167987
vt 0.039757 0.143187
vt 0.044131 0.151241
vt 0.023909 0.167987
vt 0.046892 0.160475
vt 0.047818 0.167987
vt 0.023909 0.167987
vt 0.0 0.163497
vt 0.000202 0.158803
vt 0.023909 0.167987
vt 0.000135 0.167987
vt 0.0 0.163497
vt 0.023909 0.167987
vt 0.044131 0.151241
vt 0.046892 0.160475
vt 0.023909 0.167987
vt 0.780879 0.335179
vt 0.775713 0.356483
vt 0.803029 0.357601
vt 0.803029 0.357601
vt 0.804084 0.336227
vt 0.780879 0.335179
vt 0.80402 0.617124
vt 0.845957 0.609803
vt 0.840531 0.592723
vt 0.840531 0.592723
vt 0.803775 0.596596
vt 0.80402 0.617124
vt 0.776429 0.545593
vt 0.752433 0.544535
vt 0.751873 0.553806
vt 0.751873 0.553806
vt 0.77708 0.554896
vt 0.776429 0.545593
vt 0.726068 0.596034
vt 0.723541 0.618741
vt 0.744621 0.618729
vt 0.744621 0.618729
vt 0.747336 0.596676
vt 0.726068 0.596034
vt 0.804084 0.336227
vt 0.803029 0.357601
vt 0.818602 0.357968
vt 0.818602 0.357968
vt 0.818828 0.336609
vt 0.804084 0.336227
vt 0.703074 0.32694
vt 0.698705 0.342148
vt 0.718314 0.348685
vt 0.718314 0.348685
vt 0.723877 0.330255
vt 0.703074 0.32694
vt 0.74393 0.357741
vt 0.753586 0.33349
vt 0.723877 0.330255
vt 0.723877 0.330255
vt 0.718314 0.348685
vt 0.74393 0.357741
vt 0.790119 0.409849
vt 0.784126 0.436383
vt 0.809397 0.437752
vt 0.809397 0.437752
vt 0.815939 0.40837
vt 0.790119 0.409849
vt 0.768105 0.409653
vt 0.766468 0.433678
vt 0.784126 0.436383
vt 0.784126 0.436383
vt 0.790119 0.409849
vt 0.768105 0.409653
vt 0.635008 0.363591
vt 0.626698 0.367446
vt 0.63355 0.377745
vt 0.63355 0.377745
vt 0.642096 0.378421
vt 0.635008 0.363591
vt 0.598587 0.387315
vt 0.569035 0.386521
vt 0.570718 0.39622
vt 0.570718 0.39622
vt 0.569035 0.386521
vt 0.56028 0.387845
vt 0.56028 0.387845
vt 0.564074 0.401989
vt 0.570718 0.39622
vt 0.763068 0.666899
vt 0.787295 0.671599
vt 0.782858 0.655057
vt 0.782858 0.655057
vt 0.755155 0.650759
vt 0.763068 0.666899
vt 0.808213 0.466837
vt 0.807031 0.455951
vt 0.781336 0.453158
vt 0.781336 0.453158
vt 0.778145 0.472452
vt 0.808213 0.466837
vt 0.781336 0.453158
vt 0.762799 0.449832
vt 0.755942 0.462437
vt 0.755942 0.462437
vt 0.778145 0.472452
vt 0.781336 0.453158
vt 0.637741 0.402767
vt 0.642644 0.392211
vt 0.635634 0.390804
vt 0.635634 0.390804
vt 0.631592 0.399395
vt 0.637741 0.402767
vt 0.585647 0.412183
vt 0.576416 0.40467
vt 0.571167 0.410783
vt 0.571167 0.410783
vt 0.58315 0.419222
vt 0.585647 0.412183
vt 0.772927 0.683762
vt 0.752597 0.683912
vt 0.766793 0.708146
vt 0.766793 0.708146
vt 0.787542 0.7087
vt 0.772927 0.683762
vt 0.601701 0.35133
vt 0.587435 0.353796
vt 0.590386 0.360211
vt 0.590386 0.360211
vt 0.601983 0.358004
vt 0.601701 0.35133
vt 0.80402 0.617124
vt 0.775925 0.617985
vt 0.778484 0.637704
vt 0.778484 0.637704
vt 0.804943 0.637792
vt 0.80402 0.617124
vt 0.598587 0.387315
vt 0.597855 0.415639
vt 0.61036 0.414452
vt 0.567333 0.366221
vt 0.561627 0.375256
vt 0.570553 0.376446
vt 0.570553 0.376446
vt 0.576158 0.369876
vt 0.567333 0.366221
vt 0.860178 0.591219
vt 0.840531 0.592723
vt 0.845957 0.609803
vt 0.845957 0.609803
vt 0.865231 0.606319
vt 0.860178 0.591219
vt 0.626698 0.367446
vt 0.598587 0.387315
vt 0.63355 0.377745
vt 0.635634 0.390804
vt 0.598587 0.387315
vt 0.631592 0.399395
vt 0.597617 0.422445
vt 0.61233 0.42066
vt 0.61036 0.414452
vt 0.61036 0.414452
vt 0.597855 0.415639
vt 0.597617 0.422445
vt 0.627695 0.413664
vt 0.637741 0.402767
vt 0.631592 0.399395
vt 0.631592 0.399395
vt 0.623588 0.408769
vt 0.627695 0.413664
vt 0.755942 0.462437
vt 0.740243 0.47976
vt 0.751669 0.487641
vt 0.751669 0.487641
vt 0.778145 0.472452
vt 0.755942 0.462437
vt 0.080253 0.318608
vt 0.095685 0.308506
vt 0.094414 0.306828
vt 0.094414 0.306828
vt 0.079585 0.317371
vt 0.080253 0.318608
vt 0.030479 0.323058
vt 0.013797 0.318791
vt 0.013604 0.320098
vt 0.013604 0.320098
vt 0.0304 0.324737
vt 0.030479 0.323058
vt 0.047963 0.325652
vt 0.048269 0.324149
vt 0.030479 0.323058
vt 0.030479 0.323058
vt 0.0304 0.324737
vt 0.047963 0.325652
vt 0.095685 0.308506
vt 0.107087 0.296701
vt 0.103528 0.295146
vt 0.103528 0.295146
vt 0.094414 0.306828
vt 0.095685 0.308506
vt 0.114764 0.28393
vt 0.119272 0.276785
vt 0.115705 0.27528
vt 0.115705 0.27528
vt 0.111603 0.282477
vt 0.114764 0.28393
vt 0.787542 0.7087
vt 0.801089 0.706316
vt 0.791965 0.685206
vt 0.791965 0.685206
vt 0.772927 0.683762
vt 0.787542 0.7087
vt 0.813529 0.751341
vt 0.822614 0.74517
vt 0.811135 0.725654
vt 0.811135 0.725654
vt 0.800726 0.730058
vt 0.813529 0.751341
vt 0.745305 0.444007
vt 0.740113 0.455696
vt 0.755942 0.462437
vt 0.755942 0.462437
vt 0.762799 0.449832
vt 0.745305 0.444007
vt 0.749194 0.428062
vt 0.766468 0.433678
vt 0.768105 0.409653
vt 0.768105 0.409653
vt 0.749045 0.406972
vt 0.749194 0.428062
vt 0.753586 0.33349
vt 0.74393 0.357741
vt 0.775713 0.356483
vt 0.775713 0.356483
vt 0.780879 0.335179
vt 0.753586 0.33349
vt 0.067206 0.323348
vt 0.067049 0.321916
vt 0.048269 0.324149
vt 0.048269 0.324149
vt 0.047963 0.325652
vt 0.067206 0.323348
vt 0.740243 0.47976
vt 0.72195 0.493887
vt 0.729593 0.50134
vt 0.729593 0.50134
vt 0.751669 0.487641
vt 0.740243 0.47976
vt 0.61233 0.42066
vt 0.627695 0.413664
vt 0.623588 0.408769
vt 0.623588 0.408769
vt 0.61036 0.414452
vt 0.61233 0.42066
vt 0.598587 0.387315
vt 0.61036 0.414452
vt 0.623588 0.408769
vt 0.107087 0.296701
vt 0.114764 0.28393
vt 0.111603 0.282477
vt 0.111603 0.282477
vt 0.103528 0.295146
vt 0.107087 0.296701
vt 0.763068 0.666899
vt 0.742199 0.660623
vt 0.752597 0.683912
vt 0.752597 0.683912
vt 0.772927 0.683762
vt 0.763068 0.666899
vt 0.772927 0.683762
vt 0.791965 0.685206
vt 0.787295 0.671599
vt 0.787295 0.671599
vt 0.763068 0.666899
vt 0.772927 0.683762
vt 0.576416 0.40467
vt 0.570718 0.39622
vt 0.564074 0.401989
vt 0.564074 0.401989
vt 0.571167 0.410783
vt 0.576416 0.40467
vt 0.598587 0.387315
vt 0.570718 0.39622
vt 0.576416 0.40467
vt 0.800726 0.730058
vt 0.811135 0.725654
vt 0.801089 0.706316
vt 0.801089 0.706316
vt 0.787542 0.7087
vt 0.800726 0.730058
vt 0.597855 0.415639
vt 0.585647 0.412183
vt 0.58315 0.419222
vt 0.58315 0.419222
vt 0.597617 0.422445
vt 0.597855 0.415639
vt 0.598587 0.387315
vt 0.585647 0.412183
vt 0.597855 0.415639
vt 0.067049 0.321916
vt 0.067206 0.323348
vt 0.080253 0.318608
vt 0.080253 0.318608
vt 0.079585 0.317371
vt 0.067049 0.321916
vt 0.808213 0.466837
vt 0.778145 0.472452
vt 0.786085 0.492761
vt 0.786085 0.492761
vt 0.812058 0.490073
vt 0.808213 0.466837
vt 0.778145 0.472452
vt 0.751669 0.487641
vt 0.760617 0.501654
vt 0.760617 0.501654
vt 0.786085 0.492761
vt 0.778145 0.472452
vt 0.760617 0.501654
vt 0.751669 0.487641
vt 0.729593 0.50134
vt 0.729593 0.50134
vt 0.733603 0.517228
vt 0.760617 0.501654
vt 0.797133 0.753885
vt 0.813529 0.751341
vt 0.800726 0.730058
vt 0.800726 0.730058
vt 0.784503 0.734401
vt 0.797133 0.753885
vt 0.784503 0.734401
vt 0.800726 0.730058
vt 0.787542 0.7087
vt 0.787542 0.7087
vt 0.766793 0.708146
vt 0.784503 0.734401
vt 0.755155 0.650759
vt 0.736614 0.647283
vt 0.742199 0.660623
vt 0.742199 0.660623
vt 0.763068 0.666899
vt 0.755155 0.650759
vt 0.752433 0.544535
vt 0.732293 0.542234
vt 0.730525 0.551477
vt 0.730525 0.551477
vt 0.751873 0.553806
vt 0.752433 0.544535
vt 0.830693 0.357556
vt 0.830714 0.336737
vt 0.818828 0.336609
vt 0.818828 0.336609
vt 0.818602 0.357968
vt 0.830693 0.357556
vt 0.833872 0.436721
vt 0.832413 0.407251
vt 0.815939 0.40837
vt 0.815939 0.40837
vt 0.809397 0.437752
vt 0.833872 0.436721
vt 0.834472 0.455092
vt 0.807031 0.455951
vt 0.808213 0.466837
vt 0.808213 0.466837
vt 0.834841 0.465636
vt 0.834472 0.455092
vt 0.812058 0.490073
vt 0.835801 0.489306
vt 0.834841 0.465636
vt 0.834841 0.465636
vt 0.808213 0.466837
vt 0.812058 0.490073
vt 0.013797 0.318791
vt 0.000624 0.313012
vt 0.0 0.314144
vt 0.0 0.314144
vt 0.013604 0.320098
vt 0.013797 0.318791
vt 0.63355 0.377745
vt 0.598587 0.387315
vt 0.635634 0.390804
vt 0.642096 0.378421
vt 0.63355 0.377745
vt 0.635634 0.390804
vt 0.635634 0.390804
vt 0.642644 0.392211
vt 0.642096 0.378421
vt 0.766468 0.433678
vt 0.749194 0.428062
vt 0.745305 0.444007
vt 0.745305 0.444007
vt 0.762799 0.449832
vt 0.766468 0.433678
vt 0.781336 0.453158
vt 0.784126 0.436383
vt 0.766468 0.433678
vt 0.766468 0.433678
vt 0.762799 0.449832
vt 0.781336 0.453158
vt 0.807031 0.455951
vt 0.809397 0.437752
vt 0.784126 0.436383
vt 0.784126 0.436383
vt 0.781336 0.453158
vt 0.807031 0.455951
vt 0.834472 0.455092
vt 0.833872 0.436721
vt 0.809397 0.437752
vt 0.809397 0.437752
vt 0.807031 0.455951
vt 0.834472 0.455092
vt 0.778484 0.637704
vt 0.748675 0.636631
vt 0.755155 0.650759
vt 0.755155 0.650759
vt 0.782858 0.655057
vt 0.778484 0.637704
vt 0.569035 0.386521
vt 0.570553 0.376446
vt 0.561627 0.375256
vt 0.561627 0.375256
vt 0.56028 0.387845
vt 0.569035 0.386521
vt 0.598587 0.387315
vt 0.570553 0.376446
vt 0.569035 0.386521
vt 0.601983 0.358004
vt 0.590386 0.360211
vt 0.598587 0.387315
vt 0.624763 0.353997
vt 0.619248 0.360195
vt 0.626698 0.367446
vt 0.626698 0.367446
vt 0.635008 0.363591
vt 0.624763 0.353997
vt 0.746964 0.386244
vt 0.749045 0.406972
vt 0.768105 0.409653
vt 0.768105 0.409653
vt 0.771512 0.384315
vt 0.746964 0.386244
vt 0.771512 0.384315
vt 0.768105 0.409653
vt 0.790119 0.409849
vt 0.790119 0.409849
vt 0.796003 0.384105
vt 0.771512 0.384315
vt 0.815939 0.40837
vt 0.816921 0.383628
vt 0.796003 0.384105
vt 0.796003 0.384105
vt 0.790119 0.409849
vt 0.815939 0.40837
vt 0.832413 0.407251
vt 0.831189 0.382699
vt 0.816921 0.383628
vt 0.816921 0.383628
vt 0.815939 0.40837
vt 0.832413 0.407251
vt 0.119272 0.276785
vt 0.122345 0.269077
vt 0.119946 0.268302
vt 0.119946 0.268302
vt 0.115705 0.27528
vt 0.119272 0.276785
vt 0.748675 0.636631
vt 0.730326 0.634589
vt 0.736614 0.647283
vt 0.736614 0.647283
vt 0.755155 0.650759
vt 0.748675 0.636631
vt 0.74393 0.357741
vt 0.746964 0.386244
vt 0.771512 0.384315
vt 0.771512 0.384315
vt 0.775713 0.356483
vt 0.74393 0.357741
vt 0.775713 0.356483
vt 0.771512 0.384315
vt 0.796003 0.384105
vt 0.796003 0.384105
vt 0.803029 0.357601
vt 0.775713 0.356483
vt 0.803029 0.357601
vt 0.796003 0.384105
vt 0.816921 0.383628
vt 0.816921 0.383628
vt 0.818602 0.357968
vt 0.803029 0.357601
vt 0.831189 0.382699
vt 0.830693 0.357556
vt 0.818602 0.357968
vt 0.818602 0.357968
vt 0.816921 0.383628
vt 0.831189 0.382699
vt 0.748675 0.636631
vt 0.778484 0.637704
vt 0.775925 0.617985
vt 0.775925 0.617985
vt 0.744621 0.618729
vt 0.748675 0.636631
vt 0.785197 0.290292
vt 0.807669 0.292373
vt 0.809719 0.271793
vt 0.809719 0.271793
vt 0.785626 0.269552
vt 0.785197 0.290292
vt 0.758215 0.285471
vt 0.785197 0.290292
vt 0.785626 0.269552
vt 0.785626 0.269552
vt 0.760681 0.266277
vt 0.758215 0.285471
vt 0.733891 0.261905
vt 0.728756 0.280637
vt 0.758215 0.285471
vt 0.758215 0.285471
vt 0.760681 0.266277
vt 0.733891 0.261905
vt 0.712211 0.257231
vt 0.708102 0.276586
vt 0.728756 0.280637
vt 0.728756 0.280637
vt 0.733891 0.261905
vt 0.712211 0.257231
vt 0.803775 0.596596
vt 0.773692 0.596915
vt 0.775925 0.617985
vt 0.775925 0.617985
vt 0.80402 0.617124
vt 0.803775 0.596596
vt 0.775925 0.617985
vt 0.773692 0.596915
vt 0.747336 0.596676
vt 0.747336 0.596676
vt 0.744621 0.618729
vt 0.775925 0.617985
vt 0.838896 0.542833
vt 0.858809 0.542061
vt 0.858346 0.522918
vt 0.858346 0.522918
vt 0.836351 0.522812
vt 0.838896 0.542833
vt 0.803807 0.544473
vt 0.838896 0.542833
vt 0.836351 0.522812
vt 0.836351 0.522812
vt 0.804544 0.522219
vt 0.803807 0.544473
vt 0.803807 0.544473
vt 0.804544 0.522219
vt 0.780469 0.520909
vt 0.780469 0.520909
vt 0.776429 0.545593
vt 0.803807 0.544473
vt 0.730326 0.634589
vt 0.748675 0.636631
vt 0.744621 0.618729
vt 0.744621 0.618729
vt 0.723541 0.618741
vt 0.730326 0.634589
vt 0.122345 0.269077
vt 0.126003 0.259629
vt 0.122856 0.260123
vt 0.122856 0.260123
vt 0.119946 0.268302
vt 0.122345 0.269077
vt 0.752433 0.544535
vt 0.755343 0.518852
vt 0.735801 0.516601
vt 0.735801 0.516601
vt 0.732293 0.542234
vt 0.752433 0.544535
vt 0.77708 0.554896
vt 0.805291 0.55362
vt 0.803807 0.544473
vt 0.803807 0.544473
vt 0.776429 0.545593
vt 0.77708 0.554896
vt 0.805291 0.55362
vt 0.84131 0.552126
vt 0.838896 0.542833
vt 0.838896 0.542833
vt 0.803807 0.544473
vt 0.805291 0.55362
vt 0.858809 0.542061
vt 0.838896 0.542833
vt 0.84131 0.552126
vt 0.84131 0.552126
vt 0.862047 0.551951
vt 0.858809 0.542061
vt 0.725775 0.290286
vt 0.728756 0.280637
vt 0.708102 0.276586
vt 0.708102 0.276586
vt 0.704358 0.286741
vt 0.725775 0.290286
vt 0.728756 0.280637
vt 0.725775 0.290286
vt 0.755112 0.294138
vt 0.755112 0.294138
vt 0.758215 0.285471
vt 0.728756 0.280637
vt 0.758215 0.285471
vt 0.755112 0.294138
vt 0.78255 0.298904
vt 0.78255 0.298904
vt 0.785197 0.290292
vt 0.758215 0.285471
vt 0.805741 0.300833
vt 0.807669 0.292373
vt 0.785197 0.290292
vt 0.785197 0.290292
vt 0.78255 0.298904
vt 0.805741 0.300833
vt 0.819986 0.293286
vt 0.821921 0.272651
vt 0.809719 0.271793
vt 0.809719 0.271793
vt 0.807669 0.292373
vt 0.819986 0.293286
vt 0.832288 0.293969
vt 0.833638 0.273417
vt 0.821921 0.272651
vt 0.821921 0.272651
vt 0.819986 0.293286
vt 0.832288 0.293969
vt 0.818828 0.336609
vt 0.830714 0.336737
vt 0.831051 0.321397
vt 0.831051 0.321397
vt 0.818987 0.320795
vt 0.818828 0.336609
vt 0.804084 0.336227
vt 0.818828 0.336609
vt 0.818987 0.320795
vt 0.818987 0.320795
vt 0.805345 0.320142
vt 0.804084 0.336227
vt 0.756014 0.312867
vt 0.753586 0.33349
vt 0.780879 0.335179
vt 0.780879 0.335179
vt 0.783824 0.317486
vt 0.756014 0.312867
vt 0.723877 0.330255
vt 0.753586 0.33349
vt 0.756014 0.312867
vt 0.756014 0.312867
vt 0.725861 0.309308
vt 0.723877 0.330255
vt 0.703074 0.32694
vt 0.723877 0.330255
vt 0.725861 0.309308
vt 0.725861 0.309308
vt 0.704469 0.307079
vt 0.703074 0.32694
vt 0.858955 0.571564
vt 0.839072 0.571432
vt 0.840531 0.592723
vt 0.840531 0.592723
vt 0.860178 0.591219
vt 0.858955 0.571564
vt 0.802551 0.573262
vt 0.803775 0.596596
vt 0.840531 0.592723
vt 0.840531 0.592723
vt 0.839072 0.571432
vt 0.802551 0.573262
vt 0.748908 0.574558
vt 0.747336 0.596676
vt 0.773692 0.596915
vt 0.773692 0.596915
vt 0.774863 0.574575
vt 0.748908 0.574558
vt 0.728844 0.572628
vt 0.726068 0.596034
vt 0.747336 0.596676
vt 0.747336 0.596676
vt 0.748908 0.574558
vt 0.728844 0.572628
vt 0.079585 0.317371
vt 0.06708 0.318101
vt 0.067049 0.321916
vt 0.067049 0.321916
vt 0.06708 0.318101
vt 0.049175 0.31718
vt 0.049175 0.31718
vt 0.048269 0.324149
vt 0.067049 0.321916
vt 0.049175 0.31718
vt 0.032584 0.31355
vt 0.030479 0.323058
vt 0.030479 0.323058
vt 0.048269 0.324149
vt 0.049175 0.31718
vt 0.030479 0.323058
vt 0.032584 0.31355
vt 0.016572 0.310331
vt 0.016572 0.310331
vt 0.013797 0.318791
vt 0.030479 0.323058
vt 0.016572 0.310331
vt 0.004071 0.305181
vt 0.000624 0.313012
vt 0.000624 0.313012
vt 0.013797 0.318791
vt 0.016572 0.310331
vt 0.818755 0.301683
vt 0.819986 0.293286
vt 0.807669 0.292373
vt 0.807669 0.292373
vt 0.805741 0.300833
vt 0.818755 0.301683
vt 0.831859 0.302285
vt 0.832288 0.293969
vt 0.819986 0.293286
vt 0.819986 0.293286
vt 0.818755 0.301683
vt 0.831859 0.302285
vt 0.598587 0.387315
vt 0.576158 0.369876
vt 0.570553 0.376446
vt 0.626698 0.367446
vt 0.619248 0.360195
vt 0.598587 0.387315
vt 0.774863 0.574575
vt 0.773692 0.596915
vt 0.803775 0.596596
vt 0.803775 0.596596
vt 0.802551 0.573262
vt 0.774863 0.574575
vt 0.783824 0.317486
vt 0.780879 0.335179
vt 0.804084 0.336227
vt 0.804084 0.336227
vt 0.805345 0.320142
vt 0.783824 0.317486
vt 0.776429 0.545593
vt 0.780469 0.520909
vt 0.755343 0.518852
vt 0.755343 0.518852
vt 0.752433 0.544535
vt 0.776429 0.545593
vt 0.782858 0.655057
vt 0.805918 0.656002
vt 0.804943 0.637792
vt 0.804943 0.637792
vt 0.778484 0.637704
vt 0.782858 0.655057
vt 0.787295 0.671599
vt 0.807125 0.674129
vt 0.805918 0.656002
vt 0.805918 0.656002
vt 0.782858 0.655057
vt 0.787295 0.671599
vt 0.791965 0.685206
vt 0.809588 0.686373
vt 0.807125 0.674129
vt 0.807125 0.674129
vt 0.787295 0.671599
vt 0.791965 0.685206
vt 0.801089 0.706316
vt 0.814192 0.703853
vt 0.809588 0.686373
vt 0.809588 0.686373
vt 0.791965 0.685206
vt 0.801089 0.706316
vt 0.811135 0.725654
vt 0.821257 0.721297
vt 0.814192 0.703853
vt 0.814192 0.703853
vt 0.801089 0.706316
vt 0.811135 0.725654
vt 0.831442 0.738714
vt 0.821257 0.721297
vt 0.811135 0.725654
vt 0.811135 0.725654
vt 0.822614 0.74517
vt 0.831442 0.738714
vt 0.729229 0.472088
vt 0.714147 0.486766
vt 0.72195 0.493887
vt 0.72195 0.493887
vt 0.740243 0.47976
vt 0.729229 0.472088
vt 0.740113 0.455696
vt 0.729229 0.472088
vt 0.740243 0.47976
vt 0.740243 0.47976
vt 0.755942 0.462437
vt 0.740113 0.455696
vt 0.821519 0.700558
vt 0.819454 0.683119
vt 0.809588 0.686373
vt 0.809588 0.686373
vt 0.814192 0.703853
vt 0.821519 0.700558
vt 0.807125 0.674129
vt 0.809588 0.686373
vt 0.819454 0.683119
vt 0.819454 0.683119
vt 0.818944 0.670065
vt 0.807125 0.674129
vt 0.805918 0.656002
vt 0.807125 0.674129
vt 0.818944 0.670065
vt 0.818944 0.670065
vt 0.822169 0.652905
vt 0.805918 0.656002
vt 0.822169 0.652905
vt 0.828462 0.638498
vt 0.804943 0.637792
vt 0.804943 0.637792
vt 0.805918 0.656002
vt 0.822169 0.652905
vt 0.828462 0.638498
vt 0.838005 0.628219
vt 0.80402 0.617124
vt 0.80402 0.617124
vt 0.804943 0.637792
vt 0.828462 0.638498
vt 0.865231 0.606319
vt 0.845957 0.609803
vt 0.849313 0.6204
vt 0.849313 0.6204
vt 0.867926 0.615812
vt 0.865231 0.606319
vt 0.718314 0.348685
vt 0.698705 0.342148
vt 0.695696 0.351548
vt 0.695696 0.351548
vt 0.712587 0.361727
vt 0.718314 0.348685
vt 0.746964 0.386244
vt 0.74393 0.357741
vt 0.725514 0.37366
vt 0.725514 0.37366
vt 0.732168 0.386953
vt 0.746964 0.386244
vt 0.746964 0.386244
vt 0.732168 0.386953
vt 0.736625 0.403616
vt 0.736625 0.403616
vt 0.749045 0.406972
vt 0.746964 0.386244
vt 0.749045 0.406972
vt 0.736625 0.403616
vt 0.738865 0.423093
vt 0.738865 0.423093
vt 0.749194 0.428062
vt 0.749045 0.406972
vt 0.749194 0.428062
vt 0.738865 0.423093
vt 0.737852 0.438803
vt 0.737852 0.438803
vt 0.745305 0.444007
vt 0.749194 0.428062
vt 0.745305 0.444007
vt 0.737852 0.438803
vt 0.732579 0.451212
vt 0.732579 0.451212
vt 0.740113 0.455696
vt 0.745305 0.444007
vt 0.740113 0.455696
vt 0.732579 0.451212
vt 0.723559 0.466798
vt 0.723559 0.466798
vt 0.729229 0.472088
vt 0.740113 0.455696
vt 0.714147 0.486766
vt 0.729229 0.472088
vt 0.723559 0.466798
vt 0.723559 0.466798
vt 0.708439 0.482085
vt 0.714147 0.486766
vt 0.821257 0.721297
vt 0.831442 0.738714
vt 0.837374 0.734217
vt 0.837374 0.734217
vt 0.827816 0.717666
vt 0.821257 0.721297
vt 0.814192 0.703853
vt 0.821257 0.721297
vt 0.827816 0.717666
vt 0.827816 0.717666
vt 0.821519 0.700558
vt 0.814192 0.703853
vt 0.838005 0.628219
vt 0.849313 0.6204
vt 0.845957 0.609803
vt 0.845957 0.609803
vt 0.80402 0.617124
vt 0.838005 0.628219
vt 0.718314 0.348685
vt 0.712587 0.361727
vt 0.725514 0.37366
vt 0.725514 0.37366
vt 0.74393 0.357741
vt 0.718314 0.348685
vt 0.612179 0.357712
vt 0.61438 0.349886
vt 0.601701 0.35133
vt 0.601701 0.35133
vt 0.601983 0.358004
vt 0.612179 0.357712
vt 0.587435 0.353796
vt 0.574652 0.359389
vt 0.580557 0.365799
vt 0.580557 0.365799
vt 0.590386 0.360211
vt 0.587435 0.353796
vt 0.574652 0.359389
vt 0.567333 0.366221
vt 0.576158 0.369876
vt 0.576158 0.369876
vt 0.580557 0.365799
vt 0.574652 0.359389
vt 0.598587 0.387315
vt 0.580557 0.365799
vt 0.576158 0.369876
vt 0.619248 0.360195
vt 0.624763 0.353997
vt 0.61438 0.349886
vt 0.61438 0.349886
vt 0.612179 0.357712
vt 0.619248 0.360195
vt 0.619248 0.360195
vt 0.612179 0.357712
vt 0.598587 0.387315
vt 0.828462 0.638498
vt 0.832784 0.641864
vt 0.841775 0.632951
vt 0.841775 0.632951
vt 0.838005 0.628219
vt 0.828462 0.638498
vt 0.838005 0.628219
vt 0.841775 0.632951
vt 0.852063 0.626127
vt 0.852063 0.626127
vt 0.849313 0.6204
vt 0.838005 0.628219
vt 0.867926 0.615812
vt 0.849313 0.6204
vt 0.852063 0.626127
vt 0.852063 0.626127
vt 0.86912 0.622091
vt 0.867926 0.615812
vt 0.712587 0.361727
vt 0.695696 0.351548
vt 0.693857 0.357706
vt 0.693857 0.357706
vt 0.709499 0.36686
vt 0.712587 0.361727
vt 0.725514 0.37366
vt 0.712587 0.361727
vt 0.709499 0.36686
vt 0.709499 0.36686
vt 0.721426 0.37733
vt 0.725514 0.37366
vt 0.732168 0.386953
vt 0.725514 0.37366
vt 0.721426 0.37733
vt 0.721426 0.37733
vt 0.727927 0.389182
vt 0.732168 0.386953
vt 0.727927 0.389182
vt 0.732345 0.404818
vt 0.736625 0.403616
vt 0.736625 0.403616
vt 0.732168 0.386953
vt 0.727927 0.389182
vt 0.738865 0.423093
vt 0.736625 0.403616
vt 0.732345 0.404818
vt 0.732345 0.404818
vt 0.734773 0.423401
vt 0.738865 0.423093
vt 0.737852 0.438803
vt 0.738865 0.423093
vt 0.734773 0.423401
vt 0.734773 0.423401
vt 0.734018 0.438868
vt 0.737852 0.438803
vt 0.732579 0.451212
vt 0.737852 0.438803
vt 0.734018 0.438868
vt 0.734018 0.438868
vt 0.729025 0.450984
vt 0.732579 0.451212
vt 0.723559 0.466798
vt 0.732579 0.451212
vt 0.729025 0.450984
vt 0.729025 0.450984
vt 0.720884 0.465787
vt 0.723559 0.466798
vt 0.708439 0.482085
vt 0.723559 0.466798
vt 0.720884 0.465787
vt 0.720884 0.465787
vt 0.706841 0.480048
vt 0.708439 0.482085
vt 0.837374 0.734217
vt 0.839554 0.732669
vt 0.830621 0.71715
vt 0.830621 0.71715
vt 0.827816 0.717666
vt 0.837374 0.734217
vt 0.827816 0.717666
vt 0.830621 0.71715
vt 0.824828 0.700838
vt 0.824828 0.700838
vt 0.821519 0.700558
vt 0.827816 0.717666
vt 0.823081 0.684263
vt 0.819454 0.683119
vt 0.821519 0.700558
vt 0.821519 0.700558
vt 0.824828 0.700838
vt 0.823081 0.684263
vt 0.822826 0.671521
vt 0.818944 0.670065
vt 0.819454 0.683119
vt 0.819454 0.683119
vt 0.823081 0.684263
vt 0.822826 0.671521
vt 0.826358 0.655178
vt 0.822169 0.652905
vt 0.818944 0.670065
vt 0.818944 0.670065
vt 0.822826 0.671521
vt 0.826358 0.655178
vt 0.822169 0.652905
vt 0.826358 0.655178
vt 0.832784 0.641864
vt 0.832784 0.641864
vt 0.828462 0.638498
vt 0.822169 0.652905
vt 0.598587 0.387315
vt 0.590386 0.360211
vt 0.580557 0.365799
vt 0.612179 0.357712
vt 0.601983 0.358004
vt 0.598587 0.387315
vt 0.598587 0.387315
vt 0.576416 0.40467
vt 0.585647 0.412183
vt 0.598587 0.387315
vt 0.623588 0.408769
vt 0.631592 0.399395
vt 0.831859 0.302285
vt 0.818755 0.301683
vt 0.818987 0.320795
vt 0.818987 0.320795
vt 0.831051 0.321397
vt 0.831859 0.302285
vt 0.818755 0.301683
vt 0.805741 0.300833
vt 0.805345 0.320142
vt 0.805345 0.320142
vt 0.818987 0.320795
vt 0.818755 0.301683
vt 0.783824 0.317486
vt 0.805345 0.320142
vt 0.805741 0.300833
vt 0.805741 0.300833
vt 0.78255 0.298904
vt 0.783824 0.317486
vt 0.756014 0.312867
vt 0.783824 0.317486
vt 0.78255 0.298904
vt 0.78255 0.298904
vt 0.755112 0.294138
vt 0.756014 0.312867
vt 0.725861 0.309308
vt 0.756014 0.312867
vt 0.755112 0.294138
vt 0.755112 0.294138
vt 0.725775 0.290286
vt 0.725861 0.309308
vt 0.725775 0.290286
vt 0.704358 0.286741
vt 0.704469 0.307079
vt 0.704469 0.307079
vt 0.725861 0.309308
vt 0.725775 0.290286
vt 0.858955 0.571564
vt 0.862047 0.551951
vt 0.84131 0.552126
vt 0.84131 0.552126
vt 0.839072 0.571432
vt 0.858955 0.571564
vt 0.805291 0.55362
vt 0.802551 0.573262
vt 0.839072 0.571432
vt 0.839072 0.571432
vt 0.84131 0.552126
vt 0.805291 0.55362
vt 0.77708 0.554896
vt 0.774863 0.574575
vt 0.802551 0.573262
vt 0.802551 0.573262
vt 0.805291 0.55362
vt 0.77708 0.554896
vt 0.774863 0.574575
vt 0.77708 0.554896
vt 0.751873 0.553806
vt 0.751873 0.553806
vt 0.748908 0.574558
vt 0.774863 0.574575
vt 0.730525 0.551477
vt 0.728844 0.572628
vt 0.748908 0.574558
vt 0.748908 0.574558
vt 0.751873 0.553806
vt 0.730525 0.551477
vt 0.751195 0.077948
vt 0.7744 0.078996
vt 0.773346 0.10037
vt 0.773346 0.10037
vt 0.746029 0.099252
vt 0.751195 0.077948
vt 0.703244 0.770873
vt 0.70867 0.787953
vt 0.666733 0.795275
vt 0.666733 0.795275
vt 0.666487 0.774746
vt 0.703244 0.770873
vt 0.614585 0.731956
vt 0.615146 0.722686
vt 0.639142 0.723744
vt 0.639142 0.723744
vt 0.639792 0.733046
vt 0.614585 0.731956
vt 0.607334 0.796879
vt 0.586253 0.796891
vt 0.588781 0.774184
vt 0.588781 0.774184
vt 0.610049 0.774827
vt 0.607334 0.796879
vt 0.7744 0.078996
vt 0.789144 0.079378
vt 0.788918 0.100737
vt 0.788918 0.100737
vt 0.773346 0.10037
vt 0.7744 0.078996
vt 0.68863 0.091454
vt 0.669021 0.084917
vt 0.67339 0.069709
vt 0.67339 0.069709
vt 0.694193 0.073024
vt 0.68863 0.091454
vt 0.694193 0.073024
vt 0.723902 0.076259
vt 0.714246 0.10051
vt 0.714246 0.10051
vt 0.68863 0.091454
vt 0.694193 0.073024
vt 0.760436 0.152618
vt 0.786255 0.151139
vt 0.779713 0.180521
vt 0.779713 0.180521
vt 0.754443 0.179152
vt 0.760436 0.152618
vt 0.738422 0.152422
vt 0.760436 0.152618
vt 0.754443 0.179152
vt 0.754443 0.179152
vt 0.736784 0.176447
vt 0.738422 0.152422
vt 0.678076 0.492539
vt 0.671224 0.48224
vt 0.679534 0.478385
vt 0.679534 0.478385
vt 0.686622 0.493215
vt 0.678076 0.492539
vt 0.643112 0.502109
vt 0.615244 0.511014
vt 0.613561 0.501315
vt 0.615244 0.511014
vt 0.6086 0.516783
vt 0.604806 0.502639
vt 0.604806 0.502639
vt 0.613561 0.501315
vt 0.615244 0.511014
vt 0.645571 0.833207
vt 0.650008 0.849749
vt 0.625781 0.845049
vt 0.625781 0.845049
vt 0.617868 0.828909
vt 0.645571 0.833207
vt 0.778529 0.209606
vt 0.748462 0.215221
vt 0.751653 0.195927
vt 0.751653 0.195927
vt 0.777347 0.19872
vt 0.778529 0.209606
vt 0.726259 0.205206
vt 0.733115 0.192601
vt 0.751653 0.195927
vt 0.751653 0.195927
vt 0.748462 0.215221
vt 0.726259 0.205206
vt 0.682267 0.517561
vt 0.676117 0.514189
vt 0.68016 0.505598
vt 0.68016 0.505598
vt 0.68717 0.507005
vt 0.682267 0.517561
vt 0.630172 0.526977
vt 0.627676 0.534016
vt 0.615693 0.525577
vt 0.615693 0.525577
vt 0.620942 0.519464
vt 0.630172 0.526977
vt 0.63564 0.861912
vt 0.650255 0.88685
vt 0.629506 0.886296
vt 0.629506 0.886296
vt 0.61531 0.862063
vt 0.63564 0.861912
vt 0.634912 0.475004
vt 0.63196 0.46859
vt 0.646226 0.466124
vt 0.646226 0.466124
vt 0.646509 0.472798
vt 0.634912 0.475004
vt 0.641197 0.815854
vt 0.638638 0.796135
vt 0.666733 0.795275
vt 0.666733 0.795275
vt 0.667656 0.815942
vt 0.641197 0.815854
vt 0.643112 0.502109
vt 0.654886 0.529246
vt 0.642381 0.530433
vt 0.611859 0.481015
vt 0.620684 0.48467
vt 0.615079 0.49124
vt 0.615079 0.49124
vt 0.606153 0.49005
vt 0.611859 0.481015
vt 0.722891 0.769369
vt 0.727944 0.784469
vt 0.70867 0.787953
vt 0.70867 0.787953
vt 0.703244 0.770873
vt 0.722891 0.769369
vt 0.671224 0.48224
vt 0.678076 0.492539
vt 0.643112 0.502109
vt 0.68016 0.505598
vt 0.676117 0.514189
vt 0.643112 0.502109
vt 0.642143 0.537239
vt 0.642381 0.530433
vt 0.654886 0.529246
vt 0.654886 0.529246
vt 0.656855 0.535454
vt 0.642143 0.537239
vt 0.672221 0.528458
vt 0.668114 0.523563
vt 0.676117 0.514189
vt 0.676117 0.514189
vt 0.682267 0.517561
vt 0.672221 0.528458
vt 0.726259 0.205206
vt 0.748462 0.215221
vt 0.721985 0.230409
vt 0.721985 0.230409
vt 0.710559 0.222529
vt 0.726259 0.205206
vt 0.832797 0.242611
vt 0.834067 0.244289
vt 0.818635 0.254391
vt 0.818635 0.254391
vt 0.817968 0.253154
vt 0.832797 0.242611
vt 0.751987 0.255881
vt 0.752179 0.254574
vt 0.768861 0.258841
vt 0.768861 0.258841
vt 0.768782 0.26052
vt 0.751987 0.255881
vt 0.786346 0.261436
vt 0.768782 0.26052
vt 0.768861 0.258841
vt 0.768861 0.258841
vt 0.786651 0.259933
vt 0.786346 0.261436
vt 0.834067 0.244289
vt 0.832797 0.242611
vt 0.84191 0.230929
vt 0.84191 0.230929
vt 0.84547 0.232484
vt 0.834067 0.244289
vt 0.854087 0.211063
vt 0.857654 0.212568
vt 0.853147 0.219713
vt 0.853147 0.219713
vt 0.849986 0.21826
vt 0.854087 0.211063
vt 0.654678 0.863356
vt 0.663802 0.884466
vt 0.650255 0.88685
vt 0.650255 0.88685
vt 0.63564 0.861912
vt 0.654678 0.863356
vt 0.676242 0.929491
vt 0.663439 0.908209
vt 0.673848 0.903804
vt 0.673848 0.903804
vt 0.685327 0.92332
vt 0.676242 0.929491
vt 0.726259 0.205206
vt 0.710429 0.198465
vt 0.715621 0.186776
vt 0.715621 0.186776
vt 0.733115 0.192601
vt 0.726259 0.205206
vt 0.738422 0.152422
vt 0.736784 0.176447
vt 0.71951 0.170831
vt 0.71951 0.170831
vt 0.719361 0.149741
vt 0.738422 0.152422
vt 0.723902 0.076259
vt 0.751195 0.077948
vt 0.746029 0.099252
vt 0.746029 0.099252
vt 0.714246 0.10051
vt 0.723902 0.076259
vt 0.805588 0.259131
vt 0.786346 0.261436
vt 0.786651 0.259933
vt 0.786651 0.259933
vt 0.805432 0.257699
vt 0.805588 0.259131
vt 0.710559 0.222529
vt 0.721985 0.230409
vt 0.69991 0.244109
vt 0.69991 0.244109
vt 0.692267 0.236656
vt 0.710559 0.222529
vt 0.656855 0.535454
vt 0.654886 0.529246
vt 0.668114 0.523563
vt 0.668114 0.523563
vt 0.672221 0.528458
vt 0.656855 0.535454
vt 0.643112 0.502109
vt 0.668114 0.523563
vt 0.654886 0.529246
vt 0.84547 0.232484
vt 0.84191 0.230929
vt 0.849986 0.21826
vt 0.849986 0.21826
vt 0.853147 0.219713
vt 0.84547 0.232484
vt 0.625781 0.845049
vt 0.63564 0.861912
vt 0.61531 0.862063
vt 0.61531 0.862063
vt 0.604912 0.838773
vt 0.625781 0.845049
vt 0.650008 0.849749
vt 0.654678 0.863356
vt 0.63564 0.861912
vt 0.63564 0.861912
vt 0.625781 0.845049
vt 0.650008 0.849749
vt 0.620942 0.519464
vt 0.615693 0.525577
vt 0.6086 0.516783
vt 0.6086 0.516783
vt 0.615244 0.511014
vt 0.620942 0.519464
vt 0.643112 0.502109
vt 0.620942 0.519464
vt 0.615244 0.511014
vt 0.663439 0.908209
vt 0.650255 0.88685
vt 0.663802 0.884466
vt 0.663802 0.884466
vt 0.673848 0.903804
vt 0.663439 0.908209
vt 0.627676 0.534016
vt 0.630172 0.526977
vt 0.642381 0.530433
vt 0.642381 0.530433
vt 0.642143 0.537239
vt 0.627676 0.534016
vt 0.643112 0.502109
vt 0.642381 0.530433
vt 0.630172 0.526977
vt 0.805432 0.257699
vt 0.817968 0.253154
vt 0.818635 0.254391
vt 0.818635 0.254391
vt 0.805588 0.259131
vt 0.805432 0.257699
vt 0.756401 0.23553
vt 0.748462 0.215221
vt 0.778529 0.209606
vt 0.778529 0.209606
vt 0.782375 0.232842
vt 0.756401 0.23553
vt 0.730934 0.244423
vt 0.721985 0.230409
vt 0.748462 0.215221
vt 0.748462 0.215221
vt 0.756401 0.23553
vt 0.730934 0.244423
vt 0.730934 0.244423
vt 0.70392 0.259997
vt 0.69991 0.244109
vt 0.69991 0.244109
vt 0.721985 0.230409
vt 0.730934 0.244423
vt 0.659846 0.932035
vt 0.647216 0.912551
vt 0.663439 0.908209
vt 0.663439 0.908209
vt 0.676242 0.929491
vt 0.659846 0.932035
vt 0.647216 0.912551
vt 0.629506 0.886296
vt 0.650255 0.88685
vt 0.650255 0.88685
vt 0.663439 0.908209
vt 0.647216 0.912551
vt 0.617868 0.828909
vt 0.625781 0.845049
vt 0.604912 0.838773
vt 0.604912 0.838773
vt 0.599327 0.825433
vt 0.617868 0.828909
vt 0.615146 0.722686
vt 0.614585 0.731956
vt 0.593238 0.729627
vt 0.593238 0.729627
vt 0.595006 0.720384
vt 0.615146 0.722686
vt 0.789144 0.079378
vt 0.80103 0.079506
vt 0.801009 0.100325
vt 0.801009 0.100325
vt 0.788918 0.100737
vt 0.789144 0.079378
vt 0.786255 0.151139
vt 0.802729 0.15002
vt 0.804188 0.17949
vt 0.804188 0.17949
vt 0.779713 0.180521
vt 0.786255 0.151139
vt 0.778529 0.209606
vt 0.777347 0.19872
vt 0.804789 0.197861
vt 0.804789 0.197861
vt 0.805157 0.208405
vt 0.778529 0.209606
vt 0.782375 0.232842
vt 0.778529 0.209606
vt 0.805157 0.208405
vt 0.805157 0.208405
vt 0.806117 0.232075
vt 0.782375 0.232842
vt 0.752179 0.254574
vt 0.751987 0.255881
vt 0.738382 0.249928
vt 0.738382 0.249928
vt 0.739006 0.248795
vt 0.752179 0.254574
vt 0.678076 0.492539
vt 0.68016 0.505598
vt 0.643112 0.502109
vt 0.68016 0.505598
vt 0.678076 0.492539
vt 0.686622 0.493215
vt 0.686622 0.493215
vt 0.68717 0.507005
vt 0.68016 0.505598
vt 0.736784 0.176447
vt 0.733115 0.192601
vt 0.715621 0.186776
vt 0.715621 0.186776
vt 0.71951 0.170831
vt 0.736784 0.176447
vt 0.751653 0.195927
vt 0.733115 0.192601
vt 0.736784 0.176447
vt 0.736784 0.176447
vt 0.754443 0.179152
vt 0.751653 0.195927
vt 0.777347 0.19872
vt 0.751653 0.195927
vt 0.754443 0.179152
vt 0.754443 0.179152
vt 0.779713 0.180521
vt 0.777347 0.19872
vt 0.804789 0.197861
vt 0.777347 0.19872
vt 0.779713 0.180521
vt 0.779713 0.180521
vt 0.804188 0.17949
vt 0.804789 0.197861
vt 0.641197 0.815854
vt 0.645571 0.833207
vt 0.617868 0.828909
vt 0.617868 0.828909
vt 0.611388 0.814781
vt 0.641197 0.815854
vt 0.606153 0.49005
vt 0.615079 0.49124
vt 0.613561 0.501315
vt 0.613561 0.501315
vt 0.604806 0.502639
vt 0.606153 0.49005
vt 0.643112 0.502109
vt 0.613561 0.501315
vt 0.615079 0.49124
vt 0.646509 0.472798
vt 0.643112 0.502109
vt 0.634912 0.475004
vt 0.669288 0.468791
vt 0.679534 0.478385
vt 0.671224 0.48224
vt 0.671224 0.48224
vt 0.663774 0.474989
vt 0.669288 0.468791
vt 0.738422 0.152422
vt 0.719361 0.149741
vt 0.717281 0.129013
vt 0.717281 0.129013
vt 0.741828 0.127084
vt 0.738422 0.152422
vt 0.760436 0.152618
vt 0.738422 0.152422
vt 0.741828 0.127084
vt 0.741828 0.127084
vt 0.766319 0.126874
vt 0.760436 0.152618
vt 0.786255 0.151139
vt 0.760436 0.152618
vt 0.766319 0.126874
vt 0.766319 0.126874
vt 0.787237 0.126396
vt 0.786255 0.151139
vt 0.802729 0.15002
vt 0.786255 0.151139
vt 0.787237 0.126396
vt 0.787237 0.126396
vt 0.801505 0.125468
vt 0.802729 0.15002
vt 0.858328 0.204085
vt 0.860728 0.20486
vt 0.857654 0.212568
vt 0.857654 0.212568
vt 0.854087 0.211063
vt 0.858328 0.204085
vt 0.599327 0.825433
vt 0.593039 0.81274
vt 0.611388 0.814781
vt 0.611388 0.814781
vt 0.617868 0.828909
vt 0.599327 0.825433
vt 0.714246 0.10051
vt 0.746029 0.099252
vt 0.741828 0.127084
vt 0.741828 0.127084
vt 0.717281 0.129013
vt 0.714246 0.10051
vt 0.746029 0.099252
vt 0.773346 0.10037
vt 0.766319 0.126874
vt 0.766319 0.126874
vt 0.741828 0.127084
vt 0.746029 0.099252
vt 0.773346 0.10037
vt 0.788918 0.100737
vt 0.787237 0.126396
vt 0.787237 0.126396
vt 0.766319 0.126874
vt 0.773346 0.10037
vt 0.801505 0.125468
vt 0.787237 0.126396
vt 0.788918 0.100737
vt 0.788918 0.100737
vt 0.801009 0.100325
vt 0.801505 0.125468
vt 0.611388 0.814781
vt 0.607334 0.796879
vt 0.638638 0.796135
vt 0.638638 0.796135
vt 0.641197 0.815854
vt 0.611388 0.814781
vt 0.780036 0.014562
vt 0.777985 0.035141
vt 0.755513 0.033061
vt 0.755513 0.033061
vt 0.755942 0.012321
vt 0.780036 0.014562
vt 0.755942 0.012321
vt 0.755513 0.033061
vt 0.728531 0.02824
vt 0.728531 0.02824
vt 0.730997 0.009046
vt 0.755942 0.012321
vt 0.704208 0.004674
vt 0.730997 0.009046
vt 0.728531 0.02824
vt 0.728531 0.02824
vt 0.699072 0.023406
vt 0.704208 0.004674
vt 0.682527 0.0
vt 0.704208 0.004674
vt 0.699072 0.023406
vt 0.699072 0.023406
vt 0.678418 0.019354
vt 0.682527 0.0
vt 0.666487 0.774746
vt 0.666733 0.795275
vt 0.638638 0.796135
vt 0.638638 0.796135
vt 0.636405 0.775066
vt 0.666487 0.774746
vt 0.610049 0.774827
vt 0.636405 0.775066
vt 0.638638 0.796135
vt 0.638638 0.796135
vt 0.607334 0.796879
vt 0.610049 0.774827
vt 0.721059 0.701068
vt 0.721522 0.720211
vt 0.701608 0.720983
vt 0.701608 0.720983
vt 0.699063 0.700962
vt 0.721059 0.701068
vt 0.699063 0.700962
vt 0.701608 0.720983
vt 0.66652 0.722623
vt 0.66652 0.722623
vt 0.667257 0.700369
vt 0.699063 0.700962
vt 0.643181 0.699059
vt 0.667257 0.700369
vt 0.66652 0.722623
vt 0.66652 0.722623
vt 0.639142 0.723744
vt 0.643181 0.699059
vt 0.607334 0.796879
vt 0.611388 0.814781
vt 0.593039 0.81274
vt 0.593039 0.81274
vt 0.586253 0.796891
vt 0.607334 0.796879
vt 0.860728 0.20486
vt 0.858328 0.204085
vt 0.861238 0.195906
vt 0.861238 0.195906
vt 0.864385 0.195412
vt 0.860728 0.20486
vt 0.615146 0.722686
vt 0.595006 0.720384
vt 0.598514 0.694752
vt 0.598514 0.694752
vt 0.618056 0.697002
vt 0.615146 0.722686
vt 0.66652 0.722623
vt 0.668004 0.73177
vt 0.639792 0.733046
vt 0.639792 0.733046
vt 0.639142 0.723744
vt 0.66652 0.722623
vt 0.701608 0.720983
vt 0.704023 0.730276
vt 0.668004 0.73177
vt 0.668004 0.73177
vt 0.66652 0.722623
vt 0.701608 0.720983
vt 0.704023 0.730276
vt 0.701608 0.720983
vt 0.721522 0.720211
vt 0.721522 0.720211
vt 0.72476 0.730102
vt 0.704023 0.730276
vt 0.696091 0.033055
vt 0.674675 0.02951
vt 0.678418 0.019354
vt 0.678418 0.019354
vt 0.699072 0.023406
vt 0.696091 0.033055
vt 0.699072 0.023406
vt 0.728531 0.02824
vt 0.725428 0.036907
vt 0.725428 0.036907
vt 0.696091 0.033055
vt 0.699072 0.023406
vt 0.728531 0.02824
vt 0.755513 0.033061
vt 0.752866 0.041673
vt 0.752866 0.041673
vt 0.725428 0.036907
vt 0.728531 0.02824
vt 0.755513 0.033061
vt 0.777985 0.035141
vt 0.776057 0.043602
vt 0.776057 0.043602
vt 0.752866 0.041673
vt 0.755513 0.033061
vt 0.790303 0.036055
vt 0.777985 0.035141
vt 0.780036 0.014562
vt 0.780036 0.014562
vt 0.792237 0.015419
vt 0.790303 0.036055
vt 0.802604 0.036738
vt 0.790303 0.036055
vt 0.792237 0.015419
vt 0.792237 0.015419
vt 0.803955 0.016186
vt 0.802604 0.036738
vt 0.789144 0.079378
vt 0.789304 0.063564
vt 0.801367 0.064166
vt 0.801367 0.064166
vt 0.80103 0.079506
vt 0.789144 0.079378
vt 0.789304 0.063564
vt 0.789144 0.079378
vt 0.7744 0.078996
vt 0.7744 0.078996
vt 0.775661 0.062911
vt 0.789304 0.063564
vt 0.72633 0.055636
vt 0.754141 0.060254
vt 0.751195 0.077948
vt 0.751195 0.077948
vt 0.723902 0.076259
vt 0.72633 0.055636
vt 0.72633 0.055636
vt 0.723902 0.076259
vt 0.694193 0.073024
vt 0.694193 0.073024
vt 0.696177 0.052077
vt 0.72633 0.055636
vt 0.67339 0.069709
vt 0.674785 0.049848
vt 0.696177 0.052077
vt 0.696177 0.052077
vt 0.694193 0.073024
vt 0.67339 0.069709
vt 0.703244 0.770873
vt 0.701785 0.749582
vt 0.721668 0.749714
vt 0.721668 0.749714
vt 0.722891 0.769369
vt 0.703244 0.770873
vt 0.665263 0.751412
vt 0.701785 0.749582
vt 0.703244 0.770873
vt 0.703244 0.770873
vt 0.666487 0.774746
vt 0.665263 0.751412
vt 0.611621 0.752708
vt 0.637576 0.752725
vt 0.636405 0.775066
vt 0.636405 0.775066
vt 0.610049 0.774827
vt 0.611621 0.752708
vt 0.591557 0.750779
vt 0.611621 0.752708
vt 0.610049 0.774827
vt 0.610049 0.774827
vt 0.588781 0.774184
vt 0.591557 0.750779
vt 0.817968 0.253154
vt 0.805432 0.257699
vt 0.805462 0.253884
vt 0.805432 0.257699
vt 0.786651 0.259933
vt 0.787557 0.252963
vt 0.787557 0.252963
vt 0.805462 0.253884
vt 0.805432 0.257699
vt 0.768861 0.258841
vt 0.770966 0.249333
vt 0.787557 0.252963
vt 0.787557 0.252963
vt 0.786651 0.259933
vt 0.768861 0.258841
vt 0.768861 0.258841
vt 0.752179 0.254574
vt 0.754954 0.246114
vt 0.754954 0.246114
vt 0.770966 0.249333
vt 0.768861 0.258841
vt 0.739006 0.248795
vt 0.742453 0.240965
vt 0.754954 0.246114
vt 0.754954 0.246114
vt 0.752179 0.254574
vt 0.739006 0.248795
vt 0.789071 0.044452
vt 0.776057 0.043602
vt 0.777985 0.035141
vt 0.777985 0.035141
vt 0.790303 0.036055
vt 0.789071 0.044452
vt 0.802176 0.045054
vt 0.789071 0.044452
vt 0.790303 0.036055
vt 0.790303 0.036055
vt 0.802604 0.036738
vt 0.802176 0.045054
vt 0.643112 0.502109
vt 0.615079 0.49124
vt 0.620684 0.48467
vt 0.671224 0.48224
vt 0.643112 0.502109
vt 0.663774 0.474989
vt 0.637576 0.752725
vt 0.665263 0.751412
vt 0.666487 0.774746
vt 0.666487 0.774746
vt 0.636405 0.775066
vt 0.637576 0.752725
vt 0.754141 0.060254
vt 0.775661 0.062911
vt 0.7744 0.078996
vt 0.7744 0.078996
vt 0.751195 0.077948
vt 0.754141 0.060254
vt 0.639142 0.723744
vt 0.615146 0.722686
vt 0.618056 0.697002
vt 0.618056 0.697002
vt 0.643181 0.699059
vt 0.639142 0.723744
vt 0.667656 0.815942
vt 0.668631 0.834152
vt 0.645571 0.833207
vt 0.645571 0.833207
vt 0.641197 0.815854
vt 0.667656 0.815942
vt 0.650008 0.849749
vt 0.645571 0.833207
vt 0.668631 0.834152
vt 0.668631 0.834152
vt 0.669837 0.85228
vt 0.650008 0.849749
vt 0.654678 0.863356
vt 0.650008 0.849749
vt 0.669837 0.85228
vt 0.669837 0.85228
vt 0.6723 0.864523
vt 0.654678 0.863356
vt 0.663802 0.884466
vt 0.654678 0.863356
vt 0.6723 0.864523
vt 0.6723 0.864523
vt 0.676905 0.882003
vt 0.663802 0.884466
vt 0.673848 0.903804
vt 0.663802 0.884466
vt 0.676905 0.882003
vt 0.676905 0.882003
vt 0.68397 0.899447
vt 0.673848 0.903804
vt 0.673848 0.903804
vt 0.68397 0.899447
vt 0.694155 0.916864
vt 0.694155 0.916864
vt 0.685327 0.92332
vt 0.673848 0.903804
vt 0.699545 0.214857
vt 0.710559 0.222529
vt 0.692267 0.236656
vt 0.692267 0.236656
vt 0.684463 0.229535
vt 0.699545 0.214857
vt 0.710559 0.222529
vt 0.699545 0.214857
vt 0.710429 0.198465
vt 0.710429 0.198465
vt 0.726259 0.205206
vt 0.710559 0.222529
vt 0.684231 0.878709
vt 0.676905 0.882003
vt 0.6723 0.864523
vt 0.6723 0.864523
vt 0.682167 0.861269
vt 0.684231 0.878709
vt 0.682167 0.861269
vt 0.6723 0.864523
vt 0.669837 0.85228
vt 0.669837 0.85228
vt 0.681656 0.848215
vt 0.682167 0.861269
vt 0.681656 0.848215
vt 0.669837 0.85228
vt 0.668631 0.834152
vt 0.668631 0.834152
vt 0.684882 0.831055
vt 0.681656 0.848215
vt 0.667656 0.815942
vt 0.691175 0.816648
vt 0.684882 0.831055
vt 0.684882 0.831055
vt 0.668631 0.834152
vt 0.667656 0.815942
vt 0.666733 0.795275
vt 0.700718 0.806369
vt 0.691175 0.816648
vt 0.691175 0.816648
vt 0.667656 0.815942
vt 0.666733 0.795275
vt 0.712026 0.79855
vt 0.70867 0.787953
vt 0.727944 0.784469
vt 0.727944 0.784469
vt 0.730639 0.793962
vt 0.712026 0.79855
vt 0.666012 0.094317
vt 0.669021 0.084917
vt 0.68863 0.091454
vt 0.68863 0.091454
vt 0.682903 0.104496
vt 0.666012 0.094317
vt 0.717281 0.129013
vt 0.702484 0.129722
vt 0.69583 0.116429
vt 0.69583 0.116429
vt 0.714246 0.10051
vt 0.717281 0.129013
vt 0.717281 0.129013
vt 0.719361 0.149741
vt 0.706942 0.146385
vt 0.706942 0.146385
vt 0.702484 0.129722
vt 0.717281 0.129013
vt 0.709182 0.165862
vt 0.706942 0.146385
vt 0.719361 0.149741
vt 0.719361 0.149741
vt 0.71951 0.170831
vt 0.709182 0.165862
vt 0.708168 0.181572
vt 0.709182 0.165862
vt 0.71951 0.170831
vt 0.71951 0.170831
vt 0.715621 0.186776
vt 0.708168 0.181572
vt 0.702895 0.19398
vt 0.708168 0.181572
vt 0.715621 0.186776
vt 0.715621 0.186776
vt 0.710429 0.198465
vt 0.702895 0.19398
vt 0.693875 0.209567
vt 0.702895 0.19398
vt 0.710429 0.198465
vt 0.710429 0.198465
vt 0.699545 0.214857
vt 0.693875 0.209567
vt 0.684463 0.229535
vt 0.678755 0.224854
vt 0.693875 0.209567
vt 0.693875 0.209567
vt 0.699545 0.214857
vt 0.684463 0.229535
vt 0.68397 0.899447
vt 0.690528 0.895816
vt 0.700087 0.912367
vt 0.700087 0.912367
vt 0.694155 0.916864
vt 0.68397 0.899447
vt 0.676905 0.882003
vt 0.684231 0.878709
vt 0.690528 0.895816
vt 0.690528 0.895816
vt 0.68397 0.899447
vt 0.676905 0.882003
vt 0.700718 0.806369
vt 0.666733 0.795275
vt 0.70867 0.787953
vt 0.70867 0.787953
vt 0.712026 0.79855
vt 0.700718 0.806369
vt 0.69583 0.116429
vt 0.682903 0.104496
vt 0.68863 0.091454
vt 0.68863 0.091454
vt 0.714246 0.10051
vt 0.69583 0.116429
vt 0.656704 0.472506
vt 0.646509 0.472798
vt 0.646226 0.466124
vt 0.646226 0.466124
vt 0.658906 0.46468
vt 0.656704 0.472506
vt 0.625083 0.480593
vt 0.619177 0.474183
vt 0.63196 0.46859
vt 0.63196 0.46859
vt 0.634912 0.475004
vt 0.625083 0.480593
vt 0.619177 0.474183
vt 0.625083 0.480593
vt 0.620684 0.48467
vt 0.620684 0.48467
vt 0.611859 0.481015
vt 0.619177 0.474183
vt 0.643112 0.502109
vt 0.620684 0.48467
vt 0.625083 0.480593
vt 0.663774 0.474989
vt 0.656704 0.472506
vt 0.658906 0.46468
vt 0.658906 0.46468
vt 0.669288 0.468791
vt 0.663774 0.474989
vt 0.663774 0.474989
vt 0.643112 0.502109
vt 0.656704 0.472506
vt 0.704487 0.811101
vt 0.695497 0.820014
vt 0.691175 0.816648
vt 0.691175 0.816648
vt 0.700718 0.806369
vt 0.704487 0.811101
vt 0.714775 0.804278
vt 0.704487 0.811101
vt 0.700718 0.806369
vt 0.700718 0.806369
vt 0.712026 0.79855
vt 0.714775 0.804278
vt 0.714775 0.804278
vt 0.712026 0.79855
vt 0.730639 0.793962
vt 0.730639 0.793962
vt 0.731833 0.800242
vt 0.714775 0.804278
vt 0.664173 0.100475
vt 0.666012 0.094317
vt 0.682903 0.104496
vt 0.682903 0.104496
vt 0.679815 0.109629
vt 0.664173 0.100475
vt 0.679815 0.109629
vt 0.682903 0.104496
vt 0.69583 0.116429
vt 0.69583 0.116429
vt 0.691742 0.120099
vt 0.679815 0.109629
vt 0.691742 0.120099
vt 0.69583 0.116429
vt 0.702484 0.129722
vt 0.702484 0.129722
vt 0.698243 0.131951
vt 0.691742 0.120099
vt 0.706942 0.146385
vt 0.702661 0.147587
vt 0.698243 0.131951
vt 0.698243 0.131951
vt 0.702484 0.129722
vt 0.706942 0.146385
vt 0.709182 0.165862
vt 0.70509 0.16617
vt 0.702661 0.147587
vt 0.702661 0.147587
vt 0.706942 0.146385
vt 0.709182 0.165862
vt 0.708168 0.181572
vt 0.704334 0.181637
vt 0.70509 0.16617
vt 0.70509 0.16617
vt 0.709182 0.165862
vt 0.708168 0.181572
vt 0.702895 0.19398
vt 0.699341 0.193753
vt 0.704334 0.181637
vt 0.704334 0.181637
vt 0.708168 0.181572
vt 0.702895 0.19398
vt 0.693875 0.209567
vt 0.6912 0.208556
vt 0.699341 0.193753
vt 0.699341 0.193753
vt 0.702895 0.19398
vt 0.693875 0.209567
vt 0.678755 0.224854
vt 0.677157 0.222817
vt 0.6912 0.208556
vt 0.6912 0.208556
vt 0.693875 0.209567
vt 0.678755 0.224854
vt 0.693334 0.895301
vt 0.702267 0.910819
vt 0.700087 0.912367
vt 0.700087 0.912367
vt 0.690528 0.895816
vt 0.693334 0.895301
vt 0.690528 0.895816
vt 0.684231 0.878709
vt 0.687541 0.878988
vt 0.687541 0.878988
vt 0.693334 0.895301
vt 0.690528 0.895816
vt 0.685794 0.862413
vt 0.687541 0.878988
vt 0.684231 0.878709
vt 0.684231 0.878709
vt 0.682167 0.861269
vt 0.685794 0.862413
vt 0.685539 0.849671
vt 0.685794 0.862413
vt 0.682167 0.861269
vt 0.682167 0.861269
vt 0.681656 0.848215
vt 0.685539 0.849671
vt 0.68907 0.833328
vt 0.685539 0.849671
vt 0.681656 0.848215
vt 0.681656 0.848215
vt 0.684882 0.831055
vt 0.68907 0.833328
vt 0.684882 0.831055
vt 0.691175 0.816648
vt 0.695497 0.820014
vt 0.695497 0.820014
vt 0.68907 0.833328
vt 0.684882 0.831055
vt 0.643112 0.502109
vt 0.625083 0.480593
vt 0.634912 0.475004
vt 0.656704 0.472506
vt 0.643112 0.502109
vt 0.646509 0.472798
vt 0.643112 0.502109
vt 0.630172 0.526977
vt 0.620942 0.519464
vt 0.643112 0.502109
vt 0.676117 0.514189
vt 0.668114 0.523563
vt 0.789304 0.063564
vt 0.789071 0.044452
vt 0.802176 0.045054
vt 0.802176 0.045054
vt 0.801367 0.064166
vt 0.789304 0.063564
vt 0.775661 0.062911
vt 0.776057 0.043602
vt 0.789071 0.044452
vt 0.789071 0.044452
vt 0.789304 0.063564
vt 0.775661 0.062911
vt 0.754141 0.060254
vt 0.752866 0.041673
vt 0.776057 0.043602
vt 0.776057 0.043602
vt 0.775661 0.062911
vt 0.754141 0.060254
vt 0.752866 0.041673
vt 0.754141 0.060254
vt 0.72633 0.055636
vt 0.72633 0.055636
vt 0.725428 0.036907
vt 0.752866 0.041673
vt 0.725428 0.036907
vt 0.72633 0.055636
vt 0.696177 0.052077
vt 0.696177 0.052077
vt 0.696091 0.033055
vt 0.725428 0.036907
vt 0.674785 0.049848
vt 0.674675 0.02951
vt 0.696091 0.033055
vt 0.696091 0.033055
vt 0.696177 0.052077
vt 0.674785 0.049848
vt 0.721668 0.749714
vt 0.701785 0.749582
vt 0.704023 0.730276
vt 0.704023 0.730276
vt 0.72476 0.730102
vt 0.721668 0.749714
vt 0.668004 0.73177
vt 0.704023 0.730276
vt 0.701785 0.749582
vt 0.701785 0.749582
vt 0.665263 0.751412
vt 0.668004 0.73177
vt 0.639792 0.733046
vt 0.668004 0.73177
vt 0.665263 0.751412
vt 0.665263 0.751412
vt 0.637576 0.752725
vt 0.639792 0.733046
vt 0.637576 0.752725
vt 0.611621 0.752708
vt 0.614585 0.731956
vt 0.614585 0.731956
vt 0.639792 0.733046
vt 0.637576 0.752725
vt 0.593238 0.729627
vt 0.614585 0.731956
vt 0.611621 0.752708
vt 0.611621 0.752708
vt 0.591557 0.750779
vt 0.593238 0.729627
vt 0.947279 0.051817
vt 0.943164 0.084735
vt 0.956101 0.08583
vt 0.956101 0.08583
vt 0.959289 0.048489
vt 0.947279 0.051817
vt 0.943164 0.084735
vt 0.911698 0.1009
vt 0.916073 0.112055
vt 0.916073 0.112055
vt 0.952327 0.093289
vt 0.943164 0.084735
vt 0.911698 0.1009
vt 0.892808 0.096987
vt 0.892075 0.109748
vt 0.892075 0.109748
vt 0.916073 0.112055
vt 0.911698 0.1009
vt 0.892808 0.096987
vt 0.875691 0.087516
vt 0.871319 0.098161
vt 0.871319 0.098161
vt 0.892075 0.109748
vt 0.892808 0.096987
vt 0.860428 0.071831
vt 0.854948 0.051833
vt 0.84276 0.055112
vt 0.84276 0.055112
vt 0.850706 0.079989
vt 0.860428 0.071831
vt 0.84276 0.055112
vt 0.854948 0.051833
vt 0.852717 0.035752
vt 0.852717 0.035752
vt 0.838565 0.035625
vt 0.84276 0.055112
vt 0.841531 0.025885
vt 0.852717 0.035752
vt 0.861951 0.024386
vt 0.861951 0.024386
vt 0.855844 0.013546
vt 0.841531 0.025885
vt 0.855844 0.013546
vt 0.861951 0.024386
vt 0.885094 0.012505
vt 0.885094 0.012505
vt 0.884316 0.0
vt 0.855844 0.013546
vt 0.884316 0.0
vt 0.885094 0.012505
vt 0.91566 0.011347
vt 0.91566 0.011347
vt 0.92037 0.0
vt 0.884316 0.0
vt 0.935661 0.015115
vt 0.947279 0.051817
vt 0.959289 0.048489
vt 0.959289 0.048489
vt 0.947859 0.003358
vt 0.935661 0.015115
vt 0.556923 0.028741
vt 0.545035 0.022605
vt 0.552309 0.033681
vt 0.55608 0.021416
vt 0.545035 0.022605
vt 0.556923 0.028741
vt 0.55271 0.018816
vt 0.545035 0.022605
vt 0.55608 0.021416
vt 0.548684 0.017144
vt 0.545035 0.022605
vt 0.55271 0.018816
vt 0.545035 0.022605
vt 0.548684 0.017144
vt 0.544126 0.016266
vt 0.544126 0.016266
vt 0.539814 0.018036
vt 0.545035 0.022605
vt 0.536863 0.020021
vt 0.545035 0.022605
vt 0.539814 0.018036
vt 0.535998 0.023104
vt 0.545035 0.022605
vt 0.536863 0.020021
vt 0.537152 0.02864
vt 0.545035 0.022605
vt 0.535998 0.023104
vt 0.541207 0.033857
vt 0.545035 0.022605
vt 0.537152 0.02864
vt 0.552309 0.033681
vt 0.545035 0.022605
vt 0.541207 0.033857
vt 0.541207 0.033857
vt 0.544357 0.037091
vt 0.552309 0.033681
vt 0.938506 0.05255
vt 0.899836 0.050837
vt 0.934845 0.080236
vt 0.934845 0.080236
vt 0.899836 0.050837
vt 0.908381 0.094609
vt 0.908381 0.094609
vt 0.899836 0.050837
vt 0.892901 0.089323
vt 0.892901 0.089323
vt 0.899836 0.050837
vt 0.877912 0.081575
vt 0.899836 0.050837
vt 0.864644 0.069176
vt 0.877912 0.081575
vt 0.860027 0.05204
vt 0.899836 0.050837
vt 0.858257 0.038816
vt 0.858257 0.038816
vt 0.899836 0.050837
vt 0.865521 0.029155
vt 0.865521 0.029155
vt 0.899836 0.050837
vt 0.885398 0.018985
vt 0.885398 0.018985
vt 0.899836 0.050837
vt 0.911708 0.01792
vt 0.899836 0.050837
vt 0.928395 0.021506
vt 0.911708 0.01792
vt 0.935661 0.015115
vt 0.945467 0.000707
vt 0.92037 0.0
vt 0.92037 0.0
vt 0.91566 0.011347
vt 0.935661 0.015115
vt 0.899836 0.050837
vt 0.938506 0.05255
vt 0.928395 0.021506
vt 0.875691 0.087516
vt 0.860428 0.071831
vt 0.850706 0.079989
vt 0.850706 0.079989
vt 0.869478 0.096904
vt 0.875691 0.087516
vt 0.899836 0.050837
vt 0.860027 0.05204
vt 0.864644 0.069176
vt 0.556923 0.028741
vt 0.552309 0.033681
vt 0.553569 0.035642
vt 0.553569 0.035642
vt 0.559027 0.029708
vt 0.556923 0.028741
vt 0.558057 0.020946
vt 0.55608 0.021416
vt 0.556923 0.028741
vt 0.556923 0.028741
vt 0.559027 0.029708
vt 0.558057 0.020946
vt 0.554145 0.017767
vt 0.55271 0.018816
vt 0.55608 0.021416
vt 0.55608 0.021416
vt 0.558057 0.020946
vt 0.554145 0.017767
vt 0.549418 0.01582
vt 0.548684 0.017144
vt 0.55271 0.018816
vt 0.55271 0.018816
vt 0.554145 0.017767
vt 0.549418 0.01582
vt 0.538866 0.016874
vt 0.539814 0.018036
vt 0.544126 0.016266
vt 0.544126 0.016266
vt 0.54402 0.014762
vt 0.538866 0.016874
vt 0.54402 0.014762
vt 0.544126 0.016266
vt 0.548684 0.017144
vt 0.548684 0.017144
vt 0.549418 0.01582
vt 0.54402 0.014762
vt 0.536863 0.020021
vt 0.539814 0.018036
vt 0.538866 0.016874
vt 0.538866 0.016874
vt 0.535311 0.019335
vt 0.536863 0.020021
vt 0.535998 0.023104
vt 0.536863 0.020021
vt 0.535311 0.019335
vt 0.535311 0.019335
vt 0.534307 0.023127
vt 0.535998 0.023104
vt 0.537152 0.02864
vt 0.535998 0.023104
vt 0.534307 0.023127
vt 0.534307 0.023127
vt 0.535685 0.029712
vt 0.537152 0.02864
vt 0.541207 0.033857
vt 0.537152 0.02864
vt 0.535685 0.029712
vt 0.535685 0.029712
vt 0.540507 0.035835
vt 0.541207 0.033857
vt 0.553569 0.035642
vt 0.552309 0.033681
vt 0.544357 0.037091
vt 0.544357 0.037091
vt 0.544248 0.039639
vt 0.553569 0.035642
vt 0.544357 0.037091
vt 0.541207 0.033857
vt 0.540507 0.035835
vt 0.540507 0.035835
vt 0.544248 0.039639
vt 0.544357 0.037091
vt 0.947279 0.051817
vt 0.938506 0.05255
vt 0.934845 0.080236
vt 0.934845 0.080236
vt 0.943164 0.084735
vt 0.947279 0.051817
vt 0.934845 0.080236
vt 0.908381 0.094609
vt 0.911698 0.1009
vt 0.911698 0.1009
vt 0.943164 0.084735
vt 0.934845 0.080236
vt 0.908381 0.094609
vt 0.892901 0.089323
vt 0.892808 0.096987
vt 0.892808 0.096987
vt 0.911698 0.1009
vt 0.908381 0.094609
vt 0.892901 0.089323
vt 0.877912 0.081575
vt 0.875691 0.087516
vt 0.875691 0.087516
vt 0.892808 0.096987
vt 0.892901 0.089323
vt 0.877912 0.081575
vt 0.864644 0.069176
vt 0.860428 0.071831
vt 0.860428 0.071831
vt 0.875691 0.087516
vt 0.877912 0.081575
vt 0.854948 0.051833
vt 0.860027 0.05204
vt 0.858257 0.038816
vt 0.858257 0.038816
vt 0.852717 0.035752
vt 0.854948 0.051833
vt 0.852717 0.035752
vt 0.858257 0.038816
vt 0.865521 0.029155
vt 0.865521 0.029155
vt 0.861951 0.024386
vt 0.852717 0.035752
vt 0.861951 0.024386
vt 0.865521 0.029155
vt 0.885398 0.018985
vt 0.885398 0.018985
vt 0.885094 0.012505
vt 0.861951 0.024386
vt 0.885094 0.012505
vt 0.885398 0.018985
vt 0.911708 0.01792
vt 0.911708 0.01792
vt 0.91566 0.011347
vt 0.885094 0.012505
vt 0.91566 0.011347
vt 0.911708 0.01792
vt 0.928395 0.021506
vt 0.928395 0.021506
vt 0.935661 0.015115
vt 0.91566 0.011347
vt 0.928395 0.021506
vt 0.938506 0.05255
vt 0.947279 0.051817
vt 0.947279 0.051817
vt 0.935661 0.015115
vt 0.928395 0.021506
vt 0.864644 0.069176
vt 0.860027 0.05204
vt 0.854948 0.051833
vt 0.854948 0.051833
vt 0.860428 0.071831
vt 0.864644 0.069176
vt 0.719052 0.581231
vt 0.717859 0.558054
vt 0.704293 0.569097
vt 0.704293 0.569097
vt 0.705828 0.593796
vt 0.719052 0.581231
vt 0.701794 0.528748
vt 0.703809 0.544088
vt 0.717359 0.536059
vt 0.717359 0.536059
vt 0.714658 0.520135
vt 0.701794 0.528748
vt 0.71976 0.689276
vt 0.726592 0.679331
vt 0.711468 0.676457
vt 0.711468 0.676457
vt 0.726592 0.679331
vt 0.711221 0.659691
vt 0.711221 0.659691
vt 0.726592 0.679331
vt 0.726743 0.673037
vt 0.71976 0.689276
vt 0.711468 0.676457
vt 0.707811 0.696323
vt 0.707811 0.696323
vt 0.708828 0.697359
vt 0.71976 0.689276
vt 0.628301 0.340367
vt 0.623358 0.338198
vt 0.627667 0.341647
vt 0.643604 0.344306
vt 0.628301 0.340367
vt 0.627667 0.341647
vt 0.627667 0.341647
vt 0.638192 0.359771
vt 0.643604 0.344306
vt 0.72274 0.621544
vt 0.719052 0.581231
vt 0.705828 0.593796
vt 0.705828 0.593796
vt 0.710226 0.635496
vt 0.72274 0.621544
vt 0.723539 0.637026
vt 0.72274 0.621544
vt 0.710226 0.635496
vt 0.710226 0.635496
vt 0.711088 0.651454
vt 0.723539 0.637026
vt 0.704806 0.700994
vt 0.708828 0.697359
vt 0.707811 0.696323
vt 0.683372 0.435307
vt 0.665392 0.428994
vt 0.675791 0.453513
vt 0.675791 0.453513
vt 0.69309 0.458871
vt 0.683372 0.435307
vt 0.717859 0.558054
vt 0.717359 0.536059
vt 0.703809 0.544088
vt 0.703809 0.544088
vt 0.704293 0.569097
vt 0.717859 0.558054
vt 0.681898 0.467569
vt 0.699442 0.473029
vt 0.69309 0.458871
vt 0.69309 0.458871
vt 0.675791 0.453513
vt 0.681898 0.467569
vt 0.705107 0.486064
vt 0.688689 0.482995
vt 0.693431 0.496508
vt 0.693431 0.496508
vt 0.709276 0.497081
vt 0.705107 0.486064
vt 0.6982 0.510984
vt 0.701794 0.528748
vt 0.714658 0.520135
vt 0.714658 0.520135
vt 0.712203 0.507776
vt 0.6982 0.510984
vt 0.6982 0.510984
vt 0.712203 0.507776
vt 0.709276 0.497081
vt 0.709276 0.497081
vt 0.693431 0.496508
vt 0.6982 0.510984
vt 0.688689 0.482995
vt 0.705107 0.486064
vt 0.699442 0.473029
vt 0.699442 0.473029
vt 0.681898 0.467569
vt 0.688689 0.482995
vt 0.658311 0.409874
vt 0.662038 0.420618
vt 0.675604 0.416444
vt 0.675604 0.416444
vt 0.666066 0.392
vt 0.658311 0.409874
vt 0.666066 0.392
vt 0.647359 0.38103
vt 0.658311 0.409874
vt 0.711088 0.651454
vt 0.711221 0.659691
vt 0.726743 0.673037
vt 0.726743 0.673037
vt 0.723539 0.637026
vt 0.711088 0.651454
vt 0.643604 0.344306
vt 0.638192 0.359771
vt 0.651663 0.346045
vt 0.638192 0.359771
vt 0.647359 0.38103
vt 0.651663 0.346045
vt 0.651663 0.346045
vt 0.647359 0.38103
vt 0.657209 0.359356
vt 0.657209 0.359356
vt 0.647359 0.38103
vt 0.666066 0.392
vt 0.015817 0.009729
vt 0.006748 0.014444
vt 0.007394 0.015207
vt 0.007394 0.015207
vt 0.016162 0.010676
vt 0.015817 0.009729
vt 0.025729 0.031038
vt 0.03176 0.026238
vt 0.03114 0.025709
vt 0.03114 0.025709
vt 0.02533 0.030334
vt 0.025729 0.031038
vt 0.018774 0.032322
vt 0.0146 0.0296
vt 0.014096 0.030256
vt 0.014096 0.030256
vt 0.018704 0.033058
vt 0.018774 0.032322
vt 0.000884 0.0225
vt 0.0 0.022267
vt 0.000737 0.028614
vt 0.000737 0.028614
vt 0.001719 0.028315
vt 0.000884 0.0225
vt 0.048733 0.000371
vt 0.042055 0.002202
vt 0.042371 0.003159
vt 0.042371 0.003159
vt 0.049216 0.002013
vt 0.048733 0.000371
vt 0.051276 0.002608
vt 0.052489 0.003834
vt 0.053624 0.002074
vt 0.053624 0.002074
vt 0.052925 0.00163
vt 0.051276 0.002608
vt 0.092762 0.005887
vt 0.093089 0.006857
vt 0.098014 0.006094
vt 0.098014 0.006094
vt 0.097559 0.005186
vt 0.092762 0.005887
vt 0.057068 0.0
vt 0.048733 0.000371
vt 0.049216 0.002013
vt 0.049216 0.002013
vt 0.056823 0.000965
vt 0.057068 0.0
vt 0.097559 0.005186
vt 0.098014 0.006094
vt 0.102266 0.002426
vt 0.102266 0.002426
vt 0.101514 0.001775
vt 0.097559 0.005186
vt 0.648493 0.001692
vt 0.649282 0.001841
vt 0.649224 0.0
vt 0.649224 0.0
vt 0.648394 5.1e-05
vt 0.648493 0.001692
vt 0.073236 0.0
vt 0.071015 0.000183
vt 0.071313 0.001132
vt 0.071313 0.001132
vt 0.073281 0.001031
vt 0.073236 0.0
vt 0.646092 0.007983
vt 0.646819 0.008371
vt 0.649282 0.001841
vt 0.649282 0.001841
vt 0.648493 0.001692
vt 0.646092 0.007983
vt 0.071015 0.000183
vt 0.065739 0.004014
vt 0.066346 0.004836
vt 0.066346 0.004836
vt 0.071313 0.001132
vt 0.071015 0.000183
vt 0.032597 0.005449
vt 0.015817 0.009729
vt 0.016162 0.010676
vt 0.016162 0.010676
vt 0.03287 0.006417
vt 0.032597 0.005449
vt 0.03114 0.025709
vt 0.03176 0.026238
vt 0.040028 0.015624
vt 0.040028 0.015624
vt 0.039371 0.015144
vt 0.03114 0.025709
vt 0.038887 0.003447
vt 0.032597 0.005449
vt 0.03287 0.006417
vt 0.03287 0.006417
vt 0.03928 0.004383
vt 0.038887 0.003447
vt 0.039371 0.015144
vt 0.040028 0.015624
vt 0.04365 0.011963
vt 0.04365 0.011963
vt 0.042759 0.011045
vt 0.039371 0.015144
vt 0.059121 0.001023
vt 0.057068 0.0
vt 0.056823 0.000965
vt 0.056823 0.000965
vt 0.058627 0.001931
vt 0.059121 0.001023
vt 0.101514 0.001775
vt 0.102266 0.002426
vt 0.103325 0.000454
vt 0.103325 0.000454
vt 0.102397 0.0
vt 0.101514 0.001775
vt 0.037293 0.028078
vt 0.044644 0.023882
vt 0.044153 0.023224
vt 0.044153 0.023224
vt 0.036926 0.02734
vt 0.037293 0.028078
vt 0.623138 0.030862
vt 0.631178 0.027174
vt 0.63077 0.026458
vt 0.63077 0.026458
vt 0.622866 0.030087
vt 0.623138 0.030862
vt 0.006748 0.014444
vt 0.0 0.022267
vt 0.000884 0.0225
vt 0.000884 0.0225
vt 0.007394 0.015207
vt 0.006748 0.014444
vt 0.018704 0.033058
vt 0.025729 0.031038
vt 0.02533 0.030334
vt 0.02533 0.030334
vt 0.018774 0.032322
vt 0.018704 0.033058
vt 0.044153 0.023224
vt 0.044644 0.023882
vt 0.04823 0.020178
vt 0.04823 0.020178
vt 0.047611 0.019636
vt 0.044153 0.023224
vt 0.618287 0.032408
vt 0.623138 0.030862
vt 0.622866 0.030087
vt 0.622866 0.030087
vt 0.618184 0.031592
vt 0.618287 0.032408
vt 0.049939 0.015882
vt 0.05068 0.016136
vt 0.051113 0.012231
vt 0.051113 0.012231
vt 0.050287 0.012277
vt 0.049939 0.015882
vt 0.608698 0.030114
vt 0.612691 0.032745
vt 0.612894 0.03199
vt 0.612894 0.03199
vt 0.6092 0.029457
vt 0.608698 0.030114
vt 0.0146 0.0296
vt 0.011773 0.026745
vt 0.011131 0.027263
vt 0.011131 0.027263
vt 0.014096 0.030256
vt 0.0146 0.0296
vt 0.000737 0.028614
vt 0.003598 0.035532
vt 0.004483 0.035013
vt 0.004483 0.035013
vt 0.001719 0.028315
vt 0.000737 0.028614
vt 0.050287 0.012277
vt 0.051113 0.012231
vt 0.050303 0.008616
vt 0.050303 0.008616
vt 0.049509 0.008841
vt 0.050287 0.012277
vt 0.605438 0.026298
vt 0.604806 0.026828
vt 0.608698 0.030114
vt 0.608698 0.030114
vt 0.6092 0.029457
vt 0.605438 0.026298
vt 0.04823 0.020178
vt 0.05068 0.016136
vt 0.049939 0.015882
vt 0.049939 0.015882
vt 0.047611 0.019636
vt 0.04823 0.020178
vt 0.612894 0.03199
vt 0.612691 0.032745
vt 0.618287 0.032408
vt 0.618287 0.032408
vt 0.618184 0.031592
vt 0.612894 0.03199
vt 0.022955 0.033484
vt 0.023112 0.034276
vt 0.031222 0.031086
vt 0.031222 0.031086
vt 0.030934 0.030333
vt 0.022955 0.033484
vt 0.633184 0.024818
vt 0.633648 0.025478
vt 0.636365 0.022855
vt 0.636365 0.022855
vt 0.63583 0.022257
vt 0.633184 0.024818
vt 0.63583 0.022257
vt 0.636365 0.022855
vt 0.643067 0.015095
vt 0.643067 0.015095
vt 0.642447 0.014559
vt 0.63583 0.022257
vt 0.04365 0.011963
vt 0.052489 0.003834
vt 0.051276 0.002608
vt 0.051276 0.002608
vt 0.042759 0.011045
vt 0.04365 0.011963
vt 0.042371 0.003159
vt 0.042055 0.002202
vt 0.038887 0.003447
vt 0.038887 0.003447
vt 0.03928 0.004383
vt 0.042371 0.003159
vt 0.007423 0.035385
vt 0.012094 0.03651
vt 0.012006 0.035696
vt 0.012006 0.035696
vt 0.007421 0.034557
vt 0.007423 0.035385
vt 0.642447 0.014559
vt 0.643067 0.015095
vt 0.646819 0.008371
vt 0.646819 0.008371
vt 0.646092 0.007983
vt 0.642447 0.014559
vt 0.065739 0.004014
vt 0.063078 0.006095
vt 0.063739 0.006861
vt 0.063739 0.006861
vt 0.066346 0.004836
vt 0.065739 0.004014
vt 0.012094 0.03651
vt 0.023112 0.034276
vt 0.022955 0.033484
vt 0.022955 0.033484
vt 0.012006 0.035696
vt 0.012094 0.03651
vt 0.631178 0.027174
vt 0.633648 0.025478
vt 0.633184 0.024818
vt 0.633184 0.024818
vt 0.63077 0.026458
vt 0.631178 0.027174
vt 0.037293 0.028078
vt 0.036926 0.02734
vt 0.030934 0.030333
vt 0.030934 0.030333
vt 0.031222 0.031086
vt 0.037293 0.028078
vt 0.665392 0.428994
vt 0.683372 0.435307
vt 0.675604 0.416444
vt 0.675604 0.416444
vt 0.662038 0.420618
vt 0.665392 0.428994
vt 0.798219 0.002661
vt 0.798666 0.00128
vt 0.794039 0.0
vt 0.811144 0.003328
vt 0.798666 0.00128
vt 0.798219 0.002661
vt 0.798219 0.002661
vt 0.808022 0.018457
vt 0.811144 0.003328
vt 0.821116 0.009523
vt 0.811144 0.003328
vt 0.808022 0.018457
vt 0.808022 0.018457
vt 0.815131 0.033683
vt 0.821116 0.009523
vt 0.821116 0.009523
vt 0.815131 0.033683
vt 0.82316 0.014921
vt 0.817811 0.041274
vt 0.835097 0.048979
vt 0.82316 0.014921
vt 0.82316 0.014921
vt 0.815131 0.033683
vt 0.817811 0.041274
vt 0.82313 0.056662
vt 0.840331 0.0641
vt 0.835097 0.048979
vt 0.835097 0.048979
vt 0.817811 0.041274
vt 0.82313 0.056662
vt 0.836289 0.096282
vt 0.853556 0.102166
vt 0.840331 0.0641
vt 0.840331 0.0641
vt 0.82313 0.056662
vt 0.836289 0.096282
vt 0.84524 0.118439
vt 0.862182 0.122796
vt 0.853556 0.102166
vt 0.853556 0.102166
vt 0.836289 0.096282
vt 0.84524 0.118439
vt 0.855318 0.139851
vt 0.870988 0.14144
vt 0.862182 0.122796
vt 0.862182 0.122796
vt 0.84524 0.118439
vt 0.855318 0.139851
vt 0.870988 0.14144
vt 0.855318 0.139851
vt 0.859922 0.15331
vt 0.859922 0.15331
vt 0.875209 0.155752
vt 0.870988 0.14144
vt 0.864051 0.170362
vt 0.878111 0.167419
vt 0.875209 0.155752
vt 0.875209 0.155752
vt 0.859922 0.15331
vt 0.864051 0.170362
vt 0.879797 0.177827
vt 0.878111 0.167419
vt 0.864051 0.170362
vt 0.864051 0.170362
vt 0.865644 0.184975
vt 0.879797 0.177827
vt 0.880077 0.188682
vt 0.879797 0.177827
vt 0.865644 0.184975
vt 0.865644 0.184975
vt 0.866465 0.19836
vt 0.880077 0.188682
vt 0.879875 0.201964
vt 0.880077 0.188682
vt 0.866465 0.19836
vt 0.866465 0.19836
vt 0.866269 0.214312
vt 0.879875 0.201964
vt 0.879844 0.216962
vt 0.879875 0.201964
vt 0.866269 0.214312
vt 0.866269 0.214312
vt 0.866416 0.229114
vt 0.879844 0.216962
vt 0.880758 0.241989
vt 0.879844 0.216962
vt 0.866416 0.229114
vt 0.866416 0.229114
vt 0.867113 0.255294
vt 0.880758 0.241989
vt 0.867113 0.255294
vt 0.867776 0.264058
vt 0.881839 0.26213
vt 0.881839 0.26213
vt 0.880758 0.241989
vt 0.867113 0.255294
vt 0.881839 0.26213
vt 0.867776 0.264058
vt 0.869141 0.275057
vt 0.869141 0.275057
vt 0.88398 0.28787
vt 0.881839 0.26213
vt 0.869141 0.275057
vt 0.872068 0.305466
vt 0.88398 0.28787
vt 0.872068 0.305466
vt 0.873547 0.328019
vt 0.890292 0.320882
vt 0.890292 0.320882
vt 0.88398 0.28787
vt 0.872068 0.305466
vt 0.873547 0.328019
vt 0.872211 0.348201
vt 0.891368 0.335018
vt 0.891368 0.335018
vt 0.890292 0.320882
vt 0.873547 0.328019
vt 0.071758 0.001515
vt 0.071313 0.001132
vt 0.066346 0.004836
vt 0.066346 0.004836
vt 0.063739 0.006861
vt 0.071758 0.001515
vt 0.257082 0.001909
vt 0.256585 0.0
vt 0.256022 0.000175
vt 0.984813 0.176495
vt 0.979868 0.186008
vt 0.990709 0.190787
vt 0.990709 0.190787
vt 0.996019 0.179237
vt 0.984813 0.176495
vt 0.961001 0.156774
vt 0.970659 0.179165
vt 0.974883 0.16065
vt 0.974883 0.16065
vt 0.963743 0.128992
vt 0.961001 0.156774
vt 0.935037 0.146815
vt 0.946154 0.158281
vt 0.946784 0.122931
vt 0.946784 0.122931
vt 0.935037 0.102205
vt 0.935037 0.146815
vt 0.935037 0.248539
vt 0.9437 0.252436
vt 0.944828 0.211404
vt 0.944828 0.211404
vt 0.935037 0.20567
vt 0.935037 0.248539
vt 0.946154 0.158281
vt 0.961001 0.156774
vt 0.963743 0.128992
vt 0.963743 0.128992
vt 0.946784 0.122931
vt 0.946154 0.158281
vt 0.990709 0.190787
vt 0.999758 0.206706
vt 0.999855 0.19626
vt 0.999855 0.19626
vt 0.996019 0.179237
vt 0.990709 0.190787
vt 0.977308 0.258132
vt 0.986614 0.263131
vt 0.999758 0.206706
vt 0.999758 0.206706
vt 0.990709 0.190787
vt 0.977308 0.258132
vt 0.975683 0.301579
vt 0.981756 0.299388
vt 0.980619 0.290764
vt 0.980619 0.290764
vt 0.974137 0.287981
vt 0.975683 0.301579
vt 0.430414 0.022547
vt 0.434204 0.025218
vt 0.433505 0.020182
vt 0.957072 0.25486
vt 0.977308 0.258132
vt 0.980775 0.223285
vt 0.980775 0.223285
vt 0.960364 0.216354
vt 0.957072 0.25486
vt 0.970659 0.179165
vt 0.979868 0.186008
vt 0.984813 0.176495
vt 0.984813 0.176495
vt 0.974883 0.16065
vt 0.970659 0.179165
vt 0.573531 0.134646
vt 0.552371 0.145178
vt 0.564347 0.162057
vt 0.564347 0.162057
vt 0.584142 0.150412
vt 0.573531 0.134646
vt 0.010853 0.024441
vt 0.015063 0.023194
vt 0.01133 0.015204
vt 0.01133 0.015204
vt 0.007421 0.017395
vt 0.010853 0.024441
vt 0.602272 0.326851
vt 0.598113 0.346437
vt 0.605792 0.350564
vt 0.605792 0.350564
vt 0.612888 0.3261
vt 0.602272 0.326851
vt 0.60375 0.271095
vt 0.584142 0.150412
vt 0.564347 0.162057
vt 0.564347 0.162057
vt 0.590313 0.275493
vt 0.60375 0.271095
vt 0.59311 0.106121
vt 0.600669 0.13757
vt 0.617072 0.09819
vt 0.617072 0.09819
vt 0.614979 0.053249
vt 0.59311 0.106121
vt 0.629609 0.2454
vt 0.617072 0.09819
vt 0.600669 0.13757
vt 0.600669 0.13757
vt 0.617201 0.260968
vt 0.629609 0.2454
vt 0.641277 0.037238
vt 0.640837 0.097371
vt 0.661245 0.082001
vt 0.661245 0.082001
vt 0.67063 0.003341
vt 0.641277 0.037238
vt 0.665389 0.234595
vt 0.661245 0.082001
vt 0.640837 0.097371
vt 0.640837 0.097371
vt 0.649903 0.240738
vt 0.665389 0.234595
vt 0.624953 0.318919
vt 0.637241 0.328454
vt 0.637685 0.311583
vt 0.614979 0.053249
vt 0.617072 0.09819
vt 0.640837 0.097371
vt 0.640837 0.097371
vt 0.641277 0.037238
vt 0.614979 0.053249
vt 0.548399 0.173581
vt 0.552191 0.188772
vt 0.564347 0.162057
vt 0.564347 0.162057
vt 0.552371 0.145178
vt 0.548399 0.173581
vt 0.590313 0.275493
vt 0.564347 0.162057
vt 0.552191 0.188772
vt 0.552191 0.188772
vt 0.577641 0.282845
vt 0.590313 0.275493
vt 0.598113 0.346437
vt 0.602272 0.326851
vt 0.591292 0.327346
vt 0.591292 0.327346
vt 0.588449 0.34527
vt 0.598113 0.346437
vt 0.015063 0.023194
vt 0.01898 0.020272
vt 0.015278 0.013019
vt 0.015278 0.013019
vt 0.01133 0.015204
vt 0.015063 0.023194
vt 0.637685 0.311583
vt 0.637241 0.328454
vt 0.655834 0.322501
vt 0.655834 0.322501
vt 0.65662 0.304022
vt 0.637685 0.311583
vt 0.67063 0.320422
vt 0.66983 0.301458
vt 0.65662 0.304022
vt 0.65662 0.304022
vt 0.655834 0.322501
vt 0.67063 0.320422
vt 0.612888 0.3261
vt 0.625076 0.337006
vt 0.637241 0.328454
vt 0.637241 0.328454
vt 0.624953 0.318919
vt 0.612888 0.3261
vt 0.617201 0.260968
vt 0.600669 0.13757
vt 0.584142 0.150412
vt 0.584142 0.150412
vt 0.60375 0.271095
vt 0.617201 0.260968
vt 0.573531 0.134646
vt 0.584142 0.150412
vt 0.600669 0.13757
vt 0.600669 0.13757
vt 0.59311 0.106121
vt 0.573531 0.134646
vt 0.573531 0.134646
vt 0.56946 0.130082
vt 0.551217 0.139061
vt 0.551217 0.139061
vt 0.552371 0.145178
vt 0.573531 0.134646
vt 0.59311 0.106121
vt 0.614979 0.053249
vt 0.609779 0.051981
vt 0.609779 0.051981
vt 0.587562 0.103328
vt 0.59311 0.106121
vt 0.641277 0.037238
vt 0.67063 0.003341
vt 0.666303 0.0
vt 0.666303 0.0
vt 0.637107 0.03214
vt 0.641277 0.037238
vt 0.614979 0.053249
vt 0.641277 0.037238
vt 0.637107 0.03214
vt 0.637107 0.03214
vt 0.611742 0.048536
vt 0.614979 0.053249
vt 0.548399 0.173581
vt 0.541968 0.1746
vt 0.546325 0.190573
vt 0.546325 0.190573
vt 0.552191 0.188772
vt 0.548399 0.173581
vt 0.552371 0.145178
vt 0.546057 0.144303
vt 0.541728 0.172687
vt 0.541728 0.172687
vt 0.548399 0.173581
vt 0.552371 0.145178
vt 0.577641 0.282845
vt 0.552191 0.188772
vt 0.546325 0.190573
vt 0.546325 0.190573
vt 0.571857 0.282967
vt 0.577641 0.282845
vt 0.591292 0.327346
vt 0.585908 0.327863
vt 0.583466 0.342403
vt 0.583466 0.342403
vt 0.588449 0.34527
vt 0.591292 0.327346
vt 0.037585 0.000385
vt 0.037105 0.000138
vt 0.03724 0.0
vt 0.03724 0.0
vt 0.037678 0.000207
vt 0.037585 0.000385
vt 0.59311 0.106121
vt 0.587562 0.103328
vt 0.56946 0.130082
vt 0.56946 0.130082
vt 0.573531 0.134646
vt 0.59311 0.106121
vt 0.640837 0.097371
vt 0.617072 0.09819
vt 0.629609 0.2454
vt 0.629609 0.2454
vt 0.649903 0.240737
vt 0.640837 0.097371
vt 0.944828 0.211404
vt 0.946154 0.158281
vt 0.935037 0.146815
vt 0.935037 0.146815
vt 0.935037 0.20567
vt 0.944828 0.211404
vt 0.946154 0.158281
vt 0.944828 0.211404
vt 0.960364 0.216354
vt 0.960364 0.216354
vt 0.961001 0.156774
vt 0.946154 0.158281
vt 0.960364 0.216354
vt 0.970659 0.179165
vt 0.961001 0.156774
vt 0.970659 0.179165
vt 0.960364 0.216354
vt 0.980775 0.223285
vt 0.980775 0.223285
vt 0.979868 0.186008
vt 0.970659 0.179165
vt 0.990709 0.190787
vt 0.979868 0.186008
vt 0.980775 0.223285
vt 0.668103 0.27808
vt 0.665389 0.234595
vt 0.649903 0.240738
vt 0.649903 0.240738
vt 0.654409 0.282182
vt 0.668103 0.27808
vt 0.629609 0.2454
vt 0.635723 0.288822
vt 0.654409 0.282182
vt 0.654409 0.282182
vt 0.649903 0.240738
vt 0.629609 0.2454
vt 0.635723 0.288822
vt 0.629609 0.2454
vt 0.617201 0.260968
vt 0.617201 0.260968
vt 0.623099 0.299636
vt 0.635723 0.288822
vt 0.60375 0.271095
vt 0.610689 0.307851
vt 0.623099 0.299636
vt 0.623099 0.299636
vt 0.617201 0.260968
vt 0.60375 0.271095
vt 0.598806 0.308798
vt 0.610689 0.307851
vt 0.60375 0.271095
vt 0.60375 0.271095
vt 0.590313 0.275493
vt 0.598806 0.308798
vt 0.577641 0.282845
vt 0.58741 0.311685
vt 0.598806 0.308798
vt 0.598806 0.308798
vt 0.590313 0.275493
vt 0.577641 0.282845
vt 0.577641 0.282845
vt 0.571857 0.282967
vt 0.581966 0.311694
vt 0.581966 0.311694
vt 0.58741 0.311685
vt 0.577641 0.282845
vt 0.974986 0.277733
vt 0.982416 0.281204
vt 0.986614 0.263131
vt 0.986614 0.263131
vt 0.977308 0.258132
vt 0.974986 0.277733
vt 0.977308 0.258132
vt 0.957072 0.25486
vt 0.9548 0.276443
vt 0.9548 0.276443
vt 0.974986 0.277733
vt 0.977308 0.258132
vt 0.942668 0.275444
vt 0.9548 0.276443
vt 0.957072 0.25486
vt 0.957072 0.25486
vt 0.9437 0.252436
vt 0.942668 0.275444
vt 0.935037 0.274451
vt 0.942668 0.275444
vt 0.9437 0.252436
vt 0.9437 0.252436
vt 0.935037 0.248539
vt 0.935037 0.274451
vt 0.66983 0.301458
vt 0.668103 0.27808
vt 0.654409 0.282182
vt 0.654409 0.282182
vt 0.65662 0.304022
vt 0.66983 0.301458
vt 0.635723 0.288822
vt 0.637685 0.311583
vt 0.65662 0.304022
vt 0.65662 0.304022
vt 0.654409 0.282182
vt 0.635723 0.288822
vt 0.637685 0.311583
vt 0.635723 0.288822
vt 0.623099 0.299636
vt 0.623099 0.299636
vt 0.624953 0.318919
vt 0.637685 0.311583
vt 0.610689 0.307851
vt 0.612888 0.3261
vt 0.624953 0.318919
vt 0.624953 0.318919
vt 0.623099 0.299636
vt 0.610689 0.307851
vt 0.602272 0.326851
vt 0.612888 0.3261
vt 0.610689 0.307851
vt 0.610689 0.307851
vt 0.598806 0.308798
vt 0.602272 0.326851
vt 0.591292 0.327346
vt 0.602272 0.326851
vt 0.598806 0.308798
vt 0.598806 0.308798
vt 0.58741 0.311685
vt 0.591292 0.327346
vt 0.58741 0.311685
vt 0.581966 0.311694
vt 0.585908 0.327863
vt 0.585908 0.327863
vt 0.591292 0.327346
vt 0.58741 0.311685
vt 0.974137 0.287981
vt 0.980619 0.290764
vt 0.982416 0.281204
vt 0.982416 0.281204
vt 0.974986 0.277733
vt 0.974137 0.287981
vt 0.9537 0.288108
vt 0.974137 0.287981
vt 0.974986 0.277733
vt 0.974986 0.277733
vt 0.9548 0.276443
vt 0.9537 0.288108
vt 0.942101 0.287717
vt 0.9537 0.288108
vt 0.9548 0.276443
vt 0.9548 0.276443
vt 0.942668 0.275444
vt 0.942101 0.287717
vt 0.935037 0.287611
vt 0.942101 0.287717
vt 0.942668 0.275444
vt 0.942668 0.275444
vt 0.935037 0.274451
vt 0.935037 0.287611
vt 0.369203 0.265854
vt 0.367336 0.257724
vt 0.38838 0.25892
vt 0.38838 0.25892
vt 0.388998 0.265854
vt 0.369203 0.265854
vt 0.667884 0.24473
vt 0.683258 0.231318
vt 0.689546 0.239597
vt 0.689546 0.239597
vt 0.685852 0.24473
vt 0.667884 0.24473
vt 0.220976 0.278745
vt 0.200365 0.278745
vt 0.203644 0.260648
vt 0.203644 0.260648
vt 0.222028 0.261986
vt 0.220976 0.278745
vt 0.018807 0.247046
vt 0.0 0.247046
vt 0.003463 0.230604
vt 0.003463 0.230604
vt 0.021662 0.234068
vt 0.018807 0.247046
vt 0.02109 0.126226
vt 0.012932 0.126226
vt 0.006963 0.121743
vt 0.006963 0.121743
vt 0.021662 0.131838
vt 0.02109 0.126226
vt 0.088826 0.0
vt 0.07792 0.0
vt 0.083996 0.003602
vt 0.083996 0.003602
vt 0.099582 0.001052
vt 0.088826 0.0
vt 0.49951 0.030782
vt 0.47865 0.030782
vt 0.500312 0.019272
vt 0.233777 0.001697
vt 0.233759 0.0
vt 0.255351 1e-06
vt 0.255351 1e-06
vt 0.255422 0.001697
vt 0.233777 0.001697
vt 0.823123 0.00127
vt 0.80146 0.00127
vt 0.801653 0.0
vt 0.801653 0.0
vt 0.823123 0.00127
vt 0.823123 0.00127
vt 0.618196 0.043109
vt 0.601095 0.043109
vt 0.605022 0.035428
vt 0.605022 0.035428
vt 0.622758 0.031965
vt 0.618196 0.043109
vt 0.286152 0.004494
vt 0.267153 0.004494
vt 0.27836 0.0
vt 0.27836 0.0
vt 0.288816 0.001318
vt 0.286152 0.004494
vt 0.487018 0.007469
vt 0.496602 0.006005
vt 0.491406 0.008724
vt 0.491406 0.008724
vt 0.474939 0.008724
vt 0.487018 0.007469
vt 0.612888 0.3261
vt 0.605792 0.350564
vt 0.625076 0.337006
vt 0.006963 0.121743
vt 0.012932 0.126226
vt 0.0 0.126226
vt 0.963825 0.049173
vt 0.9639 0.048588
vt 0.96101 0.049643
vt 0.970047 0.051141
vt 0.971327 0.045227
vt 0.9639 0.048588
vt 0.9639 0.048588
vt 0.963825 0.049173
vt 0.970047 0.051141
vt 0.970047 0.051141
vt 0.972745 0.052932
vt 0.971327 0.045227
vt 0.971327 0.045227
vt 0.972745 0.052932
vt 0.978884 0.039426
vt 0.972745 0.052932
vt 0.978272 0.048518
vt 0.978884 0.039426
vt 0.985782 0.034635
vt 0.988309 0.039822
vt 0.990491 0.038308
vt 0.990491 0.038308
vt 0.987133 0.033682
vt 0.985782 0.034635
vt 0.052792 0.014848
vt 0.051946 0.01594
vt 0.055024 0.015901
vt 0.055024 0.015901
vt 0.054823 0.014926
vt 0.052792 0.014848
vt 0.109418 1.3e-05
vt 0.108549 0.001784
vt 0.109305 0.002431
vt 0.109305 0.002431
vt 0.1108 0.0
vt 0.109418 1.3e-05
vt 0.054823 0.014926
vt 0.055024 0.015901
vt 0.062464 0.012572
vt 0.062464 0.012572
vt 0.061967 0.011683
vt 0.054823 0.014926
vt 0.108549 0.001784
vt 0.103231 0.004904
vt 0.103716 0.0058
vt 0.103716 0.0058
vt 0.109305 0.002431
vt 0.108549 0.001784
vt 0.076073 0.001276
vt 0.076796 0.001947
vt 0.077833 0.000659
vt 0.077833 0.000659
vt 0.077092 0.0
vt 0.076073 0.001276
vt 0.018043 0.005
vt 0.018587 0.005854
vt 0.02354 0.000804
vt 0.02354 0.000804
vt 0.022906 0.0
vt 0.018043 0.005
vt 0.069937 0.006858
vt 0.061967 0.011683
vt 0.062464 0.012572
vt 0.062464 0.012572
vt 0.070603 0.007622
vt 0.069937 0.006858
vt 0.103231 0.004904
vt 0.100183 0.005656
vt 0.100578 0.0066
vt 0.100578 0.0066
vt 0.103716 0.0058
vt 0.103231 0.004904
vt 0.006188 0.010826
vt 0.00371 0.011729
vt 0.00417 0.012613
vt 0.00417 0.012613
vt 0.006663 0.011699
vt 0.006188 0.010826
vt 0.076073 0.001276
vt 0.069937 0.006858
vt 0.070603 0.007622
vt 0.070603 0.007622
vt 0.076796 0.001947
vt 0.076073 0.001276
vt 0.978884 0.039426
vt 0.978272 0.048518
vt 0.988309 0.039822
vt 0.988309 0.039822
vt 0.985782 0.034635
vt 0.978884 0.039426
vt 0.018043 0.005
vt 0.006188 0.010826
vt 0.006663 0.011699
vt 0.006663 0.011699
vt 0.018587 0.005854
vt 0.018043 0.005
vt 0.84929 0.0
vt 0.846968 0.00125
vt 0.850533 0.005918
vt 0.850533 0.005918
vt 0.851988 0.005178
vt 0.84929 0.0
vt 0.846968 0.00125
vt 0.834726 0.006214
vt 0.843167 0.009734
vt 0.843167 0.009734
vt 0.850533 0.005918
vt 0.846968 0.00125
vt 0.834726 0.006214
vt 0.828364 0.009072
vt 0.834701 0.013622
vt 0.834701 0.013622
vt 0.843167 0.009734
vt 0.834726 0.006214
vt 0.828364 0.009072
vt 0.828825 0.012178
vt 0.834701 0.013622
vt 0.828825 0.012178
vt 0.827975 0.018284
vt 0.828534 0.018472
vt 0.828534 0.018472
vt 0.834701 0.013622
vt 0.828825 0.012178
vt 0.828534 0.018472
vt 0.827975 0.018284
vt 0.827434 0.020182
vt 0.003493 0.610884
vt 0.009109 0.617107
vt 0.007975 0.603431
vt 0.007975 0.603431
vt 0.003366 0.601142
vt 0.003493 0.610884
vt 0.009109 0.617107
vt 0.012331 0.616205
vt 0.010635 0.603671
vt 0.010635 0.603671
vt 0.007975 0.603431
vt 0.009109 0.617107
vt 0.365508 0.013696
vt 0.360915 0.011431
vt 0.361147 0.014302
vt 0.361147 0.014302
vt 0.366712 0.016851
vt 0.365508 0.013696
vt 0.003493 0.610884
vt 0.003366 0.601142
vt 0.000801 0.601565
vt 0.000801 0.601565
vt 0.0009 0.611832
vt 0.003493 0.610884
vt 0.009799 0.527628
vt 0.008671 0.525181
vt 0.001451 0.533987
vt 0.001451 0.533987
vt 0.002579 0.536435
vt 0.009799 0.527628
vt 0.001738 0.613249
vt 0.006175 0.618944
vt 0.009109 0.617107
vt 0.009109 0.617107
vt 0.003493 0.610884
vt 0.001738 0.613249
vt 0.353152 0.008304
vt 0.340369 0.00407
vt 0.339802 0.006707
vt 0.339802 0.006707
vt 0.352584 0.01094
vt 0.353152 0.008304
vt 0.002556 0.56097
vt 3.6e-05 0.560268
vt 0.0 0.585742
vt 0.0 0.585742
vt 0.002571 0.586029
vt 0.002556 0.56097
vt 0.007649 0.561548
vt 0.002556 0.56097
vt 0.002571 0.586029
vt 0.002571 0.586029
vt 0.007633 0.586622
vt 0.007649 0.561548
vt 0.010189 0.586288
vt 0.010169 0.560853
vt 0.007649 0.561548
vt 0.007649 0.561548
vt 0.007633 0.586622
vt 0.010189 0.586288
vt 0.010169 0.560853
vt 0.012331 0.526788
vt 0.009799 0.527628
vt 0.009799 0.527628
vt 0.007649 0.561548
vt 0.010169 0.560853
vt 0.328268 0.0
vt 0.32281 0.002021
vt 0.339802 0.006707
vt 0.339802 0.006707
vt 0.340369 0.00407
vt 0.328268 0.0
vt 0.002579 0.536435
vt 5.6e-05 0.535586
vt 3.6e-05 0.560268
vt 3.6e-05 0.560268
vt 0.002556 0.56097
vt 0.002579 0.536435
vt 0.007649 0.561548
vt 0.009799 0.527628
vt 0.002579 0.536435
vt 0.002579 0.536435
vt 0.002556 0.56097
vt 0.007649 0.561548
vt 0.010635 0.603671
vt 0.010189 0.586288
vt 0.007633 0.586622
vt 0.007633 0.586622
vt 0.007975 0.603431
vt 0.010635 0.603671
vt 0.360915 0.011431
vt 0.353152 0.008304
vt 0.352584 0.01094
vt 0.352584 0.01094
vt 0.361147 0.014302
vt 0.360915 0.011431
vt 0.002571 0.586029
vt 0.0 0.585742
vt 0.000801 0.601565
vt 0.000801 0.601565
vt 0.003366 0.601142
vt 0.002571 0.586029
vt 0.007633 0.586622
vt 0.002571 0.586029
vt 0.003366 0.601142
vt 0.003366 0.601142
vt 0.007975 0.603431
vt 0.007633 0.586622
vt 0.838724 0.277853
vt 0.843574 0.277914
vt 0.842951 0.296267
vt 0.842951 0.296267
vt 0.837514 0.296747
vt 0.838724 0.277853
vt 0.842951 0.296267
vt 0.843574 0.277914
vt 0.846132 0.277858
vt 0.846132 0.277858
vt 0.845521 0.296923
vt 0.842951 0.296267
vt 0.35251 0.015069
vt 0.342769 0.013284
vt 0.343633 0.010729
vt 0.343633 0.010729
vt 0.353373 0.012515
vt 0.35251 0.015069
vt 0.836116 0.277849
vt 0.838724 0.277853
vt 0.837514 0.296747
vt 0.837514 0.296747
vt 0.834854 0.297156
vt 0.836116 0.277849
vt 0.837739 0.256296
vt 0.843074 0.256756
vt 0.842839 0.259481
vt 0.842839 0.259481
vt 0.837505 0.259021
vt 0.837739 0.256296
vt 0.837514 0.296747
vt 0.842951 0.296267
vt 0.843196 0.299044
vt 0.843196 0.299044
vt 0.837759 0.299524
vt 0.837514 0.296747
vt 0.333942 0.008797
vt 0.334805 0.006242
vt 0.343633 0.010729
vt 0.343633 0.010729
vt 0.342769 0.013284
vt 0.333942 0.008797
vt 0.836116 0.277849
vt 0.834854 0.258614
vt 0.837505 0.259021
vt 0.837505 0.259021
vt 0.838724 0.277853
vt 0.836116 0.277849
vt 0.838724 0.277853
vt 0.837505 0.259021
vt 0.842839 0.259481
vt 0.842839 0.259481
vt 0.843574 0.277914
vt 0.838724 0.277853
vt 0.846132 0.277858
vt 0.843574 0.277914
vt 0.842839 0.259481
vt 0.842839 0.259481
vt 0.845404 0.25881
vt 0.846132 0.277858
vt 0.70148 0.431166
vt 0.69656 0.430945
vt 0.696565 0.400383
vt 0.696565 0.400383
vt 0.702033 0.40035
vt 0.70148 0.431166
vt 0.69656 0.430945
vt 0.694029 0.431444
vt 0.693857 0.400561
vt 0.693857 0.400561
vt 0.696565 0.400383
vt 0.69656 0.430945
vt 0.306558 0.005911
vt 0.307315 0.003323
vt 0.322912 0.008574
vt 0.322912 0.008574
vt 0.32205 0.01113
vt 0.306558 0.005911
vt 0.704001 0.431642
vt 0.70148 0.431166
vt 0.702033 0.40035
vt 0.702033 0.40035
vt 0.704745 0.400507
vt 0.704001 0.431642
vt 0.702103 0.453613
vt 0.696643 0.453273
vt 0.696817 0.450484
vt 0.696817 0.450484
vt 0.702277 0.450824
vt 0.702103 0.453613
vt 0.702033 0.40035
vt 0.696565 0.400383
vt 0.696548 0.397591
vt 0.696548 0.397591
vt 0.702016 0.397557
vt 0.702033 0.40035
vt 0.296837 0.002606
vt 0.297528 0.0
vt 0.307315 0.003323
vt 0.307315 0.003323
vt 0.306558 0.005911
vt 0.296837 0.002606
vt 0.704001 0.431642
vt 0.704745 0.451932
vt 0.702277 0.450824
vt 0.702277 0.450824
vt 0.70148 0.431166
vt 0.704001 0.431642
vt 0.70148 0.431166
vt 0.702277 0.450824
vt 0.696817 0.450484
vt 0.696817 0.450484
vt 0.69656 0.430945
vt 0.70148 0.431166
vt 0.694029 0.431444
vt 0.69656 0.430945
vt 0.696817 0.450484
vt 0.696817 0.450484
vt 0.694354 0.451603
vt 0.694029 0.431444
vt 0.719082 0.443823
vt 0.71869 0.41313
vt 0.723697 0.412915
vt 0.723697 0.412915
vt 0.724422 0.443827
vt 0.719082 0.443823
vt 0.716394 0.443543
vt 0.71612 0.412688
vt 0.71869 0.41313
vt 0.71869 0.41313
vt 0.719082 0.443823
vt 0.716394 0.443543
vt 0.724427 0.0
vt 0.739812 0.005429
vt 0.738843 0.007946
vt 0.738843 0.007946
vt 0.723541 0.002547
vt 0.724427 0.0
vt 0.727071 0.443528
vt 0.724422 0.443827
vt 0.723697 0.412915
vt 0.723697 0.412915
vt 0.726266 0.412495
vt 0.727071 0.443528
vt 0.71919 0.393865
vt 0.719023 0.391134
vt 0.724369 0.390808
vt 0.724369 0.390808
vt 0.724536 0.393539
vt 0.71919 0.393865
vt 0.71908 0.44655
vt 0.719082 0.443823
vt 0.724422 0.443827
vt 0.724422 0.443827
vt 0.72442 0.446554
vt 0.71908 0.44655
vt 0.739812 0.005429
vt 0.749531 0.00848
vt 0.748537 0.010987
vt 0.748537 0.010987
vt 0.738843 0.007946
vt 0.739812 0.005429
vt 0.724536 0.393539
vt 0.727071 0.392654
vt 0.726266 0.412495
vt 0.726266 0.412495
vt 0.723697 0.412915
vt 0.724536 0.393539
vt 0.71919 0.393865
vt 0.724536 0.393539
vt 0.723697 0.412915
vt 0.723697 0.412915
vt 0.71869 0.41313
vt 0.71919 0.393865
vt 0.71612 0.412688
vt 0.716678 0.392932
vt 0.71919 0.393865
vt 0.71919 0.393865
vt 0.71869 0.41313
vt 0.71612 0.412688
vt 0.691005 0.176474
vt 0.68556 0.176855
vt 0.685216 0.154406
vt 0.685216 0.154406
vt 0.690092 0.153798
vt 0.691005 0.176474
vt 0.682821 0.176815
vt 0.682725 0.153822
vt 0.685216 0.154406
vt 0.685216 0.154406
vt 0.68556 0.176855
vt 0.682821 0.176815
vt 0.562718 0.011017
vt 0.551467 0.006364
vt 0.55261 0.003921
vt 0.55261 0.003921
vt 0.56386 0.008574
vt 0.562718 0.011017
vt 0.693669 0.176293
vt 0.691005 0.176474
vt 0.690092 0.153798
vt 0.690092 0.153798
vt 0.69258 0.153169
vt 0.693669 0.176293
vt 0.685817 0.126041
vt 0.686239 0.12332
vt 0.691568 0.124146
vt 0.691568 0.124146
vt 0.691146 0.126867
vt 0.685817 0.126041
vt 0.685754 0.179636
vt 0.68556 0.176855
vt 0.691005 0.176474
vt 0.691005 0.176474
vt 0.691199 0.179255
vt 0.685754 0.179636
vt 0.551467 0.006364
vt 0.538017 0.002673
vt 0.538375 0.0
vt 0.538375 0.0
vt 0.55261 0.003921
vt 0.551467 0.006364
vt 0.691146 0.126867
vt 0.693669 0.125928
vt 0.69258 0.153169
vt 0.69258 0.153169
vt 0.690092 0.153798
vt 0.691146 0.126867
vt 0.685817 0.126041
vt 0.691146 0.126867
vt 0.690092 0.153798
vt 0.690092 0.153798
vt 0.685216 0.154406
vt 0.685817 0.126041
vt 0.682725 0.153822
vt 0.683313 0.125082
vt 0.685817 0.126041
vt 0.685817 0.126041
vt 0.685216 0.154406
vt 0.682725 0.153822
vt 0.527791 0.01757
vt 0.50489 0.016431
vt 0.505518 0.011496
vt 0.505518 0.011496
vt 0.528071 0.012085
vt 0.527791 0.01757
vt 0.505518 0.011496
vt 0.504936 0.008983
vt 0.52788 0.00937
vt 0.52788 0.00937
vt 0.528071 0.012085
vt 0.505518 0.011496
vt 0.580116 0.002752
vt 0.579546 0.005388
vt 0.567701 0.002635
vt 0.567701 0.002635
vt 0.568272 0.0
vt 0.580116 0.002752
vt 0.527412 0.020189
vt 0.504263 0.018958
vt 0.50489 0.016431
vt 0.50489 0.016431
vt 0.527791 0.01757
vt 0.527412 0.020189
vt 0.475727 0.01803
vt 0.474939 0.012803
vt 0.477609 0.0124
vt 0.477609 0.0124
vt 0.478397 0.017627
vt 0.475727 0.01803
vt 0.527791 0.01757
vt 0.528071 0.012085
vt 0.530873 0.012228
vt 0.530873 0.012228
vt 0.530592 0.017713
vt 0.527791 0.01757
vt 0.593502 0.008566
vt 0.592131 0.010888
vt 0.579546 0.005388
vt 0.579546 0.005388
vt 0.580116 0.002752
vt 0.593502 0.008566
vt 0.504263 0.018958
vt 0.477635 0.02019
vt 0.478397 0.017627
vt 0.478397 0.017627
vt 0.50489 0.016431
vt 0.504263 0.018958
vt 0.50489 0.016431
vt 0.478397 0.017627
vt 0.477609 0.0124
vt 0.477609 0.0124
vt 0.505518 0.011496
vt 0.50489 0.016431
vt 0.504936 0.008983
vt 0.505518 0.011496
vt 0.477609 0.0124
vt 0.477609 0.0124
vt 0.476776 0.009875
vt 0.504936 0.008983
vt 0.983032 0.140439
vt 0.987728 0.140085
vt 0.98772 0.160738
vt 0.98772 0.160738
vt 0.982136 0.161128
vt 0.983032 0.140439
vt 0.98772 0.160738
vt 0.987728 0.140085
vt 0.990221 0.139573
vt 0.990221 0.139573
vt 0.990283 0.161022
vt 0.98772 0.160738
vt 0.473431 0.015196
vt 0.462457 0.011915
vt 0.463483 0.009421
vt 0.463483 0.009421
vt 0.474456 0.012702
vt 0.473431 0.015196
vt 0.98057 0.139871
vt 0.983032 0.140439
vt 0.982136 0.161128
vt 0.982136 0.161128
vt 0.979563 0.161299
vt 0.98057 0.139871
vt 0.980972 0.11904
vt 0.986424 0.117043
vt 0.987444 0.119828
vt 0.987444 0.119828
vt 0.981992 0.121825
vt 0.980972 0.11904
vt 0.982136 0.161128
vt 0.98772 0.160738
vt 0.987919 0.163589
vt 0.987919 0.163589
vt 0.982336 0.16398
vt 0.982136 0.161128
vt 0.462457 0.011915
vt 0.452677 0.007975
vt 0.454451 0.005944
vt 0.454451 0.005944
vt 0.463483 0.009421
vt 0.462457 0.011915
vt 0.98057 0.139871
vt 0.979563 0.12052
vt 0.981992 0.121825
vt 0.981992 0.121825
vt 0.983032 0.140439
vt 0.98057 0.139871
vt 0.987728 0.140085
vt 0.983032 0.140439
vt 0.981992 0.121825
vt 0.981992 0.121825
vt 0.987444 0.119828
vt 0.987728 0.140085
vt 0.990221 0.139573
vt 0.987728 0.140085
vt 0.987444 0.119828
vt 0.987444 0.119828
vt 0.989874 0.118549
vt 0.990221 0.139573
vt 0.644809 0.437725
vt 0.644462 0.417038
vt 0.649312 0.417335
vt 0.649312 0.417335
vt 0.650183 0.438221
vt 0.644809 0.437725
vt 0.642212 0.437812
vt 0.64191 0.416575
vt 0.644462 0.417038
vt 0.644462 0.417038
vt 0.644809 0.437725
vt 0.642212 0.437812
vt 0.311679 0.002606
vt 0.312372 0.0
vt 0.322799 0.00424
vt 0.322799 0.00424
vt 0.322107 0.006846
vt 0.311679 0.002606
vt 0.650183 0.438221
vt 0.649312 0.417335
vt 0.651859 0.416826
vt 0.651859 0.416826
vt 0.652794 0.438157
vt 0.650183 0.438221
vt 0.645067 0.397369
vt 0.646076 0.394715
vt 0.651271 0.39669
vt 0.651271 0.39669
vt 0.650263 0.399343
vt 0.645067 0.397369
vt 0.644556 0.440469
vt 0.644809 0.437725
vt 0.650183 0.438221
vt 0.650183 0.438221
vt 0.649929 0.440966
vt 0.644556 0.440469
vt 0.322107 0.006846
vt 0.322799 0.00424
vt 0.331851 0.00658
vt 0.331851 0.00658
vt 0.332118 0.009263
vt 0.322107 0.006846
vt 0.650263 0.399343
vt 0.652794 0.398325
vt 0.651859 0.416826
vt 0.651859 0.416826
vt 0.649312 0.417335
vt 0.650263 0.399343
vt 0.644462 0.417038
vt 0.645067 0.397369
vt 0.650263 0.399343
vt 0.650263 0.399343
vt 0.649312 0.417335
vt 0.644462 0.417038
vt 0.64191 0.416575
vt 0.642567 0.396324
vt 0.645067 0.397369
vt 0.645067 0.397369
vt 0.644462 0.417038
vt 0.64191 0.416575
vt 0.986766 0.487067
vt 0.986639 0.477325
vt 0.991248 0.479614
vt 0.991248 0.479614
vt 0.992383 0.49329
vt 0.986766 0.487067
vt 0.992383 0.49329
vt 0.991248 0.479614
vt 0.993908 0.479854
vt 0.993908 0.479854
vt 0.995604 0.492389
vt 0.992383 0.49329
vt 0.46875 0.020462
vt 0.468518 0.017591
vt 0.473112 0.019856
vt 0.473112 0.019856
vt 0.474315 0.02301
vt 0.46875 0.020462
vt 0.984074 0.477748
vt 0.986639 0.477325
vt 0.986766 0.487067
vt 0.986766 0.487067
vt 0.984173 0.488015
vt 0.984074 0.477748
vt 0.984724 0.41017
vt 0.991944 0.401364
vt 0.993073 0.403811
vt 0.993073 0.403811
vt 0.985852 0.412618
vt 0.984724 0.41017
vt 0.985011 0.489433
vt 0.986766 0.487067
vt 0.992383 0.49329
vt 0.992383 0.49329
vt 0.989448 0.495127
vt 0.985011 0.489433
vt 0.447405 0.012867
vt 0.447972 0.01023
vt 0.460756 0.014463
vt 0.460756 0.014463
vt 0.460188 0.0171
vt 0.447405 0.012867
vt 0.983273 0.461925
vt 0.983309 0.436451
vt 0.985829 0.437154
vt 0.985829 0.437154
vt 0.985844 0.462213
vt 0.983273 0.461925
vt 0.985844 0.462213
vt 0.985829 0.437154
vt 0.990922 0.437732
vt 0.990922 0.437732
vt 0.990906 0.462805
vt 0.985844 0.462213
vt 0.993462 0.462471
vt 0.990906 0.462805
vt 0.990922 0.437732
vt 0.990922 0.437732
vt 0.993442 0.437036
vt 0.993462 0.462471
vt 0.993442 0.437036
vt 0.990922 0.437732
vt 0.993073 0.403811
vt 0.993073 0.403811
vt 0.995604 0.402971
vt 0.993442 0.437036
vt 0.447405 0.012867
vt 0.430414 0.00818
vt 0.435871 0.00616
vt 0.435871 0.00616
vt 0.447972 0.01023
vt 0.447405 0.012867
vt 0.983309 0.436451
vt 0.983329 0.41177
vt 0.985852 0.412618
vt 0.985852 0.412618
vt 0.985829 0.437154
vt 0.983309 0.436451
vt 0.990922 0.437732
vt 0.985829 0.437154
vt 0.985852 0.412618
vt 0.985852 0.412618
vt 0.993073 0.403811
vt 0.990922 0.437732
vt 0.990906 0.462805
vt 0.993462 0.462471
vt 0.993908 0.479854
vt 0.993908 0.479854
vt 0.991248 0.479614
vt 0.990906 0.462805
vt 0.468518 0.017591
vt 0.46875 0.020462
vt 0.460188 0.0171
vt 0.460188 0.0171
vt 0.460756 0.014463
vt 0.468518 0.017591
vt 0.984074 0.477748
vt 0.983273 0.461925
vt 0.985844 0.462213
vt 0.985844 0.462213
vt 0.986639 0.477325
vt 0.984074 0.477748
vt 0.986639 0.477325
vt 0.985844 0.462213
vt 0.990906 0.462805
vt 0.990906 0.462805
vt 0.991248 0.479614
vt 0.986639 0.477325
vt 0.980775 0.223285
vt 0.977308 0.258132
vt 0.990709 0.190787
vt 0.526886 0.440528
vt 0.543344 0.440398
vt 0.544976 0.433295
vt 0.544976 0.433295
vt 0.530374 0.426265
vt 0.526886 0.440528
vt 0.530374 0.426265
vt 0.544976 0.433295
vt 0.550006 0.428116
vt 0.550006 0.428116
vt 0.539753 0.41494
vt 0.530374 0.426265
vt 0.550006 0.428116
vt 0.556739 0.425788
vt 0.553213 0.409378
vt 0.553213 0.409378
vt 0.539753 0.41494
vt 0.550006 0.428116
vt 0.556739 0.425788
vt 0.564454 0.426873
vt 0.566846 0.410019
vt 0.566846 0.410019
vt 0.553213 0.409378
vt 0.556739 0.425788
vt 0.543344 0.440398
vt 0.558199 0.440456
vt 0.544976 0.433295
vt 0.544976 0.433295
vt 0.558199 0.440456
vt 0.550006 0.428116
vt 0.550006 0.428116
vt 0.558199 0.440456
vt 0.556739 0.425788
vt 0.556739 0.425788
vt 0.558199 0.440456
vt 0.564454 0.426873
vt 0.007421 0.431846
vt 0.010909 0.417583
vt 0.025511 0.424613
vt 0.025511 0.424613
vt 0.023879 0.431717
vt 0.007421 0.431846
vt 0.010909 0.417583
vt 0.020288 0.406258
vt 0.030541 0.419434
vt 0.030541 0.419434
vt 0.025511 0.424613
vt 0.010909 0.417583
vt 0.033748 0.400696
vt 0.037274 0.417106
vt 0.030541 0.419434
vt 0.030541 0.419434
vt 0.020288 0.406258
vt 0.033748 0.400696
vt 0.047381 0.401337
vt 0.044989 0.418191
vt 0.037274 0.417106
vt 0.037274 0.417106
vt 0.033748 0.400696
vt 0.047381 0.401337
vt 0.023879 0.431717
vt 0.025511 0.424613
vt 0.038734 0.431774
vt 0.025511 0.424613
vt 0.030541 0.419434
vt 0.038734 0.431774
vt 0.030541 0.419434
vt 0.037274 0.417106
vt 0.038734 0.431774
vt 0.037274 0.417106
vt 0.044989 0.418191
vt 0.038734 0.431774
vt 0.87567 0.142696
vt 0.892127 0.142567
vt 0.893801 0.149835
vt 0.893801 0.149835
vt 0.879238 0.157007
vt 0.87567 0.142696
vt 0.879158 0.128433
vt 0.89376 0.135463
vt 0.892127 0.142567
vt 0.892127 0.142567
vt 0.87567 0.142696
vt 0.879158 0.128433
vt 0.888537 0.117108
vt 0.898789 0.130284
vt 0.89376 0.135463
vt 0.89376 0.135463
vt 0.879158 0.128433
vt 0.888537 0.117108
vt 0.888537 0.117108
vt 0.901997 0.111546
vt 0.905522 0.127957
vt 0.905522 0.127957
vt 0.898789 0.130284
vt 0.888537 0.117108
vt 0.901997 0.111546
vt 0.91563 0.112187
vt 0.913238 0.129041
vt 0.913238 0.129041
vt 0.905522 0.127957
vt 0.901997 0.111546
vt 0.91563 0.17313
vt 0.902139 0.17361
vt 0.905636 0.15739
vt 0.905636 0.15739
vt 0.91318 0.156369
vt 0.91563 0.17313
vt 0.902139 0.17361
vt 0.888894 0.168319
vt 0.898772 0.155063
vt 0.898772 0.155063
vt 0.905636 0.15739
vt 0.902139 0.17361
vt 0.879238 0.157007
vt 0.893801 0.149835
vt 0.898772 0.155063
vt 0.898772 0.155063
vt 0.888894 0.168319
vt 0.879238 0.157007
vt 0.893801 0.149835
vt 0.892127 0.142567
vt 0.906982 0.142625
vt 0.892127 0.142567
vt 0.89376 0.135463
vt 0.906982 0.142625
vt 0.89376 0.135463
vt 0.898789 0.130284
vt 0.906982 0.142625
vt 0.898789 0.130284
vt 0.905522 0.127957
vt 0.906982 0.142625
vt 0.905522 0.127957
vt 0.913238 0.129041
vt 0.906982 0.142625
vt 0.91318 0.156369
vt 0.905636 0.15739
vt 0.906982 0.142625
vt 0.905636 0.15739
vt 0.898772 0.155063
vt 0.906982 0.142625
vt 0.898772 0.155063
vt 0.893801 0.149835
vt 0.906982 0.142625
vt 0.041517 0.0
vt 0.041517 0.010294
vt 0.0 0.010294
vt 0.0 0.010294
vt 0.0 0.0
vt 0.041517 0.0
vt 0.0 0.010294
vt 0.041517 0.010294
vt 0.043172 0.010294
vt 0.043172 0.010294
vt 0.001654 0.010294
vt 0.0 0.010294
vt 0.043172 0.010294
vt 0.043172 0.0
vt 0.001654 0.0
vt 0.001654 0.0
vt 0.001654 0.010294
vt 0.043172 0.010294
vt 0.043172 0.0
vt 0.041517 0.0
vt 0.0 0.0
vt 0.0 0.0
vt 0.001654 0.0
vt 0.043172 0.0
vt 0.081977 0.0
vt 0.081977 0.010294
vt 0.080323 0.010294
vt 0.080323 0.010294
vt 0.080323 0.0
vt 0.081977 0.0
vt 0.080323 0.0
vt 0.080323 0.010294
vt 0.041517 0.010294
vt 0.041517 0.010294
vt 0.041517 0.0
vt 0.080323 0.0
vt 0.041517 0.010294
vt 0.080323 0.010294
vt 0.081977 0.010294
vt 0.081977 0.010294
vt 0.043172 0.010294
vt 0.041517 0.010294
vt 0.043172 0.010294
vt 0.081977 0.010294
vt 0.081977 0.0
vt 0.081977 0.0
vt 0.043172 0.0
vt 0.043172 0.010294
vt 0.041517 0.0
vt 0.043172 0.0
vt 0.081977 0.0
vt 0.081977 0.0
vt 0.080323 0.0
vt 0.041517 0.0
vt 0.100884 0.0
vt 0.100884 0.010293
vt 0.059367 0.010293
vt 0.059367 0.010293
vt 0.059367 0.0
vt 0.100884 0.0
vt 0.059367 0.010293
vt 0.100884 0.010293
vt 0.102538 0.010293
vt 0.102538 0.010293
vt 0.06102 0.010293
vt 0.059367 0.010293
vt 0.102538 0.010293
vt 0.102538 0.0
vt 0.06102 0.0
vt 0.06102 0.0
vt 0.06102 0.010293
vt 0.102538 0.010293
vt 0.102538 0.0
vt 0.100884 0.0
vt 0.059367 0.0
vt 0.059367 0.0
vt 0.06102 0.0
vt 0.102538 0.0
vt 0.141343 0.0
vt 0.141343 0.010293
vt 0.139689 0.010293
vt 0.139689 0.010293
vt 0.139689 0.0
vt 0.141343 0.0
vt 0.139689 0.0
vt 0.139689 0.010293
vt 0.100884 0.010293
vt 0.100884 0.010293
vt 0.100884 0.0
vt 0.139689 0.0
vt 0.100884 0.010293
vt 0.139689 0.010293
vt 0.141343 0.010293
vt 0.141343 0.010293
vt 0.102538 0.010293
vt 0.100884 0.010293
vt 0.102538 0.010293
vt 0.141343 0.010293
vt 0.141343 0.0
vt 0.141343 0.0
vt 0.102538 0.0
vt 0.102538 0.010293
vt 0.100884 0.0
vt 0.102538 0.0
vt 0.141343 0.0
vt 0.141343 0.0
vt 0.139689 0.0
vt 0.100884 0.0
vt 0.912354 0.209834
vt 0.91068 0.202566
vt 0.894222 0.202695
vt 0.894222 0.202695
vt 0.897791 0.217006
vt 0.912354 0.209834
vt 0.91068 0.202566
vt 0.912312 0.195462
vt 0.89771 0.188432
vt 0.89771 0.188432
vt 0.894222 0.202695
vt 0.91068 0.202566
vt 0.912312 0.195462
vt 0.917342 0.190283
vt 0.907089 0.177107
vt 0.907089 0.177107
vt 0.89771 0.188432
vt 0.912312 0.195462
vt 0.907089 0.177107
vt 0.917342 0.190283
vt 0.924075 0.187955
vt 0.924075 0.187955
vt 0.920549 0.171545
vt 0.907089 0.177107
vt 0.920549 0.171545
vt 0.924075 0.187955
vt 0.93179 0.18904
vt 0.93179 0.18904
vt 0.934182 0.172186
vt 0.920549 0.171545
vt 0.934182 0.233129
vt 0.931732 0.216368
vt 0.924188 0.217389
vt 0.924188 0.217389
vt 0.920692 0.233609
vt 0.934182 0.233129
vt 0.920692 0.233609
vt 0.924188 0.217389
vt 0.917324 0.215062
vt 0.917324 0.215062
vt 0.907447 0.228318
vt 0.920692 0.233609
vt 0.917324 0.215062
vt 0.912354 0.209834
vt 0.897791 0.217006
vt 0.897791 0.217006
vt 0.907447 0.228318
vt 0.917324 0.215062
vt 0.912354 0.209834
vt 0.925535 0.202623
vt 0.91068 0.202566
vt 0.91068 0.202566
vt 0.925535 0.202623
vt 0.912312 0.195462
vt 0.912312 0.195462
vt 0.925535 0.202623
vt 0.917342 0.190283
vt 0.917342 0.190283
vt 0.925535 0.202623
vt 0.924075 0.187955
vt 0.924075 0.187955
vt 0.925535 0.202623
vt 0.93179 0.18904
vt 0.931732 0.216368
vt 0.925535 0.202623
vt 0.924188 0.217389
vt 0.924188 0.217389
vt 0.925535 0.202623
vt 0.917324 0.215062
vt 0.917324 0.215062
vt 0.925535 0.202623
vt 0.912354 0.209834
vt 0.9573 0.086131
vt 0.973758 0.086002
vt 0.975432 0.09327
vt 0.975432 0.09327
vt 0.960869 0.100442
vt 0.9573 0.086131
vt 0.9573 0.086131
vt 0.960788 0.071868
vt 0.97539 0.078898
vt 0.97539 0.078898
vt 0.973758 0.086002
vt 0.9573 0.086131
vt 0.960788 0.071868
vt 0.970167 0.060543
vt 0.98042 0.073719
vt 0.98042 0.073719
vt 0.97539 0.078898
vt 0.960788 0.071868
vt 0.983627 0.054981
vt 0.987153 0.071391
vt 0.98042 0.073719
vt 0.98042 0.073719
vt 0.970167 0.060543
vt 0.983627 0.054981
vt 0.99726 0.055622
vt 0.994868 0.072476
vt 0.987153 0.071391
vt 0.987153 0.071391
vt 0.983627 0.054981
vt 0.99726 0.055622
vt 0.98377 0.117045
vt 0.987266 0.100825
vt 0.99481 0.099804
vt 0.99481 0.099804
vt 0.99726 0.116565
vt 0.98377 0.117045
vt 0.98377 0.117045
vt 0.970525 0.111754
vt 0.980402 0.098498
vt 0.980402 0.098498
vt 0.987266 0.100825
vt 0.98377 0.117045
vt 0.960869 0.100442
vt 0.975432 0.09327
vt 0.980402 0.098498
vt 0.980402 0.098498
vt 0.970525 0.111754
vt 0.960869 0.100442
vt 0.975432 0.09327
vt 0.973758 0.086002
vt 0.988612 0.086059
vt 0.973758 0.086002
vt 0.97539 0.078898
vt 0.988612 0.086059
vt 0.97539 0.078898
vt 0.98042 0.073719
vt 0.988612 0.086059
vt 0.98042 0.073719
vt 0.987153 0.071391
vt 0.988612 0.086059
vt 0.987153 0.071391
vt 0.994868 0.072476
vt 0.988612 0.086059
vt 0.99481 0.099804
vt 0.987266 0.100825
vt 0.988612 0.086059
vt 0.987266 0.100825
vt 0.980402 0.098498
vt 0.988612 0.086059
vt 0.980402 0.098498
vt 0.975432 0.09327
vt 0.988612 0.086059
vt 0.818907 0.101879
vt 0.818907 0.117507
vt 0.806486 0.117449
vt 0.806486 0.117449
vt 0.80146 0.101879
vt 0.818907 0.101879
vt 0.818907 0.117507
vt 0.818907 0.13296
vt 0.810264 0.13291
vt 0.810264 0.13291
vt 0.806486 0.117449
vt 0.818907 0.117507
vt 0.818907 0.13296
vt 0.818907 0.147465
vt 0.812168 0.147493
vt 0.812168 0.147493
vt 0.810264 0.13291
vt 0.818907 0.13296
vt 0.812168 0.147493
vt 0.818907 0.147465
vt 0.818907 0.16192
vt 0.818907 0.16192
vt 0.810756 0.161505
vt 0.812168 0.147493
vt 0.810756 0.161505
vt 0.818907 0.16192
vt 0.818907 0.177264
vt 0.818907 0.177264
vt 0.808596 0.17697
vt 0.810756 0.161505
vt 0.808596 0.17697
vt 0.818907 0.177264
vt 0.818907 0.193054
vt 0.818907 0.193054
vt 0.805874 0.193054
vt 0.808596 0.17697
vt 0.0 0.099564
vt 0.0 0.061097
vt 0.011237 0.063982
vt 0.011237 0.063982
vt 0.011237 0.097159
vt 0.0 0.099564
vt 0.019587 0.071267
vt 0.019587 0.090225
vt 0.011237 0.097159
vt 0.011237 0.097159
vt 0.011237 0.063982
vt 0.019587 0.071267
vt 0.019587 0.090225
vt 0.019587 0.071267
vt 0.022895 0.081028
vt 0.832367 0.117536
vt 0.818907 0.117507
vt 0.818907 0.101879
vt 0.818907 0.101879
vt 0.837539 0.101879
vt 0.832367 0.117536
vt 0.828444 0.133021
vt 0.818907 0.13296
vt 0.818907 0.117507
vt 0.818907 0.117507
vt 0.832367 0.117536
vt 0.828444 0.133021
vt 0.826411 0.147553
vt 0.818907 0.147465
vt 0.818907 0.13296
vt 0.818907 0.13296
vt 0.828444 0.133021
vt 0.826411 0.147553
vt 0.826411 0.147553
vt 0.827688 0.161541
vt 0.818907 0.16192
vt 0.818907 0.16192
vt 0.818907 0.147465
vt 0.826411 0.147553
vt 0.827688 0.161541
vt 0.829778 0.177006
vt 0.818907 0.177264
vt 0.818907 0.177264
vt 0.818907 0.16192
vt 0.827688 0.161541
vt 0.829778 0.177006
vt 0.832467 0.193054
vt 0.818907 0.193054
vt 0.818907 0.193054
vt 0.818907 0.177264
vt 0.829778 0.177006
vt 0.831776 0.23152
vt 0.820539 0.229114
vt 0.820539 0.195937
vt 0.820539 0.195937
vt 0.831776 0.193052
vt 0.831776 0.23152
vt 0.812189 0.203223
vt 0.820539 0.195937
vt 0.820539 0.229114
vt 0.820539 0.229114
vt 0.812189 0.222181
vt 0.812189 0.203223
vt 0.812189 0.222181
vt 0.808881 0.212984
vt 0.812189 0.203223
vt 0.916485 0.145529
vt 0.934445 0.145529
vt 0.934493 0.111834
vt 0.934493 0.111834
vt 0.916485 0.111834
vt 0.916485 0.145529
vt 0.56028 0.0
vt 0.560302 0.006794
vt 0.561888 7.2e-05
vt 0.530596 0.017379
vt 0.532182 0.024754
vt 0.53236 0.017348
vt 0.218917 0.419384
vt 0.255622 0.419384
vt 0.255622 0.453079
vt 0.255622 0.453079
vt 0.218917 0.453079
vt 0.218917 0.419384
vt 0.690146 0.833506
vt 0.720118 0.833506
vt 0.720118 0.867201
vt 0.720118 0.867201
vt 0.690146 0.867201
vt 0.690146 0.833506
vt 0.720118 0.833506
vt 0.757532 0.833506
vt 0.757532 0.867201
vt 0.757532 0.867201
vt 0.720118 0.867201
vt 0.720118 0.833506
vt 0.757532 0.833506
vt 0.795556 0.833506
vt 0.795556 0.867201
vt 0.795556 0.867201
vt 0.757532 0.867201
vt 0.757532 0.833506
vt 0.795556 0.833506
vt 0.834443 0.833506
vt 0.834443 0.867201
vt 0.834443 0.867201
vt 0.795556 0.867201
vt 0.795556 0.833506
vt 0.834443 0.833506
vt 0.87616 0.833506
vt 0.87616 0.867201
vt 0.87616 0.867201
vt 0.834443 0.867201
vt 0.834443 0.833506
vt 0.957348 0.0
vt 0.99187 0.0
vt 0.99187 0.033695
vt 0.99187 0.033695
vt 0.9573 0.033695
vt 0.957348 0.0
vt 0.87616 0.833506
vt 0.915963 0.833506
vt 0.915963 0.867201
vt 0.915963 0.867201
vt 0.87616 0.867201
vt 0.87616 0.833506
vt 0.485527 0.205294
vt 0.485479 0.238989
vt 0.467519 0.238989
vt 0.467519 0.238989
vt 0.467519 0.205294
vt 0.485527 0.205294
vt 0.05624 0.003434
vt 0.059164 0.004385
vt 0.051947 0.009793
vt 0.860624 0.0
vt 0.86307 0.001432
vt 0.853407 0.005408
vt 0.77773 0.00803
vt 0.778882 0.010986
vt 0.768066 0.012006
vt 0.385573 0.010882
vt 0.384491 0.01405
vt 0.374757 0.011902
vt 0.080233 0.010696
vt 0.077682 0.013176
vt 0.070499 0.008547
vt 0.374519 0.012906
vt 0.370996 0.014617
vt 0.367336 0.008277
vt 0.995991 0.0
vt 0.998698 0.000362
vt 0.994404 0.006722
vt 0.00366 0.016609
vt 2.1e-05 0.017065
vt 0.0 0.010269
vt 0.534307 0.010716
vt 0.535915 0.010789
vt 0.534329 0.01751
vt 0.753224 0.000994
vt 0.75668 0.0
vt 0.761629 0.007021
vt 0.734672 0.001588
vt 0.737144 0.0
vt 0.745549 0.006027
vt 0.341363 0.003435
vt 0.342685 0.0
vt 0.353561 0.004439
vt 0.394573 0.003564
vt 0.393309 0.0
vt 0.405508 0.001005
vt 0.028947 0.005102
vt 0.025973 0.00256
vt 0.036908 0.0
vt 0.081736 0.010244
vt 0.07792 0.00848
vt 0.085881 0.003377
vt 0.460098 0.018868
vt 0.463461 0.018514
vt 0.465047 0.025889
vt 0.953846 0.007422
vt 0.949879 0.006867
vt 0.954024 0.0
vt 0.508334 0.019402
vt 0.510097 0.019371
vt 0.509919 0.026777
vt 0.923362 0.233609
vt 0.923313 0.267304
vt 0.905353 0.267304
vt 0.905353 0.267304
vt 0.905353 0.233609
vt 0.923362 0.233609
vt 0.519465 0.019963
vt 0.521073 0.020035
vt 0.519487 0.026757
vt 0.515755 0.019797
vt 0.517518 0.019766
vt 0.51734 0.027172
vt 0.292727 0.45864
vt 0.292727 0.424944
vt 0.256022 0.424944
vt 0.256022 0.424944
vt 0.256022 0.45864
vt 0.292727 0.45864
vt 0.764643 0.833506
vt 0.764643 0.799811
vt 0.734672 0.799811
vt 0.734672 0.799811
vt 0.734672 0.833506
vt 0.764643 0.833506
vt 0.802058 0.833506
vt 0.802058 0.799811
vt 0.764643 0.799811
vt 0.764643 0.799811
vt 0.764643 0.833506
vt 0.802058 0.833506
vt 0.840081 0.833506
vt 0.840081 0.799811
vt 0.802058 0.799811
vt 0.802058 0.799811
vt 0.802058 0.833506
vt 0.840081 0.833506
vt 0.878968 0.833506
vt 0.878968 0.799811
vt 0.840081 0.799811
vt 0.840081 0.799811
vt 0.840081 0.833506
vt 0.878968 0.833506
vt 0.920686 0.833506
vt 0.920686 0.799811
vt 0.878968 0.799811
vt 0.878968 0.799811
vt 0.878968 0.833506
vt 0.920686 0.833506
vt 0.980739 0.483342
vt 0.980739 0.449647
vt 0.946217 0.449647
vt 0.946217 0.449647
vt 0.946168 0.483342
vt 0.980739 0.483342
vt 0.960488 0.833506
vt 0.960488 0.799811
vt 0.920686 0.799811
vt 0.920686 0.799811
vt 0.920686 0.833506
vt 0.960488 0.833506
vt 0.448966 0.23779
vt 0.466926 0.23779
vt 0.466975 0.204095
vt 0.466975 0.204095
vt 0.448966 0.204095
vt 0.448966 0.23779
vt 0.041398 0.004184
vt 0.037105 0.010543
vt 0.044322 0.005135
vt 0.868045 0.0
vt 0.860828 0.005408
vt 0.870491 0.001432
vt 0.492024 0.019617
vt 0.48236 0.023593
vt 0.493176 0.022573
vt 0.389283 0.008229
vt 0.378467 0.009249
vt 0.388202 0.011397
vt 0.766669 0.008451
vt 0.756935 0.006302
vt 0.764118 0.010931
vt 0.45986 0.020456
vt 0.452677 0.015827
vt 0.456336 0.022167
vt 0.995991 0.006697
vt 0.994404 0.013419
vt 0.998698 0.00706
vt 0.070448 0.016248
vt 0.066788 0.009908
vt 0.066809 0.016704
vt 0.523175 0.02016
vt 0.523197 0.026954
vt 0.524783 0.020233
vt 0.745803 0.000994
vt 0.754208 0.007021
vt 0.749259 0.0
vt 0.708699 0.001588
vt 0.719575 0.006027
vt 0.711171 0.0
vt 0.764356 0.007037
vt 0.776554 0.008041
vt 0.765678 0.003602
vt 0.468782 0.009747
vt 0.479717 0.007187
vt 0.467519 0.006182
vt 0.006684 0.005102
vt 0.014645 0.0
vt 0.00371 0.00256
vt 0.089157 0.009284
vt 0.093302 0.002417
vt 0.085341 0.00752
vt 0.474939 0.020542
vt 0.479889 0.027563
vt 0.478303 0.020188
vt 0.471485 0.030396
vt 0.471663 0.022974
vt 0.467519 0.029841
vt 0.512044 0.019599
vt 0.51363 0.026975
vt 0.513808 0.019568
vt 0.912354 0.51984
vt 0.91068 0.512572
vt 0.894222 0.512701
vt 0.894222 0.512701
vt 0.897791 0.527012
vt 0.912354 0.51984
vt 0.894222 0.512701
vt 0.91068 0.512572
vt 0.912312 0.505468
vt 0.912312 0.505468
vt 0.89771 0.498438
vt 0.894222 0.512701
vt 0.89771 0.498438
vt 0.912312 0.505468
vt 0.917342 0.500289
vt 0.917342 0.500289
vt 0.907089 0.487113
vt 0.89771 0.498438
vt 0.917342 0.500289
vt 0.924075 0.497962
vt 0.920549 0.481551
vt 0.920549 0.481551
vt 0.907089 0.487113
vt 0.917342 0.500289
vt 0.924075 0.497962
vt 0.93179 0.499046
vt 0.934182 0.482192
vt 0.934182 0.482192
vt 0.920549 0.481551
vt 0.924075 0.497962
vt 0.931732 0.526374
vt 0.924188 0.527395
vt 0.920692 0.543615
vt 0.920692 0.543615
vt 0.934182 0.543135
vt 0.931732 0.526374
vt 0.920692 0.543615
vt 0.924188 0.527395
vt 0.917324 0.525068
vt 0.917324 0.525068
vt 0.907447 0.538324
vt 0.920692 0.543615
vt 0.917324 0.525068
vt 0.912354 0.51984
vt 0.897791 0.527012
vt 0.897791 0.527012
vt 0.907447 0.538324
vt 0.917324 0.525068
vt 0.912354 0.51984
vt 0.925535 0.51263
vt 0.91068 0.512572
vt 0.91068 0.512572
vt 0.925535 0.51263
vt 0.912312 0.505468
vt 0.912312 0.505468
vt 0.925535 0.51263
vt 0.917342 0.500289
vt 0.917342 0.500289
vt 0.925535 0.51263
vt 0.924075 0.497962
vt 0.924075 0.497962
vt 0.925535 0.51263
vt 0.93179 0.499046
vt 0.931732 0.526374
vt 0.925535 0.51263
vt 0.924188 0.527395
vt 0.924188 0.527395
vt 0.925535 0.51263
vt 0.917324 0.525068
vt 0.917324 0.525068
vt 0.925535 0.51263
vt 0.912354 0.51984
vt 0.804376 0.249297
vt 0.811055 0.249294
vt 0.811055 0.250743
vt 0.811055 0.250743
vt 0.804376 0.250748
vt 0.804376 0.249297
vt 0.85143 0.149236
vt 0.851401 0.153874
vt 0.834854 0.153871
vt 0.834854 0.153871
vt 0.834884 0.149233
vt 0.85143 0.149236
vt 0.835021 0.135764
vt 0.851568 0.135759
vt 0.85143 0.149236
vt 0.85143 0.149236
vt 0.834884 0.149233
vt 0.835021 0.135764
vt 0.816494 0.250745
vt 0.811055 0.250743
vt 0.811055 0.249294
vt 0.811055 0.249294
vt 0.81768 0.249294
vt 0.816494 0.250745
vt 0.851434 0.196894
vt 0.851568 0.210367
vt 0.835025 0.210368
vt 0.835025 0.210368
vt 0.834888 0.196899
vt 0.851434 0.196894
vt 0.804376 0.249297
vt 0.804376 0.250748
vt 0.798936 0.250745
vt 0.798936 0.250745
vt 0.797752 0.249296
vt 0.804376 0.249297
vt 0.851404 0.192254
vt 0.851434 0.196894
vt 0.834888 0.196899
vt 0.834888 0.196899
vt 0.834858 0.192261
vt 0.851404 0.192254
vt 0.798937 0.232345
vt 0.804374 0.232346
vt 0.804374 0.233795
vt 0.804374 0.233795
vt 0.79775 0.233796
vt 0.798937 0.232345
vt 0.804374 0.233795
vt 0.804374 0.232346
vt 0.811055 0.232346
vt 0.811055 0.232346
vt 0.811055 0.233796
vt 0.804374 0.233795
vt 0.811055 0.233796
vt 0.811055 0.232346
vt 0.816494 0.232345
vt 0.816494 0.232345
vt 0.81768 0.233796
vt 0.811055 0.233796
vt 0.851401 0.153874
vt 0.851404 0.192254
vt 0.834858 0.192261
vt 0.834858 0.192261
vt 0.834854 0.153871
vt 0.851401 0.153874
vt 0.804374 0.233795
vt 0.804376 0.249297
vt 0.797752 0.249296
vt 0.797752 0.249296
vt 0.79775 0.233796
vt 0.804374 0.233795
vt 0.804376 0.249297
vt 0.804374 0.233795
vt 0.811055 0.233796
vt 0.811055 0.233796
vt 0.811055 0.249294
vt 0.804376 0.249297
vt 0.811055 0.249294
vt 0.811055 0.233796
vt 0.81768 0.233796
vt 0.81768 0.233796
vt 0.81768 0.249294
vt 0.811055 0.249294
vt 0.404477 0.01129
vt 0.404486 0.02019
vt 0.40073 0.019933
vt 0.40073 0.019933
vt 0.40074 0.011279
vt 0.404477 0.01129
vt 0.004918 0.218545
vt 0.0 0.218827
vt 0.0 0.195451
vt 0.0 0.195451
vt 0.004963 0.195565
vt 0.004918 0.218545
vt 0.359684 0.008193
vt 0.356205 0.008189
vt 0.356231 0.000217
vt 0.356231 0.000217
vt 0.359677 0.0
vt 0.359684 0.008193
vt 0.004816 0.489968
vt 0.004861 0.512483
vt 0.0 0.512596
vt 0.0 0.512596
vt 0.0 0.489693
vt 0.004816 0.489968
vt 0.387777 0.008218
vt 0.387789 0.0
vt 0.391239 0.000245
vt 0.391239 0.000245
vt 0.391264 0.008223
vt 0.387777 0.008218
vt 0.434613 0.011292
vt 0.438352 0.011285
vt 0.43837 0.01994
vt 0.43837 0.01994
vt 0.434622 0.02019
vt 0.434613 0.011292
vt 0.366758 0.008262
vt 0.366767 4.6e-05
vt 0.373738 0.000102
vt 0.373738 0.000102
vt 0.373636 0.008302
vt 0.366758 0.008262
vt 0.41206 0.011214
vt 0.419553 0.011144
vt 0.419552 0.020051
vt 0.419552 0.020051
vt 0.412062 0.020126
vt 0.41206 0.011214
vt 0.49569 0.258978
vt 0.490526 0.262764
vt 0.489733 0.254431
vt 0.490936 0.194385
vt 0.49569 0.198332
vt 0.489762 0.202506
vt 0.49569 0.258978
vt 0.489733 0.254431
vt 0.489762 0.202506
vt 0.489762 0.202506
vt 0.49569 0.198332
vt 0.49569 0.258978
vt 0.43868 0.196664
vt 0.444652 0.201128
vt 0.443987 0.253477
vt 0.443987 0.253477
vt 0.437835 0.257724
vt 0.43868 0.196664
vt 0.43868 0.196664
vt 0.443556 0.193014
vt 0.444652 0.201128
vt 0.442746 0.261739
vt 0.437835 0.257724
vt 0.443987 0.253477
vt 0.479606 0.19095
vt 0.479324 0.200002
vt 0.465697 0.198692
vt 0.465697 0.198692
vt 0.465697 0.18964
vt 0.479606 0.19095
vt 0.478278 0.26481
vt 0.465697 0.265395
vt 0.465697 0.256284
vt 0.465697 0.256284
vt 0.478554 0.2558
vt 0.478278 0.26481
vt 0.489733 0.254431
vt 0.487083 0.251272
vt 0.487077 0.205409
vt 0.487077 0.205409
vt 0.489762 0.202506
vt 0.489733 0.254431
vt 0.444652 0.201128
vt 0.447361 0.204175
vt 0.446697 0.250523
vt 0.446697 0.250523
vt 0.443987 0.253477
vt 0.444652 0.201128
vt 0.465697 0.198692
vt 0.479324 0.200002
vt 0.47763 0.204342
vt 0.47763 0.204342
vt 0.465697 0.203813
vt 0.465697 0.198692
vt 0.465697 0.256284
vt 0.465697 0.251788
vt 0.477168 0.251659
vt 0.477168 0.251659
vt 0.478554 0.2558
vt 0.465697 0.256284
vt 0.070499 0.167404
vt 0.071919 0.167404
vt 0.07192 0.173591
vt 0.07192 0.173591
vt 0.070499 0.173591
vt 0.070499 0.167404
vt 0.070499 0.178836
vt 0.071918 0.178837
vt 0.071919 0.185025
vt 0.071919 0.185025
vt 0.070499 0.185025
vt 0.070499 0.178836
vt 0.070541 0.176213
vt 0.070523 0.174902
vt 0.071942 0.174902
vt 0.071942 0.174902
vt 0.07196 0.176215
vt 0.070541 0.176213
vt 0.070538 0.18765
vt 0.071959 0.18765
vt 0.071935 0.188962
vt 0.071935 0.188962
vt 0.070517 0.188962
vt 0.070538 0.18765
vt 0.070522 0.177524
vt 0.071941 0.177525
vt 0.071918 0.178837
vt 0.071918 0.178837
vt 0.070499 0.178836
vt 0.070522 0.177524
vt 0.455664 0.199312
vt 0.457196 0.203687
vt 0.447361 0.204175
vt 0.447361 0.204175
vt 0.444652 0.201128
vt 0.455664 0.199312
vt 0.443556 0.193014
vt 0.455538 0.190414
vt 0.455664 0.199312
vt 0.455664 0.199312
vt 0.444652 0.201128
vt 0.443556 0.193014
vt 0.387777 0.008218
vt 0.3807 0.008265
vt 0.380679 9.1e-05
vt 0.380679 9.1e-05
vt 0.387789 0.0
vt 0.387777 0.008218
vt 0.427038 0.020125
vt 0.42704 0.011232
vt 0.434613 0.011292
vt 0.434613 0.011292
vt 0.434622 0.02019
vt 0.427038 0.020125
vt 0.454446 0.255438
vt 0.454247 0.264452
vt 0.442746 0.261739
vt 0.442746 0.261739
vt 0.443987 0.253477
vt 0.454446 0.255438
vt 0.454446 0.255438
vt 0.443987 0.253477
vt 0.446697 0.250523
vt 0.446697 0.250523
vt 0.456111 0.251351
vt 0.454446 0.255438
vt 0.070516 0.186339
vt 0.070499 0.185025
vt 0.071919 0.185025
vt 0.071919 0.185025
vt 0.071936 0.186339
vt 0.070516 0.186339
vt 0.070517 0.188962
vt 0.071935 0.188962
vt 0.071917 0.190275
vt 0.071917 0.190275
vt 0.070499 0.190275
vt 0.070517 0.188962
vt 0.478554 0.2558
vt 0.477168 0.251659
vt 0.487083 0.251272
vt 0.487083 0.251272
vt 0.489733 0.254431
vt 0.478554 0.2558
vt 0.490526 0.262764
vt 0.478278 0.26481
vt 0.478554 0.2558
vt 0.478554 0.2558
vt 0.489733 0.254431
vt 0.490526 0.262764
vt 0.404477 0.01129
vt 0.41206 0.011214
vt 0.412062 0.020126
vt 0.412062 0.020126
vt 0.404486 0.02019
vt 0.404477 0.01129
vt 0.366767 4.6e-05
vt 0.366758 0.008262
vt 0.359684 0.008193
vt 0.359684 0.008193
vt 0.359677 0.0
vt 0.366767 4.6e-05
vt 0.479324 0.200002
vt 0.479606 0.19095
vt 0.490936 0.194385
vt 0.490936 0.194385
vt 0.489762 0.202506
vt 0.479324 0.200002
vt 0.479324 0.200002
vt 0.489762 0.202506
vt 0.487077 0.205409
vt 0.487077 0.205409
vt 0.47763 0.204342
vt 0.479324 0.200002
vt 0.070523 0.174902
vt 0.070499 0.173591
vt 0.07192 0.173591
vt 0.07192 0.173591
vt 0.071942 0.174902
vt 0.070523 0.174902
vt 0.070538 0.18765
vt 0.070516 0.186339
vt 0.071936 0.186339
vt 0.071936 0.186339
vt 0.071959 0.18765
vt 0.070538 0.18765
vt 0.465697 0.256284
vt 0.454446 0.255438
vt 0.456111 0.251351
vt 0.456111 0.251351
vt 0.465697 0.251788
vt 0.465697 0.256284
vt 0.465697 0.256284
vt 0.465697 0.265395
vt 0.454247 0.264452
vt 0.454247 0.264452
vt 0.454446 0.255438
vt 0.465697 0.256284
vt 0.419552 0.020051
vt 0.419553 0.011144
vt 0.42704 0.011232
vt 0.42704 0.011232
vt 0.427038 0.020125
vt 0.419552 0.020051
vt 0.3807 0.008265
vt 0.373636 0.008302
vt 0.373738 0.000102
vt 0.373738 0.000102
vt 0.380679 9.1e-05
vt 0.3807 0.008265
vt 0.455538 0.190414
vt 0.465697 0.18964
vt 0.465697 0.198692
vt 0.465697 0.198692
vt 0.455664 0.199312
vt 0.455538 0.190414
vt 0.457196 0.203687
vt 0.455664 0.199312
vt 0.465697 0.198692
vt 0.465697 0.198692
vt 0.465697 0.203813
vt 0.457196 0.203687
vt 0.071941 0.177525
vt 0.070522 0.177524
vt 0.070541 0.176213
vt 0.070541 0.176213
vt 0.07196 0.176215
vt 0.071941 0.177525
vt 0.351186 0.91592
vt 0.35759 0.860181
vt 0.314274 0.856247
vt 0.314274 0.856247
vt 0.309663 0.910259
vt 0.351186 0.91592
vt 0.272493 0.906939
vt 0.309663 0.910259
vt 0.314274 0.856247
vt 0.314274 0.856247
vt 0.276569 0.853303
vt 0.272493 0.906939
vt 0.272493 0.906939
vt 0.276569 0.853303
vt 0.227608 0.852064
vt 0.227608 0.852064
vt 0.223627 0.902682
vt 0.272493 0.906939
vt 0.223627 0.902682
vt 0.227608 0.852064
vt 0.200957 0.851303
vt 0.200957 0.851303
vt 0.19694 0.900764
vt 0.223627 0.902682
vt 0.19694 0.900764
vt 0.200957 0.851303
vt 0.172264 0.85067
vt 0.172264 0.85067
vt 0.171292 0.899296
vt 0.19694 0.900764
vt 0.146122 0.898181
vt 0.171292 0.899296
vt 0.172264 0.85067
vt 0.172264 0.85067
vt 0.145072 0.849379
vt 0.146122 0.898181
vt 0.119809 0.897633
vt 0.146122 0.898181
vt 0.145072 0.849379
vt 0.145072 0.849379
vt 0.117831 0.849156
vt 0.119809 0.897633
vt 0.090707 0.897508
vt 0.119809 0.897633
vt 0.117831 0.849156
vt 0.117831 0.849156
vt 0.086645 0.849292
vt 0.090707 0.897508
vt 0.041611 0.899361
vt 0.090707 0.897508
vt 0.086645 0.849292
vt 0.086645 0.849292
vt 0.038259 0.851078
vt 0.041611 0.899361
vt 0.002592 0.901513
vt 0.041611 0.899361
vt 0.038259 0.851078
vt 0.038259 0.851078
vt 0.0 0.85297
vt 0.002592 0.901513
vt 0.687397 0.341439
vt 0.698925 0.319634
vt 0.691384 0.317271
vt 0.023158 0.398952
vt 0.000716 0.402573
vt 0.002972 0.409597
vt 0.687397 0.341439
vt 0.683682 0.317937
vt 0.673371 0.319842
vt 0.023158 0.398952
vt 0.0 0.392675
vt 0.000716 0.402573
vt 0.673371 0.319842
vt 0.66786 0.322808
vt 0.687397 0.341439
vt 0.001227 0.387131
vt 0.0 0.392675
vt 0.023158 0.398952
vt 0.66786 0.322808
vt 0.663612 0.327183
vt 0.687397 0.341439
vt 0.00442 0.381656
vt 0.001227 0.387131
vt 0.023158 0.398952
vt 0.663612 0.327183
vt 0.661081 0.332615
vt 0.687397 0.341439
vt 0.009146 0.37792
vt 0.00442 0.381656
vt 0.023158 0.398952
vt 0.661081 0.332615
vt 0.660463 0.338556
vt 0.687397 0.341439
vt 0.014703 0.376031
vt 0.009146 0.37792
vt 0.023158 0.398952
vt 0.660463 0.338556
vt 0.66171 0.344559
vt 0.687397 0.341439
vt 0.021122 0.375913
vt 0.014703 0.376031
vt 0.023158 0.398952
vt 0.687397 0.341439
vt 0.66171 0.344559
vt 0.667245 0.352701
vt 0.023158 0.398952
vt 0.029737 0.38001
vt 0.021122 0.375913
vt 0.023158 0.398952
vt 0.035702 0.384735
vt 0.029737 0.38001
vt 0.687397 0.341439
vt 0.667245 0.352701
vt 0.672649 0.358164
vt 0.023158 0.398952
vt 0.002972 0.409597
vt 0.008464 0.415626
vt 0.687397 0.341439
vt 0.691384 0.317271
vt 0.683682 0.317937
vt 0.350137 0.922297
vt 0.309629 0.91666
vt 0.309074 0.923822
vt 0.309074 0.923822
vt 0.349121 0.929548
vt 0.350137 0.922297
vt 0.003052 0.907018
vt 0.003425 0.913267
vt 0.041508 0.911208
vt 0.041508 0.911208
vt 0.041222 0.904946
vt 0.003052 0.907018
vt 0.089722 0.903196
vt 0.041222 0.904946
vt 0.041508 0.911208
vt 0.041508 0.911208
vt 0.089927 0.909439
vt 0.089722 0.903196
vt 0.11874 0.903419
vt 0.089722 0.903196
vt 0.089927 0.909439
vt 0.089927 0.909439
vt 0.118659 0.909642
vt 0.11874 0.903419
vt 0.145437 0.904136
vt 0.11874 0.903419
vt 0.118659 0.909642
vt 0.118659 0.909642
vt 0.145305 0.910429
vt 0.145437 0.904136
vt 0.171189 0.905441
vt 0.145437 0.904136
vt 0.145305 0.910429
vt 0.145305 0.910429
vt 0.170967 0.911743
vt 0.171189 0.905441
vt 0.197265 0.906826
vt 0.171189 0.905441
vt 0.170967 0.911743
vt 0.170967 0.911743
vt 0.196803 0.913262
vt 0.197265 0.906826
vt 0.224463 0.908778
vt 0.197265 0.906826
vt 0.196803 0.913262
vt 0.196803 0.913262
vt 0.224042 0.915411
vt 0.224463 0.908778
vt 0.272841 0.913462
vt 0.224463 0.908778
vt 0.224042 0.915411
vt 0.224042 0.915411
vt 0.27244 0.920452
vt 0.272841 0.913462
vt 0.309629 0.91666
vt 0.272841 0.913462
vt 0.27244 0.920452
vt 0.27244 0.920452
vt 0.309074 0.923822
vt 0.309629 0.91666
vt 0.351186 0.91592
vt 0.309663 0.910259
vt 0.309629 0.91666
vt 0.309629 0.91666
vt 0.350137 0.922297
vt 0.351186 0.91592
vt 0.002592 0.901513
vt 0.003052 0.907018
vt 0.041222 0.904946
vt 0.041222 0.904946
vt 0.041611 0.899361
vt 0.002592 0.901513
vt 0.089722 0.903196
vt 0.090707 0.897508
vt 0.041611 0.899361
vt 0.041611 0.899361
vt 0.041222 0.904946
vt 0.089722 0.903196
vt 0.090707 0.897508
vt 0.089722 0.903196
vt 0.11874 0.903419
vt 0.11874 0.903419
vt 0.119809 0.897633
vt 0.090707 0.897508
vt 0.119809 0.897633
vt 0.11874 0.903419
vt 0.145437 0.904136
vt 0.145437 0.904136
vt 0.146122 0.898181
vt 0.119809 0.897633
vt 0.146122 0.898181
vt 0.145437 0.904136
vt 0.171189 0.905441
vt 0.171189 0.905441
vt 0.171292 0.899296
vt 0.146122 0.898181
vt 0.19694 0.900764
vt 0.171292 0.899296
vt 0.171189 0.905441
vt 0.171189 0.905441
vt 0.197265 0.906826
vt 0.19694 0.900764
vt 0.223627 0.902682
vt 0.19694 0.900764
vt 0.197265 0.906826
vt 0.197265 0.906826
vt 0.224463 0.908778
vt 0.223627 0.902682
vt 0.272493 0.906939
vt 0.223627 0.902682
vt 0.224463 0.908778
vt 0.224463 0.908778
vt 0.272841 0.913462
vt 0.272493 0.906939
vt 0.309663 0.910259
vt 0.272493 0.906939
vt 0.272841 0.913462
vt 0.272841 0.913462
vt 0.309629 0.91666
vt 0.309663 0.910259
vt 0.314274 0.926699
vt 0.35759 0.930633
vt 0.351186 0.986372
vt 0.351186 0.986372
vt 0.309663 0.980711
vt 0.314274 0.926699
vt 0.272493 0.977391
vt 0.276569 0.923755
vt 0.314274 0.926699
vt 0.314274 0.926699
vt 0.309663 0.980711
vt 0.272493 0.977391
vt 0.227608 0.922516
vt 0.276569 0.923755
vt 0.272493 0.977391
vt 0.272493 0.977391
vt 0.223627 0.973134
vt 0.227608 0.922516
vt 0.200957 0.921755
vt 0.227608 0.922516
vt 0.223627 0.973134
vt 0.223627 0.973134
vt 0.19694 0.971216
vt 0.200957 0.921755
vt 0.172264 0.921122
vt 0.200957 0.921755
vt 0.19694 0.971216
vt 0.19694 0.971216
vt 0.171292 0.969747
vt 0.172264 0.921122
vt 0.146122 0.968633
vt 0.145072 0.919831
vt 0.172264 0.921122
vt 0.172264 0.921122
vt 0.171292 0.969747
vt 0.146122 0.968633
vt 0.119809 0.968085
vt 0.117831 0.919608
vt 0.145072 0.919831
vt 0.145072 0.919831
vt 0.146122 0.968633
vt 0.119809 0.968085
vt 0.090707 0.96796
vt 0.086645 0.919744
vt 0.117831 0.919608
vt 0.117831 0.919608
vt 0.119809 0.968085
vt 0.090707 0.96796
vt 0.041611 0.969813
vt 0.038259 0.92153
vt 0.086645 0.919744
vt 0.086645 0.919744
vt 0.090707 0.96796
vt 0.041611 0.969813
vt 0.002592 0.971965
vt 0.0 0.923422
vt 0.038259 0.92153
vt 0.038259 0.92153
vt 0.041611 0.969813
vt 0.002592 0.971965
vt 0.090012 0.281071
vt 0.094 0.256904
vt 0.10154 0.259267
vt 0.023158 0.346
vt 0.002972 0.356645
vt 0.000716 0.349621
vt 0.090012 0.281071
vt 0.075987 0.259474
vt 0.086297 0.25757
vt 0.023158 0.346
vt 0.000716 0.349621
vt 0.0 0.339723
vt 0.075987 0.259474
vt 0.090012 0.281071
vt 0.070476 0.262441
vt 0.001227 0.33418
vt 0.023158 0.346
vt 0.0 0.339723
vt 0.070476 0.262441
vt 0.090012 0.281071
vt 0.066228 0.266815
vt 0.00442 0.328704
vt 0.023158 0.346
vt 0.001227 0.33418
vt 0.066228 0.266815
vt 0.090012 0.281071
vt 0.063697 0.272248
vt 0.009146 0.324968
vt 0.023158 0.346
vt 0.00442 0.328704
vt 0.063697 0.272248
vt 0.090012 0.281071
vt 0.063078 0.278189
vt 0.014703 0.323079
vt 0.023158 0.346
vt 0.009146 0.324968
vt 0.063078 0.278189
vt 0.090012 0.281071
vt 0.064325 0.284191
vt 0.021122 0.322961
vt 0.023158 0.346
vt 0.014703 0.323079
vt 0.090012 0.281071
vt 0.06986 0.292333
vt 0.064325 0.284191
vt 0.023158 0.346
vt 0.021122 0.322961
vt 0.029737 0.327058
vt 0.023158 0.346
vt 0.029737 0.327058
vt 0.035702 0.331783
vt 0.090012 0.281071
vt 0.075264 0.297797
vt 0.06986 0.292333
vt 0.023158 0.346
vt 0.008464 0.362674
vt 0.002972 0.356645
vt 0.090012 0.281071
vt 0.086297 0.25757
vt 0.094 0.256904
vt 0.309074 0.994273
vt 0.309629 0.987112
vt 0.350137 0.992749
vt 0.350137 0.992749
vt 0.349121 1.0
vt 0.309074 0.994273
vt 0.041508 0.98166
vt 0.003425 0.983719
vt 0.003052 0.97747
vt 0.003052 0.97747
vt 0.041222 0.975398
vt 0.041508 0.98166
vt 0.041508 0.98166
vt 0.041222 0.975398
vt 0.089722 0.973647
vt 0.089722 0.973647
vt 0.089927 0.97989
vt 0.041508 0.98166
vt 0.11874 0.973871
vt 0.118659 0.980094
vt 0.089927 0.97989
vt 0.089927 0.97989
vt 0.089722 0.973647
vt 0.11874 0.973871
vt 0.145437 0.974587
vt 0.145305 0.980881
vt 0.118659 0.980094
vt 0.118659 0.980094
vt 0.11874 0.973871
vt 0.145437 0.974587
vt 0.171189 0.975893
vt 0.170967 0.982195
vt 0.145305 0.980881
vt 0.145305 0.980881
vt 0.145437 0.974587
vt 0.171189 0.975893
vt 0.197265 0.977278
vt 0.196803 0.983714
vt 0.170967 0.982195
vt 0.170967 0.982195
vt 0.171189 0.975893
vt 0.197265 0.977278
vt 0.224463 0.97923
vt 0.224042 0.985863
vt 0.196803 0.983714
vt 0.196803 0.983714
vt 0.197265 0.977278
vt 0.224463 0.97923
vt 0.224042 0.985863
vt 0.224463 0.97923
vt 0.272841 0.983914
vt 0.272841 0.983914
vt 0.27244 0.990904
vt 0.224042 0.985863
vt 0.309629 0.987112
vt 0.309074 0.994273
vt 0.27244 0.990904
vt 0.27244 0.990904
vt 0.272841 0.983914
vt 0.309629 0.987112
vt 0.309629 0.987112
vt 0.309663 0.980711
vt 0.351186 0.986372
vt 0.351186 0.986372
vt 0.350137 0.992749
vt 0.309629 0.987112
vt 0.041222 0.975398
vt 0.003052 0.97747
vt 0.002592 0.971965
vt 0.002592 0.971965
vt 0.041611 0.969813
vt 0.041222 0.975398
vt 0.089722 0.973647
vt 0.041222 0.975398
vt 0.041611 0.969813
vt 0.041611 0.969813
vt 0.090707 0.96796
vt 0.089722 0.973647
vt 0.11874 0.973871
vt 0.089722 0.973647
vt 0.090707 0.96796
vt 0.090707 0.96796
vt 0.119809 0.968085
vt 0.11874 0.973871
vt 0.145437 0.974587
vt 0.11874 0.973871
vt 0.119809 0.968085
vt 0.119809 0.968085
vt 0.146122 0.968633
vt 0.145437 0.974587
vt 0.171189 0.975893
vt 0.145437 0.974587
vt 0.146122 0.968633
vt 0.146122 0.968633
vt 0.171292 0.969747
vt 0.171189 0.975893
vt 0.19694 0.971216
vt 0.197265 0.977278
vt 0.171189 0.975893
vt 0.171189 0.975893
vt 0.171292 0.969747
vt 0.19694 0.971216
vt 0.223627 0.973134
vt 0.224463 0.97923
vt 0.197265 0.977278
vt 0.197265 0.977278
vt 0.19694 0.971216
vt 0.223627 0.973134
vt 0.224463 0.97923
vt 0.223627 0.973134
vt 0.272493 0.977391
vt 0.272493 0.977391
vt 0.272841 0.983914
vt 0.224463 0.97923
vt 0.309663 0.980711
vt 0.309629 0.987112
vt 0.272841 0.983914
vt 0.272841 0.983914
vt 0.272493 0.977391
vt 0.309663 0.980711
vt 0.547777 0.763599
vt 0.54605 0.746149
vt 0.561359 0.744982
vt 0.561359 0.744982
vt 0.564508 0.762776
vt 0.547777 0.763599
vt 0.547777 0.763599
vt 0.564508 0.762776
vt 0.557223 0.790244
vt 0.557223 0.790244
vt 0.543749 0.784377
vt 0.547777 0.763599
vt 0.535942 0.808796
vt 0.543749 0.784377
vt 0.557223 0.790244
vt 0.557223 0.790244
vt 0.550454 0.812726
vt 0.535942 0.808796
vt 0.535942 0.808796
vt 0.550454 0.812726
vt 0.539856 0.831506
vt 0.539856 0.831506
vt 0.526224 0.826017
vt 0.535942 0.808796
vt 0.455815 0.6808
vt 0.435197 0.677373
vt 0.439011 0.657509
vt 0.439011 0.657509
vt 0.461582 0.66197
vt 0.455815 0.6808
vt 0.489778 0.689111
vt 0.475947 0.684571
vt 0.481937 0.666667
vt 0.481937 0.666667
vt 0.497987 0.672812
vt 0.489778 0.689111
vt 0.518777 0.703117
vt 0.510747 0.698364
vt 0.525205 0.686412
vt 0.525205 0.686412
vt 0.533423 0.692673
vt 0.518777 0.703117
vt 0.532243 0.715572
vt 0.525693 0.709448
vt 0.540316 0.699759
vt 0.540316 0.699759
vt 0.548606 0.710434
vt 0.532243 0.715572
vt 0.54127 0.72995
vt 0.532243 0.715572
vt 0.548606 0.710434
vt 0.548606 0.710434
vt 0.557372 0.727142
vt 0.54127 0.72995
vt 0.54605 0.746149
vt 0.54127 0.72995
vt 0.557372 0.727142
vt 0.557372 0.727142
vt 0.561359 0.744982
vt 0.54605 0.746149
vt 0.547777 0.763599
vt 0.536183 0.768328
vt 0.534742 0.751138
vt 0.534742 0.751138
vt 0.54605 0.746149
vt 0.547777 0.763599
vt 0.543749 0.784377
vt 0.534026 0.786259
vt 0.536183 0.768328
vt 0.536183 0.768328
vt 0.547777 0.763599
vt 0.543749 0.784377
vt 0.535942 0.808796
vt 0.526753 0.807579
vt 0.534026 0.786259
vt 0.534026 0.786259
vt 0.543749 0.784377
vt 0.535942 0.808796
vt 0.526224 0.826017
vt 0.518196 0.823426
vt 0.526753 0.807579
vt 0.526753 0.807579
vt 0.535942 0.808796
vt 0.526224 0.826017
vt 0.435197 0.677373
vt 0.455815 0.6808
vt 0.452796 0.688968
vt 0.452796 0.688968
vt 0.43397 0.685932
vt 0.435197 0.677373
vt 0.475947 0.684571
vt 0.489778 0.689111
vt 0.483243 0.696157
vt 0.483243 0.696157
vt 0.471172 0.691993
vt 0.475947 0.684571
vt 0.510747 0.698364
vt 0.518777 0.703117
vt 0.509014 0.709244
vt 0.509014 0.709244
vt 0.503998 0.706169
vt 0.510747 0.698364
vt 0.525693 0.709448
vt 0.532243 0.715572
vt 0.521208 0.721437
vt 0.521208 0.721437
vt 0.515615 0.715889
vt 0.525693 0.709448
vt 0.532243 0.715572
vt 0.54127 0.72995
vt 0.529662 0.735542
vt 0.529662 0.735542
vt 0.521208 0.721437
vt 0.532243 0.715572
vt 0.54605 0.746149
vt 0.534742 0.751138
vt 0.529662 0.735542
vt 0.529662 0.735542
vt 0.54127 0.72995
vt 0.54605 0.746149
vt 0.175984 0.257083
vt 0.173809 0.255168
vt 0.177668 0.251304
vt 0.177668 0.251304
vt 0.180164 0.2534
vt 0.175984 0.257083
vt 0.173676 0.257731
vt 0.171924 0.256188
vt 0.173809 0.255168
vt 0.173809 0.255168
vt 0.175984 0.257083
vt 0.173676 0.257731
vt 0.148946 0.233276
vt 0.151677 0.230012
vt 0.154682 0.232229
vt 0.154682 0.232229
vt 0.153061 0.236899
vt 0.148946 0.233276
vt 0.148595 0.235647
vt 0.148946 0.233276
vt 0.153061 0.236899
vt 0.153061 0.236899
vt 0.152617 0.239188
vt 0.148595 0.235647
vt 0.153061 0.236899
vt 0.154682 0.232229
vt 0.165052 0.240942
vt 0.165052 0.240942
vt 0.162586 0.245286
vt 0.153061 0.236899
vt 0.152617 0.239188
vt 0.153061 0.236899
vt 0.162586 0.245286
vt 0.162586 0.245286
vt 0.161257 0.246796
vt 0.152617 0.239188
vt 0.171924 0.256188
vt 0.161257 0.246796
vt 0.162586 0.245286
vt 0.162586 0.245286
vt 0.173809 0.255168
vt 0.171924 0.256188
vt 0.162586 0.245286
vt 0.165052 0.240942
vt 0.177668 0.251304
vt 0.177668 0.251304
vt 0.173809 0.255168
vt 0.162586 0.245286
vt 0.536183 0.768328
vt 0.527839 0.768713
vt 0.526631 0.753357
vt 0.526631 0.753357
vt 0.534742 0.751138
vt 0.536183 0.768328
vt 0.534026 0.786259
vt 0.525799 0.7849
vt 0.527839 0.768713
vt 0.527839 0.768713
vt 0.536183 0.768328
vt 0.534026 0.786259
vt 0.526753 0.807579
vt 0.518886 0.804423
vt 0.525799 0.7849
vt 0.525799 0.7849
vt 0.534026 0.786259
vt 0.526753 0.807579
vt 0.518196 0.823426
vt 0.510467 0.819513
vt 0.518886 0.804423
vt 0.518886 0.804423
vt 0.526753 0.807579
vt 0.518196 0.823426
vt 0.452796 0.688968
vt 0.450963 0.697798
vt 0.432908 0.695049
vt 0.432908 0.695049
vt 0.43397 0.685932
vt 0.452796 0.688968
vt 0.471172 0.691993
vt 0.483243 0.696157
vt 0.479711 0.704085
vt 0.479711 0.704085
vt 0.468577 0.700365
vt 0.471172 0.691993
vt 0.503998 0.706169
vt 0.509014 0.709244
vt 0.503229 0.715744
vt 0.503229 0.715744
vt 0.497948 0.71257
vt 0.503998 0.706169
vt 0.515615 0.715889
vt 0.521208 0.721437
vt 0.514321 0.726595
vt 0.514321 0.726595
vt 0.509209 0.721671
vt 0.515615 0.715889
vt 0.521208 0.721437
vt 0.529662 0.735542
vt 0.522112 0.739213
vt 0.522112 0.739213
vt 0.514321 0.726595
vt 0.521208 0.721437
vt 0.534742 0.751138
vt 0.526631 0.753357
vt 0.522112 0.739213
vt 0.522112 0.739213
vt 0.529662 0.735542
vt 0.534742 0.751138
vt 0.171924 0.256188
vt 0.173676 0.257731
vt 0.171193 0.258226
vt 0.171193 0.258226
vt 0.169602 0.256825
vt 0.171924 0.256188
vt 0.152617 0.239188
vt 0.15207 0.241389
vt 0.148419 0.238173
vt 0.148419 0.238173
vt 0.148595 0.235647
vt 0.152617 0.239188
vt 0.15207 0.241389
vt 0.152617 0.239188
vt 0.161257 0.246796
vt 0.161257 0.246796
vt 0.159916 0.248297
vt 0.15207 0.241389
vt 0.161257 0.246796
vt 0.171924 0.256188
vt 0.169602 0.256825
vt 0.169602 0.256825
vt 0.159916 0.248297
vt 0.161257 0.246796
vt 0.515294 0.768681
vt 0.501244 0.768873
vt 0.500328 0.759633
vt 0.500328 0.759633
vt 0.514299 0.756289
vt 0.515294 0.768681
vt 0.513542 0.781879
vt 0.500048 0.778499
vt 0.501244 0.768873
vt 0.501244 0.768873
vt 0.515294 0.768681
vt 0.513542 0.781879
vt 0.507326 0.798079
vt 0.495085 0.791234
vt 0.500048 0.778499
vt 0.500048 0.778499
vt 0.513542 0.781879
vt 0.507326 0.798079
vt 0.498874 0.812656
vt 0.486389 0.805088
vt 0.495085 0.791234
vt 0.495085 0.791234
vt 0.507326 0.798079
vt 0.498874 0.812656
vt 0.44905 0.711649
vt 0.447264 0.7266
vt 0.430414 0.724833
vt 0.430414 0.724833
vt 0.431514 0.709291
vt 0.44905 0.711649
vt 0.464083 0.728397
vt 0.466197 0.713728
vt 0.475657 0.716664
vt 0.475657 0.716664
vt 0.471525 0.730493
vt 0.464083 0.728397
vt 0.490879 0.723342
vt 0.495174 0.725814
vt 0.486244 0.737138
vt 0.486244 0.737138
vt 0.483123 0.735312
vt 0.490879 0.723342
vt 0.500036 0.73062
vt 0.504266 0.734579
vt 0.492904 0.743551
vt 0.492904 0.743551
vt 0.489845 0.740653
vt 0.500036 0.73062
vt 0.504266 0.734579
vt 0.510631 0.744804
vt 0.497441 0.751188
vt 0.497441 0.751188
vt 0.492904 0.743551
vt 0.504266 0.734579
vt 0.514299 0.756289
vt 0.500328 0.759633
vt 0.497441 0.751188
vt 0.497441 0.751188
vt 0.510631 0.744804
vt 0.514299 0.756289
vt 0.165974 0.256783
vt 0.167229 0.257889
vt 0.163015 0.256866
vt 0.152137 0.2446
vt 0.152761 0.247838
vt 0.150804 0.246114
vt 0.150804 0.246114
vt 0.149255 0.242063
vt 0.152137 0.2446
vt 0.152137 0.2446
vt 0.158461 0.250168
vt 0.154457 0.249332
vt 0.154457 0.249332
vt 0.152761 0.247838
vt 0.152137 0.2446
vt 0.165974 0.256783
vt 0.163015 0.256866
vt 0.159657 0.253909
vt 0.159657 0.253909
vt 0.158461 0.250168
vt 0.165974 0.256783
vt 0.158461 0.250168
vt 0.159657 0.253909
vt 0.156968 0.251542
vt 0.158461 0.250168
vt 0.156968 0.251542
vt 0.154457 0.249332
vt 0.159916 0.248297
vt 0.169602 0.256825
vt 0.165974 0.256783
vt 0.165974 0.256783
vt 0.158461 0.250168
vt 0.159916 0.248297
vt 0.159916 0.248297
vt 0.158461 0.250168
vt 0.152137 0.2446
vt 0.152137 0.2446
vt 0.15207 0.241389
vt 0.159916 0.248297
vt 0.15207 0.241389
vt 0.152137 0.2446
vt 0.149255 0.242063
vt 0.149255 0.242063
vt 0.148419 0.238173
vt 0.15207 0.241389
vt 0.510467 0.819513
vt 0.498874 0.812656
vt 0.507326 0.798079
vt 0.507326 0.798079
vt 0.518886 0.804423
vt 0.510467 0.819513
vt 0.518886 0.804423
vt 0.507326 0.798079
vt 0.513542 0.781879
vt 0.513542 0.781879
vt 0.525799 0.7849
vt 0.518886 0.804423
vt 0.525799 0.7849
vt 0.513542 0.781879
vt 0.515294 0.768681
vt 0.515294 0.768681
vt 0.527839 0.768713
vt 0.525799 0.7849
vt 0.527839 0.768713
vt 0.515294 0.768681
vt 0.514299 0.756289
vt 0.514299 0.756289
vt 0.526631 0.753357
vt 0.527839 0.768713
vt 0.526631 0.753357
vt 0.514299 0.756289
vt 0.510631 0.744804
vt 0.510631 0.744804
vt 0.522112 0.739213
vt 0.526631 0.753357
vt 0.514321 0.726595
vt 0.522112 0.739213
vt 0.510631 0.744804
vt 0.510631 0.744804
vt 0.504266 0.734579
vt 0.514321 0.726595
vt 0.509209 0.721671
vt 0.514321 0.726595
vt 0.504266 0.734579
vt 0.504266 0.734579
vt 0.500036 0.73062
vt 0.509209 0.721671
vt 0.497948 0.71257
vt 0.503229 0.715744
vt 0.495174 0.725814
vt 0.495174 0.725814
vt 0.490879 0.723342
vt 0.497948 0.71257
vt 0.466197 0.713728
vt 0.468577 0.700365
vt 0.479711 0.704085
vt 0.479711 0.704085
vt 0.475657 0.716664
vt 0.466197 0.713728
vt 0.450963 0.697798
vt 0.44905 0.711649
vt 0.431514 0.709291
vt 0.431514 0.709291
vt 0.432908 0.695049
vt 0.450963 0.697798
vt 0.169602 0.256825
vt 0.171193 0.258226
vt 0.167229 0.257889
vt 0.167229 0.257889
vt 0.165974 0.256783
vt 0.169602 0.256825
vt 0.674168 0.250456
vt 0.678636 0.248895
vt 0.687857 0.267434
vt 0.678636 0.248895
vt 0.683646 0.248858
vt 0.687857 0.267434
vt 0.683646 0.248858
vt 0.690195 0.251562
vt 0.687857 0.267434
vt 0.690195 0.251562
vt 0.696928 0.256644
vt 0.687857 0.267434
vt 0.685329 0.283987
vt 0.679011 0.278415
vt 0.687857 0.267434
vt 0.687857 0.267434
vt 0.672745 0.272801
vt 0.670614 0.269609
vt 0.687857 0.267434
vt 0.668233 0.263846
vt 0.667884 0.262035
vt 0.667884 0.262035
vt 0.668229 0.259507
vt 0.687857 0.267434
vt 0.668522 0.257368
vt 0.670688 0.253375
vt 0.687857 0.267434
vt 0.670688 0.253375
vt 0.674168 0.250456
vt 0.687857 0.267434
vt 0.703601 0.26176
vt 0.700698 0.265339
vt 0.687857 0.267434
vt 0.700698 0.265339
vt 0.698185 0.268441
vt 0.687857 0.267434
vt 0.690405 0.277914
vt 0.685329 0.283987
vt 0.687857 0.267434
vt 0.694449 0.273024
vt 0.690405 0.277914
vt 0.687857 0.267434
vt 0.698185 0.268441
vt 0.694449 0.273024
vt 0.687857 0.267434
vt 0.404441 0.240813
vt 0.406586 0.237446
vt 0.425788 0.248911
vt 0.407286 0.247432
vt 0.404441 0.240813
vt 0.425788 0.248911
vt 0.409439 0.253236
vt 0.407286 0.247432
vt 0.425788 0.248911
vt 0.428979 0.231203
vt 0.431411 0.234645
vt 0.425788 0.248911
vt 0.425359 0.22902
vt 0.428979 0.231203
vt 0.425788 0.248911
vt 0.425788 0.248911
vt 0.42255 0.228857
vt 0.425359 0.22902
vt 0.41627 0.227519
vt 0.417908 0.22824
vt 0.425788 0.248911
vt 0.411294 0.231245
vt 0.413336 0.228675
vt 0.41627 0.227519
vt 0.41627 0.227519
vt 0.425788 0.248911
vt 0.411294 0.231245
vt 0.40809 0.233213
vt 0.411294 0.231245
vt 0.425788 0.248911
vt 0.406586 0.237446
vt 0.40809 0.233213
vt 0.425788 0.248911
vt 0.57222 0.792641
vt 0.557223 0.790244
vt 0.564508 0.762776
vt 0.564508 0.762776
vt 0.577551 0.762005
vt 0.57222 0.792641
vt 0.57222 0.792641
vt 0.564368 0.820495
vt 0.550454 0.812726
vt 0.550454 0.812726
vt 0.557223 0.790244
vt 0.57222 0.792641
vt 0.564368 0.820495
vt 0.554388 0.838974
vt 0.539856 0.831506
vt 0.539856 0.831506
vt 0.550454 0.812726
vt 0.564368 0.820495
vt 0.441453 0.64581
vt 0.466568 0.651187
vt 0.461582 0.66197
vt 0.461582 0.66197
vt 0.439011 0.657509
vt 0.441453 0.64581
vt 0.486418 0.655588
vt 0.504265 0.662624
vt 0.497987 0.672812
vt 0.497987 0.672812
vt 0.481937 0.666667
vt 0.486418 0.655588
vt 0.538052 0.680029
vt 0.544147 0.684981
vt 0.533423 0.692673
vt 0.533423 0.692673
vt 0.525205 0.686412
vt 0.538052 0.680029
vt 0.554244 0.695099
vt 0.562432 0.70957
vt 0.548606 0.710434
vt 0.548606 0.710434
vt 0.540316 0.699759
vt 0.554244 0.695099
vt 0.562432 0.70957
vt 0.569644 0.724021
vt 0.557372 0.727142
vt 0.557372 0.727142
vt 0.548606 0.710434
vt 0.562432 0.70957
vt 0.569644 0.724021
vt 0.574913 0.743869
vt 0.561359 0.744982
vt 0.561359 0.744982
vt 0.557372 0.727142
vt 0.569644 0.724021
vt 0.574913 0.743869
vt 0.577551 0.762005
vt 0.564508 0.762776
vt 0.564508 0.762776
vt 0.561359 0.744982
vt 0.574913 0.743869
vt 0.577551 0.762005
vt 0.574913 0.743869
vt 0.583542 0.742804
vt 0.583542 0.742804
vt 0.585967 0.762074
vt 0.577551 0.762005
vt 0.57222 0.792641
vt 0.577551 0.762005
vt 0.585967 0.762074
vt 0.585967 0.762074
vt 0.580941 0.795365
vt 0.57222 0.792641
vt 0.564368 0.820495
vt 0.57222 0.792641
vt 0.580941 0.795365
vt 0.580941 0.795365
vt 0.573656 0.823409
vt 0.564368 0.820495
vt 0.564368 0.820495
vt 0.573656 0.823409
vt 0.563031 0.842708
vt 0.563031 0.842708
vt 0.554388 0.838974
vt 0.564368 0.820495
vt 0.441453 0.64581
vt 0.442991 0.636695
vt 0.468701 0.64237
vt 0.468701 0.64237
vt 0.466568 0.651187
vt 0.441453 0.64581
vt 0.504265 0.662624
vt 0.486418 0.655588
vt 0.489102 0.647041
vt 0.489102 0.647041
vt 0.508486 0.654755
vt 0.504265 0.662624
vt 0.544147 0.684981
vt 0.538052 0.680029
vt 0.544876 0.673643
vt 0.544876 0.673643
vt 0.552208 0.678662
vt 0.544147 0.684981
vt 0.554244 0.695099
vt 0.561871 0.690836
vt 0.570049 0.704843
vt 0.570049 0.704843
vt 0.562432 0.70957
vt 0.554244 0.695099
vt 0.562432 0.70957
vt 0.570049 0.704843
vt 0.578141 0.721648
vt 0.578141 0.721648
vt 0.569644 0.724021
vt 0.562432 0.70957
vt 0.574913 0.743869
vt 0.569644 0.724021
vt 0.578141 0.721648
vt 0.578141 0.721648
vt 0.583542 0.742804
vt 0.574913 0.743869
vt 0.179911 0.248791
vt 0.182647 0.251174
vt 0.180164 0.2534
vt 0.180164 0.2534
vt 0.177668 0.251304
vt 0.179911 0.248791
vt 0.184643 0.249558
vt 0.182647 0.251174
vt 0.179911 0.248791
vt 0.157792 0.229377
vt 0.154682 0.232229
vt 0.151677 0.230012
vt 0.151677 0.230012
vt 0.153022 0.225206
vt 0.157792 0.229377
vt 0.153022 0.225206
vt 0.154778 0.223212
vt 0.157792 0.229377
vt 0.157792 0.229377
vt 0.154778 0.223212
vt 0.168659 0.235451
vt 0.168659 0.235451
vt 0.167083 0.237527
vt 0.157792 0.229377
vt 0.167083 0.237527
vt 0.165052 0.240942
vt 0.154682 0.232229
vt 0.154682 0.232229
vt 0.157792 0.229377
vt 0.167083 0.237527
vt 0.179911 0.248791
vt 0.177668 0.251304
vt 0.165052 0.240942
vt 0.165052 0.240942
vt 0.167083 0.237527
vt 0.179911 0.248791
vt 0.179911 0.248791
vt 0.167083 0.237527
vt 0.168659 0.235451
vt 0.168659 0.235451
vt 0.184643 0.249558
vt 0.179911 0.248791
vt 0.425788 0.248911
vt 0.416804 0.2591
vt 0.413363 0.255797
vt 0.413363 0.255797
vt 0.409439 0.253236
vt 0.425788 0.248911
vt 0.468701 0.64237
vt 0.489102 0.647041
vt 0.486418 0.655588
vt 0.486418 0.655588
vt 0.466568 0.651187
vt 0.468701 0.64237
vt 0.481937 0.666667
vt 0.461582 0.66197
vt 0.466568 0.651187
vt 0.466568 0.651187
vt 0.486418 0.655588
vt 0.481937 0.666667
vt 0.475947 0.684571
vt 0.455815 0.6808
vt 0.461582 0.66197
vt 0.461582 0.66197
vt 0.481937 0.666667
vt 0.475947 0.684571
vt 0.471172 0.691993
vt 0.452796 0.688968
vt 0.455815 0.6808
vt 0.455815 0.6808
vt 0.475947 0.684571
vt 0.471172 0.691993
vt 0.468577 0.700365
vt 0.450963 0.697798
vt 0.452796 0.688968
vt 0.452796 0.688968
vt 0.471172 0.691993
vt 0.468577 0.700365
vt 0.466197 0.713728
vt 0.44905 0.711649
vt 0.450963 0.697798
vt 0.450963 0.697798
vt 0.468577 0.700365
vt 0.466197 0.713728
vt 0.464083 0.728397
vt 0.447264 0.7266
vt 0.44905 0.711649
vt 0.44905 0.711649
vt 0.466197 0.713728
vt 0.464083 0.728397
vt 0.554388 0.838974
vt 0.563031 0.842708
vt 0.553267 0.86274
vt 0.553267 0.86274
vt 0.544897 0.859097
vt 0.554388 0.838974
vt 0.554388 0.838974
vt 0.544897 0.859097
vt 0.529642 0.85104
vt 0.529642 0.85104
vt 0.539856 0.831506
vt 0.554388 0.838974
vt 0.526224 0.826017
vt 0.539856 0.831506
vt 0.529642 0.85104
vt 0.529642 0.85104
vt 0.516522 0.844195
vt 0.526224 0.826017
vt 0.518196 0.823426
vt 0.526224 0.826017
vt 0.516522 0.844195
vt 0.516522 0.844195
vt 0.509395 0.839947
vt 0.518196 0.823426
vt 0.518196 0.823426
vt 0.509395 0.839947
vt 0.501925 0.835314
vt 0.501925 0.835314
vt 0.510467 0.819513
vt 0.518196 0.823426
vt 0.510467 0.819513
vt 0.501925 0.835314
vt 0.490345 0.827645
vt 0.490345 0.827645
vt 0.498874 0.812656
vt 0.510467 0.819513
vt 0.498874 0.812656
vt 0.490345 0.827645
vt 0.478088 0.819204
vt 0.478088 0.819204
vt 0.486389 0.805088
vt 0.498874 0.812656
vt 0.490879 0.723342
vt 0.483123 0.735312
vt 0.47776 0.732093
vt 0.47776 0.732093
vt 0.483541 0.718841
vt 0.490879 0.723342
vt 0.497948 0.71257
vt 0.490879 0.723342
vt 0.483541 0.718841
vt 0.483541 0.718841
vt 0.488952 0.706994
vt 0.497948 0.71257
vt 0.497948 0.71257
vt 0.488952 0.706994
vt 0.493296 0.699503
vt 0.493296 0.699503
vt 0.503998 0.706169
vt 0.497948 0.71257
vt 0.501135 0.693093
vt 0.510747 0.698364
vt 0.503998 0.706169
vt 0.503998 0.706169
vt 0.493296 0.699503
vt 0.501135 0.693093
vt 0.510747 0.698364
vt 0.501135 0.693093
vt 0.511203 0.678227
vt 0.511203 0.678227
vt 0.522467 0.684705
vt 0.510747 0.698364
vt 0.516326 0.667885
vt 0.532412 0.676612
vt 0.522467 0.684705
vt 0.522467 0.684705
vt 0.511203 0.678227
vt 0.516326 0.667885
vt 0.532412 0.676612
vt 0.516326 0.667885
vt 0.521402 0.659879
vt 0.521402 0.659879
vt 0.538099 0.669314
vt 0.532412 0.676612
vt 0.500036 0.73062
vt 0.489845 0.740653
vt 0.486244 0.737138
vt 0.486244 0.737138
vt 0.495174 0.725814
vt 0.500036 0.73062
vt 0.509209 0.721671
vt 0.500036 0.73062
vt 0.495174 0.725814
vt 0.495174 0.725814
vt 0.503229 0.715744
vt 0.509209 0.721671
vt 0.509014 0.709244
vt 0.515615 0.715889
vt 0.509209 0.721671
vt 0.509209 0.721671
vt 0.503229 0.715744
vt 0.509014 0.709244
vt 0.518777 0.703117
vt 0.525693 0.709448
vt 0.515615 0.715889
vt 0.515615 0.715889
vt 0.509014 0.709244
vt 0.518777 0.703117
vt 0.525693 0.709448
vt 0.518777 0.703117
vt 0.533423 0.692673
vt 0.533423 0.692673
vt 0.540316 0.699759
vt 0.525693 0.709448
vt 0.544147 0.684981
vt 0.554244 0.695099
vt 0.540316 0.699759
vt 0.540316 0.699759
vt 0.533423 0.692673
vt 0.544147 0.684981
vt 0.554244 0.695099
vt 0.544147 0.684981
vt 0.552208 0.678662
vt 0.552208 0.678662
vt 0.561871 0.690836
vt 0.554244 0.695099
vt 0.516326 0.667885
vt 0.504265 0.662624
vt 0.508486 0.654755
vt 0.508486 0.654755
vt 0.521402 0.659879
vt 0.516326 0.667885
vt 0.504265 0.662624
vt 0.516326 0.667885
vt 0.511203 0.678227
vt 0.511203 0.678227
vt 0.497987 0.672812
vt 0.504265 0.662624
vt 0.501135 0.693093
vt 0.489778 0.689111
vt 0.497987 0.672812
vt 0.497987 0.672812
vt 0.511203 0.678227
vt 0.501135 0.693093
vt 0.489778 0.689111
vt 0.501135 0.693093
vt 0.493296 0.699503
vt 0.493296 0.699503
vt 0.483243 0.696157
vt 0.489778 0.689111
vt 0.483243 0.696157
vt 0.493296 0.699503
vt 0.488952 0.706994
vt 0.488952 0.706994
vt 0.479711 0.704085
vt 0.483243 0.696157
vt 0.479711 0.704085
vt 0.488952 0.706994
vt 0.483541 0.718841
vt 0.483541 0.718841
vt 0.475657 0.716664
vt 0.479711 0.704085
vt 0.475657 0.716664
vt 0.483541 0.718841
vt 0.47776 0.732093
vt 0.47776 0.732093
vt 0.471525 0.730493
vt 0.475657 0.716664
vt 0.66883 0.26693
vt 0.668233 0.263846
vt 0.687857 0.267434
vt 0.522467 0.684705
vt 0.525205 0.686412
vt 0.510747 0.698364
vt 0.525205 0.686412
vt 0.522467 0.684705
vt 0.532412 0.676612
vt 0.532412 0.676612
vt 0.538052 0.680029
vt 0.525205 0.686412
vt 0.538052 0.680029
vt 0.532412 0.676612
vt 0.538099 0.669314
vt 0.538099 0.669314
vt 0.544876 0.673643
vt 0.538052 0.680029
vt 0.425788 0.248911
vt 0.417908 0.22824
vt 0.418702 0.229694
vt 0.687857 0.267434
vt 0.670614 0.269609
vt 0.66883 0.26693
vt 0.687857 0.267434
vt 0.679011 0.278415
vt 0.672745 0.272801
vt 0.687857 0.267434
vt 0.668229 0.259507
vt 0.668522 0.257368
vt 0.425788 0.248911
vt 0.431411 0.234645
vt 0.436137 0.237174
vt 0.687857 0.267434
vt 0.696928 0.256644
vt 0.703601 0.26176
vt 0.425788 0.248911
vt 0.418702 0.229694
vt 0.42255 0.228857
vt 0.028947 0.309819
vt 0.035574 0.309819
vt 0.035575 0.311269
vt 0.035575 0.311269
vt 0.028947 0.311269
vt 0.028947 0.309819
vt 0.681033 0.125751
vt 0.681132 0.130403
vt 0.664718 0.130405
vt 0.664718 0.130405
vt 0.664621 0.125751
vt 0.681033 0.125751
vt 0.664621 0.125751
vt 0.664173 0.112171
vt 0.680589 0.112171
vt 0.680589 0.112171
vt 0.681033 0.125751
vt 0.664621 0.125751
vt 0.04106 0.311267
vt 0.035575 0.311269
vt 0.035574 0.309819
vt 0.035574 0.309819
vt 0.042255 0.309818
vt 0.04106 0.311267
vt 0.680583 0.187022
vt 0.664173 0.187029
vt 0.664613 0.173441
vt 0.664613 0.173441
vt 0.681027 0.17344
vt 0.680583 0.187022
vt 0.028947 0.309819
vt 0.028947 0.311269
vt 0.023461 0.311269
vt 0.023461 0.311269
vt 0.022265 0.30982
vt 0.028947 0.309819
vt 0.66471 0.168789
vt 0.681124 0.168786
vt 0.681027 0.17344
vt 0.681027 0.17344
vt 0.664613 0.173441
vt 0.66471 0.168789
vt 0.023458 0.292869
vt 0.028944 0.292868
vt 0.028945 0.294318
vt 0.028945 0.294318
vt 0.022263 0.294319
vt 0.023458 0.292869
vt 0.028945 0.294318
vt 0.028944 0.292868
vt 0.03557 0.29287
vt 0.03557 0.29287
vt 0.035571 0.29432
vt 0.028945 0.294318
vt 0.035571 0.29432
vt 0.03557 0.29287
vt 0.041056 0.292868
vt 0.041056 0.292868
vt 0.042252 0.294318
vt 0.035571 0.29432
vt 0.681132 0.130403
vt 0.681124 0.168786
vt 0.66471 0.168789
vt 0.66471 0.168789
vt 0.664718 0.130405
vt 0.681132 0.130403
vt 0.028945 0.294318
vt 0.028947 0.309819
vt 0.022265 0.30982
vt 0.022265 0.30982
vt 0.022263 0.294319
vt 0.028945 0.294318
vt 0.028947 0.309819
vt 0.028945 0.294318
vt 0.035571 0.29432
vt 0.035571 0.29432
vt 0.035574 0.309819
vt 0.028947 0.309819
vt 0.035574 0.309819
vt 0.035571 0.29432
vt 0.042252 0.294318
vt 0.042252 0.294318
vt 0.042255 0.309818
vt 0.035574 0.309819

usemtl Material

f 1/1/1 2/2/2 3/3/3
f 4/4/4 5/5/5 6/6/6
f 7/7/7 8/8/8 9/9/9
f 10/10/10 11/11/11 12/12/12
f 13/13/13 14/14/14 15/15/15
f 16/16/16 17/17/17 18/18/18
f 19/19/19 20/20/20 21/21/21
f 22/22/22 23/23/23 24/24/24
f 25/25/25 26/26/26 27/27/27
f 28/28/28 29/29/29 30/30/30
f 31/31/31 32/32/32 33/33/33
f 34/34/34 35/35/35 36/36/36
f 37/37/37 38/38/38 39/39/39
f 40/40/40 41/41/41 42/42/42
f 43/43/43 44/44/44 45/45/45
f 46/46/46 47/47/47 48/48/48
f 49/49/49 50/50/50 51/51/51
f 52/52/52 53/53/53 54/54/54
f 55/55/55 56/56/56 57/57/57
f 58/58/58 59/59/59 60/60/60
f 61/61/61 62/62/62 63/63/63
f 64/64/64 65/65/65 66/66/66
f 67/67/67 68/68/68 69/69/69
f 70/70/70 71/71/71 72/72/72
f 73/73/73 74/74/74 75/75/75
f 76/76/76 77/77/77 78/78/78
f 79/79/79 80/80/80 81/81/81
f 82/82/82 83/83/83 84/84/84
f 85/85/85 86/86/86 87/87/87
f 88/88/88 89/89/89 90/90/90
f 91/91/91 92/92/92 93/93/93
f 94/94/94 95/95/95 96/96/96
f 97/97/97 98/98/98 99/99/99
f 100/100/100 101/101/101 102/102/102
f 103/103/103 104/104/104 105/105/105
f 106/106/106 107/107/107 108/108/108
f 109/109/109 110/110/110 111/111/111
f 112/112/112 113/113/113 114/114/114
f 115/115/115 116/116/116 117/117/117
f 118/118/118 119/119/119 120/120/120
f 121/121/121 122/122/122 123/123/123
f 124/124/124 125/125/125 126/126/126
f 127/127/127 128/128/128 129/129/129
f 130/130/130 131/131/131 132/132/132
f 133/133/133 134/134/134 135/135/135
f 136/136/136 137/137/137 138/138/138
f 139/139/139 140/140/140 141/141/141
f 142/142/142 143/143/143 144/144/144
f 145/145/145 146/146/146 147/147/147
f 148/148/148 149/149/149 150/150/150
f 151/151/151 152/152/152 153/153/153
f 154/154/154 155/155/155 156/156/156
f 157/157/157 158/158/158 159/159/159
f 160/160/160 161/161/161 162/162/162
f 163/163/163 164/164/164 165/165/165
f 166/166/166 167/167/167 168/168/168
f 169/169/169 170/170/170 171/171/171
f 172/172/172 173/173/173 174/174/174
f 175/175/175 176/176/176 177/177/177
f 178/178/178 179/179/179 180/180/180
f 181/181/181 182/182/182 183/183/183
f 184/184/184 185/185/185 186/186/186
f 187/187/187 188/188/188 189/189/189
f 190/190/190 191/191/191 192/192/192
f 193/193/193 194/194/194 195/195/195
f 196/196/196 197/197/197 198/198/198
f 199/199/199 200/200/200 201/201/201
f 202/202/202 203/203/203 204/204/204
f 205/205/205 206/206/206 207/207/207
f 208/208/208 209/209/209 210/210/210
f 211/211/211 212/212/212 213/213/213
f 214/214/214 215/215/215 216/216/216
f 217/217/217 218/218/218 219/219/219
f 220/220/220 221/221/221 222/222/222
f 223/223/223 224/224/224 225/225/225
f 226/226/226 227/227/227 228/228/228
f 229/229/229 230/230/230 231/231/231
f 232/232/232 233/233/233 234/234/234
f 235/235/235 236/236/236 237/237/237
f 238/238/238 239/239/239 240/240/240
f 241/241/241 242/242/242 243/243/243
f 244/244/244 245/245/245 246/246/246
f 247/247/247 248/248/248 249/249/249
f 250/250/250 251/251/251 252/252/252
f 253/253/253 254/254/254 255/255/255
f 256/256/256 257/257/257 258/258/258
f 259/259/259 260/260/260 261/261/261
f 262/262/262 263/263/263 264/264/264
f 265/265/265 266/266/266 267/267/267
f 268/268/268 269/269/269 270/270/270
f 271/271/271 272/272/272 273/273/273
f 274/274/274 275/275/275 276/276/276
f 277/277/277 278/278/278 279/279/279
f 280/280/280 281/281/281 282/282/282
f 283/283/283 284/284/284 285/285/285
f 286/286/286 287/287/287 288/288/288
f 289/289/289 290/290/290 291/291/291
f 292/292/292 293/293/293 294/294/294
f 295/295/295 296/296/296 297/297/297
f 298/298/298 299/299/299 300/300/300
f 301/301/301 302/302/302 303/303/303
f 304/304/304 305/305/305 306/306/306
f 307/307/307 308/308/308 309/309/309
f 310/310/310 311/311/311 312/312/312
f 313/313/313 314/314/314 315/315/315
f 316/316/316 317/317/317 318/318/318
f 319/319/319 320/320/320 321/321/321
f 322/322/322 323/323/323 324/324/324
f 325/325/325 326/326/326 327/327/327
f 328/328/328 329/329/329 330/330/330
f 331/331/331 332/332/332 333/333/333
f 334/334/334 335/335/335 336/336/336
f 337/337/337 338/338/338 339/339/339
f 340/340/340 341/341/341 342/342/342
f 343/343/343 344/344/344 345/345/345
f 346/346/346 347/347/347 348/348/348
f 349/349/349 350/350/350 351/351/351
f 352/352/352 353/353/353 354/354/354
f 355/355/355 356/356/356 357/357/357
f 358/358/358 359/359/359 360/360/360
f 361/361/361 362/362/362 363/363/363
f 364/364/364 365/365/365 366/366/366
f 367/367/367 368/368/368 369/369/369
f 370/370/370 371/371/371 372/372/372
f 373/373/373 374/374/374 375/375/375
f 376/376/376 377/377/377 378/378/378
f 379/379/379 380/380/380 381/381/381
f 382/382/382 383/383/383 384/384/384
f 385/385/385 386/386/386 387/387/387
f 388/388/388 389/389/389 390/390/390
f 391/391/391 392/392/392 393/393/393
f 394/394/394 395/395/395 396/396/396
f 397/397/397 398/398/398 399/399/399
f 400/400/400 401/401/401 402/402/402
f 403/403/403 404/404/404 405/405/405
f 406/406/406 407/407/407 408/408/408
f 409/409/409 410/410/410 411/411/411
f 412/412/412 413/413/413 414/414/414
f 415/415/415 416/416/416 417/417/417
f 418/418/418 419/419/419 420/420/420
f 421/421/421 422/422/422 423/423/423
f 424/424/424 425/425/425 426/426/426
f 427/427/427 428/428/428 429/429/429
f 430/430/430 431/431/431 432/432/432
f 433/433/433 434/434/434 435/435/435
f 436/436/436 437/437/437 438/438/438
f 439/439/439 440/440/440 441/441/441
f 442/442/442 443/443/443 444/444/444
f 445/445/445 446/446/446 447/447/447
f 448/448/448 449/449/449 450/450/450
f 451/451/451 452/452/452 453/453/453
f 454/454/454 455/455/455 456/456/456
f 457/457/457 458/458/458 459/459/459
f 460/460/460 461/461/461 462/462/462
f 463/463/463 464/464/464 465/465/465
f 466/466/466 467/467/467 468/468/468
f 469/469/469 470/470/470 471/471/471
f 472/472/472 473/473/473 474/474/474
f 475/475/475 476/476/476 477/477/477
f 478/478/478 479/479/479 480/480/480
f 481/481/481 482/482/482 483/483/483
f 484/484/484 485/485/485 486/486/486
f 487/487/487 488/488/488 489/489/489
f 490/490/490 491/491/491 492/492/492
f 493/493/493 494/494/494 495/495/495
f 496/496/496 497/497/497 498/498/498
f 499/499/499 500/500/500 501/501/501
f 502/502/502 503/503/503 504/504/504
f 505/505/505 506/506/506 507/507/507
f 508/508/508 509/509/509 510/510/510
f 511/511/511 512/512/512 513/513/513
f 514/514/514 515/515/515 516/516/516
f 517/517/517 518/518/518 519/519/519
f 520/520/520 521/521/521 522/522/522
f 523/523/523 524/524/524 525/525/525
f 526/526/526 527/527/527 528/528/528
f 529/529/529 530/530/530 531/531/531
f 532/532/532 533/533/533 534/534/534
f 535/535/535 536/536/536 537/537/537
f 538/538/538 539/539/539 540/540/540
f 541/541/541 542/542/542 543/543/543
f 544/544/544 545/545/545 546/546/546
f 547/547/547 548/548/548 549/549/549
f 550/550/550 551/551/551 552/552/552
f 553/553/553 554/554/554 555/555/555
f 556/556/556 557/557/557 558/558/558
f 559/559/559 560/560/560 561/561/561
f 562/562/562 563/563/563 564/564/564
f 565/565/565 566/566/566 567/567/567
f 568/568/568 569/569/569 570/570/570
f 571/571/571 572/572/572 573/573/573
f 574/574/574 575/575/575 576/576/576
f 577/577/577 578/578/578 579/579/579
f 580/580/580 581/581/581 582/582/582
f 583/583/583 584/584/584 585/585/585
f 586/586/586 587/587/587 588/588/588
f 589/589/589 590/590/590 591/591/591
f 592/592/592 593/593/593 594/594/594
f 595/595/595 596/596/596 597/597/597
f 598/598/598 599/599/599 600/600/600
f 601/601/601 602/602/602 603/603/603
f 604/604/604 605/605/605 606/606/606
f 607/607/607 608/608/608 609/609/609
f 610/610/610 611/611/611 612/612/612
f 613/613/613 614/614/614 615/615/615
f 616/616/616 617/617/617 618/618/618
f 619/619/619 620/620/620 621/621/621
f 622/622/622 623/623/623 624/624/624
f 625/625/625 626/626/626 627/627/627
f 628/628/628 629/629/629 630/630/630
f 631/631/631 632/632/632 633/633/633
f 634/634/634 635/635/635 636/636/636
f 637/637/637 638/638/638 639/639/639
f 640/640/640 641/641/641 642/642/642
f 643/643/643 644/644/644 645/645/645
f 646/646/646 647/647/647 648/648/648
f 649/649/649 650/650/650 651/651/651
f 652/652/652 653/653/653 654/654/654
f 655/655/655 656/656/656 657/657/657
f 658/658/658 659/659/659 660/660/660
f 661/661/661 662/662/662 663/663/663
f 664/664/664 665/665/665 666/666/666
f 667/667/667 668/668/668 669/669/669
f 670/670/670 671/671/671 672/672/672
f 673/673/673 674/674/674 675/675/675
f 676/676/676 677/677/677 678/678/678
f 679/679/679 680/680/680 681/681/681
f 682/682/682 683/683/683 684/684/684
f 685/685/685 686/686/686 687/687/687
f 688/688/688 689/689/689 690/690/690
f 691/691/691 692/692/692 693/693/693
f 694/694/694 695/695/695 696/696/696
f 697/697/697 698/698/698 699/699/699
f 700/700/700 701/701/701 702/702/702
f 703/703/703 704/704/704 705/705/705
f 706/706/706 707/707/707 708/708/708
f 709/709/709 710/710/710 711/711/711
f 712/712/712 713/713/713 714/714/714
f 715/715/715 716/716/716 717/717/717
f 718/718/718 719/719/719 720/720/720
f 721/721/721 722/722/722 723/723/723
f 724/724/724 725/725/725 726/726/726
f 727/727/727 728/728/728 729/729/729
f 730/730/730 731/731/731 732/732/732
f 733/733/733 734/734/734 735/735/735
f 736/736/736 737/737/737 738/738/738
f 739/739/739 740/740/740 741/741/741
f 742/742/742 743/743/743 744/744/744
f 745/745/745 746/746/746 747/747/747
f 748/748/748 749/749/749 750/750/750
f 751/751/751 752/752/752 753/753/753
f 754/754/754 755/755/755 756/756/756
f 757/757/757 758/758/758 759/759/759
f 760/760/760 761/761/761 762/762/762
f 763/763/763 764/764/764 765/765/765
f 766/766/766 767/767/767 768/768/768
f 769/769/769 770/770/770 771/771/771
f 772/772/772 773/773/773 774/774/774
f 775/775/775 776/776/776 777/777/777
f 778/778/778 779/779/779 780/780/780
f 781/781/781 782/782/782 783/783/783
f 784/784/784 785/785/785 786/786/786
f 787/787/787 788/788/788 789/789/789
f 790/790/790 791/791/791 792/792/792
f 793/793/793 794/794/794 795/795/795
f 796/796/796 797/797/797 798/798/798
f 799/799/799 800/800/800 801/801/801
f 802/802/802 803/803/803 804/804/804
f 805/805/805 806/806/806 807/807/807
f 808/808/808 809/809/809 810/810/810
f 811/811/811 812/812/812 813/813/813
f 814/814/814 815/815/815 816/816/816
f 817/817/817 818/818/818 819/819/819
f 820/820/820 821/821/821 822/822/822
f 823/823/823 824/824/824 825/825/825
f 826/826/826 827/827/827 828/828/828
f 829/829/829 830/830/830 831/831/831
f 832/832/832 833/833/833 834/834/834
f 835/835/835 836/836/836 837/837/837
f 838/838/838 839/839/839 840/840/840
f 841/841/841 842/842/842 843/843/843
f 844/844/844 845/845/845 846/846/846
f 847/847/847 848/848/848 849/849/849
f 850/850/850 851/851/851 852/852/852
f 853/853/853 854/854/854 855/855/855
f 856/856/856 857/857/857 858/858/858
f 859/859/859 860/860/860 861/861/861
f 862/862/862 863/863/863 864/864/864
f 865/865/865 866/866/866 867/867/867
f 868/868/868 869/869/869 870/870/870
f 871/871/871 872/872/872 873/873/873
f 874/874/874 875/875/875 876/876/876
f 877/877/877 878/878/878 879/879/879
f 880/880/880 881/881/881 882/882/882
f 883/883/883 884/884/884 885/885/885
f 886/886/886 887/887/887 888/888/888
f 889/889/889 890/890/890 891/891/891
f 892/892/892 893/893/893 894/894/894
f 895/895/895 896/896/896 897/897/897
f 898/898/898 899/899/899 900/900/900
f 901/901/901 902/902/902 903/903/903
f 904/904/904 905/905/905 906/906/906
f 907/907/907 908/908/908 909/909/909
f 910/910/910 911/911/911 912/912/912
f 913/913/913 914/914/914 915/915/915
f 916/916/916 917/917/917 918/918/918
f 919/919/919 920/920/920 921/921/921
f 922/922/922 923/923/923 924/924/924
f 925/925/925 926/926/926 927/927/927
f 928/928/928 929/929/929 930/930/930
f 931/931/931 932/932/932 933/933/933
f 934/934/934 935/935/935 936/936/936
f 937/937/937 938/938/938 939/939/939
f 940/940/940 941/941/941 942/942/942
f 943/943/943 944/944/944 945/945/945
f 946/946/946 947/947/947 948/948/948
f 949/949/949 950/950/950 951/951/951
f 952/952/952 953/953/953 954/954/954
f 955/955/955 956/956/956 957/957/957
f 958/958/958 959/959/959 960/960/960
f 961/961/961 962/962/962 963/963/963
f 964/964/964 965/965/965 966/966/966
f 967/967/967 968/968/968 969/969/969
f 970/970/970 971/971/971 972/972/972
f 973/973/973 974/974/974 975/975/975
f 976/976/976 977/977/977 978/978/978
f 979/979/979 980/980/980 981/981/981
f 982/982/982 983/983/983 984/984/984
f 985/985/985 986/986/986 987/987/987
f 988/988/988 989/989/989 990/990/990
f 991/991/991 992/992/992 993/993/993
f 994/994/994 995/995/995 996/996/996
f 997/997/997 998/998/998 999/999/999
f 1000/1000/1000 1001/1001/1001 1002/1002/1002
f 1003/1003/1003 1004/1004/1004 1005/1005/1005
f 1006/1006/1006 1007/1007/1007 1008/1008/1008
f 1009/1009/1009 1010/1010/1010 1011/1011/1011
f 1012/1012/1012 1013/1013/1013 1014/1014/1014
f 1015/1015/1015 1016/1016/1016 1017/1017/1017
f 1018/1018/1018 1019/1019/1019 1020/1020/1020
f 1021/1021/1021 1022/1022/1022 1023/1023/1023
f 1024/1024/1024 1025/1025/1025 1026/1026/1026
f 1027/1027/1027 1028/1028/1028 1029/1029/1029
f 1030/1030/1030 1031/1031/1031 1032/1032/1032
f 1033/1033/1033 1034/1034/1034 1035/1035/1035
f 1036/1036/1036 1037/1037/1037 1038/1038/1038
f 1039/1039/1039 1040/1040/1040 1041/1041/1041
f 1042/1042/1042 1043/1043/1043 1044/1044/1044
f 1045/1045/1045 1046/1046/1046 1047/1047/1047
f 1048/1048/1048 1049/1049/1049 1050/1050/1050
f 1051/1051/1051 1052/1052/1052 1053/1053/1053
f 1054/1054/1054 1055/1055/1055 1056/1056/1056
f 1057/1057/1057 1058/1058/1058 1059/1059/1059
f 1060/1060/1060 1061/1061/1061 1062/1062/1062
f 1063/1063/1063 1064/1064/1064 1065/1065/1065
f 1066/1066/1066 1067/1067/1067 1068/1068/1068
f 1069/1069/1069 1070/1070/1070 1071/1071/1071
f 1072/1072/1072 1073/1073/1073 1074/1074/1074
f 1075/1075/1075 1076/1076/1076 1077/1077/1077
f 1078/1078/1078 1079/1079/1079 1080/1080/1080
f 1081/1081/1081 1082/1082/1082 1083/1083/1083
f 1084/1084/1084 1085/1085/1085 1086/1086/1086
f 1087/1087/1087 1088/1088/1088 1089/1089/1089
f 1090/1090/1090 1091/1091/1091 1092/1092/1092
f 1093/1093/1093 1094/1094/1094 1095/1095/1095
f 1096/1096/1096 1097/1097/1097 1098/1098/1098
f 1099/1099/1099 1100/1100/1100 1101/1101/1101
f 1102/1102/1102 1103/1103/1103 1104/1104/1104
f 1105/1105/1105 1106/1106/1106 1107/1107/1107
f 1108/1108/1108 1109/1109/1109 1110/1110/1110
f 1111/1111/1111 1112/1112/1112 1113/1113/1113
f 1114/1114/1114 1115/1115/1115 1116/1116/1116
f 1117/1117/1117 1118/1118/1118 1119/1119/1119
f 1120/1120/1120 1121/1121/1121 1122/1122/1122
f 1123/1123/1123 1124/1124/1124 1125/1125/1125
f 1126/1126/1126 1127/1127/1127 1128/1128/1128
f 1129/1129/1129 1130/1130/1130 1131/1131/1131
f 1132/1132/1132 1133/1133/1133 1134/1134/1134
f 1135/1135/1135 1136/1136/1136 1137/1137/1137
f 1138/1138/1138 1139/1139/1139 1140/1140/1140
f 1141/1141/1141 1142/1142/1142 1143/1143/1143
f 1144/1144/1144 1145/1145/1145 1146/1146/1146
f 1147/1147/1147 1148/1148/1148 1149/1149/1149
f 1150/1150/1150 1151/1151/1151 1152/1152/1152
f 1153/1153/1153 1154/1154/1154 1155/1155/1155
f 1156/1156/1156 1157/1157/1157 1158/1158/1158
f 1159/1159/1159 1160/1160/1160 1161/1161/1161
f 1162/1162/1162 1163/1163/1163 1164/1164/1164
f 1165/1165/1165 1166/1166/1166 1167/1167/1167
f 1168/1168/1168 1169/1169/1169 1170/1170/1170
f 1171/1171/1171 1172/1172/1172 1173/1173/1173
f 1174/1174/1174 1175/1175/1175 1176/1176/1176
f 1177/1177/1177 1178/1178/1178 1179/1179/1179
f 1180/1180/1180 1181/1181/1181 1182/1182/1182
f 1183/1183/1183 1184/1184/1184 1185/1185/1185
f 1186/1186/1186 1187/1187/1187 1188/1188/1188
f 1189/1189/1189 1190/1190/1190 1191/1191/1191
f 1192/1192/1192 1193/1193/1193 1194/1194/1194
f 1195/1195/1195 1196/1196/1196 1197/1197/1197
f 1198/1198/1198 1199/1199/1199 1200/1200/1200
f 1201/1201/1201 1202/1202/1202 1203/1203/1203
f 1204/1204/1204 1205/1205/1205 1206/1206/1206
f 1207/1207/1207 1208/1208/1208 1209/1209/1209
f 1210/1210/1210 1211/1211/1211 1212/1212/1212
f 1213/1213/1213 1214/1214/1214 1215/1215/1215
f 1216/1216/1216 1217/1217/1217 1218/1218/1218
f 1219/1219/1219 1220/1220/1220 1221/1221/1221
f 1222/1222/1222 1223/1223/1223 1224/1224/1224
f 1225/1225/1225 1226/1226/1226 1227/1227/1227
f 1228/1228/1228 1229/1229/1229 1230/1230/1230
f 1231/1231/1231 1232/1232/1232 1233/1233/1233
f 1234/1234/1234 1235/1235/1235 1236/1236/1236
f 1237/1237/1237 1238/1238/1238 1239/1239/1239
f 1240/1240/1240 1241/1241/1241 1242/1242/1242
f 1243/1243/1243 1244/1244/1244 1245/1245/1245
f 1246/1246/1246 1247/1247/1247 1248/1248/1248
f 1249/1249/1249 1250/1250/1250 1251/1251/1251
f 1252/1252/1252 1253/1253/1253 1254/1254/1254
f 1255/1255/1255 1256/1256/1256 1257/1257/1257
f 1258/1258/1258 1259/1259/1259 1260/1260/1260
f 1261/1261/1261 1262/1262/1262 1263/1263/1263
f 1264/1264/1264 1265/1265/1265 1266/1266/1266
f 1267/1267/1267 1268/1268/1268 1269/1269/1269
f 1270/1270/1270 1271/1271/1271 1272/1272/1272
f 1273/1273/1273 1274/1274/1274 1275/1275/1275
f 1276/1276/1276 1277/1277/1277 1278/1278/1278
f 1279/1279/1279 1280/1280/1280 1281/1281/1281
f 1282/1282/1282 1283/1283/1283 1284/1284/1284
f 1285/1285/1285 1286/1286/1286 1287/1287/1287
f 1288/1288/1288 1289/1289/1289 1290/1290/1290
f 1291/1291/1291 1292/1292/1292 1293/1293/1293
f 1294/1294/1294 1295/1295/1295 1296/1296/1296
f 1297/1297/1297 1298/1298/1298 1299/1299/1299
f 1300/1300/1300 1301/1301/1301 1302/1302/1302
f 1303/1303/1303 1304/1304/1304 1305/1305/1305
f 1306/1306/1306 1307/1307/1307 1308/1308/1308
f 1309/1309/1309 1310/1310/1310 1311/1311/1311
f 1312/1312/1312 1313/1313/1313 1314/1314/1314
f 1315/1315/1315 1316/1316/1316 1317/1317/1317
f 1318/1318/1318 1319/1319/1319 1320/1320/1320
f 1321/1321/1321 1322/1322/1322 1323/1323/1323
f 1324/1324/1324 1325/1325/1325 1326/1326/1326
f 1327/1327/1327 1328/1328/1328 1329/1329/1329
f 1330/1330/1330 1331/1331/1331 1332/1332/1332
f 1333/1333/1333 1334/1334/1334 1335/1335/1335
f 1336/1336/1336 1337/1337/1337 1338/1338/1338
f 1339/1339/1339 1340/1340/1340 1341/1341/1341
f 1342/1342/1342 1343/1343/1343 1344/1344/1344
f 1345/1345/1345 1346/1346/1346 1347/1347/1347
f 1348/1348/1348 1349/1349/1349 1350/1350/1350
f 1351/1351/1351 1352/1352/1352 1353/1353/1353
f 1354/1354/1354 1355/1355/1355 1356/1356/1356
f 1357/1357/1357 1358/1358/1358 1359/1359/1359
f 1360/1360/1360 1361/1361/1361 1362/1362/1362
f 1363/1363/1363 1364/1364/1364 1365/1365/1365
f 1366/1366/1366 1367/1367/1367 1368/1368/1368
f 1369/1369/1369 1370/1370/1370 1371/1371/1371
f 1372/1372/1372 1373/1373/1373 1374/1374/1374
f 1375/1375/1375 1376/1376/1376 1377/1377/1377
f 1378/1378/1378 1379/1379/1379 1380/1380/1380
f 1381/1381/1381 1382/1382/1382 1383/1383/1383
f 1384/1384/1384 1385/1385/1385 1386/1386/1386
f 1387/1387/1387 1388/1388/1388 1389/1389/1389
f 1390/1390/1390 1391/1391/1391 1392/1392/1392
f 1393/1393/1393 1394/1394/1394 1395/1395/1395
f 1396/1396/1396 1397/1397/1397 1398/1398/1398
f 1399/1399/1399 1400/1400/1400 1401/1401/1401
f 1402/1402/1402 1403/1403/1403 1404/1404/1404
f 1405/1405/1405 1406/1406/1406 1407/1407/1407
f 1408/1408/1408 1409/1409/1409 1410/1410/1410
f 1411/1411/1411 1412/1412/1412 1413/1413/1413
f 1414/1414/1414 1415/1415/1415 1416/1416/1416
f 1417/1417/1417 1418/1418/1418 1419/1419/1419
f 1420/1420/1420 1421/1421/1421 1422/1422/1422
f 1423/1423/1423 1424/1424/1424 1425/1425/1425
f 1426/1426/1426 1427/1427/1427 1428/1428/1428
f 1429/1429/1429 1430/1430/1430 1431/1431/1431
f 1432/1432/1432 1433/1433/1433 1434/1434/1434
f 1435/1435/1435 1436/1436/1436 1437/1437/1437
f 1438/1438/1438 1439/1439/1439 1440/1440/1440
f 1441/1441/1441 1442/1442/1442 1443/1443/1443
f 1444/1444/1444 1445/1445/1445 1446/1446/1446
f 1447/1447/1447 1448/1448/1448 1449/1449/1449
f 1450/1450/1450 1451/1451/1451 1452/1452/1452
f 1453/1453/1453 1454/1454/1454 1455/1455/1455
f 1456/1456/1456 1457/1457/1457 1458/1458/1458
f 1459/1459/1459 1460/1460/1460 1461/1461/1461
f 1462/1462/1462 1463/1463/1463 1464/1464/1464
f 1465/1465/1465 1466/1466/1466 1467/1467/1467
f 1468/1468/1468 1469/1469/1469 1470/1470/1470
f 1471/1471/1471 1472/1472/1472 1473/1473/1473
f 1474/1474/1474 1475/1475/1475 1476/1476/1476
f 1477/1477/1477 1478/1478/1478 1479/1479/1479
f 1480/1480/1480 1481/1481/1481 1482/1482/1482
f 1483/1483/1483 1484/1484/1484 1485/1485/1485
f 1486/1486/1486 1487/1487/1487 1488/1488/1488
f 1489/1489/1489 1490/1490/1490 1491/1491/1491
f 1492/1492/1492 1493/1493/1493 1494/1494/1494
f 1495/1495/1495 1496/1496/1496 1497/1497/1497
f 1498/1498/1498 1499/1499/1499 1500/1500/1500
f 1501/1501/1501 1502/1502/1502 1503/1503/1503
f 1504/1504/1504 1505/1505/1505 1506/1506/1506
f 1507/1507/1507 1508/1508/1508 1509/1509/1509
f 1510/1510/1510 1511/1511/1511 1512/1512/1512
f 1513/1513/1513 1514/1514/1514 1515/1515/1515
f 1516/1516/1516 1517/1517/1517 1518/1518/1518
f 1519/1519/1519 1520/1520/1520 1521/1521/1521
f 1522/1522/1522 1523/1523/1523 1524/1524/1524
f 1525/1525/1525 1526/1526/1526 1527/1527/1527
f 1528/1528/1528 1529/1529/1529 1530/1530/1530
f 1531/1531/1531 1532/1532/1532 1533/1533/1533
f 1534/1534/1534 1535/1535/1535 1536/1536/1536
f 1537/1537/1537 1538/1538/1538 1539/1539/1539
f 1540/1540/1540 1541/1541/1541 1542/1542/1542
f 1543/1543/1543 1544/1544/1544 1545/1545/1545
f 1546/1546/1546 1547/1547/1547 1548/1548/1548
f 1549/1549/1549 1550/1550/1550 1551/1551/1551
f 1552/1552/1552 1553/1553/1553 1554/1554/1554
f 1555/1555/1555 1556/1556/1556 1557/1557/1557
f 1558/1558/1558 1559/1559/1559 1560/1560/1560
f 1561/1561/1561 1562/1562/1562 1563/1563/1563
f 1564/1564/1564 1565/1565/1565 1566/1566/1566
f 1567/1567/1567 1568/1568/1568 1569/1569/1569
f 1570/1570/1570 1571/1571/1571 1572/1572/1572
f 1573/1573/1573 1574/1574/1574 1575/1575/1575
f 1576/1576/1576 1577/1577/1577 1578/1578/1578
f 1579/1579/1579 1580/1580/1580 1581/1581/1581
f 1582/1582/1582 1583/1583/1583 1584/1584/1584
f 1585/1585/1585 1586/1586/1586 1587/1587/1587
f 1588/1588/1588 1589/1589/1589 1590/1590/1590
f 1591/1591/1591 1592/1592/1592 1593/1593/1593
f 1594/1594/1594 1595/1595/1595 1596/1596/1596
f 1597/1597/1597 1598/1598/1598 1599/1599/1599
f 1600/1600/1600 1601/1601/1601 1602/1602/1602
f 1603/1603/1603 1604/1604/1604 1605/1605/1605
f 1606/1606/1606 1607/1607/1607 1608/1608/1608
f 1609/1609/1609 1610/1610/1610 1611/1611/1611
f 1612/1612/1612 1613/1613/1613 1614/1614/1614
f 1615/1615/1615 1616/1616/1616 1617/1617/1617
f 1618/1618/1618 1619/1619/1619 1620/1620/1620
f 1621/1621/1621 1622/1622/1622 1623/1623/1623
f 1624/1624/1624 1625/1625/1625 1626/1626/1626
f 1627/1627/1627 1628/1628/1628 1629/1629/1629
f 1630/1630/1630 1631/1631/1631 1632/1632/1632
f 1633/1633/1633 1634/1634/1634 1635/1635/1635
f 1636/1636/1636 1637/1637/1637 1638/1638/1638
f 1639/1639/1639 1640/1640/1640 1641/1641/1641
f 1642/1642/1642 1643/1643/1643 1644/1644/1644
f 1645/1645/1645 1646/1646/1646 1647/1647/1647
f 1648/1648/1648 1649/1649/1649 1650/1650/1650
f 1651/1651/1651 1652/1652/1652 1653/1653/1653
f 1654/1654/1654 1655/1655/1655 1656/1656/1656
f 1657/1657/1657 1658/1658/1658 1659/1659/1659
f 1660/1660/1660 1661/1661/1661 1662/1662/1662
f 1663/1663/1663 1664/1664/1664 1665/1665/1665
f 1666/1666/1666 1667/1667/1667 1668/1668/1668
f 1669/1669/1669 1670/1670/1670 1671/1671/1671
f 1672/1672/1672 1673/1673/1673 1674/1674/1674
f 1675/1675/1675 1676/1676/1676 1677/1677/1677
f 1678/1678/1678 1679/1679/1679 1680/1680/1680
f 1681/1681/1681 1682/1682/1682 1683/1683/1683
f 1684/1684/1684 1685/1685/1685 1686/1686/1686
f 1687/1687/1687 1688/1688/1688 1689/1689/1689
f 1690/1690/1690 1691/1691/1691 1692/1692/1692
f 1693/1693/1693 1694/1694/1694 1695/1695/1695
f 1696/1696/1696 1697/1697/1697 1698/1698/1698
f 1699/1699/1699 1700/1700/1700 1701/1701/1701
f 1702/1702/1702 1703/1703/1703 1704/1704/1704
f 1705/1705/1705 1706/1706/1706 1707/1707/1707
f 1708/1708/1708 1709/1709/1709 1710/1710/1710
f 1711/1711/1711 1712/1712/1712 1713/1713/1713
f 1714/1714/1714 1715/1715/1715 1716/1716/1716
f 1717/1717/1717 1718/1718/1718 1719/1719/1719
f 1720/1720/1720 1721/1721/1721 1722/1722/1722
f 1723/1723/1723 1724/1724/1724 1725/1725/1725
f 1726/1726/1726 1727/1727/1727 1728/1728/1728
f 1729/1729/1729 1730/1730/1730 1731/1731/1731
f 1732/1732/1732 1733/1733/1733 1734/1734/1734
f 1735/1735/1735 1736/1736/1736 1737/1737/1737
f 1738/1738/1738 1739/1739/1739 1740/1740/1740
f 1741/1741/1741 1742/1742/1742 1743/1743/1743
f 1744/1744/1744 1745/1745/1745 1746/1746/1746
f 1747/1747/1747 1748/1748/1748 1749/1749/1749
f 1750/1750/1750 1751/1751/1751 1752/1752/1752
f 1753/1753/1753 1754/1754/1754 1755/1755/1755
f 1756/1756/1756 1757/1757/1757 1758/1758/1758
f 1759/1759/1759 1760/1760/1760 1761/1761/1761
f 1762/1762/1762 1763/1763/1763 1764/1764/1764
f 1765/1765/1765 1766/1766/1766 1767/1767/1767
f 1768/1768/1768 1769/1769/1769 1770/1770/1770
f 1771/1771/1771 1772/1772/1772 1773/1773/1773
f 1774/1774/1774 1775/1775/1775 1776/1776/1776
f 1777/1777/1777 1778/1778/1778 1779/1779/1779
f 1780/1780/1780 1781/1781/1781 1782/1782/1782
f 1783/1783/1783 1784/1784/1784 1785/1785/1785
f 1786/1786/1786 1787/1787/1787 1788/1788/1788
f 1789/1789/1789 1790/1790/1790 1791/1791/1791
f 1792/1792/1792 1793/1793/1793 1794/1794/1794
f 1795/1795/1795 1796/1796/1796 1797/1797/1797
f 1798/1798/1798 1799/1799/1799 1800/1800/1800
f 1801/1801/1801 1802/1802/1802 1803/1803/1803
f 1804/1804/1804 1805/1805/1805 1806/1806/1806
f 1807/1807/1807 1808/1808/1808 1809/1809/1809
f 1810/1810/1810 1811/1811/1811 1812/1812/1812
f 1813/1813/1813 1814/1814/1814 1815/1815/1815
f 1816/1816/1816 1817/1817/1817 1818/1818/1818
f 1819/1819/1819 1820/1820/1820 1821/1821/1821
f 1822/1822/1822 1823/1823/1823 1824/1824/1824
f 1825/1825/1825 1826/1826/1826 1827/1827/1827
f 1828/1828/1828 1829/1829/1829 1830/1830/1830
f 1831/1831/1831 1832/1832/1832 1833/1833/1833
f 1834/1834/1834 1835/1835/1835 1836/1836/1836
f 1837/1837/1837 1838/1838/1838 1839/1839/1839
f 1840/1840/1840 1841/1841/1841 1842/1842/1842
f 1843/1843/1843 1844/1844/1844 1845/1845/1845
f 1846/1846/1846 1847/1847/1847 1848/1848/1848
f 1849/1849/1849 1850/1850/1850 1851/1851/1851
f 1852/1852/1852 1853/1853/1853 1854/1854/1854
f 1855/1855/1855 1856/1856/1856 1857/1857/1857
f 1858/1858/1858 1859/1859/1859 1860/1860/1860
f 1861/1861/1861 1862/1862/1862 1863/1863/1863
f 1864/1864/1864 1865/1865/1865 1866/1866/1866
f 1867/1867/1867 1868/1868/1868 1869/1869/1869
f 1870/1870/1870 1871/1871/1871 1872/1872/1872
f 1873/1873/1873 1874/1874/1874 1875/1875/1875
f 1876/1876/1876 1877/1877/1877 1878/1878/1878
f 1879/1879/1879 1880/1880/1880 1881/1881/1881
f 1882/1882/1882 1883/1883/1883 1884/1884/1884
f 1885/1885/1885 1886/1886/1886 1887/1887/1887
f 1888/1888/1888 1889/1889/1889 1890/1890/1890
f 1891/1891/1891 1892/1892/1892 1893/1893/1893
f 1894/1894/1894 1895/1895/1895 1896/1896/1896
f 1897/1897/1897 1898/1898/1898 1899/1899/1899
f 1900/1900/1900 1901/1901/1901 1902/1902/1902
f 1903/1903/1903 1904/1904/1904 1905/1905/1905
f 1906/1906/1906 1907/1907/1907 1908/1908/1908
f 1909/1909/1909 1910/1910/1910 1911/1911/1911
f 1912/1912/1912 1913/1913/1913 1914/1914/1914
f 1915/1915/1915 1916/1916/1916 1917/1917/1917
f 1918/1918/1918 1919/1919/1919 1920/1920/1920
f 1921/1921/1921 1922/1922/1922 1923/1923/1923
f 1924/1924/1924 1925/1925/1925 1926/1926/1926
f 1927/1927/1927 1928/1928/1928 1929/1929/1929
f 1930/1930/1930 1931/1931/1931 1932/1932/1932
f 1933/1933/1933 1934/1934/1934 1935/1935/1935
f 1936/1936/1936 1937/1937/1937 1938/1938/1938
f 1939/1939/1939 1940/1940/1940 1941/1941/1941
f 1942/1942/1942 1943/1943/1943 1944/1944/1944
f 1945/1945/1945 1946/1946/1946 1947/1947/1947
f 1948/1948/1948 1949/1949/1949 1950/1950/1950
f 1951/1951/1951 1952/1952/1952 1953/1953/1953
f 1954/1954/1954 1955/1955/1955 1956/1956/1956
f 1957/1957/1957 1958/1958/1958 1959/1959/1959
f 1960/1960/1960 1961/1961/1961 1962/1962/1962
f 1963/1963/1963 1964/1964/1964 1965/1965/1965
f 1966/1966/1966 1967/1967/1967 1968/1968/1968
f 1969/1969/1969 1970/1970/1970 1971/1971/1971
f 1972/1972/1972 1973/1973/1973 1974/1974/1974
f 1975/1975/1975 1976/1976/1976 1977/1977/1977
f 1978/1978/1978 1979/1979/1979 1980/1980/1980
f 1981/1981/1981 1982/1982/1982 1983/1983/1983
f 1984/1984/1984 1985/1985/1985 1986/1986/1986
f 1987/1987/1987 1988/1988/1988 1989/1989/1989
f 1990/1990/1990 1991/1991/1991 1992/1992/1992
f 1993/1993/1993 1994/1994/1994 1995/1995/1995
f 1996/1996/1996 1997/1997/1997 1998/1998/1998
f 1999/1999/1999 2000/2000/2000 2001/2001/2001
f 2002/2002/2002 2003/2003/2003 2004/2004/2004
f 2005/2005/2005 2006/2006/2006 2007/2007/2007
f 2008/2008/2008 2009/2009/2009 2010/2010/2010
f 2011/2011/2011 2012/2012/2012 2013/2013/2013
f 2014/2014/2014 2015/2015/2015 2016/2016/2016
f 2017/2017/2017 2018/2018/2018 2019/2019/2019
f 2020/2020/2020 2021/2021/2021 2022/2022/2022
f 2023/2023/2023 2024/2024/2024 2025/2025/2025
f 2026/2026/2026 2027/2027/2027 2028/2028/2028
f 2029/2029/2029 2030/2030/2030 2031/2031/2031
f 2032/2032/2032 2033/2033/2033 2034/2034/2034
f 2035/2035/2035 2036/2036/2036 2037/2037/2037
f 2038/2038/2038 2039/2039/2039 2040/2040/2040
f 2041/2041/2041 2042/2042/2042 2043/2043/2043
f 2044/2044/2044 2045/2045/2045 2046/2046/2046
f 2047/2047/2047 2048/2048/2048 2049/2049/2049
f 2050/2050/2050 2051/2051/2051 2052/2052/2052
f 2053/2053/2053 2054/2054/2054 2055/2055/2055
f 2056/2056/2056 2057/2057/2057 2058/2058/2058
f 2059/2059/2059 2060/2060/2060 2061/2061/2061
f 2062/2062/2062 2063/2063/2063 2064/2064/2064
f 2065/2065/2065 2066/2066/2066 2067/2067/2067
f 2068/2068/2068 2069/2069/2069 2070/2070/2070
f 2071/2071/2071 2072/2072/2072 2073/2073/2073
f 2074/2074/2074 2075/2075/2075 2076/2076/2076
f 2077/2077/2077 2078/2078/2078 2079/2079/2079
f 2080/2080/2080 2081/2081/2081 2082/2082/2082
f 2083/2083/2083 2084/2084/2084 2085/2085/2085
f 2086/2086/2086 2087/2087/2087 2088/2088/2088
f 2089/2089/2089 2090/2090/2090 2091/2091/2091
f 2092/2092/2092 2093/2093/2093 2094/2094/2094
f 2095/2095/2095 2096/2096/2096 2097/2097/2097
f 2098/2098/2098 2099/2099/2099 2100/2100/2100
f 2101/2101/2101 2102/2102/2102 2103/2103/2103
f 2104/2104/2104 2105/2105/2105 2106/2106/2106
f 2107/2107/2107 2108/2108/2108 2109/2109/2109
f 2110/2110/2110 2111/2111/2111 2112/2112/2112
f 2113/2113/2113 2114/2114/2114 2115/2115/2115
f 2116/2116/2116 2117/2117/2117 2118/2118/2118
f 2119/2119/2119 2120/2120/2120 2121/2121/2121
f 2122/2122/2122 2123/2123/2123 2124/2124/2124
f 2125/2125/2125 2126/2126/2126 2127/2127/2127
f 2128/2128/2128 2129/2129/2129 2130/2130/2130
f 2131/2131/2131 2132/2132/2132 2133/2133/2133
f 2134/2134/2134 2135/2135/2135 2136/2136/2136
f 2137/2137/2137 2138/2138/2138 2139/2139/2139
f 2140/2140/2140 2141/2141/2141 2142/2142/2142
f 2143/2143/2143 2144/2144/2144 2145/2145/2145
f 2146/2146/2146 2147/2147/2147 2148/2148/2148
f 2149/2149/2149 2150/2150/2150 2151/2151/2151
f 2152/2152/2152 2153/2153/2153 2154/2154/2154
f 2155/2155/2155 2156/2156/2156 2157/2157/2157
f 2158/2158/2158 2159/2159/2159 2160/2160/2160
f 2161/2161/2161 2162/2162/2162 2163/2163/2163
f 2164/2164/2164 2165/2165/2165 2166/2166/2166
f 2167/2167/2167 2168/2168/2168 2169/2169/2169
f 2170/2170/2170 2171/2171/2171 2172/2172/2172
f 2173/2173/2173 2174/2174/2174 2175/2175/2175
f 2176/2176/2176 2177/2177/2177 2178/2178/2178
f 2179/2179/2179 2180/2180/2180 2181/2181/2181
f 2182/2182/2182 2183/2183/2183 2184/2184/2184
f 2185/2185/2185 2186/2186/2186 2187/2187/2187
f 2188/2188/2188 2189/2189/2189 2190/2190/2190
f 2191/2191/2191 2192/2192/2192 2193/2193/2193
f 2194/2194/2194 2195/2195/2195 2196/2196/2196
f 2197/2197/2197 2198/2198/2198 2199/2199/2199
f 2200/2200/2200 2201/2201/2201 2202/2202/2202
f 2203/2203/2203 2204/2204/2204 2205/2205/2205
f 2206/2206/2206 2207/2207/2207 2208/2208/2208
f 2209/2209/2209 2210/2210/2210 2211/2211/2211
f 2212/2212/2212 2213/2213/2213 2214/2214/2214
f 2215/2215/2215 2216/2216/2216 2217/2217/2217
f 2218/2218/2218 2219/2219/2219 2220/2220/2220
f 2221/2221/2221 2222/2222/2222 2223/2223/2223
f 2224/2224/2224 2225/2225/2225 2226/2226/2226
f 2227/2227/2227 2228/2228/2228 2229/2229/2229
f 2230/2230/2230 2231/2231/2231 2232/2232/2232
f 2233/2233/2233 2234/2234/2234 2235/2235/2235
f 2236/2236/2236 2237/2237/2237 2238/2238/2238
f 2239/2239/2239 2240/2240/2240 2241/2241/2241
f 2242/2242/2242 2243/2243/2243 2244/2244/2244
f 2245/2245/2245 2246/2246/2246 2247/2247/2247
f 2248/2248/2248 2249/2249/2249 2250/2250/2250
f 2251/2251/2251 2252/2252/2252 2253/2253/2253
f 2254/2254/2254 2255/2255/2255 2256/2256/2256
f 2257/2257/2257 2258/2258/2258 2259/2259/2259
f 2260/2260/2260 2261/2261/2261 2262/2262/2262
f 2263/2263/2263 2264/2264/2264 2265/2265/2265
f 2266/2266/2266 2267/2267/2267 2268/2268/2268
f 2269/2269/2269 2270/2270/2270 2271/2271/2271
f 2272/2272/2272 2273/2273/2273 2274/2274/2274
f 2275/2275/2275 2276/2276/2276 2277/2277/2277
f 2278/2278/2278 2279/2279/2279 2280/2280/2280
f 2281/2281/2281 2282/2282/2282 2283/2283/2283
f 2284/2284/2284 2285/2285/2285 2286/2286/2286
f 2287/2287/2287 2288/2288/2288 2289/2289/2289
f 2290/2290/2290 2291/2291/2291 2292/2292/2292
f 2293/2293/2293 2294/2294/2294 2295/2295/2295
f 2296/2296/2296 2297/2297/2297 2298/2298/2298
f 2299/2299/2299 2300/2300/2300 2301/2301/2301
f 2302/2302/2302 2303/2303/2303 2304/2304/2304
f 2305/2305/2305 2306/2306/2306 2307/2307/2307
f 2308/2308/2308 2309/2309/2309 2310/2310/2310
f 2311/2311/2311 2312/2312/2312 2313/2313/2313
f 2314/2314/2314 2315/2315/2315 2316/2316/2316
f 2317/2317/2317 2318/2318/2318 2319/2319/2319
f 2320/2320/2320 2321/2321/2321 2322/2322/2322
f 2323/2323/2323 2324/2324/2324 2325/2325/2325
f 2326/2326/2326 2327/2327/2327 2328/2328/2328
f 2329/2329/2329 2330/2330/2330 2331/2331/2331
f 2332/2332/2332 2333/2333/2333 2334/2334/2334
f 2335/2335/2335 2336/2336/2336 2337/2337/2337
f 2338/2338/2338 2339/2339/2339 2340/2340/2340
f 2341/2341/2341 2342/2342/2342 2343/2343/2343
f 2344/2344/2344 2345/2345/2345 2346/2346/2346
f 2347/2347/2347 2348/2348/2348 2349/2349/2349
f 2350/2350/2350 2351/2351/2351 2352/2352/2352
f 2353/2353/2353 2354/2354/2354 2355/2355/2355
f 2356/2356/2356 2357/2357/2357 2358/2358/2358
f 2359/2359/2359 2360/2360/2360 2361/2361/2361
f 2362/2362/2362 2363/2363/2363 2364/2364/2364
f 2365/2365/2365 2366/2366/2366 2367/2367/2367
f 2368/2368/2368 2369/2369/2369 2370/2370/2370
f 2371/2371/2371 2372/2372/2372 2373/2373/2373
f 2374/2374/2374 2375/2375/2375 2376/2376/2376
f 2377/2377/2377 2378/2378/2378 2379/2379/2379
f 2380/2380/2380 2381/2381/2381 2382/2382/2382
f 2383/2383/2383 2384/2384/2384 2385/2385/2385
f 2386/2386/2386 2387/2387/2387 2388/2388/2388
f 2389/2389/2389 2390/2390/2390 2391/2391/2391
f 2392/2392/2392 2393/2393/2393 2394/2394/2394
f 2395/2395/2395 2396/2396/2396 2397/2397/2397
f 2398/2398/2398 2399/2399/2399 2400/2400/2400
f 2401/2401/2401 2402/2402/2402 2403/2403/2403
f 2404/2404/2404 2405/2405/2405 2406/2406/2406
f 2407/2407/2407 2408/2408/2408 2409/2409/2409
f 2410/2410/2410 2411/2411/2411 2412/2412/2412
f 2413/2413/2413 2414/2414/2414 2415/2415/2415
f 2416/2416/2416 2417/2417/2417 2418/2418/2418
f 2419/2419/2419 2420/2420/2420 2421/2421/2421
f 2422/2422/2422 2423/2423/2423 2424/2424/2424
f 2425/2425/2425 2426/2426/2426 2427/2427/2427
f 2428/2428/2428 2429/2429/2429 2430/2430/2430
f 2431/2431/2431 2432/2432/2432 2433/2433/2433
f 2434/2434/2434 2435/2435/2435 2436/2436/2436
f 2437/2437/2437 2438/2438/2438 2439/2439/2439
f 2440/2440/2440 2441/2441/2441 2442/2442/2442
f 2443/2443/2443 2444/2444/2444 2445/2445/2445
f 2446/2446/2446 2447/2447/2447 2448/2448/2448
f 2449/2449/2449 2450/2450/2450 2451/2451/2451
f 2452/2452/2452 2453/2453/2453 2454/2454/2454
f 2455/2455/2455 2456/2456/2456 2457/2457/2457
f 2458/2458/2458 2459/2459/2459 2460/2460/2460
f 2461/2461/2461 2462/2462/2462 2463/2463/2463
f 2464/2464/2464 2465/2465/2465 2466/2466/2466
f 2467/2467/2467 2468/2468/2468 2469/2469/2469
f 2470/2470/2470 2471/2471/2471 2472/2472/2472
f 2473/2473/2473 2474/2474/2474 2475/2475/2475
f 2476/2476/2476 2477/2477/2477 2478/2478/2478
f 2479/2479/2479 2480/2480/2480 2481/2481/2481
f 2482/2482/2482 2483/2483/2483 2484/2484/2484
f 2485/2485/2485 2486/2486/2486 2487/2487/2487
f 2488/2488/2488 2489/2489/2489 2490/2490/2490
f 2491/2491/2491 2492/2492/2492 2493/2493/2493
f 2494/2494/2494 2495/2495/2495 2496/2496/2496
f 2497/2497/2497 2498/2498/2498 2499/2499/2499
f 2500/2500/2500 2501/2501/2501 2502/2502/2502
f 2503/2503/2503 2504/2504/2504 2505/2505/2505
f 2506/2506/2506 2507/2507/2507 2508/2508/2508
f 2509/2509/2509 2510/2510/2510 2511/2511/2511
f 2512/2512/2512 2513/2513/2513 2514/2514/2514
f 2515/2515/2515 2516/2516/2516 2517/2517/2517
f 2518/2518/2518 2519/2519/2519 2520/2520/2520
f 2521/2521/2521 2522/2522/2522 2523/2523/2523
f 2524/2524/2524 2525/2525/2525 2526/2526/2526
f 2527/2527/2527 2528/2528/2528 2529/2529/2529
f 2530/2530/2530 2531/2531/2531 2532/2532/2532
f 2533/2533/2533 2534/2534/2534 2535/2535/2535
f 2536/2536/2536 2537/2537/2537 2538/2538/2538
f 2539/2539/2539 2540/2540/2540 2541/2541/2541
f 2542/2542/2542 2543/2543/2543 2544/2544/2544
f 2545/2545/2545 2546/2546/2546 2547/2547/2547
f 2548/2548/2548 2549/2549/2549 2550/2550/2550
f 2551/2551/2551 2552/2552/2552 2553/2553/2553
f 2554/2554/2554 2555/2555/2555 2556/2556/2556
f 2557/2557/2557 2558/2558/2558 2559/2559/2559
f 2560/2560/2560 2561/2561/2561 2562/2562/2562
f 2563/2563/2563 2564/2564/2564 2565/2565/2565
f 2566/2566/2566 2567/2567/2567 2568/2568/2568
f 2569/2569/2569 2570/2570/2570 2571/2571/2571
f 2572/2572/2572 2573/2573/2573 2574/2574/2574
f 2575/2575/2575 2576/2576/2576 2577/2577/2577
f 2578/2578/2578 2579/2579/2579 2580/2580/2580
f 2581/2581/2581 2582/2582/2582 2583/2583/2583
f 2584/2584/2584 2585/2585/2585 2586/2586/2586
f 2587/2587/2587 2588/2588/2588 2589/2589/2589
f 2590/2590/2590 2591/2591/2591 2592/2592/2592
f 2593/2593/2593 2594/2594/2594 2595/2595/2595
f 2596/2596/2596 2597/2597/2597 2598/2598/2598
f 2599/2599/2599 2600/2600/2600 2601/2601/2601
f 2602/2602/2602 2603/2603/2603 2604/2604/2604
f 2605/2605/2605 2606/2606/2606 2607/2607/2607
f 2608/2608/2608 2609/2609/2609 2610/2610/2610
f 2611/2611/2611 2612/2612/2612 2613/2613/2613
f 2614/2614/2614 2615/2615/2615 2616/2616/2616
f 2617/2617/2617 2618/2618/2618 2619/2619/2619
f 2620/2620/2620 2621/2621/2621 2622/2622/2622
f 2623/2623/2623 2624/2624/2624 2625/2625/2625
f 2626/2626/2626 2627/2627/2627 2628/2628/2628
f 2629/2629/2629 2630/2630/2630 2631/2631/2631
f 2632/2632/2632 2633/2633/2633 2634/2634/2634
f 2635/2635/2635 2636/2636/2636 2637/2637/2637
f 2638/2638/2638 2639/2639/2639 2640/2640/2640
f 2641/2641/2641 2642/2642/2642 2643/2643/2643
f 2644/2644/2644 2645/2645/2645 2646/2646/2646
f 2647/2647/2647 2648/2648/2648 2649/2649/2649
f 2650/2650/2650 2651/2651/2651 2652/2652/2652
f 2653/2653/2653 2654/2654/2654 2655/2655/2655
f 2656/2656/2656 2657/2657/2657 2658/2658/2658
f 2659/2659/2659 2660/2660/2660 2661/2661/2661
f 2662/2662/2662 2663/2663/2663 2664/2664/2664
f 2665/2665/2665 2666/2666/2666 2667/2667/2667
f 2668/2668/2668 2669/2669/2669 2670/2670/2670
f 2671/2671/2671 2672/2672/2672 2673/2673/2673
f 2674/2674/2674 2675/2675/2675 2676/2676/2676
f 2677/2677/2677 2678/2678/2678 2679/2679/2679
f 2680/2680/2680 2681/2681/2681 2682/2682/2682
f 2683/2683/2683 2684/2684/2684 2685/2685/2685
f 2686/2686/2686 2687/2687/2687 2688/2688/2688
f 2689/2689/2689 2690/2690/2690 2691/2691/2691
f 2692/2692/2692 2693/2693/2693 2694/2694/2694
f 2695/2695/2695 2696/2696/2696 2697/2697/2697
f 2698/2698/2698 2699/2699/2699 2700/2700/2700
f 2701/2701/2701 2702/2702/2702 2703/2703/2703
f 2704/2704/2704 2705/2705/2705 2706/2706/2706
f 2707/2707/2707 2708/2708/2708 2709/2709/2709
f 2710/2710/2710 2711/2711/2711 2712/2712/2712
f 2713/2713/2713 2714/2714/2714 2715/2715/2715
f 2716/2716/2716 2717/2717/2717 2718/2718/2718
f 2719/2719/2719 2720/2720/2720 2721/2721/2721
f 2722/2722/2722 2723/2723/2723 2724/2724/2724
f 2725/2725/2725 2726/2726/2726 2727/2727/2727
f 2728/2728/2728 2729/2729/2729 2730/2730/2730
f 2731/2731/2731 2732/2732/2732 2733/2733/2733
f 2734/2734/2734 2735/2735/2735 2736/2736/2736
f 2737/2737/2737 2738/2738/2738 2739/2739/2739
f 2740/2740/2740 2741/2741/2741 2742/2742/2742
f 2743/2743/2743 2744/2744/2744 2745/2745/2745
f 2746/2746/2746 2747/2747/2747 2748/2748/2748
f 2749/2749/2749 2750/2750/2750 2751/2751/2751
f 2752/2752/2752 2753/2753/2753 2754/2754/2754
f 2755/2755/2755 2756/2756/2756 2757/2757/2757
f 2758/2758/2758 2759/2759/2759 2760/2760/2760
f 2761/2761/2761 2762/2762/2762 2763/2763/2763
f 2764/2764/2764 2765/2765/2765 2766/2766/2766
f 2767/2767/2767 2768/2768/2768 2769/2769/2769
f 2770/2770/2770 2771/2771/2771 2772/2772/2772
f 2773/2773/2773 2774/2774/2774 2775/2775/2775
f 2776/2776/2776 2777/2777/2777 2778/2778/2778
f 2779/2779/2779 2780/2780/2780 2781/2781/2781
f 2782/2782/2782 2783/2783/2783 2784/2784/2784
f 2785/2785/2785 2786/2786/2786 2787/2787/2787
f 2788/2788/2788 2789/2789/2789 2790/2790/2790
f 2791/2791/2791 2792/2792/2792 2793/2793/2793
f 2794/2794/2794 2795/2795/2795 2796/2796/2796
f 2797/2797/2797 2798/2798/2798 2799/2799/2799
f 2800/2800/2800 2801/2801/2801 2802/2802/2802
f 2803/2803/2803 2804/2804/2804 2805/2805/2805
f 2806/2806/2806 2807/2807/2807 2808/2808/2808
f 2809/2809/2809 2810/2810/2810 2811/2811/2811
f 2812/2812/2812 2813/2813/2813 2814/2814/2814
f 2815/2815/2815 2816/2816/2816 2817/2817/2817
f 2818/2818/2818 2819/2819/2819 2820/2820/2820
f 2821/2821/2821 2822/2822/2822 2823/2823/2823
f 2824/2824/2824 2825/2825/2825 2826/2826/2826
f 2827/2827/2827 2828/2828/2828 2829/2829/2829
f 2830/2830/2830 2831/2831/2831 2832/2832/2832
f 2833/2833/2833 2834/2834/2834 2835/2835/2835
f 2836/2836/2836 2837/2837/2837 2838/2838/2838
f 2839/2839/2839 2840/2840/2840 2841/2841/2841
f 2842/2842/2842 2843/2843/2843 2844/2844/2844
f 2845/2845/2845 2846/2846/2846 2847/2847/2847
f 2848/2848/2848 2849/2849/2849 2850/2850/2850
f 2851/2851/2851 2852/2852/2852 2853/2853/2853
f 2854/2854/2854 2855/2855/2855 2856/2856/2856
f 2857/2857/2857 2858/2858/2858 2859/2859/2859
f 2860/2860/2860 2861/2861/2861 2862/2862/2862
f 2863/2863/2863 2864/2864/2864 2865/2865/2865
f 2866/2866/2866 2867/2867/2867 2868/2868/2868
f 2869/2869/2869 2870/2870/2870 2871/2871/2871
f 2872/2872/2872 2873/2873/2873 2874/2874/2874
f 2875/2875/2875 2876/2876/2876 2877/2877/2877
f 2878/2878/2878 2879/2879/2879 2880/2880/2880
f 2881/2881/2881 2882/2882/2882 2883/2883/2883
f 2884/2884/2884 2885/2885/2885 2886/2886/2886
f 2887/2887/2887 2888/2888/2888 2889/2889/2889
f 2890/2890/2890 2891/2891/2891 2892/2892/2892
f 2893/2893/2893 2894/2894/2894 2895/2895/2895
f 2896/2896/2896 2897/2897/2897 2898/2898/2898
f 2899/2899/2899 2900/2900/2900 2901/2901/2901
f 2902/2902/2902 2903/2903/2903 2904/2904/2904
f 2905/2905/2905 2906/2906/2906 2907/2907/2907
f 2908/2908/2908 2909/2909/2909 2910/2910/2910
f 2911/2911/2911 2912/2912/2912 2913/2913/2913
f 2914/2914/2914 2915/2915/2915 2916/2916/2916
f 2917/2917/2917 2918/2918/2918 2919/2919/2919
f 2920/2920/2920 2921/2921/2921 2922/2922/2922
f 2923/2923/2923 2924/2924/2924 2925/2925/2925
f 2926/2926/2926 2927/2927/2927 2928/2928/2928
f 2929/2929/2929 2930/2930/2930 2931/2931/2931
f 2932/2932/2932 2933/2933/2933 2934/2934/2934
f 2935/2935/2935 2936/2936/2936 2937/2937/2937
f 2938/2938/2938 2939/2939/2939 2940/2940/2940
f 2941/2941/2941 2942/2942/2942 2943/2943/2943
f 2944/2944/2944 2945/2945/2945 2946/2946/2946
f 2947/2947/2947 2948/2948/2948 2949/2949/2949
f 2950/2950/2950 2951/2951/2951 2952/2952/2952
f 2953/2953/2953 2954/2954/2954 2955/2955/2955
f 2956/2956/2956 2957/2957/2957 2958/2958/2958
f 2959/2959/2959 2960/2960/2960 2961/2961/2961
f 2962/2962/2962 2963/2963/2963 2964/2964/2964
f 2965/2965/2965 2966/2966/2966 2967/2967/2967
f 2968/2968/2968 2969/2969/2969 2970/2970/2970
f 2971/2971/2971 2972/2972/2972 2973/2973/2973
f 2974/2974/2974 2975/2975/2975 2976/2976/2976
f 2977/2977/2977 2978/2978/2978 2979/2979/2979
f 2980/2980/2980 2981/2981/2981 2982/2982/2982
f 2983/2983/2983 2984/2984/2984 2985/2985/2985
f 2986/2986/2986 2987/2987/2987 2988/2988/2988
f 2989/2989/2989 2990/2990/2990 2991/2991/2991
f 2992/2992/2992 2993/2993/2993 2994/2994/2994
f 2995/2995/2995 2996/2996/2996 2997/2997/2997
f 2998/2998/2998 2999/2999/2999 3000/3000/3000
f 3001/3001/3001 3002/3002/3002 3003/3003/3003
f 3004/3004/3004 3005/3005/3005 3006/3006/3006
f 3007/3007/3007 3008/3008/3008 3009/3009/3009
f 3010/3010/3010 3011/3011/3011 3012/3012/3012
f 3013/3013/3013 3014/3014/3014 3015/3015/3015
f 3016/3016/3016 3017/3017/3017 3018/3018/3018
f 3019/3019/3019 3020/3020/3020 3021/3021/3021
f 3022/3022/3022 3023/3023/3023 3024/3024/3024
f 3025/3025/3025 3026/3026/3026 3027/3027/3027
f 3028/3028/3028 3029/3029/3029 3030/3030/3030
f 3031/3031/3031 3032/3032/3032 3033/3033/3033
f 3034/3034/3034 3035/3035/3035 3036/3036/3036
f 3037/3037/3037 3038/3038/3038 3039/3039/3039
f 3040/3040/3040 3041/3041/3041 3042/3042/3042
f 3043/3043/3043 3044/3044/3044 3045/3045/3045
f 3046/3046/3046 3047/3047/3047 3048/3048/3048
f 3049/3049/3049 3050/3050/3050 3051/3051/3051
f 3052/3052/3052 3053/3053/3053 3054/3054/3054
f 3055/3055/3055 3056/3056/3056 3057/3057/3057
f 3058/3058/3058 3059/3059/3059 3060/3060/3060
f 3061/3061/3061 3062/3062/3062 3063/3063/3063
f 3064/3064/3064 3065/3065/3065 3066/3066/3066
f 3067/3067/3067 3068/3068/3068 3069/3069/3069
f 3070/3070/3070 3071/3071/3071 3072/3072/3072
f 3073/3073/3073 3074/3074/3074 3075/3075/3075
f 3076/3076/3076 3077/3077/3077 3078/3078/3078
f 3079/3079/3079 3080/3080/3080 3081/3081/3081
f 3082/3082/3082 3083/3083/3083 3084/3084/3084
f 3085/3085/3085 3086/3086/3086 3087/3087/3087
f 3088/3088/3088 3089/3089/3089 3090/3090/3090
f 3091/3091/3091 3092/3092/3092 3093/3093/3093
f 3094/3094/3094 3095/3095/3095 3096/3096/3096
f 3097/3097/3097 3098/3098/3098 3099/3099/3099
f 3100/3100/3100 3101/3101/3101 3102/3102/3102
f 3103/3103/3103 3104/3104/3104 3105/3105/3105
f 3106/3106/3106 3107/3107/3107 3108/3108/3108
f 3109/3109/3109 3110/3110/3110 3111/3111/3111
f 3112/3112/3112 3113/3113/3113 3114/3114/3114
f 3115/3115/3115 3116/3116/3116 3117/3117/3117
f 3118/3118/3118 3119/3119/3119 3120/3120/3120
f 3121/3121/3121 3122/3122/3122 3123/3123/3123
f 3124/3124/3124 3125/3125/3125 3126/3126/3126
f 3127/3127/3127 3128/3128/3128 3129/3129/3129
f 3130/3130/3130 3131/3131/3131 3132/3132/3132
f 3133/3133/3133 3134/3134/3134 3135/3135/3135
f 3136/3136/3136 3137/3137/3137 3138/3138/3138
f 3139/3139/3139 3140/3140/3140 3141/3141/3141
f 3142/3142/3142 3143/3143/3143 3144/3144/3144
f 3145/3145/3145 3146/3146/3146 3147/3147/3147
f 3148/3148/3148 3149/3149/3149 3150/3150/3150
f 3151/3151/3151 3152/3152/3152 3153/3153/3153
f 3154/3154/3154 3155/3155/3155 3156/3156/3156
f 3157/3157/3157 3158/3158/3158 3159/3159/3159
f 3160/3160/3160 3161/3161/3161 3162/3162/3162
f 3163/3163/3163 3164/3164/3164 3165/3165/3165
f 3166/3166/3166 3167/3167/3167 3168/3168/3168
f 3169/3169/3169 3170/3170/3170 3171/3171/3171
f 3172/3172/3172 3173/3173/3173 3174/3174/3174
f 3175/3175/3175 3176/3176/3176 3177/3177/3177
f 3178/3178/3178 3179/3179/3179 3180/3180/3180
f 3181/3181/3181 3182/3182/3182 3183/3183/3183
f 3184/3184/3184 3185/3185/3185 3186/3186/3186
f 3187/3187/3187 3188/3188/3188 3189/3189/3189
f 3190/3190/3190 3191/3191/3191 3192/3192/3192
f 3193/3193/3193 3194/3194/3194 3195/3195/3195
f 3196/3196/3196 3197/3197/3197 3198/3198/3198
f 3199/3199/3199 3200/3200/3200 3201/3201/3201
f 3202/3202/3202 3203/3203/3203 3204/3204/3204
f 3205/3205/3205 3206/3206/3206 3207/3207/3207
f 3208/3208/3208 3209/3209/3209 3210/3210/3210
f 3211/3211/3211 3212/3212/3212 3213/3213/3213
f 3214/3214/3214 3215/3215/3215 3216/3216/3216
f 3217/3217/3217 3218/3218/3218 3219/3219/3219
f 3220/3220/3220 3221/3221/3221 3222/3222/3222
f 3223/3223/3223 3224/3224/3224 3225/3225/3225
f 3226/3226/3226 3227/3227/3227 3228/3228/3228
f 3229/3229/3229 3230/3230/3230 3231/3231/3231
f 3232/3232/3232 3233/3233/3233 3234/3234/3234
f 3235/3235/3235 3236/3236/3236 3237/3237/3237
f 3238/3238/3238 3239/3239/3239 3240/3240/3240
f 3241/3241/3241 3242/3242/3242 3243/3243/3243
f 3244/3244/3244 3245/3245/3245 3246/3246/3246
f 3247/3247/3247 3248/3248/3248 3249/3249/3249
f 3250/3250/3250 3251/3251/3251 3252/3252/3252
f 3253/3253/3253 3254/3254/3254 3255/3255/3255
f 3256/3256/3256 3257/3257/3257 3258/3258/3258
f 3259/3259/3259 3260/3260/3260 3261/3261/3261
f 3262/3262/3262 3263/3263/3263 3264/3264/3264
f 3265/3265/3265 3266/3266/3266 3267/3267/3267
f 3268/3268/3268 3269/3269/3269 3270/3270/3270
f 3271/3271/3271 3272/3272/3272 3273/3273/3273
f 3274/3274/3274 3275/3275/3275 3276/3276/3276
f 3277/3277/3277 3278/3278/3278 3279/3279/3279
f 3280/3280/3280 3281/3281/3281 3282/3282/3282
f 3283/3283/3283 3284/3284/3284 3285/3285/3285
f 3286/3286/3286 3287/3287/3287 3288/3288/3288
f 3289/3289/3289 3290/3290/3290 3291/3291/3291
f 3292/3292/3292 3293/3293/3293 3294/3294/3294
f 3295/3295/3295 3296/3296/3296 3297/3297/3297
f 3298/3298/3298 3299/3299/3299 3300/3300/3300
f 3301/3301/3301 3302/3302/3302 3303/3303/3303
f 3304/3304/3304 3305/3305/3305 3306/3306/3306
f 3307/3307/3307 3308/3308/3308 3309/3309/3309
f 3310/3310/3310 3311/3311/3311 3312/3312/3312
f 3313/3313/3313 3314/3314/3314 3315/3315/3315
f 3316/3316/3316 3317/3317/3317 3318/3318/3318
f 3319/3319/3319 3320/3320/3320 3321/3321/3321
f 3322/3322/3322 3323/3323/3323 3324/3324/3324
f 3325/3325/3325 3326/3326/3326 3327/3327/3327
f 3328/3328/3328 3329/3329/3329 3330/3330/3330
f 3331/3331/3331 3332/3332/3332 3333/3333/3333
f 3334/3334/3334 3335/3335/3335 3336/3336/3336
f 3337/3337/3337 3338/3338/3338 3339/3339/3339
f 3340/3340/3340 3341/3341/3341 3342/3342/3342
f 3343/3343/3343 3344/3344/3344 3345/3345/3345
f 3346/3346/3346 3347/3347/3347 3348/3348/3348
f 3349/3349/3349 3350/3350/3350 3351/3351/3351
f 3352/3352/3352 3353/3353/3353 3354/3354/3354
f 3355/3355/3355 3356/3356/3356 3357/3357/3357
f 3358/3358/3358 3359/3359/3359 3360/3360/3360
f 3361/3361/3361 3362/3362/3362 3363/3363/3363
f 3364/3364/3364 3365/3365/3365 3366/3366/3366
f 3367/3367/3367 3368/3368/3368 3369/3369/3369
f 3370/3370/3370 3371/3371/3371 3372/3372/3372
f 3373/3373/3373 3374/3374/3374 3375/3375/3375
f 3376/3376/3376 3377/3377/3377 3378/3378/3378
f 3379/3379/3379 3380/3380/3380 3381/3381/3381
f 3382/3382/3382 3383/3383/3383 3384/3384/3384
f 3385/3385/3385 3386/3386/3386 3387/3387/3387
f 3388/3388/3388 3389/3389/3389 3390/3390/3390
f 3391/3391/3391 3392/3392/3392 3393/3393/3393
f 3394/3394/3394 3395/3395/3395 3396/3396/3396
f 3397/3397/3397 3398/3398/3398 3399/3399/3399
f 3400/3400/3400 3401/3401/3401 3402/3402/3402
f 3403/3403/3403 3404/3404/3404 3405/3405/3405
f 3406/3406/3406 3407/3407/3407 3408/3408/3408
f 3409/3409/3409 3410/3410/3410 3411/3411/3411
f 3412/3412/3412 3413/3413/3413 3414/3414/3414
f 3415/3415/3415 3416/3416/3416 3417/3417/3417
f 3418/3418/3418 3419/3419/3419 3420/3420/3420
f 3421/3421/3421 3422/3422/3422 3423/3423/3423
f 3424/3424/3424 3425/3425/3425 3426/3426/3426
f 3427/3427/3427 3428/3428/3428 3429/3429/3429
f 3430/3430/3430 3431/3431/3431 3432/3432/3432
f 3433/3433/3433 3434/3434/3434 3435/3435/3435
f 3436/3436/3436 3437/3437/3437 3438/3438/3438
f 3439/3439/3439 3440/3440/3440 3441/3441/3441
f 3442/3442/3442 3443/3443/3443 3444/3444/3444
f 3445/3445/3445 3446/3446/3446 3447/3447/3447
f 3448/3448/3448 3449/3449/3449 3450/3450/3450
f 3451/3451/3451 3452/3452/3452 3453/3453/3453
f 3454/3454/3454 3455/3455/3455 3456/3456/3456
f 3457/3457/3457 3458/3458/3458 3459/3459/3459
f 3460/3460/3460 3461/3461/3461 3462/3462/3462
f 3463/3463/3463 3464/3464/3464 3465/3465/3465
f 3466/3466/3466 3467/3467/3467 3468/3468/3468
f 3469/3469/3469 3470/3470/3470 3471/3471/3471
f 3472/3472/3472 3473/3473/3473 3474/3474/3474
f 3475/3475/3475 3476/3476/3476 3477/3477/3477
f 3478/3478/3478 3479/3479/3479 3480/3480/3480
f 3481/3481/3481 3482/3482/3482 3483/3483/3483
f 3484/3484/3484 3485/3485/3485 3486/3486/3486
f 3487/3487/3487 3488/3488/3488 3489/3489/3489
f 3490/3490/3490 3491/3491/3491 3492/3492/3492
f 3493/3493/3493 3494/3494/3494 3495/3495/3495
f 3496/3496/3496 3497/3497/3497 3498/3498/3498
f 3499/3499/3499 3500/3500/3500 3501/3501/3501
f 3502/3502/3502 3503/3503/3503 3504/3504/3504
f 3505/3505/3505 3506/3506/3506 3507/3507/3507
f 3508/3508/3508 3509/3509/3509 3510/3510/3510
f 3511/3511/3511 3512/3512/3512 3513/3513/3513
f 3514/3514/3514 3515/3515/3515 3516/3516/3516
f 3517/3517/3517 3518/3518/3518 3519/3519/3519
f 3520/3520/3520 3521/3521/3521 3522/3522/3522
f 3523/3523/3523 3524/3524/3524 3525/3525/3525
f 3526/3526/3526 3527/3527/3527 3528/3528/3528
f 3529/3529/3529 3530/3530/3530 3531/3531/3531
f 3532/3532/3532 3533/3533/3533 3534/3534/3534
f 3535/3535/3535 3536/3536/3536 3537/3537/3537
f 3538/3538/3538 3539/3539/3539 3540/3540/3540
f 3541/3541/3541 3542/3542/3542 3543/3543/3543
f 3544/3544/3544 3545/3545/3545 3546/3546/3546
f 3547/3547/3547 3548/3548/3548 3549/3549/3549
f 3550/3550/3550 3551/3551/3551 3552/3552/3552
f 3553/3553/3553 3554/3554/3554 3555/3555/3555
f 3556/3556/3556 3557/3557/3557 3558/3558/3558
f 3559/3559/3559 3560/3560/3560 3561/3561/3561
f 3562/3562/3562 3563/3563/3563 3564/3564/3564
f 3565/3565/3565 3566/3566/3566 3567/3567/3567
f 3568/3568/3568 3569/3569/3569 3570/3570/3570
f 3571/3571/3571 3572/3572/3572 3573/3573/3573
f 3574/3574/3574 3575/3575/3575 3576/3576/3576
f 3577/3577/3577 3578/3578/3578 3579/3579/3579
f 3580/3580/3580 3581/3581/3581 3582/3582/3582
f 3583/3583/3583 3584/3584/3584 3585/3585/3585
f 3586/3586/3586 3587/3587/3587 3588/3588/3588
f 3589/3589/3589 3590/3590/3590 3591/3591/3591
f 3592/3592/3592 3593/3593/3593 3594/3594/3594
f 3595/3595/3595 3596/3596/3596 3597/3597/3597
f 3598/3598/3598 3599/3599/3599 3600/3600/3600
f 3601/3601/3601 3602/3602/3602 3603/3603/3603
f 3604/3604/3604 3605/3605/3605 3606/3606/3606
f 3607/3607/3607 3608/3608/3608 3609/3609/3609
f 3610/3610/3610 3611/3611/3611 3612/3612/3612
f 3613/3613/3613 3614/3614/3614 3615/3615/3615
f 3616/3616/3616 3617/3617/3617 3618/3618/3618
f 3619/3619/3619 3620/3620/3620 3621/3621/3621
f 3622/3622/3622 3623/3623/3623 3624/3624/3624
f 3625/3625/3625 3626/3626/3626 3627/3627/3627
f 3628/3628/3628 3629/3629/3629 3630/3630/3630
f 3631/3631/3631 3632/3632/3632 3633/3633/3633
f 3634/3634/3634 3635/3635/3635 3636/3636/3636
f 3637/3637/3637 3638/3638/3638 3639/3639/3639
f 3640/3640/3640 3641/3641/3641 3642/3642/3642
f 3643/3643/3643 3644/3644/3644 3645/3645/3645
f 3646/3646/3646 3647/3647/3647 3648/3648/3648
f 3649/3649/3649 3650/3650/3650 3651/3651/3651
f 3652/3652/3652 3653/3653/3653 3654/3654/3654
f 3655/3655/3655 3656/3656/3656 3657/3657/3657
f 3658/3658/3658 3659/3659/3659 3660/3660/3660
f 3661/3661/3661 3662/3662/3662 3663/3663/3663
f 3664/3664/3664 3665/3665/3665 3666/3666/3666
f 3667/3667/3667 3668/3668/3668 3669/3669/3669
f 3670/3670/3670 3671/3671/3671 3672/3672/3672
f 3673/3673/3673 3674/3674/3674 3675/3675/3675
f 3676/3676/3676 3677/3677/3677 3678/3678/3678
f 3679/3679/3679 3680/3680/3680 3681/3681/3681
f 3682/3682/3682 3683/3683/3683 3684/3684/3684
f 3685/3685/3685 3686/3686/3686 3687/3687/3687
f 3688/3688/3688 3689/3689/3689 3690/3690/3690
f 3691/3691/3691 3692/3692/3692 3693/3693/3693
f 3694/3694/3694 3695/3695/3695 3696/3696/3696
f 3697/3697/3697 3698/3698/3698 3699/3699/3699
f 3700/3700/3700 3701/3701/3701 3702/3702/3702
f 3703/3703/3703 3704/3704/3704 3705/3705/3705
f 3706/3706/3706 3707/3707/3707 3708/3708/3708
f 3709/3709/3709 3710/3710/3710 3711/3711/3711
f 3712/3712/3712 3713/3713/3713 3714/3714/3714
f 3715/3715/3715 3716/3716/3716 3717/3717/3717
f 3718/3718/3718 3719/3719/3719 3720/3720/3720
f 3721/3721/3721 3722/3722/3722 3723/3723/3723
f 3724/3724/3724 3725/3725/3725 3726/3726/3726
f 3727/3727/3727 3728/3728/3728 3729/3729/3729
f 3730/3730/3730 3731/3731/3731 3732/3732/3732
f 3733/3733/3733 3734/3734/3734 3735/3735/3735
f 3736/3736/3736 3737/3737/3737 3738/3738/3738
f 3739/3739/3739 3740/3740/3740 3741/3741/3741
f 3742/3742/3742 3743/3743/3743 3744/3744/3744
f 3745/3745/3745 3746/3746/3746 3747/3747/3747
f 3748/3748/3748 3749/3749/3749 3750/3750/3750
f 3751/3751/3751 3752/3752/3752 3753/3753/3753
f 3754/3754/3754 3755/3755/3755 3756/3756/3756
f 3757/3757/3757 3758/3758/3758 3759/3759/3759
f 3760/3760/3760 3761/3761/3761 3762/3762/3762
f 3763/3763/3763 3764/3764/3764 3765/3765/3765
f 3766/3766/3766 3767/3767/3767 3768/3768/3768
f 3769/3769/3769 3770/3770/3770 3771/3771/3771
f 3772/3772/3772 3773/3773/3773 3774/3774/3774
f 3775/3775/3775 3776/3776/3776 3777/3777/3777
f 3778/3778/3778 3779/3779/3779 3780/3780/3780
f 3781/3781/3781 3782/3782/3782 3783/3783/3783
f 3784/3784/3784 3785/3785/3785 3786/3786/3786
f 3787/3787/3787 3788/3788/3788 3789/3789/3789
f 3790/3790/3790 3791/3791/3791 3792/3792/3792
f 3793/3793/3793 3794/3794/3794 3795/3795/3795
f 3796/3796/3796 3797/3797/3797 3798/3798/3798
f 3799/3799/3799 3800/3800/3800 3801/3801/3801
f 3802/3802/3802 3803/3803/3803 3804/3804/3804
f 3805/3805/3805 3806/3806/3806 3807/3807/3807
f 3808/3808/3808 3809/3809/3809 3810/3810/3810
f 3811/3811/3811 3812/3812/3812 3813/3813/3813
f 3814/3814/3814 3815/3815/3815 3816/3816/3816
f 3817/3817/3817 3818/3818/3818 3819/3819/3819
f 3820/3820/3820 3821/3821/3821 3822/3822/3822
f 3823/3823/3823 3824/3824/3824 3825/3825/3825
f 3826/3826/3826 3827/3827/3827 3828/3828/3828
f 3829/3829/3829 3830/3830/3830 3831/3831/3831
f 3832/3832/3832 3833/3833/3833 3834/3834/3834
f 3835/3835/3835 3836/3836/3836 3837/3837/3837
f 3838/3838/3838 3839/3839/3839 3840/3840/3840
f 3841/3841/3841 3842/3842/3842 3843/3843/3843
f 3844/3844/3844 3845/3845/3845 3846/3846/3846
f 3847/3847/3847 3848/3848/3848 3849/3849/3849
f 3850/3850/3850 3851/3851/3851 3852/3852/3852
f 3853/3853/3853 3854/3854/3854 3855/3855/3855
f 3856/3856/3856 3857/3857/3857 3858/3858/3858
f 3859/3859/3859 3860/3860/3860 3861/3861/3861
f 3862/3862/3862 3863/3863/3863 3864/3864/3864
f 3865/3865/3865 3866/3866/3866 3867/3867/3867
f 3868/3868/3868 3869/3869/3869 3870/3870/3870
f 3871/3871/3871 3872/3872/3872 3873/3873/3873
f 3874/3874/3874 3875/3875/3875 3876/3876/3876
f 3877/3877/3877 3878/3878/3878 3879/3879/3879
f 3880/3880/3880 3881/3881/3881 3882/3882/3882
f 3883/3883/3883 3884/3884/3884 3885/3885/3885
f 3886/3886/3886 3887/3887/3887 3888/3888/3888
f 3889/3889/3889 3890/3890/3890 3891/3891/3891
f 3892/3892/3892 3893/3893/3893 3894/3894/3894
f 3895/3895/3895 3896/3896/3896 3897/3897/3897
f 3898/3898/3898 3899/3899/3899 3900/3900/3900
f 3901/3901/3901 3902/3902/3902 3903/3903/3903
f 3904/3904/3904 3905/3905/3905 3906/3906/3906
f 3907/3907/3907 3908/3908/3908 3909/3909/3909
f 3910/3910/3910 3911/3911/3911 3912/3912/3912
f 3913/3913/3913 3914/3914/3914 3915/3915/3915
f 3916/3916/3916 3917/3917/3917 3918/3918/3918
f 3919/3919/3919 3920/3920/3920 3921/3921/3921
f 3922/3922/3922 3923/3923/3923 3924/3924/3924
f 3925/3925/3925 3926/3926/3926 3927/3927/3927
f 3928/3928/3928 3929/3929/3929 3930/3930/3930
f 3931/3931/3931 3932/3932/3932 3933/3933/3933
f 3934/3934/3934 3935/3935/3935 3936/3936/3936
f 3937/3937/3937 3938/3938/3938 3939/3939/3939
f 3940/3940/3940 3941/3941/3941 3942/3942/3942
f 3943/3943/3943 3944/3944/3944 3945/3945/3945
f 3946/3946/3946 3947/3947/3947 3948/3948/3948
f 3949/3949/3949 3950/3950/3950 3951/3951/3951
f 3952/3952/3952 3953/3953/3953 3954/3954/3954
f 3955/3955/3955 3956/3956/3956 3957/3957/3957
f 3958/3958/3958 3959/3959/3959 3960/3960/3960
f 3961/3961/3961 3962/3962/3962 3963/3963/3963
f 3964/3964/3964 3965/3965/3965 3966/3966/3966
f 3967/3967/3967 3968/3968/3968 3969/3969/3969
f 3970/3970/3970 3971/3971/3971 3972/3972/3972
f 3973/3973/3973 3974/3974/3974 3975/3975/3975
f 3976/3976/3976 3977/3977/3977 3978/3978/3978
f 3979/3979/3979 3980/3980/3980 3981/3981/3981
f 3982/3982/3982 3983/3983/3983 3984/3984/3984
f 3985/3985/3985 3986/3986/3986 3987/3987/3987
f 3988/3988/3988 3989/3989/3989 3990/3990/3990
f 3991/3991/3991 3992/3992/3992 3993/3993/3993
f 3994/3994/3994 3995/3995/3995 3996/3996/3996
f 3997/3997/3997 3998/3998/3998 3999/3999/3999
f 4000/4000/4000 4001/4001/4001 4002/4002/4002
f 4003/4003/4003 4004/4004/4004 4005/4005/4005
f 4006/4006/4006 4007/4007/4007 4008/4008/4008
f 4009/4009/4009 4010/4010/4010 4011/4011/4011
f 4012/4012/4012 4013/4013/4013 4014/4014/4014
f 4015/4015/4015 4016/4016/4016 4017/4017/4017
f 4018/4018/4018 4019/4019/4019 4020/4020/4020
f 4021/4021/4021 4022/4022/4022 4023/4023/4023
f 4024/4024/4024 4025/4025/4025 4026/4026/4026
f 4027/4027/4027 4028/4028/4028 4029/4029/4029
f 4030/4030/4030 4031/4031/4031 4032/4032/4032
f 4033/4033/4033 4034/4034/4034 4035/4035/4035
f 4036/4036/4036 4037/4037/4037 4038/4038/4038
f 4039/4039/4039 4040/4040/4040 4041/4041/4041
f 4042/4042/4042 4043/4043/4043 4044/4044/4044
f 4045/4045/4045 4046/4046/4046 4047/4047/4047
f 4048/4048/4048 4049/4049/4049 4050/4050/4050
f 4051/4051/4051 4052/4052/4052 4053/4053/4053
f 4054/4054/4054 4055/4055/4055 4056/4056/4056
f 4057/4057/4057 4058/4058/4058 4059/4059/4059
f 4060/4060/4060 4061/4061/4061 4062/4062/4062
f 4063/4063/4063 4064/4064/4064 4065/4065/4065
f 4066/4066/4066 4067/4067/4067 4068/4068/4068
f 4069/4069/4069 4070/4070/4070 4071/4071/4071
f 4072/4072/4072 4073/4073/4073 4074/4074/4074
f 4075/4075/4075 4076/4076/4076 4077/4077/4077
f 4078/4078/4078 4079/4079/4079 4080/4080/4080
f 4081/4081/4081 4082/4082/4082 4083/4083/4083
f 4084/4084/4084 4085/4085/4085 4086/4086/4086
f 4087/4087/4087 4088/4088/4088 4089/4089/4089
f 4090/4090/4090 4091/4091/4091 4092/4092/4092
f 4093/4093/4093 4094/4094/4094 4095/4095/4095
f 4096/4096/4096 4097/4097/4097 4098/4098/4098
f 4099/4099/4099 4100/4100/4100 4101/4101/4101
f 4102/4102/4102 4103/4103/4103 4104/4104/4104
f 4105/4105/4105 4106/4106/4106 4107/4107/4107
f 4108/4108/4108 4109/4109/4109 4110/4110/4110
f 4111/4111/4111 4112/4112/4112 4113/4113/4113
f 4114/4114/4114 4115/4115/4115 4116/4116/4116
f 4117/4117/4117 4118/4118/4118 4119/4119/4119
f 4120/4120/4120 4121/4121/4121 4122/4122/4122
f 4123/4123/4123 4124/4124/4124 4125/4125/4125
f 4126/4126/4126 4127/4127/4127 4128/4128/4128
f 4129/4129/4129 4130/4130/4130 4131/4131/4131
f 4132/4132/4132 4133/4133/4133 4134/4134/4134
f 4135/4135/4135 4136/4136/4136 4137/4137/4137
f 4138/4138/4138 4139/4139/4139 4140/4140/4140
f 4141/4141/4141 4142/4142/4142 4143/4143/4143
f 4144/4144/4144 4145/4145/4145 4146/4146/4146
f 4147/4147/4147 4148/4148/4148 4149/4149/4149
f 4150/4150/4150 4151/4151/4151 4152/4152/4152
f 4153/4153/4153 4154/4154/4154 4155/4155/4155
f 4156/4156/4156 4157/4157/4157 4158/4158/4158
f 4159/4159/4159 4160/4160/4160 4161/4161/4161
f 4162/4162/4162 4163/4163/4163 4164/4164/4164
f 4165/4165/4165 4166/4166/4166 4167/4167/4167
f 4168/4168/4168 4169/4169/4169 4170/4170/4170
f 4171/4171/4171 4172/4172/4172 4173/4173/4173
f 4174/4174/4174 4175/4175/4175 4176/4176/4176
f 4177/4177/4177 4178/4178/4178 4179/4179/4179
f 4180/4180/4180 4181/4181/4181 4182/4182/4182
f 4183/4183/4183 4184/4184/4184 4185/4185/4185
f 4186/4186/4186 4187/4187/4187 4188/4188/4188
f 4189/4189/4189 4190/4190/4190 4191/4191/4191
f 4192/4192/4192 4193/4193/4193 4194/4194/4194
f 4195/4195/4195 4196/4196/4196 4197/4197/4197
f 4198/4198/4198 4199/4199/4199 4200/4200/4200
f 4201/4201/4201 4202/4202/4202 4203/4203/4203
f 4204/4204/4204 4205/4205/4205 4206/4206/4206
f 4207/4207/4207 4208/4208/4208 4209/4209/4209
f 4210/4210/4210 4211/4211/4211 4212/4212/4212
f 4213/4213/4213 4214/4214/4214 4215/4215/4215
f 4216/4216/4216 4217/4217/4217 4218/4218/4218
f 4219/4219/4219 4220/4220/4220 4221/4221/4221
f 4222/4222/4222 4223/4223/4223 4224/4224/4224
f 4225/4225/4225 4226/4226/4226 4227/4227/4227
f 4228/4228/4228 4229/4229/4229 4230/4230/4230
f 4231/4231/4231 4232/4232/4232 4233/4233/4233
f 4234/4234/4234 4235/4235/4235 4236/4236/4236
f 4237/4237/4237 4238/4238/4238 4239/4239/4239
f 4240/4240/4240 4241/4241/4241 4242/4242/4242
f 4243/4243/4243 4244/4244/4244 4245/4245/4245
f 4246/4246/4246 4247/4247/4247 4248/4248/4248
f 4249/4249/4249 4250/4250/4250 4251/4251/4251
f 4252/4252/4252 4253/4253/4253 4254/4254/4254
f 4255/4255/4255 4256/4256/4256 4257/4257/4257
f 4258/4258/4258 4259/4259/4259 4260/4260/4260
f 4261/4261/4261 4262/4262/4262 4263/4263/4263
f 4264/4264/4264 4265/4265/4265 4266/4266/4266
f 4267/4267/4267 4268/4268/4268 4269/4269/4269
f 4270/4270/4270 4271/4271/4271 4272/4272/4272
f 4273/4273/4273 4274/4274/4274 4275/4275/4275
f 4276/4276/4276 4277/4277/4277 4278/4278/4278
f 4279/4279/4279 4280/4280/4280 4281/4281/4281
f 4282/4282/4282 4283/4283/4283 4284/4284/4284
f 4285/4285/4285 4286/4286/4286 4287/4287/4287
f 4288/4288/4288 4289/4289/4289 4290/4290/4290
f 4291/4291/4291 4292/4292/4292 4293/4293/4293
f 4294/4294/4294 4295/4295/4295 4296/4296/4296
f 4297/4297/4297 4298/4298/4298 4299/4299/4299
f 4300/4300/4300 4301/4301/4301 4302/4302/4302
f 4303/4303/4303 4304/4304/4304 4305/4305/4305
f 4306/4306/4306 4307/4307/4307 4308/4308/4308
f 4309/4309/4309 4310/4310/4310 4311/4311/4311
f 4312/4312/4312 4313/4313/4313 4314/4314/4314
f 4315/4315/4315 4316/4316/4316 4317/4317/4317
f 4318/4318/4318 4319/4319/4319 4320/4320/4320
f 4321/4321/4321 4322/4322/4322 4323/4323/4323
f 4324/4324/4324 4325/4325/4325 4326/4326/4326
f 4327/4327/4327 4328/4328/4328 4329/4329/4329
f 4330/4330/4330 4331/4331/4331 4332/4332/4332
f 4333/4333/4333 4334/4334/4334 4335/4335/4335
f 4336/4336/4336 4337/4337/4337 4338/4338/4338
f 4339/4339/4339 4340/4340/4340 4341/4341/4341
f 4342/4342/4342 4343/4343/4343 4344/4344/4344
f 4345/4345/4345 4346/4346/4346 4347/4347/4347
f 4348/4348/4348 4349/4349/4349 4350/4350/4350
f 4351/4351/4351 4352/4352/4352 4353/4353/4353
f 4354/4354/4354 4355/4355/4355 4356/4356/4356
f 4357/4357/4357 4358/4358/4358 4359/4359/4359
f 4360/4360/4360 4361/4361/4361 4362/4362/4362
f 4363/4363/4363 4364/4364/4364 4365/4365/4365
f 4366/4366/4366 4367/4367/4367 4368/4368/4368
f 4369/4369/4369 4370/4370/4370 4371/4371/4371
f 4372/4372/4372 4373/4373/4373 4374/4374/4374
f 4375/4375/4375 4376/4376/4376 4377/4377/4377
f 4378/4378/4378 4379/4379/4379 4380/4380/4380
f 4381/4381/4381 4382/4382/4382 4383/4383/4383
f 4384/4384/4384 4385/4385/4385 4386/4386/4386
f 4387/4387/4387 4388/4388/4388 4389/4389/4389
f 4390/4390/4390 4391/4391/4391 4392/4392/4392
f 4393/4393/4393 4394/4394/4394 4395/4395/4395
f 4396/4396/4396 4397/4397/4397 4398/4398/4398
f 4399/4399/4399 4400/4400/4400 4401/4401/4401
f 4402/4402/4402 4403/4403/4403 4404/4404/4404
f 4405/4405/4405 4406/4406/4406 4407/4407/4407
f 4408/4408/4408 4409/4409/4409 4410/4410/4410
f 4411/4411/4411 4412/4412/4412 4413/4413/4413
f 4414/4414/4414 4415/4415/4415 4416/4416/4416
f 4417/4417/4417 4418/4418/4418 4419/4419/4419
f 4420/4420/4420 4421/4421/4421 4422/4422/4422
f 4423/4423/4423 4424/4424/4424 4425/4425/4425
f 4426/4426/4426 4427/4427/4427 4428/4428/4428
f 4429/4429/4429 4430/4430/4430 4431/4431/4431
f 4432/4432/4432 4433/4433/4433 4434/4434/4434
f 4435/4435/4435 4436/4436/4436 4437/4437/4437
f 4438/4438/4438 4439/4439/4439 4440/4440/4440
f 4441/4441/4441 4442/4442/4442 4443/4443/4443
f 4444/4444/4444 4445/4445/4445 4446/4446/4446
f 4447/4447/4447 4448/4448/4448 4449/4449/4449
f 4450/4450/4450 4451/4451/4451 4452/4452/4452
f 4453/4453/4453 4454/4454/4454 4455/4455/4455
f 4456/4456/4456 4457/4457/4457 4458/4458/4458
f 4459/4459/4459 4460/4460/4460 4461/4461/4461
f 4462/4462/4462 4463/4463/4463 4464/4464/4464
f 4465/4465/4465 4466/4466/4466 4467/4467/4467
f 4468/4468/4468 4469/4469/4469 4470/4470/4470
f 4471/4471/4471 4472/4472/4472 4473/4473/4473
f 4474/4474/4474 4475/4475/4475 4476/4476/4476
f 4477/4477/4477 4478/4478/4478 4479/4479/4479
f 4480/4480/4480 4481/4481/4481 4482/4482/4482
f 4483/4483/4483 4484/4484/4484 4485/4485/4485
f 4486/4486/4486 4487/4487/4487 4488/4488/4488
f 4489/4489/4489 4490/4490/4490 4491/4491/4491
f 4492/4492/4492 4493/4493/4493 4494/4494/4494
f 4495/4495/4495 4496/4496/4496 4497/4497/4497
f 4498/4498/4498 4499/4499/4499 4500/4500/4500
f 4501/4501/4501 4502/4502/4502 4503/4503/4503
f 4504/4504/4504 4505/4505/4505 4506/4506/4506
f 4507/4507/4507 4508/4508/4508 4509/4509/4509
f 4510/4510/4510 4511/4511/4511 4512/4512/4512
f 4513/4513/4513 4514/4514/4514 4515/4515/4515
f 4516/4516/4516 4517/4517/4517 4518/4518/4518
f 4519/4519/4519 4520/4520/4520 4521/4521/4521
f 4522/4522/4522 4523/4523/4523 4524/4524/4524
f 4525/4525/4525 4526/4526/4526 4527/4527/4527
f 4528/4528/4528 4529/4529/4529 4530/4530/4530
f 4531/4531/4531 4532/4532/4532 4533/4533/4533
f 4534/4534/4534 4535/4535/4535 4536/4536/4536
f 4537/4537/4537 4538/4538/4538 4539/4539/4539
f 4540/4540/4540 4541/4541/4541 4542/4542/4542
f 4543/4543/4543 4544/4544/4544 4545/4545/4545
f 4546/4546/4546 4547/4547/4547 4548/4548/4548
f 4549/4549/4549 4550/4550/4550 4551/4551/4551
f 4552/4552/4552 4553/4553/4553 4554/4554/4554
f 4555/4555/4555 4556/4556/4556 4557/4557/4557
f 4558/4558/4558 4559/4559/4559 4560/4560/4560
f 4561/4561/4561 4562/4562/4562 4563/4563/4563
f 4564/4564/4564 4565/4565/4565 4566/4566/4566
f 4567/4567/4567 4568/4568/4568 4569/4569/4569
f 4570/4570/4570 4571/4571/4571 4572/4572/4572
f 4573/4573/4573 4574/4574/4574 4575/4575/4575
f 4576/4576/4576 4577/4577/4577 4578/4578/4578
f 4579/4579/4579 4580/4580/4580 4581/4581/4581
f 4582/4582/4582 4583/4583/4583 4584/4584/4584
f 4585/4585/4585 4586/4586/4586 4587/4587/4587
f 4588/4588/4588 4589/4589/4589 4590/4590/4590
f 4591/4591/4591 4592/4592/4592 4593/4593/4593
f 4594/4594/4594 4595/4595/4595 4596/4596/4596
f 4597/4597/4597 4598/4598/4598 4599/4599/4599
f 4600/4600/4600 4601/4601/4601 4602/4602/4602
f 4603/4603/4603 4604/4604/4604 4605/4605/4605
f 4606/4606/4606 4607/4607/4607 4608/4608/4608
f 4609/4609/4609 4610/4610/4610 4611/4611/4611
f 4612/4612/4612 4613/4613/4613 4614/4614/4614
f 4615/4615/4615 4616/4616/4616 4617/4617/4617
f 4618/4618/4618 4619/4619/4619 4620/4620/4620
f 4621/4621/4621 4622/4622/4622 4623/4623/4623
f 4624/4624/4624 4625/4625/4625 4626/4626/4626
f 4627/4627/4627 4628/4628/4628 4629/4629/4629
f 4630/4630/4630 4631/4631/4631 4632/4632/4632
f 4633/4633/4633 4634/4634/4634 4635/4635/4635
f 4636/4636/4636 4637/4637/4637 4638/4638/4638
f 4639/4639/4639 4640/4640/4640 4641/4641/4641
f 4642/4642/4642 4643/4643/4643 4644/4644/4644
f 4645/4645/4645 4646/4646/4646 4647/4647/4647
f 4648/4648/4648 4649/4649/4649 4650/4650/4650
f 4651/4651/4651 4652/4652/4652 4653/4653/4653
f 4654/4654/4654 4655/4655/4655 4656/4656/4656
f 4657/4657/4657 4658/4658/4658 4659/4659/4659
f 4660/4660/4660 4661/4661/4661 4662/4662/4662
f 4663/4663/4663 4664/4664/4664 4665/4665/4665
f 4666/4666/4666 4667/4667/4667 4668/4668/4668
f 4669/4669/4669 4670/4670/4670 4671/4671/4671
f 4672/4672/4672 4673/4673/4673 4674/4674/4674
f 4675/4675/4675 4676/4676/4676 4677/4677/4677
f 4678/4678/4678 4679/4679/4679 4680/4680/4680
f 4681/4681/4681 4682/4682/4682 4683/4683/4683
f 4684/4684/4684 4685/4685/4685 4686/4686/4686
f 4687/4687/4687 4688/4688/4688 4689/4689/4689
f 4690/4690/4690 4691/4691/4691 4692/4692/4692
f 4693/4693/4693 4694/4694/4694 4695/4695/4695
f 4696/4696/4696 4697/4697/4697 4698/4698/4698
f 4699/4699/4699 4700/4700/4700 4701/4701/4701
f 4702/4702/4702 4703/4703/4703 4704/4704/4704
f 4705/4705/4705 4706/4706/4706 4707/4707/4707
f 4708/4708/4708 4709/4709/4709 4710/4710/4710
f 4711/4711/4711 4712/4712/4712 4713/4713/4713
f 4714/4714/4714 4715/4715/4715 4716/4716/4716
f 4717/4717/4717 4718/4718/4718 4719/4719/4719
f 4720/4720/4720 4721/4721/4721 4722/4722/4722
f 4723/4723/4723 4724/4724/4724 4725/4725/4725
f 4726/4726/4726 4727/4727/4727 4728/4728/4728
f 4729/4729/4729 4730/4730/4730 4731/4731/4731
f 4732/4732/4732 4733/4733/4733 4734/4734/4734
f 4735/4735/4735 4736/4736/4736 4737/4737/4737
f 4738/4738/4738 4739/4739/4739 4740/4740/4740
f 4741/4741/4741 4742/4742/4742 4743/4743/4743
f 4744/4744/4744 4745/4745/4745 4746/4746/4746
f 4747/4747/4747 4748/4748/4748 4749/4749/4749
f 4750/4750/4750 4751/4751/4751 4752/4752/4752
f 4753/4753/4753 4754/4754/4754 4755/4755/4755
f 4756/4756/4756 4757/4757/4757 4758/4758/4758
f 4759/4759/4759 4760/4760/4760 4761/4761/4761
f 4762/4762/4762 4763/4763/4763 4764/4764/4764
f 4765/4765/4765 4766/4766/4766 4767/4767/4767
f 4768/4768/4768 4769/4769/4769 4770/4770/4770
f 4771/4771/4771 4772/4772/4772 4773/4773/4773
f 4774/4774/4774 4775/4775/4775 4776/4776/4776
f 4777/4777/4777 4778/4778/4778 4779/4779/4779
f 4780/4780/4780 4781/4781/4781 4782/4782/4782
f 4783/4783/4783 4784/4784/4784 4785/4785/4785
f 4786/4786/4786 4787/4787/4787 4788/4788/4788
f 4789/4789/4789 4790/4790/4790 4791/4791/4791
f 4792/4792/4792 4793/4793/4793 4794/4794/4794
f 4795/4795/4795 4796/4796/4796 4797/4797/4797
f 4798/4798/4798 4799/4799/4799 4800/4800/4800
f 4801/4801/4801 4802/4802/4802 4803/4803/4803
f 4804/4804/4804 4805/4805/4805 4806/4806/4806
f 4807/4807/4807 4808/4808/4808 4809/4809/4809
f 4810/4810/4810 4811/4811/4811 4812/4812/4812
f 4813/4813/4813 4814/4814/4814 4815/4815/4815
f 4816/4816/4816 4817/4817/4817 4818/4818/4818
f 4819/4819/4819 4820/4820/4820 4821/4821/4821
f 4822/4822/4822 4823/4823/4823 4824/4824/4824
f 4825/4825/4825 4826/4826/4826 4827/4827/4827
f 4828/4828/4828 4829/4829/4829 4830/4830/4830
f 4831/4831/4831 4832/4832/4832 4833/4833/4833
f 4834/4834/4834 4835/4835/4835 4836/4836/4836
f 4837/4837/4837 4838/4838/4838 4839/4839/4839
f 4840/4840/4840 4841/4841/4841 4842/4842/4842
f 4843/4843/4843 4844/4844/4844 4845/4845/4845
f 4846/4846/4846 4847/4847/4847 4848/4848/4848
f 4849/4849/4849 4850/4850/4850 4851/4851/4851
f 4852/4852/4852 4853/4853/4853 4854/4854/4854
f 4855/4855/4855 4856/4856/4856 4857/4857/4857
f 4858/4858/4858 4859/4859/4859 4860/4860/4860
f 4861/4861/4861 4862/4862/4862 4863/4863/4863
f 4864/4864/4864 4865/4865/4865 4866/4866/4866
f 4867/4867/4867 4868/4868/4868 4869/4869/4869
f 4870/4870/4870 4871/4871/4871 4872/4872/4872
f 4873/4873/4873 4874/4874/4874 4875/4875/4875
f 4876/4876/4876 4877/4877/4877 4878/4878/4878
f 4879/4879/4879 4880/4880/4880 4881/4881/4881
f 4882/4882/4882 4883/4883/4883 4884/4884/4884
f 4885/4885/4885 4886/4886/4886 4887/4887/4887
f 4888/4888/4888 4889/4889/4889 4890/4890/4890
f 4891/4891/4891 4892/4892/4892 4893/4893/4893
f 4894/4894/4894 4895/4895/4895 4896/4896/4896
f 4897/4897/4897 4898/4898/4898 4899/4899/4899
f 4900/4900/4900 4901/4901/4901 4902/4902/4902
f 4903/4903/4903 4904/4904/4904 4905/4905/4905
f 4906/4906/4906 4907/4907/4907 4908/4908/4908
f 4909/4909/4909 4910/4910/4910 4911/4911/4911
f 4912/4912/4912 4913/4913/4913 4914/4914/4914
f 4915/4915/4915 4916/4916/4916 4917/4917/4917
f 4918/4918/4918 4919/4919/4919 4920/4920/4920
f 4921/4921/4921 4922/4922/4922 4923/4923/4923
f 4924/4924/4924 4925/4925/4925 4926/4926/4926
f 4927/4927/4927 4928/4928/4928 4929/4929/4929
f 4930/4930/4930 4931/4931/4931 4932/4932/4932
f 4933/4933/4933 4934/4934/4934 4935/4935/4935
f 4936/4936/4936 4937/4937/4937 4938/4938/4938
f 4939/4939/4939 4940/4940/4940 4941/4941/4941
f 4942/4942/4942 4943/4943/4943 4944/4944/4944
f 4945/4945/4945 4946/4946/4946 4947/4947/4947
f 4948/4948/4948 4949/4949/4949 4950/4950/4950
f 4951/4951/4951 4952/4952/4952 4953/4953/4953
f 4954/4954/4954 4955/4955/4955 4956/4956/4956
f 4957/4957/4957 4958/4958/4958 4959/4959/4959
f 4960/4960/4960 4961/4961/4961 4962/4962/4962
f 4963/4963/4963 4964/4964/4964 4965/4965/4965
f 4966/4966/4966 4967/4967/4967 4968/4968/4968
f 4969/4969/4969 4970/4970/4970 4971/4971/4971
f 4972/4972/4972 4973/4973/4973 4974/4974/4974
f 4975/4975/4975 4976/4976/4976 4977/4977/4977
f 4978/4978/4978 4979/4979/4979 4980/4980/4980
f 4981/4981/4981 4982/4982/4982 4983/4983/4983
f 4984/4984/4984 4985/4985/4985 4986/4986/4986
f 4987/4987/4987 4988/4988/4988 4989/4989/4989
f 4990/4990/4990 4991/4991/4991 4992/4992/4992
f 4993/4993/4993 4994/4994/4994 4995/4995/4995
f 4996/4996/4996 4997/4997/4997 4998/4998/4998
f 4999/4999/4999 5000/5000/5000 5001/5001/5001
f 5002/5002/5002 5003/5003/5003 5004/5004/5004
f 5005/5005/5005 5006/5006/5006 5007/5007/5007
f 5008/5008/5008 5009/5009/5009 5010/5010/5010
f 5011/5011/5011 5012/5012/5012 5013/5013/5013
f 5014/5014/5014 5015/5015/5015 5016/5016/5016
f 5017/5017/5017 5018/5018/5018 5019/5019/5019
f 5020/5020/5020 5021/5021/5021 5022/5022/5022
f 5023/5023/5023 5024/5024/5024 5025/5025/5025
f 5026/5026/5026 5027/5027/5027 5028/5028/5028
f 5029/5029/5029 5030/5030/5030 5031/5031/5031
f 5032/5032/5032 5033/5033/5033 5034/5034/5034
f 5035/5035/5035 5036/5036/5036 5037/5037/5037
f 5038/5038/5038 5039/5039/5039 5040/5040/5040
f 5041/5041/5041 5042/5042/5042 5043/5043/5043
f 5044/5044/5044 5045/5045/5045 5046/5046/5046
f 5047/5047/5047 5048/5048/5048 5049/5049/5049
f 5050/5050/5050 5051/5051/5051 5052/5052/5052
f 5053/5053/5053 5054/5054/5054 5055/5055/5055
f 5056/5056/5056 5057/5057/5057 5058/5058/5058
f 5059/5059/5059 5060/5060/5060 5061/5061/5061
f 5062/5062/5062 5063/5063/5063 5064/5064/5064
f 5065/5065/5065 5066/5066/5066 5067/5067/5067
f 5068/5068/5068 5069/5069/5069 5070/5070/5070
f 5071/5071/5071 5072/5072/5072 5073/5073/5073
f 5074/5074/5074 5075/5075/5075 5076/5076/5076
f 5077/5077/5077 5078/5078/5078 5079/5079/5079
f 5080/5080/5080 5081/5081/5081 5082/5082/5082
f 5083/5083/5083 5084/5084/5084 5085/5085/5085
f 5086/5086/5086 5087/5087/5087 5088/5088/5088
f 5089/5089/5089 5090/5090/5090 5091/5091/5091
f 5092/5092/5092 5093/5093/5093 5094/5094/5094
f 5095/5095/5095 5096/5096/5096 5097/5097/5097
f 5098/5098/5098 5099/5099/5099 5100/5100/5100
f 5101/5101/5101 5102/5102/5102 5103/5103/5103
f 5104/5104/5104 5105/5105/5105 5106/5106/5106
f 5107/5107/5107 5108/5108/5108 5109/5109/5109
f 5110/5110/5110 5111/5111/5111 5112/5112/5112
f 5113/5113/5113 5114/5114/5114 5115/5115/5115
f 5116/5116/5116 5117/5117/5117 5118/5118/5118
f 5119/5119/5119 5120/5120/5120 5121/5121/5121
f 5122/5122/5122 5123/5123/5123 5124/5124/5124
f 5125/5125/5125 5126/5126/5126 5127/5127/5127
f 5128/5128/5128 5129/5129/5129 5130/5130/5130
f 5131/5131/5131 5132/5132/5132 5133/5133/5133
f 5134/5134/5134 5135/5135/5135 5136/5136/5136
f 5137/5137/5137 5138/5138/5138 5139/5139/5139
f 5140/5140/5140 5141/5141/5141 5142/5142/5142
f 5143/5143/5143 5144/5144/5144 5145/5145/5145
f 5146/5146/5146 5147/5147/5147 5148/5148/5148
f 5149/5149/5149 5150/5150/5150 5151/5151/5151
f 5152/5152/5152 5153/5153/5153 5154/5154/5154
f 5155/5155/5155 5156/5156/5156 5157/5157/5157
f 5158/5158/5158 5159/5159/5159 5160/5160/5160
f 5161/5161/5161 5162/5162/5162 5163/5163/5163
f 5164/5164/5164 5165/5165/5165 5166/5166/5166
f 5167/5167/5167 5168/5168/5168 5169/5169/5169
f 5170/5170/5170 5171/5171/5171 5172/5172/5172
f 5173/5173/5173 5174/5174/5174 5175/5175/5175
f 5176/5176/5176 5177/5177/5177 5178/5178/5178
f 5179/5179/5179 5180/5180/5180 5181/5181/5181
f 5182/5182/5182 5183/5183/5183 5184/5184/5184
f 5185/5185/5185 5186/5186/5186 5187/5187/5187
f 5188/5188/5188 5189/5189/5189 5190/5190/5190
f 5191/5191/5191 5192/5192/5192 5193/5193/5193
f 5194/5194/5194 5195/5195/5195 5196/5196/5196
f 5197/5197/5197 5198/5198/5198 5199/5199/5199
f 5200/5200/5200 5201/5201/5201 5202/5202/5202
f 5203/5203/5203 5204/5204/5204 5205/5205/5205
f 5206/5206/5206 5207/5207/5207 5208/5208/5208
f 5209/5209/5209 5210/5210/5210 5211/5211/5211
f 5212/5212/5212 5213/5213/5213 5214/5214/5214
f 5215/5215/5215 5216/5216/5216 5217/5217/5217
f 5218/5218/5218 5219/5219/5219 5220/5220/5220
f 5221/5221/5221 5222/5222/5222 5223/5223/5223
f 5224/5224/5224 5225/5225/5225 5226/5226/5226
f 5227/5227/5227 5228/5228/5228 5229/5229/5229
f 5230/5230/5230 5231/5231/5231 5232/5232/5232
f 5233/5233/5233 5234/5234/5234 5235/5235/5235
f 5236/5236/5236 5237/5237/5237 5238/5238/5238
f 5239/5239/5239 5240/5240/5240 5241/5241/5241
f 5242/5242/5242 5243/5243/5243 5244/5244/5244
f 5245/5245/5245 5246/5246/5246 5247/5247/5247
f 5248/5248/5248 5249/5249/5249 5250/5250/5250
f 5251/5251/5251 5252/5252/5252 5253/5253/5253
f 5254/5254/5254 5255/5255/5255 5256/5256/5256
f 5257/5257/5257 5258/5258/5258 5259/5259/5259
f 5260/5260/5260 5261/5261/5261 5262/5262/5262
f 5263/5263/5263 5264/5264/5264 5265/5265/5265
f 5266/5266/5266 5267/5267/5267 5268/5268/5268
f 5269/5269/5269 5270/5270/5270 5271/5271/5271
f 5272/5272/5272 5273/5273/5273 5274/5274/5274
f 5275/5275/5275 5276/5276/5276 5277/5277/5277
f 5278/5278/5278 5279/5279/5279 5280/5280/5280
f 5281/5281/5281 5282/5282/5282 5283/5283/5283
f 5284/5284/5284 5285/5285/5285 5286/5286/5286
f 5287/5287/5287 5288/5288/5288 5289/5289/5289
f 5290/5290/5290 5291/5291/5291 5292/5292/5292
f 5293/5293/5293 5294/5294/5294 5295/5295/5295
f 5296/5296/5296 5297/5297/5297 5298/5298/5298
f 5299/5299/5299 5300/5300/5300 5301/5301/5301
f 5302/5302/5302 5303/5303/5303 5304/5304/5304
f 5305/5305/5305 5306/5306/5306 5307/5307/5307
f 5308/5308/5308 5309/5309/5309 5310/5310/5310
f 5311/5311/5311 5312/5312/5312 5313/5313/5313
f 5314/5314/5314 5315/5315/5315 5316/5316/5316
f 5317/5317/5317 5318/5318/5318 5319/5319/5319
f 5320/5320/5320 5321/5321/5321 5322/5322/5322
f 5323/5323/5323 5324/5324/5324 5325/5325/5325
f 5326/5326/5326 5327/5327/5327 5328/5328/5328
f 5329/5329/5329 5330/5330/5330 5331/5331/5331
f 5332/5332/5332 5333/5333/5333 5334/5334/5334
f 5335/5335/5335 5336/5336/5336 5337/5337/5337
f 5338/5338/5338 5339/5339/5339 5340/5340/5340
f 5341/5341/5341 5342/5342/5342 5343/5343/5343
f 5344/5344/5344 5345/5345/5345 5346/5346/5346
f 5347/5347/5347 5348/5348/5348 5349/5349/5349
f 5350/5350/5350 5351/5351/5351 5352/5352/5352
f 5353/5353/5353 5354/5354/5354 5355/5355/5355
f 5356/5356/5356 5357/5357/5357 5358/5358/5358
f 5359/5359/5359 5360/5360/5360 5361/5361/5361
f 5362/5362/5362 5363/5363/5363 5364/5364/5364
f 5365/5365/5365 5366/5366/5366 5367/5367/5367
f 5368/5368/5368 5369/5369/5369 5370/5370/5370
f 5371/5371/5371 5372/5372/5372 5373/5373/5373
f 5374/5374/5374 5375/5375/5375 5376/5376/5376
f 5377/5377/5377 5378/5378/5378 5379/5379/5379
f 5380/5380/5380 5381/5381/5381 5382/5382/5382
f 5383/5383/5383 5384/5384/5384 5385/5385/5385
f 5386/5386/5386 5387/5387/5387 5388/5388/5388
f 5389/5389/5389 5390/5390/5390 5391/5391/5391
f 5392/5392/5392 5393/5393/5393 5394/5394/5394
f 5395/5395/5395 5396/5396/5396 5397/5397/5397
f 5398/5398/5398 5399/5399/5399 5400/5400/5400
f 5401/5401/5401 5402/5402/5402 5403/5403/5403
f 5404/5404/5404 5405/5405/5405 5406/5406/5406
f 5407/5407/5407 5408/5408/5408 5409/5409/5409
f 5410/5410/5410 5411/5411/5411 5412/5412/5412
f 5413/5413/5413 5414/5414/5414 5415/5415/5415
f 5416/5416/5416 5417/5417/5417 5418/5418/5418
f 5419/5419/5419 5420/5420/5420 5421/5421/5421
f 5422/5422/5422 5423/5423/5423 5424/5424/5424
f 5425/5425/5425 5426/5426/5426 5427/5427/5427
f 5428/5428/5428 5429/5429/5429 5430/5430/5430
f 5431/5431/5431 5432/5432/5432 5433/5433/5433
f 5434/5434/5434 5435/5435/5435 5436/5436/5436
f 5437/5437/5437 5438/5438/5438 5439/5439/5439
f 5440/5440/5440 5441/5441/5441 5442/5442/5442
f 5443/5443/5443 5444/5444/5444 5445/5445/5445
f 5446/5446/5446 5447/5447/5447 5448/5448/5448
f 5449/5449/5449 5450/5450/5450 5451/5451/5451
f 5452/5452/5452 5453/5453/5453 5454/5454/5454
f 5455/5455/5455 5456/5456/5456 5457/5457/5457
f 5458/5458/5458 5459/5459/5459 5460/5460/5460
f 5461/5461/5461 5462/5462/5462 5463/5463/5463
f 5464/5464/5464 5465/5465/5465 5466/5466/5466
f 5467/5467/5467 5468/5468/5468 5469/5469/5469
f 5470/5470/5470 5471/5471/5471 5472/5472/5472
f 5473/5473/5473 5474/5474/5474 5475/5475/5475
f 5476/5476/5476 5477/5477/5477 5478/5478/5478
f 5479/5479/5479 5480/5480/5480 5481/5481/5481
f 5482/5482/5482 5483/5483/5483 5484/5484/5484
f 5485/5485/5485 5486/5486/5486 5487/5487/5487
f 5488/5488/5488 5489/5489/5489 5490/5490/5490
f 5491/5491/5491 5492/5492/5492 5493/5493/5493
f 5494/5494/5494 5495/5495/5495 5496/5496/5496
f 5497/5497/5497 5498/5498/5498 5499/5499/5499
f 5500/5500/5500 5501/5501/5501 5502/5502/5502
f 5503/5503/5503 5504/5504/5504 5505/5505/5505
f 5506/5506/5506 5507/5507/5507 5508/5508/5508
f 5509/5509/5509 5510/5510/5510 5511/5511/5511
f 5512/5512/5512 5513/5513/5513 5514/5514/5514
f 5515/5515/5515 5516/5516/5516 5517/5517/5517
f 5518/5518/5518 5519/5519/5519 5520/5520/5520
f 5521/5521/5521 5522/5522/5522 5523/5523/5523
f 5524/5524/5524 5525/5525/5525 5526/5526/5526
f 5527/5527/5527 5528/5528/5528 5529/5529/5529
f 5530/5530/5530 5531/5531/5531 5532/5532/5532
f 5533/5533/5533 5534/5534/5534 5535/5535/5535
f 5536/5536/5536 5537/5537/5537 5538/5538/5538
f 5539/5539/5539 5540/5540/5540 5541/5541/5541
f 5542/5542/5542 5543/5543/5543 5544/5544/5544
f 5545/5545/5545 5546/5546/5546 5547/5547/5547
f 5548/5548/5548 5549/5549/5549 5550/5550/5550
f 5551/5551/5551 5552/5552/5552 5553/5553/5553
f 5554/5554/5554 5555/5555/5555 5556/5556/5556
f 5557/5557/5557 5558/5558/5558 5559/5559/5559
f 5560/5560/5560 5561/5561/5561 5562/5562/5562
f 5563/5563/5563 5564/5564/5564 5565/5565/5565
f 5566/5566/5566 5567/5567/5567 5568/5568/5568
f 5569/5569/5569 5570/5570/5570 5571/5571/5571
f 5572/5572/5572 5573/5573/5573 5574/5574/5574
f 5575/5575/5575 5576/5576/5576 5577/5577/5577
f 5578/5578/5578 5579/5579/5579 5580/5580/5580
f 5581/5581/5581 5582/5582/5582 5583/5583/5583
f 5584/5584/5584 5585/5585/5585 5586/5586/5586
f 5587/5587/5587 5588/5588/5588 5589/5589/5589
f 5590/5590/5590 5591/5591/5591 5592/5592/5592
f 5593/5593/5593 5594/5594/5594 5595/5595/5595
f 5596/5596/5596 5597/5597/5597 5598/5598/5598
f 5599/5599/5599 5600/5600/5600 5601/5601/5601
f 5602/5602/5602 5603/5603/5603 5604/5604/5604
f 5605/5605/5605 5606/5606/5606 5607/5607/5607
f 5608/5608/5608 5609/5609/5609 5610/5610/5610
f 5611/5611/5611 5612/5612/5612 5613/5613/5613
f 5614/5614/5614 5615/5615/5615 5616/5616/5616
f 5617/5617/5617 5618/5618/5618 5619/5619/5619
f 5620/5620/5620 5621/5621/5621 5622/5622/5622
f 5623/5623/5623 5624/5624/5624 5625/5625/5625
f 5626/5626/5626 5627/5627/5627 5628/5628/5628
f 5629/5629/5629 5630/5630/5630 5631/5631/5631
f 5632/5632/5632 5633/5633/5633 5634/5634/5634
f 5635/5635/5635 5636/5636/5636 5637/5637/5637
f 5638/5638/5638 5639/5639/5639 5640/5640/5640
f 5641/5641/5641 5642/5642/5642 5643/5643/5643
f 5644/5644/5644 5645/5645/5645 5646/5646/5646
f 5647/5647/5647 5648/5648/5648 5649/5649/5649
f 5650/5650/5650 5651/5651/5651 5652/5652/5652
f 5653/5653/5653 5654/5654/5654 5655/5655/5655
f 5656/5656/5656 5657/5657/5657 5658/5658/5658
f 5659/5659/5659 5660/5660/5660 5661/5661/5661
f 5662/5662/5662 5663/5663/5663 5664/5664/5664
f 5665/5665/5665 5666/5666/5666 5667/5667/5667
f 5668/5668/5668 5669/5669/5669 5670/5670/5670
f 5671/5671/5671 5672/5672/5672 5673/5673/5673
f 5674/5674/5674 5675/5675/5675 5676/5676/5676
f 5677/5677/5677 5678/5678/5678 5679/5679/5679
f 5680/5680/5680 5681/5681/5681 5682/5682/5682
f 5683/5683/5683 5684/5684/5684 5685/5685/5685
f 5686/5686/5686 5687/5687/5687 5688/5688/5688
f 5689/5689/5689 5690/5690/5690 5691/5691/5691
f 5692/5692/5692 5693/5693/5693 5694/5694/5694
f 5695/5695/5695 5696/5696/5696 5697/5697/5697
f 5698/5698/5698 5699/5699/5699 5700/5700/5700
f 5701/5701/5701 5702/5702/5702 5703/5703/5703
f 5704/5704/5704 5705/5705/5705 5706/5706/5706
f 5707/5707/5707 5708/5708/5708 5709/5709/5709
f 5710/5710/5710 5711/5711/5711 5712/5712/5712
f 5713/5713/5713 5714/5714/5714 5715/5715/5715
f 5716/5716/5716 5717/5717/5717 5718/5718/5718
f 5719/5719/5719 5720/5720/5720 5721/5721/5721
f 5722/5722/5722 5723/5723/5723 5724/5724/5724
f 5725/5725/5725 5726/5726/5726 5727/5727/5727
f 5728/5728/5728 5729/5729/5729 5730/5730/5730
f 5731/5731/5731 5732/5732/5732 5733/5733/5733
f 5734/5734/5734 5735/5735/5735 5736/5736/5736
f 5737/5737/5737 5738/5738/5738 5739/5739/5739
f 5740/5740/5740 5741/5741/5741 5742/5742/5742
f 5743/5743/5743 5744/5744/5744 5745/5745/5745
f 5746/5746/5746 5747/5747/5747 5748/5748/5748
f 5749/5749/5749 5750/5750/5750 5751/5751/5751
f 5752/5752/5752 5753/5753/5753 5754/5754/5754
f 5755/5755/5755 5756/5756/5756 5757/5757/5757
f 5758/5758/5758 5759/5759/5759 5760/5760/5760
f 5761/5761/5761 5762/5762/5762 5763/5763/5763
f 5764/5764/5764 5765/5765/5765 5766/5766/5766
f 5767/5767/5767 5768/5768/5768 5769/5769/5769
f 5770/5770/5770 5771/5771/5771 5772/5772/5772
f 5773/5773/5773 5774/5774/5774 5775/5775/5775
f 5776/5776/5776 5777/5777/5777 5778/5778/5778
f 5779/5779/5779 5780/5780/5780 5781/5781/5781
f 5782/5782/5782 5783/5783/5783 5784/5784/5784
f 5785/5785/5785 5786/5786/5786 5787/5787/5787
f 5788/5788/5788 5789/5789/5789 5790/5790/5790
f 5791/5791/5791 5792/5792/5792 5793/5793/5793
f 5794/5794/5794 5795/5795/5795 5796/5796/5796
f 5797/5797/5797 5798/5798/5798 5799/5799/5799
f 5800/5800/5800 5801/5801/5801 5802/5802/5802
f 5803/5803/5803 5804/5804/5804 5805/5805/5805
f 5806/5806/5806 5807/5807/5807 5808/5808/5808
f 5809/5809/5809 5810/5810/5810 5811/5811/5811
f 5812/5812/5812 5813/5813/5813 5814/5814/5814
f 5815/5815/5815 5816/5816/5816 5817/5817/5817
f 5818/5818/5818 5819/5819/5819 5820/5820/5820
f 5821/5821/5821 5822/5822/5822 5823/5823/5823
f 5824/5824/5824 5825/5825/5825 5826/5826/5826
f 5827/5827/5827 5828/5828/5828 5829/5829/5829
f 5830/5830/5830 5831/5831/5831 5832/5832/5832
f 5833/5833/5833 5834/5834/5834 5835/5835/5835
f 5836/5836/5836 5837/5837/5837 5838/5838/5838
f 5839/5839/5839 5840/5840/5840 5841/5841/5841
f 5842/5842/5842 5843/5843/5843 5844/5844/5844
f 5845/5845/5845 5846/5846/5846 5847/5847/5847
f 5848/5848/5848 5849/5849/5849 5850/5850/5850
f 5851/5851/5851 5852/5852/5852 5853/5853/5853
f 5854/5854/5854 5855/5855/5855 5856/5856/5856
f 5857/5857/5857 5858/5858/5858 5859/5859/5859
f 5860/5860/5860 5861/5861/5861 5862/5862/5862
f 5863/5863/5863 5864/5864/5864 5865/5865/5865
f 5866/5866/5866 5867/5867/5867 5868/5868/5868
f 5869/5869/5869 5870/5870/5870 5871/5871/5871
f 5872/5872/5872 5873/5873/5873 5874/5874/5874
f 5875/5875/5875 5876/5876/5876 5877/5877/5877
f 5878/5878/5878 5879/5879/5879 5880/5880/5880
f 5881/5881/5881 5882/5882/5882 5883/5883/5883
f 5884/5884/5884 5885/5885/5885 5886/5886/5886
f 5887/5887/5887 5888/5888/5888 5889/5889/5889
f 5890/5890/5890 5891/5891/5891 5892/5892/5892
f 5893/5893/5893 5894/5894/5894 5895/5895/5895
f 5896/5896/5896 5897/5897/5897 5898/5898/5898
f 5899/5899/5899 5900/5900/5900 5901/5901/5901
f 5902/5902/5902 5903/5903/5903 5904/5904/5904
f 5905/5905/5905 5906/5906/5906 5907/5907/5907
f 5908/5908/5908 5909/5909/5909 5910/5910/5910
f 5911/5911/5911 5912/5912/5912 5913/5913/5913
f 5914/5914/5914 5915/5915/5915 5916/5916/5916
f 5917/5917/5917 5918/5918/5918 5919/5919/5919
f 5920/5920/5920 5921/5921/5921 5922/5922/5922
f 5923/5923/5923 5924/5924/5924 5925/5925/5925
f 5926/5926/5926 5927/5927/5927 5928/5928/5928
f 5929/5929/5929 5930/5930/5930 5931/5931/5931
f 5932/5932/5932 5933/5933/5933 5934/5934/5934
f 5935/5935/5935 5936/5936/5936 5937/5937/5937
f 5938/5938/5938 5939/5939/5939 5940/5940/5940
f 5941/5941/5941 5942/5942/5942 5943/5943/5943
f 5944/5944/5944 5945/5945/5945 5946/5946/5946
f 5947/5947/5947 5948/5948/5948 5949/5949/5949
f 5950/5950/5950 5951/5951/5951 5952/5952/5952
f 5953/5953/5953 5954/5954/5954 5955/5955/5955
f 5956/5956/5956 5957/5957/5957 5958/5958/5958
f 5959/5959/5959 5960/5960/5960 5961/5961/5961
f 5962/5962/5962 5963/5963/5963 5964/5964/5964
f 5965/5965/5965 5966/5966/5966 5967/5967/5967
f 5968/5968/5968 5969/5969/5969 5970/5970/5970
f 5971/5971/5971 5972/5972/5972 5973/5973/5973
f 5974/5974/5974 5975/5975/5975 5976/5976/5976
f 5977/5977/5977 5978/5978/5978 5979/5979/5979
f 5980/5980/5980 5981/5981/5981 5982/5982/5982
f 5983/5983/5983 5984/5984/5984 5985/5985/5985
f 5986/5986/5986 5987/5987/5987 5988/5988/5988
f 5989/5989/5989 5990/5990/5990 5991/5991/5991
f 5992/5992/5992 5993/5993/5993 5994/5994/5994
f 5995/5995/5995 5996/5996/5996 5997/5997/5997
f 5998/5998/5998 5999/5999/5999 6000/6000/6000
f 6001/6001/6001 6002/6002/6002 6003/6003/6003
f 6004/6004/6004 6005/6005/6005 6006/6006/6006
f 6007/6007/6007 6008/6008/6008 6009/6009/6009
f 6010/6010/6010 6011/6011/6011 6012/6012/6012
f 6013/6013/6013 6014/6014/6014 6015/6015/6015
f 6016/6016/6016 6017/6017/6017 6018/6018/6018
f 6019/6019/6019 6020/6020/6020 6021/6021/6021
f 6022/6022/6022 6023/6023/6023 6024/6024/6024
f 6025/6025/6025 6026/6026/6026 6027/6027/6027
f 6028/6028/6028 6029/6029/6029 6030/6030/6030
f 6031/6031/6031 6032/6032/6032 6033/6033/6033
f 6034/6034/6034 6035/6035/6035 6036/6036/6036
f 6037/6037/6037 6038/6038/6038 6039/6039/6039
f 6040/6040/6040 6041/6041/6041 6042/6042/6042
f 6043/6043/6043 6044/6044/6044 6045/6045/6045
f 6046/6046/6046 6047/6047/6047 6048/6048/6048
f 6049/6049/6049 6050/6050/6050 6051/6051/6051
f 6052/6052/6052 6053/6053/6053 6054/6054/6054
f 6055/6055/6055 6056/6056/6056 6057/6057/6057
f 6058/6058/6058 6059/6059/6059 6060/6060/6060
f 6061/6061/6061 6062/6062/6062 6063/6063/6063
f 6064/6064/6064 6065/6065/6065 6066/6066/6066
f 6067/6067/6067 6068/6068/6068 6069/6069/6069
f 6070/6070/6070 6071/6071/6071 6072/6072/6072
f 6073/6073/6073 6074/6074/6074 6075/6075/6075
f 6076/6076/6076 6077/6077/6077 6078/6078/6078
f 6079/6079/6079 6080/6080/6080 6081/6081/6081
f 6082/6082/6082 6083/6083/6083 6084/6084/6084
f 6085/6085/6085 6086/6086/6086 6087/6087/6087
f 6088/6088/6088 6089/6089/6089 6090/6090/6090
f 6091/6091/6091 6092/6092/6092 6093/6093/6093
f 6094/6094/6094 6095/6095/6095 6096/6096/6096
f 6097/6097/6097 6098/6098/6098 6099/6099/6099
f 6100/6100/6100 6101/6101/6101 6102/6102/6102
f 6103/6103/6103 6104/6104/6104 6105/6105/6105
f 6106/6106/6106 6107/6107/6107 6108/6108/6108
f 6109/6109/6109 6110/6110/6110 6111/6111/6111
f 6112/6112/6112 6113/6113/6113 6114/6114/6114
f 6115/6115/6115 6116/6116/6116 6117/6117/6117
f 6118/6118/6118 6119/6119/6119 6120/6120/6120
f 6121/6121/6121 6122/6122/6122 6123/6123/6123
f 6124/6124/6124 6125/6125/6125 6126/6126/6126
f 6127/6127/6127 6128/6128/6128 6129/6129/6129
f 6130/6130/6130 6131/6131/6131 6132/6132/6132
f 6133/6133/6133 6134/6134/6134 6135/6135/6135
f 6136/6136/6136 6137/6137/6137 6138/6138/6138
f 6139/6139/6139 6140/6140/6140 6141/6141/6141
f 6142/6142/6142 6143/6143/6143 6144/6144/6144
f 6145/6145/6145 6146/6146/6146 6147/6147/6147
f 6148/6148/6148 6149/6149/6149 6150/6150/6150
f 6151/6151/6151 6152/6152/6152 6153/6153/6153
f 6154/6154/6154 6155/6155/6155 6156/6156/6156
f 6157/6157/6157 6158/6158/6158 6159/6159/6159
f 6160/6160/6160 6161/6161/6161 6162/6162/6162
f 6163/6163/6163 6164/6164/6164 6165/6165/6165
f 6166/6166/6166 6167/6167/6167 6168/6168/6168
f 6169/6169/6169 6170/6170/6170 6171/6171/6171
f 6172/6172/6172 6173/6173/6173 6174/6174/6174
f 6175/6175/6175 6176/6176/6176 6177/6177/6177
f 6178/6178/6178 6179/6179/6179 6180/6180/6180
f 6181/6181/6181 6182/6182/6182 6183/6183/6183
f 6184/6184/6184 6185/6185/6185 6186/6186/6186
f 6187/6187/6187 6188/6188/6188 6189/6189/6189
f 6190/6190/6190 6191/6191/6191 6192/6192/6192
f 6193/6193/6193 6194/6194/6194 6195/6195/6195
f 6196/6196/6196 6197/6197/6197 6198/6198/6198
f 6199/6199/6199 6200/6200/6200 6201/6201/6201
f 6202/6202/6202 6203/6203/6203 6204/6204/6204
f 6205/6205/6205 6206/6206/6206 6207/6207/6207
f 6208/6208/6208 6209/6209/6209 6210/6210/6210
f 6211/6211/6211 6212/6212/6212 6213/6213/6213
f 6214/6214/6214 6215/6215/6215 6216/6216/6216
f 6217/6217/6217 6218/6218/6218 6219/6219/6219
f 6220/6220/6220 6221/6221/6221 6222/6222/6222
f 6223/6223/6223 6224/6224/6224 6225/6225/6225
f 6226/6226/6226 6227/6227/6227 6228/6228/6228
f 6229/6229/6229 6230/6230/6230 6231/6231/6231
f 6232/6232/6232 6233/6233/6233 6234/6234/6234
f 6235/6235/6235 6236/6236/6236 6237/6237/6237
f 6238/6238/6238 6239/6239/6239 6240/6240/6240
f 6241/6241/6241 6242/6242/6242 6243/6243/6243
f 6244/6244/6244 6245/6245/6245 6246/6246/6246
f 6247/6247/6247 6248/6248/6248 6249/6249/6249
f 6250/6250/6250 6251/6251/6251 6252/6252/6252
f 6253/6253/6253 6254/6254/6254 6255/6255/6255
f 6256/6256/6256 6257/6257/6257 6258/6258/6258
f 6259/6259/6259 6260/6260/6260 6261/6261/6261
f 6262/6262/6262 6263/6263/6263 6264/6264/6264
f 6265/6265/6265 6266/6266/6266 6267/6267/6267
f 6268/6268/6268 6269/6269/6269 6270/6270/6270
f 6271/6271/6271 6272/6272/6272 6273/6273/6273
f 6274/6274/6274 6275/6275/6275 6276/6276/6276
f 6277/6277/6277 6278/6278/6278 6279/6279/6279
f 6280/6280/6280 6281/6281/6281 6282/6282/6282
f 6283/6283/6283 6284/6284/6284 6285/6285/6285
f 6286/6286/6286 6287/6287/6287 6288/6288/6288
f 6289/6289/6289 6290/6290/6290 6291/6291/6291
f 6292/6292/6292 6293/6293/6293 6294/6294/6294
f 6295/6295/6295 6296/6296/6296 6297/6297/6297
f 6298/6298/6298 6299/6299/6299 6300/6300/6300
f 6301/6301/6301 6302/6302/6302 6303/6303/6303
f 6304/6304/6304 6305/6305/6305 6306/6306/6306
f 6307/6307/6307 6308/6308/6308 6309/6309/6309
f 6310/6310/6310 6311/6311/6311 6312/6312/6312
f 6313/6313/6313 6314/6314/6314 6315/6315/6315
f 6316/6316/6316 6317/6317/6317 6318/6318/6318
f 6319/6319/6319 6320/6320/6320 6321/6321/6321
f 6322/6322/6322 6323/6323/6323 6324/6324/6324
f 6325/6325/6325 6326/6326/6326 6327/6327/6327
f 6328/6328/6328 6329/6329/6329 6330/6330/6330
f 6331/6331/6331 6332/6332/6332 6333/6333/6333
f 6334/6334/6334 6335/6335/6335 6336/6336/6336
f 6337/6337/6337 6338/6338/6338 6339/6339/6339
f 6340/6340/6340 6341/6341/6341 6342/6342/6342
f 6343/6343/6343 6344/6344/6344 6345/6345/6345
f 6346/6346/6346 6347/6347/6347 6348/6348/6348
f 6349/6349/6349 6350/6350/6350 6351/6351/6351
f 6352/6352/6352 6353/6353/6353 6354/6354/6354
f 6355/6355/6355 6356/6356/6356 6357/6357/6357
f 6358/6358/6358 6359/6359/6359 6360/6360/6360
f 6361/6361/6361 6362/6362/6362 6363/6363/6363
f 6364/6364/6364 6365/6365/6365 6366/6366/6366
f 6367/6367/6367 6368/6368/6368 6369/6369/6369
f 6370/6370/6370 6371/6371/6371 6372/6372/6372
f 6373/6373/6373 6374/6374/6374 6375/6375/6375
f 6376/6376/6376 6377/6377/6377 6378/6378/6378
f 6379/6379/6379 6380/6380/6380 6381/6381/6381
f 6382/6382/6382 6383/6383/6383 6384/6384/6384
f 6385/6385/6385 6386/6386/6386 6387/6387/6387
f 6388/6388/6388 6389/6389/6389 6390/6390/6390
f 6391/6391/6391 6392/6392/6392 6393/6393/6393
f 6394/6394/6394 6395/6395/6395 6396/6396/6396
f 6397/6397/6397 6398/6398/6398 6399/6399/6399
f 6400/6400/6400 6401/6401/6401 6402/6402/6402
f 6403/6403/6403 6404/6404/6404 6405/6405/6405
f 6406/6406/6406 6407/6407/6407 6408/6408/6408
f 6409/6409/6409 6410/6410/6410 6411/6411/6411
f 6412/6412/6412 6413/6413/6413 6414/6414/6414
f 6415/6415/6415 6416/6416/6416 6417/6417/6417
f 6418/6418/6418 6419/6419/6419 6420/6420/6420
f 6421/6421/6421 6422/6422/6422 6423/6423/6423
f 6424/6424/6424 6425/6425/6425 6426/6426/6426
f 6427/6427/6427 6428/6428/6428 6429/6429/6429
f 6430/6430/6430 6431/6431/6431 6432/6432/6432
f 6433/6433/6433 6434/6434/6434 6435/6435/6435
f 6436/6436/6436 6437/6437/6437 6438/6438/6438
f 6439/6439/6439 6440/6440/6440 6441/6441/6441
f 6442/6442/6442 6443/6443/6443 6444/6444/6444
f 6445/6445/6445 6446/6446/6446 6447/6447/6447
f 6448/6448/6448 6449/6449/6449 6450/6450/6450
f 6451/6451/6451 6452/6452/6452 6453/6453/6453
f 6454/6454/6454 6455/6455/6455 6456/6456/6456
f 6457/6457/6457 6458/6458/6458 6459/6459/6459
f 6460/6460/6460 6461/6461/6461 6462/6462/6462
f 6463/6463/6463 6464/6464/6464 6465/6465/6465
f 6466/6466/6466 6467/6467/6467 6468/6468/6468
f 6469/6469/6469 6470/6470/6470 6471/6471/6471
f 6472/6472/6472 6473/6473/6473 6474/6474/6474
f 6475/6475/6475 6476/6476/6476 6477/6477/6477
f 6478/6478/6478 6479/6479/6479 6480/6480/6480
f 6481/6481/6481 6482/6482/6482 6483/6483/6483
f 6484/6484/6484 6485/6485/6485 6486/6486/6486
f 6487/6487/6487 6488/6488/6488 6489/6489/6489
f 6490/6490/6490 6491/6491/6491 6492/6492/6492
f 6493/6493/6493 6494/6494/6494 6495/6495/6495
f 6496/6496/6496 6497/6497/6497 6498/6498/6498
f 6499/6499/6499 6500/6500/6500 6501/6501/6501
f 6502/6502/6502 6503/6503/6503 6504/6504/6504
f 6505/6505/6505 6506/6506/6506 6507/6507/6507
f 6508/6508/6508 6509/6509/6509 6510/6510/6510
f 6511/6511/6511 6512/6512/6512 6513/6513/6513
f 6514/6514/6514 6515/6515/6515 6516/6516/6516
f 6517/6517/6517 6518/6518/6518 6519/6519/6519
f 6520/6520/6520 6521/6521/6521 6522/6522/6522
f 6523/6523/6523 6524/6524/6524 6525/6525/6525
f 6526/6526/6526 6527/6527/6527 6528/6528/6528
f 6529/6529/6529 6530/6530/6530 6531/6531/6531
f 6532/6532/6532 6533/6533/6533 6534/6534/6534
f 6535/6535/6535 6536/6536/6536 6537/6537/6537
f 6538/6538/6538 6539/6539/6539 6540/6540/6540
f 6541/6541/6541 6542/6542/6542 6543/6543/6543
f 6544/6544/6544 6545/6545/6545 6546/6546/6546
f 6547/6547/6547 6548/6548/6548 6549/6549/6549
f 6550/6550/6550 6551/6551/6551 6552/6552/6552
f 6553/6553/6553 6554/6554/6554 6555/6555/6555
f 6556/6556/6556 6557/6557/6557 6558/6558/6558
f 6559/6559/6559 6560/6560/6560 6561/6561/6561
f 6562/6562/6562 6563/6563/6563 6564/6564/6564
f 6565/6565/6565 6566/6566/6566 6567/6567/6567
f 6568/6568/6568 6569/6569/6569 6570/6570/6570
f 6571/6571/6571 6572/6572/6572 6573/6573/6573
f 6574/6574/6574 6575/6575/6575 6576/6576/6576
f 6577/6577/6577 6578/6578/6578 6579/6579/6579
f 6580/6580/6580 6581/6581/6581 6582/6582/6582
f 6583/6583/6583 6584/6584/6584 6585/6585/6585
f 6586/6586/6586 6587/6587/6587 6588/6588/6588
f 6589/6589/6589 6590/6590/6590 6591/6591/6591
f 6592/6592/6592 6593/6593/6593 6594/6594/6594
f 6595/6595/6595 6596/6596/6596 6597/6597/6597
f 6598/6598/6598 6599/6599/6599 6600/6600/6600
f 6601/6601/6601 6602/6602/6602 6603/6603/6603
f 6604/6604/6604 6605/6605/6605 6606/6606/6606
f 6607/6607/6607 6608/6608/6608 6609/6609/6609
f 6610/6610/6610 6611/6611/6611 6612/6612/6612
f 6613/6613/6613 6614/6614/6614 6615/6615/6615
f 6616/6616/6616 6617/6617/6617 6618/6618/6618
f 6619/6619/6619 6620/6620/6620 6621/6621/6621
f 6622/6622/6622 6623/6623/6623 6624/6624/6624
f 6625/6625/6625 6626/6626/6626 6627/6627/6627
f 6628/6628/6628 6629/6629/6629 6630/6630/6630
f 6631/6631/6631 6632/6632/6632 6633/6633/6633
f 6634/6634/6634 6635/6635/6635 6636/6636/6636
f 6637/6637/6637 6638/6638/6638 6639/6639/6639
f 6640/6640/6640 6641/6641/6641 6642/6642/6642
f 6643/6643/6643 6644/6644/6644 6645/6645/6645
f 6646/6646/6646 6647/6647/6647 6648/6648/6648
f 6649/6649/6649 6650/6650/6650 6651/6651/6651
f 6652/6652/6652 6653/6653/6653 6654/6654/6654
f 6655/6655/6655 6656/6656/6656 6657/6657/6657
f 6658/6658/6658 6659/6659/6659 6660/6660/6660
f 6661/6661/6661 6662/6662/6662 6663/6663/6663
f 6664/6664/6664 6665/6665/6665 6666/6666/6666
f 6667/6667/6667 6668/6668/6668 6669/6669/6669
f 6670/6670/6670 6671/6671/6671 6672/6672/6672
f 6673/6673/6673 6674/6674/6674 6675/6675/6675
f 6676/6676/6676 6677/6677/6677 6678/6678/6678
f 6679/6679/6679 6680/6680/6680 6681/6681/6681
f 6682/6682/6682 6683/6683/6683 6684/6684/6684
f 6685/6685/6685 6686/6686/6686 6687/6687/6687
f 6688/6688/6688 6689/6689/6689 6690/6690/6690
f 6691/6691/6691 6692/6692/6692 6693/6693/6693
f 6694/6694/6694 6695/6695/6695 6696/6696/6696
f 6697/6697/6697 6698/6698/6698 6699/6699/6699
f 6700/6700/6700 6701/6701/6701 6702/6702/6702
f 6703/6703/6703 6704/6704/6704 6705/6705/6705
f 6706/6706/6706 6707/6707/6707 6708/6708/6708
f 6709/6709/6709 6710/6710/6710 6711/6711/6711
f 6712/6712/6712 6713/6713/6713 6714/6714/6714
f 6715/6715/6715 6716/6716/6716 6717/6717/6717
f 6718/6718/6718 6719/6719/6719 6720/6720/6720
f 6721/6721/6721 6722/6722/6722 6723/6723/6723
f 6724/6724/6724 6725/6725/6725 6726/6726/6726
f 6727/6727/6727 6728/6728/6728 6729/6729/6729
f 6730/6730/6730 6731/6731/6731 6732/6732/6732
f 6733/6733/6733 6734/6734/6734 6735/6735/6735
f 6736/6736/6736 6737/6737/6737 6738/6738/6738
f 6739/6739/6739 6740/6740/6740 6741/6741/6741
f 6742/6742/6742 6743/6743/6743 6744/6744/6744
f 6745/6745/6745 6746/6746/6746 6747/6747/6747
f 6748/6748/6748 6749/6749/6749 6750/6750/6750
f 6751/6751/6751 6752/6752/6752 6753/6753/6753
f 6754/6754/6754 6755/6755/6755 6756/6756/6756
f 6757/6757/6757 6758/6758/6758 6759/6759/6759
f 6760/6760/6760 6761/6761/6761 6762/6762/6762
f 6763/6763/6763 6764/6764/6764 6765/6765/6765
f 6766/6766/6766 6767/6767/6767 6768/6768/6768
f 6769/6769/6769 6770/6770/6770 6771/6771/6771
f 6772/6772/6772 6773/6773/6773 6774/6774/6774
f 6775/6775/6775 6776/6776/6776 6777/6777/6777
f 6778/6778/6778 6779/6779/6779 6780/6780/6780
f 6781/6781/6781 6782/6782/6782 6783/6783/6783
f 6784/6784/6784 6785/6785/6785 6786/6786/6786
f 6787/6787/6787 6788/6788/6788 6789/6789/6789
f 6790/6790/6790 6791/6791/6791 6792/6792/6792
f 6793/6793/6793 6794/6794/6794 6795/6795/6795
f 6796/6796/6796 6797/6797/6797 6798/6798/6798
f 6799/6799/6799 6800/6800/6800 6801/6801/6801
f 6802/6802/6802 6803/6803/6803 6804/6804/6804
f 6805/6805/6805 6806/6806/6806 6807/6807/6807
f 6808/6808/6808 6809/6809/6809 6810/6810/6810
f 6811/6811/6811 6812/6812/6812 6813/6813/6813
f 6814/6814/6814 6815/6815/6815 6816/6816/6816
f 6817/6817/6817 6818/6818/6818 6819/6819/6819
f 6820/6820/6820 6821/6821/6821 6822/6822/6822
f 6823/6823/6823 6824/6824/6824 6825/6825/6825
f 6826/6826/6826 6827/6827/6827 6828/6828/6828
f 6829/6829/6829 6830/6830/6830 6831/6831/6831
f 6832/6832/6832 6833/6833/6833 6834/6834/6834
f 6835/6835/6835 6836/6836/6836 6837/6837/6837
f 6838/6838/6838 6839/6839/6839 6840/6840/6840
f 6841/6841/6841 6842/6842/6842 6843/6843/6843
f 6844/6844/6844 6845/6845/6845 6846/6846/6846
f 6847/6847/6847 6848/6848/6848 6849/6849/6849
f 6850/6850/6850 6851/6851/6851 6852/6852/6852
f 6853/6853/6853 6854/6854/6854 6855/6855/6855
f 6856/6856/6856 6857/6857/6857 6858/6858/6858
f 6859/6859/6859 6860/6860/6860 6861/6861/6861
f 6862/6862/6862 6863/6863/6863 6864/6864/6864
f 6865/6865/6865 6866/6866/6866 6867/6867/6867
f 6868/6868/6868 6869/6869/6869 6870/6870/6870
f 6871/6871/6871 6872/6872/6872 6873/6873/6873
f 6874/6874/6874 6875/6875/6875 6876/6876/6876
f 6877/6877/6877 6878/6878/6878 6879/6879/6879
f 6880/6880/6880 6881/6881/6881 6882/6882/6882
f 6883/6883/6883 6884/6884/6884 6885/6885/6885
f 6886/6886/6886 6887/6887/6887 6888/6888/6888
f 6889/6889/6889 6890/6890/6890 6891/6891/6891
f 6892/6892/6892 6893/6893/6893 6894/6894/6894
f 6895/6895/6895 6896/6896/6896 6897/6897/6897
f 6898/6898/6898 6899/6899/6899 6900/6900/6900
f 6901/6901/6901 6902/6902/6902 6903/6903/6903
f 6904/6904/6904 6905/6905/6905 6906/6906/6906
f 6907/6907/6907 6908/6908/6908 6909/6909/6909
f 6910/6910/6910 6911/6911/6911 6912/6912/6912
f 6913/6913/6913 6914/6914/6914 6915/6915/6915
f 6916/6916/6916 6917/6917/6917 6918/6918/6918
f 6919/6919/6919 6920/6920/6920 6921/6921/6921
f 6922/6922/6922 6923/6923/6923 6924/6924/6924
f 6925/6925/6925 6926/6926/6926 6927/6927/6927
f 6928/6928/6928 6929/6929/6929 6930/6930/6930
f 6931/6931/6931 6932/6932/6932 6933/6933/6933
f 6934/6934/6934 6935/6935/6935 6936/6936/6936
f 6937/6937/6937 6938/6938/6938 6939/6939/6939
f 6940/6940/6940 6941/6941/6941 6942/6942/6942
f 6943/6943/6943 6944/6944/6944 6945/6945/6945
f 6946/6946/6946 6947/6947/6947 6948/6948/6948
f 6949/6949/6949 6950/6950/6950 6951/6951/6951
f 6952/6952/6952 6953/6953/6953 6954/6954/6954
f 6955/6955/6955 6956/6956/6956 6957/6957/6957
f 6958/6958/6958 6959/6959/6959 6960/6960/6960
f 6961/6961/6961 6962/6962/6962 6963/6963/6963
f 6964/6964/6964 6965/6965/6965 6966/6966/6966
f 6967/6967/6967 6968/6968/6968 6969/6969/6969
f 6970/6970/6970 6971/6971/6971 6972/6972/6972
f 6973/6973/6973 6974/6974/6974 6975/6975/6975
f 6976/6976/6976 6977/6977/6977 6978/6978/6978
f 6979/6979/6979 6980/6980/6980 6981/6981/6981
f 6982/6982/6982 6983/6983/6983 6984/6984/6984
f 6985/6985/6985 6986/6986/6986 6987/6987/6987
f 6988/6988/6988 6989/6989/6989 6990/6990/6990
f 6991/6991/6991 6992/6992/6992 6993/6993/6993
f 6994/6994/6994 6995/6995/6995 6996/6996/6996
f 6997/6997/6997 6998/6998/6998 6999/6999/6999
f 7000/7000/7000 7001/7001/7001 7002/7002/7002
f 7003/7003/7003 7004/7004/7004 7005/7005/7005
f 7006/7006/7006 7007/7007/7007 7008/7008/7008
f 7009/7009/7009 7010/7010/7010 7011/7011/7011
f 7012/7012/7012 7013/7013/7013 7014/7014/7014
f 7015/7015/7015 7016/7016/7016 7017/7017/7017
f 7018/7018/7018 7019/7019/7019 7020/7020/7020
f 7021/7021/7021 7022/7022/7022 7023/7023/7023
f 7024/7024/7024 7025/7025/7025 7026/7026/7026
f 7027/7027/7027 7028/7028/7028 7029/7029/7029
f 7030/7030/7030 7031/7031/7031 7032/7032/7032
f 7033/7033/7033 7034/7034/7034 7035/7035/7035
f 7036/7036/7036 7037/7037/7037 7038/7038/7038
f 7039/7039/7039 7040/7040/7040 7041/7041/7041
f 7042/7042/7042 7043/7043/7043 7044/7044/7044
f 7045/7045/7045 7046/7046/7046 7047/7047/7047
f 7048/7048/7048 7049/7049/7049 7050/7050/7050
f 7051/7051/7051 7052/7052/7052 7053/7053/7053
f 7054/7054/7054 7055/7055/7055 7056/7056/7056
f 7057/7057/7057 7058/7058/7058 7059/7059/7059
f 7060/7060/7060 7061/7061/7061 7062/7062/7062
f 7063/7063/7063 7064/7064/7064 7065/7065/7065
f 7066/7066/7066 7067/7067/7067 7068/7068/7068
f 7069/7069/7069 7070/7070/7070 7071/7071/7071
f 7072/7072/7072 7073/7073/7073 7074/7074/7074
f 7075/7075/7075 7076/7076/7076 7077/7077/7077
f 7078/7078/7078 7079/7079/7079 7080/7080/7080
f 7081/7081/7081 7082/7082/7082 7083/7083/7083
f 7084/7084/7084 7085/7085/7085 7086/7086/7086
f 7087/7087/7087 7088/7088/7088 7089/7089/7089
f 7090/7090/7090 7091/7091/7091 7092/7092/7092
f 7093/7093/7093 7094/7094/7094 7095/7095/7095
f 7096/7096/7096 7097/7097/7097 7098/7098/7098
f 7099/7099/7099 7100/7100/7100 7101/7101/7101
f 7102/7102/7102 7103/7103/7103 7104/7104/7104
f 7105/7105/7105 7106/7106/7106 7107/7107/7107
f 7108/7108/7108 7109/7109/7109 7110/7110/7110
f 7111/7111/7111 7112/7112/7112 7113/7113/7113
f 7114/7114/7114 7115/7115/7115 7116/7116/7116
f 7117/7117/7117 7118/7118/7118 7119/7119/7119
f 7120/7120/7120 7121/7121/7121 7122/7122/7122
f 7123/7123/7123 7124/7124/7124 7125/7125/7125
f 7126/7126/7126 7127/7127/7127 7128/7128/7128
f 7129/7129/7129 7130/7130/7130 7131/7131/7131
f 7132/7132/7132 7133/7133/7133 7134/7134/7134
f 7135/7135/7135 7136/7136/7136 7137/7137/7137
f 7138/7138/7138 7139/7139/7139 7140/7140/7140
f 7141/7141/7141 7142/7142/7142 7143/7143/7143
f 7144/7144/7144 7145/7145/7145 7146/7146/7146
f 7147/7147/7147 7148/7148/7148 7149/7149/7149
f 7150/7150/7150 7151/7151/7151 7152/7152/7152
f 7153/7153/7153 7154/7154/7154 7155/7155/7155
f 7156/7156/7156 7157/7157/7157 7158/7158/7158
f 7159/7159/7159 7160/7160/7160 7161/7161/7161
f 7162/7162/7162 7163/7163/7163 7164/7164/7164
f 7165/7165/7165 7166/7166/7166 7167/7167/7167
f 7168/7168/7168 7169/7169/7169 7170/7170/7170
f 7171/7171/7171 7172/7172/7172 7173/7173/7173
f 7174/7174/7174 7175/7175/7175 7176/7176/7176
f 7177/7177/7177 7178/7178/7178 7179/7179/7179
f 7180/7180/7180 7181/7181/7181 7182/7182/7182
f 7183/7183/7183 7184/7184/7184 7185/7185/7185
f 7186/7186/7186 7187/7187/7187 7188/7188/7188
f 7189/7189/7189 7190/7190/7190 7191/7191/7191
f 7192/7192/7192 7193/7193/7193 7194/7194/7194
f 7195/7195/7195 7196/7196/7196 7197/7197/7197
f 7198/7198/7198 7199/7199/7199 7200/7200/7200
f 7201/7201/7201 7202/7202/7202 7203/7203/7203
f 7204/7204/7204 7205/7205/7205 7206/7206/7206
f 7207/7207/7207 7208/7208/7208 7209/7209/7209
f 7210/7210/7210 7211/7211/7211 7212/7212/7212
f 7213/7213/7213 7214/7214/7214 7215/7215/7215
f 7216/7216/7216 7217/7217/7217 7218/7218/7218
f 7219/7219/7219 7220/7220/7220 7221/7221/7221
f 7222/7222/7222 7223/7223/7223 7224/7224/7224
f 7225/7225/7225 7226/7226/7226 7227/7227/7227
f 7228/7228/7228 7229/7229/7229 7230/7230/7230
f 7231/7231/7231 7232/7232/7232 7233/7233/7233
f 7234/7234/7234 7235/7235/7235 7236/7236/7236
f 7237/7237/7237 7238/7238/7238 7239/7239/7239
f 7240/7240/7240 7241/7241/7241 7242/7242/7242
f 7243/7243/7243 7244/7244/7244 7245/7245/7245
f 7246/7246/7246 7247/7247/7247 7248/7248/7248
f 7249/7249/7249 7250/7250/7250 7251/7251/7251
f 7252/7252/7252 7253/7253/7253 7254/7254/7254
f 7255/7255/7255 7256/7256/7256 7257/7257/7257
f 7258/7258/7258 7259/7259/7259 7260/7260/7260
f 7261/7261/7261 7262/7262/7262 7263/7263/7263
f 7264/7264/7264 7265/7265/7265 7266/7266/7266
f 7267/7267/7267 7268/7268/7268 7269/7269/7269
f 7270/7270/7270 7271/7271/7271 7272/7272/7272
f 7273/7273/7273 7274/7274/7274 7275/7275/7275
f 7276/7276/7276 7277/7277/7277 7278/7278/7278
f 7279/7279/7279 7280/7280/7280 7281/7281/7281
f 7282/7282/7282 7283/7283/7283 7284/7284/7284
f 7285/7285/7285 7286/7286/7286 7287/7287/7287
f 7288/7288/7288 7289/7289/7289 7290/7290/7290
f 7291/7291/7291 7292/7292/7292 7293/7293/7293
f 7294/7294/7294 7295/7295/7295 7296/7296/7296
f 7297/7297/7297 7298/7298/7298 7299/7299/7299
f 7300/7300/7300 7301/7301/7301 7302/7302/7302
f 7303/7303/7303 7304/7304/7304 7305/7305/7305
f 7306/7306/7306 7307/7307/7307 7308/7308/7308
f 7309/7309/7309 7310/7310/7310 7311/7311/7311
f 7312/7312/7312 7313/7313/7313 7314/7314/7314
f 7315/7315/7315 7316/7316/7316 7317/7317/7317
f 7318/7318/7318 7319/7319/7319 7320/7320/7320
f 7321/7321/7321 7322/7322/7322 7323/7323/7323
f 7324/7324/7324 7325/7325/7325 7326/7326/7326
f 7327/7327/7327 7328/7328/7328 7329/7329/7329
f 7330/7330/7330 7331/7331/7331 7332/7332/7332
f 7333/7333/7333 7334/7334/7334 7335/7335/7335
f 7336/7336/7336 7337/7337/7337 7338/7338/7338
f 7339/7339/7339 7340/7340/7340 7341/7341/7341
f 7342/7342/7342 7343/7343/7343 7344/7344/7344
f 7345/7345/7345 7346/7346/7346 7347/7347/7347
f 7348/7348/7348 7349/7349/7349 7350/7350/7350
f 7351/7351/7351 7352/7352/7352 7353/7353/7353
f 7354/7354/7354 7355/7355/7355 7356/7356/7356
f 7357/7357/7357 7358/7358/7358 7359/7359/7359
f 7360/7360/7360 7361/7361/7361 7362/7362/7362
f 7363/7363/7363 7364/7364/7364 7365/7365/7365
f 7366/7366/7366 7367/7367/7367 7368/7368/7368
f 7369/7369/7369 7370/7370/7370 7371/7371/7371
f 7372/7372/7372 7373/7373/7373 7374/7374/7374
f 7375/7375/7375 7376/7376/7376 7377/7377/7377
f 7378/7378/7378 7379/7379/7379 7380/7380/7380
f 7381/7381/7381 7382/7382/7382 7383/7383/7383
f 7384/7384/7384 7385/7385/7385 7386/7386/7386
f 7387/7387/7387 7388/7388/7388 7389/7389/7389
f 7390/7390/7390 7391/7391/7391 7392/7392/7392
f 7393/7393/7393 7394/7394/7394 7395/7395/7395
f 7396/7396/7396 7397/7397/7397 7398/7398/7398
f 7399/7399/7399 7400/7400/7400 7401/7401/7401
f 7402/7402/7402 7403/7403/7403 7404/7404/7404
f 7405/7405/7405 7406/7406/7406 7407/7407/7407
f 7408/7408/7408 7409/7409/7409 7410/7410/7410
f 7411/7411/7411 7412/7412/7412 7413/7413/7413
f 7414/7414/7414 7415/7415/7415 7416/7416/7416
f 7417/7417/7417 7418/7418/7418 7419/7419/7419
f 7420/7420/7420 7421/7421/7421 7422/7422/7422
f 7423/7423/7423 7424/7424/7424 7425/7425/7425
f 7426/7426/7426 7427/7427/7427 7428/7428/7428
f 7429/7429/7429 7430/7430/7430 7431/7431/7431
f 7432/7432/7432 7433/7433/7433 7434/7434/7434
f 7435/7435/7435 7436/7436/7436 7437/7437/7437
f 7438/7438/7438 7439/7439/7439 7440/7440/7440
f 7441/7441/7441 7442/7442/7442 7443/7443/7443
f 7444/7444/7444 7445/7445/7445 7446/7446/7446
f 7447/7447/7447 7448/7448/7448 7449/7449/7449
f 7450/7450/7450 7451/7451/7451 7452/7452/7452
f 7453/7453/7453 7454/7454/7454 7455/7455/7455
f 7456/7456/7456 7457/7457/7457 7458/7458/7458