mtllib 162369616.mtl
o Mesh

v 0.23872 -0.313014 0.00958888
v 0.207962 -0.322735 0.00447188
v 0.20307 -0.353331 0.14292
v 0.20307 -0.353331 0.14292
v 0.233835 -0.343624 0.148035
v 0.23872 -0.313014 0.00958888
v 0.32709 -0.57935 -0.0161681
v 0.306356 -0.587209 0.123458
v 0.275594 -0.596915 0.118344
v 0.275594 -0.596915 0.118344
v 0.296325 -0.589056 -0.0212831
v 0.32709 -0.57935 -0.0161681
v 0.291276 -0.619418 0.275283
v 0.277073 -0.588308 0.312979
v 0.246316 -0.598028 0.307863
v 0.246316 -0.598028 0.307863
v 0.260511 -0.629125 0.270168
v 0.291276 -0.619418 0.275283
v 0.28996 -0.547549 -0.0504431
v 0.320724 -0.537842 -0.0453281
v 0.32709 -0.57935 -0.0161681
v 0.32709 -0.57935 -0.0161681
v 0.296325 -0.589056 -0.0212831
v 0.28996 -0.547549 -0.0504431
v 0.336327 -0.556868 0.00539289
v 0.314811 -0.559857 0.128258
v 0.306356 -0.587209 0.123458
v 0.306356 -0.587209 0.123458
v 0.32709 -0.57935 -0.0161681
v 0.336327 -0.556868 0.00539289
v 0.303554 -0.58926 0.2636
v 0.294804 -0.559015 0.293006
v 0.277073 -0.588308 0.312979
v 0.277073 -0.588308 0.312979
v 0.291276 -0.619418 0.275283
v 0.303554 -0.58926 0.2636
v 0.22982 -0.367032 0.285092
v 0.237742 -0.360174 0.237591
v 0.212174 -0.345245 0.24775
v 0.212174 -0.345245 0.24775
v 0.202907 -0.353083 0.301039
v 0.22982 -0.367032 0.285092
v 0.320724 -0.537842 -0.0453281
v 0.332424 -0.51609 -0.0147231
v 0.336327 -0.556868 0.00539289
v 0.336327 -0.556868 0.00539289
v 0.32709 -0.57935 -0.0161681
v 0.320724 -0.537842 -0.0453281
v 0.222826 -0.373242 0.0360709
v 0.218566 -0.400029 0.138404
v 0.20307 -0.353331 0.14292
v 0.20307 -0.353331 0.14292
v 0.207962 -0.322735 0.00447188
v 0.222826 -0.373242 0.0360709
v 0.246316 -0.598028 0.307863
v 0.250458 -0.547203 0.25992
v 0.253117 -0.576486 0.239782
v 0.253117 -0.576486 0.239782
v 0.260511 -0.629125 0.270168
v 0.246316 -0.598028 0.307863
v 0.257719 -0.574275 0.200417
v 0.260105 -0.55023 0.122859
v 0.275594 -0.596915 0.118344
v 0.275594 -0.596915 0.118344
v 0.267797 -0.624941 0.219234
v 0.257719 -0.574275 0.200417
v 0.282493 -0.552679 0.0187339
v 0.281339 -0.512713 0.00872389
v 0.28996 -0.547549 -0.0504431
v 0.28996 -0.547549 -0.0504431
v 0.296325 -0.589056 -0.0212831
v 0.282493 -0.552679 0.0187339
v 0.282493 -0.552679 0.0187339
v 0.260105 -0.55023 0.122859
v 0.290863 -0.540509 0.127975
v 0.290863 -0.540509 0.127975
v 0.313258 -0.542972 0.0238479
v 0.282493 -0.552679 0.0187339
v 0.283882 -0.566779 0.244897
v 0.253117 -0.576486 0.239782
v 0.250458 -0.547203 0.25992
v 0.250458 -0.547203 0.25992
v 0.281223 -0.537496 0.265035
v 0.283882 -0.566779 0.244897
v 0.226497 -0.393827 0.261623
v 0.195739 -0.403548 0.256507
v 0.202162 -0.397794 0.215471
v 0.202162 -0.397794 0.215471
v 0.23292 -0.388073 0.220587
v 0.226497 -0.393827 0.261623
v 0.281339 -0.512713 0.00872389
v 0.282493 -0.552679 0.0187339
v 0.313258 -0.542972 0.0238479
v 0.313258 -0.542972 0.0238479
v 0.312104 -0.503006 0.0138389
v 0.281339 -0.512713 0.00872389
v 0.261514 -0.331573 0.0271729
v 0.280609 -0.359933 0.000377885
v 0.256474 -0.344205 -0.0266021
v 0.256474 -0.344205 -0.0266021
v 0.23872 -0.313014 0.00958888
v 0.261514 -0.331573 0.0271729
v 0.22571 -0.353912 -0.0317171
v 0.207962 -0.322735 0.00447188
v 0.23872 -0.313014 0.00958888
v 0.23872 -0.313014 0.00958888
v 0.256474 -0.344205 -0.0266021
v 0.22571 -0.353912 -0.0317171
v 0.222826 -0.373242 0.0360709
v 0.207962 -0.322735 0.00447188
v 0.22571 -0.353912 -0.0317171
v 0.22571 -0.353912 -0.0317171
v 0.243429 -0.398454 0.0197739
v 0.222826 -0.373242 0.0360709
v 0.253583 -0.363522 0.0411859
v 0.222826 -0.373242 0.0360709
v 0.243429 -0.398454 0.0197739
v 0.243429 -0.398454 0.0197739
v 0.274192 -0.388747 0.0248889
v 0.253583 -0.363522 0.0411859
v 0.280609 -0.359933 0.000377885
v 0.308868 -0.435728 -0.0220681
v 0.290256 -0.439127 -0.0538021
v 0.290256 -0.439127 -0.0538021
v 0.256474 -0.344205 -0.0266021
v 0.280609 -0.359933 0.000377885
v 0.259499 -0.448847 -0.0589181
v 0.290256 -0.439127 -0.0538021
v 0.320724 -0.537842 -0.0453281
v 0.320724 -0.537842 -0.0453281
v 0.28996 -0.547549 -0.0504431
v 0.259499 -0.448847 -0.0589181
v 0.281339 -0.512713 0.00872389
v 0.263072 -0.453675 0.00222989
v 0.259499 -0.448847 -0.0589181
v 0.259499 -0.448847 -0.0589181
v 0.28996 -0.547549 -0.0504431
v 0.281339 -0.512713 0.00872389
v 0.263072 -0.453675 0.00222989
v 0.296275 -0.443157 0.00775689
v 0.274192 -0.388747 0.0248889
v 0.274192 -0.388747 0.0248889
v 0.243429 -0.398454 0.0197739
v 0.263072 -0.453675 0.00222989
v 0.212577 -0.433031 0.270962
v 0.195739 -0.403548 0.256507
v 0.226497 -0.393827 0.261623
v 0.226497 -0.393827 0.261623
v 0.243341 -0.423325 0.276076
v 0.212577 -0.433031 0.270962
v 0.195739 -0.403548 0.256507
v 0.212577 -0.433031 0.270962
v 0.181671 -0.403203 0.326704
v 0.181671 -0.403203 0.326704
v 0.172148 -0.362804 0.295923
v 0.195739 -0.403548 0.256507
v 0.202907 -0.353083 0.301039
v 0.172148 -0.362804 0.295923
v 0.181671 -0.403203 0.326704
v 0.181671 -0.403203 0.326704
v 0.21243 -0.393482 0.33182
v 0.202907 -0.353083 0.301039
v 0.21243 -0.393482 0.33182
v 0.242796 -0.40227 0.308165
v 0.22982 -0.367032 0.285092
v 0.22982 -0.367032 0.285092
v 0.202907 -0.353083 0.301039
v 0.21243 -0.393482 0.33182
v 0.281223 -0.537496 0.265035
v 0.250458 -0.547203 0.25992
v 0.229589 -0.491157 0.274761
v 0.229589 -0.491157 0.274761
v 0.262786 -0.480624 0.280288
v 0.281223 -0.537496 0.265035
v 0.212577 -0.433031 0.270962
v 0.229589 -0.491157 0.274761
v 0.211422 -0.502635 0.332324
v 0.211422 -0.502635 0.332324
v 0.181671 -0.403203 0.326704
v 0.212577 -0.433031 0.270962
v 0.242181 -0.492914 0.33744
v 0.211422 -0.502635 0.332324
v 0.246316 -0.598028 0.307863
v 0.246316 -0.598028 0.307863
v 0.277073 -0.588308 0.312979
v 0.242181 -0.492914 0.33744
v 0.294804 -0.559015 0.293006
v 0.26768 -0.481809 0.31312
v 0.242181 -0.492914 0.33744
v 0.242181 -0.492914 0.33744
v 0.277073 -0.588308 0.312979
v 0.294804 -0.559015 0.293006
v 0.290256 -0.439127 -0.0538021
v 0.308868 -0.435728 -0.0220681
v 0.332424 -0.51609 -0.0147231
v 0.332424 -0.51609 -0.0147231
v 0.320724 -0.537842 -0.0453281
v 0.290256 -0.439127 -0.0538021
v 0.22571 -0.353912 -0.0317171
v 0.256474 -0.344205 -0.0266021
v 0.290256 -0.439127 -0.0538021
v 0.290256 -0.439127 -0.0538021
v 0.259499 -0.448847 -0.0589181
v 0.22571 -0.353912 -0.0317171
v 0.243429 -0.398454 0.0197739
v 0.22571 -0.353912 -0.0317171
v 0.259499 -0.448847 -0.0589181
v 0.259499 -0.448847 -0.0589181
v 0.263072 -0.453675 0.00222989
v 0.243429 -0.398454 0.0197739
v 0.263072 -0.453675 0.00222989
v 0.281339 -0.512713 0.00872389
v 0.312104 -0.503006 0.0138389
v 0.312104 -0.503006 0.0138389
v 0.296275 -0.443157 0.00775689
v 0.263072 -0.453675 0.00222989
v 0.229589 -0.491157 0.274761
v 0.212577 -0.433031 0.270962
v 0.243341 -0.423325 0.276076
v 0.243341 -0.423325 0.276076
v 0.262786 -0.480624 0.280288
v 0.229589 -0.491157 0.274761
v 0.250458 -0.547203 0.25992
v 0.246316 -0.598028 0.307863
v 0.211422 -0.502635 0.332324
v 0.211422 -0.502635 0.332324
v 0.229589 -0.491157 0.274761
v 0.250458 -0.547203 0.25992
v 0.21243 -0.393482 0.33182
v 0.181671 -0.403203 0.326704
v 0.211422 -0.502635 0.332324
v 0.211422 -0.502635 0.332324
v 0.242181 -0.492914 0.33744
v 0.21243 -0.393482 0.33182
v 0.242181 -0.492914 0.33744
v 0.26768 -0.481809 0.31312
v 0.242796 -0.40227 0.308165
v 0.242796 -0.40227 0.308165
v 0.21243 -0.393482 0.33182
v 0.242181 -0.492914 0.33744
v 0.18141 -0.354951 0.242635
v 0.172148 -0.362804 0.295923
v 0.202907 -0.353083 0.301039
v 0.202907 -0.353083 0.301039
v 0.212174 -0.345245 0.24775
v 0.18141 -0.354951 0.242635
v 0.29856 -0.615235 0.224349
v 0.267797 -0.624941 0.219234
v 0.275594 -0.596915 0.118344
v 0.275594 -0.596915 0.118344
v 0.306356 -0.587209 0.123458
v 0.29856 -0.615235 0.224349
v 0.306356 -0.587209 0.123458
v 0.314811 -0.559857 0.128258
v 0.309573 -0.586011 0.218131
v 0.309573 -0.586011 0.218131
v 0.29856 -0.615235 0.224349
v 0.306356 -0.587209 0.123458
v 0.233835 -0.343624 0.148035
v 0.256922 -0.360372 0.148569
v 0.261514 -0.331573 0.0271729
v 0.261514 -0.331573 0.0271729
v 0.23872 -0.313014 0.00958888
v 0.233835 -0.343624 0.148035
v 0.195739 -0.403548 0.256507
v 0.172148 -0.362804 0.295923
v 0.18141 -0.354951 0.242635
v 0.18141 -0.354951 0.242635
v 0.202162 -0.397794 0.215471
v 0.195739 -0.403548 0.256507
v 0.282493 -0.552679 0.0187339
v 0.296325 -0.589056 -0.0212831
v 0.275594 -0.596915 0.118344
v 0.275594 -0.596915 0.118344
v 0.260105 -0.55023 0.122859
v 0.282493 -0.552679 0.0187339
v 0.257719 -0.574275 0.200417
v 0.288482 -0.564569 0.205531
v 0.290863 -0.540509 0.127975
v 0.290863 -0.540509 0.127975
v 0.260105 -0.55023 0.122859
v 0.257719 -0.574275 0.200417
v 0.218566 -0.400029 0.138404
v 0.222826 -0.373242 0.0360709
v 0.253583 -0.363522 0.0411859
v 0.253583 -0.363522 0.0411859
v 0.249325 -0.390308 0.14352
v 0.218566 -0.400029 0.138404
v 0.23292 -0.388073 0.220587
v 0.202162 -0.397794 0.215471
v 0.218566 -0.400029 0.138404
v 0.218566 -0.400029 0.138404
v 0.249325 -0.390308 0.14352
v 0.23292 -0.388073 0.220587
v 0.202162 -0.397794 0.215471
v 0.18141 -0.354951 0.242635
v 0.20307 -0.353331 0.14292
v 0.20307 -0.353331 0.14292
v 0.218566 -0.400029 0.138404
v 0.202162 -0.397794 0.215471
v 0.20307 -0.353331 0.14292
v 0.18141 -0.354951 0.242635
v 0.212174 -0.345245 0.24775
v 0.212174 -0.345245 0.24775
v 0.233835 -0.343624 0.148035
v 0.20307 -0.353331 0.14292
v 0.237742 -0.360174 0.237591
v 0.256922 -0.360372 0.148569
v 0.233835 -0.343624 0.148035
v 0.233835 -0.343624 0.148035
v 0.212174 -0.345245 0.24775
v 0.237742 -0.360174 0.237591
v 0.253117 -0.576486 0.239782
v 0.283882 -0.566779 0.244897
v 0.288482 -0.564569 0.205531
v 0.288482 -0.564569 0.205531
v 0.257719 -0.574275 0.200417
v 0.253117 -0.576486 0.239782
v 0.253117 -0.576486 0.239782
v 0.257719 -0.574275 0.200417
v 0.267797 -0.624941 0.219234
v 0.267797 -0.624941 0.219234
v 0.260511 -0.629125 0.270168
v 0.253117 -0.576486 0.239782
v 0.291276 -0.619418 0.275283
v 0.260511 -0.629125 0.270168
v 0.267797 -0.624941 0.219234
v 0.267797 -0.624941 0.219234
v 0.29856 -0.615235 0.224349
v 0.291276 -0.619418 0.275283
v 0.29856 -0.615235 0.224349
v 0.309573 -0.586011 0.218131
v 0.303554 -0.58926 0.2636
v 0.303554 -0.58926 0.2636
v 0.291276 -0.619418 0.275283
v 0.29856 -0.615235 0.224349
v 0.226497 -0.393827 0.261623
v 0.23292 -0.388073 0.220587
v 0.237742 -0.360174 0.237591
v 0.237742 -0.360174 0.237591
v 0.22982 -0.367032 0.285092
v 0.226497 -0.393827 0.261623
v 0.242796 -0.40227 0.308165
v 0.243341 -0.423325 0.276076
v 0.226497 -0.393827 0.261623
v 0.226497 -0.393827 0.261623
v 0.22982 -0.367032 0.285092
v 0.242796 -0.40227 0.308165
v 0.26768 -0.481809 0.31312
v 0.262786 -0.480624 0.280288
v 0.243341 -0.423325 0.276076
v 0.243341 -0.423325 0.276076
v 0.242796 -0.40227 0.308165
v 0.26768 -0.481809 0.31312
v 0.281223 -0.537496 0.265035
v 0.262786 -0.480624 0.280288
v 0.26768 -0.481809 0.31312
v 0.26768 -0.481809 0.31312
v 0.294804 -0.559015 0.293006
v 0.281223 -0.537496 0.265035
v 0.283882 -0.566779 0.244897
v 0.281223 -0.537496 0.265035
v 0.294804 -0.559015 0.293006
v 0.294804 -0.559015 0.293006
v 0.303554 -0.58926 0.2636
v 0.283882 -0.566779 0.244897
v 0.309573 -0.586011 0.218131
v 0.288482 -0.564569 0.205531
v 0.283882 -0.566779 0.244897
v 0.283882 -0.566779 0.244897
v 0.303554 -0.58926 0.2636
v 0.309573 -0.586011 0.218131
v 0.314811 -0.559857 0.128258
v 0.290863 -0.540509 0.127975
v 0.288482 -0.564569 0.205531
v 0.288482 -0.564569 0.205531
v 0.309573 -0.586011 0.218131
v 0.314811 -0.559857 0.128258
v 0.313258 -0.542972 0.0238479
v 0.290863 -0.540509 0.127975
v 0.314811 -0.559857 0.128258
v 0.314811 -0.559857 0.128258
v 0.336327 -0.556868 0.00539289
v 0.313258 -0.542972 0.0238479
v 0.332424 -0.51609 -0.0147231
v 0.312104 -0.503006 0.0138389
v 0.313258 -0.542972 0.0238479
v 0.313258 -0.542972 0.0238479
v 0.336327 -0.556868 0.00539289
v 0.332424 -0.51609 -0.0147231
v 0.308868 -0.435728 -0.0220681
v 0.296275 -0.443157 0.00775689
v 0.312104 -0.503006 0.0138389
v 0.312104 -0.503006 0.0138389
v 0.332424 -0.51609 -0.0147231
v 0.308868 -0.435728 -0.0220681
v 0.274192 -0.388747 0.0248889
v 0.296275 -0.443157 0.00775689
v 0.308868 -0.435728 -0.0220681
v 0.308868 -0.435728 -0.0220681
v 0.280609 -0.359933 0.000377885
v 0.274192 -0.388747 0.0248889
v 0.253583 -0.363522 0.0411859
v 0.274192 -0.388747 0.0248889
v 0.280609 -0.359933 0.000377885
v 0.280609 -0.359933 0.000377885
v 0.261514 -0.331573 0.0271729
v 0.253583 -0.363522 0.0411859
v 0.256922 -0.360372 0.148569
v 0.249325 -0.390308 0.14352
v 0.253583 -0.363522 0.0411859
v 0.253583 -0.363522 0.0411859
v 0.261514 -0.331573 0.0271729
v 0.256922 -0.360372 0.148569
v 0.23292 -0.388073 0.220587
v 0.249325 -0.390308 0.14352
v 0.256922 -0.360372 0.148569
v 0.256922 -0.360372 0.148569
v 0.237742 -0.360174 0.237591
v 0.23292 -0.388073 0.220587
v 0.298926 -0.378479 -0.0165701
v 0.304863 -0.396327 -0.0187431
v 0.297019 -0.398797 -0.0201031
v 0.297019 -0.398797 -0.0201031
v 0.29102 -0.380931 -0.0183401
v 0.298926 -0.378479 -0.0165701
v 0.243174 -0.416593 0.182004
v 0.199008 -0.435896 0.228909
v 0.209996 -0.433189 0.239009
v 0.209996 -0.433189 0.239009
v 0.256568 -0.412583 0.186426
v 0.243174 -0.416593 0.182004
v 0.243174 -0.416593 0.182004
v 0.24922 -0.434649 0.179933
v 0.205086 -0.453961 0.226993
v 0.205086 -0.453961 0.226993
v 0.199008 -0.435896 0.228909
v 0.243174 -0.416593 0.182004
v 0.24922 -0.434649 0.179933
v 0.262612 -0.430637 0.184357
v 0.216132 -0.451263 0.237109
v 0.216132 -0.451263 0.237109
v 0.205086 -0.453961 0.226993
v 0.24922 -0.434649 0.179933
v 0.256568 -0.412583 0.186426
v 0.209996 -0.433189 0.239009
v 0.216132 -0.451263 0.237109
v 0.216132 -0.451263 0.237109
v 0.262612 -0.430637 0.184357
v 0.256568 -0.412583 0.186426
v 0.297744 -0.380049 -0.00309811
v 0.287397 -0.383295 -0.00504411
v 0.280483 -0.394486 0.0846169
v 0.280483 -0.394486 0.0846169
v 0.292587 -0.39051 0.0851029
v 0.297744 -0.380049 -0.00309811
v 0.286532 -0.412576 0.0825899
v 0.280483 -0.394486 0.0846169
v 0.287397 -0.383295 -0.00504411
v 0.287397 -0.383295 -0.00504411
v 0.29347 -0.401385 -0.00676811
v 0.286532 -0.412576 0.0825899
v 0.298642 -0.408595 0.0830039
v 0.286532 -0.412576 0.0825899
v 0.29347 -0.401385 -0.00676811
v 0.29347 -0.401385 -0.00676811
v 0.303762 -0.398094 -0.00545911
v 0.298642 -0.408595 0.0830039
v 0.298642 -0.408595 0.0830039
v 0.303762 -0.398094 -0.00545911
v 0.297744 -0.380049 -0.00309811
v 0.297744 -0.380049 -0.00309811
v 0.292587 -0.39051 0.0851029
v 0.298642 -0.408595 0.0830039
v 0.256568 -0.412583 0.186426
v 0.292587 -0.39051 0.0851029
v 0.280483 -0.394486 0.0846169
v 0.280483 -0.394486 0.0846169
v 0.243174 -0.416593 0.182004
v 0.256568 -0.412583 0.186426
v 0.243174 -0.416593 0.182004
v 0.280483 -0.394486 0.0846169
v 0.286532 -0.412576 0.0825899
v 0.286532 -0.412576 0.0825899
v 0.24922 -0.434649 0.179933
v 0.243174 -0.416593 0.182004
v 0.262612 -0.430637 0.184357
v 0.24922 -0.434649 0.179933
v 0.286532 -0.412576 0.0825899
v 0.286532 -0.412576 0.0825899
v 0.298642 -0.408595 0.0830039
v 0.262612 -0.430637 0.184357
v 0.262612 -0.430637 0.184357
v 0.298642 -0.408595 0.0830039
v 0.292587 -0.39051 0.0851029
v 0.292587 -0.39051 0.0851029
v 0.256568 -0.412583 0.186426
v 0.262612 -0.430637 0.184357
v 0.29102 -0.380931 -0.0183401
v 0.287397 -0.383295 -0.00504411
v 0.297744 -0.380049 -0.00309811
v 0.297744 -0.380049 -0.00309811
v 0.298926 -0.378479 -0.0165701
v 0.29102 -0.380931 -0.0183401
v 0.29347 -0.401385 -0.00676811
v 0.287397 -0.383295 -0.00504411
v 0.29102 -0.380931 -0.0183401
v 0.29102 -0.380931 -0.0183401
v 0.297019 -0.398797 -0.0201031
v 0.29347 -0.401385 -0.00676811
v 0.303762 -0.398094 -0.00545911
v 0.29347 -0.401385 -0.00676811
v 0.297019 -0.398797 -0.0201031
v 0.297019 -0.398797 -0.0201031
v 0.304863 -0.396327 -0.0187431
v 0.303762 -0.398094 -0.00545911
v 0.298926 -0.378479 -0.0165701
v 0.297744 -0.380049 -0.00309811
v 0.303762 -0.398094 -0.00545911
v 0.303762 -0.398094 -0.00545911
v 0.304863 -0.396327 -0.0187431
v 0.298926 -0.378479 -0.0165701
v 0.32714 -0.463506 -0.0247931
v 0.333075 -0.481356 -0.0269661
v 0.325232 -0.483826 -0.0283261
v 0.325232 -0.483826 -0.0283261
v 0.319232 -0.46596 -0.0265631
v 0.32714 -0.463506 -0.0247931
v 0.271388 -0.501621 0.173781
v 0.227219 -0.520923 0.220686
v 0.238209 -0.518218 0.230786
v 0.238209 -0.518218 0.230786
v 0.284781 -0.497612 0.178203
v 0.271388 -0.501621 0.173781
v 0.271388 -0.501621 0.173781
v 0.277433 -0.519677 0.17171
v 0.233299 -0.53899 0.21877
v 0.233299 -0.53899 0.21877
v 0.227219 -0.520923 0.220686
v 0.271388 -0.501621 0.173781
v 0.277433 -0.519677 0.17171
v 0.290826 -0.515665 0.176134
v 0.244344 -0.536292 0.228886
v 0.244344 -0.536292 0.228886
v 0.233299 -0.53899 0.21877
v 0.277433 -0.519677 0.17171
v 0.284781 -0.497612 0.178203
v 0.238209 -0.518218 0.230786
v 0.244344 -0.536292 0.228886
v 0.244344 -0.536292 0.228886
v 0.290826 -0.515665 0.176134
v 0.284781 -0.497612 0.178203
v 0.325958 -0.465077 -0.0113211
v 0.315609 -0.468323 -0.0132671
v 0.308695 -0.479513 0.0763939
v 0.308695 -0.479513 0.0763939
v 0.320799 -0.475539 0.0768799
v 0.325958 -0.465077 -0.0113211
v 0.321682 -0.486413 -0.0149911
v 0.317032 -0.5041 0.0737549
v 0.308695 -0.479513 0.0763939
v 0.308695 -0.479513 0.0763939
v 0.315609 -0.468323 -0.0132671
v 0.321682 -0.486413 -0.0149911
v 0.326854 -0.493622 0.0747809
v 0.317032 -0.5041 0.0737549
v 0.321682 -0.486413 -0.0149911
v 0.321682 -0.486413 -0.0149911
v 0.331975 -0.483123 -0.0136821
v 0.326854 -0.493622 0.0747809
v 0.326854 -0.493622 0.0747809
v 0.331975 -0.483123 -0.0136821
v 0.325958 -0.465077 -0.0113211
v 0.325958 -0.465077 -0.0113211
v 0.320799 -0.475539 0.0768799
v 0.326854 -0.493622 0.0747809
v 0.284781 -0.497612 0.178203
v 0.320799 -0.475539 0.0768799
v 0.308695 -0.479513 0.0763939
v 0.308695 -0.479513 0.0763939
v 0.271388 -0.501621 0.173781
v 0.284781 -0.497612 0.178203
v 0.277433 -0.519677 0.17171
v 0.271388 -0.501621 0.173781
v 0.308695 -0.479513 0.0763939
v 0.308695 -0.479513 0.0763939
v 0.317032 -0.5041 0.0737549
v 0.277433 -0.519677 0.17171
v 0.290826 -0.515665 0.176134
v 0.277433 -0.519677 0.17171
v 0.317032 -0.5041 0.0737549
v 0.317032 -0.5041 0.0737549
v 0.326854 -0.493622 0.0747809
v 0.290826 -0.515665 0.176134
v 0.290826 -0.515665 0.176134
v 0.326854 -0.493622 0.0747809
v 0.320799 -0.475539 0.0768799
v 0.320799 -0.475539 0.0768799
v 0.284781 -0.497612 0.178203
v 0.290826 -0.515665 0.176134
v 0.319232 -0.46596 -0.0265631
v 0.315609 -0.468323 -0.0132671
v 0.325958 -0.465077 -0.0113211
v 0.325958 -0.465077 -0.0113211
v 0.32714 -0.463506 -0.0247931
v 0.319232 -0.46596 -0.0265631
v 0.321682 -0.486413 -0.0149911
v 0.315609 -0.468323 -0.0132671
v 0.319232 -0.46596 -0.0265631
v 0.319232 -0.46596 -0.0265631
v 0.325232 -0.483826 -0.0283261
v 0.321682 -0.486413 -0.0149911
v 0.331975 -0.483123 -0.0136821
v 0.321682 -0.486413 -0.0149911
v 0.325232 -0.483826 -0.0283261
v 0.325232 -0.483826 -0.0283261
v 0.333075 -0.481356 -0.0269661
v 0.331975 -0.483123 -0.0136821
v 0.32714 -0.463506 -0.0247931
v 0.325958 -0.465077 -0.0113211
v 0.331975 -0.483123 -0.0136821
v 0.331975 -0.483123 -0.0136821
v 0.333075 -0.481356 -0.0269661
v 0.32714 -0.463506 -0.0247931
v 0.0783467 -0.547056 -0.149435
v 0.0829258 -0.539297 -0.195857
v 0.0803716 -0.460668 -0.177586
v 0.0803716 -0.460668 -0.177586
v 0.0757928 -0.468427 -0.131165
v 0.0783467 -0.547056 -0.149435
v 0.0803716 -0.460668 -0.177586
v 0.00982475 -0.421353 -0.178135
v 0.00524473 -0.429113 -0.131714
v 0.00524473 -0.429113 -0.131714
v 0.0757928 -0.468427 -0.131165
v 0.0803716 -0.460668 -0.177586
v 0.00982475 -0.421353 -0.178135
v -0.0581694 -0.460668 -0.196955
v -0.0627482 -0.468427 -0.150533
v -0.0627482 -0.468427 -0.150533
v 0.00524473 -0.429113 -0.131714
v 0.00982475 -0.421353 -0.178135
v -0.0581694 -0.460668 -0.196955
v -0.0556142 -0.539297 -0.215225
v -0.0601933 -0.547056 -0.168804
v -0.0601933 -0.547056 -0.168804
v -0.0627482 -0.468427 -0.150533
v -0.0581694 -0.460668 -0.196955
v -0.0556142 -0.539297 -0.215225
v 0.0149326 -0.578611 -0.214676
v 0.0103538 -0.586371 -0.168254
v 0.0103538 -0.586371 -0.168254
v -0.0601933 -0.547056 -0.168804
v -0.0556142 -0.539297 -0.215225
v 0.0103538 -0.586371 -0.168254
v 0.0149326 -0.578611 -0.214676
v 0.0829258 -0.539297 -0.195857
v 0.0829258 -0.539297 -0.195857
v 0.0783467 -0.547056 -0.149435
v 0.0103538 -0.586371 -0.168254
v 0.0757928 -0.468427 -0.131165
v 0.0101967 -0.503679 -0.1808
v 0.0783467 -0.547056 -0.149435
v 0.00524473 -0.429113 -0.131714
v 0.0101967 -0.503679 -0.1808
v 0.0757928 -0.468427 -0.131165
v -0.0627482 -0.468427 -0.150533
v 0.0101967 -0.503679 -0.1808
v 0.00524473 -0.429113 -0.131714
v -0.0601933 -0.547056 -0.168804
v 0.0101967 -0.503679 -0.1808
v -0.0627482 -0.468427 -0.150533
v 0.0103538 -0.586371 -0.168254
v 0.0101967 -0.503679 -0.1808
v -0.0601933 -0.547056 -0.168804
v 0.0783467 -0.547056 -0.149435
v 0.0101967 -0.503679 -0.1808
v 0.0103538 -0.586371 -0.168254
v 0.0829258 -0.539297 -0.195857
v 0.0319707 -0.466783 -0.336544
v 0.0803716 -0.460668 -0.177586
v 0.0803716 -0.460668 -0.177586
v 0.0319707 -0.466783 -0.336544
v 0.00982475 -0.421353 -0.178135
v 0.00982475 -0.421353 -0.178135
v 0.0319707 -0.466783 -0.336544
v -0.0581694 -0.460668 -0.196955
v -0.0581694 -0.460668 -0.196955
v 0.0319707 -0.466783 -0.336544
v -0.0556142 -0.539297 -0.215225
v -0.0556142 -0.539297 -0.215225
v 0.0319707 -0.466783 -0.336544
v 0.0149326 -0.578611 -0.214676
v 0.0149326 -0.578611 -0.214676
v 0.0319707 -0.466783 -0.336544
v 0.0829258 -0.539297 -0.195857
v 0.0748677 -0.573303 0.400362
v 0.0607407 -0.494059 0.406964
v 0.0576897 -0.501635 0.453542
v 0.0576897 -0.501635 0.453542
v 0.0718167 -0.580879 0.446939
v 0.0748677 -0.573303 0.400362
v -0.0151403 -0.466404 0.406653
v -0.0181913 -0.47398 0.45323
v 0.0576897 -0.501635 0.453542
v 0.0576897 -0.501635 0.453542
v 0.0607407 -0.494059 0.406964
v -0.0151403 -0.466404 0.406653
v -0.0768943 -0.517994 0.399739
v -0.0799453 -0.525569 0.446316
v -0.0181913 -0.47398 0.45323
v -0.0181913 -0.47398 0.45323
v -0.0151403 -0.466404 0.406653
v -0.0768943 -0.517994 0.399739
v -0.0627673 -0.597238 0.393137
v -0.0658183 -0.604814 0.439714
v -0.0799453 -0.525569 0.446316
v -0.0799453 -0.525569 0.446316
v -0.0768943 -0.517994 0.399739
v -0.0627673 -0.597238 0.393137
v 0.0131137 -0.624893 0.393448
v 0.0100627 -0.632469 0.440025
v -0.0658183 -0.604814 0.439714
v -0.0658183 -0.604814 0.439714
v -0.0627673 -0.597238 0.393137
v 0.0131137 -0.624893 0.393448
v 0.0131137 -0.624893 0.393448
v 0.0748677 -0.573303 0.400362
v 0.0718167 -0.580879 0.446939
v 0.0718167 -0.580879 0.446939
v 0.0100627 -0.632469 0.440025
v 0.0131137 -0.624893 0.393448
v 0.0607407 -0.494059 0.406964
v 0.0748677 -0.573303 0.400362
v -0.00347018 -0.551776 0.430518
v -0.0151403 -0.466404 0.406653
v 0.0607407 -0.494059 0.406964
v -0.00347018 -0.551776 0.430518
v -0.0768943 -0.517994 0.399739
v -0.0151403 -0.466404 0.406653
v -0.00347018 -0.551776 0.430518
v -0.0627673 -0.597238 0.393137
v -0.0768943 -0.517994 0.399739
v -0.00347018 -0.551776 0.430518
v 0.0131137 -0.624893 0.393448
v -0.0627673 -0.597238 0.393137
v -0.00347018 -0.551776 0.430518
v 0.0748677 -0.573303 0.400362
v 0.0131137 -0.624893 0.393448
v -0.00347018 -0.551776 0.430518
v 0.0718167 -0.580879 0.446939
v 0.0576897 -0.501635 0.453542
v -0.00939727 -0.566228 0.59129
v 0.0576897 -0.501635 0.453542
v -0.0181913 -0.47398 0.45323
v -0.00939727 -0.566228 0.59129
v -0.0181913 -0.47398 0.45323
v -0.0799453 -0.525569 0.446316
v -0.00939727 -0.566228 0.59129
v -0.0799453 -0.525569 0.446316
v -0.0658183 -0.604814 0.439714
v -0.00939727 -0.566228 0.59129
v -0.0658183 -0.604814 0.439714
v 0.0100627 -0.632469 0.440025
v -0.00939727 -0.566228 0.59129
v 0.0100627 -0.632469 0.440025
v 0.0718167 -0.580879 0.446939
v -0.00939727 -0.566228 0.59129
v -0.236869 -0.572318 0.19965
v -0.263128 -0.499703 0.175976
v -0.303602 -0.521435 0.164762
v -0.303602 -0.521435 0.164762
v -0.277342 -0.594049 0.188435
v -0.236869 -0.572318 0.19965
v -0.254355 -0.476693 0.0990579
v -0.294829 -0.498425 0.0878429
v -0.303602 -0.521435 0.164762
v -0.303602 -0.521435 0.164762
v -0.263128 -0.499703 0.175976
v -0.254355 -0.476693 0.0990579
v -0.219324 -0.526298 0.0458129
v -0.259797 -0.548029 0.0345979
v -0.294829 -0.498425 0.0878429
v -0.294829 -0.498425 0.0878429
v -0.254355 -0.476693 0.0990579
v -0.219324 -0.526298 0.0458129
v -0.193064 -0.598912 0.0694859
v -0.233538 -0.620643 0.0582719
v -0.259797 -0.548029 0.0345979
v -0.259797 -0.548029 0.0345979
v -0.219324 -0.526298 0.0458129
v -0.193064 -0.598912 0.0694859
v -0.201836 -0.621922 0.146405
v -0.242311 -0.643654 0.13519
v -0.233538 -0.620643 0.0582719
v -0.233538 -0.620643 0.0582719
v -0.193064 -0.598912 0.0694859
v -0.201836 -0.621922 0.146405
v -0.201836 -0.621922 0.146405
v -0.236869 -0.572318 0.19965
v -0.277342 -0.594049 0.188435
v -0.277342 -0.594049 0.188435
v -0.242311 -0.643654 0.13519
v -0.201836 -0.621922 0.146405
v -0.263128 -0.499703 0.175976
v -0.236869 -0.572318 0.19965
v -0.254128 -0.564657 0.115073
v -0.254355 -0.476693 0.0990579
v -0.263128 -0.499703 0.175976
v -0.254128 -0.564657 0.115073
v -0.219324 -0.526298 0.0458129
v -0.254355 -0.476693 0.0990579
v -0.254128 -0.564657 0.115073
v -0.193064 -0.598912 0.0694859
v -0.219324 -0.526298 0.0458129
v -0.254128 -0.564657 0.115073
v -0.201836 -0.621922 0.146405
v -0.193064 -0.598912 0.0694859
v -0.254128 -0.564657 0.115073
v -0.236869 -0.572318 0.19965
v -0.201836 -0.621922 0.146405
v -0.254128 -0.564657 0.115073
v -0.277342 -0.594049 0.188435
v -0.303602 -0.521435 0.164762
v -0.398262 -0.628351 0.0795809
v -0.303602 -0.521435 0.164762
v -0.294829 -0.498425 0.0878429
v -0.398262 -0.628351 0.0795809
v -0.294829 -0.498425 0.0878429
v -0.259797 -0.548029 0.0345979
v -0.398262 -0.628351 0.0795809
v -0.259797 -0.548029 0.0345979
v -0.233538 -0.620643 0.0582719
v -0.398262 -0.628351 0.0795809
v -0.233538 -0.620643 0.0582719
v -0.242311 -0.643654 0.13519
v -0.398262 -0.628351 0.0795809
v -0.242311 -0.643654 0.13519
v -0.277342 -0.594049 0.188435
v -0.398262 -0.628351 0.0795809
v -0.15294 -0.85106 -0.286517
v -0.0903802 -0.88806 -0.290124
v -0.168 -1.00484 -0.328296
v -0.168 -1.00484 -0.328296
v -0.22571 -0.98487 -0.329428
v -0.15294 -0.85106 -0.286517
v -0.24149 -1.13502 -0.336282
v -0.22571 -0.98487 -0.329428
v -0.168 -1.00484 -0.328296
v -0.168 -1.00484 -0.328296
v -0.19651 -1.13373 -0.332355
v -0.24149 -1.13502 -0.336282
v -0.19651 -1.13373 -0.332355
v -0.21737 -1.15758 -0.272345
v -0.24149 -1.13502 -0.336282
v -0.168 -1.00484 -0.328296
v -0.0903802 -0.88806 -0.290124
v -0.0638103 -0.94672 -0.273506
v -0.0638103 -0.94672 -0.273506
v -0.13135 -1.0289 -0.28053
v -0.168 -1.00484 -0.328296
v -0.19651 -1.13373 -0.332355
v -0.168 -1.00484 -0.328296
v -0.13135 -1.0289 -0.28053
v -0.13135 -1.0289 -0.28053
v -0.16709 -1.13551 -0.29397
v -0.19651 -1.13373 -0.332355
v -0.16709 -1.13551 -0.29397
v -0.21737 -1.15758 -0.272345
v -0.19651 -1.13373 -0.332355
v -0.13135 -1.0289 -0.28053
v -0.0638103 -0.94672 -0.273506
v -0.0584202 -0.99664 -0.182981
v -0.0584202 -0.99664 -0.182981
v -0.13725 -1.04295 -0.214115
v -0.13135 -1.0289 -0.28053
v -0.13135 -1.0289 -0.28053
v -0.13725 -1.04295 -0.214115
v -0.17047 -1.1393 -0.243614
v -0.17047 -1.1393 -0.243614
v -0.16709 -1.13551 -0.29397
v -0.13135 -1.0289 -0.28053
v -0.17047 -1.1393 -0.243614
v -0.21737 -1.15758 -0.272345
v -0.16709 -1.13551 -0.29397
v -0.13725 -1.04295 -0.214115
v -0.0584202 -0.99664 -0.182981
v -0.12971 -0.99554 -0.0957161
v -0.12971 -0.99554 -0.0957161
v -0.18223 -1.03877 -0.167952
v -0.13725 -1.04295 -0.214115
v -0.13725 -1.04295 -0.214115
v -0.18223 -1.03877 -0.167952
v -0.20467 -1.14289 -0.210784
v -0.20467 -1.14289 -0.210784
v -0.17047 -1.1393 -0.243614
v -0.13725 -1.04295 -0.214115
v -0.20467 -1.14289 -0.210784
v -0.21737 -1.15758 -0.272345
v -0.17047 -1.1393 -0.243614
v -0.18223 -1.03877 -0.167952
v -0.12971 -0.99554 -0.0957161
v -0.20763 -0.95854 -0.0921091
v -0.20763 -0.95854 -0.0921091
v -0.23995 -1.0188 -0.169085
v -0.18223 -1.03877 -0.167952
v -0.18223 -1.03877 -0.167952
v -0.23995 -1.0188 -0.169085
v -0.24964 -1.14417 -0.214711
v -0.24964 -1.14417 -0.214711
v -0.20467 -1.14289 -0.210784
v -0.18223 -1.03877 -0.167952
v -0.24964 -1.14417 -0.214711
v -0.21737 -1.15758 -0.272345
v -0.20467 -1.14289 -0.210784
v -0.23022 -0.88206 -0.144047
v -0.27659 -0.99474 -0.216849
v -0.23995 -1.0188 -0.169085
v -0.23995 -1.0188 -0.169085
v -0.20763 -0.95854 -0.0921091
v -0.23022 -0.88206 -0.144047
v -0.27659 -0.99474 -0.216849
v -0.27906 -1.1424 -0.253095
v -0.24964 -1.14417 -0.214711
v -0.24964 -1.14417 -0.214711
v -0.23995 -1.0188 -0.169085
v -0.27659 -0.99474 -0.216849
v -0.27906 -1.1424 -0.253095
v -0.21737 -1.15758 -0.272345
v -0.24964 -1.14417 -0.214711
v -0.27659 -0.99474 -0.216849
v -0.23022 -0.88206 -0.144047
v -0.20395 -0.84057 -0.229478
v -0.20395 -0.84057 -0.229478
v -0.27069 -0.98069 -0.283266
v -0.27659 -0.99474 -0.216849
v -0.27906 -1.1424 -0.253095
v -0.27659 -0.99474 -0.216849
v -0.27069 -0.98069 -0.283266
v -0.27069 -0.98069 -0.283266
v -0.27568 -1.13861 -0.303452
v -0.27906 -1.1424 -0.253095
v -0.27568 -1.13861 -0.303452
v -0.21737 -1.15758 -0.272345
v -0.27906 -1.1424 -0.253095
v -0.27069 -0.98069 -0.283266
v -0.20395 -0.84057 -0.229478
v -0.15294 -0.85106 -0.286517
v -0.15294 -0.85106 -0.286517
v -0.22571 -0.98487 -0.329428
v -0.27069 -0.98069 -0.283266
v -0.27568 -1.13861 -0.303452
v -0.27069 -0.98069 -0.283266
v -0.22571 -0.98487 -0.329428
v -0.22571 -0.98487 -0.329428
v -0.24149 -1.13502 -0.336282
v -0.27568 -1.13861 -0.303452
v -0.21737 -1.15758 -0.272345
v -0.27568 -1.13861 -0.303452
v -0.24149 -1.13502 -0.336282
v 0.32485 -1.32175 0.148385
v 0.25441 -1.29873 0.172198
v 0.231 -1.37698 0.167953
v 0.231 -1.37698 0.167953
v 0.28933 -1.40608 0.13786
v 0.32485 -1.32175 0.148385
v 0.17077 -1.53275 0.118723
v 0.28933 -1.40608 0.13786
v 0.231 -1.37698 0.167953
v 0.231 -1.37698 0.167953
v 0.13932 -1.49627 0.140959
v 0.17077 -1.53275 0.118723
v 0.13932 -1.49627 0.140959
v 0.11999 -1.50462 0.0645469
v 0.17077 -1.53275 0.118723
v 0.25441 -1.29873 0.172198
v 0.19823 -1.27581 0.140475
v 0.17278 -1.34799 0.13748
v 0.17278 -1.34799 0.13748
v 0.231 -1.37698 0.167953
v 0.25441 -1.29873 0.172198
v 0.13932 -1.49627 0.140959
v 0.231 -1.37698 0.167953
v 0.17278 -1.34799 0.13748
v 0.17278 -1.34799 0.13748
v 0.10791 -1.45989 0.118443
v 0.13932 -1.49627 0.140959
v 0.10791 -1.45989 0.118443
v 0.11999 -1.50462 0.0645469
v 0.13932 -1.49627 0.140959
v 0.19823 -1.27581 0.140475
v 0.17215 -1.26642 0.0642829
v 0.14877 -1.33609 0.0642929
v 0.14877 -1.33609 0.0642929
v 0.17278 -1.34799 0.13748
v 0.19823 -1.27581 0.140475
v 0.10791 -1.45989 0.118443
v 0.17278 -1.34799 0.13748
v 0.14877 -1.33609 0.0642929
v 0.14877 -1.33609 0.0642929
v 0.0949299 -1.44494 0.0643639
v 0.10791 -1.45989 0.118443
v 0.0949299 -1.44494 0.0643639
v 0.11999 -1.50462 0.0645469
v 0.10791 -1.45989 0.118443
v 0.19851 -1.27607 -0.0117451
v 0.17302 -1.34826 -0.00873507
v 0.14877 -1.33609 0.0642929
v 0.14877 -1.33609 0.0642929
v 0.17215 -1.26642 0.0642829
v 0.19851 -1.27607 -0.0117451
v 0.14877 -1.33609 0.0642929
v 0.17302 -1.34826 -0.00873507
v 0.10799 -1.46015 0.0104019
v 0.10799 -1.46015 0.0104019
v 0.0949299 -1.44494 0.0643639
v 0.14877 -1.33609 0.0642929
v 0.10799 -1.46015 0.0104019
v 0.11999 -1.50462 0.0645469
v 0.0949299 -1.44494 0.0643639
v 0.26188 -1.29909 -0.0430731
v 0.23134 -1.37737 -0.0388271
v 0.17302 -1.34826 -0.00873507
v 0.17302 -1.34826 -0.00873507
v 0.19851 -1.27607 -0.0117451
v 0.26188 -1.29909 -0.0430731
v 0.17302 -1.34826 -0.00873507
v 0.23134 -1.37737 -0.0388271
v 0.13944 -1.49663 -0.0118341
v 0.13944 -1.49663 -0.0118341
v 0.10799 -1.46015 0.0104019
v 0.17302 -1.34826 -0.00873507
v 0.13944 -1.49663 -0.0118341
v 0.11999 -1.50462 0.0645469
v 0.10799 -1.46015 0.0104019
v 0.32513 -1.32201 -0.0113491
v 0.28957 -1.40636 -0.00835507
v 0.23134 -1.37737 -0.0388271
v 0.23134 -1.37737 -0.0388271
v 0.26188 -1.29909 -0.0430731
v 0.32513 -1.32201 -0.0113491
v 0.23134 -1.37737 -0.0388271
v 0.28957 -1.40636 -0.00835507
v 0.17085 -1.533 0.0106829
v 0.17085 -1.533 0.0106829
v 0.13944 -1.49663 -0.0118341
v 0.23134 -1.37737 -0.0388271
v 0.17085 -1.533 0.0106829
v 0.11999 -1.50462 0.0645469
v 0.13944 -1.49663 -0.0118341
v 0.35121 -1.3314 0.0722049
v 0.31358 -1.41825 0.0689169
v 0.28957 -1.40636 -0.00835507
v 0.28957 -1.40636 -0.00835507
v 0.32513 -1.32201 -0.0113491
v 0.35121 -1.3314 0.0722049
v 0.28957 -1.40636 -0.00835507
v 0.31358 -1.41825 0.0689169
v 0.18383 -1.54796 0.0647609
v 0.18383 -1.54796 0.0647609
v 0.17085 -1.533 0.0106829
v 0.28957 -1.40636 -0.00835507
v 0.18383 -1.54796 0.0647609
v 0.11999 -1.50462 0.0645469
v 0.17085 -1.533 0.0106829
v 0.35121 -1.3314 0.0722049
v 0.32485 -1.32175 0.148385
v 0.28933 -1.40608 0.13786
v 0.28933 -1.40608 0.13786
v 0.31358 -1.41825 0.0689169
v 0.35121 -1.3314 0.0722049
v 0.31358 -1.41825 0.0689169
v 0.28933 -1.40608 0.13786
v 0.17077 -1.53275 0.118723
v 0.17077 -1.53275 0.118723
v 0.18383 -1.54796 0.0647609
v 0.31358 -1.41825 0.0689169
v 0.11999 -1.50462 0.0645469
v 0.18383 -1.54796 0.0647609
v 0.17077 -1.53275 0.118723
v 0.26046 -1.22486 -0.0414681
v 0.26188 -1.29909 -0.0430731
v 0.19851 -1.27607 -0.0117451
v 0.19851 -1.27607 -0.0117451
v 0.20601 -1.21061 -0.0149601
v 0.26046 -1.22486 -0.0414681
v 0.20601 -1.21061 -0.0149601
v 0.19851 -1.27607 -0.0117451
v 0.17215 -1.26642 0.0642829
v 0.17215 -1.26642 0.0642829
v 0.1774 -1.20367 0.0642709
v 0.20601 -1.21061 -0.0149601
v 0.20569 -1.21038 0.143673
v 0.1774 -1.20367 0.0642709
v 0.17215 -1.26642 0.0642829
v 0.17215 -1.26642 0.0642829
v 0.19823 -1.27581 0.140475
v 0.20569 -1.21038 0.143673
v 0.24546 -1.22766 0.177848
v 0.20569 -1.21038 0.143673
v 0.19823 -1.27581 0.140475
v 0.19823 -1.27581 0.140475
v 0.25441 -1.29873 0.172198
v 0.24546 -1.22766 0.177848
v 0.34307 -1.24334 0.153866
v 0.24546 -1.22766 0.177848
v 0.25441 -1.29873 0.172198
v 0.25441 -1.29873 0.172198
v 0.32485 -1.32175 0.148385
v 0.34307 -1.24334 0.153866
v 0.37169 -1.25028 0.0753859
v 0.34307 -1.24334 0.153866
v 0.32485 -1.32175 0.148385
v 0.32485 -1.32175 0.148385
v 0.35121 -1.3314 0.0722049
v 0.37169 -1.25028 0.0753859
v 0.37169 -1.25028 0.0753859
v 0.35121 -1.3314 0.0722049
v 0.32513 -1.32201 -0.0113491
v 0.32513 -1.32201 -0.0113491
v 0.34339 -1.24357 -0.0145481
v 0.37169 -1.25028 0.0753859
v 0.34339 -1.24357 -0.0145481
v 0.32513 -1.32201 -0.0113491
v 0.26188 -1.29909 -0.0430731
v 0.26188 -1.29909 -0.0430731
v 0.26046 -1.22486 -0.0414681
v 0.34339 -1.24357 -0.0145481
v 0.22239 -1.2951 0.34617
v 0.17 -1.27965 0.340725
v 0.15312 -1.33935 0.327345
v 0.15312 -1.33935 0.327345
v 0.20189 -1.35954 0.332146
v 0.22239 -1.2951 0.34617
v 0.13147 -1.46124 0.283724
v 0.20189 -1.35954 0.332146
v 0.15312 -1.33935 0.327345
v 0.15312 -1.33935 0.327345
v 0.10288 -1.43452 0.283484
v 0.13147 -1.46124 0.283724
v 0.10288 -1.43452 0.283484
v 0.11384 -1.44529 0.225942
v 0.13147 -1.46124 0.283724
v 0.13763 -1.26666 0.288433
v 0.12312 -1.32208 0.282342
v 0.15312 -1.33935 0.327345
v 0.15312 -1.33935 0.327345
v 0.17 -1.27965 0.340725
v 0.13763 -1.26666 0.288433
v 0.10288 -1.43452 0.283484
v 0.15312 -1.33935 0.327345
v 0.12312 -1.32208 0.282342
v 0.12312 -1.32208 0.282342
v 0.0881298 -1.40999 0.253524
v 0.10288 -1.43452 0.283484
v 0.0881298 -1.40999 0.253524
v 0.11384 -1.44529 0.225942
v 0.10288 -1.43452 0.283484
v 0.14358 -1.26457 0.226993
v 0.12946 -1.31787 0.223498
v 0.12312 -1.32208 0.282342
v 0.12312 -1.32208 0.282342
v 0.13763 -1.26666 0.288433
v 0.14358 -1.26457 0.226993
v 0.0881298 -1.40999 0.253524
v 0.12312 -1.32208 0.282342
v 0.12946 -1.31787 0.223498
v 0.12946 -1.31787 0.223498
v 0.0958698 -1.40201 0.211395
v 0.0881298 -1.40999 0.253524
v 0.0958698 -1.40201 0.211395
v 0.11384 -1.44529 0.225942
v 0.0881298 -1.40999 0.253524
v 0.18482 -1.27401 0.187399
v 0.16843 -1.32916 0.185283
v 0.12946 -1.31787 0.223498
v 0.12946 -1.31787 0.223498
v 0.14358 -1.26457 0.226993
v 0.18482 -1.27401 0.187399
v 0.12946 -1.31787 0.223498
v 0.16843 -1.32916 0.185283
v 0.12155 -1.41526 0.181775
v 0.12155 -1.41526 0.181775
v 0.0958698 -1.40201 0.211395
v 0.12946 -1.31787 0.223498
v 0.12155 -1.41526 0.181775
v 0.11384 -1.44529 0.225942
v 0.0958698 -1.40201 0.211395
v 0.23721 -1.28946 0.192842
v 0.2172 -1.34936 0.190084
v 0.16843 -1.32916 0.185283
v 0.16843 -1.32916 0.185283
v 0.18482 -1.27401 0.187399
v 0.23721 -1.28946 0.192842
v 0.16843 -1.32916 0.185283
v 0.2172 -1.34936 0.190084
v 0.15014 -1.44198 0.182015
v 0.15014 -1.44198 0.182015
v 0.12155 -1.41526 0.181775
v 0.16843 -1.32916 0.185283
v 0.15014 -1.44198 0.182015
v 0.11384 -1.44529 0.225942
v 0.12155 -1.41526 0.181775
v 0.27004 -1.30186 0.240137
v 0.2472 -1.36662 0.235088
v 0.2172 -1.34936 0.190084
v 0.2172 -1.34936 0.190084
v 0.23721 -1.28946 0.192842
v 0.27004 -1.30186 0.240137
v 0.2172 -1.34936 0.190084
v 0.2472 -1.36662 0.235088
v 0.16489 -1.46651 0.211974
v 0.16489 -1.46651 0.211974
v 0.15014 -1.44198 0.182015
v 0.2172 -1.34936 0.190084
v 0.16489 -1.46651 0.211974
v 0.11384 -1.44529 0.225942
v 0.15014 -1.44198 0.182015
v 0.27004 -1.30186 0.240137
v 0.2641 -1.30396 0.301577
v 0.24086 -1.37084 0.293932
v 0.24086 -1.37084 0.293932
v 0.2472 -1.36662 0.235088
v 0.27004 -1.30186 0.240137
v 0.2472 -1.36662 0.235088
v 0.24086 -1.37084 0.293932
v 0.15716 -1.47449 0.254104
v 0.15716 -1.47449 0.254104
v 0.16489 -1.46651 0.211974
v 0.2472 -1.36662 0.235088
v 0.15716 -1.47449 0.254104
v 0.11384 -1.44529 0.225942
v 0.16489 -1.46651 0.211974
v 0.2641 -1.30396 0.301577
v 0.22239 -1.2951 0.34617
v 0.20189 -1.35954 0.332146
v 0.20189 -1.35954 0.332146
v 0.24086 -1.37084 0.293932
v 0.2641 -1.30396 0.301577
v 0.24086 -1.37084 0.293932
v 0.20189 -1.35954 0.332146
v 0.13147 -1.46124 0.283724
v 0.13147 -1.46124 0.283724
v 0.15716 -1.47449 0.254104
v 0.24086 -1.37084 0.293932
v 0.11384 -1.44529 0.225942
v 0.15716 -1.47449 0.254104
v 0.13147 -1.46124 0.283724
v 0.24546 -1.22766 0.177848
v 0.23721 -1.28946 0.192842
v 0.18482 -1.27401 0.187399
v 0.18482 -1.27401 0.187399
v 0.18922 -1.21729 0.182175
v 0.24546 -1.22766 0.177848
v 0.18922 -1.21729 0.182175
v 0.18482 -1.27401 0.187399
v 0.14358 -1.26457 0.226993
v 0.14358 -1.26457 0.226993
v 0.14554 -1.20983 0.223245
v 0.18922 -1.21729 0.182175
v 0.14002 -1.20966 0.287459
v 0.14554 -1.20983 0.223245
v 0.14358 -1.26457 0.226993
v 0.14358 -1.26457 0.226993
v 0.13763 -1.26666 0.288433
v 0.14002 -1.20966 0.287459
v 0.17528 -1.21891 0.349178
v 0.14002 -1.20966 0.287459
v 0.13763 -1.26666 0.288433
v 0.13763 -1.26666 0.288433
v 0.17 -1.27965 0.340725
v 0.17528 -1.21891 0.349178
v 0.23153 -1.22929 0.35531
v 0.17528 -1.21891 0.349178
v 0.17 -1.27965 0.340725
v 0.17 -1.27965 0.340725
v 0.22239 -1.2951 0.34617
v 0.23153 -1.22929 0.35531
v 0.27581 -1.23471 0.302262
v 0.23153 -1.22929 0.35531
v 0.22239 -1.2951 0.34617
v 0.22239 -1.2951 0.34617
v 0.2641 -1.30396 0.301577
v 0.27581 -1.23471 0.302262
v 0.27581 -1.23471 0.302262
v 0.2641 -1.30396 0.301577
v 0.27004 -1.30186 0.240137
v 0.27004 -1.30186 0.240137
v 0.28133 -1.23488 0.238049
v 0.27581 -1.23471 0.302262
v 0.28133 -1.23488 0.238049
v 0.27004 -1.30186 0.240137
v 0.23721 -1.28946 0.192842
v 0.23721 -1.28946 0.192842
v 0.24546 -1.22766 0.177848
v 0.28133 -1.23488 0.238049
v 0.29527 -1.31748 -0.0970111
v 0.24519 -1.2967 -0.0573781
v 0.21472 -1.36466 -0.0603791
v 0.21472 -1.36466 -0.0603791
v 0.26031 -1.39072 -0.0984161
v 0.29527 -1.31748 -0.0970111
v 0.14893 -1.49785 -0.101968
v 0.26031 -1.39072 -0.0984161
v 0.21472 -1.36466 -0.0603791
v 0.21472 -1.36466 -0.0603791
v 0.12604 -1.46574 -0.0750031
v 0.14893 -1.49785 -0.101968
v 0.12604 -1.46574 -0.0750031
v 0.0958099 -1.47044 -0.138357
v 0.14893 -1.49785 -0.101968
v 0.24519 -1.2967 -0.0573781
v 0.18668 -1.27272 -0.0727221
v 0.16103 -1.33555 -0.0751481
v 0.16103 -1.33555 -0.0751481
v 0.21472 -1.36466 -0.0603791
v 0.24519 -1.2967 -0.0573781
v 0.12604 -1.46574 -0.0750031
v 0.21472 -1.36466 -0.0603791
v 0.16103 -1.33555 -0.0751481
v 0.16103 -1.33555 -0.0751481
v 0.0971198 -1.43138 -0.0870521
v 0.12604 -1.46574 -0.0750031
v 0.0971198 -1.43138 -0.0870521
v 0.0958099 -1.47044 -0.138357
v 0.12604 -1.46574 -0.0750031
v 0.18668 -1.27272 -0.0727221
v 0.154 -1.2596 -0.134055
v 0.13067 -1.32043 -0.134076
v 0.13067 -1.32043 -0.134076
v 0.16103 -1.33555 -0.0751481
v 0.18668 -1.27272 -0.0727221
v 0.0971198 -1.43138 -0.0870521
v 0.16103 -1.33555 -0.0751481
v 0.13067 -1.32043 -0.134076
v 0.13067 -1.32043 -0.134076
v 0.0791099 -1.41491 -0.131057
v 0.0971198 -1.43138 -0.0870521
v 0.0791099 -1.41491 -0.131057
v 0.0958099 -1.47044 -0.138357
v 0.0971198 -1.43138 -0.0870521
v 0.16631 -1.26501 -0.205449
v 0.14143 -1.32816 -0.202639
v 0.13067 -1.32043 -0.134076
v 0.13067 -1.32043 -0.134076
v 0.154 -1.2596 -0.134055
v 0.16631 -1.26501 -0.205449
v 0.13067 -1.32043 -0.134076
v 0.14143 -1.32816 -0.202639
v 0.0825698 -1.42596 -0.181244
v 0.0825698 -1.42596 -0.181244
v 0.0791099 -1.41491 -0.131057
v 0.13067 -1.32043 -0.134076
v 0.0825698 -1.42596 -0.181244
v 0.0958099 -1.47044 -0.138357
v 0.0791099 -1.41491 -0.131057
v 0.21639 -1.28578 -0.245084
v 0.18701 -1.35422 -0.240677
v 0.14143 -1.32816 -0.202639
v 0.14143 -1.32816 -0.202639
v 0.16631 -1.26501 -0.205449
v 0.21639 -1.28578 -0.245084
v 0.14143 -1.32816 -0.202639
v 0.18701 -1.35422 -0.240677
v 0.10545 -1.45808 -0.208208
v 0.10545 -1.45808 -0.208208
v 0.0825698 -1.42596 -0.181244
v 0.14143 -1.32816 -0.202639
v 0.10545 -1.45808 -0.208208
v 0.0958099 -1.47044 -0.138357
v 0.0825698 -1.42596 -0.181244
v 0.2749 -1.30977 -0.229739
v 0.24072 -1.38333 -0.225908
v 0.18701 -1.35422 -0.240677
v 0.18701 -1.35422 -0.240677
v 0.21639 -1.28578 -0.245084
v 0.2749 -1.30977 -0.229739
v 0.18701 -1.35422 -0.240677
v 0.24072 -1.38333 -0.225908
v 0.13437 -1.49243 -0.196159
v 0.13437 -1.49243 -0.196159
v 0.10545 -1.45808 -0.208208
v 0.18701 -1.35422 -0.240677
v 0.13437 -1.49243 -0.196159
v 0.0958099 -1.47044 -0.138357
v 0.10545 -1.45808 -0.208208
v 0.30757 -1.32289 -0.168404
v 0.27108 -1.39846 -0.166981
v 0.24072 -1.38333 -0.225908
v 0.24072 -1.38333 -0.225908
v 0.2749 -1.30977 -0.229739
v 0.30757 -1.32289 -0.168404
v 0.13437 -1.49243 -0.196159
v 0.24072 -1.38333 -0.225908
v 0.27108 -1.39846 -0.166981
v 0.27108 -1.39846 -0.166981
v 0.15238 -1.50891 -0.152153
v 0.13437 -1.49243 -0.196159
v 0.15238 -1.50891 -0.152153
v 0.0958099 -1.47044 -0.138357
v 0.13437 -1.49243 -0.196159
v 0.30757 -1.32289 -0.168404
v 0.29527 -1.31748 -0.0970111
v 0.26031 -1.39072 -0.0984161
v 0.26031 -1.39072 -0.0984161
v 0.27108 -1.39846 -0.166981
v 0.30757 -1.32289 -0.168404
v 0.15238 -1.50891 -0.152153
v 0.27108 -1.39846 -0.166981
v 0.26031 -1.39072 -0.0984161
v 0.26031 -1.39072 -0.0984161
v 0.14893 -1.49785 -0.101968
v 0.15238 -1.50891 -0.152153
v 0.14893 -1.49785 -0.101968
v 0.0958099 -1.47044 -0.138357
v 0.15238 -1.50891 -0.152153
v 0.23048 -1.21344 -0.246466
v 0.21639 -1.28578 -0.245084
v 0.16631 -1.26501 -0.205449
v 0.16631 -1.26501 -0.205449
v 0.1756 -1.1983 -0.205126
v 0.23048 -1.21344 -0.246466
v 0.1756 -1.1983 -0.205126
v 0.16631 -1.26501 -0.205449
v 0.154 -1.2596 -0.134055
v 0.154 -1.2596 -0.134055
v 0.16166 -1.19537 -0.130708
v 0.1756 -1.1983 -0.205126
v 0.19681 -1.20637 -0.0668041
v 0.16166 -1.19537 -0.130708
v 0.154 -1.2596 -0.134055
v 0.154 -1.2596 -0.134055
v 0.18668 -1.27272 -0.0727221
v 0.19681 -1.20637 -0.0668041
v 0.26046 -1.22486 -0.0414681
v 0.19681 -1.20637 -0.0668041
v 0.18668 -1.27272 -0.0727221
v 0.18668 -1.27272 -0.0727221
v 0.24519 -1.2967 -0.0573781
v 0.26046 -1.22486 -0.0414681
v 0.31533 -1.24 -0.0921831
v 0.26046 -1.22486 -0.0414681
v 0.24519 -1.2967 -0.0573781
v 0.24519 -1.2967 -0.0573781
v 0.29527 -1.31748 -0.0970111
v 0.31533 -1.24 -0.0921831
v 0.32929 -1.24293 -0.166603
v 0.31533 -1.24 -0.0921831
v 0.29527 -1.31748 -0.0970111
v 0.29527 -1.31748 -0.0970111
v 0.30757 -1.32289 -0.168404
v 0.32929 -1.24293 -0.166603
v 0.32929 -1.24293 -0.166603
v 0.30757 -1.32289 -0.168404
v 0.2749 -1.30977 -0.229739
v 0.2749 -1.30977 -0.229739
v 0.29414 -1.23193 -0.23051
v 0.32929 -1.24293 -0.166603
v 0.29414 -1.23193 -0.23051
v 0.2749 -1.30977 -0.229739
v 0.21639 -1.28578 -0.245084
v 0.21639 -1.28578 -0.245084
v 0.23048 -1.21344 -0.246466
v 0.29414 -1.23193 -0.23051
v 0.0494897 -0.71324 0.382962
v -0.12299 -0.75737 0.334001
v -0.10801 -0.92108 0.375019
v -0.10801 -0.92108 0.375019
v 0.0858598 -0.92336 0.419084
v 0.0494897 -0.71324 0.382962
v -0.12299 -0.75737 0.334001
v -0.19707 -0.75405 0.235852
v -0.22719 -0.87378 0.265
v -0.22719 -0.87378 0.265
v -0.10801 -0.92108 0.375019
v -0.12299 -0.75737 0.334001
v -0.19707 -0.75405 0.235852
v -0.19014 -0.74079 0.108335
v -0.22859 -0.82244 0.106068
v -0.22859 -0.82244 0.106068
v -0.22719 -0.87378 0.265
v -0.19707 -0.75405 0.235852
v -0.23022 -0.88206 -0.144047
v -0.1898 -0.71972 -0.0151691
v -0.17728 -0.70593 -0.13303
v -0.17728 -0.70593 -0.13303
v -0.20395 -0.84057 -0.229478
v -0.23022 -0.88206 -0.144047
v -0.20395 -0.84057 -0.229478
v -0.17728 -0.70593 -0.13303
v -0.0914903 -0.67612 -0.188178
v -0.0914903 -0.67612 -0.188178
v -0.15294 -0.85106 -0.286517
v -0.20395 -0.84057 -0.229478
v 0.0194697 -0.65609 -0.181383
v 0.12601 -0.6419 -0.14134
v 0.1624 -0.89223 -0.25962
v 0.1624 -0.89223 -0.25962
v -0.0903802 -0.88806 -0.290124
v 0.0194697 -0.65609 -0.181383
v 0.37564 -1.08057 -0.162577
v 0.21237 -0.63196 -0.0786121
v 0.25934 -0.63338 -0.0054101
v 0.25934 -0.63338 -0.0054101
v 0.37997 -1.09627 -0.0340421
v 0.37564 -1.08057 -0.162577
v 0.24761 -0.65827 0.251481
v 0.20094 -0.67847 0.317137
v 0.23488 -1.07326 0.376379
v 0.23488 -1.07326 0.376379
v 0.33619 -1.08948 0.30092
v 0.24761 -0.65827 0.251481
v -0.13945 -0.99625 0.270279
v -0.10801 -0.92108 0.375019
v -0.22719 -0.87378 0.265
v -0.22719 -0.87378 0.265
v -0.2006 -0.96114 0.218983
v -0.13945 -0.99625 0.270279
v 0.18922 -1.21729 0.182175
v 0.10606 -1.13134 0.164868
v 0.24546 -1.22766 0.177848
v 0.0994997 -0.96281 -0.248735
v -0.0638103 -0.94672 -0.273506
v -0.0903802 -0.88806 -0.290124
v -0.0903802 -0.88806 -0.290124
v 0.1624 -0.89223 -0.25962
v 0.0994997 -0.96281 -0.248735
v 0.27581 -1.23471 0.302262
v 0.33619 -1.08948 0.30092
v 0.23488 -1.07326 0.376379
v 0.23488 -1.07326 0.376379
v 0.23153 -1.22929 0.35531
v 0.27581 -1.23471 0.302262
v 0.10303 -1.0969 -0.198282
v 0.1756 -1.1983 -0.205126
v 0.16166 -1.19537 -0.130708
v 0.16166 -1.19537 -0.130708
v 0.0866997 -1.12298 -0.111282
v 0.10303 -1.0969 -0.198282
v 0.14002 -1.20966 0.287459
v 0.17528 -1.21891 0.349178
v 0.10557 -1.10991 0.348207
v 0.10557 -1.10991 0.348207
v 0.0783098 -1.1303 0.299704
v 0.14002 -1.20966 0.287459
v 0.0994997 -0.96281 -0.248735
v 0.2064 -1.07609 -0.24362
v 0.10303 -1.0969 -0.198282
v 0.10303 -1.0969 -0.198282
v 0.0408597 -1.01323 -0.186816
v 0.0994997 -0.96281 -0.248735
v -0.13678 -0.99279 0.163841
v -0.13945 -0.99625 0.270279
v -0.2006 -0.96114 0.218983
v -0.2006 -0.96114 0.218983
v -0.19837 -0.92879 0.152697
v -0.13678 -0.99279 0.163841
v -0.22719 -0.87378 0.265
v -0.22859 -0.82244 0.106068
v -0.19837 -0.92879 0.152697
v -0.19837 -0.92879 0.152697
v -0.2006 -0.96114 0.218983
v -0.22719 -0.87378 0.265
v -0.0451303 -1.03652 0.295977
v -0.10801 -0.92108 0.375019
v -0.13945 -0.99625 0.270279
v -0.12839 -0.97857 0.0989849
v -0.0376103 -0.99223 0.0936879
v -0.0437803 -1.00424 0.168055
v -0.0437803 -1.00424 0.168055
v -0.13678 -0.99279 0.163841
v -0.12839 -0.97857 0.0989849
v -0.0584202 -0.99664 -0.182981
v -0.0437403 -1.01846 -0.0871871
v -0.12971 -0.99554 -0.0957161
v -0.0914903 -0.67612 -0.188178
v 0.0194697 -0.65609 -0.181383
v -0.0903802 -0.88806 -0.290124
v -0.0903802 -0.88806 -0.290124
v -0.15294 -0.85106 -0.286517
v -0.0914903 -0.67612 -0.188178
v 0.37057 -1.09272 0.201183
v 0.27667 -0.64326 0.165156
v 0.24761 -0.65827 0.251481
v 0.24761 -0.65827 0.251481
v 0.33619 -1.08948 0.30092
v 0.37057 -1.09272 0.201183
v 0.28133 -1.23488 0.238049
v 0.37057 -1.09272 0.201183
v 0.33619 -1.08948 0.30092
v 0.33619 -1.08948 0.30092
v 0.27581 -1.23471 0.302262
v 0.28133 -1.23488 0.238049
v 0.20569 -1.21038 0.143673
v 0.24546 -1.22766 0.177848
v 0.10606 -1.13134 0.164868
v 0.0350406 -0.59444 -0.155252
v 0.122571 -0.581049 -0.132836
v 0.12601 -0.6419 -0.14134
v 0.12601 -0.6419 -0.14134
v 0.0194697 -0.65609 -0.181383
v 0.0350406 -0.59444 -0.155252
v 0.21237 -0.63196 -0.0786121
v 0.19198 -0.57197 -0.0749031
v 0.240211 -0.570299 -0.00143511
v 0.240211 -0.570299 -0.00143511
v 0.25934 -0.63338 -0.0054101
v 0.21237 -0.63196 -0.0786121
v 0.27667 -0.64326 0.165156
v 0.251678 -0.58334 0.166773
v 0.227401 -0.594091 0.249346
v 0.227401 -0.594091 0.249346
v 0.24761 -0.65827 0.251481
v 0.27667 -0.64326 0.165156
v 0.24761 -0.65827 0.251481
v 0.227401 -0.594091 0.249346
v 0.187561 -0.604439 0.311282
v 0.187561 -0.604439 0.311282
v 0.20094 -0.67847 0.317137
v 0.24761 -0.65827 0.251481
v -0.106341 -0.656171 0.32799
v -0.12299 -0.75737 0.334001
v 0.0494897 -0.71324 0.382962
v 0.0494897 -0.71324 0.382962
v 0.0517087 -0.631741 0.360915
v -0.106341 -0.656171 0.32799
v -0.12299 -0.75737 0.334001
v -0.106341 -0.656171 0.32799
v -0.16571 -0.659039 0.232984
v -0.16571 -0.659039 0.232984
v -0.19707 -0.75405 0.235852
v -0.12299 -0.75737 0.334001
v -0.19014 -0.74079 0.108335
v -0.19707 -0.75405 0.235852
v -0.16571 -0.659039 0.232984
v -0.16571 -0.659039 0.232984
v -0.1816 -0.65267 0.113826
v -0.19014 -0.74079 0.108335
v -0.1898 -0.71972 -0.0151691
v -0.149801 -0.632841 -0.0430131
v -0.17728 -0.70593 -0.13303
v -0.17728 -0.70593 -0.13303
v -0.149801 -0.632841 -0.0430131
v -0.0597413 -0.6127 -0.129692
v -0.0597413 -0.6127 -0.129692
v -0.0914903 -0.67612 -0.188178
v -0.17728 -0.70593 -0.13303
v 0.0194697 -0.65609 -0.181383
v -0.0914903 -0.67612 -0.188178
v -0.0597413 -0.6127 -0.129692
v -0.0597413 -0.6127 -0.129692
v 0.0350406 -0.59444 -0.155252
v 0.0194697 -0.65609 -0.181383
v 0.31533 -1.24 -0.0921831
v 0.32929 -1.24293 -0.166603
v 0.37564 -1.08057 -0.162577
v 0.37564 -1.08057 -0.162577
v 0.37997 -1.09627 -0.0340421
v 0.31533 -1.24 -0.0921831
v 0.1774 -1.20367 0.0642709
v 0.0919499 -1.147 0.0671709
v 0.10908 -1.1326 -0.0165291
v 0.10908 -1.1326 -0.0165291
v 0.20601 -1.21061 -0.0149601
v 0.1774 -1.20367 0.0642709
v 0.28809 -1.07892 -0.228217
v 0.37564 -1.08057 -0.162577
v 0.32929 -1.24293 -0.166603
v 0.32929 -1.24293 -0.166603
v 0.29414 -1.23193 -0.23051
v 0.28809 -1.07892 -0.228217
v 0.12601 -0.6419 -0.14134
v 0.122571 -0.581049 -0.132836
v 0.19198 -0.57197 -0.0749031
v 0.19198 -0.57197 -0.0749031
v 0.21237 -0.63196 -0.0786121
v 0.12601 -0.6419 -0.14134
v 0.20094 -0.67847 0.317137
v 0.187561 -0.604439 0.311282
v 0.0517087 -0.631741 0.360915
v 0.0517087 -0.631741 0.360915
v 0.0494897 -0.71324 0.382962
v 0.20094 -0.67847 0.317137
v 0.0858598 -0.92336 0.419084
v 0.23488 -1.07326 0.376379
v 0.20094 -0.67847 0.317137
v 0.20094 -0.67847 0.317137
v 0.0494897 -0.71324 0.382962
v 0.0858598 -0.92336 0.419084
v 0.25934 -0.63338 -0.0054101
v 0.240211 -0.570299 -0.00143511
v 0.263561 -0.574209 0.0910079
v 0.263561 -0.574209 0.0910079
v 0.28546 -0.63485 0.0880699
v 0.25934 -0.63338 -0.0054101
v 0.37997 -1.09627 -0.0340421
v 0.25934 -0.63338 -0.0054101
v 0.28546 -0.63485 0.0880699
v 0.28546 -0.63485 0.0880699
v 0.40067 -1.09435 0.0793829
v 0.37997 -1.09627 -0.0340421
v 0.2064 -1.07609 -0.24362
v 0.23048 -1.21344 -0.246466
v 0.1756 -1.1983 -0.205126
v 0.1756 -1.1983 -0.205126
v 0.10303 -1.0969 -0.198282
v 0.2064 -1.07609 -0.24362
v 0.34339 -1.24357 -0.0145481
v 0.37997 -1.09627 -0.0340421
v 0.40067 -1.09435 0.0793829
v 0.40067 -1.09435 0.0793829
v 0.37169 -1.25028 0.0753859
v 0.34339 -1.24357 -0.0145481
v 0.34307 -1.24334 0.153866
v 0.37057 -1.09272 0.201183
v 0.24546 -1.22766 0.177848
v 0.27667 -0.64326 0.165156
v 0.37057 -1.09272 0.201183
v 0.40067 -1.09435 0.0793829
v 0.40067 -1.09435 0.0793829
v 0.28546 -0.63485 0.0880699
v 0.27667 -0.64326 0.165156
v 0.251678 -0.58334 0.166773
v 0.27667 -0.64326 0.165156
v 0.28546 -0.63485 0.0880699
v 0.28546 -0.63485 0.0880699
v 0.263561 -0.574209 0.0910079
v 0.251678 -0.58334 0.166773
v -0.1816 -0.65267 0.113826
v -0.149801 -0.632841 -0.0430131
v -0.1898 -0.71972 -0.0151691
v -0.1898 -0.71972 -0.0151691
v -0.19014 -0.74079 0.108335
v -0.1816 -0.65267 0.113826
v -0.22859 -0.82244 0.106068
v -0.19014 -0.74079 0.108335
v -0.1898 -0.71972 -0.0151691
v -0.1898 -0.71972 -0.0151691
v -0.23022 -0.88206 -0.144047
v -0.22859 -0.82244 0.106068
v -0.23022 -0.88206 -0.144047
v -0.20763 -0.95854 -0.0921091
v -0.19532 -0.92014 0.0617229
v -0.19532 -0.92014 0.0617229
v -0.22859 -0.82244 0.106068
v -0.23022 -0.88206 -0.144047
v -0.13312 -0.99454 0.0387429
v -0.19532 -0.92014 0.0617229
v -0.20763 -0.95854 -0.0921091
v -0.20763 -0.95854 -0.0921091
v -0.12971 -0.99554 -0.0957161
v -0.13312 -0.99454 0.0387429
v -0.0441103 -1.01144 0.0177889
v -0.13312 -0.99454 0.0387429
v -0.12971 -0.99554 -0.0957161
v -0.12971 -0.99554 -0.0957161
v -0.0437403 -1.01846 -0.0871871
v -0.0441103 -1.01144 0.0177889
v 0.16166 -1.19537 -0.130708
v 0.19681 -1.20637 -0.0668041
v 0.10908 -1.1326 -0.0165291
v 0.10908 -1.1326 -0.0165291
v 0.0866997 -1.12298 -0.111282
v 0.16166 -1.19537 -0.130708
v 0.10303 -1.0969 -0.198282
v 0.0866997 -1.12298 -0.111282
v 0.0402598 -1.05668 -0.0998961
v 0.0402598 -1.05668 -0.0998961
v 0.0408597 -1.01323 -0.186816
v 0.10303 -1.0969 -0.198282
v 0.0545399 -1.06012 -0.00431308
v 0.0402598 -1.05668 -0.0998961
v 0.0866997 -1.12298 -0.111282
v 0.0866997 -1.12298 -0.111282
v 0.10908 -1.1326 -0.0165291
v 0.0545399 -1.06012 -0.00431308
v 0.0919499 -1.147 0.0671709
v 0.0435698 -1.06669 0.0765809
v 0.0545399 -1.06012 -0.00431308
v 0.0545399 -1.06012 -0.00431308
v 0.10908 -1.1326 -0.0165291
v 0.0919499 -1.147 0.0671709
v 0.0527198 -1.05675 0.166002
v 0.10606 -1.13134 0.164868
v 0.0783098 -1.1303 0.299704
v 0.0783098 -1.1303 0.299704
v 0.0343697 -1.06757 0.298378
v 0.0527198 -1.05675 0.166002
v 0.10557 -1.10991 0.348207
v 0.0185096 -1.02246 0.377975
v 0.0343697 -1.06757 0.298378
v 0.0343697 -1.06757 0.298378
v 0.0783098 -1.1303 0.299704
v 0.10557 -1.10991 0.348207
v 0.0858598 -0.92336 0.419084
v 0.0185096 -1.02246 0.377975
v 0.10557 -1.10991 0.348207
v 0.10557 -1.10991 0.348207
v 0.23488 -1.07326 0.376379
v 0.0858598 -0.92336 0.419084
v -0.12839 -0.97857 0.0989849
v -0.13678 -0.99279 0.163841
v -0.19837 -0.92879 0.152697
v -0.19837 -0.92879 0.152697
v -0.19032 -0.90362 0.102121
v -0.12839 -0.97857 0.0989849
v -0.0437803 -1.00424 0.168055
v -0.0451303 -1.03652 0.295977
v -0.13945 -0.99625 0.270279
v -0.13945 -0.99625 0.270279
v -0.13678 -0.99279 0.163841
v -0.0437803 -1.00424 0.168055
v -0.13312 -0.99454 0.0387429
v -0.0441103 -1.01144 0.0177889
v -0.0376103 -0.99223 0.0936879
v -0.0376103 -0.99223 0.0936879
v -0.12839 -0.97857 0.0989849
v -0.13312 -0.99454 0.0387429
v -0.19532 -0.92014 0.0617229
v -0.13312 -0.99454 0.0387429
v -0.12839 -0.97857 0.0989849
v -0.12839 -0.97857 0.0989849
v -0.19032 -0.90362 0.102121
v -0.19532 -0.92014 0.0617229
v 0.10606 -1.13134 0.164868
v 0.0527198 -1.05675 0.166002
v 0.0435698 -1.06669 0.0765809
v 0.0435698 -1.06669 0.0765809
v 0.0919499 -1.147 0.0671709
v 0.10606 -1.13134 0.164868
v 0.37997 -1.09627 -0.0340421
v 0.26046 -1.22486 -0.0414681
v 0.31533 -1.24 -0.0921831
v 0.26046 -1.22486 -0.0414681
v 0.37997 -1.09627 -0.0340421
v 0.34339 -1.24357 -0.0145481
v 0.34307 -1.24334 0.153866
v 0.37169 -1.25028 0.0753859
v 0.40067 -1.09435 0.0793829
v 0.40067 -1.09435 0.0793829
v 0.37057 -1.09272 0.201183
v 0.34307 -1.24334 0.153866
v 0.24546 -1.22766 0.177848
v 0.37057 -1.09272 0.201183
v 0.28133 -1.23488 0.238049
v -0.0638103 -0.94672 -0.273506
v 0.0994997 -0.96281 -0.248735
v 0.0408597 -1.01323 -0.186816
v 0.0408597 -1.01323 -0.186816
v -0.0584202 -0.99664 -0.182981
v -0.0638103 -0.94672 -0.273506
v 0.0408597 -1.01323 -0.186816
v 0.0402598 -1.05668 -0.0998961
v -0.0437403 -1.01846 -0.0871871
v -0.0437403 -1.01846 -0.0871871
v -0.0584202 -0.99664 -0.182981
v 0.0408597 -1.01323 -0.186816
v 0.0545399 -1.06012 -0.00431308
v -0.0441103 -1.01144 0.0177889
v -0.0437403 -1.01846 -0.0871871
v -0.0437403 -1.01846 -0.0871871
v 0.0402598 -1.05668 -0.0998961
v 0.0545399 -1.06012 -0.00431308
v 0.0435698 -1.06669 0.0765809
v -0.0376103 -0.99223 0.0936879
v -0.0441103 -1.01144 0.0177889
v -0.0441103 -1.01144 0.0177889
v 0.0545399 -1.06012 -0.00431308
v 0.0435698 -1.06669 0.0765809
v 0.0527198 -1.05675 0.166002
v -0.0437803 -1.00424 0.168055
v -0.0376103 -0.99223 0.0936879
v -0.0376103 -0.99223 0.0936879
v 0.0435698 -1.06669 0.0765809
v 0.0527198 -1.05675 0.166002
v -0.0437803 -1.00424 0.168055
v 0.0527198 -1.05675 0.166002
v 0.0343697 -1.06757 0.298378
v 0.0343697 -1.06757 0.298378
v -0.0451303 -1.03652 0.295977
v -0.0437803 -1.00424 0.168055
v 0.0185096 -1.02246 0.377975
v -0.10801 -0.92108 0.375019
v -0.0451303 -1.03652 0.295977
v -0.0451303 -1.03652 0.295977
v 0.0343697 -1.06757 0.298378
v 0.0185096 -1.02246 0.377975
v 0.37564 -1.08057 -0.162577
v 0.28809 -1.07892 -0.228217
v 0.21237 -0.63196 -0.0786121
v 0.21237 -0.63196 -0.0786121
v 0.28809 -1.07892 -0.228217
v 0.12601 -0.6419 -0.14134
v 0.1624 -0.89223 -0.25962
v 0.12601 -0.6419 -0.14134
v 0.28809 -1.07892 -0.228217
v 0.0858598 -0.92336 0.419084
v -0.10801 -0.92108 0.375019
v 0.0185096 -1.02246 0.377975
v 0.19681 -1.20637 -0.0668041
v 0.26046 -1.22486 -0.0414681
v 0.10908 -1.1326 -0.0165291
v 0.20601 -1.21061 -0.0149601
v 0.10908 -1.1326 -0.0165291
v 0.26046 -1.22486 -0.0414681
v 0.10606 -1.13134 0.164868
v 0.0919499 -1.147 0.0671709
v 0.1774 -1.20367 0.0642709
v 0.1774 -1.20367 0.0642709
v 0.20569 -1.21038 0.143673
v 0.10606 -1.13134 0.164868
v 0.14554 -1.20983 0.223245
v 0.14002 -1.20966 0.287459
v 0.0783098 -1.1303 0.299704
v 0.0783098 -1.1303 0.299704
v 0.10606 -1.13134 0.164868
v 0.14554 -1.20983 0.223245
v 0.14554 -1.20983 0.223245
v 0.10606 -1.13134 0.164868
v 0.18922 -1.21729 0.182175
v 0.23488 -1.07326 0.376379
v 0.10557 -1.10991 0.348207
v 0.17528 -1.21891 0.349178
v 0.17528 -1.21891 0.349178
v 0.23153 -1.22929 0.35531
v 0.23488 -1.07326 0.376379
v 0.1624 -0.89223 -0.25962
v 0.28809 -1.07892 -0.228217
v 0.2064 -1.07609 -0.24362
v 0.2064 -1.07609 -0.24362
v 0.0994997 -0.96281 -0.248735
v 0.1624 -0.89223 -0.25962
v 0.23048 -1.21344 -0.246466
v 0.2064 -1.07609 -0.24362
v 0.28809 -1.07892 -0.228217
v 0.28809 -1.07892 -0.228217
v 0.29414 -1.23193 -0.23051
v 0.23048 -1.21344 -0.246466
v -0.22859 -0.82244 0.106068
v -0.19532 -0.92014 0.0617229
v -0.19032 -0.90362 0.102121
v -0.22859 -0.82244 0.106068
v -0.19032 -0.90362 0.102121
v -0.19837 -0.92879 0.152697
v -0.49971 0.21646 -0.203714
v -0.5 0.4942 0.0896809
v -0.506387 0.35634 -0.294223
v -0.49975 0.17053 0.0239159
v -0.5 0.4942 0.0896809
v -0.49971 0.21646 -0.203714
v -0.499671 0.30509 0.338921
v -0.5 0.4942 0.0896809
v -0.49975 0.17053 0.0239159
v -0.506387 0.35634 0.352033
v -0.5 0.4942 0.0896809
v -0.499671 0.30509 0.338921
v -0.499561 0.59904 0.330105
v -0.49949 0.73636 0.272926
v -0.5 0.4942 0.0896809
v -0.5 0.4942 0.0896809
v -0.49961 0.49362 0.374001
v -0.499561 0.59904 0.330105
v -0.49948 0.7998 -0.113923
v -0.5 0.4942 0.0896809
v -0.49947 0.81345 0.145421
v -0.49947 0.81345 0.145421
v -0.49946 0.83818 0.0239158
v -0.49948 0.7998 -0.113923
v -0.49949 0.73636 -0.223927
v -0.5 0.4942 0.0896809
v -0.49948 0.7998 -0.113923
v -0.49961 0.49362 -0.32617
v -0.5 0.4942 0.0896809
v -0.49949 0.73636 -0.223927
v -0.49949 0.73636 -0.223927
v -0.506288 0.60037 -0.302779
v -0.49961 0.49362 -0.32617
v -0.49961 0.49362 0.374001
v -0.5 0.4942 0.0896809
v -0.506387 0.35634 0.352033
v -0.506387 0.35634 -0.294223
v -0.5 0.4942 0.0896809
v -0.49961 0.49362 -0.32617
v -0.49947 0.81345 0.145421
v -0.5 0.4942 0.0896809
v -0.49949 0.73636 0.272926
v -0.49961 0.49362 -0.32617
v -0.506288 0.60037 -0.302779
v -0.2995 0.53989 -0.21489
v -0.2995 0.53989 -0.21489
v -0.33463 0.4462 -0.245839
v -0.49961 0.49362 -0.32617
v -0.506387 0.35634 -0.294223
v -0.49961 0.49362 -0.32617
v -0.33463 0.4462 -0.245839
v -0.33463 0.4462 -0.245839
v -0.39502 0.3409 -0.213006
v -0.506387 0.35634 -0.294223
v -0.49971 0.21646 -0.203714
v -0.506387 0.35634 -0.294223
v -0.39502 0.3409 -0.213006
v -0.39502 0.3409 -0.213006
v -0.46609 0.22264 -0.163926
v -0.49971 0.21646 -0.203714
v -0.49975 0.17053 0.0239159
v -0.49971 0.21646 -0.203714
v -0.46609 0.22264 -0.163926
v -0.46609 0.22264 -0.163926
v -0.48144 0.16459 0.130376
v -0.49975 0.17053 0.0239159
v -0.499671 0.30509 0.338921
v -0.49975 0.17053 0.0239159
v -0.48144 0.16459 0.130376
v -0.48144 0.16459 0.130376
v -0.46373 0.21885 0.325547
v -0.499671 0.30509 0.338921
v -0.499671 0.30509 0.338921
v -0.46373 0.21885 0.325547
v -0.41233 0.33046 0.373646
v -0.41233 0.33046 0.373646
v -0.506387 0.35634 0.352033
v -0.499671 0.30509 0.338921
v -0.49961 0.49362 0.374001
v -0.506387 0.35634 0.352033
v -0.41233 0.33046 0.373646
v -0.41233 0.33046 0.373646
v -0.333611 0.43174 0.406936
v -0.49961 0.49362 0.374001
v -0.49961 0.49362 0.374001
v -0.333611 0.43174 0.406936
v -0.29028 0.53255 0.383666
v -0.29028 0.53255 0.383666
v -0.499561 0.59904 0.330105
v -0.49961 0.49362 0.374001
v -0.49949 0.73636 0.272926
v -0.25176 0.63117 0.337326
v -0.22363 0.67946 0.215711
v -0.22363 0.67946 0.215711
v -0.49947 0.81345 0.145421
v -0.49949 0.73636 0.272926
v -0.49947 0.81345 0.145421
v -0.22363 0.67946 0.215711
v -0.216181 0.68729 0.0932688
v -0.216181 0.68729 0.0932688
v -0.49946 0.83818 0.0239158
v -0.49947 0.81345 0.145421
v -0.49948 0.7998 -0.113923
v -0.2226 0.67838 -0.0219092
v -0.252231 0.62959 -0.140639
v -0.252231 0.62959 -0.140639
v -0.49949 0.73636 -0.223927
v -0.49948 0.7998 -0.113923
v -0.49949 0.73636 -0.223927
v -0.252231 0.62959 -0.140639
v -0.2995 0.53989 -0.21489
v -0.2995 0.53989 -0.21489
v -0.506288 0.60037 -0.302779
v -0.49949 0.73636 -0.223927
v -0.11316 -0.16138 -0.156524
v -0.22067 -0.1951 -0.123002
v -0.29653 0.0514202 -0.134346
v -0.29653 0.0514202 -0.134346
v -0.21103 0.10164 -0.166707
v -0.11316 -0.16138 -0.156524
v -0.22067 -0.1951 -0.123002
v -0.34883 -0.21016 -0.0595661
v -0.401011 0.00652027 -0.0970071
v -0.401011 0.00652027 -0.0970071
v -0.29653 0.0514202 -0.134346
v -0.22067 -0.1951 -0.123002
v -0.34883 -0.21016 -0.0595661
v -0.37287 -0.28112 0.189485
v -0.42494 -0.0559897 0.162543
v -0.42494 -0.0559897 0.162543
v -0.401011 0.00652027 -0.0970071
v -0.34883 -0.21016 -0.0595661
v -0.42494 -0.0559897 0.162543
v -0.37287 -0.28112 0.189485
v -0.34673 -0.26059 0.367777
v -0.34673 -0.26059 0.367777
v -0.39693 -0.0200298 0.349454
v -0.42494 -0.0559897 0.162543
v -0.39693 -0.0200298 0.349454
v -0.34673 -0.26059 0.367777
v -0.27256 -0.23213 0.472063
v -0.27256 -0.23213 0.472063
v -0.33103 0.0320404 0.435411
v -0.39693 -0.0200298 0.349454
v -0.27256 -0.23213 0.472063
v -0.108881 -0.21144 0.511211
v -0.21168 0.0706103 0.470621
v -0.21168 0.0706103 0.470621
v -0.33103 0.0320404 0.435411
v -0.27256 -0.23213 0.472063
v -0.21168 0.0706103 0.470621
v -0.108881 -0.21144 0.511211
v -0.0217004 -0.16762 0.487242
v -0.0217004 -0.16762 0.487242
v -0.13334 0.12742 0.447786
v -0.21168 0.0706103 0.470621
v -0.0580604 0.18134 0.40454
v 0.0629196 -0.12678 0.444439
v 0.12284 -0.10547 0.321742
v 0.12284 -0.10547 0.321742
v -0.0157704 0.21565 0.286073
v -0.0580604 0.18134 0.40454
v -0.0157704 0.21565 0.286073
v 0.12284 -0.10547 0.321742
v 0.14214 -0.0924299 0.203293
v 0.14214 -0.0924299 0.203293
v -0.0123205 0.21864 0.168863
v -0.0157704 0.21565 0.286073
v -0.0090704 0.22145 0.0585489
v 0.13457 -0.0918999 0.0899029
v 0.0708497 -0.10811 -0.0500081
v 0.0708497 -0.10811 -0.0500081
v -0.0539804 0.19638 -0.0671681
v -0.0090704 0.22145 0.0585489
v -0.0539804 0.19638 -0.0671681
v 0.0708497 -0.10811 -0.0500081
v -0.0136604 -0.12859 -0.127852
v -0.0136604 -0.12859 -0.127852
v -0.131891 0.14888 -0.140017
v -0.0539804 0.19638 -0.0671681
v -0.0136604 -0.12859 -0.127852
v -0.11316 -0.16138 -0.156524
v -0.21103 0.10164 -0.166707
v -0.21103 0.10164 -0.166707
v -0.131891 0.14888 -0.140017
v -0.0136604 -0.12859 -0.127852
v -0.39502 0.3409 -0.213006
v -0.33463 0.4462 -0.245839
v -0.26112 0.30856 -0.193733
v -0.26112 0.30856 -0.193733
v -0.339 0.2377 -0.162009
v -0.39502 0.3409 -0.213006
v -0.46609 0.22264 -0.163926
v -0.39502 0.3409 -0.213006
v -0.339 0.2377 -0.162009
v -0.339 0.2377 -0.162009
v -0.43218 0.16049 -0.132608
v -0.46609 0.22264 -0.163926
v -0.48144 0.16459 0.130376
v -0.46609 0.22264 -0.163926
v -0.43218 0.16049 -0.132608
v -0.43218 0.16049 -0.132608
v -0.454741 0.10879 0.149557
v -0.48144 0.16459 0.130376
v -0.48144 0.16459 0.130376
v -0.454741 0.10879 0.149557
v -0.42944 0.15165 0.31939
v -0.42944 0.15165 0.31939
v -0.46373 0.21885 0.325547
v -0.48144 0.16459 0.130376
v -0.46373 0.21885 0.325547
v -0.42944 0.15165 0.31939
v -0.361861 0.22902 0.393215
v -0.361861 0.22902 0.393215
v -0.41233 0.33046 0.373646
v -0.46373 0.21885 0.325547
v -0.41233 0.33046 0.373646
v -0.361861 0.22902 0.393215
v -0.264611 0.29044 0.419776
v -0.264611 0.29044 0.419776
v -0.333611 0.43174 0.406936
v -0.41233 0.33046 0.373646
v -0.333611 0.43174 0.406936
v -0.264611 0.29044 0.419776
v -0.18847 0.36704 0.394348
v -0.18847 0.36704 0.394348
v -0.29028 0.53255 0.383666
v -0.333611 0.43174 0.406936
v -0.25176 0.63117 0.337326
v -0.11633 0.44085 0.345797
v -0.0822604 0.47725 0.243816
v -0.0822604 0.47725 0.243816
v -0.22363 0.67946 0.215711
v -0.25176 0.63117 0.337326
v -0.22363 0.67946 0.215711
v -0.0822604 0.47725 0.243816
v -0.0718205 0.48073 0.127682
v -0.0718205 0.48073 0.127682
v -0.216181 0.68729 0.0932688
v -0.22363 0.67946 0.215711
v -0.2226 0.67838 -0.0219092
v -0.0795605 0.47783 0.0181298
v -0.12054 0.44556 -0.0984842
v -0.12054 0.44556 -0.0984842
v -0.252231 0.62959 -0.140639
v -0.2226 0.67838 -0.0219092
v -0.12054 0.44556 -0.0984842
v -0.18908 0.37432 -0.168268
v -0.2995 0.53989 -0.21489
v -0.2995 0.53989 -0.21489
v -0.252231 0.62959 -0.140639
v -0.12054 0.44556 -0.0984842
v -0.33463 0.4462 -0.245839
v -0.2995 0.53989 -0.21489
v -0.18908 0.37432 -0.168268
v -0.18908 0.37432 -0.168268
v -0.26112 0.30856 -0.193733
v -0.33463 0.4462 -0.245839
v -0.339 0.2377 -0.162009
v -0.26112 0.30856 -0.193733
v -0.21103 0.10164 -0.166707
v -0.21103 0.10164 -0.166707
v -0.29653 0.0514202 -0.134346
v -0.339 0.2377 -0.162009
v -0.43218 0.16049 -0.132608
v -0.339 0.2377 -0.162009
v -0.29653 0.0514202 -0.134346
v -0.29653 0.0514202 -0.134346
v -0.401011 0.00652027 -0.0970071
v -0.43218 0.16049 -0.132608
v -0.454741 0.10879 0.149557
v -0.43218 0.16049 -0.132608
v -0.401011 0.00652027 -0.0970071
v -0.401011 0.00652027 -0.0970071
v -0.42494 -0.0559897 0.162543
v -0.454741 0.10879 0.149557
v -0.39693 -0.0200298 0.349454
v -0.42944 0.15165 0.31939
v -0.454741 0.10879 0.149557
v -0.454741 0.10879 0.149557
v -0.42494 -0.0559897 0.162543
v -0.39693 -0.0200298 0.349454
v -0.33103 0.0320404 0.435411
v -0.361861 0.22902 0.393215
v -0.42944 0.15165 0.31939
v -0.42944 0.15165 0.31939
v -0.39693 -0.0200298 0.349454
v -0.33103 0.0320404 0.435411
v -0.21168 0.0706103 0.470621
v -0.264611 0.29044 0.419776
v -0.361861 0.22902 0.393215
v -0.361861 0.22902 0.393215
v -0.33103 0.0320404 0.435411
v -0.21168 0.0706103 0.470621
v -0.13334 0.12742 0.447786
v -0.18847 0.36704 0.394348
v -0.264611 0.29044 0.419776
v -0.264611 0.29044 0.419776
v -0.21168 0.0706103 0.470621
v -0.13334 0.12742 0.447786
v -0.0157704 0.21565 0.286073
v -0.0822604 0.47725 0.243816
v -0.11633 0.44085 0.345797
v -0.11633 0.44085 0.345797
v -0.0580604 0.18134 0.40454
v -0.0157704 0.21565 0.286073
v -0.0123205 0.21864 0.168863
v -0.0718205 0.48073 0.127682
v -0.0822604 0.47725 0.243816
v -0.0822604 0.47725 0.243816
v -0.0157704 0.21565 0.286073
v -0.0123205 0.21864 0.168863
v -0.12054 0.44556 -0.0984842
v -0.0795605 0.47783 0.0181298
v -0.0090704 0.22145 0.0585489
v -0.0090704 0.22145 0.0585489
v -0.0539804 0.19638 -0.0671681
v -0.12054 0.44556 -0.0984842
v -0.18908 0.37432 -0.168268
v -0.12054 0.44556 -0.0984842
v -0.0539804 0.19638 -0.0671681
v -0.0539804 0.19638 -0.0671681
v -0.131891 0.14888 -0.140017
v -0.18908 0.37432 -0.168268
v -0.26112 0.30856 -0.193733
v -0.18908 0.37432 -0.168268
v -0.131891 0.14888 -0.140017
v -0.131891 0.14888 -0.140017
v -0.21103 0.10164 -0.166707
v -0.26112 0.30856 -0.193733
v -0.49946 0.83818 0.0239158
v -0.216181 0.68729 0.0932688
v -0.2226 0.67838 -0.0219092
v -0.2226 0.67838 -0.0219092
v -0.49948 0.7998 -0.113923
v -0.49946 0.83818 0.0239158
v -0.216181 0.68729 0.0932688
v -0.0718205 0.48073 0.127682
v -0.0795605 0.47783 0.0181298
v -0.0795605 0.47783 0.0181298
v -0.2226 0.67838 -0.0219092
v -0.216181 0.68729 0.0932688
v -0.0090704 0.22145 0.0585489
v -0.0795605 0.47783 0.0181298
v -0.0718205 0.48073 0.127682
v -0.0718205 0.48073 0.127682
v -0.0123205 0.21864 0.168863
v -0.0090704 0.22145 0.0585489
v -0.0123205 0.21864 0.168863
v 0.14214 -0.0924299 0.203293
v 0.13457 -0.0918999 0.0899029
v 0.13457 -0.0918999 0.0899029
v -0.0090704 0.22145 0.0585489
v -0.0123205 0.21864 0.168863
v -0.499561 0.59904 0.330105
v -0.29028 0.53255 0.383666
v -0.25176 0.63117 0.337326
v -0.25176 0.63117 0.337326
v -0.49949 0.73636 0.272926
v -0.499561 0.59904 0.330105
v -0.29028 0.53255 0.383666
v -0.18847 0.36704 0.394348
v -0.11633 0.44085 0.345797
v -0.11633 0.44085 0.345797
v -0.25176 0.63117 0.337326
v -0.29028 0.53255 0.383666
v -0.0580604 0.18134 0.40454
v -0.11633 0.44085 0.345797
v -0.18847 0.36704 0.394348
v -0.18847 0.36704 0.394348
v -0.13334 0.12742 0.447786
v -0.0580604 0.18134 0.40454
v -0.13334 0.12742 0.447786
v -0.0217004 -0.16762 0.487242
v 0.0629196 -0.12678 0.444439
v 0.0629196 -0.12678 0.444439
v -0.0580604 0.18134 0.40454
v -0.13334 0.12742 0.447786
v 0.20247 -0.36506 0.141664
v 0.18658 -0.36265 0.0433889
v 0.13457 -0.0918999 0.0899029
v 0.13457 -0.0918999 0.0899029
v 0.14214 -0.0924299 0.203293
v 0.20247 -0.36506 0.141664
v 0.18781 -0.37551 0.233013
v 0.20247 -0.36506 0.141664
v 0.14214 -0.0924299 0.203293
v 0.14214 -0.0924299 0.203293
v 0.12284 -0.10547 0.321742
v 0.18781 -0.37551 0.233013
v 0.14921 -0.39033 0.329862
v 0.18781 -0.37551 0.233013
v 0.12284 -0.10547 0.321742
v 0.12284 -0.10547 0.321742
v 0.0629196 -0.12678 0.444439
v 0.14921 -0.39033 0.329862
v 0.0916996 -0.41314 0.381662
v 0.14921 -0.39033 0.329862
v 0.0629196 -0.12678 0.444439
v 0.0629196 -0.12678 0.444439
v -0.0217004 -0.16762 0.487242
v 0.0916996 -0.41314 0.381662
v -0.0191603 -0.44619 0.4188
v 0.0916996 -0.41314 0.381662
v -0.0217004 -0.16762 0.487242
v -0.0217004 -0.16762 0.487242
v -0.108881 -0.21144 0.511211
v -0.0191603 -0.44619 0.4188
v -0.17446 -0.46785 0.384321
v -0.0191603 -0.44619 0.4188
v -0.108881 -0.21144 0.511211
v -0.108881 -0.21144 0.511211
v -0.27256 -0.23213 0.472063
v -0.17446 -0.46785 0.384321
v -0.34673 -0.26059 0.367777
v -0.23815 -0.4813 0.288507
v -0.17446 -0.46785 0.384321
v -0.17446 -0.46785 0.384321
v -0.27256 -0.23213 0.472063
v -0.34673 -0.26059 0.367777
v -0.37287 -0.28112 0.189485
v -0.25785 -0.48649 0.148226
v -0.23815 -0.4813 0.288507
v -0.23815 -0.4813 0.288507
v -0.34673 -0.26059 0.367777
v -0.37287 -0.28112 0.189485
v -0.22083 -0.45175 -0.0350411
v -0.25785 -0.48649 0.148226
v -0.37287 -0.28112 0.189485
v -0.37287 -0.28112 0.189485
v -0.34883 -0.21016 -0.0595661
v -0.22083 -0.45175 -0.0350411
v -0.22067 -0.1951 -0.123002
v -0.12705 -0.42864 -0.116494
v -0.22083 -0.45175 -0.0350411
v -0.22083 -0.45175 -0.0350411
v -0.34883 -0.21016 -0.0595661
v -0.22067 -0.1951 -0.123002
v -0.11316 -0.16138 -0.156524
v -0.0299404 -0.40468 -0.144585
v -0.12705 -0.42864 -0.116494
v -0.12705 -0.42864 -0.116494
v -0.22067 -0.1951 -0.123002
v -0.11316 -0.16138 -0.156524
v -0.0136604 -0.12859 -0.127852
v 0.0598197 -0.38373 -0.120257
v -0.0299404 -0.40468 -0.144585
v -0.0299404 -0.40468 -0.144585
v -0.11316 -0.16138 -0.156524
v -0.0136604 -0.12859 -0.127852
v 0.0708497 -0.10811 -0.0500081
v 0.13337 -0.3703 -0.0557971
v 0.0598197 -0.38373 -0.120257
v 0.0598197 -0.38373 -0.120257
v -0.0136604 -0.12859 -0.127852
v 0.0708497 -0.10811 -0.0500081
v 0.18658 -0.36265 0.0433889
v 0.13337 -0.3703 -0.0557971
v 0.0708497 -0.10811 -0.0500081
v 0.0708497 -0.10811 -0.0500081
v 0.13457 -0.0918999 0.0899029
v 0.18658 -0.36265 0.0433889
v 0.10648 -0.41653 0.402017
v -0.0170903 -0.4525 0.443672
v 0.0534697 -0.63515 0.412977
v 0.0534697 -0.63515 0.412977
v 0.21172 -0.60298 0.355544
v 0.10648 -0.41653 0.402017
v 0.21025 -0.37618 0.238685
v 0.16867 -0.39222 0.344374
v 0.26063 -0.58972 0.283334
v 0.26063 -0.58972 0.283334
v 0.2908 -0.57673 0.184302
v 0.21025 -0.37618 0.238685
v 0.22622 -0.36476 0.139132
v 0.21025 -0.37618 0.238685
v 0.2908 -0.57673 0.184302
v 0.2908 -0.57673 0.184302
v 0.30516 -0.56586 0.0931889
v 0.22622 -0.36476 0.139132
v 0.15001 -0.37004 -0.0761991
v 0.20826 -0.362 0.0313429
v 0.27833 -0.56126 -0.0166711
v 0.27833 -0.56126 -0.0166711
v 0.22081 -0.56359 -0.106075
v 0.15001 -0.37004 -0.0761991
v 0.0345497 -0.59056 -0.201898
v -0.0293102 -0.40707 -0.173384
v 0.0693297 -0.38452 -0.14673
v 0.0693297 -0.38452 -0.14673
v 0.1383 -0.57441 -0.175209
v 0.0345497 -0.59056 -0.201898
v -0.0778303 -0.61224 -0.171431
v -0.13605 -0.43306 -0.142627
v -0.0293102 -0.40707 -0.173384
v -0.0293102 -0.40707 -0.173384
v 0.0345497 -0.59056 -0.201898
v -0.0778303 -0.61224 -0.171431
v -0.18508 -0.6366 -0.0669981
v -0.23839 -0.45783 -0.0520301
v -0.13605 -0.43306 -0.142627
v -0.13605 -0.43306 -0.142627
v -0.0778303 -0.61224 -0.171431
v -0.18508 -0.6366 -0.0669981
v -0.22297 -0.66065 0.118549
v -0.27944 -0.49557 0.147373
v -0.23839 -0.45783 -0.0520301
v -0.23839 -0.45783 -0.0520301
v -0.18508 -0.6366 -0.0669981
v -0.22297 -0.66065 0.118549
v -0.20384 -0.66711 0.261509
v -0.25801 -0.49059 0.30043
v -0.27944 -0.49557 0.147373
v -0.27944 -0.49557 0.147373
v -0.22297 -0.66065 0.118549
v -0.20384 -0.66711 0.261509
v -0.13321 -0.66297 0.3739
v -0.18819 -0.47646 0.405826
v -0.25801 -0.49059 0.30043
v -0.25801 -0.49059 0.30043
v -0.20384 -0.66711 0.261509
v -0.13321 -0.66297 0.3739
v -0.0170903 -0.4525 0.443672
v -0.18819 -0.47646 0.405826
v -0.13321 -0.66297 0.3739
v -0.13321 -0.66297 0.3739
v 0.0534697 -0.63515 0.412977
v -0.0170903 -0.4525 0.443672
v 0.1383 -0.57441 -0.175209
v 0.0693297 -0.38452 -0.14673
v 0.15001 -0.37004 -0.0761991
v 0.15001 -0.37004 -0.0761991
v 0.22081 -0.56359 -0.106075
v 0.1383 -0.57441 -0.175209
v 0.20826 -0.362 0.0313429
v 0.22622 -0.36476 0.139132
v 0.30516 -0.56586 0.0931889
v 0.30516 -0.56586 0.0931889
v 0.27833 -0.56126 -0.0166711
v 0.20826 -0.362 0.0313429
v 0.16867 -0.39222 0.344374
v 0.10648 -0.41653 0.402017
v 0.21172 -0.60298 0.355544
v 0.21172 -0.60298 0.355544
v 0.26063 -0.58972 0.283334
v 0.16867 -0.39222 0.344374
v -0.0597413 -0.6127 -0.129692
v -0.149801 -0.632841 -0.0430131
v -0.18508 -0.6366 -0.0669981
v -0.18508 -0.6366 -0.0669981
v -0.0778303 -0.61224 -0.171431
v -0.0597413 -0.6127 -0.129692
v -0.22297 -0.66065 0.118549
v -0.18508 -0.6366 -0.0669981
v -0.149801 -0.632841 -0.0430131
v -0.149801 -0.632841 -0.0430131
v -0.1816 -0.65267 0.113826
v -0.22297 -0.66065 0.118549
v -0.22297 -0.66065 0.118549
v -0.1816 -0.65267 0.113826
v -0.16571 -0.659039 0.232984
v -0.16571 -0.659039 0.232984
v -0.20384 -0.66711 0.261509
v -0.22297 -0.66065 0.118549
v -0.20384 -0.66711 0.261509
v -0.16571 -0.659039 0.232984
v -0.106341 -0.656171 0.32799
v -0.106341 -0.656171 0.32799
v -0.13321 -0.66297 0.3739
v -0.20384 -0.66711 0.261509
v 0.0534697 -0.63515 0.412977
v -0.13321 -0.66297 0.3739
v -0.106341 -0.656171 0.32799
v -0.106341 -0.656171 0.32799
v 0.0517087 -0.631741 0.360915
v 0.0534697 -0.63515 0.412977
v 0.21172 -0.60298 0.355544
v 0.0534697 -0.63515 0.412977
v 0.0517087 -0.631741 0.360915
v 0.0517087 -0.631741 0.360915
v 0.187561 -0.604439 0.311282
v 0.21172 -0.60298 0.355544
v 0.26063 -0.58972 0.283334
v 0.21172 -0.60298 0.355544
v 0.187561 -0.604439 0.311282
v 0.187561 -0.604439 0.311282
v 0.227401 -0.594091 0.249346
v 0.26063 -0.58972 0.283334
v 0.2908 -0.57673 0.184302
v 0.26063 -0.58972 0.283334
v 0.227401 -0.594091 0.249346
v 0.227401 -0.594091 0.249346
v 0.251678 -0.58334 0.166773
v 0.2908 -0.57673 0.184302
v 0.30516 -0.56586 0.0931889
v 0.2908 -0.57673 0.184302
v 0.251678 -0.58334 0.166773
v 0.251678 -0.58334 0.166773
v 0.263561 -0.574209 0.0910079
v 0.30516 -0.56586 0.0931889
v 0.27833 -0.56126 -0.0166711
v 0.30516 -0.56586 0.0931889
v 0.263561 -0.574209 0.0910079
v 0.263561 -0.574209 0.0910079
v 0.240211 -0.570299 -0.00143511
v 0.27833 -0.56126 -0.0166711
v 0.27833 -0.56126 -0.0166711
v 0.240211 -0.570299 -0.00143511
v 0.19198 -0.57197 -0.0749031
v 0.19198 -0.57197 -0.0749031
v 0.22081 -0.56359 -0.106075
v 0.27833 -0.56126 -0.0166711
v 0.22081 -0.56359 -0.106075
v 0.19198 -0.57197 -0.0749031
v 0.122571 -0.581049 -0.132836
v 0.122571 -0.581049 -0.132836
v 0.1383 -0.57441 -0.175209
v 0.22081 -0.56359 -0.106075
v 0.1383 -0.57441 -0.175209
v 0.122571 -0.581049 -0.132836
v 0.0350406 -0.59444 -0.155252
v 0.0350406 -0.59444 -0.155252
v 0.0345497 -0.59056 -0.201898
v 0.1383 -0.57441 -0.175209
v -0.0778303 -0.61224 -0.171431
v 0.0345497 -0.59056 -0.201898
v 0.0350406 -0.59444 -0.155252
v 0.0350406 -0.59444 -0.155252
v -0.0597413 -0.6127 -0.129692
v -0.0778303 -0.61224 -0.171431
v -0.0299404 -0.40468 -0.144585
v -0.0293102 -0.40707 -0.173384
v -0.13605 -0.43306 -0.142627
v -0.13605 -0.43306 -0.142627
v -0.12705 -0.42864 -0.116494
v -0.0299404 -0.40468 -0.144585
v 0.0693297 -0.38452 -0.14673
v -0.0293102 -0.40707 -0.173384
v -0.0299404 -0.40468 -0.144585
v -0.0299404 -0.40468 -0.144585
v 0.0598197 -0.38373 -0.120257
v 0.0693297 -0.38452 -0.14673
v 0.15001 -0.37004 -0.0761991
v 0.0693297 -0.38452 -0.14673
v 0.0598197 -0.38373 -0.120257
v 0.0598197 -0.38373 -0.120257
v 0.13337 -0.3703 -0.0557971
v 0.15001 -0.37004 -0.0761991
v 0.20826 -0.362 0.0313429
v 0.15001 -0.37004 -0.0761991
v 0.13337 -0.3703 -0.0557971
v 0.13337 -0.3703 -0.0557971
v 0.18658 -0.36265 0.0433889
v 0.20826 -0.362 0.0313429
v 0.22622 -0.36476 0.139132
v 0.20826 -0.362 0.0313429
v 0.18658 -0.36265 0.0433889
v 0.18658 -0.36265 0.0433889
v 0.20247 -0.36506 0.141664
v 0.22622 -0.36476 0.139132
v 0.21025 -0.37618 0.238685
v 0.22622 -0.36476 0.139132
v 0.20247 -0.36506 0.141664
v 0.20247 -0.36506 0.141664
v 0.18781 -0.37551 0.233013
v 0.21025 -0.37618 0.238685
v 0.14921 -0.39033 0.329862
v 0.16867 -0.39222 0.344374
v 0.21025 -0.37618 0.238685
v 0.21025 -0.37618 0.238685
v 0.18781 -0.37551 0.233013
v 0.14921 -0.39033 0.329862
v 0.10648 -0.41653 0.402017
v 0.16867 -0.39222 0.344374
v 0.14921 -0.39033 0.329862
v 0.14921 -0.39033 0.329862
v 0.0916996 -0.41314 0.381662
v 0.10648 -0.41653 0.402017
v -0.0191603 -0.44619 0.4188
v -0.0170903 -0.4525 0.443672
v 0.10648 -0.41653 0.402017
v 0.10648 -0.41653 0.402017
v 0.0916996 -0.41314 0.381662
v -0.0191603 -0.44619 0.4188
v -0.17446 -0.46785 0.384321
v -0.18819 -0.47646 0.405826
v -0.0170903 -0.4525 0.443672
v -0.0170903 -0.4525 0.443672
v -0.0191603 -0.44619 0.4188
v -0.17446 -0.46785 0.384321
v -0.25801 -0.49059 0.30043
v -0.18819 -0.47646 0.405826
v -0.17446 -0.46785 0.384321
v -0.17446 -0.46785 0.384321
v -0.23815 -0.4813 0.288507
v -0.25801 -0.49059 0.30043
v -0.27944 -0.49557 0.147373
v -0.25801 -0.49059 0.30043
v -0.23815 -0.4813 0.288507
v -0.23815 -0.4813 0.288507
v -0.25785 -0.48649 0.148226
v -0.27944 -0.49557 0.147373
v -0.22083 -0.45175 -0.0350411
v -0.23839 -0.45783 -0.0520301
v -0.27944 -0.49557 0.147373
v -0.27944 -0.49557 0.147373
v -0.25785 -0.48649 0.148226
v -0.22083 -0.45175 -0.0350411
v -0.12705 -0.42864 -0.116494
v -0.13605 -0.43306 -0.142627
v -0.23839 -0.45783 -0.0520301
v -0.23839 -0.45783 -0.0520301
v -0.22083 -0.45175 -0.0350411
v -0.12705 -0.42864 -0.116494

vn -0.324751 0.92587 0.193136
vn -0.324751 0.92587 0.193136
vn -0.324751 0.92587 0.193136
vn -0.324307 0.925993 0.193292
vn -0.324307 0.925993 0.193292
vn -0.324307 0.925993 0.193292
vn 0.302213 -0.9532 -0.00877411
vn 0.302213 -0.9532 -0.00877411
vn 0.302213 -0.9532 -0.00877411
vn 0.302187 -0.953208 -0.00878504
vn 0.302187 -0.953208 -0.00878504
vn 0.302187 -0.953208 -0.00878504
vn 0.12475 -0.741656 0.659078
vn 0.12475 -0.741656 0.659078
vn 0.12475 -0.741656 0.659078
vn 0.124527 -0.741853 0.658899
vn 0.124527 -0.741853 0.658899
vn 0.124527 -0.741853 0.658899
vn 0.296835 -0.518035 -0.802203
vn 0.296835 -0.518035 -0.802203
vn 0.296835 -0.518035 -0.802203
vn 0.296814 -0.518054 -0.802198
vn 0.296814 -0.518054 -0.802198
vn 0.296814 -0.518054 -0.802198
vn 0.935614 -0.316617 0.156142
vn 0.935614 -0.316617 0.156142
vn 0.935614 -0.316617 0.156142
vn 0.88055 -0.462234 0.104742
vn 0.88055 -0.462234 0.104742
vn 0.88055 -0.462234 0.104742
vn 0.861156 -0.20369 0.465748
vn 0.861156 -0.20369 0.465748
vn 0.861156 -0.20369 0.465748
vn 0.866827 -0.171542 0.46817
vn 0.866827 -0.171542 0.46817
vn 0.866827 -0.171542 0.46817
vn 0.553653 0.806165 0.208728
vn 0.553653 0.806164 0.208728
vn 0.553653 0.806165 0.208728
vn 0.546505 0.80962 0.214121
vn 0.546505 0.80962 0.214121
vn 0.546505 0.80962 0.214121
vn 0.946647 -0.0650962 -0.315629
vn 0.946647 -0.0650962 -0.315629
vn 0.946647 -0.0650962 -0.315629
vn 0.943828 -0.0804058 -0.320505
vn 0.943828 -0.0804058 -0.320504
vn 0.943828 -0.0804058 -0.320505
vn -0.945789 -0.302382 -0.118525
vn -0.945789 -0.302382 -0.118525
vn -0.945789 -0.302382 -0.118525
vn -0.933163 -0.342628 -0.108691
vn -0.933163 -0.342628 -0.108691
vn -0.933163 -0.342628 -0.108691
vn -0.994304 -0.0180502 -0.105038
vn -0.994304 -0.0180502 -0.105038
vn -0.994304 -0.0180502 -0.105038
vn -0.957849 -0.232191 -0.169154
vn -0.957849 -0.232191 -0.169154
vn -0.957849 -0.232191 -0.169154
vn -0.945444 -0.301814 -0.122656
vn -0.945444 -0.301814 -0.122656
vn -0.945444 -0.301814 -0.122656
vn -0.959477 -0.243511 -0.141795
vn -0.959477 -0.243511 -0.141795
vn -0.959477 -0.243511 -0.141795
vn -0.99218 -0.056521 -0.111288
vn -0.99218 -0.056521 -0.111288
vn -0.99218 -0.056521 -0.111288
vn -0.964801 -0.233264 -0.12144
vn -0.964801 -0.233264 -0.12144
vn -0.964801 -0.233264 -0.12144
vn -0.287516 0.954062 -0.0842586
vn -0.287516 0.954062 -0.0842586
vn -0.287516 0.954062 -0.0842586
vn -0.287053 0.954197 -0.0843091
vn -0.287053 0.954197 -0.0843091
vn -0.287053 0.954197 -0.084309
vn -0.0406859 0.563662 -0.825003
vn -0.0406859 0.563662 -0.825003
vn -0.0406859 0.563662 -0.825003
vn -0.0406827 0.563665 -0.825001
vn -0.0406827 0.563665 -0.825001
vn -0.0406827 0.563665 -0.825001
vn 0.312927 -0.946084 -0.0836785
vn 0.312927 -0.946084 -0.0836785
vn 0.312927 -0.946084 -0.0836785
vn 0.312927 -0.946084 -0.0836785
vn 0.312927 -0.946084 -0.0836785
vn 0.312927 -0.946084 -0.0836785
vn -0.229821 0.230205 0.945615
vn -0.229821 0.230205 0.945615
vn -0.229822 0.230205 0.945615
vn -0.229845 0.23018 0.945615
vn -0.229845 0.23018 0.945615
vn -0.229845 0.23018 0.945615
vn 0.696124 0.681634 -0.22536
vn 0.696124 0.681634 -0.22536
vn 0.696124 0.681634 -0.22536
vn 0.713139 0.664622 -0.222959
vn 0.713139 0.664622 -0.222959
vn 0.713139 0.664622 -0.222959
vn -0.11559 0.723807 -0.680252
vn -0.11559 0.723807 -0.680252
vn -0.11559 0.723807 -0.680252
vn -0.115266 0.723784 -0.680331
vn -0.115266 0.723784 -0.680331
vn -0.115266 0.723784 -0.680331
vn -0.922038 -0.360145 -0.141923
vn -0.922037 -0.360145 -0.141923
vn -0.922038 -0.360145 -0.141923
vn -0.81684 -0.544655 -0.190061
vn -0.81684 -0.544655 -0.190061
vn -0.81684 -0.544655 -0.190061
vn 0.02562 -0.527831 0.848963
vn 0.02562 -0.527831 0.848963
vn 0.02562 -0.527831 0.848963
vn 0.0253724 -0.527782 0.849001
vn 0.0253724 -0.527782 0.849001
vn 0.0253724 -0.527782 0.849001
vn 0.758725 0.428243 -0.490861
vn 0.758725 0.428243 -0.490861
vn 0.758725 0.428243 -0.490861
vn 0.785235 0.411931 -0.462298
vn 0.785235 0.411931 -0.462298
vn 0.785235 0.411931 -0.462298
vn 0.173512 -0.0309456 -0.984346
vn 0.173512 -0.0309456 -0.984345
vn 0.173512 -0.0309456 -0.984346
vn 0.173444 -0.0309935 -0.984356
vn 0.173444 -0.0309935 -0.984356
vn 0.173444 -0.0309935 -0.984356
vn -0.955815 -0.292134 0.0327855
vn -0.955815 -0.292134 0.0327855
vn -0.955815 -0.292134 0.0327855
vn -0.955807 -0.292166 0.0327532
vn -0.955807 -0.292166 0.0327532
vn -0.955807 -0.292166 0.0327532
vn -0.0559012 -0.320434 0.94562
vn -0.0559012 -0.320434 0.94562
vn -0.0559012 -0.320434 0.94562
vn -0.0561316 -0.320395 0.94562
vn -0.0561316 -0.320395 0.94562
vn -0.0561316 -0.320395 0.94562
vn 0.249888 -0.307448 -0.918168
vn 0.249888 -0.307448 -0.918168
vn 0.249888 -0.307448 -0.918168
vn 0.249623 -0.307377 -0.918263
vn 0.249623 -0.307377 -0.918264
vn 0.249623 -0.307377 -0.918263
vn -0.820678 -0.54801 -0.161777
vn -0.820678 -0.54801 -0.161777
vn -0.820678 -0.54801 -0.161777
vn -0.917026 -0.354862 -0.182035
vn -0.917026 -0.354862 -0.182035
vn -0.917026 -0.354862 -0.182035
vn -0.299923 0.532415 0.791568
vn -0.299923 0.532415 0.791568
vn -0.299923 0.532415 0.791568
vn -0.299923 0.532415 0.791568
vn -0.299923 0.532415 0.791568
vn -0.299923 0.532415 0.791568
vn 0.59801 0.581424 0.551661
vn 0.59801 0.581424 0.551661
vn 0.59801 0.581424 0.551661
vn 0.617334 0.563664 0.5488
vn 0.617334 0.563664 0.5488
vn 0.617334 0.563664 0.5488
vn 0.0708624 0.279908 -0.957408
vn 0.0708624 0.279908 -0.957408
vn 0.0708624 0.279908 -0.957408
vn 0.0706652 0.279704 -0.957482
vn 0.0706652 0.279704 -0.957482
vn 0.0706652 0.279704 -0.957482
vn -0.896462 -0.284572 -0.339669
vn -0.896462 -0.284572 -0.339669
vn -0.896462 -0.284572 -0.339669
vn -0.894625 -0.287034 -0.342427
vn -0.894625 -0.287034 -0.342427
vn -0.894625 -0.287034 -0.342427
vn -0.0733345 -0.272805 0.95927
vn -0.0733345 -0.272805 0.95927
vn -0.0733345 -0.272805 0.95927
vn -0.0733494 -0.272805 0.959269
vn -0.0733494 -0.272805 0.959269
vn -0.0733494 -0.272805 0.959269
vn 0.678516 0.0473973 0.733055
vn 0.678516 0.0473973 0.733055
vn 0.678516 0.0473973 0.733055
vn 0.69317 0.0695811 0.717408
vn 0.69317 0.0695811 0.717408
vn 0.69317 0.0695811 0.717408
vn 0.83604 0.198306 -0.511578
vn 0.83604 0.198306 -0.511578
vn 0.83604 0.198306 -0.511578
vn 0.848451 0.22057 -0.481123
vn 0.848451 0.22057 -0.481123
vn 0.848451 0.22057 -0.481123
vn 0.0649798 0.296185 -0.952918
vn 0.0649798 0.296185 -0.952918
vn 0.0649798 0.296185 -0.952918
vn 0.0649178 0.296143 -0.952935
vn 0.0649178 0.296143 -0.952935
vn 0.0649178 0.296143 -0.952935
vn -0.939263 -0.342114 0.0272735
vn -0.939263 -0.342114 0.0272735
vn -0.939263 -0.342114 0.0272735
vn -0.938981 -0.342843 0.0277981
vn -0.938981 -0.342843 0.0277981
vn -0.938981 -0.342843 0.0277981
vn -0.179851 0.0524017 0.982297
vn -0.179851 0.0524017 0.982297
vn -0.179851 0.0524017 0.982297
vn -0.180046 0.0522018 0.982272
vn -0.180046 0.0522018 0.982272
vn -0.180046 0.0522018 0.982272
vn 0.16859 -0.0150728 -0.985571
vn 0.16859 -0.0150728 -0.985571
vn 0.16859 -0.0150728 -0.985571
vn 0.168882 -0.0151331 -0.98552
vn 0.168882 -0.0151331 -0.98552
vn 0.168882 -0.0151331 -0.98552
vn -0.908339 -0.245425 -0.338654
vn -0.908339 -0.245425 -0.338654
vn -0.908339 -0.245425 -0.338654
vn -0.908205 -0.249121 -0.336306
vn -0.908205 -0.249121 -0.336306
vn -0.908205 -0.249121 -0.336306
vn -0.16594 0.00608559 0.986117
vn -0.16594 0.00608559 0.986117
vn -0.16594 0.00608559 0.986117
vn -0.16594 0.00608559 0.986117
vn -0.16594 0.00608559 0.986117
vn -0.16594 0.00608559 0.986117
vn 0.613702 0.23888 0.752533
vn 0.613702 0.23888 0.752534
vn 0.613702 0.23888 0.752533
vn 0.638686 0.232558 0.733483
vn 0.638685 0.232558 0.733483
vn 0.638685 0.232558 0.733483
vn -0.313082 0.945916 0.0849828
vn -0.313082 0.945916 0.0849828
vn -0.313082 0.945916 0.0849828
vn -0.31259 0.946096 0.0847962
vn -0.31259 0.946096 0.0847962
vn -0.31259 0.946096 0.0847962
vn 0.327344 -0.916651 -0.229338
vn 0.327344 -0.916651 -0.229338
vn 0.327344 -0.916651 -0.229338
vn 0.327348 -0.91665 -0.229338
vn 0.327348 -0.91665 -0.229338
vn 0.327348 -0.91665 -0.229338
vn 0.956414 -0.290587 -0.0288228
vn 0.956414 -0.290587 -0.0288228
vn 0.956414 -0.290587 -0.0288228
vn 0.933491 -0.357569 -0.0271962
vn 0.933491 -0.357569 -0.0271962
vn 0.93349 -0.357569 -0.0271962
vn 0.570929 0.793717 0.209891
vn 0.570929 0.793717 0.209891
vn 0.570929 0.793717 0.209891
vn 0.520038 0.82995 0.20185
vn 0.520038 0.82995 0.20185
vn 0.520038 0.82995 0.20185
vn -0.920283 -0.33093 -0.208723
vn -0.920283 -0.33093 -0.208723
vn -0.920283 -0.33093 -0.208723
vn -0.925458 -0.327325 -0.190751
vn -0.925458 -0.327325 -0.190751
vn -0.925458 -0.327325 -0.190751
vn -0.967952 -0.197716 -0.154844
vn -0.967952 -0.197716 -0.154844
vn -0.967952 -0.197716 -0.154844
vn -0.93647 -0.29189 -0.194486
vn -0.93647 -0.29189 -0.194486
vn -0.93647 -0.29189 -0.194486
vn -0.330275 0.904322 0.270406
vn -0.330275 0.904322 0.270406
vn -0.330275 0.904322 0.270406
vn -0.330718 0.904233 0.270162
vn -0.330718 0.904233 0.270162
vn -0.330718 0.904233 0.270162
vn 0.327547 -0.91729 -0.226477
vn 0.327547 -0.91729 -0.226477
vn 0.327547 -0.91729 -0.226477
vn 0.327565 -0.917286 -0.22647
vn 0.327565 -0.917286 -0.22647
vn 0.327565 -0.917286 -0.22647
vn 0.286726 -0.953898 0.0886933
vn 0.286726 -0.953898 0.0886934
vn 0.286726 -0.953898 0.0886933
vn 0.286717 -0.953901 0.0886954
vn 0.286717 -0.953901 0.0886954
vn 0.286717 -0.953901 0.0886954
vn -0.925543 -0.317568 -0.206205
vn -0.925543 -0.317568 -0.206205
vn -0.925543 -0.317568 -0.206205
vn -0.937015 -0.292465 -0.190965
vn -0.937015 -0.292465 -0.190965
vn -0.937015 -0.292465 -0.190965
vn -0.293234 0.954826 -0.0481857
vn -0.293234 0.954826 -0.0481857
vn -0.293234 0.954826 -0.0481857
vn -0.293254 0.954819 -0.0481835
vn -0.293254 0.954819 -0.0481835
vn -0.293254 0.954819 -0.0481835
vn 0.580839 0.804618 0.123353
vn 0.580839 0.804618 0.123353
vn 0.580839 0.804618 0.123353
vn 0.538063 0.832754 0.130418
vn 0.538063 0.832754 0.130418
vn 0.538063 0.832754 0.130418
vn -0.303577 0.952637 0.0180055
vn -0.303577 0.952637 0.0180055
vn -0.303577 0.952637 0.0180055
vn -0.303564 0.952641 0.0180199
vn -0.303564 0.952641 0.0180199
vn -0.303564 0.952641 0.0180199
vn -0.962981 -0.238329 -0.125967
vn -0.962981 -0.238329 -0.125967
vn -0.962981 -0.238329 -0.125967
vn -0.961735 -0.225185 -0.156071
vn -0.961735 -0.225185 -0.156071
vn -0.961735 -0.225185 -0.156071
vn 0.305923 -0.951435 -0.0343949
vn 0.305923 -0.951435 -0.0343949
vn 0.305923 -0.951435 -0.0343949
vn 0.305906 -0.951441 -0.034387
vn 0.305906 -0.951441 -0.034387
vn 0.305906 -0.951441 -0.034387
vn 0.937892 -0.332074 0.100425
vn 0.937892 -0.332074 0.100425
vn 0.937892 -0.332074 0.100425
vn 0.934627 -0.339535 0.105777
vn 0.934627 -0.339535 0.105777
vn 0.934627 -0.339535 0.105777
vn 0.964074 -0.238235 0.117493
vn 0.964075 -0.238235 0.117493
vn 0.964074 -0.238235 0.117493
vn 0.964506 -0.231257 0.127466
vn 0.964506 -0.231257 0.127466
vn 0.964506 -0.231257 0.127466
vn 0.888949 0.389715 -0.24061
vn 0.888948 0.389715 -0.24061
vn 0.888949 0.389715 -0.24061
vn 0.941437 0.14843 -0.302762
vn 0.941437 0.14843 -0.302762
vn 0.941437 0.14843 -0.302762
vn 0.941871 0.310138 -0.129204
vn 0.941871 0.310138 -0.129204
vn 0.941871 0.310138 -0.129204
vn 0.943363 0.284505 -0.170653
vn 0.943363 0.284505 -0.170653
vn 0.943363 0.284505 -0.170653
vn 0.933076 0.336534 -0.126941
vn 0.933076 0.336534 -0.126941
vn 0.933076 0.336534 -0.126941
vn 0.916473 0.364788 -0.164338
vn 0.916473 0.364788 -0.164338
vn 0.916473 0.364788 -0.164338
vn 0.932079 0.258891 -0.253385
vn 0.932079 0.258891 -0.253385
vn 0.932079 0.258891 -0.253385
vn 0.824403 0.498725 -0.267645
vn 0.824403 0.498725 -0.267645
vn 0.824403 0.498725 -0.267645
vn 0.671785 0.731037 0.119537
vn 0.671785 0.731037 0.119537
vn 0.671785 0.731037 0.119537
vn 0.683573 0.716004 0.141654
vn 0.683573 0.716004 0.141654
vn 0.683573 0.716004 0.141654
vn 0.606262 0.754097 0.252555
vn 0.606262 0.754097 0.252555
vn 0.606262 0.754097 0.252555
vn 0.610805 0.749984 0.253852
vn 0.610806 0.749984 0.253852
vn 0.610806 0.749984 0.253852
vn 0.623387 0.773294 0.115782
vn 0.623387 0.773294 0.115782
vn 0.623387 0.773294 0.115782
vn 0.581642 0.804332 0.121423
vn 0.581642 0.804332 0.121423
vn 0.581642 0.804332 0.121423
vn 0.837175 0.155495 0.524366
vn 0.837175 0.155495 0.524366
vn 0.837175 0.155495 0.524366
vn 0.705782 0.366593 0.606202
vn 0.705782 0.366593 0.606202
vn 0.705782 0.366593 0.606202
vn 0.860585 0.271405 0.430968
vn 0.860585 0.271405 0.430968
vn 0.860585 0.271405 0.430968
vn 0.837694 0.287963 0.464054
vn 0.837694 0.287963 0.464054
vn 0.837694 0.287963 0.464054
vn 0.877218 0.221997 0.425684
vn 0.877218 0.221997 0.425684
vn 0.877218 0.221997 0.425684
vn 0.871161 0.190826 0.452398
vn 0.871161 0.190826 0.452398
vn 0.871161 0.190826 0.452398
vn 0.786127 0.289463 0.54609
vn 0.786127 0.289463 0.54609
vn 0.786127 0.289463 0.54609
vn 0.831698 0.0365384 0.554025
vn 0.831698 0.0365384 0.554025
vn 0.831698 0.0365384 0.554025
vn 0.969938 -0.242258 -0.0230536
vn 0.969938 -0.242258 -0.0230536
vn 0.969938 -0.242258 -0.0230536
vn 0.967913 -0.250254 -0.022756
vn 0.967913 -0.250254 -0.022756
vn 0.967913 -0.250254 -0.022756
vn 0.939177 -0.273396 0.207848
vn 0.939177 -0.273396 0.207848
vn 0.939177 -0.273395 0.207848
vn 0.936803 -0.285315 0.202472
vn 0.936803 -0.285315 0.202472
vn 0.936803 -0.285315 0.202472
vn 0.119789 0.159157 -0.979959
vn 0.119789 0.159157 -0.979959
vn 0.119789 0.159157 -0.979959
vn 0.170391 0.153265 -0.973384
vn 0.170391 0.153265 -0.973384
vn 0.170391 0.153265 -0.973384
vn -0.316193 0.944331 0.0908927
vn -0.316193 0.944331 0.0908927
vn -0.316193 0.944331 0.0908927
vn -0.313524 0.945049 0.0926553
vn -0.313524 0.945049 0.0926553
vn -0.313524 0.945049 0.0926553
vn -0.689795 -0.149732 -0.708352
vn -0.689795 -0.149732 -0.708352
vn -0.689795 -0.149732 -0.708352
vn -0.686415 -0.155603 -0.710367
vn -0.686415 -0.155603 -0.710367
vn -0.686415 -0.155603 -0.710367
vn 0.313804 -0.944925 -0.0929728
vn 0.313804 -0.944925 -0.0929728
vn 0.313804 -0.944925 -0.0929728
vn 0.315084 -0.944581 -0.092132
vn 0.315084 -0.944581 -0.092132
vn 0.315084 -0.944581 -0.092132
vn 0.704767 0.166778 0.689557
vn 0.704767 0.166778 0.689557
vn 0.704767 0.166778 0.689557
vn 0.709191 0.1587 0.686922
vn 0.709191 0.1587 0.686922
vn 0.709191 0.1587 0.686922
vn -0.314021 0.94478 0.0937062
vn -0.314021 0.94478 0.0937062
vn -0.314021 0.94478 0.0937062
vn -0.314091 0.944759 0.0936888
vn -0.314091 0.944759 0.0936888
vn -0.314091 0.944759 0.0936888
vn -0.946204 -0.30397 -0.110904
vn -0.946204 -0.30397 -0.110904
vn -0.946204 -0.30397 -0.110904
vn -0.945228 -0.306668 -0.111796
vn -0.945228 -0.306668 -0.111796
vn -0.945228 -0.306668 -0.111796
vn 0.313802 -0.944828 -0.0939626
vn 0.313802 -0.944828 -0.0939626
vn 0.313802 -0.944828 -0.0939626
vn 0.314059 -0.944741 -0.0939705
vn 0.314059 -0.944741 -0.0939705
vn 0.314059 -0.944741 -0.0939705
vn 0.948213 0.304319 0.0910038
vn 0.948213 0.304319 0.0910038
vn 0.948213 0.304319 0.0910038
vn 0.94742 0.306555 0.0917533
vn 0.94742 0.306555 0.0917533
vn 0.94742 0.306555 0.0917533
vn -0.314094 0.944712 0.0941472
vn -0.314094 0.944712 0.0941472
vn -0.314094 0.944712 0.0941472
vn -0.313943 0.944758 0.0941908
vn -0.313943 0.944758 0.0941908
vn -0.313943 0.944758 0.0941908
vn -0.883486 -0.251113 -0.395468
vn -0.883486 -0.251113 -0.395468
vn -0.883486 -0.251113 -0.395468
vn -0.883635 -0.250522 -0.395509
vn -0.883635 -0.250522 -0.395509
vn -0.883635 -0.250522 -0.395509
vn 0.314045 -0.944758 -0.0938539
vn 0.314045 -0.944758 -0.0938539
vn 0.314045 -0.944758 -0.0938539
vn 0.313802 -0.944831 -0.093924
vn 0.313802 -0.944831 -0.093924
vn 0.313802 -0.944831 -0.093924
vn 0.89211 0.25543 0.372687
vn 0.89211 0.25543 0.372687
vn 0.89211 0.25543 0.372687
vn 0.89193 0.255875 0.372812
vn 0.89193 0.255875 0.372812
vn 0.89193 0.255875 0.372812
vn -0.312496 0.946277 0.0831055
vn -0.312497 0.946277 0.0831055
vn -0.312496 0.946277 0.0831055
vn -0.312082 0.94643 0.0829138
vn -0.312082 0.94643 0.0829138
vn -0.312082 0.94643 0.0829137
vn -0.913074 -0.278104 -0.298252
vn -0.913074 -0.278104 -0.298252
vn -0.913074 -0.278104 -0.298252
vn -0.913668 -0.277476 -0.297016
vn -0.913668 -0.277476 -0.297016
vn -0.913668 -0.277476 -0.297016
vn 0.314531 -0.944018 -0.0995039
vn 0.314531 -0.944018 -0.0995039
vn 0.314531 -0.944017 -0.0995039
vn 0.314518 -0.944023 -0.0994974
vn 0.314518 -0.944023 -0.0994974
vn 0.314518 -0.944023 -0.0994974
vn 0.946538 0.300224 0.118031
vn 0.946538 0.300224 0.118031
vn 0.946538 0.300224 0.118031
vn 0.946434 0.300407 0.118401
vn 0.946434 0.300407 0.118401
vn 0.946434 0.300407 0.118401
vn 0.119811 0.159135 -0.97996
vn 0.119811 0.159135 -0.97996
vn 0.119811 0.159135 -0.97996
vn 0.170313 0.153252 -0.9734
vn 0.170313 0.153252 -0.9734
vn 0.170313 0.153252 -0.9734
vn -0.316055 0.944367 0.0909972
vn -0.316055 0.944367 0.0909972
vn -0.316055 0.944367 0.0909971
vn -0.313494 0.945056 0.0926881
vn -0.313494 0.945056 0.0926881
vn -0.313494 0.945056 0.0926881
vn -0.689805 -0.149695 -0.70835
vn -0.689805 -0.149695 -0.70835
vn -0.689805 -0.149695 -0.70835
vn -0.686379 -0.155647 -0.710393
vn -0.686379 -0.155647 -0.710393
vn -0.686379 -0.155647 -0.710393
vn 0.313777 -0.944931 -0.093004
vn 0.313777 -0.944931 -0.093004
vn 0.313777 -0.944931 -0.093004
vn 0.31511 -0.944573 -0.0921287
vn 0.31511 -0.944573 -0.0921287
vn 0.31511 -0.944573 -0.0921287
vn 0.704779 0.16674 0.689554
vn 0.704779 0.16674 0.689554
vn 0.704779 0.16674 0.689554
vn 0.709165 0.158733 0.686942
vn 0.709165 0.158733 0.686942
vn 0.709165 0.158733 0.686942
vn -0.313965 0.944799 0.0937028
vn -0.313965 0.944799 0.0937028
vn -0.313965 0.944799 0.0937028
vn -0.313957 0.944802 0.0937047
vn -0.313957 0.944802 0.0937047
vn -0.313957 0.944802 0.0937047
vn -0.94475 -0.308435 -0.110973
vn -0.94475 -0.308435 -0.110973
vn -0.94475 -0.308435 -0.110973
vn -0.945277 -0.306744 -0.111175
vn -0.945277 -0.306744 -0.111175
vn -0.945277 -0.306744 -0.111175
vn 0.730872 -0.675677 -0.0963672
vn 0.730872 -0.675677 -0.0963672
vn 0.730872 -0.675677 -0.0963672
vn 0.313929 -0.944786 -0.0939565
vn 0.313929 -0.944786 -0.0939565
vn 0.313929 -0.944786 -0.0939566
vn 0.948234 0.304256 0.0910016
vn 0.948234 0.304256 0.0910016
vn 0.948234 0.304256 0.0910016
vn 0.94741 0.30658 0.0917808
vn 0.94741 0.30658 0.0917808
vn 0.94741 0.30658 0.0917808
vn -0.313961 0.944751 0.0942065
vn -0.313961 0.944751 0.0942065
vn -0.31396 0.944751 0.0942065
vn -0.313913 0.944765 0.0942202
vn -0.313913 0.944765 0.0942202
vn -0.313913 0.944765 0.0942201
vn -0.883693 -0.250503 -0.395392
vn -0.883693 -0.250503 -0.395392
vn -0.883693 -0.250503 -0.395392
vn -0.881318 -0.256224 -0.397023
vn -0.881318 -0.256224 -0.397023
vn -0.881318 -0.256224 -0.397023
vn 0.296473 -0.954507 -0.031935
vn 0.296473 -0.954507 -0.031935
vn 0.296473 -0.954507 -0.031935
vn 0.720152 -0.685532 0.106898
vn 0.720152 -0.685532 0.106898
vn 0.720152 -0.685532 0.106898
vn 0.892106 0.255457 0.372676
vn 0.892106 0.255457 0.372676
vn 0.892106 0.255457 0.372676
vn 0.891916 0.255928 0.372809
vn 0.891916 0.255928 0.372809
vn 0.891916 0.255928 0.372809
vn -0.312432 0.946303 0.083043
vn -0.312432 0.946303 0.083043
vn -0.312432 0.946303 0.083043
vn -0.31225 0.946371 0.082959
vn -0.31225 0.946371 0.082959
vn -0.31225 0.946371 0.082959
vn -0.91308 -0.278109 -0.298229
vn -0.91308 -0.278109 -0.298229
vn -0.91308 -0.278109 -0.298229
vn -0.913637 -0.277519 -0.29707
vn -0.913637 -0.277519 -0.29707
vn -0.913637 -0.277519 -0.29707
vn 0.314399 -0.944067 -0.0994559
vn 0.314399 -0.944067 -0.0994559
vn 0.314399 -0.944067 -0.0994559
vn 0.314557 -0.944006 -0.0995315
vn 0.314557 -0.944006 -0.0995315
vn 0.314557 -0.944006 -0.0995315
vn 0.946557 0.300158 0.118047
vn 0.946557 0.300158 0.118047
vn 0.946557 0.300158 0.118047
vn 0.946478 0.300298 0.118327
vn 0.946478 0.300298 0.118327
vn 0.946478 0.300298 0.118327
vn 0.994978 0.00915792 0.0996753
vn 0.994978 0.00915791 0.0996752
vn 0.994978 0.00915791 0.0996752
vn 0.994978 0.00915777 0.0996748
vn 0.994978 0.00915777 0.0996748
vn 0.994978 0.00915777 0.0996748
vn 0.476754 0.858149 0.190487
vn 0.476754 0.858149 0.190487
vn 0.476754 0.858149 0.190487
vn 0.476742 0.858162 0.19046
vn 0.476742 0.858162 0.19046
vn 0.476742 0.858162 0.19046
vn -0.517273 0.850947 0.0912028
vn -0.517273 0.850947 0.0912028
vn -0.517273 0.850947 0.0912028
vn -0.51727 0.850948 0.0912106
vn -0.51727 0.850948 0.0912106
vn -0.51727 0.850948 0.0912106
vn -0.994978 -0.00917083 -0.099677
vn -0.994978 -0.00917083 -0.099677
vn -0.994978 -0.00917083 -0.099677
vn -0.994978 -0.00917009 -0.0996747
vn -0.994978 -0.00917009 -0.0996747
vn -0.994978 -0.00917009 -0.0996747
vn -0.476744 -0.858157 -0.190477
vn -0.476744 -0.858157 -0.190477
vn -0.476744 -0.858157 -0.190477
vn -0.476754 -0.858155 -0.19046
vn -0.476754 -0.858155 -0.19046
vn -0.476755 -0.858155 -0.19046
vn 0.517269 -0.850947 -0.0912249
vn 0.517269 -0.850947 -0.0912249
vn 0.517269 -0.850947 -0.0912248
vn 0.517277 -0.850945 -0.0912005
vn 0.517277 -0.850945 -0.0912005
vn 0.517277 -0.850945 -0.0912005
vn -0.515797 -0.209758 0.830635
vn -0.515797 -0.209758 0.830635
vn -0.515797 -0.209758 0.830635
vn -0.305704 -0.537604 0.785829
vn -0.305704 -0.537604 0.785829
vn -0.305704 -0.537604 0.785829
vn 0.0834956 -0.544051 0.834887
vn 0.0834956 -0.544051 0.834887
vn 0.0834956 -0.544051 0.834887
vn 0.287461 -0.207914 0.934954
vn 0.287461 -0.207914 0.934954
vn 0.287461 -0.207914 0.934954
vn 0.0757474 0.149713 0.985824
vn 0.0757474 0.149713 0.985824
vn 0.0757474 0.149713 0.985824
vn -0.338739 0.140506 0.93033
vn -0.33874 0.140506 0.93033
vn -0.33874 0.140506 0.93033
vn 0.950864 0.0990494 -0.293338
vn 0.950864 0.0990494 -0.293338
vn 0.950864 0.0990494 -0.293338
vn 0.479984 0.858783 -0.179186
vn 0.479984 0.858783 -0.179186
vn 0.479984 0.858783 -0.179186
vn -0.412432 0.858787 -0.30395
vn -0.412432 0.858787 -0.30395
vn -0.412432 0.858787 -0.303949
vn -0.833957 0.0990402 -0.542869
vn -0.833957 0.0990402 -0.542869
vn -0.833957 0.0990402 -0.542869
vn -0.36307 -0.660689 -0.657017
vn -0.36307 -0.660689 -0.657017
vn -0.36307 -0.660689 -0.657017
vn 0.529331 -0.660691 -0.532256
vn 0.529331 -0.660691 -0.532256
vn 0.529331 -0.660691 -0.532256
vn 0.981636 0.167374 0.0915222
vn 0.981636 0.167374 0.0915222
vn 0.981636 0.167374 0.0915222
vn 0.981636 0.167373 0.091524
vn 0.981636 0.167373 0.091524
vn 0.981636 0.167373 0.091524
vn 0.336655 0.925671 0.172617
vn 0.336655 0.925671 0.172617
vn 0.336655 0.925671 0.172617
vn 0.336657 0.925671 0.172613
vn 0.336657 0.925671 0.172613
vn 0.336657 0.925671 0.172613
vn -0.644343 0.760386 0.0814588
vn -0.644343 0.760386 0.0814588
vn -0.644343 0.760386 0.0814588
vn -0.64435 0.760378 0.0814727
vn -0.64435 0.760378 0.0814727
vn -0.64435 0.760378 0.0814727
vn -0.981637 -0.167371 -0.0915237
vn -0.981637 -0.167371 -0.0915237
vn -0.981637 -0.167371 -0.0915237
vn -0.981636 -0.167374 -0.0915207
vn -0.981636 -0.167374 -0.0915207
vn -0.981636 -0.167374 -0.0915207
vn -0.336654 -0.925671 -0.172617
vn -0.336654 -0.925671 -0.172617
vn -0.336654 -0.925671 -0.172617
vn -0.336654 -0.925671 -0.172617
vn -0.336654 -0.925671 -0.172617
vn -0.336654 -0.925671 -0.172617
vn 0.64435 -0.760378 -0.0814727
vn 0.64435 -0.760378 -0.0814727
vn 0.64435 -0.760378 -0.0814727
vn 0.64435 -0.760378 -0.0814727
vn 0.64435 -0.760378 -0.0814727
vn 0.64435 -0.760378 -0.0814727
vn -0.355755 0.0144311 -0.934468
vn -0.355755 0.0144311 -0.934468
vn -0.355755 0.0144311 -0.934468
vn -0.0982622 -0.280354 -0.954854
vn -0.0982622 -0.280354 -0.954854
vn -0.0982622 -0.280354 -0.954854
vn 0.288852 -0.220918 -0.931536
vn 0.288852 -0.220918 -0.931536
vn 0.288852 -0.220918 -0.931536
vn 0.440869 0.152289 -0.884558
vn 0.440869 0.152289 -0.884558
vn 0.440869 0.152289 -0.884558
vn 0.177272 0.476727 -0.860992
vn 0.177272 0.476727 -0.860992
vn 0.177272 0.476727 -0.860991
vn -0.232542 0.397328 -0.887724
vn -0.232542 0.397328 -0.887724
vn -0.232542 0.397328 -0.887724
vn 0.870671 0.115376 0.478143
vn 0.870671 0.115376 0.478143
vn 0.870671 0.115376 0.478143
vn 0.290879 0.803975 0.518666
vn 0.290879 0.803975 0.518666
vn 0.290879 0.803975 0.518666
vn -0.5957 0.649801 0.472123
vn -0.5957 0.649801 0.472123
vn -0.5957 0.649801 0.472123
vn -0.902494 -0.192967 0.385057
vn -0.902494 -0.192967 0.385057
vn -0.902494 -0.192967 0.385057
vn -0.3227 -0.881567 0.344535
vn -0.3227 -0.881567 0.344535
vn -0.3227 -0.881567 0.344535
vn 0.563884 -0.727389 0.391077
vn 0.563884 -0.727389 0.391077
vn 0.563884 -0.727389 0.391077
vn -0.348668 0.174155 0.920924
vn -0.348668 0.174155 0.920924
vn -0.348668 0.174155 0.920924
vn -0.348683 0.174134 0.920922
vn -0.348683 0.174134 0.920922
vn -0.348683 0.174134 0.920922
vn -0.505248 0.840902 0.193927
vn -0.505248 0.840902 0.193927
vn -0.505248 0.840902 0.193927
vn -0.505246 0.840903 0.193929
vn -0.505246 0.840903 0.193929
vn -0.505246 0.840903 0.193929
vn -0.157661 0.668657 -0.726664
vn -0.157661 0.668657 -0.726664
vn -0.157661 0.668657 -0.726664
vn -0.157669 0.668647 -0.726671
vn -0.157669 0.668647 -0.726671
vn -0.157669 0.668647 -0.726671
vn 0.348665 -0.174159 -0.920924
vn 0.348665 -0.174159 -0.920924
vn 0.348665 -0.174159 -0.920924
vn 0.348683 -0.174134 -0.920922
vn 0.348683 -0.174134 -0.920922
vn 0.348683 -0.174134 -0.920922
vn 0.505241 -0.840903 -0.193943
vn 0.505241 -0.840903 -0.193943
vn 0.505241 -0.840903 -0.193943
vn 0.505228 -0.840912 -0.193938
vn 0.505227 -0.840912 -0.193938
vn 0.505228 -0.840912 -0.193938
vn 0.15766 -0.668656 0.726665
vn 0.15766 -0.668656 0.726665
vn 0.15766 -0.668656 0.726665
vn 0.157666 -0.668649 0.726671
vn 0.157666 -0.668649 0.726671
vn 0.157666 -0.668649 0.726671
vn 0.943389 0.286857 -0.166526
vn 0.943389 0.286857 -0.166526
vn 0.943389 0.286857 -0.166526
vn 0.992408 0.0245035 0.120522
vn 0.992408 0.0245035 0.120522
vn 0.992408 0.0245035 0.120522
vn 0.868727 0.0908848 0.486881
vn 0.868727 0.0908848 0.486881
vn 0.868727 0.0908848 0.486881
vn 0.682506 0.437654 0.585358
vn 0.682506 0.437654 0.585358
vn 0.682506 0.437654 0.585358
vn 0.623173 0.726918 0.288523
vn 0.623173 0.726918 0.288523
vn 0.623173 0.726918 0.288523
vn 0.760845 0.641622 -0.0971411
vn 0.760845 0.641622 -0.097141
vn 0.760845 0.641622 -0.0971411
vn -0.669101 0.000309431 0.743171
vn -0.669101 0.000309431 0.743171
vn -0.669101 0.000309431 0.743171
vn -0.781746 0.616288 0.0951983
vn -0.781746 0.616288 0.0951983
vn -0.781746 0.616288 0.0951983
vn -0.499583 0.444977 -0.743244
vn -0.499583 0.444977 -0.743244
vn -0.499583 0.444977 -0.743244
vn -0.104771 -0.342307 -0.933729
vn -0.104771 -0.342307 -0.933729
vn -0.104771 -0.342307 -0.933729
vn 0.00787177 -0.958263 -0.285781
vn 0.00787177 -0.958263 -0.285781
vn 0.00787177 -0.958263 -0.285781
vn -0.2743 -0.786953 0.552689
vn -0.2743 -0.786953 0.552689
vn -0.2743 -0.786953 0.552689
vn -0.208798 0.474479 -0.855145
vn 0.188967 0.188802 -0.963662
vn 0.358446 -0.0169287 -0.933397
vn 0.358446 -0.0169287 -0.933397
vn -0.351866 0.267007 -0.897161
vn -0.208798 0.474479 -0.855145
vn -0.292946 -0.485036 -0.823968
vn -0.351866 0.267007 -0.897161
vn 0.358446 -0.0169287 -0.933397
vn 0.358446 -0.0169287 -0.933397
vn 0.363949 -0.532645 -0.764088
vn -0.292946 -0.485036 -0.823968
vn 0.363949 -0.532645 -0.764088
vn 0.0621708 -0.996169 -0.0614959
vn -0.292946 -0.485036 -0.823968
vn 0.358446 -0.0169287 -0.933397
vn 0.188967 0.188802 -0.963662
vn 0.359421 -0.433385 -0.826434
vn 0.359421 -0.433385 -0.826434
vn 0.786065 -0.445132 -0.428905
vn 0.358446 -0.0169287 -0.933397
vn 0.363949 -0.532645 -0.764088
vn 0.358446 -0.0169287 -0.933397
vn 0.786065 -0.445132 -0.428905
vn 0.786065 -0.445132 -0.428905
vn 0.734031 -0.615287 -0.287437
vn 0.363949 -0.532645 -0.764088
vn 0.734031 -0.615287 -0.287437
vn 0.0621708 -0.996169 -0.0614959
vn 0.363949 -0.532645 -0.764088
vn 0.786065 -0.445132 -0.428905
vn 0.359421 -0.433385 -0.826434
vn 0.131158 -0.97049 -0.202354
vn 0.131158 -0.97049 -0.202354
vn 0.664963 -0.705587 0.244889
vn 0.786065 -0.445132 -0.428905
vn 0.786065 -0.445132 -0.428905
vn 0.664963 -0.705587 0.244889
vn 0.682791 -0.687092 0.248397
vn 0.682791 -0.687092 0.248397
vn 0.734031 -0.615287 -0.287437
vn 0.786065 -0.445132 -0.428905
vn 0.682791 -0.687092 0.248397
vn 0.0621708 -0.996169 -0.0614959
vn 0.734031 -0.615287 -0.287437
vn 0.664963 -0.705587 0.244889
vn 0.131158 -0.97049 -0.202354
vn -0.192094 -0.963156 0.188228
vn -0.192094 -0.963156 0.188228
vn 0.101076 -0.680867 0.725399
vn 0.664963 -0.705587 0.244889
vn 0.664963 -0.705587 0.244889
vn 0.101076 -0.680867 0.725399
vn 0.242953 -0.722556 0.647214
vn 0.242953 -0.722556 0.647214
vn 0.682791 -0.687092 0.248397
vn 0.664963 -0.705587 0.244889
vn 0.242953 -0.722556 0.647214
vn 0.0621708 -0.996169 -0.0614959
vn 0.682791 -0.687092 0.248397
vn 0.101076 -0.680867 0.725399
vn -0.192094 -0.963156 0.188228
vn -0.79904 -0.492581 0.344817
vn -0.79904 -0.492581 0.344817
vn -0.626627 -0.300818 0.718921
vn 0.101076 -0.680867 0.725399
vn 0.101076 -0.680867 0.725399
vn -0.626627 -0.300818 0.718921
vn -0.404704 -0.669023 0.623396
vn -0.404704 -0.669023 0.623396
vn 0.242953 -0.722556 0.647214
vn 0.101076 -0.680867 0.725399
vn -0.404704 -0.669023 0.623396
vn 0.0621708 -0.996169 -0.0614959
vn 0.242953 -0.722556 0.647214
vn -0.984286 0.16552 0.0615195
vn -0.962616 0.10623 0.249169
vn -0.626627 -0.300818 0.718921
vn -0.626627 -0.300818 0.718921
vn -0.79904 -0.492581 0.344817
vn -0.984286 0.16552 0.0615195
vn -0.962616 0.10623 0.249169
vn -0.79565 -0.579999 0.174764
vn -0.404704 -0.669023 0.623396
vn -0.404704 -0.669023 0.623396
vn -0.626627 -0.300818 0.718921
vn -0.962616 0.10623 0.249169
vn -0.79565 -0.579999 0.174764
vn 0.0621708 -0.996169 -0.0614959
vn -0.404704 -0.669023 0.623396
vn -0.962616 0.10623 0.249169
vn -0.984286 0.16552 0.0615195
vn -0.777139 0.480711 -0.406167
vn -0.777139 0.480711 -0.406167
vn -0.872203 0.30462 -0.382711
vn -0.962616 0.10623 0.249169
vn -0.79565 -0.579999 0.174764
vn -0.962616 0.10623 0.249169
vn -0.872203 0.30462 -0.382711
vn -0.872203 0.30462 -0.382711
vn -0.7594 -0.510064 -0.403915
vn -0.79565 -0.579999 0.174764
vn -0.7594 -0.510064 -0.403915
vn 0.0621708 -0.996169 -0.0614959
vn -0.79565 -0.579999 0.174764
vn -0.872203 0.30462 -0.382711
vn -0.777139 0.480711 -0.406167
vn -0.208798 0.474479 -0.855145
vn -0.208798 0.474479 -0.855145
vn -0.351866 0.267007 -0.897161
vn -0.872203 0.30462 -0.382711
vn -0.7594 -0.510064 -0.403915
vn -0.872203 0.30462 -0.382711
vn -0.351866 0.267007 -0.897161
vn -0.351866 0.267007 -0.897161
vn -0.292946 -0.485036 -0.823968
vn -0.7594 -0.510064 -0.403915
vn 0.0621708 -0.996169 -0.0614959
vn -0.7594 -0.510064 -0.403915
vn -0.292946 -0.485036 -0.823968
vn 0.657847 -0.265936 0.704638
vn -0.0685377 -0.0619719 0.995722
vn -0.0342857 -0.127839 0.991202
vn -0.0342857 -0.127839 0.991202
vn 0.594448 -0.464737 0.65624
vn 0.657847 -0.265936 0.704638
vn -0.000456183 -0.837091 0.547063
vn 0.594448 -0.464737 0.65624
vn -0.0342857 -0.127839 0.991202
vn -0.0342857 -0.127839 0.991202
vn -0.435612 -0.434145 0.788517
vn -0.000456183 -0.837091 0.547063
vn -0.435612 -0.434145 0.788517
vn -0.775527 -0.631313 0.000839037
vn -0.000456183 -0.837091 0.547063
vn -0.0685377 -0.0619719 0.995722
vn -0.757612 0.113151 0.642823
vn -0.686478 0.244363 0.684861
vn -0.686478 0.244363 0.684861
vn -0.0342857 -0.127839 0.991202
vn -0.0685377 -0.0619719 0.995722
vn -0.435612 -0.434145 0.788517
vn -0.0342857 -0.127839 0.991202
vn -0.686478 0.244363 0.684861
vn -0.686478 0.244363 0.684861
vn -0.855028 -0.0435565 0.51675
vn -0.435612 -0.434145 0.788517
vn -0.855028 -0.0435565 0.51675
vn -0.775527 -0.631313 0.000839037
vn -0.435612 -0.434145 0.788517
vn -0.757612 0.113151 0.642823
vn -0.979535 0.201258 -0.00233507
vn -0.922909 0.385011 -0.00236494
vn -0.922909 0.385011 -0.00236494
vn -0.686478 0.244363 0.684861
vn -0.757612 0.113151 0.642823
vn -0.855028 -0.0435565 0.51675
vn -0.686478 0.244363 0.684861
vn -0.922909 0.385011 -0.00236494
vn -0.922909 0.385011 -0.00236494
vn -0.995671 0.0929381 -0.00120587
vn -0.855028 -0.0435565 0.51675
vn -0.995671 0.0929381 -0.00120587
vn -0.775527 -0.631313 0.000839037
vn -0.855028 -0.0435565 0.51675
vn -0.71449 0.132425 -0.686999
vn -0.677606 0.246753 -0.692794
vn -0.922909 0.385011 -0.00236494
vn -0.922909 0.385011 -0.00236494
vn -0.979535 0.201258 -0.00233507
vn -0.71449 0.132425 -0.686999
vn -0.922909 0.385011 -0.00236494
vn -0.677606 0.246753 -0.692794
vn -0.853554 -0.0455177 -0.519011
vn -0.853554 -0.0455177 -0.519011
vn -0.995671 0.0929381 -0.00120587
vn -0.922909 0.385011 -0.00236494
vn -0.853554 -0.0455177 -0.519011
vn -0.775527 -0.631313 0.000839037
vn -0.995671 0.0929381 -0.00120587
vn 0.0196204 -0.038958 -0.999048
vn -0.0168606 -0.115927 -0.993115
vn -0.677606 0.246753 -0.692794
vn -0.677606 0.246753 -0.692794
vn -0.71449 0.132425 -0.686999
vn 0.0196204 -0.038958 -0.999048
vn -0.677606 0.246753 -0.692794
vn -0.0168606 -0.115927 -0.993115
vn -0.432873 -0.437615 -0.788108
vn -0.432873 -0.437615 -0.788108
vn -0.853554 -0.0455177 -0.519011
vn -0.677606 0.246753 -0.692794
vn -0.432873 -0.437615 -0.788108
vn -0.775527 -0.631313 0.000839037
vn -0.853554 -0.0455177 -0.519011
vn 0.713687 -0.255391 -0.652247
vn 0.616815 -0.445701 -0.64876
vn -0.0168606 -0.115927 -0.993115
vn -0.0168606 -0.115927 -0.993115
vn 0.0196204 -0.038958 -0.999048
vn 0.713687 -0.255391 -0.652247
vn -0.0168606 -0.115927 -0.993115
vn 0.616815 -0.445701 -0.64876
vn 0.00136074 -0.839503 -0.543353
vn 0.00136074 -0.839503 -0.543353
vn -0.432873 -0.437615 -0.788108
vn -0.0168606 -0.115927 -0.993115
vn 0.00136074 -0.839503 -0.543353
vn -0.775527 -0.631313 0.000839037
vn -0.432873 -0.437615 -0.788108
vn 0.944829 -0.327134 0.0167551
vn 0.829522 -0.558187 0.0178968
vn 0.616815 -0.445701 -0.64876
vn 0.616815 -0.445701 -0.64876
vn 0.713687 -0.255391 -0.652247
vn 0.944829 -0.327134 0.0167551
vn 0.616815 -0.445701 -0.64876
vn 0.829522 -0.558187 0.0178968
vn 0.160774 -0.986989 0.00199024
vn 0.160774 -0.986989 0.00199024
vn 0.00136074 -0.839503 -0.543353
vn 0.616815 -0.445701 -0.64876
vn 0.160774 -0.986989 0.00199024
vn -0.775527 -0.631313 0.000839037
vn 0.00136074 -0.839503 -0.543353
vn 0.944829 -0.327134 0.0167551
vn 0.657847 -0.265936 0.704638
vn 0.594448 -0.464737 0.65624
vn 0.594448 -0.464737 0.65624
vn 0.829522 -0.558187 0.0178968
vn 0.944829 -0.327134 0.0167551
vn 0.829522 -0.558187 0.0178968
vn 0.594448 -0.464737 0.65624
vn -0.000456183 -0.837091 0.547063
vn -0.000456183 -0.837091 0.547063
vn 0.160774 -0.986989 0.00199024
vn 0.829522 -0.558187 0.0178968
vn -0.775527 -0.631313 0.000839037
vn 0.160774 -0.986989 0.00199024
vn -0.000456183 -0.837091 0.547063
vn 0.190554 -0.944643 -0.267095
vn 0.0196204 -0.038958 -0.999048
vn -0.71449 0.132425 -0.686999
vn -0.71449 0.132425 -0.686999
vn -0.68272 -0.392658 -0.616208
vn 0.190554 -0.944643 -0.267095
vn -0.68272 -0.392658 -0.616208
vn -0.71449 0.132425 -0.686999
vn -0.979535 0.201258 -0.00233507
vn -0.979535 0.201258 -0.00233507
vn -0.875966 -0.482278 -0.00953388
vn -0.68272 -0.392658 -0.616208
vn -0.77864 -0.472164 0.413257
vn -0.875966 -0.482278 -0.00953388
vn -0.979535 0.201258 -0.00233507
vn -0.979535 0.201258 -0.00233507
vn -0.757612 0.113151 0.642823
vn -0.77864 -0.472164 0.413257
vn 0.307434 -0.914715 0.262261
vn -0.77864 -0.472164 0.413257
vn -0.757612 0.113151 0.642823
vn -0.757612 0.113151 0.642823
vn -0.0685377 -0.0619719 0.995722
vn 0.307434 -0.914715 0.262261
vn 0.66664 -0.243682 0.704422
vn 0.307434 -0.914715 0.262261
vn -0.0685377 -0.0619719 0.995722
vn -0.0685377 -0.0619719 0.995722
vn 0.657847 -0.265936 0.704638
vn 0.66664 -0.243682 0.704422
vn 0.97647 -0.214456 0.0226732
vn 0.66664 -0.243682 0.704422
vn 0.657847 -0.265936 0.704638
vn 0.657847 -0.265936 0.704638
vn 0.944829 -0.327134 0.0167551
vn 0.97647 -0.214456 0.0226732
vn 0.97647 -0.214456 0.0226732
vn 0.944829 -0.327134 0.0167551
vn 0.713687 -0.255391 -0.652247
vn 0.713687 -0.255391 -0.652247
vn 0.708115 -0.190201 -0.679997
vn 0.97647 -0.214456 0.0226732
vn 0.708115 -0.190201 -0.679997
vn 0.713687 -0.255391 -0.652247
vn 0.0196204 -0.038958 -0.999048
vn 0.0196204 -0.038958 -0.999048
vn 0.190554 -0.944643 -0.267095
vn 0.708115 -0.190201 -0.679997
vn 0.323681 -0.223137 0.919479
vn -0.522485 -0.0566186 0.850766
vn -0.520713 -0.066099 0.851169
vn -0.520713 -0.066099 0.851169
vn 0.225553 -0.389774 0.892862
vn 0.323681 -0.223137 0.919479
vn -0.236235 -0.788068 0.568456
vn 0.225553 -0.389774 0.892862
vn -0.520713 -0.066099 0.851169
vn -0.520713 -0.066099 0.851169
vn -0.750357 -0.391637 0.532527
vn -0.236235 -0.788068 0.568456
vn -0.750357 -0.391637 0.532527
vn -0.675497 -0.686454 -0.26923
vn -0.236235 -0.788068 0.568456
vn -0.960103 0.117009 0.253989
vn -0.925066 0.243913 0.291134
vn -0.520713 -0.066099 0.851169
vn -0.520713 -0.066099 0.851169
vn -0.522485 -0.0566186 0.850766
vn -0.960103 0.117009 0.253989
vn -0.750357 -0.391637 0.532527
vn -0.520713 -0.066099 0.851169
vn -0.925066 0.243913 0.291134
vn -0.925066 0.243913 0.291134
vn -0.993333 -0.0682065 0.0929429
vn -0.750357 -0.391637 0.532527
vn -0.993333 -0.0682065 0.0929429
vn -0.675497 -0.686454 -0.26923
vn -0.750357 -0.391637 0.532527
vn -0.890382 0.129794 -0.436319
vn -0.842082 0.326837 -0.429041
vn -0.925066 0.243913 0.291134
vn -0.925066 0.243913 0.291134
vn -0.960103 0.117009 0.253989
vn -0.890382 0.129794 -0.436319
vn -0.993333 -0.0682065 0.0929429
vn -0.925066 0.243913 0.291134
vn -0.842082 0.326837 -0.429041
vn -0.842082 0.326837 -0.429041
vn -0.899901 0.0261056 -0.435313
vn -0.993333 -0.0682065 0.0929429
vn -0.899901 0.0261056 -0.435313
vn -0.675497 -0.686454 -0.26923
vn -0.993333 -0.0682065 0.0929429
vn -0.330514 0.00541349 -0.943786
vn -0.267903 0.154819 -0.950925
vn -0.842082 0.326837 -0.429041
vn -0.842082 0.326837 -0.429041
vn -0.890382 0.129794 -0.436319
vn -0.330514 0.00541349 -0.943786
vn -0.842082 0.326837 -0.429041
vn -0.267903 0.154819 -0.950925
vn -0.510047 -0.145935 -0.847676
vn -0.510047 -0.145935 -0.847676
vn -0.899901 0.0261056 -0.435313
vn -0.842082 0.326837 -0.429041
vn -0.510047 -0.145935 -0.847676
vn -0.675497 -0.686454 -0.26923
vn -0.899901 0.0261056 -0.435313
vn 0.509885 -0.181861 -0.8408
vn 0.477468 -0.184519 -0.859056
vn -0.267903 0.154819 -0.950925
vn -0.267903 0.154819 -0.950925
vn -0.330514 0.00541349 -0.943786
vn 0.509885 -0.181861 -0.8408
vn -0.267903 0.154819 -0.950925
vn 0.477468 -0.184519 -0.859056
vn 0.00853948 -0.535191 -0.844688
vn 0.00853948 -0.535191 -0.844688
vn -0.510047 -0.145935 -0.847676
vn -0.267903 0.154819 -0.950925
vn 0.00853948 -0.535191 -0.844688
vn -0.675497 -0.686454 -0.26923
vn -0.510047 -0.145935 -0.847676
vn 0.936876 -0.236733 -0.257336
vn 0.856107 -0.438337 -0.273755
vn 0.477468 -0.184519 -0.859056
vn 0.477468 -0.184519 -0.859056
vn 0.509885 -0.181861 -0.8408
vn 0.936876 -0.236733 -0.257336
vn 0.477468 -0.184519 -0.859056
vn 0.856107 -0.438337 -0.273755
vn 0.275863 -0.870957 -0.406613
vn 0.275863 -0.870957 -0.406613
vn 0.00853948 -0.535191 -0.844688
vn 0.477468 -0.184519 -0.859056
vn 0.275863 -0.870957 -0.406613
vn -0.675497 -0.686454 -0.26923
vn 0.00853948 -0.535191 -0.844688
vn 0.936876 -0.236733 -0.257336
vn 0.871704 -0.256444 0.417574
vn 0.75856 -0.508097 0.407951
vn 0.75856 -0.508097 0.407951
vn 0.856107 -0.438337 -0.273755
vn 0.936876 -0.236733 -0.257336
vn 0.856107 -0.438337 -0.273755
vn 0.75856 -0.508097 0.407951
vn 0.176778 -0.971611 0.157232
vn 0.176778 -0.971611 0.157232
vn 0.275863 -0.870957 -0.406613
vn 0.856107 -0.438337 -0.273755
vn 0.176778 -0.971611 0.157232
vn -0.675497 -0.686454 -0.26923
vn 0.275863 -0.870957 -0.406613
vn 0.871704 -0.256444 0.417574
vn 0.323681 -0.223137 0.919479
vn 0.225553 -0.389774 0.892862
vn 0.225553 -0.389774 0.892862
vn 0.75856 -0.508097 0.407951
vn 0.871704 -0.256444 0.417574
vn 0.75856 -0.508097 0.407951
vn 0.225553 -0.389774 0.892862
vn -0.236235 -0.788068 0.568456
vn -0.236235 -0.788068 0.568456
vn 0.176778 -0.971611 0.157232
vn 0.75856 -0.508097 0.407951
vn -0.675497 -0.686454 -0.26923
vn 0.176778 -0.971611 0.157232
vn -0.236235 -0.788068 0.568456
vn 0.307434 -0.914715 0.262261
vn 0.509885 -0.181861 -0.8408
vn -0.330514 0.00541349 -0.943786
vn -0.330514 0.00541349 -0.943786
vn -0.354051 -0.267901 -0.896034
vn 0.307434 -0.914715 0.262261
vn -0.354051 -0.267901 -0.896034
vn -0.330514 0.00541349 -0.943786
vn -0.890382 0.129794 -0.436319
vn -0.890382 0.129794 -0.436319
vn -0.852214 -0.366007 -0.373859
vn -0.354051 -0.267901 -0.896034
vn -0.925603 -0.315057 0.209755
vn -0.852214 -0.366007 -0.373859
vn -0.890382 0.129794 -0.436319
vn -0.890382 0.129794 -0.436319
vn -0.960103 0.117009 0.253989
vn -0.925603 -0.315057 0.209755
vn -0.481799 -0.176406 0.858342
vn -0.925603 -0.315057 0.209755
vn -0.960103 0.117009 0.253989
vn -0.960103 0.117009 0.253989
vn -0.522485 -0.0566186 0.850766
vn -0.481799 -0.176406 0.858342
vn 0.366931 -0.153551 0.917488
vn -0.481799 -0.176406 0.858342
vn -0.522485 -0.0566186 0.850766
vn -0.522485 -0.0566186 0.850766
vn 0.323681 -0.223137 0.919479
vn 0.366931 -0.153551 0.917488
vn 0.876952 -0.227487 0.423326
vn 0.366931 -0.153551 0.917488
vn 0.323681 -0.223137 0.919479
vn 0.323681 -0.223137 0.919479
vn 0.871704 -0.256444 0.417574
vn 0.876952 -0.227487 0.423326
vn 0.876952 -0.227487 0.423326
vn 0.871704 -0.256444 0.417574
vn 0.936876 -0.236733 -0.257336
vn 0.936876 -0.236733 -0.257336
vn 0.911481 -0.35912 -0.200587
vn 0.876952 -0.227487 0.423326
vn 0.911481 -0.35912 -0.200587
vn 0.936876 -0.236733 -0.257336
vn 0.509885 -0.181861 -0.8408
vn 0.509885 -0.181861 -0.8408
vn 0.307434 -0.914715 0.262261
vn 0.911481 -0.35912 -0.200587
vn 0.794634 -0.311528 0.521064
vn 0.191265 -0.172379 0.966283
vn 0.157306 -0.181352 0.970756
vn 0.157306 -0.181352 0.970756
vn 0.689985 -0.504766 0.51878
vn 0.794634 -0.311528 0.521064
vn 0.0712059 -0.866777 0.493586
vn 0.689985 -0.504766 0.51878
vn 0.157306 -0.181352 0.970756
vn 0.157306 -0.181352 0.970756
vn -0.29425 -0.468525 0.833007
vn 0.0712059 -0.866777 0.493586
vn -0.29425 -0.468525 0.833007
vn -0.796703 -0.59749 0.0909415
vn 0.0712059 -0.866777 0.493586
vn 0.191265 -0.172379 0.966283
vn -0.59979 0.0930526 0.794728
vn -0.537534 0.226663 0.812207
vn -0.537534 0.226663 0.812207
vn 0.157306 -0.181352 0.970756
vn 0.191265 -0.172379 0.966283
vn -0.29425 -0.468525 0.833007
vn 0.157306 -0.181352 0.970756
vn -0.537534 0.226663 0.812207
vn -0.537534 0.226663 0.812207
vn -0.748199 -0.031714 0.662716
vn -0.29425 -0.468525 0.833007
vn -0.748199 -0.031714 0.662716
vn -0.796703 -0.59749 0.0909415
vn -0.29425 -0.468525 0.833007
vn -0.59979 0.0930526 0.794728
vn -0.958876 0.231387 0.164366
vn -0.892658 0.419109 0.165859
vn -0.892658 0.419109 0.165859
vn -0.537534 0.226663 0.812207
vn -0.59979 0.0930526 0.794728
vn -0.748199 -0.031714 0.662716
vn -0.537534 0.226663 0.812207
vn -0.892658 0.419109 0.165859
vn -0.892658 0.419109 0.165859
vn -0.974658 0.15206 0.164074
vn -0.748199 -0.031714 0.662716
vn -0.974658 0.15206 0.164074
vn -0.796703 -0.59749 0.0909415
vn -0.748199 -0.031714 0.662716
vn -0.811297 0.203146 -0.548205
vn -0.772646 0.315938 -0.550637
vn -0.892658 0.419109 0.165859
vn -0.892658 0.419109 0.165859
vn -0.958876 0.231387 0.164366
vn -0.811297 0.203146 -0.548205
vn -0.892658 0.419109 0.165859
vn -0.772646 0.315938 -0.550637
vn -0.924781 0.0382024 -0.378577
vn -0.924781 0.0382024 -0.378577
vn -0.974658 0.15206 0.164074
vn -0.892658 0.419109 0.165859
vn -0.924781 0.0382024 -0.378577
vn -0.796703 -0.59749 0.0909415
vn -0.974658 0.15206 0.164074
vn -0.174115 0.0148836 -0.984613
vn -0.205992 -0.0450318 -0.977517
vn -0.772646 0.315938 -0.550637
vn -0.772646 0.315938 -0.550637
vn -0.811297 0.203146 -0.548205
vn -0.174115 0.0148836 -0.984613
vn -0.772646 0.315938 -0.550637
vn -0.205992 -0.0450318 -0.977517
vn -0.579629 -0.350875 -0.735471
vn -0.579629 -0.350875 -0.735471
vn -0.924781 0.0382024 -0.378577
vn -0.772646 0.315938 -0.550637
vn -0.579629 -0.350875 -0.735471
vn -0.796703 -0.59749 0.0909415
vn -0.924781 0.0382024 -0.378577
vn 0.569274 -0.224886 -0.790793
vn 0.462297 -0.426924 -0.777185
vn -0.205992 -0.0450318 -0.977517
vn -0.205992 -0.0450318 -0.977517
vn -0.174115 0.0148836 -0.984613
vn 0.569274 -0.224886 -0.790793
vn -0.205992 -0.0450318 -0.977517
vn 0.462297 -0.426924 -0.777185
vn -0.116528 -0.795664 -0.594424
vn -0.116528 -0.795664 -0.594424
vn -0.579629 -0.350875 -0.735471
vn -0.205992 -0.0450318 -0.977517
vn -0.116528 -0.795664 -0.594424
vn -0.796703 -0.59749 0.0909415
vn -0.579629 -0.350875 -0.735471
vn 0.92321 -0.345813 -0.16762
vn 0.79138 -0.589255 -0.16278
vn 0.462297 -0.426924 -0.777185
vn 0.462297 -0.426924 -0.777185
vn 0.569274 -0.224886 -0.790793
vn 0.92321 -0.345813 -0.16762
vn -0.116528 -0.795664 -0.594424
vn 0.462297 -0.426924 -0.777185
vn 0.79138 -0.589255 -0.16278
vn 0.79138 -0.589255 -0.16278
vn 0.132348 -0.987893 -0.0809451
vn -0.116528 -0.795664 -0.594424
vn 0.132348 -0.987893 -0.0809451
vn -0.796703 -0.59749 0.0909415
vn -0.116528 -0.795664 -0.594424
vn 0.92321 -0.345813 -0.16762
vn 0.794634 -0.311528 0.521064
vn 0.689985 -0.504766 0.51878
vn 0.689985 -0.504766 0.51878
vn 0.79138 -0.589255 -0.16278
vn 0.92321 -0.345813 -0.16762
vn 0.132348 -0.987893 -0.0809451
vn 0.79138 -0.589255 -0.16278
vn 0.689985 -0.504766 0.51878
vn 0.689985 -0.504766 0.51878
vn 0.0712059 -0.866777 0.493586
vn 0.132348 -0.987893 -0.0809451
vn 0.0712059 -0.866777 0.493586
vn -0.796703 -0.59749 0.0909415
vn 0.132348 -0.987893 -0.0809451
vn -0.156982 0.00231852 -0.987599
vn -0.174115 0.0148836 -0.984613
vn -0.811297 0.203146 -0.548205
vn -0.811297 0.203146 -0.548205
vn -0.788722 -0.127693 -0.601342
vn -0.156982 0.00231852 -0.987599
vn -0.788722 -0.127693 -0.601342
vn -0.811297 0.203146 -0.548205
vn -0.958876 0.231387 0.164366
vn -0.958876 0.231387 0.164366
vn -0.920134 -0.387589 0.0559363
vn -0.788722 -0.127693 -0.601342
vn -0.637059 -0.498716 0.58774
vn -0.920134 -0.387589 0.0559363
vn -0.958876 0.231387 0.164366
vn -0.958876 0.231387 0.164366
vn -0.59979 0.0930526 0.794728
vn -0.637059 -0.498716 0.58774
vn 0.190554 -0.944643 -0.267095
vn -0.637059 -0.498716 0.58774
vn -0.59979 0.0930526 0.794728
vn -0.59979 0.0930526 0.794728
vn 0.191265 -0.172379 0.966283
vn 0.190554 -0.944643 -0.267095
vn 0.81772 -0.355953 0.452363
vn 0.190554 -0.944643 -0.267095
vn 0.191265 -0.172379 0.966283
vn 0.191265 -0.172379 0.966283
vn 0.794634 -0.311528 0.521064
vn 0.81772 -0.355953 0.452363
vn 0.956175 -0.211746 -0.202218
vn 0.81772 -0.355953 0.452363
vn 0.794634 -0.311528 0.521064
vn 0.794634 -0.311528 0.521064
vn 0.92321 -0.345813 -0.16762
vn 0.956175 -0.211746 -0.202218
vn 0.956175 -0.211746 -0.202218
vn 0.92321 -0.345813 -0.16762
vn 0.569274 -0.224886 -0.790793
vn 0.569274 -0.224886 -0.790793
vn 0.621992 -0.0582018 -0.780858
vn 0.956175 -0.211746 -0.202218
vn 0.621992 -0.0582018 -0.780858
vn 0.569274 -0.224886 -0.790793
vn -0.174115 0.0148836 -0.984613
vn -0.174115 0.0148836 -0.984613
vn -0.156982 0.00231852 -0.987599
vn 0.621992 -0.0582018 -0.780858
vn 0.0255863 0.215671 0.976131
vn -0.571676 0.201131 0.795445
vn -0.503892 -0.218398 0.835701
vn -0.503892 -0.218398 0.835701
vn 0.0693629 -0.0166064 0.997453
vn 0.0255863 0.215671 0.976131
vn -0.571676 0.201131 0.795445
vn -0.89782 0.323251 0.299045
vn -0.918155 -0.078556 0.388355
vn -0.918155 -0.078556 0.388355
vn -0.503892 -0.218398 0.835701
vn -0.571676 0.201131 0.795445
vn -0.89782 0.323251 0.299045
vn -0.956274 0.289821 0.0392896
vn -0.998286 0.0583249 0.00490117
vn -0.998286 0.0583249 0.00490117
vn -0.918155 -0.078556 0.388355
vn -0.89782 0.323251 0.299045
vn -0.984286 0.16552 0.0615195
vn -0.944346 0.323802 -0.0579907
vn -0.790508 0.515891 -0.330081
vn -0.790508 0.515891 -0.330081
vn -0.777139 0.480711 -0.406167
vn -0.984286 0.16552 0.0615195
vn -0.777139 0.480711 -0.406167
vn -0.790508 0.515891 -0.330081
vn -0.305592 0.614504 -0.727323
vn -0.305592 0.614504 -0.727323
vn -0.208798 0.474479 -0.855145
vn -0.777139 0.480711 -0.406167
vn 0.0522791 0.456951 -0.887954
vn 0.429461 0.303107 -0.850699
vn 0.37844 0.215044 -0.9003
vn 0.37844 0.215044 -0.9003
vn 0.188967 0.188802 -0.963662
vn 0.0522791 0.456951 -0.887954
vn 0.895349 0.0331036 -0.444133
vn 0.682293 0.321269 -0.656707
vn 0.881276 0.308131 -0.35834
vn 0.881276 0.308131 -0.35834
vn 0.987098 -0.0772003 -0.140278
vn 0.895349 0.0331036 -0.444133
vn 0.847776 0.230882 0.477462
vn 0.592513 0.181629 0.784818
vn 0.340124 -0.0607355 0.938417
vn 0.340124 -0.0607355 0.938417
vn 0.824523 -0.0739422 0.560976
vn 0.847776 0.230882 0.477462
vn -0.524944 -0.801793 0.285589
vn -0.503892 -0.218398 0.835701
vn -0.918155 -0.078556 0.388355
vn -0.918155 -0.078556 0.388355
vn -0.798077 -0.60052 0.0494822
vn -0.524944 -0.801793 0.285589
vn -0.354051 -0.267901 -0.896034
vn -0.753246 -0.656441 -0.0412975
vn 0.307434 -0.914715 0.262261
vn -0.0874292 -0.339667 -0.936473
vn 0.359421 -0.433385 -0.826434
vn 0.188967 0.188802 -0.963662
vn 0.188967 0.188802 -0.963662
vn 0.37844 0.215044 -0.9003
vn -0.0874292 -0.339667 -0.936473
vn 0.876952 -0.227487 0.423326
vn 0.824523 -0.0739422 0.560976
vn 0.340124 -0.0607355 0.938417
vn 0.340124 -0.0607355 0.938417
vn 0.366931 -0.153551 0.917488
vn 0.876952 -0.227487 0.423326
vn -0.629147 -0.4611 -0.625748
vn -0.788722 -0.127693 -0.601342
vn -0.920134 -0.387589 0.0559363
vn -0.920134 -0.387589 0.0559363
vn -0.76688 -0.633077 -0.105394
vn -0.629147 -0.4611 -0.625748
vn -0.925603 -0.315057 0.209755
vn -0.481799 -0.176406 0.858342
vn -0.430936 -0.454073 0.779815
vn -0.430936 -0.454073 0.779815
vn -0.776846 -0.580145 0.244831
vn -0.925603 -0.315057 0.209755
vn -0.0874292 -0.339667 -0.936473
vn -0.0791507 -0.112052 -0.990545
vn -0.629147 -0.4611 -0.625748
vn -0.629147 -0.4611 -0.625748
vn -0.411817 -0.730705 -0.544496
vn -0.0874292 -0.339667 -0.936473
vn -0.383726 -0.905562 -0.180861
vn -0.524944 -0.801793 0.285589
vn -0.798077 -0.60052 0.0494822
vn -0.798077 -0.60052 0.0494822
vn -0.834295 -0.485021 -0.26212
vn -0.383726 -0.905562 -0.180861
vn -0.918155 -0.078556 0.388355
vn -0.998286 0.0583249 0.00490117
vn -0.834295 -0.485021 -0.26212
vn -0.834295 -0.485021 -0.26212
vn -0.798077 -0.60052 0.0494822
vn -0.918155 -0.078556 0.388355
vn -0.435962 -0.881393 0.181886
vn -0.503892 -0.218398 0.835701
vn -0.524944 -0.801793 0.285589
vn -0.463156 -0.886261 0.00520526
vn -0.381826 -0.921452 0.0716632
vn -0.315818 -0.933365 -0.170555
vn -0.315818 -0.933365 -0.170555
vn -0.383726 -0.905562 -0.180861
vn -0.463156 -0.886261 0.00520526
vn 0.131158 -0.97049 -0.202354
vn -0.316339 -0.944436 -0.0892806
vn -0.192094 -0.963156 0.188228
vn -0.305592 0.614504 -0.727323
vn 0.0522791 0.456951 -0.887954
vn 0.188967 0.188802 -0.963662
vn 0.188967 0.188802 -0.963662
vn -0.208798 0.474479 -0.855145
vn -0.305592 0.614504 -0.727323
vn 0.941911 -0.0999359 0.320651
vn 0.925925 0.292806 0.238597
vn 0.847776 0.230882 0.477462
vn 0.847776 0.230882 0.477462
vn 0.824523 -0.0739422 0.560976
vn 0.941911 -0.0999359 0.320651
vn 0.911481 -0.35912 -0.200587
vn 0.941911 -0.0999359 0.320651
vn 0.824523 -0.0739422 0.560976
vn 0.824523 -0.0739422 0.560976
vn 0.876952 -0.227487 0.423326
vn 0.911481 -0.35912 -0.200587
vn -0.77864 -0.472164 0.413257
vn 0.307434 -0.914715 0.262261
vn -0.753246 -0.656441 -0.0412975
vn 0.051082 0.343776 -0.937661
vn 0.451921 0.148467 -0.879617
vn 0.429461 0.303107 -0.850699
vn 0.429461 0.303107 -0.850699
vn 0.0522791 0.456951 -0.887954
vn 0.051082 0.343776 -0.937661
vn 0.682293 0.321269 -0.656707
vn 0.688192 0.255253 -0.679145
vn 0.875265 0.295546 -0.382837
vn 0.875265 0.295546 -0.382837
vn 0.881276 0.308131 -0.35834
vn 0.682293 0.321269 -0.656707
vn 0.925925 0.292806 0.238597
vn 0.903624 0.358208 0.234844
vn 0.845845 0.295446 0.444137
vn 0.845845 0.295446 0.444137
vn 0.847776 0.230882 0.477462
vn 0.925925 0.292806 0.238597
vn 0.847776 0.230882 0.477462
vn 0.845845 0.295446 0.444137
vn 0.585947 0.187597 0.788336
vn 0.585947 0.187597 0.788336
vn 0.592513 0.181629 0.784818
vn 0.847776 0.230882 0.477462
vn -0.565584 0.167174 0.807569
vn -0.571676 0.201131 0.795445
vn 0.0255863 0.215671 0.976131
vn 0.0255863 0.215671 0.976131
vn 0.0891677 0.241682 0.96625
vn -0.565584 0.167174 0.807569
vn -0.571676 0.201131 0.795445
vn -0.565584 0.167174 0.807569
vn -0.917172 0.23569 0.321319
vn -0.917172 0.23569 0.321319
vn -0.89782 0.323251 0.299045
vn -0.571676 0.201131 0.795445
vn -0.956274 0.289821 0.0392896
vn -0.89782 0.323251 0.299045
vn -0.917172 0.23569 0.321319
vn -0.917172 0.23569 0.321319
vn -0.987777 0.149664 0.0435512
vn -0.956274 0.289821 0.0392896
vn -0.944346 0.323802 -0.0579907
vn -0.81609 0.534255 -0.220384
vn -0.790508 0.515891 -0.330081
vn -0.790508 0.515891 -0.330081
vn -0.81609 0.534255 -0.220384
vn -0.359097 0.68202 -0.637101
vn -0.359097 0.68202 -0.637101
vn -0.305592 0.614504 -0.727323
vn -0.790508 0.515891 -0.330081
vn 0.0522791 0.456951 -0.887954
vn -0.305592 0.614504 -0.727323
vn -0.359097 0.68202 -0.637101
vn -0.359097 0.68202 -0.637101
vn 0.051082 0.343776 -0.937661
vn 0.0522791 0.456951 -0.887954
vn 0.81772 -0.355953 0.452363
vn 0.956175 -0.211746 -0.202218
vn 0.895349 0.0331036 -0.444133
vn 0.895349 0.0331036 -0.444133
vn 0.987098 -0.0772003 -0.140278
vn 0.81772 -0.355953 0.452363
vn -0.875966 -0.482278 -0.00953388
vn -0.714131 -0.699819 -0.0164372
vn -0.701694 -0.710273 -0.0560166
vn -0.701694 -0.710273 -0.0560166
vn -0.68272 -0.392658 -0.616208
vn -0.875966 -0.482278 -0.00953388
vn 0.475653 0.107653 -0.873021
vn 0.895349 0.0331036 -0.444133
vn 0.956175 -0.211746 -0.202218
vn 0.956175 -0.211746 -0.202218
vn 0.621992 -0.0582018 -0.780858
vn 0.475653 0.107653 -0.873021
vn 0.429461 0.303107 -0.850699
vn 0.451921 0.148467 -0.879617
vn 0.688192 0.255253 -0.679145
vn 0.688192 0.255253 -0.679145
vn 0.682293 0.321269 -0.656707
vn 0.429461 0.303107 -0.850699
vn 0.592513 0.181629 0.784818
vn 0.585947 0.187597 0.788336
vn 0.0891677 0.241682 0.96625
vn 0.0891677 0.241682 0.96625
vn 0.0255863 0.215671 0.976131
vn 0.592513 0.181629 0.784818
vn 0.0693629 -0.0166064 0.997453
vn 0.340124 -0.0607355 0.938417
vn 0.592513 0.181629 0.784818
vn 0.592513 0.181629 0.784818
vn 0.0255863 0.215671 0.976131
vn 0.0693629 -0.0166064 0.997453
vn 0.881276 0.308131 -0.35834
vn 0.875265 0.295546 -0.382837
vn 0.94267 0.332021 -0.0337008
vn 0.94267 0.332021 -0.0337008
vn 0.951932 0.302255 -0.0496652
vn 0.881276 0.308131 -0.35834
vn 0.987098 -0.0772003 -0.140278
vn 0.881276 0.308131 -0.35834
vn 0.951932 0.302255 -0.0496652
vn 0.951932 0.302255 -0.0496652
vn 0.999671 0.00202275 0.0255571
vn 0.987098 -0.0772003 -0.140278
vn -0.0791507 -0.112052 -0.990545
vn -0.156982 0.00231852 -0.987599
vn -0.788722 -0.127693 -0.601342
vn -0.788722 -0.127693 -0.601342
vn -0.629147 -0.4611 -0.625748
vn -0.0791507 -0.112052 -0.990545
vn 0.708115 -0.190201 -0.679997
vn 0.987098 -0.0772003 -0.140278
vn 0.999671 0.00202275 0.0255571
vn 0.999671 0.00202275 0.0255571
vn 0.97647 -0.214456 0.0226732
vn 0.708115 -0.190201 -0.679997
vn 0.66664 -0.243682 0.704422
vn 0.941911 -0.0999359 0.320651
vn 0.307434 -0.914715 0.262261
vn 0.925925 0.292806 0.238597
vn 0.941911 -0.0999359 0.320651
vn 0.999671 0.00202275 0.0255571
vn 0.999671 0.00202275 0.0255571
vn 0.951932 0.302255 -0.0496652
vn 0.925925 0.292806 0.238597
vn 0.903624 0.358208 0.234844
vn 0.925925 0.292806 0.238597
vn 0.951932 0.302255 -0.0496652
vn 0.951932 0.302255 -0.0496652
vn 0.94267 0.332021 -0.0337008
vn 0.903624 0.358208 0.234844
vn -0.987777 0.149664 0.0435512
vn -0.81609 0.534255 -0.220384
vn -0.944346 0.323802 -0.0579907
vn -0.944346 0.323802 -0.0579907
vn -0.956274 0.289821 0.0392896
vn -0.987777 0.149664 0.0435512
vn -0.998286 0.0583249 0.00490117
vn -0.956274 0.289821 0.0392896
vn -0.944346 0.323802 -0.0579907
vn -0.944346 0.323802 -0.0579907
vn -0.984286 0.16552 0.0615195
vn -0.998286 0.0583249 0.00490117
vn -0.984286 0.16552 0.0615195
vn -0.79904 -0.492581 0.344817
vn -0.830794 -0.512186 0.217824
vn -0.830794 -0.512186 0.217824
vn -0.998286 0.0583249 0.00490117
vn -0.984286 0.16552 0.0615195
vn -0.426978 -0.887062 0.175532
vn -0.830794 -0.512186 0.217824
vn -0.79904 -0.492581 0.344817
vn -0.79904 -0.492581 0.344817
vn -0.192094 -0.963156 0.188228
vn -0.426978 -0.887062 0.175532
vn -0.351299 -0.930359 0.104986
vn -0.426978 -0.887062 0.175532
vn -0.192094 -0.963156 0.188228
vn -0.192094 -0.963156 0.188228
vn -0.316339 -0.944436 -0.0892806
vn -0.351299 -0.930359 0.104986
vn -0.920134 -0.387589 0.0559363
vn -0.637059 -0.498716 0.58774
vn -0.701694 -0.710273 -0.0560166
vn -0.701694 -0.710273 -0.0560166
vn -0.76688 -0.633077 -0.105394
vn -0.920134 -0.387589 0.0559363
vn -0.629147 -0.4611 -0.625748
vn -0.76688 -0.633077 -0.105394
vn -0.654555 -0.740492 -0.152412
vn -0.654555 -0.740492 -0.152412
vn -0.411817 -0.730705 -0.544496
vn -0.629147 -0.4611 -0.625748
vn -0.663589 -0.746641 -0.0466608
vn -0.654555 -0.740492 -0.152412
vn -0.76688 -0.633077 -0.105394
vn -0.76688 -0.633077 -0.105394
vn -0.701694 -0.710273 -0.0560166
vn -0.663589 -0.746641 -0.0466608
vn -0.714131 -0.699819 -0.0164372
vn -0.730663 -0.68103 0.0482572
vn -0.663589 -0.746641 -0.0466608
vn -0.663589 -0.746641 -0.0466608
vn -0.701694 -0.710273 -0.0560166
vn -0.714131 -0.699819 -0.0164372
vn -0.69101 -0.72211 -0.0325986
vn -0.753246 -0.656441 -0.0412975
vn -0.776846 -0.580145 0.244831
vn -0.776846 -0.580145 0.244831
vn -0.610474 -0.782563 0.122134
vn -0.69101 -0.72211 -0.0325986
vn -0.430936 -0.454073 0.779815
vn -0.328922 -0.554452 0.764456
vn -0.610474 -0.782563 0.122134
vn -0.610474 -0.782563 0.122134
vn -0.776846 -0.580145 0.244831
vn -0.430936 -0.454073 0.779815
vn 0.0693629 -0.0166064 0.997453
vn -0.328922 -0.554452 0.764456
vn -0.430936 -0.454073 0.779815
vn -0.430936 -0.454073 0.779815
vn 0.340124 -0.0607355 0.938417
vn 0.0693629 -0.0166064 0.997453
vn -0.463156 -0.886261 0.00520526
vn -0.383726 -0.905562 -0.180861
vn -0.834295 -0.485021 -0.26212
vn -0.834295 -0.485021 -0.26212
vn -0.856708 -0.514942 -0.0297673
vn -0.463156 -0.886261 0.00520526
vn -0.315818 -0.933365 -0.170555
vn -0.435962 -0.881393 0.181886
vn -0.524944 -0.801793 0.285589
vn -0.524944 -0.801793 0.285589
vn -0.383726 -0.905562 -0.180861
vn -0.315818 -0.933365 -0.170555
vn -0.426978 -0.887062 0.175532
vn -0.351299 -0.930359 0.104986
vn -0.381826 -0.921452 0.0716632
vn -0.381826 -0.921452 0.0716632
vn -0.463156 -0.886261 0.00520526
vn -0.426978 -0.887062 0.175532
vn -0.830794 -0.512186 0.217824
vn -0.426978 -0.887062 0.175532
vn -0.463156 -0.886261 0.00520526
vn -0.463156 -0.886261 0.00520526
vn -0.856708 -0.514942 -0.0297673
vn -0.830794 -0.512186 0.217824
vn -0.753246 -0.656441 -0.0412975
vn -0.69101 -0.72211 -0.0325986
vn -0.730663 -0.68103 0.0482572
vn -0.730663 -0.68103 0.0482572
vn -0.714131 -0.699819 -0.0164372
vn -0.753246 -0.656441 -0.0412975
vn 0.987098 -0.0772003 -0.140278
vn 0.190554 -0.944643 -0.267095
vn 0.81772 -0.355953 0.452363
vn 0.190554 -0.944643 -0.267095
vn 0.987098 -0.0772003 -0.140278
vn 0.708115 -0.190201 -0.679997
vn 0.66664 -0.243682 0.704422
vn 0.97647 -0.214456 0.0226732
vn 0.999671 0.00202275 0.0255571
vn 0.999671 0.00202275 0.0255571
vn 0.941911 -0.0999359 0.320651
vn 0.66664 -0.243682 0.704422
vn 0.307434 -0.914715 0.262261
vn 0.941911 -0.0999359 0.320651
vn 0.911481 -0.35912 -0.200587
vn 0.359421 -0.433385 -0.826434
vn -0.0874292 -0.339667 -0.936473
vn -0.411817 -0.730705 -0.544496
vn -0.411817 -0.730705 -0.544496
vn 0.131158 -0.97049 -0.202354
vn 0.359421 -0.433385 -0.826434
vn -0.411817 -0.730705 -0.544496
vn -0.654555 -0.740492 -0.152412
vn -0.316339 -0.944436 -0.0892806
vn -0.316339 -0.944436 -0.0892806
vn 0.131158 -0.97049 -0.202354
vn -0.411817 -0.730705 -0.544496
vn -0.663589 -0.746641 -0.0466608
vn -0.351299 -0.930359 0.104986
vn -0.316339 -0.944436 -0.0892806
vn -0.316339 -0.944436 -0.0892806
vn -0.654555 -0.740492 -0.152412
vn -0.663589 -0.746641 -0.0466608
vn -0.730663 -0.68103 0.0482572
vn -0.381826 -0.921452 0.0716632
vn -0.351299 -0.930359 0.104986
vn -0.351299 -0.930359 0.104986
vn -0.663589 -0.746641 -0.0466608
vn -0.730663 -0.68103 0.0482572
vn -0.69101 -0.72211 -0.0325986
vn -0.315818 -0.933365 -0.170555
vn -0.381826 -0.921452 0.0716632
vn -0.381826 -0.921452 0.0716632
vn -0.730663 -0.68103 0.0482572
vn -0.69101 -0.72211 -0.0325986
vn -0.315818 -0.933365 -0.170555
vn -0.69101 -0.72211 -0.0325986
vn -0.610474 -0.782563 0.122134
vn -0.610474 -0.782563 0.122134
vn -0.435962 -0.881393 0.181886
vn -0.315818 -0.933365 -0.170555
vn -0.328922 -0.554452 0.764456
vn -0.503892 -0.218398 0.835701
vn -0.435962 -0.881393 0.181886
vn -0.435962 -0.881393 0.181886
vn -0.610474 -0.782563 0.122134
vn -0.328922 -0.554452 0.764456
vn 0.895349 0.0331036 -0.444133
vn 0.475653 0.107653 -0.873021
vn 0.682293 0.321269 -0.656707
vn 0.682293 0.321269 -0.656707
vn 0.475653 0.107653 -0.873021
vn 0.429461 0.303107 -0.850699
vn 0.37844 0.215044 -0.9003
vn 0.429461 0.303107 -0.850699
vn 0.475653 0.107653 -0.873021
vn 0.0693629 -0.0166064 0.997453
vn -0.503892 -0.218398 0.835701
vn -0.328922 -0.554452 0.764456
vn -0.637059 -0.498716 0.58774
vn 0.190554 -0.944643 -0.267095
vn -0.701694 -0.710273 -0.0560166
vn -0.68272 -0.392658 -0.616208
vn -0.701694 -0.710273 -0.0560166
vn 0.190554 -0.944643 -0.267095
vn -0.753246 -0.656441 -0.0412975
vn -0.714131 -0.699819 -0.0164372
vn -0.875966 -0.482278 -0.00953388
vn -0.875966 -0.482278 -0.00953388
vn -0.77864 -0.472164 0.413257
vn -0.753246 -0.656441 -0.0412975
vn -0.852214 -0.366007 -0.373859
vn -0.925603 -0.315057 0.209755
vn -0.776846 -0.580145 0.244831
vn -0.776846 -0.580145 0.244831
vn -0.753246 -0.656441 -0.0412975
vn -0.852214 -0.366007 -0.373859
vn -0.852214 -0.366007 -0.373859
vn -0.753246 -0.656441 -0.0412975
vn -0.354051 -0.267901 -0.896034
vn 0.340124 -0.0607355 0.938417
vn -0.430936 -0.454073 0.779815
vn -0.481799 -0.176406 0.858342
vn -0.481799 -0.176406 0.858342
vn 0.366931 -0.153551 0.917488
vn 0.340124 -0.0607355 0.938417
vn 0.37844 0.215044 -0.9003
vn 0.475653 0.107653 -0.873021
vn -0.0791507 -0.112052 -0.990545
vn -0.0791507 -0.112052 -0.990545
vn -0.0874292 -0.339667 -0.936473
vn 0.37844 0.215044 -0.9003
vn -0.156982 0.00231852 -0.987599
vn -0.0791507 -0.112052 -0.990545
vn 0.475653 0.107653 -0.873021
vn 0.475653 0.107653 -0.873021
vn 0.621992 -0.0582018 -0.780858
vn -0.156982 0.00231852 -0.987599
vn -0.998286 0.0583249 0.00490117
vn -0.830794 -0.512186 0.217824
vn -0.856708 -0.514942 -0.0297673
vn -0.998286 0.0583249 0.00490117
vn -0.856708 -0.514942 -0.0297673
vn -0.834295 -0.485021 -0.26212
vn -0.385046 -0.753435 -0.532987
vn -0.999998 0.00198781 -9.59537e-05
vn -0.513527 -0.361545 -0.778187
vn -0.486654 -0.866298 -0.112677
vn -0.999998 0.00198781 -9.59537e-05
vn -0.385046 -0.753435 -0.532987
vn -0.797159 -0.260783 0.544546
vn -0.999998 0.00198781 -9.59537e-05
vn -0.486654 -0.866298 -0.112677
vn -0.810655 -0.152395 0.565345
vn -0.999998 0.00198781 -9.59537e-05
vn -0.797159 -0.260783 0.544546
vn -0.738322 0.266635 0.619506
vn -0.582692 0.590455 0.558421
vn -0.999998 0.00198781 -9.59537e-05
vn -0.999998 0.00198781 -9.59537e-05
vn -0.704857 0.13149 0.697056
vn -0.738322 0.266635 0.619506
vn -0.48606 0.803097 -0.344647
vn -0.999998 0.00198781 -9.59537e-05
vn -0.520484 0.810172 0.269662
vn -0.520484 0.810172 0.269662
vn -0.471262 0.881094 -0.039812
vn -0.48606 0.803097 -0.344647
vn -0.453904 0.629727 -0.630409
vn -0.999998 0.00198781 -9.59537e-05
vn -0.48606 0.803097 -0.344647
vn -0.476791 0.0323289 -0.878422
vn -0.999998 0.00198781 -9.59537e-05
vn -0.453904 0.629727 -0.630409
vn -0.453904 0.629727 -0.630409
vn -0.631172 0.284934 -0.721411
vn -0.476791 0.0323289 -0.878422
vn -0.704857 0.13149 0.697056
vn -0.999998 0.00198781 -9.59537e-05
vn -0.810655 -0.152395 0.565345
vn -0.513527 -0.361545 -0.778187
vn -0.999998 0.00198781 -9.59537e-05
vn -0.476791 0.0323289 -0.878422
vn -0.520484 0.810172 0.269662
vn -0.999998 0.00198781 -9.59537e-05
vn -0.582692 0.590455 0.558421
vn -0.476791 0.0323289 -0.878422
vn -0.631172 0.284934 -0.721411
vn 0.51477 0.257996 -0.817588
vn 0.51477 0.257996 -0.817588
vn 0.412854 -0.0943743 -0.905895
vn -0.476791 0.0323289 -0.878422
vn -0.513527 -0.361545 -0.778187
vn -0.476791 0.0323289 -0.878422
vn 0.412854 -0.0943743 -0.905895
vn 0.412854 -0.0943743 -0.905895
vn 0.282434 -0.453642 -0.845245
vn -0.513527 -0.361545 -0.778187
vn -0.385046 -0.753435 -0.532987
vn -0.513527 -0.361545 -0.778187
vn 0.282434 -0.453642 -0.845245
vn 0.282434 -0.453642 -0.845245
vn 0.230564 -0.784857 -0.575187
vn -0.385046 -0.753435 -0.532987
vn -0.486654 -0.866298 -0.112677
vn -0.385046 -0.753435 -0.532987
vn 0.230564 -0.784857 -0.575187
vn 0.230564 -0.784857 -0.575187
vn -0.896783 -0.437835 0.0638856
vn -0.486654 -0.866298 -0.112677
vn -0.797159 -0.260783 0.544546
vn -0.486654 -0.866298 -0.112677
vn -0.896783 -0.437835 0.0638856
vn -0.896783 -0.437835 0.0638856
vn -0.739188 -0.369588 0.563033
vn -0.797159 -0.260783 0.544546
vn -0.797159 -0.260783 0.544546
vn -0.739188 -0.369588 0.563033
vn -0.324556 -0.124721 0.937607
vn -0.324556 -0.124721 0.937607
vn -0.810655 -0.152395 0.565345
vn -0.797159 -0.260783 0.544546
vn -0.704857 0.13149 0.697056
vn -0.810655 -0.152395 0.565345
vn -0.324556 -0.124721 0.937607
vn -0.324556 -0.124721 0.937607
vn -0.0739703 0.0893932 0.993246
vn -0.704857 0.13149 0.697056
vn -0.704857 0.13149 0.697056
vn -0.0739703 0.0893932 0.993246
vn 0.101621 0.317025 0.942957
vn 0.101621 0.317025 0.942957
vn -0.738322 0.266635 0.619506
vn -0.704857 0.13149 0.697056
vn -0.582692 0.590455 0.558421
vn 0.355999 0.612273 0.705965
vn 0.580432 0.770411 0.263753
vn 0.580432 0.770411 0.263753
vn -0.520484 0.810172 0.269662
vn -0.582692 0.590455 0.558421
vn -0.520484 0.810172 0.269662
vn 0.580432 0.770411 0.263753
vn 0.654346 0.756171 0.00615757
vn 0.654346 0.756171 0.00615757
vn -0.471262 0.881094 -0.039812
vn -0.520484 0.810172 0.269662
vn -0.48606 0.803097 -0.344647
vn 0.662039 0.703228 -0.259181
vn 0.607685 0.531723 -0.589906
vn 0.607685 0.531723 -0.589906
vn -0.453904 0.629727 -0.630409
vn -0.48606 0.803097 -0.344647
vn -0.453904 0.629727 -0.630409
vn 0.607685 0.531723 -0.589906
vn 0.51477 0.257996 -0.817588
vn 0.51477 0.257996 -0.817588
vn -0.631172 0.284934 -0.721411
vn -0.453904 0.629727 -0.630409
vn 0.00307466 -0.0398463 -0.999201
vn -0.341165 -0.194281 -0.919707
vn -0.248794 -0.174139 -0.952773
vn -0.248794 -0.174139 -0.952773
vn 0.0143856 -0.0801261 -0.996681
vn 0.00307466 -0.0398463 -0.999201
vn -0.341165 -0.194281 -0.919707
vn -0.751912 -0.341624 -0.563844
vn -0.740322 -0.257344 -0.621046
vn -0.740322 -0.257344 -0.621046
vn -0.248794 -0.174139 -0.952773
vn -0.341165 -0.194281 -0.919707
vn -0.751912 -0.341624 -0.563844
vn -0.929407 -0.369054 -0.00078944
vn -0.97894 -0.203785 0.0122058
vn -0.97894 -0.203785 0.0122058
vn -0.740322 -0.257344 -0.621046
vn -0.751912 -0.341624 -0.563844
vn -0.97894 -0.203785 0.0122058
vn -0.929407 -0.369054 -0.00078944
vn -0.845556 -0.336425 0.414551
vn -0.845556 -0.336425 0.414551
vn -0.898579 -0.123087 0.421195
vn -0.97894 -0.203785 0.0122058
vn -0.898579 -0.123087 0.421195
vn -0.845556 -0.336425 0.414551
vn -0.495245 -0.232971 0.836933
vn -0.495245 -0.232971 0.836933
vn -0.565099 0.0315731 0.824419
vn -0.898579 -0.123087 0.421195
vn -0.495245 -0.232971 0.836933
vn 0.0387719 -0.120721 0.991929
vn -0.0957117 0.158717 0.982674
vn -0.0957117 0.158717 0.982674
vn -0.565099 0.0315731 0.824419
vn -0.495245 -0.232971 0.836933
vn -0.0957117 0.158717 0.982674
vn 0.0387719 -0.120721 0.991929
vn 0.343478 0.0232256 0.938874
vn 0.343478 0.0232256 0.938874
vn 0.221873 0.241787 0.944622
vn -0.0957117 0.158717 0.982674
vn 0.612584 0.328731 0.718802
vn 0.662077 0.157323 0.732737
vn 0.905062 0.264848 0.332743
vn 0.905062 0.264848 0.332743
vn 0.906262 0.35057 0.236197
vn 0.612584 0.328731 0.718802
vn 0.906262 0.35057 0.236197
vn 0.905062 0.264848 0.332743
vn 0.945799 0.317987 0.0659433
vn 0.945799 0.317987 0.0659433
vn 0.940361 0.338329 0.0354158
vn 0.906262 0.35057 0.236197
vn 0.936402 0.300979 -0.180453
vn 0.919307 0.319647 -0.229565
vn 0.768883 0.246893 -0.589799
vn 0.768883 0.246893 -0.589799
vn 0.784665 0.209732 -0.583363
vn 0.936402 0.300979 -0.180453
vn 0.784665 0.209732 -0.583363
vn 0.768883 0.246893 -0.589799
vn 0.466958 0.128356 -0.874914
vn 0.466958 0.128356 -0.874914
vn 0.47384 0.0820043 -0.876785
vn 0.784665 0.209732 -0.583363
vn 0.466958 0.128356 -0.874914
vn 0.00307466 -0.0398463 -0.999201
vn 0.0143856 -0.0801261 -0.996681
vn 0.0143856 -0.0801261 -0.996681
vn 0.47384 0.0820043 -0.876785
vn 0.466958 0.128356 -0.874914
vn 0.282434 -0.453642 -0.845245
vn 0.412854 -0.0943743 -0.905895
vn 0.186765 -0.186342 -0.96457
vn 0.186765 -0.186342 -0.96457
vn -0.0824628 -0.305731 -0.94854
vn 0.282434 -0.453642 -0.845245
vn 0.230564 -0.784857 -0.575187
vn 0.282434 -0.453642 -0.845245
vn -0.0824628 -0.305731 -0.94854
vn -0.0824628 -0.305731 -0.94854
vn -0.594417 -0.435948 -0.675735
vn 0.230564 -0.784857 -0.575187
vn -0.896783 -0.437835 0.0638856
vn 0.230564 -0.784857 -0.575187
vn -0.594417 -0.435948 -0.675735
vn -0.594417 -0.435948 -0.675735
vn -0.957536 -0.284826 0.0447189
vn -0.896783 -0.437835 0.0638856
vn -0.896783 -0.437835 0.0638856
vn -0.957536 -0.284826 0.0447189
vn -0.847046 -0.232623 0.477912
vn -0.847046 -0.232623 0.477912
vn -0.739188 -0.369588 0.563033
vn -0.896783 -0.437835 0.0638856
vn -0.739188 -0.369588 0.563033
vn -0.847046 -0.232623 0.477912
vn -0.467714 0.00405088 0.883871
vn -0.467714 0.00405088 0.883871
vn -0.324556 -0.124721 0.937607
vn -0.739188 -0.369588 0.563033
vn -0.324556 -0.124721 0.937607
vn -0.467714 0.00405088 0.883871
vn -0.0906164 0.140553 0.985918
vn -0.0906164 0.140553 0.985918
vn -0.0739703 0.0893932 0.993246
vn -0.324556 -0.124721 0.937607
vn -0.0739703 0.0893932 0.993246
vn -0.0906164 0.140553 0.985918
vn 0.243225 0.237041 0.94056
vn 0.243225 0.237041 0.94056
vn 0.101621 0.317025 0.942957
vn -0.0739703 0.0893932 0.993246
vn 0.355999 0.612273 0.705965
vn 0.645959 0.36351 0.671266
vn 0.868401 0.429698 0.247466
vn 0.868401 0.429698 0.247466
vn 0.580432 0.770411 0.263753
vn 0.355999 0.612273 0.705965
vn 0.580432 0.770411 0.263753
vn 0.868401 0.429698 0.247466
vn 0.910085 0.41413 0.0155332
vn 0.910085 0.41413 0.0155332
vn 0.654346 0.756171 0.00615757
vn 0.580432 0.770411 0.263753
vn 0.662039 0.703228 -0.259181
vn 0.891283 0.388387 -0.234031
vn 0.774445 0.265376 -0.574291
vn 0.774445 0.265376 -0.574291
vn 0.607685 0.531723 -0.589906
vn 0.662039 0.703228 -0.259181
vn 0.774445 0.265376 -0.574291
vn 0.544215 0.0531968 -0.837257
vn 0.51477 0.257996 -0.817588
vn 0.51477 0.257996 -0.817588
vn 0.607685 0.531723 -0.589906
vn 0.774445 0.265376 -0.574291
vn 0.412854 -0.0943743 -0.905895
vn 0.51477 0.257996 -0.817588
vn 0.544215 0.0531968 -0.837257
vn 0.544215 0.0531968 -0.837257
vn 0.186765 -0.186342 -0.96457
vn 0.412854 -0.0943743 -0.905895
vn -0.0824628 -0.305731 -0.94854
vn 0.186765 -0.186342 -0.96457
vn 0.0143856 -0.0801261 -0.996681
vn 0.0143856 -0.0801261 -0.996681
vn -0.248794 -0.174139 -0.952773
vn -0.0824628 -0.305731 -0.94854
vn -0.594417 -0.435948 -0.675735
vn -0.0824628 -0.305731 -0.94854
vn -0.248794 -0.174139 -0.952773
vn -0.248794 -0.174139 -0.952773
vn -0.740322 -0.257344 -0.621046
vn -0.594417 -0.435948 -0.675735
vn -0.957536 -0.284826 0.0447189
vn -0.594417 -0.435948 -0.675735
vn -0.740322 -0.257344 -0.621046
vn -0.740322 -0.257344 -0.621046
vn -0.97894 -0.203785 0.0122058
vn -0.957536 -0.284826 0.0447189
vn -0.898579 -0.123087 0.421195
vn -0.847046 -0.232623 0.477912
vn -0.957536 -0.284826 0.0447189
vn -0.957536 -0.284826 0.0447189
vn -0.97894 -0.203785 0.0122058
vn -0.898579 -0.123087 0.421195
vn -0.565099 0.0315731 0.824419
vn -0.467714 0.00405088 0.883871
vn -0.847046 -0.232623 0.477912
vn -0.847046 -0.232623 0.477912
vn -0.898579 -0.123087 0.421195
vn -0.565099 0.0315731 0.824419
vn -0.0957117 0.158717 0.982674
vn -0.0906164 0.140553 0.985918
vn -0.467714 0.00405088 0.883871
vn -0.467714 0.00405088 0.883871
vn -0.565099 0.0315731 0.824419
vn -0.0957117 0.158717 0.982674
vn 0.221873 0.241787 0.944622
vn 0.243225 0.237041 0.94056
vn -0.0906164 0.140553 0.985918
vn -0.0906164 0.140553 0.985918
vn -0.0957117 0.158717 0.982674
vn 0.221873 0.241787 0.944622
vn 0.906262 0.35057 0.236197
vn 0.868401 0.429698 0.247466
vn 0.645959 0.36351 0.671266
vn 0.645959 0.36351 0.671266
vn 0.612584 0.328731 0.718802
vn 0.906262 0.35057 0.236197
vn 0.940361 0.338329 0.0354158
vn 0.910085 0.41413 0.0155332
vn 0.868401 0.429698 0.247466
vn 0.868401 0.429698 0.247466
vn 0.906262 0.35057 0.236197
vn 0.940361 0.338329 0.0354158
vn 0.774445 0.265376 -0.574291
vn 0.891283 0.388387 -0.234031
vn 0.936402 0.300979 -0.180453
vn 0.936402 0.300979 -0.180453
vn 0.784665 0.209732 -0.583363
vn 0.774445 0.265376 -0.574291
vn 0.544215 0.0531968 -0.837257
vn 0.774445 0.265376 -0.574291
vn 0.784665 0.209732 -0.583363
vn 0.784665 0.209732 -0.583363
vn 0.47384 0.0820043 -0.876785
vn 0.544215 0.0531968 -0.837257
vn 0.186765 -0.186342 -0.96457
vn 0.544215 0.0531968 -0.837257
vn 0.47384 0.0820043 -0.876785
vn 0.47384 0.0820043 -0.876785
vn 0.0143856 -0.0801261 -0.996681
vn 0.186765 -0.186342 -0.96457
vn -0.471262 0.881094 -0.039812
vn 0.654346 0.756171 0.00615757
vn 0.662039 0.703228 -0.259181
vn 0.662039 0.703228 -0.259181
vn -0.48606 0.803097 -0.344647
vn -0.471262 0.881094 -0.039812
vn 0.654346 0.756171 0.00615757
vn 0.910085 0.41413 0.0155332
vn 0.891283 0.388387 -0.234031
vn 0.891283 0.388387 -0.234031
vn 0.662039 0.703228 -0.259181
vn 0.654346 0.756171 0.00615757
vn 0.936402 0.300979 -0.180453
vn 0.891283 0.388387 -0.234031
vn 0.910085 0.41413 0.0155332
vn 0.910085 0.41413 0.0155332
vn 0.940361 0.338329 0.0354158
vn 0.936402 0.300979 -0.180453
vn 0.940361 0.338329 0.0354158
vn 0.945799 0.317987 0.0659433
vn 0.919307 0.319647 -0.229565
vn 0.919307 0.319647 -0.229565
vn 0.936402 0.300979 -0.180453
vn 0.940361 0.338329 0.0354158
vn -0.738322 0.266635 0.619506
vn 0.101621 0.317025 0.942957
vn 0.355999 0.612273 0.705965
vn 0.355999 0.612273 0.705965
vn -0.582692 0.590455 0.558421
vn -0.738322 0.266635 0.619506
vn 0.101621 0.317025 0.942957
vn 0.243225 0.237041 0.94056
vn 0.645959 0.36351 0.671266
vn 0.645959 0.36351 0.671266
vn 0.355999 0.612273 0.705965
vn 0.101621 0.317025 0.942957
vn 0.612584 0.328731 0.718802
vn 0.645959 0.36351 0.671266
vn 0.243225 0.237041 0.94056
vn 0.243225 0.237041 0.94056
vn 0.221873 0.241787 0.944622
vn 0.612584 0.328731 0.718802
vn 0.221873 0.241787 0.944622
vn 0.343478 0.0232256 0.938874
vn 0.662077 0.157323 0.732737
vn 0.662077 0.157323 0.732737
vn 0.612584 0.328731 0.718802
vn 0.221873 0.241787 0.944622
vn 0.597884 0.799736 0.0543729
vn 0.541119 0.816797 -0.200081
vn 0.919307 0.319647 -0.229565
vn 0.919307 0.319647 -0.229565
vn 0.945799 0.317987 0.0659433
vn 0.597884 0.799736 0.0543729
vn 0.597319 0.760255 0.255385
vn 0.597884 0.799736 0.0543729
vn 0.945799 0.317987 0.0659433
vn 0.945799 0.317987 0.0659433
vn 0.905062 0.264848 0.332743
vn 0.597319 0.760255 0.255385
vn 0.492774 0.711045 0.501587
vn 0.597319 0.760255 0.255385
vn 0.905062 0.264848 0.332743
vn 0.905062 0.264848 0.332743
vn 0.662077 0.157323 0.732737
vn 0.492774 0.711045 0.501587
vn 0.237654 0.608882 0.756824
vn 0.492774 0.711045 0.501587
vn 0.662077 0.157323 0.732737
vn 0.662077 0.157323 0.732737
vn 0.343478 0.0232256 0.938874
vn 0.237654 0.608882 0.756824
vn -0.0575056 0.549916 0.833238
vn 0.237654 0.608882 0.756824
vn 0.343478 0.0232256 0.938874
vn 0.343478 0.0232256 0.938874
vn 0.0387719 -0.120721 0.991929
vn -0.0575056 0.549916 0.833238
vn -0.549726 0.439159 0.710591
vn -0.0575056 0.549916 0.833238
vn 0.0387719 -0.120721 0.991929
vn 0.0387719 -0.120721 0.991929
vn -0.495245 -0.232971 0.836933
vn -0.549726 0.439159 0.710591
vn -0.845556 -0.336425 0.414551
vn -0.886451 0.362441 0.287821
vn -0.549726 0.439159 0.710591
vn -0.549726 0.439159 0.710591
vn -0.495245 -0.232971 0.836933
vn -0.845556 -0.336425 0.414551
vn -0.929407 -0.369054 -0.00078944
vn -0.913471 0.406865 -0.00571567
vn -0.886451 0.362441 0.287821
vn -0.886451 0.362441 0.287821
vn -0.845556 -0.336425 0.414551
vn -0.929407 -0.369054 -0.00078944
vn -0.796892 0.485477 -0.359549
vn -0.913471 0.406865 -0.00571567
vn -0.929407 -0.369054 -0.00078944
vn -0.929407 -0.369054 -0.00078944
vn -0.751912 -0.341624 -0.563844
vn -0.796892 0.485477 -0.359549
vn -0.341165 -0.194281 -0.919707
vn -0.48526 0.59884 -0.637114
vn -0.796892 0.485477 -0.359549
vn -0.796892 0.485477 -0.359549
vn -0.751912 -0.341624 -0.563844
vn -0.341165 -0.194281 -0.919707
vn 0.00307466 -0.0398463 -0.999201
vn -0.160522 0.703642 -0.692185
vn -0.48526 0.59884 -0.637114
vn -0.48526 0.59884 -0.637114
vn -0.341165 -0.194281 -0.919707
vn 0.00307466 -0.0398463 -0.999201
vn 0.466958 0.128356 -0.874914
vn 0.177717 0.775544 -0.605762
vn -0.160522 0.703642 -0.692185
vn -0.160522 0.703642 -0.692185
vn 0.00307466 -0.0398463 -0.999201
vn 0.466958 0.128356 -0.874914
vn 0.768883 0.246893 -0.589799
vn 0.405691 0.810617 -0.422274
vn 0.177717 0.775544 -0.605762
vn 0.177717 0.775544 -0.605762
vn 0.466958 0.128356 -0.874914
vn 0.768883 0.246893 -0.589799
vn 0.541119 0.816797 -0.200081
vn 0.405691 0.810617 -0.422274
vn 0.768883 0.246893 -0.589799
vn 0.768883 0.246893 -0.589799
vn 0.919307 0.319647 -0.229565
vn 0.541119 0.816797 -0.200081
vn 0.224419 0.603348 0.76525
vn -0.0767461 0.476871 0.875617
vn 0.195845 -0.705127 0.681499
vn 0.195845 -0.705127 0.681499
vn 0.603871 -0.567558 0.559659
vn 0.224419 0.603348 0.76525
vn 0.574353 0.775641 0.261725
vn 0.467913 0.71881 0.514168
vn 0.805049 -0.514464 0.295335
vn 0.805049 -0.514464 0.295335
vn 0.859215 -0.495057 0.129104
vn 0.574353 0.775641 0.261725
vn 0.593337 0.802547 0.0622074
vn 0.574353 0.775641 0.261725
vn 0.859215 -0.495057 0.129104
vn 0.859215 -0.495057 0.129104
vn 0.900717 -0.427545 -0.0769087
vn 0.593337 0.802547 0.0622074
vn 0.401916 0.804489 -0.437333
vn 0.533565 0.821381 -0.201598
vn 0.830515 -0.424146 -0.361034
vn 0.830515 -0.424146 -0.361034
vn 0.694368 -0.44059 -0.568976
vn 0.401916 0.804489 -0.437333
vn 0.111156 -0.552496 -0.826071
vn -0.171524 0.659896 -0.731517
vn 0.174111 0.754389 -0.632916
vn 0.174111 0.754389 -0.632916
vn 0.466593 -0.476296 -0.745274
vn 0.111156 -0.552496 -0.826071
vn -0.250554 -0.654992 -0.712888
vn -0.517732 0.559612 -0.647139
vn -0.171524 0.659896 -0.731517
vn -0.171524 0.659896 -0.731517
vn 0.111156 -0.552496 -0.826071
vn -0.250554 -0.654992 -0.712888
vn -0.517281 -0.741013 -0.428159
vn -0.813559 0.449839 -0.368466
vn -0.517732 0.559612 -0.647139
vn -0.517732 0.559612 -0.647139
vn -0.250554 -0.654992 -0.712888
vn -0.517281 -0.741013 -0.428159
vn -0.551542 -0.827903 -0.10187
vn -0.936113 0.351696 0.00174906
vn -0.813559 0.449839 -0.368466
vn -0.813559 0.449839 -0.368466
vn -0.517281 -0.741013 -0.428159
vn -0.551542 -0.827903 -0.10187
vn -0.522269 -0.834019 0.177895
vn -0.879375 0.357148 0.314873
vn -0.936113 0.351696 0.00174906
vn -0.936113 0.351696 0.00174906
vn -0.551542 -0.827903 -0.10187
vn -0.522269 -0.834019 0.177895
vn -0.283475 -0.779175 0.559043
vn -0.565208 0.392758 0.725452
vn -0.879375 0.357148 0.314873
vn -0.879375 0.357148 0.314873
vn -0.522269 -0.834019 0.177895
vn -0.283475 -0.779175 0.559043
vn -0.0767461 0.476871 0.875617
vn -0.565208 0.392758 0.725452
vn -0.283475 -0.779175 0.559043
vn -0.283475 -0.779175 0.559043
vn 0.195845 -0.705127 0.681499
vn -0.0767461 0.476871 0.875617
vn 0.466593 -0.476296 -0.745274
vn 0.174111 0.754389 -0.632916
vn 0.401916 0.804489 -0.437333
vn 0.401916 0.804489 -0.437333
vn 0.694368 -0.44059 -0.568976
vn 0.466593 -0.476296 -0.745274
vn 0.533565 0.821381 -0.201598
vn 0.593337 0.802547 0.0622074
vn 0.900717 -0.427545 -0.0769087
vn 0.900717 -0.427545 -0.0769087
vn 0.830515 -0.424146 -0.361034
vn 0.533565 0.821381 -0.201598
vn 0.467913 0.71881 0.514168
vn 0.224419 0.603348 0.76525
vn 0.603871 -0.567558 0.559659
vn 0.603871 -0.567558 0.559659
vn 0.805049 -0.514464 0.295335
vn 0.467913 0.71881 0.514168
vn 0.158179 -0.984258 -0.0788386
vn 0.161308 -0.983509 -0.0817942
vn -0.517281 -0.741013 -0.428159
vn -0.517281 -0.741013 -0.428159
vn -0.250554 -0.654992 -0.712888
vn 0.158179 -0.984258 -0.0788386
vn -0.551542 -0.827903 -0.10187
vn -0.517281 -0.741013 -0.428159
vn 0.161308 -0.983509 -0.0817942
vn 0.161308 -0.983509 -0.0817942
vn 0.179664 -0.980258 -0.0825489
vn -0.551542 -0.827903 -0.10187
vn -0.551542 -0.827903 -0.10187
vn 0.179664 -0.980258 -0.0825489
vn 0.16043 -0.984705 -0.0679622
vn 0.16043 -0.984705 -0.0679622
vn -0.522269 -0.834019 0.177895
vn -0.551542 -0.827903 -0.10187
vn -0.522269 -0.834019 0.177895
vn 0.16043 -0.984705 -0.0679622
vn 0.155458 -0.986128 -0.0581765
vn 0.155458 -0.986128 -0.0581765
vn -0.283475 -0.779175 0.559043
vn -0.522269 -0.834019 0.177895
vn 0.195845 -0.705127 0.681499
vn -0.283475 -0.779175 0.559043
vn 0.155458 -0.986128 -0.0581765
vn 0.155458 -0.986128 -0.0581765
vn 0.170532 -0.982898 -0.0695027
vn 0.195845 -0.705127 0.681499
vn 0.603871 -0.567558 0.559659
vn 0.195845 -0.705127 0.681499
vn 0.170532 -0.982898 -0.0695027
vn 0.170532 -0.982898 -0.0695027
vn 0.175115 -0.982691 -0.0604409
vn 0.603871 -0.567558 0.559659
vn 0.805049 -0.514464 0.295335
vn 0.603871 -0.567558 0.559659
vn 0.175115 -0.982691 -0.0604409
vn 0.175115 -0.982691 -0.0604409
vn 0.190373 -0.979841 -0.0605831
vn 0.805049 -0.514464 0.295335
vn 0.859215 -0.495057 0.129104
vn 0.805049 -0.514464 0.295335
vn 0.190373 -0.979841 -0.0605831
vn 0.190373 -0.979841 -0.0605831
vn 0.199566 -0.976769 -0.0780812
vn 0.859215 -0.495057 0.129104
vn 0.900717 -0.427545 -0.0769087
vn 0.859215 -0.495057 0.129104
vn 0.199566 -0.976769 -0.0780812
vn 0.199566 -0.976769 -0.0780812
vn 0.199881 -0.975845 -0.0881748
vn 0.900717 -0.427545 -0.0769087
vn 0.830515 -0.424146 -0.361034
vn 0.900717 -0.427545 -0.0769087
vn 0.199881 -0.975845 -0.0881748
vn 0.199881 -0.975845 -0.0881748
vn 0.192835 -0.976442 -0.0968312
vn 0.830515 -0.424146 -0.361034
vn 0.830515 -0.424146 -0.361034
vn 0.192835 -0.976442 -0.0968312
vn 0.190418 -0.977692 -0.0886509
vn 0.190418 -0.977692 -0.0886509
vn 0.694368 -0.44059 -0.568976
vn 0.830515 -0.424146 -0.361034
vn 0.694368 -0.44059 -0.568976
vn 0.190418 -0.977692 -0.0886509
vn 0.184963 -0.979073 -0.0848799
vn 0.184963 -0.979073 -0.0848799
vn 0.466593 -0.476296 -0.745274
vn 0.694368 -0.44059 -0.568976
vn 0.466593 -0.476296 -0.745274
vn 0.184963 -0.979073 -0.0848799
vn 0.17038 -0.981779 -0.0841471
vn 0.17038 -0.981779 -0.0841471
vn 0.111156 -0.552496 -0.826071
vn 0.466593 -0.476296 -0.745274
vn -0.250554 -0.654992 -0.712888
vn 0.111156 -0.552496 -0.826071
vn 0.17038 -0.981779 -0.0841471
vn 0.17038 -0.981779 -0.0841471
vn 0.158179 -0.984258 -0.0788386
vn -0.250554 -0.654992 -0.712888
vn -0.160522 0.703642 -0.692185
vn -0.171524 0.659896 -0.731517
vn -0.517732 0.559612 -0.647139
vn -0.517732 0.559612 -0.647139
vn -0.48526 0.59884 -0.637114
vn -0.160522 0.703642 -0.692185
vn 0.174111 0.754389 -0.632916
vn -0.171524 0.659896 -0.731517
vn -0.160522 0.703642 -0.692185
vn -0.160522 0.703642 -0.692185
vn 0.177717 0.775544 -0.605762
vn 0.174111 0.754389 -0.632916
vn 0.401916 0.804489 -0.437333
vn 0.174111 0.754389 -0.632916
vn 0.177717 0.775544 -0.605762
vn 0.177717 0.775544 -0.605762
vn 0.405691 0.810617 -0.422274
vn 0.401916 0.804489 -0.437333
vn 0.533565 0.821381 -0.201598
vn 0.401916 0.804489 -0.437333
vn 0.405691 0.810617 -0.422274
vn 0.405691 0.810617 -0.422274
vn 0.541119 0.816797 -0.200081
vn 0.533565 0.821381 -0.201598
vn 0.593337 0.802547 0.0622074
vn 0.533565 0.821381 -0.201598
vn 0.541119 0.816797 -0.200081
vn 0.541119 0.816797 -0.200081
vn 0.597884 0.799736 0.0543729
vn 0.593337 0.802547 0.0622074
vn 0.574353 0.775641 0.261725
vn 0.593337 0.802547 0.0622074
vn 0.597884 0.799736 0.0543729
vn 0.597884 0.799736 0.0543729
vn 0.597319 0.760255 0.255385
vn 0.574353 0.775641 0.261725
vn 0.492774 0.711045 0.501587
vn 0.467913 0.71881 0.514168
vn 0.574353 0.775641 0.261725
vn 0.574353 0.775641 0.261725
vn 0.597319 0.760255 0.255385
vn 0.492774 0.711045 0.501587
vn 0.224419 0.603348 0.76525
vn 0.467913 0.71881 0.514168
vn 0.492774 0.711045 0.501587
vn 0.492774 0.711045 0.501587
vn 0.237654 0.608882 0.756824
vn 0.224419 0.603348 0.76525
vn -0.0575056 0.549916 0.833238
vn -0.0767461 0.476871 0.875617
vn 0.224419 0.603348 0.76525
vn 0.224419 0.603348 0.76525
vn 0.237654 0.608882 0.756824
vn -0.0575056 0.549916 0.833238
vn -0.549726 0.439159 0.710591
vn -0.565208 0.392758 0.725452
vn -0.0767461 0.476871 0.875617
vn -0.0767461 0.476871 0.875617
vn -0.0575056 0.549916 0.833238
vn -0.549726 0.439159 0.710591
vn -0.879375 0.357148 0.314873
vn -0.565208 0.392758 0.725452
vn -0.549726 0.439159 0.710591
vn -0.549726 0.439159 0.710591
vn -0.886451 0.362441 0.287821
vn -0.879375 0.357148 0.314873
vn -0.936113 0.351696 0.00174906
vn -0.879375 0.357148 0.314873
vn -0.886451 0.362441 0.287821
vn -0.886451 0.362441 0.287821
vn -0.913471 0.406865 -0.00571567
vn -0.936113 0.351696 0.00174906
vn -0.796892 0.485477 -0.359549
vn -0.813559 0.449839 -0.368466
vn -0.936113 0.351696 0.00174906
vn -0.936113 0.351696 0.00174906
vn -0.913471 0.406865 -0.00571567
vn -0.796892 0.485477 -0.359549
vn -0.48526 0.59884 -0.637114
vn -0.517732 0.559612 -0.647139
vn -0.813559 0.449839 -0.368466
vn -0.813559 0.449839 -0.368466
vn -0.796892 0.485477 -0.359549
vn -0.48526 0.59884 -0.637114

vt 0.888837 0.022292
vt 0.892058 0.016299
vt 0.865298 0.004525
vt 0.865298 0.004525
vt 0.861971 0.010675
vt 0.888837 0.022292
vt 0.88865 0.081284
vt 0.862721 0.094106
vt 0.865969 0.100207
vt 0.865969 0.100207
vt 0.892061 0.087293
vt 0.88865 0.081284
vt 0.889408 0.081294
vt 0.8934 0.072172
vt 0.899989 0.073021
vt 0.899989 0.073021
vt 0.895979 0.083378
vt 0.889408 0.081294
vt 0.89915 0.073365
vt 0.89267 0.072524
vt 0.88865 0.081284
vt 0.88865 0.081284
vt 0.895282 0.083843
vt 0.89915 0.073365
vt 0.881936 0.077179
vt 0.85906 0.088419
vt 0.862721 0.094106
vt 0.862721 0.094106
vt 0.88865 0.081284
vt 0.881936 0.077179
vt 0.882218 0.076921
vt 0.885299 0.068535
vt 0.8934 0.072172
vt 0.8934 0.072172
vt 0.889408 0.081294
vt 0.882218 0.076921
vt 0.881595 0.026776
vt 0.87301 0.022294
vt 0.878652 0.017486
vt 0.878652 0.017486
vt 0.888666 0.022156
vt 0.881595 0.026776
vt 0.89267 0.072524
vt 0.884719 0.06859
vt 0.881936 0.077179
vt 0.881936 0.077179
vt 0.88865 0.081284
vt 0.89267 0.072524
vt 0.842948 0.032079
vt 0.832836 0.03058
vt 0.832836 0.035341
vt 0.832836 0.035341
vt 0.846445 0.036808
vt 0.842948 0.032079
vt 0.814465 0.013157
vt 0.819703 0.017265
vt 0.821263 0.014257
vt 0.821263 0.014257
vt 0.817839 0.00951
vt 0.814465 0.013157
vt 0.825108 0.014004
vt 0.83281 0.015451
vt 0.832841 0.010695
vt 0.832841 0.010695
vt 0.822825 0.009212
vt 0.825108 0.014004
vt 0.842934 0.013629
vt 0.844403 0.017315
vt 0.849652 0.013292
vt 0.849652 0.013292
vt 0.8464 0.009565
vt 0.842934 0.013629
vt 0.870737 0.070144
vt 0.852169 0.076396
vt 0.855206 0.082495
vt 0.855206 0.082495
vt 0.875223 0.073665
vt 0.870737 0.070144
vt 0.875101 0.072466
vt 0.870901 0.069526
vt 0.871151 0.065054
vt 0.871151 0.065054
vt 0.877658 0.065352
vt 0.875101 0.072466
vt 0.87471 0.031454
vt 0.869437 0.035115
vt 0.864461 0.033522
vt 0.864461 0.033522
vt 0.867544 0.027187
vt 0.87471 0.031454
vt 0.870798 0.064965
vt 0.870639 0.070836
vt 0.875223 0.073665
vt 0.875223 0.073665
vt 0.877329 0.065224
vt 0.870798 0.064965
vt 0.881576 0.026875
vt 0.884545 0.034941
vt 0.892375 0.031045
vt 0.892375 0.031045
vt 0.888837 0.022292
vt 0.881576 0.026875
vt 0.898985 0.030173
vt 0.895225 0.019992
vt 0.888837 0.022292
vt 0.888837 0.022292
vt 0.892375 0.031045
vt 0.898985 0.030173
vt 0.842948 0.032079
vt 0.846445 0.036808
vt 0.8497 0.033049
vt 0.8497 0.033049
vt 0.84441 0.028913
vt 0.842948 0.032079
vt 0.87471 0.031373
vt 0.869644 0.034792
vt 0.870726 0.039115
vt 0.870726 0.039115
vt 0.877129 0.038639
vt 0.87471 0.031373
vt 0.884545 0.034941
vt 0.886274 0.051817
vt 0.894711 0.051819
vt 0.894711 0.051819
vt 0.892375 0.031045
vt 0.884545 0.034941
vt 0.901649 0.051688
vt 0.894711 0.051819
vt 0.89267 0.072524
vt 0.89267 0.072524
vt 0.89915 0.073365
vt 0.901649 0.051688
vt 0.844403 0.017315
vt 0.845574 0.023142
vt 0.851529 0.023131
vt 0.851529 0.023131
vt 0.849652 0.013292
vt 0.844403 0.017315
vt 0.871452 0.051891
vt 0.878442 0.051764
vt 0.877129 0.038639
vt 0.877129 0.038639
vt 0.870726 0.039115
vt 0.871452 0.051891
vt 0.870872 0.039409
vt 0.869826 0.035018
vt 0.87471 0.031454
vt 0.87471 0.031454
vt 0.877425 0.038821
vt 0.870872 0.039409
vt 0.821341 0.032061
vt 0.819789 0.028868
vt 0.814499 0.033061
vt 0.814499 0.033061
vt 0.817855 0.036808
vt 0.821341 0.032061
vt 0.888666 0.022156
vt 0.895164 0.019757
vt 0.899279 0.030143
vt 0.899279 0.030143
vt 0.892969 0.031114
vt 0.888666 0.022156
vt 0.892969 0.031114
vt 0.884939 0.035072
vt 0.881595 0.026776
vt 0.881595 0.026776
vt 0.888666 0.022156
vt 0.892969 0.031114
vt 0.877658 0.065352
vt 0.871151 0.065054
vt 0.871697 0.051981
vt 0.871697 0.051981
vt 0.878774 0.051944
vt 0.877658 0.065352
vt 0.819789 0.028868
vt 0.818878 0.023135
vt 0.812936 0.023169
vt 0.812936 0.023169
vt 0.814499 0.033061
vt 0.819789 0.028868
vt 0.894961 0.051567
vt 0.901717 0.05137
vt 0.899989 0.073021
vt 0.899989 0.073021
vt 0.8934 0.072172
vt 0.894961 0.051567
vt 0.885299 0.068535
vt 0.886447 0.051648
vt 0.894961 0.051567
vt 0.894961 0.051567
vt 0.8934 0.072172
vt 0.885299 0.068535
vt 0.894711 0.051819
vt 0.886274 0.051817
vt 0.884719 0.06859
vt 0.884719 0.06859
vt 0.89267 0.072524
vt 0.894711 0.051819
vt 0.898985 0.030173
vt 0.892375 0.031045
vt 0.894711 0.051819
vt 0.894711 0.051819
vt 0.901649 0.051688
vt 0.898985 0.030173
vt 0.84441 0.028913
vt 0.8497 0.033049
vt 0.851529 0.023131
vt 0.851529 0.023131
vt 0.845574 0.023142
vt 0.84441 0.028913
vt 0.871452 0.051891
vt 0.870798 0.064965
vt 0.877329 0.065224
vt 0.877329 0.065224
vt 0.878442 0.051764
vt 0.871452 0.051891
vt 0.871697 0.051981
vt 0.870872 0.039409
vt 0.877425 0.038821
vt 0.877425 0.038821
vt 0.878774 0.051944
vt 0.871697 0.051981
vt 0.819703 0.017265
vt 0.814465 0.013157
vt 0.812936 0.023169
vt 0.812936 0.023169
vt 0.818878 0.023135
vt 0.819703 0.017265
vt 0.892969 0.031114
vt 0.899279 0.030143
vt 0.901717 0.05137
vt 0.901717 0.05137
vt 0.894961 0.051567
vt 0.892969 0.031114
vt 0.894961 0.051567
vt 0.886447 0.051648
vt 0.884939 0.035072
vt 0.884939 0.035072
vt 0.892969 0.031114
vt 0.894961 0.051567
vt 0.882093 0.011553
vt 0.892209 0.016463
vt 0.888666 0.022156
vt 0.888666 0.022156
vt 0.878652 0.017486
vt 0.882093 0.011553
vt 0.880126 0.086431
vt 0.883683 0.092369
vt 0.866478 0.100327
vt 0.866478 0.100327
vt 0.863216 0.09408
vt 0.880126 0.086431
vt 0.863216 0.09408
vt 0.859368 0.088398
vt 0.874399 0.081625
vt 0.874399 0.081625
vt 0.880126 0.086431
vt 0.863216 0.09408
vt 0.861971 0.010675
vt 0.858392 0.016353
vt 0.881576 0.026875
vt 0.881576 0.026875
vt 0.888837 0.022292
vt 0.861971 0.010675
vt 0.821341 0.032061
vt 0.817855 0.036808
vt 0.823116 0.036793
vt 0.823116 0.036793
vt 0.825363 0.031995
vt 0.821341 0.032061
vt 0.842934 0.013629
vt 0.8464 0.009565
vt 0.832841 0.010695
vt 0.832841 0.010695
vt 0.83281 0.015451
vt 0.842934 0.013629
vt 0.864923 0.071219
vt 0.868393 0.077174
vt 0.855171 0.082629
vt 0.855171 0.082629
vt 0.851987 0.076564
vt 0.864923 0.071219
vt 0.852169 0.028967
vt 0.869853 0.035285
vt 0.87471 0.031373
vt 0.87471 0.031373
vt 0.854788 0.022543
vt 0.852169 0.028967
vt 0.867544 0.027187
vt 0.864461 0.033522
vt 0.851987 0.028607
vt 0.851987 0.028607
vt 0.854564 0.022457
vt 0.867544 0.027187
vt 0.825363 0.031995
vt 0.823116 0.036793
vt 0.832836 0.035341
vt 0.832836 0.035341
vt 0.832836 0.03058
vt 0.825363 0.031995
vt 0.86536 0.004485
vt 0.882093 0.011553
vt 0.878652 0.017486
vt 0.878652 0.017486
vt 0.862138 0.010465
vt 0.86536 0.004485
vt 0.87301 0.022294
vt 0.858354 0.016253
vt 0.862138 0.010465
vt 0.862138 0.010465
vt 0.878652 0.017486
vt 0.87301 0.022294
vt 0.870056 0.069641
vt 0.875101 0.072466
vt 0.868393 0.077174
vt 0.868393 0.077174
vt 0.864923 0.071219
vt 0.870056 0.069641
vt 0.821263 0.014257
vt 0.825108 0.014004
vt 0.822825 0.009212
vt 0.822825 0.009212
vt 0.817839 0.00951
vt 0.821263 0.014257
vt 0.889408 0.081294
vt 0.893087 0.086767
vt 0.883683 0.092369
vt 0.883683 0.092369
vt 0.880126 0.086431
vt 0.889408 0.081294
vt 0.880126 0.086431
vt 0.874399 0.081625
vt 0.882218 0.076921
vt 0.882218 0.076921
vt 0.889408 0.081294
vt 0.880126 0.086431
vt 0.87471 0.031454
vt 0.867544 0.027187
vt 0.87301 0.022294
vt 0.87301 0.022294
vt 0.881595 0.026776
vt 0.87471 0.031454
vt 0.884939 0.035072
vt 0.877425 0.038821
vt 0.87471 0.031454
vt 0.87471 0.031454
vt 0.881595 0.026776
vt 0.884939 0.035072
vt 0.886447 0.051648
vt 0.878774 0.051944
vt 0.877425 0.038821
vt 0.877425 0.038821
vt 0.884939 0.035072
vt 0.886447 0.051648
vt 0.877658 0.065352
vt 0.878774 0.051944
vt 0.886447 0.051648
vt 0.886447 0.051648
vt 0.885299 0.068535
vt 0.877658 0.065352
vt 0.875101 0.072466
vt 0.877658 0.065352
vt 0.885299 0.068535
vt 0.885299 0.068535
vt 0.882218 0.076921
vt 0.875101 0.072466
vt 0.874399 0.081625
vt 0.868393 0.077174
vt 0.875101 0.072466
vt 0.875101 0.072466
vt 0.882218 0.076921
vt 0.874399 0.081625
vt 0.859368 0.088398
vt 0.855171 0.082629
vt 0.868393 0.077174
vt 0.868393 0.077174
vt 0.874399 0.081625
vt 0.859368 0.088398
vt 0.875223 0.073665
vt 0.855206 0.082495
vt 0.85906 0.088419
vt 0.85906 0.088419
vt 0.881936 0.077179
vt 0.875223 0.073665
vt 0.884719 0.06859
vt 0.877329 0.065224
vt 0.875223 0.073665
vt 0.875223 0.073665
vt 0.881936 0.077179
vt 0.884719 0.06859
vt 0.886274 0.051817
vt 0.878442 0.051764
vt 0.877329 0.065224
vt 0.877329 0.065224
vt 0.884719 0.06859
vt 0.886274 0.051817
vt 0.877129 0.038639
vt 0.878442 0.051764
vt 0.886274 0.051817
vt 0.886274 0.051817
vt 0.884545 0.034941
vt 0.877129 0.038639
vt 0.87471 0.031373
vt 0.877129 0.038639
vt 0.884545 0.034941
vt 0.884545 0.034941
vt 0.881576 0.026875
vt 0.87471 0.031373
vt 0.858392 0.016353
vt 0.854788 0.022543
vt 0.87471 0.031373
vt 0.87471 0.031373
vt 0.881576 0.026875
vt 0.858392 0.016353
vt 0.867544 0.027187
vt 0.854564 0.022457
vt 0.858354 0.016253
vt 0.858354 0.016253
vt 0.87301 0.022294
vt 0.867544 0.027187
vt 0.780305 0.048476
vt 0.78048 0.042974
vt 0.77749 0.042928
vt 0.77749 0.042928
vt 0.777277 0.048419
vt 0.780305 0.048476
vt 0.85342 0.056135
vt 0.866551 0.057068
vt 0.866684 0.051657
vt 0.866684 0.051657
vt 0.853774 0.051032
vt 0.85342 0.056135
vt 0.793891 0.066841
vt 0.793922 0.059491
vt 0.780936 0.059407
vt 0.780936 0.059407
vt 0.780901 0.066845
vt 0.793891 0.066841
vt 0.853732 0.038731
vt 0.853824 0.043895
vt 0.86692 0.043922
vt 0.86692 0.043922
vt 0.867038 0.038472
vt 0.853732 0.038731
vt 0.853774 0.051032
vt 0.866684 0.051657
vt 0.86692 0.043922
vt 0.86692 0.043922
vt 0.853824 0.043895
vt 0.853774 0.051032
vt 0.785103 0.049154
vt 0.784544 0.05297
vt 0.816236 0.054657
vt 0.816236 0.054657
vt 0.815825 0.050106
vt 0.785103 0.049154
vt 0.830908 0.059697
vt 0.830908 0.066845
vt 0.862589 0.066715
vt 0.862589 0.066715
vt 0.862501 0.060013
vt 0.830908 0.059697
vt 0.816011 0.042943
vt 0.816674 0.038472
vt 0.785084 0.03864
vt 0.785084 0.03864
vt 0.785248 0.042475
vt 0.816011 0.042943
vt 0.816011 0.042943
vt 0.785248 0.042475
vt 0.785103 0.049154
vt 0.785103 0.049154
vt 0.815825 0.050106
vt 0.816011 0.042943
vt 0.853774 0.051032
vt 0.815825 0.050106
vt 0.816236 0.054657
vt 0.816236 0.054657
vt 0.85342 0.056135
vt 0.853774 0.051032
vt 0.793891 0.066841
vt 0.830908 0.066845
vt 0.830908 0.059697
vt 0.830908 0.059697
vt 0.793922 0.059491
vt 0.793891 0.066841
vt 0.853824 0.043895
vt 0.853732 0.038731
vt 0.816674 0.038472
vt 0.816674 0.038472
vt 0.816011 0.042943
vt 0.853824 0.043895
vt 0.853824 0.043895
vt 0.816011 0.042943
vt 0.815825 0.050106
vt 0.815825 0.050106
vt 0.853774 0.051032
vt 0.853824 0.043895
vt 0.779684 0.051443
vt 0.784544 0.05297
vt 0.785103 0.049154
vt 0.785103 0.049154
vt 0.780305 0.048476
vt 0.779684 0.051443
vt 0.862501 0.060013
vt 0.862589 0.066715
vt 0.867467 0.066056
vt 0.867467 0.066056
vt 0.867418 0.060725
vt 0.862501 0.060013
vt 0.785248 0.042475
vt 0.785084 0.03864
vt 0.780118 0.039996
vt 0.780118 0.039996
vt 0.78048 0.042974
vt 0.785248 0.042475
vt 0.780305 0.048476
vt 0.785103 0.049154
vt 0.785248 0.042475
vt 0.785248 0.042475
vt 0.78048 0.042974
vt 0.780305 0.048476
vt 0.780305 0.048476
vt 0.78048 0.042974
vt 0.77749 0.042928
vt 0.77749 0.042928
vt 0.777277 0.048419
vt 0.780305 0.048476
vt 0.85342 0.056135
vt 0.866551 0.057068
vt 0.866684 0.051657
vt 0.866684 0.051657
vt 0.853774 0.051032
vt 0.85342 0.056135
vt 0.793891 0.066841
vt 0.793922 0.059491
vt 0.780936 0.059407
vt 0.780936 0.059407
vt 0.780901 0.066845
vt 0.793891 0.066841
vt 0.853732 0.038731
vt 0.853824 0.043895
vt 0.86692 0.043922
vt 0.86692 0.043922
vt 0.867038 0.038472
vt 0.853732 0.038731
vt 0.853774 0.051032
vt 0.866684 0.051657
vt 0.86692 0.043922
vt 0.86692 0.043922
vt 0.853824 0.043895
vt 0.853774 0.051032
vt 0.785103 0.049154
vt 0.784544 0.05297
vt 0.816236 0.054657
vt 0.816236 0.054657
vt 0.815825 0.050106
vt 0.785103 0.049154
vt 0.862501 0.060013
vt 0.830908 0.059697
vt 0.830908 0.066845
vt 0.830908 0.066845
vt 0.862589 0.066715
vt 0.862501 0.060013
vt 0.816011 0.042943
vt 0.816674 0.038472
vt 0.785084 0.03864
vt 0.785084 0.03864
vt 0.785248 0.042475
vt 0.816011 0.042943
vt 0.816011 0.042943
vt 0.785248 0.042475
vt 0.785103 0.049154
vt 0.785103 0.049154
vt 0.815825 0.050106
vt 0.816011 0.042943
vt 0.853774 0.051032
vt 0.815825 0.050106
vt 0.816236 0.054657
vt 0.816236 0.054657
vt 0.85342 0.056135
vt 0.853774 0.051032
vt 0.793922 0.059491
vt 0.793891 0.066841
vt 0.830908 0.066845
vt 0.830908 0.066845
vt 0.830908 0.059697
vt 0.793922 0.059491
vt 0.853824 0.043895
vt 0.853732 0.038731
vt 0.816674 0.038472
vt 0.816674 0.038472
vt 0.816011 0.042943
vt 0.853824 0.043895
vt 0.853824 0.043895
vt 0.816011 0.042943
vt 0.815825 0.050106
vt 0.815825 0.050106
vt 0.853774 0.051032
vt 0.853824 0.043895
vt 0.779684 0.051443
vt 0.784544 0.05297
vt 0.785103 0.049154
vt 0.785103 0.049154
vt 0.780305 0.048476
vt 0.779684 0.051443
vt 0.862501 0.060013
vt 0.862589 0.066715
vt 0.867467 0.066056
vt 0.867467 0.066056
vt 0.867418 0.060725
vt 0.862501 0.060013
vt 0.785248 0.042475
vt 0.785084 0.03864
vt 0.780118 0.039996
vt 0.780118 0.039996
vt 0.78048 0.042974
vt 0.785248 0.042475
vt 0.780305 0.048476
vt 0.785103 0.049154
vt 0.785248 0.042475
vt 0.785248 0.042475
vt 0.78048 0.042974
vt 0.780305 0.048476
vt 0.467655 0.275159
vt 0.464088 0.260358
vt 0.430979 0.26014
vt 0.430979 0.26014
vt 0.428542 0.276036
vt 0.467655 0.275159
vt 0.430979 0.26014
vt 0.395917 0.246844
vt 0.390011 0.263274
vt 0.390011 0.263274
vt 0.428542 0.276036
vt 0.430979 0.26014
vt 0.525007 0.154653
vt 0.526062 0.19271
vt 0.542157 0.196134
vt 0.542157 0.196134
vt 0.543362 0.154606
vt 0.525007 0.154653
vt 0.526062 0.19271
vt 0.514962 0.224368
vt 0.527892 0.232891
vt 0.527892 0.232891
vt 0.542157 0.196134
vt 0.526062 0.19271
vt 0.514962 0.224368
vt 0.493604 0.247957
vt 0.501778 0.259792
vt 0.501778 0.259792
vt 0.527892 0.232891
vt 0.514962 0.224368
vt 0.501778 0.259792
vt 0.493604 0.247957
vt 0.464088 0.260358
vt 0.464088 0.260358
vt 0.467655 0.275159
vt 0.501778 0.259792
vt 0.006721 0.403513
vt 0.022085 0.412416
vt 0.022224 0.394659
vt 0.006721 0.421318
vt 0.022085 0.412416
vt 0.006721 0.403513
vt 0.022122 0.430173
vt 0.022085 0.412416
vt 0.006721 0.421318
vt 0.037468 0.421287
vt 0.022085 0.412416
vt 0.022122 0.430173
vt 0.03749 0.403582
vt 0.022085 0.412416
vt 0.037468 0.421287
vt 0.022224 0.394659
vt 0.022085 0.412416
vt 0.03749 0.403582
vt 0.464088 0.260358
vt 0.450777 0.188087
vt 0.430979 0.26014
vt 0.430979 0.26014
vt 0.450777 0.188087
vt 0.395917 0.246844
vt 0.525007 0.154653
vt 0.450777 0.188087
vt 0.526062 0.19271
vt 0.526062 0.19271
vt 0.450777 0.188087
vt 0.514962 0.224368
vt 0.514962 0.224368
vt 0.450777 0.188087
vt 0.493604 0.247957
vt 0.493604 0.247957
vt 0.450777 0.188087
vt 0.464088 0.260358
vt 0.467655 0.275159
vt 0.428542 0.276036
vt 0.430979 0.26014
vt 0.430979 0.26014
vt 0.464088 0.260358
vt 0.467655 0.275159
vt 0.390011 0.263274
vt 0.395917 0.246844
vt 0.430979 0.26014
vt 0.430979 0.26014
vt 0.428542 0.276036
vt 0.390011 0.263274
vt 0.542157 0.196134
vt 0.526062 0.19271
vt 0.525007 0.154653
vt 0.525007 0.154653
vt 0.543362 0.154606
vt 0.542157 0.196134
vt 0.527892 0.232891
vt 0.514962 0.224368
vt 0.526062 0.19271
vt 0.526062 0.19271
vt 0.542157 0.196134
vt 0.527892 0.232891
vt 0.501778 0.259792
vt 0.493604 0.247957
vt 0.514962 0.224368
vt 0.514962 0.224368
vt 0.527892 0.232891
vt 0.501778 0.259792
vt 0.501778 0.259792
vt 0.467655 0.275159
vt 0.464088 0.260358
vt 0.464088 0.260358
vt 0.493604 0.247957
vt 0.501778 0.259792
vt 0.006721 0.403513
vt 0.022224 0.394659
vt 0.022085 0.412416
vt 0.006721 0.421318
vt 0.006721 0.403513
vt 0.022085 0.412416
vt 0.022122 0.430173
vt 0.006721 0.421318
vt 0.022085 0.412416
vt 0.037468 0.421287
vt 0.022122 0.430173
vt 0.022085 0.412416
vt 0.03749 0.403582
vt 0.037468 0.421287
vt 0.022085 0.412416
vt 0.022224 0.394659
vt 0.03749 0.403582
vt 0.022085 0.412416
vt 0.464088 0.260358
vt 0.430979 0.26014
vt 0.450777 0.188087
vt 0.430979 0.26014
vt 0.395917 0.246844
vt 0.450777 0.188087
vt 0.525007 0.154653
vt 0.526062 0.19271
vt 0.450777 0.188087
vt 0.526062 0.19271
vt 0.514962 0.224368
vt 0.450777 0.188087
vt 0.514962 0.224368
vt 0.493604 0.247957
vt 0.450777 0.188087
vt 0.493604 0.247957
vt 0.464088 0.260358
vt 0.450777 0.188087
vt 0.467655 0.275159
vt 0.428542 0.276036
vt 0.430979 0.26014
vt 0.430979 0.26014
vt 0.464088 0.260358
vt 0.467655 0.275159
vt 0.390011 0.263274
vt 0.395917 0.246844
vt 0.430979 0.26014
vt 0.430979 0.26014
vt 0.428542 0.276036
vt 0.390011 0.263274
vt 0.542157 0.196134
vt 0.526062 0.19271
vt 0.525007 0.154653
vt 0.525007 0.154653
vt 0.543362 0.154606
vt 0.542157 0.196134
vt 0.527892 0.232891
vt 0.514962 0.224368
vt 0.526062 0.19271
vt 0.526062 0.19271
vt 0.542157 0.196134
vt 0.527892 0.232891
vt 0.501778 0.259792
vt 0.493604 0.247957
vt 0.514962 0.224368
vt 0.514962 0.224368
vt 0.527892 0.232891
vt 0.501778 0.259792
vt 0.501778 0.259792
vt 0.467655 0.275159
vt 0.464088 0.260358
vt 0.464088 0.260358
vt 0.493604 0.247957
vt 0.501778 0.259792
vt 0.006721 0.403513
vt 0.022224 0.394659
vt 0.022085 0.412416
vt 0.006721 0.421318
vt 0.006721 0.403513
vt 0.022085 0.412416
vt 0.022122 0.430173
vt 0.006721 0.421318
vt 0.022085 0.412416
vt 0.037468 0.421287
vt 0.022122 0.430173
vt 0.022085 0.412416
vt 0.03749 0.403582
vt 0.037468 0.421287
vt 0.022085 0.412416
vt 0.022224 0.394659
vt 0.03749 0.403582
vt 0.022085 0.412416
vt 0.464088 0.260358
vt 0.430979 0.26014
vt 0.450777 0.188087
vt 0.430979 0.26014
vt 0.395917 0.246844
vt 0.450777 0.188087
vt 0.525007 0.154653
vt 0.526062 0.19271
vt 0.450777 0.188087
vt 0.526062 0.19271
vt 0.514962 0.224368
vt 0.450777 0.188087
vt 0.514962 0.224368
vt 0.493604 0.247957
vt 0.450777 0.188087
vt 0.493604 0.247957
vt 0.464088 0.260358
vt 0.450777 0.188087
vt 0.571328 0.148885
vt 0.573963 0.145303
vt 0.567333 0.140434
vt 0.567333 0.140434
vt 0.56464 0.142967
vt 0.571328 0.148885
vt 0.561273 0.136511
vt 0.56464 0.142967
vt 0.567333 0.140434
vt 0.567333 0.140434
vt 0.563227 0.135441
vt 0.561273 0.136511
vt 0.563227 0.135441
vt 0.561012 0.132456
vt 0.561273 0.136511
vt 0.567333 0.140434
vt 0.573963 0.145303
vt 0.574428 0.141327
vt 0.574428 0.141327
vt 0.569854 0.137395
vt 0.567333 0.140434
vt 0.563227 0.135441
vt 0.567333 0.140434
vt 0.569854 0.137395
vt 0.569854 0.137395
vt 0.565024 0.133042
vt 0.563227 0.135441
vt 0.565024 0.133042
vt 0.561012 0.132456
vt 0.563227 0.135441
vt 0.691478 0.138123
vt 0.691736 0.133553
vt 0.684986 0.132339
vt 0.684986 0.132339
vt 0.687911 0.138697
vt 0.691478 0.138123
vt 0.691478 0.138123
vt 0.687911 0.138697
vt 0.693204 0.144033
vt 0.693204 0.144033
vt 0.696118 0.142946
vt 0.691478 0.138123
vt 0.693204 0.144033
vt 0.695696 0.146963
vt 0.697129 0.144154
vt 0.687911 0.138697
vt 0.684986 0.132339
vt 0.68073 0.136295
vt 0.68073 0.136295
vt 0.685061 0.140252
vt 0.687911 0.138697
vt 0.687911 0.138697
vt 0.685061 0.140252
vt 0.69169 0.145247
vt 0.69169 0.145247
vt 0.693204 0.144033
vt 0.687911 0.138697
vt 0.69169 0.145247
vt 0.695696 0.146963
vt 0.693204 0.144033
vt 0.685061 0.140252
vt 0.68073 0.136295
vt 0.679433 0.141929
vt 0.679433 0.141929
vt 0.684405 0.143877
vt 0.685061 0.140252
vt 0.685061 0.140252
vt 0.684405 0.143877
vt 0.692062 0.14729
vt 0.692062 0.14729
vt 0.69169 0.145247
vt 0.685061 0.140252
vt 0.692062 0.14729
vt 0.695696 0.146963
vt 0.69169 0.145247
vt 0.678825 0.148114
vt 0.685521 0.148077
vt 0.684405 0.143877
vt 0.684405 0.143877
vt 0.679433 0.141929
vt 0.678825 0.148114
vt 0.685521 0.148077
vt 0.694063 0.149561
vt 0.692062 0.14729
vt 0.692062 0.14729
vt 0.684405 0.143877
vt 0.685521 0.148077
vt 0.694063 0.149561
vt 0.695696 0.146963
vt 0.692062 0.14729
vt 0.685521 0.148077
vt 0.678825 0.148114
vt 0.680146 0.155136
vt 0.680146 0.155136
vt 0.687363 0.152636
vt 0.685521 0.148077
vt 0.694063 0.149561
vt 0.685521 0.148077
vt 0.687363 0.152636
vt 0.687363 0.152636
vt 0.695666 0.152151
vt 0.694063 0.149561
vt 0.697509 0.150577
vt 0.695696 0.146963
vt 0.694063 0.149561
vt 0.561602 0.145457
vt 0.568634 0.152721
vt 0.571328 0.148885
vt 0.571328 0.148885
vt 0.56464 0.142967
vt 0.561602 0.145457
vt 0.558443 0.136897
vt 0.561602 0.145457
vt 0.56464 0.142967
vt 0.56464 0.142967
vt 0.561273 0.136511
vt 0.558443 0.136897
vt 0.561012 0.132456
vt 0.558443 0.136897
vt 0.561273 0.136511
vt 0.617881 0.117892
vt 0.622909 0.117904
vt 0.623369 0.112261
vt 0.623369 0.112261
vt 0.619105 0.112312
vt 0.617881 0.117892
vt 0.6222 0.101434
vt 0.619105 0.112312
vt 0.623369 0.112261
vt 0.623369 0.112261
vt 0.625549 0.101887
vt 0.6222 0.101434
vt 0.624566 0.099232
vt 0.620082 0.096948
vt 0.6222 0.101434
vt 0.660896 0.105056
vt 0.664838 0.106336
vt 0.664202 0.101314
vt 0.664202 0.101314
vt 0.660113 0.100362
vt 0.660896 0.105056
vt 0.660517 0.091577
vt 0.660113 0.100362
vt 0.664202 0.101314
vt 0.664202 0.101314
vt 0.663318 0.092994
vt 0.660517 0.091577
vt 0.663318 0.092994
vt 0.665066 0.08942
vt 0.661002 0.089942
vt 0.664838 0.106336
vt 0.669058 0.106818
vt 0.6678 0.101766
vt 0.6678 0.101766
vt 0.664202 0.101314
vt 0.664838 0.106336
vt 0.663318 0.092994
vt 0.664202 0.101314
vt 0.6678 0.101766
vt 0.6678 0.101766
vt 0.665726 0.093938
vt 0.663318 0.092994
vt 0.665726 0.093938
vt 0.665066 0.08942
vt 0.663318 0.092994
vt 0.673588 0.105742
vt 0.671377 0.101236
vt 0.6678 0.101766
vt 0.6678 0.101766
vt 0.669058 0.106818
vt 0.673588 0.105742
vt 0.6678 0.101766
vt 0.671377 0.101236
vt 0.668284 0.092625
vt 0.668284 0.092625
vt 0.665726 0.093938
vt 0.6678 0.101766
vt 0.668284 0.092625
vt 0.665066 0.08942
vt 0.665726 0.093938
vt 0.677068 0.103028
vt 0.674874 0.098431
vt 0.671377 0.101236
vt 0.671377 0.101236
vt 0.673588 0.105742
vt 0.677068 0.103028
vt 0.671377 0.101236
vt 0.674874 0.098431
vt 0.670552 0.090272
vt 0.670552 0.090272
vt 0.668284 0.092625
vt 0.671377 0.101236
vt 0.6694 0.088912
vt 0.665066 0.08942
vt 0.668284 0.092625
vt 0.610288 0.114594
vt 0.612446 0.10943
vt 0.608547 0.108195
vt 0.608547 0.108195
vt 0.606723 0.11287
vt 0.610288 0.114594
vt 0.608547 0.108195
vt 0.612446 0.10943
vt 0.615637 0.100018
vt 0.615637 0.100018
vt 0.612306 0.099711
vt 0.608547 0.108195
vt 0.615637 0.100018
vt 0.620082 0.096948
vt 0.614748 0.0968
vt 0.614213 0.116438
vt 0.615825 0.111134
vt 0.612446 0.10943
vt 0.612446 0.10943
vt 0.610288 0.114594
vt 0.614213 0.116438
vt 0.612446 0.10943
vt 0.615825 0.111134
vt 0.618831 0.101191
vt 0.618831 0.101191
vt 0.615637 0.100018
vt 0.612446 0.10943
vt 0.618831 0.101191
vt 0.620082 0.096948
vt 0.615637 0.100018
vt 0.614213 0.116438
vt 0.617881 0.117892
vt 0.619105 0.112312
vt 0.619105 0.112312
vt 0.615825 0.111134
vt 0.614213 0.116438
vt 0.615825 0.111134
vt 0.619105 0.112312
vt 0.6222 0.101434
vt 0.6222 0.101434
vt 0.618831 0.101191
vt 0.615825 0.111134
vt 0.620082 0.096948
vt 0.618831 0.101191
vt 0.6222 0.101434
vt 0.678326 0.107032
vt 0.677068 0.103028
vt 0.673588 0.105742
vt 0.673588 0.105742
vt 0.675907 0.109901
vt 0.678326 0.107032
vt 0.675907 0.109901
vt 0.673588 0.105742
vt 0.669058 0.106818
vt 0.669058 0.106818
vt 0.670013 0.110488
vt 0.675907 0.109901
vt 0.66456 0.110042
vt 0.670013 0.110488
vt 0.669058 0.106818
vt 0.669058 0.106818
vt 0.664838 0.106336
vt 0.66456 0.110042
vt 0.661682 0.108706
vt 0.66456 0.110042
vt 0.664838 0.106336
vt 0.664838 0.106336
vt 0.660896 0.105056
vt 0.661682 0.108706
vt 0.618276 0.122396
vt 0.625318 0.12149
vt 0.622909 0.117904
vt 0.622909 0.117904
vt 0.617881 0.117892
vt 0.618276 0.122396
vt 0.61347 0.12109
vt 0.618276 0.122396
vt 0.617881 0.117892
vt 0.617881 0.117892
vt 0.614213 0.116438
vt 0.61347 0.12109
vt 0.61347 0.12109
vt 0.614213 0.116438
vt 0.610288 0.114594
vt 0.610288 0.114594
vt 0.608491 0.119149
vt 0.61347 0.12109
vt 0.608491 0.119149
vt 0.610288 0.114594
vt 0.606723 0.11287
vt 0.606723 0.11287
vt 0.604044 0.116619
vt 0.608491 0.119149
vt 0.637271 0.125757
vt 0.640305 0.12741
vt 0.642349 0.123575
vt 0.642349 0.123575
vt 0.639414 0.122158
vt 0.637271 0.125757
vt 0.64337 0.115353
vt 0.639414 0.122158
vt 0.642349 0.123575
vt 0.642349 0.123575
vt 0.645762 0.116769
vt 0.64337 0.115353
vt 0.645541 0.11437
vt 0.64252 0.111533
vt 0.64337 0.115353
vt 0.651836 0.112705
vt 0.649238 0.110189
vt 0.646675 0.111533
vt 0.646675 0.111533
vt 0.64878 0.114269
vt 0.651836 0.112705
vt 0.643061 0.106246
vt 0.646675 0.111533
vt 0.649238 0.110189
vt 0.649238 0.110189
vt 0.645322 0.105742
vt 0.643061 0.106246
vt 0.645322 0.105742
vt 0.645076 0.102869
vt 0.642761 0.105126
vt 0.655002 0.111205
vt 0.651725 0.108657
vt 0.649238 0.110189
vt 0.649238 0.110189
vt 0.651836 0.112705
vt 0.655002 0.111205
vt 0.645322 0.105742
vt 0.649238 0.110189
vt 0.651725 0.108657
vt 0.651725 0.108657
vt 0.647319 0.104647
vt 0.645322 0.105742
vt 0.647319 0.104647
vt 0.645076 0.102869
vt 0.645322 0.105742
vt 0.657161 0.109548
vt 0.653779 0.10731
vt 0.651725 0.108657
vt 0.651725 0.108657
vt 0.655002 0.111205
vt 0.657161 0.109548
vt 0.651725 0.108657
vt 0.653779 0.10731
vt 0.648063 0.102778
vt 0.648063 0.102778
vt 0.647319 0.104647
vt 0.651725 0.108657
vt 0.648063 0.102778
vt 0.645076 0.102869
vt 0.647319 0.104647
vt 0.658611 0.10719
vt 0.655163 0.104998
vt 0.653779 0.10731
vt 0.653779 0.10731
vt 0.657161 0.109548
vt 0.658611 0.10719
vt 0.653779 0.10731
vt 0.655163 0.104998
vt 0.648386 0.100742
vt 0.648386 0.100742
vt 0.648063 0.102778
vt 0.653779 0.10731
vt 0.646946 0.100595
vt 0.645076 0.102869
vt 0.648063 0.102778
vt 0.632209 0.121088
vt 0.634502 0.118192
vt 0.631684 0.116106
vt 0.631684 0.116106
vt 0.628768 0.119311
vt 0.632209 0.121088
vt 0.631684 0.116106
vt 0.634502 0.118192
vt 0.6394 0.112107
vt 0.6394 0.112107
vt 0.637595 0.110309
vt 0.631684 0.116106
vt 0.6394 0.112107
vt 0.64252 0.111533
vt 0.639781 0.109308
vt 0.632209 0.121088
vt 0.634696 0.123534
vt 0.636911 0.120328
vt 0.636911 0.120328
vt 0.634502 0.118192
vt 0.632209 0.121088
vt 0.634502 0.118192
vt 0.636911 0.120328
vt 0.640811 0.114265
vt 0.640811 0.114265
vt 0.6394 0.112107
vt 0.634502 0.118192
vt 0.640811 0.114265
vt 0.64252 0.111533
vt 0.6394 0.112107
vt 0.634696 0.123534
vt 0.637271 0.125757
vt 0.639414 0.122158
vt 0.639414 0.122158
vt 0.636911 0.120328
vt 0.634696 0.123534
vt 0.636911 0.120328
vt 0.639414 0.122158
vt 0.64337 0.115353
vt 0.64337 0.115353
vt 0.640811 0.114265
vt 0.636911 0.120328
vt 0.64252 0.111533
vt 0.640811 0.114265
vt 0.64337 0.115353
vt 0.661682 0.108706
vt 0.658611 0.10719
vt 0.657161 0.109548
vt 0.657161 0.109548
vt 0.66049 0.111287
vt 0.661682 0.108706
vt 0.66049 0.111287
vt 0.657161 0.109548
vt 0.655002 0.111205
vt 0.655002 0.111205
vt 0.658178 0.113723
vt 0.66049 0.111287
vt 0.654554 0.115401
vt 0.658178 0.113723
vt 0.655002 0.111205
vt 0.655002 0.111205
vt 0.651836 0.112705
vt 0.654554 0.115401
vt 0.650311 0.116585
vt 0.654554 0.115401
vt 0.651836 0.112705
vt 0.651836 0.112705
vt 0.64878 0.114269
vt 0.650311 0.116585
vt 0.635482 0.129546
vt 0.638608 0.131232
vt 0.640305 0.12741
vt 0.640305 0.12741
vt 0.637271 0.125757
vt 0.635482 0.129546
vt 0.632197 0.127076
vt 0.635482 0.129546
vt 0.637271 0.125757
vt 0.637271 0.125757
vt 0.634696 0.123534
vt 0.632197 0.127076
vt 0.632197 0.127076
vt 0.634696 0.123534
vt 0.632209 0.121088
vt 0.632209 0.121088
vt 0.629361 0.124124
vt 0.632197 0.127076
vt 0.629361 0.124124
vt 0.632209 0.121088
vt 0.628768 0.119311
vt 0.628768 0.119311
vt 0.625318 0.12149
vt 0.629361 0.124124
vt 0.598355 0.114757
vt 0.601595 0.113254
vt 0.599866 0.109503
vt 0.599866 0.109503
vt 0.596872 0.111094
vt 0.598355 0.114757
vt 0.594129 0.103547
vt 0.596872 0.111094
vt 0.599866 0.109503
vt 0.599866 0.109503
vt 0.596667 0.102814
vt 0.594129 0.103547
vt 0.595109 0.100876
vt 0.591235 0.101233
vt 0.594129 0.103547
vt 0.68053 0.103186
vt 0.683186 0.106127
vt 0.686145 0.102222
vt 0.686145 0.102222
vt 0.683671 0.100279
vt 0.68053 0.103186
vt 0.688619 0.092184
vt 0.683671 0.100279
vt 0.686145 0.102222
vt 0.686145 0.102222
vt 0.689862 0.094403
vt 0.688619 0.092184
vt 0.689862 0.094403
vt 0.693707 0.092647
vt 0.690071 0.091387
vt 0.683186 0.106127
vt 0.686596 0.107645
vt 0.688566 0.102562
vt 0.688566 0.102562
vt 0.686145 0.102222
vt 0.683186 0.106127
vt 0.689862 0.094403
vt 0.686145 0.102222
vt 0.688566 0.102562
vt 0.688566 0.102562
vt 0.691754 0.096152
vt 0.689862 0.094403
vt 0.691754 0.096152
vt 0.693707 0.092647
vt 0.689862 0.094403
vt 0.690026 0.106514
vt 0.691795 0.102307
vt 0.688566 0.102562
vt 0.688566 0.102562
vt 0.686596 0.107645
vt 0.690026 0.106514
vt 0.688566 0.102562
vt 0.691795 0.102307
vt 0.694622 0.096065
vt 0.694622 0.096065
vt 0.691754 0.096152
vt 0.688566 0.102562
vt 0.694622 0.096065
vt 0.693707 0.092647
vt 0.691754 0.096152
vt 0.694423 0.105898
vt 0.69655 0.102727
vt 0.691795 0.102307
vt 0.691795 0.102307
vt 0.690026 0.106514
vt 0.694423 0.105898
vt 0.691795 0.102307
vt 0.69655 0.102727
vt 0.697509 0.095079
vt 0.697509 0.095079
vt 0.694622 0.096065
vt 0.691795 0.102307
vt 0.69738 0.093667
vt 0.693707 0.092647
vt 0.694622 0.096065
vt 0.591671 0.117314
vt 0.590766 0.113489
vt 0.587624 0.114207
vt 0.587624 0.114207
vt 0.588387 0.118412
vt 0.591671 0.117314
vt 0.587624 0.114207
vt 0.590766 0.113489
vt 0.589242 0.105229
vt 0.589242 0.105229
vt 0.586851 0.106288
vt 0.587624 0.114207
vt 0.589242 0.105229
vt 0.591235 0.101233
vt 0.587492 0.103269
vt 0.594945 0.11611
vt 0.593747 0.11242
vt 0.590766 0.113489
vt 0.590766 0.113489
vt 0.591671 0.117314
vt 0.594945 0.11611
vt 0.589242 0.105229
vt 0.590766 0.113489
vt 0.593747 0.11242
vt 0.593747 0.11242
vt 0.59182 0.104823
vt 0.589242 0.105229
vt 0.59182 0.104823
vt 0.591235 0.101233
vt 0.589242 0.105229
vt 0.594945 0.11611
vt 0.598355 0.114757
vt 0.596872 0.111094
vt 0.596872 0.111094
vt 0.593747 0.11242
vt 0.594945 0.11611
vt 0.59182 0.104823
vt 0.593747 0.11242
vt 0.596872 0.111094
vt 0.596872 0.111094
vt 0.594129 0.103547
vt 0.59182 0.104823
vt 0.594129 0.103547
vt 0.591235 0.101233
vt 0.59182 0.104823
vt 0.693623 0.109481
vt 0.694423 0.105898
vt 0.690026 0.106514
vt 0.690026 0.106514
vt 0.689049 0.111198
vt 0.693623 0.109481
vt 0.689049 0.111198
vt 0.690026 0.106514
vt 0.686596 0.107645
vt 0.686596 0.107645
vt 0.683915 0.111661
vt 0.689049 0.111198
vt 0.679816 0.110221
vt 0.683915 0.111661
vt 0.686596 0.107645
vt 0.686596 0.107645
vt 0.683186 0.106127
vt 0.679816 0.110221
vt 0.678326 0.107032
vt 0.679816 0.110221
vt 0.683186 0.106127
vt 0.683186 0.106127
vt 0.68053 0.103186
vt 0.678326 0.107032
vt 0.60011 0.118579
vt 0.604044 0.116619
vt 0.601595 0.113254
vt 0.601595 0.113254
vt 0.598355 0.114757
vt 0.60011 0.118579
vt 0.596095 0.120058
vt 0.60011 0.118579
vt 0.598355 0.114757
vt 0.598355 0.114757
vt 0.594945 0.11611
vt 0.596095 0.120058
vt 0.596095 0.120058
vt 0.594945 0.11611
vt 0.591671 0.117314
vt 0.591671 0.117314
vt 0.592349 0.121142
vt 0.596095 0.120058
vt 0.592349 0.121142
vt 0.591671 0.117314
vt 0.588387 0.118412
vt 0.588387 0.118412
vt 0.588906 0.122369
vt 0.592349 0.121142
vt 0.6337 0.160835
vt 0.644392 0.163429
vt 0.648363 0.153682
vt 0.648363 0.153682
vt 0.637397 0.148564
vt 0.6337 0.160835
vt 0.649893 0.145855
vt 0.656808 0.147812
vt 0.65939 0.14119
vt 0.65939 0.14119
vt 0.652456 0.135804
vt 0.649893 0.145855
vt 0.656808 0.147812
vt 0.662729 0.151392
vt 0.666364 0.145563
vt 0.666364 0.145563
vt 0.65939 0.14119
vt 0.656808 0.147812
vt 0.678825 0.148114
vt 0.667574 0.154769
vt 0.671866 0.158748
vt 0.671866 0.158748
vt 0.680146 0.155136
vt 0.678825 0.148114
vt 0.568634 0.152721
vt 0.573966 0.162021
vt 0.579289 0.158823
vt 0.579289 0.158823
vt 0.571328 0.148885
vt 0.568634 0.152721
vt 0.585823 0.157799
vt 0.592684 0.157381
vt 0.588136 0.140793
vt 0.588136 0.140793
vt 0.573963 0.145303
vt 0.585823 0.157799
vt 0.599245 0.128544
vt 0.598955 0.157141
vt 0.604125 0.157011
vt 0.604125 0.157011
vt 0.606338 0.1276
vt 0.599245 0.128544
vt 0.618751 0.157863
vt 0.623704 0.158421
vt 0.632537 0.137852
vt 0.632537 0.137852
vt 0.626391 0.134462
vt 0.618751 0.157863
vt 0.660412 0.132957
vt 0.652456 0.135804
vt 0.65939 0.14119
vt 0.65939 0.14119
vt 0.663249 0.136719
vt 0.660412 0.132957
vt 0.66049 0.111287
vt 0.664517 0.117397
vt 0.661682 0.108706
vt 0.583485 0.137571
vt 0.574428 0.141327
vt 0.573963 0.145303
vt 0.573963 0.145303
vt 0.588136 0.140793
vt 0.583485 0.137571
vt 0.632197 0.127076
vt 0.626391 0.134462
vt 0.632537 0.137852
vt 0.632537 0.137852
vt 0.635482 0.129546
vt 0.632197 0.127076
vt 0.685996 0.118761
vt 0.689049 0.111198
vt 0.683915 0.111661
vt 0.683915 0.111661
vt 0.681324 0.118544
vt 0.685996 0.118761
vt 0.654554 0.115401
vt 0.650311 0.116585
vt 0.65348 0.120789
vt 0.65348 0.120789
vt 0.6568 0.119682
vt 0.654554 0.115401
vt 0.691998 0.124341
vt 0.692867 0.116271
vt 0.685996 0.118761
vt 0.685996 0.118761
vt 0.685814 0.125348
vt 0.691998 0.124341
vt 0.666542 0.133322
vt 0.660412 0.132957
vt 0.663249 0.136719
vt 0.663249 0.136719
vt 0.666573 0.138392
vt 0.666542 0.133322
vt 0.65939 0.14119
vt 0.666364 0.145563
vt 0.666573 0.138392
vt 0.666573 0.138392
vt 0.663249 0.136719
vt 0.65939 0.14119
vt 0.658759 0.12768
vt 0.652456 0.135804
vt 0.660412 0.132957
vt 0.670572 0.134374
vt 0.67086 0.128673
vt 0.666781 0.12824
vt 0.666781 0.12824
vt 0.666542 0.133322
vt 0.670572 0.134374
vt 0.684986 0.132339
vt 0.680299 0.130257
vt 0.68073 0.136295
vt 0.579289 0.158823
vt 0.585823 0.157799
vt 0.573963 0.145303
vt 0.573963 0.145303
vt 0.571328 0.148885
vt 0.579289 0.158823
vt 0.62098 0.131659
vt 0.613729 0.157477
vt 0.618751 0.157863
vt 0.618751 0.157863
vt 0.626391 0.134462
vt 0.62098 0.131659
vt 0.629361 0.124124
vt 0.62098 0.131659
vt 0.626391 0.134462
vt 0.626391 0.134462
vt 0.632197 0.127076
vt 0.629361 0.124124
vt 0.66456 0.110042
vt 0.661682 0.108706
vt 0.664517 0.117397
vt 0.588131 0.160479
vt 0.593471 0.160018
vt 0.592684 0.157381
vt 0.592684 0.157381
vt 0.585823 0.157799
vt 0.588131 0.160479
vt 0.598955 0.157141
vt 0.598722 0.159916
vt 0.603874 0.159924
vt 0.603874 0.159924
vt 0.604125 0.157011
vt 0.598955 0.157141
vt 0.613729 0.157477
vt 0.613416 0.160338
vt 0.61818 0.160884
vt 0.61818 0.160884
vt 0.618751 0.157863
vt 0.613729 0.157477
vt 0.618751 0.157863
vt 0.61818 0.160884
vt 0.622565 0.161782
vt 0.622565 0.161782
vt 0.623704 0.158421
vt 0.618751 0.157863
vt 0.64063 0.167353
vt 0.644392 0.163429
vt 0.6337 0.160835
vt 0.6337 0.160835
vt 0.631451 0.164082
vt 0.64063 0.167353
vt 0.649893 0.145855
vt 0.64788 0.1503
vt 0.654256 0.152527
vt 0.654256 0.152527
vt 0.656808 0.147812
vt 0.649893 0.145855
vt 0.662729 0.151392
vt 0.656808 0.147812
vt 0.654256 0.152527
vt 0.654256 0.152527
vt 0.659866 0.15506
vt 0.662729 0.151392
vt 0.667574 0.154769
vt 0.665933 0.159966
vt 0.671866 0.158748
vt 0.573966 0.162021
vt 0.577263 0.167353
vt 0.582553 0.162519
vt 0.582553 0.162519
vt 0.579289 0.158823
vt 0.573966 0.162021
vt 0.585823 0.157799
vt 0.579289 0.158823
vt 0.582553 0.162519
vt 0.582553 0.162519
vt 0.588131 0.160479
vt 0.585823 0.157799
vt 0.60011 0.118579
vt 0.596095 0.120058
vt 0.599245 0.128544
vt 0.599245 0.128544
vt 0.606338 0.1276
vt 0.60011 0.118579
vt 0.670013 0.110488
vt 0.67102 0.116272
vt 0.676396 0.117089
vt 0.676396 0.117089
vt 0.675907 0.109901
vt 0.670013 0.110488
vt 0.593019 0.129136
vt 0.599245 0.128544
vt 0.596095 0.120058
vt 0.596095 0.120058
vt 0.592349 0.121142
vt 0.593019 0.129136
vt 0.592684 0.157381
vt 0.593471 0.160018
vt 0.598722 0.159916
vt 0.598722 0.159916
vt 0.598955 0.157141
vt 0.592684 0.157381
vt 0.623704 0.158421
vt 0.622565 0.161782
vt 0.631451 0.164082
vt 0.631451 0.164082
vt 0.6337 0.160835
vt 0.623704 0.158421
vt 0.637397 0.148564
vt 0.632537 0.137852
vt 0.623704 0.158421
vt 0.623704 0.158421
vt 0.6337 0.160835
vt 0.637397 0.148564
vt 0.604125 0.157011
vt 0.603874 0.159924
vt 0.609118 0.160003
vt 0.609118 0.160003
vt 0.609399 0.157172
vt 0.604125 0.157011
vt 0.606338 0.1276
vt 0.604125 0.157011
vt 0.609399 0.157172
vt 0.609399 0.157172
vt 0.613263 0.129694
vt 0.606338 0.1276
vt 0.692867 0.116271
vt 0.693623 0.109481
vt 0.689049 0.111198
vt 0.689049 0.111198
vt 0.685996 0.118761
vt 0.692867 0.116271
vt 0.608491 0.119149
vt 0.606338 0.1276
vt 0.613263 0.129694
vt 0.613263 0.129694
vt 0.61347 0.12109
vt 0.608491 0.119149
vt 0.618276 0.122396
vt 0.62098 0.131659
vt 0.625318 0.12149
vt 0.613729 0.157477
vt 0.62098 0.131659
vt 0.613263 0.129694
vt 0.613263 0.129694
vt 0.609399 0.157172
vt 0.613729 0.157477
vt 0.613416 0.160338
vt 0.613729 0.157477
vt 0.609399 0.157172
vt 0.609399 0.157172
vt 0.609118 0.160003
vt 0.613416 0.160338
vt 0.659866 0.15506
vt 0.665933 0.159966
vt 0.667574 0.154769
vt 0.667574 0.154769
vt 0.662729 0.151392
vt 0.659866 0.15506
vt 0.666364 0.145563
vt 0.662729 0.151392
vt 0.667574 0.154769
vt 0.667574 0.154769
vt 0.678825 0.148114
vt 0.666364 0.145563
vt 0.678825 0.148114
vt 0.679433 0.141929
vt 0.671695 0.139924
vt 0.671695 0.139924
vt 0.666364 0.145563
vt 0.678825 0.148114
vt 0.67392 0.134861
vt 0.671695 0.139924
vt 0.679433 0.141929
vt 0.679433 0.141929
vt 0.68073 0.136295
vt 0.67392 0.134861
vt 0.675027 0.129199
vt 0.67392 0.134861
vt 0.68073 0.136295
vt 0.68073 0.136295
vt 0.680299 0.130257
vt 0.675027 0.129199
vt 0.683915 0.111661
vt 0.679816 0.110221
vt 0.676396 0.117089
vt 0.676396 0.117089
vt 0.681324 0.118544
vt 0.683915 0.111661
vt 0.685996 0.118761
vt 0.681324 0.118544
vt 0.680886 0.123464
vt 0.680886 0.123464
vt 0.685814 0.125348
vt 0.685996 0.118761
vt 0.676132 0.122128
vt 0.680886 0.123464
vt 0.681324 0.118544
vt 0.681324 0.118544
vt 0.676396 0.117089
vt 0.676132 0.122128
vt 0.67102 0.116272
vt 0.671259 0.121687
vt 0.676132 0.122128
vt 0.676132 0.122128
vt 0.676396 0.117089
vt 0.67102 0.116272
vt 0.665887 0.121805
vt 0.664517 0.117397
vt 0.6568 0.119682
vt 0.6568 0.119682
vt 0.657933 0.1231
vt 0.665887 0.121805
vt 0.65348 0.120789
vt 0.652648 0.127143
vt 0.657933 0.1231
vt 0.657933 0.1231
vt 0.6568 0.119682
vt 0.65348 0.120789
vt 0.637397 0.148564
vt 0.643941 0.144639
vt 0.640951 0.138021
vt 0.640951 0.138021
vt 0.632537 0.137852
vt 0.637397 0.148564
vt 0.670572 0.134374
vt 0.666542 0.133322
vt 0.666573 0.138392
vt 0.666573 0.138392
vt 0.669194 0.139949
vt 0.670572 0.134374
vt 0.666781 0.12824
vt 0.658759 0.12768
vt 0.660412 0.132957
vt 0.660412 0.132957
vt 0.666542 0.133322
vt 0.666781 0.12824
vt 0.67392 0.134861
vt 0.675027 0.129199
vt 0.67086 0.128673
vt 0.67086 0.128673
vt 0.670572 0.134374
vt 0.67392 0.134861
vt 0.671695 0.139924
vt 0.67392 0.134861
vt 0.670572 0.134374
vt 0.670572 0.134374
vt 0.669194 0.139949
vt 0.671695 0.139924
vt 0.664517 0.117397
vt 0.665887 0.121805
vt 0.671259 0.121687
vt 0.671259 0.121687
vt 0.67102 0.116272
vt 0.664517 0.117397
vt 0.606338 0.1276
vt 0.604044 0.116619
vt 0.60011 0.118579
vt 0.604044 0.116619
vt 0.606338 0.1276
vt 0.608491 0.119149
vt 0.618276 0.122396
vt 0.61347 0.12109
vt 0.613263 0.129694
vt 0.613263 0.129694
vt 0.62098 0.131659
vt 0.618276 0.122396
vt 0.625318 0.12149
vt 0.62098 0.131659
vt 0.629361 0.124124
vt 0.691736 0.133553
vt 0.691998 0.124341
vt 0.685814 0.125348
vt 0.685814 0.125348
vt 0.684986 0.132339
vt 0.691736 0.133553
vt 0.685814 0.125348
vt 0.680886 0.123464
vt 0.680299 0.130257
vt 0.680299 0.130257
vt 0.684986 0.132339
vt 0.685814 0.125348
vt 0.676132 0.122128
vt 0.675027 0.129199
vt 0.680299 0.130257
vt 0.680299 0.130257
vt 0.680886 0.123464
vt 0.676132 0.122128
vt 0.671259 0.121687
vt 0.67086 0.128673
vt 0.675027 0.129199
vt 0.675027 0.129199
vt 0.676132 0.122128
vt 0.671259 0.121687
vt 0.665887 0.121805
vt 0.666781 0.12824
vt 0.67086 0.128673
vt 0.67086 0.128673
vt 0.671259 0.121687
vt 0.665887 0.121805
vt 0.666781 0.12824
vt 0.665887 0.121805
vt 0.657933 0.1231
vt 0.657933 0.1231
vt 0.658759 0.12768
vt 0.666781 0.12824
vt 0.652648 0.127143
vt 0.652456 0.135804
vt 0.658759 0.12768
vt 0.658759 0.12768
vt 0.657933 0.1231
vt 0.652648 0.127143
vt 0.599245 0.128544
vt 0.593019 0.129136
vt 0.598955 0.157141
vt 0.598955 0.157141
vt 0.593019 0.129136
vt 0.592684 0.157381
vt 0.588136 0.140793
vt 0.592684 0.157381
vt 0.593019 0.129136
vt 0.637397 0.148564
vt 0.648363 0.153682
vt 0.643941 0.144639
vt 0.679816 0.110221
vt 0.678326 0.107032
vt 0.676396 0.117089
vt 0.675907 0.109901
vt 0.676396 0.117089
vt 0.678326 0.107032
vt 0.664517 0.117397
vt 0.67102 0.116272
vt 0.670013 0.110488
vt 0.670013 0.110488
vt 0.66456 0.110042
vt 0.664517 0.117397
vt 0.658178 0.113723
vt 0.654554 0.115401
vt 0.6568 0.119682
vt 0.6568 0.119682
vt 0.664517 0.117397
vt 0.658178 0.113723
vt 0.658178 0.113723
vt 0.664517 0.117397
vt 0.66049 0.111287
vt 0.632537 0.137852
vt 0.640951 0.138021
vt 0.638608 0.131232
vt 0.638608 0.131232
vt 0.635482 0.129546
vt 0.632537 0.137852
vt 0.588136 0.140793
vt 0.593019 0.129136
vt 0.588216 0.129927
vt 0.588216 0.129927
vt 0.583485 0.137571
vt 0.588136 0.140793
vt 0.588906 0.122369
vt 0.588216 0.129927
vt 0.593019 0.129136
vt 0.593019 0.129136
vt 0.592349 0.121142
vt 0.588906 0.122369
vt 0.666364 0.145563
vt 0.671695 0.139924
vt 0.669194 0.139949
vt 0.666364 0.145563
vt 0.669194 0.139949
vt 0.666573 0.138392
vt 0.656397 0.049691
vt 0.633012 0.058368
vt 0.658155 0.059827
vt 0.644585 0.041582
vt 0.633012 0.058368
vt 0.656397 0.049691
vt 0.62345 0.041582
vt 0.633012 0.058368
vt 0.644585 0.041582
vt 0.621438 0.044187
vt 0.633012 0.058368
vt 0.62345 0.041582
vt 0.616818 0.058508
vt 0.616744 0.067688
vt 0.633012 0.058368
vt 0.633012 0.058368
vt 0.616869 0.051464
vt 0.616818 0.058508
vt 0.637169 0.080656
vt 0.633012 0.058368
vt 0.622118 0.075152
vt 0.622118 0.075152
vt 0.628415 0.079497
vt 0.637169 0.080656
vt 0.64495 0.079723
vt 0.633012 0.058368
vt 0.637169 0.080656
vt 0.656645 0.068405
vt 0.633012 0.058368
vt 0.64495 0.079723
vt 0.64495 0.079723
vt 0.652728 0.073911
vt 0.656645 0.068405
vt 0.616869 0.051464
vt 0.633012 0.058368
vt 0.621438 0.044187
vt 0.658155 0.059827
vt 0.633012 0.058368
vt 0.656645 0.068405
vt 0.622118 0.075152
vt 0.633012 0.058368
vt 0.616744 0.067688
vt 0.067898 0.432192
vt 0.080245 0.445203
vt 0.092083 0.415334
vt 0.092083 0.415334
vt 0.07861 0.407175
vt 0.067898 0.432192
vt 0.05544 0.413937
vt 0.067898 0.432192
vt 0.07861 0.407175
vt 0.07861 0.407175
vt 0.064255 0.395027
vt 0.05544 0.413937
vt 0.043657 0.39224
vt 0.05544 0.413937
vt 0.064255 0.395027
vt 0.064255 0.395027
vt 0.044149 0.384374
vt 0.043657 0.39224
vt 0.017512 0.368976
vt 0.043657 0.39224
vt 0.044149 0.384374
vt 0.044149 0.384374
vt 0.005949 0.356349
vt 0.017512 0.368976
vt 0.241409 0.401016
vt 0.286911 0.389471
vt 0.27306 0.38525
vt 0.27306 0.38525
vt 0.2455 0.387237
vt 0.241409 0.401016
vt 0.241409 0.401016
vt 0.2455 0.387237
vt 0.228697 0.395816
vt 0.228697 0.395816
vt 0.236458 0.407985
vt 0.241409 0.401016
vt 0.221438 0.424871
vt 0.236458 0.407985
vt 0.228697 0.395816
vt 0.228697 0.395816
vt 0.211142 0.400332
vt 0.221438 0.424871
vt 0.221438 0.424871
vt 0.211142 0.400332
vt 0.196765 0.408523
vt 0.196765 0.408523
vt 0.20877 0.437814
vt 0.221438 0.424871
vt 0.18787 0.452962
vt 0.182555 0.416071
vt 0.164018 0.420161
vt 0.164018 0.420161
vt 0.165816 0.463287
vt 0.18787 0.452962
vt 0.165816 0.463287
vt 0.164018 0.420161
vt 0.14554 0.421717
vt 0.14554 0.421717
vt 0.145319 0.466847
vt 0.165816 0.463287
vt 0.122445 0.465078
vt 0.128559 0.422761
vt 0.109289 0.421501
vt 0.109289 0.421501
vt 0.101596 0.459387
vt 0.122445 0.465078
vt 0.101596 0.459387
vt 0.109289 0.421501
vt 0.092083 0.415334
vt 0.092083 0.415334
vt 0.080245 0.445203
vt 0.101596 0.459387
vt 0.080308 0.303011
vt 0.064992 0.302929
vt 0.060937 0.346442
vt 0.060937 0.346442
vt 0.075032 0.348491
vt 0.080308 0.303011
vt 0.064992 0.302929
vt 0.045061 0.306134
vt 0.044666 0.344622
vt 0.044666 0.344622
vt 0.060937 0.346442
vt 0.064992 0.302929
vt 0.045061 0.306134
vt 0.010881 0.289839
vt 0.009263 0.323252
vt 0.009263 0.323252
vt 0.044666 0.344622
vt 0.045061 0.306134
vt 0.279452 0.349175
vt 0.282522 0.310687
vt 0.258007 0.30992
vt 0.258007 0.30992
vt 0.252894 0.348717
vt 0.279452 0.349175
vt 0.252894 0.348717
vt 0.258007 0.30992
vt 0.240654 0.309229
vt 0.240654 0.309229
vt 0.235967 0.350168
vt 0.252894 0.348717
vt 0.240654 0.309229
vt 0.217685 0.303442
vt 0.215855 0.346502
vt 0.215855 0.346502
vt 0.235967 0.350168
vt 0.240654 0.309229
vt 0.215855 0.346502
vt 0.217685 0.303442
vt 0.203641 0.303759
vt 0.203641 0.303759
vt 0.20083 0.347762
vt 0.215855 0.346502
vt 0.184852 0.348737
vt 0.188547 0.304269
vt 0.168866 0.302369
vt 0.168866 0.302369
vt 0.163553 0.349556
vt 0.184852 0.348737
vt 0.163553 0.349556
vt 0.168866 0.302369
vt 0.15091 0.302026
vt 0.15091 0.302026
vt 0.144944 0.34919
vt 0.163553 0.349556
vt 0.127614 0.349621
vt 0.134557 0.301825
vt 0.111781 0.302266
vt 0.111781 0.302266
vt 0.106352 0.35035
vt 0.127614 0.349621
vt 0.106352 0.35035
vt 0.111781 0.302266
vt 0.09544 0.302959
vt 0.09544 0.302959
vt 0.08876 0.349842
vt 0.106352 0.35035
vt 0.09544 0.302959
vt 0.080308 0.303011
vt 0.075032 0.348491
vt 0.075032 0.348491
vt 0.08876 0.349842
vt 0.09544 0.302959
vt 0.064255 0.395027
vt 0.07861 0.407175
vt 0.076338 0.380908
vt 0.076338 0.380908
vt 0.061991 0.375673
vt 0.064255 0.395027
vt 0.044149 0.384374
vt 0.064255 0.395027
vt 0.061991 0.375673
vt 0.061991 0.375673
vt 0.043365 0.371101
vt 0.044149 0.384374
vt 0.005949 0.356349
vt 0.044149 0.384374
vt 0.043365 0.371101
vt 0.043365 0.371101
vt 0.005828 0.346931
vt 0.005949 0.356349
vt 0.27306 0.38525
vt 0.272735 0.375585
vt 0.247628 0.375493
vt 0.247628 0.375493
vt 0.2455 0.387237
vt 0.27306 0.38525
vt 0.2455 0.387237
vt 0.247628 0.375493
vt 0.229121 0.378195
vt 0.229121 0.378195
vt 0.228697 0.395816
vt 0.2455 0.387237
vt 0.228697 0.395816
vt 0.229121 0.378195
vt 0.212005 0.376826
vt 0.212005 0.376826
vt 0.211142 0.400332
vt 0.228697 0.395816
vt 0.211142 0.400332
vt 0.212005 0.376826
vt 0.194806 0.379681
vt 0.194806 0.379681
vt 0.196765 0.408523
vt 0.211142 0.400332
vt 0.182555 0.416071
vt 0.178019 0.382352
vt 0.160745 0.384324
vt 0.160745 0.384324
vt 0.164018 0.420161
vt 0.182555 0.416071
vt 0.164018 0.420161
vt 0.160745 0.384324
vt 0.142829 0.384828
vt 0.142829 0.384828
vt 0.14554 0.421717
vt 0.164018 0.420161
vt 0.128559 0.422761
vt 0.126842 0.385956
vt 0.107878 0.38632
vt 0.107878 0.38632
vt 0.109289 0.421501
vt 0.128559 0.422761
vt 0.107878 0.38632
vt 0.091046 0.383558
vt 0.092083 0.415334
vt 0.092083 0.415334
vt 0.109289 0.421501
vt 0.107878 0.38632
vt 0.07861 0.407175
vt 0.092083 0.415334
vt 0.091046 0.383558
vt 0.091046 0.383558
vt 0.076338 0.380908
vt 0.07861 0.407175
vt 0.061991 0.375673
vt 0.076338 0.380908
vt 0.075032 0.348491
vt 0.075032 0.348491
vt 0.060937 0.346442
vt 0.061991 0.375673
vt 0.043365 0.371101
vt 0.061991 0.375673
vt 0.060937 0.346442
vt 0.060937 0.346442
vt 0.044666 0.344622
vt 0.043365 0.371101
vt 0.005828 0.346931
vt 0.043365 0.371101
vt 0.044666 0.344622
vt 0.044666 0.344622
vt 0.009263 0.323252
vt 0.005828 0.346931
vt 0.252894 0.348717
vt 0.247628 0.375493
vt 0.272735 0.375585
vt 0.272735 0.375585
vt 0.279452 0.349175
vt 0.252894 0.348717
vt 0.235967 0.350168
vt 0.229121 0.378195
vt 0.247628 0.375493
vt 0.247628 0.375493
vt 0.252894 0.348717
vt 0.235967 0.350168
vt 0.215855 0.346502
vt 0.212005 0.376826
vt 0.229121 0.378195
vt 0.229121 0.378195
vt 0.235967 0.350168
vt 0.215855 0.346502
vt 0.20083 0.347762
vt 0.194806 0.379681
vt 0.212005 0.376826
vt 0.212005 0.376826
vt 0.215855 0.346502
vt 0.20083 0.347762
vt 0.163553 0.349556
vt 0.160745 0.384324
vt 0.178019 0.382352
vt 0.178019 0.382352
vt 0.184852 0.348737
vt 0.163553 0.349556
vt 0.144944 0.34919
vt 0.142829 0.384828
vt 0.160745 0.384324
vt 0.160745 0.384324
vt 0.163553 0.349556
vt 0.144944 0.34919
vt 0.107878 0.38632
vt 0.126842 0.385956
vt 0.127614 0.349621
vt 0.127614 0.349621
vt 0.106352 0.35035
vt 0.107878 0.38632
vt 0.091046 0.383558
vt 0.107878 0.38632
vt 0.106352 0.35035
vt 0.106352 0.35035
vt 0.08876 0.349842
vt 0.091046 0.383558
vt 0.076338 0.380908
vt 0.091046 0.383558
vt 0.08876 0.349842
vt 0.08876 0.349842
vt 0.075032 0.348491
vt 0.076338 0.380908
vt 0.145319 0.466847
vt 0.14554 0.421717
vt 0.128559 0.422761
vt 0.128559 0.422761
vt 0.122445 0.465078
vt 0.145319 0.466847
vt 0.14554 0.421717
vt 0.142829 0.384828
vt 0.126842 0.385956
vt 0.126842 0.385956
vt 0.128559 0.422761
vt 0.14554 0.421717
vt 0.127614 0.349621
vt 0.126842 0.385956
vt 0.142829 0.384828
vt 0.142829 0.384828
vt 0.144944 0.34919
vt 0.127614 0.349621
vt 0.144944 0.34919
vt 0.15091 0.302026
vt 0.134557 0.301825
vt 0.134557 0.301825
vt 0.127614 0.349621
vt 0.144944 0.34919
vt 0.20877 0.437814
vt 0.196765 0.408523
vt 0.182555 0.416071
vt 0.182555 0.416071
vt 0.18787 0.452962
vt 0.20877 0.437814
vt 0.196765 0.408523
vt 0.194806 0.379681
vt 0.178019 0.382352
vt 0.178019 0.382352
vt 0.182555 0.416071
vt 0.196765 0.408523
vt 0.184852 0.348737
vt 0.178019 0.382352
vt 0.194806 0.379681
vt 0.194806 0.379681
vt 0.20083 0.347762
vt 0.184852 0.348737
vt 0.20083 0.347762
vt 0.203641 0.303759
vt 0.188547 0.304269
vt 0.188547 0.304269
vt 0.184852 0.348737
vt 0.20083 0.347762
vt 0.150421 0.261766
vt 0.134652 0.261911
vt 0.134557 0.301825
vt 0.134557 0.301825
vt 0.15091 0.302026
vt 0.150421 0.261766
vt 0.164937 0.262217
vt 0.150421 0.261766
vt 0.15091 0.302026
vt 0.15091 0.302026
vt 0.168866 0.302369
vt 0.164937 0.262217
vt 0.182101 0.263009
vt 0.164937 0.262217
vt 0.168866 0.302369
vt 0.168866 0.302369
vt 0.188547 0.304269
vt 0.182101 0.263009
vt 0.195501 0.264146
vt 0.182101 0.263009
vt 0.188547 0.304269
vt 0.188547 0.304269
vt 0.203641 0.303759
vt 0.195501 0.264146
vt 0.216649 0.265842
vt 0.195501 0.264146
vt 0.203641 0.303759
vt 0.203641 0.303759
vt 0.217685 0.303442
vt 0.216649 0.265842
vt 0.245421 0.268884
vt 0.216649 0.265842
vt 0.217685 0.303442
vt 0.217685 0.303442
vt 0.240654 0.309229
vt 0.245421 0.268884
vt 0.258007 0.30992
vt 0.263999 0.270731
vt 0.245421 0.268884
vt 0.245421 0.268884
vt 0.240654 0.309229
vt 0.258007 0.30992
vt 0.282522 0.310687
vt 0.284611 0.272878
vt 0.263999 0.270731
vt 0.263999 0.270731
vt 0.258007 0.30992
vt 0.282522 0.310687
vt 0.049119 0.261712
vt 0.01928 0.255585
vt 0.010881 0.289839
vt 0.010881 0.289839
vt 0.045061 0.306134
vt 0.049119 0.261712
vt 0.064992 0.302929
vt 0.069671 0.264074
vt 0.049119 0.261712
vt 0.049119 0.261712
vt 0.045061 0.306134
vt 0.064992 0.302929
vt 0.080308 0.303011
vt 0.085901 0.263854
vt 0.069671 0.264074
vt 0.069671 0.264074
vt 0.064992 0.302929
vt 0.080308 0.303011
vt 0.09544 0.302959
vt 0.101319 0.263072
vt 0.085901 0.263854
vt 0.085901 0.263854
vt 0.080308 0.303011
vt 0.09544 0.302959
vt 0.111781 0.302266
vt 0.116702 0.262576
vt 0.101319 0.263072
vt 0.101319 0.263072
vt 0.09544 0.302959
vt 0.111781 0.302266
vt 0.134652 0.261911
vt 0.116702 0.262576
vt 0.111781 0.302266
vt 0.111781 0.302266
vt 0.134557 0.301825
vt 0.134652 0.261911
vt 0.195652 0.260896
vt 0.216774 0.262426
vt 0.218555 0.232814
vt 0.218555 0.232814
vt 0.193111 0.229302
vt 0.195652 0.260896
vt 0.165458 0.259136
vt 0.182609 0.25964
vt 0.179863 0.226707
vt 0.179863 0.226707
vt 0.16471 0.224722
vt 0.165458 0.259136
vt 0.150629 0.258401
vt 0.165458 0.259136
vt 0.16471 0.224722
vt 0.16471 0.224722
vt 0.1512 0.224843
vt 0.150629 0.258401
vt 0.11646 0.25888
vt 0.134601 0.2584
vt 0.135289 0.224748
vt 0.135289 0.224748
vt 0.12024 0.225176
vt 0.11646 0.25888
vt 0.090881 0.228224
vt 0.086299 0.25949
vt 0.10113 0.259099
vt 0.10113 0.259099
vt 0.105546 0.226584
vt 0.090881 0.228224
vt 0.073625 0.229133
vt 0.069829 0.259952
vt 0.086299 0.25949
vt 0.086299 0.25949
vt 0.090881 0.228224
vt 0.073625 0.229133
vt 0.051493 0.229207
vt 0.049699 0.257936
vt 0.069829 0.259952
vt 0.069829 0.259952
vt 0.073625 0.229133
vt 0.051493 0.229207
vt 0.025089 0.223944
vt 0.018757 0.252389
vt 0.049699 0.257936
vt 0.049699 0.257936
vt 0.051493 0.229207
vt 0.025089 0.223944
vt 0.261543 0.23912
vt 0.263682 0.266787
vt 0.285374 0.269162
vt 0.285374 0.269162
vt 0.281941 0.236671
vt 0.261543 0.23912
vt 0.246056 0.238691
vt 0.245495 0.264763
vt 0.263682 0.266787
vt 0.263682 0.266787
vt 0.261543 0.23912
vt 0.246056 0.238691
vt 0.216774 0.262426
vt 0.245495 0.264763
vt 0.246056 0.238691
vt 0.246056 0.238691
vt 0.218555 0.232814
vt 0.216774 0.262426
vt 0.105546 0.226584
vt 0.10113 0.259099
vt 0.11646 0.25888
vt 0.11646 0.25888
vt 0.12024 0.225176
vt 0.105546 0.226584
vt 0.134601 0.2584
vt 0.150629 0.258401
vt 0.1512 0.224843
vt 0.1512 0.224843
vt 0.135289 0.224748
vt 0.134601 0.2584
vt 0.182609 0.25964
vt 0.195652 0.260896
vt 0.193111 0.229302
vt 0.193111 0.229302
vt 0.179863 0.226707
vt 0.182609 0.25964
vt 0.073456 0.222189
vt 0.052819 0.222703
vt 0.051493 0.229207
vt 0.051493 0.229207
vt 0.073625 0.229133
vt 0.073456 0.222189
vt 0.025089 0.223944
vt 0.051493 0.229207
vt 0.052819 0.222703
vt 0.052819 0.222703
vt 0.029134 0.218247
vt 0.025089 0.223944
vt 0.281941 0.236671
vt 0.280495 0.229408
vt 0.262735 0.231354
vt 0.262735 0.231354
vt 0.261543 0.23912
vt 0.281941 0.236671
vt 0.261543 0.23912
vt 0.262735 0.231354
vt 0.247095 0.230216
vt 0.247095 0.230216
vt 0.246056 0.238691
vt 0.261543 0.23912
vt 0.218555 0.232814
vt 0.246056 0.238691
vt 0.247095 0.230216
vt 0.247095 0.230216
vt 0.218394 0.225813
vt 0.218555 0.232814
vt 0.193111 0.229302
vt 0.218555 0.232814
vt 0.218394 0.225813
vt 0.218394 0.225813
vt 0.192113 0.222471
vt 0.193111 0.229302
vt 0.179863 0.226707
vt 0.193111 0.229302
vt 0.192113 0.222471
vt 0.192113 0.222471
vt 0.178924 0.219878
vt 0.179863 0.226707
vt 0.16471 0.224722
vt 0.179863 0.226707
vt 0.178924 0.219878
vt 0.178924 0.219878
vt 0.164118 0.218247
vt 0.16471 0.224722
vt 0.1512 0.224843
vt 0.16471 0.224722
vt 0.164118 0.218247
vt 0.164118 0.218247
vt 0.151124 0.218533
vt 0.1512 0.224843
vt 0.135289 0.224748
vt 0.1512 0.224843
vt 0.151124 0.218533
vt 0.151124 0.218533
vt 0.135499 0.218798
vt 0.135289 0.224748
vt 0.135289 0.224748
vt 0.135499 0.218798
vt 0.121303 0.218535
vt 0.121303 0.218535
vt 0.12024 0.225176
vt 0.135289 0.224748
vt 0.12024 0.225176
vt 0.121303 0.218535
vt 0.106424 0.219574
vt 0.106424 0.219574
vt 0.105546 0.226584
vt 0.12024 0.225176
vt 0.105546 0.226584
vt 0.106424 0.219574
vt 0.091151 0.220677
vt 0.091151 0.220677
vt 0.090881 0.228224
vt 0.105546 0.226584
vt 0.073625 0.229133
vt 0.090881 0.228224
vt 0.091151 0.220677
vt 0.091151 0.220677
vt 0.073456 0.222189
vt 0.073625 0.229133
vt 0.085901 0.263854
vt 0.086299 0.25949
vt 0.069829 0.259952
vt 0.069829 0.259952
vt 0.069671 0.264074
vt 0.085901 0.263854
vt 0.10113 0.259099
vt 0.086299 0.25949
vt 0.085901 0.263854
vt 0.085901 0.263854
vt 0.101319 0.263072
vt 0.10113 0.259099
vt 0.11646 0.25888
vt 0.10113 0.259099
vt 0.101319 0.263072
vt 0.101319 0.263072
vt 0.116702 0.262576
vt 0.11646 0.25888
vt 0.134601 0.2584
vt 0.11646 0.25888
vt 0.116702 0.262576
vt 0.116702 0.262576
vt 0.134652 0.261911
vt 0.134601 0.2584
vt 0.150629 0.258401
vt 0.134601 0.2584
vt 0.134652 0.261911
vt 0.134652 0.261911
vt 0.150421 0.261766
vt 0.150629 0.258401
vt 0.165458 0.259136
vt 0.150629 0.258401
vt 0.150421 0.261766
vt 0.150421 0.261766
vt 0.164937 0.262217
vt 0.165458 0.259136
vt 0.182101 0.263009
vt 0.182609 0.25964
vt 0.165458 0.259136
vt 0.165458 0.259136
vt 0.164937 0.262217
vt 0.182101 0.263009
vt 0.195652 0.260896
vt 0.182609 0.25964
vt 0.182101 0.263009
vt 0.182101 0.263009
vt 0.195501 0.264146
vt 0.195652 0.260896
vt 0.216649 0.265842
vt 0.216774 0.262426
vt 0.195652 0.260896
vt 0.195652 0.260896
vt 0.195501 0.264146
vt 0.216649 0.265842
vt 0.245421 0.268884
vt 0.245495 0.264763
vt 0.216774 0.262426
vt 0.216774 0.262426
vt 0.216649 0.265842
vt 0.245421 0.268884
vt 0.263682 0.266787
vt 0.245495 0.264763
vt 0.245421 0.268884
vt 0.245421 0.268884
vt 0.263999 0.270731
vt 0.263682 0.266787
vt 0.285374 0.269162
vt 0.263682 0.266787
vt 0.263999 0.270731
vt 0.263999 0.270731
vt 0.284611 0.272878
vt 0.285374 0.269162
vt 0.049119 0.261712
vt 0.049699 0.257936
vt 0.018757 0.252389
vt 0.018757 0.252389
vt 0.01928 0.255585
vt 0.049119 0.261712
vt 0.069671 0.264074
vt 0.069829 0.259952
vt 0.049699 0.257936
vt 0.049699 0.257936
vt 0.049119 0.261712
vt 0.069671 0.264074

usemtl Material

f 1/1/1 2/2/2 3/3/3
f 4/4/4 5/5/5 6/6/6
f 7/7/7 8/8/8 9/9/9
f 10/10/10 11/11/11 12/12/12
f 13/13/13 14/14/14 15/15/15
f 16/16/16 17/17/17 18/18/18
f 19/19/19 20/20/20 21/21/21
f 22/22/22 23/23/23 24/24/24
f 25/25/25 26/26/26 27/27/27
f 28/28/28 29/29/29 30/30/30
f 31/31/31 32/32/32 33/33/33
f 34/34/34 35/35/35 36/36/36
f 37/37/37 38/38/38 39/39/39
f 40/40/40 41/41/41 42/42/42
f 43/43/43 44/44/44 45/45/45
f 46/46/46 47/47/47 48/48/48
f 49/49/49 50/50/50 51/51/51
f 52/52/52 53/53/53 54/54/54
f 55/55/55 56/56/56 57/57/57
f 58/58/58 59/59/59 60/60/60
f 61/61/61 62/62/62 63/63/63
f 64/64/64 65/65/65 66/66/66
f 67/67/67 68/68/68 69/69/69
f 70/70/70 71/71/71 72/72/72
f 73/73/73 74/74/74 75/75/75
f 76/76/76 77/77/77 78/78/78
f 79/79/79 80/80/80 81/81/81
f 82/82/82 83/83/83 84/84/84
f 85/85/85 86/86/86 87/87/87
f 88/88/88 89/89/89 90/90/90
f 91/91/91 92/92/92 93/93/93
f 94/94/94 95/95/95 96/96/96
f 97/97/97 98/98/98 99/99/99
f 100/100/100 101/101/101 102/102/102
f 103/103/103 104/104/104 105/105/105
f 106/106/106 107/107/107 108/108/108
f 109/109/109 110/110/110 111/111/111
f 112/112/112 113/113/113 114/114/114
f 115/115/115 116/116/116 117/117/117
f 118/118/118 119/119/119 120/120/120
f 121/121/121 122/122/122 123/123/123
f 124/124/124 125/125/125 126/126/126
f 127/127/127 128/128/128 129/129/129
f 130/130/130 131/131/131 132/132/132
f 133/133/133 134/134/134 135/135/135
f 136/136/136 137/137/137 138/138/138
f 139/139/139 140/140/140 141/141/141
f 142/142/142 143/143/143 144/144/144
f 145/145/145 146/146/146 147/147/147
f 148/148/148 149/149/149 150/150/150
f 151/151/151 152/152/152 153/153/153
f 154/154/154 155/155/155 156/156/156
f 157/157/157 158/158/158 159/159/159
f 160/160/160 161/161/161 162/162/162
f 163/163/163 164/164/164 165/165/165
f 166/166/166 167/167/167 168/168/168
f 169/169/169 170/170/170 171/171/171
f 172/172/172 173/173/173 174/174/174
f 175/175/175 176/176/176 177/177/177
f 178/178/178 179/179/179 180/180/180
f 181/181/181 182/182/182 183/183/183
f 184/184/184 185/185/185 186/186/186
f 187/187/187 188/188/188 189/189/189
f 190/190/190 191/191/191 192/192/192
f 193/193/193 194/194/194 195/195/195
f 196/196/196 197/197/197 198/198/198
f 199/199/199 200/200/200 201/201/201
f 202/202/202 203/203/203 204/204/204
f 205/205/205 206/206/206 207/207/207
f 208/208/208 209/209/209 210/210/210
f 211/211/211 212/212/212 213/213/213
f 214/214/214 215/215/215 216/216/216
f 217/217/217 218/218/218 219/219/219
f 220/220/220 221/221/221 222/222/222
f 223/223/223 224/224/224 225/225/225
f 226/226/226 227/227/227 228/228/228
f 229/229/229 230/230/230 231/231/231
f 232/232/232 233/233/233 234/234/234
f 235/235/235 236/236/236 237/237/237
f 238/238/238 239/239/239 240/240/240
f 241/241/241 242/242/242 243/243/243
f 244/244/244 245/245/245 246/246/246
f 247/247/247 248/248/248 249/249/249
f 250/250/250 251/251/251 252/252/252
f 253/253/253 254/254/254 255/255/255
f 256/256/256 257/257/257 258/258/258
f 259/259/259 260/260/260 261/261/261
f 262/262/262 263/263/263 264/264/264
f 265/265/265 266/266/266 267/267/267
f 268/268/268 269/269/269 270/270/270
f 271/271/271 272/272/272 273/273/273
f 274/274/274 275/275/275 276/276/276
f 277/277/277 278/278/278 279/279/279
f 280/280/280 281/281/281 282/282/282
f 283/283/283 284/284/284 285/285/285
f 286/286/286 287/287/287 288/288/288
f 289/289/289 290/290/290 291/291/291
f 292/292/292 293/293/293 294/294/294
f 295/295/295 296/296/296 297/297/297
f 298/298/298 299/299/299 300/300/300
f 301/301/301 302/302/302 303/303/303
f 304/304/304 305/305/305 306/306/306
f 307/307/307 308/308/308 309/309/309
f 310/310/310 311/311/311 312/312/312
f 313/313/313 314/314/314 315/315/315
f 316/316/316 317/317/317 318/318/318
f 319/319/319 320/320/320 321/321/321
f 322/322/322 323/323/323 324/324/324
f 325/325/325 326/326/326 327/327/327
f 328/328/328 329/329/329 330/330/330
f 331/331/331 332/332/332 333/333/333
f 334/334/334 335/335/335 336/336/336
f 337/337/337 338/338/338 339/339/339
f 340/340/340 341/341/341 342/342/342
f 343/343/343 344/344/344 345/345/345
f 346/346/346 347/347/347 348/348/348
f 349/349/349 350/350/350 351/351/351
f 352/352/352 353/353/353 354/354/354
f 355/355/355 356/356/356 357/357/357
f 358/358/358 359/359/359 360/360/360
f 361/361/361 362/362/362 363/363/363
f 364/364/364 365/365/365 366/366/366
f 367/367/367 368/368/368 369/369/369
f 370/370/370 371/371/371 372/372/372
f 373/373/373 374/374/374 375/375/375
f 376/376/376 377/377/377 378/378/378
f 379/379/379 380/380/380 381/381/381
f 382/382/382 383/383/383 384/384/384
f 385/385/385 386/386/386 387/387/387
f 388/388/388 389/389/389 390/390/390
f 391/391/391 392/392/392 393/393/393
f 394/394/394 395/395/395 396/396/396
f 397/397/397 398/398/398 399/399/399
f 400/400/400 401/401/401 402/402/402
f 403/403/403 404/404/404 405/405/405
f 406/406/406 407/407/407 408/408/408
f 409/409/409 410/410/410 411/411/411
f 412/412/412 413/413/413 414/414/414
f 415/415/415 416/416/416 417/417/417
f 418/418/418 419/419/419 420/420/420
f 421/421/421 422/422/422 423/423/423
f 424/424/424 425/425/425 426/426/426
f 427/427/427 428/428/428 429/429/429
f 430/430/430 431/431/431 432/432/432
f 433/433/433 434/434/434 435/435/435
f 436/436/436 437/437/437 438/438/438
f 439/439/439 440/440/440 441/441/441
f 442/442/442 443/443/443 444/444/444
f 445/445/445 446/446/446 447/447/447
f 448/448/448 449/449/449 450/450/450
f 451/451/451 452/452/452 453/453/453
f 454/454/454 455/455/455 456/456/456
f 457/457/457 458/458/458 459/459/459
f 460/460/460 461/461/461 462/462/462
f 463/463/463 464/464/464 465/465/465
f 466/466/466 467/467/467 468/468/468
f 469/469/469 470/470/470 471/471/471
f 472/472/472 473/473/473 474/474/474
f 475/475/475 476/476/476 477/477/477
f 478/478/478 479/479/479 480/480/480
f 481/481/481 482/482/482 483/483/483
f 484/484/484 485/485/485 486/486/486
f 487/487/487 488/488/488 489/489/489
f 490/490/490 491/491/491 492/492/492
f 493/493/493 494/494/494 495/495/495
f 496/496/496 497/497/497 498/498/498
f 499/499/499 500/500/500 501/501/501
f 502/502/502 503/503/503 504/504/504
f 505/505/505 506/506/506 507/507/507
f 508/508/508 509/509/509 510/510/510
f 511/511/511 512/512/512 513/513/513
f 514/514/514 515/515/515 516/516/516
f 517/517/517 518/518/518 519/519/519
f 520/520/520 521/521/521 522/522/522
f 523/523/523 524/524/524 525/525/525
f 526/526/526 527/527/527 528/528/528
f 529/529/529 530/530/530 531/531/531
f 532/532/532 533/533/533 534/534/534
f 535/535/535 536/536/536 537/537/537
f 538/538/538 539/539/539 540/540/540
f 541/541/541 542/542/542 543/543/543
f 544/544/544 545/545/545 546/546/546
f 547/547/547 548/548/548 549/549/549
f 550/550/550 551/551/551 552/552/552
f 553/553/553 554/554/554 555/555/555
f 556/556/556 557/557/557 558/558/558
f 559/559/559 560/560/560 561/561/561
f 562/562/562 563/563/563 564/564/564
f 565/565/565 566/566/566 567/567/567
f 568/568/568 569/569/569 570/570/570
f 571/571/571 572/572/572 573/573/573
f 574/574/574 575/575/575 576/576/576
f 577/577/577 578/578/578 579/579/579
f 580/580/580 581/581/581 582/582/582
f 583/583/583 584/584/584 585/585/585
f 586/586/586 587/587/587 588/588/588
f 589/589/589 590/590/590 591/591/591
f 592/592/592 593/593/593 594/594/594
f 595/595/595 596/596/596 597/597/597
f 598/598/598 599/599/599 600/600/600
f 601/601/601 602/602/602 603/603/603
f 604/604/604 605/605/605 606/606/606
f 607/607/607 608/608/608 609/609/609
f 610/610/610 611/611/611 612/612/612
f 613/613/613 614/614/614 615/615/615
f 616/616/616 617/617/617 618/618/618
f 619/619/619 620/620/620 621/621/621
f 622/622/622 623/623/623 624/624/624
f 625/625/625 626/626/626 627/627/627
f 628/628/628 629/629/629 630/630/630
f 631/631/631 632/632/632 633/633/633
f 634/634/634 635/635/635 636/636/636
f 637/637/637 638/638/638 639/639/639
f 640/640/640 641/641/641 642/642/642
f 643/643/643 644/644/644 645/645/645
f 646/646/646 647/647/647 648/648/648
f 649/649/649 650/650/650 651/651/651
f 652/652/652 653/653/653 654/654/654
f 655/655/655 656/656/656 657/657/657
f 658/658/658 659/659/659 660/660/660
f 661/661/661 662/662/662 663/663/663
f 664/664/664 665/665/665 666/666/666
f 667/667/667 668/668/668 669/669/669
f 670/670/670 671/671/671 672/672/672
f 673/673/673 674/674/674 675/675/675
f 676/676/676 677/677/677 678/678/678
f 679/679/679 680/680/680 681/681/681
f 682/682/682 683/683/683 684/684/684
f 685/685/685 686/686/686 687/687/687
f 688/688/688 689/689/689 690/690/690
f 691/691/691 692/692/692 693/693/693
f 694/694/694 695/695/695 696/696/696
f 697/697/697 698/698/698 699/699/699
f 700/700/700 701/701/701 702/702/702
f 703/703/703 704/704/704 705/705/705
f 706/706/706 707/707/707 708/708/708
f 709/709/709 710/710/710 711/711/711
f 712/712/712 713/713/713 714/714/714
f 715/715/715 716/716/716 717/717/717
f 718/718/718 719/719/719 720/720/720
f 721/721/721 722/722/722 723/723/723
f 724/724/724 725/725/725 726/726/726
f 727/727/727 728/728/728 729/729/729
f 730/730/730 731/731/731 732/732/732
f 733/733/733 734/734/734 735/735/735
f 736/736/736 737/737/737 738/738/738
f 739/739/739 740/740/740 741/741/741
f 742/742/742 743/743/743 744/744/744
f 745/745/745 746/746/746 747/747/747
f 748/748/748 749/749/749 750/750/750
f 751/751/751 752/752/752 753/753/753
f 754/754/754 755/755/755 756/756/756
f 757/757/757 758/758/758 759/759/759
f 760/760/760 761/761/761 762/762/762
f 763/763/763 764/764/764 765/765/765
f 766/766/766 767/767/767 768/768/768
f 769/769/769 770/770/770 771/771/771
f 772/772/772 773/773/773 774/774/774
f 775/775/775 776/776/776 777/777/777
f 778/778/778 779/779/779 780/780/780
f 781/781/781 782/782/782 783/783/783
f 784/784/784 785/785/785 786/786/786
f 787/787/787 788/788/788 789/789/789
f 790/790/790 791/791/791 792/792/792
f 793/793/793 794/794/794 795/795/795
f 796/796/796 797/797/797 798/798/798
f 799/799/799 800/800/800 801/801/801
f 802/802/802 803/803/803 804/804/804
f 805/805/805 806/806/806 807/807/807
f 808/808/808 809/809/809 810/810/810
f 811/811/811 812/812/812 813/813/813
f 814/814/814 815/815/815 816/816/816
f 817/817/817 818/818/818 819/819/819
f 820/820/820 821/821/821 822/822/822
f 823/823/823 824/824/824 825/825/825
f 826/826/826 827/827/827 828/828/828
f 829/829/829 830/830/830 831/831/831
f 832/832/832 833/833/833 834/834/834
f 835/835/835 836/836/836 837/837/837
f 838/838/838 839/839/839 840/840/840
f 841/841/841 842/842/842 843/843/843
f 844/844/844 845/845/845 846/846/846
f 847/847/847 848/848/848 849/849/849
f 850/850/850 851/851/851 852/852/852
f 853/853/853 854/854/854 855/855/855
f 856/856/856 857/857/857 858/858/858
f 859/859/859 860/860/860 861/861/861
f 862/862/862 863/863/863 864/864/864
f 865/865/865 866/866/866 867/867/867
f 868/868/868 869/869/869 870/870/870
f 871/871/871 872/872/872 873/873/873
f 874/874/874 875/875/875 876/876/876
f 877/877/877 878/878/878 879/879/879
f 880/880/880 881/881/881 882/882/882
f 883/883/883 884/884/884 885/885/885
f 886/886/886 887/887/887 888/888/888
f 889/889/889 890/890/890 891/891/891
f 892/892/892 893/893/893 894/894/894
f 895/895/895 896/896/896 897/897/897
f 898/898/898 899/899/899 900/900/900
f 901/901/901 902/902/902 903/903/903
f 904/904/904 905/905/905 906/906/906
f 907/907/907 908/908/908 909/909/909
f 910/910/910 911/911/911 912/912/912
f 913/913/913 914/914/914 915/915/915
f 916/916/916 917/917/917 918/918/918
f 919/919/919 920/920/920 921/921/921
f 922/922/922 923/923/923 924/924/924
f 925/925/925 926/926/926 927/927/927
f 928/928/928 929/929/929 930/930/930
f 931/931/931 932/932/932 933/933/933
f 934/934/934 935/935/935 936/936/936
f 937/937/937 938/938/938 939/939/939
f 940/940/940 941/941/941 942/942/942
f 943/943/943 944/944/944 945/945/945
f 946/946/946 947/947/947 948/948/948
f 949/949/949 950/950/950 951/951/951
f 952/952/952 953/953/953 954/954/954
f 955/955/955 956/956/956 957/957/957
f 958/958/958 959/959/959 960/960/960
f 961/961/961 962/962/962 963/963/963
f 964/964/964 965/965/965 966/966/966
f 967/967/967 968/968/968 969/969/969
f 970/970/970 971/971/971 972/972/972
f 973/973/973 974/974/974 975/975/975
f 976/976/976 977/977/977 978/978/978
f 979/979/979 980/980/980 981/981/981
f 982/982/982 983/983/983 984/984/984
f 985/985/985 986/986/986 987/987/987
f 988/988/988 989/989/989 990/990/990
f 991/991/991 992/992/992 993/993/993
f 994/994/994 995/995/995 996/996/996
f 997/997/997 998/998/998 999/999/999
f 1000/1000/1000 1001/1001/1001 1002/1002/1002
f 1003/1003/1003 1004/1004/1004 1005/1005/1005
f 1006/1006/1006 1007/1007/1007 1008/1008/1008
f 1009/1009/1009 1010/1010/1010 1011/1011/1011
f 1012/1012/1012 1013/1013/1013 1014/1014/1014
f 1015/1015/1015 1016/1016/1016 1017/1017/1017
f 1018/1018/1018 1019/1019/1019 1020/1020/1020
f 1021/1021/1021 1022/1022/1022 1023/1023/1023
f 1024/1024/1024 1025/1025/1025 1026/1026/1026
f 1027/1027/1027 1028/1028/1028 1029/1029/1029
f 1030/1030/1030 1031/1031/1031 1032/1032/1032
f 1033/1033/1033 1034/1034/1034 1035/1035/1035
f 1036/1036/1036 1037/1037/1037 1038/1038/1038
f 1039/1039/1039 1040/1040/1040 1041/1041/1041
f 1042/1042/1042 1043/1043/1043 1044/1044/1044
f 1045/1045/1045 1046/1046/1046 1047/1047/1047
f 1048/1048/1048 1049/1049/1049 1050/1050/1050
f 1051/1051/1051 1052/1052/1052 1053/1053/1053
f 1054/1054/1054 1055/1055/1055 1056/1056/1056
f 1057/1057/1057 1058/1058/1058 1059/1059/1059
f 1060/1060/1060 1061/1061/1061 1062/1062/1062
f 1063/1063/1063 1064/1064/1064 1065/1065/1065
f 1066/1066/1066 1067/1067/1067 1068/1068/1068
f 1069/1069/1069 1070/1070/1070 1071/1071/1071
f 1072/1072/1072 1073/1073/1073 1074/1074/1074
f 1075/1075/1075 1076/1076/1076 1077/1077/1077
f 1078/1078/1078 1079/1079/1079 1080/1080/1080
f 1081/1081/1081 1082/1082/1082 1083/1083/1083
f 1084/1084/1084 1085/1085/1085 1086/1086/1086
f 1087/1087/1087 1088/1088/1088 1089/1089/1089
f 1090/1090/1090 1091/1091/1091 1092/1092/1092
f 1093/1093/1093 1094/1094/1094 1095/1095/1095
f 1096/1096/1096 1097/1097/1097 1098/1098/1098
f 1099/1099/1099 1100/1100/1100 1101/1101/1101
f 1102/1102/1102 1103/1103/1103 1104/1104/1104
f 1105/1105/1105 1106/1106/1106 1107/1107/1107
f 1108/1108/1108 1109/1109/1109 1110/1110/1110
f 1111/1111/1111 1112/1112/1112 1113/1113/1113
f 1114/1114/1114 1115/1115/1115 1116/1116/1116
f 1117/1117/1117 1118/1118/1118 1119/1119/1119
f 1120/1120/1120 1121/1121/1121 1122/1122/1122
f 1123/1123/1123 1124/1124/1124 1125/1125/1125
f 1126/1126/1126 1127/1127/1127 1128/1128/1128
f 1129/1129/1129 1130/1130/1130 1131/1131/1131
f 1132/1132/1132 1133/1133/1133 1134/1134/1134
f 1135/1135/1135 1136/1136/1136 1137/1137/1137
f 1138/1138/1138 1139/1139/1139 1140/1140/1140
f 1141/1141/1141 1142/1142/1142 1143/1143/1143
f 1144/1144/1144 1145/1145/1145 1146/1146/1146
f 1147/1147/1147 1148/1148/1148 1149/1149/1149
f 1150/1150/1150 1151/1151/1151 1152/1152/1152
f 1153/1153/1153 1154/1154/1154 1155/1155/1155
f 1156/1156/1156 1157/1157/1157 1158/1158/1158
f 1159/1159/1159 1160/1160/1160 1161/1161/1161
f 1162/1162/1162 1163/1163/1163 1164/1164/1164
f 1165/1165/1165 1166/1166/1166 1167/1167/1167
f 1168/1168/1168 1169/1169/1169 1170/1170/1170
f 1171/1171/1171 1172/1172/1172 1173/1173/1173
f 1174/1174/1174 1175/1175/1175 1176/1176/1176
f 1177/1177/1177 1178/1178/1178 1179/1179/1179
f 1180/1180/1180 1181/1181/1181 1182/1182/1182
f 1183/1183/1183 1184/1184/1184 1185/1185/1185
f 1186/1186/1186 1187/1187/1187 1188/1188/1188
f 1189/1189/1189 1190/1190/1190 1191/1191/1191
f 1192/1192/1192 1193/1193/1193 1194/1194/1194
f 1195/1195/1195 1196/1196/1196 1197/1197/1197
f 1198/1198/1198 1199/1199/1199 1200/1200/1200
f 1201/1201/1201 1202/1202/1202 1203/1203/1203
f 1204/1204/1204 1205/1205/1205 1206/1206/1206
f 1207/1207/1207 1208/1208/1208 1209/1209/1209
f 1210/1210/1210 1211/1211/1211 1212/1212/1212
f 1213/1213/1213 1214/1214/1214 1215/1215/1215
f 1216/1216/1216 1217/1217/1217 1218/1218/1218
f 1219/1219/1219 1220/1220/1220 1221/1221/1221
f 1222/1222/1222 1223/1223/1223 1224/1224/1224
f 1225/1225/1225 1226/1226/1226 1227/1227/1227
f 1228/1228/1228 1229/1229/1229 1230/1230/1230
f 1231/1231/1231 1232/1232/1232 1233/1233/1233
f 1234/1234/1234 1235/1235/1235 1236/1236/1236
f 1237/1237/1237 1238/1238/1238 1239/1239/1239
f 1240/1240/1240 1241/1241/1241 1242/1242/1242
f 1243/1243/1243 1244/1244/1244 1245/1245/1245
f 1246/1246/1246 1247/1247/1247 1248/1248/1248
f 1249/1249/1249 1250/1250/1250 1251/1251/1251
f 1252/1252/1252 1253/1253/1253 1254/1254/1254
f 1255/1255/1255 1256/1256/1256 1257/1257/1257
f 1258/1258/1258 1259/1259/1259 1260/1260/1260
f 1261/1261/1261 1262/1262/1262 1263/1263/1263
f 1264/1264/1264 1265/1265/1265 1266/1266/1266
f 1267/1267/1267 1268/1268/1268 1269/1269/1269
f 1270/1270/1270 1271/1271/1271 1272/1272/1272
f 1273/1273/1273 1274/1274/1274 1275/1275/1275
f 1276/1276/1276 1277/1277/1277 1278/1278/1278
f 1279/1279/1279 1280/1280/1280 1281/1281/1281
f 1282/1282/1282 1283/1283/1283 1284/1284/1284
f 1285/1285/1285 1286/1286/1286 1287/1287/1287
f 1288/1288/1288 1289/1289/1289 1290/1290/1290
f 1291/1291/1291 1292/1292/1292 1293/1293/1293
f 1294/1294/1294 1295/1295/1295 1296/1296/1296
f 1297/1297/1297 1298/1298/1298 1299/1299/1299
f 1300/1300/1300 1301/1301/1301 1302/1302/1302
f 1303/1303/1303 1304/1304/1304 1305/1305/1305
f 1306/1306/1306 1307/1307/1307 1308/1308/1308
f 1309/1309/1309 1310/1310/1310 1311/1311/1311
f 1312/1312/1312 1313/1313/1313 1314/1314/1314
f 1315/1315/1315 1316/1316/1316 1317/1317/1317
f 1318/1318/1318 1319/1319/1319 1320/1320/1320
f 1321/1321/1321 1322/1322/1322 1323/1323/1323
f 1324/1324/1324 1325/1325/1325 1326/1326/1326
f 1327/1327/1327 1328/1328/1328 1329/1329/1329
f 1330/1330/1330 1331/1331/1331 1332/1332/1332
f 1333/1333/1333 1334/1334/1334 1335/1335/1335
f 1336/1336/1336 1337/1337/1337 1338/1338/1338
f 1339/1339/1339 1340/1340/1340 1341/1341/1341
f 1342/1342/1342 1343/1343/1343 1344/1344/1344
f 1345/1345/1345 1346/1346/1346 1347/1347/1347
f 1348/1348/1348 1349/1349/1349 1350/1350/1350
f 1351/1351/1351 1352/1352/1352 1353/1353/1353
f 1354/1354/1354 1355/1355/1355 1356/1356/1356
f 1357/1357/1357 1358/1358/1358 1359/1359/1359
f 1360/1360/1360 1361/1361/1361 1362/1362/1362
f 1363/1363/1363 1364/1364/1364 1365/1365/1365
f 1366/1366/1366 1367/1367/1367 1368/1368/1368
f 1369/1369/1369 1370/1370/1370 1371/1371/1371
f 1372/1372/1372 1373/1373/1373 1374/1374/1374
f 1375/1375/1375 1376/1376/1376 1377/1377/1377
f 1378/1378/1378 1379/1379/1379 1380/1380/1380
f 1381/1381/1381 1382/1382/1382 1383/1383/1383
f 1384/1384/1384 1385/1385/1385 1386/1386/1386
f 1387/1387/1387 1388/1388/1388 1389/1389/1389
f 1390/1390/1390 1391/1391/1391 1392/1392/1392
f 1393/1393/1393 1394/1394/1394 1395/1395/1395
f 1396/1396/1396 1397/1397/1397 1398/1398/1398
f 1399/1399/1399 1400/1400/1400 1401/1401/1401
f 1402/1402/1402 1403/1403/1403 1404/1404/1404
f 1405/1405/1405 1406/1406/1406 1407/1407/1407
f 1408/1408/1408 1409/1409/1409 1410/1410/1410
f 1411/1411/1411 1412/1412/1412 1413/1413/1413
f 1414/1414/1414 1415/1415/1415 1416/1416/1416
f 1417/1417/1417 1418/1418/1418 1419/1419/1419
f 1420/1420/1420 1421/1421/1421 1422/1422/1422
f 1423/1423/1423 1424/1424/1424 1425/1425/1425
f 1426/1426/1426 1427/1427/1427 1428/1428/1428
f 1429/1429/1429 1430/1430/1430 1431/1431/1431
f 1432/1432/1432 1433/1433/1433 1434/1434/1434
f 1435/1435/1435 1436/1436/1436 1437/1437/1437
f 1438/1438/1438 1439/1439/1439 1440/1440/1440
f 1441/1441/1441 1442/1442/1442 1443/1443/1443
f 1444/1444/1444 1445/1445/1445 1446/1446/1446
f 1447/1447/1447 1448/1448/1448 1449/1449/1449
f 1450/1450/1450 1451/1451/1451 1452/1452/1452
f 1453/1453/1453 1454/1454/1454 1455/1455/1455
f 1456/1456/1456 1457/1457/1457 1458/1458/1458
f 1459/1459/1459 1460/1460/1460 1461/1461/1461
f 1462/1462/1462 1463/1463/1463 1464/1464/1464
f 1465/1465/1465 1466/1466/1466 1467/1467/1467
f 1468/1468/1468 1469/1469/1469 1470/1470/1470
f 1471/1471/1471 1472/1472/1472 1473/1473/1473
f 1474/1474/1474 1475/1475/1475 1476/1476/1476
f 1477/1477/1477 1478/1478/1478 1479/1479/1479
f 1480/1480/1480 1481/1481/1481 1482/1482/1482
f 1483/1483/1483 1484/1484/1484 1485/1485/1485
f 1486/1486/1486 1487/1487/1487 1488/1488/1488
f 1489/1489/1489 1490/1490/1490 1491/1491/1491
f 1492/1492/1492 1493/1493/1493 1494/1494/1494
f 1495/1495/1495 1496/1496/1496 1497/1497/1497
f 1498/1498/1498 1499/1499/1499 1500/1500/1500
f 1501/1501/1501 1502/1502/1502 1503/1503/1503
f 1504/1504/1504 1505/1505/1505 1506/1506/1506
f 1507/1507/1507 1508/1508/1508 1509/1509/1509
f 1510/1510/1510 1511/1511/1511 1512/1512/1512
f 1513/1513/1513 1514/1514/1514 1515/1515/1515
f 1516/1516/1516 1517/1517/1517 1518/1518/1518
f 1519/1519/1519 1520/1520/1520 1521/1521/1521
f 1522/1522/1522 1523/1523/1523 1524/1524/1524
f 1525/1525/1525 1526/1526/1526 1527/1527/1527
f 1528/1528/1528 1529/1529/1529 1530/1530/1530
f 1531/1531/1531 1532/1532/1532 1533/1533/1533
f 1534/1534/1534 1535/1535/1535 1536/1536/1536
f 1537/1537/1537 1538/1538/1538 1539/1539/1539
f 1540/1540/1540 1541/1541/1541 1542/1542/1542
f 1543/1543/1543 1544/1544/1544 1545/1545/1545
f 1546/1546/1546 1547/1547/1547 1548/1548/1548
f 1549/1549/1549 1550/1550/1550 1551/1551/1551
f 1552/1552/1552 1553/1553/1553 1554/1554/1554
f 1555/1555/1555 1556/1556/1556 1557/1557/1557
f 1558/1558/1558 1559/1559/1559 1560/1560/1560
f 1561/1561/1561 1562/1562/1562 1563/1563/1563
f 1564/1564/1564 1565/1565/1565 1566/1566/1566
f 1567/1567/1567 1568/1568/1568 1569/1569/1569
f 1570/1570/1570 1571/1571/1571 1572/1572/1572
f 1573/1573/1573 1574/1574/1574 1575/1575/1575
f 1576/1576/1576 1577/1577/1577 1578/1578/1578
f 1579/1579/1579 1580/1580/1580 1581/1581/1581
f 1582/1582/1582 1583/1583/1583 1584/1584/1584
f 1585/1585/1585 1586/1586/1586 1587/1587/1587
f 1588/1588/1588 1589/1589/1589 1590/1590/1590
f 1591/1591/1591 1592/1592/1592 1593/1593/1593
f 1594/1594/1594 1595/1595/1595 1596/1596/1596
f 1597/1597/1597 1598/1598/1598 1599/1599/1599
f 1600/1600/1600 1601/1601/1601 1602/1602/1602
f 1603/1603/1603 1604/1604/1604 1605/1605/1605
f 1606/1606/1606 1607/1607/1607 1608/1608/1608
f 1609/1609/1609 1610/1610/1610 1611/1611/1611
f 1612/1612/1612 1613/1613/1613 1614/1614/1614
f 1615/1615/1615 1616/1616/1616 1617/1617/1617
f 1618/1618/1618 1619/1619/1619 1620/1620/1620
f 1621/1621/1621 1622/1622/1622 1623/1623/1623
f 1624/1624/1624 1625/1625/1625 1626/1626/1626
f 1627/1627/1627 1628/1628/1628 1629/1629/1629
f 1630/1630/1630 1631/1631/1631 1632/1632/1632
f 1633/1633/1633 1634/1634/1634 1635/1635/1635
f 1636/1636/1636 1637/1637/1637 1638/1638/1638
f 1639/1639/1639 1640/1640/1640 1641/1641/1641
f 1642/1642/1642 1643/1643/1643 1644/1644/1644
f 1645/1645/1645 1646/1646/1646 1647/1647/1647
f 1648/1648/1648 1649/1649/1649 1650/1650/1650
f 1651/1651/1651 1652/1652/1652 1653/1653/1653
f 1654/1654/1654 1655/1655/1655 1656/1656/1656
f 1657/1657/1657 1658/1658/1658 1659/1659/1659
f 1660/1660/1660 1661/1661/1661 1662/1662/1662
f 1663/1663/1663 1664/1664/1664 1665/1665/1665
f 1666/1666/1666 1667/1667/1667 1668/1668/1668
f 1669/1669/1669 1670/1670/1670 1671/1671/1671
f 1672/1672/1672 1673/1673/1673 1674/1674/1674
f 1675/1675/1675 1676/1676/1676 1677/1677/1677
f 1678/1678/1678 1679/1679/1679 1680/1680/1680
f 1681/1681/1681 1682/1682/1682 1683/1683/1683
f 1684/1684/1684 1685/1685/1685 1686/1686/1686
f 1687/1687/1687 1688/1688/1688 1689/1689/1689
f 1690/1690/1690 1691/1691/1691 1692/1692/1692
f 1693/1693/1693 1694/1694/1694 1695/1695/1695
f 1696/1696/1696 1697/1697/1697 1698/1698/1698
f 1699/1699/1699 1700/1700/1700 1701/1701/1701
f 1702/1702/1702 1703/1703/1703 1704/1704/1704
f 1705/1705/1705 1706/1706/1706 1707/1707/1707
f 1708/1708/1708 1709/1709/1709 1710/1710/1710
f 1711/1711/1711 1712/1712/1712 1713/1713/1713
f 1714/1714/1714 1715/1715/1715 1716/1716/1716
f 1717/1717/1717 1718/1718/1718 1719/1719/1719
f 1720/1720/1720 1721/1721/1721 1722/1722/1722
f 1723/1723/1723 1724/1724/1724 1725/1725/1725
f 1726/1726/1726 1727/1727/1727 1728/1728/1728
f 1729/1729/1729 1730/1730/1730 1731/1731/1731
f 1732/1732/1732 1733/1733/1733 1734/1734/1734
f 1735/1735/1735 1736/1736/1736 1737/1737/1737
f 1738/1738/1738 1739/1739/1739 1740/1740/1740
f 1741/1741/1741 1742/1742/1742 1743/1743/1743
f 1744/1744/1744 1745/1745/1745 1746/1746/1746
f 1747/1747/1747 1748/1748/1748 1749/1749/1749
f 1750/1750/1750 1751/1751/1751 1752/1752/1752
f 1753/1753/1753 1754/1754/1754 1755/1755/1755
f 1756/1756/1756 1757/1757/1757 1758/1758/1758
f 1759/1759/1759 1760/1760/1760 1761/1761/1761
f 1762/1762/1762 1763/1763/1763 1764/1764/1764
f 1765/1765/1765 1766/1766/1766 1767/1767/1767
f 1768/1768/1768 1769/1769/1769 1770/1770/1770
f 1771/1771/1771 1772/1772/1772 1773/1773/1773
f 1774/1774/1774 1775/1775/1775 1776/1776/1776
f 1777/1777/1777 1778/1778/1778 1779/1779/1779
f 1780/1780/1780 1781/1781/1781 1782/1782/1782
f 1783/1783/1783 1784/1784/1784 1785/1785/1785
f 1786/1786/1786 1787/1787/1787 1788/1788/1788
f 1789/1789/1789 1790/1790/1790 1791/1791/1791
f 1792/1792/1792 1793/1793/1793 1794/1794/1794
f 1795/1795/1795 1796/1796/1796 1797/1797/1797
f 1798/1798/1798 1799/1799/1799 1800/1800/1800
f 1801/1801/1801 1802/1802/1802 1803/1803/1803
f 1804/1804/1804 1805/1805/1805 1806/1806/1806
f 1807/1807/1807 1808/1808/1808 1809/1809/1809
f 1810/1810/1810 1811/1811/1811 1812/1812/1812
f 1813/1813/1813 1814/1814/1814 1815/1815/1815
f 1816/1816/1816 1817/1817/1817 1818/1818/1818
f 1819/1819/1819 1820/1820/1820 1821/1821/1821
f 1822/1822/1822 1823/1823/1823 1824/1824/1824
f 1825/1825/1825 1826/1826/1826 1827/1827/1827
f 1828/1828/1828 1829/1829/1829 1830/1830/1830
f 1831/1831/1831 1832/1832/1832 1833/1833/1833
f 1834/1834/1834 1835/1835/1835 1836/1836/1836
f 1837/1837/1837 1838/1838/1838 1839/1839/1839
f 1840/1840/1840 1841/1841/1841 1842/1842/1842
f 1843/1843/1843 1844/1844/1844 1845/1845/1845
f 1846/1846/1846 1847/1847/1847 1848/1848/1848
f 1849/1849/1849 1850/1850/1850 1851/1851/1851
f 1852/1852/1852 1853/1853/1853 1854/1854/1854
f 1855/1855/1855 1856/1856/1856 1857/1857/1857
f 1858/1858/1858 1859/1859/1859 1860/1860/1860
f 1861/1861/1861 1862/1862/1862 1863/1863/1863
f 1864/1864/1864 1865/1865/1865 1866/1866/1866
f 1867/1867/1867 1868/1868/1868 1869/1869/1869
f 1870/1870/1870 1871/1871/1871 1872/1872/1872
f 1873/1873/1873 1874/1874/1874 1875/1875/1875
f 1876/1876/1876 1877/1877/1877 1878/1878/1878
f 1879/1879/1879 1880/1880/1880 1881/1881/1881
f 1882/1882/1882 1883/1883/1883 1884/1884/1884
f 1885/1885/1885 1886/1886/1886 1887/1887/1887
f 1888/1888/1888 1889/1889/1889 1890/1890/1890
f 1891/1891/1891 1892/1892/1892 1893/1893/1893
f 1894/1894/1894 1895/1895/1895 1896/1896/1896
f 1897/1897/1897 1898/1898/1898 1899/1899/1899
f 1900/1900/1900 1901/1901/1901 1902/1902/1902
f 1903/1903/1903 1904/1904/1904 1905/1905/1905
f 1906/1906/1906 1907/1907/1907 1908/1908/1908
f 1909/1909/1909 1910/1910/1910 1911/1911/1911
f 1912/1912/1912 1913/1913/1913 1914/1914/1914
f 1915/1915/1915 1916/1916/1916 1917/1917/1917
f 1918/1918/1918 1919/1919/1919 1920/1920/1920
f 1921/1921/1921 1922/1922/1922 1923/1923/1923
f 1924/1924/1924 1925/1925/1925 1926/1926/1926
f 1927/1927/1927 1928/1928/1928 1929/1929/1929
f 1930/1930/1930 1931/1931/1931 1932/1932/1932
f 1933/1933/1933 1934/1934/1934 1935/1935/1935
f 1936/1936/1936 1937/1937/1937 1938/1938/1938
f 1939/1939/1939 1940/1940/1940 1941/1941/1941
f 1942/1942/1942 1943/1943/1943 1944/1944/1944
f 1945/1945/1945 1946/1946/1946 1947/1947/1947
f 1948/1948/1948 1949/1949/1949 1950/1950/1950
f 1951/1951/1951 1952/1952/1952 1953/1953/1953
f 1954/1954/1954 1955/1955/1955 1956/1956/1956
f 1957/1957/1957 1958/1958/1958 1959/1959/1959
f 1960/1960/1960 1961/1961/1961 1962/1962/1962
f 1963/1963/1963 1964/1964/1964 1965/1965/1965
f 1966/1966/1966 1967/1967/1967 1968/1968/1968
f 1969/1969/1969 1970/1970/1970 1971/1971/1971
f 1972/1972/1972 1973/1973/1973 1974/1974/1974
f 1975/1975/1975 1976/1976/1976 1977/1977/1977
f 1978/1978/1978 1979/1979/1979 1980/1980/1980
f 1981/1981/1981 1982/1982/1982 1983/1983/1983
f 1984/1984/1984 1985/1985/1985 1986/1986/1986
f 1987/1987/1987 1988/1988/1988 1989/1989/1989
f 1990/1990/1990 1991/1991/1991 1992/1992/1992
f 1993/1993/1993 1994/1994/1994 1995/1995/1995
f 1996/1996/1996 1997/1997/1997 1998/1998/1998
f 1999/1999/1999 2000/2000/2000 2001/2001/2001
f 2002/2002/2002 2003/2003/2003 2004/2004/2004
f 2005/2005/2005 2006/2006/2006 2007/2007/2007
f 2008/2008/2008 2009/2009/2009 2010/2010/2010
f 2011/2011/2011 2012/2012/2012 2013/2013/2013
f 2014/2014/2014 2015/2015/2015 2016/2016/2016
f 2017/2017/2017 2018/2018/2018 2019/2019/2019
f 2020/2020/2020 2021/2021/2021 2022/2022/2022
f 2023/2023/2023 2024/2024/2024 2025/2025/2025
f 2026/2026/2026 2027/2027/2027 2028/2028/2028
f 2029/2029/2029 2030/2030/2030 2031/2031/2031
f 2032/2032/2032 2033/2033/2033 2034/2034/2034
f 2035/2035/2035 2036/2036/2036 2037/2037/2037
f 2038/2038/2038 2039/2039/2039 2040/2040/2040
f 2041/2041/2041 2042/2042/2042 2043/2043/2043
f 2044/2044/2044 2045/2045/2045 2046/2046/2046
f 2047/2047/2047 2048/2048/2048 2049/2049/2049
f 2050/2050/2050 2051/2051/2051 2052/2052/2052
f 2053/2053/2053 2054/2054/2054 2055/2055/2055
f 2056/2056/2056 2057/2057/2057 2058/2058/2058
f 2059/2059/2059 2060/2060/2060 2061/2061/2061
f 2062/2062/2062 2063/2063/2063 2064/2064/2064
f 2065/2065/2065 2066/2066/2066 2067/2067/2067
f 2068/2068/2068 2069/2069/2069 2070/2070/2070
f 2071/2071/2071 2072/2072/2072 2073/2073/2073
f 2074/2074/2074 2075/2075/2075 2076/2076/2076
f 2077/2077/2077 2078/2078/2078 2079/2079/2079
f 2080/2080/2080 2081/2081/2081 2082/2082/2082
f 2083/2083/2083 2084/2084/2084 2085/2085/2085
f 2086/2086/2086 2087/2087/2087 2088/2088/2088
f 2089/2089/2089 2090/2090/2090 2091/2091/2091
f 2092/2092/2092 2093/2093/2093 2094/2094/2094
f 2095/2095/2095 2096/2096/2096 2097/2097/2097
f 2098/2098/2098 2099/2099/2099 2100/2100/2100
f 2101/2101/2101 2102/2102/2102 2103/2103/2103
f 2104/2104/2104 2105/2105/2105 2106/2106/2106
f 2107/2107/2107 2108/2108/2108 2109/2109/2109
f 2110/2110/2110 2111/2111/2111 2112/2112/2112
f 2113/2113/2113 2114/2114/2114 2115/2115/2115
f 2116/2116/2116 2117/2117/2117 2118/2118/2118
f 2119/2119/2119 2120/2120/2120 2121/2121/2121
f 2122/2122/2122 2123/2123/2123 2124/2124/2124
f 2125/2125/2125 2126/2126/2126 2127/2127/2127
f 2128/2128/2128 2129/2129/2129 2130/2130/2130
f 2131/2131/2131 2132/2132/2132 2133/2133/2133
f 2134/2134/2134 2135/2135/2135 2136/2136/2136
f 2137/2137/2137 2138/2138/2138 2139/2139/2139
f 2140/2140/2140 2141/2141/2141 2142/2142/2142
f 2143/2143/2143 2144/2144/2144 2145/2145/2145
f 2146/2146/2146 2147/2147/2147 2148/2148/2148
f 2149/2149/2149 2150/2150/2150 2151/2151/2151
f 2152/2152/2152 2153/2153/2153 2154/2154/2154
f 2155/2155/2155 2156/2156/2156 2157/2157/2157
f 2158/2158/2158 2159/2159/2159 2160/2160/2160
f 2161/2161/2161 2162/2162/2162 2163/2163/2163
f 2164/2164/2164 2165/2165/2165 2166/2166/2166
f 2167/2167/2167 2168/2168/2168 2169/2169/2169
f 2170/2170/2170 2171/2171/2171 2172/2172/2172
f 2173/2173/2173 2174/2174/2174 2175/2175/2175
f 2176/2176/2176 2177/2177/2177 2178/2178/2178
f 2179/2179/2179 2180/2180/2180 2181/2181/2181
f 2182/2182/2182 2183/2183/2183 2184/2184/2184
f 2185/2185/2185 2186/2186/2186 2187/2187/2187
f 2188/2188/2188 2189/2189/2189 2190/2190/2190
f 2191/2191/2191 2192/2192/2192 2193/2193/2193
f 2194/2194/2194 2195/2195/2195 2196/2196/2196
f 2197/2197/2197 2198/2198/2198 2199/2199/2199
f 2200/2200/2200 2201/2201/2201 2202/2202/2202
f 2203/2203/2203 2204/2204/2204 2205/2205/2205
f 2206/2206/2206 2207/2207/2207 2208/2208/2208
f 2209/2209/2209 2210/2210/2210 2211/2211/2211
f 2212/2212/2212 2213/2213/2213 2214/2214/2214
f 2215/2215/2215 2216/2216/2216 2217/2217/2217
f 2218/2218/2218 2219/2219/2219 2220/2220/2220
f 2221/2221/2221 2222/2222/2222 2223/2223/2223
f 2224/2224/2224 2225/2225/2225 2226/2226/2226
f 2227/2227/2227 2228/2228/2228 2229/2229/2229
f 2230/2230/2230 2231/2231/2231 2232/2232/2232
f 2233/2233/2233 2234/2234/2234 2235/2235/2235
f 2236/2236/2236 2237/2237/2237 2238/2238/2238
f 2239/2239/2239 2240/2240/2240 2241/2241/2241
f 2242/2242/2242 2243/2243/2243 2244/2244/2244
f 2245/2245/2245 2246/2246/2246 2247/2247/2247
f 2248/2248/2248 2249/2249/2249 2250/2250/2250
f 2251/2251/2251 2252/2252/2252 2253/2253/2253
f 2254/2254/2254 2255/2255/2255 2256/2256/2256
f 2257/2257/2257 2258/2258/2258 2259/2259/2259
f 2260/2260/2260 2261/2261/2261 2262/2262/2262
f 2263/2263/2263 2264/2264/2264 2265/2265/2265
f 2266/2266/2266 2267/2267/2267 2268/2268/2268
f 2269/2269/2269 2270/2270/2270 2271/2271/2271
f 2272/2272/2272 2273/2273/2273 2274/2274/2274
f 2275/2275/2275 2276/2276/2276 2277/2277/2277
f 2278/2278/2278 2279/2279/2279 2280/2280/2280
f 2281/2281/2281 2282/2282/2282 2283/2283/2283
f 2284/2284/2284 2285/2285/2285 2286/2286/2286
f 2287/2287/2287 2288/2288/2288 2289/2289/2289
f 2290/2290/2290 2291/2291/2291 2292/2292/2292
f 2293/2293/2293 2294/2294/2294 2295/2295/2295
f 2296/2296/2296 2297/2297/2297 2298/2298/2298
f 2299/2299/2299 2300/2300/2300 2301/2301/2301
f 2302/2302/2302 2303/2303/2303 2304/2304/2304
f 2305/2305/2305 2306/2306/2306 2307/2307/2307
f 2308/2308/2308 2309/2309/2309 2310/2310/2310
f 2311/2311/2311 2312/2312/2312 2313/2313/2313
f 2314/2314/2314 2315/2315/2315 2316/2316/2316
f 2317/2317/2317 2318/2318/2318 2319/2319/2319
f 2320/2320/2320 2321/2321/2321 2322/2322/2322
f 2323/2323/2323 2324/2324/2324 2325/2325/2325
f 2326/2326/2326 2327/2327/2327 2328/2328/2328
f 2329/2329/2329 2330/2330/2330 2331/2331/2331
f 2332/2332/2332 2333/2333/2333 2334/2334/2334
f 2335/2335/2335 2336/2336/2336 2337/2337/2337
f 2338/2338/2338 2339/2339/2339 2340/2340/2340
f 2341/2341/2341 2342/2342/2342 2343/2343/2343
f 2344/2344/2344 2345/2345/2345 2346/2346/2346
f 2347/2347/2347 2348/2348/2348 2349/2349/2349
f 2350/2350/2350 2351/2351/2351 2352/2352/2352
f 2353/2353/2353 2354/2354/2354 2355/2355/2355
f 2356/2356/2356 2357/2357/2357 2358/2358/2358
f 2359/2359/2359 2360/2360/2360 2361/2361/2361
f 2362/2362/2362 2363/2363/2363 2364/2364/2364
f 2365/2365/2365 2366/2366/2366 2367/2367/2367
f 2368/2368/2368 2369/2369/2369 2370/2370/2370
f 2371/2371/2371 2372/2372/2372 2373/2373/2373
f 2374/2374/2374 2375/2375/2375 2376/2376/2376
f 2377/2377/2377 2378/2378/2378 2379/2379/2379
f 2380/2380/2380 2381/2381/2381 2382/2382/2382
f 2383/2383/2383 2384/2384/2384 2385/2385/2385
f 2386/2386/2386 2387/2387/2387 2388/2388/2388
f 2389/2389/2389 2390/2390/2390 2391/2391/2391
f 2392/2392/2392 2393/2393/2393 2394/2394/2394
f 2395/2395/2395 2396/2396/2396 2397/2397/2397
f 2398/2398/2398 2399/2399/2399 2400/2400/2400
f 2401/2401/2401 2402/2402/2402 2403/2403/2403
f 2404/2404/2404 2405/2405/2405 2406/2406/2406
f 2407/2407/2407 2408/2408/2408 2409/2409/2409
f 2410/2410/2410 2411/2411/2411 2412/2412/2412
f 2413/2413/2413 2414/2414/2414 2415/2415/2415
f 2416/2416/2416 2417/2417/2417 2418/2418/2418
f 2419/2419/2419 2420/2420/2420 2421/2421/2421
f 2422/2422/2422 2423/2423/2423 2424/2424/2424
f 2425/2425/2425 2426/2426/2426 2427/2427/2427
f 2428/2428/2428 2429/2429/2429 2430/2430/2430
f 2431/2431/2431 2432/2432/2432 2433/2433/2433
f 2434/2434/2434 2435/2435/2435 2436/2436/2436
f 2437/2437/2437 2438/2438/2438 2439/2439/2439
f 2440/2440/2440 2441/2441/2441 2442/2442/2442
f 2443/2443/2443 2444/2444/2444 2445/2445/2445
f 2446/2446/2446 2447/2447/2447 2448/2448/2448
f 2449/2449/2449 2450/2450/2450 2451/2451/2451
f 2452/2452/2452 2453/2453/2453 2454/2454/2454
f 2455/2455/2455 2456/2456/2456 2457/2457/2457
f 2458/2458/2458 2459/2459/2459 2460/2460/2460
f 2461/2461/2461 2462/2462/2462 2463/2463/2463
f 2464/2464/2464 2465/2465/2465 2466/2466/2466
f 2467/2467/2467 2468/2468/2468 2469/2469/2469
f 2470/2470/2470 2471/2471/2471 2472/2472/2472
f 2473/2473/2473 2474/2474/2474 2475/2475/2475
f 2476/2476/2476 2477/2477/2477 2478/2478/2478
f 2479/2479/2479 2480/2480/2480 2481/2481/2481
f 2482/2482/2482 2483/2483/2483 2484/2484/2484
f 2485/2485/2485 2486/2486/2486 2487/2487/2487
f 2488/2488/2488 2489/2489/2489 2490/2490/2490
f 2491/2491/2491 2492/2492/2492 2493/2493/2493
f 2494/2494/2494 2495/2495/2495 2496/2496/2496
f 2497/2497/2497 2498/2498/2498 2499/2499/2499
f 2500/2500/2500 2501/2501/2501 2502/2502/2502
f 2503/2503/2503 2504/2504/2504 2505/2505/2505
f 2506/2506/2506 2507/2507/2507 2508/2508/2508
f 2509/2509/2509 2510/2510/2510 2511/2511/2511
f 2512/2512/2512 2513/2513/2513 2514/2514/2514
f 2515/2515/2515 2516/2516/2516 2517/2517/2517
f 2518/2518/2518 2519/2519/2519 2520/2520/2520
f 2521/2521/2521 2522/2522/2522 2523/2523/2523
f 2524/2524/2524 2525/2525/2525 2526/2526/2526
f 2527/2527/2527 2528/2528/2528 2529/2529/2529
f 2530/2530/2530 2531/2531/2531 2532/2532/2532
f 2533/2533/2533 2534/2534/2534 2535/2535/2535
f 2536/2536/2536 2537/2537/2537 2538/2538/2538
f 2539/2539/2539 2540/2540/2540 2541/2541/2541
f 2542/2542/2542 2543/2543/2543 2544/2544/2544
f 2545/2545/2545 2546/2546/2546 2547/2547/2547
f 2548/2548/2548 2549/2549/2549 2550/2550/2550
f 2551/2551/2551 2552/2552/2552 2553/2553/2553
f 2554/2554/2554 2555/2555/2555 2556/2556/2556
f 2557/2557/2557 2558/2558/2558 2559/2559/2559
f 2560/2560/2560 2561/2561/2561 2562/2562/2562
f 2563/2563/2563 2564/2564/2564 2565/2565/2565
f 2566/2566/2566 2567/2567/2567 2568/2568/2568
f 2569/2569/2569 2570/2570/2570 2571/2571/2571
f 2572/2572/2572 2573/2573/2573 2574/2574/2574
f 2575/2575/2575 2576/2576/2576 2577/2577/2577
f 2578/2578/2578 2579/2579/2579 2580/2580/2580
f 2581/2581/2581 2582/2582/2582 2583/2583/2583
f 2584/2584/2584 2585/2585/2585 2586/2586/2586
f 2587/2587/2587 2588/2588/2588 2589/2589/2589
f 2590/2590/2590 2591/2591/2591 2592/2592/2592
f 2593/2593/2593 2594/2594/2594 2595/2595/2595
f 2596/2596/2596 2597/2597/2597 2598/2598/2598
f 2599/2599/2599 2600/2600/2600 2601/2601/2601
f 2602/2602/2602 2603/2603/2603 2604/2604/2604
f 2605/2605/2605 2606/2606/2606 2607/2607/2607
f 2608/2608/2608 2609/2609/2609 2610/2610/2610
f 2611/2611/2611 2612/2612/2612 2613/2613/2613
f 2614/2614/2614 2615/2615/2615 2616/2616/2616
f 2617/2617/2617 2618/2618/2618 2619/2619/2619
f 2620/2620/2620 2621/2621/2621 2622/2622/2622
f 2623/2623/2623 2624/2624/2624 2625/2625/2625
f 2626/2626/2626 2627/2627/2627 2628/2628/2628
f 2629/2629/2629 2630/2630/2630 2631/2631/2631
f 2632/2632/2632 2633/2633/2633 2634/2634/2634
f 2635/2635/2635 2636/2636/2636 2637/2637/2637
f 2638/2638/2638 2639/2639/2639 2640/2640/2640
f 2641/2641/2641 2642/2642/2642 2643/2643/2643
f 2644/2644/2644 2645/2645/2645 2646/2646/2646
f 2647/2647/2647 2648/2648/2648 2649/2649/2649
f 2650/2650/2650 2651/2651/2651 2652/2652/2652
f 2653/2653/2653 2654/2654/2654 2655/2655/2655
f 2656/2656/2656 2657/2657/2657 2658/2658/2658