version 1.01
1588
[0.125111,-0.905369,0.454507][0.625721,0.281913,0.727323][0.968446,0.019684,0][0.114785,-0.839221,0.437639][0.644106,0.232553,0.728729][0.968562,0.029306,0][0.0534599,-0.83938,0.48061][0.416175,0.221987,0.881771][0.973257,0.029283,0][0.0534599,-0.83938,0.48061][0.416175,0.221987,0.881771][0.973257,0.029283,0][0.0610368,-0.905623,0.498995][0.402326,0.287268,0.869259][0.973153,0.019647,0][0.125111,-0.905369,0.454507][0.625721,0.281913,0.727323][0.968446,0.019684,0][0.0534599,-0.83938,0.48061][0.416175,0.221987,0.881771][0.973257,0.029283,0][-0.0207985,-0.839064,0.500334][0.158707,0.209852,0.964766][0.978104,0.029329,0][-0.0166818,-0.905421,0.519918][0.157743,0.287811,0.944607][0.978033,0.019676,0][-0.0166818,-0.905421,0.519918][0.157743,0.287811,0.944607][0.978033,0.019676,0][0.0610368,-0.905623,0.498995][0.402326,0.287268,0.869259][0.973153,0.019647,0][0.0534599,-0.83938,0.48061][0.416175,0.221987,0.881771][0.973257,0.029283,0][-0.17428,-0.838826,0.498594][-0.251025,0.203063,0.946442][0.792512,0.029364,0][-0.245054,-0.83938,0.465947][-0.536107,0.199736,0.820179][0.79741,0.029283,0][-0.251261,-0.905623,0.483654][-0.51808,0.266202,0.812853][0.797429,0.019647,0][-0.251261,-0.905623,0.483654][-0.51808,0.266202,0.812853][0.797429,0.019647,0][-0.177197,-0.905315,0.518027][-0.243646,0.284096,0.927322][0.792495,0.019692,0][-0.17428,-0.838826,0.498594][-0.251025,0.203063,0.946442][0.792512,0.029364,0][-0.301936,-0.839425,0.416504][-0.713966,0.201381,0.670595][0.80218,0.029277,0][-0.349705,-0.840204,0.355536][-0.897815,0.207153,0.388608][0.807304,0.029163,0][-0.360791,-0.905623,0.369252][-0.879002,0.233868,0.415525][0.807354,0.019647,0][-0.360791,-0.905623,0.369252][-0.879002,0.233868,0.415525][0.807354,0.019647,0][-0.310735,-0.90546,0.432409][-0.695731,0.253229,0.672186][0.802217,0.019671,0][-0.301936,-0.839425,0.416504][-0.713966,0.201381,0.670595][0.80218,0.029277,0][-0.349705,-0.840204,0.355536][-0.897815,0.207153,0.388608][0.807304,0.029163,0][-0.382054,-0.84054,0.17956][-0.979035,0.198022,-0.0477153][0.819848,0.029115,0][-0.394714,-0.905623,0.187036][-0.981994,0.187754,-0.020892][0.81984,0.019647,0][-0.394714,-0.905623,0.187036][-0.981994,0.187754,-0.020892][0.81984,0.019647,0][-0.360791,-0.905623,0.369252][-0.879002,0.233868,0.415525][0.807354,0.019647,0][-0.349705,-0.840204,0.355536][-0.897815,0.207153,0.388608][0.807304,0.029163,0][-0.382054,-0.84054,0.17956][-0.979035,0.198022,-0.0477153][0.819848,0.029115,0][-0.333933,-0.834324,-0.00353858][-0.986288,0.159593,-0.042035][0.83821,0.030019,0][-0.344345,-0.905623,-0.00511068][-0.984671,0.172108,-0.0283333][0.838323,0.019647,0][-0.344345,-0.905623,-0.00511068][-0.984671,0.172108,-0.0283333][0.838323,0.019647,0][-0.394714,-0.905623,0.187036][-0.981994,0.187754,-0.020892][0.81984,0.019647,0][-0.382054,-0.84054,0.17956][-0.979035,0.198022,-0.0477153][0.819848,0.029115,0][0.214976,-0.84054,0.208887][0.958402,0.246362,0.14412][0.951565,0.029115,0][0.229873,-0.905623,0.217716][0.957527,0.239973,0.159861][0.951518,0.019647,0][0.239106,-0.90562,0.023549][0.965382,0.258924,0.031568][0.935015,0.019647,0][0.239106,-0.90562,0.023549][0.965382,0.258924,0.031568][0.935015,0.019647,0][0.220491,-0.834383,0.0236959][0.964072,0.264472,0.0248909][0.935095,0.03001,0][0.214976,-0.84054,0.208887][0.958402,0.246362,0.14412][0.951565,0.029115,0][0.229873,-0.905623,0.217716][0.957527,0.239973,0.159861][0.951518,0.019647,0][0.214976,-0.84054,0.208887][0.958402,0.246362,0.14412][0.951565,0.029115,0][0.167338,-0.840204,0.380934][0.853285,0.24678,0.459352][0.963585,0.029163,0][0.167338,-0.840204,0.380934][0.853285,0.24678,0.459352][0.963585,0.029163,0][0.18012,-0.905623,0.395823][0.833741,0.270085,0.481592][0.963464,0.019647,0][0.229873,-0.905623,0.217716][0.957527,0.239973,0.159861][0.951518,0.019647,0][0.131569,-0.734289,-0.170396][0.646459,0.619452,-0.445386][0.912796,0.044571,0][0.0713133,-0.707072,-0.224582][0.55849,0.676875,-0.479509][0.904053,0.04853,0][0.0586027,-0.61956,-0.166052][0.565329,0.504217,-0.652815][0.90713,0.06126,0][0.0586027,-0.61956,-0.166052][0.565329,0.504217,-0.652815][0.90713,0.06126,0][0.12334,-0.639164,-0.108022][0.713292,0.471802,-0.518284][0.918259,0.058408,0][0.131569,-0.734289,-0.170396][0.646459,0.619452,-0.445386][0.912796,0.044571,0][-0.313578,-0.783428,-0.311957][-0.75684,0.598681,-0.262248][0.86654,0.037423,0][-0.333902,-0.761984,-0.148752][-0.886262,0.440854,-0.142084][0.854562,0.040542,0][-0.260283,-0.720353,-0.206547][-0.635877,0.66791,-0.386726][0.864827,0.046598,0][-0.260283,-0.720353,-0.206547][-0.635877,0.66791,-0.386726][0.864827,0.046598,0][-0.264992,-0.769278,-0.351252][-0.410474,0.883482,-0.225769][0.871384,0.039481,0][-0.313578,-0.783428,-0.311957][-0.75684,0.598681,-0.262248][0.86654,0.037423,0][-0.207312,-0.697069,-0.251147][-0.478611,0.742257,-0.469027][0.872415,0.049985,0][-0.200464,-0.616128,-0.178778][-0.522285,0.586806,-0.618771][0.86922,0.061759,0][-0.136766,-0.60766,-0.202311][-0.283799,0.655094,-0.700221][0.878935,0.062991,0][-0.136766,-0.60766,-0.202311][-0.283799,0.655094,-0.700221][0.878935,0.062991,0][-0.138525,-0.683969,-0.273054][-0.199476,0.793311,-0.575211][0.880247,0.05189,0][-0.207312,-0.697069,-0.251147][-0.478611,0.742257,-0.469027][0.872415,0.049985,0][0.208321,-0.85226,-0.2634][0.904819,0.359498,-0.228174][0.910955,0.02741,0][0.222122,-0.832433,-0.119084][0.947476,0.313432,-0.0636353][0.921714,0.030294,0][0.24583,-0.905614,-0.118628][0.950126,0.309024,-0.0420189][0.922524,0.019648,0][0.24583,-0.905614,-0.118628][0.950126,0.309024,-0.0420189][0.922524,0.019648,0][0.225622,-0.905614,-0.268234][0.920702,0.317011,-0.227624][0.911546,0.019648,0][0.208321,-0.85226,-0.2634][0.904819,0.359498,-0.228174][0.910955,0.02741,0][0.158939,-0.846593,-0.394258][0.836845,0.345807,-0.424392][0.902396,0.028234,0][0.17407,-0.905614,-0.407588][0.825072,0.317135,-0.467634][0.902758,0.019648,0][0.104748,-0.905619,-0.49616][0.66485,0.221781,-0.713294][0.89667,0.019648,0][0.104748,-0.905619,-0.49616][0.66485,0.221781,-0.713294][0.89667,0.019648,0][0.0943407,-0.837116,-0.486619][0.674092,0.263473,-0.69006][0.896307,0.029613,0][0.158939,-0.846593,-0.394258][0.836845,0.345807,-0.424392][0.902396,0.028234,0][0.0203865,-0.829135,-0.533785][0.434962,0.223301,-0.872321][0.891499,0.030773,0][0.0264956,-0.905621,-0.54324][0.414678,0.154837,-0.896698][0.89172,0.019647,0][-0.0486535,-0.905622,-0.566383][0.130083,0.124535,-0.983651][0.887507,0.019647,0][-0.0486535,-0.905622,-0.566383][0.130083,0.124535,-0.983651][0.887507,0.019647,0][-0.0506695,-0.824521,-0.557371][0.132755,0.199143,-0.970937][0.887436,0.031445,0][0.0203865,-0.829135,-0.533785][0.434962,0.223301,-0.872321][0.891499,0.030773,0][-0.200096,-0.831885,-0.527509][-0.545841,0.237692,-0.803468][0.879033,0.030373,0][-0.127486,-0.826004,-0.552773][-0.20326,0.210403,-0.956251][0.883231,0.031229,0][-0.12975,-0.905621,-0.562903][-0.182927,0.137835,-0.973416][0.883142,0.019647,0][-0.12975,-0.905621,-0.562903][-0.182927,0.137835,-0.973416][0.883142,0.019647,0][-0.206369,-0.905621,-0.538322][-0.528063,0.167019,-0.832619][0.878808,0.019647,0][-0.200096,-0.831885,-0.527509][-0.545841,0.237692,-0.803468][0.879033,0.030373,0][-0.200096,-0.831885,-0.527509][-0.545841,0.237692,-0.803468][0.879033,0.030373,0][-0.206369,-0.905621,-0.538322][-0.528063,0.167019,-0.832619][0.878808,0.019647,0][-0.282131,-0.905616,-0.456789][-0.801098,0.225059,-0.554608][0.873202,0.019648,0][-0.282131,-0.905616,-0.456789][-0.801098,0.225059,-0.554608][0.873202,0.019648,0][-0.271526,-0.836733,-0.441743][-0.806045,0.284423,-0.519033][0.873472,0.029668,0][-0.200096,-0.831885,-0.527509][-0.545841,0.237692,-0.803468][0.879033,0.030373,0][-0.38148,-0.905619,-0.149442][-0.953953,0.298151,0.0328601][0.852121,0.019648,0][-0.356865,-0.828377,-0.147525][-0.956117,0.292949,0.00456848][0.853168,0.030884,0][-0.329208,-0.839647,-0.329578][-0.903159,0.302821,-0.304306][0.866312,0.029244,0][-0.329208,-0.839647,-0.329578][-0.903159,0.302821,-0.304306][0.866312,0.029244,0][-0.346245,-0.905617,-0.336776][-0.911858,0.263279,-0.314958][0.865594,0.019648,0][-0.38148,-0.905619,-0.149442][-0.953953,0.298151,0.0328601][0.852121,0.019648,0][-0.356865,-0.828377,-0.147525][-0.956117,0.292949,0.00456848][0.853168,0.030884,0][-0.38148,-0.905619,-0.149442][-0.953953,0.298151,0.0328601][0.852121,0.019648,0][-0.344345,-0.905623,-0.00511068][-0.984671,0.172108,-0.0283333][0.838323,0.019647,0][-0.344345,-0.905623,-0.00511068][-0.984671,0.172108,-0.0283333][0.838323,0.019647,0][-0.333933,-0.834324,-0.00353858][-0.986288,0.159593,-0.042035][0.83821,0.030019,0][-0.356865,-0.828377,-0.147525][-0.956117,0.292949,0.00456848][0.853168,0.030884,0][0.222122,-0.832433,-0.119084][0.947476,0.313432,-0.0636353][0.921714,0.030294,0][0.220491,-0.834383,0.0236959][0.964072,0.264472,0.0248909][0.935095,0.03001,0][0.239106,-0.90562,0.023549][0.965382,0.258924,0.031568][0.935015,0.019647,0][0.239106,-0.90562,0.023549][0.965382,0.258924,0.031568][0.935015,0.019647,0][0.24583,-0.905614,-0.118628][0.950126,0.309024,-0.0420189][0.922524,0.019648,0][0.222122,-0.832433,-0.119084][0.947476,0.313432,-0.0636353][0.921714,0.030294,0][0.0264956,-0.905621,-0.54324][0.414678,0.154837,-0.896698][0.89172,0.019647,0][0.0203865,-0.829135,-0.533785][0.434962,0.223301,-0.872321][0.891499,0.030773,0][0.0943407,-0.837116,-0.486619][0.674092,0.263473,-0.69006][0.896307,0.029613,0][0.0943407,-0.837116,-0.486619][0.674092,0.263473,-0.69006][0.896307,0.029613,0][0.104748,-0.905619,-0.49616][0.66485,0.221781,-0.713294][0.89667,0.019648,0][0.0264956,-0.905621,-0.54324][0.414678,0.154837,-0.896698][0.89172,0.019647,0][-0.127486,-0.826004,-0.552773][-0.20326,0.210403,-0.956251][0.883231,0.031229,0][-0.0506695,-0.824521,-0.557371][0.132755,0.199143,-0.970937][0.887436,0.031445,0][-0.0486535,-0.905622,-0.566383][0.130083,0.124535,-0.983651][0.887507,0.019647,0][-0.0486535,-0.905622,-0.566383][0.130083,0.124535,-0.983651][0.887507,0.019647,0][-0.12975,-0.905621,-0.562903][-0.182927,0.137835,-0.973416][0.883142,0.019647,0][-0.127486,-0.826004,-0.552773][-0.20326,0.210403,-0.956251][0.883231,0.031229,0][0.0141662,-0.763426,-0.514023][0.385388,0.739294,-0.552196][0.891381,0.040332,0][-0.0529727,-0.754644,-0.537956][0.113101,0.752643,-0.648642][0.887389,0.04161,0][-0.0585026,-0.74773,-0.425143][0.0791295,0.974159,-0.211547][0.887593,0.042615,0][-0.0585026,-0.74773,-0.425143][0.0791295,0.974159,-0.211547][0.887593,0.042615,0][0.0128019,-0.757109,-0.399785][0.260616,0.942241,-0.210385][0.892968,0.041251,0][0.0141662,-0.763426,-0.514023][0.385388,0.739294,-0.552196][0.891381,0.040332,0][0.0840031,-0.778611,-0.466849][0.559656,0.711303,-0.425245][0.896144,0.038123,0][0.0141662,-0.763426,-0.514023][0.385388,0.739294,-0.552196][0.891381,0.040332,0][0.0128019,-0.757109,-0.399785][0.260616,0.942241,-0.210385][0.892968,0.041251,0][0.0128019,-0.757109,-0.399785][0.260616,0.942241,-0.210385][0.892968,0.041251,0][0.087033,-0.772924,-0.351108][0.39442,0.894034,-0.212452][0.899462,0.03895,0][0.0840031,-0.778611,-0.466849][0.559656,0.711303,-0.425245][0.896144,0.038123,0][0.144055,-0.787487,-0.294775][0.506118,0.837397,-0.206423][0.905605,0.036832,0][0.191382,-0.807428,-0.248019][0.780502,0.581901,-0.228491][0.910954,0.033931,0][0.144153,-0.796647,-0.371299][0.664417,0.705198,-0.24748][0.902368,0.0355,0][0.225622,-0.905614,-0.268234][0.920702,0.317011,-0.227624][0.911546,0.019648,0][0.17407,-0.905614,-0.407588][0.825072,0.317135,-0.467634][0.902758,0.019648,0][0.158939,-0.846593,-0.394258][0.836845,0.345807,-0.424392][0.902396,0.028234,0][0.158939,-0.846593,-0.394258][0.836845,0.345807,-0.424392][0.902396,0.028234,0][0.208321,-0.85226,-0.2634][0.904819,0.359498,-0.228174][0.910955,0.02741,0][0.225622,-0.905614,-0.268234][0.920702,0.317011,-0.227624][0.911546,0.019648,0][-0.346245,-0.905617,-0.336776][-0.911858,0.263279,-0.314958][0.865594,0.019648,0][-0.329208,-0.839647,-0.329578][-0.903159,0.302821,-0.304306][0.866312,0.029244,0][-0.271526,-0.836733,-0.441743][-0.806045,0.284423,-0.519033][0.873472,0.029668,0][-0.271526,-0.836733,-0.441743][-0.806045,0.284423,-0.519033][0.873472,0.029668,0][-0.282131,-0.905616,-0.456789][-0.801098,0.225059,-0.554608][0.873202,0.019648,0][-0.346245,-0.905617,-0.336776][-0.911858,0.263279,-0.314958][0.865594,0.019648,0][-0.211043,-0.759639,-0.394883][-0.28713,0.927811,-0.238168][0.876358,0.040883,0][-0.194451,-0.768657,-0.50653][-0.474896,0.694079,-0.541044][0.879121,0.039571,0][-0.261769,-0.777885,-0.417156][-0.628885,0.697799,-0.342899][0.87348,0.038229,0][-0.261769,-0.777885,-0.417156][-0.628885,0.697799,-0.342899][0.87348,0.038229,0][-0.264992,-0.769278,-0.351252][-0.410474,0.883482,-0.225769][0.871384,0.039481,0][-0.211043,-0.759639,-0.394883][-0.28713,0.927811,-0.238168][0.876358,0.040883,0][-0.194451,-0.768657,-0.50653][-0.474896,0.694079,-0.541044][0.879121,0.039571,0][-0.211043,-0.759639,-0.394883][-0.28713,0.927811,-0.238168][0.876358,0.040883,0][-0.136939,-0.749464,-0.420166][-0.127829,0.963038,-0.237104][0.881991,0.042363,0][-0.136939,-0.749464,-0.420166][-0.127829,0.963038,-0.237104][0.881991,0.042363,0][-0.125685,-0.757467,-0.532375][-0.1966,0.752221,-0.628898][0.883265,0.041199,0][-0.194451,-0.768657,-0.50653][-0.474896,0.694079,-0.541044][0.879121,0.039571,0][-0.125685,-0.757467,-0.532375][-0.1966,0.752221,-0.628898][0.883265,0.041199,0][-0.136939,-0.749464,-0.420166][-0.127829,0.963038,-0.237104][0.881991,0.042363,0][-0.0585026,-0.74773,-0.425143][0.0791295,0.974159,-0.211547][0.887593,0.042615,0][-0.0585026,-0.74773,-0.425143][0.0791295,0.974159,-0.211547][0.887593,0.042615,0][-0.0529727,-0.754644,-0.537956][0.113101,0.752643,-0.648642][0.887389,0.04161,0][-0.125685,-0.757467,-0.532375][-0.1966,0.752221,-0.628898][0.883265,0.041199,0][0.144153,-0.796647,-0.371299][0.664417,0.705198,-0.24748][0.902368,0.0355,0][0.0840031,-0.778611,-0.466849][0.559656,0.711303,-0.425245][0.896144,0.038123,0][0.087033,-0.772924,-0.351108][0.39442,0.894034,-0.212452][0.899462,0.03895,0][0.087033,-0.772924,-0.351108][0.39442,0.894034,-0.212452][0.899462,0.03895,0][0.144055,-0.787487,-0.294775][0.506118,0.837397,-0.206423][0.905605,0.036832,0][0.144153,-0.796647,-0.371299][0.664417,0.705198,-0.24748][0.902368,0.0355,0][-0.264992,-0.769278,-0.351252][-0.410474,0.883482,-0.225769][0.871384,0.039481,0][-0.261769,-0.777885,-0.417156][-0.628885,0.697799,-0.342899][0.87348,0.038229,0][-0.313578,-0.783428,-0.311957][-0.75684,0.598681,-0.262248][0.86654,0.037423,0][0.131569,-0.734289,-0.170396][0.646459,0.619452,-0.445386][0.912796,0.044571,0][0.200118,-0.769712,-0.12252][0.869101,0.444877,-0.216214][0.9206,0.039418,0][0.191382,-0.807428,-0.248019][0.780502,0.581901,-0.228491][0.910954,0.033931,0][0.191382,-0.807428,-0.248019][0.780502,0.581901,-0.228491][0.910954,0.033931,0][0.144055,-0.787487,-0.294775][0.506118,0.837397,-0.206423][0.905605,0.036832,0][0.131569,-0.734289,-0.170396][0.646459,0.619452,-0.445386][0.912796,0.044571,0][-0.00667304,-0.608979,-0.19688][0.388497,0.585371,-0.711625][0.897399,0.062799,0][0.0586027,-0.61956,-0.166052][0.565329,0.504217,-0.652815][0.90713,0.06126,0][0.0713133,-0.707072,-0.224582][0.55849,0.676875,-0.479509][0.904053,0.04853,0][0.0713133,-0.707072,-0.224582][0.55849,0.676875,-0.479509][0.904053,0.04853,0][0.00141972,-0.689121,-0.261031][0.350451,0.74628,-0.565907][0.895536,0.051141,0][-0.00667304,-0.608979,-0.19688][0.388497,0.585371,-0.711625][0.897399,0.062799,0][-0.260283,-0.720353,-0.206547][-0.635877,0.66791,-0.386726][0.864827,0.046598,0][-0.254484,-0.632015,-0.130272][-0.714724,0.521845,-0.465669][0.858747,0.059448,0][-0.200464,-0.616128,-0.178778][-0.522285,0.586806,-0.618771][0.86922,0.061759,0][-0.200464,-0.616128,-0.178778][-0.522285,0.586806,-0.618771][0.86922,0.061759,0][-0.207312,-0.697069,-0.251147][-0.478611,0.742257,-0.469027][0.872415,0.049985,0][-0.260283,-0.720353,-0.206547][-0.635877,0.66791,-0.386726][0.864827,0.046598,0][0.181991,-0.694867,0.207887][0.970189,0.201378,0.134833][0.953118,0.050305,0][0.200028,-0.785115,0.211803][0.962463,0.226499,0.149542][0.952483,0.037177,0][0.202915,-0.773408,0.0206226][0.967919,0.250941,0.0126705][0.934845,0.03888,0][0.202915,-0.773408,0.0206226][0.967919,0.250941,0.0126705][0.934845,0.03888,0][0.179369,-0.668315,-0.0257783][0.932639,0.333751,-0.137093][0.929676,0.054168,0][0.181991,-0.694867,0.207887][0.970189,0.201378,0.134833][0.953118,0.050305,0][-0.35653,-0.694867,0.181433][-0.990042,0.135077,-0.0396241][0.818408,0.050305,0][-0.307173,-0.663251,-0.049677][-0.944996,0.288134,-0.154797][0.844949,0.054904,0][-0.323497,-0.773292,-0.005235][-0.985726,0.154439,-0.0670284][0.838527,0.038897,0][-0.323497,-0.773292,-0.005235][-0.985726,0.154439,-0.0670284][0.838527,0.038897,0][-0.370072,-0.785115,0.183799][-0.983977,0.176543,-0.0249181][0.818921,0.037177,0][-0.35653,-0.694867,0.181433][-0.990042,0.135077,-0.0396241][0.818408,0.050305,0][-0.328204,-0.695081,0.349406][-0.907435,0.135041,0.397902][0.806276,0.050274,0][-0.35653,-0.694867,0.181433][-0.990042,0.135077,-0.0396241][0.818408,0.050305,0][-0.370072,-0.785115,0.183799][-0.983977,0.176543,-0.0249181][0.818921,0.037177,0][-0.370072,-0.785115,0.183799][-0.983977,0.176543,-0.0249181][0.818921,0.037177,0][-0.339283,-0.784473,0.354119][-0.901708,0.154663,0.403735][0.80675,0.03727,0][-0.328204,-0.695081,0.349406][-0.907435,0.135041,0.397902][0.806276,0.050274,0][-0.293904,-0.783323,0.413273][-0.722017,0.13474,0.678629][0.801787,0.037438,0][-0.286057,-0.693767,0.405117][-0.724389,0.12521,0.677925][0.801547,0.050465,0][-0.328204,-0.695081,0.349406][-0.907435,0.135041,0.397902][0.806276,0.050274,0][-0.328204,-0.695081,0.349406][-0.907435,0.135041,0.397902][0.806276,0.050274,0][-0.339283,-0.784473,0.354119][-0.901708,0.154663,0.403735][0.80675,0.03727,0][-0.293904,-0.783323,0.413273][-0.722017,0.13474,0.678629][0.801787,0.037438,0][-0.170492,-0.69157,0.480145][-0.251184,0.13614,0.958318][0.792465,0.050785,0][-0.234797,-0.69319,0.449304][-0.546356,0.133485,0.826848][0.797108,0.050549,0][-0.239412,-0.782908,0.460903][-0.540194,0.129539,0.831511][0.797163,0.037498,0][-0.239412,-0.782908,0.460903][-0.540194,0.129539,0.831511][0.797163,0.037498,0][-0.171961,-0.782478,0.492392][-0.247294,0.125042,0.960838][0.792431,0.037561,0][-0.170492,-0.69157,0.480145][-0.251184,0.13614,0.958318][0.792465,0.050785,0][0.0395463,-0.69319,0.462779][0.420038,0.148296,0.895308][0.97378,0.050549,0][-0.0290975,-0.691808,0.481292][0.154345,0.141501,0.977832][0.978457,0.05075,0][-0.0252124,-0.782715,0.493802][0.155193,0.135197,0.978589][0.978321,0.037526,0][-0.0252124,-0.782715,0.493802][0.155193,0.135197,0.978589][0.978321,0.037526,0][0.0456378,-0.782908,0.474905][0.415066,0.148804,0.89754][0.973626,0.037498,0][0.0395463,-0.69319,0.462779][0.420038,0.148296,0.895308][0.97378,0.050549,0][0.0936906,-0.693566,0.424436][0.661935,0.15293,0.733795][0.969463,0.050495,0][0.0395463,-0.69319,0.462779][0.420038,0.148296,0.895308][0.97378,0.050549,0][0.0456378,-0.782908,0.474905][0.415066,0.148804,0.89754][0.973626,0.037498,0][0.0456378,-0.782908,0.474905][0.415066,0.148804,0.89754][0.973626,0.037498,0][0.104423,-0.783121,0.433505][0.653825,0.165849,0.738246][0.969061,0.037467,0][0.0936906,-0.693566,0.424436][0.661935,0.15293,0.733795][0.969463,0.050495,0][0.181991,-0.694867,0.207887][0.970189,0.201378,0.134833][0.953118,0.050305,0][0.139062,-0.695081,0.37236][0.866955,0.175464,0.466477][0.964897,0.050274,0][0.154437,-0.784473,0.378372][0.857975,0.200066,0.473131][0.96422,0.03727,0][0.154437,-0.784473,0.378372][0.857975,0.200066,0.473131][0.96422,0.03727,0][0.200028,-0.785115,0.211803][0.962463,0.226499,0.149542][0.952483,0.037177,0][0.181991,-0.694867,0.207887][0.970189,0.201378,0.134833][0.953118,0.050305,0][-0.333902,-0.761984,-0.148752][-0.886262,0.440854,-0.142084][0.854562,0.040542,0][-0.323497,-0.773292,-0.005235][-0.985726,0.154439,-0.0670284][0.838527,0.038897,0][-0.307173,-0.663251,-0.049677][-0.944996,0.288134,-0.154797][0.844949,0.054904,0][0.202915,-0.773408,0.0206226][0.967919,0.250941,0.0126705][0.934845,0.03888,0][0.200118,-0.769712,-0.12252][0.869101,0.444877,-0.216214][0.9206,0.039418,0][0.179369,-0.668315,-0.0257783][0.932639,0.333751,-0.137093][0.929676,0.054168,0][-0.138525,-0.683969,-0.273054][-0.199476,0.793311,-0.575211][0.880247,0.05189,0][-0.136766,-0.60766,-0.202311][-0.283799,0.655094,-0.700221][0.878935,0.062991,0][-0.0688804,-0.603444,-0.2191][0.0655947,0.632994,-0.771373][0.88844,0.063604,0][-0.0688804,-0.603444,-0.2191][0.0655947,0.632994,-0.771373][0.88844,0.063604,0][-0.0657262,-0.68272,-0.275829][0.0923964,0.777699,-0.621809][0.888118,0.052072,0][-0.138525,-0.683969,-0.273054][-0.199476,0.793311,-0.575211][0.880247,0.05189,0][-0.0688804,-0.603444,-0.2191][0.0655947,0.632994,-0.771373][0.88844,0.063604,0][-0.00667304,-0.608979,-0.19688][0.388497,0.585371,-0.711625][0.897399,0.062799,0][0.00141972,-0.689121,-0.261031][0.350451,0.74628,-0.565907][0.895536,0.051141,0][0.00141972,-0.689121,-0.261031][0.350451,0.74628,-0.565907][0.895536,0.051141,0][-0.0657262,-0.68272,-0.275829][0.0923964,0.777699,-0.621809][0.888118,0.052072,0][-0.0688804,-0.603444,-0.2191][0.0655947,0.632994,-0.771373][0.88844,0.063604,0][0.0610368,-0.905623,0.498995][0.00943244,0.999738,0.0208655][0.973153,0.019647,0][0.0772085,-0.907074,0.561215][0.00919239,0.999739,0.0209272][0.973211,0.018749,0][0.148956,-0.906789,0.511398][0.0147672,0.999715,0.0187778][0.968513,0.018787,0][0.148956,-0.906789,0.511398][0.0147672,0.999715,0.0187778][0.968513,0.018787,0][0.125111,-0.905369,0.454507][0.017033,0.999696,0.0178278][0.968446,0.019684,0][0.0610368,-0.905623,0.498995][0.00943244,0.999738,0.0208655][0.973153,0.019647,0][-0.0166818,-0.905421,0.519918][0.00380573,0.999759,0.0216369][0.978033,0.019676,0][-0.0098201,-0.906848,0.584643][0.00344957,0.999759,0.0216746][0.978083,0.018779,0][0.0772085,-0.907074,0.561215][0.00919239,0.999739,0.0209272][0.973211,0.018749,0][0.0772085,-0.907074,0.561215][0.00919239,0.999739,0.0209272][0.973211,0.018749,0][0.0610368,-0.905623,0.498995][0.00943244,0.999738,0.0208655][0.973153,0.019647,0][-0.0166818,-0.905421,0.519918][0.00380573,0.999759,0.0216369][0.978033,0.019676,0][-0.177197,-0.905315,0.518027][-0.0059947,0.999766,0.0207625][0.792495,0.019692,0][-0.251261,-0.905623,0.483654][-0.0135049,0.999723,0.0192718][0.797429,0.019647,0][-0.272492,-0.907074,0.544037][-0.0134131,0.999724,0.0193051][0.797449,0.018749,0][-0.272492,-0.907074,0.544037][-0.0134131,0.999724,0.0193051][0.797449,0.018749,0][-0.189557,-0.906728,0.582526][-0.00528682,0.999768,0.0208915][0.792526,0.018795,0][-0.177197,-0.905315,0.518027][-0.0059947,0.999766,0.0207625][0.792495,0.019692,0][-0.310735,-0.90546,0.432409][-0.0186959,0.999688,0.0165905][0.802217,0.019671,0][-0.360791,-0.905623,0.369252][-0.0294973,0.999521,0.00936705][0.807354,0.019647,0][-0.395138,-0.907074,0.415933][-0.025618,0.999597,0.0122165][0.807349,0.018749,0][-0.395138,-0.907074,0.415933][-0.025618,0.999597,0.0122165][0.807349,0.018749,0][-0.339089,-0.90689,0.486655][-0.0169876,0.999703,0.0174841][0.802225,0.018773,0][-0.310735,-0.90546,0.432409][-0.0186959,0.999688,0.0165905][0.802217,0.019671,0][-0.360791,-0.905623,0.369252][-0.0294973,0.999521,0.00936705][0.807354,0.019647,0][-0.394714,-0.905623,0.187036][-0.041573,0.999118,-0.00591788][0.81984,0.019647,0][-0.433127,-0.907074,0.211892][-0.0369183,0.999317,0.00128734][0.819792,0.018749,0][-0.433127,-0.907074,0.211892][-0.0369183,0.999317,0.00128734][0.819792,0.018749,0][-0.395138,-0.907074,0.415933][-0.025618,0.999597,0.0122165][0.807349,0.018749,0][-0.360791,-0.905623,0.369252][-0.0294973,0.999521,0.00936705][0.807354,0.019647,0][-0.206369,-0.905621,-0.538322][-0.0144118,0.999702,-0.0196924][0.878808,0.019647,0][-0.222224,-0.907071,-0.600338][-0.0117744,0.999723,-0.0203686][0.87876,0.018749,0][-0.307059,-0.907066,-0.50904][-0.0222068,0.999606,-0.0171522][0.873139,0.01875,0][-0.307059,-0.907066,-0.50904][-0.0222068,0.999606,-0.0171522][0.873139,0.01875,0][-0.282131,-0.905616,-0.456789][-0.0247216,0.999567,-0.0159547][0.873202,0.019648,0][-0.206369,-0.905621,-0.538322][-0.0144118,0.999702,-0.0196924][0.878808,0.019647,0][-0.12975,-0.905621,-0.562903][-0.00406371,0.999752,-0.0219118][0.883142,0.019647,0][-0.136428,-0.907072,-0.627862][-0.00377918,0.999752,-0.0219424][0.883102,0.018749,0][-0.222224,-0.907071,-0.600338][-0.0117744,0.999723,-0.0203686][0.87876,0.018749,0][-0.222224,-0.907071,-0.600338][-0.0117744,0.999723,-0.0203686][0.87876,0.018749,0][-0.206369,-0.905621,-0.538322][-0.0144118,0.999702,-0.0196924][0.878808,0.019647,0][-0.12975,-0.905621,-0.562903][-0.00406371,0.999752,-0.0219118][0.883142,0.019647,0][-0.0486535,-0.905622,-0.566383][0.00306529,0.999752,-0.0220403][0.887507,0.019647,0][0.0264956,-0.905621,-0.54324][0.00998223,0.999725,-0.0212346][0.89172,0.019647,0][0.0385308,-0.907071,-0.605846][0.00913437,0.999729,-0.0214002][0.891696,0.018749,0][0.0385308,-0.907071,-0.605846][0.00913437,0.999729,-0.0214002][0.891696,0.018749,0][-0.0456176,-0.907072,-0.631761][0.00266089,0.999753,-0.0220584][0.887475,0.018749,0][-0.0486535,-0.905622,-0.566383][0.00306529,0.999752,-0.0220403][0.887507,0.019647,0][0.104748,-0.905619,-0.49616][0.0181681,0.999662,-0.0186079][0.89667,0.019648,0][0.17407,-0.905614,-0.407588][0.0276876,0.999526,-0.0134957][0.902758,0.019648,0][0.203779,-0.907063,-0.453947][0.0248449,0.999574,-0.0153186][0.902757,0.01875,0][0.203779,-0.907063,-0.453947][0.0248449,0.999574,-0.0153186][0.902757,0.01875,0][0.126155,-0.907068,-0.553128][0.015946,0.999684,-0.0194446][0.896655,0.018749,0][0.104748,-0.905619,-0.49616][0.0181681,0.999662,-0.0186079][0.89667,0.019648,0][0.18012,-0.905623,0.395823][0.0287056,0.999521,0.0115685][0.963464,0.019647,0][0.210552,-0.907074,0.445685][0.0250173,0.999591,0.0138225][0.96354,0.018749,0][0.266267,-0.907074,0.246249][0.0345578,0.99938,0.00674804][0.951618,0.018749,0][0.266267,-0.907074,0.246249][0.0345578,0.99938,0.00674804][0.951618,0.018749,0][0.229873,-0.905623,0.217716][0.0364021,0.999328,0.00439357][0.951518,0.019647,0][0.18012,-0.905623,0.395823][0.0287056,0.999521,0.0115685][0.963464,0.019647,0][-0.38148,-0.905619,-0.149442][-0.0412074,0.999141,0.00445291][0.852121,0.019648,0][-0.418307,-0.907069,-0.164883][-0.0390795,0.999236,-0.000631908][0.852005,0.018749,0][-0.376725,-0.907074,-0.00326681][-0.0448058,0.998995,-0.000644395][0.838191,0.018749,0][-0.376725,-0.907074,-0.00326681][-0.0448058,0.998995,-0.000644395][0.838191,0.018749,0][-0.344345,-0.905623,-0.00511068][-0.0447558,0.998998,0.000255397][0.838323,0.019647,0][-0.38148,-0.905619,-0.149442][-0.0412074,0.999141,0.00445291][0.852121,0.019648,0][0.24583,-0.905614,-0.118628][0.037494,0.999296,-0.00100319][0.922524,0.019648,0][0.239106,-0.90562,0.023549][0.0384086,0.99926,0.00184963][0.935015,0.019647,0][0.276604,-0.907071,0.0288265][0.038405,0.999261,0.00184944][0.935113,0.018749,0][0.276604,-0.907071,0.0288265][0.038405,0.999261,0.00184944][0.935113,0.018749,0][0.284136,-0.907063,-0.130379][0.0371549,0.999307,-0.00210031][0.922586,0.01875,0][0.24583,-0.905614,-0.118628][0.037494,0.999296,-0.00100319][0.922524,0.019648,0][0.225622,-0.905614,-0.268234][0.0343173,0.999384,-0.00730112][0.911546,0.019648,0][0.24583,-0.905614,-0.118628][0.037494,0.999296,-0.00100319][0.922524,0.019648,0][0.284136,-0.907063,-0.130379][0.0371549,0.999307,-0.00210031][0.922586,0.01875,0][0.284136,-0.907063,-0.130379][0.0371549,0.999307,-0.00210031][0.922586,0.01875,0][0.261504,-0.907063,-0.297902][0.0327775,0.999421,-0.00916549][0.91157,0.01875,0][0.225622,-0.905614,-0.268234][0.0343173,0.999384,-0.00730112][0.911546,0.019648,0][-0.346245,-0.905617,-0.336776][-0.0333352,0.999398,-0.00957342][0.865594,0.019648,0][-0.378853,-0.907067,-0.374653][-0.0303045,0.999466,-0.012187][0.865511,0.01875,0][-0.418307,-0.907069,-0.164883][-0.0390795,0.999236,-0.000631908][0.852005,0.018749,0][-0.418307,-0.907069,-0.164883][-0.0390795,0.999236,-0.000631908][0.852005,0.018749,0][-0.38148,-0.905619,-0.149442][-0.0412074,0.999141,0.00445291][0.852121,0.019648,0][-0.346245,-0.905617,-0.336776][-0.0333352,0.999398,-0.00957342][0.865594,0.019648,0][-0.394714,-0.905623,0.187036][-0.041573,0.999118,-0.00591788][0.81984,0.019647,0][-0.344345,-0.905623,-0.00511068][-0.0447558,0.998998,0.000255397][0.838323,0.019647,0][-0.376725,-0.907074,-0.00326681][-0.0448058,0.998995,-0.000644395][0.838191,0.018749,0][-0.376725,-0.907074,-0.00326681][-0.0448058,0.998995,-0.000644395][0.838191,0.018749,0][-0.433127,-0.907074,0.211892][-0.0369183,0.999317,0.00128734][0.819792,0.018749,0][-0.394714,-0.905623,0.187036][-0.041573,0.999118,-0.00591788][0.81984,0.019647,0][0.276604,-0.907071,0.0288265][0.038405,0.999261,0.00184944][0.935113,0.018749,0][0.239106,-0.90562,0.023549][0.0384086,0.99926,0.00184963][0.935015,0.019647,0][0.229873,-0.905623,0.217716][0.0364021,0.999328,0.00439357][0.951518,0.019647,0][0.229873,-0.905623,0.217716][0.0364021,0.999328,0.00439357][0.951518,0.019647,0][0.266267,-0.907074,0.246249][0.0345578,0.99938,0.00674804][0.951618,0.018749,0][0.276604,-0.907071,0.0288265][0.038405,0.999261,0.00184944][0.935113,0.018749,0][0.0264956,-0.905621,-0.54324][0.00998223,0.999725,-0.0212346][0.89172,0.019647,0][0.104748,-0.905619,-0.49616][0.0181681,0.999662,-0.0186079][0.89667,0.019648,0][0.126155,-0.907068,-0.553128][0.015946,0.999684,-0.0194446][0.896655,0.018749,0][0.126155,-0.907068,-0.553128][0.015946,0.999684,-0.0194446][0.896655,0.018749,0][0.0385308,-0.907071,-0.605846][0.00913437,0.999729,-0.0214002][0.891696,0.018749,0][0.0264956,-0.905621,-0.54324][0.00998223,0.999725,-0.0212346][0.89172,0.019647,0][-0.0486535,-0.905622,-0.566383][0.00306529,0.999752,-0.0220403][0.887507,0.019647,0][-0.0456176,-0.907072,-0.631761][0.00266089,0.999753,-0.0220584][0.887475,0.018749,0][-0.136428,-0.907072,-0.627862][-0.00377918,0.999752,-0.0219424][0.883102,0.018749,0][-0.136428,-0.907072,-0.627862][-0.00377918,0.999752,-0.0219424][0.883102,0.018749,0][-0.12975,-0.905621,-0.562903][-0.00406371,0.999752,-0.0219118][0.883142,0.019647,0][-0.0486535,-0.905622,-0.566383][0.00306529,0.999752,-0.0220403][0.887507,0.019647,0][0.17407,-0.905614,-0.407588][0.0276876,0.999526,-0.0134957][0.902758,0.019648,0][0.225622,-0.905614,-0.268234][0.0343173,0.999384,-0.00730112][0.911546,0.019648,0][0.261504,-0.907063,-0.297902][0.0327775,0.999421,-0.00916549][0.91157,0.01875,0][0.261504,-0.907063,-0.297902][0.0327775,0.999421,-0.00916549][0.91157,0.01875,0][0.203779,-0.907063,-0.453947][0.0248449,0.999574,-0.0153186][0.902757,0.01875,0][0.17407,-0.905614,-0.407588][0.0276876,0.999526,-0.0134957][0.902758,0.019648,0][-0.282131,-0.905616,-0.456789][-0.0247216,0.999567,-0.0159547][0.873202,0.019648,0][-0.307059,-0.907066,-0.50904][-0.0222068,0.999606,-0.0171522][0.873139,0.01875,0][-0.378853,-0.907067,-0.374653][-0.0303045,0.999466,-0.012187][0.865511,0.01875,0][-0.378853,-0.907067,-0.374653][-0.0303045,0.999466,-0.012187][0.865511,0.01875,0][-0.346245,-0.905617,-0.336776][-0.0333352,0.999398,-0.00957342][0.865594,0.019648,0][-0.282131,-0.905616,-0.456789][-0.0247216,0.999567,-0.0159547][0.873202,0.019648,0][0.144055,-0.787487,-0.294775][0.506118,0.837397,-0.206423][0.905605,0.036832,0][0.087033,-0.772924,-0.351108][0.39442,0.894034,-0.212452][0.899462,0.03895,0][0.0713133,-0.707072,-0.224582][0.55849,0.676875,-0.479509][0.904053,0.04853,0][0.0713133,-0.707072,-0.224582][0.55849,0.676875,-0.479509][0.904053,0.04853,0][0.131569,-0.734289,-0.170396][0.646459,0.619452,-0.445386][0.912796,0.044571,0][0.144055,-0.787487,-0.294775][0.506118,0.837397,-0.206423][0.905605,0.036832,0][0.00141972,-0.689121,-0.261031][0.350451,0.74628,-0.565907][0.895536,0.051141,0][0.0713133,-0.707072,-0.224582][0.55849,0.676875,-0.479509][0.904053,0.04853,0][0.087033,-0.772924,-0.351108][0.39442,0.894034,-0.212452][0.899462,0.03895,0][0.087033,-0.772924,-0.351108][0.39442,0.894034,-0.212452][0.899462,0.03895,0][0.0128019,-0.757109,-0.399785][0.260616,0.942241,-0.210385][0.892968,0.041251,0][0.00141972,-0.689121,-0.261031][0.350451,0.74628,-0.565907][0.895536,0.051141,0][-0.0657262,-0.68272,-0.275829][0.0923964,0.777699,-0.621809][0.888118,0.052072,0][0.00141972,-0.689121,-0.261031][0.350451,0.74628,-0.565907][0.895536,0.051141,0][0.0128019,-0.757109,-0.399785][0.260616,0.942241,-0.210385][0.892968,0.041251,0][0.0128019,-0.757109,-0.399785][0.260616,0.942241,-0.210385][0.892968,0.041251,0][-0.0585026,-0.74773,-0.425143][0.0791295,0.974159,-0.211547][0.887593,0.042615,0][-0.0657262,-0.68272,-0.275829][0.0923964,0.777699,-0.621809][0.888118,0.052072,0][-0.136939,-0.749464,-0.420166][-0.127829,0.963038,-0.237104][0.881991,0.042363,0][-0.138525,-0.683969,-0.273054][-0.199476,0.793311,-0.575211][0.880247,0.05189,0][-0.0657262,-0.68272,-0.275829][0.0923964,0.777699,-0.621809][0.888118,0.052072,0][-0.0657262,-0.68272,-0.275829][0.0923964,0.777699,-0.621809][0.888118,0.052072,0][-0.0585026,-0.74773,-0.425143][0.0791295,0.974159,-0.211547][0.887593,0.042615,0][-0.136939,-0.749464,-0.420166][-0.127829,0.963038,-0.237104][0.881991,0.042363,0][-0.211043,-0.759639,-0.394883][-0.28713,0.927811,-0.238168][0.876358,0.040883,0][-0.207312,-0.697069,-0.251147][-0.478611,0.742257,-0.469027][0.872415,0.049985,0][-0.138525,-0.683969,-0.273054][-0.199476,0.793311,-0.575211][0.880247,0.05189,0][-0.138525,-0.683969,-0.273054][-0.199476,0.793311,-0.575211][0.880247,0.05189,0][-0.136939,-0.749464,-0.420166][-0.127829,0.963038,-0.237104][0.881991,0.042363,0][-0.211043,-0.759639,-0.394883][-0.28713,0.927811,-0.238168][0.876358,0.040883,0][-0.264992,-0.769278,-0.351252][-0.410474,0.883482,-0.225769][0.871384,0.039481,0][-0.260283,-0.720353,-0.206547][-0.635877,0.66791,-0.386726][0.864827,0.046598,0][-0.207312,-0.697069,-0.251147][-0.478611,0.742257,-0.469027][0.872415,0.049985,0][-0.207312,-0.697069,-0.251147][-0.478611,0.742257,-0.469027][0.872415,0.049985,0][-0.211043,-0.759639,-0.394883][-0.28713,0.927811,-0.238168][0.876358,0.040883,0][-0.264992,-0.769278,-0.351252][-0.410474,0.883482,-0.225769][0.871384,0.039481,0][0.200118,-0.769712,-0.12252][0.869101,0.444877,-0.216214][0.9206,0.039418,0][0.131569,-0.734289,-0.170396][0.646459,0.619452,-0.445386][0.912796,0.044571,0][0.12334,-0.639164,-0.108022][0.713292,0.471802,-0.518284][0.918259,0.058408,0][0.12334,-0.639164,-0.108022][0.713292,0.471802,-0.518284][0.918259,0.058408,0][0.179369,-0.668315,-0.0257783][0.932639,0.333751,-0.137093][0.929676,0.054168,0][0.200118,-0.769712,-0.12252][0.869101,0.444877,-0.216214][0.9206,0.039418,0][-0.333902,-0.761984,-0.148752][-0.886262,0.440854,-0.142084][0.854562,0.040542,0][-0.307173,-0.663251,-0.049677][-0.944996,0.288134,-0.154797][0.844949,0.054904,0][-0.254484,-0.632015,-0.130272][-0.714724,0.521845,-0.465669][0.858747,0.059448,0][-0.254484,-0.632015,-0.130272][-0.714724,0.521845,-0.465669][0.858747,0.059448,0][-0.260283,-0.720353,-0.206547][-0.635877,0.66791,-0.386726][0.864827,0.046598,0][-0.333902,-0.761984,-0.148752][-0.886262,0.440854,-0.142084][0.854562,0.040542,0][-0.0626225,0.180565,-0.295999][0.0604154,-0.174042,-0.982883][0.888231,0.177652,0][-0.0653884,0.228269,-0.304635][0.0505486,-0.172992,-0.983625][0.887875,0.184592,0][0.00560105,0.228124,-0.287596][0.360184,-0.150564,-0.920651][0.89506,0.184571,0][0.00560105,0.228124,-0.287596][0.360184,-0.150564,-0.920651][0.89506,0.184571,0][0.00669181,0.180581,-0.279486][0.368697,-0.149517,-0.917446][0.895423,0.177655,0][-0.0626225,0.180565,-0.295999][0.0604154,-0.174042,-0.982883][0.888231,0.177652,0][-0.153031,0.179502,-0.284325][-0.261663,-0.167773,-0.950465][0.87895,0.177498,0][-0.221926,0.17873,-0.25498][-0.565978,-0.155964,-0.809533][0.871164,0.177385,0][-0.224826,0.226382,-0.262244][-0.561301,-0.156197,-0.812738][0.871218,0.184317,0][-0.224826,0.226382,-0.262244][-0.561301,-0.156197,-0.812738][0.871218,0.184317,0][-0.155417,0.227239,-0.291944][-0.26668,-0.168258,-0.948984][0.878865,0.184442,0][-0.153031,0.179502,-0.284325][-0.261663,-0.167773,-0.950465][0.87895,0.177498,0][-0.283702,0.221097,-0.200161][-0.796982,-0.134402,-0.58886][0.862365,0.183549,0][-0.224826,0.226382,-0.262244][-0.561301,-0.156197,-0.812738][0.871218,0.184317,0][-0.221926,0.17873,-0.25498][-0.565978,-0.155964,-0.809533][0.871164,0.177385,0][-0.221926,0.17873,-0.25498][-0.565978,-0.155964,-0.809533][0.871164,0.177385,0][-0.279722,0.173417,-0.194755][-0.801233,-0.133161,-0.583347][0.862293,0.176613,0][-0.283702,0.221097,-0.200161][-0.796982,-0.134402,-0.58886][0.862365,0.183549,0][-0.383804,0.20366,0.0665635][-0.989169,-0.133746,-0.0604787][0.830428,0.181012,0][-0.339028,0.214585,-0.0978172][-0.917679,-0.12743,-0.376333][0.849303,0.182601,0][-0.333721,0.166872,-0.0946999][-0.920298,-0.127125,-0.369987][0.849222,0.17566,0][-0.333721,0.166872,-0.0946999][-0.920298,-0.127125,-0.369987][0.849222,0.17566,0][-0.377356,0.156225,0.0666658][-0.98949,-0.134277,-0.0536633][0.830287,0.174112,0][-0.383804,0.20366,0.0665635][-0.989169,-0.133746,-0.0604787][0.830428,0.181012,0][-0.352351,0.192672,0.264412][-0.930606,-0.128663,0.342663][0.812182,0.179414,0][-0.383804,0.20366,0.0665635][-0.989169,-0.133746,-0.0604787][0.830428,0.181012,0][-0.377356,0.156225,0.0666658][-0.98949,-0.134277,-0.0536633][0.830287,0.174112,0][-0.377356,0.156225,0.0666658][-0.98949,-0.134277,-0.0536633][0.830287,0.174112,0][-0.346517,0.146055,0.262623][-0.928918,-0.12854,0.347259][0.811937,0.172632,0][-0.352351,0.192672,0.264412][-0.930606,-0.128663,0.342663][0.812182,0.179414,0][-0.307433,0.189199,0.336266][-0.784455,-0.119667,0.608531][0.80551,0.178908,0][-0.352351,0.192672,0.264412][-0.930606,-0.128663,0.342663][0.812182,0.179414,0][-0.346517,0.146055,0.262623][-0.928918,-0.12854,0.347259][0.811937,0.172632,0][-0.346517,0.146055,0.262623][-0.928918,-0.12854,0.347259][0.811937,0.172632,0][-0.30267,0.142794,0.333333][-0.782551,-0.119121,0.611085][0.805318,0.172158,0][-0.307433,0.189199,0.336266][-0.784455,-0.119667,0.608531][0.80551,0.178908,0][0.120126,0.144333,0.357051][0.658281,-0.0609705,0.750299][0.965479,0.172382,0][0.121124,0.190458,0.359806][0.662229,-0.0605682,0.74685][0.965525,0.179092,0][0.0489423,0.185821,0.410226][0.479659,-0.075573,0.874194][0.972024,0.178417,0][0.0489423,0.185821,0.410226][0.479659,-0.075573,0.874194][0.972024,0.178417,0][0.0485012,0.139909,0.406407][0.479659,-0.0773058,0.874043][0.971959,0.171738,0][0.120126,0.144333,0.357051][0.658281,-0.0609705,0.750299][0.965479,0.172382,0][0.228658,0.157514,0.0985561][0.998002,-0.0490553,0.0398224][0.942084,0.174299,0][0.231003,0.204668,0.0984252][0.998313,-0.0485734,0.0318235][0.942015,0.181159,0][0.182423,0.193682,0.292343][0.882205,-0.0481997,0.468392][0.958555,0.17956,0][0.182423,0.193682,0.292343][0.882205,-0.0481997,0.468392][0.958555,0.17956,0][0.180863,0.147343,0.290652][0.879687,-0.0479302,0.473132][0.958549,0.17282,0][0.228658,0.157514,0.0985561][0.998002,-0.0490553,0.0398224][0.942084,0.174299,0][0.199219,0.16816,-0.0663984][0.944991,-0.0523504,-0.32288][0.925818,0.175848,0][0.20071,0.215594,-0.0696427][0.941453,-0.0540619,-0.332781][0.925538,0.182748,0][0.231003,0.204668,0.0984252][0.998313,-0.0485734,0.0318235][0.942015,0.181159,0][0.231003,0.204668,0.0984252][0.998313,-0.0485734,0.0318235][0.942015,0.181159,0][0.228658,0.157514,0.0985561][0.998002,-0.0490553,0.0398224][0.942084,0.174299,0][0.199219,0.16816,-0.0663984][0.944991,-0.0523504,-0.32288][0.925818,0.175848,0][0.0791944,0.180019,-0.238066][0.627311,-0.127719,-0.768225][0.903923,0.177573,0][0.0798798,0.22739,-0.245615][0.621525,-0.126893,-0.773049][0.903549,0.184464,0][0.14558,0.221445,-0.172645][0.812729,-0.0836802,-0.576601][0.913521,0.183599,0][0.14558,0.221445,-0.172645][0.812729,-0.0836802,-0.576601][0.913521,0.183599,0][0.144491,0.174041,-0.167267][0.815423,-0.0819144,-0.57304][0.913896,0.176703,0][0.0791944,0.180019,-0.238066][0.627311,-0.127719,-0.768225][0.903923,0.177573,0][0.00669181,0.180581,-0.279486][0.368697,-0.149517,-0.917446][0.895423,0.177655,0][0.00560105,0.228124,-0.287596][0.360184,-0.150564,-0.920651][0.89506,0.184571,0][0.0798798,0.22739,-0.245615][0.621525,-0.126893,-0.773049][0.903549,0.184464,0][0.0798798,0.22739,-0.245615][0.621525,-0.126893,-0.773049][0.903549,0.184464,0][0.0791944,0.180019,-0.238066][0.627311,-0.127719,-0.768225][0.903923,0.177573,0][0.00669181,0.180581,-0.279486][0.368697,-0.149517,-0.917446][0.895423,0.177655,0][-0.153031,0.179502,-0.284325][-0.261663,-0.167773,-0.950465][0.87895,0.177498,0][-0.155417,0.227239,-0.291944][-0.26668,-0.168258,-0.948984][0.878865,0.184442,0][-0.0653884,0.228269,-0.304635][0.0505486,-0.172992,-0.983625][0.887875,0.184592,0][-0.0653884,0.228269,-0.304635][0.0505486,-0.172992,-0.983625][0.887875,0.184592,0][-0.0626225,0.180565,-0.295999][0.0604154,-0.174042,-0.982883][0.888231,0.177652,0][-0.153031,0.179502,-0.284325][-0.261663,-0.167773,-0.950465][0.87895,0.177498,0][-0.0219805,0.139794,0.435861][0.269512,-0.0792579,0.95973][0.977499,0.171722,0][0.0485012,0.139909,0.406407][0.479659,-0.0773058,0.874043][0.971959,0.171738,0][0.0489423,0.185821,0.410226][0.479659,-0.075573,0.874194][0.972024,0.178417,0][0.0489423,0.185821,0.410226][0.479659,-0.075573,0.874194][0.972024,0.178417,0][-0.0231984,0.185647,0.439914][0.264376,-0.0795591,0.961132][0.977633,0.178392,0][-0.0219805,0.139794,0.435861][0.269512,-0.0792579,0.95973][0.977499,0.171722,0][-0.247515,0.13862,0.389743][-0.620709,-0.117676,0.77516][0.799421,0.171551,0][-0.175229,0.139446,0.434468][-0.339573,-0.109411,0.934195][0.793334,0.171671,0][-0.178513,0.185439,0.43865][-0.34365,-0.109769,0.93266][0.793507,0.178361,0][-0.178513,0.185439,0.43865][-0.34365,-0.109769,0.93266][0.793507,0.178361,0][-0.251207,0.184812,0.39382][-0.622267,-0.117564,0.773927][0.799563,0.17827,0][-0.247515,0.13862,0.389743][-0.620709,-0.117676,0.77516][0.799421,0.171551,0][-0.0753602,0.400139,-0.335752][0.031843,-0.111905,-0.993209][0.886738,0.209593,0][-0.0852836,0.616104,-0.348537][0.0308624,-0.0141585,-0.999423][0.885824,0.241009,0][-0.00415182,0.614641,-0.328426][0.351331,0.00284356,-0.936247][0.893101,0.240797,0][-0.00415182,0.614641,-0.328426][0.351331,0.00284356,-0.936247][0.893101,0.240797,0][0.00166804,0.399411,-0.316809][0.355925,-0.0972181,-0.929444][0.893882,0.209488,0][-0.0753602,0.400139,-0.335752][0.031843,-0.111905,-0.993209][0.886738,0.209593,0][-0.164007,0.399222,-0.319394][-0.287116,-0.117821,-0.950622][0.878593,0.20946,0][-0.177284,0.614347,-0.331439][-0.284473,-0.0298865,-0.958218][0.877668,0.240754,0][-0.0852836,0.616104,-0.348537][0.0308624,-0.0141585,-0.999423][0.885824,0.241009,0][-0.0852836,0.616104,-0.348537][0.0308624,-0.0141585,-0.999423][0.885824,0.241009,0][-0.0753602,0.400139,-0.335752][0.031843,-0.111905,-0.993209][0.886738,0.209593,0][-0.164007,0.399222,-0.319394][-0.287116,-0.117821,-0.950622][0.878593,0.20946,0][-0.235278,0.398062,-0.288412][-0.569356,-0.121933,-0.812998][0.871392,0.209291,0][-0.251173,0.612512,-0.300973][-0.56906,-0.0475841,-0.820918][0.87059,0.240487,0][-0.177284,0.614347,-0.331439][-0.284473,-0.0298865,-0.958218][0.877668,0.240754,0][-0.177284,0.614347,-0.331439][-0.284473,-0.0298865,-0.958218][0.877668,0.240754,0][-0.164007,0.399222,-0.319394][-0.287116,-0.117821,-0.950622][0.878593,0.20946,0][-0.235278,0.398062,-0.288412][-0.569356,-0.121933,-0.812998][0.871392,0.209291,0][-0.316233,0.607457,-0.229289][-0.807241,-0.0677515,-0.58632][0.861911,0.239751,0][-0.251173,0.612512,-0.300973][-0.56906,-0.0475841,-0.820918][0.87059,0.240487,0][-0.235278,0.398062,-0.288412][-0.569356,-0.121933,-0.812998][0.871392,0.209291,0][-0.235278,0.398062,-0.288412][-0.569356,-0.121933,-0.812998][0.871392,0.209291,0][-0.298037,0.392877,-0.219635][-0.803074,-0.116314,-0.584417][0.862599,0.208537,0][-0.316233,0.607457,-0.229289][-0.807241,-0.0677515,-0.58632][0.861911,0.239751,0][-0.430839,0.588025,0.0621216][-0.994565,-0.0837235,-0.0618894][0.831626,0.236925,0][-0.379185,0.601226,-0.115123][-0.918342,-0.0814579,-0.387314][0.849247,0.238845,0][-0.358151,0.386489,-0.109046][-0.917269,-0.114981,-0.381309][0.849566,0.207608,0][-0.358151,0.386489,-0.109046][-0.917269,-0.114981,-0.381309][0.849566,0.207608,0][-0.407029,0.374552,0.0661955][-0.990656,-0.122366,-0.0602237][0.830886,0.205871,0][-0.430839,0.588025,0.0621216][-0.994565,-0.0837235,-0.0618894][0.831626,0.236925,0][-0.396285,0.570628,0.27286][-0.927008,-0.0563842,0.370778][0.814103,0.234394,0][-0.430839,0.588025,0.0621216][-0.994565,-0.0837235,-0.0618894][0.831626,0.236925,0][-0.407029,0.374552,0.0661955][-0.990656,-0.122366,-0.0602237][0.830886,0.205871,0][-0.407029,0.374552,0.0661955][-0.990656,-0.122366,-0.0602237][0.830886,0.205871,0][-0.373369,0.360626,0.270856][-0.92872,-0.115946,0.352186][0.813005,0.203845,0][-0.396285,0.570628,0.27286][-0.927008,-0.0563842,0.370778][0.814103,0.234394,0][-0.345068,0.565443,0.349534][-0.7709,-0.0210418,0.636609][0.807294,0.23364,0][-0.396285,0.570628,0.27286][-0.927008,-0.0563842,0.370778][0.814103,0.234394,0][-0.373369,0.360626,0.270856][-0.92872,-0.115946,0.352186][0.813005,0.203845,0][-0.373369,0.360626,0.270856][-0.92872,-0.115946,0.352186][0.813005,0.203845,0][-0.324591,0.356384,0.346833][-0.781367,-0.101308,0.615793][0.806161,0.203229,0][-0.345068,0.565443,0.349534][-0.7709,-0.0210418,0.636609][0.807294,0.23364,0][-0.264504,0.351235,0.40851][-0.619919,-0.0900161,0.779485][0.800046,0.202479,0][-0.190343,0.351139,0.453717][-0.342003,-0.0725101,0.936897][0.794104,0.202466,0][-0.203722,0.55896,0.45714][-0.326988,0.0332865,0.944442][0.79494,0.232697,0][-0.203722,0.55896,0.45714][-0.326988,0.0332865,0.944442][0.79494,0.232697,0][-0.282544,0.559332,0.411906][-0.606875,0.00367168,0.794789][0.801116,0.232751,0][-0.264504,0.351235,0.40851][-0.619919,-0.0900161,0.779485][0.800046,0.202479,0][-0.0120147,0.390852,0.342077][0.359305,-0.0152818,0.933095][0.975168,0.208242,0][0.0422132,0.391122,0.32088][0.480173,-0.0156459,0.877034][0.969832,0.208282,0][0.0415483,0.535587,0.323822][0.479727,-0.0109612,0.877349][0.969996,0.229297,0][0.0415483,0.535587,0.323822][0.479727,-0.0109612,0.877349][0.969996,0.229297,0][-0.015374,0.535125,0.344744][0.345044,-0.00931765,0.93854][0.975523,0.229229,0][-0.0120147,0.390852,0.342077][0.359305,-0.0152818,0.933095][0.975168,0.208242,0][0.0937227,0.394872,0.283217][0.672441,-0.00928932,0.740093][0.96393,0.208827,0][0.0926087,0.539997,0.285735][0.681223,-0.00586914,0.732052][0.96415,0.229938,0][0.0415483,0.535587,0.323822][0.479727,-0.0109612,0.877349][0.969996,0.229297,0][0.0415483,0.535587,0.323822][0.479727,-0.0109612,0.877349][0.969996,0.229297,0][0.0422132,0.391122,0.32088][0.480173,-0.0156459,0.877034][0.969832,0.208282,0][0.0937227,0.394872,0.283217][0.672441,-0.00928932,0.740093][0.96393,0.208827,0][0.173368,0.407309,0.0945422][0.998979,0.00386114,0.0450164][0.943252,0.210636,0][0.1729,0.555506,0.0925041][0.999816,0.00623735,0.0181586][0.94305,0.232194,0][0.136113,0.543428,0.235817][0.888445,0.00284614,0.458974][0.957911,0.230437,0][0.136113,0.543428,0.235817][0.888445,0.00284614,0.458974][0.957911,0.230437,0][0.137678,0.397641,0.23372][0.880812,0.00100959,0.473465][0.95766,0.20923,0][0.173368,0.407309,0.0945422][0.998979,0.00386114,0.0450164][0.943252,0.210636,0][0.1502,0.415596,-0.0299177][0.94827,0.00362007,-0.317446][0.928665,0.211842,0][0.147984,0.564671,-0.0335278][0.944464,0.0023535,-0.328607][0.928169,0.233527,0][0.1729,0.555506,0.0925041][0.999816,0.00623735,0.0181586][0.94305,0.232194,0][0.1729,0.555506,0.0925041][0.999816,0.00623735,0.0181586][0.94305,0.232194,0][0.173368,0.407309,0.0945422][0.998979,0.00386114,0.0450164][0.943252,0.210636,0][0.1502,0.415596,-0.0299177][0.94827,0.00362007,-0.317446][0.928665,0.211842,0][0.0643017,0.42363,-0.162846][0.77294,-0.0205561,-0.634146][0.907977,0.213011,0][0.0633269,0.572506,-0.171072][0.784321,-0.0291037,-0.619673][0.907171,0.234667,0][0.109328,0.568557,-0.112662][0.840943,-0.0173275,-0.540846][0.916847,0.234093,0][0.109328,0.568557,-0.112662][0.840943,-0.0173275,-0.540846][0.916847,0.234093,0][0.110927,0.41958,-0.106763][0.839735,-0.00870826,-0.542927][0.917617,0.212421,0][0.0643017,0.42363,-0.162846][0.77294,-0.0205561,-0.634146][0.907977,0.213011,0][0.00166804,0.399411,-0.316809][0.355925,-0.0972181,-0.929444][0.893882,0.209488,0][-0.00415182,0.614641,-0.328426][0.351331,0.00284356,-0.936247][0.893101,0.240797,0][0.0809427,0.612512,-0.284659][0.586107,0.028584,-0.80973][0.901652,0.240487,0][0.0809427,0.612512,-0.284659][0.586107,0.028584,-0.80973][0.901652,0.240487,0][0.082347,0.398062,-0.27281][0.572495,-0.101572,-0.813593][0.902324,0.209291,0][0.00166804,0.399411,-0.316809][0.355925,-0.0972181,-0.929444][0.893882,0.209488,0][-0.326679,0.814992,-0.226698][-0.765945,0.26483,-0.585827][0.861031,0.269941,0][-0.258534,0.817095,-0.296001][-0.532739,0.293239,-0.793851][0.869805,0.270247,0][-0.251173,0.612512,-0.300973][-0.56906,-0.0475841,-0.820918][0.87059,0.240487,0][-0.251173,0.612512,-0.300973][-0.56906,-0.0475841,-0.820918][0.87059,0.240487,0][-0.316233,0.607457,-0.229289][-0.807241,-0.0677515,-0.58632][0.861911,0.239751,0][-0.326679,0.814992,-0.226698][-0.765945,0.26483,-0.585827][0.861031,0.269941,0][-0.251173,0.612512,-0.300973][-0.56906,-0.0475841,-0.820918][0.87059,0.240487,0][-0.258534,0.817095,-0.296001][-0.532739,0.293239,-0.793851][0.869805,0.270247,0][-0.185488,0.817857,-0.325612][-0.274717,0.312996,-0.909156][0.876837,0.270358,0][-0.185488,0.817857,-0.325612][-0.274717,0.312996,-0.909156][0.876837,0.270358,0][-0.177284,0.614347,-0.331439][-0.284473,-0.0298865,-0.958218][0.877668,0.240754,0][-0.251173,0.612512,-0.300973][-0.56906,-0.0475841,-0.820918][0.87059,0.240487,0][-0.177284,0.614347,-0.331439][-0.284473,-0.0298865,-0.958218][0.877668,0.240754,0][-0.185488,0.817857,-0.325612][-0.274717,0.312996,-0.909156][0.876837,0.270358,0][-0.0944588,0.81829,-0.343732][0.0287776,0.319726,-0.947073][0.885031,0.270421,0][-0.0944588,0.81829,-0.343732][0.0287776,0.319726,-0.947073][0.885031,0.270421,0][-0.0852836,0.616104,-0.348537][0.0308624,-0.0141585,-0.999423][0.885824,0.241009,0][-0.177284,0.614347,-0.331439][-0.284473,-0.0298865,-0.958218][0.877668,0.240754,0][-0.0852836,0.616104,-0.348537][0.0308624,-0.0141585,-0.999423][0.885824,0.241009,0][-0.0944588,0.81829,-0.343732][0.0287776,0.319726,-0.947073][0.885031,0.270421,0][-0.015753,0.817979,-0.322621][0.338388,0.327257,-0.882268][0.89222,0.270376,0][-0.015753,0.817979,-0.322621][0.338388,0.327257,-0.882268][0.89222,0.270376,0][-0.00415182,0.614641,-0.328426][0.351331,0.00284356,-0.936247][0.893101,0.240797,0][-0.0852836,0.616104,-0.348537][0.0308624,-0.0141585,-0.999423][0.885824,0.241009,0][-0.00415182,0.614641,-0.328426][0.351331,0.00284356,-0.936247][0.893101,0.240797,0][-0.015753,0.817979,-0.322621][0.338388,0.327257,-0.882268][0.89222,0.270376,0][0.0668684,0.817095,-0.280017][0.603659,0.321384,-0.729594][0.900741,0.270247,0][0.0668684,0.817095,-0.280017][0.603659,0.321384,-0.729594][0.900741,0.270247,0][0.0809427,0.612512,-0.284659][0.586107,0.028584,-0.80973][0.901652,0.240487,0][-0.00415182,0.614641,-0.328426][0.351331,0.00284356,-0.936247][0.893101,0.240797,0][0.0809427,0.612512,-0.284659][0.586107,0.028584,-0.80973][0.901652,0.240487,0][0.0668684,0.817095,-0.280017][0.603659,0.321384,-0.729594][0.900741,0.270247,0][0.129465,0.814723,-0.198566][0.812006,0.312103,-0.493192][0.910438,0.269902,0][0.129465,0.814723,-0.198566][0.812006,0.312103,-0.493192][0.910438,0.269902,0][0.147205,0.606825,-0.200521][0.850538,0.0805234,-0.519712][0.911476,0.23966,0][0.0809427,0.612512,-0.284659][0.586107,0.028584,-0.80973][0.901652,0.240487,0][0.202888,0.601226,-0.0865307][0.946974,0.0919612,-0.30787][0.923977,0.238845,0][0.181544,0.812395,-0.0872194][0.903272,0.310512,-0.296113][0.923196,0.269563,0][0.217275,0.806899,0.0869153][0.947754,0.316522,0.0396912][0.94128,0.268764,0][0.217275,0.806899,0.0869153][0.947754,0.316522,0.0396912][0.94128,0.268764,0][0.238779,0.588025,0.0950147][0.993468,0.101204,0.0527196][0.941535,0.236925,0][0.202888,0.601226,-0.0865307][0.946974,0.0919612,-0.30787][0.923977,0.238845,0][0.238779,0.588025,0.0950147][0.993468,0.101204,0.0527196][0.941535,0.236925,0][0.217275,0.806899,0.0869153][0.947754,0.316522,0.0396912][0.94128,0.268764,0][0.165409,0.799568,0.280095][0.82778,0.339145,0.446945][0.958849,0.267697,0][0.165409,0.799568,0.280095][0.82778,0.339145,0.446945][0.958849,0.267697,0][0.185787,0.570628,0.301452][0.86832,0.11985,0.481307][0.958863,0.234394,0][0.238779,0.588025,0.0950147][0.993468,0.101204,0.0527196][0.941535,0.236925,0][0.123122,0.565685,0.373357][0.665179,0.124326,0.73626][0.965924,0.233675,0][0.106631,0.797923,0.348916][0.628702,0.357189,0.690761][0.966048,0.267458,0][0.0369672,0.794867,0.400694][0.435929,0.359056,0.825254][0.972634,0.267014,0][0.0369672,0.794867,0.400694][0.435929,0.359056,0.825254][0.972634,0.267014,0][0.0495706,0.559332,0.42822][0.46401,0.127978,0.876536][0.97241,0.232751,0][0.123122,0.565685,0.373357][0.665179,0.124326,0.73626][0.965924,0.233675,0][-0.0427761,0.795136,0.429437][0.213555,0.365567,0.905956][0.978934,0.267053,0][-0.0324248,0.558666,0.458359][0.204059,0.0824205,0.975483][0.978468,0.232654,0][0.0495706,0.559332,0.42822][0.46401,0.127978,0.876536][0.97241,0.232751,0][0.0495706,0.559332,0.42822][0.46401,0.127978,0.876536][0.97241,0.232751,0][0.0369672,0.794867,0.400694][0.435929,0.359056,0.825254][0.972634,0.267014,0][-0.0427761,0.795136,0.429437][0.213555,0.365567,0.905956][0.978934,0.267053,0][-0.210719,0.79543,0.428382][-0.296696,0.352741,0.887437][0.795922,0.267096,0][-0.288435,0.794867,0.38471][-0.550643,0.330294,0.766615][0.802366,0.267014,0][-0.282544,0.559332,0.411906][-0.606875,0.00367168,0.794789][0.801116,0.232751,0][-0.282544,0.559332,0.411906][-0.606875,0.00367168,0.794789][0.801116,0.232751,0][-0.203722,0.55896,0.45714][-0.326988,0.0332865,0.944442][0.79494,0.232697,0][-0.210719,0.79543,0.428382][-0.296696,0.352741,0.887437][0.795922,0.267096,0][-0.354652,0.797672,0.325431][-0.699423,0.309546,0.644197][0.808976,0.267422,0][-0.409563,0.799568,0.251852][-0.883323,0.269939,0.383241][0.81603,0.267697,0][-0.396285,0.570628,0.27286][-0.927008,-0.0563842,0.370778][0.814103,0.234394,0][-0.396285,0.570628,0.27286][-0.927008,-0.0563842,0.370778][0.814103,0.234394,0][-0.345068,0.565443,0.349534][-0.7709,-0.0210418,0.636609][0.807294,0.23364,0][-0.354652,0.797672,0.325431][-0.699423,0.309546,0.644197][0.808976,0.267422,0][-0.409563,0.799568,0.251852][-0.883323,0.269939,0.383241][0.81603,0.267697,0][-0.444271,0.806899,0.0544188][-0.970093,0.237772,-0.0488332][0.832472,0.268764,0][-0.430839,0.588025,0.0621216][-0.994565,-0.0837235,-0.0618894][0.831626,0.236925,0][-0.430839,0.588025,0.0621216][-0.994565,-0.0837235,-0.0618894][0.831626,0.236925,0][-0.396285,0.570628,0.27286][-0.927008,-0.0563842,0.370778][0.814103,0.234394,0][-0.409563,0.799568,0.251852][-0.883323,0.269939,0.383241][0.81603,0.267697,0][-0.444271,0.806899,0.0544188][-0.970093,0.237772,-0.0488332][0.832472,0.268764,0][-0.393428,0.812395,-0.115463][-0.891317,0.240591,-0.384278][0.848724,0.269563,0][-0.379185,0.601226,-0.115123][-0.918342,-0.0814579,-0.387314][0.849247,0.238845,0][-0.379185,0.601226,-0.115123][-0.918342,-0.0814579,-0.387314][0.849247,0.238845,0][-0.430839,0.588025,0.0621216][-0.994565,-0.0837235,-0.0618894][0.831626,0.236925,0][-0.444271,0.806899,0.0544188][-0.970093,0.237772,-0.0488332][0.832472,0.268764,0][-0.0154769,0.034237,-0.17283][0.415785,-0.140609,-0.898527][0.3754,0.53124,0][-0.0167537,0.139076,-0.176365][0.36515,-0.0269237,-0.930559][0.419219,0.531455,0][0.0346947,0.138677,-0.146974][0.628741,-0.060068,-0.775292][0.419053,0.525221,0][0.0346947,0.138677,-0.146974][0.628741,-0.060068,-0.775292][0.419053,0.525221,0][0.0362822,0.035715,-0.133983][0.665202,-0.123814,-0.736327][0.376017,0.524407,0][-0.0154769,0.034237,-0.17283][0.415785,-0.140609,-0.898527][0.3754,0.53124,0][-0.0659395,0.139064,-0.188082][0.0485475,-0.0345342,-0.998224][0.419215,0.536662,0][-0.0167537,0.139076,-0.176365][0.36515,-0.0269237,-0.930559][0.419219,0.531455,0][-0.0154769,0.034237,-0.17283][0.415785,-0.140609,-0.898527][0.3754,0.53124,0][-0.0154769,0.034237,-0.17283][0.415785,-0.140609,-0.898527][0.3754,0.53124,0][-0.0653048,0.0331087,-0.185455][0.041682,-0.138984,-0.989417][0.374928,0.536588,0][-0.0659395,0.139064,-0.188082][0.0485475,-0.0345342,-0.998224][0.419215,0.536662,0][-0.126806,0.0340059,-0.175209][-0.334422,-0.162559,-0.928298][0.375303,0.54309,0][-0.130093,0.13831,-0.179799][-0.262201,-0.0506736,-0.963682][0.4189,0.543325,0][-0.0659395,0.139064,-0.188082][0.0485475,-0.0345342,-0.998224][0.419215,0.536662,0][-0.0659395,0.139064,-0.188082][0.0485475,-0.0345342,-0.998224][0.419215,0.536662,0][-0.0653048,0.0331087,-0.185455][0.041682,-0.138984,-0.989417][0.374928,0.536588,0][-0.126806,0.0340059,-0.175209][-0.334422,-0.162559,-0.928298][0.375303,0.54309,0][-0.17898,0.137762,-0.158976][-0.57394,-0.098996,-0.812891][0.41867,0.548851,0][-0.130093,0.13831,-0.179799][-0.262201,-0.0506736,-0.963682][0.4189,0.543325,0][-0.126806,0.0340059,-0.175209][-0.334422,-0.162559,-0.928298][0.375303,0.54309,0][-0.126806,0.0340059,-0.175209][-0.334422,-0.162559,-0.928298][0.375303,0.54309,0][-0.175343,0.035275,-0.145103][-0.609119,-0.16235,-0.776284][0.375833,0.549111,0][-0.17898,0.137762,-0.158976][-0.57394,-0.098996,-0.812891][0.41867,0.548851,0][-0.21999,0.133992,-0.11624][-0.7914,-0.106874,-0.601884][0.417095,0.555056,0][-0.17898,0.137762,-0.158976][-0.57394,-0.098996,-0.812891][0.41867,0.548851,0][-0.175343,0.035275,-0.145103][-0.609119,-0.16235,-0.776284][0.375833,0.549111,0][-0.175343,0.035275,-0.145103][-0.609119,-0.16235,-0.776284][0.375833,0.549111,0][-0.216643,0.0357904,-0.103506][-0.785476,-0.110856,-0.608883][0.376048,0.555651,0][-0.21999,0.133992,-0.11624][-0.7914,-0.106874,-0.601884][0.417095,0.555056,0][-0.289271,0.121793,0.0692616][-0.995898,-0.0244414,-0.0871237][0.411996,0.579128,0][-0.258308,0.129347,-0.0452423][-0.91901,-0.0692174,-0.38811][0.415153,0.564241,0][-0.255131,0.0364242,-0.0380973][-0.918622,-0.0660884,-0.389571][0.376313,0.564776,0][-0.255131,0.0364242,-0.0380973][-0.918622,-0.0660884,-0.389571][0.376313,0.564776,0][-0.288538,0.0398886,0.0856562][-0.998677,-0.0197884,-0.0474555][0.377762,0.581189,0][-0.289271,0.121793,0.0692616][-0.995898,-0.0244414,-0.0871237][0.411996,0.579128,0][-0.267388,0.114576,0.208311][-0.941631,0.0234905,0.335826][0.408979,0.596165,0][-0.289271,0.121793,0.0692616][-0.995898,-0.0244414,-0.0871237][0.411996,0.579128,0][-0.288538,0.0398886,0.0856562][-0.998677,-0.0197884,-0.0474555][0.377762,0.581189,0][-0.288538,0.0398886,0.0856562][-0.998677,-0.0197884,-0.0474555][0.377762,0.581189,0][-0.266094,0.0423369,0.216029][-0.925393,0.0188335,0.37854][0.378785,0.59697,0][-0.267388,0.114576,0.208311][-0.941631,0.0234905,0.335826][0.408979,0.596165,0][-0.236274,0.112262,0.258487][-0.782273,0.01413,0.622775][0.408012,0.60274,0][-0.267388,0.114576,0.208311][-0.941631,0.0234905,0.335826][0.408979,0.596165,0][-0.266094,0.0423369,0.216029][-0.925393,0.0188335,0.37854][0.378785,0.59697,0][-0.266094,0.0423369,0.216029][-0.925393,0.0188335,0.37854][0.378785,0.59697,0][-0.234644,0.043512,0.260517][-0.737279,-0.00946037,0.675523][0.379276,0.603023,0][-0.236274,0.112262,0.258487][-0.782273,0.01413,0.622775][0.408012,0.60274,0][-0.144494,0.045259,0.327388][-0.356287,-0.0489702,0.933092][0.380007,0.614955,0][-0.145843,0.109887,0.330251][-0.345901,-0.0487256,0.937005][0.407019,0.614901,0][-0.197138,0.109301,0.298515][-0.614804,-0.0396856,0.787681][0.406774,0.608705,0][-0.197138,0.109301,0.298515][-0.614804,-0.0396856,0.787681][0.406774,0.608705,0][-0.195169,0.0440384,0.294856][-0.599515,-0.0609265,0.798041][0.379496,0.608701,0][-0.144494,0.045259,0.327388][-0.356287,-0.0489702,0.933092][0.380007,0.614955,0][0.0129127,0.110214,0.310339][0.47142,0.0169358,0.881746][0.407156,0.462325,0][-0.0370989,0.110134,0.33124][0.261922,-0.0141253,0.964986][0.407122,0.456629,0][-0.0345916,0.0452704,0.329912][0.248408,-0.00929144,0.968611][0.380011,0.456909,0][-0.0345916,0.0452704,0.329912][0.248408,-0.00929144,0.968611][0.380011,0.456909,0][0.0172,0.0444783,0.309751][0.464829,0.0197028,0.885181][0.37968,0.462778,0][0.0129127,0.110214,0.310339][0.47142,0.0169358,0.881746][0.407156,0.462325,0][0.0637378,0.113355,0.275316][0.662128,0.0236137,0.749019][0.408469,0.469042,0][0.0129127,0.110214,0.310339][0.47142,0.0169358,0.881746][0.407156,0.462325,0][0.0172,0.0444783,0.309751][0.464829,0.0197028,0.885181][0.37968,0.462778,0][0.0172,0.0444783,0.309751][0.464829,0.0197028,0.885181][0.37968,0.462778,0][0.064031,0.0441566,0.277654][0.662031,0.0280105,0.748953][0.379545,0.468922,0][0.0637378,0.113355,0.275316][0.662128,0.0236137,0.749019][0.408469,0.469042,0][0.136587,0.040328,0.107264][0.99817,-0.0442998,0.0411667][0.377946,0.491082,0][0.140751,0.122708,0.0918913][0.998864,-0.0476342,0.0013146][0.412378,0.493063,0][0.106836,0.115491,0.228201][0.888063,-0.00649055,0.459677][0.409361,0.476215,0][0.106836,0.115491,0.228201][0.888063,-0.00649055,0.459677][0.409361,0.476215,0][0.103139,0.0428298,0.233463][0.879946,-0.00323397,0.475062][0.378991,0.475487,0][0.136587,0.040328,0.107264][0.99817,-0.0442998,0.0411667][0.377946,0.491082,0][0.114105,0.0368631,-0.0192362][0.943058,-0.0779584,-0.323362][0.376497,0.507692,0][0.119861,0.130262,-0.0251595][0.937314,-0.0760091,-0.340097][0.415536,0.508027,0][0.140751,0.122708,0.0918913][0.998864,-0.0476342,0.0013146][0.412378,0.493063,0][0.140751,0.122708,0.0918913][0.998864,-0.0476342,0.0013146][0.412378,0.493063,0][0.136587,0.040328,0.107264][0.99817,-0.0442998,0.0411667][0.377946,0.491082,0][0.114105,0.0368631,-0.0192362][0.943058,-0.0779584,-0.323362][0.376497,0.507692,0][0.0810268,0.134435,-0.0967347][0.805292,-0.0778475,-0.587745][0.41728,0.517709,0][0.0788391,0.0362942,-0.085622][0.816531,-0.089244,-0.570361][0.376259,0.517003,0][0.0362822,0.035715,-0.133983][0.665202,-0.123814,-0.736327][0.376017,0.524407,0][0.0362822,0.035715,-0.133983][0.665202,-0.123814,-0.736327][0.376017,0.524407,0][0.0346947,0.138677,-0.146974][0.628741,-0.060068,-0.775292][0.419053,0.525221,0][0.0810268,0.134435,-0.0967347][0.805292,-0.0778475,-0.587745][0.41728,0.517709,0][0.119861,0.130262,-0.0251595][0.937314,-0.0760091,-0.340097][0.415536,0.508027,0][0.114105,0.0368631,-0.0192362][0.943058,-0.0779584,-0.323362][0.376497,0.507692,0][0.0788391,0.0362942,-0.085622][0.816531,-0.089244,-0.570361][0.376259,0.517003,0][0.0788391,0.0362942,-0.085622][0.816531,-0.089244,-0.570361][0.376259,0.517003,0][0.0810268,0.134435,-0.0967347][0.805292,-0.0778475,-0.587745][0.41728,0.517709,0][0.119861,0.130262,-0.0251595][0.937314,-0.0760091,-0.340097][0.415536,0.508027,0][0.20071,0.215594,-0.0696427][0.941453,-0.0540619,-0.332781][0.925538,0.182748,0][0.199219,0.16816,-0.0663984][0.944991,-0.0523504,-0.32288][0.925818,0.175848,0][0.144491,0.174041,-0.167267][0.815423,-0.0819144,-0.57304][0.913896,0.176703,0][0.144491,0.174041,-0.167267][0.815423,-0.0819144,-0.57304][0.913896,0.176703,0][0.14558,0.221445,-0.172645][0.812729,-0.0836802,-0.576601][0.913521,0.183599,0][0.20071,0.215594,-0.0696427][0.941453,-0.0540619,-0.332781][0.925538,0.182748,0][0.147984,0.564671,-0.0335278][0.944464,0.0023535,-0.328607][0.928169,0.233527,0][0.1502,0.415596,-0.0299177][0.94827,0.00362007,-0.317446][0.928665,0.211842,0][0.110927,0.41958,-0.106763][0.839735,-0.00870826,-0.542927][0.917617,0.212421,0][0.110927,0.41958,-0.106763][0.839735,-0.00870826,-0.542927][0.917617,0.212421,0][0.109328,0.568557,-0.112662][0.840943,-0.0173275,-0.540846][0.916847,0.234093,0][0.147984,0.564671,-0.0335278][0.944464,0.0023535,-0.328607][0.928169,0.233527,0][0.181544,0.812395,-0.0872194][0.903272,0.310512,-0.296113][0.923196,0.269563,0][0.202888,0.601226,-0.0865307][0.946974,0.0919612,-0.30787][0.923977,0.238845,0][0.147205,0.606825,-0.200521][0.850538,0.0805234,-0.519712][0.911476,0.23966,0][0.147205,0.606825,-0.200521][0.850538,0.0805234,-0.519712][0.911476,0.23966,0][0.129465,0.814723,-0.198566][0.812006,0.312103,-0.493192][0.910438,0.269902,0][0.181544,0.812395,-0.0872194][0.903272,0.310512,-0.296113][0.923196,0.269563,0][-0.393428,0.812395,-0.115463][-0.891317,0.240591,-0.384278][0.848724,0.269563,0][-0.326679,0.814992,-0.226698][-0.765945,0.26483,-0.585827][0.861031,0.269941,0][-0.316233,0.607457,-0.229289][-0.807241,-0.0677515,-0.58632][0.861911,0.239751,0][-0.316233,0.607457,-0.229289][-0.807241,-0.0677515,-0.58632][0.861911,0.239751,0][-0.379185,0.601226,-0.115123][-0.918342,-0.0814579,-0.387314][0.849247,0.238845,0][-0.393428,0.812395,-0.115463][-0.891317,0.240591,-0.384278][0.848724,0.269563,0][-0.379185,0.601226,-0.115123][-0.918342,-0.0814579,-0.387314][0.849247,0.238845,0][-0.316233,0.607457,-0.229289][-0.807241,-0.0677515,-0.58632][0.861911,0.239751,0][-0.298037,0.392877,-0.219635][-0.803074,-0.116314,-0.584417][0.862599,0.208537,0][-0.298037,0.392877,-0.219635][-0.803074,-0.116314,-0.584417][0.862599,0.208537,0][-0.358151,0.386489,-0.109046][-0.917269,-0.114981,-0.381309][0.849566,0.207608,0][-0.379185,0.601226,-0.115123][-0.918342,-0.0814579,-0.387314][0.849247,0.238845,0][-0.339028,0.214585,-0.0978172][-0.917679,-0.12743,-0.376333][0.849303,0.182601,0][-0.283702,0.221097,-0.200161][-0.796982,-0.134402,-0.58886][0.862365,0.183549,0][-0.279722,0.173417,-0.194755][-0.801233,-0.133161,-0.583347][0.862293,0.176613,0][-0.279722,0.173417,-0.194755][-0.801233,-0.133161,-0.583347][0.862293,0.176613,0][-0.333721,0.166872,-0.0946999][-0.920298,-0.127125,-0.369987][0.849222,0.17566,0][-0.339028,0.214585,-0.0978172][-0.917679,-0.12743,-0.376333][0.849303,0.182601,0][-0.258308,0.129347,-0.0452423][-0.91901,-0.0692174,-0.38811][0.415153,0.564241,0][-0.21999,0.133992,-0.11624][-0.7914,-0.106874,-0.601884][0.417095,0.555056,0][-0.216643,0.0357904,-0.103506][-0.785476,-0.110856,-0.608883][0.376048,0.555651,0][-0.216643,0.0357904,-0.103506][-0.785476,-0.110856,-0.608883][0.376048,0.555651,0][-0.255131,0.0364242,-0.0380973][-0.918622,-0.0660884,-0.389571][0.376313,0.564776,0][-0.258308,0.129347,-0.0452423][-0.91901,-0.0692174,-0.38811][0.415153,0.564241,0][0.10877,-0.0496957,-0.0137442][0.944117,-0.0801128,-0.319726][0.340318,0.50736,0][0.114105,0.0368631,-0.0192362][0.943058,-0.0779584,-0.323362][0.376497,0.507692,0][0.136587,0.040328,0.107264][0.99817,-0.0442998,0.0411667][0.377946,0.491082,0][0.136587,0.040328,0.107264][0.99817,-0.0442998,0.0411667][0.377946,0.491082,0][0.132725,-0.0360186,0.12151][0.997165,-0.0442367,0.0608669][0.346035,0.489214,0][0.10877,-0.0496957,-0.0137442][0.944117,-0.0801128,-0.319726][0.340318,0.50736,0][0.132725,-0.0360186,0.12151][0.997165,-0.0442367,0.0608669][0.346035,0.489214,0][0.136587,0.040328,0.107264][0.99817,-0.0442998,0.0411667][0.377946,0.491082,0][0.103139,0.0428298,0.233463][0.879946,-0.00323397,0.475062][0.378991,0.475487,0][0.103139,0.0428298,0.233463][0.879946,-0.00323397,0.475062][0.378991,0.475487,0][0.0997108,-0.0245109,0.238342][0.881508,-0.0106764,0.472049][0.350844,0.474816,0][0.132725,-0.0360186,0.12151][0.997165,-0.0442367,0.0608669][0.346035,0.489214,0][0.064031,0.0441566,0.277654][0.662031,0.0280105,0.748953][0.379545,0.468922,0][0.0172,0.0444783,0.309751][0.464829,0.0197028,0.885181][0.37968,0.462778,0][0.0211726,-0.0164435,0.309206][0.465066,0.0226543,0.884986][0.354216,0.463195,0][0.0211726,-0.0164435,0.309206][0.465066,0.0226543,0.884986][0.354216,0.463195,0][0.0643033,-0.0199751,0.279821][0.668934,0.0231483,0.742962][0.35274,0.468813,0][0.064031,0.0441566,0.277654][0.662031,0.0280105,0.748953][0.379545,0.468922,0][0.0172,0.0444783,0.309751][0.464829,0.0197028,0.885181][0.37968,0.462778,0][-0.0345916,0.0452704,0.329912][0.248408,-0.00929144,0.968611][0.380011,0.456909,0][-0.0322692,-0.0148438,0.328681][0.239056,-0.00510625,0.970992][0.354885,0.45717,0][-0.0322692,-0.0148438,0.328681][0.239056,-0.00510625,0.970992][0.354885,0.45717,0][0.0211726,-0.0164435,0.309206][0.465066,0.0226543,0.884986][0.354216,0.463195,0][0.0172,0.0444783,0.309751][0.464829,0.0197028,0.885181][0.37968,0.462778,0][-0.143245,-0.0146341,0.324734][-0.368614,-0.049185,0.928281][0.354973,0.615007,0][-0.144494,0.045259,0.327388][-0.356287,-0.0489702,0.933092][0.380007,0.614955,0][-0.195169,0.0440384,0.294856][-0.599515,-0.0609265,0.798041][0.379496,0.608701,0][-0.195169,0.0440384,0.294856][-0.599515,-0.0609265,0.798041][0.379496,0.608701,0][-0.193345,-0.0164434,0.291467][-0.586866,-0.0416253,0.808613][0.354216,0.608696,0][-0.143245,-0.0146341,0.324734][-0.368614,-0.049185,0.928281][0.354973,0.615007,0][-0.234644,0.043512,0.260517][-0.737279,-0.00946037,0.675523][0.379276,0.603023,0][-0.266094,0.0423369,0.216029][-0.925393,0.0188335,0.37854][0.378785,0.59697,0][-0.264895,-0.0246116,0.223181][-0.913053,0.0120241,0.407664][0.350802,0.597695,0][-0.264895,-0.0246116,0.223181][-0.913053,0.0120241,0.407664][0.350802,0.597695,0][-0.233131,-0.0202043,0.262397][-0.692198,0.00486246,0.721692][0.352644,0.603284,0][-0.234644,0.043512,0.260517][-0.737279,-0.00946037,0.675523][0.379276,0.603023,0][-0.266094,0.0423369,0.216029][-0.925393,0.0188335,0.37854][0.378785,0.59697,0][-0.288538,0.0398886,0.0856562][-0.998677,-0.0197884,-0.0474555][0.377762,0.581189,0][-0.287859,-0.0360186,0.100851][-0.999439,-0.0187053,-0.0277675][0.346035,0.583098,0][-0.287859,-0.0360186,0.100851][-0.999439,-0.0187053,-0.0277675][0.346035,0.583098,0][-0.264895,-0.0246116,0.223181][-0.913053,0.0120241,0.407664][0.350802,0.597695,0][-0.266094,0.0423369,0.216029][-0.925393,0.0188335,0.37854][0.378785,0.59697,0][-0.288538,0.0398886,0.0856562][-0.998677,-0.0197884,-0.0474555][0.377762,0.581189,0][-0.255131,0.0364242,-0.0380973][-0.918622,-0.0660884,-0.389571][0.376313,0.564776,0][-0.252185,-0.0496957,-0.0314749][-0.912911,-0.0634229,-0.403201][0.340318,0.565302,0][-0.252185,-0.0496957,-0.0314749][-0.912911,-0.0634229,-0.403201][0.340318,0.565302,0][-0.287859,-0.0360186,0.100851][-0.999439,-0.0187053,-0.0277675][0.346035,0.583098,0][-0.288538,0.0398886,0.0856562][-0.998677,-0.0197884,-0.0474555][0.377762,0.581189,0][-0.255131,0.0364242,-0.0380973][-0.918622,-0.0660884,-0.389571][0.376313,0.564776,0][-0.216643,0.0357904,-0.103506][-0.785476,-0.110856,-0.608883][0.376048,0.555651,0][-0.213541,-0.0552229,-0.0917053][-0.753744,-0.102171,-0.649177][0.338008,0.556261,0][-0.213541,-0.0552229,-0.0917053][-0.753744,-0.102171,-0.649177][0.338008,0.556261,0][-0.252185,-0.0496957,-0.0314749][-0.912911,-0.0634229,-0.403201][0.340318,0.565302,0][-0.255131,0.0364242,-0.0380973][-0.918622,-0.0660884,-0.389571][0.376313,0.564776,0][-0.216643,0.0357904,-0.103506][-0.785476,-0.110856,-0.608883][0.376048,0.555651,0][-0.175343,0.035275,-0.145103][-0.609119,-0.16235,-0.776284][0.375833,0.549111,0][-0.172264,-0.0597072,-0.125699][-0.54996,-0.166697,-0.818386][0.336133,0.549749,0][-0.172264,-0.0597072,-0.125699][-0.54996,-0.166697,-0.818386][0.336133,0.549749,0][-0.213541,-0.0552229,-0.0917053][-0.753744,-0.102171,-0.649177][0.338008,0.556261,0][-0.216643,0.0357904,-0.103506][-0.785476,-0.110856,-0.608883][0.376048,0.555651,0][-0.175343,0.035275,-0.145103][-0.609119,-0.16235,-0.776284][0.375833,0.549111,0][-0.126806,0.0340059,-0.175209][-0.334422,-0.162559,-0.928298][0.375303,0.54309,0][-0.124767,-0.0613294,-0.148045][-0.334603,-0.243607,-0.910328][0.335455,0.543512,0][-0.124767,-0.0613294,-0.148045][-0.334603,-0.243607,-0.910328][0.335455,0.543512,0][-0.172264,-0.0597072,-0.125699][-0.54996,-0.166697,-0.818386][0.336133,0.549749,0][-0.175343,0.035275,-0.145103][-0.609119,-0.16235,-0.776284][0.375833,0.549111,0][-0.126806,0.0340059,-0.175209][-0.334422,-0.162559,-0.928298][0.375303,0.54309,0][-0.0653048,0.0331087,-0.185455][0.041682,-0.138984,-0.989417][0.374928,0.536588,0][-0.065725,-0.0637541,-0.160109][0.0341238,-0.26456,-0.963765][0.334442,0.536536,0][-0.065725,-0.0637541,-0.160109][0.0341238,-0.26456,-0.963765][0.334442,0.536536,0][-0.124767,-0.0613294,-0.148045][-0.334603,-0.243607,-0.910328][0.335455,0.543512,0][-0.126806,0.0340059,-0.175209][-0.334422,-0.162559,-0.928298][0.375303,0.54309,0][-0.065725,-0.0637541,-0.160109][0.0341238,-0.26456,-0.963765][0.334442,0.536536,0][-0.0653048,0.0331087,-0.185455][0.041682,-0.138984,-0.989417][0.374928,0.536588,0][-0.0154769,0.034237,-0.17283][0.415785,-0.140609,-0.898527][0.3754,0.53124,0][-0.0154769,0.034237,-0.17283][0.415785,-0.140609,-0.898527][0.3754,0.53124,0][-0.0152999,-0.0615928,-0.146644][0.410039,-0.217264,-0.885813][0.335345,0.530511,0][-0.065725,-0.0637541,-0.160109][0.0341238,-0.26456,-0.963765][0.334442,0.536536,0][-0.0152999,-0.0615928,-0.146644][0.410039,-0.217264,-0.885813][0.335345,0.530511,0][-0.0154769,0.034237,-0.17283][0.415785,-0.140609,-0.898527][0.3754,0.53124,0][0.0362822,0.035715,-0.133983][0.665202,-0.123814,-0.736327][0.376017,0.524407,0][0.0362822,0.035715,-0.133983][0.665202,-0.123814,-0.736327][0.376017,0.524407,0][0.0374665,-0.0597072,-0.115397][0.628762,-0.131271,-0.766438][0.336133,0.52322,0][-0.0152999,-0.0615928,-0.146644][0.410039,-0.217264,-0.885813][0.335345,0.530511,0][0.0788391,0.0362942,-0.085622][0.816531,-0.089244,-0.570361][0.376259,0.517003,0][0.0768088,-0.0546608,-0.0753223][0.808573,-0.0873304,-0.581879][0.338242,0.516291,0][0.0374665,-0.0597072,-0.115397][0.628762,-0.131271,-0.766438][0.336133,0.52322,0][0.0374665,-0.0597072,-0.115397][0.628762,-0.131271,-0.766438][0.336133,0.52322,0][0.0362822,0.035715,-0.133983][0.665202,-0.123814,-0.736327][0.376017,0.524407,0][0.0788391,0.0362942,-0.085622][0.816531,-0.089244,-0.570361][0.376259,0.517003,0][0.114105,0.0368631,-0.0192362][0.943058,-0.0779584,-0.323362][0.376497,0.507692,0][0.10877,-0.0496957,-0.0137442][0.944117,-0.0801128,-0.319726][0.340318,0.50736,0][0.0768088,-0.0546608,-0.0753223][0.808573,-0.0873304,-0.581879][0.338242,0.516291,0][0.0768088,-0.0546608,-0.0753223][0.808573,-0.0873304,-0.581879][0.338242,0.516291,0][0.0788391,0.0362942,-0.085622][0.816531,-0.089244,-0.570361][0.376259,0.517003,0][0.114105,0.0368631,-0.0192362][0.943058,-0.0779584,-0.323362][0.376497,0.507692,0][0.147516,-0.310472,0.350787][0.891882,0.0355924,0.450866][0.589192,0.049552,0][0.137417,-0.464963,0.384376][0.860793,0.0522174,0.506269][0.548799,0.045313,0][0.180208,-0.464963,0.226124][0.989875,-0.040415,0.136066][0.548799,0.068004,0][0.180208,-0.464963,0.226124][0.989875,-0.040415,0.136066][0.548799,0.068004,0][0.190916,-0.310472,0.198582][0.995107,-0.0357122,0.0921282][0.589192,0.072472,0][0.147516,-0.310472,0.350787][0.891882,0.0355924,0.450866][0.589192,0.049552,0][0.0437742,-0.310472,0.441683][0.441007,0.155263,0.883972][0.589192,0.03067,0][0.0358453,-0.464963,0.472857][0.411589,0.155295,0.898041][0.548799,0.028211,0][0.0910221,-0.464963,0.435491][0.640329,0.118538,0.758899][0.548799,0.036498,0][0.0910221,-0.464963,0.435491][0.640329,0.118538,0.758899][0.548799,0.036498,0][0.100345,-0.310472,0.403594][0.66272,0.114296,0.740093][0.589192,0.039858,0][0.0437742,-0.310472,0.441683][0.441007,0.155263,0.883972][0.589192,0.03067,0][-0.0255269,-0.310472,0.463726][0.192923,0.175794,0.965338][0.589192,0.020927,0][-0.0310453,-0.464963,0.492251][0.167887,0.169824,0.971068][0.548799,0.019607,0][0.0358453,-0.464963,0.472857][0.411589,0.155295,0.898041][0.548799,0.028211,0][0.0358453,-0.464963,0.472857][0.411589,0.155295,0.898041][0.548799,0.028211,0][0.0437742,-0.310472,0.441683][0.441007,0.155263,0.883972][0.589192,0.03067,0][-0.0255269,-0.310472,0.463726][0.192923,0.175794,0.965338][0.589192,0.020927,0][-0.233169,-0.464963,0.457597][-0.538541,0.171603,0.82494][0.548799,0.259901,0][-0.169779,-0.464963,0.490219][-0.274709,0.177167,0.945064][0.548799,0.268622,0][-0.169292,-0.310472,0.460317][-0.314212,0.188895,0.930371][0.589192,0.267714,0][-0.169292,-0.310472,0.460317][-0.314212,0.188895,0.930371][0.589192,0.267714,0][-0.234704,-0.310472,0.422879][-0.555315,0.172802,0.813489][0.589192,0.257631,0][-0.233169,-0.464963,0.457597][-0.538541,0.171603,0.82494][0.548799,0.259901,0][-0.326409,-0.464963,0.362374][-0.896318,0.0763543,0.436789][0.548799,0.242857,0][-0.284349,-0.464963,0.415754][-0.695752,0.144785,0.703538][0.548799,0.251611,0][-0.287086,-0.310472,0.382266][-0.703649,0.136809,0.697253][0.589192,0.248511,0][-0.287086,-0.310472,0.382266][-0.703649,0.136809,0.697253][0.589192,0.248511,0][-0.329701,-0.310472,0.329302][-0.920229,0.0592882,0.386864][0.589192,0.239053,0][-0.326409,-0.464963,0.362374][-0.896318,0.0763543,0.436789][0.548799,0.242857,0][-0.355246,-0.464963,0.199822][-0.999674,-0.0244779,0.00720446][0.548799,0.219937,0][-0.326409,-0.464963,0.362374][-0.896318,0.0763543,0.436789][0.548799,0.242857,0][-0.329701,-0.310472,0.329302][-0.920229,0.0592882,0.386864][0.589192,0.239053,0][-0.329701,-0.310472,0.329302][-0.920229,0.0592882,0.386864][0.589192,0.239053,0][-0.359818,-0.310472,0.171529][-0.998755,-0.0305055,-0.0394673][0.589192,0.215533,0][-0.355246,-0.464963,0.199822][-0.999674,-0.0244779,0.00720446][0.548799,0.219937,0][-0.309528,-0.464963,-0.0113701][-0.919488,-0.0619799,-0.388201][0.548799,0.185953,0][-0.355246,-0.464963,0.199822][-0.999674,-0.0244779,0.00720446][0.548799,0.219937,0][-0.359818,-0.310472,0.171529][-0.998755,-0.0305055,-0.0394673][0.589192,0.215533,0][-0.359818,-0.310472,0.171529][-0.998755,-0.0305055,-0.0394673][0.589192,0.215533,0][-0.312995,-0.310472,-0.0255181][-0.911874,-0.0586953,-0.406252][0.589192,0.184577,0][-0.309528,-0.464963,-0.0113701][-0.919488,-0.0619799,-0.388201][0.548799,0.185953,0][-0.257435,-0.464963,-0.0889186][-0.748477,-0.0798723,-0.658333][0.548799,0.172402,0][-0.309528,-0.464963,-0.0113701][-0.919488,-0.0619799,-0.388201][0.548799,0.185953,0][-0.312995,-0.310472,-0.0255181][-0.911874,-0.0586953,-0.406252][0.589192,0.184577,0][-0.312995,-0.310472,-0.0255181][-0.911874,-0.0586953,-0.406252][0.589192,0.184577,0][-0.260709,-0.310472,-0.10418][-0.739666,-0.0795989,-0.66825][0.589192,0.171553,0][-0.257435,-0.464963,-0.0889186][-0.748477,-0.0798723,-0.658333][0.548799,0.172402,0][-0.20363,-0.464963,-0.13492][-0.509296,-0.0925811,-0.855597][0.548799,0.162711,0][-0.257435,-0.464963,-0.0889186][-0.748477,-0.0798723,-0.658333][0.548799,0.172402,0][-0.260709,-0.310472,-0.10418][-0.739666,-0.0795989,-0.66825][0.589192,0.171553,0][-0.260709,-0.310472,-0.10418][-0.739666,-0.0795989,-0.66825][0.589192,0.171553,0][-0.205932,-0.310472,-0.149892][-0.425402,-0.0749068,-0.901899][0.589192,0.162241,0][-0.20363,-0.464963,-0.13492][-0.509296,-0.0925811,-0.855597][0.548799,0.162711,0][-0.140412,-0.464963,-0.158843][-0.278394,-0.0752311,-0.957516][0.548799,0.153589,0][-0.20363,-0.464963,-0.13492][-0.509296,-0.0925811,-0.855597][0.548799,0.162711,0][-0.205932,-0.310472,-0.149892][-0.425402,-0.0749068,-0.901899][0.589192,0.162241,0][-0.205932,-0.310472,-0.149892][-0.425402,-0.0749068,-0.901899][0.589192,0.162241,0][-0.142123,-0.191212,-0.176183][-0.228079,-0.0609805,-0.971731][0.620374,0.153413,0][-0.140412,-0.464963,-0.158843][-0.278394,-0.0752311,-0.957516][0.548799,0.153589,0][-0.070469,-0.464961,-0.174768][0.0459033,-0.0651322,-0.99682][0.548799,0.144243,0][-0.140412,-0.464963,-0.158843][-0.278394,-0.0752311,-0.957516][0.548799,0.153589,0][-0.142123,-0.191212,-0.176183][-0.228079,-0.0609805,-0.971731][0.620374,0.153413,0][-0.142123,-0.191212,-0.176183][-0.228079,-0.0609805,-0.971731][0.620374,0.153413,0][-0.0679122,-0.191212,-0.192141][0.0423395,-0.0663384,-0.996898][0.620374,0.14402,0][-0.070469,-0.464961,-0.174768][0.0459033,-0.0651322,-0.99682][0.548799,0.144243,0][-0.0074448,-0.464963,-0.154162][0.36206,-0.0793676,-0.92877][0.548799,0.135625,0][-0.070469,-0.464961,-0.174768][0.0459033,-0.0651322,-0.99682][0.548799,0.144243,0][-0.0679122,-0.191212,-0.192141][0.0423395,-0.0663384,-0.996898][0.620374,0.14402,0][-0.0679122,-0.191212,-0.192141][0.0423395,-0.0663384,-0.996898][0.620374,0.14402,0][-0.00257486,-0.191212,-0.172585][0.307906,-0.0693353,-0.948887][0.620374,0.135595,0][-0.0074448,-0.464963,-0.154162][0.36206,-0.0793676,-0.92877][0.548799,0.135625,0][0.0659034,-0.310472,-0.136538][0.499497,-0.0857818,-0.862058][0.589192,0.125724,0][0.0586643,-0.464963,-0.122036][0.55789,-0.0995925,-0.823917][0.548799,0.125686,0][-0.0074448,-0.464963,-0.154162][0.36206,-0.0793676,-0.92877][0.548799,0.135625,0][-0.0074448,-0.464963,-0.154162][0.36206,-0.0793676,-0.92877][0.548799,0.135625,0][-0.00257486,-0.191212,-0.172585][0.307906,-0.0693353,-0.948887][0.620374,0.135595,0][0.0659034,-0.310472,-0.136538][0.499497,-0.0857818,-0.862058][0.589192,0.125724,0][0.124273,-0.310472,-0.0821185][0.766889,-0.0862005,-0.635965][0.589192,0.115241,0][0.120279,-0.464963,-0.0669908][0.761001,-0.0744445,-0.644465][0.548799,0.114241,0][0.0586643,-0.464963,-0.122036][0.55789,-0.0995925,-0.823917][0.548799,0.125686,0][0.0586643,-0.464963,-0.122036][0.55789,-0.0995925,-0.823917][0.548799,0.125686,0][0.0659034,-0.310472,-0.136538][0.499497,-0.0857818,-0.862058][0.589192,0.125724,0][0.124273,-0.310472,-0.0821185][0.766889,-0.0862005,-0.635965][0.589192,0.115241,0][0.173337,-0.310472,-0.00162816][0.943004,-0.0400748,-0.330359][0.589192,0.102321,0][0.173088,-0.464963,0.0123356][0.950697,-0.0452352,-0.306803][0.548799,0.100607,0][0.120279,-0.464963,-0.0669908][0.761001,-0.0744445,-0.644465][0.548799,0.114241,0][0.120279,-0.464963,-0.0669908][0.761001,-0.0744445,-0.644465][0.548799,0.114241,0][0.124273,-0.310472,-0.0821185][0.766889,-0.0862005,-0.635965][0.589192,0.115241,0][0.173337,-0.310472,-0.00162816][0.943004,-0.0400748,-0.330359][0.589192,0.102321,0][0.190916,-0.310472,0.198582][0.995107,-0.0357122,0.0921282][0.589192,0.072472,0][0.180208,-0.464963,0.226124][0.989875,-0.040415,0.136066][0.548799,0.068004,0][0.173088,-0.464963,0.0123356][0.950697,-0.0452352,-0.306803][0.548799,0.100607,0][0.173088,-0.464963,0.0123356][0.950697,-0.0452352,-0.306803][0.548799,0.100607,0][0.173337,-0.310472,-0.00162816][0.943004,-0.0400748,-0.330359][0.589192,0.102321,0][0.190916,-0.310472,0.198582][0.995107,-0.0357122,0.0921282][0.589192,0.072472,0][0.0840031,-0.778611,-0.466849][0.559656,0.711303,-0.425245][0.896144,0.038123,0][0.144153,-0.796647,-0.371299][0.664417,0.705198,-0.24748][0.902368,0.0355,0][0.158939,-0.846593,-0.394258][0.836845,0.345807,-0.424392][0.902396,0.028234,0][0.158939,-0.846593,-0.394258][0.836845,0.345807,-0.424392][0.902396,0.028234,0][0.0943407,-0.837116,-0.486619][0.674092,0.263473,-0.69006][0.896307,0.029613,0][0.0840031,-0.778611,-0.466849][0.559656,0.711303,-0.425245][0.896144,0.038123,0][0.0203865,-0.829135,-0.533785][0.434962,0.223301,-0.872321][0.891499,0.030773,0][0.0141662,-0.763426,-0.514023][0.385388,0.739294,-0.552196][0.891381,0.040332,0][0.0840031,-0.778611,-0.466849][0.559656,0.711303,-0.425245][0.896144,0.038123,0][0.0840031,-0.778611,-0.466849][0.559656,0.711303,-0.425245][0.896144,0.038123,0][0.0943407,-0.837116,-0.486619][0.674092,0.263473,-0.69006][0.896307,0.029613,0][0.0203865,-0.829135,-0.533785][0.434962,0.223301,-0.872321][0.891499,0.030773,0][0.0141662,-0.763426,-0.514023][0.385388,0.739294,-0.552196][0.891381,0.040332,0][0.0203865,-0.829135,-0.533785][0.434962,0.223301,-0.872321][0.891499,0.030773,0][-0.0506695,-0.824521,-0.557371][0.132755,0.199143,-0.970937][0.887436,0.031445,0][-0.0506695,-0.824521,-0.557371][0.132755,0.199143,-0.970937][0.887436,0.031445,0][-0.0529727,-0.754644,-0.537956][0.113101,0.752643,-0.648642][0.887389,0.04161,0][0.0141662,-0.763426,-0.514023][0.385388,0.739294,-0.552196][0.891381,0.040332,0][-0.125685,-0.757467,-0.532375][-0.1966,0.752221,-0.628898][0.883265,0.041199,0][-0.0529727,-0.754644,-0.537956][0.113101,0.752643,-0.648642][0.887389,0.04161,0][-0.0506695,-0.824521,-0.557371][0.132755,0.199143,-0.970937][0.887436,0.031445,0][-0.0506695,-0.824521,-0.557371][0.132755,0.199143,-0.970937][0.887436,0.031445,0][-0.127486,-0.826004,-0.552773][-0.20326,0.210403,-0.956251][0.883231,0.031229,0][-0.125685,-0.757467,-0.532375][-0.1966,0.752221,-0.628898][0.883265,0.041199,0][-0.194451,-0.768657,-0.50653][-0.474896,0.694079,-0.541044][0.879121,0.039571,0][-0.125685,-0.757467,-0.532375][-0.1966,0.752221,-0.628898][0.883265,0.041199,0][-0.127486,-0.826004,-0.552773][-0.20326,0.210403,-0.956251][0.883231,0.031229,0][-0.127486,-0.826004,-0.552773][-0.20326,0.210403,-0.956251][0.883231,0.031229,0][-0.200096,-0.831885,-0.527509][-0.545841,0.237692,-0.803468][0.879033,0.030373,0][-0.194451,-0.768657,-0.50653][-0.474896,0.694079,-0.541044][0.879121,0.039571,0][-0.194451,-0.768657,-0.50653][-0.474896,0.694079,-0.541044][0.879121,0.039571,0][-0.200096,-0.831885,-0.527509][-0.545841,0.237692,-0.803468][0.879033,0.030373,0][-0.271526,-0.836733,-0.441743][-0.806045,0.284423,-0.519033][0.873472,0.029668,0][-0.271526,-0.836733,-0.441743][-0.806045,0.284423,-0.519033][0.873472,0.029668,0][-0.261769,-0.777885,-0.417156][-0.628885,0.697799,-0.342899][0.87348,0.038229,0][-0.194451,-0.768657,-0.50653][-0.474896,0.694079,-0.541044][0.879121,0.039571,0][-0.329208,-0.839647,-0.329578][-0.903159,0.302821,-0.304306][0.866312,0.029244,0][-0.313578,-0.783428,-0.311957][-0.75684,0.598681,-0.262248][0.86654,0.037423,0][-0.261769,-0.777885,-0.417156][-0.628885,0.697799,-0.342899][0.87348,0.038229,0][-0.261769,-0.777885,-0.417156][-0.628885,0.697799,-0.342899][0.87348,0.038229,0][-0.271526,-0.836733,-0.441743][-0.806045,0.284423,-0.519033][0.873472,0.029668,0][-0.329208,-0.839647,-0.329578][-0.903159,0.302821,-0.304306][0.866312,0.029244,0][-0.356865,-0.828377,-0.147525][-0.956117,0.292949,0.00456848][0.853168,0.030884,0][-0.333902,-0.761984,-0.148752][-0.886262,0.440854,-0.142084][0.854562,0.040542,0][-0.313578,-0.783428,-0.311957][-0.75684,0.598681,-0.262248][0.86654,0.037423,0][-0.313578,-0.783428,-0.311957][-0.75684,0.598681,-0.262248][0.86654,0.037423,0][-0.329208,-0.839647,-0.329578][-0.903159,0.302821,-0.304306][0.866312,0.029244,0][-0.356865,-0.828377,-0.147525][-0.956117,0.292949,0.00456848][0.853168,0.030884,0][-0.323497,-0.773292,-0.005235][-0.985726,0.154439,-0.0670284][0.838527,0.038897,0][-0.333902,-0.761984,-0.148752][-0.886262,0.440854,-0.142084][0.854562,0.040542,0][-0.356865,-0.828377,-0.147525][-0.956117,0.292949,0.00456848][0.853168,0.030884,0][-0.356865,-0.828377,-0.147525][-0.956117,0.292949,0.00456848][0.853168,0.030884,0][-0.333933,-0.834324,-0.00353858][-0.986288,0.159593,-0.042035][0.83821,0.030019,0][-0.323497,-0.773292,-0.005235][-0.985726,0.154439,-0.0670284][0.838527,0.038897,0][-0.370072,-0.785115,0.183799][-0.983977,0.176543,-0.0249181][0.818921,0.037177,0][-0.323497,-0.773292,-0.005235][-0.985726,0.154439,-0.0670284][0.838527,0.038897,0][-0.333933,-0.834324,-0.00353858][-0.986288,0.159593,-0.042035][0.83821,0.030019,0][-0.333933,-0.834324,-0.00353858][-0.986288,0.159593,-0.042035][0.83821,0.030019,0][-0.382054,-0.84054,0.17956][-0.979035,0.198022,-0.0477153][0.819848,0.029115,0][-0.370072,-0.785115,0.183799][-0.983977,0.176543,-0.0249181][0.818921,0.037177,0][-0.349705,-0.840204,0.355536][-0.897815,0.207153,0.388608][0.807304,0.029163,0][-0.339283,-0.784473,0.354119][-0.901708,0.154663,0.403735][0.80675,0.03727,0][-0.370072,-0.785115,0.183799][-0.983977,0.176543,-0.0249181][0.818921,0.037177,0][-0.370072,-0.785115,0.183799][-0.983977,0.176543,-0.0249181][0.818921,0.037177,0][-0.382054,-0.84054,0.17956][-0.979035,0.198022,-0.0477153][0.819848,0.029115,0][-0.349705,-0.840204,0.355536][-0.897815,0.207153,0.388608][0.807304,0.029163,0][-0.301936,-0.839425,0.416504][-0.713966,0.201381,0.670595][0.80218,0.029277,0][-0.293904,-0.783323,0.413273][-0.722017,0.13474,0.678629][0.801787,0.037438,0][-0.339283,-0.784473,0.354119][-0.901708,0.154663,0.403735][0.80675,0.03727,0][-0.339283,-0.784473,0.354119][-0.901708,0.154663,0.403735][0.80675,0.03727,0][-0.349705,-0.840204,0.355536][-0.897815,0.207153,0.388608][0.807304,0.029163,0][-0.301936,-0.839425,0.416504][-0.713966,0.201381,0.670595][0.80218,0.029277,0][-0.17428,-0.838826,0.498594][-0.251025,0.203063,0.946442][0.792512,0.029364,0][-0.171961,-0.782478,0.492392][-0.247294,0.125042,0.960838][0.792431,0.037561,0][-0.239412,-0.782908,0.460903][-0.540194,0.129539,0.831511][0.797163,0.037498,0][-0.239412,-0.782908,0.460903][-0.540194,0.129539,0.831511][0.797163,0.037498,0][-0.245054,-0.83938,0.465947][-0.536107,0.199736,0.820179][0.79741,0.029283,0][-0.17428,-0.838826,0.498594][-0.251025,0.203063,0.946442][0.792512,0.029364,0][0.0456378,-0.782908,0.474905][0.415066,0.148804,0.89754][0.973626,0.037498,0][-0.0252124,-0.782715,0.493802][0.155193,0.135197,0.978589][0.978321,0.037526,0][-0.0207985,-0.839064,0.500334][0.158707,0.209852,0.964766][0.978104,0.029329,0][-0.0207985,-0.839064,0.500334][0.158707,0.209852,0.964766][0.978104,0.029329,0][0.0534599,-0.83938,0.48061][0.416175,0.221987,0.881771][0.973257,0.029283,0][0.0456378,-0.782908,0.474905][0.415066,0.148804,0.89754][0.973626,0.037498,0][0.104423,-0.783121,0.433505][0.653825,0.165849,0.738246][0.969061,0.037467,0][0.0456378,-0.782908,0.474905][0.415066,0.148804,0.89754][0.973626,0.037498,0][0.0534599,-0.83938,0.48061][0.416175,0.221987,0.881771][0.973257,0.029283,0][0.0534599,-0.83938,0.48061][0.416175,0.221987,0.881771][0.973257,0.029283,0][0.114785,-0.839221,0.437639][0.644106,0.232553,0.728729][0.968562,0.029306,0][0.104423,-0.783121,0.433505][0.653825,0.165849,0.738246][0.969061,0.037467,0][0.200028,-0.785115,0.211803][0.962463,0.226499,0.149542][0.952483,0.037177,0][0.154437,-0.784473,0.378372][0.857975,0.200066,0.473131][0.96422,0.03727,0][0.167338,-0.840204,0.380934][0.853285,0.24678,0.459352][0.963585,0.029163,0][0.167338,-0.840204,0.380934][0.853285,0.24678,0.459352][0.963585,0.029163,0][0.214976,-0.84054,0.208887][0.958402,0.246362,0.14412][0.951565,0.029115,0][0.200028,-0.785115,0.211803][0.962463,0.226499,0.149542][0.952483,0.037177,0][0.200028,-0.785115,0.211803][0.962463,0.226499,0.149542][0.952483,0.037177,0][0.214976,-0.84054,0.208887][0.958402,0.246362,0.14412][0.951565,0.029115,0][0.220491,-0.834383,0.0236959][0.964072,0.264472,0.0248909][0.935095,0.03001,0][0.220491,-0.834383,0.0236959][0.964072,0.264472,0.0248909][0.935095,0.03001,0][0.202915,-0.773408,0.0206226][0.967919,0.250941,0.0126705][0.934845,0.03888,0][0.200028,-0.785115,0.211803][0.962463,0.226499,0.149542][0.952483,0.037177,0][0.222122,-0.832433,-0.119084][0.947476,0.313432,-0.0636353][0.921714,0.030294,0][0.200118,-0.769712,-0.12252][0.869101,0.444877,-0.216214][0.9206,0.039418,0][0.202915,-0.773408,0.0206226][0.967919,0.250941,0.0126705][0.934845,0.03888,0][0.202915,-0.773408,0.0206226][0.967919,0.250941,0.0126705][0.934845,0.03888,0][0.220491,-0.834383,0.0236959][0.964072,0.264472,0.0248909][0.935095,0.03001,0][0.222122,-0.832433,-0.119084][0.947476,0.313432,-0.0636353][0.921714,0.030294,0][0.191382,-0.807428,-0.248019][0.780502,0.581901,-0.228491][0.910954,0.033931,0][0.200118,-0.769712,-0.12252][0.869101,0.444877,-0.216214][0.9206,0.039418,0][0.222122,-0.832433,-0.119084][0.947476,0.313432,-0.0636353][0.921714,0.030294,0][0.222122,-0.832433,-0.119084][0.947476,0.313432,-0.0636353][0.921714,0.030294,0][0.208321,-0.85226,-0.2634][0.904819,0.359498,-0.228174][0.910955,0.02741,0][0.191382,-0.807428,-0.248019][0.780502,0.581901,-0.228491][0.910954,0.033931,0][0.208321,-0.85226,-0.2634][0.904819,0.359498,-0.228174][0.910955,0.02741,0][0.158939,-0.846593,-0.394258][0.836845,0.345807,-0.424392][0.902396,0.028234,0][0.144153,-0.796647,-0.371299][0.664417,0.705198,-0.24748][0.902368,0.0355,0][0.144153,-0.796647,-0.371299][0.664417,0.705198,-0.24748][0.902368,0.0355,0][0.191382,-0.807428,-0.248019][0.780502,0.581901,-0.228491][0.910954,0.033931,0][0.208321,-0.85226,-0.2634][0.904819,0.359498,-0.228174][0.910955,0.02741,0][-0.125173,0.794279,0.439597][-0.00522814,0.362791,0.931856][0.789695,0.266928,0][-0.210719,0.79543,0.428382][-0.296696,0.352741,0.887437][0.795922,0.267096,0][-0.203722,0.55896,0.45714][-0.326988,0.0332865,0.944442][0.79494,0.232697,0][-0.203722,0.55896,0.45714][-0.326988,0.0332865,0.944442][0.79494,0.232697,0][-0.11707,0.556874,0.469915][-0.00629949,0.0529324,0.998578][0.788998,0.232393,0][-0.125173,0.794279,0.439597][-0.00522814,0.362791,0.931856][0.789695,0.266928,0][-0.190343,0.351139,0.453717][-0.342003,-0.0725101,0.936897][0.794104,0.202466,0][-0.108348,0.349331,0.466466][-0.00532045,-0.0562048,0.998405][0.788415,0.202202,0][-0.11707,0.556874,0.469915][-0.00629949,0.0529324,0.998578][0.788998,0.232393,0][-0.11707,0.556874,0.469915][-0.00629949,0.0529324,0.998578][0.788998,0.232393,0][-0.203722,0.55896,0.45714][-0.326988,0.0332865,0.944442][0.79494,0.232697,0][-0.190343,0.351139,0.453717][-0.342003,-0.0725101,0.936897][0.794104,0.202466,0][-0.175229,0.139446,0.434468][-0.339573,-0.109411,0.934195][0.793334,0.171671,0][-0.0951135,0.138554,0.446732][0.00372652,-0.093027,0.995657][0.787515,0.171541,0][-0.0979877,0.184348,0.45102][-0.00222453,-0.0932803,0.995637][0.787717,0.178203,0][-0.0979877,0.184348,0.45102][-0.00222453,-0.0932803,0.995637][0.787717,0.178203,0][-0.178513,0.185439,0.43865][-0.34365,-0.109769,0.93266][0.793507,0.178361,0][-0.175229,0.139446,0.434468][-0.339573,-0.109411,0.934195][0.793334,0.171671,0][-0.0889939,0.109254,0.338954][-0.00638306,-0.0360168,0.999331][0.406754,0.620784,0][-0.145843,0.109887,0.330251][-0.345901,-0.0487256,0.937005][0.407019,0.614901,0][-0.144494,0.045259,0.327388][-0.356287,-0.0489702,0.933092][0.380007,0.614955,0][-0.144494,0.045259,0.327388][-0.356287,-0.0489702,0.933092][0.380007,0.614955,0][-0.0882651,0.0452628,0.336886][-0.0186736,-0.0320588,0.999312][0.380008,0.620847,0][-0.0889939,0.109254,0.338954][-0.00638306,-0.0360168,0.999331][0.406754,0.620784,0][-0.0882651,0.0452628,0.336886][-0.0186736,-0.0320588,0.999312][0.380008,0.620847,0][-0.144494,0.045259,0.327388][-0.356287,-0.0489702,0.933092][0.380007,0.614955,0][-0.143245,-0.0146341,0.324734][-0.368614,-0.049185,0.928281][0.354973,0.615007,0][-0.143245,-0.0146341,0.324734][-0.368614,-0.049185,0.928281][0.354973,0.615007,0][-0.0875896,-0.0140429,0.33497][-0.0292911,-0.0285797,0.999162][0.35522,0.620907,0][-0.0882651,0.0452628,0.336886][-0.0186736,-0.0320588,0.999312][0.380008,0.620847,0][-0.169779,-0.464963,0.490219][-0.274709,0.177167,0.945064][0.548799,0.268622,0][-0.100072,-0.464963,0.496656][-0.0147546,0.172002,0.984986][0.548799,0.277176,0][-0.0971192,-0.310472,0.469723][-0.0192794,0.181152,0.983266][0.589192,0.277406,0][-0.0971192,-0.310472,0.469723][-0.0192794,0.181152,0.983266][0.589192,0.277406,0][-0.169292,-0.310472,0.460317][-0.314212,0.188895,0.930371][0.589192,0.267714,0][-0.169779,-0.464963,0.490219][-0.274709,0.177167,0.945064][0.548799,0.268622,0][-0.0998763,-0.691333,0.484829][-0.00941317,0.137651,0.990436][0.787821,0.050819,0][-0.170492,-0.69157,0.480145][-0.251184,0.13614,0.958318][0.792465,0.050785,0][-0.171961,-0.782478,0.492392][-0.247294,0.125042,0.960838][0.792431,0.037561,0][-0.171961,-0.782478,0.492392][-0.247294,0.125042,0.960838][0.792431,0.037561,0][-0.0981991,-0.783431,0.497724][-0.0109874,0.132132,0.991171][0.787703,0.037422,0][-0.0998763,-0.691333,0.484829][-0.00941317,0.137651,0.990436][0.787821,0.050819,0][-0.0981991,-0.783431,0.497724][-0.0109874,0.132132,0.991171][0.787703,0.037422,0][-0.171961,-0.782478,0.492392][-0.247294,0.125042,0.960838][0.792431,0.037561,0][-0.17428,-0.838826,0.498594][-0.251025,0.203063,0.946442][0.792512,0.029364,0][-0.17428,-0.838826,0.498594][-0.251025,0.203063,0.946442][0.792512,0.029364,0][-0.0971946,-0.839656,0.505083][-0.0126837,0.211392,0.977319][0.787636,0.029243,0][-0.0981991,-0.783431,0.497724][-0.0109874,0.132132,0.991171][0.787703,0.037422,0][-0.0971946,-0.839656,0.505083][-0.0126837,0.211392,0.977319][0.787636,0.029243,0][-0.17428,-0.838826,0.498594][-0.251025,0.203063,0.946442][0.792512,0.029364,0][-0.177197,-0.905315,0.518027][-0.243646,0.284096,0.927322][0.792495,0.019692,0][-0.177197,-0.905315,0.518027][-0.243646,0.284096,0.927322][0.792495,0.019692,0][-0.0966104,-0.905623,0.525361][-0.0119958,0.291919,0.956368][0.787592,0.019647,0][-0.0971946,-0.839656,0.505083][-0.0126837,0.211392,0.977319][0.787636,0.029243,0][-0.177197,-0.905315,0.518027][-0.0059947,0.999766,0.0207625][0.792495,0.019692,0][-0.189557,-0.906728,0.582526][-0.00528682,0.999768,0.0208915][0.792526,0.018795,0][-0.0993174,-0.907074,0.59074][0.000417191,0.999753,0.0222041][0.787633,0.018749,0][-0.0993174,-0.907074,0.59074][0.000417191,0.999753,0.0222041][0.787633,0.018749,0][-0.0966104,-0.905623,0.525361][0.000360544,0.999753,0.022205][0.787592,0.019647,0][-0.177197,-0.905315,0.518027][-0.0059947,0.999766,0.0207625][0.792495,0.019692,0][-0.0966104,-0.905623,0.525361][0.000360544,0.999753,0.022205][0.982882,0.019647,0][-0.0993174,-0.907074,0.59074][0.000417191,0.999753,0.0222041][0.982923,0.018749,0][-0.0098201,-0.906848,0.584643][0.00344957,0.999759,0.0216746][0.978083,0.018779,0][-0.0098201,-0.906848,0.584643][0.00344957,0.999759,0.0216746][0.978083,0.018779,0][-0.0166818,-0.905421,0.519918][0.00380573,0.999759,0.0216369][0.978033,0.019676,0][-0.0966104,-0.905623,0.525361][0.000360544,0.999753,0.022205][0.982882,0.019647,0][-0.0207985,-0.839064,0.500334][0.158707,0.209852,0.964766][0.978104,0.029329,0][-0.0971946,-0.839656,0.505083][-0.0126837,0.211392,0.977319][0.982926,0.029243,0][-0.0966104,-0.905623,0.525361][-0.0119958,0.291919,0.956368][0.982882,0.019647,0][-0.0966104,-0.905623,0.525361][-0.0119958,0.291919,0.956368][0.982882,0.019647,0][-0.0166818,-0.905421,0.519918][0.157743,0.287811,0.944607][0.978033,0.019676,0][-0.0207985,-0.839064,0.500334][0.158707,0.209852,0.964766][0.978104,0.029329,0][-0.0252124,-0.782715,0.493802][0.155193,0.135197,0.978589][0.978321,0.037526,0][-0.0981991,-0.783431,0.497724][-0.0109874,0.132132,0.991171][0.982993,0.037422,0][-0.0971946,-0.839656,0.505083][-0.0126837,0.211392,0.977319][0.982926,0.029243,0][-0.0971946,-0.839656,0.505083][-0.0126837,0.211392,0.977319][0.982926,0.029243,0][-0.0207985,-0.839064,0.500334][0.158707,0.209852,0.964766][0.978104,0.029329,0][-0.0252124,-0.782715,0.493802][0.155193,0.135197,0.978589][0.978321,0.037526,0][-0.0290975,-0.691808,0.481292][0.154345,0.141501,0.977832][0.978457,0.05075,0][-0.0998763,-0.691333,0.484829][-0.00941317,0.137651,0.990436][0.983111,0.050819,0][-0.0981991,-0.783431,0.497724][-0.0109874,0.132132,0.991171][0.982993,0.037422,0][-0.0981991,-0.783431,0.497724][-0.0109874,0.132132,0.991171][0.982993,0.037422,0][-0.0252124,-0.782715,0.493802][0.155193,0.135197,0.978589][0.978321,0.037526,0][-0.0290975,-0.691808,0.481292][0.154345,0.141501,0.977832][0.978457,0.05075,0][-0.0971192,-0.310472,0.469723][-0.0192794,0.181152,0.983266][0.589192,0.01132,0][-0.100072,-0.464963,0.496656][-0.0147546,0.172002,0.984986][0.548799,0.011089,0][-0.0310453,-0.464963,0.492251][0.167887,0.169824,0.971068][0.548799,0.019607,0][-0.0310453,-0.464963,0.492251][0.167887,0.169824,0.971068][0.548799,0.019607,0][-0.0255269,-0.310472,0.463726][0.192923,0.175794,0.965338][0.589192,0.020927,0][-0.0971192,-0.310472,0.469723][-0.0192794,0.181152,0.983266][0.589192,0.01132,0][-0.0345916,0.0452704,0.329912][0.248408,-0.00929144,0.968611][0.380011,0.456909,0][-0.0882651,0.0452628,0.336886][-0.0186736,-0.0320588,0.999312][0.380008,0.451291,0][-0.0875896,-0.0140429,0.33497][-0.0292911,-0.0285797,0.999162][0.35522,0.451351,0][-0.0875896,-0.0140429,0.33497][-0.0292911,-0.0285797,0.999162][0.35522,0.451351,0][-0.0322692,-0.0148438,0.328681][0.239056,-0.00510625,0.970992][0.354885,0.45717,0][-0.0345916,0.0452704,0.329912][0.248408,-0.00929144,0.968611][0.380011,0.456909,0][-0.0370989,0.110134,0.33124][0.261922,-0.0141253,0.964986][0.407122,0.456629,0][-0.0889939,0.109254,0.338954][-0.00638306,-0.0360168,0.999331][0.406754,0.451228,0][-0.0882651,0.0452628,0.336886][-0.0186736,-0.0320588,0.999312][0.380008,0.451291,0][-0.0882651,0.0452628,0.336886][-0.0186736,-0.0320588,0.999312][0.380008,0.451291,0][-0.0345916,0.0452704,0.329912][0.248408,-0.00929144,0.968611][0.380011,0.456909,0][-0.0370989,0.110134,0.33124][0.261922,-0.0141253,0.964986][0.407122,0.456629,0][-0.0951135,0.138554,0.446732][0.00372652,-0.093027,0.995657][0.982805,0.171541,0][-0.0219805,0.139794,0.435861][0.269512,-0.0792579,0.95973][0.977499,0.171722,0][-0.0231984,0.185647,0.439914][0.264376,-0.0795591,0.961132][0.977633,0.178392,0][-0.0231984,0.185647,0.439914][0.264376,-0.0795591,0.961132][0.977633,0.178392,0][-0.0979877,0.184348,0.45102][-0.00222453,-0.0932803,0.995637][0.983007,0.178203,0][-0.0951135,0.138554,0.446732][0.00372652,-0.093027,0.995657][0.982805,0.171541,0][-0.108348,0.349331,0.466466][-0.00532045,-0.0562048,0.998405][0.983705,0.202202,0][-0.0275841,0.350845,0.454516][0.218667,-0.0571437,0.974125][0.978099,0.202423,0][-0.0324248,0.558666,0.458359][0.204059,0.0824205,0.975483][0.978468,0.232654,0][-0.0324248,0.558666,0.458359][0.204059,0.0824205,0.975483][0.978468,0.232654,0][-0.11707,0.556874,0.469915][-0.00629949,0.0529324,0.998578][0.984288,0.232393,0][-0.108348,0.349331,0.466466][-0.00532045,-0.0562048,0.998405][0.983705,0.202202,0][-0.125173,0.794279,0.439597][-0.00522814,0.362791,0.931856][0.984985,0.266928,0][-0.11707,0.556874,0.469915][-0.00629949,0.0529324,0.998578][0.984288,0.232393,0][-0.0324248,0.558666,0.458359][0.204059,0.0824205,0.975483][0.978468,0.232654,0][-0.0324248,0.558666,0.458359][0.204059,0.0824205,0.975483][0.978468,0.232654,0][-0.0427761,0.795136,0.429437][0.213555,0.365567,0.905956][0.978934,0.267053,0][-0.125173,0.794279,0.439597][-0.00522814,0.362791,0.931856][0.984985,0.266928,0][0.185787,0.570628,0.301452][0.86832,0.11985,0.481307][0.958863,0.234394,0][0.165409,0.799568,0.280095][0.82778,0.339145,0.446945][0.958849,0.267697,0][0.106631,0.797923,0.348916][0.628702,0.357189,0.690761][0.966048,0.267458,0][0.106631,0.797923,0.348916][0.628702,0.357189,0.690761][0.966048,0.267458,0][0.123122,0.565685,0.373357][0.665179,0.124326,0.73626][0.965924,0.233675,0][0.185787,0.570628,0.301452][0.86832,0.11985,0.481307][0.958863,0.234394,0][0.137678,0.397641,0.23372][0.880812,0.00100959,0.473465][0.95766,0.20923,0][0.136113,0.543428,0.235817][0.888445,0.00284614,0.458974][0.957911,0.230437,0][0.0926087,0.539997,0.285735][0.681223,-0.00586914,0.732052][0.96415,0.229938,0][0.0926087,0.539997,0.285735][0.681223,-0.00586914,0.732052][0.96415,0.229938,0][0.0937227,0.394872,0.283217][0.672441,-0.00928932,0.740093][0.96393,0.208827,0][0.137678,0.397641,0.23372][0.880812,0.00100959,0.473465][0.95766,0.20923,0][0.180863,0.147343,0.290652][0.879687,-0.0479302,0.473132][0.958549,0.17282,0][0.182423,0.193682,0.292343][0.882205,-0.0481997,0.468392][0.958555,0.17956,0][0.121124,0.190458,0.359806][0.662229,-0.0605682,0.74685][0.965525,0.179092,0][0.121124,0.190458,0.359806][0.662229,-0.0605682,0.74685][0.965525,0.179092,0][0.120126,0.144333,0.357051][0.658281,-0.0609705,0.750299][0.965479,0.172382,0][0.180863,0.147343,0.290652][0.879687,-0.0479302,0.473132][0.958549,0.17282,0][0.103139,0.0428298,0.233463][0.879946,-0.00323397,0.475062][0.378991,0.475487,0][0.106836,0.115491,0.228201][0.888063,-0.00649055,0.459677][0.409361,0.476215,0][0.0637378,0.113355,0.275316][0.662128,0.0236137,0.749019][0.408469,0.469042,0][0.0637378,0.113355,0.275316][0.662128,0.0236137,0.749019][0.408469,0.469042,0][0.064031,0.0441566,0.277654][0.662031,0.0280105,0.748953][0.379545,0.468922,0][0.103139,0.0428298,0.233463][0.879946,-0.00323397,0.475062][0.378991,0.475487,0][0.103139,0.0428298,0.233463][0.879946,-0.00323397,0.475062][0.378991,0.475487,0][0.064031,0.0441566,0.277654][0.662031,0.0280105,0.748953][0.379545,0.468922,0][0.0643033,-0.0199751,0.279821][0.668934,0.0231483,0.742962][0.35274,0.468813,0][0.0643033,-0.0199751,0.279821][0.668934,0.0231483,0.742962][0.35274,0.468813,0][0.0997108,-0.0245109,0.238342][0.881508,-0.0106764,0.472049][0.350844,0.474816,0][0.103139,0.0428298,0.233463][0.879946,-0.00323397,0.475062][0.378991,0.475487,0][0.137417,-0.464963,0.384376][0.860793,0.0522174,0.506269][0.548799,0.045313,0][0.147516,-0.310472,0.350787][0.891882,0.0355924,0.450866][0.589192,0.049552,0][0.100345,-0.310472,0.403594][0.66272,0.114296,0.740093][0.589192,0.039858,0][0.100345,-0.310472,0.403594][0.66272,0.114296,0.740093][0.589192,0.039858,0][0.0910221,-0.464963,0.435491][0.640329,0.118538,0.758899][0.548799,0.036498,0][0.137417,-0.464963,0.384376][0.860793,0.0522174,0.506269][0.548799,0.045313,0][0.139062,-0.695081,0.37236][0.866955,0.175464,0.466477][0.964897,0.050274,0][0.0936906,-0.693566,0.424436][0.661935,0.15293,0.733795][0.969463,0.050495,0][0.104423,-0.783121,0.433505][0.653825,0.165849,0.738246][0.969061,0.037467,0][0.104423,-0.783121,0.433505][0.653825,0.165849,0.738246][0.969061,0.037467,0][0.154437,-0.784473,0.378372][0.857975,0.200066,0.473131][0.96422,0.03727,0][0.139062,-0.695081,0.37236][0.866955,0.175464,0.466477][0.964897,0.050274,0][0.154437,-0.784473,0.378372][0.857975,0.200066,0.473131][0.96422,0.03727,0][0.104423,-0.783121,0.433505][0.653825,0.165849,0.738246][0.969061,0.037467,0][0.114785,-0.839221,0.437639][0.644106,0.232553,0.728729][0.968562,0.029306,0][0.114785,-0.839221,0.437639][0.644106,0.232553,0.728729][0.968562,0.029306,0][0.167338,-0.840204,0.380934][0.853285,0.24678,0.459352][0.963585,0.029163,0][0.154437,-0.784473,0.378372][0.857975,0.200066,0.473131][0.96422,0.03727,0][0.18012,-0.905623,0.395823][0.833741,0.270085,0.481592][0.963464,0.019647,0][0.167338,-0.840204,0.380934][0.853285,0.24678,0.459352][0.963585,0.029163,0][0.114785,-0.839221,0.437639][0.644106,0.232553,0.728729][0.968562,0.029306,0][0.114785,-0.839221,0.437639][0.644106,0.232553,0.728729][0.968562,0.029306,0][0.125111,-0.905369,0.454507][0.625721,0.281913,0.727323][0.968446,0.019684,0][0.18012,-0.905623,0.395823][0.833741,0.270085,0.481592][0.963464,0.019647,0][0.125111,-0.905369,0.454507][0.017033,0.999696,0.0178278][0.968446,0.019684,0][0.148956,-0.906789,0.511398][0.0147672,0.999715,0.0187778][0.968513,0.018787,0][0.210552,-0.907074,0.445685][0.0250173,0.999591,0.0138225][0.96354,0.018749,0][0.210552,-0.907074,0.445685][0.0250173,0.999591,0.0138225][0.96354,0.018749,0][0.18012,-0.905623,0.395823][0.0287056,0.999521,0.0115685][0.963464,0.019647,0][0.125111,-0.905369,0.454507][0.017033,0.999696,0.0178278][0.968446,0.019684,0][-0.288435,0.794867,0.38471][-0.550643,0.330294,0.766615][0.802366,0.267014,0][-0.354652,0.797672,0.325431][-0.699423,0.309546,0.644197][0.808976,0.267422,0][-0.345068,0.565443,0.349534][-0.7709,-0.0210418,0.636609][0.807294,0.23364,0][-0.345068,0.565443,0.349534][-0.7709,-0.0210418,0.636609][0.807294,0.23364,0][-0.282544,0.559332,0.411906][-0.606875,0.00367168,0.794789][0.801116,0.232751,0][-0.288435,0.794867,0.38471][-0.550643,0.330294,0.766615][0.802366,0.267014,0][-0.282544,0.559332,0.411906][-0.606875,0.00367168,0.794789][0.801116,0.232751,0][-0.345068,0.565443,0.349534][-0.7709,-0.0210418,0.636609][0.807294,0.23364,0][-0.324591,0.356384,0.346833][-0.781367,-0.101308,0.615793][0.806161,0.203229,0][-0.324591,0.356384,0.346833][-0.781367,-0.101308,0.615793][0.806161,0.203229,0][-0.264504,0.351235,0.40851][-0.619919,-0.0900161,0.779485][0.800046,0.202479,0][-0.282544,0.559332,0.411906][-0.606875,0.00367168,0.794789][0.801116,0.232751,0][-0.251207,0.184812,0.39382][-0.622267,-0.117564,0.773927][0.799563,0.17827,0][-0.307433,0.189199,0.336266][-0.784455,-0.119667,0.608531][0.80551,0.178908,0][-0.30267,0.142794,0.333333][-0.782551,-0.119121,0.611085][0.805318,0.172158,0][-0.30267,0.142794,0.333333][-0.782551,-0.119121,0.611085][0.805318,0.172158,0][-0.247515,0.13862,0.389743][-0.620709,-0.117676,0.77516][0.799421,0.171551,0][-0.251207,0.184812,0.39382][-0.622267,-0.117564,0.773927][0.799563,0.17827,0][-0.197138,0.109301,0.298515][-0.614804,-0.0396856,0.787681][0.406774,0.608705,0][-0.236274,0.112262,0.258487][-0.782273,0.01413,0.622775][0.408012,0.60274,0][-0.234644,0.043512,0.260517][-0.737279,-0.00946037,0.675523][0.379276,0.603023,0][-0.234644,0.043512,0.260517][-0.737279,-0.00946037,0.675523][0.379276,0.603023,0][-0.195169,0.0440384,0.294856][-0.599515,-0.0609265,0.798041][0.379496,0.608701,0][-0.197138,0.109301,0.298515][-0.614804,-0.0396856,0.787681][0.406774,0.608705,0][-0.193345,-0.0164434,0.291467][-0.586866,-0.0416253,0.808613][0.354216,0.608696,0][-0.195169,0.0440384,0.294856][-0.599515,-0.0609265,0.798041][0.379496,0.608701,0][-0.234644,0.043512,0.260517][-0.737279,-0.00946037,0.675523][0.379276,0.603023,0][-0.234644,0.043512,0.260517][-0.737279,-0.00946037,0.675523][0.379276,0.603023,0][-0.233131,-0.0202043,0.262397][-0.692198,0.00486246,0.721692][0.352644,0.603284,0][-0.193345,-0.0164434,0.291467][-0.586866,-0.0416253,0.808613][0.354216,0.608696,0][-0.284349,-0.464963,0.415754][-0.695752,0.144785,0.703538][0.548799,0.251611,0][-0.233169,-0.464963,0.457597][-0.538541,0.171603,0.82494][0.548799,0.259901,0][-0.234704,-0.310472,0.422879][-0.555315,0.172802,0.813489][0.589192,0.257631,0][-0.234704,-0.310472,0.422879][-0.555315,0.172802,0.813489][0.589192,0.257631,0][-0.287086,-0.310472,0.382266][-0.703649,0.136809,0.697253][0.589192,0.248511,0][-0.284349,-0.464963,0.415754][-0.695752,0.144785,0.703538][0.548799,0.251611,0][-0.234797,-0.69319,0.449304][-0.546356,0.133485,0.826848][0.797108,0.050549,0][-0.286057,-0.693767,0.405117][-0.724389,0.12521,0.677925][0.801547,0.050465,0][-0.293904,-0.783323,0.413273][-0.722017,0.13474,0.678629][0.801787,0.037438,0][-0.293904,-0.783323,0.413273][-0.722017,0.13474,0.678629][0.801787,0.037438,0][-0.239412,-0.782908,0.460903][-0.540194,0.129539,0.831511][0.797163,0.037498,0][-0.234797,-0.69319,0.449304][-0.546356,0.133485,0.826848][0.797108,0.050549,0][-0.245054,-0.83938,0.465947][-0.536107,0.199736,0.820179][0.79741,0.029283,0][-0.239412,-0.782908,0.460903][-0.540194,0.129539,0.831511][0.797163,0.037498,0][-0.293904,-0.783323,0.413273][-0.722017,0.13474,0.678629][0.801787,0.037438,0][-0.293904,-0.783323,0.413273][-0.722017,0.13474,0.678629][0.801787,0.037438,0][-0.301936,-0.839425,0.416504][-0.713966,0.201381,0.670595][0.80218,0.029277,0][-0.245054,-0.83938,0.465947][-0.536107,0.199736,0.820179][0.79741,0.029283,0][-0.245054,-0.83938,0.465947][-0.536107,0.199736,0.820179][0.79741,0.029283,0][-0.301936,-0.839425,0.416504][-0.713966,0.201381,0.670595][0.80218,0.029277,0][-0.310735,-0.90546,0.432409][-0.695731,0.253229,0.672186][0.802217,0.019671,0][-0.310735,-0.90546,0.432409][-0.695731,0.253229,0.672186][0.802217,0.019671,0][-0.251261,-0.905623,0.483654][-0.51808,0.266202,0.812853][0.797429,0.019647,0][-0.245054,-0.83938,0.465947][-0.536107,0.199736,0.820179][0.79741,0.029283,0][-0.251261,-0.905623,0.483654][-0.0135049,0.999723,0.0192718][0.797429,0.019647,0][-0.310735,-0.90546,0.432409][-0.0186959,0.999688,0.0165905][0.802217,0.019671,0][-0.339089,-0.90689,0.486655][-0.0169876,0.999703,0.0174841][0.802225,0.018773,0][-0.339089,-0.90689,0.486655][-0.0169876,0.999703,0.0174841][0.802225,0.018773,0][-0.272492,-0.907074,0.544037][-0.0134131,0.999724,0.0193051][0.797449,0.018749,0][-0.251261,-0.905623,0.483654][-0.0135049,0.999723,0.0192718][0.797429,0.019647,0][0.047982,0.872734,-0.244598][0.465843,0.70506,-0.534678][0.900801,0.278341,0][0.103736,0.870813,-0.171433][0.635992,0.678131,-0.368311][0.910684,0.278061,0][0.129465,0.814723,-0.198566][0.812006,0.312103,-0.493192][0.910438,0.269902,0][0.129465,0.814723,-0.198566][0.812006,0.312103,-0.493192][0.910438,0.269902,0][0.0668684,0.817095,-0.280017][0.603659,0.321384,-0.729594][0.900741,0.270247,0][0.047982,0.872734,-0.244598][0.465843,0.70506,-0.534678][0.900801,0.278341,0][-0.0963984,0.873833,-0.301554][0.0218872,0.729008,-0.684156][0.884833,0.278501,0][-0.0259585,0.873521,-0.282728][0.253042,0.725587,-0.639917][0.892132,0.278455,0][-0.015753,0.817979,-0.322621][0.338388,0.327257,-0.882268][0.89222,0.270376,0][-0.015753,0.817979,-0.322621][0.338388,0.327257,-0.882268][0.89222,0.270376,0][-0.0944588,0.81829,-0.343732][0.0287776,0.319726,-0.947073][0.885031,0.270421,0][-0.0963984,0.873833,-0.301554][0.0218872,0.729008,-0.684156][0.884833,0.278501,0][-0.258534,0.817095,-0.296001][-0.532739,0.293239,-0.793851][0.869805,0.270247,0][-0.243234,0.872734,-0.258902][-0.40496,0.706389,-0.580537][0.869401,0.278341,0][-0.177862,0.873418,-0.285405][-0.202678,0.724776,-0.658499][0.876517,0.27844,0][-0.177862,0.873418,-0.285405][-0.202678,0.724776,-0.658499][0.876517,0.27844,0][-0.185488,0.817857,-0.325612][-0.274717,0.312996,-0.909156][0.876837,0.270358,0][-0.258534,0.817095,-0.296001][-0.532739,0.293239,-0.793851][0.869805,0.270247,0][-0.393428,0.812395,-0.115463][-0.891317,0.240591,-0.384278][0.848724,0.269563,0][-0.363737,0.868674,-0.0972039][-0.692868,0.662069,-0.285655][0.848167,0.27775,0][-0.304038,0.871002,-0.196648][-0.589015,0.6804,-0.436023][0.860527,0.278089,0][-0.304038,0.871002,-0.196648][-0.589015,0.6804,-0.436023][0.860527,0.278089,0][-0.326679,0.814992,-0.226698][-0.765945,0.26483,-0.585827][0.861031,0.269941,0][-0.393428,0.812395,-0.115463][-0.891317,0.240591,-0.384278][0.848724,0.269563,0][-0.408214,0.864303,0.0546779][-0.749504,0.661698,-0.0199829][0.832018,0.277114,0][-0.363737,0.868674,-0.0972039][-0.692868,0.662069,-0.285655][0.848167,0.27775,0][-0.393428,0.812395,-0.115463][-0.891317,0.240591,-0.384278][0.848724,0.269563,0][-0.393428,0.812395,-0.115463][-0.891317,0.240591,-0.384278][0.848724,0.269563,0][-0.444271,0.806899,0.0544188][-0.970093,0.237772,-0.0488332][0.832472,0.268764,0][-0.408214,0.864303,0.0546779][-0.749504,0.661698,-0.0199829][0.832018,0.277114,0][-0.375703,0.85879,0.229542][-0.664941,0.681467,0.305707][0.815789,0.276312,0][-0.408214,0.864303,0.0546779][-0.749504,0.661698,-0.0199829][0.832018,0.277114,0][-0.444271,0.806899,0.0544188][-0.970093,0.237772,-0.0488332][0.832472,0.268764,0][-0.444271,0.806899,0.0544188][-0.970093,0.237772,-0.0488332][0.832472,0.268764,0][-0.409563,0.799568,0.251852][-0.883323,0.269939,0.383241][0.81603,0.267697,0][-0.375703,0.85879,0.229542][-0.664941,0.681467,0.305707][0.815789,0.276312,0][-0.267821,0.855267,0.346131][-0.40719,0.704785,0.580926][0.802329,0.2758,0][-0.326935,0.857205,0.294582][-0.514777,0.697386,0.498655][0.80884,0.276082,0][-0.354652,0.797672,0.325431][-0.699423,0.309546,0.644197][0.808976,0.267422,0][-0.354652,0.797672,0.325431][-0.699423,0.309546,0.644197][0.808976,0.267422,0][-0.288435,0.794867,0.38471][-0.550643,0.330294,0.766615][0.802366,0.267014,0][-0.267821,0.855267,0.346131][-0.40719,0.704785,0.580926][0.802329,0.2758,0][-0.123737,0.854575,0.394922][-0.000895921,0.714407,0.69973][0.789842,0.275699,0][-0.199493,0.855232,0.3857][-0.219705,0.711757,0.667182][0.795978,0.275795,0][-0.210719,0.79543,0.428382][-0.296696,0.352741,0.887437][0.795922,0.267096,0][-0.210719,0.79543,0.428382][-0.296696,0.352741,0.887437][0.795922,0.267096,0][-0.125173,0.794279,0.439597][-0.00522814,0.362791,0.931856][0.789695,0.266928,0][-0.123737,0.854575,0.394922][-0.000895921,0.714407,0.69973][0.789842,0.275699,0][0.0369672,0.794867,0.400694][0.435929,0.359056,0.825254][0.972634,0.267014,0][0.0193735,0.855267,0.360239][0.325343,0.707183,0.627729][0.972954,0.2758,0][-0.0508766,0.855137,0.386314][0.160567,0.712554,0.682997][0.979164,0.275781,0][-0.0508766,0.855137,0.386314][0.160567,0.712554,0.682997][0.979164,0.275781,0][-0.0427761,0.795136,0.429437][0.213555,0.365567,0.905956][0.978934,0.267053,0][0.0369672,0.794867,0.400694][0.435929,0.359056,0.825254][0.972634,0.267014,0][0.165409,0.799568,0.280095][0.82778,0.339145,0.446945][0.958849,0.267697,0][0.133649,0.85879,0.254561][0.639064,0.682652,0.354378][0.959326,0.276312,0][0.0815786,0.857326,0.315527][0.471958,0.699919,0.536068][0.966444,0.276099,0][0.0815786,0.857326,0.315527][0.471958,0.699919,0.536068][0.966444,0.276099,0][0.106631,0.797923,0.348916][0.628702,0.357189,0.690761][0.966048,0.267458,0][0.165409,0.799568,0.280095][0.82778,0.339145,0.446945][0.958849,0.267697,0][0.217275,0.806899,0.0869153][0.947754,0.316522,0.0396912][0.94128,0.268764,0][0.18135,0.864303,0.0836374][0.748268,0.661793,0.0461011][0.941855,0.277114,0][0.133649,0.85879,0.254561][0.639064,0.682652,0.354378][0.959326,0.276312,0][0.133649,0.85879,0.254561][0.639064,0.682652,0.354378][0.959326,0.276312,0][0.165409,0.799568,0.280095][0.82778,0.339145,0.446945][0.958849,0.267697,0][0.217275,0.806899,0.0869153][0.947754,0.316522,0.0396912][0.94128,0.268764,0][0.181544,0.812395,-0.0872194][0.903272,0.310512,-0.296113][0.923196,0.269563,0][0.15038,0.868673,-0.0719503][0.717656,0.661062,-0.219014][0.923659,0.27775,0][0.18135,0.864303,0.0836374][0.748268,0.661793,0.0461011][0.941855,0.277114,0][0.18135,0.864303,0.0836374][0.748268,0.661793,0.0461011][0.941855,0.277114,0][0.217275,0.806899,0.0869153][0.947754,0.316522,0.0396912][0.94128,0.268764,0][0.181544,0.812395,-0.0872194][0.903272,0.310512,-0.296113][0.923196,0.269563,0][-0.0259585,0.873521,-0.282728][0.253042,0.725587,-0.639917][0.892132,0.278455,0][0.047982,0.872734,-0.244598][0.465843,0.70506,-0.534678][0.900801,0.278341,0][0.0668684,0.817095,-0.280017][0.603659,0.321384,-0.729594][0.900741,0.270247,0][0.0668684,0.817095,-0.280017][0.603659,0.321384,-0.729594][0.900741,0.270247,0][-0.015753,0.817979,-0.322621][0.338388,0.327257,-0.882268][0.89222,0.270376,0][-0.0259585,0.873521,-0.282728][0.253042,0.725587,-0.639917][0.892132,0.278455,0][-0.185488,0.817857,-0.325612][-0.274717,0.312996,-0.909156][0.876837,0.270358,0][-0.177862,0.873418,-0.285405][-0.202678,0.724776,-0.658499][0.876517,0.27844,0][-0.0963984,0.873833,-0.301554][0.0218872,0.729008,-0.684156][0.884833,0.278501,0][-0.0963984,0.873833,-0.301554][0.0218872,0.729008,-0.684156][0.884833,0.278501,0][-0.0944588,0.81829,-0.343732][0.0287776,0.319726,-0.947073][0.885031,0.270421,0][-0.185488,0.817857,-0.325612][-0.274717,0.312996,-0.909156][0.876837,0.270358,0][0.103736,0.870813,-0.171433][0.635992,0.678131,-0.368311][0.910684,0.278061,0][0.15038,0.868673,-0.0719503][0.717656,0.661062,-0.219014][0.923659,0.27775,0][0.181544,0.812395,-0.0872194][0.903272,0.310512,-0.296113][0.923196,0.269563,0][0.181544,0.812395,-0.0872194][0.903272,0.310512,-0.296113][0.923196,0.269563,0][0.129465,0.814723,-0.198566][0.812006,0.312103,-0.493192][0.910438,0.269902,0][0.103736,0.870813,-0.171433][0.635992,0.678131,-0.368311][0.910684,0.278061,0][-0.326679,0.814992,-0.226698][-0.765945,0.26483,-0.585827][0.861031,0.269941,0][-0.304038,0.871002,-0.196648][-0.589015,0.6804,-0.436023][0.860527,0.278089,0][-0.243234,0.872734,-0.258902][-0.40496,0.706389,-0.580537][0.869401,0.278341,0][-0.243234,0.872734,-0.258902][-0.40496,0.706389,-0.580537][0.869401,0.278341,0][-0.258534,0.817095,-0.296001][-0.532739,0.293239,-0.793851][0.869805,0.270247,0][-0.326679,0.814992,-0.226698][-0.765945,0.26483,-0.585827][0.861031,0.269941,0][-0.199493,0.855232,0.3857][-0.219705,0.711757,0.667182][0.795978,0.275795,0][-0.267821,0.855267,0.346131][-0.40719,0.704785,0.580926][0.802329,0.2758,0][-0.288435,0.794867,0.38471][-0.550643,0.330294,0.766615][0.802366,0.267014,0][-0.288435,0.794867,0.38471][-0.550643,0.330294,0.766615][0.802366,0.267014,0][-0.210719,0.79543,0.428382][-0.296696,0.352741,0.887437][0.795922,0.267096,0][-0.199493,0.855232,0.3857][-0.219705,0.711757,0.667182][0.795978,0.275795,0][-0.0427761,0.795136,0.429437][0.213555,0.365567,0.905956][0.978934,0.267053,0][-0.0508766,0.855137,0.386314][0.160567,0.712554,0.682997][0.979164,0.275781,0][-0.123737,0.854575,0.394922][-0.000895921,0.714407,0.69973][0.985132,0.275699,0][-0.123737,0.854575,0.394922][-0.000895921,0.714407,0.69973][0.985132,0.275699,0][-0.125173,0.794279,0.439597][-0.00522814,0.362791,0.931856][0.984985,0.266928,0][-0.0427761,0.795136,0.429437][0.213555,0.365567,0.905956][0.978934,0.267053,0][0.106631,0.797923,0.348916][0.628702,0.357189,0.690761][0.966048,0.267458,0][0.0815786,0.857326,0.315527][0.471958,0.699919,0.536068][0.966444,0.276099,0][0.0193735,0.855267,0.360239][0.325343,0.707183,0.627729][0.972954,0.2758,0][0.0193735,0.855267,0.360239][0.325343,0.707183,0.627729][0.972954,0.2758,0][0.0369672,0.794867,0.400694][0.435929,0.359056,0.825254][0.972634,0.267014,0][0.106631,0.797923,0.348916][0.628702,0.357189,0.690761][0.966048,0.267458,0][-0.326935,0.857205,0.294582][-0.514777,0.697386,0.498655][0.80884,0.276082,0][-0.375703,0.85879,0.229542][-0.664941,0.681467,0.305707][0.815789,0.276312,0][-0.409563,0.799568,0.251852][-0.883323,0.269939,0.383241][0.81603,0.267697,0][-0.409563,0.799568,0.251852][-0.883323,0.269939,0.383241][0.81603,0.267697,0][-0.354652,0.797672,0.325431][-0.699423,0.309546,0.644197][0.808976,0.267422,0][-0.326935,0.857205,0.294582][-0.514777,0.697386,0.498655][0.80884,0.276082,0][-0.0274245,0.955852,-0.106148][0.224357,0.944896,-0.2384][0.638293,0.028617,0][0.00192165,0.954996,-0.067108][0.314306,0.934564,-0.166737][0.642285,0.036559,0][0.0507038,0.924528,-0.116633][0.447504,0.859095,-0.248387][0.648921,0.026485,0][0.0507038,0.924528,-0.116633][0.447504,0.859095,-0.248387][0.648921,0.026485,0][0.00884277,0.925758,-0.172292][0.322119,0.877717,-0.354758][0.643226,0.015162,0][-0.0274245,0.955852,-0.106148][0.224357,0.944896,-0.2384][0.638293,0.028617,0][-0.104012,0.95645,-0.136302][0.00918827,0.953186,-0.302246][0.627874,0.022483,0][-0.066643,0.956269,-0.126376][0.117715,0.951442,-0.284433][0.632957,0.024503,0][-0.047086,0.926354,-0.201136][0.170883,0.889878,-0.422986][0.635618,0.009294,0][-0.047086,0.926354,-0.201136][0.170883,0.889878,-0.422986][0.635618,0.009294,0][-0.100372,0.926623,-0.215295][0.0140269,0.893043,-0.449753][0.628369,0.006413,0][-0.104012,0.95645,-0.136302][0.00918827,0.953186,-0.302246][0.627874,0.022483,0][-0.211434,0.925758,-0.183111][-0.280713,0.878518,-0.386532][0.613261,0.01296,0][-0.181892,0.955852,-0.113735][-0.196094,0.945344,-0.260522][0.61728,0.027074,0][-0.147217,0.956209,-0.127794][-0.0956332,0.951134,-0.293597][0.621997,0.024214,0][-0.147217,0.956209,-0.127794][-0.0956332,0.951134,-0.293597][0.621997,0.024214,0][-0.161987,0.926277,-0.203158][-0.137803,0.889306,-0.436056][0.619988,0.008883,0][-0.211434,0.925758,-0.183111][-0.280713,0.878518,-0.386532][0.613261,0.01296,0][-0.302324,0.922848,-0.0606534][-0.49346,0.848252,-0.192265][0.600897,0.037873,0][-0.245621,0.953819,-0.0278576][-0.348801,0.928402,-0.12809][0.608611,0.044544,0][-0.213988,0.955056,-0.0805156][-0.291812,0.935478,-0.199314][0.612914,0.033832,0][-0.213988,0.955056,-0.0805156][-0.291812,0.935478,-0.199314][0.612914,0.033832,0][-0.257212,0.924624,-0.135751][-0.414739,0.860744,-0.295146][0.607033,0.022595,0][-0.302324,0.922848,-0.0606534][-0.49346,0.848252,-0.192265][0.600897,0.037873,0][-0.268337,0.951967,0.0525727][-0.375919,0.926639,0.00494511][0.60552,0.060906,0][-0.245621,0.953819,-0.0278576][-0.348801,0.928402,-0.12809][0.608611,0.044544,0][-0.302324,0.922848,-0.0606534][-0.49346,0.848252,-0.192265][0.600897,0.037873,0][-0.302324,0.922848,-0.0606534][-0.49346,0.848252,-0.192265][0.600897,0.037873,0][-0.334772,0.920192,0.0540519][-0.53246,0.84645,-0.00297242][0.596483,0.061207,0][-0.268337,0.951967,0.0525727][-0.375919,0.926639,0.00494511][0.60552,0.060906,0][-0.249852,0.949941,0.143763][-0.328345,0.930236,0.163864][0.608035,0.079457,0][-0.268337,0.951967,0.0525727][-0.375919,0.926639,0.00494511][0.60552,0.060906,0][-0.334772,0.920192,0.0540519][-0.53246,0.84645,-0.00297242][0.596483,0.061207,0][-0.334772,0.920192,0.0540519][-0.53246,0.84645,-0.00297242][0.596483,0.061207,0][-0.308489,0.917241,0.18419][-0.467201,0.855371,0.22375][0.600058,0.087681,0][-0.249852,0.949941,0.143763][-0.328345,0.930236,0.163864][0.608035,0.079457,0][-0.193074,0.948652,0.203629][-0.196118,0.93572,0.293198][0.615759,0.091636,0][-0.224305,0.949197,0.177571][-0.249012,0.933967,0.256317][0.61151,0.086335,0][-0.272039,0.916175,0.232443][-0.356698,0.863226,0.357222][0.605017,0.097497,0][-0.272039,0.916175,0.232443][-0.356698,0.863226,0.357222][0.605017,0.097497,0][-0.227496,0.915371,0.26968][-0.281648,0.867241,0.41057][0.611076,0.105072,0][-0.193074,0.948652,0.203629][-0.196118,0.93572,0.293198][0.615759,0.091636,0][-0.120876,0.914653,0.306202][0.000101598,0.873437,0.486937][0.62558,0.112502,0][-0.118383,0.94815,0.229227][-0.000424618,0.938844,0.344344][0.625919,0.096843,0][-0.157879,0.948184,0.22503][-0.106821,0.938177,0.329263][0.620547,0.095989,0][-0.157879,0.948184,0.22503][-0.106821,0.938177,0.329263][0.620547,0.095989,0][-0.177239,0.91473,0.300173][-0.153095,0.872084,0.464792][0.617913,0.111276,0][-0.120876,0.914653,0.306202][0.000101598,0.873437,0.486937][0.62558,0.112502,0][-0.0149493,0.915371,0.280121][0.222348,0.868984,0.442073][0.63999,0.107196,0][-0.0441772,0.948652,0.210943][0.153905,0.936657,0.314622][0.636014,0.093123,0][-0.0804868,0.94828,0.225075][0.0771051,0.937865,0.338324][0.631074,0.095998,0][-0.0804868,0.94828,0.225075][0.0771051,0.937865,0.338324][0.631074,0.095998,0][-0.0667877,0.914852,0.300257][0.111346,0.871495,0.477596][0.632938,0.111293,0][-0.0149493,0.915371,0.280121][0.222348,0.868984,0.442073][0.63999,0.107196,0][0.0707008,0.917241,0.202816][0.448062,0.856165,0.257335][0.651641,0.09147,0][0.0158607,0.949941,0.156815][0.314123,0.930697,0.187431][0.644181,0.082112,0][-0.0113044,0.94918,0.188617][0.226031,0.935048,0.273121][0.640486,0.088582,0][-0.0113044,0.94918,0.188617][0.226031,0.935048,0.273121][0.640486,0.088582,0][0.0319362,0.916159,0.2482][0.325093,0.86511,0.381969][0.646368,0.100703,0][0.0707008,0.917241,0.202816][0.448062,0.856165,0.257335][0.651641,0.09147,0][0.10828,0.920192,0.0758152][0.530513,0.846547,0.0437527][0.656753,0.065634,0][0.0422601,0.951967,0.0678297][0.37385,0.926717,0.0378397][0.647772,0.06401,0][0.0158607,0.949941,0.156815][0.314123,0.930697,0.187431][0.644181,0.082112,0][0.0158607,0.949941,0.156815][0.314123,0.930697,0.187431][0.644181,0.082112,0][0.0707008,0.917241,0.202816][0.448062,0.856165,0.257335][0.651641,0.09147,0][0.10828,0.920192,0.0758152][0.530513,0.846547,0.0437527][0.656753,0.065634,0][0.0860276,0.922848,-0.0415766][0.510525,0.847504,-0.145261][0.653726,0.041753,0][0.0266923,0.953819,-0.0144814][0.360258,0.928009,-0.0949408][0.645654,0.047265,0][0.0422601,0.951967,0.0678297][0.37385,0.926717,0.0378397][0.647772,0.06401,0][0.0422601,0.951967,0.0678297][0.37385,0.926717,0.0378397][0.647772,0.06401,0][0.10828,0.920192,0.0758152][0.530513,0.846547,0.0437527][0.656753,0.065634,0][0.0860276,0.922848,-0.0415766][0.510525,0.847504,-0.145261][0.653726,0.041753,0][-0.066643,0.956269,-0.126376][0.117715,0.951442,-0.284433][0.632957,0.024503,0][-0.0274245,0.955852,-0.106148][0.224357,0.944896,-0.2384][0.638293,0.028617,0][0.00884277,0.925758,-0.172292][0.322119,0.877717,-0.354758][0.643226,0.015162,0][0.00884277,0.925758,-0.172292][0.322119,0.877717,-0.354758][0.643226,0.015162,0][-0.047086,0.926354,-0.201136][0.170883,0.889878,-0.422986][0.635618,0.009294,0][-0.066643,0.956269,-0.126376][0.117715,0.951442,-0.284433][0.632957,0.024503,0][-0.161987,0.926277,-0.203158][-0.137803,0.889306,-0.436056][0.619988,0.008883,0][-0.147217,0.956209,-0.127794][-0.0956332,0.951134,-0.293597][0.621997,0.024214,0][-0.104012,0.95645,-0.136302][0.00918827,0.953186,-0.302246][0.627874,0.022483,0][-0.104012,0.95645,-0.136302][0.00918827,0.953186,-0.302246][0.627874,0.022483,0][-0.100372,0.926623,-0.215295][0.0140269,0.893043,-0.449753][0.628369,0.006413,0][-0.161987,0.926277,-0.203158][-0.137803,0.889306,-0.436056][0.619988,0.008883,0][0.00192165,0.954996,-0.067108][0.314306,0.934564,-0.166737][0.642285,0.036559,0][0.0266923,0.953819,-0.0144814][0.360258,0.928009,-0.0949408][0.645654,0.047265,0][0.0860276,0.922848,-0.0415766][0.510525,0.847504,-0.145261][0.653726,0.041753,0][0.0860276,0.922848,-0.0415766][0.510525,0.847504,-0.145261][0.653726,0.041753,0][0.0507038,0.924528,-0.116633][0.447504,0.859095,-0.248387][0.648921,0.026485,0][0.00192165,0.954996,-0.067108][0.314306,0.934564,-0.166737][0.642285,0.036559,0][-0.257212,0.924624,-0.135751][-0.414739,0.860744,-0.295146][0.607033,0.022595,0][-0.213988,0.955056,-0.0805156][-0.291812,0.935478,-0.199314][0.612914,0.033832,0][-0.181892,0.955852,-0.113735][-0.196094,0.945344,-0.260522][0.61728,0.027074,0][-0.181892,0.955852,-0.113735][-0.196094,0.945344,-0.260522][0.61728,0.027074,0][-0.211434,0.925758,-0.183111][-0.280713,0.878518,-0.386532][0.613261,0.01296,0][-0.257212,0.924624,-0.135751][-0.414739,0.860744,-0.295146][0.607033,0.022595,0][-0.157879,0.948184,0.22503][-0.106821,0.938177,0.329263][0.620547,0.095989,0][-0.193074,0.948652,0.203629][-0.196118,0.93572,0.293198][0.615759,0.091636,0][-0.227496,0.915371,0.26968][-0.281648,0.867241,0.41057][0.611076,0.105072,0][-0.227496,0.915371,0.26968][-0.281648,0.867241,0.41057][0.611076,0.105072,0][-0.177239,0.91473,0.300173][-0.153095,0.872084,0.464792][0.617913,0.111276,0][-0.157879,0.948184,0.22503][-0.106821,0.938177,0.329263][0.620547,0.095989,0][-0.0667877,0.914852,0.300257][0.111346,0.871495,0.477596][0.632938,0.111293,0][-0.0804868,0.94828,0.225075][0.0771051,0.937865,0.338324][0.631074,0.095998,0][-0.118383,0.94815,0.229227][-0.000424618,0.938844,0.344344][0.625919,0.096843,0][-0.118383,0.94815,0.229227][-0.000424618,0.938844,0.344344][0.625919,0.096843,0][-0.120876,0.914653,0.306202][0.000101598,0.873437,0.486937][0.62558,0.112502,0][-0.0667877,0.914852,0.300257][0.111346,0.871495,0.477596][0.632938,0.111293,0][0.0319362,0.916159,0.2482][0.325093,0.86511,0.381969][0.646368,0.100703,0][-0.0113044,0.94918,0.188617][0.226031,0.935048,0.273121][0.640486,0.088582,0][-0.0441772,0.948652,0.210943][0.153905,0.936657,0.314622][0.636014,0.093123,0][-0.0441772,0.948652,0.210943][0.153905,0.936657,0.314622][0.636014,0.093123,0][-0.0149493,0.915371,0.280121][0.222348,0.868984,0.442073][0.63999,0.107196,0][0.0319362,0.916159,0.2482][0.325093,0.86511,0.381969][0.646368,0.100703,0][-0.224305,0.949197,0.177571][-0.249012,0.933967,0.256317][0.61151,0.086335,0][-0.249852,0.949941,0.143763][-0.328345,0.930236,0.163864][0.608035,0.079457,0][-0.308489,0.917241,0.18419][-0.467201,0.855371,0.22375][0.600058,0.087681,0][-0.308489,0.917241,0.18419][-0.467201,0.855371,0.22375][0.600058,0.087681,0][-0.272039,0.916175,0.232443][-0.356698,0.863226,0.357222][0.605017,0.097497,0][-0.224305,0.949197,0.177571][-0.249012,0.933967,0.256317][0.61151,0.086335,0][0.0507038,0.924528,-0.116633][0.447504,0.859095,-0.248387][0.911357,0.285875,0][0.0860276,0.922848,-0.0415766][0.510525,0.847504,-0.145261][0.924972,0.285631,0][0.15038,0.868673,-0.0719503][0.717656,0.661062,-0.219014][0.923659,0.27775,0][0.15038,0.868673,-0.0719503][0.717656,0.661062,-0.219014][0.923659,0.27775,0][0.103736,0.870813,-0.171433][0.635992,0.678131,-0.368311][0.910684,0.278061,0][0.0507038,0.924528,-0.116633][0.447504,0.859095,-0.248387][0.911357,0.285875,0][0.00884277,0.925758,-0.172292][0.322119,0.877717,-0.354758][0.900919,0.286054,0][0.0507038,0.924528,-0.116633][0.447504,0.859095,-0.248387][0.911357,0.285875,0][0.103736,0.870813,-0.171433][0.635992,0.678131,-0.368311][0.910684,0.278061,0][0.103736,0.870813,-0.171433][0.635992,0.678131,-0.368311][0.910684,0.278061,0][0.047982,0.872734,-0.244598][0.465843,0.70506,-0.534678][0.900801,0.278341,0][0.00884277,0.925758,-0.172292][0.322119,0.877717,-0.354758][0.900919,0.286054,0][-0.047086,0.926354,-0.201136][0.170883,0.889878,-0.422986][0.891815,0.286141,0][0.00884277,0.925758,-0.172292][0.322119,0.877717,-0.354758][0.900919,0.286054,0][0.047982,0.872734,-0.244598][0.465843,0.70506,-0.534678][0.900801,0.278341,0][0.047982,0.872734,-0.244598][0.465843,0.70506,-0.534678][0.900801,0.278341,0][-0.0259585,0.873521,-0.282728][0.253042,0.725587,-0.639917][0.892132,0.278455,0][-0.047086,0.926354,-0.201136][0.170883,0.889878,-0.422986][0.891815,0.286141,0][-0.100372,0.926623,-0.215295][0.0140269,0.893043,-0.449753][0.884196,0.28618,0][-0.047086,0.926354,-0.201136][0.170883,0.889878,-0.422986][0.891815,0.286141,0][-0.0259585,0.873521,-0.282728][0.253042,0.725587,-0.639917][0.892132,0.278455,0][-0.0259585,0.873521,-0.282728][0.253042,0.725587,-0.639917][0.892132,0.278455,0][-0.0963984,0.873833,-0.301554][0.0218872,0.729008,-0.684156][0.884833,0.278501,0][-0.100372,0.926623,-0.215295][0.0140269,0.893043,-0.449753][0.884196,0.28618,0][-0.177862,0.873418,-0.285405][-0.202678,0.724776,-0.658499][0.876517,0.27844,0][-0.161987,0.926277,-0.203158][-0.137803,0.889306,-0.436056][0.875539,0.28613,0][-0.100372,0.926623,-0.215295][0.0140269,0.893043,-0.449753][0.884196,0.28618,0][-0.100372,0.926623,-0.215295][0.0140269,0.893043,-0.449753][0.884196,0.28618,0][-0.0963984,0.873833,-0.301554][0.0218872,0.729008,-0.684156][0.884833,0.278501,0][-0.177862,0.873418,-0.285405][-0.202678,0.724776,-0.658499][0.876517,0.27844,0][-0.243234,0.872734,-0.258902][-0.40496,0.706389,-0.580537][0.869401,0.278341,0][-0.211434,0.925758,-0.183111][-0.280713,0.878518,-0.386532][0.868201,0.286054,0][-0.161987,0.926277,-0.203158][-0.137803,0.889306,-0.436056][0.875539,0.28613,0][-0.161987,0.926277,-0.203158][-0.137803,0.889306,-0.436056][0.875539,0.28613,0][-0.177862,0.873418,-0.285405][-0.202678,0.724776,-0.658499][0.876517,0.27844,0][-0.243234,0.872734,-0.258902][-0.40496,0.706389,-0.580537][0.869401,0.278341,0][-0.304038,0.871002,-0.196648][-0.589015,0.6804,-0.436023][0.860527,0.278089,0][-0.257212,0.924624,-0.135751][-0.414739,0.860744,-0.295146][0.859072,0.285889,0][-0.211434,0.925758,-0.183111][-0.280713,0.878518,-0.386532][0.868201,0.286054,0][-0.211434,0.925758,-0.183111][-0.280713,0.878518,-0.386532][0.868201,0.286054,0][-0.243234,0.872734,-0.258902][-0.40496,0.706389,-0.580537][0.869401,0.278341,0][-0.304038,0.871002,-0.196648][-0.589015,0.6804,-0.436023][0.860527,0.278089,0][-0.363737,0.868674,-0.0972039][-0.692868,0.662069,-0.285655][0.848167,0.27775,0][-0.302324,0.922848,-0.0606534][-0.49346,0.848252,-0.192265][0.846625,0.285631,0][-0.257212,0.924624,-0.135751][-0.414739,0.860744,-0.295146][0.859072,0.285889,0][-0.257212,0.924624,-0.135751][-0.414739,0.860744,-0.295146][0.859072,0.285889,0][-0.304038,0.871002,-0.196648][-0.589015,0.6804,-0.436023][0.860527,0.278089,0][-0.363737,0.868674,-0.0972039][-0.692868,0.662069,-0.285655][0.848167,0.27775,0][-0.334772,0.920192,0.0540519][-0.53246,0.84645,-0.00297242][0.830829,0.285244,0][-0.302324,0.922848,-0.0606534][-0.49346,0.848252,-0.192265][0.846625,0.285631,0][-0.363737,0.868674,-0.0972039][-0.692868,0.662069,-0.285655][0.848167,0.27775,0][-0.363737,0.868674,-0.0972039][-0.692868,0.662069,-0.285655][0.848167,0.27775,0][-0.408214,0.864303,0.0546779][-0.749504,0.661698,-0.0199829][0.832018,0.277114,0][-0.334772,0.920192,0.0540519][-0.53246,0.84645,-0.00297242][0.830829,0.285244,0][-0.308489,0.917241,0.18419][-0.467201,0.855371,0.22375][0.815196,0.284815,0][-0.334772,0.920192,0.0540519][-0.53246,0.84645,-0.00297242][0.830829,0.285244,0][-0.408214,0.864303,0.0546779][-0.749504,0.661698,-0.0199829][0.832018,0.277114,0][-0.408214,0.864303,0.0546779][-0.749504,0.661698,-0.0199829][0.832018,0.277114,0][-0.375703,0.85879,0.229542][-0.664941,0.681467,0.305707][0.815789,0.276312,0][-0.308489,0.917241,0.18419][-0.467201,0.855371,0.22375][0.815196,0.284815,0][-0.272039,0.916175,0.232443][-0.356698,0.863226,0.357222][0.808523,0.28466,0][-0.308489,0.917241,0.18419][-0.467201,0.855371,0.22375][0.815196,0.284815,0][-0.375703,0.85879,0.229542][-0.664941,0.681467,0.305707][0.815789,0.276312,0][-0.375703,0.85879,0.229542][-0.664941,0.681467,0.305707][0.815789,0.276312,0][-0.326935,0.857205,0.294582][-0.514777,0.697386,0.498655][0.80884,0.276082,0][-0.272039,0.916175,0.232443][-0.356698,0.863226,0.357222][0.808523,0.28466,0][-0.227496,0.915371,0.26968][-0.281648,0.867241,0.41057][0.802273,0.284543,0][-0.272039,0.916175,0.232443][-0.356698,0.863226,0.357222][0.808523,0.28466,0][-0.326935,0.857205,0.294582][-0.514777,0.697386,0.498655][0.80884,0.276082,0][-0.326935,0.857205,0.294582][-0.514777,0.697386,0.498655][0.80884,0.276082,0][-0.267821,0.855267,0.346131][-0.40719,0.704785,0.580926][0.802329,0.2758,0][-0.227496,0.915371,0.26968][-0.281648,0.867241,0.41057][0.802273,0.284543,0][-0.177239,0.91473,0.300173][-0.153095,0.872084,0.464792][0.796165,0.28445,0][-0.227496,0.915371,0.26968][-0.281648,0.867241,0.41057][0.802273,0.284543,0][-0.267821,0.855267,0.346131][-0.40719,0.704785,0.580926][0.802329,0.2758,0][-0.267821,0.855267,0.346131][-0.40719,0.704785,0.580926][0.802329,0.2758,0][-0.199493,0.855232,0.3857][-0.219705,0.711757,0.667182][0.795978,0.275795,0][-0.177239,0.91473,0.300173][-0.153095,0.872084,0.464792][0.796165,0.28445,0][-0.123737,0.854575,0.394922][-0.000895921,0.714407,0.69973][0.789842,0.275699,0][-0.120876,0.914653,0.306202][0.000101598,0.873437,0.486937][0.790265,0.284438,0][-0.177239,0.91473,0.300173][-0.153095,0.872084,0.464792][0.796165,0.28445,0][-0.177239,0.91473,0.300173][-0.153095,0.872084,0.464792][0.796165,0.28445,0][-0.199493,0.855232,0.3857][-0.219705,0.711757,0.667182][0.795978,0.275795,0][-0.123737,0.854575,0.394922][-0.000895921,0.714407,0.69973][0.789842,0.275699,0][-0.0508766,0.855137,0.386314][0.160567,0.712554,0.682997][0.979164,0.275781,0][-0.0667877,0.914852,0.300257][0.111346,0.871495,0.477596][0.979806,0.284467,0][-0.120876,0.914653,0.306202][0.000101598,0.873437,0.486937][0.985554,0.284438,0][-0.120876,0.914653,0.306202][0.000101598,0.873437,0.486937][0.985554,0.284438,0][-0.123737,0.854575,0.394922][-0.000895921,0.714407,0.69973][0.985132,0.275699,0][-0.0508766,0.855137,0.386314][0.160567,0.712554,0.682997][0.979164,0.275781,0][0.0193735,0.855267,0.360239][0.325343,0.707183,0.627729][0.972954,0.2758,0][-0.0149493,0.915371,0.280121][0.222348,0.868984,0.442073][0.973829,0.284543,0][-0.0667877,0.914852,0.300257][0.111346,0.871495,0.477596][0.979806,0.284467,0][-0.0667877,0.914852,0.300257][0.111346,0.871495,0.477596][0.979806,0.284467,0][-0.0508766,0.855137,0.386314][0.160567,0.712554,0.682997][0.979164,0.275781,0][0.0193735,0.855267,0.360239][0.325343,0.707183,0.627729][0.972954,0.2758,0][0.0815786,0.857326,0.315527][0.471958,0.699919,0.536068][0.966444,0.276099,0][0.0319362,0.916159,0.2482][0.325093,0.86511,0.381969][0.967525,0.284658,0][-0.0149493,0.915371,0.280121][0.222348,0.868984,0.442073][0.973829,0.284543,0][-0.0149493,0.915371,0.280121][0.222348,0.868984,0.442073][0.973829,0.284543,0][0.0193735,0.855267,0.360239][0.325343,0.707183,0.627729][0.972954,0.2758,0][0.0815786,0.857326,0.315527][0.471958,0.699919,0.536068][0.966444,0.276099,0][0.133649,0.85879,0.254561][0.639064,0.682652,0.354378][0.959326,0.276312,0][0.0707008,0.917241,0.202816][0.448062,0.856165,0.257335][0.960628,0.284815,0][0.0319362,0.916159,0.2482][0.325093,0.86511,0.381969][0.967525,0.284658,0][0.0319362,0.916159,0.2482][0.325093,0.86511,0.381969][0.967525,0.284658,0][0.0815786,0.857326,0.315527][0.471958,0.699919,0.536068][0.966444,0.276099,0][0.133649,0.85879,0.254561][0.639064,0.682652,0.354378][0.959326,0.276312,0][0.18135,0.864303,0.0836374][0.748268,0.661793,0.0461011][0.941855,0.277114,0][0.10828,0.920192,0.0758152][0.530513,0.846547,0.0437527][0.943458,0.285244,0][0.0707008,0.917241,0.202816][0.448062,0.856165,0.257335][0.960628,0.284815,0][0.0707008,0.917241,0.202816][0.448062,0.856165,0.257335][0.960628,0.284815,0][0.133649,0.85879,0.254561][0.639064,0.682652,0.354378][0.959326,0.276312,0][0.18135,0.864303,0.0836374][0.748268,0.661793,0.0461011][0.941855,0.277114,0][0.15038,0.868673,-0.0719503][0.717656,0.661062,-0.219014][0.923659,0.27775,0][0.0860276,0.922848,-0.0415766][0.510525,0.847504,-0.145261][0.924972,0.285631,0][0.10828,0.920192,0.0758152][0.530513,0.846547,0.0437527][0.943458,0.285244,0][0.10828,0.920192,0.0758152][0.530513,0.846547,0.0437527][0.943458,0.285244,0][0.18135,0.864303,0.0836374][0.748268,0.661793,0.0461011][0.941855,0.277114,0][0.15038,0.868673,-0.0719503][0.717656,0.661062,-0.219014][0.923659,0.27775,0][-0.0431144,0.973077,-0.0218953][0.210748,0.971994,-0.103989][0.636158,0.045757,0][-0.027886,0.972308,0.0099218][0.242257,0.968588,-0.0561093][0.63823,0.05223,0][0.0266923,0.953819,-0.0144814][0.360258,0.928009,-0.0949408][0.645654,0.047265,0][0.0266923,0.953819,-0.0144814][0.360258,0.928009,-0.0949408][0.645654,0.047265,0][0.00192165,0.954996,-0.067108][0.314306,0.934564,-0.166737][0.642285,0.036559,0][-0.0431144,0.973077,-0.0218953][0.210748,0.971994,-0.103989][0.636158,0.045757,0][-0.0610124,0.973632,-0.0453815][0.15015,0.97699,-0.15148][0.633724,0.040979,0][-0.0431144,0.973077,-0.0218953][0.210748,0.971994,-0.103989][0.636158,0.045757,0][0.00192165,0.954996,-0.067108][0.314306,0.934564,-0.166737][0.642285,0.036559,0][0.00192165,0.954996,-0.067108][0.314306,0.934564,-0.166737][0.642285,0.036559,0][-0.0274245,0.955852,-0.106148][0.224357,0.944896,-0.2384][0.638293,0.028617,0][-0.0610124,0.973632,-0.0453815][0.15015,0.97699,-0.15148][0.633724,0.040979,0][-0.0847703,0.973909,-0.0575284][0.0781255,0.980336,-0.181211][0.630492,0.038508,0][-0.0610124,0.973632,-0.0453815][0.15015,0.97699,-0.15148][0.633724,0.040979,0][-0.0274245,0.955852,-0.106148][0.224357,0.944896,-0.2384][0.638293,0.028617,0][-0.0274245,0.955852,-0.106148][0.224357,0.944896,-0.2384][0.638293,0.028617,0][-0.066643,0.956269,-0.126376][0.117715,0.951442,-0.284433][0.632957,0.024503,0][-0.0847703,0.973909,-0.0575284][0.0781255,0.980336,-0.181211][0.630492,0.038508,0][-0.107366,0.97403,-0.0634841][0.0056178,0.981097,-0.193435][0.627418,0.037297,0][-0.0847703,0.973909,-0.0575284][0.0781255,0.980336,-0.181211][0.630492,0.038508,0][-0.066643,0.956269,-0.126376][0.117715,0.951442,-0.284433][0.632957,0.024503,0][-0.066643,0.956269,-0.126376][0.117715,0.951442,-0.284433][0.632957,0.024503,0][-0.104012,0.95645,-0.136302][0.00918827,0.953186,-0.302246][0.627874,0.022483,0][-0.107366,0.97403,-0.0634841][0.0056178,0.981097,-0.193435][0.627418,0.037297,0][-0.147217,0.956209,-0.127794][-0.0956332,0.951134,-0.293597][0.621997,0.024214,0][-0.133491,0.973865,-0.0584002][-0.0641982,0.980192,-0.187357][0.623864,0.038331,0][-0.107366,0.97403,-0.0634841][0.0056178,0.981097,-0.193435][0.627418,0.037297,0][-0.107366,0.97403,-0.0634841][0.0056178,0.981097,-0.193435][0.627418,0.037297,0][-0.104012,0.95645,-0.136302][0.00918827,0.953186,-0.302246][0.627874,0.022483,0][-0.147217,0.956209,-0.127794][-0.0956332,0.951134,-0.293597][0.621997,0.024214,0][-0.181892,0.955852,-0.113735][-0.196094,0.945344,-0.260522][0.61728,0.027074,0][-0.15449,0.973632,-0.049973][-0.131811,0.977223,-0.166314][0.621007,0.040045,0][-0.133491,0.973865,-0.0584002][-0.0641982,0.980192,-0.187357][0.623864,0.038331,0][-0.133491,0.973865,-0.0584002][-0.0641982,0.980192,-0.187357][0.623864,0.038331,0][-0.147217,0.956209,-0.127794][-0.0956332,0.951134,-0.293597][0.621997,0.024214,0][-0.181892,0.955852,-0.113735][-0.196094,0.945344,-0.260522][0.61728,0.027074,0][-0.213988,0.955056,-0.0805156][-0.291812,0.935478,-0.199314][0.612914,0.033832,0][-0.174023,0.97312,-0.0300117][-0.196382,0.972417,-0.125853][0.61835,0.044106,0][-0.15449,0.973632,-0.049973][-0.131811,0.977223,-0.166314][0.621007,0.040045,0][-0.15449,0.973632,-0.049973][-0.131811,0.977223,-0.166314][0.621007,0.040045,0][-0.181892,0.955852,-0.113735][-0.196094,0.945344,-0.260522][0.61728,0.027074,0][-0.213988,0.955056,-0.0805156][-0.291812,0.935478,-0.199314][0.612914,0.033832,0][-0.245621,0.953819,-0.0278576][-0.348801,0.928402,-0.12809][0.608611,0.044544,0][-0.193418,0.972308,0.00179107][-0.235297,0.968756,-0.0784057][0.615712,0.050575,0][-0.174023,0.97312,-0.0300117][-0.196382,0.972417,-0.125853][0.61835,0.044106,0][-0.174023,0.97312,-0.0300117][-0.196382,0.972417,-0.125853][0.61835,0.044106,0][-0.213988,0.955056,-0.0805156][-0.291812,0.935478,-0.199314][0.612914,0.033832,0][-0.245621,0.953819,-0.0278576][-0.348801,0.928402,-0.12809][0.608611,0.044544,0][-0.207654,0.971078,0.0506948][-0.253866,0.967182,0.0105364][0.613775,0.060524,0][-0.193418,0.972308,0.00179107][-0.235297,0.968756,-0.0784057][0.615712,0.050575,0][-0.245621,0.953819,-0.0278576][-0.348801,0.928402,-0.12809][0.608611,0.044544,0][-0.245621,0.953819,-0.0278576][-0.348801,0.928402,-0.12809][0.608611,0.044544,0][-0.268337,0.951967,0.0525727][-0.375919,0.926639,0.00494511][0.60552,0.060906,0][-0.207654,0.971078,0.0506948][-0.253866,0.967182,0.0105364][0.613775,0.060524,0][-0.196826,0.96971,0.106698][-0.22117,0.968171,0.117173][0.615248,0.071917,0][-0.207654,0.971078,0.0506948][-0.253866,0.967182,0.0105364][0.613775,0.060524,0][-0.268337,0.951967,0.0525727][-0.375919,0.926639,0.00494511][0.60552,0.060906,0][-0.268337,0.951967,0.0525727][-0.375919,0.926639,0.00494511][0.60552,0.060906,0][-0.249852,0.949941,0.143763][-0.328345,0.930236,0.163864][0.608035,0.079457,0][-0.196826,0.96971,0.106698][-0.22117,0.968171,0.117173][0.615248,0.071917,0][-0.181253,0.969209,0.127586][-0.166751,0.96968,0.178646][0.617367,0.076166,0][-0.196826,0.96971,0.106698][-0.22117,0.968171,0.117173][0.615248,0.071917,0][-0.249852,0.949941,0.143763][-0.328345,0.930236,0.163864][0.608035,0.079457,0][-0.249852,0.949941,0.143763][-0.328345,0.930236,0.163864][0.608035,0.079457,0][-0.224305,0.949197,0.177571][-0.249012,0.933967,0.256317][0.61151,0.086335,0][-0.181253,0.969209,0.127586][-0.166751,0.96968,0.178646][0.617367,0.076166,0][-0.162135,0.968837,0.143778][-0.131103,0.970359,0.203016][0.619967,0.07946,0][-0.181253,0.969209,0.127586][-0.166751,0.96968,0.178646][0.617367,0.076166,0][-0.224305,0.949197,0.177571][-0.249012,0.933967,0.256317][0.61151,0.086335,0][-0.224305,0.949197,0.177571][-0.249012,0.933967,0.256317][0.61151,0.086335,0][-0.193074,0.948652,0.203629][-0.196118,0.93572,0.293198][0.615759,0.091636,0][-0.162135,0.968837,0.143778][-0.131103,0.970359,0.203016][0.619967,0.07946,0][-0.140464,0.968533,0.157012][-0.0717378,0.971192,0.227244][0.622916,0.082152,0][-0.162135,0.968837,0.143778][-0.131103,0.970359,0.203016][0.619967,0.07946,0][-0.193074,0.948652,0.203629][-0.196118,0.93572,0.293198][0.615759,0.091636,0][-0.193074,0.948652,0.203629][-0.196118,0.93572,0.293198][0.615759,0.091636,0][-0.157879,0.948184,0.22503][-0.106821,0.938177,0.329263][0.620547,0.095989,0][-0.140464,0.968533,0.157012][-0.0717378,0.971192,0.227244][0.622916,0.082152,0][-0.118383,0.94815,0.229227][-0.000424618,0.938844,0.344344][0.625919,0.096843,0][-0.116125,0.968499,0.159658][-0.000733302,0.971567,0.236763][0.626226,0.082691,0][-0.140464,0.968533,0.157012][-0.0717378,0.971192,0.227244][0.622916,0.082152,0][-0.140464,0.968533,0.157012][-0.0717378,0.971192,0.227244][0.622916,0.082152,0][-0.157879,0.948184,0.22503][-0.106821,0.938177,0.329263][0.620547,0.095989,0][-0.118383,0.94815,0.229227][-0.000424618,0.938844,0.344344][0.625919,0.096843,0][-0.0804868,0.94828,0.225075][0.0771051,0.937865,0.338324][0.631074,0.095998,0][-0.0927662,0.968594,0.157043][0.0509457,0.971155,0.232943][0.629404,0.082159,0][-0.116125,0.968499,0.159658][-0.000733302,0.971567,0.236763][0.626226,0.082691,0][-0.116125,0.968499,0.159658][-0.000733302,0.971567,0.236763][0.626226,0.082691,0][-0.118383,0.94815,0.229227][-0.000424618,0.938844,0.344344][0.625919,0.096843,0][-0.0804868,0.94828,0.225075][0.0771051,0.937865,0.338324][0.631074,0.095998,0][-0.0441772,0.948652,0.210943][0.153905,0.936657,0.314622][0.636014,0.093123,0][-0.070405,0.968836,0.148284][0.102345,0.970733,0.217264][0.632446,0.080377,0][-0.0927662,0.968594,0.157043][0.0509457,0.971155,0.232943][0.629404,0.082159,0][-0.0927662,0.968594,0.157043][0.0509457,0.971155,0.232943][0.629404,0.082159,0][-0.0804868,0.94828,0.225075][0.0771051,0.937865,0.338324][0.631074,0.095998,0][-0.0441772,0.948652,0.210943][0.153905,0.936657,0.314622][0.636014,0.093123,0][-0.0113044,0.94918,0.188617][0.226031,0.935048,0.273121][0.640486,0.088582,0][-0.0502649,0.9692,0.134378][0.150682,0.970187,0.189819][0.635185,0.077548,0][-0.070405,0.968836,0.148284][0.102345,0.970733,0.217264][0.632446,0.080377,0][-0.070405,0.968836,0.148284][0.102345,0.970733,0.217264][0.632446,0.080377,0][-0.0441772,0.948652,0.210943][0.153905,0.936657,0.314622][0.636014,0.093123,0][-0.0113044,0.94918,0.188617][0.226031,0.935048,0.273121][0.640486,0.088582,0][0.0158607,0.949941,0.156815][0.314123,0.930697,0.187431][0.644181,0.082112,0][-0.0336877,0.96971,0.114712][0.210813,0.968439,0.132982][0.637441,0.073547,0][-0.0502649,0.9692,0.134378][0.150682,0.970187,0.189819][0.635185,0.077548,0][-0.0502649,0.9692,0.134378][0.150682,0.970187,0.189819][0.635185,0.077548,0][-0.0113044,0.94918,0.188617][0.226031,0.935048,0.273121][0.640486,0.088582,0][0.0158607,0.949941,0.156815][0.314123,0.930697,0.187431][0.644181,0.082112,0][0.0422601,0.951967,0.0678297][0.37385,0.926717,0.0378397][0.647772,0.06401,0][-0.0179973,0.971078,0.0600109][0.251764,0.967237,0.0326846][0.639575,0.062419,0][-0.0336877,0.96971,0.114712][0.210813,0.968439,0.132982][0.637441,0.073547,0][-0.0336877,0.96971,0.114712][0.210813,0.968439,0.132982][0.637441,0.073547,0][0.0158607,0.949941,0.156815][0.314123,0.930697,0.187431][0.644181,0.082112,0][0.0422601,0.951967,0.0678297][0.37385,0.926717,0.0378397][0.647772,0.06401,0][0.0266923,0.953819,-0.0144814][0.360258,0.928009,-0.0949408][0.645654,0.047265,0][-0.027886,0.972308,0.0099218][0.242257,0.968588,-0.0561093][0.63823,0.05223,0][-0.0179973,0.971078,0.0600109][0.251764,0.967237,0.0326846][0.639575,0.062419,0][-0.0179973,0.971078,0.0600109][0.251764,0.967237,0.0326846][0.639575,0.062419,0][0.0422601,0.951967,0.0678297][0.37385,0.926717,0.0378397][0.647772,0.06401,0][0.0266923,0.953819,-0.0144814][0.360258,0.928009,-0.0949408][0.645654,0.047265,0][-0.0431144,0.973077,-0.0218953][0.210748,0.971994,-0.103989][0.636158,0.045757,0][-0.112493,0.989645,0.0478217][-0.00108408,0.999804,0.0197431][0.62672,0.05994,0][-0.027886,0.972308,0.0099218][0.242257,0.968588,-0.0561093][0.63823,0.05223,0][-0.0610124,0.973632,-0.0453815][0.15015,0.97699,-0.15148][0.633724,0.040979,0][-0.112493,0.989645,0.0478217][-0.00108408,0.999804,0.0197431][0.62672,0.05994,0][-0.0431144,0.973077,-0.0218953][0.210748,0.971994,-0.103989][0.636158,0.045757,0][-0.0847703,0.973909,-0.0575284][0.0781255,0.980336,-0.181211][0.630492,0.038508,0][-0.112493,0.989645,0.0478217][-0.00108408,0.999804,0.0197431][0.62672,0.05994,0][-0.0610124,0.973632,-0.0453815][0.15015,0.97699,-0.15148][0.633724,0.040979,0][-0.107366,0.97403,-0.0634841][0.0056178,0.981097,-0.193435][0.627418,0.037297,0][-0.112493,0.989645,0.0478217][-0.00108408,0.999804,0.0197431][0.62672,0.05994,0][-0.0847703,0.973909,-0.0575284][0.0781255,0.980336,-0.181211][0.630492,0.038508,0][-0.133491,0.973865,-0.0584002][-0.0641982,0.980192,-0.187357][0.623864,0.038331,0][-0.112493,0.989645,0.0478217][-0.00108408,0.999804,0.0197431][0.62672,0.05994,0][-0.107366,0.97403,-0.0634841][0.0056178,0.981097,-0.193435][0.627418,0.037297,0][-0.15449,0.973632,-0.049973][-0.131811,0.977223,-0.166314][0.621007,0.040045,0][-0.112493,0.989645,0.0478217][-0.00108408,0.999804,0.0197431][0.62672,0.05994,0][-0.133491,0.973865,-0.0584002][-0.0641982,0.980192,-0.187357][0.623864,0.038331,0][-0.174023,0.97312,-0.0300117][-0.196382,0.972417,-0.125853][0.61835,0.044106,0][-0.112493,0.989645,0.0478217][-0.00108408,0.999804,0.0197431][0.62672,0.05994,0][-0.15449,0.973632,-0.049973][-0.131811,0.977223,-0.166314][0.621007,0.040045,0][-0.193418,0.972308,0.00179107][-0.235297,0.968756,-0.0784057][0.615712,0.050575,0][-0.112493,0.989645,0.0478217][-0.00108408,0.999804,0.0197431][0.62672,0.05994,0][-0.174023,0.97312,-0.0300117][-0.196382,0.972417,-0.125853][0.61835,0.044106,0][-0.207654,0.971078,0.0506948][-0.253866,0.967182,0.0105364][0.613775,0.060524,0][-0.112493,0.989645,0.0478217][-0.00108408,0.999804,0.0197431][0.62672,0.05994,0][-0.193418,0.972308,0.00179107][-0.235297,0.968756,-0.0784057][0.615712,0.050575,0][-0.196826,0.96971,0.106698][-0.22117,0.968171,0.117173][0.615248,0.071917,0][-0.112493,0.989645,0.0478217][-0.00108408,0.999804,0.0197431][0.62672,0.05994,0][-0.207654,0.971078,0.0506948][-0.253866,0.967182,0.0105364][0.613775,0.060524,0][-0.181253,0.969209,0.127586][-0.166751,0.96968,0.178646][0.617367,0.076166,0][-0.112493,0.989645,0.0478217][-0.00108408,0.999804,0.0197431][0.62672,0.05994,0][-0.196826,0.96971,0.106698][-0.22117,0.968171,0.117173][0.615248,0.071917,0][-0.162135,0.968837,0.143778][-0.131103,0.970359,0.203016][0.619967,0.07946,0][-0.112493,0.989645,0.0478217][-0.00108408,0.999804,0.0197431][0.62672,0.05994,0][-0.181253,0.969209,0.127586][-0.166751,0.96968,0.178646][0.617367,0.076166,0][-0.140464,0.968533,0.157012][-0.0717378,0.971192,0.227244][0.622916,0.082152,0][-0.112493,0.989645,0.0478217][-0.00108408,0.999804,0.0197431][0.62672,0.05994,0][-0.162135,0.968837,0.143778][-0.131103,0.970359,0.203016][0.619967,0.07946,0][-0.116125,0.968499,0.159658][-0.000733302,0.971567,0.236763][0.626226,0.082691,0][-0.112493,0.989645,0.0478217][-0.00108408,0.999804,0.0197431][0.62672,0.05994,0][-0.140464,0.968533,0.157012][-0.0717378,0.971192,0.227244][0.622916,0.082152,0][-0.0927662,0.968594,0.157043][0.0509457,0.971155,0.232943][0.629404,0.082159,0][-0.112493,0.989645,0.0478217][-0.00108408,0.999804,0.0197431][0.62672,0.05994,0][-0.116125,0.968499,0.159658][-0.000733302,0.971567,0.236763][0.626226,0.082691,0][-0.070405,0.968836,0.148284][0.102345,0.970733,0.217264][0.632446,0.080377,0][-0.112493,0.989645,0.0478217][-0.00108408,0.999804,0.0197431][0.62672,0.05994,0][-0.0927662,0.968594,0.157043][0.0509457,0.971155,0.232943][0.629404,0.082159,0][-0.0502649,0.9692,0.134378][0.150682,0.970187,0.189819][0.635185,0.077548,0][-0.112493,0.989645,0.0478217][-0.00108408,0.999804,0.0197431][0.62672,0.05994,0][-0.070405,0.968836,0.148284][0.102345,0.970733,0.217264][0.632446,0.080377,0][-0.0336877,0.96971,0.114712][0.210813,0.968439,0.132982][0.637441,0.073547,0][-0.112493,0.989645,0.0478217][-0.00108408,0.999804,0.0197431][0.62672,0.05994,0][-0.0502649,0.9692,0.134378][0.150682,0.970187,0.189819][0.635185,0.077548,0][-0.0179973,0.971078,0.0600109][0.251764,0.967237,0.0326846][0.639575,0.062419,0][-0.112493,0.989645,0.0478217][-0.00108408,0.999804,0.0197431][0.62672,0.05994,0][-0.0336877,0.96971,0.114712][0.210813,0.968439,0.132982][0.637441,0.073547,0][-0.027886,0.972308,0.0099218][0.242257,0.968588,-0.0561093][0.63823,0.05223,0][-0.112493,0.989645,0.0478217][-0.00108408,0.999804,0.0197431][0.62672,0.05994,0][-0.0179973,0.971078,0.0600109][0.251764,0.967237,0.0326846][0.639575,0.062419,0][0.056674,-1.02475,0.482069][-0.0169326,-0.999267,-0.0343208][0.362892,0.419263,0][-0.0728107,-1.02475,-0.0205068][-1.50996e-007,-1,0][0.375939,0.368567,0][0.118662,-1.02475,0.439031][-0.0267229,-0.999207,-0.0295228][0.356647,0.415091,0][-0.0185119,-1.02475,0.50231][-0.00599309,-0.999369,-0.0350015][0.370366,0.42132,0][-0.0728107,-1.02475,-0.0205068][-1.50996e-007,-1,0][0.375939,0.368567,0][0.056674,-1.02475,0.482069][-0.0169326,-0.999267,-0.0343208][0.362892,0.419263,0][-0.245447,-1.02475,0.467228][0.0214418,-0.999271,-0.0315833][0.392825,0.417831,0][-0.0728107,-1.02475,-0.0205068][-1.50996e-007,-1,0][0.375939,0.368567,0][-0.173794,-1.02475,0.500481][0.00989295,-0.999322,-0.0354569][0.385732,0.421191,0][-0.351408,-1.02475,0.356553][0.0498322,-0.998614,-0.0169482][0.403674,0.406996,0][-0.0728107,-1.02475,-0.0205068][-1.50996e-007,-1,0][0.375939,0.368567,0][-0.302983,-1.02475,0.417653][0.0294125,-0.999201,-0.0270494][0.398592,0.412987,0][-0.384229,-1.02475,0.180274][0.0706135,-0.997454,0.0100051][0.407816,0.389707,0][-0.0728107,-1.02475,-0.0205068][-1.50996e-007,-1,0][0.375939,0.368567,0][-0.351408,-1.02475,0.356553][0.0498322,-0.998614,-0.0169482][0.403674,0.406996,0][-0.202018,-1.02475,-0.521451][0.025123,-0.999097,0.0342738][0.388019,0.318127,0][-0.0728107,-1.02475,-0.0205068][-1.50996e-007,-1,0][0.375939,0.368567,0][-0.275311,-1.02475,-0.442576][0.0400188,-0.998865,0.0258184][0.395632,0.325417,0][-0.127896,-1.02475,-0.545232][0.00661861,-0.999344,0.0355974][0.380579,0.31596,0][-0.0728107,-1.02475,-0.0205068][-1.50996e-007,-1,0][0.375939,0.368567,0][-0.202018,-1.02475,-0.521451][0.025123,-0.999097,0.0342738][0.388019,0.318127,0][0.0232595,-1.02475,-0.526209][-0.016138,-0.999282,0.034265][0.365681,0.317822,0][-0.0728107,-1.02475,-0.0205068][-1.50996e-007,-1,0][0.375939,0.368567,0][-0.0494406,-1.02475,-0.548599][-0.00509845,-0.999317,0.0365946][0.372887,0.315635,0][0.166026,-1.02475,-0.394978][-0.0455628,-0.998715,0.0221922][0.351151,0.330466,0][-0.0728107,-1.02475,-0.0205068][-1.50996e-007,-1,0][0.375939,0.368567,0][0.0989652,-1.02475,-0.480665][-0.0304335,-0.999053,0.0310946][0.358049,0.3222,0][0.171879,-1.02475,0.382258][-0.0477365,-0.998639,-0.0210102][0.351039,0.409544,0][-0.0728107,-1.02475,-0.0205068][-1.50996e-007,-1,0][0.375939,0.368567,0][0.220011,-1.02475,0.209954][-0.0582664,-0.998276,-0.00702642][0.345365,0.392587,0][-0.371423,-1.02475,-0.145242][0.0699968,-0.997519,-0.00748381][0.406602,0.354949,0][-0.0728107,-1.02475,-0.0205068][-1.50996e-007,-1,0][0.375939,0.368567,0][-0.335499,-1.02475,-0.00561345][0.0559411,-0.998434,-0.000299269][0.404649,0.369947,0][0.228943,-1.02475,0.0221133][-0.0573721,-0.998349,-0.00272043][0.343734,0.37326,0][-0.0728107,-1.02475,-0.0205068][-1.50996e-007,-1,0][0.375939,0.368567,0][0.235449,-1.02475,-0.115432][-0.0593015,-0.998239,0.00163658][0.343341,0.358831,0][0.235449,-1.02475,-0.115432][-0.0593015,-0.998239,0.00163658][0.343341,0.358831,0][-0.0728107,-1.02475,-0.0205068][-1.50996e-007,-1,0][0.375939,0.368567,0][0.215897,-1.02475,-0.260163][-0.0549401,-0.998421,0.0116968][0.345697,0.343947,0][-0.337337,-1.02475,-0.326472][0.0546072,-0.998384,0.0157123][0.402274,0.336704,0][-0.0728107,-1.02475,-0.0205068][-1.50996e-007,-1,0][0.375939,0.368567,0][-0.371423,-1.02475,-0.145242][0.0699968,-0.997519,-0.00748381][0.406602,0.354949,0][-0.335499,-1.02475,-0.00561345][0.0559411,-0.998434,-0.000299269][0.404649,0.369947,0][-0.0728107,-1.02475,-0.0205068][-1.50996e-007,-1,0][0.375939,0.368567,0][-0.384229,-1.02475,0.180274][0.0706135,-0.997454,0.0100051][0.407816,0.389707,0][0.220011,-1.02475,0.209954][-0.0582664,-0.998276,-0.00702642][0.345365,0.392587,0][-0.0728107,-1.02475,-0.0205068][-1.50996e-007,-1,0][0.375939,0.368567,0][0.228943,-1.02475,0.0221133][-0.0573721,-0.998349,-0.00272043][0.343734,0.37326,0][0.0989652,-1.02475,-0.480665][-0.0304335,-0.999053,0.0310946][0.358049,0.3222,0][-0.0728107,-1.02475,-0.0205068][-1.50996e-007,-1,0][0.375939,0.368567,0][0.0232595,-1.02475,-0.526209][-0.016138,-0.999282,0.034265][0.365681,0.317822,0][-0.0494406,-1.02475,-0.548599][-0.00509845,-0.999317,0.0365946][0.372887,0.315635,0][-0.0728107,-1.02475,-0.0205068][-1.50996e-007,-1,0][0.375939,0.368567,0][-0.127896,-1.02475,-0.545232][0.00661861,-0.999344,0.0355974][0.380579,0.31596,0][0.215897,-1.02475,-0.260163][-0.0549401,-0.998421,0.0116968][0.345697,0.343947,0][-0.0728107,-1.02475,-0.0205068][-1.50996e-007,-1,0][0.375939,0.368567,0][0.166026,-1.02475,-0.394978][-0.0455628,-0.998715,0.0221922][0.351151,0.330466,0][-0.275311,-1.02475,-0.442576][0.0400188,-0.998865,0.0258184][0.395632,0.325417,0][-0.0728107,-1.02475,-0.0205068][-1.50996e-007,-1,0][0.375939,0.368567,0][-0.337337,-1.02475,-0.326472][0.0546072,-0.998384,0.0157123][0.402274,0.336704,0][-0.173794,-1.02475,0.500481][0.00989295,-0.999322,-0.0354569][0.385732,0.421191,0][-0.0728107,-1.02475,-0.0205068][-1.50996e-007,-1,0][0.375939,0.368567,0][-0.0958349,-1.02475,0.507577][0.000339426,-0.999391,-0.0348852][0.378032,0.421934,0][-0.0958349,-1.02475,0.507577][0.000339426,-0.999391,-0.0348852][0.378032,0.421934,0][-0.0728107,-1.02475,-0.0205068][-1.50996e-007,-1,0][0.375939,0.368567,0][-0.0185119,-1.02475,0.50231][-0.00599309,-0.999369,-0.0350015][0.370366,0.42132,0][0.118662,-1.02475,0.439031][-0.0267229,-0.999207,-0.0295228][0.356647,0.415091,0][-0.0728107,-1.02475,-0.0205068][-1.50996e-007,-1,0][0.375939,0.368567,0][0.171879,-1.02475,0.382258][-0.0477365,-0.998639,-0.0210102][0.351039,0.409544,0][-0.302983,-1.02475,0.417653][0.0294125,-0.999201,-0.0270494][0.398592,0.412987,0][-0.0728107,-1.02475,-0.0205068][-1.50996e-007,-1,0][0.375939,0.368567,0][-0.245447,-1.02475,0.467228][0.0214418,-0.999271,-0.0315833][0.392825,0.417831,0][0.12334,-0.639164,-0.108022][0.296728,-0.788341,-0.538954][0.918259,0.058408,0][0.0586027,-0.61956,-0.166052][0.226573,-0.764792,-0.603123][0.90713,0.06126,0][0.0902163,-0.583371,-0.200066][0.227385,-0.764986,-0.602571][0.907332,0.066524,0][0.0902163,-0.583371,-0.200066][0.227385,-0.764986,-0.602571][0.907332,0.066524,0][0.170551,-0.607697,-0.128057][0.300461,-0.790547,-0.533628][0.918801,0.062986,0][0.12334,-0.639164,-0.108022][0.296728,-0.788341,-0.538954][0.918259,0.058408,0][-0.152221,-0.568604,-0.245061][-0.124671,-0.754549,-0.644293][0.878136,0.068673,0][-0.136766,-0.60766,-0.202311][-0.12501,-0.754577,-0.644194][0.878935,0.062991,0][-0.200464,-0.616128,-0.178778][-0.203611,-0.77225,-0.601808][0.86922,0.061759,0][-0.200464,-0.616128,-0.178778][-0.203611,-0.77225,-0.601808][0.86922,0.061759,0][-0.231265,-0.579112,-0.215858][-0.204781,-0.772506,-0.601082][0.868194,0.067144,0][-0.152221,-0.568604,-0.245061][-0.124671,-0.754549,-0.644293][0.878136,0.068673,0][0.0586027,-0.61956,-0.166052][0.226573,-0.764792,-0.603123][0.90713,0.06126,0][-0.00667304,-0.608979,-0.19688][0.170311,-0.751579,-0.637277][0.897399,0.062799,0][0.00921381,-0.57024,-0.238322][0.169339,-0.751526,-0.6376][0.897244,0.068434,0][0.00921381,-0.57024,-0.238322][0.169339,-0.751526,-0.6376][0.897244,0.068434,0][0.0902163,-0.583371,-0.200066][0.227385,-0.764986,-0.602571][0.907332,0.066524,0][0.0586027,-0.61956,-0.166052][0.226573,-0.764792,-0.603123][0.90713,0.06126,0][-0.200464,-0.616128,-0.178778][-0.203611,-0.77225,-0.601808][0.86922,0.061759,0][-0.254484,-0.632015,-0.130272][-0.290145,-0.79293,-0.535796][0.858747,0.059448,0][-0.298299,-0.598824,-0.155665][-0.290249,-0.792983,-0.535662][0.857572,0.064276,0][-0.298299,-0.598824,-0.155665][-0.290249,-0.792983,-0.535662][0.857572,0.064276,0][-0.231265,-0.579112,-0.215858][-0.204781,-0.772506,-0.601082][0.868194,0.067144,0][-0.200464,-0.616128,-0.178778][-0.203611,-0.77225,-0.601808][0.86922,0.061759,0][0.181991,-0.694867,0.207887][0.32724,-0.943377,-0.054357][0.953118,0.050305,0][0.179369,-0.668315,-0.0257783][0.351078,-0.874911,-0.333579][0.929676,0.054168,0][0.240077,-0.643871,-0.0259978][0.35711,-0.889451,-0.285219][0.930416,0.057724,0][0.240077,-0.643871,-0.0259978][0.35711,-0.889451,-0.285219][0.930416,0.057724,0][0.243332,-0.67682,0.263961][0.274886,-0.961437,0.00872687][0.953865,0.052931,0][0.181991,-0.694867,0.207887][0.32724,-0.943377,-0.054357][0.953118,0.050305,0][-0.36368,-0.637587,-0.0556547][-0.357047,-0.86707,-0.34743][0.843847,0.058638,0][-0.307173,-0.663251,-0.049677][-0.349264,-0.857167,-0.378523][0.844949,0.054904,0][-0.35653,-0.694867,0.181433][-0.338964,-0.932045,-0.128047][0.818408,0.050305,0][-0.35653,-0.694867,0.181433][-0.338964,-0.932045,-0.128047][0.818408,0.050305,0][-0.424929,-0.67682,0.231135][-0.276692,-0.960424,-0.0320445][0.81805,0.052931,0][-0.36368,-0.637587,-0.0556547][-0.357047,-0.86707,-0.34743][0.843847,0.058638,0][-0.424929,-0.67682,0.231135][-0.276692,-0.960424,-0.0320445][0.81805,0.052931,0][-0.35653,-0.694867,0.181433][-0.338964,-0.932045,-0.128047][0.818408,0.050305,0][-0.328204,-0.695081,0.349406][-0.192166,-0.979259,0.0642131][0.806276,0.050274,0][-0.328204,-0.695081,0.349406][-0.192166,-0.979259,0.0642131][0.806276,0.050274,0][-0.389778,-0.677085,0.439574][-0.152618,-0.983979,0.0921612][0.806229,0.052892,0][-0.424929,-0.67682,0.231135][-0.276692,-0.960424,-0.0320445][0.81805,0.052931,0][-0.389778,-0.677085,0.439574][-0.152618,-0.983979,0.0921612][0.806229,0.052892,0][-0.328204,-0.695081,0.349406][-0.192166,-0.979259,0.0642131][0.806276,0.050274,0][-0.286057,-0.693767,0.405117][-0.111511,-0.986606,0.119054][0.801547,0.050465,0][-0.286057,-0.693767,0.405117][-0.111511,-0.986606,0.119054][0.801547,0.050465,0][-0.337476,-0.675455,0.508706][-0.106298,-0.98686,0.121689][0.80159,0.053129,0][-0.389778,-0.677085,0.439574][-0.152618,-0.983979,0.0921612][0.806229,0.052892,0][-0.273868,-0.674738,0.563539][-0.0664092,-0.988352,0.13693][0.797225,0.053233,0][-0.234797,-0.69319,0.449304][-0.0749066,-0.988148,0.133988][0.797108,0.050549,0][-0.170492,-0.69157,0.480145][-0.0262913,-0.988636,0.148011][0.792465,0.050785,0][-0.170492,-0.69157,0.480145][-0.0262913,-0.988636,0.148011][0.792465,0.050785,0][-0.19407,-0.672728,0.60181][-0.0246765,-0.988631,0.148324][0.792654,0.053526,0][-0.273868,-0.674738,0.563539][-0.0664092,-0.988352,0.13693][0.797225,0.053233,0][-0.0290975,-0.691808,0.481292][0.0112552,-0.988424,0.151296][0.978457,0.05075,0][0.0395463,-0.69319,0.462779][0.0587736,-0.988165,0.141685][0.97378,0.050549,0][0.0665678,-0.674738,0.580261][0.0494546,-0.988362,0.143858][0.974171,0.053233,0][0.0665678,-0.674738,0.580261][0.0494546,-0.988362,0.143858][0.974171,0.053233,0][-0.0186119,-0.673023,0.603233][0.0103497,-0.988423,0.151372][0.978785,0.053483,0][-0.0290975,-0.691808,0.481292][0.0112552,-0.988424,0.151296][0.978457,0.05075,0][0.0395463,-0.69319,0.462779][0.0587736,-0.988165,0.141685][0.97378,0.050549,0][0.0936906,-0.693566,0.424436][0.102639,-0.986278,0.129311][0.969463,0.050495,0][0.133756,-0.675204,0.53268][0.0970532,-0.986563,0.131428][0.969917,0.053165,0][0.133756,-0.675204,0.53268][0.0970532,-0.986563,0.131428][0.969917,0.053165,0][0.0665678,-0.674738,0.580261][0.0494546,-0.988362,0.143858][0.974171,0.053233,0][0.0395463,-0.69319,0.462779][0.0587736,-0.988165,0.141685][0.97378,0.050549,0][0.139062,-0.695081,0.37236][0.191617,-0.978054,0.0818066][0.964897,0.050274,0][0.181991,-0.694867,0.207887][0.32724,-0.943377,-0.054357][0.953118,0.050305,0][0.243332,-0.67682,0.263961][0.274886,-0.961437,0.00872687][0.953865,0.052931,0][0.243332,-0.67682,0.263961][0.274886,-0.961437,0.00872687][0.953865,0.052931,0][0.190061,-0.677085,0.468056][0.145716,-0.983491,0.107295][0.965422,0.052892,0][0.139062,-0.695081,0.37236][0.191617,-0.978054,0.0818066][0.964897,0.050274,0][-0.0688804,-0.603444,-0.2191][0.0268114,-0.759535,-0.649913][0.88844,0.063604,0][-0.136766,-0.60766,-0.202311][-0.12501,-0.754577,-0.644194][0.878935,0.062991,0][-0.152221,-0.568604,-0.245061][-0.124671,-0.754549,-0.644293][0.878136,0.068673,0][-0.152221,-0.568604,-0.245061][-0.124671,-0.754549,-0.644293][0.878136,0.068673,0][-0.0679799,-0.563371,-0.265894][0.0211553,-0.759584,-0.650065][0.887976,0.069434,0][-0.0688804,-0.603444,-0.2191][0.0268114,-0.759535,-0.649913][0.88844,0.063604,0][0.00921381,-0.57024,-0.238322][0.169339,-0.751526,-0.6376][0.897244,0.068434,0][-0.00667304,-0.608979,-0.19688][0.170311,-0.751579,-0.637277][0.897399,0.062799,0][-0.0688804,-0.603444,-0.2191][0.0268114,-0.759535,-0.649913][0.88844,0.063604,0][-0.0688804,-0.603444,-0.2191][0.0268114,-0.759535,-0.649913][0.88844,0.063604,0][-0.0679799,-0.563371,-0.265894][0.0211553,-0.759584,-0.650065][0.887976,0.069434,0][0.00921381,-0.57024,-0.238322][0.169339,-0.751526,-0.6376][0.897244,0.068434,0][0.179369,-0.668315,-0.0257783][0.351078,-0.874911,-0.333579][0.929676,0.054168,0][0.12334,-0.639164,-0.108022][0.296728,-0.788341,-0.538954][0.918259,0.058408,0][0.170551,-0.607697,-0.128057][0.300461,-0.790547,-0.533628][0.918801,0.062986,0][0.170551,-0.607697,-0.128057][0.300461,-0.790547,-0.533628][0.918801,0.062986,0][0.240077,-0.643871,-0.0259978][0.35711,-0.889451,-0.285219][0.930416,0.057724,0][0.179369,-0.668315,-0.0257783][0.351078,-0.874911,-0.333579][0.929676,0.054168,0][-0.298299,-0.598824,-0.155665][-0.290249,-0.792983,-0.535662][0.857572,0.064276,0][-0.254484,-0.632015,-0.130272][-0.290145,-0.79293,-0.535796][0.858747,0.059448,0][-0.307173,-0.663251,-0.049677][-0.349264,-0.857167,-0.378523][0.844949,0.054904,0][-0.307173,-0.663251,-0.049677][-0.349264,-0.857167,-0.378523][0.844949,0.054904,0][-0.36368,-0.637587,-0.0556547][-0.357047,-0.86707,-0.34743][0.843847,0.058638,0][-0.298299,-0.598824,-0.155665][-0.290249,-0.792983,-0.535662][0.857572,0.064276,0][-0.170492,-0.69157,0.480145][-0.0262913,-0.988636,0.148011][0.792465,0.050785,0][-0.0998763,-0.691333,0.484829][-0.00277758,-0.988381,0.151969][0.787821,0.050819,0][-0.106441,-0.672435,0.607623][-0.00299981,-0.988383,0.151957][0.788083,0.053568,0][-0.106441,-0.672435,0.607623][-0.00299981,-0.988383,0.151957][0.788083,0.053568,0][-0.19407,-0.672728,0.60181][-0.0246765,-0.988631,0.148324][0.792654,0.053526,0][-0.170492,-0.69157,0.480145][-0.0262913,-0.988636,0.148011][0.792465,0.050785,0][-0.0998763,-0.691333,0.484829][-0.00277758,-0.988381,0.151969][0.983111,0.050819,0][-0.0290975,-0.691808,0.481292][0.0112552,-0.988424,0.151296][0.978457,0.05075,0][-0.0186119,-0.673023,0.603233][0.0103497,-0.988423,0.151372][0.978785,0.053483,0][-0.0186119,-0.673023,0.603233][0.0103497,-0.988423,0.151372][0.978785,0.053483,0][-0.106441,-0.672435,0.607623][-0.00299981,-0.988383,0.151957][0.983373,0.053568,0][-0.0998763,-0.691333,0.484829][-0.00277758,-0.988381,0.151969][0.983111,0.050819,0][0.0936906,-0.693566,0.424436][0.102639,-0.986278,0.129311][0.969463,0.050495,0][0.139062,-0.695081,0.37236][0.191617,-0.978054,0.0818066][0.964897,0.050274,0][0.190061,-0.677085,0.468056][0.145716,-0.983491,0.107295][0.965422,0.052892,0][0.190061,-0.677085,0.468056][0.145716,-0.983491,0.107295][0.965422,0.052892,0][0.133756,-0.675204,0.53268][0.0970532,-0.986563,0.131428][0.969917,0.053165,0][0.0936906,-0.693566,0.424436][0.102639,-0.986278,0.129311][0.969463,0.050495,0][-0.337476,-0.675455,0.508706][-0.106298,-0.98686,0.121689][0.80159,0.053129,0][-0.286057,-0.693767,0.405117][-0.111511,-0.986606,0.119054][0.801547,0.050465,0][-0.234797,-0.69319,0.449304][-0.0749066,-0.988148,0.133988][0.797108,0.050549,0][-0.234797,-0.69319,0.449304][-0.0749066,-0.988148,0.133988][0.797108,0.050549,0][-0.273868,-0.674738,0.563539][-0.0664092,-0.988352,0.13693][0.797225,0.053233,0][-0.337476,-0.675455,0.508706][-0.106298,-0.98686,0.121689][0.80159,0.053129,0][0.0791944,0.180019,-0.238066][0.207427,-0.924964,-0.318458][0.903923,0.177573,0][0.0346947,0.138677,-0.146974][0.215646,-0.924526,-0.314243][0.906261,0.171559,0][-0.0167537,0.139076,-0.176365][0.137721,-0.929289,-0.342717][0.897189,0.171617,0][-0.0167537,0.139076,-0.176365][0.137721,-0.929289,-0.342717][0.897189,0.171617,0][0.00669181,0.180581,-0.279486][0.128782,-0.92975,-0.344934][0.895423,0.177655,0][0.0791944,0.180019,-0.238066][0.207427,-0.924964,-0.318458][0.903923,0.177573,0][0.00669181,0.180581,-0.279486][0.128782,-0.92975,-0.344934][0.895423,0.177655,0][-0.0167537,0.139076,-0.176365][0.137721,-0.929289,-0.342717][0.897189,0.171617,0][-0.0659395,0.139064,-0.188082][0.0253797,-0.933323,-0.35814][0.889408,0.171615,0][-0.0659395,0.139064,-0.188082][0.0253797,-0.933323,-0.35814][0.889408,0.171615,0][-0.0626225,0.180565,-0.295999][0.0239533,-0.933342,-0.358189][0.888231,0.177652,0][0.00669181,0.180581,-0.279486][0.128782,-0.92975,-0.344934][0.895423,0.177655,0][-0.0659395,0.139064,-0.188082][0.0253797,-0.933323,-0.35814][0.889408,0.171615,0][-0.130093,0.13831,-0.179799][-0.0860291,-0.933209,-0.348883][0.879274,0.171506,0][-0.153031,0.179502,-0.284325][-0.0828772,-0.933232,-0.349584][0.87895,0.177498,0][-0.153031,0.179502,-0.284325][-0.0828772,-0.933232,-0.349584][0.87895,0.177498,0][-0.0626225,0.180565,-0.295999][0.0239533,-0.933342,-0.358189][0.888231,0.177652,0][-0.0659395,0.139064,-0.188082][0.0253797,-0.933323,-0.35814][0.889408,0.171615,0][-0.130093,0.13831,-0.179799][-0.0860291,-0.933209,-0.348883][0.879274,0.171506,0][-0.17898,0.137762,-0.158976][-0.183356,-0.931108,-0.315308][0.870701,0.171426,0][-0.221926,0.17873,-0.25498][-0.172611,-0.931468,-0.320269][0.871164,0.177385,0][-0.221926,0.17873,-0.25498][-0.172611,-0.931468,-0.320269][0.871164,0.177385,0][-0.153031,0.179502,-0.284325][-0.0828772,-0.933232,-0.349584][0.87895,0.177498,0][-0.130093,0.13831,-0.179799][-0.0860291,-0.933209,-0.348883][0.879274,0.171506,0][-0.17898,0.137762,-0.158976][-0.183356,-0.931108,-0.315308][0.870701,0.171426,0][-0.21999,0.133992,-0.11624][-0.274562,-0.926735,-0.256471][0.860883,0.170878,0][-0.279722,0.173417,-0.194755][-0.258342,-0.927753,-0.269321][0.862293,0.176613,0][-0.279722,0.173417,-0.194755][-0.258342,-0.927753,-0.269321][0.862293,0.176613,0][-0.221926,0.17873,-0.25498][-0.172611,-0.931468,-0.320269][0.871164,0.177385,0][-0.17898,0.137762,-0.158976][-0.183356,-0.931108,-0.315308][0.870701,0.171426,0][-0.258308,0.129347,-0.0452423][-0.335889,-0.922933,-0.188075][0.8466,0.170202,0][-0.289271,0.121793,0.0692616][-0.361165,-0.929538,-0.0742899][0.827329,0.169103,0][-0.377356,0.156225,0.0666658][-0.361173,-0.929547,-0.074141][0.830287,0.174112,0][-0.377356,0.156225,0.0666658][-0.361173,-0.929547,-0.074141][0.830287,0.174112,0][-0.333721,0.166872,-0.0946999][-0.329802,-0.923154,-0.197526][0.849222,0.17566,0][-0.258308,0.129347,-0.0452423][-0.335889,-0.922933,-0.188075][0.8466,0.170202,0][-0.377356,0.156225,0.0666658][-0.361173,-0.929547,-0.074141][0.830287,0.174112,0][-0.289271,0.121793,0.0692616][-0.361165,-0.929538,-0.0742899][0.827329,0.169103,0][-0.267388,0.114576,0.208311][-0.330832,-0.941537,0.0637049][0.80989,0.168053,0][-0.267388,0.114576,0.208311][-0.330832,-0.941537,0.0637049][0.80989,0.168053,0][-0.346517,0.146055,0.262623][-0.319764,-0.944006,0.0812599][0.811937,0.172632,0][-0.377356,0.156225,0.0666658][-0.361173,-0.929547,-0.074141][0.830287,0.174112,0][-0.346517,0.146055,0.262623][-0.319764,-0.944006,0.0812599][0.811937,0.172632,0][-0.267388,0.114576,0.208311][-0.330832,-0.941537,0.0637049][0.80989,0.168053,0][-0.236274,0.112262,0.258487][-0.26816,-0.951579,0.150289][0.803685,0.167717,0][-0.236274,0.112262,0.258487][-0.26816,-0.951579,0.150289][0.803685,0.167717,0][-0.30267,0.142794,0.333333][-0.264167,-0.952096,0.154041][0.805318,0.172158,0][-0.346517,0.146055,0.262623][-0.319764,-0.944006,0.0812599][0.811937,0.172632,0][-0.247515,0.13862,0.389743][-0.184841,-0.960783,0.20671][0.799421,0.171551,0][-0.197138,0.109301,0.298515][-0.19619,-0.959919,0.200163][0.798162,0.167286,0][-0.145843,0.109887,0.330251][-0.0943352,-0.964427,0.246945][0.792449,0.167371,0][-0.145843,0.109887,0.330251][-0.0943352,-0.964427,0.246945][0.792449,0.167371,0][-0.175229,0.139446,0.434468][-0.0902478,-0.964515,0.248125][0.793334,0.171671,0][-0.247515,0.13862,0.389743][-0.184841,-0.960783,0.20671][0.799421,0.171551,0][-0.0370989,0.110134,0.33124][0.084162,-0.961795,0.260514][0.977251,0.167407,0][0.0129127,0.110214,0.310339][0.162928,-0.958054,0.235768][0.972045,0.167419,0][0.0485012,0.139909,0.406407][0.154524,-0.958629,0.239067][0.971959,0.171738,0][0.0485012,0.139909,0.406407][0.154524,-0.958629,0.239067][0.971959,0.171738,0][-0.0219805,0.139794,0.435861][0.0800556,-0.961971,0.261156][0.977499,0.171722,0][-0.0370989,0.110134,0.33124][0.084162,-0.961795,0.260514][0.977251,0.167407,0][0.0129127,0.110214,0.310339][0.162928,-0.958054,0.235768][0.972045,0.167419,0][0.0637378,0.113355,0.275316][0.231217,-0.951861,0.201243][0.965973,0.167876,0][0.120126,0.144333,0.357051][0.228638,-0.952087,0.203112][0.965479,0.172382,0][0.120126,0.144333,0.357051][0.228638,-0.952087,0.203112][0.965479,0.172382,0][0.0485012,0.139909,0.406407][0.154524,-0.958629,0.239067][0.971959,0.171738,0][0.0129127,0.110214,0.310339][0.162928,-0.958054,0.235768][0.972045,0.167419,0][0.106836,0.115491,0.228201][0.315249,-0.94293,0.107242][0.959489,0.168186,0][0.140751,0.122708,0.0918913][0.370624,-0.92778,-0.0431628][0.944146,0.169236,0][0.228658,0.157514,0.0985561][0.370528,-0.927904,-0.0412761][0.942084,0.174299,0][0.228658,0.157514,0.0985561][0.370528,-0.927904,-0.0412761][0.942084,0.174299,0][0.180863,0.147343,0.290652][0.301621,-0.945254,0.124576][0.958549,0.17282,0][0.106836,0.115491,0.228201][0.315249,-0.94293,0.107242][0.959489,0.168186,0][0.228658,0.157514,0.0985561][0.370528,-0.927904,-0.0412761][0.942084,0.174299,0][0.140751,0.122708,0.0918913][0.370624,-0.92778,-0.0431628][0.944146,0.169236,0][0.119861,0.130262,-0.0251595][0.350026,-0.920711,-0.172551][0.928609,0.170335,0][0.119861,0.130262,-0.0251595][0.350026,-0.920711,-0.172551][0.928609,0.170335,0][0.199219,0.16816,-0.0663984][0.344825,-0.920738,-0.182586][0.925818,0.175848,0][0.228658,0.157514,0.0985561][0.370528,-0.927904,-0.0412761][0.942084,0.174299,0][0.144491,0.174041,-0.167267][0.275546,-0.922558,-0.270114][0.913896,0.176703,0][0.0810268,0.134435,-0.0967347][0.286809,-0.922108,-0.259726][0.91667,0.170942,0][0.0346947,0.138677,-0.146974][0.215646,-0.924526,-0.314243][0.906261,0.171559,0][0.0346947,0.138677,-0.146974][0.215646,-0.924526,-0.314243][0.906261,0.171559,0][0.0791944,0.180019,-0.238066][0.207427,-0.924964,-0.318458][0.903923,0.177573,0][0.144491,0.174041,-0.167267][0.275546,-0.922558,-0.270114][0.913896,0.176703,0][0.199219,0.16816,-0.0663984][0.344825,-0.920738,-0.182586][0.925818,0.175848,0][0.119861,0.130262,-0.0251595][0.350026,-0.920711,-0.172551][0.928609,0.170335,0][0.0810268,0.134435,-0.0967347][0.286809,-0.922108,-0.259726][0.91667,0.170942,0][0.0810268,0.134435,-0.0967347][0.286809,-0.922108,-0.259726][0.91667,0.170942,0][0.144491,0.174041,-0.167267][0.275546,-0.922558,-0.270114][0.913896,0.176703,0][0.199219,0.16816,-0.0663984][0.344825,-0.920738,-0.182586][0.925818,0.175848,0][-0.21999,0.133992,-0.11624][-0.274562,-0.926735,-0.256471][0.860883,0.170878,0][-0.258308,0.129347,-0.0452423][-0.335889,-0.922933,-0.188075][0.8466,0.170202,0][-0.333721,0.166872,-0.0946999][-0.329802,-0.923154,-0.197526][0.849222,0.17566,0][-0.333721,0.166872,-0.0946999][-0.329802,-0.923154,-0.197526][0.849222,0.17566,0][-0.279722,0.173417,-0.194755][-0.258342,-0.927753,-0.269321][0.862293,0.176613,0][-0.21999,0.133992,-0.11624][-0.274562,-0.926735,-0.256471][0.860883,0.170878,0][-0.145843,0.109887,0.330251][-0.0943352,-0.964427,0.246945][0.987739,0.167371,0][-0.0889939,0.109254,0.338954][0.00424304,-0.964907,0.262558][0.982251,0.167279,0][-0.0951135,0.138554,0.446732][0.000710029,-0.964966,0.262372][0.982805,0.171541,0][-0.0951135,0.138554,0.446732][0.000710029,-0.964966,0.262372][0.982805,0.171541,0][-0.175229,0.139446,0.434468][-0.0902478,-0.964515,0.248125][0.988624,0.171671,0][-0.145843,0.109887,0.330251][-0.0943352,-0.964427,0.246945][0.987739,0.167371,0][-0.0889939,0.109254,0.338954][0.00424304,-0.964907,0.262558][0.982251,0.167279,0][-0.0370989,0.110134,0.33124][0.084162,-0.961795,0.260514][0.977251,0.167407,0][-0.0219805,0.139794,0.435861][0.0800556,-0.961971,0.261156][0.977499,0.171722,0][-0.0219805,0.139794,0.435861][0.0800556,-0.961971,0.261156][0.977499,0.171722,0][-0.0951135,0.138554,0.446732][0.000710029,-0.964966,0.262372][0.982805,0.171541,0][-0.0889939,0.109254,0.338954][0.00424304,-0.964907,0.262558][0.982251,0.167279,0][0.0637378,0.113355,0.275316][0.231217,-0.951861,0.201243][0.965973,0.167876,0][0.106836,0.115491,0.228201][0.315249,-0.94293,0.107242][0.959489,0.168186,0][0.180863,0.147343,0.290652][0.301621,-0.945254,0.124576][0.958549,0.17282,0][0.180863,0.147343,0.290652][0.301621,-0.945254,0.124576][0.958549,0.17282,0][0.120126,0.144333,0.357051][0.228638,-0.952087,0.203112][0.965479,0.172382,0][0.0637378,0.113355,0.275316][0.231217,-0.951861,0.201243][0.965973,0.167876,0][-0.30267,0.142794,0.333333][-0.264167,-0.952096,0.154041][0.805318,0.172158,0][-0.236274,0.112262,0.258487][-0.26816,-0.951579,0.150289][0.803685,0.167717,0][-0.197138,0.109301,0.298515][-0.19619,-0.959919,0.200163][0.798162,0.167286,0][-0.197138,0.109301,0.298515][-0.19619,-0.959919,0.200163][0.798162,0.167286,0][-0.247515,0.13862,0.389743][-0.184841,-0.960783,0.20671][0.799421,0.171551,0][-0.30267,0.142794,0.333333][-0.264167,-0.952096,0.154041][0.805318,0.172158,0][-0.0120147,0.390852,0.342077][0.989332,0.0203744,0.144246][0.975168,0.208242,0][-0.015374,0.535125,0.344744][0.989331,0.0203689,0.144254][0.975523,0.229229,0][-0.0324248,0.558666,0.458359][0.989332,0.0203724,0.144249][0.978468,0.232654,0][-0.0324248,0.558666,0.458359][0.989332,0.0203724,0.144249][0.978468,0.232654,0][-0.0275841,0.350845,0.454516][0.989333,0.0203769,0.144243][0.978099,0.202423,0][-0.0120147,0.390852,0.342077][0.989332,0.0203744,0.144246][0.975168,0.208242,0][-0.015374,0.535125,0.344744][0.086783,-0.972839,0.214598][0.975523,0.229229,0][0.0415483,0.535587,0.323822][0.175979,-0.962717,0.205443][0.969996,0.229297,0][0.0495706,0.559332,0.42822][0.139166,-0.967867,0.209441][0.97241,0.232751,0][0.0495706,0.559332,0.42822][0.139166,-0.967867,0.209441][0.97241,0.232751,0][-0.0324248,0.558666,0.458359][0.0867835,-0.972839,0.214597][0.978468,0.232654,0][-0.015374,0.535125,0.344744][0.086783,-0.972839,0.214598][0.975523,0.229229,0][0.0505298,0.351235,0.423984][0.150072,0.926092,0.346168][0.972248,0.202479,0][0.0422132,0.391122,0.32088][0.163355,0.924475,0.344471][0.969832,0.208282,0][-0.0120147,0.390852,0.342077][0.131557,0.928059,0.348423][0.975168,0.208242,0][-0.0120147,0.390852,0.342077][0.131557,0.928059,0.348423][0.975168,0.208242,0][-0.0275841,0.350845,0.454516][0.131559,0.92806,0.348422][0.978099,0.202423,0][0.0505298,0.351235,0.423984][0.150072,0.926092,0.346168][0.972248,0.202479,0][0.124727,0.356636,0.36973][0.21993,0.918961,0.327325][0.965684,0.203265,0][0.0937227,0.394872,0.283217][0.244186,0.916294,0.317456][0.96393,0.208827,0][0.0422132,0.391122,0.32088][0.163355,0.924475,0.344471][0.969832,0.208282,0][0.0422132,0.391122,0.32088][0.163355,0.924475,0.344471][0.969832,0.208282,0][0.0505298,0.351235,0.423984][0.150072,0.926092,0.346168][0.972248,0.202479,0][0.124727,0.356636,0.36973][0.21993,0.918961,0.327325][0.965684,0.203265,0][0.0415483,0.535587,0.323822][0.175979,-0.962717,0.205443][0.969996,0.229297,0][0.0926087,0.539997,0.285735][0.260895,-0.947119,0.186813][0.96415,0.229938,0][0.123122,0.565685,0.373357][0.248991,-0.949362,0.191611][0.965924,0.233675,0][0.123122,0.565685,0.373357][0.248991,-0.949362,0.191611][0.965924,0.233675,0][0.0495706,0.559332,0.42822][0.139166,-0.967867,0.209441][0.97241,0.232751,0][0.0415483,0.535587,0.323822][0.175979,-0.962717,0.205443][0.969996,0.229297,0][0.239452,0.374552,0.0979515][0.439535,0.894834,0.0779848][0.941777,0.205871,0][0.173368,0.407309,0.0945422][0.43997,0.89511,0.0721497][0.943252,0.210636,0][0.137678,0.397641,0.23372][0.374708,0.899895,0.223123][0.95766,0.20923,0][0.137678,0.397641,0.23372][0.374708,0.899895,0.223123][0.95766,0.20923,0][0.18804,0.360626,0.298433][0.33556,0.906225,0.257209][0.958576,0.203845,0][0.239452,0.374552,0.0979515][0.439535,0.894834,0.0779848][0.941777,0.205871,0][0.136113,0.543428,0.235817][0.380303,-0.920125,0.0934861][0.957911,0.230437,0][0.1729,0.555506,0.0925041][0.443652,-0.894454,-0.0559026][0.94305,0.232194,0][0.238779,0.588025,0.0950147][0.443668,-0.894245,-0.0590297][0.941535,0.236925,0][0.238779,0.588025,0.0950147][0.443668,-0.894245,-0.0590297][0.941535,0.236925,0][0.185787,0.570628,0.301452][0.339364,-0.931729,0.129276][0.958863,0.234394,0][0.136113,0.543428,0.235817][0.380303,-0.920125,0.0934861][0.957911,0.230437,0][0.1502,0.415596,-0.0299177][0.411582,0.90889,-0.0672306][0.928665,0.211842,0][0.173368,0.407309,0.0945422][0.43997,0.89511,0.0721497][0.943252,0.210636,0][0.239452,0.374552,0.0979515][0.439535,0.894834,0.0779848][0.941777,0.205871,0][0.239452,0.374552,0.0979515][0.439535,0.894834,0.0779848][0.941777,0.205871,0][0.206079,0.386489,-0.0813308][0.391131,0.915598,-0.0932529][0.924564,0.207608,0][0.1502,0.415596,-0.0299177][0.411582,0.90889,-0.0672306][0.928665,0.211842,0][0.238779,0.588025,0.0950147][0.443668,-0.894245,-0.0590297][0.941535,0.236925,0][0.1729,0.555506,0.0925041][0.443652,-0.894454,-0.0559026][0.94305,0.232194,0][0.147984,0.564671,-0.0335278][0.418286,-0.890171,-0.180647][0.928169,0.233527,0][0.147984,0.564671,-0.0335278][0.418286,-0.890171,-0.180647][0.928169,0.233527,0][0.202888,0.601226,-0.0865307][0.40065,-0.893814,-0.201433][0.923977,0.238845,0][0.238779,0.588025,0.0950147][0.443668,-0.894245,-0.0590297][0.941535,0.236925,0][0.0643017,0.42363,-0.162846][0.288374,0.941996,-0.171707][0.907977,0.213011,0][0.110927,0.41958,-0.106763][0.333849,0.930999,-0.147601][0.917617,0.212421,0][0.14951,0.392227,-0.192024][0.310867,0.936907,-0.159896][0.91225,0.208442,0][0.14951,0.392227,-0.192024][0.310867,0.936907,-0.159896][0.91225,0.208442,0][0.082347,0.398062,-0.27281][0.288373,0.941996,-0.17171][0.902324,0.209291,0][0.0643017,0.42363,-0.162846][0.288374,0.941996,-0.171707][0.907977,0.213011,0][0.147205,0.606825,-0.200521][0.308324,-0.913621,-0.265014][0.911476,0.23966,0][0.109328,0.568557,-0.112662][0.345007,-0.90584,-0.245814][0.916847,0.234093,0][0.0633269,0.572506,-0.171072][0.277436,-0.918852,-0.280608][0.907171,0.234667,0][0.0633269,0.572506,-0.171072][0.277436,-0.918852,-0.280608][0.907171,0.234667,0][0.0809427,0.612512,-0.284659][0.277442,-0.918854,-0.280594][0.901652,0.240487,0][0.147205,0.606825,-0.200521][0.308324,-0.913621,-0.265014][0.911476,0.23966,0][0.0633269,0.572506,-0.171072][0.987247,0.0152206,0.158469][0.907171,0.234667,0][0.0643017,0.42363,-0.162846][0.987246,0.0152199,0.15847][0.907977,0.213011,0][0.082347,0.398062,-0.27281][0.987247,0.0152203,0.158469][0.902324,0.209291,0][0.082347,0.398062,-0.27281][0.987247,0.0152203,0.158469][0.902324,0.209291,0][0.0809427,0.612512,-0.284659][0.987247,0.015221,0.158468][0.901652,0.240487,0][0.0633269,0.572506,-0.171072][0.987247,0.0152206,0.158469][0.907171,0.234667,0][0.110927,0.41958,-0.106763][0.333849,0.930999,-0.147601][0.917617,0.212421,0][0.1502,0.415596,-0.0299177][0.411582,0.90889,-0.0672306][0.928665,0.211842,0][0.206079,0.386489,-0.0813308][0.391131,0.915598,-0.0932529][0.924564,0.207608,0][0.206079,0.386489,-0.0813308][0.391131,0.915598,-0.0932529][0.924564,0.207608,0][0.14951,0.392227,-0.192024][0.310867,0.936907,-0.159896][0.91225,0.208442,0][0.110927,0.41958,-0.106763][0.333849,0.930999,-0.147601][0.917617,0.212421,0][0.202888,0.601226,-0.0865307][0.40065,-0.893814,-0.201433][0.923977,0.238845,0][0.147984,0.564671,-0.0335278][0.418286,-0.890171,-0.180647][0.928169,0.233527,0][0.109328,0.568557,-0.112662][0.345007,-0.90584,-0.245814][0.916847,0.234093,0][0.109328,0.568557,-0.112662][0.345007,-0.90584,-0.245814][0.916847,0.234093,0][0.147205,0.606825,-0.200521][0.308324,-0.913621,-0.265014][0.911476,0.23966,0][0.202888,0.601226,-0.0865307][0.40065,-0.893814,-0.201433][0.923977,0.238845,0][0.18804,0.360626,0.298433][0.33556,0.906225,0.257209][0.958576,0.203845,0][0.137678,0.397641,0.23372][0.374708,0.899895,0.223123][0.95766,0.20923,0][0.0937227,0.394872,0.283217][0.244186,0.916294,0.317456][0.96393,0.208827,0][0.0937227,0.394872,0.283217][0.244186,0.916294,0.317456][0.96393,0.208827,0][0.124727,0.356636,0.36973][0.21993,0.918961,0.327325][0.965684,0.203265,0][0.18804,0.360626,0.298433][0.33556,0.906225,0.257209][0.958576,0.203845,0][0.0926087,0.539997,0.285735][0.260895,-0.947119,0.186813][0.96415,0.229938,0][0.136113,0.543428,0.235817][0.380303,-0.920125,0.0934861][0.957911,0.230437,0][0.185787,0.570628,0.301452][0.339364,-0.931729,0.129276][0.958863,0.234394,0][0.185787,0.570628,0.301452][0.339364,-0.931729,0.129276][0.958863,0.234394,0][0.123122,0.565685,0.373357][0.248991,-0.949362,0.191611][0.965924,0.233675,0][0.0926087,0.539997,0.285735][0.260895,-0.947119,0.186813][0.96415,0.229938,0][-0.0653884,0.228269,-0.304635][0.0505486,-0.172992,-0.983625][0.887875,0.184592,0][-0.0753602,0.400139,-0.335752][0.031843,-0.111905,-0.993209][0.886738,0.209593,0][0.00166804,0.399411,-0.316809][0.355925,-0.0972181,-0.929444][0.893882,0.209488,0][0.00166804,0.399411,-0.316809][0.355925,-0.0972181,-0.929444][0.893882,0.209488,0][0.00560105,0.228124,-0.287596][0.360184,-0.150564,-0.920651][0.89506,0.184571,0][-0.0653884,0.228269,-0.304635][0.0505486,-0.172992,-0.983625][0.887875,0.184592,0][-0.155417,0.227239,-0.291944][-0.26668,-0.168258,-0.948984][0.878865,0.184442,0][-0.164007,0.399222,-0.319394][-0.287116,-0.117821,-0.950622][0.878593,0.20946,0][-0.0753602,0.400139,-0.335752][0.031843,-0.111905,-0.993209][0.886738,0.209593,0][-0.0753602,0.400139,-0.335752][0.031843,-0.111905,-0.993209][0.886738,0.209593,0][-0.0653884,0.228269,-0.304635][0.0505486,-0.172992,-0.983625][0.887875,0.184592,0][-0.155417,0.227239,-0.291944][-0.26668,-0.168258,-0.948984][0.878865,0.184442,0][-0.235278,0.398062,-0.288412][-0.569356,-0.121933,-0.812998][0.871392,0.209291,0][-0.164007,0.399222,-0.319394][-0.287116,-0.117821,-0.950622][0.878593,0.20946,0][-0.155417,0.227239,-0.291944][-0.26668,-0.168258,-0.948984][0.878865,0.184442,0][-0.155417,0.227239,-0.291944][-0.26668,-0.168258,-0.948984][0.878865,0.184442,0][-0.224826,0.226382,-0.262244][-0.561301,-0.156197,-0.812738][0.871218,0.184317,0][-0.235278,0.398062,-0.288412][-0.569356,-0.121933,-0.812998][0.871392,0.209291,0][-0.298037,0.392877,-0.219635][-0.803074,-0.116314,-0.584417][0.862599,0.208537,0][-0.235278,0.398062,-0.288412][-0.569356,-0.121933,-0.812998][0.871392,0.209291,0][-0.224826,0.226382,-0.262244][-0.561301,-0.156197,-0.812738][0.871218,0.184317,0][-0.224826,0.226382,-0.262244][-0.561301,-0.156197,-0.812738][0.871218,0.184317,0][-0.283702,0.221097,-0.200161][-0.796982,-0.134402,-0.58886][0.862365,0.183549,0][-0.298037,0.392877,-0.219635][-0.803074,-0.116314,-0.584417][0.862599,0.208537,0][-0.358151,0.386489,-0.109046][-0.917269,-0.114981,-0.381309][0.849566,0.207608,0][-0.298037,0.392877,-0.219635][-0.803074,-0.116314,-0.584417][0.862599,0.208537,0][-0.283702,0.221097,-0.200161][-0.796982,-0.134402,-0.58886][0.862365,0.183549,0][-0.283702,0.221097,-0.200161][-0.796982,-0.134402,-0.58886][0.862365,0.183549,0][-0.339028,0.214585,-0.0978172][-0.917679,-0.12743,-0.376333][0.849303,0.182601,0][-0.358151,0.386489,-0.109046][-0.917269,-0.114981,-0.381309][0.849566,0.207608,0][-0.407029,0.374552,0.0661955][-0.990656,-0.122366,-0.0602237][0.830886,0.205871,0][-0.358151,0.386489,-0.109046][-0.917269,-0.114981,-0.381309][0.849566,0.207608,0][-0.339028,0.214585,-0.0978172][-0.917679,-0.12743,-0.376333][0.849303,0.182601,0][-0.339028,0.214585,-0.0978172][-0.917679,-0.12743,-0.376333][0.849303,0.182601,0][-0.383804,0.20366,0.0665635][-0.989169,-0.133746,-0.0604787][0.830428,0.181012,0][-0.407029,0.374552,0.0661955][-0.990656,-0.122366,-0.0602237][0.830886,0.205871,0][-0.373369,0.360626,0.270856][-0.92872,-0.115946,0.352186][0.813005,0.203845,0][-0.407029,0.374552,0.0661955][-0.990656,-0.122366,-0.0602237][0.830886,0.205871,0][-0.383804,0.20366,0.0665635][-0.989169,-0.133746,-0.0604787][0.830428,0.181012,0][-0.383804,0.20366,0.0665635][-0.989169,-0.133746,-0.0604787][0.830428,0.181012,0][-0.352351,0.192672,0.264412][-0.930606,-0.128663,0.342663][0.812182,0.179414,0][-0.373369,0.360626,0.270856][-0.92872,-0.115946,0.352186][0.813005,0.203845,0][-0.324591,0.356384,0.346833][-0.781367,-0.101308,0.615793][0.806161,0.203229,0][-0.373369,0.360626,0.270856][-0.92872,-0.115946,0.352186][0.813005,0.203845,0][-0.352351,0.192672,0.264412][-0.930606,-0.128663,0.342663][0.812182,0.179414,0][-0.352351,0.192672,0.264412][-0.930606,-0.128663,0.342663][0.812182,0.179414,0][-0.307433,0.189199,0.336266][-0.784455,-0.119667,0.608531][0.80551,0.178908,0][-0.324591,0.356384,0.346833][-0.781367,-0.101308,0.615793][0.806161,0.203229,0][-0.264504,0.351235,0.40851][-0.619919,-0.0900161,0.779485][0.800046,0.202479,0][-0.324591,0.356384,0.346833][-0.781367,-0.101308,0.615793][0.806161,0.203229,0][-0.307433,0.189199,0.336266][-0.784455,-0.119667,0.608531][0.80551,0.178908,0][-0.307433,0.189199,0.336266][-0.784455,-0.119667,0.608531][0.80551,0.178908,0][-0.251207,0.184812,0.39382][-0.622267,-0.117564,0.773927][0.799563,0.17827,0][-0.264504,0.351235,0.40851][-0.619919,-0.0900161,0.779485][0.800046,0.202479,0][-0.190343,0.351139,0.453717][-0.342003,-0.0725101,0.936897][0.794104,0.202466,0][-0.264504,0.351235,0.40851][-0.619919,-0.0900161,0.779485][0.800046,0.202479,0][-0.251207,0.184812,0.39382][-0.622267,-0.117564,0.773927][0.799563,0.17827,0][-0.251207,0.184812,0.39382][-0.622267,-0.117564,0.773927][0.799563,0.17827,0][-0.178513,0.185439,0.43865][-0.34365,-0.109769,0.93266][0.793507,0.178361,0][-0.190343,0.351139,0.453717][-0.342003,-0.0725101,0.936897][0.794104,0.202466,0][-0.108348,0.349331,0.466466][-0.00532045,-0.0562048,0.998405][0.788415,0.202202,0][-0.190343,0.351139,0.453717][-0.342003,-0.0725101,0.936897][0.794104,0.202466,0][-0.178513,0.185439,0.43865][-0.34365,-0.109769,0.93266][0.793507,0.178361,0][-0.178513,0.185439,0.43865][-0.34365,-0.109769,0.93266][0.793507,0.178361,0][-0.0979877,0.184348,0.45102][-0.00222453,-0.0932803,0.995637][0.787717,0.178203,0][-0.108348,0.349331,0.466466][-0.00532045,-0.0562048,0.998405][0.788415,0.202202,0][-0.0275841,0.350845,0.454516][0.218667,-0.0571437,0.974125][0.978099,0.202423,0][-0.108348,0.349331,0.466466][-0.00532045,-0.0562048,0.998405][0.983705,0.202202,0][-0.0979877,0.184348,0.45102][-0.00222453,-0.0932803,0.995637][0.983007,0.178203,0][-0.0979877,0.184348,0.45102][-0.00222453,-0.0932803,0.995637][0.983007,0.178203,0][-0.0231984,0.185647,0.439914][0.264376,-0.0795591,0.961132][0.977633,0.178392,0][-0.0275841,0.350845,0.454516][0.218667,-0.0571437,0.974125][0.978099,0.202423,0][0.0505298,0.351235,0.423984][0.481024,-0.0702188,0.873891][0.972248,0.202479,0][-0.0275841,0.350845,0.454516][0.218667,-0.0571437,0.974125][0.978099,0.202423,0][-0.0231984,0.185647,0.439914][0.264376,-0.0795591,0.961132][0.977633,0.178392,0][-0.0231984,0.185647,0.439914][0.264376,-0.0795591,0.961132][0.977633,0.178392,0][0.0489423,0.185821,0.410226][0.479659,-0.075573,0.874194][0.972024,0.178417,0][0.0505298,0.351235,0.423984][0.481024,-0.0702188,0.873891][0.972248,0.202479,0][0.121124,0.190458,0.359806][0.662229,-0.0605682,0.74685][0.965525,0.179092,0][0.124727,0.356636,0.36973][0.6738,-0.0563662,0.736761][0.965684,0.203265,0][0.0505298,0.351235,0.423984][0.481024,-0.0702188,0.873891][0.972248,0.202479,0][0.0505298,0.351235,0.423984][0.481024,-0.0702188,0.873891][0.972248,0.202479,0][0.0489423,0.185821,0.410226][0.479659,-0.075573,0.874194][0.972024,0.178417,0][0.121124,0.190458,0.359806][0.662229,-0.0605682,0.74685][0.965525,0.179092,0][0.182423,0.193682,0.292343][0.882205,-0.0481997,0.468392][0.958555,0.17956,0][0.18804,0.360626,0.298433][0.886585,-0.0480161,0.460066][0.958576,0.203845,0][0.124727,0.356636,0.36973][0.6738,-0.0563662,0.736761][0.965684,0.203265,0][0.124727,0.356636,0.36973][0.6738,-0.0563662,0.736761][0.965684,0.203265,0][0.121124,0.190458,0.359806][0.662229,-0.0605682,0.74685][0.965525,0.179092,0][0.182423,0.193682,0.292343][0.882205,-0.0481997,0.468392][0.958555,0.17956,0][0.231003,0.204668,0.0984252][0.998313,-0.0485734,0.0318235][0.942015,0.181159,0][0.239452,0.374552,0.0979515][0.998605,-0.0480588,0.0218673][0.941777,0.205871,0][0.18804,0.360626,0.298433][0.886585,-0.0480161,0.460066][0.958576,0.203845,0][0.18804,0.360626,0.298433][0.886585,-0.0480161,0.460066][0.958576,0.203845,0][0.182423,0.193682,0.292343][0.882205,-0.0481997,0.468392][0.958555,0.17956,0][0.231003,0.204668,0.0984252][0.998313,-0.0485734,0.0318235][0.942015,0.181159,0][0.20071,0.215594,-0.0696427][0.941453,-0.0540619,-0.332781][0.925538,0.182748,0][0.206079,0.386489,-0.0813308][0.939448,-0.0570479,-0.337911][0.924564,0.207608,0][0.239452,0.374552,0.0979515][0.998605,-0.0480588,0.0218673][0.941777,0.205871,0][0.239452,0.374552,0.0979515][0.998605,-0.0480588,0.0218673][0.941777,0.205871,0][0.231003,0.204668,0.0984252][0.998313,-0.0485734,0.0318235][0.942015,0.181159,0][0.20071,0.215594,-0.0696427][0.941453,-0.0540619,-0.332781][0.925538,0.182748,0][0.14558,0.221445,-0.172645][0.812729,-0.0836802,-0.576601][0.913521,0.183599,0][0.14951,0.392227,-0.192024][0.819654,-0.0914735,-0.565509][0.91225,0.208442,0][0.206079,0.386489,-0.0813308][0.939448,-0.0570479,-0.337911][0.924564,0.207608,0][0.206079,0.386489,-0.0813308][0.939448,-0.0570479,-0.337911][0.924564,0.207608,0][0.20071,0.215594,-0.0696427][0.941453,-0.0540619,-0.332781][0.925538,0.182748,0][0.14558,0.221445,-0.172645][0.812729,-0.0836802,-0.576601][0.913521,0.183599,0][0.0798798,0.22739,-0.245615][0.621525,-0.126893,-0.773049][0.903549,0.184464,0][0.082347,0.398062,-0.27281][0.572495,-0.101572,-0.813593][0.902324,0.209291,0][0.14951,0.392227,-0.192024][0.819654,-0.0914735,-0.565509][0.91225,0.208442,0][0.14951,0.392227,-0.192024][0.819654,-0.0914735,-0.565509][0.91225,0.208442,0][0.14558,0.221445,-0.172645][0.812729,-0.0836802,-0.576601][0.913521,0.183599,0][0.0798798,0.22739,-0.245615][0.621525,-0.126893,-0.773049][0.903549,0.184464,0][0.082347,0.398062,-0.27281][0.572495,-0.101572,-0.813593][0.902324,0.209291,0][0.0798798,0.22739,-0.245615][0.621525,-0.126893,-0.773049][0.903549,0.184464,0][0.00560105,0.228124,-0.287596][0.360184,-0.150564,-0.920651][0.89506,0.184571,0][0.00560105,0.228124,-0.287596][0.360184,-0.150564,-0.920651][0.89506,0.184571,0][0.00166804,0.399411,-0.316809][0.355925,-0.0972181,-0.929444][0.893882,0.209488,0][0.082347,0.398062,-0.27281][0.572495,-0.101572,-0.813593][0.902324,0.209291,0][0.147516,-0.310472,0.350787][0.053369,-0.998205,0.0271708][0.963493,0.106222,0][0.190916,-0.310472,0.198582][0.0628787,-0.998005,0.00564159][0.951954,0.106222,0][0.234543,-0.307689,0.204527][0.0627968,-0.998007,0.00624243][0.950405,0.106627,0][0.234543,-0.307689,0.204527][0.0627968,-0.998007,0.00624243][0.950405,0.106627,0][0.184286,-0.307689,0.38078][0.0513082,-0.998241,0.0297004][0.962649,0.106627,0][0.147516,-0.310472,0.350787][0.053369,-0.998205,0.0271708][0.963493,0.106222,0][0.0437742,-0.310472,0.441683][0.0248766,-0.998379,0.0511993][0.973089,0.106222,0][0.100345,-0.310472,0.403594][0.0381688,-0.998334,0.0432663][0.968419,0.106222,0][0.129665,-0.307689,0.441929][0.0376966,-0.998336,0.0436277][0.967827,0.106627,0][0.129665,-0.307689,0.441929][0.0376966,-0.998336,0.0436277][0.967827,0.106627,0][0.0641547,-0.307689,0.486035][0.0246912,-0.998379,0.0512846][0.972724,0.106627,0][0.0437742,-0.310472,0.441683][0.0248766,-0.998379,0.0511993][0.973089,0.106222,0][-0.0255269,-0.310472,0.463726][0.0110869,-0.998376,0.0558842][0.978053,0.106222,0][0.0437742,-0.310472,0.441683][0.0248766,-0.998379,0.0511993][0.973089,0.106222,0][0.0641547,-0.307689,0.486035][0.0246912,-0.998379,0.0512846][0.972724,0.106627,0][0.0641547,-0.307689,0.486035][0.0246912,-0.998379,0.0512846][0.972724,0.106627,0][-0.0160953,-0.307689,0.511561][0.0110759,-0.998375,0.0558903][0.97792,0.106627,0][-0.0255269,-0.310472,0.463726][0.0110869,-0.998376,0.0558842][0.978053,0.106222,0][-0.258318,-0.307689,0.46426][-0.0323504,-0.998291,0.048661][0.798257,0.106627,0][-0.234704,-0.310472,0.422879][-0.0326729,-0.99829,0.0484767][0.79768,0.106222,0][-0.169292,-0.310472,0.460317][-0.0184801,-0.998394,0.0535495][0.792602,0.106222,0][-0.169292,-0.310472,0.460317][-0.0184801,-0.998394,0.0535495][0.792602,0.106222,0][-0.182571,-0.307689,0.507612][-0.0177669,-0.998397,0.0537465][0.792927,0.106627,0][-0.258318,-0.307689,0.46426][-0.0323504,-0.998291,0.048661][0.798257,0.106627,0][-0.368324,-0.307689,0.3559][-0.053807,-0.998205,0.0262884][0.808344,0.106627,0][-0.329701,-0.310472,0.329302][-0.0557181,-0.99817,0.0235094][0.807273,0.106222,0][-0.287086,-0.310472,0.382266][-0.041288,-0.998273,0.0417817][0.802361,0.106222,0][-0.287086,-0.310472,0.382266][-0.041288,-0.998273,0.0417817][0.802361,0.106222,0][-0.318974,-0.307689,0.417231][-0.0410471,-0.998274,0.0420013][0.803173,0.106627,0][-0.368324,-0.307689,0.3559][-0.053807,-0.998205,0.0262884][0.808344,0.106627,0][-0.403198,-0.307689,0.173201][-0.0640454,-0.997947,-0.000996395][0.821286,0.106627,0][-0.359818,-0.310472,0.171529][-0.0640871,-0.997942,-0.00207842][0.819421,0.106222,0][-0.329701,-0.310472,0.329302][-0.0557181,-0.99817,0.0235094][0.807273,0.106222,0][-0.329701,-0.310472,0.329302][-0.0557181,-0.99817,0.0235094][0.807273,0.106222,0][-0.368324,-0.307689,0.3559][-0.053807,-0.998205,0.0262884][0.808344,0.106627,0][-0.403198,-0.307689,0.173201][-0.0640454,-0.997947,-0.000996395][0.821286,0.106627,0][-0.312995,-0.310472,-0.0255181][-0.0584396,-0.998029,-0.0228769][0.841469,0.106222,0][-0.359818,-0.310472,0.171529][-0.0640871,-0.997942,-0.00207842][0.819421,0.106222,0][-0.403198,-0.307689,0.173201][-0.0640454,-0.997947,-0.000996395][0.821286,0.106627,0][-0.403198,-0.307689,0.173201][-0.0640454,-0.997947,-0.000996395][0.821286,0.106627,0][-0.34898,-0.307689,-0.0549759][-0.0558456,-0.9981,-0.0260528][0.844189,0.106627,0][-0.312995,-0.310472,-0.0255181][-0.0584396,-0.998029,-0.0228769][0.841469,0.106222,0][-0.260709,-0.310472,-0.10418][-0.0438852,-0.998341,-0.037271][0.855114,0.106222,0][-0.312995,-0.310472,-0.0255181][-0.0584396,-0.998029,-0.0228769][0.841469,0.106222,0][-0.34898,-0.307689,-0.0549759][-0.0558456,-0.9981,-0.0260528][0.844189,0.106627,0][-0.34898,-0.307689,-0.0549759][-0.0558456,-0.9981,-0.0260528][0.844189,0.106627,0][-0.28843,-0.307689,-0.146066][-0.0415419,-0.998382,-0.0388299][0.857426,0.106627,0][-0.260709,-0.310472,-0.10418][-0.0438852,-0.998341,-0.037271][0.855114,0.106222,0][-0.205932,-0.310472,-0.149892][-0.0356556,-0.99845,-0.0427394][0.866229,0.106222,0][-0.260709,-0.310472,-0.10418][-0.0438852,-0.998341,-0.037271][0.855114,0.106222,0][-0.28843,-0.307689,-0.146066][-0.0415419,-0.998382,-0.0388299][0.857426,0.106627,0][-0.28843,-0.307689,-0.146066][-0.0415419,-0.998382,-0.0388299][0.857426,0.106627,0][-0.225002,-0.307688,-0.198999][-0.0356559,-0.99845,-0.0427466][0.867774,0.106627,0][-0.205932,-0.310472,-0.149892][-0.0356556,-0.99845,-0.0427394][0.866229,0.106222,0][-0.142123,-0.191212,-0.176183][0.796887,-0.500857,-0.337807][0.87727,0.123571,0][-0.205932,-0.310472,-0.149892][0.796879,-0.500844,-0.337845][0.866229,0.106222,0][-0.225002,-0.307688,-0.198999][0.796881,-0.500847,-0.337835][0.867774,0.106627,0][-0.225002,-0.307688,-0.198999][0.796881,-0.500847,-0.337835][0.867774,0.106627,0][-0.151109,-0.169588,-0.229445][0.796889,-0.50086,-0.337798][0.877838,0.126716,0][-0.142123,-0.191212,-0.176183][0.796887,-0.500857,-0.337807][0.87727,0.123571,0][-0.0679122,-0.191212,-0.192141][0.0136154,-0.932532,-0.360831][0.889027,0.123571,0][-0.142123,-0.191212,-0.176183][-0.078204,-0.928239,-0.363672][0.87727,0.123571,0][-0.151109,-0.169588,-0.229445][-0.0782046,-0.928239,-0.36367][0.877838,0.126716,0][-0.151109,-0.169588,-0.229445][-0.0782046,-0.928239,-0.36367][0.877838,0.126716,0][-0.0651772,-0.169588,-0.247924][0.0146767,-0.932535,-0.36078][0.888508,0.126716,0][-0.0679122,-0.191212,-0.192141][0.0136154,-0.932532,-0.360831][0.889027,0.123571,0][0.0104856,-0.169588,-0.225277][0.106219,-0.928863,-0.354867][0.897983,0.126716,0][-0.00257486,-0.191212,-0.172585][0.106219,-0.928863,-0.354866][0.899391,0.123571,0][-0.0679122,-0.191212,-0.192141][0.0136154,-0.932532,-0.360831][0.889027,0.123571,0][-0.0679122,-0.191212,-0.192141][0.0136154,-0.932532,-0.360831][0.889027,0.123571,0][-0.0651772,-0.169588,-0.247924][0.0146767,-0.932535,-0.36078][0.888508,0.126716,0][0.0104856,-0.169588,-0.225277][0.106219,-0.928863,-0.354867][0.897983,0.126716,0][0.0897807,-0.307688,-0.183536][-0.73447,-0.544256,-0.405388][0.908553,0.106627,0][0.0659034,-0.310472,-0.136538][-0.734471,-0.544258,-0.405383][0.91067,0.106222,0][-0.00257486,-0.191212,-0.172585][-0.734466,-0.544252,-0.405399][0.899391,0.123571,0][-0.00257486,-0.191212,-0.172585][-0.734466,-0.544252,-0.405399][0.899391,0.123571,0][0.0104856,-0.169588,-0.225277][-0.734465,-0.544251,-0.405402][0.897983,0.126716,0][0.0897807,-0.307688,-0.183536][-0.73447,-0.544256,-0.405388][0.908553,0.106627,0][0.157371,-0.307689,-0.120519][0.0425617,-0.998457,-0.0356643][0.918857,0.106627,0][0.124273,-0.310472,-0.0821185][0.0438827,-0.99844,-0.0345191][0.921292,0.106222,0][0.0659034,-0.310472,-0.136538][0.0374005,-0.998494,-0.0401273][0.91067,0.106222,0][0.0659034,-0.310472,-0.136538][0.0374005,-0.998494,-0.0401273][0.91067,0.106222,0][0.0897807,-0.307688,-0.183536][0.0374017,-0.998494,-0.0401339][0.908553,0.106627,0][0.157371,-0.307689,-0.120519][0.0425617,-0.998457,-0.0356643][0.918857,0.106627,0][0.214188,-0.307689,-0.0273125][0.0554058,-0.998263,-0.0200169][0.929996,0.106627,0][0.173337,-0.310472,-0.00162816][0.0578206,-0.998196,-0.0161684][0.932364,0.106222,0][0.124273,-0.310472,-0.0821185][0.0438827,-0.99844,-0.0345191][0.921292,0.106222,0][0.124273,-0.310472,-0.0821185][0.0438827,-0.99844,-0.0345191][0.921292,0.106222,0][0.157371,-0.307689,-0.120519][0.0425617,-0.998457,-0.0356643][0.918857,0.106627,0][0.214188,-0.307689,-0.0273125][0.0554058,-0.998263,-0.0200169][0.929996,0.106627,0][0.234543,-0.307689,0.204527][0.0627968,-0.998007,0.00624243][0.950405,0.106627,0][0.190916,-0.310472,0.198582][0.0628787,-0.998005,0.00564159][0.951954,0.106222,0][0.173337,-0.310472,-0.00162816][0.0578206,-0.998196,-0.0161684][0.932364,0.106222,0][0.173337,-0.310472,-0.00162816][0.0578206,-0.998196,-0.0161684][0.932364,0.106222,0][0.214188,-0.307689,-0.0273125][0.0554058,-0.998263,-0.0200169][0.929996,0.106627,0][0.234543,-0.307689,0.204527][0.0627968,-0.998007,0.00624243][0.950405,0.106627,0][-0.169292,-0.310472,0.460317][-0.0184801,-0.998394,0.0535495][0.792602,0.106222,0][-0.0971192,-0.310472,0.469723][-0.00124928,-0.998378,0.0569147][0.787646,0.106222,0][-0.0989955,-0.307688,0.518504][-0.00136814,-0.998378,0.0569105][0.787741,0.106627,0][-0.0989955,-0.307688,0.518504][-0.00136814,-0.998378,0.0569105][0.787741,0.106627,0][-0.182571,-0.307689,0.507612][-0.0177669,-0.998397,0.0537465][0.792927,0.106627,0][-0.169292,-0.310472,0.460317][-0.0184801,-0.998394,0.0535495][0.792602,0.106222,0][-0.0971192,-0.310472,0.469723][-0.00124928,-0.998378,0.0569147][0.982936,0.106222,0][-0.0255269,-0.310472,0.463726][0.0110869,-0.998376,0.0558842][0.978053,0.106222,0][-0.0160953,-0.307689,0.511561][0.0110759,-0.998375,0.0558903][0.97792,0.106627,0][-0.0160953,-0.307689,0.511561][0.0110759,-0.998375,0.0558903][0.97792,0.106627,0][-0.0989955,-0.307688,0.518504][-0.00136814,-0.998378,0.0569105][0.983031,0.106627,0][-0.0971192,-0.310472,0.469723][-0.00124928,-0.998378,0.0569147][0.982936,0.106222,0][0.100345,-0.310472,0.403594][0.0381688,-0.998334,0.0432663][0.968419,0.106222,0][0.147516,-0.310472,0.350787][0.053369,-0.998205,0.0271708][0.963493,0.106222,0][0.184286,-0.307689,0.38078][0.0513082,-0.998241,0.0297004][0.962649,0.106627,0][0.184286,-0.307689,0.38078][0.0513082,-0.998241,0.0297004][0.962649,0.106627,0][0.129665,-0.307689,0.441929][0.0376966,-0.998336,0.0436277][0.967827,0.106627,0][0.100345,-0.310472,0.403594][0.0381688,-0.998334,0.0432663][0.968419,0.106222,0][-0.318974,-0.307689,0.417231][-0.0410471,-0.998274,0.0420013][0.803173,0.106627,0][-0.287086,-0.310472,0.382266][-0.041288,-0.998273,0.0417817][0.802361,0.106222,0][-0.234704,-0.310472,0.422879][-0.0326729,-0.99829,0.0484767][0.79768,0.106222,0][-0.234704,-0.310472,0.422879][-0.0326729,-0.99829,0.0484767][0.79768,0.106222,0][-0.258318,-0.307689,0.46426][-0.0323504,-0.998291,0.048661][0.798257,0.106627,0][-0.318974,-0.307689,0.417231][-0.0410471,-0.998274,0.0420013][0.803173,0.106627,0][0.0385308,-0.907071,-0.605846][0.404746,-0.0909671,-0.909893][0.360776,0.302066,0][0.036386,-1.0295,-0.59456][0.40776,-0.0908923,-0.908554][0.365135,0.315118,0][-0.0461413,-1.0295,-0.619975][0.127863,-0.095573,-0.987176][0.372722,0.312838,0][-0.0461413,-1.0295,-0.619975][0.127863,-0.095573,-0.987176][0.372722,0.312838,0][-0.0456176,-0.907072,-0.631761][0.126152,-0.0955924,-0.987394][0.371504,0.29959,0][0.0385308,-0.907071,-0.605846][0.404746,-0.0909671,-0.909893][0.360776,0.302066,0][0.126155,-0.907068,-0.553128][0.657484,-0.0833953,-0.748839][0.349597,0.308195,0][0.122323,-1.0295,-0.542858][0.663014,-0.0831568,-0.743974][0.357194,0.319705,0][0.036386,-1.0295,-0.59456][0.40776,-0.0908923,-0.908554][0.365135,0.315118,0][0.036386,-1.0295,-0.59456][0.40776,-0.0908923,-0.908554][0.365135,0.315118,0][0.0385308,-0.907071,-0.605846][0.404746,-0.0909671,-0.909893][0.360776,0.302066,0][0.126155,-0.907068,-0.553128][0.657484,-0.0833953,-0.748839][0.349597,0.308195,0][0.203779,-0.907063,-0.453947][0.869107,-0.0712376,-0.489467][0.338828,0.319513,0][0.19845,-1.0295,-0.44559][0.872777,-0.070951,-0.482935][0.349855,0.328473,0][0.122323,-1.0295,-0.542858][0.663014,-0.0831568,-0.743974][0.357194,0.319705,0][0.122323,-1.0295,-0.542858][0.663014,-0.0831568,-0.743974][0.357194,0.319705,0][0.126155,-0.907068,-0.553128][0.657484,-0.0833953,-0.748839][0.349597,0.308195,0][0.203779,-0.907063,-0.453947][0.869107,-0.0712376,-0.489467][0.338828,0.319513,0][0.261504,-0.907063,-0.297902][0.967969,-0.0615673,-0.243405][0.330499,0.337555,0][0.255061,-1.0295,-0.292553][0.968975,-0.0614489,-0.239397][0.344186,0.342675,0][0.19845,-1.0295,-0.44559][0.872777,-0.070951,-0.482935][0.349855,0.328473,0][0.19845,-1.0295,-0.44559][0.872777,-0.070951,-0.482935][0.349855,0.328473,0][0.203779,-0.907063,-0.453947][0.869107,-0.0712376,-0.489467][0.338828,0.319513,0][0.261504,-0.907063,-0.297902][0.967969,-0.0615673,-0.243405][0.330499,0.337555,0][0.284136,-0.907063,-0.130379][0.997403,-0.0568158,-0.0442702][0.327249,0.356641,0][0.277255,-1.0295,-0.128261][0.997478,-0.0567928,-0.0425622][0.341701,0.358311,0][0.255061,-1.0295,-0.292553][0.968975,-0.0614489,-0.239397][0.344186,0.342675,0][0.255061,-1.0295,-0.292553][0.968975,-0.0614489,-0.239397][0.344186,0.342675,0][0.261504,-0.907063,-0.297902][0.967969,-0.0615673,-0.243405][0.330499,0.337555,0][0.284136,-0.907063,-0.130379][0.997403,-0.0568158,-0.0442702][0.327249,0.356641,0][0.276604,-0.907071,0.0288265][0.997352,-0.055234,0.0472988][0.327242,0.374297,0][0.269869,-1.0295,0.0278743][0.997353,-0.0552332,0.047298][0.342106,0.373473,0][0.277255,-1.0295,-0.128261][0.997478,-0.0567928,-0.0425622][0.341701,0.358311,0][0.277255,-1.0295,-0.128261][0.997478,-0.0567928,-0.0425622][0.341701,0.358311,0][0.284136,-0.907063,-0.130379][0.997403,-0.0568158,-0.0442702][0.327249,0.356641,0][0.276604,-0.907071,0.0288265][0.997352,-0.055234,0.0472988][0.327242,0.374297,0][0.276604,-0.907071,0.0288265][0.997352,-0.055234,0.0472988][0.327242,0.374297,0][0.266267,-0.907074,0.246249][0.985119,-0.0593648,0.161298][0.330026,0.398338,0][0.259731,-1.0295,0.241105][0.985875,-0.0592135,0.156665][0.343897,0.393948,0][0.259731,-1.0295,0.241105][0.985875,-0.0592135,0.156665][0.343897,0.393948,0][0.269869,-1.0295,0.0278743][0.997353,-0.0552332,0.047298][0.342106,0.373473,0][0.276604,-0.907071,0.0288265][0.997352,-0.055234,0.0472988][0.327242,0.374297,0][0.205093,-1.0295,0.436697][0.872134,-0.0743972,0.483579][0.349841,0.411726,0][0.259731,-1.0295,0.241105][0.985875,-0.0592135,0.156665][0.343897,0.393948,0][0.266267,-0.907074,0.246249][0.985119,-0.0593648,0.161298][0.330026,0.398338,0][0.266267,-0.907074,0.246249][0.985119,-0.0593648,0.161298][0.330026,0.398338,0][0.210552,-0.907074,0.445685][0.86572,-0.0748774,0.494897][0.339676,0.42096,0][0.205093,-1.0295,0.436697][0.872134,-0.0743972,0.483579][0.349841,0.411726,0][0.144684,-1.0295,0.501143][0.652573,-0.0856901,0.752865][0.355534,0.417534,0][0.205093,-1.0295,0.436697][0.872134,-0.0743972,0.483579][0.349841,0.411726,0][0.210552,-0.907074,0.445685][0.86572,-0.0748774,0.494897][0.339676,0.42096,0][0.210552,-0.907074,0.445685][0.86572,-0.0748774,0.494897][0.339676,0.42096,0][0.148956,-0.906789,0.511398][0.649737,-0.0858021,0.755302][0.347558,0.42888,0][0.144684,-1.0295,0.501143][0.652573,-0.0856901,0.752865][0.355534,0.417534,0][0.0743178,-1.0295,0.549999][0.421304,-0.0925267,0.902187][0.362134,0.421919,0][0.144684,-1.0295,0.501143][0.652573,-0.0856901,0.752865][0.355534,0.417534,0][0.148956,-0.906789,0.511398][0.649737,-0.0858021,0.755302][0.347558,0.42888,0][0.148956,-0.906789,0.511398][0.649737,-0.0858021,0.755302][0.347558,0.42888,0][0.0772085,-0.907074,0.561215][0.41799,-0.092604,0.903719][0.356894,0.434555,0][0.0743178,-1.0295,0.549999][0.421304,-0.0925267,0.902187][0.362134,0.421919,0][-0.0110308,-1.0295,0.572975][0.164306,-0.0950703,0.981817][0.370017,0.424157,0][0.0743178,-1.0295,0.549999][0.421304,-0.0925267,0.902187][0.362134,0.421919,0][0.0772085,-0.907074,0.561215][0.41799,-0.092604,0.903719][0.356894,0.434555,0][0.0772085,-0.907074,0.561215][0.41799,-0.092604,0.903719][0.356894,0.434555,0][-0.0098201,-0.906848,0.584643][0.163593,-0.0950765,0.981936][0.367648,0.437894,0][-0.0110308,-1.0295,0.572975][0.164306,-0.0950703,0.981817][0.370017,0.424157,0][-0.0988036,-1.0295,0.578954][-0.0111207,-0.09581,0.995338][0.378133,0.424805,0][-0.0110308,-1.0295,0.572975][0.164306,-0.0950703,0.981817][0.370017,0.424157,0][-0.0098201,-0.906848,0.584643][0.163593,-0.0950765,0.981936][0.367648,0.437894,0][-0.0098201,-0.906848,0.584643][0.163593,-0.0950765,0.981936][0.367648,0.437894,0][-0.0993174,-0.907074,0.59074][-0.0115018,-0.0957849,0.995336][0.378786,0.438675,0][-0.0988036,-1.0295,0.578954][-0.0111207,-0.09581,0.995338][0.378133,0.424805,0][-0.187303,-1.0295,0.570899][-0.259161,-0.0959354,0.961058][0.386353,0.423992,0][-0.0988036,-1.0295,0.578954][-0.0111207,-0.09581,0.995338][0.378133,0.424805,0][-0.0993174,-0.907074,0.59074][-0.0115018,-0.0957849,0.995336][0.378786,0.438675,0][-0.0993174,-0.907074,0.59074][-0.0115018,-0.0957849,0.995336][0.378786,0.438675,0][-0.189557,-0.906728,0.582526][-0.257742,-0.0957834,0.961455][0.389953,0.436876,0][-0.187303,-1.0295,0.570899][-0.259161,-0.0959354,0.961058][0.386353,0.423992,0][-0.272492,-0.907074,0.544037][-0.538123,-0.0913555,0.837901][0.400496,0.432396,0][-0.268638,-1.0295,0.533152][-0.541411,-0.0913078,0.835785][0.393859,0.420425,0][-0.187303,-1.0295,0.570899][-0.259161,-0.0959354,0.961058][0.386353,0.423992,0][-0.187303,-1.0295,0.570899][-0.259161,-0.0959354,0.961058][0.386353,0.423992,0][-0.189557,-0.906728,0.582526][-0.257742,-0.0957834,0.961455][0.389953,0.436876,0][-0.272492,-0.907074,0.544037][-0.538123,-0.0913555,0.837901][0.400496,0.432396,0][-0.339089,-0.90689,0.486655][-0.717648,-0.085227,0.691171][0.409176,0.42571,0][-0.333952,-1.0295,0.476876][-0.720004,-0.0851234,0.688729][0.399961,0.415298,0][-0.268638,-1.0295,0.533152][-0.541411,-0.0913078,0.835785][0.393859,0.420425,0][-0.268638,-1.0295,0.533152][-0.541411,-0.0913078,0.835785][0.393859,0.420425,0][-0.272492,-0.907074,0.544037][-0.538123,-0.0913555,0.837901][0.400496,0.432396,0][-0.339089,-0.90689,0.486655][-0.717648,-0.085227,0.691171][0.409176,0.42571,0][-0.395138,-0.907074,0.415933][-0.904934,-0.0747035,0.418943][0.416191,0.41705,0][-0.388923,-1.0295,0.407518][-0.910294,-0.074209,0.407256][0.405087,0.409023,0][-0.333952,-1.0295,0.476876][-0.720004,-0.0851234,0.688729][0.399961,0.415298,0][-0.333952,-1.0295,0.476876][-0.720004,-0.0851234,0.688729][0.399961,0.415298,0][-0.339089,-0.90689,0.486655][-0.717648,-0.085227,0.691171][0.409176,0.42571,0][-0.395138,-0.907074,0.415933][-0.904934,-0.0747035,0.418943][0.416191,0.41705,0][-0.433127,-0.907074,0.211892][-0.997983,-0.0555138,-0.0307966][0.423217,0.393525,0][-0.426178,-1.0295,0.207412][-0.997618,-0.0551033,-0.0414967][0.409336,0.390906,0][-0.388923,-1.0295,0.407518][-0.910294,-0.074209,0.407256][0.405087,0.409023,0][-0.388923,-1.0295,0.407518][-0.910294,-0.074209,0.407256][0.405087,0.409023,0][-0.395138,-0.907074,0.415933][-0.904934,-0.0747035,0.418943][0.416191,0.41705,0][-0.433127,-0.907074,0.211892][-0.997983,-0.0555138,-0.0307966][0.423217,0.393525,0][-0.426178,-1.0295,0.207412][-0.997618,-0.0551033,-0.0414967][0.409336,0.390906,0][-0.433127,-0.907074,0.211892][-0.997983,-0.0555138,-0.0307966][0.423217,0.393525,0][-0.376725,-0.907074,-0.00326681][-0.998852,-0.0478201,-0.00272702][0.4216,0.369648,0][-0.376725,-0.907074,-0.00326681][-0.998852,-0.0478201,-0.00272702][0.4216,0.369648,0][-0.370863,-1.0295,-0.00359851][-0.998854,-0.0478221,-0.00183169][0.406095,0.370055,0][-0.426178,-1.0295,0.207412][-0.997618,-0.0551033,-0.0414967][0.409336,0.390906,0][-0.411642,-1.0295,-0.162099][-0.997907,-0.0534976,0.0363161][0.408118,0.354142,0][-0.370863,-1.0295,-0.00359851][-0.998854,-0.0478221,-0.00183169][0.406095,0.370055,0][-0.376725,-0.907074,-0.00326681][-0.998852,-0.0478201,-0.00272702][0.4216,0.369648,0][-0.376725,-0.907074,-0.00326681][-0.998852,-0.0478201,-0.00272702][0.4216,0.369648,0][-0.418307,-0.907069,-0.164883][-0.998121,-0.0536655,0.02956][0.422069,0.351821,0][-0.411642,-1.0295,-0.162099][-0.997907,-0.0534976,0.0363161][0.408118,0.354142,0][-0.372948,-1.0295,-0.367825][-0.942581,-0.0637431,-0.327837][0.403693,0.335056,0][-0.411642,-1.0295,-0.162099][-0.997907,-0.0534976,0.0363161][0.408118,0.354142,0][-0.418307,-0.907069,-0.164883][-0.998121,-0.0536655,0.02956][0.422069,0.351821,0][-0.418307,-0.907069,-0.164883][-0.998121,-0.0536655,0.02956][0.422069,0.351821,0][-0.378853,-0.907067,-0.374653][-0.940228,-0.0639982,-0.334477][0.416354,0.328247,0][-0.372948,-1.0295,-0.367825][-0.942581,-0.0637431,-0.327837][0.403693,0.335056,0][-0.30254,-1.0295,-0.499621][-0.813768,-0.0743854,-0.57641][0.39663,0.323128,0][-0.372948,-1.0295,-0.367825][-0.942581,-0.0637431,-0.327837][0.403693,0.335056,0][-0.378853,-0.907067,-0.374653][-0.940228,-0.0639982,-0.334477][0.416354,0.328247,0][-0.378853,-0.907067,-0.374653][-0.940228,-0.0639982,-0.334477][0.416354,0.328247,0][-0.307059,-0.907066,-0.50904][-0.809855,-0.0746559,-0.581861][0.406254,0.312727,0][-0.30254,-1.0295,-0.499621][-0.813768,-0.0743854,-0.57641][0.39663,0.323128,0][-0.219341,-1.0295,-0.589159][-0.538345,-0.089191,-0.837991][0.388596,0.315464,0][-0.30254,-1.0295,-0.499621][-0.813768,-0.0743854,-0.57641][0.39663,0.323128,0][-0.307059,-0.907066,-0.50904][-0.809855,-0.0746559,-0.581861][0.406254,0.312727,0][-0.307059,-0.907066,-0.50904][-0.809855,-0.0746559,-0.581861][0.406254,0.312727,0][-0.222224,-0.907071,-0.600338][-0.530481,-0.0894574,-0.842963][0.393747,0.303119,0][-0.219341,-1.0295,-0.589159][-0.538345,-0.089191,-0.837991][0.388596,0.315464,0][-0.1352,-1.0295,-0.616153][-0.175525,-0.0954729,-0.979835][0.380879,0.313187,0][-0.219341,-1.0295,-0.589159][-0.538345,-0.089191,-0.837991][0.388596,0.315464,0][-0.222224,-0.907071,-0.600338][-0.530481,-0.0894574,-0.842963][0.393747,0.303119,0][-0.222224,-0.907071,-0.600338][-0.530481,-0.0894574,-0.842963][0.393747,0.303119,0][-0.136428,-0.907072,-0.627862][-0.17438,-0.0954841,-0.980038][0.382935,0.299742,0][-0.1352,-1.0295,-0.616153][-0.175525,-0.0954729,-0.979835][0.380879,0.313187,0][-0.0461413,-1.0295,-0.619975][0.127863,-0.095573,-0.987176][0.372722,0.312838,0][-0.1352,-1.0295,-0.616153][-0.175525,-0.0954729,-0.979835][0.380879,0.313187,0][-0.136428,-0.907072,-0.627862][-0.17438,-0.0954841,-0.980038][0.382935,0.299742,0][-0.136428,-0.907072,-0.627862][-0.17438,-0.0954841,-0.980038][0.382935,0.299742,0][-0.0456176,-0.907072,-0.631761][0.126152,-0.0955924,-0.987394][0.371504,0.29959,0][-0.0461413,-1.0295,-0.619975][0.127863,-0.095573,-0.987176][0.372722,0.312838,0][0.036386,-1.0295,-0.59456][-0.0274086,-0.997569,0.0640696][0.365135,0.315118,0][0.0232595,-1.02475,-0.526209][-0.016138,-0.999282,0.034265][0.365681,0.317822,0][-0.0494406,-1.02475,-0.548599][-0.00509845,-0.999317,0.0365946][0.372887,0.315635,0][-0.0494406,-1.02475,-0.548599][-0.00509845,-0.999317,0.0365946][0.372887,0.315635,0][-0.0461413,-1.0295,-0.619975][-0.00798343,-0.997785,0.0660393][0.372722,0.312838,0][0.036386,-1.0295,-0.59456][-0.0274086,-0.997569,0.0640696][0.365135,0.315118,0][0.122323,-1.0295,-0.542858][-0.0478445,-0.997158,0.0581963][0.357194,0.319705,0][0.0989652,-1.02475,-0.480665][-0.0304335,-0.999053,0.0310946][0.358049,0.3222,0][0.0232595,-1.02475,-0.526209][-0.016138,-0.999282,0.034265][0.365681,0.317822,0][0.0232595,-1.02475,-0.526209][-0.016138,-0.999282,0.034265][0.365681,0.317822,0][0.036386,-1.0295,-0.59456][-0.0274086,-0.997569,0.0640696][0.365135,0.315118,0][0.122323,-1.0295,-0.542858][-0.0478445,-0.997158,0.0581963][0.357194,0.319705,0][0.19845,-1.0295,-0.44559][-0.0744604,-0.996172,0.0458002][0.349855,0.328473,0][0.166026,-1.02475,-0.394978][-0.0455628,-0.998715,0.0221922][0.351151,0.330466,0][0.0989652,-1.02475,-0.480665][-0.0304335,-0.999053,0.0310946][0.358049,0.3222,0][0.0989652,-1.02475,-0.480665][-0.0304335,-0.999053,0.0310946][0.358049,0.3222,0][0.122323,-1.0295,-0.542858][-0.0478445,-0.997158,0.0581963][0.357194,0.319705,0][0.19845,-1.0295,-0.44559][-0.0744604,-0.996172,0.0458002][0.349855,0.328473,0][0.255061,-1.0295,-0.292553][-0.0980095,-0.994808,0.027395][0.344186,0.342675,0][0.215897,-1.02475,-0.260163][-0.0549401,-0.998421,0.0116968][0.345697,0.343947,0][0.166026,-1.02475,-0.394978][-0.0455628,-0.998715,0.0221922][0.351151,0.330466,0][0.166026,-1.02475,-0.394978][-0.0455628,-0.998715,0.0221922][0.351151,0.330466,0][0.19845,-1.0295,-0.44559][-0.0744604,-0.996172,0.0458002][0.349855,0.328473,0][0.255061,-1.0295,-0.292553][-0.0980095,-0.994808,0.027395][0.344186,0.342675,0][0.277255,-1.0295,-0.128261][-0.110985,-0.993802,0.00632947][0.341701,0.358311,0][0.235449,-1.02475,-0.115432][-0.0593015,-0.998239,0.00163658][0.343341,0.358831,0][0.215897,-1.02475,-0.260163][-0.0549401,-0.998421,0.0116968][0.345697,0.343947,0][0.215897,-1.02475,-0.260163][-0.0549401,-0.998421,0.0116968][0.345697,0.343947,0][0.255061,-1.0295,-0.292553][-0.0980095,-0.994808,0.027395][0.344186,0.342675,0][0.277255,-1.0295,-0.128261][-0.110985,-0.993802,0.00632947][0.341701,0.358311,0][0.269869,-1.0295,0.0278743][-0.114544,-0.993403,-0.00543313][0.342106,0.373473,0][0.228943,-1.02475,0.0221133][-0.0573721,-0.998349,-0.00272043][0.343734,0.37326,0][0.235449,-1.02475,-0.115432][-0.0593015,-0.998239,0.00163658][0.343341,0.358831,0][0.235449,-1.02475,-0.115432][-0.0593015,-0.998239,0.00163658][0.343341,0.358831,0][0.277255,-1.0295,-0.128261][-0.110985,-0.993802,0.00632947][0.341701,0.358311,0][0.269869,-1.0295,0.0278743][-0.114544,-0.993403,-0.00543313][0.342106,0.373473,0][0.269869,-1.0295,0.0278743][-0.114544,-0.993403,-0.00543313][0.342106,0.373473,0][0.259731,-1.0295,0.241105][-0.103161,-0.994461,-0.0201151][0.343897,0.393948,0][0.220011,-1.02475,0.209954][-0.0582664,-0.998276,-0.00702642][0.345365,0.392587,0][0.220011,-1.02475,0.209954][-0.0582664,-0.998276,-0.00702642][0.345365,0.392587,0][0.228943,-1.02475,0.0221133][-0.0573721,-0.998349,-0.00272043][0.343734,0.37326,0][0.269869,-1.0295,0.0278743][-0.114544,-0.993403,-0.00543313][0.342106,0.373473,0][0.171879,-1.02475,0.382258][-0.0477365,-0.998639,-0.0210102][0.351039,0.409544,0][0.220011,-1.02475,0.209954][-0.0582664,-0.998276,-0.00702642][0.345365,0.392587,0][0.259731,-1.0295,0.241105][-0.103161,-0.994461,-0.0201151][0.343897,0.393948,0][0.259731,-1.0295,0.241105][-0.103161,-0.994461,-0.0201151][0.343897,0.393948,0][0.205093,-1.0295,0.436697][-0.069027,-0.996606,-0.0448521][0.349841,0.411726,0][0.171879,-1.02475,0.382258][-0.0477365,-0.998639,-0.0210102][0.351039,0.409544,0][0.118662,-1.02475,0.439031][-0.0267229,-0.999207,-0.0295228][0.356647,0.415091,0][0.171879,-1.02475,0.382258][-0.0477365,-0.998639,-0.0210102][0.351039,0.409544,0][0.205093,-1.0295,0.436697][-0.069027,-0.996606,-0.0448521][0.349841,0.411726,0][0.205093,-1.0295,0.436697][-0.069027,-0.996606,-0.0448521][0.349841,0.411726,0][0.144684,-1.0295,0.501143][-0.0469962,-0.997291,-0.0565858][0.355534,0.417534,0][0.118662,-1.02475,0.439031][-0.0267229,-0.999207,-0.0295228][0.356647,0.415091,0][0.056674,-1.02475,0.482069][-0.0169326,-0.999267,-0.0343208][0.362892,0.419263,0][0.118662,-1.02475,0.439031][-0.0267229,-0.999207,-0.0295228][0.356647,0.415091,0][0.144684,-1.0295,0.501143][-0.0469962,-0.997291,-0.0565858][0.355534,0.417534,0][0.144684,-1.0295,0.501143][-0.0469962,-0.997291,-0.0565858][0.355534,0.417534,0][0.0743178,-1.0295,0.549999][-0.0277816,-0.997655,-0.0625521][0.362134,0.421919,0][0.056674,-1.02475,0.482069][-0.0169326,-0.999267,-0.0343208][0.362892,0.419263,0][-0.0185119,-1.02475,0.50231][-0.00599309,-0.999369,-0.0350015][0.370366,0.42132,0][0.056674,-1.02475,0.482069][-0.0169326,-0.999267,-0.0343208][0.362892,0.419263,0][0.0743178,-1.0295,0.549999][-0.0277816,-0.997655,-0.0625521][0.362134,0.421919,0][0.0743178,-1.0295,0.549999][-0.0277816,-0.997655,-0.0625521][0.362134,0.421919,0][-0.0110308,-1.0295,0.572975][-0.0107818,-0.997766,-0.0659335][0.370017,0.424157,0][-0.0185119,-1.02475,0.50231][-0.00599309,-0.999369,-0.0350015][0.370366,0.42132,0][-0.0958349,-1.02475,0.507577][0.000339426,-0.999391,-0.0348852][0.378032,0.421934,0][-0.0185119,-1.02475,0.50231][-0.00599309,-0.999369,-0.0350015][0.370366,0.42132,0][-0.0110308,-1.0295,0.572975][-0.0107818,-0.997766,-0.0659335][0.370017,0.424157,0][-0.0110308,-1.0295,0.572975][-0.0107818,-0.997766,-0.0659335][0.370017,0.424157,0][-0.0988036,-1.0295,0.578954][0.000849111,-0.997795,-0.0663727][0.378133,0.424805,0][-0.0958349,-1.02475,0.507577][0.000339426,-0.999391,-0.0348852][0.378032,0.421934,0][-0.173794,-1.02475,0.500481][0.00989295,-0.999322,-0.0354569][0.385732,0.421191,0][-0.0958349,-1.02475,0.507577][0.000339426,-0.999391,-0.0348852][0.378032,0.421934,0][-0.0988036,-1.0295,0.578954][0.000849111,-0.997795,-0.0663727][0.378133,0.424805,0][-0.0988036,-1.0295,0.578954][0.000849111,-0.997795,-0.0663727][0.378133,0.424805,0][-0.187303,-1.0295,0.570899][0.0167623,-0.997803,-0.064098][0.386353,0.423992,0][-0.173794,-1.02475,0.500481][0.00989295,-0.999322,-0.0354569][0.385732,0.421191,0][-0.268638,-1.0295,0.533152][0.0365642,-0.997587,-0.0590234][0.393859,0.420425,0][-0.245447,-1.02475,0.467228][0.0214418,-0.999271,-0.0315833][0.392825,0.417831,0][-0.173794,-1.02475,0.500481][0.00989295,-0.999322,-0.0354569][0.385732,0.421191,0][-0.173794,-1.02475,0.500481][0.00989295,-0.999322,-0.0354569][0.385732,0.421191,0][-0.187303,-1.0295,0.570899][0.0167623,-0.997803,-0.064098][0.386353,0.423992,0][-0.268638,-1.0295,0.533152][0.0365642,-0.997587,-0.0590234][0.393859,0.420425,0][-0.333952,-1.0295,0.476876][0.0527045,-0.997233,-0.0524309][0.399961,0.415298,0][-0.302983,-1.02475,0.417653][0.0294125,-0.999201,-0.0270494][0.398592,0.412987,0][-0.245447,-1.02475,0.467228][0.0214418,-0.999271,-0.0315833][0.392825,0.417831,0][-0.245447,-1.02475,0.467228][0.0214418,-0.999271,-0.0315833][0.392825,0.417831,0][-0.268638,-1.0295,0.533152][0.0365642,-0.997587,-0.0590234][0.393859,0.420425,0][-0.333952,-1.0295,0.476876][0.0527045,-0.997233,-0.0524309][0.399961,0.415298,0][-0.388923,-1.0295,0.407518][0.0730941,-0.996559,-0.039086][0.405087,0.409023,0][-0.351408,-1.02475,0.356553][0.0498322,-0.998614,-0.0169482][0.403674,0.406996,0][-0.302983,-1.02475,0.417653][0.0294125,-0.999201,-0.0270494][0.398592,0.412987,0][-0.302983,-1.02475,0.417653][0.0294125,-0.999201,-0.0270494][0.398592,0.412987,0][-0.333952,-1.0295,0.476876][0.0527045,-0.997233,-0.0524309][0.399961,0.415298,0][-0.388923,-1.0295,0.407518][0.0730941,-0.996559,-0.039086][0.405087,0.409023,0][-0.426178,-1.0295,0.207412][0.110089,-0.993914,-0.00380907][0.409336,0.390906,0][-0.384229,-1.02475,0.180274][0.0706135,-0.997454,0.0100051][0.407816,0.389707,0][-0.351408,-1.02475,0.356553][0.0498322,-0.998614,-0.0169482][0.403674,0.406996,0][-0.351408,-1.02475,0.356553][0.0498322,-0.998614,-0.0169482][0.403674,0.406996,0][-0.388923,-1.0295,0.407518][0.0730941,-0.996559,-0.039086][0.405087,0.409023,0][-0.426178,-1.0295,0.207412][0.110089,-0.993914,-0.00380907][0.409336,0.390906,0][-0.384229,-1.02475,0.180274][0.0706135,-0.997454,0.0100051][0.407816,0.389707,0][-0.426178,-1.0295,0.207412][0.110089,-0.993914,-0.00380907][0.409336,0.390906,0][-0.370863,-1.0295,-0.00359851][0.133243,-0.991081,0.00193868][0.406095,0.370055,0][-0.370863,-1.0295,-0.00359851][0.133243,-0.991081,0.00193868][0.406095,0.370055,0][-0.335499,-1.02475,-0.00561345][0.0559411,-0.998434,-0.000299269][0.404649,0.369947,0][-0.384229,-1.02475,0.180274][0.0706135,-0.997454,0.0100051][0.407816,0.389707,0][-0.371423,-1.02475,-0.145242][0.0699968,-0.997519,-0.00748381][0.406602,0.354949,0][-0.335499,-1.02475,-0.00561345][0.0559411,-0.998434,-0.000299269][0.404649,0.369947,0][-0.370863,-1.0295,-0.00359851][0.133243,-0.991081,0.00193868][0.406095,0.370055,0][-0.370863,-1.0295,-0.00359851][0.133243,-0.991081,0.00193868][0.406095,0.370055,0][-0.411642,-1.0295,-0.162099][0.11651,-0.993188,0.00191095][0.408118,0.354142,0][-0.371423,-1.02475,-0.145242][0.0699968,-0.997519,-0.00748381][0.406602,0.354949,0][-0.337337,-1.02475,-0.326472][0.0546072,-0.998384,0.0157123][0.402274,0.336704,0][-0.371423,-1.02475,-0.145242][0.0699968,-0.997519,-0.00748381][0.406602,0.354949,0][-0.411642,-1.0295,-0.162099][0.11651,-0.993188,0.00191095][0.408118,0.354142,0][-0.411642,-1.0295,-0.162099][0.11651,-0.993188,0.00191095][0.408118,0.354142,0][-0.372948,-1.0295,-0.367825][0.0904916,-0.995232,0.0364006][0.403693,0.335056,0][-0.337337,-1.02475,-0.326472][0.0546072,-0.998384,0.0157123][0.402274,0.336704,0][-0.275311,-1.02475,-0.442576][0.0400188,-0.998865,0.0258184][0.395632,0.325417,0][-0.337337,-1.02475,-0.326472][0.0546072,-0.998384,0.0157123][0.402274,0.336704,0][-0.372948,-1.0295,-0.367825][0.0904916,-0.995232,0.0364006][0.403693,0.335056,0][-0.372948,-1.0295,-0.367825][0.0904916,-0.995232,0.0364006][0.403693,0.335056,0][-0.30254,-1.0295,-0.499621][0.0664837,-0.996471,0.0512479][0.39663,0.323128,0][-0.275311,-1.02475,-0.442576][0.0400188,-0.998865,0.0258184][0.395632,0.325417,0][-0.202018,-1.02475,-0.521451][0.025123,-0.999097,0.0342738][0.388019,0.318127,0][-0.275311,-1.02475,-0.442576][0.0400188,-0.998865,0.0258184][0.395632,0.325417,0][-0.30254,-1.0295,-0.499621][0.0664837,-0.996471,0.0512479][0.39663,0.323128,0][-0.30254,-1.0295,-0.499621][0.0664837,-0.996471,0.0512479][0.39663,0.323128,0][-0.219341,-1.0295,-0.589159][0.03531,-0.997516,0.0609529][0.388596,0.315464,0][-0.202018,-1.02475,-0.521451][0.025123,-0.999097,0.0342738][0.388019,0.318127,0][-0.127896,-1.02475,-0.545232][0.00661861,-0.999344,0.0355974][0.380579,0.31596,0][-0.202018,-1.02475,-0.521451][0.025123,-0.999097,0.0342738][0.388019,0.318127,0][-0.219341,-1.0295,-0.589159][0.03531,-0.997516,0.0609529][0.388596,0.315464,0][-0.219341,-1.0295,-0.589159][0.03531,-0.997516,0.0609529][0.388596,0.315464,0][-0.1352,-1.0295,-0.616153][0.0113449,-0.997777,0.0656653][0.380879,0.313187,0][-0.127896,-1.02475,-0.545232][0.00661861,-0.999344,0.0355974][0.380579,0.31596,0][-0.0494406,-1.02475,-0.548599][-0.00509845,-0.999317,0.0365946][0.372887,0.315635,0][-0.127896,-1.02475,-0.545232][0.00661861,-0.999344,0.0355974][0.380579,0.31596,0][-0.1352,-1.0295,-0.616153][0.0113449,-0.997777,0.0656653][0.380879,0.313187,0][-0.1352,-1.0295,-0.616153][0.0113449,-0.997777,0.0656653][0.380879,0.313187,0][-0.0461413,-1.0295,-0.619975][-0.00798343,-0.997785,0.0660393][0.372722,0.312838,0][-0.0494406,-1.02475,-0.548599][-0.00509845,-0.999317,0.0365946][0.372887,0.315635,0][0.244065,-0.503397,0.242999][0.941653,0.317739,0.111045][0.952558,0.078158,0][0.235194,-0.503537,-0.024122][0.895294,0.33281,-0.296119][0.93054,0.078138,0][0.219531,-0.481181,-0.0143823][0.57224,0.801967,-0.171439][0.93133,0.08139,0][0.219531,-0.481181,-0.0143823][0.57224,0.801967,-0.171439][0.93133,0.08139,0][0.227592,-0.481066,0.23776][0.596254,0.800195,0.0645731][0.952952,0.081406,0][0.244065,-0.503397,0.242999][0.941653,0.317739,0.111045][0.952558,0.078158,0][0.178031,-0.481418,0.425133][0.516307,0.815091,0.26278][0.96464,0.081355,0][0.19056,-0.503369,0.440907][0.818147,0.361953,0.446795][0.964531,0.078162,0][0.244065,-0.503397,0.242999][0.941653,0.317739,0.111045][0.952558,0.078158,0][0.244065,-0.503397,0.242999][0.941653,0.317739,0.111045][0.952558,0.078158,0][0.227592,-0.481066,0.23776][0.596254,0.800195,0.0645731][0.952952,0.081406,0][0.178031,-0.481418,0.425133][0.516307,0.815091,0.26278][0.96464,0.081355,0][0.123453,-0.481562,0.486007][0.35355,0.845979,0.399151][0.969366,0.081334,0][0.132806,-0.502856,0.504455][0.597503,0.416709,0.685086][0.969319,0.078237,0][0.19056,-0.503369,0.440907][0.818147,0.361953,0.446795][0.964531,0.078162,0][0.19056,-0.503369,0.440907][0.818147,0.361953,0.446795][0.964531,0.078162,0][0.178031,-0.481418,0.425133][0.516307,0.815091,0.26278][0.96464,0.081355,0][0.123453,-0.481562,0.486007][0.35355,0.845979,0.399151][0.969366,0.081334,0][0.132806,-0.502856,0.504455][0.597503,0.416709,0.685086][0.969319,0.078237,0][0.123453,-0.481562,0.486007][0.35355,0.845979,0.399151][0.969366,0.081334,0][0.0581324,-0.481568,0.530273][0.223709,0.853576,0.470492][0.973857,0.081333,0][0.0581324,-0.481568,0.530273][0.223709,0.853576,0.470492][0.973857,0.081333,0][0.0649357,-0.502754,0.550392][0.383707,0.440872,0.811419][0.973809,0.078252,0][0.132806,-0.502856,0.504455][0.597503,0.416709,0.685086][0.969319,0.078237,0][-0.0210988,-0.481519,0.553061][0.0876257,0.860353,0.502111][0.978565,0.08134,0][-0.0176185,-0.502677,0.574319][0.153129,0.454237,0.877622][0.978531,0.078263,0][0.0649357,-0.502754,0.550392][0.383707,0.440872,0.811419][0.973809,0.078252,0][0.0649357,-0.502754,0.550392][0.383707,0.440872,0.811419][0.973809,0.078252,0][0.0581324,-0.481568,0.530273][0.223709,0.853576,0.470492][0.973857,0.081333,0][-0.0210988,-0.481519,0.553061][0.0876257,0.860353,0.502111][0.978565,0.08134,0][-0.103273,-0.481506,0.558177][-0.00667836,0.863659,0.504032][0.983251,0.081342,0][-0.104222,-0.502629,0.579831][-0.0134469,0.456655,0.889542][0.983283,0.07827,0][-0.0176185,-0.502677,0.574319][0.153129,0.454237,0.877622][0.978531,0.078263,0][-0.0176185,-0.502677,0.574319][0.153129,0.454237,0.877622][0.978531,0.078263,0][-0.0210988,-0.481519,0.553061][0.0876257,0.860353,0.502111][0.978565,0.08134,0][-0.103273,-0.481506,0.558177][-0.00667836,0.863659,0.504032][0.983251,0.081342,0][-0.269006,-0.502653,0.531618][-0.492344,0.447607,0.746489][0.797524,0.078266,0][-0.190866,-0.502658,0.571836][-0.246911,0.452904,0.856687][0.792756,0.078266,0][-0.18533,-0.481556,0.550788][-0.144725,0.857208,0.494215][0.792649,0.081335,0][-0.18533,-0.481556,0.550788][-0.144725,0.857208,0.494215][0.792649,0.081335,0][-0.260412,-0.481574,0.512224][-0.285506,0.855975,0.431037][0.797409,0.081333,0][-0.269006,-0.502653,0.531618][-0.492344,0.447607,0.746489][0.797524,0.078266,0][-0.260412,-0.481574,0.512224][-0.285506,0.855975,0.431037][0.797409,0.081333,0][-0.321005,-0.481569,0.462663][-0.382522,0.847122,0.368865][0.801926,0.081333,0][-0.331977,-0.502784,0.480172][-0.647829,0.423672,0.633103][0.80204,0.078247,0][-0.331977,-0.502784,0.480172][-0.647829,0.423672,0.633103][0.80204,0.078247,0][-0.269006,-0.502653,0.531618][-0.492344,0.447607,0.746489][0.797524,0.078266,0][-0.260412,-0.481574,0.512224][-0.285506,0.855975,0.431037][0.797409,0.081333,0][-0.104222,-0.502629,0.579831][-0.0134469,0.456655,0.889542][0.787993,0.07827,0][-0.103273,-0.481506,0.558177][-0.00667836,0.863659,0.504032][0.787962,0.081342,0][-0.18533,-0.481556,0.550788][-0.144725,0.857208,0.494215][0.792649,0.081335,0][-0.18533,-0.481556,0.550788][-0.144725,0.857208,0.494215][0.792649,0.081335,0][-0.190866,-0.502658,0.571836][-0.246911,0.452904,0.856687][0.792756,0.078266,0][-0.104222,-0.502629,0.579831][-0.0134469,0.456655,0.889542][0.787993,0.07827,0][-0.384577,-0.503263,0.413495][-0.847119,0.372304,0.379182][0.806891,0.078178,0][-0.331977,-0.502784,0.480172][-0.647829,0.423672,0.633103][0.80204,0.078247,0][-0.321005,-0.481569,0.462663][-0.382522,0.847122,0.368865][0.801926,0.081333,0][-0.321005,-0.481569,0.462663][-0.382522,0.847122,0.368865][0.801926,0.081333,0][-0.370454,-0.481436,0.399161][-0.532935,0.816955,0.220376][0.806692,0.081352,0][-0.384577,-0.503263,0.413495][-0.847119,0.372304,0.379182][0.806891,0.078178,0][-0.370454,-0.481436,0.399161][-0.532935,0.816955,0.220376][0.806692,0.081352,0][-0.403379,-0.481042,0.206752][-0.60656,0.794769,-0.0206478][0.818764,0.08141,0][-0.420473,-0.503456,0.211189][-0.947576,0.319001,-0.0183712][0.8192,0.078149,0][-0.420473,-0.503456,0.211189][-0.947576,0.319001,-0.0183712][0.8192,0.078149,0][-0.384577,-0.503263,0.413495][-0.847119,0.372304,0.379182][0.806891,0.078178,0][-0.370454,-0.481436,0.399161][-0.532935,0.816955,0.220376][0.806692,0.081352,0][-0.349364,-0.480983,-0.0419737][-0.557666,0.79797,-0.228588][0.842678,0.081418,0][-0.363188,-0.503504,-0.0534693][-0.871236,0.316905,-0.37486][0.843622,0.078142,0][-0.420473,-0.503456,0.211189][-0.947576,0.319001,-0.0183712][0.8192,0.078149,0][-0.420473,-0.503456,0.211189][-0.947576,0.319001,-0.0183712][0.8192,0.078149,0][-0.403379,-0.481042,0.206752][-0.60656,0.794769,-0.0206478][0.818764,0.08141,0][-0.349364,-0.480983,-0.0419737][-0.557666,0.79797,-0.228588][0.842678,0.081418,0][-0.288341,-0.481151,-0.133759][-0.431918,0.820617,-0.374211][0.856208,0.081394,0][-0.297652,-0.503303,-0.151049][-0.698635,0.353689,-0.621943][0.857195,0.078172,0][-0.363188,-0.503504,-0.0534693][-0.871236,0.316905,-0.37486][0.843622,0.078142,0][-0.363188,-0.503504,-0.0534693][-0.871236,0.316905,-0.37486][0.843622,0.078142,0][-0.349364,-0.480983,-0.0419737][-0.557666,0.79797,-0.228588][0.842678,0.081418,0][-0.288341,-0.481151,-0.133759][-0.431918,0.820617,-0.374211][0.856208,0.081394,0][-0.297652,-0.503303,-0.151049][-0.698635,0.353689,-0.621943][0.857195,0.078172,0][-0.288341,-0.481151,-0.133759][-0.431918,0.820617,-0.374211][0.856208,0.081394,0][-0.225008,-0.48125,-0.188344][-0.285532,0.836319,-0.46802][0.867041,0.081379,0][-0.225008,-0.48125,-0.188344][-0.285532,0.836319,-0.46802][0.867041,0.081379,0][-0.231033,-0.503062,-0.207986][-0.467112,0.392796,-0.79216][0.867729,0.078207,0][-0.297652,-0.503303,-0.151049][-0.698635,0.353689,-0.621943][0.857195,0.078172,0][-0.149779,-0.481322,-0.216986][-0.153116,0.852487,-0.49982][0.87763,0.081369,0][-0.151392,-0.502885,-0.238109][-0.264353,0.419181,-0.868565][0.878048,0.078232,0][-0.231033,-0.503062,-0.207986][-0.467112,0.392796,-0.79216][0.867729,0.078207,0][-0.231033,-0.503062,-0.207986][-0.467112,0.392796,-0.79216][0.867729,0.078207,0][-0.225008,-0.48125,-0.188344][-0.285532,0.836319,-0.46802][0.867041,0.081379,0][-0.149779,-0.481322,-0.216986][-0.153116,0.852487,-0.49982][0.87763,0.081369,0][-0.0677896,-0.48133,-0.235681][0.026064,0.846669,-0.531481][0.888352,0.081368,0][-0.0672944,-0.50288,-0.257221][0.0426472,0.426968,-0.903261][0.888148,0.078233,0][-0.151392,-0.502885,-0.238109][-0.264353,0.419181,-0.868565][0.878048,0.078232,0][-0.151392,-0.502885,-0.238109][-0.264353,0.419181,-0.868565][0.878048,0.078232,0][-0.149779,-0.481322,-0.216986][-0.153116,0.852487,-0.49982][0.87763,0.081369,0][-0.0677896,-0.48133,-0.235681][0.026064,0.846669,-0.531481][0.888352,0.081368,0][-0.0677896,-0.48133,-0.235681][0.026064,0.846669,-0.531481][0.888352,0.081368,0][0.00578356,-0.481303,-0.211526][0.199768,0.850181,-0.487119][0.898142,0.081372,0][0.00855207,-0.502976,-0.23248][0.345558,0.407331,-0.845382][0.897434,0.078219,0][0.00855207,-0.502976,-0.23248][0.345558,0.407331,-0.845382][0.897434,0.078219,0][-0.0672944,-0.50288,-0.257221][0.0426472,0.426968,-0.903261][0.888148,0.078233,0][-0.0677896,-0.48133,-0.235681][0.026064,0.846669,-0.531481][0.888352,0.081368,0][0.00578356,-0.481303,-0.211526][0.199768,0.850181,-0.487119][0.898142,0.081372,0][0.0846445,-0.481249,-0.173127][0.308309,0.837264,-0.451591][0.908964,0.08138,0][0.0922609,-0.50314,-0.191815][0.514656,0.382367,-0.767414][0.908117,0.078195,0][0.0922609,-0.50314,-0.191815][0.514656,0.382367,-0.767414][0.908117,0.078195,0][0.00855207,-0.502976,-0.23248][0.345558,0.407331,-0.845382][0.897434,0.078219,0][0.00578356,-0.481303,-0.211526][0.199768,0.850181,-0.487119][0.898142,0.081372,0][0.0846445,-0.481249,-0.173127][0.308309,0.837264,-0.451591][0.908964,0.08138,0][0.1574,-0.481255,-0.108161][0.426535,0.827245,-0.365696][0.92008,0.081379,0][0.169469,-0.503295,-0.122839][0.705788,0.357179,-0.611789][0.919233,0.078173,0][0.169469,-0.503295,-0.122839][0.705788,0.357179,-0.611789][0.919233,0.078173,0][0.0922609,-0.50314,-0.191815][0.514656,0.382367,-0.767414][0.908117,0.078195,0][0.0846445,-0.481249,-0.173127][0.308309,0.837264,-0.451591][0.908964,0.08138,0][0.1574,-0.481255,-0.108161][0.426535,0.827245,-0.365696][0.92008,0.081379,0][0.219531,-0.481181,-0.0143823][0.57224,0.801967,-0.171439][0.93133,0.08139,0][0.235194,-0.503537,-0.024122][0.895294,0.33281,-0.296119][0.93054,0.078138,0][0.235194,-0.503537,-0.024122][0.895294,0.33281,-0.296119][0.93054,0.078138,0][0.169469,-0.503295,-0.122839][0.705788,0.357179,-0.611789][0.919233,0.078173,0][0.1574,-0.481255,-0.108161][0.426535,0.827245,-0.365696][0.92008,0.081379,0][0.19056,-0.503369,0.440907][0.818147,0.361953,0.446795][0.964531,0.078162,0][0.190061,-0.677085,0.468056][0.8718,0.0775311,0.483687][0.965422,0.052892,0][0.243332,-0.67682,0.263961][0.990097,0.0152689,0.139554][0.953865,0.052931,0][0.243332,-0.67682,0.263961][0.990097,0.0152689,0.139554][0.953865,0.052931,0][0.244065,-0.503397,0.242999][0.941653,0.317739,0.111045][0.952558,0.078158,0][0.19056,-0.503369,0.440907][0.818147,0.361953,0.446795][0.964531,0.078162,0][0.0649357,-0.502754,0.550392][0.383707,0.440872,0.811419][0.973809,0.078252,0][0.0665678,-0.674738,0.580261][0.419367,0.156417,0.89424][0.974171,0.053233,0][0.133756,-0.675204,0.53268][0.659033,0.128954,0.740977][0.969917,0.053165,0][0.133756,-0.675204,0.53268][0.659033,0.128954,0.740977][0.969917,0.053165,0][0.132806,-0.502856,0.504455][0.597503,0.416709,0.685086][0.969319,0.078237,0][0.0649357,-0.502754,0.550392][0.383707,0.440872,0.811419][0.973809,0.078252,0][-0.0176185,-0.502677,0.574319][0.153129,0.454237,0.877622][0.978531,0.078263,0][-0.0186119,-0.673023,0.603233][0.156642,0.162182,0.974248][0.978785,0.053483,0][0.0665678,-0.674738,0.580261][0.419367,0.156417,0.89424][0.974171,0.053233,0][0.0665678,-0.674738,0.580261][0.419367,0.156417,0.89424][0.974171,0.053233,0][0.0649357,-0.502754,0.550392][0.383707,0.440872,0.811419][0.973809,0.078252,0][-0.0176185,-0.502677,0.574319][0.153129,0.454237,0.877622][0.978531,0.078263,0][-0.273868,-0.674738,0.563539][-0.541113,0.163783,0.824846][0.797225,0.053233,0][-0.19407,-0.672728,0.60181][-0.250807,0.172605,0.952525][0.792654,0.053526,0][-0.190866,-0.502658,0.571836][-0.246911,0.452904,0.856687][0.792756,0.078266,0][-0.190866,-0.502658,0.571836][-0.246911,0.452904,0.856687][0.792756,0.078266,0][-0.269006,-0.502653,0.531618][-0.492344,0.447607,0.746489][0.797524,0.078266,0][-0.273868,-0.674738,0.563539][-0.541113,0.163783,0.824846][0.797225,0.053233,0][-0.389778,-0.677085,0.439574][-0.906402,0.0931474,0.412019][0.806229,0.052892,0][-0.337476,-0.675455,0.508706][-0.716889,0.140613,0.68286][0.80159,0.053129,0][-0.331977,-0.502784,0.480172][-0.647829,0.423672,0.633103][0.80204,0.078247,0][-0.331977,-0.502784,0.480172][-0.647829,0.423672,0.633103][0.80204,0.078247,0][-0.384577,-0.503263,0.413495][-0.847119,0.372304,0.379182][0.806891,0.078178,0][-0.389778,-0.677085,0.439574][-0.906402,0.0931474,0.412019][0.806229,0.052892,0][-0.424929,-0.67682,0.231135][-0.999581,0.0286761,0.00386][0.81805,0.052931,0][-0.389778,-0.677085,0.439574][-0.906402,0.0931474,0.412019][0.806229,0.052892,0][-0.384577,-0.503263,0.413495][-0.847119,0.372304,0.379182][0.806891,0.078178,0][-0.384577,-0.503263,0.413495][-0.847119,0.372304,0.379182][0.806891,0.078178,0][-0.420473,-0.503456,0.211189][-0.947576,0.319001,-0.0183712][0.8192,0.078149,0][-0.424929,-0.67682,0.231135][-0.999581,0.0286761,0.00386][0.81805,0.052931,0][-0.36368,-0.637587,-0.0556547][-0.933167,0.00809047,-0.359351][0.843847,0.058638,0][-0.424929,-0.67682,0.231135][-0.999581,0.0286761,0.00386][0.81805,0.052931,0][-0.420473,-0.503456,0.211189][-0.947576,0.319001,-0.0183712][0.8192,0.078149,0][-0.420473,-0.503456,0.211189][-0.947576,0.319001,-0.0183712][0.8192,0.078149,0][-0.363188,-0.503504,-0.0534693][-0.871236,0.316905,-0.37486][0.843622,0.078142,0][-0.36368,-0.637587,-0.0556547][-0.933167,0.00809047,-0.359351][0.843847,0.058638,0][-0.231265,-0.579112,-0.215858][-0.528921,0.0781489,-0.845066][0.868194,0.067144,0][-0.298299,-0.598824,-0.155665][-0.7718,0.0297937,-0.635167][0.857572,0.064276,0][-0.297652,-0.503303,-0.151049][-0.698635,0.353689,-0.621943][0.857195,0.078172,0][-0.297652,-0.503303,-0.151049][-0.698635,0.353689,-0.621943][0.857195,0.078172,0][-0.231033,-0.503062,-0.207986][-0.467112,0.392796,-0.79216][0.867729,0.078207,0][-0.231265,-0.579112,-0.215858][-0.528921,0.0781489,-0.845066][0.868194,0.067144,0][-0.152221,-0.568604,-0.245061][-0.302441,0.102723,-0.947617][0.878136,0.068673,0][-0.231265,-0.579112,-0.215858][-0.528921,0.0781489,-0.845066][0.868194,0.067144,0][-0.231033,-0.503062,-0.207986][-0.467112,0.392796,-0.79216][0.867729,0.078207,0][-0.231033,-0.503062,-0.207986][-0.467112,0.392796,-0.79216][0.867729,0.078207,0][-0.151392,-0.502885,-0.238109][-0.264353,0.419181,-0.868565][0.878048,0.078232,0][-0.152221,-0.568604,-0.245061][-0.302441,0.102723,-0.947617][0.878136,0.068673,0][-0.0679799,-0.563371,-0.265894][0.0473184,0.123233,-0.991249][0.887976,0.069434,0][-0.152221,-0.568604,-0.245061][-0.302441,0.102723,-0.947617][0.878136,0.068673,0][-0.151392,-0.502885,-0.238109][-0.264353,0.419181,-0.868565][0.878048,0.078232,0][-0.151392,-0.502885,-0.238109][-0.264353,0.419181,-0.868565][0.878048,0.078232,0][-0.0672944,-0.50288,-0.257221][0.0426472,0.426968,-0.903261][0.888148,0.078233,0][-0.0679799,-0.563371,-0.265894][0.0473184,0.123233,-0.991249][0.887976,0.069434,0][0.00855207,-0.502976,-0.23248][0.345558,0.407331,-0.845382][0.897434,0.078219,0][0.00921381,-0.57024,-0.238322][0.392061,0.0831682,-0.916172][0.897244,0.068434,0][-0.0679799,-0.563371,-0.265894][0.0473184,0.123233,-0.991249][0.887976,0.069434,0][-0.0679799,-0.563371,-0.265894][0.0473184,0.123233,-0.991249][0.887976,0.069434,0][-0.0672944,-0.50288,-0.257221][0.0426472,0.426968,-0.903261][0.888148,0.078233,0][0.00855207,-0.502976,-0.23248][0.345558,0.407331,-0.845382][0.897434,0.078219,0][0.0922609,-0.50314,-0.191815][0.514656,0.382367,-0.767414][0.908117,0.078195,0][0.0902163,-0.583371,-0.200066][0.566379,0.0660794,-0.821492][0.907332,0.066524,0][0.00921381,-0.57024,-0.238322][0.392061,0.0831682,-0.916172][0.897244,0.068434,0][0.00921381,-0.57024,-0.238322][0.392061,0.0831682,-0.916172][0.897244,0.068434,0][0.00855207,-0.502976,-0.23248][0.345558,0.407331,-0.845382][0.897434,0.078219,0][0.0922609,-0.50314,-0.191815][0.514656,0.382367,-0.767414][0.908117,0.078195,0][0.169469,-0.503295,-0.122839][0.705788,0.357179,-0.611789][0.919233,0.078173,0][0.170551,-0.607697,-0.128057][0.769547,0.0398438,-0.637346][0.918801,0.062986,0][0.0902163,-0.583371,-0.200066][0.566379,0.0660794,-0.821492][0.907332,0.066524,0][0.0902163,-0.583371,-0.200066][0.566379,0.0660794,-0.821492][0.907332,0.066524,0][0.0922609,-0.50314,-0.191815][0.514656,0.382367,-0.767414][0.908117,0.078195,0][0.169469,-0.503295,-0.122839][0.705788,0.357179,-0.611789][0.919233,0.078173,0][0.244065,-0.503397,0.242999][0.941653,0.317739,0.111045][0.952558,0.078158,0][0.243332,-0.67682,0.263961][0.990097,0.0152689,0.139554][0.953865,0.052931,0][0.240077,-0.643871,-0.0259978][0.963924,0.0285613,-0.26464][0.930416,0.057724,0][0.240077,-0.643871,-0.0259978][0.963924,0.0285613,-0.26464][0.930416,0.057724,0][0.235194,-0.503537,-0.024122][0.895294,0.33281,-0.296119][0.93054,0.078138,0][0.244065,-0.503397,0.242999][0.941653,0.317739,0.111045][0.952558,0.078158,0][0.235194,-0.503537,-0.024122][0.895294,0.33281,-0.296119][0.93054,0.078138,0][0.240077,-0.643871,-0.0259978][0.963924,0.0285613,-0.26464][0.930416,0.057724,0][0.170551,-0.607697,-0.128057][0.769547,0.0398438,-0.637346][0.918801,0.062986,0][0.170551,-0.607697,-0.128057][0.769547,0.0398438,-0.637346][0.918801,0.062986,0][0.169469,-0.503295,-0.122839][0.705788,0.357179,-0.611789][0.919233,0.078173,0][0.235194,-0.503537,-0.024122][0.895294,0.33281,-0.296119][0.93054,0.078138,0][-0.298299,-0.598824,-0.155665][-0.7718,0.0297937,-0.635167][0.857572,0.064276,0][-0.36368,-0.637587,-0.0556547][-0.933167,0.00809047,-0.359351][0.843847,0.058638,0][-0.363188,-0.503504,-0.0534693][-0.871236,0.316905,-0.37486][0.843622,0.078142,0][-0.363188,-0.503504,-0.0534693][-0.871236,0.316905,-0.37486][0.843622,0.078142,0][-0.297652,-0.503303,-0.151049][-0.698635,0.353689,-0.621943][0.857195,0.078172,0][-0.298299,-0.598824,-0.155665][-0.7718,0.0297937,-0.635167][0.857572,0.064276,0][-0.106441,-0.672435,0.607623][-0.0118251,0.166057,0.986045][0.788083,0.053568,0][-0.104222,-0.502629,0.579831][-0.0134469,0.456655,0.889542][0.787993,0.07827,0][-0.190866,-0.502658,0.571836][-0.246911,0.452904,0.856687][0.792756,0.078266,0][-0.190866,-0.502658,0.571836][-0.246911,0.452904,0.856687][0.792756,0.078266,0][-0.19407,-0.672728,0.60181][-0.250807,0.172605,0.952525][0.792654,0.053526,0][-0.106441,-0.672435,0.607623][-0.0118251,0.166057,0.986045][0.788083,0.053568,0][-0.104222,-0.502629,0.579831][-0.0134469,0.456655,0.889542][0.983283,0.07827,0][-0.106441,-0.672435,0.607623][-0.0118251,0.166057,0.986045][0.983373,0.053568,0][-0.0186119,-0.673023,0.603233][0.156642,0.162182,0.974248][0.978785,0.053483,0][-0.0186119,-0.673023,0.603233][0.156642,0.162182,0.974248][0.978785,0.053483,0][-0.0176185,-0.502677,0.574319][0.153129,0.454237,0.877622][0.978531,0.078263,0][-0.104222,-0.502629,0.579831][-0.0134469,0.456655,0.889542][0.983283,0.07827,0][0.190061,-0.677085,0.468056][0.8718,0.0775311,0.483687][0.965422,0.052892,0][0.19056,-0.503369,0.440907][0.818147,0.361953,0.446795][0.964531,0.078162,0][0.132806,-0.502856,0.504455][0.597503,0.416709,0.685086][0.969319,0.078237,0][0.132806,-0.502856,0.504455][0.597503,0.416709,0.685086][0.969319,0.078237,0][0.133756,-0.675204,0.53268][0.659033,0.128954,0.740977][0.969917,0.053165,0][0.190061,-0.677085,0.468056][0.8718,0.0775311,0.483687][0.965422,0.052892,0][-0.337476,-0.675455,0.508706][-0.716889,0.140613,0.68286][0.80159,0.053129,0][-0.273868,-0.674738,0.563539][-0.541113,0.163783,0.824846][0.797225,0.053233,0][-0.269006,-0.502653,0.531618][-0.492344,0.447607,0.746489][0.797524,0.078266,0][-0.269006,-0.502653,0.531618][-0.492344,0.447607,0.746489][0.797524,0.078266,0][-0.331977,-0.502784,0.480172][-0.647829,0.423672,0.633103][0.80204,0.078247,0][-0.337476,-0.675455,0.508706][-0.716889,0.140613,0.68286][0.80159,0.053129,0][0.227592,-0.481066,0.23776][0.596254,0.800195,0.0645731][0.952952,0.081406,0][0.180208,-0.464963,0.226124][0.31448,0.948713,0.0323366][0.954537,0.083749,0][0.137417,-0.464963,0.384376][0.26143,0.956982,0.125853][0.965457,0.083749,0][0.137417,-0.464963,0.384376][0.26143,0.956982,0.125853][0.965457,0.083749,0][0.178031,-0.481418,0.425133][0.516307,0.815091,0.26278][0.96464,0.081355,0][0.227592,-0.481066,0.23776][0.596254,0.800195,0.0645731][0.952952,0.081406,0][0.123453,-0.481562,0.486007][0.35355,0.845979,0.399151][0.969366,0.081334,0][0.0910221,-0.464963,0.435491][0.178987,0.962992,0.20152][0.969933,0.083749,0][0.0358453,-0.464963,0.472857][0.112687,0.965331,0.235454][0.974196,0.083749,0][0.0358453,-0.464963,0.472857][0.112687,0.965331,0.235454][0.974196,0.083749,0][0.0581324,-0.481568,0.530273][0.223709,0.853576,0.470492][0.973857,0.081333,0][0.123453,-0.481562,0.486007][0.35355,0.845979,0.399151][0.969366,0.081334,0][0.0581324,-0.481568,0.530273][0.223709,0.853576,0.470492][0.973857,0.081333,0][0.0358453,-0.464963,0.472857][0.112687,0.965331,0.235454][0.974196,0.083749,0][-0.0310453,-0.464963,0.492251][0.0448748,0.965739,0.255607][0.978677,0.083749,0][-0.0310453,-0.464963,0.492251][0.0448748,0.965739,0.255607][0.978677,0.083749,0][-0.0210988,-0.481519,0.553061][0.0876257,0.860353,0.502111][0.978565,0.08134,0][0.0581324,-0.481568,0.530273][0.223709,0.853576,0.470492][0.973857,0.081333,0][-0.169779,-0.464963,0.490219][-0.0729578,0.966508,0.246047][0.792315,0.083749,0][-0.233169,-0.464963,0.457597][-0.146887,0.964378,0.219999][0.796835,0.083749,0][-0.260412,-0.481574,0.512224][-0.285506,0.855975,0.431037][0.797409,0.081333,0][-0.260412,-0.481574,0.512224][-0.285506,0.855975,0.431037][0.797409,0.081333,0][-0.18533,-0.481556,0.550788][-0.144725,0.857208,0.494215][0.792649,0.081335,0][-0.169779,-0.464963,0.490219][-0.0729578,0.966508,0.246047][0.792315,0.083749,0][-0.284349,-0.464963,0.415754][-0.195305,0.962528,0.188137][0.801115,0.083749,0][-0.326409,-0.464963,0.362374][-0.270498,0.957011,0.104695][0.805621,0.083749,0][-0.370454,-0.481436,0.399161][-0.532935,0.816955,0.220376][0.806692,0.081352,0][-0.370454,-0.481436,0.399161][-0.532935,0.816955,0.220376][0.806692,0.081352,0][-0.321005,-0.481569,0.462663][-0.382522,0.847122,0.368865][0.801926,0.081333,0][-0.284349,-0.464963,0.415754][-0.195305,0.962528,0.188137][0.801115,0.083749,0][-0.326409,-0.464963,0.362374][-0.270498,0.957011,0.104695][0.805621,0.083749,0][-0.355246,-0.464963,0.199822][-0.318551,0.947813,-0.0132588][0.81685,0.083749,0][-0.403379,-0.481042,0.206752][-0.60656,0.794769,-0.0206478][0.818764,0.08141,0][-0.403379,-0.481042,0.206752][-0.60656,0.794769,-0.0206478][0.818764,0.08141,0][-0.370454,-0.481436,0.399161][-0.532935,0.816955,0.220376][0.806692,0.081352,0][-0.326409,-0.464963,0.362374][-0.270498,0.957011,0.104695][0.805621,0.083749,0][-0.403379,-0.481042,0.206752][-0.60656,0.794769,-0.0206478][0.818764,0.08141,0][-0.355246,-0.464963,0.199822][-0.318551,0.947813,-0.0132588][0.81685,0.083749,0][-0.309528,-0.464963,-0.0113701][-0.294442,0.94891,-0.113458][0.839551,0.083749,0][-0.309528,-0.464963,-0.0113701][-0.294442,0.94891,-0.113458][0.839551,0.083749,0][-0.349364,-0.480983,-0.0419737][-0.557666,0.79797,-0.228588][0.842678,0.081418,0][-0.403379,-0.481042,0.206752][-0.60656,0.794769,-0.0206478][0.818764,0.08141,0][-0.349364,-0.480983,-0.0419737][-0.557666,0.79797,-0.228588][0.842678,0.081418,0][-0.309528,-0.464963,-0.0113701][-0.294442,0.94891,-0.113458][0.839551,0.083749,0][-0.257435,-0.464963,-0.0889186][-0.224062,0.955751,-0.190624][0.853385,0.083749,0][-0.257435,-0.464963,-0.0889186][-0.224062,0.955751,-0.190624][0.853385,0.083749,0][-0.288341,-0.481151,-0.133759][-0.431918,0.820617,-0.374211][0.856208,0.081394,0][-0.349364,-0.480983,-0.0419737][-0.557666,0.79797,-0.228588][0.842678,0.081418,0][-0.288341,-0.481151,-0.133759][-0.431918,0.820617,-0.374211][0.856208,0.081394,0][-0.257435,-0.464963,-0.0889186][-0.224062,0.955751,-0.190624][0.853385,0.083749,0][-0.20363,-0.464963,-0.13492][-0.145237,0.961106,-0.234907][0.865102,0.083749,0][-0.20363,-0.464963,-0.13492][-0.145237,0.961106,-0.234907][0.865102,0.083749,0][-0.225008,-0.48125,-0.188344][-0.285532,0.836319,-0.46802][0.867041,0.081379,0][-0.288341,-0.481151,-0.133759][-0.431918,0.820617,-0.374211][0.856208,0.081394,0][-0.225008,-0.48125,-0.188344][-0.285532,0.836319,-0.46802][0.867041,0.081379,0][-0.20363,-0.464963,-0.13492][-0.145237,0.961106,-0.234907][0.865102,0.083749,0][-0.140412,-0.464963,-0.158843][-0.0793834,0.962868,-0.258036][0.876803,0.083749,0][-0.140412,-0.464963,-0.158843][-0.0793834,0.962868,-0.258036][0.876803,0.083749,0][-0.149779,-0.481322,-0.216986][-0.153116,0.852487,-0.49982][0.87763,0.081369,0][-0.225008,-0.48125,-0.188344][-0.285532,0.836319,-0.46802][0.867041,0.081379,0][-0.149779,-0.481322,-0.216986][-0.153116,0.852487,-0.49982][0.87763,0.081369,0][-0.140412,-0.464963,-0.158843][-0.0793834,0.962868,-0.258036][0.876803,0.083749,0][-0.070469,-0.464961,-0.174768][0.012056,0.965806,-0.258985][0.888971,0.083749,0][-0.070469,-0.464961,-0.174768][0.012056,0.965806,-0.258985][0.888971,0.083749,0][-0.0677896,-0.48133,-0.235681][0.026064,0.846669,-0.531481][0.888352,0.081368,0][-0.149779,-0.481322,-0.216986][-0.153116,0.852487,-0.49982][0.87763,0.081369,0][-0.070469,-0.464961,-0.174768][0.012056,0.965806,-0.258985][0.888971,0.083749,0][-0.0074448,-0.464963,-0.154162][0.103102,0.962659,-0.250317][0.900027,0.083749,0][0.00578356,-0.481303,-0.211526][0.199768,0.850181,-0.487119][0.898142,0.081372,0][0.00578356,-0.481303,-0.211526][0.199768,0.850181,-0.487119][0.898142,0.081372,0][-0.0677896,-0.48133,-0.235681][0.026064,0.846669,-0.531481][0.888352,0.081368,0][-0.070469,-0.464961,-0.174768][0.012056,0.965806,-0.258985][0.888971,0.083749,0][-0.0074448,-0.464963,-0.154162][0.103102,0.962659,-0.250317][0.900027,0.083749,0][0.0586643,-0.464963,-0.122036][0.156112,0.961291,-0.227044][0.911547,0.083749,0][0.0846445,-0.481249,-0.173127][0.308309,0.837264,-0.451591][0.908964,0.08138,0][0.0846445,-0.481249,-0.173127][0.308309,0.837264,-0.451591][0.908964,0.08138,0][0.00578356,-0.481303,-0.211526][0.199768,0.850181,-0.487119][0.898142,0.081372,0][-0.0074448,-0.464963,-0.154162][0.103102,0.962659,-0.250317][0.900027,0.083749,0][0.0586643,-0.464963,-0.122036][0.156112,0.961291,-0.227044][0.911547,0.083749,0][0.120279,-0.464963,-0.0669908][0.216759,0.958733,-0.183975][0.922972,0.083749,0][0.1574,-0.481255,-0.108161][0.426535,0.827245,-0.365696][0.92008,0.081379,0][0.1574,-0.481255,-0.108161][0.426535,0.827245,-0.365696][0.92008,0.081379,0][0.0846445,-0.481249,-0.173127][0.308309,0.837264,-0.451591][0.908964,0.08138,0][0.0586643,-0.464963,-0.122036][0.156112,0.961291,-0.227044][0.911547,0.083749,0][0.120279,-0.464963,-0.0669908][0.216759,0.958733,-0.183975][0.922972,0.083749,0][0.173088,-0.464963,0.0123356][0.288471,0.954318,-0.0778618][0.933986,0.083749,0][0.219531,-0.481181,-0.0143823][0.57224,0.801967,-0.171439][0.93133,0.08139,0][0.219531,-0.481181,-0.0143823][0.57224,0.801967,-0.171439][0.93133,0.08139,0][0.1574,-0.481255,-0.108161][0.426535,0.827245,-0.365696][0.92008,0.081379,0][0.120279,-0.464963,-0.0669908][0.216759,0.958733,-0.183975][0.922972,0.083749,0][0.173088,-0.464963,0.0123356][0.288471,0.954318,-0.0778618][0.933986,0.083749,0][0.180208,-0.464963,0.226124][0.31448,0.948713,0.0323366][0.954537,0.083749,0][0.227592,-0.481066,0.23776][0.596254,0.800195,0.0645731][0.952952,0.081406,0][0.227592,-0.481066,0.23776][0.596254,0.800195,0.0645731][0.952952,0.081406,0][0.219531,-0.481181,-0.0143823][0.57224,0.801967,-0.171439][0.93133,0.08139,0][0.173088,-0.464963,0.0123356][0.288471,0.954318,-0.0778618][0.933986,0.083749,0][-0.103273,-0.481506,0.558177][-0.00667836,0.863659,0.504032][0.787962,0.081342,0][-0.100072,-0.464963,0.496656][-0.00325149,0.96575,0.259453][0.787824,0.083749,0][-0.169779,-0.464963,0.490219][-0.0729578,0.966508,0.246047][0.792315,0.083749,0][-0.169779,-0.464963,0.490219][-0.0729578,0.966508,0.246047][0.792315,0.083749,0][-0.18533,-0.481556,0.550788][-0.144725,0.857208,0.494215][0.792649,0.081335,0][-0.103273,-0.481506,0.558177][-0.00667836,0.863659,0.504032][0.787962,0.081342,0][-0.0210988,-0.481519,0.553061][0.0876257,0.860353,0.502111][0.978565,0.08134,0][-0.0310453,-0.464963,0.492251][0.0448748,0.965739,0.255607][0.978677,0.083749,0][-0.100072,-0.464963,0.496656][-0.00325149,0.96575,0.259453][0.983114,0.083749,0][-0.100072,-0.464963,0.496656][-0.00325149,0.96575,0.259453][0.983114,0.083749,0][-0.103273,-0.481506,0.558177][-0.00667836,0.863659,0.504032][0.983251,0.081342,0][-0.0210988,-0.481519,0.553061][0.0876257,0.860353,0.502111][0.978565,0.08134,0][0.178031,-0.481418,0.425133][0.516307,0.815091,0.26278][0.96464,0.081355,0][0.137417,-0.464963,0.384376][0.26143,0.956982,0.125853][0.965457,0.083749,0][0.0910221,-0.464963,0.435491][0.178987,0.962992,0.20152][0.969933,0.083749,0][0.0910221,-0.464963,0.435491][0.178987,0.962992,0.20152][0.969933,0.083749,0][0.123453,-0.481562,0.486007][0.35355,0.845979,0.399151][0.969366,0.081334,0][0.178031,-0.481418,0.425133][0.516307,0.815091,0.26278][0.96464,0.081355,0][-0.233169,-0.464963,0.457597][-0.146887,0.964378,0.219999][0.796835,0.083749,0][-0.284349,-0.464963,0.415754][-0.195305,0.962528,0.188137][0.801115,0.083749,0][-0.321005,-0.481569,0.462663][-0.382522,0.847122,0.368865][0.801926,0.081333,0][-0.321005,-0.481569,0.462663][-0.382522,0.847122,0.368865][0.801926,0.081333,0][-0.260412,-0.481574,0.512224][-0.285506,0.855975,0.431037][0.797409,0.081333,0][-0.233169,-0.464963,0.457597][-0.146887,0.964378,0.219999][0.796835,0.083749,0][0.184884,-0.10101,-0.049715][0.87623,0.340365,-0.341134][0.927173,0.136692,0][0.169802,-0.0788599,-0.0435733][0.580005,0.770558,-0.264262][0.927491,0.139914,0][0.201975,-0.060694,0.136885][0.612079,0.789,-0.0532773][0.946348,0.142557,0][0.201975,-0.060694,0.136885][0.612079,0.789,-0.0532773][0.946348,0.142557,0][0.218877,-0.0817978,0.142626][0.930082,0.366971,0.0167334][0.946229,0.139487,0][0.184884,-0.10101,-0.049715][0.87623,0.340365,-0.341134][0.927173,0.136692,0][0.158354,-0.0454949,0.293269][0.524381,0.831615,0.182872][0.960019,0.144768,0][0.171811,-0.0653901,0.30912][0.81109,0.4372,0.388574][0.960062,0.141874,0][0.218877,-0.0817978,0.142626][0.930082,0.366971,0.0167334][0.946229,0.139487,0][0.218877,-0.0817978,0.142626][0.930082,0.366971,0.0167334][0.946229,0.139487,0][0.201975,-0.060694,0.136885][0.612079,0.789,-0.0532773][0.946348,0.142557,0][0.158354,-0.0454949,0.293269][0.524381,0.831615,0.182872][0.960019,0.144768,0][0.184884,-0.10101,-0.049715][0.87623,0.340365,-0.341134][0.927173,0.136692,0][0.140751,-0.107863,-0.134883][0.750979,0.309476,-0.583315][0.916558,0.135695,0][0.127286,-0.0855532,-0.125824][0.47739,0.76913,-0.424897][0.916624,0.138941,0][0.127286,-0.0855532,-0.125824][0.47739,0.76913,-0.424897][0.916624,0.138941,0][0.169802,-0.0788599,-0.0435733][0.580005,0.770558,-0.264262][0.927491,0.139914,0][0.184884,-0.10101,-0.049715][0.87623,0.340365,-0.341134][0.927173,0.136692,0][0.0157626,-0.117829,-0.23306][0.383291,0.201748,-0.901324][0.898179,0.134246,0][0.00431269,-0.0947319,-0.220846][0.217948,0.756886,-0.616134][0.897507,0.137606,0][0.0747504,-0.0922636,-0.179259][0.362883,0.760854,-0.537975][0.907575,0.137965,0][0.0747504,-0.0922636,-0.179259][0.362883,0.760854,-0.537975][0.907575,0.137965,0][0.085138,-0.115133,-0.191524][0.568775,0.266649,-0.77807][0.907536,0.134638,0][0.0157626,-0.117829,-0.23306][0.383291,0.201748,-0.901324][0.898179,0.134246,0][0.0747504,-0.0922636,-0.179259][0.362883,0.760854,-0.537975][0.907575,0.137965,0][0.127286,-0.0855532,-0.125824][0.47739,0.76913,-0.424897][0.916624,0.138941,0][0.140751,-0.107863,-0.134883][0.750979,0.309476,-0.583315][0.916558,0.135695,0][0.140751,-0.107863,-0.134883][0.750979,0.309476,-0.583315][0.916558,0.135695,0][0.085138,-0.115133,-0.191524][0.568775,0.266649,-0.77807][0.907536,0.134638,0][0.0747504,-0.0922636,-0.179259][0.362883,0.760854,-0.537975][0.907575,0.137965,0][-0.0633822,-0.121311,-0.254286][0.0349652,0.200126,-0.979146][0.888634,0.133739,0][-0.152661,-0.117384,-0.236061][-0.307225,0.231492,-0.923051][0.877841,0.134311,0][-0.14173,-0.0944315,-0.222835][-0.168876,0.762139,-0.625][0.878826,0.137649,0][-0.14173,-0.0944315,-0.222835][-0.168876,0.762139,-0.625][0.878826,0.137649,0][-0.0629521,-0.0975598,-0.238679][0.0220883,0.742677,-0.669285][0.888906,0.137194,0][-0.0633822,-0.121311,-0.254286][0.0349652,0.200126,-0.979146][0.888634,0.133739,0][0.00431269,-0.0947319,-0.220846][0.217948,0.756886,-0.616134][0.897507,0.137606,0][0.0157626,-0.117829,-0.23306][0.383291,0.201748,-0.901324][0.898179,0.134246,0][-0.0633822,-0.121311,-0.254286][0.0349652,0.200126,-0.979146][0.888634,0.133739,0][-0.0633822,-0.121311,-0.254286][0.0349652,0.200126,-0.979146][0.888634,0.133739,0][-0.0629521,-0.0975598,-0.238679][0.0220883,0.742677,-0.669285][0.888906,0.137194,0][0.00431269,-0.0947319,-0.220846][0.217948,0.756886,-0.616134][0.897507,0.137606,0][-0.272023,-0.108829,-0.159097][-0.691183,0.309463,-0.653068][0.860006,0.135555,0][-0.26031,-0.0863629,-0.147798][-0.434495,0.769748,-0.467656][0.859999,0.138823,0][-0.205178,-0.0923362,-0.193158][-0.306514,0.765549,-0.565671][0.869608,0.137954,0][-0.205178,-0.0923362,-0.193158][-0.306514,0.765549,-0.565671][0.869608,0.137954,0][-0.214202,-0.115146,-0.206714][-0.48814,0.279634,-0.826755][0.869426,0.134636,0][-0.272023,-0.108829,-0.159097][-0.691183,0.309463,-0.653068][0.860006,0.135555,0][-0.205178,-0.0923362,-0.193158][-0.306514,0.765549,-0.565671][0.869608,0.137954,0][-0.14173,-0.0944315,-0.222835][-0.168876,0.762139,-0.625][0.878826,0.137649,0][-0.152661,-0.117384,-0.236061][-0.307225,0.231492,-0.923051][0.877841,0.134311,0][-0.152661,-0.117384,-0.236061][-0.307225,0.231492,-0.923051][0.877841,0.134311,0][-0.214202,-0.115146,-0.206714][-0.48814,0.279634,-0.826755][0.869426,0.134636,0][-0.205178,-0.0923362,-0.193158][-0.306514,0.765549,-0.565671][0.869608,0.137954,0][-0.326353,-0.101087,-0.0744207][-0.848734,0.327566,-0.415153][0.84727,0.136681,0][-0.311777,-0.0789186,-0.0672944][-0.550839,0.772036,-0.317076][0.847052,0.139906,0][-0.26031,-0.0863629,-0.147798][-0.434495,0.769748,-0.467656][0.859999,0.138823,0][-0.26031,-0.0863629,-0.147798][-0.434495,0.769748,-0.467656][0.859999,0.138823,0][-0.272023,-0.108829,-0.159097][-0.691183,0.309463,-0.653068][0.860006,0.135555,0][-0.326353,-0.101087,-0.0744207][-0.848734,0.327566,-0.415153][0.84727,0.136681,0][-0.326353,-0.101087,-0.0744207][-0.848734,0.327566,-0.415153][0.84727,0.136681,0][-0.377202,-0.0816916,0.114354][-0.925886,0.37068,-0.0730147][0.825436,0.139502,0][-0.35971,-0.060777,0.109334][-0.600233,0.792379,-0.108886][0.825299,0.142545,0][-0.35971,-0.060777,0.109334][-0.600233,0.792379,-0.108886][0.825299,0.142545,0][-0.311777,-0.0789186,-0.0672944][-0.550839,0.772036,-0.317076][0.847052,0.139906,0][-0.326353,-0.101087,-0.0744207][-0.848734,0.327566,-0.415153][0.84727,0.136681,0][-0.377202,-0.0816916,0.114354][-0.925886,0.37068,-0.0730147][0.825436,0.139502,0][-0.344645,-0.0654043,0.287636][-0.8262,0.452271,0.335922][0.810348,0.141872,0][-0.329475,-0.0456834,0.273118][-0.527595,0.836637,0.147246][0.810218,0.14474,0][-0.329475,-0.0456834,0.273118][-0.527595,0.836637,0.147246][0.810218,0.14474,0][-0.35971,-0.060777,0.109334][-0.600233,0.792379,-0.108886][0.825299,0.142545,0][-0.377202,-0.0816916,0.114354][-0.925886,0.37068,-0.0730147][0.825436,0.139502,0][-0.344645,-0.0654043,0.287636][-0.8262,0.452271,0.335922][0.810348,0.141872,0][-0.299531,-0.059113,0.343315][-0.623265,0.509762,0.59303][0.804675,0.142787,0][-0.286989,-0.0397937,0.325633][-0.386185,0.872559,0.299169][0.804562,0.145597,0][-0.286989,-0.0397937,0.325633][-0.386185,0.872559,0.299169][0.804562,0.145597,0][-0.329475,-0.0456834,0.273118][-0.527595,0.836637,0.147246][0.810218,0.14474,0][-0.344645,-0.0654043,0.287636][-0.8262,0.452271,0.335922][0.810348,0.141872,0][-0.244408,-0.0537471,0.383527][-0.504925,0.538618,0.674493][0.799379,0.143568,0][-0.23354,-0.0346725,0.364192][-0.296522,0.890672,0.344643][0.799148,0.146342,0][-0.286989,-0.0397937,0.325633][-0.386185,0.872559,0.299169][0.804562,0.145597,0][-0.286989,-0.0397937,0.325633][-0.386185,0.872559,0.299169][0.804562,0.145597,0][-0.299531,-0.059113,0.343315][-0.623265,0.509762,0.59303][0.804675,0.142787,0][-0.244408,-0.0537471,0.383527][-0.504925,0.538618,0.674493][0.799379,0.143568,0][0.121865,-0.0588557,0.367584][0.606569,0.496538,0.620906][0.965783,0.142824,0][0.111083,-0.0394648,0.348876][0.379151,0.868236,0.320017][0.965745,0.145645,0][0.0532995,-0.0347,0.388028][0.249981,0.885489,0.391687][0.971132,0.146338,0][0.0532995,-0.0347,0.388028][0.249981,0.885489,0.391687][0.971132,0.146338,0][0.0608971,-0.0538471,0.409112][0.410313,0.526282,0.744762][0.971177,0.143553,0][0.121865,-0.0588557,0.367584][0.606569,0.496538,0.620906][0.965783,0.142824,0][-0.0182009,-0.0325239,0.413904][0.121997,0.893757,0.431643][0.976937,0.146655,0][-0.014417,-0.0515594,0.436547][0.202955,0.538578,0.817767][0.976971,0.143886,0][0.0608971,-0.0538471,0.409112][0.410313,0.526282,0.744762][0.971177,0.143553,0][0.0608971,-0.0538471,0.409112][0.410313,0.526282,0.744762][0.971177,0.143553,0][0.0532995,-0.0347,0.388028][0.249981,0.885489,0.391687][0.971132,0.146338,0][-0.0182009,-0.0325239,0.413904][0.121997,0.893757,0.431643][0.976937,0.146655,0][0.171811,-0.0653901,0.30912][0.81109,0.4372,0.388574][0.960062,0.141874,0][0.158354,-0.0454949,0.293269][0.524381,0.831615,0.182872][0.960019,0.144768,0][0.111083,-0.0394648,0.348876][0.379151,0.868236,0.320017][0.965745,0.145645,0][0.111083,-0.0394648,0.348876][0.379151,0.868236,0.320017][0.965745,0.145645,0][0.121865,-0.0588557,0.367584][0.606569,0.496538,0.620906][0.965783,0.142824,0][0.171811,-0.0653901,0.30912][0.81109,0.4372,0.388574][0.960062,0.141874,0][-0.0921541,-0.03146,0.422346][-0.0127537,0.89603,0.443811][0.982586,0.14681,0][-0.093663,-0.0504372,0.445542][-0.0268516,0.542885,0.839378][0.982701,0.144049,0][-0.014417,-0.0515594,0.436547][0.202955,0.538578,0.817767][0.976971,0.143886,0][-0.014417,-0.0515594,0.436547][0.202955,0.538578,0.817767][0.976971,0.143886,0][-0.0182009,-0.0325239,0.413904][0.121997,0.893757,0.431643][0.976937,0.146655,0][-0.0921541,-0.03146,0.422346][-0.0127537,0.89603,0.443811][0.982586,0.14681,0][-0.244408,-0.0537471,0.383527][-0.504925,0.538618,0.674493][0.799379,0.143568,0][-0.172917,-0.0512222,0.430973][-0.322807,0.538597,0.778273][0.793216,0.143935,0][-0.166568,-0.0322587,0.408698][-0.189966,0.889823,0.414883][0.793053,0.146693,0][-0.166568,-0.0322587,0.408698][-0.189966,0.889823,0.414883][0.793053,0.146693,0][-0.23354,-0.0346725,0.364192][-0.296522,0.890672,0.344643][0.799148,0.146342,0][-0.244408,-0.0537471,0.383527][-0.504925,0.538618,0.674493][0.799379,0.143568,0][-0.093663,-0.0504372,0.445542][-0.0268516,0.542885,0.839378][0.982701,0.144049,0][-0.0921541,-0.03146,0.422346][-0.0127537,0.89603,0.443811][0.982586,0.14681,0][-0.166568,-0.0322587,0.408698][-0.189966,0.889823,0.414883][0.988343,0.146693,0][-0.166568,-0.0322587,0.408698][-0.189966,0.889823,0.414883][0.988343,0.146693,0][-0.172917,-0.0512222,0.430973][-0.322807,0.538597,0.778273][0.988506,0.143935,0][-0.093663,-0.0504372,0.445542][-0.0268516,0.542885,0.839378][0.982701,0.144049,0][0.218877,-0.0817978,0.142626][0.930082,0.366971,0.0167334][0.946229,0.139487,0][0.234543,-0.307689,0.204527][0.987933,0.0974239,0.1204][0.950405,0.106627,0][0.214188,-0.307689,-0.0273125][0.946461,0.0736559,-0.314303][0.929996,0.106627,0][0.214188,-0.307689,-0.0273125][0.946461,0.0736559,-0.314303][0.929996,0.106627,0][0.184884,-0.10101,-0.049715][0.87623,0.340365,-0.341134][0.927173,0.136692,0][0.218877,-0.0817978,0.142626][0.930082,0.366971,0.0167334][0.946229,0.139487,0][0.140751,-0.107863,-0.134883][0.750979,0.309476,-0.583315][0.916558,0.135695,0][0.157371,-0.307689,-0.120519][0.786425,0.0332968,-0.616788][0.918857,0.106627,0][0.0897807,-0.307688,-0.183536][0.63069,-0.00656021,-0.776007][0.908553,0.106627,0][0.0897807,-0.307688,-0.183536][0.63069,-0.00656021,-0.776007][0.908553,0.106627,0][0.085138,-0.115133,-0.191524][0.568775,0.266649,-0.77807][0.907536,0.134638,0][0.140751,-0.107863,-0.134883][0.750979,0.309476,-0.583315][0.916558,0.135695,0][0.0104856,-0.169588,-0.225277][0.3886,-0.114036,-0.914322][0.897983,0.126716,0][-0.0651772,-0.169588,-0.247924][0.0358443,-0.133416,-0.990412][0.888508,0.126716,0][-0.0633822,-0.121311,-0.254286][0.0349652,0.200126,-0.979146][0.888634,0.133739,0][-0.0633822,-0.121311,-0.254286][0.0349652,0.200126,-0.979146][0.888634,0.133739,0][0.0157626,-0.117829,-0.23306][0.383291,0.201748,-0.901324][0.898179,0.134246,0][0.0104856,-0.169588,-0.225277][0.3886,-0.114036,-0.914322][0.897983,0.126716,0][-0.151109,-0.169588,-0.229445][-0.317397,-0.0832084,-0.944635][0.877838,0.126716,0][-0.225002,-0.307688,-0.198999][-0.582375,-0.00150853,-0.812919][0.867774,0.106627,0][-0.214202,-0.115146,-0.206714][-0.48814,0.279634,-0.826755][0.869426,0.134636,0][-0.214202,-0.115146,-0.206714][-0.48814,0.279634,-0.826755][0.869426,0.134636,0][-0.152661,-0.117384,-0.236061][-0.307225,0.231492,-0.923051][0.877841,0.134311,0][-0.151109,-0.169588,-0.229445][-0.317397,-0.0832084,-0.944635][0.877838,0.126716,0][-0.225002,-0.307688,-0.198999][-0.582375,-0.00150853,-0.812919][0.867774,0.106627,0][-0.28843,-0.307689,-0.146066][-0.751952,0.0214441,-0.658869][0.857426,0.106627,0][-0.272023,-0.108829,-0.159097][-0.691183,0.309463,-0.653068][0.860006,0.135555,0][-0.272023,-0.108829,-0.159097][-0.691183,0.309463,-0.653068][0.860006,0.135555,0][-0.214202,-0.115146,-0.206714][-0.48814,0.279634,-0.826755][0.869426,0.134636,0][-0.225002,-0.307688,-0.198999][-0.582375,-0.00150853,-0.812919][0.867774,0.106627,0][-0.34898,-0.307689,-0.0549759][-0.917855,0.0535972,-0.39328][0.844189,0.106627,0][-0.403198,-0.307689,0.173201][-0.993738,0.111499,0.00720214][0.821286,0.106627,0][-0.377202,-0.0816916,0.114354][-0.925886,0.37068,-0.0730147][0.825436,0.139502,0][-0.377202,-0.0816916,0.114354][-0.925886,0.37068,-0.0730147][0.825436,0.139502,0][-0.326353,-0.101087,-0.0744207][-0.848734,0.327566,-0.415153][0.84727,0.136681,0][-0.34898,-0.307689,-0.0549759][-0.917855,0.0535972,-0.39328][0.844189,0.106627,0][-0.403198,-0.307689,0.173201][-0.993738,0.111499,0.00720214][0.821286,0.106627,0][-0.368324,-0.307689,0.3559][-0.875952,0.205949,0.436225][0.808344,0.106627,0][-0.344645,-0.0654043,0.287636][-0.8262,0.452271,0.335922][0.810348,0.141872,0][-0.344645,-0.0654043,0.287636][-0.8262,0.452271,0.335922][0.810348,0.141872,0][-0.377202,-0.0816916,0.114354][-0.925886,0.37068,-0.0730147][0.825436,0.139502,0][-0.403198,-0.307689,0.173201][-0.993738,0.111499,0.00720214][0.821286,0.106627,0][-0.368324,-0.307689,0.3559][-0.875952,0.205949,0.436225][0.808344,0.106627,0][-0.318974,-0.307689,0.417231][-0.668857,0.260228,0.696356][0.803173,0.106627,0][-0.299531,-0.059113,0.343315][-0.623265,0.509762,0.59303][0.804675,0.142787,0][-0.299531,-0.059113,0.343315][-0.623265,0.509762,0.59303][0.804675,0.142787,0][-0.344645,-0.0654043,0.287636][-0.8262,0.452271,0.335922][0.810348,0.141872,0][-0.368324,-0.307689,0.3559][-0.875952,0.205949,0.436225][0.808344,0.106627,0][0.0608971,-0.0538471,0.409112][0.410313,0.526282,0.744762][0.971177,0.143553,0][0.0641547,-0.307689,0.486035][0.41513,0.262623,0.871032][0.972724,0.106627,0][0.129665,-0.307689,0.441929][0.630507,0.237482,0.738961][0.967827,0.106627,0][0.129665,-0.307689,0.441929][0.630507,0.237482,0.738961][0.967827,0.106627,0][0.121865,-0.0588557,0.367584][0.606569,0.496538,0.620906][0.965783,0.142824,0][0.0608971,-0.0538471,0.409112][0.410313,0.526282,0.744762][0.971177,0.143553,0][0.171811,-0.0653901,0.30912][0.81109,0.4372,0.388574][0.960062,0.141874,0][0.184286,-0.307689,0.38078][0.847663,0.184591,0.497386][0.962649,0.106627,0][0.234543,-0.307689,0.204527][0.987933,0.0974239,0.1204][0.950405,0.106627,0][0.234543,-0.307689,0.204527][0.987933,0.0974239,0.1204][0.950405,0.106627,0][0.218877,-0.0817978,0.142626][0.930082,0.366971,0.0167334][0.946229,0.139487,0][0.171811,-0.0653901,0.30912][0.81109,0.4372,0.388574][0.960062,0.141874,0][0.085138,-0.115133,-0.191524][0.568775,0.266649,-0.77807][0.907536,0.134638,0][0.0897807,-0.307688,-0.183536][0.63069,-0.00656021,-0.776007][0.908553,0.106627,0][0.0104856,-0.169588,-0.225277][0.3886,-0.114036,-0.914322][0.897983,0.126716,0][0.0104856,-0.169588,-0.225277][0.3886,-0.114036,-0.914322][0.897983,0.126716,0][0.0157626,-0.117829,-0.23306][0.383291,0.201748,-0.901324][0.898179,0.134246,0][0.085138,-0.115133,-0.191524][0.568775,0.266649,-0.77807][0.907536,0.134638,0][-0.0651772,-0.169588,-0.247924][0.0358443,-0.133416,-0.990412][0.888508,0.126716,0][-0.151109,-0.169588,-0.229445][-0.317397,-0.0832084,-0.944635][0.877838,0.126716,0][-0.152661,-0.117384,-0.236061][-0.307225,0.231492,-0.923051][0.877841,0.134311,0][-0.152661,-0.117384,-0.236061][-0.307225,0.231492,-0.923051][0.877841,0.134311,0][-0.0633822,-0.121311,-0.254286][0.0349652,0.200126,-0.979146][0.888634,0.133739,0][-0.0651772,-0.169588,-0.247924][0.0358443,-0.133416,-0.990412][0.888508,0.126716,0][-0.014417,-0.0515594,0.436547][0.202955,0.538578,0.817767][0.976971,0.143886,0][-0.0160953,-0.307689,0.511561][0.186122,0.27109,0.944388][0.97792,0.106627,0][0.0641547,-0.307689,0.486035][0.41513,0.262623,0.871032][0.972724,0.106627,0][0.0641547,-0.307689,0.486035][0.41513,0.262623,0.871032][0.972724,0.106627,0][0.0608971,-0.0538471,0.409112][0.410313,0.526282,0.744762][0.971177,0.143553,0][-0.014417,-0.0515594,0.436547][0.202955,0.538578,0.817767][0.976971,0.143886,0][-0.258318,-0.307689,0.46426][-0.536605,0.272676,0.798563][0.798257,0.106627,0][-0.182571,-0.307689,0.507612][-0.304951,0.276671,0.911295][0.792927,0.106627,0][-0.172917,-0.0512222,0.430973][-0.322807,0.538597,0.778273][0.793216,0.143935,0][-0.172917,-0.0512222,0.430973][-0.322807,0.538597,0.778273][0.793216,0.143935,0][-0.244408,-0.0537471,0.383527][-0.504925,0.538618,0.674493][0.799379,0.143568,0][-0.258318,-0.307689,0.46426][-0.536605,0.272676,0.798563][0.798257,0.106627,0][0.184884,-0.10101,-0.049715][0.87623,0.340365,-0.341134][0.927173,0.136692,0][0.214188,-0.307689,-0.0273125][0.946461,0.0736559,-0.314303][0.929996,0.106627,0][0.157371,-0.307689,-0.120519][0.786425,0.0332968,-0.616788][0.918857,0.106627,0][0.157371,-0.307689,-0.120519][0.786425,0.0332968,-0.616788][0.918857,0.106627,0][0.140751,-0.107863,-0.134883][0.750979,0.309476,-0.583315][0.916558,0.135695,0][0.184884,-0.10101,-0.049715][0.87623,0.340365,-0.341134][0.927173,0.136692,0][-0.28843,-0.307689,-0.146066][-0.751952,0.0214441,-0.658869][0.857426,0.106627,0][-0.34898,-0.307689,-0.0549759][-0.917855,0.0535972,-0.39328][0.844189,0.106627,0][-0.326353,-0.101087,-0.0744207][-0.848734,0.327566,-0.415153][0.84727,0.136681,0][-0.326353,-0.101087,-0.0744207][-0.848734,0.327566,-0.415153][0.84727,0.136681,0][-0.272023,-0.108829,-0.159097][-0.691183,0.309463,-0.653068][0.860006,0.135555,0][-0.28843,-0.307689,-0.146066][-0.751952,0.0214441,-0.658869][0.857426,0.106627,0][-0.182571,-0.307689,0.507612][-0.304951,0.276671,0.911295][0.988216,0.106627,0][-0.0989955,-0.307688,0.518504][-0.0230075,0.27323,0.961673][0.983031,0.106627,0][-0.093663,-0.0504372,0.445542][-0.0268516,0.542885,0.839378][0.982701,0.144049,0][-0.093663,-0.0504372,0.445542][-0.0268516,0.542885,0.839378][0.982701,0.144049,0][-0.172917,-0.0512222,0.430973][-0.322807,0.538597,0.778273][0.988506,0.143935,0][-0.182571,-0.307689,0.507612][-0.304951,0.276671,0.911295][0.988216,0.106627,0][-0.093663,-0.0504372,0.445542][-0.0268516,0.542885,0.839378][0.982701,0.144049,0][-0.0989955,-0.307688,0.518504][-0.0230075,0.27323,0.961673][0.983031,0.106627,0][-0.0160953,-0.307689,0.511561][0.186122,0.27109,0.944388][0.97792,0.106627,0][-0.0160953,-0.307689,0.511561][0.186122,0.27109,0.944388][0.97792,0.106627,0][-0.014417,-0.0515594,0.436547][0.202955,0.538578,0.817767][0.976971,0.143886,0][-0.093663,-0.0504372,0.445542][-0.0268516,0.542885,0.839378][0.982701,0.144049,0][0.184286,-0.307689,0.38078][0.847663,0.184591,0.497386][0.962649,0.106627,0][0.171811,-0.0653901,0.30912][0.81109,0.4372,0.388574][0.960062,0.141874,0][0.121865,-0.0588557,0.367584][0.606569,0.496538,0.620906][0.965783,0.142824,0][0.121865,-0.0588557,0.367584][0.606569,0.496538,0.620906][0.965783,0.142824,0][0.129665,-0.307689,0.441929][0.630507,0.237482,0.738961][0.967827,0.106627,0][0.184286,-0.307689,0.38078][0.847663,0.184591,0.497386][0.962649,0.106627,0][-0.318974,-0.307689,0.417231][-0.668857,0.260228,0.696356][0.803173,0.106627,0][-0.258318,-0.307689,0.46426][-0.536605,0.272676,0.798563][0.798257,0.106627,0][-0.244408,-0.0537471,0.383527][-0.504925,0.538618,0.674493][0.799379,0.143568,0][-0.244408,-0.0537471,0.383527][-0.504925,0.538618,0.674493][0.799379,0.143568,0][-0.299531,-0.059113,0.343315][-0.623265,0.509762,0.59303][0.804675,0.142787,0][-0.318974,-0.307689,0.417231][-0.668857,0.260228,0.696356][0.803173,0.106627,0][0.169802,-0.0788599,-0.0435733][0.580005,0.770558,-0.264262][0.927491,0.139914,0][0.10877,-0.0496957,-0.0137442][0.343563,0.91862,-0.195195][0.930035,0.144157,0][0.132725,-0.0360186,0.12151][0.350866,0.932703,-0.0834135][0.947933,0.146146,0][0.132725,-0.0360186,0.12151][0.350866,0.932703,-0.0834135][0.947933,0.146146,0][0.201975,-0.060694,0.136885][0.612079,0.789,-0.0532773][0.946348,0.142557,0][0.169802,-0.0788599,-0.0435733][0.580005,0.770558,-0.264262][0.927491,0.139914,0][0.201975,-0.060694,0.136885][0.612079,0.789,-0.0532773][0.946348,0.142557,0][0.132725,-0.0360186,0.12151][0.350866,0.932703,-0.0834135][0.947933,0.146146,0][0.0997108,-0.0245109,0.238342][0.29724,0.953647,0.0469697][0.960752,0.14782,0][0.0997108,-0.0245109,0.238342][0.29724,0.953647,0.0469697][0.960752,0.14782,0][0.158354,-0.0454949,0.293269][0.524381,0.831615,0.182872][0.960019,0.144768,0][0.201975,-0.060694,0.136885][0.612079,0.789,-0.0532773][0.946348,0.142557,0][0.111083,-0.0394648,0.348876][0.379151,0.868236,0.320017][0.965745,0.145645,0][0.0643033,-0.0199751,0.279821][0.216667,0.968024,0.126434][0.966155,0.14848,0][0.0211726,-0.0164435,0.309206][0.141815,0.975508,0.168143][0.97125,0.148994,0][0.0211726,-0.0164435,0.309206][0.141815,0.975508,0.168143][0.97125,0.148994,0][0.0532995,-0.0347,0.388028][0.249981,0.885489,0.391687][0.971132,0.146338,0][0.111083,-0.0394648,0.348876][0.379151,0.868236,0.320017][0.965745,0.145645,0][0.0532995,-0.0347,0.388028][0.249981,0.885489,0.391687][0.971132,0.146338,0][0.0211726,-0.0164435,0.309206][0.141815,0.975508,0.168143][0.97125,0.148994,0][-0.0322692,-0.0148438,0.328681][0.0681136,0.979053,0.191872][0.97675,0.149227,0][-0.0322692,-0.0148438,0.328681][0.0681136,0.979053,0.191872][0.97675,0.149227,0][-0.0182009,-0.0325239,0.413904][0.121997,0.893757,0.431643][0.976937,0.146655,0][0.0532995,-0.0347,0.388028][0.249981,0.885489,0.391687][0.971132,0.146338,0][-0.143245,-0.0146341,0.324734][-0.0983457,0.979068,0.178197][0.792285,0.149257,0][-0.193345,-0.0164434,0.291467][-0.169788,0.973954,0.150283][0.798038,0.148994,0][-0.23354,-0.0346725,0.364192][-0.296522,0.890672,0.344643][0.799148,0.146342,0][-0.23354,-0.0346725,0.364192][-0.296522,0.890672,0.344643][0.799148,0.146342,0][-0.166568,-0.0322587,0.408698][-0.189966,0.889823,0.414883][0.793053,0.146693,0][-0.143245,-0.0146341,0.324734][-0.0983457,0.979068,0.178197][0.792285,0.149257,0][-0.233131,-0.0202043,0.262397][-0.219393,0.969031,0.113336][0.803178,0.148447,0][-0.264895,-0.0246116,0.223181][-0.292047,0.956057,0.0257404][0.808552,0.147806,0][-0.329475,-0.0456834,0.273118][-0.527595,0.836637,0.147246][0.810218,0.14474,0][-0.329475,-0.0456834,0.273118][-0.527595,0.836637,0.147246][0.810218,0.14474,0][-0.286989,-0.0397937,0.325633][-0.386185,0.872559,0.299169][0.804562,0.145597,0][-0.233131,-0.0202043,0.262397][-0.219393,0.969031,0.113336][0.803178,0.148447,0][-0.264895,-0.0246116,0.223181][-0.292047,0.956057,0.0257404][0.808552,0.147806,0][-0.287859,-0.0360186,0.100851][-0.335542,0.935323,-0.112169][0.822845,0.146146,0][-0.35971,-0.060777,0.109334][-0.600233,0.792379,-0.108886][0.825299,0.142545,0][-0.35971,-0.060777,0.109334][-0.600233,0.792379,-0.108886][0.825299,0.142545,0][-0.329475,-0.0456834,0.273118][-0.527595,0.836637,0.147246][0.810218,0.14474,0][-0.264895,-0.0246116,0.223181][-0.292047,0.956057,0.0257404][0.808552,0.147806,0][-0.287859,-0.0360186,0.100851][-0.335542,0.935323,-0.112169][0.822845,0.146146,0][-0.252185,-0.0496957,-0.0314749][-0.316732,0.921479,-0.224848][0.844511,0.144157,0][-0.311777,-0.0789186,-0.0672944][-0.550839,0.772036,-0.317076][0.847052,0.139906,0][-0.311777,-0.0789186,-0.0672944][-0.550839,0.772036,-0.317076][0.847052,0.139906,0][-0.35971,-0.060777,0.109334][-0.600233,0.792379,-0.108886][0.825299,0.142545,0][-0.287859,-0.0360186,0.100851][-0.335542,0.935323,-0.112169][0.822845,0.146146,0][-0.311777,-0.0789186,-0.0672944][-0.550839,0.772036,-0.317076][0.847052,0.139906,0][-0.252185,-0.0496957,-0.0314749][-0.316732,0.921479,-0.224848][0.844511,0.144157,0][-0.213541,-0.0552229,-0.0917053][-0.244425,0.919835,-0.306856][0.858395,0.143353,0][-0.213541,-0.0552229,-0.0917053][-0.244425,0.919835,-0.306856][0.858395,0.143353,0][-0.26031,-0.0863629,-0.147798][-0.434495,0.769748,-0.467656][0.859999,0.138823,0][-0.311777,-0.0789186,-0.0672944][-0.550839,0.772036,-0.317076][0.847052,0.139906,0][-0.26031,-0.0863629,-0.147798][-0.434495,0.769748,-0.467656][0.859999,0.138823,0][-0.213541,-0.0552229,-0.0917053][-0.244425,0.919835,-0.306856][0.858395,0.143353,0][-0.172264,-0.0597072,-0.125699][-0.168547,0.917075,-0.361338][0.868963,0.142701,0][-0.172264,-0.0597072,-0.125699][-0.168547,0.917075,-0.361338][0.868963,0.142701,0][-0.205178,-0.0923362,-0.193158][-0.306514,0.765549,-0.565671][0.869608,0.137954,0][-0.26031,-0.0863629,-0.147798][-0.434495,0.769748,-0.467656][0.859999,0.138823,0][-0.205178,-0.0923362,-0.193158][-0.306514,0.765549,-0.565671][0.869608,0.137954,0][-0.172264,-0.0597072,-0.125699][-0.168547,0.917075,-0.361338][0.868963,0.142701,0][-0.124767,-0.0613294,-0.148045][-0.0969722,0.918078,-0.384354][0.879148,0.142465,0][-0.124767,-0.0613294,-0.148045][-0.0969722,0.918078,-0.384354][0.879148,0.142465,0][-0.14173,-0.0944315,-0.222835][-0.168876,0.762139,-0.625][0.878826,0.137649,0][-0.205178,-0.0923362,-0.193158][-0.306514,0.765549,-0.565671][0.869608,0.137954,0][-0.14173,-0.0944315,-0.222835][-0.168876,0.762139,-0.625][0.878826,0.137649,0][-0.124767,-0.0613294,-0.148045][-0.0969722,0.918078,-0.384354][0.879148,0.142465,0][-0.065725,-0.0637541,-0.160109][0.0109713,0.91867,-0.394874][0.89014,0.142112,0][-0.065725,-0.0637541,-0.160109][0.0109713,0.91867,-0.394874][0.89014,0.142112,0][-0.0629521,-0.0975598,-0.238679][0.0220883,0.742677,-0.669285][0.888906,0.137194,0][-0.14173,-0.0944315,-0.222835][-0.168876,0.762139,-0.625][0.878826,0.137649,0][-0.065725,-0.0637541,-0.160109][0.0109713,0.91867,-0.394874][0.89014,0.142112,0][-0.0152999,-0.0615928,-0.146644][0.128282,0.917717,-0.37595][0.899413,0.142426,0][0.00431269,-0.0947319,-0.220846][0.217948,0.756886,-0.616134][0.897507,0.137606,0][0.00431269,-0.0947319,-0.220846][0.217948,0.756886,-0.616134][0.897507,0.137606,0][-0.0629521,-0.0975598,-0.238679][0.0220883,0.742677,-0.669285][0.888906,0.137194,0][-0.065725,-0.0637541,-0.160109][0.0109713,0.91867,-0.394874][0.89014,0.142112,0][-0.0152999,-0.0615928,-0.146644][0.128282,0.917717,-0.37595][0.899413,0.142426,0][0.0374665,-0.0597072,-0.115397][0.204605,0.915228,-0.347124][0.91002,0.142701,0][0.0747504,-0.0922636,-0.179259][0.362883,0.760854,-0.537975][0.907575,0.137965,0][0.0747504,-0.0922636,-0.179259][0.362883,0.760854,-0.537975][0.907575,0.137965,0][0.00431269,-0.0947319,-0.220846][0.217948,0.756886,-0.616134][0.897507,0.137606,0][-0.0152999,-0.0615928,-0.146644][0.128282,0.917717,-0.37595][0.899413,0.142426,0][0.0374665,-0.0597072,-0.115397][0.204605,0.915228,-0.347124][0.91002,0.142701,0][0.0768088,-0.0546608,-0.0753223][0.278021,0.917779,-0.283525][0.919266,0.143435,0][0.127286,-0.0855532,-0.125824][0.47739,0.76913,-0.424897][0.916624,0.138941,0][0.127286,-0.0855532,-0.125824][0.47739,0.76913,-0.424897][0.916624,0.138941,0][0.0747504,-0.0922636,-0.179259][0.362883,0.760854,-0.537975][0.907575,0.137965,0][0.0374665,-0.0597072,-0.115397][0.204605,0.915228,-0.347124][0.91002,0.142701,0][0.0768088,-0.0546608,-0.0753223][0.278021,0.917779,-0.283525][0.919266,0.143435,0][0.10877,-0.0496957,-0.0137442][0.343563,0.91862,-0.195195][0.930035,0.144157,0][0.169802,-0.0788599,-0.0435733][0.580005,0.770558,-0.264262][0.927491,0.139914,0][0.169802,-0.0788599,-0.0435733][0.580005,0.770558,-0.264262][0.927491,0.139914,0][0.127286,-0.0855532,-0.125824][0.47739,0.76913,-0.424897][0.916624,0.138941,0][0.0768088,-0.0546608,-0.0753223][0.278021,0.917779,-0.283525][0.919266,0.143435,0][-0.0875896,-0.0140429,0.33497][-0.00424535,0.980739,0.195276][0.98211,0.149343,0][-0.143245,-0.0146341,0.324734][-0.0983457,0.979068,0.178197][0.987575,0.149257,0][-0.166568,-0.0322587,0.408698][-0.189966,0.889823,0.414883][0.988343,0.146693,0][-0.166568,-0.0322587,0.408698][-0.189966,0.889823,0.414883][0.988343,0.146693,0][-0.0921541,-0.03146,0.422346][-0.0127537,0.89603,0.443811][0.982586,0.14681,0][-0.0875896,-0.0140429,0.33497][-0.00424535,0.980739,0.195276][0.98211,0.149343,0][-0.0182009,-0.0325239,0.413904][0.121997,0.893757,0.431643][0.976937,0.146655,0][-0.0322692,-0.0148438,0.328681][0.0681136,0.979053,0.191872][0.97675,0.149227,0][-0.0875896,-0.0140429,0.33497][-0.00424535,0.980739,0.195276][0.98211,0.149343,0][-0.0875896,-0.0140429,0.33497][-0.00424535,0.980739,0.195276][0.98211,0.149343,0][-0.0921541,-0.03146,0.422346][-0.0127537,0.89603,0.443811][0.982586,0.14681,0][-0.0182009,-0.0325239,0.413904][0.121997,0.893757,0.431643][0.976937,0.146655,0][0.158354,-0.0454949,0.293269][0.524381,0.831615,0.182872][0.960019,0.144768,0][0.0997108,-0.0245109,0.238342][0.29724,0.953647,0.0469697][0.960752,0.14782,0][0.0643033,-0.0199751,0.279821][0.216667,0.968024,0.126434][0.966155,0.14848,0][0.0643033,-0.0199751,0.279821][0.216667,0.968024,0.126434][0.966155,0.14848,0][0.111083,-0.0394648,0.348876][0.379151,0.868236,0.320017][0.965745,0.145645,0][0.158354,-0.0454949,0.293269][0.524381,0.831615,0.182872][0.960019,0.144768,0][-0.193345,-0.0164434,0.291467][-0.169788,0.973954,0.150283][0.798038,0.148994,0][-0.233131,-0.0202043,0.262397][-0.219393,0.969031,0.113336][0.803178,0.148447,0][-0.286989,-0.0397937,0.325633][-0.386185,0.872559,0.299169][0.804562,0.145597,0][-0.286989,-0.0397937,0.325633][-0.386185,0.872559,0.299169][0.804562,0.145597,0][-0.23354,-0.0346725,0.364192][-0.296522,0.890672,0.344643][0.799148,0.146342,0][-0.193345,-0.0164434,0.291467][-0.169788,0.973954,0.150283][0.798038,0.148994,0][-0.0416931,0.594191,-0.299779][0.308301,-0.950763,0.0316257][0.253639,0.300413,0][-0.0349095,0.594191,-0.365902][0.326811,-0.903603,-0.276942][0.253228,0.292721,0][-0.00761241,0.608181,-0.362772][0.5897,-0.768153,-0.249388][0.273393,0.297144,0][-0.00761241,0.608181,-0.362772][0.5897,-0.768153,-0.249388][0.273393,0.297144,0][-0.0143949,0.608181,-0.296648][0.585267,-0.808615,0.0600405][0.272955,0.304656,0][-0.0416931,0.594191,-0.299779][0.308301,-0.950763,0.0316257][0.253639,0.300413,0][-0.0143949,0.608181,-0.296648][0.585267,-0.808615,0.0600405][0.272955,0.304656,0][-0.00761241,0.608181,-0.362772][0.5897,-0.768153,-0.249388][0.273393,0.297144,0][0.0140514,0.629971,-0.360287][0.798152,-0.557829,-0.227553][0.291244,0.307501,0][0.0140514,0.629971,-0.360287][0.798152,-0.557829,-0.227553][0.291244,0.307501,0][0.0072667,0.629971,-0.294162][0.805039,-0.587443,0.0826007][0.290052,0.314589,0][-0.0143949,0.608181,-0.296648][0.585267,-0.808615,0.0600405][0.272955,0.304656,0][0.0140514,0.629971,-0.360287][0.798152,-0.557829,-0.227553][0.291244,0.307501,0][0.027959,0.657428,-0.358692][0.931904,-0.293192,-0.213524][0.305061,0.322829,0][0.0211766,0.657428,-0.292567][0.946153,-0.308826,0.0970584][0.303283,0.329286,0][0.0211766,0.657428,-0.292567][0.946153,-0.308826,0.0970584][0.303283,0.329286,0][0.0072667,0.629971,-0.294162][0.805039,-0.587443,0.0826007][0.290052,0.314589,0][0.0140514,0.629971,-0.360287][0.798152,-0.557829,-0.227553][0.291244,0.307501,0][0.027959,0.657428,-0.358692][0.931904,-0.293192,-0.213524][0.305061,0.322829,0][0.0327519,0.687865,-0.358142][0.977979,1.99515e-006,-0.208705][0.313485,0.341688,0][0.0259683,0.687865,-0.292017][0.99478,-6.24687e-006,0.102045][0.311345,0.347365,0][0.0259683,0.687865,-0.292017][0.99478,-6.24687e-006,0.102045][0.311345,0.347365,0][0.0211766,0.657428,-0.292567][0.946153,-0.308826,0.0970584][0.303283,0.329286,0][0.027959,0.657428,-0.358692][0.931904,-0.293192,-0.213524][0.305061,0.322829,0][0.0327519,0.687865,-0.358142][0.977979,1.99515e-006,-0.208705][0.313485,0.341688,0][0.027959,0.718302,-0.358692][0.931908,0.293185,-0.21352][0.315648,0.362274,0][0.0211766,0.718302,-0.292567][0.94615,0.308837,0.0970529][0.313409,0.367093,0][0.0211766,0.718302,-0.292567][0.94615,0.308837,0.0970529][0.313409,0.367093,0][0.0259683,0.687865,-0.292017][0.99478,-6.24687e-006,0.102045][0.311345,0.347365,0][0.0327519,0.687865,-0.358142][0.977979,1.99515e-006,-0.208705][0.313485,0.341688,0][0.027959,0.718302,-0.358692][0.931908,0.293185,-0.21352][0.315648,0.362274,0][0.0140514,0.745759,-0.360287][0.798154,0.557832,-0.227537][0.311279,0.382583,0][0.0072667,0.745759,-0.294163][0.805046,0.587435,0.0825902][0.309219,0.386551,0][0.0072667,0.745759,-0.294163][0.805046,0.587435,0.0825902][0.309219,0.386551,0][0.0211766,0.718302,-0.292567][0.94615,0.308837,0.0970529][0.313409,0.367093,0][0.027959,0.718302,-0.358692][0.931908,0.293185,-0.21352][0.315648,0.362274,0][0.0140514,0.745759,-0.360287][0.798154,0.557832,-0.227537][0.311279,0.382583,0][-0.00761235,0.767549,-0.362772][0.589703,0.768149,-0.249393][0.30075,0.4006,0][-0.0143948,0.767549,-0.296648][0.585275,0.808609,0.0600413][0.299136,0.403807,0][-0.0143948,0.767549,-0.296648][0.585275,0.808609,0.0600413][0.299136,0.403807,0][0.0072667,0.745759,-0.294163][0.805046,0.587435,0.0825902][0.309219,0.386551,0][0.0140514,0.745759,-0.360287][0.798154,0.557832,-0.227537][0.311279,0.382583,0][-0.00761235,0.767549,-0.362772][0.589703,0.768149,-0.249393][0.30075,0.4006,0][-0.0349095,0.781539,-0.365902][0.326811,0.9036,-0.27695][0.285065,0.414507,0][-0.0416931,0.781539,-0.299779][0.308301,0.950763,0.0316256][0.284119,0.417125,0][-0.0416931,0.781539,-0.299779][0.308301,0.950763,0.0316256][0.284119,0.417125,0][-0.0143948,0.767549,-0.296648][0.585275,0.808609,0.0600413][0.299136,0.403807,0][-0.00761235,0.767549,-0.362772][0.589703,0.768149,-0.249393][0.30075,0.4006,0][-0.0349095,0.781539,-0.365902][0.326811,0.9036,-0.27695][0.285065,0.414507,0][-0.0651682,0.78636,-0.369374][0.0349971,0.950878,-0.307582][0.265767,0.422882,0][-0.0719529,0.78636,-0.30325][0.00117772,0.999999,0.000119904][0.265647,0.425144,0][-0.0719529,0.78636,-0.30325][0.00117772,0.999999,0.000119904][0.265647,0.425144,0][-0.0416931,0.781539,-0.299779][0.308301,0.950763,0.0316256][0.284119,0.417125,0][-0.0349095,0.781539,-0.365902][0.326811,0.9036,-0.27695][0.285065,0.414507,0][-0.0651682,0.78636,-0.369374][0.0349971,0.950878,-0.307582][0.265767,0.422882,0][-0.0954275,0.781539,-0.372845][-0.257336,0.905168,-0.338303][0.244789,0.424864,0][-0.102211,0.781539,-0.30672][-0.306161,0.951462,-0.0314072][0.24557,0.427041,0][-0.102211,0.781539,-0.30672][-0.306161,0.951462,-0.0314072][0.24557,0.427041,0][-0.0719529,0.78636,-0.30325][0.00117772,0.999999,0.000119904][0.265647,0.425144,0][-0.0651682,0.78636,-0.369374][0.0349971,0.950878,-0.307582][0.265767,0.422882,0][-0.0954275,0.781539,-0.372845][-0.257336,0.905168,-0.338303][0.244789,0.424864,0][-0.122725,0.767549,-0.375975][-0.521558,0.77069,-0.36608][0.224246,0.420247,0][-0.129508,0.767549,-0.309851][-0.583714,0.809749,-0.0598807][0.225906,0.422621,0][-0.129508,0.767549,-0.309851][-0.583714,0.809749,-0.0598807][0.225906,0.422621,0][-0.102211,0.781539,-0.30672][-0.306161,0.951462,-0.0314072][0.24557,0.427041,0][-0.0954275,0.781539,-0.372845][-0.257336,0.905168,-0.338303][0.244789,0.424864,0][-0.122725,0.767549,-0.375975][-0.521558,0.77069,-0.36608][0.224246,0.420247,0][-0.144388,0.745759,-0.37846][-0.731629,0.560392,-0.388176][0.206203,0.409513,0][-0.151171,0.745759,-0.312336][-0.804228,0.588566,-0.0825044][0.208632,0.412342,0][-0.151171,0.745759,-0.312336][-0.804228,0.588566,-0.0825044][0.208632,0.412342,0][-0.129508,0.767549,-0.309851][-0.583714,0.809749,-0.0598807][0.225906,0.422621,0][-0.122725,0.767549,-0.375975][-0.521558,0.77069,-0.36608][0.224246,0.420247,0][-0.144388,0.745759,-0.37846][-0.731629,0.560392,-0.388176][0.206203,0.409513,0][-0.158297,0.718302,-0.380056][-0.86671,0.29477,-0.402399][0.192452,0.393766,0][-0.165079,0.718302,-0.313931][-0.945927,0.309528,-0.0970248][0.195464,0.39726,0][-0.165079,0.718302,-0.313931][-0.945927,0.309528,-0.0970248][0.195464,0.39726,0][-0.151171,0.745759,-0.312336][-0.804228,0.588566,-0.0825044][0.208632,0.412342,0][-0.144388,0.745759,-0.37846][-0.731629,0.560392,-0.388176][0.206203,0.409513,0][-0.158297,0.718302,-0.380056][-0.86671,0.29477,-0.402399][0.192452,0.393766,0][-0.163089,0.687865,-0.380606][-0.913291,-3.23071e-006,-0.407308][0.184331,0.374608,0][-0.169872,0.687865,-0.314481][-0.994781,-3.61998e-006,-0.102032][0.187679,0.378908,0][-0.169872,0.687865,-0.314481][-0.994781,-3.61998e-006,-0.102032][0.187679,0.378908,0][-0.165079,0.718302,-0.313931][-0.945927,0.309528,-0.0970248][0.195464,0.39726,0][-0.158297,0.718302,-0.380056][-0.86671,0.29477,-0.402399][0.192452,0.393766,0][-0.163089,0.687865,-0.380606][-0.913291,-3.23071e-006,-0.407308][0.184331,0.374608,0][-0.158297,0.657428,-0.380056][-0.866706,-0.294769,-0.402407][0.18259,0.353957,0][-0.165079,0.657428,-0.313931][-0.945931,-0.30952,-0.0970196][0.186002,0.359119,0][-0.165079,0.657428,-0.313931][-0.945931,-0.30952,-0.0970196][0.186002,0.359119,0][-0.169872,0.687865,-0.314481][-0.994781,-3.61998e-006,-0.102032][0.187679,0.378908,0][-0.163089,0.687865,-0.380606][-0.913291,-3.23071e-006,-0.407308][0.184331,0.374608,0][-0.158297,0.657428,-0.380056][-0.866706,-0.294769,-0.402407][0.18259,0.353957,0][-0.144388,0.629971,-0.37846][-0.731627,-0.560388,-0.388184][0.187339,0.333842,0][-0.151172,0.629971,-0.312336][-0.804225,-0.588571,-0.0824957][0.190539,0.33984,0][-0.151172,0.629971,-0.312336][-0.804225,-0.588571,-0.0824957][0.190539,0.33984,0][-0.165079,0.657428,-0.313931][-0.945931,-0.30952,-0.0970196][0.186002,0.359119,0][-0.158297,0.657428,-0.380056][-0.866706,-0.294769,-0.402407][0.18259,0.353957,0][-0.151172,0.629971,-0.312336][-0.804225,-0.588571,-0.0824957][0.190539,0.33984,0][-0.144388,0.629971,-0.37846][-0.731627,-0.560388,-0.388184][0.187339,0.333842,0][-0.122725,0.608181,-0.375975][-0.521553,-0.770697,-0.366071][0.19806,0.316203,0][-0.122725,0.608181,-0.375975][-0.521553,-0.770697,-0.366071][0.19806,0.316203,0][-0.129508,0.608181,-0.309851][-0.583706,-0.809754,-0.0598799][0.200799,0.322929,0][-0.151172,0.629971,-0.312336][-0.804225,-0.588571,-0.0824957][0.190539,0.33984,0][-0.129508,0.608181,-0.309851][-0.583706,-0.809754,-0.0598799][0.200799,0.322929,0][-0.122725,0.608181,-0.375975][-0.521553,-0.770697,-0.366071][0.19806,0.316203,0][-0.0954275,0.594191,-0.372845][-0.257334,-0.90517,-0.3383][0.213677,0.302714,0][-0.0954275,0.594191,-0.372845][-0.257334,-0.90517,-0.3383][0.213677,0.302714,0][-0.102211,0.594191,-0.30672][-0.306162,-0.951461,-0.0314073][0.215754,0.309996,0][-0.129508,0.608181,-0.309851][-0.583706,-0.809754,-0.0598799][0.200799,0.322929,0][-0.102211,0.594191,-0.30672][-0.306162,-0.951461,-0.0314073][0.215754,0.309996,0][-0.0954275,0.594191,-0.372845][-0.257334,-0.90517,-0.3383][0.213677,0.302714,0][-0.0651682,0.58937,-0.369374][0.0349932,-0.950877,-0.307585][0.232672,0.294636,0][-0.0651682,0.58937,-0.369374][0.0349932,-0.950877,-0.307585][0.232672,0.294636,0][-0.0719529,0.58937,-0.30325][0.00117758,-0.999999,0.00011992][0.233947,0.30225,0][-0.102211,0.594191,-0.30672][-0.306162,-0.951461,-0.0314073][0.215754,0.309996,0][-0.0719529,0.58937,-0.30325][0.00117758,-0.999999,0.00011992][0.233947,0.30225,0][-0.0651682,0.58937,-0.369374][0.0349932,-0.950877,-0.307585][0.232672,0.294636,0][-0.0349095,0.594191,-0.365902][0.326811,-0.903603,-0.276942][0.253228,0.292721,0][-0.0349095,0.594191,-0.365902][0.326811,-0.903603,-0.276942][0.253228,0.292721,0][-0.0416931,0.594191,-0.299779][0.308301,-0.950763,0.0316257][0.253639,0.300413,0][-0.0719529,0.58937,-0.30325][0.00117758,-0.999999,0.00011992][0.233947,0.30225,0][-0.0143949,0.608181,-0.296648][-0.113962,-4.73624e-006,0.993485][0.272955,0.304656,0][-0.0719529,0.687865,-0.30325][-0.113956,0,0.993486][0.249644,0.363102,0][-0.0416931,0.594191,-0.299779][-0.113956,1.44428e-006,0.993486][0.253639,0.300413,0][0.0072667,0.629971,-0.294162][-0.113969,-8.56477e-006,0.993484][0.290052,0.314589,0][-0.0719529,0.687865,-0.30325][-0.113956,0,0.993486][0.249644,0.363102,0][-0.0143949,0.608181,-0.296648][-0.113962,-4.73624e-006,0.993485][0.272955,0.304656,0][0.0211766,0.657428,-0.292567][-0.113965,0,0.993485][0.303283,0.329286,0][-0.0719529,0.687865,-0.30325][-0.113956,0,0.993486][0.249644,0.363102,0][0.0072667,0.629971,-0.294162][-0.113969,-8.56477e-006,0.993484][0.290052,0.314589,0][0.0259683,0.687865,-0.292017][-0.113963,0,0.993485][0.311345,0.347365,0][-0.0719529,0.687865,-0.30325][-0.113956,0,0.993486][0.249644,0.363102,0][0.0211766,0.657428,-0.292567][-0.113965,0,0.993485][0.303283,0.329286,0][0.0211766,0.718302,-0.292567][-0.113965,0,0.993485][0.313409,0.367093,0][-0.0719529,0.687865,-0.30325][-0.113956,0,0.993486][0.249644,0.363102,0][0.0259683,0.687865,-0.292017][-0.113963,0,0.993485][0.311345,0.347365,0][0.0072667,0.745759,-0.294163][-0.113969,8.59917e-006,0.993484][0.309219,0.386551,0][-0.0719529,0.687865,-0.30325][-0.113956,0,0.993486][0.249644,0.363102,0][0.0211766,0.718302,-0.292567][-0.113965,0,0.993485][0.313409,0.367093,0][-0.0143948,0.767549,-0.296648][-0.113962,4.77059e-006,0.993485][0.299136,0.403807,0][-0.0719529,0.687865,-0.30325][-0.113956,0,0.993486][0.249644,0.363102,0][0.0072667,0.745759,-0.294163][-0.113969,8.59917e-006,0.993484][0.309219,0.386551,0][-0.0416931,0.781539,-0.299779][-0.113956,-1.40984e-006,0.993486][0.284119,0.417125,0][-0.0719529,0.687865,-0.30325][-0.113956,0,0.993486][0.249644,0.363102,0][-0.0143948,0.767549,-0.296648][-0.113962,4.77059e-006,0.993485][0.299136,0.403807,0][-0.0719529,0.78636,-0.30325][-0.113945,0,0.993487][0.265647,0.425144,0][-0.0719529,0.687865,-0.30325][-0.113956,0,0.993486][0.249644,0.363102,0][-0.0416931,0.781539,-0.299779][-0.113956,-1.40984e-006,0.993486][0.284119,0.417125,0][-0.102211,0.781539,-0.30672][-0.113949,-5.9171e-006,0.993487][0.24557,0.427041,0][-0.0719529,0.687865,-0.30325][-0.113956,0,0.993486][0.249644,0.363102,0][-0.0719529,0.78636,-0.30325][-0.113945,0,0.993487][0.265647,0.425144,0][-0.129508,0.767549,-0.309851][-0.113959,-5.75425e-006,0.993486][0.225906,0.422621,0][-0.0719529,0.687865,-0.30325][-0.113956,0,0.993486][0.249644,0.363102,0][-0.102211,0.781539,-0.30672][-0.113949,-5.9171e-006,0.993487][0.24557,0.427041,0][-0.151171,0.745759,-0.312336][-0.113951,-5.40951e-007,0.993486][0.208632,0.412342,0][-0.0719529,0.687865,-0.30325][-0.113956,0,0.993486][0.249644,0.363102,0][-0.129508,0.767549,-0.309851][-0.113959,-5.75425e-006,0.993486][0.225906,0.422621,0][-0.165079,0.718302,-0.313931][-0.113951,2.67204e-006,0.993486][0.195464,0.39726,0][-0.0719529,0.687865,-0.30325][-0.113956,0,0.993486][0.249644,0.363102,0][-0.151171,0.745759,-0.312336][-0.113951,-5.40951e-007,0.993486][0.208632,0.412342,0][-0.169872,0.687865,-0.314481][-0.113949,0,0.993487][0.187679,0.378908,0][-0.0719529,0.687865,-0.30325][-0.113956,0,0.993486][0.249644,0.363102,0][-0.165079,0.718302,-0.313931][-0.113951,2.67204e-006,0.993486][0.195464,0.39726,0][-0.165079,0.657428,-0.313931][-0.113951,-2.6377e-006,0.993486][0.186002,0.359119,0][-0.0719529,0.687865,-0.30325][-0.113956,0,0.993486][0.249644,0.363102,0][-0.169872,0.687865,-0.314481][-0.113949,0,0.993487][0.187679,0.378908,0][-0.151172,0.629971,-0.312336][-0.113951,5.75367e-007,0.993486][0.190539,0.33984,0][-0.0719529,0.687865,-0.30325][-0.113956,0,0.993486][0.249644,0.363102,0][-0.165079,0.657428,-0.313931][-0.113951,-2.6377e-006,0.993486][0.186002,0.359119,0][-0.129508,0.608181,-0.309851][-0.113959,5.78871e-006,0.993485][0.200799,0.322929,0][-0.0719529,0.687865,-0.30325][-0.113956,0,0.993486][0.249644,0.363102,0][-0.151172,0.629971,-0.312336][-0.113951,5.75367e-007,0.993486][0.190539,0.33984,0][-0.102211,0.594191,-0.30672][-0.113949,5.95163e-006,0.993487][0.215754,0.309996,0][-0.0719529,0.687865,-0.30325][-0.113956,0,0.993486][0.249644,0.363102,0][-0.129508,0.608181,-0.309851][-0.113959,5.78871e-006,0.993485][0.200799,0.322929,0][-0.0719529,0.58937,-0.30325][-0.113945,0,0.993487][0.233947,0.30225,0][-0.0719529,0.687865,-0.30325][-0.113956,0,0.993486][0.249644,0.363102,0][-0.102211,0.594191,-0.30672][-0.113949,5.95163e-006,0.993487][0.215754,0.309996,0][-0.0416931,0.594191,-0.299779][-0.113956,1.44428e-006,0.993486][0.253639,0.300413,0][-0.0719529,0.687865,-0.30325][-0.113956,0,0.993486][0.249644,0.363102,0][-0.0719529,0.58937,-0.30325][-0.113945,0,0.993487][0.233947,0.30225,0][-0.0476906,0.645204,-0.403856][0.113963,-8.21755e-006,-0.993485][0.250668,0.324527,0][-0.0614695,0.687865,-0.405437][0.113957,0,-0.993486][0.248707,0.355198,0][-0.0352572,0.651574,-0.40243][0.113944,-1.20345e-005,-0.993487][0.260125,0.326613,0][-0.0352572,0.651574,-0.40243][0.113944,-1.20345e-005,-0.993487][0.260125,0.326613,0][-0.0614695,0.687865,-0.405437][0.113957,0,-0.993486][0.248707,0.355198,0][-0.0253915,0.661498,-0.401299][0.113968,1.7599e-005,-0.993484][0.26848,0.331491,0][-0.0253915,0.661498,-0.401299][0.113968,1.7599e-005,-0.993484][0.26848,0.331491,0][-0.0614695,0.687865,-0.405437][0.113957,0,-0.993486][0.248707,0.355198,0][-0.0190578,0.674004,-0.400571][0.113972,-1.12216e-006,-0.993484][0.274921,0.338693,0][-0.0190578,0.674004,-0.400571][0.113972,-1.12216e-006,-0.993484][0.274921,0.338693,0][-0.0614695,0.687865,-0.405437][0.113957,0,-0.993486][0.248707,0.355198,0][-0.0168751,0.687865,-0.400322][0.113958,0,-0.993486][0.278814,0.347527,0][-0.0168751,0.687865,-0.400322][0.113958,0,-0.993486][0.278814,0.347527,0][-0.0614695,0.687865,-0.405437][0.113957,0,-0.993486][0.248707,0.355198,0][-0.0190578,0.701726,-0.400571][0.113972,1.08387e-006,-0.993484][0.279771,0.357139,0][-0.0190578,0.701726,-0.400571][0.113972,1.08387e-006,-0.993484][0.279771,0.357139,0][-0.0614695,0.687865,-0.405437][0.113957,0,-0.993486][0.248707,0.355198,0][-0.0253915,0.71423,-0.401299][0.113968,-1.76361e-005,-0.993484][0.277684,0.366589,0][-0.0253915,0.71423,-0.401299][0.113968,-1.76361e-005,-0.993484][0.277684,0.366589,0][-0.0614695,0.687865,-0.405437][0.113957,0,-0.993486][0.248707,0.355198,0][-0.0352571,0.724154,-0.40243][0.113944,1.19998e-005,-0.993487][0.272745,0.374946,0][-0.0352571,0.724154,-0.40243][0.113944,1.19998e-005,-0.993487][0.272745,0.374946,0][-0.0614695,0.687865,-0.405437][0.113957,0,-0.993486][0.248707,0.355198,0][-0.0476906,0.730526,-0.403856][0.113963,8.18245e-006,-0.993485][0.265432,0.381381,0][-0.0476906,0.730526,-0.403856][0.113963,8.18245e-006,-0.993485][0.265432,0.381381,0][-0.0614695,0.687865,-0.405437][0.113957,0,-0.993486][0.248707,0.355198,0][-0.0614695,0.732722,-0.405437][0.113939,0,-0.993488][0.256464,0.385251,0][-0.0614695,0.732722,-0.405437][0.113939,0,-0.993488][0.256464,0.385251,0][-0.0614695,0.687865,-0.405437][0.113957,0,-0.993486][0.248707,0.355198,0][-0.0752506,0.730526,-0.407017][0.113938,1.54545e-005,-0.993488][0.246726,0.386167,0][-0.0752506,0.730526,-0.407017][0.113938,1.54545e-005,-0.993488][0.246726,0.386167,0][-0.0614695,0.687865,-0.405437][0.113957,0,-0.993486][0.248707,0.355198,0][-0.0876808,0.724154,-0.408443][0.113961,1.34192e-005,-0.993485][0.237187,0.384037,0][-0.0876808,0.724154,-0.408443][0.113961,1.34192e-005,-0.993485][0.237187,0.384037,0][-0.0614695,0.687865,-0.405437][0.113957,0,-0.993486][0.248707,0.355198,0][-0.0975476,0.71423,-0.409575][0.113952,1.58441e-005,-0.993486][0.22879,0.379078,0][-0.0975476,0.71423,-0.409575][0.113952,1.58441e-005,-0.993486][0.22879,0.379078,0][-0.0614695,0.687865,-0.405437][0.113957,0,-0.993486][0.248707,0.355198,0][-0.103883,0.701726,-0.410302][0.113968,4.11145e-005,-0.993484][0.222364,0.371785,0][-0.103883,0.701726,-0.410302][0.113968,4.11145e-005,-0.993484][0.222364,0.371785,0][-0.0614695,0.687865,-0.405437][0.113957,0,-0.993486][0.248707,0.355198,0][-0.106064,0.687865,-0.410553][0.113969,0,-0.993484][0.218536,0.362885,0][-0.106064,0.687865,-0.410553][0.113969,0,-0.993484][0.218536,0.362885,0][-0.0614695,0.687865,-0.405437][0.113957,0,-0.993486][0.248707,0.355198,0][-0.103883,0.674004,-0.410302][0.113968,-4.11489e-005,-0.993484][0.217671,0.35326,0][-0.103883,0.674004,-0.410302][0.113968,-4.11489e-005,-0.993484][0.217671,0.35326,0][-0.0614695,0.687865,-0.405437][0.113957,0,-0.993486][0.248707,0.355198,0][-0.0975476,0.661498,-0.409575][0.113952,-1.58763e-005,-0.993486][0.219842,0.343852,0][-0.0975476,0.661498,-0.409575][0.113952,-1.58763e-005,-0.993486][0.219842,0.343852,0][-0.0614695,0.687865,-0.405437][0.113957,0,-0.993486][0.248707,0.355198,0][-0.0876808,0.651574,-0.408443][0.113961,-1.3454e-005,-0.993485][0.224822,0.335577,0][-0.0876808,0.651574,-0.408443][0.113961,-1.3454e-005,-0.993485][0.224822,0.335577,0][-0.0614695,0.687865,-0.405437][0.113957,0,-0.993486][0.248707,0.355198,0][-0.0752507,0.645204,-0.407017][0.113938,-1.54902e-005,-0.993488][0.23212,0.329234,0][-0.0752507,0.645204,-0.407017][0.113938,-1.54902e-005,-0.993488][0.23212,0.329234,0][-0.0614695,0.687865,-0.405437][0.113957,0,-0.993486][0.248707,0.355198,0][-0.0614695,0.643008,-0.405437][0.113939,0,-0.993488][0.241023,0.325429,0][-0.0614695,0.643008,-0.405437][0.113939,0,-0.993488][0.241023,0.325429,0][-0.0614695,0.687865,-0.405437][0.113957,0,-0.993486][0.248707,0.355198,0][-0.0476906,0.645204,-0.403856][0.113963,-8.21755e-006,-0.993485][0.250668,0.324527,0][-0.0349095,0.594191,-0.365902][0.326811,-0.903603,-0.276942][0.253228,0.292721,0][-0.0381737,0.612167,-0.391362][0.274408,-0.568767,-0.775374][0.252257,0.302307,0][-0.016115,0.623471,-0.388832][0.439524,-0.483142,-0.757227][0.268854,0.305954,0][-0.016115,0.623471,-0.388832][0.439524,-0.483142,-0.757227][0.268854,0.305954,0][-0.00761241,0.608181,-0.362772][0.5897,-0.768153,-0.249388][0.273393,0.297144,0][-0.0349095,0.594191,-0.365902][0.326811,-0.903603,-0.276942][0.253228,0.292721,0][-0.00761241,0.608181,-0.362772][0.5897,-0.768153,-0.249388][0.273393,0.297144,0][-0.016115,0.623471,-0.388832][0.439524,-0.483142,-0.757227][0.268854,0.305954,0][0.00139076,0.641081,-0.386823][0.57024,-0.350648,-0.742881][0.283537,0.314489,0][0.00139076,0.641081,-0.386823][0.57024,-0.350648,-0.742881][0.283537,0.314489,0][0.0140514,0.629971,-0.360287][0.798152,-0.557829,-0.227553][0.291244,0.307501,0][-0.00761241,0.608181,-0.362772][0.5897,-0.768153,-0.249388][0.273393,0.297144,0][0.00139076,0.641081,-0.386823][0.57024,-0.350648,-0.742881][0.283537,0.314489,0][0.0126317,0.66327,-0.385534][0.654036,-0.184223,-0.733689][0.294888,0.327112,0][0.027959,0.657428,-0.358692][0.931904,-0.293192,-0.213524][0.305061,0.322829,0][0.027959,0.657428,-0.358692][0.931904,-0.293192,-0.213524][0.305061,0.322829,0][0.0140514,0.629971,-0.360287][0.798152,-0.557829,-0.227553][0.291244,0.307501,0][0.00139076,0.641081,-0.386823][0.57024,-0.350648,-0.742881][0.283537,0.314489,0][0.0126317,0.66327,-0.385534][0.654036,-0.184223,-0.733689][0.294888,0.327112,0][0.0165031,0.687865,-0.38509][0.682876,3.84323e-006,-0.730535][0.301787,0.342626,0][0.0327519,0.687865,-0.358142][0.977979,1.99515e-006,-0.208705][0.313485,0.341688,0][0.0327519,0.687865,-0.358142][0.977979,1.99515e-006,-0.208705][0.313485,0.341688,0][0.027959,0.657428,-0.358692][0.931904,-0.293192,-0.213524][0.305061,0.322829,0][0.0126317,0.66327,-0.385534][0.654036,-0.184223,-0.733689][0.294888,0.327112,0][0.0165031,0.687865,-0.38509][0.682876,3.84323e-006,-0.730535][0.301787,0.342626,0][0.0126317,0.712461,-0.385534][0.65404,0.184212,-0.733688][0.303533,0.359543,0][0.027959,0.718302,-0.358692][0.931908,0.293185,-0.21352][0.315648,0.362274,0][0.027959,0.718302,-0.358692][0.931908,0.293185,-0.21352][0.315648,0.362274,0][0.0327519,0.687865,-0.358142][0.977979,1.99515e-006,-0.208705][0.313485,0.341688,0][0.0165031,0.687865,-0.38509][0.682876,3.84323e-006,-0.730535][0.301787,0.342626,0][0.0126317,0.712461,-0.385534][0.65404,0.184212,-0.733688][0.303533,0.359543,0][0.00139076,0.734649,-0.386823][0.570225,0.350653,-0.742891][0.299913,0.376213,0][0.0140514,0.745759,-0.360287][0.798154,0.557832,-0.227537][0.311279,0.382583,0][0.0140514,0.745759,-0.360287][0.798154,0.557832,-0.227537][0.311279,0.382583,0][0.027959,0.718302,-0.358692][0.931908,0.293185,-0.21352][0.315648,0.362274,0][0.0126317,0.712461,-0.385534][0.65404,0.184212,-0.733688][0.303533,0.359543,0][0.00139076,0.734649,-0.386823][0.570225,0.350653,-0.742891][0.299913,0.376213,0][-0.016115,0.752258,-0.388832][0.439519,0.483137,-0.757233][0.291247,0.390985,0][-0.00761235,0.767549,-0.362772][0.589703,0.768149,-0.249393][0.30075,0.4006,0][-0.00761235,0.767549,-0.362772][0.589703,0.768149,-0.249393][0.30075,0.4006,0][0.0140514,0.745759,-0.360287][0.798154,0.557832,-0.227537][0.311279,0.382583,0][0.00139076,0.734649,-0.386823][0.570225,0.350653,-0.742891][0.299913,0.376213,0][-0.016115,0.752258,-0.388832][0.439519,0.483137,-0.757233][0.291247,0.390985,0][-0.0381736,0.763563,-0.391362][0.274416,0.568764,-0.775373][0.278362,0.402379,0][-0.0349095,0.781539,-0.365902][0.326811,0.9036,-0.27695][0.285065,0.414507,0][-0.0349095,0.781539,-0.365902][0.326811,0.9036,-0.27695][0.285065,0.414507,0][-0.00761235,0.767549,-0.362772][0.589703,0.768149,-0.249393][0.30075,0.4006,0][-0.016115,0.752258,-0.388832][0.439519,0.483137,-0.757233][0.291247,0.390985,0][-0.0381736,0.763563,-0.391362][0.274416,0.568764,-0.775373][0.278362,0.402379,0][-0.0626258,0.767459,-0.394167][0.0908342,0.599003,-0.795578][0.262525,0.409238,0][-0.0651682,0.78636,-0.369374][0.0349971,0.950878,-0.307582][0.265767,0.422882,0][-0.0651682,0.78636,-0.369374][0.0349971,0.950878,-0.307582][0.265767,0.422882,0][-0.0349095,0.781539,-0.365902][0.326811,0.9036,-0.27695][0.285065,0.414507,0][-0.0381736,0.763563,-0.391362][0.274416,0.568764,-0.775373][0.278362,0.402379,0][-0.0626258,0.767459,-0.394167][0.0908342,0.599003,-0.795578][0.262525,0.409238,0][-0.0870785,0.763563,-0.396971][-0.0933636,0.570645,-0.815872][0.245318,0.410861,0][-0.0954275,0.781539,-0.372845][-0.257336,0.905168,-0.338303][0.244789,0.424864,0][-0.0954275,0.781539,-0.372845][-0.257336,0.905168,-0.338303][0.244789,0.424864,0][-0.0651682,0.78636,-0.369374][0.0349971,0.950878,-0.307582][0.265767,0.422882,0][-0.0626258,0.767459,-0.394167][0.0908342,0.599003,-0.795578][0.262525,0.409238,0][-0.0870785,0.763563,-0.396971][-0.0933636,0.570645,-0.815872][0.245318,0.410861,0][-0.109137,0.752258,-0.399502][-0.260041,0.486204,-0.834257][0.228464,0.407082,0][-0.122725,0.767549,-0.375975][-0.521558,0.77069,-0.36608][0.224246,0.420247,0][-0.122725,0.767549,-0.375975][-0.521558,0.77069,-0.36608][0.224246,0.420247,0][-0.0954275,0.781539,-0.372845][-0.257336,0.905168,-0.338303][0.244789,0.424864,0][-0.0870785,0.763563,-0.396971][-0.0933636,0.570645,-0.815872][0.245318,0.410861,0][-0.109137,0.752258,-0.399502][-0.260041,0.486204,-0.834257][0.228464,0.407082,0][-0.126643,0.734649,-0.40151][-0.392733,0.353718,-0.848908][0.213651,0.398293,0][-0.144388,0.745759,-0.37846][-0.731629,0.560392,-0.388176][0.206203,0.409513,0][-0.144388,0.745759,-0.37846][-0.731629,0.560392,-0.388176][0.206203,0.409513,0][-0.122725,0.767549,-0.375975][-0.521558,0.77069,-0.36608][0.224246,0.420247,0][-0.109137,0.752258,-0.399502][-0.260041,0.486204,-0.834257][0.228464,0.407082,0][-0.126643,0.734649,-0.40151][-0.392733,0.353718,-0.848908][0.213651,0.398293,0][-0.137883,0.712461,-0.402799][-0.478119,0.186103,-0.858352][0.202347,0.385388,0][-0.158297,0.718302,-0.380056][-0.86671,0.29477,-0.402399][0.192452,0.393766,0][-0.158297,0.718302,-0.380056][-0.86671,0.29477,-0.402399][0.192452,0.393766,0][-0.144388,0.745759,-0.37846][-0.731629,0.560392,-0.388176][0.206203,0.409513,0][-0.126643,0.734649,-0.40151][-0.392733,0.353718,-0.848908][0.213651,0.398293,0][-0.137883,0.712461,-0.402799][-0.478119,0.186103,-0.858352][0.202347,0.385388,0][-0.141755,0.687865,-0.403243][-0.507582,-1.29706e-006,-0.861603][0.195652,0.369672,0][-0.163089,0.687865,-0.380606][-0.913291,-3.23071e-006,-0.407308][0.184331,0.374608,0][-0.163089,0.687865,-0.380606][-0.913291,-3.23071e-006,-0.407308][0.184331,0.374608,0][-0.158297,0.718302,-0.380056][-0.86671,0.29477,-0.402399][0.192452,0.393766,0][-0.137883,0.712461,-0.402799][-0.478119,0.186103,-0.858352][0.202347,0.385388,0][-0.141755,0.687865,-0.403243][-0.507582,-1.29706e-006,-0.861603][0.195652,0.369672,0][-0.137883,0.66327,-0.402799][-0.478125,-0.186109,-0.858347][0.194191,0.352712,0][-0.158297,0.657428,-0.380056][-0.866706,-0.294769,-0.402407][0.18259,0.353957,0][-0.158297,0.657428,-0.380056][-0.866706,-0.294769,-0.402407][0.18259,0.353957,0][-0.163089,0.687865,-0.380606][-0.913291,-3.23071e-006,-0.407308][0.184331,0.374608,0][-0.141755,0.687865,-0.403243][-0.507582,-1.29706e-006,-0.861603][0.195652,0.369672,0][-0.137883,0.66327,-0.402799][-0.478125,-0.186109,-0.858347][0.194191,0.352712,0][-0.126643,0.641081,-0.40151][-0.392743,-0.353705,-0.848909][0.198066,0.336172,0][-0.144388,0.629971,-0.37846][-0.731627,-0.560388,-0.388184][0.187339,0.333842,0][-0.144388,0.629971,-0.37846][-0.731627,-0.560388,-0.388184][0.187339,0.333842,0][-0.158297,0.657428,-0.380056][-0.866706,-0.294769,-0.402407][0.18259,0.353957,0][-0.137883,0.66327,-0.402799][-0.478125,-0.186109,-0.858347][0.194191,0.352712,0][-0.144388,0.629971,-0.37846][-0.731627,-0.560388,-0.388184][0.187339,0.333842,0][-0.126643,0.641081,-0.40151][-0.392743,-0.353705,-0.848909][0.198066,0.336172,0][-0.109137,0.623471,-0.399502][-0.260046,-0.486212,-0.83425][0.206863,0.321654,0][-0.109137,0.623471,-0.399502][-0.260046,-0.486212,-0.83425][0.206863,0.321654,0][-0.122725,0.608181,-0.375975][-0.521553,-0.770697,-0.366071][0.19806,0.316203,0][-0.144388,0.629971,-0.37846][-0.731627,-0.560388,-0.388184][0.187339,0.333842,0][-0.122725,0.608181,-0.375975][-0.521553,-0.770697,-0.366071][0.19806,0.316203,0][-0.109137,0.623471,-0.399502][-0.260046,-0.486212,-0.83425][0.206863,0.321654,0][-0.0870785,0.612167,-0.396971][-0.0933471,-0.570657,-0.815865][0.219702,0.310543,0][-0.0870785,0.612167,-0.396971][-0.0933471,-0.570657,-0.815865][0.219702,0.310543,0][-0.0954275,0.594191,-0.372845][-0.257334,-0.90517,-0.3383][0.213677,0.302714,0][-0.122725,0.608181,-0.375975][-0.521553,-0.770697,-0.366071][0.19806,0.316203,0][-0.0954275,0.594191,-0.372845][-0.257334,-0.90517,-0.3383][0.213677,0.302714,0][-0.0870785,0.612167,-0.396971][-0.0933471,-0.570657,-0.815865][0.219702,0.310543,0][-0.0626258,0.608272,-0.394167][0.0908253,-0.598997,-0.795584][0.235334,0.303886,0][-0.0626258,0.608272,-0.394167][0.0908253,-0.598997,-0.795584][0.235334,0.303886,0][-0.0651682,0.58937,-0.369374][0.0349932,-0.950877,-0.307585][0.232672,0.294636,0][-0.0954275,0.594191,-0.372845][-0.257334,-0.90517,-0.3383][0.213677,0.302714,0][-0.0651682,0.58937,-0.369374][0.0349932,-0.950877,-0.307585][0.232672,0.294636,0][-0.0626258,0.608272,-0.394167][0.0908253,-0.598997,-0.795584][0.235334,0.303886,0][-0.0381737,0.612167,-0.391362][0.274408,-0.568767,-0.775374][0.252257,0.302307,0][-0.0381737,0.612167,-0.391362][0.274408,-0.568767,-0.775374][0.252257,0.302307,0][-0.0349095,0.594191,-0.365902][0.326811,-0.903603,-0.276942][0.253228,0.292721,0][-0.0651682,0.58937,-0.369374][0.0349932,-0.950877,-0.307585][0.232672,0.294636,0][-0.0476906,0.645204,-0.403856][0.203249,-0.294589,-0.93376][0.250668,0.324527,0][-0.0352572,0.651574,-0.40243][0.288808,-0.250421,-0.924056][0.260125,0.326613,0][-0.016115,0.623471,-0.388832][0.439524,-0.483142,-0.757227][0.268854,0.305954,0][-0.016115,0.623471,-0.388832][0.439524,-0.483142,-0.757227][0.268854,0.305954,0][-0.0381737,0.612167,-0.391362][0.274408,-0.568767,-0.775374][0.252257,0.302307,0][-0.0476906,0.645204,-0.403856][0.203249,-0.294589,-0.93376][0.250668,0.324527,0][-0.0352572,0.651574,-0.40243][0.288808,-0.250421,-0.924056][0.260125,0.326613,0][-0.0253915,0.661498,-0.401299][0.356662,-0.181796,-0.916374][0.26848,0.331491,0][0.00139076,0.641081,-0.386823][0.57024,-0.350648,-0.742881][0.283537,0.314489,0][0.00139076,0.641081,-0.386823][0.57024,-0.350648,-0.742881][0.283537,0.314489,0][-0.016115,0.623471,-0.388832][0.439524,-0.483142,-0.757227][0.268854,0.305954,0][-0.0352572,0.651574,-0.40243][0.288808,-0.250421,-0.924056][0.260125,0.326613,0][-0.0253915,0.661498,-0.401299][0.356662,-0.181796,-0.916374][0.26848,0.331491,0][-0.0190578,0.674004,-0.400571][0.400159,-0.09551,-0.911455][0.274921,0.338693,0][0.0126317,0.66327,-0.385534][0.654036,-0.184223,-0.733689][0.294888,0.327112,0][0.0126317,0.66327,-0.385534][0.654036,-0.184223,-0.733689][0.294888,0.327112,0][0.00139076,0.641081,-0.386823][0.57024,-0.350648,-0.742881][0.283537,0.314489,0][-0.0253915,0.661498,-0.401299][0.356662,-0.181796,-0.916374][0.26848,0.331491,0][-0.0190578,0.674004,-0.400571][0.400159,-0.09551,-0.911455][0.274921,0.338693,0][-0.0168751,0.687865,-0.400322][0.415138,-1.86666e-005,-0.909758][0.278814,0.347527,0][0.0165031,0.687865,-0.38509][0.682876,3.84323e-006,-0.730535][0.301787,0.342626,0][0.0165031,0.687865,-0.38509][0.682876,3.84323e-006,-0.730535][0.301787,0.342626,0][0.0126317,0.66327,-0.385534][0.654036,-0.184223,-0.733689][0.294888,0.327112,0][-0.0190578,0.674004,-0.400571][0.400159,-0.09551,-0.911455][0.274921,0.338693,0][-0.0168751,0.687865,-0.400322][0.415138,-1.86666e-005,-0.909758][0.278814,0.347527,0][-0.0190578,0.701726,-0.400571][0.400148,0.0955523,-0.911455][0.279771,0.357139,0][0.0126317,0.712461,-0.385534][0.65404,0.184212,-0.733688][0.303533,0.359543,0][0.0126317,0.712461,-0.385534][0.65404,0.184212,-0.733688][0.303533,0.359543,0][0.0165031,0.687865,-0.38509][0.682876,3.84323e-006,-0.730535][0.301787,0.342626,0][-0.0168751,0.687865,-0.400322][0.415138,-1.86666e-005,-0.909758][0.278814,0.347527,0][-0.0190578,0.701726,-0.400571][0.400148,0.0955523,-0.911455][0.279771,0.357139,0][-0.0253915,0.71423,-0.401299][0.356682,0.181787,-0.916369][0.277684,0.366589,0][0.00139076,0.734649,-0.386823][0.570225,0.350653,-0.742891][0.299913,0.376213,0][0.00139076,0.734649,-0.386823][0.570225,0.350653,-0.742891][0.299913,0.376213,0][0.0126317,0.712461,-0.385534][0.65404,0.184212,-0.733688][0.303533,0.359543,0][-0.0190578,0.701726,-0.400571][0.400148,0.0955523,-0.911455][0.279771,0.357139,0][-0.0253915,0.71423,-0.401299][0.356682,0.181787,-0.916369][0.277684,0.366589,0][-0.0352571,0.724154,-0.40243][0.288817,0.250395,-0.92406][0.272745,0.374946,0][-0.016115,0.752258,-0.388832][0.439519,0.483137,-0.757233][0.291247,0.390985,0][-0.016115,0.752258,-0.388832][0.439519,0.483137,-0.757233][0.291247,0.390985,0][0.00139076,0.734649,-0.386823][0.570225,0.350653,-0.742891][0.299913,0.376213,0][-0.0253915,0.71423,-0.401299][0.356682,0.181787,-0.916369][0.277684,0.366589,0][-0.0352571,0.724154,-0.40243][0.288817,0.250395,-0.92406][0.272745,0.374946,0][-0.0476906,0.730526,-0.403856][0.203238,0.294587,-0.933763][0.265432,0.381381,0][-0.0381736,0.763563,-0.391362][0.274416,0.568764,-0.775373][0.278362,0.402379,0][-0.0381736,0.763563,-0.391362][0.274416,0.568764,-0.775373][0.278362,0.402379,0][-0.016115,0.752258,-0.388832][0.439519,0.483137,-0.757233][0.291247,0.390985,0][-0.0352571,0.724154,-0.40243][0.288817,0.250395,-0.92406][0.272745,0.374946,0][-0.0476906,0.730526,-0.403856][0.203238,0.294587,-0.933763][0.265432,0.381381,0][-0.0614695,0.732722,-0.405437][0.108204,0.310029,-0.94455][0.256464,0.385251,0][-0.0626258,0.767459,-0.394167][0.0908342,0.599003,-0.795578][0.262525,0.409238,0][-0.0626258,0.767459,-0.394167][0.0908342,0.599003,-0.795578][0.262525,0.409238,0][-0.0381736,0.763563,-0.391362][0.274416,0.568764,-0.775373][0.278362,0.402379,0][-0.0476906,0.730526,-0.403856][0.203238,0.294587,-0.933763][0.265432,0.381381,0][-0.0614695,0.732722,-0.405437][0.108204,0.310029,-0.94455][0.256464,0.385251,0][-0.0752506,0.730526,-0.407017][0.0129675,0.295143,-0.955365][0.246726,0.386167,0][-0.0870785,0.763563,-0.396971][-0.0933636,0.570645,-0.815872][0.245318,0.410861,0][-0.0870785,0.763563,-0.396971][-0.0933636,0.570645,-0.815872][0.245318,0.410861,0][-0.0626258,0.767459,-0.394167][0.0908342,0.599003,-0.795578][0.262525,0.409238,0][-0.0614695,0.732722,-0.405437][0.108204,0.310029,-0.94455][0.256464,0.385251,0][-0.0752506,0.730526,-0.407017][0.0129675,0.295143,-0.955365][0.246726,0.386167,0][-0.0876808,0.724154,-0.408443][-0.0730449,0.251305,-0.965148][0.237187,0.384037,0][-0.109137,0.752258,-0.399502][-0.260041,0.486204,-0.834257][0.228464,0.407082,0][-0.109137,0.752258,-0.399502][-0.260041,0.486204,-0.834257][0.228464,0.407082,0][-0.0870785,0.763563,-0.396971][-0.0933636,0.570645,-0.815872][0.245318,0.410861,0][-0.0752506,0.730526,-0.407017][0.0129675,0.295143,-0.955365][0.246726,0.386167,0][-0.0876808,0.724154,-0.408443][-0.0730449,0.251305,-0.965148][0.237187,0.384037,0][-0.0975476,0.71423,-0.409575][-0.141457,0.182725,-0.972934][0.22879,0.379078,0][-0.126643,0.734649,-0.40151][-0.392733,0.353718,-0.848908][0.213651,0.398293,0][-0.126643,0.734649,-0.40151][-0.392733,0.353718,-0.848908][0.213651,0.398293,0][-0.109137,0.752258,-0.399502][-0.260041,0.486204,-0.834257][0.228464,0.407082,0][-0.0876808,0.724154,-0.408443][-0.0730449,0.251305,-0.965148][0.237187,0.384037,0][-0.0975476,0.71423,-0.409575][-0.141457,0.182725,-0.972934][0.22879,0.379078,0][-0.103883,0.701726,-0.410302][-0.185449,0.0961359,-0.97794][0.222364,0.371785,0][-0.137883,0.712461,-0.402799][-0.478119,0.186103,-0.858352][0.202347,0.385388,0][-0.137883,0.712461,-0.402799][-0.478119,0.186103,-0.858352][0.202347,0.385388,0][-0.126643,0.734649,-0.40151][-0.392733,0.353718,-0.848908][0.213651,0.398293,0][-0.0975476,0.71423,-0.409575][-0.141457,0.182725,-0.972934][0.22879,0.379078,0][-0.103883,0.701726,-0.410302][-0.185449,0.0961359,-0.97794][0.222364,0.371785,0][-0.106064,0.687865,-0.410553][-0.200626,4.80635e-006,-0.979668][0.218536,0.362885,0][-0.141755,0.687865,-0.403243][-0.507582,-1.29706e-006,-0.861603][0.195652,0.369672,0][-0.141755,0.687865,-0.403243][-0.507582,-1.29706e-006,-0.861603][0.195652,0.369672,0][-0.137883,0.712461,-0.402799][-0.478119,0.186103,-0.858352][0.202347,0.385388,0][-0.103883,0.701726,-0.410302][-0.185449,0.0961359,-0.97794][0.222364,0.371785,0][-0.106064,0.687865,-0.410553][-0.200626,4.80635e-006,-0.979668][0.218536,0.362885,0][-0.103883,0.674004,-0.410302][-0.185438,-0.0961232,-0.977943][0.217671,0.35326,0][-0.137883,0.66327,-0.402799][-0.478125,-0.186109,-0.858347][0.194191,0.352712,0][-0.137883,0.66327,-0.402799][-0.478125,-0.186109,-0.858347][0.194191,0.352712,0][-0.141755,0.687865,-0.403243][-0.507582,-1.29706e-006,-0.861603][0.195652,0.369672,0][-0.106064,0.687865,-0.410553][-0.200626,4.80635e-006,-0.979668][0.218536,0.362885,0][-0.103883,0.674004,-0.410302][-0.185438,-0.0961232,-0.977943][0.217671,0.35326,0][-0.0975476,0.661498,-0.409575][-0.141452,-0.182731,-0.972934][0.219842,0.343852,0][-0.126643,0.641081,-0.40151][-0.392743,-0.353705,-0.848909][0.198066,0.336172,0][-0.126643,0.641081,-0.40151][-0.392743,-0.353705,-0.848909][0.198066,0.336172,0][-0.137883,0.66327,-0.402799][-0.478125,-0.186109,-0.858347][0.194191,0.352712,0][-0.103883,0.674004,-0.410302][-0.185438,-0.0961232,-0.977943][0.217671,0.35326,0][-0.0975476,0.661498,-0.409575][-0.141452,-0.182731,-0.972934][0.219842,0.343852,0][-0.0876808,0.651574,-0.408443][-0.0730419,-0.251305,-0.965148][0.224822,0.335577,0][-0.109137,0.623471,-0.399502][-0.260046,-0.486212,-0.83425][0.206863,0.321654,0][-0.109137,0.623471,-0.399502][-0.260046,-0.486212,-0.83425][0.206863,0.321654,0][-0.126643,0.641081,-0.40151][-0.392743,-0.353705,-0.848909][0.198066,0.336172,0][-0.0975476,0.661498,-0.409575][-0.141452,-0.182731,-0.972934][0.219842,0.343852,0][-0.0876808,0.651574,-0.408443][-0.0730419,-0.251305,-0.965148][0.224822,0.335577,0][-0.0752507,0.645204,-0.407017][0.0129914,-0.295153,-0.955362][0.23212,0.329234,0][-0.0870785,0.612167,-0.396971][-0.0933471,-0.570657,-0.815865][0.219702,0.310543,0][-0.0870785,0.612167,-0.396971][-0.0933471,-0.570657,-0.815865][0.219702,0.310543,0][-0.109137,0.623471,-0.399502][-0.260046,-0.486212,-0.83425][0.206863,0.321654,0][-0.0876808,0.651574,-0.408443][-0.0730419,-0.251305,-0.965148][0.224822,0.335577,0][-0.0752507,0.645204,-0.407017][0.0129914,-0.295153,-0.955362][0.23212,0.329234,0][-0.0614695,0.643008,-0.405437][0.108188,-0.310032,-0.94455][0.241023,0.325429,0][-0.0626258,0.608272,-0.394167][0.0908253,-0.598997,-0.795584][0.235334,0.303886,0][-0.0626258,0.608272,-0.394167][0.0908253,-0.598997,-0.795584][0.235334,0.303886,0][-0.0870785,0.612167,-0.396971][-0.0933471,-0.570657,-0.815865][0.219702,0.310543,0][-0.0752507,0.645204,-0.407017][0.0129914,-0.295153,-0.955362][0.23212,0.329234,0][-0.0614695,0.643008,-0.405437][0.108188,-0.310032,-0.94455][0.241023,0.325429,0][-0.0476906,0.645204,-0.403856][0.203249,-0.294589,-0.93376][0.250668,0.324527,0][-0.0381737,0.612167,-0.391362][0.274408,-0.568767,-0.775374][0.252257,0.302307,0][-0.0381737,0.612167,-0.391362][0.274408,-0.568767,-0.775374][0.252257,0.302307,0][-0.0626258,0.608272,-0.394167][0.0908253,-0.598997,-0.795584][0.235334,0.303886,0][-0.0614695,0.643008,-0.405437][0.108188,-0.310032,-0.94455][0.241023,0.325429,0][-0.0352572,0.651574,-0.40243][-1,1.50996e-007,0][0.260125,0.326613,0][-0.0352572,0.651574,-0.40243][-1,1.50996e-007,0][0.260125,0.326613,0][-0.0476906,0.645204,-0.403856][-1,1.50996e-007,0][0.250668,0.324527,0][-0.0476906,0.645204,-0.403856][-1,1.50996e-007,0][0.250668,0.324527,0][-0.0476906,0.645204,-0.403856][-1,1.50996e-007,0][0.250668,0.324527,0][-0.0352572,0.651574,-0.40243][-1,1.50996e-007,0][0.260125,0.326613,0][-0.0253915,0.661498,-0.401299][-1,1.50996e-007,0][0.26848,0.331491,0][-0.0253915,0.661498,-0.401299][-1,1.50996e-007,0][0.26848,0.331491,0][-0.0352572,0.651574,-0.40243][-1,1.50996e-007,0][0.260125,0.326613,0][-0.0352572,0.651574,-0.40243][-1,1.50996e-007,0][0.260125,0.326613,0][-0.0352572,0.651574,-0.40243][-1,1.50996e-007,0][0.260125,0.326613,0][-0.0253915,0.661498,-0.401299][-1,1.50996e-007,0][0.26848,0.331491,0][-0.0190578,0.674004,-0.400571][-1,1.50996e-007,0][0.274921,0.338693,0][-0.0190578,0.674004,-0.400571][-1,1.50996e-007,0][0.274921,0.338693,0][-0.0253915,0.661498,-0.401299][-1,1.50996e-007,0][0.26848,0.331491,0][-0.0253915,0.661498,-0.401299][-1,1.50996e-007,0][0.26848,0.331491,0][-0.0253915,0.661498,-0.401299][-1,1.50996e-007,0][0.26848,0.331491,0][-0.0190578,0.674004,-0.400571][-1,1.50996e-007,0][0.274921,0.338693,0][-0.0168751,0.687865,-0.400322][-1,1.50996e-007,0][0.278814,0.347527,0][-0.0168751,0.687865,-0.400322][-1,1.50996e-007,0][0.278814,0.347527,0][-0.0190578,0.674004,-0.400571][-1,1.50996e-007,0][0.274921,0.338693,0][-0.0190578,0.674004,-0.400571][-1,1.50996e-007,0][0.274921,0.338693,0][-0.0190578,0.674004,-0.400571][-1,1.50996e-007,0][0.274921,0.338693,0][-0.0168751,0.687865,-0.400322][-1,1.50996e-007,0][0.278814,0.347527,0][-0.0190578,0.701726,-0.400571][-1,1.50996e-007,0][0.279771,0.357139,0][-0.0190578,0.701726,-0.400571][-1,1.50996e-007,0][0.279771,0.357139,0][-0.0168751,0.687865,-0.400322][-1,1.50996e-007,0][0.278814,0.347527,0][-0.0168751,0.687865,-0.400322][-1,1.50996e-007,0][0.278814,0.347527,0][-0.0168751,0.687865,-0.400322][-1,1.50996e-007,0][0.278814,0.347527,0][-0.0190578,0.701726,-0.400571][-1,1.50996e-007,0][0.279771,0.357139,0][-0.0253915,0.71423,-0.401299][-1,1.50996e-007,0][0.277684,0.366589,0][-0.0253915,0.71423,-0.401299][-1,1.50996e-007,0][0.277684,0.366589,0][-0.0190578,0.701726,-0.400571][-1,1.50996e-007,0][0.279771,0.357139,0][-0.0190578,0.701726,-0.400571][-1,1.50996e-007,0][0.279771,0.357139,0][-0.0190578,0.701726,-0.400571][-1,1.50996e-007,0][0.279771,0.357139,0][-0.0253915,0.71423,-0.401299][-1,1.50996e-007,0][0.277684,0.366589,0][-0.0352571,0.724154,-0.40243][-1,1.50996e-007,0][0.272745,0.374946,0][-0.0352571,0.724154,-0.40243][-1,1.50996e-007,0][0.272745,0.374946,0][-0.0253915,0.71423,-0.401299][-1,1.50996e-007,0][0.277684,0.366589,0][-0.0253915,0.71423,-0.401299][-1,1.50996e-007,0][0.277684,0.366589,0][-0.0253915,0.71423,-0.401299][-1,1.50996e-007,0][0.277684,0.366589,0][-0.0352571,0.724154,-0.40243][-1,1.50996e-007,0][0.272745,0.374946,0][-0.0476906,0.730526,-0.403856][-1,1.50996e-007,0][0.265432,0.381381,0][-0.0476906,0.730526,-0.403856][-1,1.50996e-007,0][0.265432,0.381381,0][-0.0352571,0.724154,-0.40243][-1,1.50996e-007,0][0.272745,0.374946,0][-0.0352571,0.724154,-0.40243][-1,1.50996e-007,0][0.272745,0.374946,0][-0.0352571,0.724154,-0.40243][-1,1.50996e-007,0][0.272745,0.374946,0][-0.0476906,0.730526,-0.403856][-1,1.50996e-007,0][0.265432,0.381381,0][-0.0614695,0.732722,-0.405437][-1,1.50996e-007,0][0.256464,0.385251,0][-0.0614695,0.732722,-0.405437][-1,1.50996e-007,0][0.256464,0.385251,0][-0.0476906,0.730526,-0.403856][-1,1.50996e-007,0][0.265432,0.381381,0][-0.0476906,0.730526,-0.403856][-1,1.50996e-007,0][0.265432,0.381381,0][-0.0476906,0.730526,-0.403856][-1,1.50996e-007,0][0.265432,0.381381,0][-0.0614695,0.732722,-0.405437][-1,1.50996e-007,0][0.256464,0.385251,0][-0.0752506,0.730526,-0.407017][-1,1.50996e-007,0][0.246726,0.386167,0][-0.0752506,0.730526,-0.407017][-1,1.50996e-007,0][0.246726,0.386167,0][-0.0614695,0.732722,-0.405437][-1,1.50996e-007,0][0.256464,0.385251,0][-0.0614695,0.732722,-0.405437][-1,1.50996e-007,0][0.256464,0.385251,0][-0.0614695,0.732722,-0.405437][-1,1.50996e-007,0][0.256464,0.385251,0][-0.0752506,0.730526,-0.407017][-1,1.50996e-007,0][0.246726,0.386167,0][-0.0876808,0.724154,-0.408443][-1,1.50996e-007,0][0.237187,0.384037,0][-0.0876808,0.724154,-0.408443][-1,1.50996e-007,0][0.237187,0.384037,0][-0.0752506,0.730526,-0.407017][-1,1.50996e-007,0][0.246726,0.386167,0][-0.0752506,0.730526,-0.407017][-1,1.50996e-007,0][0.246726,0.386167,0][-0.0752506,0.730526,-0.407017][-1,1.50996e-007,0][0.246726,0.386167,0][-0.0876808,0.724154,-0.408443][-1,1.50996e-007,0][0.237187,0.384037,0][-0.0975476,0.71423,-0.409575][-1,1.50996e-007,0][0.22879,0.379078,0][-0.0975476,0.71423,-0.409575][-1,1.50996e-007,0][0.22879,0.379078,0][-0.0876808,0.724154,-0.408443][-1,1.50996e-007,0][0.237187,0.384037,0][-0.0876808,0.724154,-0.408443][-1,1.50996e-007,0][0.237187,0.384037,0][-0.0876808,0.724154,-0.408443][-1,1.50996e-007,0][0.237187,0.384037,0][-0.0975476,0.71423,-0.409575][-1,1.50996e-007,0][0.22879,0.379078,0][-0.103883,0.701726,-0.410302][-1,1.50996e-007,0][0.222364,0.371785,0][-0.103883,0.701726,-0.410302][-1,1.50996e-007,0][0.222364,0.371785,0][-0.0975476,0.71423,-0.409575][-1,1.50996e-007,0][0.22879,0.379078,0][-0.0975476,0.71423,-0.409575][-1,1.50996e-007,0][0.22879,0.379078,0][-0.0975476,0.71423,-0.409575][-1,1.50996e-007,0][0.22879,0.379078,0][-0.103883,0.701726,-0.410302][-1,1.50996e-007,0][0.222364,0.371785,0][-0.106064,0.687865,-0.410553][-1,1.50996e-007,0][0.218536,0.362885,0][-0.106064,0.687865,-0.410553][-1,1.50996e-007,0][0.218536,0.362885,0][-0.103883,0.701726,-0.410302][-1,1.50996e-007,0][0.222364,0.371785,0][-0.103883,0.701726,-0.410302][-1,1.50996e-007,0][0.222364,0.371785,0][-0.103883,0.701726,-0.410302][-1,1.50996e-007,0][0.222364,0.371785,0][-0.106064,0.687865,-0.410553][-1,1.50996e-007,0][0.218536,0.362885,0][-0.103883,0.674004,-0.410302][-1,1.50996e-007,0][0.217671,0.35326,0][-0.103883,0.674004,-0.410302][-1,1.50996e-007,0][0.217671,0.35326,0][-0.106064,0.687865,-0.410553][-1,1.50996e-007,0][0.218536,0.362885,0][-0.106064,0.687865,-0.410553][-1,1.50996e-007,0][0.218536,0.362885,0][-0.106064,0.687865,-0.410553][-1,1.50996e-007,0][0.218536,0.362885,0][-0.103883,0.674004,-0.410302][-1,1.50996e-007,0][0.217671,0.35326,0][-0.0975476,0.661498,-0.409575][-1,1.50996e-007,0][0.219842,0.343852,0][-0.0975476,0.661498,-0.409575][-1,1.50996e-007,0][0.219842,0.343852,0][-0.103883,0.674004,-0.410302][-1,1.50996e-007,0][0.217671,0.35326,0][-0.103883,0.674004,-0.410302][-1,1.50996e-007,0][0.217671,0.35326,0][-0.103883,0.674004,-0.410302][-1,1.50996e-007,0][0.217671,0.35326,0][-0.0975476,0.661498,-0.409575][-1,1.50996e-007,0][0.219842,0.343852,0][-0.0876808,0.651574,-0.408443][-1,1.50996e-007,0][0.224822,0.335577,0][-0.0876808,0.651574,-0.408443][-1,1.50996e-007,0][0.224822,0.335577,0][-0.0975476,0.661498,-0.409575][-1,1.50996e-007,0][0.219842,0.343852,0][-0.0975476,0.661498,-0.409575][-1,1.50996e-007,0][0.219842,0.343852,0][-0.0975476,0.661498,-0.409575][-1,1.50996e-007,0][0.219842,0.343852,0][-0.0876808,0.651574,-0.408443][-1,1.50996e-007,0][0.224822,0.335577,0][-0.0752507,0.645204,-0.407017][-1,1.50996e-007,0][0.23212,0.329234,0][-0.0752507,0.645204,-0.407017][-1,1.50996e-007,0][0.23212,0.329234,0][-0.0876808,0.651574,-0.408443][-1,1.50996e-007,0][0.224822,0.335577,0][-0.0876808,0.651574,-0.408443][-1,1.50996e-007,0][0.224822,0.335577,0][-0.0876808,0.651574,-0.408443][-1,1.50996e-007,0][0.224822,0.335577,0][-0.0752507,0.645204,-0.407017][-1,1.50996e-007,0][0.23212,0.329234,0][-0.0614695,0.643008,-0.405437][-1,1.50996e-007,0][0.241023,0.325429,0][-0.0614695,0.643008,-0.405437][-1,1.50996e-007,0][0.241023,0.325429,0][-0.0752507,0.645204,-0.407017][-1,1.50996e-007,0][0.23212,0.329234,0][-0.0752507,0.645204,-0.407017][-1,1.50996e-007,0][0.23212,0.329234,0][-0.0752507,0.645204,-0.407017][-1,1.50996e-007,0][0.23212,0.329234,0][-0.0614695,0.643008,-0.405437][-1,1.50996e-007,0][0.241023,0.325429,0][-0.0476906,0.645204,-0.403856][-1,1.50996e-007,0][0.250668,0.324527,0][-0.0476906,0.645204,-0.403856][-1,1.50996e-007,0][0.250668,0.324527,0][-0.0614695,0.643008,-0.405437][-1,1.50996e-007,0][0.241023,0.325429,0][-0.0614695,0.643008,-0.405437][-1,1.50996e-007,0][0.241023,0.325429,0][-0.0614695,0.643008,-0.405437][-1,1.50996e-007,0][0.241023,0.325429,0][-0.0476906,0.645204,-0.403856][-1,1.50996e-007,0][0.250668,0.324527,0][-0.0416932,-0.37557,-0.134206][0.30831,-0.95076,0.031626][0.253639,0.300413,0][-0.0349096,-0.37557,-0.20033][0.32682,-0.903599,-0.276943][0.253228,0.292721,0][-0.00761253,-0.36158,-0.1972][0.589707,-0.768147,-0.249392][0.273393,0.297144,0][-0.00761253,-0.36158,-0.1972][0.589707,-0.768147,-0.249392][0.273393,0.297144,0][-0.014395,-0.36158,-0.131075][0.585274,-0.80861,0.0600411][0.272955,0.304656,0][-0.0416932,-0.37557,-0.134206][0.30831,-0.95076,0.031626][0.253639,0.300413,0][-0.014395,-0.36158,-0.131075][0.585274,-0.80861,0.0600411][0.272955,0.304656,0][-0.00761253,-0.36158,-0.1972][0.589707,-0.768147,-0.249392][0.273393,0.297144,0][0.0140513,-0.33979,-0.194714][0.798156,-0.55783,-0.227535][0.291244,0.307501,0][0.0140513,-0.33979,-0.194714][0.798156,-0.55783,-0.227535][0.291244,0.307501,0][0.00726658,-0.33979,-0.128591][0.805037,-0.587446,0.0826018][0.290052,0.314589,0][-0.014395,-0.36158,-0.131075][0.585274,-0.80861,0.0600411][0.272955,0.304656,0][0.0140513,-0.33979,-0.194714][0.798156,-0.55783,-0.227535][0.291244,0.307501,0][0.0279589,-0.312332,-0.193119][0.931908,-0.293189,-0.213511][0.305061,0.322829,0][0.0211765,-0.312332,-0.126996][0.946154,-0.308822,0.0970607][0.303283,0.329286,0][0.0211765,-0.312332,-0.126996][0.946154,-0.308822,0.0970607][0.303283,0.329286,0][0.00726658,-0.33979,-0.128591][0.805037,-0.587446,0.0826018][0.290052,0.314589,0][0.0140513,-0.33979,-0.194714][0.798156,-0.55783,-0.227535][0.291244,0.307501,0][0.0279589,-0.312332,-0.193119][0.931908,-0.293189,-0.213511][0.305061,0.322829,0][0.0327517,-0.281896,-0.192569][0.977981,2.80228e-006,-0.208693][0.313485,0.341688,0][0.0259682,-0.281896,-0.126446][0.99478,-4.65064e-006,0.102047][0.311345,0.347365,0][0.0259682,-0.281896,-0.126446][0.99478,-4.65064e-006,0.102047][0.311345,0.347365,0][0.0211765,-0.312332,-0.126996][0.946154,-0.308822,0.0970607][0.303283,0.329286,0][0.0279589,-0.312332,-0.193119][0.931908,-0.293189,-0.213511][0.305061,0.322829,0][0.0327517,-0.281896,-0.192569][0.977981,2.80228e-006,-0.208693][0.313485,0.341688,0][0.0279589,-0.251459,-0.193119][0.931911,0.293184,-0.213507][0.315648,0.362274,0][0.0211765,-0.251459,-0.126996][0.946151,0.308835,0.0970552][0.313409,0.367093,0][0.0211765,-0.251459,-0.126996][0.946151,0.308835,0.0970552][0.313409,0.367093,0][0.0259682,-0.281896,-0.126446][0.99478,-4.65064e-006,0.102047][0.311345,0.347365,0][0.0327517,-0.281896,-0.192569][0.977981,2.80228e-006,-0.208693][0.313485,0.341688,0][0.0279589,-0.251459,-0.193119][0.931911,0.293184,-0.213507][0.315648,0.362274,0][0.0140513,-0.224002,-0.194714][0.798156,0.557834,-0.227526][0.311279,0.382583,0][0.00726658,-0.224002,-0.128591][0.805043,0.587439,0.0825916][0.309219,0.386551,0][0.00726658,-0.224002,-0.128591][0.805043,0.587439,0.0825916][0.309219,0.386551,0][0.0211765,-0.251459,-0.126996][0.946151,0.308835,0.0970552][0.313409,0.367093,0][0.0279589,-0.251459,-0.193119][0.931911,0.293184,-0.213507][0.315648,0.362274,0][0.0140513,-0.224002,-0.194714][0.798156,0.557834,-0.227526][0.311279,0.382583,0][-0.00761253,-0.202212,-0.1972][0.589702,0.76815,-0.249393][0.30075,0.4006,0][-0.014395,-0.202212,-0.131075][0.585268,0.808614,0.0600405][0.299136,0.403807,0][-0.014395,-0.202212,-0.131075][0.585268,0.808614,0.0600405][0.299136,0.403807,0][0.00726658,-0.224002,-0.128591][0.805043,0.587439,0.0825916][0.309219,0.386551,0][0.0140513,-0.224002,-0.194714][0.798156,0.557834,-0.227526][0.311279,0.382583,0][-0.00761253,-0.202212,-0.1972][0.589702,0.76815,-0.249393][0.30075,0.4006,0][-0.0349096,-0.188222,-0.20033][0.326822,0.9036,-0.276939][0.285065,0.414507,0][-0.0416932,-0.188222,-0.134206][0.308311,0.95076,0.0316261][0.284119,0.417125,0][-0.0416932,-0.188222,-0.134206][0.308311,0.95076,0.0316261][0.284119,0.417125,0][-0.014395,-0.202212,-0.131075][0.585268,0.808614,0.0600405][0.299136,0.403807,0][-0.00761253,-0.202212,-0.1972][0.589702,0.76815,-0.249393][0.30075,0.4006,0][-0.0349096,-0.188222,-0.20033][0.326822,0.9036,-0.276939][0.285065,0.414507,0][-0.0651684,-0.183401,-0.203802][0.0349863,0.950876,-0.307589][0.265767,0.422882,0][-0.0719531,-0.183401,-0.137677][0.00118007,0.999999,0.000120145][0.265647,0.425144,0][-0.0719531,-0.183401,-0.137677][0.00118007,0.999999,0.000120145][0.265647,0.425144,0][-0.0416932,-0.188222,-0.134206][0.308311,0.95076,0.0316261][0.284119,0.417125,0][-0.0349096,-0.188222,-0.20033][0.326822,0.9036,-0.276939][0.285065,0.414507,0][-0.0651684,-0.183401,-0.203802][0.0349863,0.950876,-0.307589][0.265767,0.422882,0][-0.0954277,-0.188222,-0.207272][-0.257341,0.905175,-0.33828][0.244789,0.424864,0][-0.102211,-0.188222,-0.141148][-0.30617,0.951458,-0.0314085][0.24557,0.427041,0][-0.102211,-0.188222,-0.141148][-0.30617,0.951458,-0.0314085][0.24557,0.427041,0][-0.0719531,-0.183401,-0.137677][0.00118007,0.999999,0.000120145][0.265647,0.425144,0][-0.0651684,-0.183401,-0.203802][0.0349863,0.950876,-0.307589][0.265767,0.422882,0][-0.0954277,-0.188222,-0.207272][-0.257341,0.905175,-0.33828][0.244789,0.424864,0][-0.122725,-0.202212,-0.210404][-0.521557,0.770695,-0.366071][0.224246,0.420247,0][-0.129508,-0.202212,-0.144279][-0.583708,0.809753,-0.05988][0.225906,0.422621,0][-0.129508,-0.202212,-0.144279][-0.583708,0.809753,-0.05988][0.225906,0.422621,0][-0.102211,-0.188222,-0.141148][-0.30617,0.951458,-0.0314085][0.24557,0.427041,0][-0.0954277,-0.188222,-0.207272][-0.257341,0.905175,-0.33828][0.244789,0.424864,0][-0.122725,-0.202212,-0.210404][-0.521557,0.770695,-0.366071][0.224246,0.420247,0][-0.144388,-0.224001,-0.212888][-0.731633,0.560387,-0.388175][0.206203,0.409513,0][-0.151172,-0.224001,-0.146764][-0.804226,0.588569,-0.0825044][0.208632,0.412342,0][-0.151172,-0.224001,-0.146764][-0.804226,0.588569,-0.0825044][0.208632,0.412342,0][-0.129508,-0.202212,-0.144279][-0.583708,0.809753,-0.05988][0.225906,0.422621,0][-0.122725,-0.202212,-0.210404][-0.521557,0.770695,-0.366071][0.224246,0.420247,0][-0.144388,-0.224001,-0.212888][-0.731633,0.560387,-0.388175][0.206203,0.409513,0][-0.158297,-0.251459,-0.214483][-0.866715,0.294769,-0.40239][0.192452,0.393766,0][-0.165079,-0.251459,-0.14836][-0.945928,0.309525,-0.0970262][0.195464,0.39726,0][-0.165079,-0.251459,-0.14836][-0.945928,0.309525,-0.0970262][0.195464,0.39726,0][-0.151172,-0.224001,-0.146764][-0.804226,0.588569,-0.0825044][0.208632,0.412342,0][-0.144388,-0.224001,-0.212888][-0.731633,0.560387,-0.388175][0.206203,0.409513,0][-0.158297,-0.251459,-0.214483][-0.866715,0.294769,-0.40239][0.192452,0.393766,0][-0.16309,-0.281896,-0.215033][-0.913295,-2.28352e-006,-0.407299][0.184331,0.374608,0][-0.169872,-0.281896,-0.148909][-0.994781,-2.31049e-006,-0.102034][0.187679,0.378908,0][-0.169872,-0.281896,-0.148909][-0.994781,-2.31049e-006,-0.102034][0.187679,0.378908,0][-0.165079,-0.251459,-0.14836][-0.945928,0.309525,-0.0970262][0.195464,0.39726,0][-0.158297,-0.251459,-0.214483][-0.866715,0.294769,-0.40239][0.192452,0.393766,0][-0.16309,-0.281896,-0.215033][-0.913295,-2.28352e-006,-0.407299][0.184331,0.374608,0][-0.158297,-0.312332,-0.214483][-0.866711,-0.294766,-0.402399][0.18259,0.353957,0][-0.165079,-0.312332,-0.14836][-0.945929,-0.309524,-0.0970211][0.186002,0.359119,0][-0.165079,-0.312332,-0.14836][-0.945929,-0.309524,-0.0970211][0.186002,0.359119,0][-0.169872,-0.281896,-0.148909][-0.994781,-2.31049e-006,-0.102034][0.187679,0.378908,0][-0.16309,-0.281896,-0.215033][-0.913295,-2.28352e-006,-0.407299][0.184331,0.374608,0][-0.158297,-0.312332,-0.214483][-0.866711,-0.294766,-0.402399][0.18259,0.353957,0][-0.144388,-0.33979,-0.212888][-0.731632,-0.560388,-0.388175][0.187339,0.333842,0][-0.151172,-0.339789,-0.146764][-0.804226,-0.58857,-0.0824935][0.190539,0.33984,0][-0.151172,-0.339789,-0.146764][-0.804226,-0.58857,-0.0824935][0.190539,0.33984,0][-0.165079,-0.312332,-0.14836][-0.945929,-0.309524,-0.0970211][0.186002,0.359119,0][-0.158297,-0.312332,-0.214483][-0.866711,-0.294766,-0.402399][0.18259,0.353957,0][-0.151172,-0.339789,-0.146764][-0.804226,-0.58857,-0.0824935][0.190539,0.33984,0][-0.144388,-0.33979,-0.212888][-0.731632,-0.560388,-0.388175][0.187339,0.333842,0][-0.122725,-0.36158,-0.210404][-0.521563,-0.770691,-0.366071][0.19806,0.316203,0][-0.122725,-0.36158,-0.210404][-0.521563,-0.770691,-0.366071][0.19806,0.316203,0][-0.129508,-0.36158,-0.144279][-0.583724,-0.809741,-0.0598817][0.200799,0.322929,0][-0.151172,-0.339789,-0.146764][-0.804226,-0.58857,-0.0824935][0.190539,0.33984,0][-0.129508,-0.36158,-0.144279][-0.583724,-0.809741,-0.0598817][0.200799,0.322929,0][-0.122725,-0.36158,-0.210404][-0.521563,-0.770691,-0.366071][0.19806,0.316203,0][-0.0954277,-0.37557,-0.207272][-0.257336,-0.905174,-0.338287][0.213677,0.302714,0][-0.0954277,-0.37557,-0.207272][-0.257336,-0.905174,-0.338287][0.213677,0.302714,0][-0.102211,-0.37557,-0.141148][-0.30617,-0.951459,-0.0314084][0.215754,0.309996,0][-0.129508,-0.36158,-0.144279][-0.583724,-0.809741,-0.0598817][0.200799,0.322929,0][-0.102211,-0.37557,-0.141148][-0.30617,-0.951459,-0.0314084][0.215754,0.309996,0][-0.0954277,-0.37557,-0.207272][-0.257336,-0.905174,-0.338287][0.213677,0.302714,0][-0.0651684,-0.380391,-0.203802][0.0349851,-0.950872,-0.307601][0.232672,0.294636,0][-0.0651684,-0.380391,-0.203802][0.0349851,-0.950872,-0.307601][0.232672,0.294636,0][-0.0719531,-0.380391,-0.137677][0.00117965,-0.999999,0.000120133][0.233947,0.30225,0][-0.102211,-0.37557,-0.141148][-0.30617,-0.951459,-0.0314084][0.215754,0.309996,0][-0.0719531,-0.380391,-0.137677][0.00117965,-0.999999,0.000120133][0.233947,0.30225,0][-0.0651684,-0.380391,-0.203802][0.0349851,-0.950872,-0.307601][0.232672,0.294636,0][-0.0349096,-0.37557,-0.20033][0.32682,-0.903599,-0.276943][0.253228,0.292721,0][-0.0349096,-0.37557,-0.20033][0.32682,-0.903599,-0.276943][0.253228,0.292721,0][-0.0416932,-0.37557,-0.134206][0.30831,-0.95076,0.031626][0.253639,0.300413,0][-0.0719531,-0.380391,-0.137677][0.00117965,-0.999999,0.000120133][0.233947,0.30225,0][-0.014395,-0.36158,-0.131075][-0.113948,5.7814e-006,0.993487][0.272955,0.304656,0][-0.0719531,-0.281896,-0.137677][-0.113957,0,0.993486][0.249644,0.363102,0][-0.0416932,-0.37557,-0.134206][-0.113956,1.20053e-006,0.993486][0.253639,0.300413,0][0.00726658,-0.33979,-0.128591][-0.113944,7.21441e-006,0.993487][0.290052,0.314589,0][-0.0719531,-0.281896,-0.137677][-0.113957,0,0.993486][0.249644,0.363102,0][-0.014395,-0.36158,-0.131075][-0.113948,5.7814e-006,0.993487][0.272955,0.304656,0][0.0211765,-0.312332,-0.126996][-0.113949,-5.19944e-006,0.993487][0.303283,0.329286,0][-0.0719531,-0.281896,-0.137677][-0.113957,0,0.993486][0.249644,0.363102,0][0.00726658,-0.33979,-0.128591][-0.113944,7.21441e-006,0.993487][0.290052,0.314589,0][0.0259682,-0.281896,-0.126446][-0.113952,0,0.993486][0.311345,0.347365,0][-0.0719531,-0.281896,-0.137677][-0.113957,0,0.993486][0.249644,0.363102,0][0.0211765,-0.312332,-0.126996][-0.113949,-5.19944e-006,0.993487][0.303283,0.329286,0][0.0211765,-0.251459,-0.126996][-0.113949,5.23385e-006,0.993487][0.313409,0.367093,0][-0.0719531,-0.281896,-0.137677][-0.113957,0,0.993486][0.249644,0.363102,0][0.0259682,-0.281896,-0.126446][-0.113952,0,0.993486][0.311345,0.347365,0][0.00726658,-0.224002,-0.128591][-0.113944,-7.18e-006,0.993487][0.309219,0.386551,0][-0.0719531,-0.281896,-0.137677][-0.113957,0,0.993486][0.249644,0.363102,0][0.0211765,-0.251459,-0.126996][-0.113949,5.23385e-006,0.993487][0.313409,0.367093,0][-0.014395,-0.202212,-0.131075][-0.113948,-5.74702e-006,0.993487][0.299136,0.403807,0][-0.0719531,-0.281896,-0.137677][-0.113957,0,0.993486][0.249644,0.363102,0][0.00726658,-0.224002,-0.128591][-0.113944,-7.18e-006,0.993487][0.309219,0.386551,0][-0.0416932,-0.188222,-0.134206][-0.113956,-1.16613e-006,0.993486][0.284119,0.417125,0][-0.0719531,-0.281896,-0.137677][-0.113957,0,0.993486][0.249644,0.363102,0][-0.014395,-0.202212,-0.131075][-0.113948,-5.74702e-006,0.993487][0.299136,0.403807,0][-0.0719531,-0.183401,-0.137677][-0.113963,0,0.993485][0.265647,0.425144,0][-0.0719531,-0.281896,-0.137677][-0.113957,0,0.993486][0.249644,0.363102,0][-0.0416932,-0.188222,-0.134206][-0.113956,-1.16613e-006,0.993486][0.284119,0.417125,0][-0.102211,-0.188222,-0.141148][-0.113961,1.89352e-006,0.993485][0.24557,0.427041,0][-0.0719531,-0.281896,-0.137677][-0.113957,0,0.993486][0.249644,0.363102,0][-0.0719531,-0.183401,-0.137677][-0.113963,0,0.993485][0.265647,0.425144,0][-0.129508,-0.202212,-0.144279][-0.113962,-1.35021e-006,0.993485][0.225906,0.422621,0][-0.0719531,-0.281896,-0.137677][-0.113957,0,0.993486][0.249644,0.363102,0][-0.102211,-0.188222,-0.141148][-0.113961,1.89352e-006,0.993485][0.24557,0.427041,0][-0.151172,-0.224001,-0.146764][-0.113965,-1.38966e-006,0.993485][0.208632,0.412342,0][-0.0719531,-0.281896,-0.137677][-0.113957,0,0.993486][0.249644,0.363102,0][-0.129508,-0.202212,-0.144279][-0.113962,-1.35021e-006,0.993485][0.225906,0.422621,0][-0.165079,-0.251459,-0.14836][-0.113961,6.10046e-006,0.993485][0.195464,0.39726,0][-0.0719531,-0.281896,-0.137677][-0.113957,0,0.993486][0.249644,0.363102,0][-0.151172,-0.224001,-0.146764][-0.113965,-1.38966e-006,0.993485][0.208632,0.412342,0][-0.169872,-0.281896,-0.148909][-0.11396,0,0.993485][0.187679,0.378908,0][-0.0719531,-0.281896,-0.137677][-0.113957,0,0.993486][0.249644,0.363102,0][-0.165079,-0.251459,-0.14836][-0.113961,6.10046e-006,0.993485][0.195464,0.39726,0][-0.165079,-0.312332,-0.14836][-0.113961,-6.06612e-006,0.993485][0.186002,0.359119,0][-0.0719531,-0.281896,-0.137677][-0.113957,0,0.993486][0.249644,0.363102,0][-0.169872,-0.281896,-0.148909][-0.11396,0,0.993485][0.187679,0.378908,0][-0.151172,-0.339789,-0.146764][-0.113965,1.42393e-006,0.993485][0.190539,0.33984,0][-0.0719531,-0.281896,-0.137677][-0.113957,0,0.993486][0.249644,0.363102,0][-0.165079,-0.312332,-0.14836][-0.113961,-6.06612e-006,0.993485][0.186002,0.359119,0][-0.129508,-0.36158,-0.144279][-0.113962,1.3845e-006,0.993485][0.200799,0.322929,0][-0.0719531,-0.281896,-0.137677][-0.113957,0,0.993486][0.249644,0.363102,0][-0.151172,-0.339789,-0.146764][-0.113965,1.42393e-006,0.993485][0.190539,0.33984,0][-0.102211,-0.37557,-0.141148][-0.113961,-1.85908e-006,0.993485][0.215754,0.309996,0][-0.0719531,-0.281896,-0.137677][-0.113957,0,0.993486][0.249644,0.363102,0][-0.129508,-0.36158,-0.144279][-0.113962,1.3845e-006,0.993485][0.200799,0.322929,0][-0.0719531,-0.380391,-0.137677][-0.113963,0,0.993485][0.233947,0.30225,0][-0.0719531,-0.281896,-0.137677][-0.113957,0,0.993486][0.249644,0.363102,0][-0.102211,-0.37557,-0.141148][-0.113961,-1.85908e-006,0.993485][0.215754,0.309996,0][-0.0416932,-0.37557,-0.134206][-0.113956,1.20053e-006,0.993486][0.253639,0.300413,0][-0.0719531,-0.281896,-0.137677][-0.113957,0,0.993486][0.249644,0.363102,0][-0.0719531,-0.380391,-0.137677][-0.113963,0,0.993485][0.233947,0.30225,0][-0.0476907,-0.324558,-0.238284][0.114003,-7.97619e-006,-0.99348][0.250668,0.324527,0][-0.0614696,-0.281896,-0.239865][0.113958,0,-0.993486][0.248707,0.355198,0][-0.0352573,-0.318186,-0.236857][0.113942,-4.31803e-005,-0.993487][0.260125,0.326613,0][-0.0352573,-0.318186,-0.236857][0.113942,-4.31803e-005,-0.993487][0.260125,0.326613,0][-0.0614696,-0.281896,-0.239865][0.113958,0,-0.993486][0.248707,0.355198,0][-0.0253916,-0.308262,-0.235727][0.113946,-1.37571e-005,-0.993487][0.26848,0.331491,0][-0.0253916,-0.308262,-0.235727][0.113946,-1.37571e-005,-0.993487][0.26848,0.331491,0][-0.0614696,-0.281896,-0.239865][0.113958,0,-0.993486][0.248707,0.355198,0][-0.019058,-0.295758,-0.235][0.113984,3.57757e-005,-0.993483][0.274921,0.338693,0][-0.019058,-0.295758,-0.235][0.113984,3.57757e-005,-0.993483][0.274921,0.338693,0][-0.0614696,-0.281896,-0.239865][0.113958,0,-0.993486][0.248707,0.355198,0][-0.0168753,-0.281896,-0.234749][0.113982,0,-0.993483][0.278814,0.347527,0][-0.0168753,-0.281896,-0.234749][0.113982,0,-0.993483][0.278814,0.347527,0][-0.0614696,-0.281896,-0.239865][0.113958,0,-0.993486][0.248707,0.355198,0][-0.019058,-0.268034,-0.235][0.113984,-3.581e-005,-0.993483][0.279771,0.357139,0][-0.019058,-0.268034,-0.235][0.113984,-3.581e-005,-0.993483][0.279771,0.357139,0][-0.0614696,-0.281896,-0.239865][0.113958,0,-0.993486][0.248707,0.355198,0][-0.0253916,-0.255529,-0.235727][0.113946,1.37237e-005,-0.993487][0.277684,0.366589,0][-0.0253916,-0.255529,-0.235727][0.113946,1.37237e-005,-0.993487][0.277684,0.366589,0][-0.0614696,-0.281896,-0.239865][0.113958,0,-0.993486][0.248707,0.355198,0][-0.0352573,-0.245606,-0.236857][0.113942,4.31464e-005,-0.993487][0.272745,0.374946,0][-0.0352573,-0.245606,-0.236857][0.113942,4.31464e-005,-0.993487][0.272745,0.374946,0][-0.0614696,-0.281896,-0.239865][0.113958,0,-0.993486][0.248707,0.355198,0][-0.0476907,-0.239234,-0.238284][0.114003,7.94175e-006,-0.99348][0.265432,0.381381,0][-0.0476907,-0.239234,-0.238284][0.114003,7.94175e-006,-0.99348][0.265432,0.381381,0][-0.0614696,-0.281896,-0.239865][0.113958,0,-0.993486][0.248707,0.355198,0][-0.0614696,-0.237038,-0.239865][0.113959,0,-0.993485][0.256464,0.385251,0][-0.0614696,-0.237038,-0.239865][0.113959,0,-0.993485][0.256464,0.385251,0][-0.0614696,-0.281896,-0.239865][0.113958,0,-0.993486][0.248707,0.355198,0][-0.0752508,-0.239234,-0.241445][0.113938,1.54544e-005,-0.993488][0.246726,0.386167,0][-0.0752508,-0.239234,-0.241445][0.113938,1.54544e-005,-0.993488][0.246726,0.386167,0][-0.0614696,-0.281896,-0.239865][0.113958,0,-0.993486][0.248707,0.355198,0][-0.0876809,-0.245606,-0.242871][0.113977,2.51642e-005,-0.993483][0.237187,0.384037,0][-0.0876809,-0.245606,-0.242871][0.113977,2.51642e-005,-0.993483][0.237187,0.384037,0][-0.0614696,-0.281896,-0.239865][0.113958,0,-0.993486][0.248707,0.355198,0][-0.0975477,-0.255529,-0.244004][0.113939,-2.28021e-005,-0.993488][0.22879,0.379078,0][-0.0975477,-0.255529,-0.244004][0.113939,-2.28021e-005,-0.993488][0.22879,0.379078,0][-0.0614696,-0.281896,-0.239865][0.113958,0,-0.993486][0.248707,0.355198,0][-0.103883,-0.268034,-0.244729][0.113927,-8.43576e-006,-0.993489][0.222364,0.371785,0][-0.103883,-0.268034,-0.244729][0.113927,-8.43576e-006,-0.993489][0.222364,0.371785,0][-0.0614696,-0.281896,-0.239865][0.113958,0,-0.993486][0.248707,0.355198,0][-0.106064,-0.281896,-0.24498][0.113945,0,-0.993487][0.218536,0.362885,0][-0.106064,-0.281896,-0.24498][0.113945,0,-0.993487][0.218536,0.362885,0][-0.0614696,-0.281896,-0.239865][0.113958,0,-0.993486][0.248707,0.355198,0][-0.103883,-0.295758,-0.244729][0.113927,8.40348e-006,-0.993489][0.217671,0.35326,0][-0.103883,-0.295758,-0.244729][0.113927,8.40348e-006,-0.993489][0.217671,0.35326,0][-0.0614696,-0.281896,-0.239865][0.113958,0,-0.993486][0.248707,0.355198,0][-0.0975477,-0.308262,-0.244004][0.113939,2.27689e-005,-0.993488][0.219842,0.343852,0][-0.0975477,-0.308262,-0.244004][0.113939,2.27689e-005,-0.993488][0.219842,0.343852,0][-0.0614696,-0.281896,-0.239865][0.113958,0,-0.993486][0.248707,0.355198,0][-0.0876809,-0.318186,-0.242871][0.113977,-2.51983e-005,-0.993483][0.224822,0.335577,0][-0.0876809,-0.318186,-0.242871][0.113977,-2.51983e-005,-0.993483][0.224822,0.335577,0][-0.0614696,-0.281896,-0.239865][0.113958,0,-0.993486][0.248707,0.355198,0][-0.0752508,-0.324558,-0.241445][0.113938,-1.54889e-005,-0.993488][0.23212,0.329234,0][-0.0752508,-0.324558,-0.241445][0.113938,-1.54889e-005,-0.993488][0.23212,0.329234,0][-0.0614696,-0.281896,-0.239865][0.113958,0,-0.993486][0.248707,0.355198,0][-0.0614696,-0.326752,-0.239865][0.113959,0,-0.993485][0.241023,0.325429,0][-0.0614696,-0.326752,-0.239865][0.113959,0,-0.993485][0.241023,0.325429,0][-0.0614696,-0.281896,-0.239865][0.113958,0,-0.993486][0.248707,0.355198,0][-0.0476907,-0.324558,-0.238284][0.114003,-7.97619e-006,-0.99348][0.250668,0.324527,0][-0.0349096,-0.37557,-0.20033][0.32682,-0.903599,-0.276943][0.253228,0.292721,0][-0.0381738,-0.357595,-0.22579][0.274404,-0.568765,-0.775376][0.252257,0.302307,0][-0.0161151,-0.346289,-0.22326][0.439518,-0.483131,-0.757237][0.268854,0.305954,0][-0.0161151,-0.346289,-0.22326][0.439518,-0.483131,-0.757237][0.268854,0.305954,0][-0.00761253,-0.36158,-0.1972][0.589707,-0.768147,-0.249392][0.273393,0.297144,0][-0.0349096,-0.37557,-0.20033][0.32682,-0.903599,-0.276943][0.253228,0.292721,0][-0.00761253,-0.36158,-0.1972][0.589707,-0.768147,-0.249392][0.273393,0.297144,0][-0.0161151,-0.346289,-0.22326][0.439518,-0.483131,-0.757237][0.268854,0.305954,0][0.00139064,-0.32868,-0.221252][0.570234,-0.350653,-0.742884][0.283537,0.314489,0][0.00139064,-0.32868,-0.221252][0.570234,-0.350653,-0.742884][0.283537,0.314489,0][0.0140513,-0.33979,-0.194714][0.798156,-0.55783,-0.227535][0.291244,0.307501,0][-0.00761253,-0.36158,-0.1972][0.589707,-0.768147,-0.249392][0.273393,0.297144,0][0.00139064,-0.32868,-0.221252][0.570234,-0.350653,-0.742884][0.283537,0.314489,0][0.0126315,-0.306492,-0.219963][0.654047,-0.18423,-0.733677][0.294888,0.327112,0][0.0279589,-0.312332,-0.193119][0.931908,-0.293189,-0.213511][0.305061,0.322829,0][0.0279589,-0.312332,-0.193119][0.931908,-0.293189,-0.213511][0.305061,0.322829,0][0.0140513,-0.33979,-0.194714][0.798156,-0.55783,-0.227535][0.291244,0.307501,0][0.00139064,-0.32868,-0.221252][0.570234,-0.350653,-0.742884][0.283537,0.314489,0][0.0126315,-0.306492,-0.219963][0.654047,-0.18423,-0.733677][0.294888,0.327112,0][0.016503,-0.281896,-0.219519][0.682874,9.08358e-006,-0.730536][0.301787,0.342626,0][0.0327517,-0.281896,-0.192569][0.977981,2.80228e-006,-0.208693][0.313485,0.341688,0][0.0327517,-0.281896,-0.192569][0.977981,2.80228e-006,-0.208693][0.313485,0.341688,0][0.0279589,-0.312332,-0.193119][0.931908,-0.293189,-0.213511][0.305061,0.322829,0][0.0126315,-0.306492,-0.219963][0.654047,-0.18423,-0.733677][0.294888,0.327112,0][0.016503,-0.281896,-0.219519][0.682874,9.08358e-006,-0.730536][0.301787,0.342626,0][0.0126315,-0.2573,-0.219963][0.654045,0.184215,-0.733682][0.303533,0.359543,0][0.0279589,-0.251459,-0.193119][0.931911,0.293184,-0.213507][0.315648,0.362274,0][0.0279589,-0.251459,-0.193119][0.931911,0.293184,-0.213507][0.315648,0.362274,0][0.0327517,-0.281896,-0.192569][0.977981,2.80228e-006,-0.208693][0.313485,0.341688,0][0.016503,-0.281896,-0.219519][0.682874,9.08358e-006,-0.730536][0.301787,0.342626,0][0.0126315,-0.2573,-0.219963][0.654045,0.184215,-0.733682][0.303533,0.359543,0][0.00139064,-0.235112,-0.221252][0.570226,0.350649,-0.742892][0.299913,0.376213,0][0.0140513,-0.224002,-0.194714][0.798156,0.557834,-0.227526][0.311279,0.382583,0][0.0140513,-0.224002,-0.194714][0.798156,0.557834,-0.227526][0.311279,0.382583,0][0.0279589,-0.251459,-0.193119][0.931911,0.293184,-0.213507][0.315648,0.362274,0][0.0126315,-0.2573,-0.219963][0.654045,0.184215,-0.733682][0.303533,0.359543,0][0.00139064,-0.235112,-0.221252][0.570226,0.350649,-0.742892][0.299913,0.376213,0][-0.0161151,-0.217503,-0.22326][0.439521,0.483137,-0.757232][0.291247,0.390985,0][-0.00761253,-0.202212,-0.1972][0.589702,0.76815,-0.249393][0.30075,0.4006,0][-0.00761253,-0.202212,-0.1972][0.589702,0.76815,-0.249393][0.30075,0.4006,0][0.0140513,-0.224002,-0.194714][0.798156,0.557834,-0.227526][0.311279,0.382583,0][0.00139064,-0.235112,-0.221252][0.570226,0.350649,-0.742892][0.299913,0.376213,0][-0.0161151,-0.217503,-0.22326][0.439521,0.483137,-0.757232][0.291247,0.390985,0][-0.0381738,-0.206197,-0.22579][0.274408,0.568764,-0.775376][0.278362,0.402379,0][-0.0349096,-0.188222,-0.20033][0.326822,0.9036,-0.276939][0.285065,0.414507,0][-0.0349096,-0.188222,-0.20033][0.326822,0.9036,-0.276939][0.285065,0.414507,0][-0.00761253,-0.202212,-0.1972][0.589702,0.76815,-0.249393][0.30075,0.4006,0][-0.0161151,-0.217503,-0.22326][0.439521,0.483137,-0.757232][0.291247,0.390985,0][-0.0381738,-0.206197,-0.22579][0.274408,0.568764,-0.775376][0.278362,0.402379,0][-0.0626259,-0.202301,-0.228595][0.0908323,0.599012,-0.795572][0.262525,0.409238,0][-0.0651684,-0.183401,-0.203802][0.0349863,0.950876,-0.307589][0.265767,0.422882,0][-0.0651684,-0.183401,-0.203802][0.0349863,0.950876,-0.307589][0.265767,0.422882,0][-0.0349096,-0.188222,-0.20033][0.326822,0.9036,-0.276939][0.285065,0.414507,0][-0.0381738,-0.206197,-0.22579][0.274408,0.568764,-0.775376][0.278362,0.402379,0][-0.0626259,-0.202301,-0.228595][0.0908323,0.599012,-0.795572][0.262525,0.409238,0][-0.0870786,-0.206197,-0.2314][-0.0933431,0.570671,-0.815857][0.245318,0.410861,0][-0.0954277,-0.188222,-0.207272][-0.257341,0.905175,-0.33828][0.244789,0.424864,0][-0.0954277,-0.188222,-0.207272][-0.257341,0.905175,-0.33828][0.244789,0.424864,0][-0.0651684,-0.183401,-0.203802][0.0349863,0.950876,-0.307589][0.265767,0.422882,0][-0.0626259,-0.202301,-0.228595][0.0908323,0.599012,-0.795572][0.262525,0.409238,0][-0.0870786,-0.206197,-0.2314][-0.0933431,0.570671,-0.815857][0.245318,0.410861,0][-0.109137,-0.217503,-0.23393][-0.260055,0.486193,-0.834259][0.228464,0.407082,0][-0.122725,-0.202212,-0.210404][-0.521557,0.770695,-0.366071][0.224246,0.420247,0][-0.122725,-0.202212,-0.210404][-0.521557,0.770695,-0.366071][0.224246,0.420247,0][-0.0954277,-0.188222,-0.207272][-0.257341,0.905175,-0.33828][0.244789,0.424864,0][-0.0870786,-0.206197,-0.2314][-0.0933431,0.570671,-0.815857][0.245318,0.410861,0][-0.109137,-0.217503,-0.23393][-0.260055,0.486193,-0.834259][0.228464,0.407082,0][-0.126644,-0.235112,-0.235938][-0.392745,0.353708,-0.848906][0.213651,0.398293,0][-0.144388,-0.224001,-0.212888][-0.731633,0.560387,-0.388175][0.206203,0.409513,0][-0.144388,-0.224001,-0.212888][-0.731633,0.560387,-0.388175][0.206203,0.409513,0][-0.122725,-0.202212,-0.210404][-0.521557,0.770695,-0.366071][0.224246,0.420247,0][-0.109137,-0.217503,-0.23393][-0.260055,0.486193,-0.834259][0.228464,0.407082,0][-0.126644,-0.235112,-0.235938][-0.392745,0.353708,-0.848906][0.213651,0.398293,0][-0.137883,-0.257299,-0.237228][-0.478128,0.186107,-0.858346][0.202347,0.385388,0][-0.158297,-0.251459,-0.214483][-0.866715,0.294769,-0.40239][0.192452,0.393766,0][-0.158297,-0.251459,-0.214483][-0.866715,0.294769,-0.40239][0.192452,0.393766,0][-0.144388,-0.224001,-0.212888][-0.731633,0.560387,-0.388175][0.206203,0.409513,0][-0.126644,-0.235112,-0.235938][-0.392745,0.353708,-0.848906][0.213651,0.398293,0][-0.137883,-0.257299,-0.237228][-0.478128,0.186107,-0.858346][0.202347,0.385388,0][-0.141755,-0.281896,-0.237672][-0.507576,-1.43449e-005,-0.861607][0.195652,0.369672,0][-0.16309,-0.281896,-0.215033][-0.913295,-2.28352e-006,-0.407299][0.184331,0.374608,0][-0.16309,-0.281896,-0.215033][-0.913295,-2.28352e-006,-0.407299][0.184331,0.374608,0][-0.158297,-0.251459,-0.214483][-0.866715,0.294769,-0.40239][0.192452,0.393766,0][-0.137883,-0.257299,-0.237228][-0.478128,0.186107,-0.858346][0.202347,0.385388,0][-0.141755,-0.281896,-0.237672][-0.507576,-1.43449e-005,-0.861607][0.195652,0.369672,0][-0.137883,-0.306492,-0.237226][-0.478132,-0.186112,-0.858343][0.194191,0.352712,0][-0.158297,-0.312332,-0.214483][-0.866711,-0.294766,-0.402399][0.18259,0.353957,0][-0.158297,-0.312332,-0.214483][-0.866711,-0.294766,-0.402399][0.18259,0.353957,0][-0.16309,-0.281896,-0.215033][-0.913295,-2.28352e-006,-0.407299][0.184331,0.374608,0][-0.141755,-0.281896,-0.237672][-0.507576,-1.43449e-005,-0.861607][0.195652,0.369672,0][-0.137883,-0.306492,-0.237226][-0.478132,-0.186112,-0.858343][0.194191,0.352712,0][-0.126644,-0.32868,-0.235938][-0.39276,-0.353694,-0.848905][0.198066,0.336172,0][-0.144388,-0.33979,-0.212888][-0.731632,-0.560388,-0.388175][0.187339,0.333842,0][-0.144388,-0.33979,-0.212888][-0.731632,-0.560388,-0.388175][0.187339,0.333842,0][-0.158297,-0.312332,-0.214483][-0.866711,-0.294766,-0.402399][0.18259,0.353957,0][-0.137883,-0.306492,-0.237226][-0.478132,-0.186112,-0.858343][0.194191,0.352712,0][-0.144388,-0.33979,-0.212888][-0.731632,-0.560388,-0.388175][0.187339,0.333842,0][-0.126644,-0.32868,-0.235938][-0.39276,-0.353694,-0.848905][0.198066,0.336172,0][-0.109137,-0.346289,-0.23393][-0.260055,-0.486198,-0.834256][0.206863,0.321654,0][-0.109137,-0.346289,-0.23393][-0.260055,-0.486198,-0.834256][0.206863,0.321654,0][-0.122725,-0.36158,-0.210404][-0.521563,-0.770691,-0.366071][0.19806,0.316203,0][-0.144388,-0.33979,-0.212888][-0.731632,-0.560388,-0.388175][0.187339,0.333842,0][-0.122725,-0.36158,-0.210404][-0.521563,-0.770691,-0.366071][0.19806,0.316203,0][-0.109137,-0.346289,-0.23393][-0.260055,-0.486198,-0.834256][0.206863,0.321654,0][-0.0870786,-0.357595,-0.2314][-0.0933255,-0.570672,-0.815858][0.219702,0.310543,0][-0.0870786,-0.357595,-0.2314][-0.0933255,-0.570672,-0.815858][0.219702,0.310543,0][-0.0954277,-0.37557,-0.207272][-0.257336,-0.905174,-0.338287][0.213677,0.302714,0][-0.122725,-0.36158,-0.210404][-0.521563,-0.770691,-0.366071][0.19806,0.316203,0][-0.0954277,-0.37557,-0.207272][-0.257336,-0.905174,-0.338287][0.213677,0.302714,0][-0.0870786,-0.357595,-0.2314][-0.0933255,-0.570672,-0.815858][0.219702,0.310543,0][-0.0626259,-0.361489,-0.228595][0.0908211,-0.598998,-0.795583][0.235334,0.303886,0][-0.0626259,-0.361489,-0.228595][0.0908211,-0.598998,-0.795583][0.235334,0.303886,0][-0.0651684,-0.380391,-0.203802][0.0349851,-0.950872,-0.307601][0.232672,0.294636,0][-0.0954277,-0.37557,-0.207272][-0.257336,-0.905174,-0.338287][0.213677,0.302714,0][-0.0651684,-0.380391,-0.203802][0.0349851,-0.950872,-0.307601][0.232672,0.294636,0][-0.0626259,-0.361489,-0.228595][0.0908211,-0.598998,-0.795583][0.235334,0.303886,0][-0.0381738,-0.357595,-0.22579][0.274404,-0.568765,-0.775376][0.252257,0.302307,0][-0.0381738,-0.357595,-0.22579][0.274404,-0.568765,-0.775376][0.252257,0.302307,0][-0.0349096,-0.37557,-0.20033][0.32682,-0.903599,-0.276943][0.253228,0.292721,0][-0.0651684,-0.380391,-0.203802][0.0349851,-0.950872,-0.307601][0.232672,0.294636,0][-0.0476907,-0.324558,-0.238284][0.203261,-0.294563,-0.933765][0.250668,0.324527,0][-0.0352573,-0.318186,-0.236857][0.288809,-0.2504,-0.924061][0.260125,0.326613,0][-0.0161151,-0.346289,-0.22326][0.439518,-0.483131,-0.757237][0.268854,0.305954,0][-0.0161151,-0.346289,-0.22326][0.439518,-0.483131,-0.757237][0.268854,0.305954,0][-0.0381738,-0.357595,-0.22579][0.274404,-0.568765,-0.775376][0.252257,0.302307,0][-0.0476907,-0.324558,-0.238284][0.203261,-0.294563,-0.933765][0.250668,0.324527,0][-0.0352573,-0.318186,-0.236857][0.288809,-0.2504,-0.924061][0.260125,0.326613,0][-0.0253916,-0.308262,-0.235727][0.356631,-0.181825,-0.916381][0.26848,0.331491,0][0.00139064,-0.32868,-0.221252][0.570234,-0.350653,-0.742884][0.283537,0.314489,0][0.00139064,-0.32868,-0.221252][0.570234,-0.350653,-0.742884][0.283537,0.314489,0][-0.0161151,-0.346289,-0.22326][0.439518,-0.483131,-0.757237][0.268854,0.305954,0][-0.0352573,-0.318186,-0.236857][0.288809,-0.2504,-0.924061][0.260125,0.326613,0][-0.0253916,-0.308262,-0.235727][0.356631,-0.181825,-0.916381][0.26848,0.331491,0][-0.019058,-0.295758,-0.235][0.400146,-0.0954969,-0.911462][0.274921,0.338693,0][0.0126315,-0.306492,-0.219963][0.654047,-0.18423,-0.733677][0.294888,0.327112,0][0.0126315,-0.306492,-0.219963][0.654047,-0.18423,-0.733677][0.294888,0.327112,0][0.00139064,-0.32868,-0.221252][0.570234,-0.350653,-0.742884][0.283537,0.314489,0][-0.0253916,-0.308262,-0.235727][0.356631,-0.181825,-0.916381][0.26848,0.331491,0][-0.019058,-0.295758,-0.235][0.400146,-0.0954969,-0.911462][0.274921,0.338693,0][-0.0168753,-0.281896,-0.234749][0.415118,4.33103e-006,-0.909767][0.278814,0.347527,0][0.016503,-0.281896,-0.219519][0.682874,9.08358e-006,-0.730536][0.301787,0.342626,0][0.016503,-0.281896,-0.219519][0.682874,9.08358e-006,-0.730536][0.301787,0.342626,0][0.0126315,-0.306492,-0.219963][0.654047,-0.18423,-0.733677][0.294888,0.327112,0][-0.019058,-0.295758,-0.235][0.400146,-0.0954969,-0.911462][0.274921,0.338693,0][-0.0168753,-0.281896,-0.234749][0.415118,4.33103e-006,-0.909767][0.278814,0.347527,0][-0.019058,-0.268034,-0.235][0.400159,0.0955139,-0.911455][0.279771,0.357139,0][0.0126315,-0.2573,-0.219963][0.654045,0.184215,-0.733682][0.303533,0.359543,0][0.0126315,-0.2573,-0.219963][0.654045,0.184215,-0.733682][0.303533,0.359543,0][0.016503,-0.281896,-0.219519][0.682874,9.08358e-006,-0.730536][0.301787,0.342626,0][-0.0168753,-0.281896,-0.234749][0.415118,4.33103e-006,-0.909767][0.278814,0.347527,0][-0.019058,-0.268034,-0.235][0.400159,0.0955139,-0.911455][0.279771,0.357139,0][-0.0253916,-0.255529,-0.235727][0.356653,0.181795,-0.916378][0.277684,0.366589,0][0.00139064,-0.235112,-0.221252][0.570226,0.350649,-0.742892][0.299913,0.376213,0][0.00139064,-0.235112,-0.221252][0.570226,0.350649,-0.742892][0.299913,0.376213,0][0.0126315,-0.2573,-0.219963][0.654045,0.184215,-0.733682][0.303533,0.359543,0][-0.019058,-0.268034,-0.235][0.400159,0.0955139,-0.911455][0.279771,0.357139,0][-0.0253916,-0.255529,-0.235727][0.356653,0.181795,-0.916378][0.277684,0.366589,0][-0.0352573,-0.245606,-0.236857][0.288782,0.250396,-0.924071][0.272745,0.374946,0][-0.0161151,-0.217503,-0.22326][0.439521,0.483137,-0.757232][0.291247,0.390985,0][-0.0161151,-0.217503,-0.22326][0.439521,0.483137,-0.757232][0.291247,0.390985,0][0.00139064,-0.235112,-0.221252][0.570226,0.350649,-0.742892][0.299913,0.376213,0][-0.0253916,-0.255529,-0.235727][0.356653,0.181795,-0.916378][0.277684,0.366589,0][-0.0352573,-0.245606,-0.236857][0.288782,0.250396,-0.924071][0.272745,0.374946,0][-0.0476907,-0.239234,-0.238284][0.203255,0.294581,-0.933761][0.265432,0.381381,0][-0.0381738,-0.206197,-0.22579][0.274408,0.568764,-0.775376][0.278362,0.402379,0][-0.0381738,-0.206197,-0.22579][0.274408,0.568764,-0.775376][0.278362,0.402379,0][-0.0161151,-0.217503,-0.22326][0.439521,0.483137,-0.757232][0.291247,0.390985,0][-0.0352573,-0.245606,-0.236857][0.288782,0.250396,-0.924071][0.272745,0.374946,0][-0.0476907,-0.239234,-0.238284][0.203255,0.294581,-0.933761][0.265432,0.381381,0][-0.0614696,-0.237038,-0.239865][0.108237,0.310042,-0.944542][0.256464,0.385251,0][-0.0626259,-0.202301,-0.228595][0.0908323,0.599012,-0.795572][0.262525,0.409238,0][-0.0626259,-0.202301,-0.228595][0.0908323,0.599012,-0.795572][0.262525,0.409238,0][-0.0381738,-0.206197,-0.22579][0.274408,0.568764,-0.775376][0.278362,0.402379,0][-0.0476907,-0.239234,-0.238284][0.203255,0.294581,-0.933761][0.265432,0.381381,0][-0.0614696,-0.237038,-0.239865][0.108237,0.310042,-0.944542][0.256464,0.385251,0][-0.0752508,-0.239234,-0.241445][0.0129714,0.295126,-0.95537][0.246726,0.386167,0][-0.0870786,-0.206197,-0.2314][-0.0933431,0.570671,-0.815857][0.245318,0.410861,0][-0.0870786,-0.206197,-0.2314][-0.0933431,0.570671,-0.815857][0.245318,0.410861,0][-0.0626259,-0.202301,-0.228595][0.0908323,0.599012,-0.795572][0.262525,0.409238,0][-0.0614696,-0.237038,-0.239865][0.108237,0.310042,-0.944542][0.256464,0.385251,0][-0.0752508,-0.239234,-0.241445][0.0129714,0.295126,-0.95537][0.246726,0.386167,0][-0.0876809,-0.245606,-0.242871][-0.073041,0.251311,-0.965147][0.237187,0.384037,0][-0.109137,-0.217503,-0.23393][-0.260055,0.486193,-0.834259][0.228464,0.407082,0][-0.109137,-0.217503,-0.23393][-0.260055,0.486193,-0.834259][0.228464,0.407082,0][-0.0870786,-0.206197,-0.2314][-0.0933431,0.570671,-0.815857][0.245318,0.410861,0][-0.0752508,-0.239234,-0.241445][0.0129714,0.295126,-0.95537][0.246726,0.386167,0][-0.0876809,-0.245606,-0.242871][-0.073041,0.251311,-0.965147][0.237187,0.384037,0][-0.0975477,-0.255529,-0.244004][-0.141457,0.182718,-0.972936][0.22879,0.379078,0][-0.126644,-0.235112,-0.235938][-0.392745,0.353708,-0.848906][0.213651,0.398293,0][-0.126644,-0.235112,-0.235938][-0.392745,0.353708,-0.848906][0.213651,0.398293,0][-0.109137,-0.217503,-0.23393][-0.260055,0.486193,-0.834259][0.228464,0.407082,0][-0.0876809,-0.245606,-0.242871][-0.073041,0.251311,-0.965147][0.237187,0.384037,0][-0.0975477,-0.255529,-0.244004][-0.141457,0.182718,-0.972936][0.22879,0.379078,0][-0.103883,-0.268034,-0.244729][-0.18544,0.0960695,-0.977948][0.222364,0.371785,0][-0.137883,-0.257299,-0.237228][-0.478128,0.186107,-0.858346][0.202347,0.385388,0][-0.137883,-0.257299,-0.237228][-0.478128,0.186107,-0.858346][0.202347,0.385388,0][-0.126644,-0.235112,-0.235938][-0.392745,0.353708,-0.848906][0.213651,0.398293,0][-0.0975477,-0.255529,-0.244004][-0.141457,0.182718,-0.972936][0.22879,0.379078,0][-0.103883,-0.268034,-0.244729][-0.18544,0.0960695,-0.977948][0.222364,0.371785,0][-0.106064,-0.281896,-0.24498][-0.200607,-3.204e-006,-0.979672][0.218536,0.362885,0][-0.141755,-0.281896,-0.237672][-0.507576,-1.43449e-005,-0.861607][0.195652,0.369672,0][-0.141755,-0.281896,-0.237672][-0.507576,-1.43449e-005,-0.861607][0.195652,0.369672,0][-0.137883,-0.257299,-0.237228][-0.478128,0.186107,-0.858346][0.202347,0.385388,0][-0.103883,-0.268034,-0.244729][-0.18544,0.0960695,-0.977948][0.222364,0.371785,0][-0.106064,-0.281896,-0.24498][-0.200607,-3.204e-006,-0.979672][0.218536,0.362885,0][-0.103883,-0.295758,-0.244729][-0.185464,-0.0960899,-0.977942][0.217671,0.35326,0][-0.137883,-0.306492,-0.237226][-0.478132,-0.186112,-0.858343][0.194191,0.352712,0][-0.137883,-0.306492,-0.237226][-0.478132,-0.186112,-0.858343][0.194191,0.352712,0][-0.141755,-0.281896,-0.237672][-0.507576,-1.43449e-005,-0.861607][0.195652,0.369672,0][-0.106064,-0.281896,-0.24498][-0.200607,-3.204e-006,-0.979672][0.218536,0.362885,0][-0.103883,-0.295758,-0.244729][-0.185464,-0.0960899,-0.977942][0.217671,0.35326,0][-0.0975477,-0.308262,-0.244004][-0.141473,-0.1827,-0.972937][0.219842,0.343852,0][-0.126644,-0.32868,-0.235938][-0.39276,-0.353694,-0.848905][0.198066,0.336172,0][-0.126644,-0.32868,-0.235938][-0.39276,-0.353694,-0.848905][0.198066,0.336172,0][-0.137883,-0.306492,-0.237226][-0.478132,-0.186112,-0.858343][0.194191,0.352712,0][-0.103883,-0.295758,-0.244729][-0.185464,-0.0960899,-0.977942][0.217671,0.35326,0][-0.0975477,-0.308262,-0.244004][-0.141473,-0.1827,-0.972937][0.219842,0.343852,0][-0.0876809,-0.318186,-0.242871][-0.0730307,-0.251301,-0.96515][0.224822,0.335577,0][-0.109137,-0.346289,-0.23393][-0.260055,-0.486198,-0.834256][0.206863,0.321654,0][-0.109137,-0.346289,-0.23393][-0.260055,-0.486198,-0.834256][0.206863,0.321654,0][-0.126644,-0.32868,-0.235938][-0.39276,-0.353694,-0.848905][0.198066,0.336172,0][-0.0975477,-0.308262,-0.244004][-0.141473,-0.1827,-0.972937][0.219842,0.343852,0][-0.0876809,-0.318186,-0.242871][-0.0730307,-0.251301,-0.96515][0.224822,0.335577,0][-0.0752508,-0.324558,-0.241445][0.0130009,-0.295152,-0.955362][0.23212,0.329234,0][-0.0870786,-0.357595,-0.2314][-0.0933255,-0.570672,-0.815858][0.219702,0.310543,0][-0.0870786,-0.357595,-0.2314][-0.0933255,-0.570672,-0.815858][0.219702,0.310543,0][-0.109137,-0.346289,-0.23393][-0.260055,-0.486198,-0.834256][0.206863,0.321654,0][-0.0876809,-0.318186,-0.242871][-0.0730307,-0.251301,-0.96515][0.224822,0.335577,0][-0.0752508,-0.324558,-0.241445][0.0130009,-0.295152,-0.955362][0.23212,0.329234,0][-0.0614696,-0.326752,-0.239865][0.108197,-0.310046,-0.944545][0.241023,0.325429,0][-0.0626259,-0.361489,-0.228595][0.0908211,-0.598998,-0.795583][0.235334,0.303886,0][-0.0626259,-0.361489,-0.228595][0.0908211,-0.598998,-0.795583][0.235334,0.303886,0][-0.0870786,-0.357595,-0.2314][-0.0933255,-0.570672,-0.815858][0.219702,0.310543,0][-0.0752508,-0.324558,-0.241445][0.0130009,-0.295152,-0.955362][0.23212,0.329234,0][-0.0614696,-0.326752,-0.239865][0.108197,-0.310046,-0.944545][0.241023,0.325429,0][-0.0476907,-0.324558,-0.238284][0.203261,-0.294563,-0.933765][0.250668,0.324527,0][-0.0381738,-0.357595,-0.22579][0.274404,-0.568765,-0.775376][0.252257,0.302307,0][-0.0381738,-0.357595,-0.22579][0.274404,-0.568765,-0.775376][0.252257,0.302307,0][-0.0626259,-0.361489,-0.228595][0.0908211,-0.598998,-0.795583][0.235334,0.303886,0][-0.0614696,-0.326752,-0.239865][0.108197,-0.310046,-0.944545][0.241023,0.325429,0][-0.0352573,-0.318186,-0.236857][-1,1.50996e-007,0][0.260125,0.326613,0][-0.0352573,-0.318186,-0.236857][-1,1.50996e-007,0][0.260125,0.326613,0][-0.0476907,-0.324558,-0.238284][-1,1.50996e-007,0][0.250668,0.324527,0][-0.0476907,-0.324558,-0.238284][-1,1.50996e-007,0][0.250668,0.324527,0][-0.0476907,-0.324558,-0.238284][-1,1.50996e-007,0][0.250668,0.324527,0][-0.0352573,-0.318186,-0.236857][-1,1.50996e-007,0][0.260125,0.326613,0][-0.0253916,-0.308262,-0.235727][-1,1.50996e-007,0][0.26848,0.331491,0][-0.0253916,-0.308262,-0.235727][-1,1.50996e-007,0][0.26848,0.331491,0][-0.0352573,-0.318186,-0.236857][-1,1.50996e-007,0][0.260125,0.326613,0][-0.0352573,-0.318186,-0.236857][-1,1.50996e-007,0][0.260125,0.326613,0][-0.0352573,-0.318186,-0.236857][-1,1.50996e-007,0][0.260125,0.326613,0][-0.0253916,-0.308262,-0.235727][-1,1.50996e-007,0][0.26848,0.331491,0][-0.019058,-0.295758,-0.235][-1,1.50996e-007,0][0.274921,0.338693,0][-0.019058,-0.295758,-0.235][-1,1.50996e-007,0][0.274921,0.338693,0][-0.0253916,-0.308262,-0.235727][-1,1.50996e-007,0][0.26848,0.331491,0][-0.0253916,-0.308262,-0.235727][-1,1.50996e-007,0][0.26848,0.331491,0][-0.0253916,-0.308262,-0.235727][-1,1.50996e-007,0][0.26848,0.331491,0][-0.019058,-0.295758,-0.235][-1,1.50996e-007,0][0.274921,0.338693,0][-0.0168753,-0.281896,-0.234749][-1,1.50996e-007,0][0.278814,0.347527,0][-0.0168753,-0.281896,-0.234749][-1,1.50996e-007,0][0.278814,0.347527,0][-0.019058,-0.295758,-0.235][-1,1.50996e-007,0][0.274921,0.338693,0][-0.019058,-0.295758,-0.235][-1,1.50996e-007,0][0.274921,0.338693,0][-0.019058,-0.295758,-0.235][-1,1.50996e-007,0][0.274921,0.338693,0][-0.0168753,-0.281896,-0.234749][-1,1.50996e-007,0][0.278814,0.347527,0][-0.019058,-0.268034,-0.235][-1,1.50996e-007,0][0.279771,0.357139,0][-0.019058,-0.268034,-0.235][-1,1.50996e-007,0][0.279771,0.357139,0][-0.0168753,-0.281896,-0.234749][-1,1.50996e-007,0][0.278814,0.347527,0][-0.0168753,-0.281896,-0.234749][-1,1.50996e-007,0][0.278814,0.347527,0][-0.0168753,-0.281896,-0.234749][-1,1.50996e-007,0][0.278814,0.347527,0][-0.019058,-0.268034,-0.235][-1,1.50996e-007,0][0.279771,0.357139,0][-0.0253916,-0.255529,-0.235727][-1,1.50996e-007,0][0.277684,0.366589,0][-0.0253916,-0.255529,-0.235727][-1,1.50996e-007,0][0.277684,0.366589,0][-0.019058,-0.268034,-0.235][-1,1.50996e-007,0][0.279771,0.357139,0][-0.019058,-0.268034,-0.235][-1,1.50996e-007,0][0.279771,0.357139,0][-0.019058,-0.268034,-0.235][-1,1.50996e-007,0][0.279771,0.357139,0][-0.0253916,-0.255529,-0.235727][-1,1.50996e-007,0][0.277684,0.366589,0][-0.0352573,-0.245606,-0.236857][-1,1.50996e-007,0][0.272745,0.374946,0][-0.0352573,-0.245606,-0.236857][-1,1.50996e-007,0][0.272745,0.374946,0][-0.0253916,-0.255529,-0.235727][-1,1.50996e-007,0][0.277684,0.366589,0][-0.0253916,-0.255529,-0.235727][-1,1.50996e-007,0][0.277684,0.366589,0][-0.0253916,-0.255529,-0.235727][-1,1.50996e-007,0][0.277684,0.366589,0][-0.0352573,-0.245606,-0.236857][-1,1.50996e-007,0][0.272745,0.374946,0][-0.0476907,-0.239234,-0.238284][-1,1.50996e-007,0][0.265432,0.381381,0][-0.0476907,-0.239234,-0.238284][-1,1.50996e-007,0][0.265432,0.381381,0][-0.0352573,-0.245606,-0.236857][-1,1.50996e-007,0][0.272745,0.374946,0][-0.0352573,-0.245606,-0.236857][-1,1.50996e-007,0][0.272745,0.374946,0][-0.0352573,-0.245606,-0.236857][-1,1.50996e-007,0][0.272745,0.374946,0][-0.0476907,-0.239234,-0.238284][-1,1.50996e-007,0][0.265432,0.381381,0][-0.0614696,-0.237038,-0.239865][-1,1.50996e-007,0][0.256464,0.385251,0][-0.0614696,-0.237038,-0.239865][-1,1.50996e-007,0][0.256464,0.385251,0][-0.0476907,-0.239234,-0.238284][-1,1.50996e-007,0][0.265432,0.381381,0][-0.0476907,-0.239234,-0.238284][-1,1.50996e-007,0][0.265432,0.381381,0][-0.0476907,-0.239234,-0.238284][-1,1.50996e-007,0][0.265432,0.381381,0][-0.0614696,-0.237038,-0.239865][-1,1.50996e-007,0][0.256464,0.385251,0][-0.0752508,-0.239234,-0.241445][-1,1.50996e-007,0][0.246726,0.386167,0][-0.0752508,-0.239234,-0.241445][-1,1.50996e-007,0][0.246726,0.386167,0][-0.0614696,-0.237038,-0.239865][-1,1.50996e-007,0][0.256464,0.385251,0][-0.0614696,-0.237038,-0.239865][-1,1.50996e-007,0][0.256464,0.385251,0][-0.0614696,-0.237038,-0.239865][-1,1.50996e-007,0][0.256464,0.385251,0][-0.0752508,-0.239234,-0.241445][-1,1.50996e-007,0][0.246726,0.386167,0][-0.0876809,-0.245606,-0.242871][-1,1.50996e-007,0][0.237187,0.384037,0][-0.0876809,-0.245606,-0.242871][-1,1.50996e-007,0][0.237187,0.384037,0][-0.0752508,-0.239234,-0.241445][-1,1.50996e-007,0][0.246726,0.386167,0][-0.0752508,-0.239234,-0.241445][-1,1.50996e-007,0][0.246726,0.386167,0][-0.0752508,-0.239234,-0.241445][-1,1.50996e-007,0][0.246726,0.386167,0][-0.0876809,-0.245606,-0.242871][-1,1.50996e-007,0][0.237187,0.384037,0][-0.0975477,-0.255529,-0.244004][-1,1.50996e-007,0][0.22879,0.379078,0][-0.0975477,-0.255529,-0.244004][-1,1.50996e-007,0][0.22879,0.379078,0][-0.0876809,-0.245606,-0.242871][-1,1.50996e-007,0][0.237187,0.384037,0][-0.0876809,-0.245606,-0.242871][-1,1.50996e-007,0][0.237187,0.384037,0][-0.0876809,-0.245606,-0.242871][-1,1.50996e-007,0][0.237187,0.384037,0][-0.0975477,-0.255529,-0.244004][-1,1.50996e-007,0][0.22879,0.379078,0][-0.103883,-0.268034,-0.244729][-1,1.50996e-007,0][0.222364,0.371785,0][-0.103883,-0.268034,-0.244729][-1,1.50996e-007,0][0.222364,0.371785,0][-0.0975477,-0.255529,-0.244004][-1,1.50996e-007,0][0.22879,0.379078,0][-0.0975477,-0.255529,-0.244004][-1,1.50996e-007,0][0.22879,0.379078,0][-0.0975477,-0.255529,-0.244004][-1,1.50996e-007,0][0.22879,0.379078,0][-0.103883,-0.268034,-0.244729][-1,1.50996e-007,0][0.222364,0.371785,0][-0.106064,-0.281896,-0.24498][-1,1.50996e-007,0][0.218536,0.362885,0][-0.106064,-0.281896,-0.24498][-1,1.50996e-007,0][0.218536,0.362885,0][-0.103883,-0.268034,-0.244729][-1,1.50996e-007,0][0.222364,0.371785,0][-0.103883,-0.268034,-0.244729][-1,1.50996e-007,0][0.222364,0.371785,0][-0.103883,-0.268034,-0.244729][-1,1.50996e-007,0][0.222364,0.371785,0][-0.106064,-0.281896,-0.24498][-1,1.50996e-007,0][0.218536,0.362885,0][-0.103883,-0.295758,-0.244729][-1,1.50996e-007,0][0.217671,0.35326,0][-0.103883,-0.295758,-0.244729][-1,1.50996e-007,0][0.217671,0.35326,0][-0.106064,-0.281896,-0.24498][-1,1.50996e-007,0][0.218536,0.362885,0][-0.106064,-0.281896,-0.24498][-1,1.50996e-007,0][0.218536,0.362885,0][-0.106064,-0.281896,-0.24498][-1,1.50996e-007,0][0.218536,0.362885,0][-0.103883,-0.295758,-0.244729][-1,1.50996e-007,0][0.217671,0.35326,0][-0.0975477,-0.308262,-0.244004][-1,1.50996e-007,0][0.219842,0.343852,0][-0.0975477,-0.308262,-0.244004][-1,1.50996e-007,0][0.219842,0.343852,0][-0.103883,-0.295758,-0.244729][-1,1.50996e-007,0][0.217671,0.35326,0][-0.103883,-0.295758,-0.244729][-1,1.50996e-007,0][0.217671,0.35326,0][-0.103883,-0.295758,-0.244729][-1,1.50996e-007,0][0.217671,0.35326,0][-0.0975477,-0.308262,-0.244004][-1,1.50996e-007,0][0.219842,0.343852,0][-0.0876809,-0.318186,-0.242871][-1,1.50996e-007,0][0.224822,0.335577,0][-0.0876809,-0.318186,-0.242871][-1,1.50996e-007,0][0.224822,0.335577,0][-0.0975477,-0.308262,-0.244004][-1,1.50996e-007,0][0.219842,0.343852,0][-0.0975477,-0.308262,-0.244004][-1,1.50996e-007,0][0.219842,0.343852,0][-0.0975477,-0.308262,-0.244004][-1,1.50996e-007,0][0.219842,0.343852,0][-0.0876809,-0.318186,-0.242871][-1,1.50996e-007,0][0.224822,0.335577,0][-0.0752508,-0.324558,-0.241445][-1,1.50996e-007,0][0.23212,0.329234,0][-0.0752508,-0.324558,-0.241445][-1,1.50996e-007,0][0.23212,0.329234,0][-0.0876809,-0.318186,-0.242871][-1,1.50996e-007,0][0.224822,0.335577,0][-0.0876809,-0.318186,-0.242871][-1,1.50996e-007,0][0.224822,0.335577,0][-0.0876809,-0.318186,-0.242871][-1,1.50996e-007,0][0.224822,0.335577,0][-0.0752508,-0.324558,-0.241445][-1,1.50996e-007,0][0.23212,0.329234,0][-0.0614696,-0.326752,-0.239865][-1,1.50996e-007,0][0.241023,0.325429,0][-0.0614696,-0.326752,-0.239865][-1,1.50996e-007,0][0.241023,0.325429,0][-0.0752508,-0.324558,-0.241445][-1,1.50996e-007,0][0.23212,0.329234,0][-0.0752508,-0.324558,-0.241445][-1,1.50996e-007,0][0.23212,0.329234,0][-0.0752508,-0.324558,-0.241445][-1,1.50996e-007,0][0.23212,0.329234,0][-0.0614696,-0.326752,-0.239865][-1,1.50996e-007,0][0.241023,0.325429,0][-0.0476907,-0.324558,-0.238284][-1,1.50996e-007,0][0.250668,0.324527,0][-0.0476907,-0.324558,-0.238284][-1,1.50996e-007,0][0.250668,0.324527,0][-0.0614696,-0.326752,-0.239865][-1,1.50996e-007,0][0.241023,0.325429,0][-0.0614696,-0.326752,-0.239865][-1,1.50996e-007,0][0.241023,0.325429,0][-0.0614696,-0.326752,-0.239865][-1,1.50996e-007,0][0.241023,0.325429,0][-0.0476907,-0.324558,-0.238284][-1,1.50996e-007,0][0.250668,0.324527,0]